State,Centre,Rice,Broken Rice,Wheat,Atta (Wheat),Gram Dal,Tur/Arhar Dal,Urad Dal,Moong Dal,Masoor Dal,Sugar,Milk @,Groundnut Oil (Packed),Mustard Oil (Packed),Vanaspati (Packed),Soya Oil (Packed),Sunflower Oil (Packed),Palm Oil (Packed),Gur,Tea Loose,Salt Pack (Iodised),Potato,Onion,Tomato,Bajra (whole),Jowar (whole),Maida (wheat),Ragi (whole),Suji (whole),Besan,Desi Ghee,Butter (Pasteurised),Eggs,Brinjal,Black Pepper (whole),Coriander (whole),Cummin Seed (whole),Red Chillies (whole),Turmeric (powder),Banana,Ginger,Garlic,Date
Unit,Qty,1 Kg,1 Kg,1 Kg,1 Kg,1 Kg,1 Kg,1 Kg,1 Kg,1 Kg,1 Kg,1 ltr,1 Kg,1 Kg,1 Kg,1 Kg,1 Kg,1 Kg,1 Kg,1 Kg,1 Kg,1 Kg,1 Kg,1 Kg,1 Kg,1 Kg,1 Kg,1 Kg,1 Kg,1 Kg,1 Kg,100 gm,Dozen,1 Kg,100 gm,250 gm,100 gm,100 gm,50 gm,1 Kg,100 gm,100 gm,2023-10-17
Average Price,Average Price,42.66,,30.29,35.6,82.62,151.8,118.97,115.87,94.22,44.03,58.37,193.24,138.36,127.66,124.66,124.41,100.55,53.33,280.55,22.27,24.49,34.93,28.93,,,,,,,,,,,,,,,,,,,2023-10-17
Maximum Price,Maximum Price,70,,58,70,133,215,176,176,150,70,80,257,258,220,200,244,198,163,559,32,57,63,83,,,,,,,,,,,,,,,,,,,2023-10-17
Minimum Price,Minimum Price,23,,21,27,58,87,85,87,70,37,40,128,106,93,95,101,78,35,168,9,11,15,10,,,,,,,,,,,,,,,,,,,2023-10-17
Modal Price,Modal Price,40,,28,35,80,160,120,120,90,42,60,200,140,125,110,125,100,50,280,28,20,40,20,,,,,,,,,,,,,,,,,,,2023-10-17
NORTH ZONE,NORTH ZONE,,,,,,,,,,,,,,,,,,,,,,,,,,,,,,,,,,,,,,,,,,2023-10-17
Chandigarh,Chandigarh,42,,32,36,80,135,115,113,94,43,59,192,150,128,130,148,107,51,276,27,25,34,29,,,,,,,,,,,,,,,,,,,2023-10-17
Delhi,Delhi,39,,28,31,88,177,133,123,90,43,53,216,143,126,124,139,99,58,243,26,27,40,27,,,,,,,,,,,,,,,,,,,2023-10-17
Haryana,Hisar,32,,26,28,75,158,105,108,77,42,57,188,106,106,103,125,89,44,264,25,12,33,20,,,,,,,,,,,,,,,,,,,2023-10-17
Haryana,Karnal,60,,28,38,85,125,122,120,122,43,66,NR,NR,NR,NR,NR,NR,50,279,30,NR,NR,NR,,,,,,,,,,,,,,,,,,,2023-10-17
Haryana,Panchkula,30,,27,31,76,125,98,99,89,43,58,170,138,145,125,139,99,55,215,28,21,27,29,,,,,,,,,,,,,,,,,,,2023-10-17
Haryana,Gurgaon,40,,25,35,65,100,95,90,88,42,56,185,165,130,137,163,100,44,190,20,15,20,30,,,,,,,,,,,,,,,,,,,2023-10-17
Himachal Pradesh,Shimla,42,,NR,36,90,169,147,130,90,49,60,220,166,143,132,NR,NR,55,210,28,30,37,30,,,,,,,,,,,,,,,,,,,2023-10-17
Himachal Pradesh,Mandi,38,,NR,34,90,167,135,122,87,46,47,214,161,134,119,155,116,47,270,28,34,35,22,,,,,,,,,,,,,,,,,,,2023-10-17
Himachal Pradesh,Dharamshala,28,,NR,30,80,152,119,118,92,44,40,NR,160,142,143,NR,NR,46,217,28,25,34,22,,,,,,,,,,,,,,,,,,,2023-10-17
Himachal Pradesh,Solan,39,,NR,32,89,166,124,120,92,45,49,214,158,130,119,132,NR,53,220,28,35,40,25,,,,,,,,,,,,,,,,,,,2023-10-17
Himachal Pradesh,Una,39,,NR,30,89,152,119,117,87,44,60,NR,141,123,115,NR,NR,45,237,28,21,40,28,,,,,,,,,,,,,,,,,,,2023-10-17
Himachal Pradesh,Bilaspur-hp,44,,NR,30,85,160,132,121,91,45,58,NR,159,133,131,NR,NR,46,318,27,38,40,27,,,,,,,,,,,,,,,,,,,2023-10-17
Himachal Pradesh,Chamba,36,,NR,33,89,144,125,122,88,46,55,NR,158,135,124,164,101,46,228,28,22,35,35,,,,,,,,,,,,,,,,,,,2023-10-17
Himachal Pradesh,Hamirpur-HP,39,,NR,31,86,150,126,118,99,46,65,NR,162,131,NR,NR,NR,55,265,28,36,37,29,,,,,,,,,,,,,,,,,,,2023-10-17
Himachal Pradesh,Kullu,40,,NR,32,86,176,124,113,87,45,40,NR,154,129,115,141,NR,48,230,28,30,40,30,,,,,,,,,,,,,,,,,,,2023-10-17
Himachal Pradesh,Sirmour,37,,21,34,62,110,97,91,96,42,50,228,165,135,143,155,121,41,327,25,29,24,27,,,,,,,,,,,,,,,,,,,2023-10-17
Himachal Pradesh,Kinnaur,40,,NR,34,84,148,120,107,81,46,45,NR,141,138,125,132,NR,48,206,27,27,40,40,,,,,,,,,,,,,,,,,,,2023-10-17
Himachal Pradesh,Lahaul & Spiti,38,,NR,37,85,150,130,120,100,50,70,NR,193,157,NR,NR,NR,55,365,28,40,50,47,,,,,,,,,,,,,,,,,,,2023-10-17
Jammu and Kashmir,Srinagar,41,,42,57,95,120,120,120,103,50,48,243,155,146,135,198,NR,49,355,28,33,40,33,,,,,,,,,,,,,,,,,,,2023-10-17
Jammu and Kashmir,Jammu,37,,29,34,86,169,126,120,102,49,50,NR,148,130,130,142,100,53,280,28,25,35,27,,,,,,,,,,,,,,,,,,,2023-10-17
Jammu and Kashmir,Poonch,44,,27,38,77,118,119,110,100,48,64,NR,180,153,167,170,156,46,306,20,22,34,31,,,,,,,,,,,,,,,,,,,2023-10-17
Jammu and Kashmir,Kupwara,36,,26,33,90,110,110,120,100,60,48,NR,148,145,145,148,142,48,307,24,25,45,37,,,,,,,,,,,,,,,,,,,2023-10-17
Jammu and Kashmir,Udhampur,NR,,NR,NR,NR,NR,NR,NR,NR,NR,NR,NR,NR,NR,NR,NR,NR,NR,NR,NR,NR,NR,NR,,,,,,,,,,,,,,,,,,,2023-10-17
Jammu and Kashmir,Shopian,NR,,NR,NR,NR,NR,NR,NR,NR,NR,NR,NR,NR,NR,NR,NR,NR,NR,NR,NR,NR,NR,NR,,,,,,,,,,,,,,,,,,,2023-10-17
Jammu and Kashmir,Samba,NR,,NR,NR,NR,NR,NR,NR,NR,NR,NR,NR,NR,NR,NR,NR,NR,NR,NR,NR,NR,NR,NR,,,,,,,,,,,,,,,,,,,2023-10-17
Jammu and Kashmir,Ramban,NR,,NR,NR,NR,NR,NR,NR,NR,NR,NR,NR,NR,NR,NR,NR,NR,NR,NR,NR,NR,NR,NR,,,,,,,,,,,,,,,,,,,2023-10-17
Jammu and Kashmir,Rajouri,NR,,NR,NR,NR,NR,NR,NR,NR,NR,NR,NR,NR,NR,NR,NR,NR,NR,NR,NR,NR,NR,NR,,,,,,,,,,,,,,,,,,,2023-10-17
Jammu and Kashmir,Kishtwar,NR,,NR,NR,NR,NR,NR,NR,NR,NR,NR,NR,NR,NR,NR,NR,NR,NR,NR,NR,NR,NR,NR,,,,,,,,,,,,,,,,,,,2023-10-17
Jammu and Kashmir,Doda,NR,,NR,NR,NR,NR,NR,NR,NR,NR,NR,NR,NR,NR,NR,NR,NR,NR,NR,NR,NR,NR,NR,,,,,,,,,,,,,,,,,,,2023-10-17
Jammu and Kashmir,Baramulla,NR,,NR,NR,NR,NR,NR,NR,NR,NR,NR,NR,NR,NR,NR,NR,NR,NR,NR,NR,NR,NR,NR,,,,,,,,,,,,,,,,,,,2023-10-17
Jammu and Kashmir,Reasi,NR,,NR,NR,NR,NR,NR,NR,NR,NR,NR,NR,NR,NR,NR,NR,NR,NR,NR,NR,NR,NR,NR,,,,,,,,,,,,,,,,,,,2023-10-17
Jammu and Kashmir,Kathua,NR,,NR,NR,NR,NR,NR,NR,NR,NR,NR,NR,NR,NR,NR,NR,NR,NR,NR,NR,NR,NR,NR,,,,,,,,,,,,,,,,,,,2023-10-17
Punjab,Amritsar,33,,28,29,73,159,121,115,120,44,54,180,120,110,103,122,NR,47,253,27,NR,NR,NR,,,,,,,,,,,,,,,,,,,2023-10-17
Punjab,Ludhiana,36,,23,31,87,170,130,118,100,44,60,215,132,117,122,130,NR,55,280,27,20,37,23,,,,,,,,,,,,,,,,,,,2023-10-17
Punjab,Bathinda,36,,23,28,90,170,138,122,100,44,57,220,140,118,113,133,95,55,293,26,20,37,27,,,,,,,,,,,,,,,,,,,2023-10-17
Punjab,Barnala,38,,23,28,85,168,120,113,90,44,54,210,120,113,113,120,90,46,313,28,20,38,30,,,,,,,,,,,,,,,,,,,2023-10-17
Punjab,Hoshiarpur,34,,26,30,85,142,118,120,107,43,62,200,122,143,122,150,110,65,257,20,20,38,20,,,,,,,,,,,,,,,,,,,2023-10-17
Punjab,Faridkot,42,,23,29,88,173,127,127,92,43,55,233,127,127,122,137,93,57,313,28,27,33,23,,,,,,,,,,,,,,,,,,,2023-10-17
Punjab,Mansa,39,,23,29,88,132,120,102,97,44,51,NR,127,119,121,NR,NR,45,280,28,19,33,30,,,,,,,,,,,,,,,,,,,2023-10-17
Punjab,Sri Muktsar Sahib,40,,26,31,85,172,113,115,93,45,61,222,112,110,107,115,95,48,247,27,19,37,23,,,,,,,,,,,,,,,,,,,2023-10-17
Punjab,Dera Bassi,33,,23,29,80,145,110,110,90,41,62,160,125,123,117,151,108,60,247,27,18,22,43,,,,,,,,,,,,,,,,,,,2023-10-17
Punjab,Sangrur,40,,26,30,82,159,109,106,83,47,60,149,118,105,97,120,95,43,200,29,14,35,26,,,,,,,,,,,,,,,,,,,2023-10-17
Punjab,Ropar,33,,27,29,80,149,115,110,102,40,60,217,122,120,119,128,117,50,260,27,22,35,21,,,,,,,,,,,,,,,,,,,2023-10-17
Punjab,Amargarh,40,,25,33,77,175,120,120,83,45,60,150,115,120,125,135,90,40,240,28,17,20,30,,,,,,,,,,,,,,,,,,,2023-10-17
Punjab,Fatehgarh Sahib,42,,26,33,77,127,113,117,97,44,70,198,133,122,130,165,110,47,225,25,20,40,35,,,,,,,,,,,,,,,,,,,2023-10-17
Punjab,Ferozepur,45,,25,33,90,115,120,115,115,NR,NR,NR,NR,NR,NR,NR,NR,NR,NR,NR,NR,NR,NR,,,,,,,,,,,,,,,,,,,2023-10-17
Punjab,Kapurthala,NR,,NR,NR,NR,NR,NR,NR,NR,NR,NR,NR,NR,NR,NR,NR,NR,NR,NR,NR,NR,NR,NR,,,,,,,,,,,,,,,,,,,2023-10-17
Uttar Pradesh,Lucknow,39,,28,32,85,159,116,115,82,44,66,219,140,115,114,135,110,45,280,26,20,34,24,,,,,,,,,,,,,,,,,,,2023-10-17
Uttar Pradesh,Kanpur,35,,27,32,82,165,112,110,86,46,60,196,144,113,126,140,117,56,234,26,22,30,28,,,,,,,,,,,,,,,,,,,2023-10-17
Uttar Pradesh,Varanasi,40,,29,36,87,162,107,118,81,47,68,214,138,130,128,160,114,55,272,28,22,32,29,,,,,,,,,,,,,,,,,,,2023-10-17
Uttar Pradesh,Agra,42,,29,30,91,146,106,105,95,43,66,193,116,107,106,113,100,42,235,27,20,28,30,,,,,,,,,,,,,,,,,,,2023-10-17
Uttar Pradesh,Jhansi,44,,24,28,80,170,118,110,85,44,51,206,128,117,113,132,113,48,212,25,19,22,17,,,,,,,,,,,,,,,,,,,2023-10-17
Uttar Pradesh,Meerut,35,,30,37,85,136,115,110,108,41,64,159,152,154,151,173,150,55,243,23,19,25,24,,,,,,,,,,,,,,,,,,,2023-10-17
Uttar Pradesh,Allahabad,32,,30,34,74,130,110,108,92,45,62,170,150,142,134,172,112,52,250,24,22,38,32,,,,,,,,,,,,,,,,,,,2023-10-17
Uttar Pradesh,Gorakhpur,34,,24,39,77,156,114,109,74,43,59,209,129,129,119,149,99,49,219,27,24,34,25,,,,,,,,,,,,,,,,,,,2023-10-17
Uttar Pradesh,Saharanpur,35,,26,32,85,158,122,116,97,42,69,176,130,125,146,166,125,56,255,28,25,26,21,,,,,,,,,,,,,,,,,,,2023-10-17
Uttar Pradesh,Bareilly,35,,24,31,88,162,140,120,118,42,66,192,125,113,114,127,102,45,342,28,20,26,24,,,,,,,,,,,,,,,,,,,2023-10-17
Uttar Pradesh,Ayodhya,32,,26,31,72,126,95,105,89,41,55,193,158,122,137,175,97,46,217,28,18,22,30,,,,,,,,,,,,,,,,,,,2023-10-17
Uttar Pradesh,Moradabad,37,,24,34,68,129,112,101,91,40,59,189,139,115,122,141,110,39,283,24,16,21,29,,,,,,,,,,,,,,,,,,,2023-10-17
Uttar Pradesh,Aligarh,39,,26,33,79,163,118,110,109,42,60,208,122,118,111,148,137,49,242,27,20,37,37,,,,,,,,,,,,,,,,,,,2023-10-17
Uttar Pradesh,Mirzapur (Vindhyanchal),31,,23,32,79,153,93,94,93,48,55,185,168,160,170,170,145,58,250,26,19,28,24,,,,,,,,,,,,,,,,,,,2023-10-17
Uttar Pradesh,Banda,36,,28,36,72,140,104,106,80,44,64,196,134,118,112,168,108,52,195,20,16,28,22,,,,,,,,,,,,,,,,,,,2023-10-17
Uttar Pradesh,Azamgarh,32,,29,27,75,159,108,110,96,45,64,205,132,118,125,126,96,51,280,28,15,34,19,,,,,,,,,,,,,,,,,,,2023-10-17
Uttar Pradesh,Gonda (Devipatan),36,,27,35,79,173,130,115,100,45,62,185,138,155,160,190,140,47,340,27,22,29,23,,,,,,,,,,,,,,,,,,,2023-10-17
Uttar Pradesh,Amethi,38,,25,38,70,119,90,120,90,44,62,189,163,134,153,190,118,50,259,25,21,29,39,,,,,,,,,,,,,,,,,,,2023-10-17
Uttar Pradesh,Barabanki,37,,27,32,80,151,120,119,100,41,64,203,150,135,150,175,119,49,220,28,20,30,20,,,,,,,,,,,,,,,,,,,2023-10-17
Uttar Pradesh,Bhadohi,34,,22,28,65,115,85,100,89,42,60,190,160,145,145,185,105,45,235,25,17,22,45,,,,,,,,,,,,,,,,,,,2023-10-17
Uttar Pradesh,Chandauli,32,,23,33,81,159,117,118,81,42,60,140,120,129,106,123,94,57,245,26,16,34,22,,,,,,,,,,,,,,,,,,,2023-10-17
Uttar Pradesh,Farrukhabad,41,,23,29,70,140,100,100,90,42,66,175,130,127,127,168,105,44,255,26,18,29,36,,,,,,,,,,,,,,,,,,,2023-10-17
Uttar Pradesh,Ghazipur,32,,24,34,89,176,120,128,101,43,67,220,128,126,121,147,104,49,211,28,16,37,19,,,,,,,,,,,,,,,,,,,2023-10-17
Uttar Pradesh,Jaunpur,40,,26,34,88,164,118,118,82,43,62,189,134,123,115,164,97,57,255,27,18,31,19,,,,,,,,,,,,,,,,,,,2023-10-17
Uttar Pradesh,UP-Pratapgarh,37,,25,29,79,163,115,115,79,44,68,209,132,117,117,125,93,56,266,27,19,34,22,,,,,,,,,,,,,,,,,,,2023-10-17
Uttar Pradesh,Sambhal,40,,24,32,67,137,97,100,85,41,57,173,137,140,140,175,128,43,217,29,20,38,22,,,,,,,,,,,,,,,,,,,2023-10-17
Uttar Pradesh,Santkabir Nagar,32,,25,32,76,125,115,112,96,43,62,183,150,145,145,175,NR,44,257,28,18,32,25,,,,,,,,,,,,,,,,,,,2023-10-17
Uttar Pradesh,Shahjahanpur,38,,24,30,82,128,119,118,117,43,66,199,137,136,152,174,129,45,252,26,22,32,21,,,,,,,,,,,,,,,,,,,2023-10-17
Uttar Pradesh,Sitapur,30,,28,32,75,108,104,104,95,41,59,179,165,145,156,174,119,39,240,27,20,23,22,,,,,,,,,,,,,,,,,,,2023-10-17
Uttar Pradesh,Sultanpur,33,,28,40,92,142,98,106,99,42,55,213,170,126,162,173,111,49,223,29,20,32,39,,,,,,,,,,,,,,,,,,,2023-10-17
Uttar Pradesh,Unnao,42,,26,29,78,165,118,115,88,42,57,200,128,108,115,157,99,58,213,26,20,38,20,,,,,,,,,,,,,,,,,,,2023-10-17
Uttar Pradesh,Ambedkar Nagar,39,,27,36,82,115,112,117,95,45,60,200,162,140,158,168,139,60,188,27,23,35,25,,,,,,,,,,,,,,,,,,,2023-10-17
Uttar Pradesh,Amroha,40,,26,30,80,137,100,120,100,42,50,197,140,140,147,180,100,45,200,25,20,30,20,,,,,,,,,,,,,,,,,,,2023-10-17
Uttar Pradesh,Baghpat,40,,NR,28,80,157,120,113,100,42,62,216,134,128,128,131,103,48,207,28,20,37,25,,,,,,,,,,,,,,,,,,,2023-10-17
Uttar Pradesh,Bijnor,36,,25,35,68,160,95,96,86,42,60,170,160,130,146,145,141,48,307,26,23,29,20,,,,,,,,,,,,,,,,,,,2023-10-17
Uttar Pradesh,Budaun,35,,24,30,80,121,101,100,90,43,60,203,117,117,117,125,92,45,282,28,20,35,20,,,,,,,,,,,,,,,,,,,2023-10-17
Uttar Pradesh,Etah,36,,24,34,65,143,98,100,90,42,65,210,140,140,135,155,120,42,285,26,18,30,28,,,,,,,,,,,,,,,,,,,2023-10-17
Uttar Pradesh,Fatehpur,35,,24,42,75,120,155,115,100,42,65,215,167,128,137,176,120,46,230,26,16,23,33,,,,,,,,,,,,,,,,,,,2023-10-17
Uttar Pradesh,Ghaziabad,32,,29,31,83,163,130,120,103,44,65,210,127,122,117,140,106,58,202,27,23,27,28,,,,,,,,,,,,,,,,,,,2023-10-17
Uttar Pradesh,Hardoi,42,,26,30,86,166,135,137,94,44,69,220,141,128,131,166,99,46,224,28,21,30,25,,,,,,,,,,,,,,,,,,,2023-10-17
Uttar Pradesh,Jalaun,31,,26,30,79,140,100,100,88,42,56,185,143,153,151,173,102,47,228,28,17,30,20,,,,,,,,,,,,,,,,,,,2023-10-17
Uttar Pradesh,Kaushambi,42,,25,41,72,149,130,97,87,42,60,170,143,133,136,173,129,52,228,29,25,37,32,,,,,,,,,,,,,,,,,,,2023-10-17
Uttar Pradesh,Kushinagar,31,,29,35,76,165,125,133,95,45,69,197,145,128,135,172,103,56,232,27,16,34,28,,,,,,,,,,,,,,,,,,,2023-10-17
Uttar Pradesh,Lakhimpur Kheri,39,,24,30,68,155,100,103,105,41,60,205,135,128,162,162,112,53,215,28,20,30,40,,,,,,,,,,,,,,,,,,,2023-10-17
Uttar Pradesh,Pilibhit,39,,28,32,76,138,127,127,122,42,66,210,145,145,140,155,115,40,265,28,22,28,32,,,,,,,,,,,,,,,,,,,2023-10-17
Uttar Pradesh,Sharwasti,35,,25,33,90,158,130,122,87,44,58,NR,147,120,127,NR,100,57,203,28,15,36,23,,,,,,,,,,,,,,,,,,,2023-10-17
Uttar Pradesh,Siddharth Nagar,41,,29,30,81,153,120,120,87,43,62,169,150,126,132,165,101,45,230,27,20,34,22,,,,,,,,,,,,,,,,,,,2023-10-17
Uttar Pradesh,Sonbhadra,46,,29,33,77,168,101,97,96,43,60,208,141,140,146,173,119,50,288,25,17,31,33,,,,,,,,,,,,,,,,,,,2023-10-17
Uttar Pradesh,Rampur,48,,26,29,81,137,110,112,90,42,60,173,130,135,109,145,97,46,253,18,21,41,24,,,,,,,,,,,,,,,,,,,2023-10-17
Uttar Pradesh,Bahraich,32,,25,30,62,160,135,112,85,40,45,162,152,152,NR,128,122,42,250,28,17,28,35,,,,,,,,,,,,,,,,,,,2023-10-17
Uttar Pradesh,Basti,40,,22,30,70,145,110,105,82,42,64,155,140,133,131,147,97,47,242,25,20,25,40,,,,,,,,,,,,,,,,,,,2023-10-17
Uttar Pradesh,Etawah,44,,28,35,85,171,125,107,97,45,65,190,128,128,129,182,110,45,223,30,20,29,21,,,,,,,,,,,,,,,,,,,2023-10-17
Uttar Pradesh,Muzzafarnagar,42,,25,28,73,107,108,106,107,41,75,147,130,127,131,163,105,37,232,27,18,34,16,,,,,,,,,,,,,,,,,,,2023-10-17
Uttar Pradesh,Chitrakoot,26,,25,32,85,150,105,108,89,45,57,183,143,127,135,177,112,55,223,28,20,40,24,,,,,,,,,,,,,,,,,,,2023-10-17
Uttar Pradesh,Hamirpur-UP,42,,28,35,77,143,123,100,88,44,71,189,145,140,139,183,103,49,276,25,21,32,27,,,,,,,,,,,,,,,,,,,2023-10-17
Uttar Pradesh,Deoria,34,,29,32,84,160,115,116,107,43,58,211,140,126,125,155,140,48,226,27,18,33,21,,,,,,,,,,,,,,,,,,,2023-10-17
Uttar Pradesh,Hapur,35,,27,34,79,170,127,120,108,44,67,200,138,128,128,137,102,50,220,28,20,32,20,,,,,,,,,,,,,,,,,,,2023-10-17
Uttar Pradesh,Bulandshahr,40,,24,34,87,135,100,110,97,43,71,NR,120,120,120,187,100,50,247,26,20,38,20,,,,,,,,,,,,,,,,,,,2023-10-17
Uttar Pradesh,Kanpur Dehat,40,,23,30,80,170,140,92,90,42,66,180,125,135,135,160,95,45,210,28,20,25,20,,,,,,,,,,,,,,,,,,,2023-10-17
Uttar Pradesh,Hathras,35,,25,28,80,125,100,100,97,43,64,165,120,138,118,173,140,47,200,25,18,32,20,,,,,,,,,,,,,,,,,,,2023-10-17
Uttar Pradesh,Raebareli,42,,27,31,87,163,133,112,88,44,67,222,128,118,118,157,102,57,222,27,22,37,22,,,,,,,,,,,,,,,,,,,2023-10-17
Uttar Pradesh,Lalitpur,35,,23,28,66,131,90,92,94,41,53,172,132,130,126,188,134,39,258,25,20,21,22,,,,,,,,,,,,,,,,,,,2023-10-17
Uttar Pradesh,Mohaba,35,,25,33,77,153,93,98,82,43,58,140,130,123,125,173,112,51,183,28,25,30,24,,,,,,,,,,,,,,,,,,,2023-10-17
Uttar Pradesh,Gautam Budh Nagar,36,,27,30,85,173,128,117,87,44,66,231,147,121,126,146,101,56,248,27,20,32,26,,,,,,,,,,,,,,,,,,,2023-10-17
Uttar Pradesh,Auraiya,37,,24,33,65,139,95,94,79,43,70,182,161,134,131,183,135,53,264,24,18,38,22,,,,,,,,,,,,,,,,,,,2023-10-17
Uttar Pradesh,Maharajganj,35,,28,32,80,160,120,120,80,43,63,208,135,115,134,175,101,48,213,27,16,32,27,,,,,,,,,,,,,,,,,,,2023-10-17
Uttar Pradesh,Balrampur,30,,24,31,82,159,120,120,90,45,NR,205,128,113,124,135,102,56,227,29,17,28,21,,,,,,,,,,,,,,,,,,,2023-10-17
Uttar Pradesh,Kannauj,38,,24,31,67,158,96,98,90,42,66,178,132,130,135,182,118,44,245,27,20,37,22,,,,,,,,,,,,,,,,,,,2023-10-17
Uttar Pradesh,Mathura,34,,29,34,70,113,92,96,95,40,62,171,146,143,144,168,108,36,267,29,20,28,33,,,,,,,,,,,,,,,,,,,2023-10-17
Uttar Pradesh,Firozabad,38,,35,37,82,115,118,112,118,42,66,192,160,119,144,184,112,46,302,32,14,22,40,,,,,,,,,,,,,,,,,,,2023-10-17
Uttar Pradesh,Kasganj,44,,25,28,72,145,108,109,109,42,65,165,135,123,113,141,92,53,258,28,20,40,28,,,,,,,,,,,,,,,,,,,2023-10-17
Uttar Pradesh,Mainpuri,34,,25,31,66,109,98,96,85,39,69,183,153,122,134,164,110,43,248,30,20,23,20,,,,,,,,,,,,,,,,,,,2023-10-17
Uttar Pradesh,Shamli,37,,23,28,70,128,125,112,102,40,68,205,132,120,117,143,102,39,273,26,20,40,15,,,,,,,,,,,,,,,,,,,2023-10-17
Uttar Pradesh,Ballia,33,,27,30,76,156,111,110,96,43,56,198,152,148,147,147,150,55,243,27,19,32,25,,,,,,,,,,,,,,,,,,,2023-10-17
Uttar Pradesh,Mau,41,,24,31,76,161,114,115,92,44,63,206,135,115,124,139,100,61,274,27,14,32,19,,,,,,,,,,,,,,,,,,,2023-10-17
Uttarakhand,Dehradun,34,,25,34,74,128,107,120,110,46,61,160,133,120,136,165,NR,50,291,28,20,33,18,,,,,,,,,,,,,,,,,,,2023-10-17
Uttarakhand,Haldwani,36,,32,35,103,101,101,97,101,41,57,150,150,151,151,151,139,52,254,28,31,35,40,,,,,,,,,,,,,,,,,,,2023-10-17
Uttarakhand,Rudrapur,36,,23,30,98,185,130,135,100,42,62,195,135,122,122,138,86,52,220,28,20,28,20,,,,,,,,,,,,,,,,,,,2023-10-17
Uttarakhand,Haridwar,35,,23,34,80,111,107,105,81,42,68,141,135,129,139,146,NR,54,299,29,16,30,22,,,,,,,,,,,,,,,,,,,2023-10-17
WEST ZONE,WEST ZONE,,,,,,,,,,,,,,,,,,,,,,,,,,,,,,,,,,,,,,,,,,2023-10-17
Chhattisgarh,Raipur,33,,40,40,83,169,120,114,84,42,54,208,139,131,120,135,113,55,255,28,26,32,22,,,,,,,,,,,,,,,,,,,2023-10-17
Chhattisgarh,Durg,35,,35,37,81,167,115,123,88,45,51,190,130,118,113,117,113,49,233,10,26,29,21,,,,,,,,,,,,,,,,,,,2023-10-17
Chhattisgarh,Ambikapur,29,,28,28,90,155,109,109,109,40,40,187,188,168,168,171,154,37,267,10,20,19,20,,,,,,,,,,,,,,,,,,,2023-10-17
Chhattisgarh,Bilaspur-CG,40,,28,29,65,110,85,100,90,40,50,185,182,153,160,174,137,45,203,26,27,28,50,,,,,,,,,,,,,,,,,,,2023-10-17
Chhattisgarh,Jagdalpur,51,,43,49,99,151,115,107,107,45,57,161,155,111,136,149,103,45,355,25,27,33,21,,,,,,,,,,,,,,,,,,,2023-10-17
Chhattisgarh,Dantewada,44,,37,39,88,163,123,123,88,44,72,218,143,118,99,128,107,57,559,28,23,38,24,,,,,,,,,,,,,,,,,,,2023-10-17
Chhattisgarh,Dhamtari,NR,,NR,NR,NR,NR,NR,NR,NR,NR,NR,NR,NR,NR,NR,NR,NR,NR,NR,NR,NR,NR,NR,,,,,,,,,,,,,,,,,,,2023-10-17
Chhattisgarh,Rajnandgaon,54,,45,48,103,158,108,103,100,45,54,254,132,144,114,118,101,54,314,30,23,34,16,,,,,,,,,,,,,,,,,,,2023-10-17
Chhattisgarh,Koriya,38,,33,35,73,155,93,113,80,42,76,198,131,95,124,173,110,47,200,27,20,40,15,,,,,,,,,,,,,,,,,,,2023-10-17
DNH and DD,Silvasa,53,,41,43,93,180,129,131,97,42,66,206,141,147,115,119,90,63,490,27,19,38,15,,,,,,,,,,,,,,,,,,,2023-10-17
DNH and DD,Daman,39,,40,37,87,138,122,117,92,44,65,207,143,130,125,126,95,75,200,26,19,30,17,,,,,,,,,,,,,,,,,,,2023-10-17
DNH and DD,Diu,47,,37,55,92,187,148,133,103,43,61,213,171,136,160,139,107,69,360,28,21,35,19,,,,,,,,,,,,,,,,,,,2023-10-17
Goa,Panaji,48,,44,40,98,183,135,135,98,44,56,222,175,150,173,115,100,58,308,25,37,37,22,,,,,,,,,,,,,,,,,,,2023-10-17
Goa,Margao,48,,45,45,92,175,133,125,95,44,59,225,148,137,125,125,93,55,323,24,33,39,23,,,,,,,,,,,,,,,,,,,2023-10-17
Gujarat,Ahmedabad,33,,32,34,74,131,107,96,80,NR,NR,195,144,148,138,133,110,NR,NR,NR,21,28,19,,,,,,,,,,,,,,,,,,,2023-10-17
Gujarat,Rajkot,41,,34,38,87,158,110,110,95,45,59,192,134,135,139,126,105,54,300,17,20,30,25,,,,,,,,,,,,,,,,,,,2023-10-17
Gujarat,Surat,31,,31,30,69,163,103,100,84,40,62,190,150,105,135,135,109,50,253,28,23,20,25,,,,,,,,,,,,,,,,,,,2023-10-17
Gujarat,Bhuj,NR,,NR,NR,NR,NR,NR,NR,NR,NR,NR,NR,NR,NR,NR,NR,NR,NR,NR,NR,NR,NR,NR,,,,,,,,,,,,,,,,,,,2023-10-17
Gujarat,Selamba,NR,,36,42,90,NR,NR,NR,100,NR,NR,NR,NR,NR,NR,NR,NR,NR,NR,NR,NR,NR,NR,,,,,,,,,,,,,,,,,,,2023-10-17
Gujarat,Waghai,40,,37,45,76,140,120,130,105,43,56,185,142,132,147,127,112,49,257,14,28,27,33,,,,,,,,,,,,,,,,,,,2023-10-17
Gujarat,Bodeli,35,,30,36,76,130,110,97,95,40,56,194,145,135,150,135,115,48,290,12,26,29,40,,,,,,,,,,,,,,,,,,,2023-10-17
Gujarat,Vapi,51,,33,39,91,161,132,122,122,45,68,NR,148,148,148,148,115,62,265,15,32,38,10,,,,,,,,,,,,,,,,,,,2023-10-17
Gujarat,Bilimora,NR,,NR,NR,NR,NR,NR,NR,NR,NR,NR,NR,NR,NR,NR,NR,NR,NR,NR,NR,NR,NR,NR,,,,,,,,,,,,,,,,,,,2023-10-17
Gujarat,Idar,NR,,NR,NR,NR,NR,NR,NR,NR,NR,NR,NR,NR,NR,NR,NR,NR,NR,NR,NR,NR,NR,NR,,,,,,,,,,,,,,,,,,,2023-10-17
Gujarat,Jhalod,NR,,NR,NR,NR,NR,NR,NR,NR,NR,NR,NR,NR,NR,NR,NR,NR,NR,NR,NR,NR,NR,NR,,,,,,,,,,,,,,,,,,,2023-10-17
Gujarat,Songash,NR,,NR,NR,NR,NR,NR,NR,NR,NR,NR,NR,NR,NR,NR,NR,NR,NR,NR,NR,NR,NR,NR,,,,,,,,,,,,,,,,,,,2023-10-17
Madhya Pradesh,Bhopal,38,,26,30,90,170,119,120,90,43,60,190,140,130,101,128,NR,55,250,17,18,25,18,,,,,,,,,,,,,,,,,,,2023-10-17
Madhya Pradesh,Indore,41,,25,31,81,160,117,120,96,44,62,188,139,134,113,128,97,53,240,19,20,18,20,,,,,,,,,,,,,,,,,,,2023-10-17
Madhya Pradesh,Gwalior,37,,34,44,82,175,120,127,91,43,66,214,141,121,115,125,NR,54,230,28,20,30,24,,,,,,,,,,,,,,,,,,,2023-10-17
Madhya Pradesh,Jabalpur,39,,30,35,78,142,103,108,82,43,64,200,131,104,105,128,105,44,255,16,22,32,20,,,,,,,,,,,,,,,,,,,2023-10-17
Madhya Pradesh,Rewa,35,,21,44,91,101,95,113,94,45,52,172,153,115,141,139,NR,42,393,19,20,30,22,,,,,,,,,,,,,,,,,,,2023-10-17
Madhya Pradesh,Sagar,42,,27,29,77,153,109,103,88,42,58,202,142,98,101,118,93,50,232,22,16,23,17,,,,,,,,,,,,,,,,,,,2023-10-17
Madhya Pradesh,Jhabua,38,,33,39,83,167,112,125,108,43,56,182,165,146,130,177,NR,62,312,21,24,27,30,,,,,,,,,,,,,,,,,,,2023-10-17
Madhya Pradesh,Hoshangabad,46,,27,32,87,167,107,118,92,43,60,189,129,116,109,135,95,50,405,12,20,30,25,,,,,,,,,,,,,,,,,,,2023-10-17
Madhya Pradesh,Shahdol,31,,32,35,58,120,95,100,80,41,75,170,140,130,125,170,NR,44,178,26,20,30,30,,,,,,,,,,,,,,,,,,,2023-10-17
Madhya Pradesh,Ujjain,NR,,NR,NR,NR,NR,NR,NR,NR,NR,NR,NR,NR,NR,NR,NR,NR,NR,NR,NR,NR,NR,NR,,,,,,,,,,,,,,,,,,,2023-10-17
Madhya Pradesh,Morena,34,,24,30,80,165,120,115,102,43,65,182,122,125,123,177,107,52,227,16,20,37,20,,,,,,,,,,,,,,,,,,,2023-10-17
Madhya Pradesh,Anuppur,35,,31,33,85,167,103,120,90,45,50,220,137,112,105,127,80,50,200,10,20,40,20,,,,,,,,,,,,,,,,,,,2023-10-17
Madhya Pradesh,Bhind,39,,32,37,70,122,92,95,90,43,60,163,123,120,125,165,120,38,230,15,20,40,20,,,,,,,,,,,,,,,,,,,2023-10-17
Madhya Pradesh,Dhar,47,,26,41,82,180,120,113,104,42,58,193,137,133,102,133,170,48,215,23,18,37,13,,,,,,,,,,,,,,,,,,,2023-10-17
Madhya Pradesh,Harda,36,,28,29,80,165,120,110,90,42,60,173,132,127,96,110,NR,55,200,28,27,25,40,,,,,,,,,,,,,,,,,,,2023-10-17
Madhya Pradesh,Katni,35,,27,30,85,170,115,115,82,45,50,200,110,110,100,125,110,45,180,28,16,29,17,,,,,,,,,,,,,,,,,,,2023-10-17
Madhya Pradesh,Khandwa,32,,26,34,65,145,112,112,108,44,53,184,153,141,105,159,NR,48,252,20,22,15,19,,,,,,,,,,,,,,,,,,,2023-10-17
Madhya Pradesh,Mandla,44,,30,38,80,157,112,122,80,43,48,207,127,99,102,125,110,70,273,13,23,30,20,,,,,,,,,,,,,,,,,,,2023-10-17
Madhya Pradesh,Rajgarh,NR,,NR,NR,NR,NR,NR,NR,NR,NR,NR,NR,NR,NR,NR,NR,NR,NR,NR,NR,NR,NR,NR,,,,,,,,,,,,,,,,,,,2023-10-17
Madhya Pradesh,Sidhi,35,,23,32,90,160,105,98,100,45,60,230,130,125,115,160,100,49,255,28,20,38,23,,,,,,,,,,,,,,,,,,,2023-10-17
Madhya Pradesh,Chattarpur,36,,34,35,83,173,90,112,91,44,50,194,140,131,109,122,118,45,225,26,20,32,15,,,,,,,,,,,,,,,,,,,2023-10-17
Madhya Pradesh,Neemuch,42,,23,30,69,155,110,107,78,40,50,193,140,132,108,132,NR,42,385,9,20,17,15,,,,,,,,,,,,,,,,,,,2023-10-17
Madhya Pradesh,Burhanpur,32,,32,37,79,164,113,113,88,43,54,164,123,119,101,118,98,48,195,27,20,20,10,,,,,,,,,,,,,,,,,,,2023-10-17
Madhya Pradesh,Narshinpur,37,,24,37,72,143,110,110,82,41,55,178,157,110,103,143,NR,35,282,11,18,40,12,,,,,,,,,,,,,,,,,,,2023-10-17
Madhya Pradesh,Raisen,36,,28,31,85,163,112,120,90,42,60,190,130,110,100,NR,NR,50,220,28,20,30,20,,,,,,,,,,,,,,,,,,,2023-10-17
Madhya Pradesh,Sheopur,40,,23,30,75,170,110,120,80,42,60,170,130,110,110,180,NR,45,280,28,22,25,15,,,,,,,,,,,,,,,,,,,2023-10-17
Madhya Pradesh,Agar malwa,47,,25,31,85,170,130,120,115,41,57,185,185,130,110,180,NR,49,365,18,16,22,16,,,,,,,,,,,,,,,,,,,2023-10-17
Madhya Pradesh,Umaria,43,,33,41,78,140,120,110,87,48,60,150,115,103,108,203,NR,58,220,18,18,35,22,,,,,,,,,,,,,,,,,,,2023-10-17
Madhya Pradesh,Shajapur,39,,27,30,86,180,128,126,88,41,58,188,126,128,98,129,NR,50,293,28,19,22,21,,,,,,,,,,,,,,,,,,,2023-10-17
Madhya Pradesh,Dewas,37,,24,32,84,152,99,100,86,42,56,183,119,114,95,108,NR,47,197,10,21,24,16,,,,,,,,,,,,,,,,,,,2023-10-17
Madhya Pradesh,Khargone,38,,27,35,80,135,110,110,90,40,55,185,185,155,120,190,NR,45,400,28,20,15,23,,,,,,,,,,,,,,,,,,,2023-10-17
Madhya Pradesh,Singrauli,35,,25,32,90,161,110,120,100,48,60,218,120,103,110,148,93,55,300,28,25,39,22,,,,,,,,,,,,,,,,,,,2023-10-17
Madhya Pradesh,Chhindwara,38,,29,33,80,155,111,110,85,43,58,214,148,104,115,121,110,42,200,10,20,30,15,,,,,,,,,,,,,,,,,,,2023-10-17
Madhya Pradesh,Sehore,38,,26,32,89,172,125,116,93,45,55,192,129,124,106,123,NR,49,212,11,18,15,17,,,,,,,,,,,,,,,,,,,2023-10-17
Madhya Pradesh,MP-Ashoknagar,41,,28,31,64,138,123,117,90,41,57,257,140,137,117,143,120,38,228,28,20,30,30,,,,,,,,,,,,,,,,,,,2023-10-17
Madhya Pradesh,Balaghat,40,,34,35,83,165,107,113,92,42,52,205,142,104,100,115,98,55,200,10,20,38,20,,,,,,,,,,,,,,,,,,,2023-10-17
Madhya Pradesh,Guna,39,,27,30,80,150,102,109,80,43,60,190,122,103,100,125,100,45,200,28,12,20,13,,,,,,,,,,,,,,,,,,,2023-10-17
Madhya Pradesh,Ratlam,35,,24,35,82,167,117,112,90,41,55,207,132,115,102,116,111,47,300,10,20,27,20,,,,,,,,,,,,,,,,,,,2023-10-17
Madhya Pradesh,Satna,30,,26,35,75,150,95,95,82,45,60,200,130,122,132,137,110,50,200,28,21,38,19,,,,,,,,,,,,,,,,,,,2023-10-17
Madhya Pradesh,Vidisha,40,,28,30,83,162,115,119,87,41,65,193,136,105,99,126,NR,50,223,9,17,25,20,,,,,,,,,,,,,,,,,,,2023-10-17
Madhya Pradesh,Alirajpur,40,,30,35,90,160,115,105,100,43,65,210,143,141,115,130,100,50,297,10,25,27,42,,,,,,,,,,,,,,,,,,,2023-10-17
Madhya Pradesh,Betul,49,,29,31,77,177,110,113,95,44,57,187,127,107,102,131,NR,55,207,18,22,22,20,,,,,,,,,,,,,,,,,,,2023-10-17
Madhya Pradesh,Damoh,37,,32,33,75,155,115,105,85,44,50,210,155,120,110,140,NR,48,200,10,18,35,27,,,,,,,,,,,,,,,,,,,2023-10-17
Madhya Pradesh,Dindori,NR,,NR,NR,NR,NR,NR,NR,NR,NR,NR,NR,NR,NR,NR,NR,NR,NR,NR,NR,NR,NR,NR,,,,,,,,,,,,,,,,,,,2023-10-17
Madhya Pradesh,Niwari,33,,25,30,80,179,116,119,84,44,68,212,133,118,114,180,NR,51,212,28,21,37,26,,,,,,,,,,,,,,,,,,,2023-10-17
Madhya Pradesh,Seoni,45,,32,35,70,125,90,110,78,40,54,200,127,102,113,122,NR,39,187,11,20,20,12,,,,,,,,,,,,,,,,,,,2023-10-17
Madhya Pradesh,Panna,34,,25,32,80,142,110,105,97,44,50,205,117,118,107,137,117,49,203,10,20,40,20,,,,,,,,,,,,,,,,,,,2023-10-17
Madhya Pradesh,Tikamgarh,40,,40,40,72,156,98,106,80,42,40,179,149,129,120,146,118,45,240,26,20,30,25,,,,,,,,,,,,,,,,,,,2023-10-17
Maharashtra,Mumbai,40,,48,51,122,176,176,166,113,46,58,186,158,148,123,131,96,80,320,27,22,36,21,,,,,,,,,,,,,,,,,,,2023-10-17
Maharashtra,Nagpur,42,,39,50,82,182,125,125,90,50,53,210,172,145,111,125,95,62,283,27,32,41,24,,,,,,,,,,,,,,,,,,,2023-10-17
Maharashtra,Pune,59,,41,49,83,178,120,126,83,48,69,205,153,108,110,106,104,42,308,25,24,26,23,,,,,,,,,,,,,,,,,,,2023-10-17
Maharashtra,Nashik,39,,40,39,89,167,123,120,94,41,54,200,185,131,101,116,98,54,300,26,25,32,20,,,,,,,,,,,,,,,,,,,2023-10-17
Maharashtra,Mangaon-Raigad,48,,51,55,86,172,127,118,94,52,59,183,140,134,118,124,110,66,315,29,32,42,22,,,,,,,,,,,,,,,,,,,2023-10-17
Maharashtra,Dharni,41,,35,37,79,170,113,116,90,42,51,198,131,119,109,132,NR,53,303,13,24,39,23,,,,,,,,,,,,,,,,,,,2023-10-17
Maharashtra,Latur,62,,40,43,90,178,133,129,89,40,62,206,152,94,105,110,95,42,204,28,28,40,17,,,,,,,,,,,,,,,,,,,2023-10-17
Maharashtra,Akluj,41,,37,39,77,169,122,109,93,39,54,182,132,107,127,132,109,47,297,29,30,32,10,,,,,,,,,,,,,,,,,,,2023-10-17
Maharashtra,Arni Yavatmal,46,,33,34,74,163,113,113,103,41,63,192,152,125,107,120,NR,49,300,10,30,32,20,,,,,,,,,,,,,,,,,,,2023-10-17
Maharashtra,Chandrapur,36,,37,43,85,172,135,129,114,44,58,187,169,161,96,156,NR,56,203,27,20,38,17,,,,,,,,,,,,,,,,,,,2023-10-17
Maharashtra,Karad Satara,49,,35,45,85,179,147,133,100,43,70,195,168,128,108,111,102,51,282,28,29,37,18,,,,,,,,,,,,,,,,,,,2023-10-17
Maharashtra,Ahemednagar,55,,37,41,85,173,118,119,100,40,53,173,174,124,115,130,109,46,225,27,24,21,26,,,,,,,,,,,,,,,,,,,2023-10-17
Maharashtra,Khultabad,51,,34,37,84,165,118,123,92,42,51,195,NR,139,103,111,95,49,288,20,31,27,16,,,,,,,,,,,,,,,,,,,2023-10-17
Maharashtra,Islampur,53,,43,48,68,169,116,120,104,40,68,180,176,110,118,135,105,48,323,30,30,38,15,,,,,,,,,,,,,,,,,,,2023-10-17
Maharashtra,Kankavli,45,,41,41,88,182,130,138,102,43,53,176,162,136,104,117,93,51,338,20,32,41,21,,,,,,,,,,,,,,,,,,,2023-10-17
Maharashtra,Partur,70,,33,40,60,160,110,110,101,41,55,164,198,159,101,144,97,40,409,10,30,24,16,,,,,,,,,,,,,,,,,,,2023-10-17
Maharashtra,Gondia,51,,38,40,81,164,106,112,84,45,52,179,138,97,96,106,94,51,213,22,23,32,17,,,,,,,,,,,,,,,,,,,2023-10-17
Maharashtra,Jalgaon,52,,38,42,90,180,131,128,108,43,60,216,153,129,104,107,112,60,368,27,22,37,18,,,,,,,,,,,,,,,,,,,2023-10-17
Maharashtra,Akola,39,,30,34,76,165,109,115,100,42,65,175,140,125,97,109,90,51,285,26,23,38,18,,,,,,,,,,,,,,,,,,,2023-10-17
Rajasthan,Jaipur,45,,33,35,80,177,119,110,82,44,50,209,127,115,120,132,NR,49,277,18,20,30,27,,,,,,,,,,,,,,,,,,,2023-10-17
Rajasthan,Jodhpur,37,,34,35,69,134,113,106,81,41,50,200,152,NR,NR,130,NR,50,250,18,24,21,25,,,,,,,,,,,,,,,,,,,2023-10-17
Rajasthan,Kota,35,,26,33,79,139,103,105,99,42,55,177,160,132,112,167,NR,49,240,25,16,26,34,,,,,,,,,,,,,,,,,,,2023-10-17
Rajasthan,Udaipur,31,,30,32,96,98,98,98,95,45,49,195,190,135,197,NR,140,50,333,24,27,30,30,,,,,,,,,,,,,,,,,,,2023-10-17
Rajasthan,Bharatpur,45,,26,30,85,162,125,110,90,42,58,200,120,110,110,NR,NR,49,296,25,24,38,38,,,,,,,,,,,,,,,,,,,2023-10-17
Rajasthan,Ajmer,38,,30,32,65,110,105,100,75,40,49,194,140,111,145,141,111,38,320,20,11,17,36,,,,,,,,,,,,,,,,,,,2023-10-17
Rajasthan,Bikaner,42,,33,36,69,106,106,97,90,49,49,165,156,154,128,128,NR,46,205,13,17,16,47,,,,,,,,,,,,,,,,,,,2023-10-17
Rajasthan,Bundi,44,,33,37,67,113,113,117,93,42,56,157,135,128,113,162,NR,48,367,19,26,29,33,,,,,,,,,,,,,,,,,,,2023-10-17
Rajasthan,Rajsamand,37,,30,34,75,150,117,111,88,42,60,162,138,121,105,125,NR,38,288,17,22,30,25,,,,,,,,,,,,,,,,,,,2023-10-17
Rajasthan,Alwar,NR,,NR,NR,NR,NR,NR,NR,NR,NR,NR,NR,NR,NR,NR,NR,NR,NR,NR,NR,NR,NR,NR,,,,,,,,,,,,,,,,,,,2023-10-17
Rajasthan,Banswara,38,,26,34,69,138,103,103,92,41,53,175,145,110,162,165,NR,46,363,23,21,23,42,,,,,,,,,,,,,,,,,,,2023-10-17
Rajasthan,Baran,35,,30,27,70,95,89,87,80,39,50,130,138,119,127,125,NR,37,200,14,20,21,40,,,,,,,,,,,,,,,,,,,2023-10-17
Rajasthan,Barmer,NR,,NR,NR,NR,NR,NR,NR,NR,NR,NR,NR,NR,NR,NR,NR,NR,NR,NR,NR,NR,NR,NR,,,,,,,,,,,,,,,,,,,2023-10-17
Rajasthan,Bhilwara,44,,31,36,68,116,101,97,87,42,52,193,178,133,168,183,135,43,296,21,28,38,40,,,,,,,,,,,,,,,,,,,2023-10-17
Rajasthan,Chhitorgarh,41,,35,35,73,110,105,105,99,45,56,181,181,152,138,138,121,43,324,20,21,24,22,,,,,,,,,,,,,,,,,,,2023-10-17
Rajasthan,Churu,32,,28,30,70,87,98,90,82,39,46,172,168,145,148,169,NR,38,305,15,25,25,40,,,,,,,,,,,,,,,,,,,2023-10-17
Rajasthan,Dholapur,35,,28,31,84,138,106,107,83,47,54,210,128,115,122,NR,NR,48,333,27,23,28,23,,,,,,,,,,,,,,,,,,,2023-10-17
Rajasthan,Dungarpur,37,,28,29,68,118,119,115,113,45,57,213,168,NR,149,191,NR,54,307,28,27,30,29,,,,,,,,,,,,,,,,,,,2023-10-17
Rajasthan,Hanumangarh,35,,27,29,80,130,110,104,80,NR,NR,NR,NR,NR,NR,NR,NR,NR,NR,NR,NR,NR,NR,,,,,,,,,,,,,,,,,,,2023-10-17
Rajasthan,Jaisalmer,NR,,NR,NR,NR,NR,NR,NR,NR,NR,NR,NR,NR,NR,NR,NR,NR,NR,NR,NR,NR,NR,NR,,,,,,,,,,,,,,,,,,,2023-10-17
Rajasthan,Jalore,39,,32,32,70,120,110,110,100,40,51,195,138,133,150,188,NR,41,263,22,27,28,35,,,,,,,,,,,,,,,,,,,2023-10-17
Rajasthan,Jhalawar,40,,25,28,72,120,96,95,86,42,49,183,152,125,123,168,NR,42,387,19,18,21,55,,,,,,,,,,,,,,,,,,,2023-10-17
Rajasthan,Jhunjhunu,37,,35,40,97,98,99,99,96,40,43,210,155,138,141,192,NR,38,207,17,17,23,35,,,,,,,,,,,,,,,,,,,2023-10-17
Rajasthan,Karauli,40,,25,33,65,110,120,120,85,43,NR,203,155,140,140,NR,NR,42,480,30,22,28,25,,,,,,,,,,,,,,,,,,,2023-10-17
Rajasthan,Nagaur,NR,,NR,NR,NR,NR,NR,NR,NR,NR,NR,NR,NR,NR,NR,NR,NR,NR,NR,NR,NR,NR,NR,,,,,,,,,,,,,,,,,,,2023-10-17
Rajasthan,Pali,58,,28,28,68,118,122,99,99,38,57,176,171,125,166,161,163,38,274,14,28,25,11,,,,,,,,,,,,,,,,,,,2023-10-17
Rajasthan,RJ-Pratapgarh,60,,28,30,70,110,105,95,84,42,58,200,180,150,150,160,NR,40,325,23,22,22,40,,,,,,,,,,,,,,,,,,,2023-10-17
Rajasthan,Sikar,44,,26,32,72,99,88,88,84,41,52,166,186,101,150,153,NR,35,311,21,23,19,47,,,,,,,,,,,,,,,,,,,2023-10-17
Rajasthan,Sirohi,NR,,NR,NR,NR,NR,NR,NR,NR,NR,NR,NR,NR,NR,NR,NR,NR,NR,NR,NR,NR,NR,NR,,,,,,,,,,,,,,,,,,,2023-10-17
Rajasthan,Sri Ganganagar,NR,,NR,NR,NR,NR,NR,NR,NR,NR,NR,NR,NR,NR,NR,NR,NR,NR,NR,NR,NR,NR,NR,,,,,,,,,,,,,,,,,,,2023-10-17
Rajasthan,Tonk,43,,24,28,73,114,109,104,92,40,51,192,140,152,151,162,NR,45,277,14,20,23,36,,,,,,,,,,,,,,,,,,,2023-10-17
Rajasthan,Sawai Madhopur,50,,25,27,64,122,101,103,70,40,53,200,108,102,107,180,NR,39,288,27,18,23,58,,,,,,,,,,,,,,,,,,,2023-10-17
EAST ZONE,EAST ZONE,,,,,,,,,,,,,,,,,,,,,,,,,,,,,,,,,,,,,,,,,,2023-10-17
Bihar,Patna,40,,28,35,87,168,123,119,85,46,56,NR,115,110,116,138,107,50,280,26,24,40,25,,,,,,,,,,,,,,,,,,,2023-10-17
Bihar,Bhagalpur,38,,29,32,80,155,110,112,81,45,56,NR,126,114,134,169,123,44,320,28,19,35,36,,,,,,,,,,,,,,,,,,,2023-10-17
Bihar,Purnia,36,,30,34,78,159,114,111,76,46,51,NR,124,99,110,NR,90,42,314,13,18,28,34,,,,,,,,,,,,,,,,,,,2023-10-17
Bihar,Darbhanga,40,,26,38,80,140,125,110,80,44,52,NR,130,130,115,NR,92,50,195,15,18,38,25,,,,,,,,,,,,,,,,,,,2023-10-17
Bihar,Gaya,32,,23,40,76,121,111,91,83,43,60,NR,151,147,146,147,133,49,327,23,24,31,24,,,,,,,,,,,,,,,,,,,2023-10-17
Bihar,Muzzafarpur,39,,25,31,79,164,113,112,80,44,57,NR,124,127,124,166,102,47,287,24,20,33,23,,,,,,,,,,,,,,,,,,,2023-10-17
Bihar,Saran,41,,29,31,85,157,139,124,82,43,55,NR,134,135,134,140,120,52,270,26,33,29,30,,,,,,,,,,,,,,,,,,,2023-10-17
Bihar,Munger,34,,29,35,78,170,121,121,85,43,55,NR,141,133,141,244,NR,51,245,28,17,40,35,,,,,,,,,,,,,,,,,,,2023-10-17
Bihar,Saharsa,38,,28,35,66,117,103,100,81,44,55,NR,153,130,125,NR,NR,56,223,22,18,32,25,,,,,,,,,,,,,,,,,,,2023-10-17
Bihar,Madhubani,40,,27,34,80,160,116,119,80,45,52,159,129,124,116,159,94,48,290,16,18,32,27,,,,,,,,,,,,,,,,,,,2023-10-17
Bihar,Rohtas (Sasaram),29,,27,33,78,138,108,101,78,46,66,220,128,98,98,128,93,49,223,28,14,33,20,,,,,,,,,,,,,,,,,,,2023-10-17
Bihar,Motihari,43,,29,35,67,105,105,103,85,44,55,165,144,139,136,139,128,42,278,18,18,27,34,,,,,,,,,,,,,,,,,,,2023-10-17
Bihar,Samastipur,52,,26,30,65,115,98,98,75,45,55,159,138,112,144,154,98,54,320,22,27,30,42,,,,,,,,,,,,,,,,,,,2023-10-17
Bihar,Katihar,35,,27,30,75,150,112,108,77,44,54,NR,142,140,131,149,NR,50,305,19,22,34,40,,,,,,,,,,,,,,,,,,,2023-10-17
Bihar,Araria,44,,25,35,66,118,133,99,93,43,55,NR,134,139,139,198,139,63,373,21,21,38,41,,,,,,,,,,,,,,,,,,,2023-10-17
Bihar,Nawada,46,,24,39,86,153,120,108,82,44,60,227,167,120,117,170,105,51,240,19,19,36,38,,,,,,,,,,,,,,,,,,,2023-10-17
Bihar,Khagaria,45,,24,32,85,125,115,120,85,44,43,NR,NR,NR,NR,NR,NR,44,380,27,18,33,35,,,,,,,,,,,,,,,,,,,2023-10-17
Bihar,Banka,35,,28,36,75,140,110,100,75,41,56,NR,132,109,121,183,105,42,205,14,17,36,39,,,,,,,,,,,,,,,,,,,2023-10-17
Bihar,Arwal,NR,,NR,NR,NR,NR,NR,NR,NR,NR,NR,NR,NR,NR,NR,NR,NR,NR,NR,NR,NR,NR,NR,,,,,,,,,,,,,,,,,,,2023-10-17
Bihar,Aurangabad,36,,24,33,80,140,120,113,81,43,59,235,131,162,163,228,175,51,194,26,19,30,20,,,,,,,,,,,,,,,,,,,2023-10-17
Bihar,Begusarai,34,,25,31,69,109,109,100,73,39,53,NR,125,121,119,NR,96,44,319,12,15,30,27,,,,,,,,,,,,,,,,,,,2023-10-17
Bihar,Bhojpur Ara,43,,25,30,81,157,129,136,76,41,55,232,143,162,145,197,NR,49,369,29,22,29,30,,,,,,,,,,,,,,,,,,,2023-10-17
Bihar,Buxar,28,,28,30,80,160,120,124,88,44,62,144,122,116,114,150,110,48,260,28,18,28,20,,,,,,,,,,,,,,,,,,,2023-10-17
Bihar,Gopalganj,NR,,NR,NR,NR,NR,NR,NR,NR,NR,NR,NR,NR,NR,NR,NR,NR,NR,NR,NR,NR,NR,NR,,,,,,,,,,,,,,,,,,,2023-10-17
Bihar,Jamui,38,,30,34,67,129,111,110,74,43,55,NR,133,109,134,NR,120,38,245,28,18,15,30,,,,,,,,,,,,,,,,,,,2023-10-17
Bihar,Jehanabad,39,,29,33,79,167,114,108,81,42,55,NR,143,131,124,162,NR,49,257,26,21,33,38,,,,,,,,,,,,,,,,,,,2023-10-17
Bihar,Kaimur,39,,26,30,75,151,113,113,75,44,58,200,128,133,143,173,113,44,230,24,17,25,21,,,,,,,,,,,,,,,,,,,2023-10-17
Bihar,Kishanganj,36,,24,32,80,150,100,115,85,44,56,NR,125,125,110,125,130,50,300,26,20,40,38,,,,,,,,,,,,,,,,,,,2023-10-17
Bihar,Lakhisarai,37,,28,35,70,144,110,115,86,46,58,NR,148,128,138,NR,128,44,256,26,19,35,65,,,,,,,,,,,,,,,,,,,2023-10-17
Bihar,Medhepura,37,,27,34,79,161,119,117,79,45,55,NR,124,106,114,119,91,45,342,12,19,37,39,,,,,,,,,,,,,,,,,,,2023-10-17
Bihar,Nalanda,34,,27,32,76,128,118,111,84,43,60,240,145,127,135,175,NR,49,390,26,15,29,31,,,,,,,,,,,,,,,,,,,2023-10-17
Bihar,Sheikhpura,37,,28,35,70,139,110,115,83,44,55,NR,145,130,135,NR,NR,57,242,28,22,40,30,,,,,,,,,,,,,,,,,,,2023-10-17
Bihar,Sheohar,35,,26,32,82,159,114,121,79,42,55,149,133,112,121,163,103,48,198,27,23,28,29,,,,,,,,,,,,,,,,,,,2023-10-17
Bihar,Sitamarhi,41,,32,33,86,168,128,126,101,43,55,NR,129,112,125,173,108,41,180,26,20,26,38,,,,,,,,,,,,,,,,,,,2023-10-17
Bihar,Siwan,35,,26,30,76,155,96,114,82,46,54,185,124,97,112,188,78,52,210,25,16,27,19,,,,,,,,,,,,,,,,,,,2023-10-17
Bihar,Supaul,NR,,NR,NR,NR,NR,NR,NR,NR,NR,NR,NR,NR,NR,NR,NR,NR,NR,NR,NR,NR,NR,NR,,,,,,,,,,,,,,,,,,,2023-10-17
Bihar,Vaishali,38,,27,30,80,150,120,110,75,NR,NR,NR,NR,NR,NR,NR,NR,NR,NR,NR,NR,NR,NR,,,,,,,,,,,,,,,,,,,2023-10-17
Bihar,West Champaran,45,,24,37,76,122,121,100,97,42,50,167,141,167,146,207,123,47,292,16,17,19,37,,,,,,,,,,,,,,,,,,,2023-10-17
Jharkhand,Ranchi,44,,36,33,77,165,110,110,77,46,56,225,124,95,115,118,92,50,240,27,20,35,30,,,,,,,,,,,,,,,,,,,2023-10-17
Jharkhand,Gumla,40,,29,34,85,125,105,98,70,43,55,209,137,110,110,198,104,40,270,10,16,18,25,,,,,,,,,,,,,,,,,,,2023-10-17
Jharkhand,Sahibganj,40,,31,34,74,165,100,115,85,45,58,210,136,123,NR,NR,NR,54,380,20,20,40,38,,,,,,,,,,,,,,,,,,,2023-10-17
Jharkhand,Bokaro,33,,34,36,80,125,95,97,85,NR,NR,170,175,130,145,170,125,NR,NR,NR,22,35,33,,,,,,,,,,,,,,,,,,,2023-10-17
Jharkhand,Lohardaga,33,,33,34,78,157,112,112,78,44,59,NR,138,140,130,160,105,51,255,25,23,31,33,,,,,,,,,,,,,,,,,,,2023-10-17
Jharkhand,Simdega,39,,NR,35,78,153,111,113,79,44,59,NR,139,125,128,NR,110,46,NR,27,17,30,30,,,,,,,,,,,,,,,,,,,2023-10-17
Jharkhand,Dhanbad,40,,30,35,85,165,120,115,90,46,60,215,140,115,118,125,110,55,300,25,20,35,30,,,,,,,,,,,,,,,,,,,2023-10-17
Jharkhand,Jamshedpur (East Singbhum),46,,32,35,110,125,110,105,97,44,58,200,146,142,165,170,110,45,220,25,21,35,30,,,,,,,,,,,,,,,,,,,2023-10-17
Jharkhand,Giridhi,34,,26,30,85,155,100,93,75,43,55,NR,130,120,125,160,95,40,300,19,16,35,35,,,,,,,,,,,,,,,,,,,2023-10-17
Jharkhand,Seraikella,37,,27,34,77,161,113,115,79,44,60,169,127,141,105,134,97,51,213,25,18,34,30,,,,,,,,,,,,,,,,,,,2023-10-17
Jharkhand,West Singhbhum,39,,40,40,72,123,122,124,82,46,59,149,150,124,139,138,119,49,271,24,23,25,33,,,,,,,,,,,,,,,,,,,2023-10-17
Jharkhand,Daltonganj,38,,28,34,86,149,112,112,87,44,51,NR,130,107,121,NR,110,51,390,19,23,34,33,,,,,,,,,,,,,,,,,,,2023-10-17
Jharkhand,Deoghar,33,,37,37,80,156,110,110,90,48,60,128,164,151,154,171,101,41,262,30,18,27,35,,,,,,,,,,,,,,,,,,,2023-10-17
Jharkhand,Ramgarh,34,,33,35,60,161,113,108,74,44,NR,NR,135,123,153,190,108,48,278,25,18,27,28,,,,,,,,,,,,,,,,,,,2023-10-17
Jharkhand,Pakur,48,,37,40,80,156,114,115,98,46,55,156,139,130,162,141,115,52,414,28,23,34,31,,,,,,,,,,,,,,,,,,,2023-10-17
Jharkhand,Jamtara,38,,27,38,87,168,117,117,92,49,62,152,137,114,129,148,96,50,367,28,20,37,33,,,,,,,,,,,,,,,,,,,2023-10-17
Jharkhand,Latehar,39,,29,33,75,157,109,110,76,45,57,NR,127,124,116,124,96,48,223,28,22,29,27,,,,,,,,,,,,,,,,,,,2023-10-17
Jharkhand,Godda,45,,30,36,85,160,120,120,90,46,61,215,133,120,128,140,125,60,400,28,20,40,35,,,,,,,,,,,,,,,,,,,2023-10-17
Jharkhand,Koderma,39,,29,32,80,162,120,118,83,45,59,155,123,103,119,154,94,51,216,10,20,35,30,,,,,,,,,,,,,,,,,,,2023-10-17
Odisha,Bhubaneshwar,38,,35,40,80,160,119,120,80,47,52,NR,130,119,NR,110,88,55,227,25,20,39,26,,,,,,,,,,,,,,,,,,,2023-10-17
Odisha,Cuttack,40,,37,41,84,173,133,121,84,47,52,NR,149,109,NR,116,103,53,250,27,19,36,26,,,,,,,,,,,,,,,,,,,2023-10-17
Odisha,Sambalpur,35,,40,47,83,170,113,115,78,48,52,NR,141,111,NR,120,104,47,280,28,22,45,25,,,,,,,,,,,,,,,,,,,2023-10-17
Odisha,Rourkela,35,,38,41,80,160,113,115,80,44,52,NR,132,102,102,111,88,51,180,27,20,38,20,,,,,,,,,,,,,,,,,,,2023-10-17
Odisha,Berhampur,37,,45,40,77,152,120,102,75,47,51,NR,139,103,137,115,106,49,245,26,21,32,29,,,,,,,,,,,,,,,,,,,2023-10-17
Odisha,Jeypore,41,,37,36,84,165,118,115,83,46,52,NR,129,96,NR,112,92,50,210,27,23,37,25,,,,,,,,,,,,,,,,,,,2023-10-17
Odisha,Balasore,38,,40,42,87,170,117,120,83,45,52,NR,138,NR,NR,111,86,56,240,24,18,36,30,,,,,,,,,,,,,,,,,,,2023-10-17
Odisha,Baripada,37,,45,36,85,165,115,114,79,45,52,173,135,108,150,113,89,60,233,26,18,35,30,,,,,,,,,,,,,,,,,,,2023-10-17
Odisha,Balangir,41,,35,46,76,156,120,113,81,44,52,NR,136,99,NR,107,91,47,NR,28,23,39,30,,,,,,,,,,,,,,,,,,,2023-10-17
Odisha,Angul,35,,NR,39,69,139,109,101,77,45,55,NR,131,NR,NR,115,85,44,375,25,17,30,45,,,,,,,,,,,,,,,,,,,2023-10-17
Odisha,Boudhgarh,NR,,NR,NR,NR,NR,NR,NR,NR,NR,NR,NR,NR,NR,NR,NR,NR,NR,NR,NR,NR,NR,NR,,,,,,,,,,,,,,,,,,,2023-10-17
Odisha,Dhenkanal,34,,36,40,85,154,110,108,80,42,52,150,135,135,142,115,100,55,365,27,20,35,20,,,,,,,,,,,,,,,,,,,2023-10-17
Odisha,Jagatsinghpur,33,,35,40,89,155,85,100,85,43,40,NR,143,129,120,122,90,45,208,19,20,40,20,,,,,,,,,,,,,,,,,,,2023-10-17
Odisha,Kandhamal,38,,38,42,86,162,126,120,82,50,58,NR,138,123,NR,117,90,52,NR,27,21,35,30,,,,,,,,,,,,,,,,,,,2023-10-17
Odisha,Keonjhar,35,,37,44,71,146,110,115,81,42,50,NR,147,104,NR,119,102,51,369,27,19,26,40,,,,,,,,,,,,,,,,,,,2023-10-17
Odisha,Malkangiri,47,,NR,33,81,174,117,117,80,42,52,NR,129,93,NR,110,87,52,333,25,27,34,17,,,,,,,,,,,,,,,,,,,2023-10-17
Odisha,Nabarangpur,42,,27,45,89,170,126,120,90,44,53,132,124,145,113,119,91,60,300,26,19,31,30,,,,,,,,,,,,,,,,,,,2023-10-17
Odisha,Nayagarh,37,,NR,39,80,158,122,118,90,43,52,NR,135,123,NR,112,89,53,NR,26,20,37,28,,,,,,,,,,,,,,,,,,,2023-10-17
Odisha,Nuapada,NR,,NR,NR,NR,NR,NR,NR,NR,NR,NR,NR,NR,NR,NR,NR,NR,NR,NR,NR,NR,NR,NR,,,,,,,,,,,,,,,,,,,2023-10-17
Odisha,Paralakhemundi Gajapati,37,,NR,40,67,145,111,120,85,40,NR,NR,173,143,NR,150,100,45,180,27,20,28,62,,,,,,,,,,,,,,,,,,,2023-10-17
Odisha,Puri,37,,37,40,79,159,115,113,81,43,52,NR,135,122,NR,119,97,51,229,25,21,36,30,,,,,,,,,,,,,,,,,,,2023-10-17
Odisha,Rayagada,38,,33,38,79,171,124,114,84,44,52,160,138,99,144,107,90,41,NR,27,20,33,24,,,,,,,,,,,,,,,,,,,2023-10-17
Odisha,Sonepur,41,,NR,40,82,167,113,112,81,42,55,NR,132,126,NR,111,91,49,337,22,20,35,20,,,,,,,,,,,,,,,,,,,2023-10-17
Odisha,Bhadrak,35,,NR,38,75,160,115,110,76,43,52,215,138,130,185,115,95,50,320,26,18,35,20,,,,,,,,,,,,,,,,,,,2023-10-17
Odisha,Jharsuguda,38,,44,40,78,162,113,110,78,45,48,NR,135,100,110,120,95,40,NR,27,20,35,25,,,,,,,,,,,,,,,,,,,2023-10-17
Odisha,Kendrapara,38,,NR,34,83,161,111,113,80,44,54,NR,132,134,NR,114,89,48,247,26,18,40,24,,,,,,,,,,,,,,,,,,,2023-10-17
Odisha,Jajpur,NR,,NR,NR,NR,NR,NR,NR,NR,NR,NR,NR,NR,NR,NR,NR,NR,NR,NR,NR,NR,NR,NR,,,,,,,,,,,,,,,,,,,2023-10-17
Odisha,Kalahandi,36,,37,42,79,152,112,113,79,44,53,183,140,105,114,120,102,54,330,28,19,32,30,,,,,,,,,,,,,,,,,,,2023-10-17
West Bengal,Kolkata,48,,NR,34,88,179,126,121,104,46,51,NR,129,120,111,121,91,63,260,20,21,43,40,,,,,,,,,,,,,,,,,,,2023-10-17
West Bengal,Siliguri,38,,27,35,82,107,88,109,107,43,51,209,128,117,110,140,99,51,206,13,21,31,32,,,,,,,,,,,,,,,,,,,2023-10-17
West Bengal,Purulia,43,,NR,43,86,169,119,118,97,45,51,146,141,99,116,139,93,51,283,26,18,35,27,,,,,,,,,,,,,,,,,,,2023-10-17
West Bengal,Kharagpur,48,,32,35,77,169,119,120,104,47,54,230,133,100,108,119,92,60,238,27,20,35,30,,,,,,,,,,,,,,,,,,,2023-10-17
West Bengal,Rampurhat,47,,27,38,77,145,116,121,106,44,56,185,132,116,121,130,101,55,280,20,20,36,36,,,,,,,,,,,,,,,,,,,2023-10-17
West Bengal,Malda,43,,26,42,73,155,115,110,105,43,56,NR,140,96,122,141,119,61,320,21,21,38,38,,,,,,,,,,,,,,,,,,,2023-10-17
West Bengal,Raiganj,38,,28,33,71,155,124,110,108,43,45,180,131,98,121,133,100,57,250,10,23,31,41,,,,,,,,,,,,,,,,,,,2023-10-17
West Bengal,Alipurduar,37,,NR,47,74,137,111,125,121,50,68,NR,138,105,119,133,100,58,260,10,26,40,43,,,,,,,,,,,,,,,,,,,2023-10-17
West Bengal,Asansol,48,,NR,40,80,174,130,140,115,42,64,NR,130,112,110,124,90,50,300,26,20,38,36,,,,,,,,,,,,,,,,,,,2023-10-17
West Bengal,Balurghat,47,,29,38,87,168,128,118,108,46,44,NR,130,114,117,127,93,44,353,10,19,42,46,,,,,,,,,,,,,,,,,,,2023-10-17
West Bengal,Bankura,38,,NR,34,75,160,123,143,115,45,58,242,136,120,120,133,99,50,280,26,22,38,37,,,,,,,,,,,,,,,,,,,2023-10-17
West Bengal,Barasat,43,,35,40,85,125,NR,137,112,44,60,200,136,114,113,130,110,52,236,30,28,37,26,,,,,,,,,,,,,,,,,,,2023-10-17
West Bengal,Bardhaman,48,,NR,36,85,165,125,120,112,45,54,220,125,110,100,120,90,55,260,25,18,35,31,,,,,,,,,,,,,,,,,,,2023-10-17
West Bengal,Baruipur,57,,NR,34,80,112,113,133,108,42,55,NR,127,117,123,133,98,39,217,25,22,42,30,,,,,,,,,,,,,,,,,,,2023-10-17
West Bengal,Berhampore,48,,27,40,70,125,98,137,109,45,58,250,140,107,117,148,104,46,220,13,22,32,25,,,,,,,,,,,,,,,,,,,2023-10-17
West Bengal,Chinsurah,45,,NR,36,85,120,100,150,115,45,58,170,130,120,110,120,95,50,250,28,21,38,32,,,,,,,,,,,,,,,,,,,2023-10-17
West Bengal,Cooch behar,44,,NR,33,72,142,113,110,107,44,60,NR,132,107,105,137,97,50,290,26,20,39,39,,,,,,,,,,,,,,,,,,,2023-10-17
West Bengal,Howrah,50,,NR,35,90,179,128,123,115,46,54,NR,129,120,110,121,NR,62,293,27,20,43,40,,,,,,,,,,,,,,,,,,,2023-10-17
West Bengal,Jalapiguri,37,,28,44,85,135,117,120,115,46,56,NR,125,132,120,132,105,55,300,20,20,40,30,,,,,,,,,,,,,,,,,,,2023-10-17
West Bengal,Jhargram,42,,NR,38,83,158,115,115,90,45,54,NR,131,115,111,120,100,42,273,29,19,34,38,,,,,,,,,,,,,,,,,,,2023-10-17
West Bengal,Kalimpong,36,,34,36,94,122,126,118,98,43,50,NR,149,112,149,163,NR,50,377,14,25,33,45,,,,,,,,,,,,,,,,,,,2023-10-17
West Bengal,Krishnagar,37,,NR,38,71,123,105,138,107,40,42,179,113,133,117,129,112,42,252,19,21,23,58,,,,,,,,,,,,,,,,,,,2023-10-17
West Bengal,Tamluk,44,,NR,45,81,158,113,176,118,45,56,NR,134,125,101,137,100,54,300,26,20,35,38,,,,,,,,,,,,,,,,,,,2023-10-17
NORTH EAST ZONE,NORTH EAST ZONE,,,,,,,,,,,,,,,,,,,,,,,,,,,,,,,,,,,,,,,,,,2023-10-17
Andaman and Nicobar,Port Blair,47,,NR,67,92,177,140,133,97,52,73,NR,176,213,NR,132,121,74,325,20,40,53,57,,,,,,,,,,,,,,,,,,,2023-10-17
Andaman and Nicobar,Mayabunder,41,,NR,66,84,158,139,126,94,52,71,200,174,187,NR,119,113,70,315,18,40,60,60,,,,,,,,,,,,,,,,,,,2023-10-17
Andaman and Nicobar,Car Nicobar,45,,NR,70,100,173,149,140,103,59,74,250,197,187,NR,165,130,88,285,24,50,60,65,,,,,,,,,,,,,,,,,,,2023-10-17
Arunachal pradesh,Itanagar,36,,NR,40,99,155,130,130,100,55,72,NR,120,120,120,180,NR,NR,NR,15,NR,NR,NR,,,,,,,,,,,,,,,,,,,2023-10-17
Arunachal pradesh,Namsai,23,,NR,35,80,120,120,110,100,50,68,NR,190,220,165,225,NR,70,300,30,27,37,60,,,,,,,,,,,,,,,,,,,2023-10-17
Arunachal pradesh,Pasighat,45,,NR,37,97,152,112,123,110,51,73,155,147,125,130,160,NR,66,300,19,23,47,50,,,,,,,,,,,,,,,,,,,2023-10-17
Arunachal pradesh,Tawang,38,,42,40,90,130,130,120,110,NR,NR,NR,NR,NR,NR,NR,NR,NR,NR,NR,NR,NR,NR,,,,,,,,,,,,,,,,,,,2023-10-17
Assam,Guwahati,37,,30,37,84,152,95,111,85,45,70,213,145,140,130,145,125,55,200,12,25,45,35,,,,,,,,,,,,,,,,,,,2023-10-17
Assam,Barpeta,36,,28,33,74,121,99,112,83,NR,NR,NR,155,153,168,112,139,NR,NR,NR,20,32,42,,,,,,,,,,,,,,,,,,,2023-10-17
Assam,Tinsukia,34,,NR,33,85,150,100,115,85,46,72,NR,140,140,115,125,NR,70,175,12,18,40,NR,,,,,,,,,,,,,,,,,,,2023-10-17
Assam,Dhubri,40,,NR,40,80,160,140,108,90,46,72,NR,148,110,115,120,98,55,240,12,20,35,32,,,,,,,,,,,,,,,,,,,2023-10-17
Assam,Goalpara,55,,30,33,77,120,118,100,92,42,57,187,171,152,154,180,146,47,228,12,21,31,43,,,,,,,,,,,,,,,,,,,2023-10-17
Assam,Golaghat,42,,30,36,76,137,110,105,103,45,59,NR,163,163,171,177,166,66,265,12,24,35,30,,,,,,,,,,,,,,,,,,,2023-10-17
Assam,Mangaldai,43,,33,36,72,108,95,107,94,43,70,NR,161,145,142,180,135,60,280,14,21,36,47,,,,,,,,,,,,,,,,,,,2023-10-17
Assam,Mushalpur,NR,,NR,NR,NR,NR,NR,NR,NR,NR,NR,NR,NR,NR,NR,NR,NR,NR,NR,NR,NR,NR,NR,,,,,,,,,,,,,,,,,,,2023-10-17
Assam,Udalguri,40,,27,35,75,141,115,107,80,44,70,NR,147,127,132,153,102,50,258,20,23,41,44,,,,,,,,,,,,,,,,,,,2023-10-17
Assam,Bajali,60,,NR,39,75,157,123,113,100,43,70,NR,167,NR,163,180,NR,60,400,10,20,48,40,,,,,,,,,,,,,,,,,,,2023-10-17
Assam,Hojai,47,,NR,35,77,143,85,115,85,45,73,NR,125,100,118,127,102,58,230,10,19,40,40,,,,,,,,,,,,,,,,,,,2023-10-17
Assam,Jorhat,50,,30,43,87,148,93,115,111,47,72,243,150,149,125,157,110,63,212,12,24,43,62,,,,,,,,,,,,,,,,,,,2023-10-17
Assam,Bongaigaon,36,,NR,31,70,115,95,109,105,42,72,NR,136,152,149,174,109,50,348,10,20,40,40,,,,,,,,,,,,,,,,,,,2023-10-17
Assam,Morigaon,40,,NR,39,81,148,110,118,97,44,60,NR,157,145,152,160,110,60,237,10,25,43,43,,,,,,,,,,,,,,,,,,,2023-10-17
Assam,Sonari,36,,34,33,74,144,NR,111,98,44,72,NR,157,99,131,NR,NR,68,213,12,19,33,39,,,,,,,,,,,,,,,,,,,2023-10-17
Assam,Tamulpur,44,,34,35,84,128,92,115,85,45,67,NR,122,114,130,NR,102,56,285,10,20,43,73,,,,,,,,,,,,,,,,,,,2023-10-17
Assam,Sivasagar,51,,NR,47,82,122,124,122,100,48,74,NR,137,145,148,NR,NR,63,286,10,23,35,NR,,,,,,,,,,,,,,,,,,,2023-10-17
Assam,Biswanath Chariali,45,,NR,30,75,145,NR,106,101,48,74,NR,143,140,175,175,NR,54,225,12,19,31,58,,,,,,,,,,,,,,,,,,,2023-10-17
Assam,Dibrugarh,43,,NR,42,84,167,118,118,95,48,72,NR,136,138,115,134,NR,57,280,23,20,44,40,,,,,,,,,,,,,,,,,,,2023-10-17
Assam,Karimganj,40,,NR,35,84,147,129,110,81,45,70,NR,137,NR,99,136,92,58,236,14,22,35,34,,,,,,,,,,,,,,,,,,,2023-10-17
Assam,Majuli,50,,NR,38,92,160,88,120,100,49,70,NR,130,NR,133,NR,NR,60,260,15,25,40,NR,,,,,,,,,,,,,,,,,,,2023-10-17
Assam,Sonitpur Tezpur,37,,NR,35,69,119,108,110,99,42,69,226,156,172,142,171,NR,46,297,10,17,23,40,,,,,,,,,,,,,,,,,,,2023-10-17
Assam,Haflong,40,,NR,45,72,110,NR,110,80,50,72,NR,150,NR,140,170,NR,80,250,30,25,45,50,,,,,,,,,,,,,,,,,,,2023-10-17
Assam,AS-Lakhimpur,35,,NR,34,72,NR,98,102,91,45,70,NR,142,115,115,126,NR,57,NR,15,18,37,NR,,,,,,,,,,,,,,,,,,,2023-10-17
Assam,Diphu,NR,,NR,NR,NR,NR,NR,NR,NR,NR,NR,NR,NR,NR,NR,NR,NR,NR,NR,NR,NR,NR,NR,,,,,,,,,,,,,,,,,,,2023-10-17
Assam,Nalbari,49,,NR,45,130,152,143,112,92,48,79,130,155,145,150,155,115,45,350,10,32,43,40,,,,,,,,,,,,,,,,,,,2023-10-17
Assam,South Salmara Mankachar,40,,29,35,80,161,120,120,81,47,55,201,152,NR,135,NR,108,52,230,10,27,38,35,,,,,,,,,,,,,,,,,,,2023-10-17
Assam,Kamrup,38,,NR,35,84,159,120,120,90,45,71,NR,145,NR,127,143,103,61,280,20,23,37,31,,,,,,,,,,,,,,,,,,,2023-10-17
Manipur,Imphal,NR,,NR,NR,NR,NR,NR,NR,NR,NR,NR,NR,NR,NR,NR,NR,NR,NR,NR,NR,NR,NR,NR,,,,,,,,,,,,,,,,,,,2023-10-17
Manipur,Chandel,NR,,NR,NR,NR,NR,NR,NR,NR,NR,NR,NR,NR,NR,NR,NR,NR,NR,NR,NR,NR,NR,NR,,,,,,,,,,,,,,,,,,,2023-10-17
Manipur,Jiribam,NR,,NR,NR,NR,NR,NR,NR,NR,NR,NR,NR,NR,NR,NR,NR,NR,NR,NR,NR,NR,NR,NR,,,,,,,,,,,,,,,,,,,2023-10-17
Manipur,Kangpokpi,NR,,NR,NR,NR,NR,NR,NR,NR,NR,NR,NR,NR,NR,NR,NR,NR,NR,NR,NR,NR,NR,NR,,,,,,,,,,,,,,,,,,,2023-10-17
Manipur,Senapati,NR,,NR,NR,NR,NR,NR,NR,NR,NR,NR,NR,NR,NR,NR,NR,NR,NR,NR,NR,NR,NR,NR,,,,,,,,,,,,,,,,,,,2023-10-17
Manipur,Tamenglong,NR,,NR,NR,NR,NR,NR,NR,NR,NR,NR,NR,NR,NR,NR,NR,NR,NR,NR,NR,NR,NR,NR,,,,,,,,,,,,,,,,,,,2023-10-17
Manipur,Thoubal,NR,,NR,NR,NR,NR,NR,NR,NR,NR,NR,NR,NR,NR,NR,NR,NR,NR,NR,NR,NR,NR,NR,,,,,,,,,,,,,,,,,,,2023-10-17
Manipur,Ukhrul,NR,,NR,NR,NR,NR,NR,NR,NR,NR,NR,NR,NR,NR,NR,NR,NR,NR,NR,NR,NR,NR,NR,,,,,,,,,,,,,,,,,,,2023-10-17
Meghalaya,Shillong,45,,34,33,75,118,110,113,103,45,72,NR,130,130,120,NR,NR,70,300,30,25,47,45,,,,,,,,,,,,,,,,,,,2023-10-17
Meghalaya,Tura,35,,40,40,90,180,140,120,95,48,72,NR,140,NR,125,135,100,87,500,20,28,47,47,,,,,,,,,,,,,,,,,,,2023-10-17
Meghalaya,Jowai,36,,36,35,80,120,120,120,90,45,72,NR,120,NR,120,200,120,80,340,30,25,50,30,,,,,,,,,,,,,,,,,,,2023-10-17
Meghalaya,Sohra,38,,39,39,NR,130,130,120,90,46,72,NR,118,NR,118,NR,NR,100,330,30,32,47,43,,,,,,,,,,,,,,,,,,,2023-10-17
Meghalaya,Mairang,40,,40,40,NR,NR,NR,NR,90,49,72,NR,120,NR,120,NR,NR,NR,340,12,25,50,40,,,,,,,,,,,,,,,,,,,2023-10-17
Meghalaya,Nongpoh,35,,NR,35,88,180,140,117,92,46,72,139,132,132,146,178,198,59,290,22,28,48,40,,,,,,,,,,,,,,,,,,,2023-10-17
Meghalaya,Khliehriat,45,,36,35,87,112,120,120,84,45,76,NR,165,140,140,NR,NR,80,320,30,30,50,40,,,,,,,,,,,,,,,,,,,2023-10-17
Meghalaya,Williamnagar,35,,45,45,80,132,NR,117,90,45,70,NR,150,NR,189,NR,135,NR,470,15,25,40,50,,,,,,,,,,,,,,,,,,,2023-10-17
Meghalaya,Nongstoin,35,,40,40,NR,NR,NR,120,90,50,73,NR,140,158,140,175,175,NR,360,15,24,50,43,,,,,,,,,,,,,,,,,,,2023-10-17
Meghalaya,Mawkyrwat,NR,,NR,NR,NR,NR,NR,NR,NR,NR,NR,NR,NR,NR,NR,NR,NR,NR,NR,NR,NR,NR,NR,,,,,,,,,,,,,,,,,,,2023-10-17
Mizoram,Aizawl,50,,40,55,90,160,130,130,100,50,80,198,187,194,121,209,143,100,520,30,40,50,83,,,,,,,,,,,,,,,,,,,2023-10-17
Mizoram,Lunglei,50,,40,45,98,NR,NR,120,105,50,75,NR,190,220,150,NR,NR,100,520,25,40,60,70,,,,,,,,,,,,,,,,,,,2023-10-17
Mizoram,Kolasib,44,,40,40,96,130,113,110,100,50,78,NR,173,NR,121,197,116,110,400,26,25,45,71,,,,,,,,,,,,,,,,,,,2023-10-17
Mizoram,Mamit,50,,NR,40,NR,NR,NR,NR,110,50,75,NR,190,NR,110,NR,NR,NR,520,30,40,47,NR,,,,,,,,,,,,,,,,,,,2023-10-17
Mizoram,Champhai,50,,35,60,NR,NR,NR,NR,110,50,80,NR,180,NR,130,NR,NR,163,520,30,57,63,NR,,,,,,,,,,,,,,,,,,,2023-10-17
Mizoram,Serchhip,40,,NR,45,120,125,150,125,97,49,79,NR,190,200,112,NR,NR,100,273,30,32,53,NR,,,,,,,,,,,,,,,,,,,2023-10-17
Mizoram,Siaha,50,,45,44,120,130,NR,120,100,50,70,NR,214,140,159,NR,138,NR,540,30,37,60,NR,,,,,,,,,,,,,,,,,,,2023-10-17
Mizoram,Lawngtlai,50,,40,42,83,130,110,130,98,50,80,NR,NR,NR,120,NR,110,100,490,30,40,55,80,,,,,,,,,,,,,,,,,,,2023-10-17
Mizoram,Hnahthial,53,,45,45,125,160,130,118,98,52,79,NR,165,140,110,NR,NR,120,520,30,37,53,NR,,,,,,,,,,,,,,,,,,,2023-10-17
Mizoram,Khawzawl,40,,50,45,105,137,NR,143,105,50,80,150,170,NR,127,NR,150,120,520,30,40,60,NR,,,,,,,,,,,,,,,,,,,2023-10-17
Mizoram,Saitual,50,,40,40,100,NR,100,NR,95,50,80,NR,230,NR,150,NR,NR,NR,NR,30,40,40,80,,,,,,,,,,,,,,,,,,,2023-10-17
Nagaland,Kohima,40,,40,55,110,155,130,140,90,50,60,NR,130,180,140,200,NR,NR,230,20,25,60,50,,,,,,,,,,,,,,,,,,,2023-10-17
Nagaland,Dimapur,45,,40,35,70,120,105,120,83,46,80,200,150,200,170,210,165,80,210,15,20,45,40,,,,,,,,,,,,,,,,,,,2023-10-17
Nagaland,Tuensang,37,,38,55,100,NR,NR,120,100,50,NR,NR,160,NR,165,NR,NR,NR,275,20,30,50,70,,,,,,,,,,,,,,,,,,,2023-10-17
Nagaland,Mokochung,50,,NR,60,130,135,140,120,90,50,72,NR,120,120,155,200,NR,85,380,15,25,50,45,,,,,,,,,,,,,,,,,,,2023-10-17
Nagaland,Chumukedima,40,,NR,35,80,125,115,100,80,40,75,NR,120,150,130,195,NR,80,280,15,20,50,40,,,,,,,,,,,,,,,,,,,2023-10-17
Nagaland,Mon,38,,NR,50,90,NR,NR,120,100,50,70,NR,140,NR,140,NR,NR,60,350,20,25,45,50,,,,,,,,,,,,,,,,,,,2023-10-17
Nagaland,Peren,35,,40,40,120,NR,140,120,100,50,72,NR,160,NR,168,NR,NR,80,345,15,25,50,40,,,,,,,,,,,,,,,,,,,2023-10-17
Nagaland,Phek,37,,47,47,100,140,133,140,100,NR,NR,NR,160,NR,170,NR,NR,NR,NR,NR,30,60,60,,,,,,,,,,,,,,,,,,,2023-10-17
Nagaland,Tseminyu,50,,NR,50,NR,NR,NR,120,100,50,70,NR,120,NR,130,NR,NR,NR,360,15,25,50,50,,,,,,,,,,,,,,,,,,,2023-10-17
Nagaland,Wokha,45,,NR,43,100,123,125,120,100,50,68,NR,160,200,180,NR,NR,NR,290,15,30,50,40,,,,,,,,,,,,,,,,,,,2023-10-17
Nagaland,Zunheboto,50,,NR,50,NR,120,NR,140,100,45,75,NR,150,NR,140,NR,NR,60,400,18,30,60,60,,,,,,,,,,,,,,,,,,,2023-10-17
Nagaland,Kiphire,36,,NR,45,90,130,NR,95,90,50,80,NR,130,NR,155,NR,NR,80,330,20,30,60,60,,,,,,,,,,,,,,,,,,,2023-10-17
Nagaland,Longleng,38,,40,50,NR,150,NR,120,100,70,75,NR,160,NR,180,NR,NR,80,350,20,25,40,60,,,,,,,,,,,,,,,,,,,2023-10-17
Nagaland,Niuland,35,,NR,40,NR,160,110,120,95,50,70,NR,110,NR,120,NR,NR,NR,350,15,25,40,40,,,,,,,,,,,,,,,,,,,2023-10-17
Nagaland,Shamator,38,,40,60,100,120,NR,110,100,50,65,NR,130,NR,120,NR,110,100,175,20,30,50,60,,,,,,,,,,,,,,,,,,,2023-10-17
Nagaland,Noklak,38,,50,60,90,100,NR,NR,105,50,NR,NR,145,NR,145,NR,NR,NR,NR,20,30,50,70,,,,,,,,,,,,,,,,,,,2023-10-17
Sikkim,Gangtok,NR,,40,47,85,137,128,123,95,48,62,NR,176,132,159,153,NR,60,547,17,40,45,35,,,,,,,,,,,,,,,,,,,2023-10-17
Sikkim,Gyalshing,45,,35,45,80,130,130,120,100,50,65,NR,160,120,140,180,NR,60,440,20,30,45,40,,,,,,,,,,,,,,,,,,,2023-10-17
Sikkim,Namchi,54,,32,45,80,120,130,107,95,45,65,NR,183,114,167,190,NR,50,420,21,35,35,50,,,,,,,,,,,,,,,,,,,2023-10-17
Sikkim,Soreng,45,,36,42,80,135,135,138,120,50,65,NR,198,148,168,214,NR,49,480,20,40,40,40,,,,,,,,,,,,,,,,,,,2023-10-17
Sikkim,Mangan,60,,36,36,80,135,135,130,110,50,60,NR,187,167,NR,210,NR,66,343,17,33,45,45,,,,,,,,,,,,,,,,,,,2023-10-17
Tripura,Agartala,39,,NR,37,87,149,125,110,105,49,70,NR,136,145,119,159,96,70,200,12,25,50,40,,,,,,,,,,,,,,,,,,,2023-10-17
Tripura,Dharmanagar,34,,NR,38,85,143,142,118,113,47,71,NR,118,130,115,158,103,80,253,10,20,40,43,,,,,,,,,,,,,,,,,,,2023-10-17
Tripura,Belonia,42,,NR,40,NR,NR,NR,105,107,45,68,NR,139,NR,113,131,105,75,265,10,25,40,40,,,,,,,,,,,,,,,,,,,2023-10-17
Tripura,TR-Udaipur,40,,NR,36,85,145,118,113,100,47,72,NR,122,108,109,130,93,56,168,10,22,45,55,,,,,,,,,,,,,,,,,,,2023-10-17
SOUTH ZONE,SOUTH ZONE,,,,,,,,,,,,,,,,,,,,,,,,,,,,,,,,,,,,,,,,,,2023-10-17
Andhra Pradesh,Vijaywada,56,,48,58,93,192,137,132,103,44,68,175,181,130,NR,114,90,60,300,21,33,36,24,,,,,,,,,,,,,,,,,,,2023-10-17
Andhra Pradesh,Visakhapatnam,50,,39,43,85,168,133,120,87,44,54,179,140,97,NR,109,88,57,290,24,22,34,21,,,,,,,,,,,,,,,,,,,2023-10-17
Andhra Pradesh,Kurnool,61,,44,41,88,172,127,130,105,42,63,164,169,114,125,107,86,63,463,24,33,36,13,,,,,,,,,,,,,,,,,,,2023-10-17
Andhra Pradesh,Tirupathi,58,,43,44,81,172,130,125,110,44,48,175,173,113,139,112,89,60,473,22,29,31,17,,,,,,,,,,,,,,,,,,,2023-10-17
Andhra Pradesh,Jammalamadugu,40,,40,46,65,135,110,110,103,42,60,182,258,120,200,115,120,54,198,20,40,30,20,,,,,,,,,,,,,,,,,,,2023-10-17
Andhra Pradesh,Dharmavaram,NR,,NR,NR,NR,NR,NR,NR,NR,NR,NR,NR,NR,NR,NR,NR,NR,NR,NR,NR,NR,NR,NR,,,,,,,,,,,,,,,,,,,2023-10-17
Andhra Pradesh,Ongole,NR,,NR,NR,NR,NR,NR,NR,NR,NR,NR,NR,NR,NR,NR,NR,NR,NR,NR,NR,NR,NR,NR,,,,,,,,,,,,,,,,,,,2023-10-17
Karnataka,Bengaluru,54,,38,39,84,160,128,123,87,44,47,205,149,93,119,109,90,61,440,16,26,34,13,,,,,,,,,,,,,,,,,,,2023-10-17
Karnataka,Dharwad,55,,44,61,92,184,145,130,118,42,48,192,162,151,106,106,90,54,393,28,34,36,18,,,,,,,,,,,,,,,,,,,2023-10-17
Karnataka,Mangalore,48,,45,43,70,132,130,115,90,37,44,166,159,147,135,108,100,60,371,14,35,40,24,,,,,,,,,,,,,,,,,,,2023-10-17
Karnataka,Mysore,59,,44,53,123,176,130,125,112,42,43,199,175,154,154,114,112,60,308,19,27,36,20,,,,,,,,,,,,,,,,,,,2023-10-17
Karnataka,Bengaluru (East Range),63,,42,38,80,180,128,124,93,46,46,157,179,100,128,122,98,55,240,15,32,42,16,,,,,,,,,,,,,,,,,,,2023-10-17
Karnataka,Belagavi,58,,42,43,85,175,128,120,86,52,53,183,164,102,110,118,92,48,265,19,24,32,12,,,,,,,,,,,,,,,,,,,2023-10-17
Karnataka,Kalaburagi,61,,43,46,74,175,125,130,96,40,58,177,156,110,144,115,86,44,241,18,27,24,16,,,,,,,,,,,,,,,,,,,2023-10-17
Karnataka,Tumakuru,61,,43,40,88,172,128,123,94,42,49,195,161,122,124,114,94,58,297,22,33,38,13,,,,,,,,,,,,,,,,,,,2023-10-17
Karnataka,Bellary,56,,40,41,80,172,126,119,125,41,48,188,145,98,131,106,91,62,228,24,32,37,10,,,,,,,,,,,,,,,,,,,2023-10-17
Karnataka,Dhavanagere,60,,42,63,88,175,138,122,110,43,49,166,153,120,124,110,90,56,272,28,29,36,11,,,,,,,,,,,,,,,,,,,2023-10-17
Karnataka,Shivamogga,58,,44,40,90,188,140,134,109,44,48,202,162,102,132,113,94,47,243,25,30,40,13,,,,,,,,,,,,,,,,,,,2023-10-17
Karnataka,Vijayapur,64,,51,46,107,172,172,137,121,45,56,218,191,157,125,119,98,61,310,21,32,38,12,,,,,,,,,,,,,,,,,,,2023-10-17
Karnataka,Ramanagara,59,,42,45,92,163,140,135,119,43,48,176,189,105,152,118,100,50,188,18,30,35,12,,,,,,,,,,,,,,,,,,,2023-10-17
Karnataka,Raichur,60,,43,45,92,171,136,128,91,NR,NR,178,170,128,135,113,91,NR,NR,NR,28,40,10,,,,,,,,,,,,,,,,,,,2023-10-17
Karnataka,Chamarajanagar,58,,42,41,92,174,130,122,112,42,44,199,177,112,NR,109,102,59,286,19,27,37,16,,,,,,,,,,,,,,,,,,,2023-10-17
Karnataka,Kolar,47,,44,46,122,145,125,125,125,39,47,155,143,151,128,119,100,51,330,11,23,20,36,,,,,,,,,,,,,,,,,,,2023-10-17
Karnataka,Haveri,51,,40,43,133,163,135,135,85,39,64,149,157,135,142,142,93,43,247,9,48,48,12,,,,,,,,,,,,,,,,,,,2023-10-17
Karnataka,Bagalkot,54,,44,45,73,160,136,122,111,38,57,191,203,112,148,143,99,44,420,26,29,33,25,,,,,,,,,,,,,,,,,,,2023-10-17
Karnataka,Bidar,62,,42,64,81,165,120,116,100,42,66,207,145,130,117,121,100,62,317,27,40,42,21,,,,,,,,,,,,,,,,,,,2023-10-17
Karnataka,Koppal,52,,39,42,83,145,130,115,130,43,43,148,173,126,165,140,106,44,256,12,37,48,20,,,,,,,,,,,,,,,,,,,2023-10-17
Karnataka,Mandya,53,,45,47,92,157,142,126,100,42,46,198,198,108,170,109,93,51,348,18,31,35,13,,,,,,,,,,,,,,,,,,,2023-10-17
Karnataka,Yadgir,55,,45,36,75,160,140,120,100,40,60,182,170,112,148,117,101,53,420,28,40,42,28,,,,,,,,,,,,,,,,,,,2023-10-17
Karnataka,Chikkamagalur,55,,41,45,98,174,138,124,102,42,49,145,165,115,110,120,91,56,201,18,27,36,20,,,,,,,,,,,,,,,,,,,2023-10-17
Karnataka,Bangalore Rural,55,,38,55,85,147,130,120,110,39,42,178,133,105,155,125,80,49,245,15,27,40,16,,,,,,,,,,,,,,,,,,,2023-10-17
Karnataka,Chikkaballapur,51,,40,38,78,138,118,110,81,40,42,166,142,99,143,117,91,46,413,15,30,24,30,,,,,,,,,,,,,,,,,,,2023-10-17
Karnataka,Chitradurga,64,,41,52,80,145,154,145,150,39,47,152,187,142,148,157,110,45,310,31,25,35,12,,,,,,,,,,,,,,,,,,,2023-10-17
Karnataka,Gadag,59,,44,47,87,155,129,128,106,42,69,176,172,126,148,125,100,44,325,10,35,30,15,,,,,,,,,,,,,,,,,,,2023-10-17
Karnataka,Hassan,45,,40,56,70,150,115,96,88,38,52,160,175,106,145,145,90,48,230,15,25,25,10,,,,,,,,,,,,,,,,,,,2023-10-17
Karnataka,Kodagu,55,,41,47,108,182,143,128,123,43,48,174,183,158,163,120,98,41,215,15,30,24,23,,,,,,,,,,,,,,,,,,,2023-10-17
Karnataka,Udupi,54,,53,57,127,145,155,129,129,49,48,174,176,121,152,158,119,51,289,28,33,34,27,,,,,,,,,,,,,,,,,,,2023-10-17
Karnataka,Uttara Kannada,50,,45,38,100,147,137,128,113,47,50,221,199,137,153,117,123,47,251,28,36,35,35,,,,,,,,,,,,,,,,,,,2023-10-17
Karnataka,Vijayanagara,63,,44,44,84,164,132,125,113,42,48,175,159,124,119,108,91,44,244,16,30,29,11,,,,,,,,,,,,,,,,,,,2023-10-17
Kerala,T.Puram,56,,43,49,93,177,150,133,117,44,52,243,167,140,NR,115,94,80,267,17,38,38,21,,,,,,,,,,,,,,,,,,,2023-10-17
Kerala,Ernakulam,NR,,45,NR,NR,190,NR,138,NR,NR,NR,NR,NR,NR,NR,NR,NR,NR,NR,NR,NR,NR,NR,,,,,,,,,,,,,,,,,,,2023-10-17
Kerala,Kozhikode,44,,50,49,104,179,133,141,106,43,53,233,185,137,NR,116,94,63,227,15,32,37,21,,,,,,,,,,,,,,,,,,,2023-10-17
Kerala,Thrissur,52,,45,57,99,196,147,147,117,47,54,241,208,153,NR,125,113,67,259,16,42,42,30,,,,,,,,,,,,,,,,,,,2023-10-17
Kerala,Palakkad,46,,45,48,99,188,141,125,98,43,50,222,187,137,NR,112,92,56,253,12,39,42,19,,,,,,,,,,,,,,,,,,,2023-10-17
Kerala,Wayanad,46,,49,41,106,185,143,139,101,42,52,NR,200,150,NR,121,95,52,205,15,36,37,17,,,,,,,,,,,,,,,,,,,2023-10-17
Kerala,Kasargod,51,,50,55,106,170,164,136,105,43,61,NR,NR,150,NR,101,88,46,240,14,30,37,19,,,,,,,,,,,,,,,,,,,2023-10-17
Kerala,Kottayam,56,,42,45,128,188,125,122,102,43,56,NR,205,142,NR,119,95,62,242,13,42,36,35,,,,,,,,,,,,,,,,,,,2023-10-17
Kerala,Pathanamthitta,57,,34,38,95,154,145,138,136,44,53,NR,248,190,NR,124,100,70,237,14,42,40,30,,,,,,,,,,,,,,,,,,,2023-10-17
Kerala,Alapuzha,48,,45,65,94,173,148,146,117,43,52,NR,NR,149,NR,117,NR,61,193,12,41,37,31,,,,,,,,,,,,,,,,,,,2023-10-17
Kerala,Kollam,46,,46,45,106,215,152,NR,114,46,52,227,NR,156,NR,127,118,69,230,15,46,43,28,,,,,,,,,,,,,,,,,,,2023-10-17
Kerala,Idukki,56,,41,40,90,186,145,125,90,44,60,NR,164,139,NR,111,94,60,180,13,40,40,26,,,,,,,,,,,,,,,,,,,2023-10-17
Kerala,Kannur,50,,44,45,89,174,142,148,101,43,52,NR,NR,175,NR,123,96,61,258,16,30,36,14,,,,,,,,,,,,,,,,,,,2023-10-17
Kerala,Malapuram,47,,45,40,91,185,133,129,137,42,52,239,158,137,NR,123,93,49,223,11,34,35,15,,,,,,,,,,,,,,,,,,,2023-10-17
Puducherry,Puducherry,53,,39,34,74,179,135,120,86,40,46,207,170,140,NR,110,90,50,393,20,NR,NR,NR,,,,,,,,,,,,,,,,,,,2023-10-17
Tamil Nadu,Chennai,63,,44,43,87,185,139,127,97,43,40,189,152,108,NR,109,87,68,303,27,36,37,19,,,,,,,,,,,,,,,,,,,2023-10-17
Tamil Nadu,Madurai,58,,41,59,86,172,126,116,91,49,45,214,192,152,NR,116,86,48,263,13,46,39,19,,,,,,,,,,,,,,,,,,,2023-10-17
Tamil Nadu,Dindigul,62,,43,44,90,178,137,121,89,42,45,230,190,115,NR,110,97,52,273,26,35,38,16,,,,,,,,,,,,,,,,,,,2023-10-17
Tamil Nadu,Thiruchirapalli,60,,43,60,88,179,142,129,107,44,43,209,181,130,NR,116,88,60,NR,27,31,45,17,,,,,,,,,,,,,,,,,,,2023-10-17
Tamil Nadu,Coimbatore,NR,,NR,NR,NR,NR,NR,NR,NR,NR,NR,NR,NR,NR,NR,NR,NR,NR,NR,NR,NR,NR,NR,,,,,,,,,,,,,,,,,,,2023-10-17
Tamil Nadu,Tirunelveli,NR,,NR,NR,NR,NR,NR,NR,NR,NR,NR,NR,NR,NR,NR,NR,NR,NR,NR,NR,NR,NR,NR,,,,,,,,,,,,,,,,,,,2023-10-17
Tamil Nadu,Cuddalore,60,,50,56,88,175,141,127,120,40,48,211,212,166,NR,112,90,52,313,22,51,38,19,,,,,,,,,,,,,,,,,,,2023-10-17
Tamil Nadu,Dharmapuri,60,,44,40,84,175,132,115,85,43,43,225,NR,115,NR,120,95,50,270,25,32,36,17,,,,,,,,,,,,,,,,,,,2023-10-17
Tamil Nadu,Vellore,NR,,NR,NR,NR,NR,NR,NR,NR,NR,NR,NR,NR,NR,NR,NR,NR,NR,NR,NR,NR,NR,NR,,,,,,,,,,,,,,,,,,,2023-10-17
Tamil Nadu,Ramanathapuram,57,,37,57,81,171,145,124,97,42,44,226,235,121,NR,122,99,49,274,26,41,41,26,,,,,,,,,,,,,,,,,,,2023-10-17
Tamil Nadu,Erode,60,,47,41,92,174,141,124,87,44,45,223,183,119,NR,108,93,53,288,25,38,41,19,,,,,,,,,,,,,,,,,,,2023-10-17
Tamil Nadu,Karur,43,,48,55,87,173,136,126,85,44,43,217,172,115,NR,114,91,51,298,10,33,40,22,,,,,,,,,,,,,,,,,,,2023-10-17
Tamil Nadu,Perambalur,53,,NR,59,85,173,139,120,81,43,40,216,168,120,NR,115,89,51,NR,26,37,38,21,,,,,,,,,,,,,,,,,,,2023-10-17
Tamil Nadu,Pudukkottai,62,,45,61,90,184,146,126,NR,44,45,225,200,143,NR,111,94,51,NR,27,30,45,25,,,,,,,,,,,,,,,,,,,2023-10-17
Tamil Nadu,Sivagangai,61,,45,60,92,187,139,128,110,43,44,234,213,135,NR,110,96,51,277,26,43,40,20,,,,,,,,,,,,,,,,,,,2023-10-17
Tamil Nadu,Thanjavur,54,,45,45,87,185,147,130,95,43,44,207,180,127,NR,113,88,52,250,NR,29,38,16,,,,,,,,,,,,,,,,,,,2023-10-17
Tamil Nadu,The nilgiris,65,,43,42,83,173,140,131,93,44,54,213,170,103,NR,112,96,60,207,27,49,39,37,,,,,,,,,,,,,,,,,,,2023-10-17
Tamil Nadu,Thoothukudi,53,,43,57,85,172,141,121,86,43,54,229,190,125,NR,111,86,53,306,11,30,35,20,,,,,,,,,,,,,,,,,,,2023-10-17
Tamil Nadu,Viluppuram,56,,48,39,87,182,124,131,102,42,46,197,152,113,NR,108,90,57,NR,25,32,37,15,,,,,,,,,,,,,,,,,,,2023-10-17
Tamil Nadu,Virudhunagar,57,,41,63,87,169,136,120,79,44,45,219,162,127,NR,114,87,52,293,28,37,40,22,,,,,,,,,,,,,,,,,,,2023-10-17
Tamil Nadu,Kanniyakumari,57,,38,55,88,171,140,118,122,42,41,213,180,130,NR,113,88,53,258,25,40,45,17,,,,,,,,,,,,,,,,,,,2023-10-17
Tamil Nadu,Namakkal,58,,46,61,92,187,140,130,93,42,44,203,188,113,NR,105,88,52,NR,26,34,37,19,,,,,,,,,,,,,,,,,,,2023-10-17
Tamil Nadu,Tiruvannamalai,57,,47,52,84,178,136,123,107,42,65,208,182,113,NR,108,91,58,280,27,38,38,18,,,,,,,,,,,,,,,,,,,2023-10-17
Tamil Nadu,Tiruvarur,52,,58,65,66,154,144,110,NR,43,65,207,126,112,NR,116,86,52,NR,12,30,45,20,,,,,,,,,,,,,,,,,,,2023-10-17
Tamil Nadu,Tiruppur,66,,49,45,105,183,148,126,89,43,44,213,170,114,NR,108,89,58,NR,28,30,40,19,,,,,,,,,,,,,,,,,,,2023-10-17
Tamil Nadu,Tenkasi,55,,44,60,87,172,154,119,NR,42,66,218,195,122,NR,115,87,54,275,22,31,39,19,,,,,,,,,,,,,,,,,,,2023-10-17
Tamil Nadu,Nagapattinam,56,,45,62,91,172,131,122,109,42,49,214,212,120,NR,105,90,55,NR,20,28,36,12,,,,,,,,,,,,,,,,,,,2023-10-17
Tamil Nadu,Krishnagiri,57,,42,38,84,177,133,121,85,42,44,193,NR,105,NR,108,88,50,503,26,30,35,19,,,,,,,,,,,,,,,,,,,2023-10-17
Tamil Nadu,Ariyalur,55,,NR,64,88,178,145,128,NR,44,40,202,NR,120,NR,112,89,53,NR,26,38,40,21,,,,,,,,,,,,,,,,,,,2023-10-17
Tamil Nadu,Kallakurichi,56,,44,60,91,184,126,132,105,43,45,211,158,108,NR,109,88,58,NR,26,37,37,17,,,,,,,,,,,,,,,,,,,2023-10-17
Tamil Nadu,Kancheepuram,62,,47,61,89,183,142,125,92,43,40,197,156,122,NR,114,88,65,NR,26,40,45,19,,,,,,,,,,,,,,,,,,,2023-10-17
Tamil Nadu,Salem,43,,43,44,94,168,138,119,105,43,45,211,188,116,NR,113,93,54,280,31,36,40,17,,,,,,,,,,,,,,,,,,,2023-10-17
Tamil Nadu,Theni,57,,44,50,89,171,133,116,82,42,45,213,175,114,NR,114,86,48,308,13,37,37,19,,,,,,,,,,,,,,,,,,,2023-10-17
Telangana,Hyderabad,56,,40,37,80,159,116,107,91,37,52,167,155,98,109,107,95,51,265,18,25,26,19,,,,,,,,,,,,,,,,,,,2023-10-17
Telangana,Karimnagar,47,,41,57,78,165,127,119,88,42,68,163,146,98,NR,111,86,58,309,25,26,36,19,,,,,,,,,,,,,,,,,,,2023-10-17
Telangana,Warangal,45,,37,38,71,144,109,109,86,41,55,177,183,148,174,126,88,54,274,15,30,30,NR,,,,,,,,,,,,,,,,,,,2023-10-17
Telangana,Adilabad,57,,39,49,79,158,123,120,90,41,NR,185,190,110,155,106,92,50,NR,20,28,55,14,,,,,,,,,,,,,,,,,,,2023-10-17
Telangana,Suryapet,49,,48,46,72,171,122,116,92,40,61,163,151,128,NR,115,96,52,280,20,23,27,22,,,,,,,,,,,,,,,,,,,2023-10-17
Telangana,Jadcherla,40,,30,50,75,157,125,110,95,39,57,170,178,123,NR,116,108,55,292,14,15,38,36,,,,,,,,,,,,,,,,,,,2023-10-17
Telangana,Khammam,50,,36,40,68,145,110,104,90,40,55,165,180,118,173,115,99,55,330,20,31,40,35,,,,,,,,,,,,,,,,,,,2023-10-17
Telangana,Medchal,56,,40,40,65,172,115,108,80,38,61,169,198,122,119,120,100,44,260,18,27,38,19,,,,,,,,,,,,,,,,,,,2023-10-17
Telangana,Nizamabad,46,,43,39,82,155,120,112,118,43,75,180,191,109,NR,128,115,65,344,13,40,40,15,,,,,,,,,,,,,,,,,,,2023-10-17
Telangana,Sangareddy,55,,40,42,72,156,120,117,93,42,70,158,160,138,160,120,96,70,380,24,30,28,17,,,,,,,,,,,,,,,,,,,2023-10-17
Commodity Name,Commodity Name,Rice,Rice,Wheat,Atta (Wheat),Gram Dal,Tur/Arhar Dal,Urad Dal,Moong Dal,Masoor Dal,Sugar,Milk @,Groundnut Oil (Packed),Mustard Oil (Packed),Vanaspati (Packed),Soya Oil (Packed),Sunflower Oil (Packed),Palm Oil (Packed),Gur,Tea Loose,Salt Pack (Iodised),Potato,Onion,Tomato,Bajra(whole),Jowar(whole),Maida(wheat),Ragi(whole),Suji(whole),Besan,Desi Ghee,Butter(Pasteurised),Eggs,Brinjal,Black Pepper(whole),Coriander(whole),Cummin Seed(whole),Red Chillies(whole),Turmeric(powder),Banana,GInger,Garlic,2023-10-17
Average Price1,Average Price1,42.66,,30.29,35.6,82.62,151.8,118.97,115.87,94.22,44.03,58.37,193.24,138.36,127.66,124.66,124.41,100.55,53.33,280.55,22.27,24.49,34.93,28.93,,,,,,,,,,,,,,,,,,,2023-10-17
Maximum Price1,Maximum Price1,70,,58,70,133,215,176,176,150,70,80,257,258,220,200,244,198,163,559,32,57,63,83,,,,,,,,,,,,,,,,,,,2023-10-17
Minimum Price1,Minimum Price1,23,,21,27,58,87,85,87,70,37,40,128,106,93,95,101,78,35,168,9,11,15,10,,,,,,,,,,,,,,,,,,,2023-10-17
Modal Price1,Modal Price1,40,,28,35,80,160,120,120,90,42,60,200,140,125,110,125,100,50,280,28,20,40,20,,,,,,,,,,,,,,,,,,,2023-10-17
,,,,,,,,,,,,,,,,,,,,,,,,,,,,,,,,,,,,,,,,,,,2023-10-17
"Department of Consumer Affairs ( Price Monitoring Division)Date 17/10/2023 Daily Retail Prices Of Essential Commodities  StateCentreRiceBroken RiceWheatAtta (Wheat)Gram DalTur/Arhar DalUrad DalMoong DalMasoor DalSugarMilk @Groundnut Oil (Packed)Mustard Oil (Packed)Vanaspati (Packed)Soya Oil (Packed)Sunflower Oil (Packed)Palm Oil (Packed)GurTea LooseSalt Pack (Iodised)PotatoOnionTomatoBajra (whole)Jowar (whole)Maida (wheat)Ragi (whole)Suji (whole)BesanDesi GheeButter (Pasteurised)Eggs BrinjalBlack Pepper (whole)Coriander (whole)Cummin Seed (whole)Red Chillies (whole)Turmeric (powder)BananaGingerGarlic  UnitQty1 Kg1 Kg1 Kg1 Kg1 Kg1 Kg1 Kg1 Kg1 Kg1 Kg1 ltr1 Kg1 Kg1 Kg1 Kg1 Kg1 Kg1 Kg1 Kg1 Kg1 Kg1 Kg1 Kg1 Kg1 Kg1 Kg1 Kg1 Kg1 Kg1 Kg100 gmDozen1 Kg100 gm250 gm100 gm100 gm50 gm1 Kg100 gm100 gm  Average PriceAverage Price42.66 30.2935.682.62151.8118.97115.8794.2244.0358.37193.24138.36127.66124.66124.41100.5553.33280.5522.2724.4934.9328.93 Maximum PriceMaximum Price70 5870133215176176150708025725822020024419816355932576383 Minimum PriceMinimum Price23 212758878587703740128106939510178351689111510 Modal PriceModal Price40 2835801601201209042602001401251101251005028028204020 NORTH ZONENORTH ZONE  ChandigarhChandigarh42 3236801351151139443591921501281301481075127627253429 DelhiDelhi39 283188177133123904353216143126124139995824326274027 HaryanaHisar32 262875158105108774257188106106103125894426425123320 Karnal60 2838851251221201224366NRNRNRNRNRNR5027930NRNRNR Panchkula30 2731761259899894358170138145125139995521528212729 Gurgaon40 25356510095908842561851651301371631004419020152030 Himachal PradeshShimla42 NR3690169147130904960220166143132NRNR5521028303730 Mandi38 NR34901671351228746472141611341191551164727028343522 Dharamshala28 NR3080152119118924440NR160142143NRNR4621728253422 Solan39 NR3289166124120924549214158130119132NR5322028354025 Una39 NR3089152119117874460NR141123115NRNR4523728214028 Bilaspur-hp44 NR3085160132121914558NR159133131NRNR4631827384027 Chamba36 NR3389144125122884655NR1581351241641014622828223535 Hamirpur-HP39 NR3186150126118994665NR162131NRNRNR5526528363729 Kullu40 NR3286176124113874540NR154129115141NR4823028304030 Sirmour37 21346211097919642502281651351431551214132725292427 Kinnaur40 NR3484148120107814645NR141138125132NR4820627274040 Lahaul & Spiti38 NR37851501301201005070NR193157NRNRNR5536528405047 Jammu and KashmirSrinagar41 4257951201201201035048243155146135198NR4935528334033 Jammu37 2934861691261201024950NR1481301301421005328028253527 Poonch44 2738771181191101004864NR1801531671701564630620223431 Kupwara36 2633901101101201006048NR1481451451481424830724254537 UdhampurNR NRNRNRNRNRNRNRNRNRNRNRNRNRNRNRNRNRNRNRNRNR ShopianNR NRNRNRNRNRNRNRNRNRNRNRNRNRNRNRNRNRNRNRNRNR SambaNR NRNRNRNRNRNRNRNRNRNRNRNRNRNRNRNRNRNRNRNRNR RambanNR NRNRNRNRNRNRNRNRNRNRNRNRNRNRNRNRNRNRNRNRNR RajouriNR NRNRNRNRNRNRNRNRNRNRNRNRNRNRNRNRNRNRNRNRNR KishtwarNR NRNRNRNRNRNRNRNRNRNRNRNRNRNRNRNRNRNRNRNRNR DodaNR NRNRNRNRNRNRNRNRNRNRNRNRNRNRNRNRNRNRNRNRNR BaramullaNR NRNRNRNRNRNRNRNRNRNRNRNRNRNRNRNRNRNRNRNRNR ReasiNR NRNRNRNRNRNRNRNRNRNRNRNRNRNRNRNRNRNRNRNRNR KathuaNR NRNRNRNRNRNRNRNRNRNRNRNRNRNRNRNRNRNRNRNRNR PunjabAmritsar33 2829731591211151204454180120110103122NR4725327NRNRNR Ludhiana36 2331871701301181004460215132117122130NR5528027203723 Bathinda36 2328901701381221004457220140118113133955529326203727 Barnala38 232885168120113904454210120113113120904631328203830 Hoshiarpur34 26308514211812010743622001221431221501106525720203820 Faridkot42 232988173127127924355233127127122137935731328273323 Mansa39 232988132120102974451NR127119121NRNR4528028193330 Sri Muktsar Sahib40 263185172113115934561222112110107115954824727193723 Dera Bassi33 2329801451101109041621601251231171511086024727182243 Sangrur40 26308215910910683476014911810597120954320029143526 Ropar33 27298014911511010240602171221201191281175026027223521 Amargarh40 253377175120120834560150115120125135904024028172030 Fatehgarh Sahib42 2633771271131179744701981331221301651104722525204035 Ferozepur45 253390115120115115NRNRNRNRNRNRNRNRNRNRNRNRNRNR KapurthalaNR NRNRNRNRNRNRNRNRNRNRNRNRNRNRNRNRNRNRNRNRNR Uttar PradeshLucknow39 2832851591161158244662191401151141351104528026203424 Kanpur35 2732821651121108646601961441131261401175623426223028 Varanasi40 2936871621071188147682141381301281601145527228223229 Agra42 2930911461061059543661931161071061131004223527202830 Jhansi44 2428801701181108544512061281171131321134821225192217 Meerut35 30378513611511010841641591521541511731505524323192524 Allahabad32 3034741301101089245621701501421341721125225024223832 Gorakhpur34 243977156114109744359209129129119149994921927243425 Saharanpur35 2632851581221169742691761301251461661255625528252621 Bareilly35 24318816214012011842661921251131141271024534228202624 Ayodhya32 26317212695105894155193158122137175974621728182230 Moradabad37 2434681291121019140591891391151221411103928324162129 Aligarh39 26337916311811010942602081221181111481374924227203737 Mirzapur (Vindhyanchal)31 23327915393949348551851681601701701455825026192824 Banda36 2836721401041068044641961341181121681085219520162822 Azamgarh32 292775159108110964564205132118125126965128028153419 Gonda (Devipatan)36 27357917313011510045621851381551601901404734027222923 Amethi38 253870119901209044621891631341531901185025925212939 Barabanki37 27328015112011910041642031501351501751194922028203020 Bhadohi34 222865115851008942601901601451451851054523525172245 Chandauli32 233381159117118814260140120129106123945724526163422 Farrukhabad41 2329701401001009042661751301271271681054425526182936 Ghazipur32 24348917612012810143672201281261211471044921128163719 Jaunpur40 263488164118118824362189134123115164975725527183119 UP-Pratapgarh37 252979163115115794468209132117117125935626627193422 Sambhal40 243267137971008541571731371401401751284321729203822 Santkabir Nagar32 253276125115112964362183150145145175NR4425728183225 Shahjahanpur38 24308212811911811743661991371361521741294525226223221 Sitapur30 2832751081041049541591791651451561741193924027202322 Sultanpur33 284092142981069942552131701261621731114922329203239 Unnao42 262978165118115884257200128108115157995821326203820 Ambedkar Nagar39 2736821151121179545602001621401581681396018827233525 Amroha40 26308013710012010042501971401401471801004520025203020 Baghpat40 NR288015712011310042622161341281281311034820728203725 Bijnor36 25356816095968642601701601301461451414830726232920 Budaun35 243080121101100904360203117117117125924528228203520 Etah36 243465143981009042652101401401351551204228526183028 Fatehpur35 24427512015511510042652151671281371761204623026162333 Ghaziabad32 29318316313012010344652101271221171401065820227232728 Hardoi42 263086166135137944469220141128131166994622428213025 Jalaun31 2630791401001008842561851431531511731024722828173020 Kaushambi42 254172149130978742601701431331361731295222829253732 Kushinagar31 2935761651251339545691971451281351721035623227163428 Lakhimpur Kheri39 24306815510010310541602051351281621621125321528203040 Pilibhit39 28327613812712712242662101451451401551154026528222832 Sharwasti35 253390158130122874458NR147120127NR1005720328153623 Siddharth Nagar41 2930811531201208743621691501261321651014523027203422 Sonbhadra46 293377168101979643602081411401461731195028825173133 Rampur48 262981137110112904260173130135109145974625318214124 Bahraich32 253062160135112854045162152152NR1281224225028172835 Basti40 223070145110105824264155140133131147974724225202540 Etawah44 2835851711251079745651901281281291821104522330202921 Muzzafarnagar42 25287310710810610741751471301271311631053723227183416 Chitrakoot26 2532851501051088945571831431271351771125522328204024 Hamirpur-UP42 2835771431231008844711891451401391831034927625213227 Deoria34 29328416011511610743582111401261251551404822627183321 Hapur35 27347917012712010844672001381281281371025022028203220 Bulandshahr40 243487135100110974371NR1201201201871005024726203820 Kanpur Dehat40 23308017014092904266180125135135160954521028202520 Hathras35 2528801251001009743641651201381181731404720025183220 Raebareli42 2731871631331128844672221281181181571025722227223722 Lalitpur35 23286613190929441531721321301261881343925825202122 Mohaba35 25337715393988243581401301231251731125118328253024 Gautam Budh Nagar36 2730851731281178744662311471211261461015624827203226 Auraiya37 24336513995947943701821611341311831355326424183822 Maharajganj35 2832801601201208043632081351151341751014821327163227 Balrampur30 2431821591201209045NR2051281131241351025622729172821 Kannauj38 24316715896989042661781321301351821184424527203722 Mathura34 29347011392969540621711461431441681083626729202833 Firozabad38 35378211511811211842661921601191441841124630232142240 Kasganj44 2528721451081091094265165135123113141925325828204028 Mainpuri34 25316610998968539691831531221341641104324830202320 Shamli37 23287012812511210240682051321201171431023927326204015 Ballia33 2730761561111109643561981521481471471505524327193225 Mau41 2431761611141159244632061351151241391006127427143219 UttarakhandDehradun34 2534741281071201104661160133120136165NR5029128203318 Haldwani36 32351031011019710141571501501511511511395225428313540 Rudrapur36 2330981851301351004262195135122122138865222028202820 Haridwar35 233480111107105814268141135129139146NR5429929163022 WEST ZONEWEST ZONE  ChhattisgarhRaipur33 4040831691201148442542081391311201351135525528263222 Durg35 3537811671151238845511901301181131171134923310262921 Ambikapur29 28289015510910910940401871881681681711543726710201920 Bilaspur-CG40 282965110851009040501851821531601741374520326272850 Jagdalpur51 43499915111510710745571611551111361491034535525273321 Dantewada44 373988163123123884472218143118991281075755928233824 DhamtariNR NRNRNRNRNRNRNRNRNRNRNRNRNRNRNRNRNRNRNRNRNR Rajnandgaon54 454810315810810310045542541321441141181015431430233416 Koriya38 33357315593113804276198131951241731104720027204015 DNH and DDSilvasa53 414393180129131974266206141147115119906349027193815 Daman39 403787138122117924465207143130125126957520026193017 Diu47 37559218714813310343612131711361601391076936028213519 GoaPanaji48 4440981831351359844562221751501731151005830825373722 Margao48 454592175133125954459225148137125125935532324333923 GujaratAhmedabad33 3234741311079680NRNR195144148138133110NRNRNR212819 Rajkot41 3438871581101109545591921341351391261055430017203025 Surat31 3130691631031008440621901501051351351095025328232025 BhujNR NRNRNRNRNRNRNRNRNRNRNRNRNRNRNRNRNRNRNRNRNR SelambaNR 364290NRNRNR100NRNRNRNRNRNRNRNRNRNRNRNRNRNR Waghai40 37457614012013010543561851421321471271124925714282733 Bodeli35 303676130110979540561941451351501351154829012262940 Vapi51 3339911611321221224568NR1481481481481156226515323810 BilimoraNR NRNRNRNRNRNRNRNRNRNRNRNRNRNRNRNRNRNRNRNRNR IdarNR NRNRNRNRNRNRNRNRNRNRNRNRNRNRNRNRNRNRNRNRNR JhalodNR NRNRNRNRNRNRNRNRNRNRNRNRNRNRNRNRNRNRNRNRNR SongashNR NRNRNRNRNRNRNRNRNRNRNRNRNRNRNRNRNRNRNRNRNR Madhya PradeshBhopal38 263090170119120904360190140130101128NR5525017182518 Indore41 253181160117120964462188139134113128975324019201820 Gwalior37 344482175120127914366214141121115125NR5423028203024 Jabalpur39 3035781421031088243642001311041051281054425516223220 Rewa35 21449110195113944552172153115141139NR4239319203022 Sagar42 27297715310910388425820214298101118935023222162317 Jhabua38 3339831671121251084356182165146130177NR6231221242730 Hoshangabad46 273287167107118924360189129116109135955040512203025 Shahdol31 32355812095100804175170140130125170NR4417826203030 UjjainNR NRNRNRNRNRNRNRNRNRNRNRNRNRNRNRNRNRNRNRNRNR Morena34 24308016512011510243651821221251231771075222716203720 Anuppur35 313385167103120904550220137112105127805020010204020 Bhind39 32377012292959043601631231201251651203823015204020 Dhar47 26418218012011310442581931371331021331704821523183713 Harda36 28298016512011090426017313212796110NR5520028272540 Katni35 2730851701151158245502001101101001251104518028162917 Khandwa32 2634651451121121084453184153141105159NR4825220221519 Mandla44 303880157112122804348207127991021251107027313233020 RajgarhNR NRNRNRNRNRNRNRNRNRNRNRNRNRNRNRNRNRNRNRNRNR Sidhi35 2332901601059810045602301301251151601004925528203823 Chattarpur36 343583173901129144501941401311091221184522526203215 Neemuch42 233069155110107784050193140132108132NR423859201715 Burhanpur32 323779164113113884354164123119101118984819527202010 Narshinpur37 243772143110110824155178157110103143NR3528211184012 Raisen36 283185163112120904260190130110100NRNR5022028203020 Sheopur40 233075170110120804260170130110110180NR4528028222515 Agar malwa47 2531851701301201154157185185130110180NR4936518162216 Umaria43 334178140120110874860150115103108203NR5822018183522 Shajapur39 27308618012812688415818812612898129NR5029328192221 Dewas37 2432841529910086425618311911495108NR4719710212416 Khargone38 273580135110110904055185185155120190NR4540028201523 Singrauli35 2532901611101201004860218120103110148935530028253922 Chhindwara38 2933801551111108543582141481041151211104220010203015 Sehore38 263289172125116934555192129124106123NR4921211181517 MP-Ashoknagar41 2831641381231179041572571401371171431203822828203030 Balaghat40 343583165107113924252205142104100115985520010203820 Guna39 2730801501021098043601901221031001251004520028122013 Ratlam35 2435821671171129041552071321151021161114730010202720 Satna30 26357515095958245602001301221321371105020028213819 Vidisha40 28308316211511987416519313610599126NR502239172520 Alirajpur40 30359016011510510043652101431411151301005029710252742 Betul49 293177177110113954457187127107102131NR5520718222220 Damoh37 323375155115105854450210155120110140NR4820010183527 DindoriNR NRNRNRNRNRNRNRNRNRNRNRNRNRNRNRNRNRNRNRNRNR Niwari33 253080179116119844468212133118114180NR5121228213726 Seoni45 32357012590110784054200127102113122NR3918711202012 Panna34 2532801421101059744502051171181071371174920310204020 Tikamgarh40 404072156981068042401791491291201461184524026203025 MaharashtraMumbai40 48511221761761661134658186158148123131968032027223621 Nagpur42 395082182125125905053210172145111125956228327324124 Pune59 4149831781201268348692051531081101061044230825242623 Nashik39 403989167123120944154200185131101116985430026253220 Mangaon-Raigad48 5155861721271189452591831401341181241106631529324222 Dharni41 353779170113116904251198131119109132NR5330313243923 Latur62 40439017813312989406220615294105110954220428284017 Akluj41 3739771691221099339541821321071271321094729729303210 Arni Yavatmal46 3334741631131131034163192152125107120NR4930010303220 Chandrapur36 374385172135129114445818716916196156NR5620327203817 Karad Satara49 35458517914713310043701951681281081111025128228293718 Ahemednagar55 37418517311811910040531731741241151301094622527242126 Khultabad51 343784165118123924251195NR139103111954928820312716 Islampur53 43486816911612010440681801761101181351054832330303815 Kankavli45 4141881821301381024353176162136104117935133820324121 Partur70 3340601601101101014155164198159101144974040910302416 Gondia51 3840811641061128445521791389796106945121322233217 Jalgaon52 38429018013112810843602161531291041071126036827223718 Akola39 303476165109115100426517514012597109905128526233818 RajasthanJaipur45 333580177119110824450209127115120132NR4927718203027 Jodhpur37 343569134113106814150200152NRNR130NR5025018242125 Kota35 263379139103105994255177160132112167NR4924025162634 Udaipur31 303296989898954549195190135197NR1405033324273030 Bharatpur45 263085162125110904258200120110110NRNR4929625243838 Ajmer38 3032651101051007540491941401111451411113832020111736 Bikaner42 33366910610697904949165156154128128NR4620513171647 Bundi44 333767113113117934256157135128113162NR4836719262933 Rajsamand37 303475150117111884260162138121105125NR3828817223025 AlwarNR NRNRNRNRNRNRNRNRNRNRNRNRNRNRNRNRNRNRNRNRNR Banswara38 263469138103103924153175145110162165NR4636323212342 Baran35 302770958987803950130138119127125NR3720014202140 BarmerNR NRNRNRNRNRNRNRNRNRNRNRNRNRNRNRNRNRNRNRNRNR Bhilwara44 313668116101978742521931781331681831354329621283840 Chhitorgarh41 3535731101051059945561811811521381381214332420212422 Churu32 283070879890823946172168145148169NR3830515252540 Dholapur35 283184138106107834754210128115122NRNR4833327232823 Dungarpur37 2829681181191151134557213168NR149191NR5430728273029 Hanumangarh35 27298013011010480NRNRNRNRNRNRNRNRNRNRNRNRNRNR JaisalmerNR NRNRNRNRNRNRNRNRNRNRNRNRNRNRNRNRNRNRNRNRNR Jalore39 3232701201101101004051195138133150188NR4126322272835 Jhalawar40 2528721209695864249183152125123168NR4238719182155 Jhunjhunu37 354097989999964043210155138141192NR3820717172335 Karauli40 2533651101201208543NR203155140140NRNR4248030222825 NagaurNR NRNRNRNRNRNRNRNRNRNRNRNRNRNRNRNRNRNRNRNRNR Pali58 282868118122999938571761711251661611633827414282511 RJ-Pratapgarh60 28307011010595844258200180150150160NR4032523222240 Sikar44 263272998888844152166186101150153NR3531121231947 SirohiNR NRNRNRNRNRNRNRNRNRNRNRNRNRNRNRNRNRNRNRNRNR Sri GanganagarNR NRNRNRNRNRNRNRNRNRNRNRNRNRNRNRNRNRNRNRNRNR Tonk43 242873114109104924051192140152151162NR4527714202336 Sawai Madhopur50 252764122101103704053200108102107180NR3928827182358 EAST ZONEEAST ZONE  BiharPatna40 283587168123119854656NR1151101161381075028026244025 Bhagalpur38 293280155110112814556NR1261141341691234432028193536 Purnia36 303478159114111764651NR12499110NR904231413182834 Darbhanga40 263880140125110804452NR130130115NR925019515183825 Gaya32 23407612111191834360NR1511471461471334932723243124 Muzzafarpur39 253179164113112804457NR1241271241661024728724203323 Saran41 293185157139124824355NR1341351341401205227026332930 Munger34 293578170121121854355NR141133141244NR5124528174035 Saharsa38 283566117103100814455NR153130125NRNR5622322183225 Madhubani40 273480160116119804552159129124116159944829016183227 Rohtas (Sasaram)29 2733781381081017846662201289898128934922328143320 Motihari43 2935671051051038544551651441391361391284227818182734 Samastipur52 2630651159898754555159138112144154985432022273042 Katihar35 273075150112108774454NR142140131149NR5030519223440 Araria44 25356611813399934355NR1341391391981396337321213841 Nawada46 2439861531201088244602271671201171701055124019193638 Khagaria45 243285125115120854443NRNRNRNRNRNR4438027183335 Banka35 283675140110100754156NR1321091211831054220514173639 ArwalNR NRNRNRNRNRNRNRNRNRNRNRNRNRNRNRNRNRNRNRNRNR Aurangabad36 2433801401201138143592351311621632281755119426193020 Begusarai34 253169109109100733953NR125121119NR964431912153027 Bhojpur Ara43 253081157129136764155232143162145197NR4936929222930 Buxar28 2830801601201248844621441221161141501104826028182820 GopalganjNR NRNRNRNRNRNRNRNRNRNRNRNRNRNRNRNRNRNRNRNRNR Jamui38 303467129111110744355NR133109134NR1203824528181530 Jehanabad39 293379167114108814255NR143131124162NR4925726213338 Kaimur39 2630751511131137544582001281331431731134423024172521 Kishanganj36 243280150100115854456NR1251251101251305030026204038 Lakhisarai37 283570144110115864658NR148128138NR1284425626193565 Medhepura37 273479161119117794555NR124106114119914534212193739 Nalanda34 273276128118111844360240145127135175NR4939026152931 Sheikhpura37 283570139110115834455NR145130135NRNR5724228224030 Sheohar35 2632821591141217942551491331121211631034819827232829 Sitamarhi41 3233861681281261014355NR1291121251731084118026202638 Siwan35 2630761559611482465418512497112188785221025162719 SupaulNR NRNRNRNRNRNRNRNRNRNRNRNRNRNRNRNRNRNRNRNRNR Vaishali38 27308015012011075NRNRNRNRNRNRNRNRNRNRNRNRNRNR West Champaran45 2437761221211009742501671411671462071234729216171937 JharkhandRanchi44 36337716511011077465622512495115118925024027203530 Gumla40 293485125105987043552091371101101981044027010161825 Sahibganj40 313474165100115854558210136123NRNRNR5438020204038 Bokaro33 343680125959785NRNR170175130145170125NRNRNR223533 Lohardaga33 333478157112112784459NR1381401301601055125525233133 Simdega39 NR3578153111113794459NR139125128NR11046NR27173030 Dhanbad40 3035851651201159046602151401151181251105530025203530 Jamshedpur (East Singbhum) 46 32351101251101059744582001461421651701104522025213530 Giridhi34 26308515510093754355NR130120125160954030019163535 Seraikella37 273477161113115794460169127141105134975121325183430 West Singhbhum39 4040721231221248246591491501241391381194927124232533 Daltonganj38 283486149112112874451NR130107121NR1105139019233433 Deoghar33 3737801561101109048601281641511541711014126230182735 Ramgarh34 3335601611131087444NRNR1351231531901084827825182728 Pakur48 3740801561141159846551561391301621411155241428233431 Jamtara38 273887168117117924962152137114129148965036728203733 Latehar39 293375157109110764557NR127124116124964822328222927 Godda45 3036851601201209046612151331201281401256040028204035 Koderma39 293280162120118834559155123103119154945121610203530 OdishaBhubaneshwar38 354080160119120804752NR130119NR110885522725203926 Cuttack40 374184173133121844752NR149109NR1161035325027193626 Sambalpur35 404783170113115784852NR141111NR1201044728028224525 Rourkela35 384180160113115804452NR132102102111885118027203820 Berhampur37 454077152120102754751NR1391031371151064924526213229 Jeypore41 373684165118115834652NR12996NR112925021027233725 Balasore38 404287170117120834552NR138NRNR111865624024183630 Baripada37 453685165115114794552173135108150113896023326183530 Balangir41 354676156120113814452NR13699NR1079147NR28233930 Angul35 NR3969139109101774555NR131NRNR115854437525173045 BoudhgarhNR NRNRNRNRNRNRNRNRNRNRNRNRNRNRNRNRNRNRNRNRNR Dhenkanal34 3640851541101088042521501351351421151005536527203520 Jagatsinghpur33 35408915585100854340NR143129120122904520819204020 Kandhamal38 384286162126120825058NR138123NR1179052NR27213530 Keonjhar35 374471146110115814250NR147104NR1191025136927192640 Malkangiri47 NR3381174117117804252NR12993NR110875233325273417 Nabarangpur42 274589170126120904453132124145113119916030026193130 Nayagarh37 NR3980158122118904352NR135123NR1128953NR26203728 NuapadaNR NRNRNRNRNRNRNRNRNRNRNRNRNRNRNRNRNRNRNRNRNR Paralakhemundi Gajapati37 NR40671451111208540NRNR173143NR1501004518027202862 Puri37 374079159115113814352NR135122NR119975122925213630 Rayagada38 333879171124114844452160138991441079041NR27203324 Sonepur41 NR4082167113112814255NR132126NR111914933722203520 Bhadrak35 NR3875160115110764352215138130185115955032026183520 Jharsuguda38 444078162113110784548NR1351001101209540NR27203525 Kendrapara38 NR3483161111113804454NR132134NR114894824726184024 JajpurNR NRNRNRNRNRNRNRNRNRNRNRNRNRNRNRNRNRNRNRNRNR Kalahandi36 3742791521121137944531831401051141201025433028193230 West BengalKolkata48 NR34881791261211044651NR129120111121916326020214340 Siliguri38 273582107881091074351209128117110140995120613213132 Purulia43 NR438616911911897455114614199116139935128326183527 Kharagpur48 3235771691191201044754230133100108119926023827203530 Rampurhat47 27387714511612110644561851321161211301015528020203636 Malda43 2642731551151101054356NR140961221411196132021213838 Raiganj38 2833711551241101084345180131981211331005725010233141 Alipurduar37 NR47741371111251215068NR1381051191331005826010264043 Asansol48 NR40801741301401154264NR130112110124905030026203836 Balurghat47 2938871681281181084644NR130114117127934435310194246 Bankura38 NR34751601231431154558242136120120133995028026223837 Barasat43 354085125NR13711244602001361141131301105223630283726 Bardhaman48 NR36851651251201124554220125110100120905526025183531 Baruipur57 NR34801121131331084255NR127117123133983921725224230 Berhampore48 2740701259813710945582501401071171481044622013223225 Chinsurah45 NR36851201001501154558170130120110120955025028213832 Cooch behar44 NR33721421131101074460NR132107105137975029026203939 Howrah50 NR35901791281231154654NR129120110121NR6229327204340 Jalapiguri37 2844851351171201154656NR1251321201321055530020204030 Jhargram42 NR3883158115115904554NR1311151111201004227329193438 Kalimpong36 343694122126118984350NR149112149163NR5037714253345 Krishnagar37 NR387112310513810740421791131331171291124225219212358 Tamluk44 NR45811581131761184556NR1341251011371005430026203538 NORTH EAST ZONENORTH EAST ZONE  Andaman and NicobarPort Blair47 NR6792177140133975273NR176213NR1321217432520405357 Mayabunder41 NR6684158139126945271200174187NR1191137031518406060 Car Nicobar45 NR701001731491401035974250197187NR1651308828524506065 Arunachal pradeshItanagar36 NR40991551301301005572NR120120120180NRNRNR15NRNRNR Namsai23 NR35801201201101005068NR190220165225NR7030030273760 Pasighat45 NR37971521121231105173155147125130160NR6630019234750 Tawang38 424090130130120110NRNRNRNRNRNRNRNRNRNRNRNRNRNR AssamGuwahati37 303784152951118545702131451401301451255520012254535 Barpeta36 2833741219911283NRNRNR155153168112139NRNRNR203242 Tinsukia34 NR3385150100115854672NR140140115125NR70175121840NR Dhubri40 NR4080160140108904672NR148110115120985524012203532 Goalpara55 3033771201181009242571871711521541801464722812213143 Golaghat42 3036761371101051034559NR1631631711771666626512243530 Mangaldai43 33367210895107944370NR1611451421801356028014213647 MushalpurNR NRNRNRNRNRNRNRNRNRNRNRNRNRNRNRNRNRNRNRNRNR Udalguri40 273575141115107804470NR1471271321531025025820234144 Bajali60 NR39751571231131004370NR167NR163180NR6040010204840 Hojai47 NR357714385115854573NR1251001181271025823010194040 Jorhat50 3043871489311511147722431501491251571106321212244362 Bongaigaon36 NR3170115951091054272NR1361521491741095034810204040 Morigaon40 NR3981148110118974460NR1571451521601106023710254343 Sonari36 343374144NR111984472NR15799131NRNR6821312193339 Tamulpur44 34358412892115854567NR122114130NR1025628510204373 Sivasagar51 NR47821221241221004874NR137145148NRNR63286102335NR Biswanath Chariali45 NR3075145NR1061014874NR143140175175NR5422512193158 Dibrugarh43 NR4284167118118954872NR136138115134NR5728023204440 Karimganj40 NR3584147129110814570NR137NR99136925823614223534 Majuli50 NR3892160881201004970NR130NR133NRNR60260152540NR Sonitpur Tezpur37 NR3569119108110994269226156172142171NR4629710172340 Haflong40 NR4572110NR110805072NR150NR140170NR8025030254550 AS-Lakhimpur35 NR3472NR98102914570NR142115115126NR57NR151837NR DiphuNR NRNRNRNRNRNRNRNRNRNRNRNRNRNRNRNRNRNRNRNRNR Nalbari49 NR451301521431129248791301551451501551154535010324340 South Salmara Mankachar40 293580161120120814755201152NR135NR1085223010273835 Kamrup38 NR3584159120120904571NR145NR1271431036128020233731 ManipurImphalNR NRNRNRNRNRNRNRNRNRNRNRNRNRNRNRNRNRNRNRNRNR ChandelNR NRNRNRNRNRNRNRNRNRNRNRNRNRNRNRNRNRNRNRNRNR JiribamNR NRNRNRNRNRNRNRNRNRNRNRNRNRNRNRNRNRNRNRNRNR KangpokpiNR NRNRNRNRNRNRNRNRNRNRNRNRNRNRNRNRNRNRNRNRNR SenapatiNR NRNRNRNRNRNRNRNRNRNRNRNRNRNRNRNRNRNRNRNRNR TamenglongNR NRNRNRNRNRNRNRNRNRNRNRNRNRNRNRNRNRNRNRNRNR ThoubalNR NRNRNRNRNRNRNRNRNRNRNRNRNRNRNRNRNRNRNRNRNR UkhrulNR NRNRNRNRNRNRNRNRNRNRNRNRNRNRNRNRNRNRNRNRNR MeghalayaShillong45 3433751181101131034572NR130130120NRNR7030030254745 Tura35 404090180140120954872NR140NR1251351008750020284747 Jowai36 363580120120120904572NR120NR1202001208034030255030 Sohra38 3939NR130130120904672NR118NR118NRNR10033030324743 Mairang40 4040NRNRNRNR904972NR120NR120NRNRNR34012255040 Nongpoh35 NR35881801401179246721391321321461781985929022284840 Khliehriat45 363587112120120844576NR165140140NRNR8032030305040 Williamnagar35 454580132NR117904570NR150NR189NR135NR47015254050 Nongstoin35 4040NRNRNR120905073NR140158140175175NR36015245043 MawkyrwatNR NRNRNRNRNRNRNRNRNRNRNRNRNRNRNRNRNRNRNRNRNR MizoramAizawl50 405590160130130100508019818719412120914310052030405083 Lunglei50 404598NRNR1201055075NR190220150NRNR10052025406070 Kolasib44 4040961301131101005078NR173NR12119711611040026254571 Mamit50 NR40NRNRNRNR1105075NR190NR110NRNRNR520304047NR Champhai50 3560NRNRNRNR1105080NR180NR130NRNR163520305763NR Serchhip40 NR45120125150125974979NR190200112NRNR100273303253NR Siaha50 4544120130NR1201005070NR214140159NR138NR540303760NR Lawngtlai50 404283130110130985080NRNRNR120NR11010049030405580 Hnahthial53 4545125160130118985279NR165140110NRNR120520303753NR Khawzawl40 5045105137NR1431055080150170NR127NR150120520304060NR Saitual50 4040100NR100NR955080NR230NR150NRNRNRNR30404080 NagalandKohima40 4055110155130140905060NR130180140200NRNR23020256050 Dimapur45 4035701201051208346802001502001702101658021015204540 Tuensang37 3855100NRNR12010050NRNR160NR165NRNRNR27520305070 Mokochung50 NR60130135140120905072NR120120155200NR8538015255045 Chumukedima40 NR3580125115100804075NR120150130195NR8028015205040 Mon38 NR5090NRNR1201005070NR140NR140NRNR6035020254550 Peren35 4040120NR1401201005072NR160NR168NRNR8034515255040 Phek37 4747100140133140100NRNRNR160NR170NRNRNRNRNR306060 Tseminyu50 NR50NRNRNR1201005070NR120NR130NRNRNR36015255050 Wokha45 NR431001231251201005068NR160200180NRNRNR29015305040 Zunheboto50 NR50NR120NR1401004575NR150NR140NRNR6040018306060 Kiphire36 NR4590130NR95905080NR130NR155NRNR8033020306060 Longleng38 4050NR150NR1201007075NR160NR180NRNR8035020254060 Niuland35 NR40NR160110120955070NR110NR120NRNRNR35015254040 Shamator38 4060100120NR1101005065NR130NR120NR11010017520305060 Noklak38 506090100NRNR10550NRNR145NR145NRNRNRNR20305070 SikkimGangtokNR 404785137128123954862NR176132159153NR6054717404535 Gyalshing45 3545801301301201005065NR160120140180NR6044020304540 Namchi54 324580120130107954565NR183114167190NR5042021353550 Soreng45 3642801351351381205065NR198148168214NR4948020404040 Mangan60 3636801351351301105060NR187167NR210NR6634317334545 TripuraAgartala39 NR37871491251101054970NR136145119159967020012255040 Dharmanagar34 NR38851431421181134771NR1181301151581038025310204043 Belonia42 NR40NRNRNR1051074568NR139NR1131311057526510254040 TR-Udaipur40 NR36851451181131004772NR122108109130935616810224555 SOUTH ZONESOUTH ZONE  Andhra PradeshVijaywada56 4858931921371321034468175181130NR114906030021333624 Visakhapatnam50 39438516813312087445417914097NR109885729024223421 Kurnool61 4441881721271301054263164169114125107866346324333613 Tirupathi58 4344811721301251104448175173113139112896047322293117 Jammalamadugu40 40466513511011010342601822581202001151205419820403020 DharmavaramNR NRNRNRNRNRNRNRNRNRNRNRNRNRNRNRNRNRNRNRNRNR OngoleNR NRNRNRNRNRNRNRNRNRNRNRNRNRNRNRNRNRNRNRNRNR KarnatakaBengaluru54 38398416012812387444720514993119109906144016263413 Dharwad55 4461921841451301184248192162151106106905439328343618 Mangalore48 4543701321301159037441661591471351081006037114354024 Mysore59 445312317613012511242431991751541541141126030819273620 Bengaluru (East Range)63 423880180128124934646157179100128122985524015324216 Belagavi58 424385175128120865253183164102110118924826519243212 Kalaburagi61 434674175125130964058177156110144115864424118272416 Tumakuru61 434088172128123944249195161122124114945829722333813 Bellary56 404180172126119125414818814598131106916222824323710 Dhavanagere60 4263881751381221104349166153120124110905627228293611 Shivamogga58 4440901881401341094448202162102132113944724325304013 Vijayapur64 51461071721721371214556218191157125119986131021323812 Ramanagara59 42459216314013511943481761891051521181005018818303512 Raichur60 43459217113612891NRNR17817012813511391NRNRNR284010 Chamarajanagar58 4241921741301221124244199177112NR1091025928619273716 Kolar47 444612214512512512539471551431511281191005133011232036 Haveri51 404313316313513585396414915713514214293432479484812 Bagalkot54 4445731601361221113857191203112148143994442026293325 Bidar62 42648116512011610042662071451301171211006231727404221 Koppal52 39428314513011513043431481731261651401064425612374820 Mandya53 4547921571421261004246198198108170109935134818313513 Yadgir55 45367516014012010040601821701121481171015342028404228 Chikkamagalur55 4145981741381241024249145165115110120915620118273620 Bangalore Rural55 3855851471301201103942178133105155125804924515274016 Chikkaballapur51 40387813811811081404216614299143117914641315302430 Chitradurga64 41528014515414515039471521871421481571104531031253512 Gadag59 44478715512912810642691761721261481251004432510353015 Hassan45 40567015011596883852160175106145145904823015252510 Kodagu55 41471081821431281234348174183158163120984121515302423 Udupi54 535712714515512912949481741761211521581195128928333427 Uttara Kannada50 453810014713712811347502211991371531171234725128363535 Vijayanagara63 4444841641321251134248175159124119108914424416302911 KeralaT.Puram56 4349931771501331174452243167140NR115948026717383821 ErnakulamNR 45NRNR190NR138NRNRNRNRNRNRNRNRNRNRNRNRNRNRNR Kozhikode44 50491041791331411064353233185137NR116946322715323721 Thrissur52 4557991961471471174754241208153NR1251136725916424230 Palakkad46 454899188141125984350222187137NR112925625312394219 Wayanad46 49411061851431391014252NR200150NR121955220515363717 Kasargod51 50551061701641361054361NRNR150NR101884624014303719 Kottayam56 42451281881251221024356NR205142NR119956224213423635 Pathanamthitta57 3438951541451381364453NR248190NR1241007023714424030 Alapuzha48 4565941731481461174352NRNR149NR117NR6119312413731 Kollam46 4645106215152NR1144652227NR156NR1271186923015464328 Idukki56 414090186145125904460NR164139NR111946018013404026 Kannur50 4445891741421481014352NRNR175NR123966125816303614 Malapuram47 4540911851331291374252239158137NR123934922311343515 PuducherryPuducherry53 393474179135120864046207170140NR110905039320NRNRNR Tamil NaduChennai63 444387185139127974340189152108NR109876830327363719 Madurai58 415986172126116914945214192152NR116864826313463919 Dindigul62 434490178137121894245230190115NR110975227326353816 Thiruchirapalli60 4360881791421291074443209181130NR1168860NR27314517 CoimbatoreNR NRNRNRNRNRNRNRNRNRNRNRNRNRNRNRNRNRNRNRNRNR TirunelveliNR NRNRNRNRNRNRNRNRNRNRNRNRNRNRNRNRNRNRNRNRNR Cuddalore60 5056881751411271204048211212166NR112905231322513819 Dharmapuri60 444084175132115854343225NR115NR120955027025323617 VelloreNR NRNRNRNRNRNRNRNRNRNRNRNRNRNRNRNRNRNRNRNRNR Ramanathapuram57 375781171145124974244226235121NR122994927426414126 Erode60 474192174141124874445223183119NR108935328825384119 Karur43 485587173136126854443217172115NR114915129810334022 Perambalur53 NR5985173139120814340216168120NR1158951NR26373821 Pudukkottai62 456190184146126NR4445225200143NR1119451NR27304525 Sivagangai61 4560921871391281104344234213135NR110965127726434020 Thanjavur54 454587185147130954344207180127NR1138852250NR293816 The nilgiris65 434283173140131934454213170103NR112966020727493937 Thoothukudi53 435785172141121864354229190125NR111865330611303520 Viluppuram56 4839871821241311024246197152113NR1089057NR25323715 Virudhunagar57 416387169136120794445219162127NR114875229328374022 Kanniyakumari57 3855881711401181224241213180130NR113885325825404517 Namakkal58 466192187140130934244203188113NR1058852NR26343719 Tiruvannamalai57 4752841781361231074265208182113NR108915828027383818 Tiruvarur52 586566154144110NR4365207126112NR1168652NR12304520 Tiruppur66 4945105183148126894344213170114NR1088958NR28304019 Tenkasi55 446087172154119NR4266218195122NR115875427522313919 Nagapattinam56 4562911721311221094249214212120NR1059055NR20283612 Krishnagiri57 423884177133121854244193NR105NR108885050326303519 Ariyalur55 NR6488178145128NR4440202NR120NR1128953NR26384021 Kallakurichi56 4460911841261321054345211158108NR1098858NR26373717 Kancheepuram62 476189183142125924340197156122NR1148865NR26404519 Salem43 4344941681381191054345211188116NR113935428031364017 Theni57 445089171133116824245213175114NR114864830813373719 TelanganaHyderabad56 40378015911610791375216715598109107955126518252619 Karimnagar47 41577816512711988426816314698NR111865830925263619 Warangal45 3738711441091098641551771831481741268854274153030NR Adilabad57 3949791581231209041NR1851901101551069250NR20285514 Suryapet49 484672171122116924061163151128NR115965228020232722 Jadcherla40 305075157125110953957170178123NR1161085529214153836 Khammam50 364068145110104904055165180118173115995533020314035 Medchal56 4040651721151088038611691981221191201004426018273819 Nizamabad46 4339821551201121184375180191109NR1281156534413404015 Sangareddy55 404272156120117934270158160138160120967038024302817 Commodity NameCommodity NameRiceRiceWheatAtta (Wheat)Gram DalTur/Arhar DalUrad DalMoong DalMasoor DalSugarMilk @Groundnut Oil (Packed)Mustard Oil (Packed)Vanaspati (Packed)Soya Oil (Packed)Sunflower Oil (Packed)Palm Oil (Packed)GurTea LooseSalt Pack (Iodised)PotatoOnionTomatoBajra(whole)Jowar(whole)Maida(wheat)Ragi(whole)Suji(whole)BesanDesi GheeButter(Pasteurised)EggsBrinjalBlack Pepper(whole)Coriander(whole)Cummin Seed(whole)Red Chillies(whole)Turmeric(powder)BananaGIngerGarlic  Average Price1Average Price142.66 30.2935.682.62151.8118.97115.8794.2244.0358.37193.24138.36127.66124.66124.41100.5553.33280.5522.2724.4934.9328.93 Maximum Price1Maximum Price170 5870133215176176150708025725822020024419816355932576383 Minimum Price1Minimum Price123 212758878587703740128106939510178351689111510 Modal Price1Modal Price140 2835801601201209042602001401251101251005028028204020 Source:- State civil supplies Dept.Note:- All India Consumption Weighted Average Prices of Oils w.e.f 23-Feb-2022 and Wheat and Atta w.e.f 25-Feb-2023 NR -> Not Reported Unit for Black Pepper (powder),Coriander (powder),Cummin Seed (powder),Red Chillies (powder),Turmeric (powder),Butter (Pasteurised) - Rs/100gm Unit for Eggs - Rs/Dozen Developed by:- National Informatics Centre(NIC)",,,,,,,,,,,,,,,,,,,,,,,,,,,,,,,,,,,,,,,,,,,2023-10-17
"Source:- State civil supplies Dept.Note:- All India Consumption Weighted Average Prices of Oils w.e.f 23-Feb-2022 and Wheat and Atta w.e.f 25-Feb-2023 NR -> Not Reported Unit for Black Pepper (powder),Coriander (powder),Cummin Seed (powder),Red Chillies (powder),Turmeric (powder),Butter (Pasteurised) - Rs/100gm Unit for Eggs - Rs/Dozen Developed by:- National Informatics Centre(NIC)",,,,,,,,,,,,,,,,,,,,,,,,,,,,,,,,,,,,,,,,,,,2023-10-17
Source:- State civil supplies Dept.,Note:- All India Consumption Weighted Average Prices of Oils w.e.f 23-Feb-2022 and Wheat and Atta w.e.f 25-Feb-2023,NR -> Not Reported,,,,,,,,,,,,,,,,,,,,,,,,,,,,,,,,,,,,,,,,,2023-10-17
"Unit for Black Pepper (powder),Coriander (powder),Cummin Seed (powder),Red Chillies (powder),Turmeric (powder),Butter (Pasteurised) - Rs/100gm","Unit for Black Pepper (powder),Coriander (powder),Cummin Seed (powder),Red Chillies (powder),Turmeric (powder),Butter (Pasteurised) - Rs/100gm",,,,,,,,,,,,,,,,,,,,,,,,,,,,,,,,,,,,,,,,,,2023-10-17
,Unit for Eggs - Rs/Dozen,,,,,,,,,,,,,,,,,,,,,,,,,,,,,,,,,,,,,,,,,,2023-10-17
Developed by:- National Informatics Centre(NIC),Developed by:- National Informatics Centre(NIC),,,,,,,,,,,,,,,,,,,,,,,,,,,,,,,,,,,,,,,,,,2023-10-17
,,,,,,,,,,,,,,,,,,,,,,,,,,,,,,,,,,,,,,,,,,,2023-10-17
