State,Centre,Rice,Broken Rice,Wheat,Atta (Wheat),Gram Dal,Tur/Arhar Dal,Urad Dal,Moong Dal,Masoor Dal,Sugar,Milk @,Groundnut Oil (Packed),Mustard Oil (Packed),Vanaspati (Packed),Soya Oil (Packed),Sunflower Oil (Packed),Palm Oil (Packed),Gur,Tea Loose,Salt Pack (Iodised),Potato,Onion,Tomato,Bajra (whole),Jowar (whole),Maida (wheat),Ragi (whole),Suji (whole),Besan,Desi Ghee,Butter (Pasteurised),Eggs,Brinjal,Black Pepper (whole),Coriander (whole),Cummin Seed (whole),Red Chillies (whole),Turmeric (powder),Banana,Ginger,Garlic,Date
Unit,Qty,1 Kg,1 Kg,1 Kg,1 Kg,1 Kg,1 Kg,1 Kg,1 Kg,1 Kg,1 Kg,1 ltr,1 Kg,1 Kg,1 Kg,1 Kg,1 Kg,1 Kg,1 Kg,1 Kg,1 Kg,1 Kg,1 Kg,1 Kg,1 Kg,1 Kg,1 Kg,1 Kg,1 Kg,1 Kg,1 Kg,100 gm,Dozen,1 Kg,100 gm,250 gm,100 gm,100 gm,50 gm,1 Kg,100 gm,100 gm,2023-09-02
Average Price,Average Price,41.85,,29.85,35.5,78.67,142.9,116.4,112.2,92.5,43.36,58.06,192.35,140.41,128.85,125.79,127.63,102.92,51.94,275.58,22.19,24.43,33.23,52.13,,,,,,,,,,,,,,,,,,,2023-09-02
Maximum Price,Maximum Price,65,,51,67,133,180,162,170,145,70,80,270,258,220,200,244,198,143,558,34,60,65,150,,,,,,,,,,,,,,,,,,,2023-09-02
Minimum Price,Minimum Price,26,,21,26,54,75,70,80,66,36,40,115,110,93,100,107,83,35,168,9,11,12,16,,,,,,,,,,,,,,,,,,,2023-09-02
Modal Price,Modal Price,40,,28,30,80,140,110,110,90,42,60,200,130,120,120,120,100,50,240,28,20,30,40,,,,,,,,,,,,,,,,,,,2023-09-02
NORTH ZONE,NORTH ZONE,,,,,,,,,,,,,,,,,,,,,,,,,,,,,,,,,,,,,,,,,,2023-09-02
Chandigarh,Chandigarh,41,,30,35,74,132,112,110,93,43,58,190,154,130,136,156,112,51,275,27,25,42,40,,,,,,,,,,,,,,,,,,,2023-09-02
Delhi,Delhi,39,,28,31,82,162,132,115,91,42,53,218,144,131,130,143,104,60,247,26,27,37,40,,,,,,,,,,,,,,,,,,,2023-09-02
Haryana,Hisar,35,,25,27,72,165,105,97,88,40,57,213,120,112,112,158,110,45,257,25,15,20,59,,,,,,,,,,,,,,,,,,,2023-09-02
Haryana,Karnal,56,,27,38,80,120,115,115,115,44,66,183,154,144,144,173,139,50,276,30,20,35,65,,,,,,,,,,,,,,,,,,,2023-09-02
Haryana,Panchkula,30,,26,31,54,137,92,94,84,42,56,173,134,145,118,140,107,42,215,28,17,21,90,,,,,,,,,,,,,,,,,,,2023-09-02
Haryana,Gurgaon,40,,25,35,65,100,95,90,88,42,56,185,165,130,137,163,100,44,190,20,15,20,60,,,,,,,,,,,,,,,,,,,2023-09-02
Himachal Pradesh,Shimla,41,,NR,35,81,152,142,123,87,46,60,220,176,143,132,NR,NR,48,212,28,40,40,50,,,,,,,,,,,,,,,,,,,2023-09-02
Himachal Pradesh,Mandi,38,,NR,34,80,151,135,125,88,44,47,216,166,138,129,165,123,50,270,28,30,40,50,,,,,,,,,,,,,,,,,,,2023-09-02
Himachal Pradesh,Dharamshala,28,,NR,30,73,141,113,109,92,43,40,NR,167,143,148,NR,NR,44,217,28,25,35,47,,,,,,,,,,,,,,,,,,,2023-09-02
Himachal Pradesh,Solan,38,,NR,29,78,149,121,109,85,43,49,214,168,135,127,137,NR,49,230,28,30,35,40,,,,,,,,,,,,,,,,,,,2023-09-02
Himachal Pradesh,Una,42,,NR,32,79,142,119,110,82,44,60,NR,149,125,125,NR,NR,44,237,28,21,39,44,,,,,,,,,,,,,,,,,,,2023-09-02
Himachal Pradesh,Bilaspur-hp,43,,NR,30,77,146,124,111,84,44,58,NR,168,138,137,NR,NR,45,318,27,37,40,50,,,,,,,,,,,,,,,,,,,2023-09-02
Himachal Pradesh,Chamba,35,,NR,33,83,142,124,121,84,46,55,NR,165,142,136,164,101,45,228,28,22,35,67,,,,,,,,,,,,,,,,,,,2023-09-02
Himachal Pradesh,Hamirpur-HP,38,,NR,30,79,148,128,111,89,44,65,NR,172,138,NR,NR,NR,49,265,28,36,37,43,,,,,,,,,,,,,,,,,,,2023-09-02
Himachal Pradesh,Kullu,39,,NR,32,83,157,124,105,81,44,40,NR,168,137,126,141,NR,43,230,28,30,40,40,,,,,,,,,,,,,,,,,,,2023-09-02
Himachal Pradesh,Sirmour,37,,21,34,62,110,97,91,96,42,50,228,165,135,143,155,121,41,327,25,29,24,58,,,,,,,,,,,,,,,,,,,2023-09-02
Himachal Pradesh,Kinnaur,32,,NR,33,69,150,96,107,76,44,45,NR,144,137,137,NR,141,44,206,27,30,47,60,,,,,,,,,,,,,,,,,,,2023-09-02
Himachal Pradesh,Lahaul & Spiti,36,,NR,35,80,140,130,130,100,50,70,NR,193,172,NR,NR,NR,55,365,28,40,50,60,,,,,,,,,,,,,,,,,,,2023-09-02
Jammu and Kashmir,Srinagar,40,,39,57,95,120,118,120,103,50,45,243,155,146,135,198,NR,49,355,28,30,40,67,,,,,,,,,,,,,,,,,,,2023-09-02
Jammu and Kashmir,Jammu,36,,29,35,80,153,125,117,100,45,50,NR,157,135,138,158,103,50,290,28,30,35,47,,,,,,,,,,,,,,,,,,,2023-09-02
Jammu and Kashmir,Poonch,NR,,NR,NR,NR,NR,NR,NR,NR,NR,NR,NR,NR,NR,NR,NR,NR,NR,NR,NR,NR,NR,NR,,,,,,,,,,,,,,,,,,,2023-09-02
Jammu and Kashmir,Kupwara,37,,26,33,88,110,110,113,100,58,48,NR,150,148,145,150,142,48,305,22,25,45,70,,,,,,,,,,,,,,,,,,,2023-09-02
Jammu and Kashmir,Udhampur,NR,,NR,NR,NR,NR,NR,NR,NR,NR,NR,NR,NR,NR,NR,NR,NR,NR,NR,NR,NR,NR,NR,,,,,,,,,,,,,,,,,,,2023-09-02
Jammu and Kashmir,Shopian,NR,,NR,NR,NR,NR,NR,NR,NR,NR,NR,NR,NR,NR,NR,NR,NR,NR,NR,NR,NR,NR,NR,,,,,,,,,,,,,,,,,,,2023-09-02
Jammu and Kashmir,Samba,NR,,NR,NR,NR,NR,NR,NR,NR,NR,NR,NR,NR,NR,NR,NR,NR,NR,NR,NR,NR,NR,NR,,,,,,,,,,,,,,,,,,,2023-09-02
Jammu and Kashmir,Ramban,NR,,NR,NR,NR,NR,NR,NR,NR,NR,NR,NR,NR,NR,NR,NR,NR,NR,NR,NR,NR,NR,NR,,,,,,,,,,,,,,,,,,,2023-09-02
Jammu and Kashmir,Rajouri,NR,,NR,NR,NR,NR,NR,NR,NR,NR,NR,NR,NR,NR,NR,NR,NR,NR,NR,NR,NR,NR,NR,,,,,,,,,,,,,,,,,,,2023-09-02
Jammu and Kashmir,Kishtwar,NR,,NR,NR,NR,NR,NR,NR,NR,NR,NR,NR,NR,NR,NR,NR,NR,NR,NR,NR,NR,NR,NR,,,,,,,,,,,,,,,,,,,2023-09-02
Jammu and Kashmir,Doda,NR,,NR,NR,NR,NR,NR,NR,NR,NR,NR,NR,NR,NR,NR,NR,NR,NR,NR,NR,NR,NR,NR,,,,,,,,,,,,,,,,,,,2023-09-02
Jammu and Kashmir,Baramulla,NR,,NR,NR,NR,NR,NR,NR,NR,NR,NR,NR,NR,NR,NR,NR,NR,NR,NR,NR,NR,NR,NR,,,,,,,,,,,,,,,,,,,2023-09-02
Jammu and Kashmir,Reasi,NR,,NR,NR,NR,NR,NR,NR,NR,NR,NR,NR,NR,NR,NR,NR,NR,NR,NR,NR,NR,NR,NR,,,,,,,,,,,,,,,,,,,2023-09-02
Jammu and Kashmir,Kathua,NR,,NR,NR,NR,NR,NR,NR,NR,NR,NR,NR,NR,NR,NR,NR,NR,NR,NR,NR,NR,NR,NR,,,,,,,,,,,,,,,,,,,2023-09-02
Punjab,Amritsar,NR,,NR,NR,NR,NR,NR,NR,NR,NR,NR,NR,NR,NR,NR,NR,NR,NR,NR,NR,NR,NR,NR,,,,,,,,,,,,,,,,,,,2023-09-02
Punjab,Ludhiana,35,,23,29,80,148,130,115,95,42,60,215,140,122,127,135,NR,52,320,27,22,35,47,,,,,,,,,,,,,,,,,,,2023-09-02
Punjab,Bathinda,36,,23,28,82,155,123,117,100,42,57,220,142,121,123,140,100,55,290,26,20,38,35,,,,,,,,,,,,,,,,,,,2023-09-02
Punjab,Barnala,36,,23,28,80,148,113,105,89,43,54,210,125,122,117,122,100,45,320,28,19,34,40,,,,,,,,,,,,,,,,,,,2023-09-02
Punjab,Hoshiarpur,33,,25,29,82,135,117,115,93,43,63,198,120,133,115,140,110,60,250,20,15,35,52,,,,,,,,,,,,,,,,,,,2023-09-02
Punjab,Faridkot,42,,23,29,87,155,123,122,93,44,52,233,127,122,117,147,103,57,343,28,22,37,43,,,,,,,,,,,,,,,,,,,2023-09-02
Punjab,Mansa,NR,,NR,NR,NR,NR,NR,NR,NR,NR,NR,NR,NR,NR,NR,NR,NR,NR,NR,NR,NR,NR,NR,,,,,,,,,,,,,,,,,,,2023-09-02
Punjab,Sri Muktsar Sahib,41,,23,26,70,150,110,110,90,41,50,210,110,110,105,120,100,45,220,25,20,30,30,,,,,,,,,,,,,,,,,,,2023-09-02
Punjab,Dera Bassi,31,,23,29,77,145,110,110,90,41,62,160,125,123,117,151,108,60,247,27,18,26,53,,,,,,,,,,,,,,,,,,,2023-09-02
Punjab,Sangrur,41,,25,29,82,156,106,93,82,44,60,155,130,109,107,128,99,44,200,29,19,34,37,,,,,,,,,,,,,,,,,,,2023-09-02
Punjab,Ropar,NR,,NR,NR,NR,NR,NR,NR,NR,NR,NR,NR,NR,NR,NR,NR,NR,NR,NR,NR,NR,NR,NR,,,,,,,,,,,,,,,,,,,2023-09-02
Punjab,Amargarh,40,,25,33,75,165,120,110,80,45,60,150,115,120,125,130,115,40,240,28,15,23,60,,,,,,,,,,,,,,,,,,,2023-09-02
Punjab,Fatehgarh Sahib,37,,26,30,68,126,106,112,95,41,70,195,123,117,131,158,106,45,230,25,27,40,57,,,,,,,,,,,,,,,,,,,2023-09-02
Punjab,Ferozepur,38,,26,31,82,122,118,118,112,47,63,NR,NR,NR,NR,NR,NR,46,197,25,25,43,85,,,,,,,,,,,,,,,,,,,2023-09-02
Punjab,Kapurthala,33,,26,39,77,140,125,122,118,43,62,198,120,123,117,143,110,62,253,20,17,33,45,,,,,,,,,,,,,,,,,,,2023-09-02
Uttar Pradesh,Lucknow,36,,28,35,81,140,111,114,81,42,66,215,135,120,120,171,115,50,280,26,20,35,47,,,,,,,,,,,,,,,,,,,2023-09-02
Uttar Pradesh,Kanpur,35,,27,32,79,148,108,108,82,46,60,180,160,125,140,175,130,56,234,26,20,28,40,,,,,,,,,,,,,,,,,,,2023-09-02
Uttar Pradesh,Varanasi,39,,29,36,82,153,104,114,84,46,67,216,139,134,134,168,117,54,258,27,22,39,48,,,,,,,,,,,,,,,,,,,2023-09-02
Uttar Pradesh,Agra,43,,28,30,90,165,110,106,94,44,66,203,121,121,116,120,110,43,233,28,20,30,35,,,,,,,,,,,,,,,,,,,2023-09-02
Uttar Pradesh,Jhansi,43,,24,27,68,139,103,106,83,43,51,199,123,122,109,138,112,44,212,25,19,27,37,,,,,,,,,,,,,,,,,,,2023-09-02
Uttar Pradesh,Meerut,37,,29,37,79,132,113,112,108,41,62,158,148,150,151,171,144,56,242,24,23,30,45,,,,,,,,,,,,,,,,,,,2023-09-02
Uttar Pradesh,Allahabad,32,,30,34,74,121,110,108,85,45,62,169,150,139,134,169,114,52,250,24,23,32,50,,,,,,,,,,,,,,,,,,,2023-09-02
Uttar Pradesh,Gorakhpur,34,,24,39,64,147,109,104,69,44,59,219,126,129,119,169,94,49,219,26,24,34,46,,,,,,,,,,,,,,,,,,,2023-09-02
Uttar Pradesh,Saharanpur,33,,27,30,82,148,112,105,97,38,67,179,148,129,159,176,128,50,250,29,25,45,37,,,,,,,,,,,,,,,,,,,2023-09-02
Uttar Pradesh,Bareilly,34,,24,30,82,143,135,117,117,42,66,202,133,123,122,133,110,43,338,28,21,23,38,,,,,,,,,,,,,,,,,,,2023-09-02
Uttar Pradesh,Ayodhya,32,,26,31,72,125,96,105,90,41,55,193,158,122,137,175,97,46,217,28,18,25,120,,,,,,,,,,,,,,,,,,,2023-09-02
Uttar Pradesh,Moradabad,31,,29,32,65,140,117,108,92,42,59,180,130,110,118,132,110,50,288,22,19,20,79,,,,,,,,,,,,,,,,,,,2023-09-02
Uttar Pradesh,Aligarh,38,,26,34,78,150,115,110,102,40,60,208,127,118,118,154,137,47,242,27,20,33,40,,,,,,,,,,,,,,,,,,,2023-09-02
Uttar Pradesh,Mirzapur (Vindhyanchal),32,,23,31,71,123,93,93,90,47,50,188,169,161,160,173,150,58,250,24,19,28,43,,,,,,,,,,,,,,,,,,,2023-09-02
Uttar Pradesh,Banda,32,,26,34,66,140,104,101,80,44,65,198,136,124,122,173,112,48,202,21,17,22,38,,,,,,,,,,,,,,,,,,,2023-09-02
Uttar Pradesh,Azamgarh,33,,26,29,73,138,130,128,95,44,62,225,138,118,125,125,98,52,273,29,24,30,46,,,,,,,,,,,,,,,,,,,2023-09-02
Uttar Pradesh,Gonda (Devipatan),36,,26,35,79,148,127,113,95,45,62,185,138,155,160,190,140,47,340,27,22,29,55,,,,,,,,,,,,,,,,,,,2023-09-02
Uttar Pradesh,Amethi,37,,24,36,71,119,90,111,89,46,62,188,172,140,159,187,118,48,260,25,21,29,88,,,,,,,,,,,,,,,,,,,2023-09-02
Uttar Pradesh,Barabanki,37,,27,32,80,135,120,119,100,41,64,203,150,135,150,175,119,49,220,28,21,31,41,,,,,,,,,,,,,,,,,,,2023-09-02
Uttar Pradesh,Bhadohi,34,,22,28,65,105,85,100,89,42,60,190,160,145,145,185,105,45,235,25,17,22,70,,,,,,,,,,,,,,,,,,,2023-09-02
Uttar Pradesh,Chandauli,32,,23,33,72,138,116,113,80,42,60,150,122,125,110,133,100,51,248,26,16,30,48,,,,,,,,,,,,,,,,,,,2023-09-02
Uttar Pradesh,Farrukhabad,40,,23,29,70,135,100,100,90,41,66,175,129,127,127,168,105,41,253,26,14,39,70,,,,,,,,,,,,,,,,,,,2023-09-02
Uttar Pradesh,Ghazipur,45,,24,33,86,156,120,120,100,42,76,224,135,130,129,185,104,46,209,28,17,30,43,,,,,,,,,,,,,,,,,,,2023-09-02
Uttar Pradesh,Jaunpur,38,,26,33,77,152,117,109,77,42,62,189,130,121,120,162,103,51,251,27,19,30,34,,,,,,,,,,,,,,,,,,,2023-09-02
Uttar Pradesh,UP-Pratapgarh,37,,25,29,74,149,109,108,82,42,68,209,135,120,123,132,96,56,266,27,19,29,40,,,,,,,,,,,,,,,,,,,2023-09-02
Uttar Pradesh,Sambhal,40,,24,32,67,130,97,100,85,40,57,173,133,140,140,175,128,38,217,29,20,22,63,,,,,,,,,,,,,,,,,,,2023-09-02
Uttar Pradesh,Santkabir Nagar,32,,25,32,76,125,117,113,98,43,62,183,150,145,145,175,NR,41,257,28,18,32,40,,,,,,,,,,,,,,,,,,,2023-09-02
Uttar Pradesh,Shahjahanpur,37,,26,33,73,134,122,117,105,42,62,203,136,133,164,172,110,47,250,27,21,29,50,,,,,,,,,,,,,,,,,,,2023-09-02
Uttar Pradesh,Sitapur,30,,28,31,75,108,104,104,95,41,59,180,165,145,156,174,119,39,240,27,21,24,70,,,,,,,,,,,,,,,,,,,2023-09-02
Uttar Pradesh,Sultanpur,33,,28,41,91,138,101,106,103,43,55,210,168,128,162,171,111,50,222,28,24,27,98,,,,,,,,,,,,,,,,,,,2023-09-02
Uttar Pradesh,Unnao,41,,26,29,68,155,117,88,78,42,57,200,138,108,120,158,100,47,213,26,20,35,40,,,,,,,,,,,,,,,,,,,2023-09-02
Uttar Pradesh,Ambedkar Nagar,39,,26,36,80,113,103,120,95,45,60,200,170,140,160,170,135,57,190,27,22,35,60,,,,,,,,,,,,,,,,,,,2023-09-02
Uttar Pradesh,Amroha,40,,25,30,77,120,100,100,92,41,50,190,140,140,148,183,105,45,200,25,20,30,40,,,,,,,,,,,,,,,,,,,2023-09-02
Uttar Pradesh,Baghpat,40,,NR,28,75,143,130,117,103,42,63,213,144,134,137,146,110,50,207,28,21,38,45,,,,,,,,,,,,,,,,,,,2023-09-02
Uttar Pradesh,Bijnor,36,,25,35,68,142,96,97,87,42,60,170,160,130,146,145,141,48,307,26,23,29,40,,,,,,,,,,,,,,,,,,,2023-09-02
Uttar Pradesh,Budaun,40,,23,29,82,127,103,100,95,42,60,195,135,120,121,135,100,45,292,28,16,30,38,,,,,,,,,,,,,,,,,,,2023-09-02
Uttar Pradesh,Etah,36,,24,34,65,145,98,100,90,42,66,200,145,145,145,160,115,44,280,27,18,30,50,,,,,,,,,,,,,,,,,,,2023-09-02
Uttar Pradesh,Fatehpur,35,,24,42,75,120,155,115,100,42,66,215,167,128,137,176,120,47,228,27,16,22,68,,,,,,,,,,,,,,,,,,,2023-09-02
Uttar Pradesh,Ghaziabad,32,,28,34,83,147,117,117,103,42,59,208,122,123,117,143,99,58,202,27,25,38,38,,,,,,,,,,,,,,,,,,,2023-09-02
Uttar Pradesh,Hardoi,43,,25,30,79,153,120,119,91,42,70,219,143,132,142,173,110,47,225,27,21,30,41,,,,,,,,,,,,,,,,,,,2023-09-02
Uttar Pradesh,Jalaun,30,,25,30,79,139,100,100,85,42,56,185,145,154,152,174,103,47,228,28,20,30,41,,,,,,,,,,,,,,,,,,,2023-09-02
Uttar Pradesh,Kaushambi,42,,25,35,73,138,132,102,91,43,62,172,140,125,133,172,125,50,232,30,25,35,50,,,,,,,,,,,,,,,,,,,2023-09-02
Uttar Pradesh,Kushinagar,26,,25,34,69,128,118,118,90,44,67,208,157,123,147,173,109,52,235,27,20,39,60,,,,,,,,,,,,,,,,,,,2023-09-02
Uttar Pradesh,Lakhimpur Kheri,41,,25,31,70,143,110,117,110,41,63,210,135,132,160,160,110,53,218,28,20,32,52,,,,,,,,,,,,,,,,,,,2023-09-02
Uttar Pradesh,Pilibhit,39,,28,32,76,142,123,113,110,41,66,210,145,145,140,155,115,40,265,28,22,26,65,,,,,,,,,,,,,,,,,,,2023-09-02
Uttar Pradesh,Sharwasti,NR,,NR,NR,NR,NR,NR,NR,NR,NR,NR,NR,NR,NR,NR,NR,NR,NR,NR,NR,NR,NR,NR,,,,,,,,,,,,,,,,,,,2023-09-02
Uttar Pradesh,Siddharth Nagar,35,,25,30,73,113,118,113,92,40,61,170,160,135,150,188,108,40,230,27,18,37,47,,,,,,,,,,,,,,,,,,,2023-09-02
Uttar Pradesh,Sonbhadra,43,,28,32,74,133,96,96,91,43,60,207,145,144,145,172,118,49,282,25,19,29,64,,,,,,,,,,,,,,,,,,,2023-09-02
Uttar Pradesh,Rampur,42,,25,30,69,135,105,99,84,42,57,184,138,138,118,166,100,47,238,18,20,35,53,,,,,,,,,,,,,,,,,,,2023-09-02
Uttar Pradesh,Bahraich,32,,25,30,62,140,135,112,85,39,45,163,145,157,148,127,123,42,250,28,17,28,40,,,,,,,,,,,,,,,,,,,2023-09-02
Uttar Pradesh,Basti,40,,22,30,71,144,111,105,83,42,65,159,140,133,136,147,97,47,242,25,21,24,120,,,,,,,,,,,,,,,,,,,2023-09-02
Uttar Pradesh,Etawah,42,,27,31,85,160,120,110,95,44,65,191,140,140,140,182,122,45,233,30,20,30,42,,,,,,,,,,,,,,,,,,,2023-09-02
Uttar Pradesh,Muzzafarnagar,40,,24,27,72,106,106,105,106,42,74,147,130,127,133,165,106,38,229,27,16,33,54,,,,,,,,,,,,,,,,,,,2023-09-02
Uttar Pradesh,Chitrakoot,27,,25,30,77,152,95,95,87,42,55,190,137,130,128,180,113,55,230,28,20,40,40,,,,,,,,,,,,,,,,,,,2023-09-02
Uttar Pradesh,Hamirpur-UP,42,,30,34,74,141,123,101,89,42,71,187,141,136,135,180,101,46,275,25,24,36,58,,,,,,,,,,,,,,,,,,,2023-09-02
Uttar Pradesh,Deoria,37,,28,30,72,156,110,116,100,44,58,211,143,127,125,156,141,44,226,27,18,25,47,,,,,,,,,,,,,,,,,,,2023-09-02
Uttar Pradesh,Hapur,35,,26,32,80,172,125,113,110,42,66,212,140,132,130,152,110,50,220,27,20,31,45,,,,,,,,,,,,,,,,,,,2023-09-02
Uttar Pradesh,Bulandshahr,40,,24,34,80,128,100,100,95,41,70,NR,130,123,130,185,100,50,247,26,20,30,40,,,,,,,,,,,,,,,,,,,2023-09-02
Uttar Pradesh,Kanpur Dehat,40,,23,30,80,160,140,92,90,42,66,180,124,135,135,167,95,45,210,28,20,30,60,,,,,,,,,,,,,,,,,,,2023-09-02
Uttar Pradesh,Hathras,35,,25,28,80,125,100,100,97,40,64,165,120,138,118,173,140,47,200,25,18,30,50,,,,,,,,,,,,,,,,,,,2023-09-02
Uttar Pradesh,Raebareli,44,,28,30,78,153,115,110,82,42,67,213,133,123,122,137,105,50,237,27,22,30,38,,,,,,,,,,,,,,,,,,,2023-09-02
Uttar Pradesh,Lalitpur,35,,23,27,68,121,94,94,96,41,53,172,132,130,126,188,134,39,258,25,20,21,40,,,,,,,,,,,,,,,,,,,2023-09-02
Uttar Pradesh,Mohaba,33,,24,34,75,140,87,87,83,42,53,135,125,118,118,168,108,48,168,28,26,30,42,,,,,,,,,,,,,,,,,,,2023-09-02
Uttar Pradesh,Gautam Budh Nagar,38,,26,31,87,162,114,113,92,42,66,230,148,121,128,147,104,54,247,27,20,33,47,,,,,,,,,,,,,,,,,,,2023-09-02
Uttar Pradesh,Auraiya,37,,24,33,63,139,97,96,81,41,69,183,163,133,132,182,133,49,262,26,20,35,38,,,,,,,,,,,,,,,,,,,2023-09-02
Uttar Pradesh,Maharajganj,32,,26,32,69,152,115,118,78,42,63,199,135,115,134,175,102,48,213,27,18,31,62,,,,,,,,,,,,,,,,,,,2023-09-02
Uttar Pradesh,Balrampur,38,,24,32,72,152,111,117,90,43,NR,210,131,104,125,146,102,52,220,29,18,29,43,,,,,,,,,,,,,,,,,,,2023-09-02
Uttar Pradesh,Kannauj,38,,24,31,67,131,96,98,90,42,66,178,132,130,135,182,118,44,245,27,20,24,43,,,,,,,,,,,,,,,,,,,2023-09-02
Uttar Pradesh,Mathura,34,,29,34,70,113,92,96,95,41,64,171,146,143,144,168,108,35,267,30,20,37,73,,,,,,,,,,,,,,,,,,,2023-09-02
Uttar Pradesh,Firozabad,NR,,NR,NR,NR,NR,NR,NR,NR,NR,NR,NR,NR,NR,NR,NR,NR,NR,NR,NR,NR,NR,NR,,,,,,,,,,,,,,,,,,,2023-09-02
Uttar Pradesh,Kasganj,44,,27,29,71,137,103,106,105,42,64,167,137,120,119,138,97,52,293,28,21,38,49,,,,,,,,,,,,,,,,,,,2023-09-02
Uttar Pradesh,Mainpuri,34,,24,31,66,109,98,96,85,39,69,187,153,122,134,164,110,43,248,30,20,23,50,,,,,,,,,,,,,,,,,,,2023-09-02
Uttar Pradesh,Shamli,40,,23,28,70,128,125,112,102,40,69,208,125,120,117,143,102,39,273,26,20,30,42,,,,,,,,,,,,,,,,,,,2023-09-02
Uttar Pradesh,Ballia,33,,26,29,76,146,108,110,94,43,56,205,150,148,148,150,150,55,243,27,21,32,43,,,,,,,,,,,,,,,,,,,2023-09-02
Uttar Pradesh,Mau,42,,25,30,69,146,113,116,89,42,62,207,138,112,126,145,100,55,269,27,15,22,42,,,,,,,,,,,,,,,,,,,2023-09-02
Uttarakhand,Dehradun,34,,24,32,70,130,103,120,110,42,62,176,125,140,132,176,NR,50,283,28,25,32,33,,,,,,,,,,,,,,,,,,,2023-09-02
Uttarakhand,Haldwani,35,,31,34,103,102,103,102,103,41,57,153,150,151,152,152,139,52,254,28,28,33,63,,,,,,,,,,,,,,,,,,,2023-09-02
Uttarakhand,Rudrapur,34,,23,28,77,152,112,113,108,40,63,171,138,137,138,141,89,51,217,28,17,23,42,,,,,,,,,,,,,,,,,,,2023-09-02
Uttarakhand,Haridwar,37,,27,36,88,114,107,108,85,42,69,150,143,138,142,149,NR,52,299,29,22,41,37,,,,,,,,,,,,,,,,,,,2023-09-02
WEST ZONE,WEST ZONE,,,,,,,,,,,,,,,,,,,,,,,,,,,,,,,,,,,,,,,,,,2023-09-02
Chhattisgarh,Raipur,NR,,NR,NR,NR,NR,NR,NR,NR,NR,NR,NR,NR,NR,NR,NR,NR,NR,NR,NR,NR,NR,NR,,,,,,,,,,,,,,,,,,,2023-09-02
Chhattisgarh,Durg,NR,,NR,NR,NR,NR,NR,NR,NR,NR,NR,NR,NR,NR,NR,NR,NR,NR,NR,NR,NR,NR,NR,,,,,,,,,,,,,,,,,,,2023-09-02
Chhattisgarh,Ambikapur,NR,,NR,NR,NR,NR,NR,NR,NR,NR,NR,NR,NR,NR,NR,NR,NR,NR,NR,NR,NR,NR,NR,,,,,,,,,,,,,,,,,,,2023-09-02
Chhattisgarh,Bilaspur-CG,40,,28,29,65,110,85,100,90,40,50,185,182,153,160,174,137,45,203,26,27,28,93,,,,,,,,,,,,,,,,,,,2023-09-02
Chhattisgarh,Jagdalpur,33,,28,40,70,145,104,104,80,39,68,164,139,124,129,149,139,47,310,22,19,24,40,,,,,,,,,,,,,,,,,,,2023-09-02
Chhattisgarh,Dantewada,43,,34,37,85,165,120,115,84,44,72,218,143,118,108,128,104,54,558,28,27,38,39,,,,,,,,,,,,,,,,,,,2023-09-02
Chhattisgarh,Dhamtari,NR,,NR,NR,NR,NR,NR,NR,NR,NR,NR,NR,NR,NR,NR,NR,NR,NR,NR,NR,NR,NR,NR,,,,,,,,,,,,,,,,,,,2023-09-02
Chhattisgarh,Rajnandgaon,53,,45,46,106,137,109,108,97,48,49,248,153,149,145,123,100,54,308,30,23,31,30,,,,,,,,,,,,,,,,,,,2023-09-02
Chhattisgarh,Koriya,38,,33,35,69,130,88,103,78,42,76,198,132,95,124,173,110,40,200,27,25,40,30,,,,,,,,,,,,,,,,,,,2023-09-02
DNH and DD,Silvasa,48,,43,43,84,159,129,126,100,40,66,207,142,145,123,128,96,63,490,27,19,29,40,,,,,,,,,,,,,,,,,,,2023-09-02
DNH and DD,Daman,39,,39,36,81,129,124,110,90,43,65,200,145,129,127,128,97,73,200,26,21,39,40,,,,,,,,,,,,,,,,,,,2023-09-02
DNH and DD,Diu,47,,37,55,81,178,145,127,101,43,61,225,178,148,141,142,112,69,360,28,23,31,43,,,,,,,,,,,,,,,,,,,2023-09-02
Goa,Panaji,NR,,NR,NR,NR,NR,NR,NR,NR,NR,NR,NR,NR,NR,NR,NR,NR,NR,NR,NR,NR,NR,NR,,,,,,,,,,,,,,,,,,,2023-09-02
Goa,Margao,NR,,NR,NR,NR,NR,NR,NR,NR,NR,NR,NR,NR,NR,NR,NR,NR,NR,NR,NR,NR,NR,NR,,,,,,,,,,,,,,,,,,,2023-09-02
Gujarat,Ahmedabad,33,,32,33,70,130,106,95,79,NR,NR,195,144,148,138,133,110,NR,NR,NR,23,32,63,,,,,,,,,,,,,,,,,,,2023-09-02
Gujarat,Rajkot,41,,34,38,74,142,107,95,90,42,59,187,136,135,139,126,105,54,300,17,25,35,40,,,,,,,,,,,,,,,,,,,2023-09-02
Gujarat,Surat,NR,,NR,NR,NR,NR,NR,NR,NR,NR,NR,NR,NR,NR,NR,NR,NR,NR,NR,NR,NR,NR,NR,,,,,,,,,,,,,,,,,,,2023-09-02
Gujarat,Bhuj,NR,,NR,NR,NR,NR,NR,NR,NR,NR,NR,NR,NR,NR,NR,NR,NR,NR,NR,NR,NR,NR,NR,,,,,,,,,,,,,,,,,,,2023-09-02
Gujarat,Selamba,44,,32,39,77,123,115,105,85,41,59,203,127,113,110,110,103,50,310,18,23,18,107,,,,,,,,,,,,,,,,,,,2023-09-02
Gujarat,Waghai,39,,36,43,76,138,119,128,103,43,56,185,142,132,147,127,112,49,257,14,28,23,47,,,,,,,,,,,,,,,,,,,2023-09-02
Gujarat,Bodeli,35,,30,37,75,129,115,100,98,44,58,185,145,135,150,135,118,47,292,13,27,25,90,,,,,,,,,,,,,,,,,,,2023-09-02
Gujarat,Vapi,NR,,NR,NR,NR,NR,NR,NR,NR,NR,NR,NR,NR,NR,NR,NR,NR,NR,NR,NR,NR,NR,NR,,,,,,,,,,,,,,,,,,,2023-09-02
Gujarat,Bilimora,NR,,NR,NR,NR,NR,NR,NR,NR,NR,NR,NR,NR,NR,NR,NR,NR,NR,NR,NR,NR,NR,NR,,,,,,,,,,,,,,,,,,,2023-09-02
Gujarat,Idar,NR,,NR,NR,NR,NR,NR,NR,NR,NR,NR,NR,NR,NR,NR,NR,NR,NR,NR,NR,NR,NR,NR,,,,,,,,,,,,,,,,,,,2023-09-02
Gujarat,Jhalod,NR,,NR,NR,NR,NR,NR,NR,NR,NR,NR,NR,NR,NR,NR,NR,NR,NR,NR,NR,NR,NR,NR,,,,,,,,,,,,,,,,,,,2023-09-02
Gujarat,Songash,NR,,NR,NR,NR,NR,NR,NR,NR,NR,NR,NR,NR,NR,NR,NR,NR,NR,NR,NR,NR,NR,NR,,,,,,,,,,,,,,,,,,,2023-09-02
Madhya Pradesh,Bhopal,36,,26,30,80,160,110,108,90,43,60,190,150,130,105,135,NR,55,250,17,18,18,35,,,,,,,,,,,,,,,,,,,2023-09-02
Madhya Pradesh,Indore,41,,25,30,79,153,117,117,96,44,62,188,139,135,113,128,97,50,240,17,22,18,57,,,,,,,,,,,,,,,,,,,2023-09-02
Madhya Pradesh,Gwalior,NR,,NR,NR,NR,NR,NR,NR,NR,NR,NR,NR,NR,NR,NR,NR,NR,NR,NR,NR,NR,NR,NR,,,,,,,,,,,,,,,,,,,2023-09-02
Madhya Pradesh,Jabalpur,NR,,NR,NR,NR,NR,NR,NR,NR,NR,NR,NR,NR,NR,NR,NR,NR,NR,NR,NR,NR,NR,NR,,,,,,,,,,,,,,,,,,,2023-09-02
Madhya Pradesh,Rewa,35,,21,44,91,101,71,113,91,45,52,171,154,115,141,139,NR,42,393,18,20,30,40,,,,,,,,,,,,,,,,,,,2023-09-02
Madhya Pradesh,Sagar,34,,27,29,73,143,108,108,83,41,58,198,143,99,105,125,100,50,229,22,17,19,30,,,,,,,,,,,,,,,,,,,2023-09-02
Madhya Pradesh,Jhabua,NR,,NR,NR,NR,NR,NR,NR,NR,NR,NR,NR,NR,NR,NR,NR,NR,NR,NR,NR,NR,NR,NR,,,,,,,,,,,,,,,,,,,2023-09-02
Madhya Pradesh,Hoshangabad,44,,25,32,78,155,110,110,100,42,60,190,131,115,132,150,110,43,360,12,20,20,50,,,,,,,,,,,,,,,,,,,2023-09-02
Madhya Pradesh,Shahdol,31,,32,35,58,120,91,98,80,41,75,170,140,130,125,170,NR,44,178,26,20,30,40,,,,,,,,,,,,,,,,,,,2023-09-02
Madhya Pradesh,Ujjain,31,,26,30,70,128,102,98,92,40,55,158,142,118,120,159,118,45,180,12,25,21,60,,,,,,,,,,,,,,,,,,,2023-09-02
Madhya Pradesh,Morena,32,,24,30,75,150,120,120,122,42,65,182,129,125,123,177,107,49,227,16,17,30,48,,,,,,,,,,,,,,,,,,,2023-09-02
Madhya Pradesh,Anuppur,29,,30,36,72,145,97,107,90,41,52,200,127,117,115,148,100,44,275,16,20,25,53,,,,,,,,,,,,,,,,,,,2023-09-02
Madhya Pradesh,Bhind,38,,33,39,75,120,95,100,95,40,55,170,130,120,130,170,125,35,230,15,20,33,32,,,,,,,,,,,,,,,,,,,2023-09-02
Madhya Pradesh,Dhar,42,,23,34,87,165,125,115,103,42,58,192,137,133,110,133,170,55,230,23,20,25,38,,,,,,,,,,,,,,,,,,,2023-09-02
Madhya Pradesh,Harda,35,,28,32,75,147,110,100,85,42,55,185,130,120,103,118,NR,53,195,27,25,22,50,,,,,,,,,,,,,,,,,,,2023-09-02
Madhya Pradesh,Katni,35,,27,30,80,150,110,110,75,45,50,200,110,110,105,125,110,45,180,28,16,30,30,,,,,,,,,,,,,,,,,,,2023-09-02
Madhya Pradesh,Khandwa,30,,25,32,63,144,111,112,107,39,53,184,152,141,105,159,NR,49,252,21,22,14,42,,,,,,,,,,,,,,,,,,,2023-09-02
Madhya Pradesh,Mandla,NR,,29,33,78,129,103,110,80,41,47,205,130,107,109,127,110,55,235,21,18,28,23,,,,,,,,,,,,,,,,,,,2023-09-02
Madhya Pradesh,Rajgarh,NR,,NR,NR,NR,NR,NR,NR,NR,NR,NR,NR,NR,NR,NR,NR,NR,NR,NR,NR,NR,NR,NR,,,,,,,,,,,,,,,,,,,2023-09-02
Madhya Pradesh,Sidhi,NR,,NR,NR,NR,NR,NR,NR,NR,NR,NR,NR,NR,NR,NR,NR,NR,NR,NR,NR,NR,NR,NR,,,,,,,,,,,,,,,,,,,2023-09-02
Madhya Pradesh,Chattarpur,35,,31,34,71,149,99,106,81,42,50,187,135,133,109,122,118,45,225,26,20,30,29,,,,,,,,,,,,,,,,,,,2023-09-02
Madhya Pradesh,Neemuch,40,,23,30,69,152,110,105,77,42,50,190,140,132,110,132,NR,45,385,9,20,12,53,,,,,,,,,,,,,,,,,,,2023-09-02
Madhya Pradesh,Burhanpur,27,,27,37,82,163,112,112,92,43,54,183,122,122,107,122,103,53,188,27,28,30,34,,,,,,,,,,,,,,,,,,,2023-09-02
Madhya Pradesh,Narshinpur,37,,24,37,70,140,108,108,82,40,55,172,155,110,107,142,NR,35,282,11,18,37,30,,,,,,,,,,,,,,,,,,,2023-09-02
Madhya Pradesh,Raisen,35,,28,30,77,145,108,112,90,42,60,190,130,108,105,NR,NR,47,220,28,20,25,30,,,,,,,,,,,,,,,,,,,2023-09-02
Madhya Pradesh,Sheopur,40,,22,30,70,160,100,95,80,42,60,170,130,109,109,180,NR,44,280,28,30,30,40,,,,,,,,,,,,,,,,,,,2023-09-02
Madhya Pradesh,Agar malwa,39,,25,33,111,162,154,147,141,40,56,179,176,139,136,184,142,42,359,10,19,18,40,,,,,,,,,,,,,,,,,,,2023-09-02
Madhya Pradesh,Umaria,43,,33,40,78,140,120,110,87,48,60,150,125,108,112,203,NR,58,220,18,23,37,38,,,,,,,,,,,,,,,,,,,2023-09-02
Madhya Pradesh,Shajapur,NR,,NR,NR,NR,NR,NR,NR,NR,NR,NR,NR,NR,NR,NR,NR,NR,NR,NR,NR,NR,NR,NR,,,,,,,,,,,,,,,,,,,2023-09-02
Madhya Pradesh,Dewas,35,,23,30,77,150,102,96,88,40,60,181,123,116,100,112,NR,49,209,10,21,21,32,,,,,,,,,,,,,,,,,,,2023-09-02
Madhya Pradesh,Khargone,38,,27,35,80,135,110,110,90,40,55,185,185,155,120,190,NR,45,400,28,20,15,85,,,,,,,,,,,,,,,,,,,2023-09-02
Madhya Pradesh,Singrauli,36,,24,34,80,146,98,103,100,44,59,215,130,110,115,155,100,53,300,22,29,40,68,,,,,,,,,,,,,,,,,,,2023-09-02
Madhya Pradesh,Chhindwara,34,,28,32,75,140,98,100,90,40,60,220,159,107,115,126,110,45,195,10,20,25,40,,,,,,,,,,,,,,,,,,,2023-09-02
Madhya Pradesh,Sehore,37,,26,32,82,156,105,103,88,43,55,184,132,129,108,127,NR,48,213,11,20,20,39,,,,,,,,,,,,,,,,,,,2023-09-02
Madhya Pradesh,MP-Ashoknagar,40,,28,31,62,128,123,115,89,41,57,257,140,137,110,143,120,38,228,28,20,25,45,,,,,,,,,,,,,,,,,,,2023-09-02
Madhya Pradesh,Balaghat,37,,32,34,75,163,113,110,90,43,52,205,143,112,108,120,98,55,200,10,17,37,40,,,,,,,,,,,,,,,,,,,2023-09-02
Madhya Pradesh,Guna,40,,25,30,79,149,100,100,80,42,60,190,125,103,107,130,105,45,202,28,15,20,36,,,,,,,,,,,,,,,,,,,2023-09-02
Madhya Pradesh,Ratlam,NR,,NR,NR,NR,NR,NR,NR,NR,NR,NR,NR,NR,NR,NR,NR,NR,NR,NR,NR,NR,NR,NR,,,,,,,,,,,,,,,,,,,2023-09-02
Madhya Pradesh,Satna,31,,25,32,77,140,92,95,88,45,60,202,135,130,130,142,110,50,200,28,20,35,55,,,,,,,,,,,,,,,,,,,2023-09-02
Madhya Pradesh,Vidisha,36,,30,31,79,150,114,111,90,41,65,193,130,107,107,127,NR,49,240,9,20,25,37,,,,,,,,,,,,,,,,,,,2023-09-02
Madhya Pradesh,Alirajpur,37,,30,34,88,153,115,105,100,43,65,210,143,141,115,130,100,50,297,10,25,27,42,,,,,,,,,,,,,,,,,,,2023-09-02
Madhya Pradesh,Betul,NR,,NR,NR,NR,NR,NR,NR,NR,NR,NR,NR,NR,NR,NR,NR,NR,NR,NR,NR,NR,NR,NR,,,,,,,,,,,,,,,,,,,2023-09-02
Madhya Pradesh,Damoh,35,,30,32,70,142,110,100,82,41,50,200,145,130,120,135,NR,45,185,10,20,30,35,,,,,,,,,,,,,,,,,,,2023-09-02
Madhya Pradesh,Dindori,30,,29,35,75,75,70,80,75,45,65,220,110,100,110,145,NR,50,260,26,20,40,50,,,,,,,,,,,,,,,,,,,2023-09-02
Madhya Pradesh,Niwari,34,,25,30,76,162,109,103,91,43,68,212,135,127,130,180,NR,49,212,28,19,23,40,,,,,,,,,,,,,,,,,,,2023-09-02
Madhya Pradesh,Seoni,46,,32,35,71,126,91,108,80,40,54,200,127,102,112,118,NR,39,187,11,20,20,40,,,,,,,,,,,,,,,,,,,2023-09-02
Madhya Pradesh,Panna,33,,23,31,72,133,105,102,90,42,50,212,123,123,112,142,121,49,203,10,20,30,40,,,,,,,,,,,,,,,,,,,2023-09-02
Madhya Pradesh,Tikamgarh,40,,38,38,71,153,98,105,79,42,50,179,149,129,120,146,118,45,240,26,20,30,50,,,,,,,,,,,,,,,,,,,2023-09-02
Maharashtra,Mumbai,41,,46,54,105,172,162,156,108,49,58,207,166,154,128,137,100,77,320,27,28,32,59,,,,,,,,,,,,,,,,,,,2023-09-02
Maharashtra,Nagpur,42,,38,50,71,155,115,118,82,52,53,200,182,145,115,135,98,62,283,27,28,40,59,,,,,,,,,,,,,,,,,,,2023-09-02
Maharashtra,Pune,56,,40,48,78,167,117,121,83,48,69,202,158,111,113,113,105,40,305,25,22,21,32,,,,,,,,,,,,,,,,,,,2023-09-02
Maharashtra,Nashik,39,,39,38,82,149,119,116,91,41,54,199,185,132,104,120,100,54,300,26,25,30,37,,,,,,,,,,,,,,,,,,,2023-09-02
Maharashtra,Mangaon-Raigad,48,,51,52,95,166,129,119,96,57,58,194,147,147,123,128,115,65,315,28,41,52,75,,,,,,,,,,,,,,,,,,,2023-09-02
Maharashtra,Dharni,36,,37,36,80,168,106,113,89,42,49,204,133,126,110,143,NR,51,301,13,30,34,38,,,,,,,,,,,,,,,,,,,2023-09-02
Maharashtra,Latur,61,,40,40,71,156,130,120,102,38,62,187,152,93,110,109,102,42,206,28,30,32,22,,,,,,,,,,,,,,,,,,,2023-09-02
Maharashtra,Akluj,45,,34,39,69,140,116,101,106,39,52,179,149,132,127,143,109,45,302,29,30,29,83,,,,,,,,,,,,,,,,,,,2023-09-02
Maharashtra,Arni Yavatmal,47,,30,33,67,153,110,108,97,40,63,192,150,125,115,123,NR,49,300,10,23,30,20,,,,,,,,,,,,,,,,,,,2023-09-02
Maharashtra,Chandrapur,35,,45,47,81,162,138,129,113,42,57,192,167,165,102,149,NR,56,203,28,22,37,27,,,,,,,,,,,,,,,,,,,2023-09-02
Maharashtra,Karad Satara,44,,34,46,82,167,133,127,99,42,70,200,168,131,115,123,103,49,282,28,29,30,35,,,,,,,,,,,,,,,,,,,2023-09-02
Maharashtra,Ahemednagar,55,,35,41,83,164,113,115,104,40,53,173,172,123,120,130,111,46,225,27,24,23,54,,,,,,,,,,,,,,,,,,,2023-09-02
Maharashtra,Khultabad,52,,32,40,71,152,115,120,90,43,45,208,NR,137,104,122,100,50,275,20,35,25,67,,,,,,,,,,,,,,,,,,,2023-09-02
Maharashtra,Islampur,53,,42,48,68,150,116,120,104,40,67,180,176,110,127,145,110,48,323,30,28,29,38,,,,,,,,,,,,,,,,,,,2023-09-02
Maharashtra,Kankavli,46,,42,41,75,166,129,131,110,41,53,174,162,136,114,127,107,51,338,20,30,32,35,,,,,,,,,,,,,,,,,,,2023-09-02
Maharashtra,Partur,63,,34,40,60,150,109,109,97,40,55,164,198,159,105,144,107,40,409,10,31,23,43,,,,,,,,,,,,,,,,,,,2023-09-02
Maharashtra,Gondia,50,,39,40,78,156,104,105,84,44,54,185,144,100,103,108,94,51,213,20,25,27,35,,,,,,,,,,,,,,,,,,,2023-09-02
Maharashtra,Jalgaon,52,,38,40,90,166,129,123,108,43,60,212,147,136,106,111,113,62,368,27,22,35,45,,,,,,,,,,,,,,,,,,,2023-09-02
Maharashtra,Akola,39,,30,38,74,153,109,99,100,40,65,175,140,135,102,109,109,54,280,26,23,31,45,,,,,,,,,,,,,,,,,,,2023-09-02
Rajasthan,Jaipur,NR,,NR,NR,NR,NR,NR,NR,NR,NR,NR,NR,NR,NR,NR,NR,NR,NR,NR,NR,NR,NR,NR,,,,,,,,,,,,,,,,,,,2023-09-02
Rajasthan,Jodhpur,NR,,NR,NR,NR,NR,NR,NR,NR,NR,NR,NR,NR,NR,NR,NR,NR,NR,NR,NR,NR,NR,NR,,,,,,,,,,,,,,,,,,,2023-09-02
Rajasthan,Kota,NR,,NR,NR,NR,NR,NR,NR,NR,NR,NR,NR,NR,NR,NR,NR,NR,NR,NR,NR,NR,NR,NR,,,,,,,,,,,,,,,,,,,2023-09-02
Rajasthan,Udaipur,NR,,NR,NR,NR,NR,NR,NR,NR,NR,NR,NR,NR,NR,NR,NR,NR,NR,NR,NR,NR,NR,NR,,,,,,,,,,,,,,,,,,,2023-09-02
Rajasthan,Bharatpur,38,,25,30,70,150,125,115,90,42,58,200,115,110,110,NR,NR,48,296,25,22,34,53,,,,,,,,,,,,,,,,,,,2023-09-02
Rajasthan,Ajmer,38,,30,32,65,110,105,100,75,40,49,194,140,111,145,141,111,38,320,20,11,17,40,,,,,,,,,,,,,,,,,,,2023-09-02
Rajasthan,Bikaner,NR,,NR,NR,NR,NR,NR,NR,NR,NR,NR,NR,NR,NR,NR,NR,NR,NR,NR,NR,NR,NR,NR,,,,,,,,,,,,,,,,,,,2023-09-02
Rajasthan,Bundi,NR,,NR,NR,NR,NR,NR,NR,NR,NR,NR,NR,NR,NR,NR,NR,NR,NR,NR,NR,NR,NR,NR,,,,,,,,,,,,,,,,,,,2023-09-02
Rajasthan,Rajsamand,36,,30,33,69,132,102,101,80,41,60,161,141,120,108,130,NR,37,288,17,23,26,45,,,,,,,,,,,,,,,,,,,2023-09-02
Rajasthan,Alwar,NR,,NR,NR,NR,NR,NR,NR,NR,NR,NR,NR,NR,NR,NR,NR,NR,NR,NR,NR,NR,NR,NR,,,,,,,,,,,,,,,,,,,2023-09-02
Rajasthan,Banswara,38,,26,34,67,121,103,103,92,41,53,175,155,110,162,171,NR,46,363,23,21,23,72,,,,,,,,,,,,,,,,,,,2023-09-02
Rajasthan,Baran,35,,30,27,70,95,89,87,80,39,50,130,138,119,127,125,NR,37,200,14,20,21,55,,,,,,,,,,,,,,,,,,,2023-09-02
Rajasthan,Barmer,NR,,NR,NR,NR,NR,NR,NR,NR,NR,NR,NR,NR,NR,NR,NR,NR,NR,NR,NR,NR,NR,NR,,,,,,,,,,,,,,,,,,,2023-09-02
Rajasthan,Bhilwara,NR,,NR,NR,NR,NR,NR,NR,NR,NR,NR,NR,NR,NR,NR,NR,NR,NR,NR,NR,NR,NR,NR,,,,,,,,,,,,,,,,,,,2023-09-02
Rajasthan,Chhitorgarh,NR,,NR,NR,NR,NR,NR,NR,NR,NR,NR,NR,NR,NR,NR,NR,NR,NR,NR,NR,NR,NR,NR,,,,,,,,,,,,,,,,,,,2023-09-02
Rajasthan,Churu,31,,28,30,70,87,98,90,82,39,46,172,168,145,148,169,NR,38,305,15,25,25,80,,,,,,,,,,,,,,,,,,,2023-09-02
Rajasthan,Dholapur,NR,,NR,NR,NR,NR,NR,NR,NR,NR,NR,NR,NR,NR,NR,NR,NR,NR,NR,NR,NR,NR,NR,,,,,,,,,,,,,,,,,,,2023-09-02
Rajasthan,Dungarpur,NR,,NR,NR,NR,NR,NR,NR,NR,NR,NR,NR,NR,NR,NR,NR,NR,NR,NR,NR,NR,NR,NR,,,,,,,,,,,,,,,,,,,2023-09-02
Rajasthan,Hanumangarh,NR,,NR,NR,NR,NR,NR,NR,NR,NR,NR,NR,NR,NR,NR,NR,NR,NR,NR,NR,NR,NR,NR,,,,,,,,,,,,,,,,,,,2023-09-02
Rajasthan,Jaisalmer,NR,,NR,NR,NR,NR,NR,NR,NR,NR,NR,NR,NR,NR,NR,NR,NR,NR,NR,NR,NR,NR,NR,,,,,,,,,,,,,,,,,,,2023-09-02
Rajasthan,Jalore,39,,32,32,70,120,110,110,100,40,51,199,138,133,150,188,NR,41,295,28,27,28,113,,,,,,,,,,,,,,,,,,,2023-09-02
Rajasthan,Jhalawar,NR,,NR,NR,NR,NR,NR,NR,NR,NR,NR,NR,NR,NR,NR,NR,NR,NR,NR,NR,NR,NR,NR,,,,,,,,,,,,,,,,,,,2023-09-02
Rajasthan,Jhunjhunu,NR,,NR,NR,NR,NR,NR,NR,NR,NR,NR,NR,NR,NR,NR,NR,NR,NR,NR,NR,NR,NR,NR,,,,,,,,,,,,,,,,,,,2023-09-02
Rajasthan,Karauli,NR,,NR,NR,NR,NR,NR,NR,NR,NR,NR,NR,NR,NR,NR,NR,NR,NR,NR,NR,NR,NR,NR,,,,,,,,,,,,,,,,,,,2023-09-02
Rajasthan,Nagaur,NR,,NR,NR,NR,NR,NR,NR,NR,NR,NR,NR,NR,NR,NR,NR,NR,NR,NR,NR,NR,NR,NR,,,,,,,,,,,,,,,,,,,2023-09-02
Rajasthan,Pali,NR,,NR,NR,NR,NR,NR,NR,NR,NR,NR,NR,NR,NR,NR,NR,NR,NR,NR,NR,NR,NR,NR,,,,,,,,,,,,,,,,,,,2023-09-02
Rajasthan,RJ-Pratapgarh,60,,28,30,70,110,105,95,84,40,57,200,180,150,150,160,149,38,317,20,22,22,140,,,,,,,,,,,,,,,,,,,2023-09-02
Rajasthan,Sikar,NR,,NR,NR,NR,NR,NR,NR,NR,NR,NR,NR,NR,NR,NR,NR,NR,NR,NR,NR,NR,NR,NR,,,,,,,,,,,,,,,,,,,2023-09-02
Rajasthan,Sirohi,NR,,NR,NR,NR,NR,NR,NR,NR,NR,NR,NR,NR,NR,NR,NR,NR,NR,NR,NR,NR,NR,NR,,,,,,,,,,,,,,,,,,,2023-09-02
Rajasthan,Sri Ganganagar,NR,,NR,NR,NR,NR,NR,NR,NR,NR,NR,NR,NR,NR,NR,NR,NR,NR,NR,NR,NR,NR,NR,,,,,,,,,,,,,,,,,,,2023-09-02
Rajasthan,Tonk,NR,,NR,NR,NR,NR,NR,NR,NR,NR,NR,NR,NR,NR,NR,NR,NR,NR,NR,NR,NR,NR,NR,,,,,,,,,,,,,,,,,,,2023-09-02
Rajasthan,Sawai Madhopur,NR,,NR,NR,NR,NR,NR,NR,NR,NR,NR,NR,NR,NR,NR,NR,NR,NR,NR,NR,NR,NR,NR,,,,,,,,,,,,,,,,,,,2023-09-02
EAST ZONE,EAST ZONE,,,,,,,,,,,,,,,,,,,,,,,,,,,,,,,,,,,,,,,,,,2023-09-02
Bihar,Patna,40,,28,32,84,160,114,115,88,45,56,NR,124,118,123,143,112,48,280,26,20,35,50,,,,,,,,,,,,,,,,,,,2023-09-02
Bihar,Bhagalpur,38,,29,32,77,146,111,103,77,44,56,NR,132,125,134,179,123,47,320,28,20,36,44,,,,,,,,,,,,,,,,,,,2023-09-02
Bihar,Purnia,37,,31,34,77,150,112,108,77,45,51,NR,131,109,117,NR,96,42,324,13,21,29,74,,,,,,,,,,,,,,,,,,,2023-09-02
Bihar,Darbhanga,40,,26,38,80,126,108,108,80,44,46,NR,135,126,120,NR,94,44,195,15,20,34,50,,,,,,,,,,,,,,,,,,,2023-09-02
Bihar,Gaya,32,,23,40,72,110,106,85,84,NR,NR,NR,NR,NR,NR,NR,NR,NR,NR,NR,NR,NR,NR,,,,,,,,,,,,,,,,,,,2023-09-02
Bihar,Muzzafarpur,41,,26,33,72,141,111,107,81,42,57,NR,127,129,127,171,101,46,287,24,19,26,57,,,,,,,,,,,,,,,,,,,2023-09-02
Bihar,Saran,44,,28,31,71,142,119,115,77,43,57,NR,141,142,129,NR,110,54,259,34,29,29,68,,,,,,,,,,,,,,,,,,,2023-09-02
Bihar,Munger,33,,28,33,72,146,130,129,84,42,55,NR,152,144,142,244,NR,48,263,26,20,41,61,,,,,,,,,,,,,,,,,,,2023-09-02
Bihar,Saharsa,38,,28,35,64,110,97,95,77,42,53,NR,170,140,138,NR,NR,58,210,22,22,31,110,,,,,,,,,,,,,,,,,,,2023-09-02
Bihar,Madhubani,40,,27,34,76,126,109,106,77,44,52,154,126,122,119,134,101,46,280,16,19,31,50,,,,,,,,,,,,,,,,,,,2023-09-02
Bihar,Rohtas (Sasaram),29,,27,33,78,137,108,101,78,45,66,220,133,103,108,132,98,49,193,28,17,36,57,,,,,,,,,,,,,,,,,,,2023-09-02
Bihar,Motihari,38,,25,29,64,105,100,100,84,42,55,165,145,138,135,138,127,42,278,18,18,27,68,,,,,,,,,,,,,,,,,,,2023-09-02
Bihar,Samastipur,50,,26,30,65,116,98,97,75,45,55,159,141,112,144,154,98,53,317,22,26,29,77,,,,,,,,,,,,,,,,,,,2023-09-02
Bihar,Katihar,33,,27,30,73,144,112,104,72,44,54,NR,140,134,129,144,NR,50,305,19,22,40,61,,,,,,,,,,,,,,,,,,,2023-09-02
Bihar,Araria,46,,22,41,65,101,140,118,92,42,55,NR,136,136,138,199,136,65,380,22,22,39,66,,,,,,,,,,,,,,,,,,,2023-09-02
Bihar,Nawada,37,,21,36,71,145,110,101,75,42,56,185,160,118,120,193,105,45,313,19,23,27,58,,,,,,,,,,,,,,,,,,,2023-09-02
Bihar,Khagaria,44,,23,30,82,122,112,108,82,43,42,235,132,105,123,141,100,42,370,27,17,33,57,,,,,,,,,,,,,,,,,,,2023-09-02
Bihar,Banka,35,,28,36,75,140,110,100,75,41,56,NR,132,109,121,183,105,42,205,14,17,36,58,,,,,,,,,,,,,,,,,,,2023-09-02
Bihar,Arwal,NR,,NR,NR,NR,NR,NR,NR,NR,42,53,NR,168,122,142,NR,107,47,283,25,19,25,120,,,,,,,,,,,,,,,,,,,2023-09-02
Bihar,Aurangabad,35,,25,32,75,115,104,97,79,45,59,230,132,152,162,227,167,50,192,25,20,30,43,,,,,,,,,,,,,,,,,,,2023-09-02
Bihar,Begusarai,34,,25,31,64,100,106,100,73,39,53,NR,127,121,119,NR,96,44,319,12,14,28,34,,,,,,,,,,,,,,,,,,,2023-09-02
Bihar,Bhojpur Ara,42,,24,30,75,142,126,114,74,41,55,232,149,162,145,197,NR,49,369,29,20,29,40,,,,,,,,,,,,,,,,,,,2023-09-02
Bihar,Buxar,27,,27,29,80,152,115,118,88,43,64,148,130,130,128,170,118,46,260,27,18,34,38,,,,,,,,,,,,,,,,,,,2023-09-02
Bihar,Gopalganj,42,,28,32,80,160,110,120,85,42,55,220,130,125,130,160,100,60,245,26,20,40,60,,,,,,,,,,,,,,,,,,,2023-09-02
Bihar,Jamui,NR,,NR,NR,NR,NR,NR,NR,NR,NR,NR,NR,NR,NR,NR,NR,NR,NR,NR,NR,NR,NR,NR,,,,,,,,,,,,,,,,,,,2023-09-02
Bihar,Jehanabad,38,,27,33,79,144,109,109,84,43,54,NR,153,142,123,168,NR,49,240,26,19,28,50,,,,,,,,,,,,,,,,,,,2023-09-02
Bihar,Kaimur,40,,26,29,68,130,112,112,77,44,58,200,127,135,142,172,112,44,233,24,16,26,40,,,,,,,,,,,,,,,,,,,2023-09-02
Bihar,Kishanganj,35,,23,30,72,140,100,110,80,42,56,NR,130,120,120,130,130,52,300,26,18,37,70,,,,,,,,,,,,,,,,,,,2023-09-02
Bihar,Lakhisarai,37,,28,35,70,144,110,115,86,46,58,NR,148,128,138,NR,128,44,256,27,18,35,65,,,,,,,,,,,,,,,,,,,2023-09-02
Bihar,Medhepura,43,,28,35,79,156,121,111,81,49,55,NR,136,106,131,129,97,45,362,12,19,36,62,,,,,,,,,,,,,,,,,,,2023-09-02
Bihar,Nalanda,35,,28,32,75,120,117,111,81,42,62,240,145,127,135,175,NR,49,397,25,13,27,60,,,,,,,,,,,,,,,,,,,2023-09-02
Bihar,Sheikhpura,37,,28,34,71,135,110,115,82,42,55,NR,140,135,137,NR,NR,54,240,28,22,40,60,,,,,,,,,,,,,,,,,,,2023-09-02
Bihar,Sheohar,36,,25,32,79,154,114,108,76,42,55,169,145,121,127,164,104,48,198,28,19,30,67,,,,,,,,,,,,,,,,,,,2023-09-02
Bihar,Sitamarhi,38,,24,31,84,157,116,115,90,43,55,NR,135,112,125,173,108,41,180,26,20,34,76,,,,,,,,,,,,,,,,,,,2023-09-02
Bihar,Siwan,38,,26,30,77,154,104,114,77,44,55,197,133,105,120,202,86,52,208,25,17,30,58,,,,,,,,,,,,,,,,,,,2023-09-02
Bihar,Supaul,44,,29,34,72,148,120,119,79,43,51,140,140,120,140,175,118,65,365,12,20,25,120,,,,,,,,,,,,,,,,,,,2023-09-02
Bihar,Vaishali,38,,27,29,80,150,118,108,74,45,60,162,121,109,120,172,96,49,207,25,21,29,40,,,,,,,,,,,,,,,,,,,2023-09-02
Bihar,West Champaran,45,,24,40,76,122,121,100,101,42,50,167,141,167,146,207,123,47,292,16,17,19,105,,,,,,,,,,,,,,,,,,,2023-09-02
Jharkhand,Ranchi,44,,36,33,70,146,105,102,73,44,56,216,127,106,120,122,95,48,240,27,20,35,40,,,,,,,,,,,,,,,,,,,2023-09-02
Jharkhand,Gumla,40,,29,34,85,125,105,98,70,43,55,209,137,110,110,198,104,40,270,10,16,18,60,,,,,,,,,,,,,,,,,,,2023-09-02
Jharkhand,Sahibganj,36,,29,34,74,150,100,110,85,43,57,210,148,123,NR,NR,NR,52,380,20,20,35,70,,,,,,,,,,,,,,,,,,,2023-09-02
Jharkhand,Bokaro,32,,33,36,80,125,95,97,85,NR,NR,170,175,130,145,170,125,NR,NR,NR,22,30,80,,,,,,,,,,,,,,,,,,,2023-09-02
Jharkhand,Lohardaga,29,,29,36,70,136,102,98,72,43,59,NR,140,138,129,189,107,50,270,24,18,18,70,,,,,,,,,,,,,,,,,,,2023-09-02
Jharkhand,Simdega,39,,NR,34,73,147,108,108,75,44,59,NR,140,126,132,132,110,47,NR,27,17,27,40,,,,,,,,,,,,,,,,,,,2023-09-02
Jharkhand,Dhanbad,40,,30,35,70,140,115,112,85,45,60,215,140,110,125,130,110,55,300,25,20,35,70,,,,,,,,,,,,,,,,,,,2023-09-02
Jharkhand,Jamshedpur (East Singbhum),46,,32,35,110,125,110,105,99,44,58,200,146,142,165,170,110,45,220,25,22,34,47,,,,,,,,,,,,,,,,,,,2023-09-02
Jharkhand,Giridhi,34,,30,33,83,143,102,95,70,42,55,NR,130,120,125,170,95,40,300,18,15,25,45,,,,,,,,,,,,,,,,,,,2023-09-02
Jharkhand,Seraikella,36,,26,34,64,153,94,103,74,43,57,169,127,141,104,187,97,47,213,25,20,32,50,,,,,,,,,,,,,,,,,,,2023-09-02
Jharkhand,West Singhbhum,35,,37,38,71,123,121,122,81,45,57,146,150,120,135,136,110,45,270,23,18,18,67,,,,,,,,,,,,,,,,,,,2023-09-02
Jharkhand,Daltonganj,38,,28,32,76,136,98,104,85,43,48,NR,130,112,121,NR,112,48,384,19,21,28,62,,,,,,,,,,,,,,,,,,,2023-09-02
Jharkhand,Deoghar,32,,35,38,70,142,110,105,90,45,60,210,163,150,154,170,102,40,262,30,20,43,NR,,,,,,,,,,,,,,,,,,,2023-09-02
Jharkhand,Ramgarh,35,,33,35,60,157,109,102,75,42,NR,NR,135,124,153,190,108,46,279,25,20,26,50,,,,,,,,,,,,,,,,,,,2023-09-02
Jharkhand,Pakur,49,,37,41,80,155,114,117,95,44,50,156,142,130,162,141,115,50,414,28,23,33,62,,,,,,,,,,,,,,,,,,,2023-09-02
Jharkhand,Jamtara,41,,27,37,79,165,116,111,92,47,62,144,135,114,135,155,105,51,367,28,20,32,55,,,,,,,,,,,,,,,,,,,2023-09-02
Jharkhand,Latehar,34,,29,29,64,133,99,99,66,42,57,NR,124,115,125,124,92,47,222,29,17,18,58,,,,,,,,,,,,,,,,,,,2023-09-02
Jharkhand,Godda,40,,29,35,75,145,120,120,85,44,62,210,135,120,125,140,120,60,400,28,20,35,50,,,,,,,,,,,,,,,,,,,2023-09-02
Jharkhand,Koderma,37,,28,31,75,146,111,110,81,45,58,151,125,113,112,155,98,49,295,10,19,31,37,,,,,,,,,,,,,,,,,,,2023-09-02
Odisha,Bhubaneshwar,38,,35,40,82,156,115,114,80,44,52,115,134,125,NR,116,92,50,227,25,20,32,37,,,,,,,,,,,,,,,,,,,2023-09-02
Odisha,Cuttack,40,,37,41,85,166,125,116,81,45,52,NR,150,112,NR,120,107,53,250,27,21,31,35,,,,,,,,,,,,,,,,,,,2023-09-02
Odisha,Sambalpur,34,,40,44,79,157,111,109,78,45,52,NR,148,112,NR,122,106,47,247,28,19,30,40,,,,,,,,,,,,,,,,,,,2023-09-02
Odisha,Rourkela,35,,38,41,80,155,110,103,77,44,52,NR,134,102,109,115,93,49,180,27,20,29,32,,,,,,,,,,,,,,,,,,,2023-09-02
Odisha,Berhampur,36,,44,39,73,149,116,100,75,47,51,NR,139,103,137,115,106,49,245,26,21,32,56,,,,,,,,,,,,,,,,,,,2023-09-02
Odisha,Jeypore,40,,37,36,78,152,120,109,81,46,52,NR,134,102,NR,118,96,50,210,27,22,34,35,,,,,,,,,,,,,,,,,,,2023-09-02
Odisha,Balasore,38,,41,43,87,157,117,114,84,43,52,NR,138,NR,NR,116,92,56,240,24,19,36,42,,,,,,,,,,,,,,,,,,,2023-09-02
Odisha,Baripada,37,,45,37,85,161,110,110,83,45,52,160,135,105,140,116,92,60,237,26,17,35,31,,,,,,,,,,,,,,,,,,,2023-09-02
Odisha,Balangir,41,,34,45,80,146,116,110,84,43,52,NR,137,98,NR,114,97,50,NR,27,23,34,40,,,,,,,,,,,,,,,,,,,2023-09-02
Odisha,Angul,35,,NR,39,68,138,108,100,76,44,54,NR,130,NR,NR,114,85,43,374,25,17,30,45,,,,,,,,,,,,,,,,,,,2023-09-02
Odisha,Boudhgarh,30,,NR,NR,77,133,110,110,85,41,56,NR,140,127,NR,120,105,45,NR,27,20,40,40,,,,,,,,,,,,,,,,,,,2023-09-02
Odisha,Dhenkanal,34,,36,40,81,154,110,106,80,42,52,150,135,135,142,115,100,55,365,27,20,33,43,,,,,,,,,,,,,,,,,,,2023-09-02
Odisha,Jagatsinghpur,35,,34,38,70,168,86,90,84,43,40,NR,135,125,120,122,90,45,208,22,20,30,40,,,,,,,,,,,,,,,,,,,2023-09-02
Odisha,Kandhamal,39,,39,42,78,152,120,112,77,53,58,NR,137,127,NR,119,95,55,NR,27,23,35,50,,,,,,,,,,,,,,,,,,,2023-09-02
Odisha,Keonjhar,35,,37,44,71,146,110,115,81,42,50,NR,147,104,NR,119,102,51,369,27,19,26,47,,,,,,,,,,,,,,,,,,,2023-09-02
Odisha,Malkangiri,46,,NR,31,73,141,113,111,77,41,52,NR,139,102,NR,108,95,52,333,25,25,30,41,,,,,,,,,,,,,,,,,,,2023-09-02
Odisha,Nabarangpur,45,,30,44,78,150,120,110,80,50,50,133,140,138,145,120,97,60,287,27,20,31,43,,,,,,,,,,,,,,,,,,,2023-09-02
Odisha,Nayagarh,34,,NR,41,78,144,118,110,89,42,52,NR,135,123,NR,114,91,50,NR,26,20,35,38,,,,,,,,,,,,,,,,,,,2023-09-02
Odisha,Nuapada,NR,,NR,NR,NR,NR,NR,NR,NR,NR,NR,NR,NR,NR,NR,NR,NR,NR,NR,NR,NR,NR,NR,,,,,,,,,,,,,,,,,,,2023-09-02
Odisha,Paralakhemundi Gajapati,37,,NR,40,67,150,111,114,85,40,NR,NR,173,142,NR,152,98,45,180,27,20,27,63,,,,,,,,,,,,,,,,,,,2023-09-02
Odisha,Puri,37,,37,40,80,153,114,111,78,44,52,NR,135,125,NR,119,96,50,228,25,21,35,43,,,,,,,,,,,,,,,,,,,2023-09-02
Odisha,Rayagada,37,,33,37,78,153,120,109,79,44,52,160,138,99,144,107,90,41,NR,27,25,34,31,,,,,,,,,,,,,,,,,,,2023-09-02
Odisha,Sonepur,43,,NR,41,80,155,107,110,80,42,55,NR,137,131,NR,117,96,49,347,23,21,36,31,,,,,,,,,,,,,,,,,,,2023-09-02
Odisha,Bhadrak,35,,NR,38,77,147,115,103,75,42,52,215,137,125,185,115,95,50,320,26,20,31,30,,,,,,,,,,,,,,,,,,,2023-09-02
Odisha,Jharsuguda,38,,44,37,72,152,113,106,78,44,48,NR,135,100,110,120,95,40,NR,27,20,36,45,,,,,,,,,,,,,,,,,,,2023-09-02
Odisha,Kendrapara,37,,NR,36,79,149,110,105,79,44,54,NR,137,133,NR,117,94,44,267,26,18,30,40,,,,,,,,,,,,,,,,,,,2023-09-02
Odisha,Jajpur,NR,,NR,NR,NR,NR,NR,NR,NR,NR,NR,NR,NR,NR,NR,NR,NR,NR,NR,NR,NR,NR,NR,,,,,,,,,,,,,,,,,,,2023-09-02
Odisha,Kalahandi,35,,38,40,75,150,108,115,78,NR,NR,195,140,100,115,120,102,NR,NR,NR,NR,NR,NR,,,,,,,,,,,,,,,,,,,2023-09-02
West Bengal,Kolkata,NR,,NR,NR,NR,NR,NR,NR,NR,NR,NR,NR,NR,NR,NR,NR,NR,NR,NR,NR,NR,NR,NR,,,,,,,,,,,,,,,,,,,2023-09-02
West Bengal,Siliguri,38,,28,35,75,112,111,103,99,43,51,180,130,118,132,148,106,51,206,13,21,34,73,,,,,,,,,,,,,,,,,,,2023-09-02
West Bengal,Purulia,43,,NR,44,83,153,108,103,97,44,51,144,138,103,113,134,94,56,283,26,18,34,41,,,,,,,,,,,,,,,,,,,2023-09-02
West Bengal,Kharagpur,NR,,NR,NR,NR,NR,NR,NR,NR,NR,NR,NR,NR,NR,NR,NR,NR,NR,NR,NR,NR,NR,NR,,,,,,,,,,,,,,,,,,,2023-09-02
West Bengal,Rampurhat,49,,28,38,74,138,111,114,100,44,56,180,131,125,121,129,99,55,280,20,19,32,33,,,,,,,,,,,,,,,,,,,2023-09-02
West Bengal,Malda,43,,26,42,74,155,116,111,106,43,56,NR,140,96,122,141,119,61,320,21,21,38,41,,,,,,,,,,,,,,,,,,,2023-09-02
West Bengal,Raiganj,38,,28,33,70,148,124,108,108,43,45,180,131,98,120,134,100,57,250,10,23,33,82,,,,,,,,,,,,,,,,,,,2023-09-02
West Bengal,Alipurduar,33,,NR,44,69,130,123,103,98,43,54,NR,130,100,117,128,100,48,282,10,20,37,50,,,,,,,,,,,,,,,,,,,2023-09-02
West Bengal,Asansol,NR,,NR,NR,NR,NR,NR,NR,NR,NR,NR,NR,NR,NR,NR,NR,NR,NR,NR,NR,NR,NR,NR,,,,,,,,,,,,,,,,,,,2023-09-02
West Bengal,Balurghat,45,,29,37,85,158,122,113,107,NR,NR,NR,NR,NR,NR,NR,NR,NR,NR,NR,NR,NR,NR,,,,,,,,,,,,,,,,,,,2023-09-02
West Bengal,Bankura,37,,NR,34,67,135,112,144,115,44,58,242,137,122,119,141,105,50,280,26,20,35,50,,,,,,,,,,,,,,,,,,,2023-09-02
West Bengal,Barasat,41,,35,39,81,121,NR,127,116,44,60,200,138,114,112,130,110,52,236,30,27,38,83,,,,,,,,,,,,,,,,,,,2023-09-02
West Bengal,Bardhaman,48,,NR,36,80,160,115,110,110,44,54,220,130,100,105,130,95,55,260,25,18,33,40,,,,,,,,,,,,,,,,,,,2023-09-02
West Bengal,Baruipur,55,,NR,34,80,112,113,133,108,42,55,NR,126,117,123,133,98,39,217,25,20,39,41,,,,,,,,,,,,,,,,,,,2023-09-02
West Bengal,Berhampore,48,,27,40,70,125,98,120,109,43,58,250,140,107,117,148,104,45,220,13,21,29,60,,,,,,,,,,,,,,,,,,,2023-09-02
West Bengal,Chinsurah,45,,NR,36,85,120,100,150,115,45,58,176,130,120,110,120,95,50,250,28,20,49,60,,,,,,,,,,,,,,,,,,,2023-09-02
West Bengal,Cooch behar,44,,NR,33,72,142,113,110,107,44,60,NR,132,107,105,137,97,50,290,26,20,38,68,,,,,,,,,,,,,,,,,,,2023-09-02
West Bengal,Howrah,NR,,NR,NR,NR,NR,NR,NR,NR,NR,NR,NR,NR,NR,NR,NR,NR,NR,NR,NR,NR,NR,NR,,,,,,,,,,,,,,,,,,,2023-09-02
West Bengal,Jalapiguri,40,,28,43,80,120,110,103,100,43,56,NR,132,128,125,130,100,55,300,19,20,35,60,,,,,,,,,,,,,,,,,,,2023-09-02
West Bengal,Jhargram,41,,NR,37,76,141,115,110,90,44,54,NR,136,117,117,123,109,41,273,29,24,36,48,,,,,,,,,,,,,,,,,,,2023-09-02
West Bengal,Kalimpong,38,,36,38,96,124,128,121,101,45,53,NR,151,114,151,165,NR,52,383,15,23,31,NR,,,,,,,,,,,,,,,,,,,2023-09-02
West Bengal,Krishnagar,38,,NR,38,71,131,113,111,109,41,42,185,113,133,117,129,113,44,366,21,24,24,NR,,,,,,,,,,,,,,,,,,,2023-09-02
West Bengal,Tamluk,44,,NR,45,81,120,111,170,120,44,56,NR,132,125,109,137,100,50,298,26,21,35,50,,,,,,,,,,,,,,,,,,,2023-09-02
NORTH EAST ZONE,NORTH EAST ZONE,,,,,,,,,,,,,,,,,,,,,,,,,,,,,,,,,,,,,,,,,,2023-09-02
Andaman and Nicobar,Port Blair,45,,NR,67,81,153,136,120,95,52,73,NR,176,220,NR,141,125,75,325,20,40,60,77,,,,,,,,,,,,,,,,,,,2023-09-02
Andaman and Nicobar,Mayabunder,39,,NR,65,83,156,138,124,93,52,71,203,179,188,NR,121,114,70,315,18,50,60,100,,,,,,,,,,,,,,,,,,,2023-09-02
Andaman and Nicobar,Car Nicobar,40,,NR,66,90,140,150,140,110,55,68,270,232,187,NR,160,145,85,285,23,50,50,120,,,,,,,,,,,,,,,,,,,2023-09-02
Arunachal pradesh,Itanagar,34,,NR,40,90,140,125,130,99,55,72,NR,130,120,130,200,NR,NR,NR,15,30,45,80,,,,,,,,,,,,,,,,,,,2023-09-02
Arunachal pradesh,Namsai,NR,,NR,NR,NR,NR,NR,NR,NR,NR,NR,NR,NR,NR,NR,NR,NR,NR,NR,NR,NR,NR,NR,,,,,,,,,,,,,,,,,,,2023-09-02
Arunachal pradesh,Pasighat,NR,,NR,NR,NR,NR,NR,NR,NR,NR,NR,NR,NR,NR,NR,NR,NR,NR,NR,NR,NR,NR,NR,,,,,,,,,,,,,,,,,,,2023-09-02
Arunachal pradesh,Tawang,38,,42,40,90,130,130,120,110,NR,NR,NR,NR,NR,NR,NR,NR,NR,NR,NR,NR,NR,NR,,,,,,,,,,,,,,,,,,,2023-09-02
Assam,Guwahati,37,,30,37,75,140,95,103,85,45,70,210,152,145,140,155,125,55,200,11,23,41,65,,,,,,,,,,,,,,,,,,,2023-09-02
Assam,Barpeta,36,,27,32,72,120,99,110,82,43,70,NR,154,153,168,112,139,43,203,12,20,30,40,,,,,,,,,,,,,,,,,,,2023-09-02
Assam,Tinsukia,35,,NR,33,85,145,100,110,88,46,72,NR,145,145,125,140,NR,65,180,12,18,38,NR,,,,,,,,,,,,,,,,,,,2023-09-02
Assam,Dhubri,36,,NR,35,68,132,120,101,93,45,70,NR,143,129,122,130,103,50,240,12,18,20,100,,,,,,,,,,,,,,,,,,,2023-09-02
Assam,Goalpara,55,,30,33,77,120,118,100,92,42,57,187,170,152,153,183,143,47,228,12,20,30,85,,,,,,,,,,,,,,,,,,,2023-09-02
Assam,Golaghat,42,,30,36,76,137,110,105,102,45,59,NR,163,163,171,177,166,66,265,12,21,34,52,,,,,,,,,,,,,,,,,,,2023-09-02
Assam,Mangaldai,NR,,NR,NR,NR,NR,NR,NR,NR,NR,NR,NR,NR,NR,NR,NR,NR,NR,NR,NR,NR,NR,NR,,,,,,,,,,,,,,,,,,,2023-09-02
Assam,Mushalpur,40,,34,35,75,110,NR,110,78,43,71,NR,160,142,170,164,105,46,210,10,23,45,128,,,,,,,,,,,,,,,,,,,2023-09-02
Assam,Udalguri,40,,27,35,75,141,115,111,80,44,70,NR,147,127,132,153,102,50,258,20,21,38,65,,,,,,,,,,,,,,,,,,,2023-09-02
Assam,Bajali,64,,NR,37,75,144,120,110,99,43,70,NR,160,NR,160,180,NR,60,400,10,20,35,70,,,,,,,,,,,,,,,,,,,2023-09-02
Assam,Hojai,47,,NR,35,70,135,81,110,92,44,73,NR,125,100,118,127,102,58,230,10,20,42,83,,,,,,,,,,,,,,,,,,,2023-09-02
Assam,Jorhat,NR,,NR,NR,NR,NR,NR,NR,NR,NR,NR,NR,NR,NR,NR,NR,NR,NR,NR,NR,NR,NR,NR,,,,,,,,,,,,,,,,,,,2023-09-02
Assam,Bongaigaon,36,,NR,31,70,115,95,109,105,42,72,NR,136,152,149,174,109,50,348,10,20,40,100,,,,,,,,,,,,,,,,,,,2023-09-02
Assam,Morigaon,NR,,NR,NR,NR,NR,NR,NR,NR,NR,NR,NR,NR,NR,NR,NR,NR,NR,NR,NR,NR,NR,NR,,,,,,,,,,,,,,,,,,,2023-09-02
Assam,Sonari,36,,34,33,73,137,NR,108,97,44,72,NR,156,99,130,NR,NR,68,207,12,25,29,100,,,,,,,,,,,,,,,,,,,2023-09-02
Assam,Tamulpur,37,,34,35,77,115,82,111,84,45,67,NR,120,114,130,NR,105,55,285,10,20,40,103,,,,,,,,,,,,,,,,,,,2023-09-02
Assam,Sivasagar,50,,NR,48,83,124,124,124,104,49,74,NR,148,148,150,NR,NR,63,289,10,23,30,NR,,,,,,,,,,,,,,,,,,,2023-09-02
Assam,Biswanath Chariali,46,,NR,31,76,146,NR,107,102,48,74,NR,143,140,175,175,NR,54,225,12,19,31,108,,,,,,,,,,,,,,,,,,,2023-09-02
Assam,Dibrugarh,43,,NR,42,82,159,118,110,97,47,72,NR,143,140,124,142,NR,54,287,23,19,34,65,,,,,,,,,,,,,,,,,,,2023-09-02
Assam,Karimganj,38,,NR,36,76,141,112,104,79,44,70,NR,137,NR,108,138,104,58,236,14,22,35,58,,,,,,,,,,,,,,,,,,,2023-09-02
Assam,Majuli,49,,NR,37,86,149,88,115,92,48,70,NR,130,NR,135,NR,NR,60,260,15,25,40,85,,,,,,,,,,,,,,,,,,,2023-09-02
Assam,Sonitpur Tezpur,37,,NR,35,69,119,108,110,99,42,69,226,156,172,142,171,NR,46,297,10,16,21,38,,,,,,,,,,,,,,,,,,,2023-09-02
Assam,Haflong,40,,NR,45,72,110,NR,110,80,50,72,NR,150,NR,140,170,NR,80,250,30,25,35,120,,,,,,,,,,,,,,,,,,,2023-09-02
Assam,AS-Lakhimpur,36,,NR,36,72,NR,98,105,91,45,70,NR,142,115,115,126,NR,52,NR,15,18,37,NR,,,,,,,,,,,,,,,,,,,2023-09-02
Assam,Diphu,36,,NR,35,85,149,130,117,92,46,72,NR,139,NR,141,178,110,76,244,15,20,45,67,,,,,,,,,,,,,,,,,,,2023-09-02
Assam,Nalbari,48,,NR,45,125,152,138,118,95,47,79,130,157,140,150,153,118,43,347,10,40,40,150,,,,,,,,,,,,,,,,,,,2023-09-02
Assam,South Salmara Mankachar,38,,37,33,70,130,120,110,81,45,55,201,150,NR,135,NR,108,50,230,10,28,27,30,,,,,,,,,,,,,,,,,,,2023-09-02
Assam,Kamrup,40,,NR,34,75,147,117,105,83,43,71,NR,142,NR,127,143,105,59,285,18,22,34,107,,,,,,,,,,,,,,,,,,,2023-09-02
Manipur,Imphal,NR,,NR,NR,NR,NR,NR,NR,NR,NR,NR,NR,NR,NR,NR,NR,NR,NR,NR,NR,NR,NR,NR,,,,,,,,,,,,,,,,,,,2023-09-02
Manipur,Chandel,NR,,NR,NR,NR,NR,NR,NR,NR,NR,NR,NR,NR,NR,NR,NR,NR,NR,NR,NR,NR,NR,NR,,,,,,,,,,,,,,,,,,,2023-09-02
Manipur,Jiribam,NR,,NR,NR,NR,NR,NR,NR,NR,NR,NR,NR,NR,NR,NR,NR,NR,NR,NR,NR,NR,NR,NR,,,,,,,,,,,,,,,,,,,2023-09-02
Manipur,Kangpokpi,NR,,NR,NR,NR,NR,NR,NR,NR,NR,NR,NR,NR,NR,NR,NR,NR,NR,NR,NR,NR,NR,NR,,,,,,,,,,,,,,,,,,,2023-09-02
Manipur,Senapati,NR,,NR,NR,NR,NR,NR,NR,NR,NR,NR,NR,NR,NR,NR,NR,NR,NR,NR,NR,NR,NR,NR,,,,,,,,,,,,,,,,,,,2023-09-02
Manipur,Tamenglong,NR,,NR,NR,NR,NR,NR,NR,NR,NR,NR,NR,NR,NR,NR,NR,NR,NR,NR,NR,NR,NR,NR,,,,,,,,,,,,,,,,,,,2023-09-02
Manipur,Thoubal,NR,,NR,NR,NR,NR,NR,NR,NR,NR,NR,NR,NR,NR,NR,NR,NR,NR,NR,NR,NR,NR,NR,,,,,,,,,,,,,,,,,,,2023-09-02
Manipur,Ukhrul,NR,,NR,NR,NR,NR,NR,NR,NR,NR,NR,NR,NR,NR,NR,NR,NR,NR,NR,NR,NR,NR,NR,,,,,,,,,,,,,,,,,,,2023-09-02
Meghalaya,Shillong,45,,34,33,75,118,110,113,103,44,72,NR,130,130,120,NR,NR,70,300,30,23,47,70,,,,,,,,,,,,,,,,,,,2023-09-02
Meghalaya,Tura,NR,,NR,NR,NR,NR,NR,NR,NR,NR,NR,NR,NR,NR,NR,NR,NR,NR,NR,NR,NR,NR,NR,,,,,,,,,,,,,,,,,,,2023-09-02
Meghalaya,Jowai,35,,38,36,80,120,120,117,90,45,72,NR,130,NR,130,190,130,80,340,30,25,50,60,,,,,,,,,,,,,,,,,,,2023-09-02
Meghalaya,Sohra,36,,38,38,NR,130,130,110,79,46,72,NR,118,NR,118,NR,NR,100,330,30,35,60,73,,,,,,,,,,,,,,,,,,,2023-09-02
Meghalaya,Mairang,40,,39,39,NR,NR,NR,NR,90,50,72,NR,120,NR,120,NR,NR,NR,340,12,23,50,63,,,,,,,,,,,,,,,,,,,2023-09-02
Meghalaya,Nongpoh,36,,NR,37,77,162,140,107,88,45,72,139,132,132,146,178,198,59,290,21,30,50,63,,,,,,,,,,,,,,,,,,,2023-09-02
Meghalaya,Khliehriat,46,,38,38,76,135,127,113,90,45,76,NR,170,140,160,NR,NR,80,300,30,30,40,50,,,,,,,,,,,,,,,,,,,2023-09-02
Meghalaya,Williamnagar,35,,45,45,80,132,NR,117,90,45,70,NR,150,NR,189,NR,135,NR,470,15,25,41,87,,,,,,,,,,,,,,,,,,,2023-09-02
Meghalaya,Nongstoin,32,,38,38,NR,NR,NR,117,93,48,73,NR,140,158,140,175,175,NR,360,18,23,50,90,,,,,,,,,,,,,,,,,,,2023-09-02
Meghalaya,Mawkyrwat,NR,,NR,NR,NR,NR,NR,NR,NR,NR,NR,NR,NR,NR,NR,NR,NR,NR,NR,NR,NR,NR,NR,,,,,,,,,,,,,,,,,,,2023-09-02
Mizoram,Aizawl,NR,,NR,NR,NR,NR,NR,NR,NR,NR,NR,NR,NR,NR,NR,NR,NR,NR,NR,NR,NR,NR,NR,,,,,,,,,,,,,,,,,,,2023-09-02
Mizoram,Lunglei,50,,40,45,98,NR,NR,120,105,50,75,NR,190,220,150,NR,NR,100,520,25,40,60,70,,,,,,,,,,,,,,,,,,,2023-09-02
Mizoram,Kolasib,NR,,NR,NR,NR,NR,NR,NR,NR,NR,NR,NR,NR,NR,NR,NR,NR,NR,NR,NR,NR,NR,NR,,,,,,,,,,,,,,,,,,,2023-09-02
Mizoram,Mamit,NR,,NR,NR,NR,NR,NR,NR,NR,NR,NR,NR,NR,NR,NR,NR,NR,NR,NR,NR,NR,NR,NR,,,,,,,,,,,,,,,,,,,2023-09-02
Mizoram,Champhai,50,,35,60,NR,NR,NR,NR,110,50,80,NR,NR,NR,130,NR,NR,143,520,30,60,63,80,,,,,,,,,,,,,,,,,,,2023-09-02
Mizoram,Serchhip,NR,,NR,NR,NR,NR,NR,NR,NR,NR,NR,NR,NR,NR,NR,NR,NR,NR,NR,NR,NR,NR,NR,,,,,,,,,,,,,,,,,,,2023-09-02
Mizoram,Siaha,NR,,NR,NR,NR,NR,NR,NR,NR,NR,NR,NR,NR,NR,NR,NR,NR,NR,NR,NR,NR,NR,NR,,,,,,,,,,,,,,,,,,,2023-09-02
Mizoram,Lawngtlai,NR,,NR,NR,NR,NR,NR,NR,NR,NR,NR,NR,NR,NR,NR,NR,NR,NR,NR,NR,NR,NR,NR,,,,,,,,,,,,,,,,,,,2023-09-02
Mizoram,Hnahthial,NR,,NR,NR,NR,NR,NR,NR,NR,NR,NR,NR,NR,NR,NR,NR,NR,NR,NR,NR,NR,NR,NR,,,,,,,,,,,,,,,,,,,2023-09-02
Mizoram,Khawzawl,NR,,NR,NR,NR,NR,NR,NR,NR,NR,NR,NR,NR,NR,NR,NR,NR,NR,NR,NR,NR,NR,NR,,,,,,,,,,,,,,,,,,,2023-09-02
Mizoram,Saitual,NR,,NR,NR,NR,NR,NR,NR,NR,NR,NR,NR,NR,NR,NR,NR,NR,NR,NR,NR,NR,NR,NR,,,,,,,,,,,,,,,,,,,2023-09-02
Nagaland,Kohima,40,,40,50,90,130,110,130,90,50,50,NR,120,180,140,200,NR,NR,230,20,30,60,70,,,,,,,,,,,,,,,,,,,2023-09-02
Nagaland,Dimapur,45,,40,35,70,120,105,120,83,46,80,200,150,200,170,210,165,80,210,15,25,40,100,,,,,,,,,,,,,,,,,,,2023-09-02
Nagaland,Tuensang,37,,38,55,100,NR,NR,120,100,50,NR,NR,160,NR,165,NR,NR,NR,275,20,30,50,80,,,,,,,,,,,,,,,,,,,2023-09-02
Nagaland,Mokochung,50,,NR,60,130,130,140,120,100,50,72,NR,120,130,160,195,NR,80,380,15,30,40,70,,,,,,,,,,,,,,,,,,,2023-09-02
Nagaland,Chumukedima,40,,NR,35,80,130,120,110,90,50,75,NR,130,150,140,190,NR,70,260,15,20,40,80,,,,,,,,,,,,,,,,,,,2023-09-02
Nagaland,Mon,37,,NR,50,90,NR,NR,130,100,50,70,NR,150,NR,140,NR,NR,60,350,20,25,50,100,,,,,,,,,,,,,,,,,,,2023-09-02
Nagaland,Peren,35,,40,40,120,NR,140,120,100,50,72,NR,160,NR,168,NR,NR,80,345,15,30,50,100,,,,,,,,,,,,,,,,,,,2023-09-02
Nagaland,Phek,33,,43,43,100,140,127,140,100,50,72,NR,160,NR,170,NR,NR,NR,350,20,30,60,120,,,,,,,,,,,,,,,,,,,2023-09-02
Nagaland,Tseminyu,50,,NR,50,NR,NR,NR,120,100,50,70,NR,130,NR,130,NR,NR,NR,360,15,30,50,75,,,,,,,,,,,,,,,,,,,2023-09-02
Nagaland,Wokha,45,,NR,43,100,123,125,120,100,50,68,NR,160,200,180,NR,NR,NR,290,15,36,40,100,,,,,,,,,,,,,,,,,,,2023-09-02
Nagaland,Zunheboto,50,,NR,50,NR,120,NR,140,100,45,75,NR,150,NR,140,NR,NR,60,400,18,30,60,120,,,,,,,,,,,,,,,,,,,2023-09-02
Nagaland,Kiphire,37,,NR,45,90,140,NR,110,90,50,80,NR,130,NR,140,NR,NR,75,320,18,30,50,90,,,,,,,,,,,,,,,,,,,2023-09-02
Nagaland,Longleng,38,,40,50,NR,150,NR,120,100,70,75,NR,160,NR,180,NR,NR,80,350,20,25,40,60,,,,,,,,,,,,,,,,,,,2023-09-02
Nagaland,Niuland,35,,NR,40,NR,160,110,120,95,50,70,NR,110,NR,120,NR,NR,NR,350,15,25,40,73,,,,,,,,,,,,,,,,,,,2023-09-02
Nagaland,Shamator,38,,40,60,100,120,NR,110,100,NR,NR,NR,130,210,120,135,110,NR,NR,NR,30,65,100,,,,,,,,,,,,,,,,,,,2023-09-02
Nagaland,Noklak,39,,40,60,90,100,NR,NR,105,50,NR,NR,150,NR,150,NR,NR,NR,NR,20,30,50,100,,,,,,,,,,,,,,,,,,,2023-09-02
Sikkim,Gangtok,53,,40,47,85,137,128,123,95,48,62,NR,176,132,159,181,NR,60,547,17,35,45,60,,,,,,,,,,,,,,,,,,,2023-09-02
Sikkim,Gyalshing,45,,35,45,80,130,130,120,100,50,65,NR,160,120,140,180,NR,60,440,20,35,45,60,,,,,,,,,,,,,,,,,,,2023-09-02
Sikkim,Namchi,54,,32,45,80,120,130,107,95,45,65,NR,183,114,167,190,NR,50,410,20,35,35,120,,,,,,,,,,,,,,,,,,,2023-09-02
Sikkim,Soreng,45,,36,42,80,135,135,138,120,50,65,NR,198,148,168,214,NR,49,480,20,45,50,60,,,,,,,,,,,,,,,,,,,2023-09-02
Sikkim,Mangan,60,,36,36,80,135,135,130,110,50,60,NR,187,167,NR,210,NR,66,343,17,28,40,88,,,,,,,,,,,,,,,,,,,2023-09-02
Tripura,Agartala,40,,NR,35,84,145,120,112,78,48,70,NR,135,143,122,158,105,70,200,12,25,40,100,,,,,,,,,,,,,,,,,,,2023-09-02
Tripura,Dharmanagar,35,,NR,40,78,147,138,117,117,48,72,NR,125,130,122,180,103,63,240,10,22,40,74,,,,,,,,,,,,,,,,,,,2023-09-02
Tripura,Belonia,42,,NR,40,NR,NR,NR,105,107,45,68,NR,140,NR,115,143,105,77,265,10,25,43,80,,,,,,,,,,,,,,,,,,,2023-09-02
Tripura,TR-Udaipur,NR,,NR,NR,NR,NR,NR,NR,NR,NR,NR,NR,NR,NR,NR,NR,NR,NR,NR,NR,NR,NR,NR,,,,,,,,,,,,,,,,,,,2023-09-02
SOUTH ZONE,SOUTH ZONE,,,,,,,,,,,,,,,,,,,,,,,,,,,,,,,,,,,,,,,,,,2023-09-02
Andhra Pradesh,Vijaywada,55,,46,55,78,177,130,124,95,44,68,175,179,127,NR,117,94,60,300,21,33,34,37,,,,,,,,,,,,,,,,,,,2023-09-02
Andhra Pradesh,Visakhapatnam,46,,35,38,80,137,123,110,87,47,54,185,143,98,NR,115,93,60,290,23,22,29,27,,,,,,,,,,,,,,,,,,,2023-09-02
Andhra Pradesh,Kurnool,61,,43,42,79,152,125,119,110,41,63,172,195,130,NR,115,91,60,460,24,33,28,24,,,,,,,,,,,,,,,,,,,2023-09-02
Andhra Pradesh,Tirupathi,59,,40,40,70,152,118,112,100,44,46,175,205,111,150,109,97,58,380,20,29,28,27,,,,,,,,,,,,,,,,,,,2023-09-02
Andhra Pradesh,Jammalamadugu,40,,40,46,65,135,110,110,103,42,60,182,258,120,200,139,120,54,198,20,40,30,30,,,,,,,,,,,,,,,,,,,2023-09-02
Andhra Pradesh,Dharmavaram,NR,,NR,NR,NR,NR,NR,NR,NR,NR,NR,NR,NR,NR,NR,NR,NR,NR,NR,NR,NR,NR,NR,,,,,,,,,,,,,,,,,,,2023-09-02
Andhra Pradesh,Ongole,NR,,NR,NR,NR,NR,NR,NR,NR,NR,NR,NR,NR,NR,NR,NR,NR,NR,NR,NR,NR,NR,NR,,,,,,,,,,,,,,,,,,,2023-09-02
Karnataka,Bengaluru,55,,39,39,78,142,123,112,81,42,47,200,157,99,128,114,94,61,430,17,20,36,20,,,,,,,,,,,,,,,,,,,2023-09-02
Karnataka,Dharwad,54,,44,61,81,159,139,120,117,41,48,209,156,157,130,110,95,54,393,27,30,34,26,,,,,,,,,,,,,,,,,,,2023-09-02
Karnataka,Mangalore,48,,45,43,70,132,130,115,90,37,44,166,159,147,135,108,100,60,371,14,27,39,36,,,,,,,,,,,,,,,,,,,2023-09-02
Karnataka,Mysore,53,,40,48,108,149,133,119,106,43,43,197,176,168,157,129,108,61,340,19,33,34,27,,,,,,,,,,,,,,,,,,,2023-09-02
Karnataka,Bengaluru (East Range),63,,42,38,80,169,146,113,93,46,46,157,179,100,128,122,98,55,240,15,32,42,28,,,,,,,,,,,,,,,,,,,2023-09-02
Karnataka,Belagavi,54,,37,40,78,162,114,108,83,50,53,183,164,102,113,120,100,48,275,19,28,33,30,,,,,,,,,,,,,,,,,,,2023-09-02
Karnataka,Kalaburagi,NR,,NR,NR,NR,NR,NR,NR,NR,NR,NR,NR,NR,NR,NR,NR,NR,NR,NR,NR,NR,NR,NR,,,,,,,,,,,,,,,,,,,2023-09-02
Karnataka,Tumakuru,59,,43,40,84,158,126,117,94,42,49,197,165,127,124,119,95,58,297,17,32,36,22,,,,,,,,,,,,,,,,,,,2023-09-02
Karnataka,Bellary,56,,40,41,70,149,120,122,105,40,48,188,145,98,131,111,98,59,228,24,35,36,27,,,,,,,,,,,,,,,,,,,2023-09-02
Karnataka,Dhavanagere,61,,42,61,79,157,131,117,108,41,49,165,158,125,128,117,95,59,272,28,31,33,16,,,,,,,,,,,,,,,,,,,2023-09-02
Karnataka,Shivamogga,52,,42,37,80,155,130,130,109,43,48,193,195,102,135,117,98,47,243,25,30,35,25,,,,,,,,,,,,,,,,,,,2023-09-02
Karnataka,Vijayapur,65,,46,44,108,159,154,137,122,44,53,216,197,158,126,122,103,62,305,21,30,29,50,,,,,,,,,,,,,,,,,,,2023-09-02
Karnataka,Ramanagara,57,,40,44,91,159,139,134,118,42,46,175,189,105,152,118,100,50,188,18,30,33,31,,,,,,,,,,,,,,,,,,,2023-09-02
Karnataka,Raichur,57,,43,45,95,155,125,110,87,NR,NR,NR,NR,NR,NR,NR,NR,NR,NR,NR,NR,NR,NR,,,,,,,,,,,,,,,,,,,2023-09-02
Karnataka,Chamarajanagar,56,,41,38,84,163,128,120,113,41,44,198,165,108,NR,116,93,58,335,20,30,33,21,,,,,,,,,,,,,,,,,,,2023-09-02
Karnataka,Kolar,48,,42,46,124,140,123,120,121,39,46,155,143,152,128,121,100,51,330,11,23,18,39,,,,,,,,,,,,,,,,,,,2023-09-02
Karnataka,Haveri,51,,40,43,133,150,135,135,85,39,64,149,157,135,142,144,93,43,247,9,48,48,22,,,,,,,,,,,,,,,,,,,2023-09-02
Karnataka,Bagalkot,54,,44,45,73,148,136,122,111,38,57,191,203,112,148,143,99,44,420,26,29,33,40,,,,,,,,,,,,,,,,,,,2023-09-02
Karnataka,Bidar,61,,35,47,74,156,123,125,101,41,64,199,163,117,128,108,101,60,284,27,38,34,39,,,,,,,,,,,,,,,,,,,2023-09-02
Karnataka,Koppal,52,,41,43,81,142,127,115,129,43,43,148,173,126,165,140,106,44,256,12,37,45,25,,,,,,,,,,,,,,,,,,,2023-09-02
Karnataka,Mandya,NR,,NR,NR,NR,NR,NR,NR,NR,NR,NR,NR,NR,NR,NR,NR,NR,NR,NR,NR,NR,NR,NR,,,,,,,,,,,,,,,,,,,2023-09-02
Karnataka,Yadgir,61,,42,47,75,157,137,123,100,40,60,182,170,112,148,117,101,53,420,28,40,38,50,,,,,,,,,,,,,,,,,,,2023-09-02
Karnataka,Chikkamagalur,52,,41,41,79,157,128,128,104,42,49,150,158,112,112,119,98,60,198,19,30,30,18,,,,,,,,,,,,,,,,,,,2023-09-02
Karnataka,Bangalore Rural,51,,38,55,87,143,135,122,115,39,42,180,140,107,155,127,83,49,245,15,28,42,21,,,,,,,,,,,,,,,,,,,2023-09-02
Karnataka,Chikkaballapur,50,,40,38,78,138,122,110,83,40,42,166,145,95,146,117,91,46,413,15,33,26,37,,,,,,,,,,,,,,,,,,,2023-09-02
Karnataka,Chitradurga,62,,38,52,80,146,153,138,145,39,47,145,187,141,147,155,108,45,310,30,30,57,60,,,,,,,,,,,,,,,,,,,2023-09-02
Karnataka,Gadag,58,,45,47,87,155,129,128,105,42,69,176,172,125,148,132,100,42,323,10,30,29,25,,,,,,,,,,,,,,,,,,,2023-09-02
Karnataka,Hassan,45,,40,56,70,150,115,96,88,38,52,160,175,106,145,145,90,48,230,15,25,25,80,,,,,,,,,,,,,,,,,,,2023-09-02
Karnataka,Kodagu,53,,41,47,108,148,143,128,123,41,48,174,183,158,163,118,98,41,215,15,30,24,35,,,,,,,,,,,,,,,,,,,2023-09-02
Karnataka,Udupi,51,,50,56,126,145,154,128,129,49,48,173,175,119,151,154,125,51,289,28,27,37,48,,,,,,,,,,,,,,,,,,,2023-09-02
Karnataka,Uttara Kannada,50,,46,38,103,135,130,127,110,46,50,221,199,137,153,132,122,46,250,28,32,26,38,,,,,,,,,,,,,,,,,,,2023-09-02
Karnataka,Vijayanagara,62,,43,44,86,156,136,127,113,43,48,176,167,125,131,114,95,44,242,16,29,30,30,,,,,,,,,,,,,,,,,,,2023-09-02
Kerala,T.Puram,58,,40,49,98,156,145,132,103,43,52,230,170,150,NR,127,100,90,267,16,38,34,43,,,,,,,,,,,,,,,,,,,2023-09-02
Kerala,Ernakulam,54,,41,43,99,172,158,138,108,45,56,206,175,146,NR,123,108,65,227,16,39,37,35,,,,,,,,,,,,,,,,,,,2023-09-02
Kerala,Kozhikode,45,,47,48,87,170,133,126,102,42,53,225,195,148,NR,121,95,57,227,15,31,36,31,,,,,,,,,,,,,,,,,,,2023-09-02
Kerala,Thrissur,52,,46,56,100,180,144,148,123,46,54,237,213,153,NR,125,113,70,259,16,42,38,55,,,,,,,,,,,,,,,,,,,2023-09-02
Kerala,Palakkad,44,,45,48,92,172,138,125,100,42,50,222,190,145,NR,119,95,57,253,12,40,34,25,,,,,,,,,,,,,,,,,,,2023-09-02
Kerala,Wayanad,46,,49,42,94,170,141,134,101,42,52,NR,200,160,NR,123,102,54,213,15,31,35,28,,,,,,,,,,,,,,,,,,,2023-09-02
Kerala,Kasargod,46,,46,50,92,144,148,113,96,42,61,NR,NR,150,NR,112,93,48,240,14,29,31,21,,,,,,,,,,,,,,,,,,,2023-09-02
Kerala,Kottayam,57,,41,47,125,162,133,123,113,44,56,NR,208,152,NR,121,98,63,245,13,39,36,55,,,,,,,,,,,,,,,,,,,2023-09-02
Kerala,Pathanamthitta,NR,,NR,NR,NR,NR,NR,NR,NR,NR,NR,NR,NR,NR,NR,NR,NR,NR,NR,NR,NR,NR,NR,,,,,,,,,,,,,,,,,,,2023-09-02
Kerala,Alapuzha,50,,43,65,95,157,142,142,115,42,52,NR,NR,148,NR,121,NR,61,193,12,34,28,56,,,,,,,,,,,,,,,,,,,2023-09-02
Kerala,Kollam,45,,49,44,103,179,146,NR,110,45,52,226,NR,148,NR,128,110,73,220,15,46,38,38,,,,,,,,,,,,,,,,,,,2023-09-02
Kerala,Idukki,56,,40,40,88,143,135,123,87,42,60,NR,168,145,NR,120,95,62,180,13,40,36,35,,,,,,,,,,,,,,,,,,,2023-09-02
Kerala,Kannur,50,,44,45,89,171,142,144,101,42,52,NR,NR,175,NR,123,96,60,259,15,29,33,16,,,,,,,,,,,,,,,,,,,2023-09-02
Kerala,Malapuram,48,,45,40,81,171,137,128,131,42,52,239,162,142,NR,123,96,53,225,11,31,32,22,,,,,,,,,,,,,,,,,,,2023-09-02
Puducherry,Puducherry,NR,,NR,NR,NR,NR,NR,NR,NR,NR,NR,NR,NR,NR,NR,NR,NR,NR,NR,NR,NR,NR,NR,,,,,,,,,,,,,,,,,,,2023-09-02
Tamil Nadu,Chennai,61,,42,41,84,177,135,123,95,42,40,192,155,111,NR,114,87,66,303,27,27,31,26,,,,,,,,,,,,,,,,,,,2023-09-02
Tamil Nadu,Madurai,53,,40,59,71,164,129,116,86,45,45,214,192,152,NR,116,86,48,263,13,38,29,27,,,,,,,,,,,,,,,,,,,2023-09-02
Tamil Nadu,Dindigul,59,,43,56,86,174,133,119,89,42,43,230,190,128,NR,117,98,50,273,26,34,38,24,,,,,,,,,,,,,,,,,,,2023-09-02
Tamil Nadu,Thiruchirapalli,59,,41,61,86,157,130,119,102,42,43,217,187,133,NR,119,94,59,NR,27,32,41,25,,,,,,,,,,,,,,,,,,,2023-09-02
Tamil Nadu,Coimbatore,NR,,NR,NR,NR,NR,NR,NR,NR,NR,NR,NR,NR,NR,NR,NR,NR,NR,NR,NR,NR,NR,NR,,,,,,,,,,,,,,,,,,,2023-09-02
Tamil Nadu,Tirunelveli,NR,,NR,NR,NR,NR,NR,NR,NR,NR,NR,NR,NR,NR,NR,NR,NR,NR,NR,NR,NR,NR,NR,,,,,,,,,,,,,,,,,,,2023-09-02
Tamil Nadu,Cuddalore,59,,47,51,88,164,133,122,110,40,46,203,212,172,NR,110,88,52,313,22,47,37,23,,,,,,,,,,,,,,,,,,,2023-09-02
Tamil Nadu,Dharmapuri,57,,44,40,78,165,125,110,85,42,43,225,NR,115,NR,125,99,50,270,25,30,34,30,,,,,,,,,,,,,,,,,,,2023-09-02
Tamil Nadu,Vellore,NR,,NR,NR,NR,NR,NR,NR,NR,NR,NR,NR,NR,NR,NR,NR,NR,NR,NR,NR,NR,NR,NR,,,,,,,,,,,,,,,,,,,2023-09-02
Tamil Nadu,Ramanathapuram,54,,39,51,76,166,136,126,89,41,43,226,235,126,NR,129,102,49,271,26,41,37,32,,,,,,,,,,,,,,,,,,,2023-09-02
Tamil Nadu,Erode,60,,46,41,89,165,132,117,82,42,45,232,183,125,NR,112,98,53,288,25,32,35,32,,,,,,,,,,,,,,,,,,,2023-09-02
Tamil Nadu,Karur,NR,,NR,NR,NR,NR,NR,NR,NR,NR,NR,NR,NR,NR,NR,NR,NR,NR,NR,NR,NR,NR,NR,,,,,,,,,,,,,,,,,,,2023-09-02
Tamil Nadu,Perambalur,53,,NR,58,81,169,135,117,81,42,40,209,170,119,NR,119,93,53,NR,26,28,35,31,,,,,,,,,,,,,,,,,,,2023-09-02
Tamil Nadu,Pudukkottai,60,,45,61,85,173,138,122,NR,43,45,217,212,158,NR,115,94,51,NR,27,32,40,25,,,,,,,,,,,,,,,,,,,2023-09-02
Tamil Nadu,Sivagangai,60,,44,60,84,173,132,120,85,41,44,234,213,135,NR,117,101,50,277,26,43,40,28,,,,,,,,,,,,,,,,,,,2023-09-02
Tamil Nadu,Thanjavur,53,,45,50,83,163,138,122,90,42,44,206,185,125,NR,113,95,53,245,21,29,37,27,,,,,,,,,,,,,,,,,,,2023-09-02
Tamil Nadu,The nilgiris,NR,,NR,NR,NR,NR,NR,NR,NR,NR,NR,NR,NR,NR,NR,NR,NR,NR,NR,NR,NR,NR,NR,,,,,,,,,,,,,,,,,,,2023-09-02
Tamil Nadu,Thoothukudi,53,,42,57,80,165,133,113,88,42,40,221,192,125,NR,114,91,53,306,11,30,34,23,,,,,,,,,,,,,,,,,,,2023-09-02
Tamil Nadu,Viluppuram,51,,48,42,86,172,122,125,104,41,46,199,166,105,NR,114,94,55,NR,26,25,25,19,,,,,,,,,,,,,,,,,,,2023-09-02
Tamil Nadu,Virudhunagar,57,,41,59,79,165,133,119,77,43,45,214,159,137,NR,118,91,52,293,28,38,35,32,,,,,,,,,,,,,,,,,,,2023-09-02
Tamil Nadu,Kanniyakumari,55,,36,56,80,153,130,112,120,42,41,213,180,130,NR,119,90,56,258,25,35,39,22,,,,,,,,,,,,,,,,,,,2023-09-02
Tamil Nadu,Namakkal,58,,46,61,87,175,132,117,89,42,44,203,188,117,NR,110,93,50,NR,26,30,39,32,,,,,,,,,,,,,,,,,,,2023-09-02
Tamil Nadu,Tiruvannamalai,55,,48,41,83,168,135,120,97,42,65,209,188,119,NR,117,98,58,280,27,38,32,28,,,,,,,,,,,,,,,,,,,2023-09-02
Tamil Nadu,Tiruvarur,NR,,NR,NR,NR,NR,NR,NR,NR,NR,NR,NR,NR,NR,NR,NR,NR,NR,NR,NR,NR,NR,NR,,,,,,,,,,,,,,,,,,,2023-09-02
Tamil Nadu,Tiruppur,58,,44,46,91,164,132,125,83,41,44,219,170,116,NR,118,96,56,NR,27,38,40,30,,,,,,,,,,,,,,,,,,,2023-09-02
Tamil Nadu,Tenkasi,55,,44,60,79,161,142,113,NR,42,66,208,195,122,NR,115,89,54,275,22,31,36,21,,,,,,,,,,,,,,,,,,,2023-09-02
Tamil Nadu,Nagapattinam,53,,43,61,82,162,132,116,103,42,49,219,222,120,NR,110,93,55,NR,20,30,37,26,,,,,,,,,,,,,,,,,,,2023-09-02
Tamil Nadu,Krishnagiri,58,,43,39,85,166,127,117,87,40,44,195,NR,107,NR,115,92,51,505,26,31,36,24,,,,,,,,,,,,,,,,,,,2023-09-02
Tamil Nadu,Ariyalur,55,,NR,64,88,165,141,122,NR,42,40,200,NR,120,NR,120,93,53,NR,26,37,42,32,,,,,,,,,,,,,,,,,,,2023-09-02
Tamil Nadu,Kallakurichi,54,,48,61,86,171,123,122,99,41,45,213,167,127,NR,117,94,58,NR,27,32,34,24,,,,,,,,,,,,,,,,,,,2023-09-02
Tamil Nadu,Kancheepuram,59,,45,61,82,172,137,120,90,42,40,198,156,122,NR,117,91,65,NR,26,38,35,30,,,,,,,,,,,,,,,,,,,2023-09-02
Tamil Nadu,Salem,44,,43,43,93,163,138,113,109,42,45,211,188,116,NR,113,94,54,280,31,43,37,38,,,,,,,,,,,,,,,,,,,2023-09-02
Tamil Nadu,Theni,56,,43,50,85,171,131,117,82,42,45,217,175,119,NR,119,87,49,308,13,29,37,25,,,,,,,,,,,,,,,,,,,2023-09-02
Telangana,Hyderabad,55,,38,38,73,155,113,103,94,36,52,169,155,98,118,109,97,50,265,18,23,23,23,,,,,,,,,,,,,,,,,,,2023-09-02
Telangana,Karimnagar,47,,40,56,72,139,124,113,85,42,62,162,148,95,NR,116,89,57,307,25,28,31,40,,,,,,,,,,,,,,,,,,,2023-09-02
Telangana,Warangal,45,,35,37,69,119,107,96,85,41,55,175,182,145,174,126,89,54,274,15,29,26,80,,,,,,,,,,,,,,,,,,,2023-09-02
Telangana,Adilabad,54,,38,45,73,138,109,108,83,40,73,160,190,110,147,108,93,52,260,21,27,45,23,,,,,,,,,,,,,,,,,,,2023-09-02
Telangana,Suryapet,50,,45,44,68,137,119,110,92,39,62,160,150,127,NR,109,93,52,280,20,31,31,30,,,,,,,,,,,,,,,,,,,2023-09-02
Telangana,Jadcherla,40,,30,50,75,115,125,110,95,39,57,170,178,123,NR,116,108,55,292,14,15,15,44,,,,,,,,,,,,,,,,,,,2023-09-02
Telangana,Khammam,50,,40,40,70,120,115,100,85,40,NR,165,170,120,175,135,NR,55,320,20,40,35,60,,,,,,,,,,,,,,,,,,,2023-09-02
Telangana,Medchal,56,,40,40,65,147,115,108,80,38,61,169,198,122,119,120,105,44,260,18,30,38,20,,,,,,,,,,,,,,,,,,,2023-09-02
Telangana,Nizamabad,45,,44,39,79,127,110,109,112,42,75,180,192,108,NR,128,115,65,341,13,35,36,32,,,,,,,,,,,,,,,,,,,2023-09-02
Telangana,Sangareddy,47,,40,42,72,145,120,117,93,42,70,158,160,138,160,120,96,65,380,24,30,20,47,,,,,,,,,,,,,,,,,,,2023-09-02
Commodity Name,Commodity Name,Rice,Rice,Wheat,Atta (Wheat),Gram Dal,Tur/Arhar Dal,Urad Dal,Moong Dal,Masoor Dal,Sugar,Milk @,Groundnut Oil (Packed),Mustard Oil (Packed),Vanaspati (Packed),Soya Oil (Packed),Sunflower Oil (Packed),Palm Oil (Packed),Gur,Tea Loose,Salt Pack (Iodised),Potato,Onion,Tomato,Bajra(whole),Jowar(whole),Maida(wheat),Ragi(whole),Suji(whole),Besan,Desi Ghee,Butter(Pasteurised),Eggs,Brinjal,Black Pepper(whole),Coriander(whole),Cummin Seed(whole),Red Chillies(whole),Turmeric(powder),Banana,GInger,Garlic,2023-09-02
Average Price1,Average Price1,41.85,,29.85,35.5,78.67,142.9,116.4,112.2,92.5,43.36,58.06,192.35,140.41,128.85,125.79,127.63,102.92,51.94,275.58,22.19,24.43,33.23,52.13,,,,,,,,,,,,,,,,,,,2023-09-02
Maximum Price1,Maximum Price1,65,,51,67,133,180,162,170,145,70,80,270,258,220,200,244,198,143,558,34,60,65,150,,,,,,,,,,,,,,,,,,,2023-09-02
Minimum Price1,Minimum Price1,26,,21,26,54,75,70,80,66,36,40,115,110,93,100,107,83,35,168,9,11,12,16,,,,,,,,,,,,,,,,,,,2023-09-02
Modal Price1,Modal Price1,40,,28,30,80,140,110,110,90,42,60,200,130,120,120,120,100,50,240,28,20,30,40,,,,,,,,,,,,,,,,,,,2023-09-02
,,,,,,,,,,,,,,,,,,,,,,,,,,,,,,,,,,,,,,,,,,,2023-09-02
"Department of Consumer Affairs ( Price Monitoring Division)Date 02/09/2023 Daily Retail Prices Of Essential Commodities  StateCentreRiceBroken RiceWheatAtta (Wheat)Gram DalTur/Arhar DalUrad DalMoong DalMasoor DalSugarMilk @Groundnut Oil (Packed)Mustard Oil (Packed)Vanaspati (Packed)Soya Oil (Packed)Sunflower Oil (Packed)Palm Oil (Packed)GurTea LooseSalt Pack (Iodised)PotatoOnionTomatoBajra (whole)Jowar (whole)Maida (wheat)Ragi (whole)Suji (whole)BesanDesi GheeButter (Pasteurised)Eggs BrinjalBlack Pepper (whole)Coriander (whole)Cummin Seed (whole)Red Chillies (whole)Turmeric (powder)BananaGingerGarlic  UnitQty1 Kg1 Kg1 Kg1 Kg1 Kg1 Kg1 Kg1 Kg1 Kg1 Kg1 ltr1 Kg1 Kg1 Kg1 Kg1 Kg1 Kg1 Kg1 Kg1 Kg1 Kg1 Kg1 Kg1 Kg1 Kg1 Kg1 Kg1 Kg1 Kg1 Kg100 gmDozen1 Kg100 gm250 gm100 gm100 gm50 gm1 Kg100 gm100 gm  Average PriceAverage Price41.85 29.8535.578.67142.9116.4112.292.543.3658.06192.35140.41128.85125.79127.63102.9251.94275.5822.1924.4333.2352.13 Maximum PriceMaximum Price65 51671331801621701457080270258220200244198143558346065150 Minimum PriceMinimum Price26 2126547570806636401151109310010783351689111216 Modal PriceModal Price40 2830801401101109042602001301201201201005024028203040 NORTH ZONENORTH ZONE  ChandigarhChandigarh41 3035741321121109343581901541301361561125127527254240 DelhiDelhi39 2831821621321159142532181441311301431046024726273740 HaryanaHisar35 252772165105978840572131201121121581104525725152059 Karnal56 27388012011511511544661831541441441731395027630203565 Panchkula30 26315413792948442561731341451181401074221528172190 Gurgaon40 25356510095908842561851651301371631004419020152060 Himachal PradeshShimla41 NR3581152142123874660220176143132NRNR4821228404050 Mandi38 NR34801511351258844472161661381291651235027028304050 Dharamshala28 NR3073141113109924340NR167143148NRNR4421728253547 Solan38 NR2978149121109854349214168135127137NR4923028303540 Una42 NR3279142119110824460NR149125125NRNR4423728213944 Bilaspur-hp43 NR3077146124111844458NR168138137NRNR4531827374050 Chamba35 NR3383142124121844655NR1651421361641014522828223567 Hamirpur-HP38 NR3079148128111894465NR172138NRNRNR4926528363743 Kullu39 NR3283157124105814440NR168137126141NR4323028304040 Sirmour37 21346211097919642502281651351431551214132725292458 Kinnaur32 NR336915096107764445NR144137137NR1414420627304760 Lahaul & Spiti36 NR35801401301301005070NR193172NRNRNR5536528405060 Jammu and KashmirSrinagar40 3957951201181201035045243155146135198NR4935528304067 Jammu36 2935801531251171004550NR1571351381581035029028303547 PoonchNR NRNRNRNRNRNRNRNRNRNRNRNRNRNRNRNRNRNRNRNRNR Kupwara37 2633881101101131005848NR1501481451501424830522254570 UdhampurNR NRNRNRNRNRNRNRNRNRNRNRNRNRNRNRNRNRNRNRNRNR ShopianNR NRNRNRNRNRNRNRNRNRNRNRNRNRNRNRNRNRNRNRNRNR SambaNR NRNRNRNRNRNRNRNRNRNRNRNRNRNRNRNRNRNRNRNRNR RambanNR NRNRNRNRNRNRNRNRNRNRNRNRNRNRNRNRNRNRNRNRNR RajouriNR NRNRNRNRNRNRNRNRNRNRNRNRNRNRNRNRNRNRNRNRNR KishtwarNR NRNRNRNRNRNRNRNRNRNRNRNRNRNRNRNRNRNRNRNRNR DodaNR NRNRNRNRNRNRNRNRNRNRNRNRNRNRNRNRNRNRNRNRNR BaramullaNR NRNRNRNRNRNRNRNRNRNRNRNRNRNRNRNRNRNRNRNRNR ReasiNR NRNRNRNRNRNRNRNRNRNRNRNRNRNRNRNRNRNRNRNRNR KathuaNR NRNRNRNRNRNRNRNRNRNRNRNRNRNRNRNRNRNRNRNRNR PunjabAmritsarNR NRNRNRNRNRNRNRNRNRNRNRNRNRNRNRNRNRNRNRNRNR Ludhiana35 232980148130115954260215140122127135NR5232027223547 Bathinda36 23288215512311710042572201421211231401005529026203835 Barnala36 2328801481131058943542101251221171221004532028193440 Hoshiarpur33 2529821351171159343631981201331151401106025020153552 Faridkot42 2329871551231229344522331271221171471035734328223743 MansaNR NRNRNRNRNRNRNRNRNRNRNRNRNRNRNRNRNRNRNRNRNR Sri Muktsar Sahib41 2326701501101109041502101101101051201004522025203030 Dera Bassi31 2329771451101109041621601251231171511086024727182653 Sangrur41 25298215610693824460155130109107128994420029193437 RoparNR NRNRNRNRNRNRNRNRNRNRNRNRNRNRNRNRNRNRNRNRNR Amargarh40 2533751651201108045601501151201251301154024028152360 Fatehgarh Sahib37 2630681261061129541701951231171311581064523025274057 Ferozepur38 2631821221181181124763NRNRNRNRNRNR4619725254385 Kapurthala33 26397714012512211843621981201231171431106225320173345 Uttar PradeshLucknow36 2835811401111148142662151351201201711155028026203547 Kanpur35 2732791481081088246601801601251401751305623426202840 Varanasi39 2936821531041148446672161391341341681175425827223948 Agra43 2830901651101069444662031211211161201104323328203035 Jhansi43 2427681391031068343511991231221091381124421225192737 Meerut37 29377913211311210841621581481501511711445624224233045 Allahabad32 3034741211101088545621691501391341691145225024233250 Gorakhpur34 243964147109104694459219126129119169944921926243446 Saharanpur33 2730821481121059738671791481291591761285025029254537 Bareilly34 24308214313511711742662021331231221331104333828212338 Ayodhya32 263172125961059041551931581221371759746217281825120 Moradabad31 2932651401171089242591801301101181321105028822192079 Aligarh38 26347815011511010240602081271181181541374724227203340 Mirzapur (Vindhyanchal)32 23317112393939047501881691611601731505825024192843 Banda32 2634661401041018044651981361241221731124820221172238 Azamgarh33 262973138130128954462225138118125125985227329243046 Gonda (Devipatan)36 2635791481271139545621851381551601901404734027222955 Amethi37 243671119901118946621881721401591871184826025212988 Barabanki37 27328013512011910041642031501351501751194922028213141 Bhadohi34 222865105851008942601901601451451851054523525172270 Chandauli32 2333721381161138042601501221251101331005124826163048 Farrukhabad40 2329701351001009041661751291271271681054125326143970 Ghazipur45 24338615612012010042762241351301291851044620928173043 Jaunpur38 2633771521171097742621891301211201621035125127193034 UP-Pratapgarh37 252974149109108824268209135120123132965626627192940 Sambhal40 243267130971008540571731331401401751283821729202263 Santkabir Nagar32 253276125117113984362183150145145175NR4125728183240 Shahjahanpur37 26337313412211710542622031361331641721104725027212950 Sitapur30 2831751081041049541591801651451561741193924027212470 Sultanpur33 28419113810110610343552101681281621711115022228242798 Unnao41 262968155117887842572001381081201581004721326203540 Ambedkar Nagar39 2636801131031209545602001701401601701355719027223560 Amroha40 2530771201001009241501901401401481831054520025203040 Baghpat40 NR287514313011710342632131441341371461105020728213845 Bijnor36 25356814296978742601701601301461451414830726232940 Budaun40 2329821271031009542601951351201211351004529228163038 Etah36 243465145981009042662001451451451601154428027183050 Fatehpur35 24427512015511510042662151671281371761204722827162268 Ghaziabad32 2834831471171171034259208122123117143995820227253838 Hardoi43 2530791531201199142702191431321421731104722527213041 Jalaun30 2530791391001008542561851451541521741034722828203041 Kaushambi42 2535731381321029143621721401251331721255023230253550 Kushinagar26 2534691281181189044672081571231471731095223527203960 Lakhimpur Kheri41 25317014311011711041632101351321601601105321828203252 Pilibhit39 28327614212311311041662101451451401551154026528222665 SharwastiNR NRNRNRNRNRNRNRNRNRNRNRNRNRNRNRNRNRNRNRNRNR Siddharth Nagar35 2530731131181139240611701601351501881084023027183747 Sonbhadra43 28327413396969143602071451441451721184928225192964 Rampur42 253069135105998442571841381381181661004723818203553 Bahraich32 2530621401351128539451631451571481271234225028172840 Basti40 2230711441111058342651591401331361479747242252124120 Etawah42 2731851601201109544651911401401401821224523330203042 Muzzafarnagar40 24277210610610510642741471301271331651063822927163354 Chitrakoot27 25307715295958742551901371301281801135523028204040 Hamirpur-UP42 3034741411231018942711871411361351801014627525243658 Deoria37 28307215611011610044582111431271251561414422627182547 Hapur35 26328017212511311042662121401321301521105022027203145 Bulandshahr40 243480128100100954170NR1301231301851005024726203040 Kanpur Dehat40 23308016014092904266180124135135167954521028203060 Hathras35 2528801251001009740641651201381181731404720025183050 Raebareli44 2830781531151108242672131331231221371055023727223038 Lalitpur35 23276812194949641531721321301261881343925825202140 Mohaba33 24347514087878342531351251181181681084816828263042 Gautam Budh Nagar38 2631871621141139242662301481211281471045424727203347 Auraiya37 24336313997968141691831631331321821334926226203538 Maharajganj32 2632691521151187842631991351151341751024821327183162 Balrampur38 2432721521111179043NR2101311041251461025222029182943 Kannauj38 24316713196989042661781321301351821184424527202443 Mathura34 29347011392969541641711461431441681083526730203773 FirozabadNR NRNRNRNRNRNRNRNRNRNRNRNRNRNRNRNRNRNRNRNRNR Kasganj44 2729711371031061054264167137120119138975229328213849 Mainpuri34 24316610998968539691871531221341641104324830202350 Shamli40 23287012812511210240692081251201171431023927326203042 Ballia33 2629761461081109443562051501481481501505524327213243 Mau42 2530691461131168942622071381121261451005526927152242 UttarakhandDehradun34 2432701301031201104262176125140132176NR5028328253233 Haldwani35 313410310210310210341571531501511521521395225428283363 Rudrapur34 2328771521121131084063171138137138141895121728172342 Haridwar37 273688114107108854269150143138142149NR5229929224137 WEST ZONEWEST ZONE  ChhattisgarhRaipurNR NRNRNRNRNRNRNRNRNRNRNRNRNRNRNRNRNRNRNRNRNR DurgNR NRNRNRNRNRNRNRNRNRNRNRNRNRNRNRNRNRNRNRNRNR AmbikapurNR NRNRNRNRNRNRNRNRNRNRNRNRNRNRNRNRNRNRNRNRNR Bilaspur-CG40 282965110851009040501851821531601741374520326272893 Jagdalpur33 2840701451041048039681641391241291491394731022192440 Dantewada43 3437851651201158444722181431181081281045455828273839 DhamtariNR NRNRNRNRNRNRNRNRNRNRNRNRNRNRNRNRNRNRNRNRNR Rajnandgaon53 45461061371091089748492481531491451231005430830233130 Koriya38 33356913088103784276198132951241731104020027254030 DNH and DDSilvasa48 4343841591291261004066207142145123128966349027192940 Daman39 393681129124110904365200145129127128977320026213940 Diu47 37558117814512710143612251781481411421126936028233143 GoaPanajiNR NRNRNRNRNRNRNRNRNRNRNRNRNRNRNRNRNRNRNRNRNR MargaoNR NRNRNRNRNRNRNRNRNRNRNRNRNRNRNRNRNRNRNRNRNR GujaratAhmedabad33 3233701301069579NRNR195144148138133110NRNRNR233263 Rajkot41 343874142107959042591871361351391261055430017253540 SuratNR NRNRNRNRNRNRNRNRNRNRNRNRNRNRNRNRNRNRNRNRNR BhujNR NRNRNRNRNRNRNRNRNRNRNRNRNRNRNRNRNRNRNRNRNR Selamba44 32397712311510585415920312711311011010350310182318107 Waghai39 36437613811912810343561851421321471271124925714282347 Bodeli35 3037751291151009844581851451351501351184729213272590 VapiNR NRNRNRNRNRNRNRNRNRNRNRNRNRNRNRNRNRNRNRNRNR BilimoraNR NRNRNRNRNRNRNRNRNRNRNRNRNRNRNRNRNRNRNRNRNR IdarNR NRNRNRNRNRNRNRNRNRNRNRNRNRNRNRNRNRNRNRNRNR JhalodNR NRNRNRNRNRNRNRNRNRNRNRNRNRNRNRNRNRNRNRNRNR SongashNR NRNRNRNRNRNRNRNRNRNRNRNRNRNRNRNRNRNRNRNRNR Madhya PradeshBhopal36 263080160110108904360190150130105135NR5525017181835 Indore41 253079153117117964462188139135113128975024017221857 GwaliorNR NRNRNRNRNRNRNRNRNRNRNRNRNRNRNRNRNRNRNRNRNR JabalpurNR NRNRNRNRNRNRNRNRNRNRNRNRNRNRNRNRNRNRNRNRNR Rewa35 21449110171113914552171154115141139NR4239318203040 Sagar34 272973143108108834158198143991051251005022922171930 JhabuaNR NRNRNRNRNRNRNRNRNRNRNRNRNRNRNRNRNRNRNRNRNR Hoshangabad44 25327815511011010042601901311151321501104336012202050 Shahdol31 3235581209198804175170140130125170NR4417826203040 Ujjain31 263070128102989240551581421181201591184518012252160 Morena32 24307515012012012242651821291251231771074922716173048 Anuppur29 303672145971079041522001271171151481004427516202553 Bhind38 333975120951009540551701301201301701253523015203332 Dhar42 23348716512511510342581921371331101331705523023202538 Harda35 283275147110100854255185130120103118NR5319527252250 Katni35 2730801501101107545502001101101051251104518028163030 Khandwa30 2532631441111121073953184152141105159NR4925221221442 MandlaNR 2933781291031108041472051301071091271105523521182823 RajgarhNR NRNRNRNRNRNRNRNRNRNRNRNRNRNRNRNRNRNRNRNRNR SidhiNR NRNRNRNRNRNRNRNRNRNRNRNRNRNRNRNRNRNRNRNRNR Chattarpur35 313471149991068142501871351331091221184522526203029 Neemuch40 233069152110105774250190140132110132NR453859201253 Burhanpur27 2737821631121129243541831221221071221035318827283034 Narshinpur37 243770140108108824055172155110107142NR3528211183730 Raisen35 283077145108112904260190130108105NRNR4722028202530 Sheopur40 22307016010095804260170130109109180NR4428028303040 Agar malwa39 253311116215414714140561791761391361841424235910191840 Umaria43 334078140120110874860150125108112203NR5822018233738 ShajapurNR NRNRNRNRNRNRNRNRNRNRNRNRNRNRNRNRNRNRNRNRNR Dewas35 23307715010296884060181123116100112NR4920910212132 Khargone38 273580135110110904055185185155120190NR4540028201585 Singrauli36 2434801469810310044592151301101151551005330022294068 Chhindwara34 283275140981009040602201591071151261104519510202540 Sehore37 263282156105103884355184132129108127NR4821311202039 MP-Ashoknagar40 2831621281231158941572571401371101431203822828202545 Balaghat37 323475163113110904352205143112108120985520010173740 Guna40 2530791491001008042601901251031071301054520228152036 RatlamNR NRNRNRNRNRNRNRNRNRNRNRNRNRNRNRNRNRNRNRNRNR Satna31 25327714092958845602021351301301421105020028203555 Vidisha36 303179150114111904165193130107107127NR492409202537 Alirajpur37 30348815311510510043652101431411151301005029710252742 BetulNR NRNRNRNRNRNRNRNRNRNRNRNRNRNRNRNRNRNRNRNRNR Damoh35 303270142110100824150200145130120135NR4518510203035 Dindori30 293575757080754565220110100110145NR5026026204050 Niwari34 253076162109103914368212135127130180NR4921228192340 Seoni46 32357112691108804054200127102112118NR3918711202040 Panna33 2331721331051029042502121231231121421214920310203040 Tikamgarh40 383871153981057942501791491291201461184524026203050 MaharashtraMumbai41 465410517216215610849582071661541281371007732027283259 Nagpur42 385071155115118825253200182145115135986228327284059 Pune56 4048781671171218348692021581111131131054030525222132 Nashik39 3938821491191169141541991851321041201005430026253037 Mangaon-Raigad48 5152951661291199657581941471471231281156531528415275 Dharni36 373680168106113894249204133126110143NR5130113303438 Latur61 4040711561301201023862187152931101091024220628303222 Akluj45 34396914011610110639521791491321271431094530229302983 Arni Yavatmal47 303367153110108974063192150125115123NR4930010233020 Chandrapur35 4547811621381291134257192167165102149NR5620328223727 Karad Satara44 3446821671331279942702001681311151231034928228293035 Ahemednagar55 35418316411311510440531731721231201301114622527242354 Khultabad52 324071152115120904345208NR1371041221005027520352567 Islampur53 42486815011612010440671801761101271451104832330282938 Kankavli46 42417516612913111041531741621361141271075133820303235 Partur63 3440601501091099740551641981591051441074040910312343 Gondia50 394078156104105844454185144100103108945121320252735 Jalgaon52 38409016612912310843602121471361061111136236827223545 Akola39 3038741531099910040651751401351021091095428026233145 RajasthanJaipurNR NRNRNRNRNRNRNRNRNRNRNRNRNRNRNRNRNRNRNRNRNR JodhpurNR NRNRNRNRNRNRNRNRNRNRNRNRNRNRNRNRNRNRNRNRNR KotaNR NRNRNRNRNRNRNRNRNRNRNRNRNRNRNRNRNRNRNRNRNR UdaipurNR NRNRNRNRNRNRNRNRNRNRNRNRNRNRNRNRNRNRNRNRNR Bharatpur38 253070150125115904258200115110110NRNR4829625223453 Ajmer38 3032651101051007540491941401111451411113832020111740 BikanerNR NRNRNRNRNRNRNRNRNRNRNRNRNRNRNRNRNRNRNRNRNR BundiNR NRNRNRNRNRNRNRNRNRNRNRNRNRNRNRNRNRNRNRNRNR Rajsamand36 303369132102101804160161141120108130NR3728817232645 AlwarNR NRNRNRNRNRNRNRNRNRNRNRNRNRNRNRNRNRNRNRNRNR Banswara38 263467121103103924153175155110162171NR4636323212372 Baran35 302770958987803950130138119127125NR3720014202155 BarmerNR NRNRNRNRNRNRNRNRNRNRNRNRNRNRNRNRNRNRNRNRNR BhilwaraNR NRNRNRNRNRNRNRNRNRNRNRNRNRNRNRNRNRNRNRNRNR ChhitorgarhNR NRNRNRNRNRNRNRNRNRNRNRNRNRNRNRNRNRNRNRNRNR Churu31 283070879890823946172168145148169NR3830515252580 DholapurNR NRNRNRNRNRNRNRNRNRNRNRNRNRNRNRNRNRNRNRNRNR DungarpurNR NRNRNRNRNRNRNRNRNRNRNRNRNRNRNRNRNRNRNRNRNR HanumangarhNR NRNRNRNRNRNRNRNRNRNRNRNRNRNRNRNRNRNRNRNRNR JaisalmerNR NRNRNRNRNRNRNRNRNRNRNRNRNRNRNRNRNRNRNRNRNR Jalore39 3232701201101101004051199138133150188NR41295282728113 JhalawarNR NRNRNRNRNRNRNRNRNRNRNRNRNRNRNRNRNRNRNRNRNR JhunjhunuNR NRNRNRNRNRNRNRNRNRNRNRNRNRNRNRNRNRNRNRNRNR KarauliNR NRNRNRNRNRNRNRNRNRNRNRNRNRNRNRNRNRNRNRNRNR NagaurNR NRNRNRNRNRNRNRNRNRNRNRNRNRNRNRNRNRNRNRNRNR PaliNR NRNRNRNRNRNRNRNRNRNRNRNRNRNRNRNRNRNRNRNRNR RJ-Pratapgarh60 2830701101059584405720018015015016014938317202222140 SikarNR NRNRNRNRNRNRNRNRNRNRNRNRNRNRNRNRNRNRNRNRNR SirohiNR NRNRNRNRNRNRNRNRNRNRNRNRNRNRNRNRNRNRNRNRNR Sri GanganagarNR NRNRNRNRNRNRNRNRNRNRNRNRNRNRNRNRNRNRNRNRNR TonkNR NRNRNRNRNRNRNRNRNRNRNRNRNRNRNRNRNRNRNRNRNR Sawai MadhopurNR NRNRNRNRNRNRNRNRNRNRNRNRNRNRNRNRNRNRNRNRNR EAST ZONEEAST ZONE  BiharPatna40 283284160114115884556NR1241181231431124828026203550 Bhagalpur38 293277146111103774456NR1321251341791234732028203644 Purnia37 313477150112108774551NR131109117NR964232413212974 Darbhanga40 263880126108108804446NR135126120NR944419515203450 Gaya32 2340721101068584NRNRNRNRNRNRNRNRNRNRNRNRNRNR Muzzafarpur41 263372141111107814257NR1271291271711014628724192657 Saran44 283171142119115774357NR141142129NR1105425934292968 Munger33 283372146130129844255NR152144142244NR4826326204161 Saharsa38 2835641109795774253NR170140138NRNR58210222231110 Madhubani40 2734761261091067744521541261221191341014628016193150 Rohtas (Sasaram)29 273378137108101784566220133103108132984919328173657 Motihari38 2529641051001008442551651451381351381274227818182768 Samastipur50 2630651169897754555159141112144154985331722262977 Katihar33 273073144112104724454NR140134129144NR5030519224061 Araria46 224165101140118924255NR1361361381991366538022223966 Nawada37 2136711451101017542561851601181201931054531319232758 Khagaria44 2330821221121088243422351321051231411004237027173357 Banka35 283675140110100754156NR1321091211831054220514173658 ArwalNR NRNRNRNRNRNRNR4253NR168122142NR10747283251925120 Aurangabad35 253275115104977945592301321521622271675019225203043 Begusarai34 253164100106100733953NR127121119NR964431912142834 Bhojpur Ara42 243075142126114744155232149162145197NR4936929202940 Buxar27 2729801521151188843641481301301281701184626027183438 Gopalganj42 2832801601101208542552201301251301601006024526204060 JamuiNR NRNRNRNRNRNRNRNRNRNRNRNRNRNRNRNRNRNRNRNRNR Jehanabad38 273379144109109844354NR153142123168NR4924026192850 Kaimur40 2629681301121127744582001271351421721124423324162640 Kishanganj35 233072140100110804256NR1301201201301305230026183770 Lakhisarai37 283570144110115864658NR148128138NR1284425627183565 Medhepura43 283579156121111814955NR136106131129974536212193662 Nalanda35 283275120117111814262240145127135175NR4939725132760 Sheikhpura37 283471135110115824255NR140135137NRNR5424028224060 Sheohar36 2532791541141087642551691451211271641044819828193067 Sitamarhi38 243184157116115904355NR1351121251731084118026203476 Siwan38 263077154104114774455197133105120202865220825173058 Supaul44 29347214812011979435114014012014017511865365122025120 Vaishali38 272980150118108744560162121109120172964920725212940 West Champaran45 244076122121100101425016714116714620712347292161719105 JharkhandRanchi44 363370146105102734456216127106120122954824027203540 Gumla40 293485125105987043552091371101101981044027010161860 Sahibganj36 293474150100110854357210148123NRNRNR5238020203570 Bokaro32 333680125959785NRNR170175130145170125NRNRNR223080 Lohardaga29 29367013610298724359NR1401381291891075027024181870 Simdega39 NR3473147108108754459NR14012613213211047NR27172740 Dhanbad40 3035701401151128545602151401101251301105530025203570 Jamshedpur (East Singbhum) 46 32351101251101059944582001461421651701104522025223447 Giridhi34 30338314310295704255NR130120125170954030018152545 Seraikella36 26346415394103744357169127141104187974721325203250 West Singhbhum35 3738711231211228145571461501201351361104527023181867 Daltonganj38 28327613698104854348NR130112121NR1124838419212862 Deoghar32 35387014211010590456021016315015417010240262302043NR Ramgarh35 3335601571091027542NRNR1351241531901084627925202650 Pakur49 3741801551141179544501561421301621411155041428233362 Jamtara41 2737791651161119247621441351141351551055136728203255 Latehar34 2929641339999664257NR124115125124924722229171858 Godda40 2935751451201208544622101351201251401206040028203550 Koderma37 283175146111110814558151125113112155984929510193137 OdishaBhubaneshwar38 354082156115114804452115134125NR116925022725203237 Cuttack40 374185166125116814552NR150112NR1201075325027213135 Sambalpur34 404479157111109784552NR148112NR1221064724728193040 Rourkela35 384180155110103774452NR134102109115934918027202932 Berhampur36 443973149116100754751NR1391031371151064924526213256 Jeypore40 373678152120109814652NR134102NR118965021027223435 Balasore38 414387157117114844352NR138NRNR116925624024193642 Baripada37 453785161110110834552160135105140116926023726173531 Balangir41 344580146116110844352NR13798NR1149750NR27233440 Angul35 NR3968138108100764454NR130NRNR114854337425173045 Boudhgarh30 NRNR77133110110854156NR140127NR12010545NR27204040 Dhenkanal34 3640811541101068042521501351351421151005536527203343 Jagatsinghpur35 3438701688690844340NR135125120122904520822203040 Kandhamal39 394278152120112775358NR137127NR1199555NR27233550 Keonjhar35 374471146110115814250NR147104NR1191025136927192647 Malkangiri46 NR3173141113111774152NR139102NR108955233325253041 Nabarangpur45 304478150120110805050133140138145120976028727203143 Nayagarh34 NR4178144118110894252NR135123NR1149150NR26203538 NuapadaNR NRNRNRNRNRNRNRNRNRNRNRNRNRNRNRNRNRNRNRNRNR Paralakhemundi Gajapati37 NR40671501111148540NRNR173142NR152984518027202763 Puri37 374080153114111784452NR135125NR119965022825213543 Rayagada37 333778153120109794452160138991441079041NR27253431 Sonepur43 NR4180155107110804255NR137131NR117964934723213631 Bhadrak35 NR3877147115103754252215137125185115955032026203130 Jharsuguda38 443772152113106784448NR1351001101209540NR27203645 Kendrapara37 NR3679149110105794454NR137133NR117944426726183040 JajpurNR NRNRNRNRNRNRNRNRNRNRNRNRNRNRNRNRNRNRNRNRNR Kalahandi35 38407515010811578NRNR195140100115120102NRNRNRNRNRNR West BengalKolkataNR NRNRNRNRNRNRNRNRNRNRNRNRNRNRNRNRNRNRNRNRNR Siliguri38 2835751121111039943511801301181321481065120613213473 Purulia43 NR4483153108103974451144138103113134945628326183441 KharagpurNR NRNRNRNRNRNRNRNRNRNRNRNRNRNRNRNRNRNRNRNRNR Rampurhat49 2838741381111141004456180131125121129995528020193233 Malda43 2642741551161111064356NR140961221411196132021213841 Raiganj38 2833701481241081084345180131981201341005725010233382 Alipurduar33 NR4469130123103984354NR1301001171281004828210203750 AsansolNR NRNRNRNRNRNRNRNRNRNRNRNRNRNRNRNRNRNRNRNRNR Balurghat45 293785158122113107NRNRNRNRNRNRNRNRNRNRNRNRNRNR Bankura37 NR346713511214411544582421371221191411055028026203550 Barasat41 353981121NR12711644602001381141121301105223630273883 Bardhaman48 NR36801601151101104454220130100105130955526025183340 Baruipur55 NR34801121131331084255NR126117123133983921725203941 Berhampore48 2740701259812010943582501401071171481044522013212960 Chinsurah45 NR36851201001501154558176130120110120955025028204960 Cooch behar44 NR33721421131101074460NR132107105137975029026203868 HowrahNR NRNRNRNRNRNRNRNRNRNRNRNRNRNRNRNRNRNRNRNRNR Jalapiguri40 2843801201101031004356NR1321281251301005530019203560 Jhargram41 NR3776141115110904454NR1361171171231094127329243648 Kalimpong38 3638961241281211014553NR151114151165NR52383152331NR Krishnagar38 NR3871131113111109414218511313311712911344366212424NR Tamluk44 NR45811201111701204456NR1321251091371005029826213550 NORTH EAST ZONENORTH EAST ZONE  Andaman and NicobarPort Blair45 NR6781153136120955273NR176220NR1411257532520406077 Mayabunder39 NR6583156138124935271203179188NR12111470315185060100 Car Nicobar40 NR66901401501401105568270232187NR16014585285235050120 Arunachal pradeshItanagar34 NR4090140125130995572NR130120130200NRNRNR15304580 NamsaiNR NRNRNRNRNRNRNRNRNRNRNRNRNRNRNRNRNRNRNRNRNR PasighatNR NRNRNRNRNRNRNRNRNRNRNRNRNRNRNRNRNRNRNRNRNR Tawang38 424090130130120110NRNRNRNRNRNRNRNRNRNRNRNRNRNR AssamGuwahati37 303775140951038545702101521451401551255520011234165 Barpeta36 27327212099110824370NR1541531681121394320312203040 Tinsukia35 NR3385145100110884672NR145145125140NR65180121838NR Dhubri36 NR3568132120101934570NR14312912213010350240121820100 Goalpara55 3033771201181009242571871701521531831434722812203085 Golaghat42 3036761371101051024559NR1631631711771666626512213452 MangaldaiNR NRNRNRNRNRNRNRNRNRNRNRNRNRNRNRNRNRNRNRNRNR Mushalpur40 343575110NR110784371NR16014217016410546210102345128 Udalguri40 273575141115111804470NR1471271321531025025820213865 Bajali64 NR3775144120110994370NR160NR160180NR6040010203570 Hojai47 NR357013581110924473NR1251001181271025823010204283 JorhatNR NRNRNRNRNRNRNRNRNRNRNRNRNRNRNRNRNRNRNRNRNR Bongaigaon36 NR3170115951091054272NR13615214917410950348102040100 MorigaonNR NRNRNRNRNRNRNRNRNRNRNRNRNRNRNRNRNRNRNRNRNR Sonari36 343373137NR108974472NR15699130NRNR68207122529100 Tamulpur37 34357711582111844567NR120114130NR10555285102040103 Sivasagar50 NR48831241241241044974NR148148150NRNR63289102330NR Biswanath Chariali46 NR3176146NR1071024874NR143140175175NR54225121931108 Dibrugarh43 NR4282159118110974772NR143140124142NR5428723193465 Karimganj38 NR3676141112104794470NR137NR1081381045823614223558 Majuli49 NR378614988115924870NR130NR135NRNR6026015254085 Sonitpur Tezpur37 NR3569119108110994269226156172142171NR4629710162138 Haflong40 NR4572110NR110805072NR150NR140170NR80250302535120 AS-Lakhimpur36 NR3672NR98105914570NR142115115126NR52NR151837NR Diphu36 NR3585149130117924672NR139NR1411781107624415204567 Nalbari48 NR4512515213811895477913015714015015311843347104040150 South Salmara Mankachar38 373370130120110814555201150NR135NR1085023010282730 Kamrup40 NR3475147117105834371NR142NR12714310559285182234107 ManipurImphalNR NRNRNRNRNRNRNRNRNRNRNRNRNRNRNRNRNRNRNRNRNR ChandelNR NRNRNRNRNRNRNRNRNRNRNRNRNRNRNRNRNRNRNRNRNR JiribamNR NRNRNRNRNRNRNRNRNRNRNRNRNRNRNRNRNRNRNRNRNR KangpokpiNR NRNRNRNRNRNRNRNRNRNRNRNRNRNRNRNRNRNRNRNRNR SenapatiNR NRNRNRNRNRNRNRNRNRNRNRNRNRNRNRNRNRNRNRNRNR TamenglongNR NRNRNRNRNRNRNRNRNRNRNRNRNRNRNRNRNRNRNRNRNR ThoubalNR NRNRNRNRNRNRNRNRNRNRNRNRNRNRNRNRNRNRNRNRNR UkhrulNR NRNRNRNRNRNRNRNRNRNRNRNRNRNRNRNRNRNRNRNRNR MeghalayaShillong45 3433751181101131034472NR130130120NRNR7030030234770 TuraNR NRNRNRNRNRNRNRNRNRNRNRNRNRNRNRNRNRNRNRNRNR Jowai35 383680120120117904572NR130NR1301901308034030255060 Sohra36 3838NR130130110794672NR118NR118NRNR10033030356073 Mairang40 3939NRNRNRNR905072NR120NR120NRNRNR34012235063 Nongpoh36 NR37771621401078845721391321321461781985929021305063 Khliehriat46 383876135127113904576NR170140160NRNR8030030304050 Williamnagar35 454580132NR117904570NR150NR189NR135NR47015254187 Nongstoin32 3838NRNRNR117934873NR140158140175175NR36018235090 MawkyrwatNR NRNRNRNRNRNRNRNRNRNRNRNRNRNRNRNRNRNRNRNRNR MizoramAizawlNR NRNRNRNRNRNRNRNRNRNRNRNRNRNRNRNRNRNRNRNRNR Lunglei50 404598NRNR1201055075NR190220150NRNR10052025406070 KolasibNR NRNRNRNRNRNRNRNRNRNRNRNRNRNRNRNRNRNRNRNRNR MamitNR NRNRNRNRNRNRNRNRNRNRNRNRNRNRNRNRNRNRNRNRNR Champhai50 3560NRNRNRNR1105080NRNRNR130NRNR14352030606380 SerchhipNR NRNRNRNRNRNRNRNRNRNRNRNRNRNRNRNRNRNRNRNRNR SiahaNR NRNRNRNRNRNRNRNRNRNRNRNRNRNRNRNRNRNRNRNRNR LawngtlaiNR NRNRNRNRNRNRNRNRNRNRNRNRNRNRNRNRNRNRNRNRNR HnahthialNR NRNRNRNRNRNRNRNRNRNRNRNRNRNRNRNRNRNRNRNRNR KhawzawlNR NRNRNRNRNRNRNRNRNRNRNRNRNRNRNRNRNRNRNRNRNR SaitualNR NRNRNRNRNRNRNRNRNRNRNRNRNRNRNRNRNRNRNRNRNR NagalandKohima40 405090130110130905050NR120180140200NRNR23020306070 Dimapur45 40357012010512083468020015020017021016580210152540100 Tuensang37 3855100NRNR12010050NRNR160NR165NRNRNR27520305080 Mokochung50 NR601301301401201005072NR120130160195NR8038015304070 Chumukedima40 NR3580130120110905075NR130150140190NR7026015204080 Mon37 NR5090NRNR1301005070NR150NR140NRNR60350202550100 Peren35 4040120NR1401201005072NR160NR168NRNR80345153050100 Phek33 43431001401271401005072NR160NR170NRNRNR350203060120 Tseminyu50 NR50NRNRNR1201005070NR130NR130NRNRNR36015305075 Wokha45 NR431001231251201005068NR160200180NRNRNR290153640100 Zunheboto50 NR50NR120NR1401004575NR150NR140NRNR60400183060120 Kiphire37 NR4590140NR110905080NR130NR140NRNR7532018305090 Longleng38 4050NR150NR1201007075NR160NR180NRNR8035020254060 Niuland35 NR40NR160110120955070NR110NR120NRNRNR35015254073 Shamator38 4060100120NR110100NRNRNR130210120135110NRNRNR3065100 Noklak39 406090100NRNR10550NRNR150NR150NRNRNRNR203050100 SikkimGangtok53 404785137128123954862NR176132159181NR6054717354560 Gyalshing45 3545801301301201005065NR160120140180NR6044020354560 Namchi54 324580120130107954565NR183114167190NR50410203535120 Soreng45 3642801351351381205065NR198148168214NR4948020455060 Mangan60 3636801351351301105060NR187167NR210NR6634317284088 TripuraAgartala40 NR3584145120112784870NR13514312215810570200122540100 Dharmanagar35 NR40781471381171174872NR1251301221801036324010224074 Belonia42 NR40NRNRNR1051074568NR140NR1151431057726510254380 TR-UdaipurNR NRNRNRNRNRNRNRNRNRNRNRNRNRNRNRNRNRNRNRNRNR SOUTH ZONESOUTH ZONE  Andhra PradeshVijaywada55 465578177130124954468175179127NR117946030021333437 Visakhapatnam46 35388013712311087475418514398NR115936029023222927 Kurnool61 4342791521251191104163172195130NR115916046024332824 Tirupathi59 4040701521181121004446175205111150109975838020292827 Jammalamadugu40 40466513511011010342601822581202001391205419820403030 DharmavaramNR NRNRNRNRNRNRNRNRNRNRNRNRNRNRNRNRNRNRNRNRNR OngoleNR NRNRNRNRNRNRNRNRNRNRNRNRNRNRNRNRNRNRNRNRNR KarnatakaBengaluru55 39397814212311281424720015799128114946143017203620 Dharwad54 4461811591391201174148209156157130110955439327303426 Mangalore48 4543701321301159037441661591471351081006037114273936 Mysore53 404810814913311910643431971761681571291086134019333427 Bengaluru (East Range)63 423880169146113934646157179100128122985524015324228 Belagavi54 3740781621141088350531831641021131201004827519283330 KalaburagiNR NRNRNRNRNRNRNRNRNRNRNRNRNRNRNRNRNRNRNRNRNR Tumakuru59 434084158126117944249197165127124119955829717323622 Bellary56 404170149120122105404818814598131111985922824353627 Dhavanagere61 4261791571311171084149165158125128117955927228313316 Shivamogga52 4237801551301301094348193195102135117984724325303525 Vijayapur65 464410815915413712244532161971581261221036230521302950 Ramanagara57 40449115913913411842461751891051521181005018818303331 Raichur57 43459515512511087NRNRNRNRNRNRNRNRNRNRNRNRNRNR Chamarajanagar56 4138841631281201134144198165108NR116935833520303321 Kolar48 424612414012312012139461551431521281211005133011231839 Haveri51 404313315013513585396414915713514214493432479484822 Bagalkot54 4445731481361221113857191203112148143994442026293340 Bidar61 35477415612312510141641991631171281081016028427383439 Koppal52 41438114212711512943431481731261651401064425612374525 MandyaNR NRNRNRNRNRNRNRNRNRNRNRNRNRNRNRNRNRNRNRNRNR Yadgir61 42477515713712310040601821701121481171015342028403850 Chikkamagalur52 4141791571281281044249150158112112119986019819303018 Bangalore Rural51 3855871431351221153942180140107155127834924515284221 Chikkaballapur50 40387813812211083404216614595146117914641315332637 Chitradurga62 38528014615313814539471451871411471551084531030305760 Gadag58 45478715512912810542691761721251481321004232310302925 Hassan45 40567015011596883852160175106145145904823015252580 Kodagu53 41471081481431281234148174183158163118984121515302435 Udupi51 505612614515412812949481731751191511541255128928273748 Uttara Kannada50 463810313513012711046502211991371531321224625028322638 Vijayanagara62 4344861561361271134348176167125131114954424216293030 KeralaT.Puram58 4049981561451321034352230170150NR1271009026716383443 Ernakulam54 4143991721581381084556206175146NR1231086522716393735 Kozhikode45 4748871701331261024253225195148NR121955722715313631 Thrissur52 46561001801441481234654237213153NR1251137025916423855 Palakkad44 4548921721381251004250222190145NR119955725312403425 Wayanad46 4942941701411341014252NR200160NR1231025421315313528 Kasargod46 465092144148113964261NRNR150NR112934824014293121 Kottayam57 41471251621331231134456NR208152NR121986324513393655 PathanamthittaNR NRNRNRNRNRNRNRNRNRNRNRNRNRNRNRNRNRNRNRNRNR Alapuzha50 4365951571421421154252NRNR148NR121NR6119312342856 Kollam45 4944103179146NR1104552226NR148NR1281107322015463838 Idukki56 404088143135123874260NR168145NR120956218013403635 Kannur50 4445891711421441014252NRNR175NR123966025915293316 Malapuram48 4540811711371281314252239162142NR123965322511313222 PuducherryPuducherryNR NRNRNRNRNRNRNRNRNRNRNRNRNRNRNRNRNRNRNRNRNR Tamil NaduChennai61 424184177135123954240192155111NR114876630327273126 Madurai53 405971164129116864545214192152NR116864826313382927 Dindigul59 435686174133119894243230190128NR117985027326343824 Thiruchirapalli59 4161861571301191024243217187133NR1199459NR27324125 CoimbatoreNR NRNRNRNRNRNRNRNRNRNRNRNRNRNRNRNRNRNRNRNRNR TirunelveliNR NRNRNRNRNRNRNRNRNRNRNRNRNRNRNRNRNRNRNRNRNR Cuddalore59 4751881641331221104046203212172NR110885231322473723 Dharmapuri57 444078165125110854243225NR115NR125995027025303430 VelloreNR NRNRNRNRNRNRNRNRNRNRNRNRNRNRNRNRNRNRNRNRNR Ramanathapuram54 395176166136126894143226235126NR1291024927126413732 Erode60 464189165132117824245232183125NR112985328825323532 KarurNR NRNRNRNRNRNRNRNRNRNRNRNRNRNRNRNRNRNRNRNRNR Perambalur53 NR5881169135117814240209170119NR1199353NR26283531 Pudukkottai60 456185173138122NR4345217212158NR1159451NR27324025 Sivagangai60 446084173132120854144234213135NR1171015027726434028 Thanjavur53 455083163138122904244206185125NR113955324521293727 The nilgirisNR NRNRNRNRNRNRNRNRNRNRNRNRNRNRNRNRNRNRNRNRNR Thoothukudi53 425780165133113884240221192125NR114915330611303423 Viluppuram51 4842861721221251044146199166105NR1149455NR26252519 Virudhunagar57 415979165133119774345214159137NR118915229328383532 Kanniyakumari55 3656801531301121204241213180130NR119905625825353922 Namakkal58 466187175132117894244203188117NR1109350NR26303932 Tiruvannamalai55 484183168135120974265209188119NR117985828027383228 TiruvarurNR NRNRNRNRNRNRNRNRNRNRNRNRNRNRNRNRNRNRNRNRNR Tiruppur58 444691164132125834144219170116NR1189656NR27384030 Tenkasi55 446079161142113NR4266208195122NR115895427522313621 Nagapattinam53 4361821621321161034249219222120NR1109355NR20303726 Krishnagiri58 433985166127117874044195NR107NR115925150526313624 Ariyalur55 NR6488165141122NR4240200NR120NR1209353NR26374232 Kallakurichi54 486186171123122994145213167127NR1179458NR27323424 Kancheepuram59 456182172137120904240198156122NR1179165NR26383530 Salem44 4343931631381131094245211188116NR113945428031433738 Theni56 435085171131117824245217175119NR119874930813293725 TelanganaHyderabad55 38387315511310394365216915598118109975026518232323 Karimnagar47 40567213912411385426216214895NR116895730725283140 Warangal45 35376911910796854155175182145174126895427415292680 Adilabad54 384573138109108834073160190110147108935226021274523 Suryapet50 454468137119110923962160150127NR109935228020313130 Jadcherla40 305075115125110953957170178123NR1161085529214151544 Khammam50 4040701201151008540NR165170120175135NR5532020403560 Medchal56 4040651471151088038611691981221191201054426018303820 Nizamabad45 4439791271101091124275180192108NR1281156534113353632 Sangareddy47 404272145120117934270158160138160120966538024302047 Commodity NameCommodity NameRiceRiceWheatAtta (Wheat)Gram DalTur/Arhar DalUrad DalMoong DalMasoor DalSugarMilk @Groundnut Oil (Packed)Mustard Oil (Packed)Vanaspati (Packed)Soya Oil (Packed)Sunflower Oil (Packed)Palm Oil (Packed)GurTea LooseSalt Pack (Iodised)PotatoOnionTomatoBajra(whole)Jowar(whole)Maida(wheat)Ragi(whole)Suji(whole)BesanDesi GheeButter(Pasteurised)EggsBrinjalBlack Pepper(whole)Coriander(whole)Cummin Seed(whole)Red Chillies(whole)Turmeric(powder)BananaGIngerGarlic  Average Price1Average Price141.85 29.8535.578.67142.9116.4112.292.543.3658.06192.35140.41128.85125.79127.63102.9251.94275.5822.1924.4333.2352.13 Maximum Price1Maximum Price165 51671331801621701457080270258220200244198143558346065150 Minimum Price1Minimum Price126 2126547570806636401151109310010783351689111216 Modal Price1Modal Price140 2830801401101109042602001301201201201005024028203040 Source:- State civil supplies Dept.Note:- All India Consumption Weighted Average Prices of Oils w.e.f 23-Feb-2022 and Wheat and Atta w.e.f 25-Feb-2023 NR -> Not Reported Unit for Black Pepper (powder),Coriander (powder),Cummin Seed (powder),Red Chillies (powder),Turmeric (powder),Butter (Pasteurised) - Rs/100gm Unit for Eggs - Rs/Dozen Developed by:- National Informatics Centre(NIC)",,,,,,,,,,,,,,,,,,,,,,,,,,,,,,,,,,,,,,,,,,,2023-09-02
"Source:- State civil supplies Dept.Note:- All India Consumption Weighted Average Prices of Oils w.e.f 23-Feb-2022 and Wheat and Atta w.e.f 25-Feb-2023 NR -> Not Reported Unit for Black Pepper (powder),Coriander (powder),Cummin Seed (powder),Red Chillies (powder),Turmeric (powder),Butter (Pasteurised) - Rs/100gm Unit for Eggs - Rs/Dozen Developed by:- National Informatics Centre(NIC)",,,,,,,,,,,,,,,,,,,,,,,,,,,,,,,,,,,,,,,,,,,2023-09-02
Source:- State civil supplies Dept.,Note:- All India Consumption Weighted Average Prices of Oils w.e.f 23-Feb-2022 and Wheat and Atta w.e.f 25-Feb-2023,NR -> Not Reported,,,,,,,,,,,,,,,,,,,,,,,,,,,,,,,,,,,,,,,,,2023-09-02
"Unit for Black Pepper (powder),Coriander (powder),Cummin Seed (powder),Red Chillies (powder),Turmeric (powder),Butter (Pasteurised) - Rs/100gm","Unit for Black Pepper (powder),Coriander (powder),Cummin Seed (powder),Red Chillies (powder),Turmeric (powder),Butter (Pasteurised) - Rs/100gm",,,,,,,,,,,,,,,,,,,,,,,,,,,,,,,,,,,,,,,,,,2023-09-02
,Unit for Eggs - Rs/Dozen,,,,,,,,,,,,,,,,,,,,,,,,,,,,,,,,,,,,,,,,,,2023-09-02
Developed by:- National Informatics Centre(NIC),Developed by:- National Informatics Centre(NIC),,,,,,,,,,,,,,,,,,,,,,,,,,,,,,,,,,,,,,,,,,2023-09-02
,,,,,,,,,,,,,,,,,,,,,,,,,,,,,,,,,,,,,,,,,,,2023-09-02
