State,Centre,Rice,Broken Rice,Wheat,Atta (Wheat),Gram Dal,Tur/Arhar Dal,Urad Dal,Moong Dal,Masoor Dal,Sugar,Milk @,Groundnut Oil (Packed),Mustard Oil (Packed),Vanaspati (Packed),Soya Oil (Packed),Sunflower Oil (Packed),Palm Oil (Packed),Gur,Tea Loose,Salt Pack (Iodised),Potato,Onion,Tomato,Bajra (whole),Jowar (whole),Maida (wheat),Ragi (whole),Suji (whole),Besan,Desi Ghee,Butter (Pasteurised),Eggs,Brinjal,Black Pepper (whole),Coriander (whole),Cummin Seed (whole),Red Chillies (whole),Turmeric (powder),Banana,Ginger,Garlic,Date
Unit,Qty,1 Kg,1 Kg,1 Kg,1 Kg,1 Kg,1 Kg,1 Kg,1 Kg,1 Kg,1 Kg,1 ltr,1 Kg,1 Kg,1 Kg,1 Kg,1 Kg,1 Kg,1 Kg,1 Kg,1 Kg,1 Kg,1 Kg,1 Kg,1 Kg,1 Kg,1 Kg,1 Kg,1 Kg,1 Kg,1 Kg,100 gm,Dozen,1 Kg,100 gm,250 gm,100 gm,100 gm,50 gm,1 Kg,100 gm,100 gm,2023-11-23
Average Price,Average Price,43.14,,30.94,36.24,83.51,155.18,122.76,116.58,94.28,44.71,58.4,193.12,138.76,126.94,124.84,124.21,100.21,53.23,281.66,22.28,25.26,58.8,43.39,,,,,,,,,,,,,,,,,,,2023-11-23
Maximum Price,Maximum Price,71,,58,70,133,213,178,165,158,70,80,262,258,220,200,242,176,167,560,32,70,90,90,,,,,,,,,,,,,,,,,,,2023-11-23
Minimum Price,Minimum Price,27,,21,27,58,95,80,80,70,37,40,120,108,90,99,97,80,34,168,10,11,35,10,,,,,,,,,,,,,,,,,,,2023-11-23
Modal Price,Modal Price,40,,28,35,80,160,120,120,100,43,60,190,130,120,110,120,100,50,250,28,20,60,40,,,,,,,,,,,,,,,,,,,2023-11-23
NORTH ZONE,NORTH ZONE,,,,,,,,,,,,,,,,,,,,,,,,,,,,,,,,,,,,,,,,,,2023-11-23
Chandigarh,Chandigarh,42,,32,36,80,135,115,113,94,43,59,192,150,128,130,148,107,51,276,27,29,60,55,,,,,,,,,,,,,,,,,,,2023-11-23
Delhi,Delhi,39,,30,33,88,173,143,122,90,45,53,214,146,126,126,139,99,57,243,26,27,62,53,,,,,,,,,,,,,,,,,,,2023-11-23
Haryana,Hisar,35,,27,29,77,160,110,108,78,46,57,195,123,109,119,150,97,41,244,25,11,60,48,,,,,,,,,,,,,,,,,,,2023-11-23
Haryana,Karnal,60,,30,38,85,125,122,120,125,45,66,183,143,143,144,175,134,50,279,30,23,60,48,,,,,,,,,,,,,,,,,,,2023-11-23
Haryana,Panchkula,33,,30,34,80,129,100,106,94,44,59,150,127,129,108,150,90,51,208,25,24,56,30,,,,,,,,,,,,,,,,,,,2023-11-23
Haryana,Gurgaon,NR,,NR,NR,NR,NR,NR,NR,NR,NR,NR,NR,NR,NR,NR,NR,NR,NR,NR,NR,NR,NR,NR,,,,,,,,,,,,,,,,,,,2023-11-23
Himachal Pradesh,Shimla,42,,NR,37,88,173,145,127,95,48,60,220,165,140,121,NR,NR,54,217,28,40,55,60,,,,,,,,,,,,,,,,,,,2023-11-23
Himachal Pradesh,Mandi,40,,NR,34,90,180,140,128,87,48,47,220,164,130,119,148,116,48,270,28,35,48,55,,,,,,,,,,,,,,,,,,,2023-11-23
Himachal Pradesh,Dharamshala,28,,NR,30,82,153,123,121,92,45,40,NR,165,138,141,NR,NR,47,217,28,25,60,63,,,,,,,,,,,,,,,,,,,2023-11-23
Himachal Pradesh,Solan,40,,NR,32,86,177,134,116,89,47,50,220,163,131,125,135,NR,48,220,28,23,58,57,,,,,,,,,,,,,,,,,,,2023-11-23
Himachal Pradesh,Una,39,,NR,30,86,162,126,117,86,45,62,NR,141,121,119,NR,NR,45,229,28,22,57,49,,,,,,,,,,,,,,,,,,,2023-11-23
Himachal Pradesh,Bilaspur-hp,44,,NR,31,85,167,131,119,91,47,58,NR,159,131,131,NR,NR,45,318,27,32,55,60,,,,,,,,,,,,,,,,,,,2023-11-23
Himachal Pradesh,Chamba,36,,NR,35,85,151,123,120,88,49,55,NR,160,131,121,164,101,47,235,28,25,55,71,,,,,,,,,,,,,,,,,,,2023-11-23
Himachal Pradesh,Hamirpur-HP,39,,NR,32,85,158,127,118,92,46,65,NR,163,131,NR,NR,NR,50,265,28,27,52,63,,,,,,,,,,,,,,,,,,,2023-11-23
Himachal Pradesh,Kullu,40,,NR,34,86,158,135,111,86,47,40,NR,165,115,115,141,NR,38,230,28,30,60,60,,,,,,,,,,,,,,,,,,,2023-11-23
Himachal Pradesh,Sirmour,37,,21,34,62,110,97,91,96,42,50,228,165,135,143,155,121,41,327,25,29,65,27,,,,,,,,,,,,,,,,,,,2023-11-23
Himachal Pradesh,Kinnaur,40,,NR,34,84,148,120,107,81,48,45,NR,141,138,125,132,NR,44,217,27,28,65,62,,,,,,,,,,,,,,,,,,,2023-11-23
Himachal Pradesh,Lahaul & Spiti,40,,NR,37,90,165,120,110,100,50,70,NR,192,157,NR,NR,NR,55,365,28,40,70,50,,,,,,,,,,,,,,,,,,,2023-11-23
Jammu and Kashmir,Srinagar,41,,45,57,95,120,120,122,105,50,48,243,155,148,137,187,NR,49,357,28,35,45,50,,,,,,,,,,,,,,,,,,,2023-11-23
Jammu and Kashmir,Jammu,38,,31,36,85,177,130,120,100,49,50,NR,148,122,125,128,100,49,277,28,30,60,72,,,,,,,,,,,,,,,,,,,2023-11-23
Jammu and Kashmir,Poonch,44,,27,38,77,118,119,110,100,48,64,NR,180,153,167,170,156,46,306,20,22,67,34,,,,,,,,,,,,,,,,,,,2023-11-23
Jammu and Kashmir,Kupwara,36,,26,34,90,110,110,120,100,60,48,NR,148,145,143,148,142,50,307,24,27,55,48,,,,,,,,,,,,,,,,,,,2023-11-23
Jammu and Kashmir,Udhampur,NR,,NR,NR,NR,NR,NR,NR,NR,NR,NR,NR,NR,NR,NR,NR,NR,NR,NR,NR,NR,NR,NR,,,,,,,,,,,,,,,,,,,2023-11-23
Jammu and Kashmir,Shopian,40,,NR,45,110,130,130,120,120,NR,NR,NR,NR,NR,NR,NR,NR,NR,NR,NR,NR,NR,NR,,,,,,,,,,,,,,,,,,,2023-11-23
Jammu and Kashmir,Samba,NR,,NR,NR,NR,NR,NR,NR,NR,NR,NR,NR,NR,NR,NR,NR,NR,NR,NR,NR,NR,NR,NR,,,,,,,,,,,,,,,,,,,2023-11-23
Jammu and Kashmir,Ramban,52,,NR,34,90,147,117,110,97,50,60,NR,133,140,127,NR,NR,50,417,25,27,60,77,,,,,,,,,,,,,,,,,,,2023-11-23
Jammu and Kashmir,Rajouri,NR,,NR,NR,NR,NR,NR,NR,NR,NR,NR,NR,NR,NR,NR,NR,NR,NR,NR,NR,NR,NR,NR,,,,,,,,,,,,,,,,,,,2023-11-23
Jammu and Kashmir,Kishtwar,NR,,NR,NR,NR,NR,NR,NR,NR,NR,NR,NR,NR,NR,NR,NR,NR,NR,NR,NR,NR,NR,NR,,,,,,,,,,,,,,,,,,,2023-11-23
Jammu and Kashmir,Doda,NR,,NR,NR,NR,NR,NR,NR,NR,NR,NR,NR,NR,NR,NR,NR,NR,NR,NR,NR,NR,NR,NR,,,,,,,,,,,,,,,,,,,2023-11-23
Jammu and Kashmir,Baramulla,35,,33,35,98,151,122,122,112,52,50,NR,130,127,123,137,143,52,363,28,40,65,45,,,,,,,,,,,,,,,,,,,2023-11-23
Jammu and Kashmir,Reasi,NR,,NR,NR,NR,NR,NR,NR,NR,NR,NR,NR,NR,NR,NR,NR,NR,NR,NR,NR,NR,NR,NR,,,,,,,,,,,,,,,,,,,2023-11-23
Jammu and Kashmir,Kathua,NR,,NR,NR,NR,NR,NR,NR,NR,NR,NR,NR,NR,NR,NR,NR,NR,NR,NR,NR,NR,NR,NR,,,,,,,,,,,,,,,,,,,2023-11-23
Punjab,Amritsar,35,,37,36,78,168,121,120,121,45,54,188,128,112,110,132,NR,50,247,27,24,50,55,,,,,,,,,,,,,,,,,,,2023-11-23
Punjab,Ludhiana,37,,23,32,87,170,140,118,95,45,60,215,137,117,122,130,NR,55,280,27,25,60,62,,,,,,,,,,,,,,,,,,,2023-11-23
Punjab,Bathinda,34,,23,28,90,170,140,123,100,46,57,220,140,118,115,132,95,54,293,26,22,57,55,,,,,,,,,,,,,,,,,,,2023-11-23
Punjab,Barnala,39,,23,30,80,178,127,110,90,45,54,210,121,110,107,120,90,40,320,28,20,60,48,,,,,,,,,,,,,,,,,,,2023-11-23
Punjab,Hoshiarpur,34,,25,29,92,135,120,120,110,43,62,200,120,140,125,140,110,64,263,20,20,60,90,,,,,,,,,,,,,,,,,,,2023-11-23
Punjab,Faridkot,43,,23,32,92,177,133,127,97,46,55,233,123,127,117,142,93,57,313,28,22,53,63,,,,,,,,,,,,,,,,,,,2023-11-23
Punjab,Mansa,40,,24,28,95,130,110,100,95,45,51,NR,132,125,127,NR,NR,51,272,28,22,77,35,,,,,,,,,,,,,,,,,,,2023-11-23
Punjab,Sri Muktsar Sahib,40,,27,32,80,175,122,117,95,45,62,205,110,107,110,108,92,43,253,26,21,57,58,,,,,,,,,,,,,,,,,,,2023-11-23
Punjab,Dera Bassi,37,,22,33,80,173,127,117,110,45,60,NR,130,115,112,NR,NR,50,217,28,18,48,51,,,,,,,,,,,,,,,,,,,2023-11-23
Punjab,Sangrur,40,,27,31,81,159,109,105,80,48,60,150,125,106,107,122,96,40,220,29,20,51,60,,,,,,,,,,,,,,,,,,,2023-11-23
Punjab,Ropar,36,,28,32,90,163,120,122,112,44,63,218,123,120,118,138,110,57,273,28,25,50,57,,,,,,,,,,,,,,,,,,,2023-11-23
Punjab,Amargarh,40,,26,30,82,175,120,120,85,48,60,150,125,120,120,135,100,40,250,28,20,50,55,,,,,,,,,,,,,,,,,,,2023-11-23
Punjab,Fatehgarh Sahib,45,,26,35,81,122,112,108,101,47,65,200,128,118,120,163,110,50,227,26,24,50,48,,,,,,,,,,,,,,,,,,,2023-11-23
Punjab,Ferozepur,41,,26,32,92,170,141,122,103,45,65,221,133,128,125,158,98,45,282,28,24,55,51,,,,,,,,,,,,,,,,,,,2023-11-23
Punjab,Kapurthala,35,,28,31,75,130,122,123,122,46,63,207,123,130,125,135,105,60,243,19,40,55,55,,,,,,,,,,,,,,,,,,,2023-11-23
Uttar Pradesh,Lucknow,40,,29,35,85,168,130,115,82,45,66,220,141,115,120,120,105,40,280,28,20,55,55,,,,,,,,,,,,,,,,,,,2023-11-23
Uttar Pradesh,Kanpur,35,,27,32,82,165,112,110,86,46,60,196,144,113,126,140,117,56,234,26,22,50,30,,,,,,,,,,,,,,,,,,,2023-11-23
Uttar Pradesh,Varanasi,40,,29,36,86,171,115,119,82,48,66,218,141,128,131,150,118,55,275,28,22,55,50,,,,,,,,,,,,,,,,,,,2023-11-23
Uttar Pradesh,Agra,42,,29,31,92,151,116,106,96,45,66,188,115,109,109,111,108,40,240,28,20,67,40,,,,,,,,,,,,,,,,,,,2023-11-23
Uttar Pradesh,Jhansi,43,,24,29,79,172,126,111,88,46,51,207,127,112,112,131,112,40,210,26,29,50,37,,,,,,,,,,,,,,,,,,,2023-11-23
Uttar Pradesh,Meerut,35,,29,36,83,132,125,107,108,43,63,155,150,151,151,172,150,53,242,24,15,63,42,,,,,,,,,,,,,,,,,,,2023-11-23
Uttar Pradesh,Allahabad,32,,30,34,74,130,110,108,92,45,62,170,150,142,134,172,112,52,250,24,22,60,48,,,,,,,,,,,,,,,,,,,2023-11-23
Uttar Pradesh,Gorakhpur,37,,23,39,82,172,117,112,79,43,59,199,139,129,122,149,99,49,219,27,25,64,69,,,,,,,,,,,,,,,,,,,2023-11-23
Uttar Pradesh,Saharanpur,34,,25,33,87,160,122,116,98,42,69,173,130,125,140,166,124,56,255,28,24,76,27,,,,,,,,,,,,,,,,,,,2023-11-23
Uttar Pradesh,Bareilly,34,,26,31,83,162,137,119,118,45,66,197,125,118,112,128,98,47,328,28,18,57,42,,,,,,,,,,,,,,,,,,,2023-11-23
Uttar Pradesh,Ayodhya,32,,26,31,72,126,95,105,89,41,55,193,158,122,137,175,97,46,217,28,18,57,31,,,,,,,,,,,,,,,,,,,2023-11-23
Uttar Pradesh,Moradabad,37,,25,33,78,149,114,111,92,43,61,191,140,128,131,160,111,47,259,25,19,59,74,,,,,,,,,,,,,,,,,,,2023-11-23
Uttar Pradesh,Aligarh,40,,26,33,80,170,130,110,110,44,60,208,122,118,111,148,137,49,242,27,21,73,55,,,,,,,,,,,,,,,,,,,2023-11-23
Uttar Pradesh,Mirzapur (Vindhyanchal),31,,23,32,86,165,125,117,118,49,58,187,160,157,156,175,150,58,250,28,19,60,49,,,,,,,,,,,,,,,,,,,2023-11-23
Uttar Pradesh,Banda,38,,30,36,74,150,112,110,80,44,64,198,123,115,109,164,109,52,180,22,14,58,38,,,,,,,,,,,,,,,,,,,2023-11-23
Uttar Pradesh,Azamgarh,32,,29,28,78,165,112,110,96,49,64,228,160,132,133,132,96,53,280,27,20,63,42,,,,,,,,,,,,,,,,,,,2023-11-23
Uttar Pradesh,Gonda (Devipatan),NR,,NR,NR,NR,NR,NR,NR,NR,NR,NR,NR,NR,NR,NR,NR,NR,NR,NR,NR,NR,NR,NR,,,,,,,,,,,,,,,,,,,2023-11-23
Uttar Pradesh,Amethi,39,,25,39,71,127,92,120,90,44,62,189,163,134,153,190,118,50,259,25,21,58,40,,,,,,,,,,,,,,,,,,,2023-11-23
Uttar Pradesh,Barabanki,37,,27,32,80,152,120,119,100,43,64,203,150,135,150,175,119,49,220,28,20,51,51,,,,,,,,,,,,,,,,,,,2023-11-23
Uttar Pradesh,Bhadohi,34,,22,28,65,115,85,100,89,42,60,190,160,145,145,185,105,45,235,25,17,60,45,,,,,,,,,,,,,,,,,,,2023-11-23
Uttar Pradesh,Chandauli,32,,24,33,84,162,120,120,82,43,60,135,125,130,110,120,92,55,250,26,12,50,38,,,,,,,,,,,,,,,,,,,2023-11-23
Uttar Pradesh,Farrukhabad,43,,24,29,70,140,100,100,90,44,66,175,130,127,127,168,105,45,255,26,15,63,35,,,,,,,,,,,,,,,,,,,2023-11-23
Uttar Pradesh,Ghazipur,31,,24,35,90,174,120,127,104,43,67,222,133,127,122,150,103,59,211,28,11,61,65,,,,,,,,,,,,,,,,,,,2023-11-23
Uttar Pradesh,Jaunpur,40,,26,34,88,168,125,120,88,48,62,190,146,125,115,165,98,60,260,28,20,42,45,,,,,,,,,,,,,,,,,,,2023-11-23
Uttar Pradesh,UP-Pratapgarh,39,,26,31,80,167,127,120,80,46,68,207,135,115,115,118,93,50,266,27,19,57,52,,,,,,,,,,,,,,,,,,,2023-11-23
Uttar Pradesh,Sambhal,40,,24,32,70,130,95,100,85,41,58,173,133,140,140,175,128,43,217,29,20,57,38,,,,,,,,,,,,,,,,,,,2023-11-23
Uttar Pradesh,Santkabir Nagar,32,,25,32,76,125,115,112,96,43,62,183,150,145,145,175,NR,44,257,28,18,58,52,,,,,,,,,,,,,,,,,,,2023-11-23
Uttar Pradesh,Shahjahanpur,38,,24,32,85,131,126,130,123,43,66,202,159,151,161,180,145,47,254,28,21,42,53,,,,,,,,,,,,,,,,,,,2023-11-23
Uttar Pradesh,Sitapur,30,,28,32,75,108,104,104,95,41,59,180,165,145,155,175,116,38,240,27,22,73,48,,,,,,,,,,,,,,,,,,,2023-11-23
Uttar Pradesh,Sultanpur,34,,28,41,90,140,98,108,98,43,55,214,170,126,166,175,113,49,228,29,21,50,46,,,,,,,,,,,,,,,,,,,2023-11-23
Uttar Pradesh,Unnao,41,,27,31,82,165,133,125,88,44,57,198,132,115,118,157,99,48,230,26,20,48,30,,,,,,,,,,,,,,,,,,,2023-11-23
Uttar Pradesh,Ambedkar Nagar,41,,27,36,82,117,112,117,95,45,60,203,165,140,160,170,138,58,190,27,25,67,57,,,,,,,,,,,,,,,,,,,2023-11-23
Uttar Pradesh,Amroha,40,,26,30,80,140,100,120,100,44,50,195,140,140,145,180,100,41,200,25,20,60,40,,,,,,,,,,,,,,,,,,,2023-11-23
Uttar Pradesh,Baghpat,40,,NR,30,80,160,120,113,100,45,62,213,141,122,131,126,100,48,207,28,20,60,50,,,,,,,,,,,,,,,,,,,2023-11-23
Uttar Pradesh,Bijnor,36,,26,35,70,160,100,96,87,42,60,170,150,130,148,148,142,45,310,26,18,48,27,,,,,,,,,,,,,,,,,,,2023-11-23
Uttar Pradesh,Budaun,39,,25,31,82,150,112,107,98,45,60,203,125,120,117,127,92,47,295,28,20,57,40,,,,,,,,,,,,,,,,,,,2023-11-23
Uttar Pradesh,Etah,36,,24,34,65,143,98,100,90,42,65,205,143,143,140,158,118,42,285,26,18,50,40,,,,,,,,,,,,,,,,,,,2023-11-23
Uttar Pradesh,Fatehpur,35,,24,42,75,120,155,115,100,44,66,215,167,128,137,176,120,48,228,27,16,65,37,,,,,,,,,,,,,,,,,,,2023-11-23
Uttar Pradesh,Ghaziabad,32,,29,34,90,170,129,120,100,47,65,216,130,123,118,133,105,52,202,27,27,67,43,,,,,,,,,,,,,,,,,,,2023-11-23
Uttar Pradesh,Hardoi,43,,25,32,84,169,138,138,91,45,69,220,141,128,130,168,99,59,235,28,20,58,42,,,,,,,,,,,,,,,,,,,2023-11-23
Uttar Pradesh,Jalaun,33,,28,31,80,142,100,101,90,42,56,184,143,154,152,174,103,46,228,28,16,45,40,,,,,,,,,,,,,,,,,,,2023-11-23
Uttar Pradesh,Kaushambi,39,,24,38,79,157,130,95,87,43,60,169,147,132,137,172,130,50,229,29,28,62,37,,,,,,,,,,,,,,,,,,,2023-11-23
Uttar Pradesh,Kushinagar,36,,33,35,80,170,130,130,90,48,70,200,150,135,140,160,108,54,275,28,14,57,60,,,,,,,,,,,,,,,,,,,2023-11-23
Uttar Pradesh,Lakhimpur Kheri,38,,24,30,72,160,100,110,95,45,58,198,134,127,160,165,109,54,218,28,20,55,30,,,,,,,,,,,,,,,,,,,2023-11-23
Uttar Pradesh,Pilibhit,39,,28,32,78,145,125,125,122,44,66,210,145,145,140,155,115,42,265,28,25,60,32,,,,,,,,,,,,,,,,,,,2023-11-23
Uttar Pradesh,Sharwasti,33,,24,32,83,162,130,122,88,46,58,NR,148,120,130,NR,100,52,213,28,13,57,45,,,,,,,,,,,,,,,,,,,2023-11-23
Uttar Pradesh,Siddharth Nagar,41,,29,30,81,153,120,120,87,43,62,169,150,126,132,165,101,45,230,27,18,65,58,,,,,,,,,,,,,,,,,,,2023-11-23
Uttar Pradesh,Sonbhadra,46,,30,34,78,172,102,107,96,47,60,208,141,140,146,173,119,50,288,25,17,54,32,,,,,,,,,,,,,,,,,,,2023-11-23
Uttar Pradesh,Rampur,55,,26,30,79,133,109,112,89,43,57,161,134,129,109,145,96,48,259,16,19,50,39,,,,,,,,,,,,,,,,,,,2023-11-23
Uttar Pradesh,Bahraich,33,,25,31,63,158,133,111,90,41,45,155,148,137,144,127,120,43,250,28,20,51,53,,,,,,,,,,,,,,,,,,,2023-11-23
Uttar Pradesh,Basti,40,,22,30,70,145,110,105,82,42,64,155,140,133,130,148,98,47,242,25,20,60,40,,,,,,,,,,,,,,,,,,,2023-11-23
Uttar Pradesh,Etawah,45,,28,35,85,170,127,107,97,45,65,190,132,132,130,182,110,45,223,30,30,60,45,,,,,,,,,,,,,,,,,,,2023-11-23
Uttar Pradesh,Muzzafarnagar,40,,26,29,74,107,109,108,106,40,75,147,130,126,131,163,105,34,232,27,18,70,15,,,,,,,,,,,,,,,,,,,2023-11-23
Uttar Pradesh,Chitrakoot,27,,25,35,84,154,107,109,88,45,58,235,138,132,124,180,113,50,227,28,20,60,40,,,,,,,,,,,,,,,,,,,2023-11-23
Uttar Pradesh,Hamirpur-UP,43,,29,34,80,145,124,101,91,46,72,188,148,139,140,191,102,49,279,25,21,49,40,,,,,,,,,,,,,,,,,,,2023-11-23
Uttar Pradesh,Deoria,35,,28,31,80,162,118,116,108,NR,NR,210,134,126,125,155,140,NR,NR,NR,12,60,52,,,,,,,,,,,,,,,,,,,2023-11-23
Uttar Pradesh,Hapur,35,,28,34,75,175,133,122,110,44,65,200,150,125,130,130,100,45,220,26,20,50,55,,,,,,,,,,,,,,,,,,,2023-11-23
Uttar Pradesh,Bulandshahr,40,,24,34,87,135,100,110,97,44,71,NR,120,120,120,188,100,39,250,26,20,57,42,,,,,,,,,,,,,,,,,,,2023-11-23
Uttar Pradesh,Kanpur Dehat,40,,23,30,80,170,125,92,90,45,66,180,125,135,135,160,95,50,210,28,20,50,45,,,,,,,,,,,,,,,,,,,2023-11-23
Uttar Pradesh,Hathras,35,,25,29,80,125,100,100,97,43,64,165,120,138,118,173,140,47,200,25,18,57,50,,,,,,,,,,,,,,,,,,,2023-11-23
Uttar Pradesh,Raebareli,42,,30,31,87,172,127,120,87,46,67,223,132,118,118,148,103,52,222,27,23,58,42,,,,,,,,,,,,,,,,,,,2023-11-23
Uttar Pradesh,Lalitpur,35,,23,28,66,130,90,92,94,41,53,172,132,130,126,188,134,39,258,25,20,43,30,,,,,,,,,,,,,,,,,,,2023-11-23
Uttar Pradesh,Mohaba,35,,25,34,80,160,95,98,83,44,58,140,130,123,125,173,112,51,198,28,25,52,43,,,,,,,,,,,,,,,,,,,2023-11-23
Uttar Pradesh,Gautam Budh Nagar,36,,28,32,89,178,132,120,88,45,66,236,153,120,136,137,104,57,255,27,21,52,50,,,,,,,,,,,,,,,,,,,2023-11-23
Uttar Pradesh,Auraiya,36,,25,33,63,132,91,92,80,45,72,182,162,133,134,182,134,49,266,25,18,56,43,,,,,,,,,,,,,,,,,,,2023-11-23
Uttar Pradesh,Maharajganj,32,,28,33,80,160,120,120,80,43,63,208,135,115,134,175,101,48,213,27,16,55,65,,,,,,,,,,,,,,,,,,,2023-11-23
Uttar Pradesh,Balrampur,30,,24,31,83,155,126,118,88,44,NR,208,137,109,119,133,105,51,205,29,15,53,38,,,,,,,,,,,,,,,,,,,2023-11-23
Uttar Pradesh,Kannauj,36,,24,32,73,160,98,102,85,42,66,178,135,130,135,182,118,44,245,27,20,57,37,,,,,,,,,,,,,,,,,,,2023-11-23
Uttar Pradesh,Mathura,34,,29,34,70,113,92,96,95,40,62,171,146,143,144,168,108,36,267,29,21,63,43,,,,,,,,,,,,,,,,,,,2023-11-23
Uttar Pradesh,Firozabad,38,,35,37,82,115,118,112,118,40,65,190,158,117,142,182,111,45,300,30,13,80,40,,,,,,,,,,,,,,,,,,,2023-11-23
Uttar Pradesh,Kasganj,46,,27,31,75,143,112,112,112,44,66,168,142,128,117,142,92,50,245,28,25,56,53,,,,,,,,,,,,,,,,,,,2023-11-23
Uttar Pradesh,Mainpuri,33,,25,32,66,110,100,100,90,39,69,177,153,122,134,164,110,43,248,30,20,50,20,,,,,,,,,,,,,,,,,,,2023-11-23
Uttar Pradesh,Shamli,38,,26,29,70,128,125,110,103,40,68,205,140,120,117,143,102,41,270,26,20,80,60,,,,,,,,,,,,,,,,,,,2023-11-23
Uttar Pradesh,Ballia,33,,28,30,81,165,111,107,96,44,56,198,160,148,147,147,150,55,243,27,19,84,55,,,,,,,,,,,,,,,,,,,2023-11-23
Uttar Pradesh,Mau,40,,24,30,85,170,120,119,85,46,62,205,130,116,119,119,95,50,273,27,15,58,54,,,,,,,,,,,,,,,,,,,2023-11-23
Uttarakhand,Dehradun,NR,,NR,NR,NR,NR,NR,NR,NR,NR,NR,NR,NR,NR,NR,NR,NR,NR,NR,NR,NR,NR,NR,,,,,,,,,,,,,,,,,,,2023-11-23
Uttarakhand,Haldwani,NR,,NR,NR,NR,NR,NR,NR,NR,NR,NR,NR,NR,NR,NR,NR,NR,NR,NR,NR,NR,NR,NR,,,,,,,,,,,,,,,,,,,2023-11-23
Uttarakhand,Rudrapur,36,,27,31,98,185,130,135,100,41,63,193,135,122,122,138,85,51,217,28,20,57,27,,,,,,,,,,,,,,,,,,,2023-11-23
Uttarakhand,Haridwar,36,,25,34,84,138,110,106,82,NR,NR,145,137,129,136,145,NR,NR,NR,NR,20,63,36,,,,,,,,,,,,,,,,,,,2023-11-23
WEST ZONE,WEST ZONE,,,,,,,,,,,,,,,,,,,,,,,,,,,,,,,,,,,,,,,,,,2023-11-23
Chhattisgarh,Raipur,36,,40,42,84,168,129,117,87,43,54,205,139,134,115,130,98,56,255,28,29,68,35,,,,,,,,,,,,,,,,,,,2023-11-23
Chhattisgarh,Durg,35,,35,39,80,165,128,123,85,45,53,192,128,103,115,120,107,55,237,14,24,55,31,,,,,,,,,,,,,,,,,,,2023-11-23
Chhattisgarh,Ambikapur,30,,29,28,90,173,107,100,103,40,40,188,189,169,169,172,155,37,267,10,20,48,32,,,,,,,,,,,,,,,,,,,2023-11-23
Chhattisgarh,Bilaspur-CG,40,,28,29,65,110,85,100,90,40,50,185,182,153,160,174,137,45,203,26,27,43,42,,,,,,,,,,,,,,,,,,,2023-11-23
Chhattisgarh,Jagdalpur,46,,43,50,101,170,110,107,103,39,NR,194,140,105,132,137,103,45,333,26,35,60,45,,,,,,,,,,,,,,,,,,,2023-11-23
Chhattisgarh,Dantewada,43,,36,38,87,161,121,121,87,44,72,218,143,118,113,128,107,57,559,28,28,68,39,,,,,,,,,,,,,,,,,,,2023-11-23
Chhattisgarh,Dhamtari,NR,,NR,NR,NR,NR,NR,NR,NR,NR,NR,NR,NR,NR,NR,NR,NR,NR,NR,NR,NR,NR,NR,,,,,,,,,,,,,,,,,,,2023-11-23
Chhattisgarh,Rajnandgaon,53,,47,43,103,169,117,114,110,42,59,262,140,152,109,113,107,54,322,30,25,54,38,,,,,,,,,,,,,,,,,,,2023-11-23
Chhattisgarh,Koriya,38,,33,35,75,165,98,113,80,42,76,198,131,95,124,173,110,47,200,27,20,70,40,,,,,,,,,,,,,,,,,,,2023-11-23
DNH and DD,Silvasa,53,,42,43,89,172,133,129,95,41,66,205,138,143,113,118,91,63,485,27,20,57,38,,,,,,,,,,,,,,,,,,,2023-11-23
DNH and DD,Daman,43,,40,39,87,143,123,118,93,46,66,207,143,130,125,125,95,77,200,26,20,50,42,,,,,,,,,,,,,,,,,,,2023-11-23
DNH and DD,Diu,48,,37,55,89,180,157,131,101,44,61,218,177,139,161,136,115,69,360,28,23,57,50,,,,,,,,,,,,,,,,,,,2023-11-23
Goa,Panaji,49,,44,40,98,178,137,135,98,44,56,222,175,150,173,112,98,58,308,25,35,63,47,,,,,,,,,,,,,,,,,,,2023-11-23
Goa,Margao,48,,45,45,92,180,143,128,95,44,59,230,145,135,125,122,93,60,343,24,35,65,45,,,,,,,,,,,,,,,,,,,2023-11-23
Gujarat,Ahmedabad,33,,32,34,74,131,107,96,80,40,58,195,144,148,138,133,110,53,245,13,22,75,20,,,,,,,,,,,,,,,,,,,2023-11-23
Gujarat,Rajkot,43,,37,40,86,163,113,113,97,45,59,187,132,133,139,126,105,54,300,17,25,55,30,,,,,,,,,,,,,,,,,,,2023-11-23
Gujarat,Surat,31,,31,30,68,163,103,100,84,40,62,190,140,115,148,148,120,50,253,28,20,75,25,,,,,,,,,,,,,,,,,,,2023-11-23
Gujarat,Bhuj,48,,34,42,80,160,127,110,83,42,56,190,150,193,130,140,95,50,NR,22,25,60,40,,,,,,,,,,,,,,,,,,,2023-11-23
Gujarat,Selamba,51,,40,43,87,160,125,117,97,42,59,178,115,120,108,110,102,50,267,18,27,72,28,,,,,,,,,,,,,,,,,,,2023-11-23
Gujarat,Waghai,41,,39,46,77,140,120,130,105,43,56,192,153,143,155,135,122,49,257,14,28,82,33,,,,,,,,,,,,,,,,,,,2023-11-23
Gujarat,Bodeli,38,,32,38,78,130,110,96,85,43,58,194,145,135,140,135,105,50,290,12,22,46,29,,,,,,,,,,,,,,,,,,,2023-11-23
Gujarat,Vapi,41,,33,40,99,150,130,123,105,44,NR,224,123,141,129,117,98,56,236,11,23,54,32,,,,,,,,,,,,,,,,,,,2023-11-23
Gujarat,Bilimora,NR,,NR,NR,NR,NR,NR,NR,NR,NR,NR,NR,NR,NR,NR,NR,NR,NR,NR,NR,NR,NR,NR,,,,,,,,,,,,,,,,,,,2023-11-23
Gujarat,Idar,NR,,NR,NR,NR,NR,NR,NR,NR,NR,NR,NR,NR,NR,NR,NR,NR,NR,NR,NR,NR,NR,NR,,,,,,,,,,,,,,,,,,,2023-11-23
Gujarat,Jhalod,NR,,NR,NR,NR,NR,NR,NR,NR,NR,NR,NR,NR,NR,NR,NR,NR,NR,NR,NR,NR,NR,NR,,,,,,,,,,,,,,,,,,,2023-11-23
Gujarat,Songash,NR,,NR,NR,NR,NR,NR,NR,NR,NR,NR,NR,NR,NR,NR,NR,NR,NR,NR,NR,NR,NR,NR,,,,,,,,,,,,,,,,,,,2023-11-23
Madhya Pradesh,Bhopal,38,,29,32,85,175,122,112,87,43,60,190,145,122,105,122,NR,50,250,17,20,60,45,,,,,,,,,,,,,,,,,,,2023-11-23
Madhya Pradesh,Indore,43,,26,33,88,165,120,123,95,43,64,183,140,130,110,125,97,55,245,22,20,58,35,,,,,,,,,,,,,,,,,,,2023-11-23
Madhya Pradesh,Gwalior,37,,34,44,82,175,120,127,91,44,66,214,141,121,115,125,NR,54,230,28,20,59,31,,,,,,,,,,,,,,,,,,,2023-11-23
Madhya Pradesh,Jabalpur,38,,30,35,80,150,112,115,84,43,64,205,135,106,108,128,105,44,260,15,25,62,40,,,,,,,,,,,,,,,,,,,2023-11-23
Madhya Pradesh,Rewa,40,,21,48,90,100,98,115,95,45,52,172,155,116,142,139,NR,44,393,19,20,65,38,,,,,,,,,,,,,,,,,,,2023-11-23
Madhya Pradesh,Sagar,37,,28,31,77,155,127,105,88,44,59,198,140,100,104,114,90,43,233,21,16,47,25,,,,,,,,,,,,,,,,,,,2023-11-23
Madhya Pradesh,Jhabua,39,,28,35,90,174,125,128,96,44,56,194,145,133,107,147,NR,55,313,22,26,78,62,,,,,,,,,,,,,,,,,,,2023-11-23
Madhya Pradesh,Hoshangabad,46,,27,34,86,168,112,115,93,43,60,186,124,108,105,130,94,50,403,12,20,65,40,,,,,,,,,,,,,,,,,,,2023-11-23
Madhya Pradesh,Shahdol,33,,32,35,70,170,95,105,85,42,75,170,130,125,115,170,NR,44,180,25,20,60,40,,,,,,,,,,,,,,,,,,,2023-11-23
Madhya Pradesh,Ujjain,40,,28,35,80,160,120,120,100,44,60,190,140,120,117,120,100,50,250,18,20,60,40,,,,,,,,,,,,,,,,,,,2023-11-23
Madhya Pradesh,Morena,36,,24,30,85,177,120,115,100,43,65,182,123,125,125,177,107,60,240,16,20,60,40,,,,,,,,,,,,,,,,,,,2023-11-23
Madhya Pradesh,Anuppur,35,,31,34,83,167,120,120,90,45,50,230,140,130,110,130,80,45,200,10,20,60,30,,,,,,,,,,,,,,,,,,,2023-11-23
Madhya Pradesh,Bhind,39,,33,36,70,123,93,95,90,43,60,163,123,120,125,165,120,38,230,15,20,60,30,,,,,,,,,,,,,,,,,,,2023-11-23
Madhya Pradesh,Dhar,44,,28,41,82,175,125,114,110,43,58,192,137,132,108,134,170,50,223,23,20,46,34,,,,,,,,,,,,,,,,,,,2023-11-23
Madhya Pradesh,Harda,36,,28,34,81,170,123,113,89,43,60,195,131,122,101,113,NR,48,200,28,20,77,40,,,,,,,,,,,,,,,,,,,2023-11-23
Madhya Pradesh,Katni,NR,,NR,NR,NR,NR,NR,NR,NR,NR,NR,NR,NR,NR,NR,NR,NR,NR,NR,NR,NR,NR,NR,,,,,,,,,,,,,,,,,,,2023-11-23
Madhya Pradesh,Khandwa,32,,26,34,66,157,112,113,107,44,53,185,153,141,106,159,NR,48,252,20,21,43,42,,,,,,,,,,,,,,,,,,,2023-11-23
Madhya Pradesh,Mandla,40,,32,36,85,141,126,120,80,42,50,205,130,92,110,120,108,57,238,17,18,57,30,,,,,,,,,,,,,,,,,,,2023-11-23
Madhya Pradesh,Rajgarh,37,,30,35,94,96,89,94,86,41,64,137,108,97,101,97,NR,47,235,18,25,44,38,,,,,,,,,,,,,,,,,,,2023-11-23
Madhya Pradesh,Sidhi,35,,25,35,90,160,107,105,100,44,60,230,127,125,113,157,103,50,260,28,20,60,40,,,,,,,,,,,,,,,,,,,2023-11-23
Madhya Pradesh,Chattarpur,35,,30,33,83,176,95,115,91,43,50,194,140,131,109,115,118,49,228,25,15,55,30,,,,,,,,,,,,,,,,,,,2023-11-23
Madhya Pradesh,Neemuch,NR,,NR,NR,NR,NR,NR,NR,NR,NR,NR,NR,NR,NR,NR,NR,NR,NR,NR,NR,NR,NR,NR,,,,,,,,,,,,,,,,,,,2023-11-23
Madhya Pradesh,Burhanpur,35,,34,39,74,174,124,114,84,44,54,155,124,124,109,124,104,54,200,27,30,50,45,,,,,,,,,,,,,,,,,,,2023-11-23
Madhya Pradesh,Narshinpur,37,,29,37,72,163,113,110,82,41,55,190,153,110,104,143,NR,37,282,12,18,57,30,,,,,,,,,,,,,,,,,,,2023-11-23
Madhya Pradesh,Raisen,35,,28,30,83,173,110,120,88,43,60,190,140,110,110,NR,NR,50,220,28,20,60,40,,,,,,,,,,,,,,,,,,,2023-11-23
Madhya Pradesh,Sheopur,44,,25,32,75,170,130,120,90,45,60,170,130,120,110,170,NR,50,280,28,20,50,30,,,,,,,,,,,,,,,,,,,2023-11-23
Madhya Pradesh,Agar malwa,47,,26,35,85,175,120,110,100,42,54,175,153,130,110,153,NR,49,349,17,20,59,48,,,,,,,,,,,,,,,,,,,2023-11-23
Madhya Pradesh,Umaria,43,,33,41,78,150,120,110,87,47,60,150,115,103,108,203,NR,58,220,18,18,65,30,,,,,,,,,,,,,,,,,,,2023-11-23
Madhya Pradesh,Shajapur,48,,26,33,81,175,132,121,86,43,60,182,125,120,106,120,NR,48,337,28,14,40,34,,,,,,,,,,,,,,,,,,,2023-11-23
Madhya Pradesh,Dewas,39,,24,33,81,162,107,106,88,42,56,182,125,118,101,109,NR,48,208,11,17,41,32,,,,,,,,,,,,,,,,,,,2023-11-23
Madhya Pradesh,Khargone,38,,27,35,80,135,110,110,90,40,55,185,185,155,120,190,NR,45,400,28,20,55,25,,,,,,,,,,,,,,,,,,,2023-11-23
Madhya Pradesh,Singrauli,35,,26,33,91,165,111,115,97,47,59,218,125,103,110,148,95,54,300,28,22,60,54,,,,,,,,,,,,,,,,,,,2023-11-23
Madhya Pradesh,Chhindwara,40,,32,36,79,160,115,112,88,44,56,234,153,109,121,129,110,40,197,10,20,58,25,,,,,,,,,,,,,,,,,,,2023-11-23
Madhya Pradesh,Sehore,38,,26,32,87,175,124,112,90,45,55,185,128,117,109,122,NR,49,212,11,20,55,50,,,,,,,,,,,,,,,,,,,2023-11-23
Madhya Pradesh,MP-Ashoknagar,41,,28,31,66,153,123,117,90,41,58,260,140,138,123,143,120,39,218,28,25,50,30,,,,,,,,,,,,,,,,,,,2023-11-23
Madhya Pradesh,Balaghat,39,,35,35,78,168,112,115,90,43,52,205,142,104,102,115,100,60,200,10,20,67,33,,,,,,,,,,,,,,,,,,,2023-11-23
Madhya Pradesh,Guna,39,,30,30,79,150,102,110,80,42,60,190,125,103,105,127,100,44,200,28,13,43,30,,,,,,,,,,,,,,,,,,,2023-11-23
Madhya Pradesh,Ratlam,34,,25,35,80,175,128,123,102,42,55,195,145,120,115,125,105,49,300,10,18,50,30,,,,,,,,,,,,,,,,,,,2023-11-23
Madhya Pradesh,Satna,30,,25,35,80,160,107,100,80,45,60,200,125,117,128,130,105,50,200,28,20,42,25,,,,,,,,,,,,,,,,,,,2023-11-23
Madhya Pradesh,Vidisha,37,,27,30,79,160,125,115,88,42,65,188,132,107,108,127,NR,48,233,10,15,43,33,,,,,,,,,,,,,,,,,,,2023-11-23
Madhya Pradesh,Alirajpur,40,,30,35,90,160,115,105,100,43,65,210,143,141,115,130,100,50,297,10,25,73,43,,,,,,,,,,,,,,,,,,,2023-11-23
Madhya Pradesh,Betul,45,,29,33,85,170,120,118,96,45,56,188,129,118,109,129,NR,47,215,13,21,45,28,,,,,,,,,,,,,,,,,,,2023-11-23
Madhya Pradesh,Damoh,35,,30,31,78,162,110,110,80,42,52,215,140,120,115,135,NR,50,200,10,20,48,32,,,,,,,,,,,,,,,,,,,2023-11-23
Madhya Pradesh,Dindori,35,,33,35,110,105,100,110,90,45,65,220,140,100,110,145,NR,50,270,28,20,60,35,,,,,,,,,,,,,,,,,,,2023-11-23
Madhya Pradesh,Niwari,NR,,NR,NR,NR,NR,NR,NR,NR,NR,NR,NR,NR,NR,NR,NR,NR,NR,NR,NR,NR,NR,NR,,,,,,,,,,,,,,,,,,,2023-11-23
Madhya Pradesh,Seoni,45,,32,35,70,125,90,110,78,40,54,200,127,102,113,122,NR,39,187,11,20,65,16,,,,,,,,,,,,,,,,,,,2023-11-23
Madhya Pradesh,Panna,34,,25,32,80,142,110,105,97,44,50,205,117,118,107,137,117,49,203,10,20,60,50,,,,,,,,,,,,,,,,,,,2023-11-23
Madhya Pradesh,Tikamgarh,37,,40,40,72,160,93,112,80,42,40,187,141,131,109,137,118,48,225,25,16,39,15,,,,,,,,,,,,,,,,,,,2023-11-23
Maharashtra,Mumbai,40,,48,52,124,180,173,165,115,48,58,185,169,148,133,144,103,84,320,27,33,59,52,,,,,,,,,,,,,,,,,,,2023-11-23
Maharashtra,Nagpur,42,,40,50,89,175,125,125,90,51,62,215,165,145,115,120,92,64,283,27,36,70,38,,,,,,,,,,,,,,,,,,,2023-11-23
Maharashtra,Pune,54,,42,48,86,190,125,129,87,48,69,201,151,107,112,110,107,44,309,25,24,46,30,,,,,,,,,,,,,,,,,,,2023-11-23
Maharashtra,Nashik,39,,41,40,92,173,127,123,94,43,54,195,180,125,102,114,95,54,300,26,25,60,45,,,,,,,,,,,,,,,,,,,2023-11-23
Maharashtra,Mangaon-Raigad,46,,51,56,89,176,132,117,93,52,59,184,138,139,118,119,98,66,315,29,33,65,37,,,,,,,,,,,,,,,,,,,2023-11-23
Maharashtra,Dharni,37,,36,35,81,169,126,121,90,43,51,195,128,116,108,126,NR,46,305,13,31,59,60,,,,,,,,,,,,,,,,,,,2023-11-23
Maharashtra,Latur,65,,46,42,93,175,129,134,99,45,65,209,152,98,111,119,96,45,207,28,28,72,35,,,,,,,,,,,,,,,,,,,2023-11-23
Maharashtra,Akluj,43,,37,39,78,172,122,109,93,39,54,180,136,107,115,130,103,49,319,29,25,49,10,,,,,,,,,,,,,,,,,,,2023-11-23
Maharashtra,Arni Yavatmal,47,,33,34,77,172,122,115,97,42,63,187,162,126,112,118,NR,53,300,10,30,60,40,,,,,,,,,,,,,,,,,,,2023-11-23
Maharashtra,Chandrapur,37,,36,42,75,164,120,116,100,41,59,188,167,163,99,163,NR,51,203,28,20,48,23,,,,,,,,,,,,,,,,,,,2023-11-23
Maharashtra,Karad Satara,48,,38,46,85,182,145,132,103,42,70,198,168,129,111,114,100,51,287,28,27,62,40,,,,,,,,,,,,,,,,,,,2023-11-23
Maharashtra,Ahemednagar,59,,44,46,84,173,124,124,98,40,53,170,172,124,119,129,109,44,225,27,24,45,29,,,,,,,,,,,,,,,,,,,2023-11-23
Maharashtra,Khultabad,51,,35,38,84,170,118,120,93,42,50,187,NR,139,110,114,95,47,300,20,35,55,42,,,,,,,,,,,,,,,,,,,2023-11-23
Maharashtra,Islampur,59,,44,48,69,174,119,120,104,40,68,180,176,105,118,132,105,48,323,30,29,54,30,,,,,,,,,,,,,,,,,,,2023-11-23
Maharashtra,Kankavli,46,,41,43,87,179,129,137,101,43,57,176,161,136,109,111,97,53,344,20,32,58,42,,,,,,,,,,,,,,,,,,,2023-11-23
Maharashtra,Partur,70,,34,40,60,160,110,110,101,42,55,164,198,159,105,144,97,40,409,10,23,59,45,,,,,,,,,,,,,,,,,,,2023-11-23
Maharashtra,Gondia,50,,43,45,79,171,115,116,84,43,52,174,149,96,109,111,101,54,215,22,25,50,23,,,,,,,,,,,,,,,,,,,2023-11-23
Maharashtra,Jalgaon,52,,42,47,92,180,142,126,108,43,60,212,153,127,105,108,112,60,368,27,22,57,52,,,,,,,,,,,,,,,,,,,2023-11-23
Maharashtra,Akola,39,,32,35,82,172,116,115,100,42,65,175,142,125,102,115,90,55,285,26,28,65,45,,,,,,,,,,,,,,,,,,,2023-11-23
Rajasthan,Jaipur,43,,33,35,82,182,130,112,84,45,50,203,135,115,125,132,NR,47,287,19,19,55,30,,,,,,,,,,,,,,,,,,,2023-11-23
Rajasthan,Jodhpur,NR,,NR,NR,NR,NR,NR,NR,NR,NR,NR,NR,NR,NR,NR,NR,NR,NR,NR,NR,NR,NR,NR,,,,,,,,,,,,,,,,,,,2023-11-23
Rajasthan,Kota,35,,26,33,79,140,103,105,100,45,55,177,160,102,101,167,NR,49,240,25,23,52,20,,,,,,,,,,,,,,,,,,,2023-11-23
Rajasthan,Udaipur,31,,30,32,96,98,98,98,95,45,49,195,190,135,197,NR,140,50,333,24,27,43,25,,,,,,,,,,,,,,,,,,,2023-11-23
Rajasthan,Bharatpur,45,,28,31,90,170,130,118,90,43,58,200,120,110,110,NR,NR,49,296,25,24,58,38,,,,,,,,,,,,,,,,,,,2023-11-23
Rajasthan,Ajmer,NR,,NR,NR,NR,NR,NR,NR,NR,NR,NR,NR,NR,NR,NR,NR,NR,NR,NR,NR,NR,NR,NR,,,,,,,,,,,,,,,,,,,2023-11-23
Rajasthan,Bikaner,42,,33,35,68,105,105,99,93,49,49,165,156,154,128,128,NR,46,205,13,17,62,37,,,,,,,,,,,,,,,,,,,2023-11-23
Rajasthan,Bundi,49,,27,32,64,108,105,112,93,42,50,147,122,112,105,155,NR,47,328,18,30,52,41,,,,,,,,,,,,,,,,,,,2023-11-23
Rajasthan,Rajsamand,37,,31,33,76,156,116,112,88,42,60,162,139,121,107,125,NR,39,288,17,22,58,45,,,,,,,,,,,,,,,,,,,2023-11-23
Rajasthan,Alwar,NR,,NR,NR,NR,NR,NR,NR,NR,NR,NR,NR,NR,NR,NR,NR,NR,NR,NR,NR,NR,NR,NR,,,,,,,,,,,,,,,,,,,2023-11-23
Rajasthan,Banswara,38,,26,34,69,138,103,103,92,41,53,175,145,110,162,165,NR,46,363,23,21,36,27,,,,,,,,,,,,,,,,,,,2023-11-23
Rajasthan,Baran,35,,30,27,70,95,89,87,80,39,50,130,138,119,127,125,NR,37,200,14,20,75,40,,,,,,,,,,,,,,,,,,,2023-11-23
Rajasthan,Barmer,30,,29,38,58,110,95,88,85,42,NR,190,178,107,156,175,NR,42,347,27,20,44,30,,,,,,,,,,,,,,,,,,,2023-11-23
Rajasthan,Bhilwara,NR,,NR,NR,NR,NR,NR,NR,NR,NR,NR,NR,NR,NR,NR,NR,NR,NR,NR,NR,NR,NR,NR,,,,,,,,,,,,,,,,,,,2023-11-23
Rajasthan,Chhitorgarh,40,,34,38,78,112,104,107,99,42,57,181,182,149,134,138,121,43,323,20,23,36,21,,,,,,,,,,,,,,,,,,,2023-11-23
Rajasthan,Churu,32,,28,30,70,NR,98,90,82,39,46,172,168,145,148,169,NR,38,305,15,25,NR,40,,,,,,,,,,,,,,,,,,,2023-11-23
Rajasthan,Dholapur,37,,29,34,84,165,111,108,86,47,54,215,128,116,115,NR,NR,47,325,27,28,36,38,,,,,,,,,,,,,,,,,,,2023-11-23
Rajasthan,Dungarpur,36,,28,30,65,116,118,115,115,44,57,214,167,NR,148,191,NR,54,307,28,27,63,45,,,,,,,,,,,,,,,,,,,2023-11-23
Rajasthan,Hanumangarh,NR,,NR,NR,NR,NR,NR,NR,NR,NR,NR,NR,NR,NR,NR,NR,NR,NR,NR,NR,NR,NR,NR,,,,,,,,,,,,,,,,,,,2023-11-23
Rajasthan,Jaisalmer,32,,33,36,71,109,103,91,89,44,52,187,168,110,149,154,NR,43,255,15,23,51,33,,,,,,,,,,,,,,,,,,,2023-11-23
Rajasthan,Jalore,39,,32,32,70,120,110,110,100,40,51,195,135,133,150,188,NR,41,263,22,27,62,38,,,,,,,,,,,,,,,,,,,2023-11-23
Rajasthan,Jhalawar,40,,25,28,72,120,96,95,86,42,49,183,152,125,123,168,NR,42,387,19,18,NR,55,,,,,,,,,,,,,,,,,,,2023-11-23
Rajasthan,Jhunjhunu,37,,35,40,97,98,99,99,96,40,44,210,155,138,141,192,NR,38,207,17,25,53,34,,,,,,,,,,,,,,,,,,,2023-11-23
Rajasthan,Karauli,37,,26,31,66,110,121,119,87,45,NR,203,148,138,138,NR,NR,42,480,30,21,77,40,,,,,,,,,,,,,,,,,,,2023-11-23
Rajasthan,Nagaur,32,,32,35,65,104,105,80,82,40,50,162,165,116,161,NR,NR,38,310,13,20,NR,21,,,,,,,,,,,,,,,,,,,2023-11-23
Rajasthan,Pali,58,,28,28,68,119,122,98,99,39,57,179,172,125,164,161,163,38,275,12,29,NR,10,,,,,,,,,,,,,,,,,,,2023-11-23
Rajasthan,RJ-Pratapgarh,60,,28,30,70,110,105,95,84,40,57,168,180,150,150,160,149,38,317,20,22,NR,40,,,,,,,,,,,,,,,,,,,2023-11-23
Rajasthan,Sikar,44,,26,32,72,99,88,88,84,41,52,166,186,101,150,153,NR,44,311,21,23,40,47,,,,,,,,,,,,,,,,,,,2023-11-23
Rajasthan,Sirohi,NR,,NR,NR,NR,NR,NR,NR,NR,NR,NR,NR,NR,NR,NR,NR,NR,NR,NR,NR,NR,NR,NR,,,,,,,,,,,,,,,,,,,2023-11-23
Rajasthan,Sri Ganganagar,NR,,NR,NR,NR,NR,NR,NR,NR,NR,NR,NR,NR,NR,NR,NR,NR,NR,NR,NR,NR,NR,NR,,,,,,,,,,,,,,,,,,,2023-11-23
Rajasthan,Tonk,43,,24,28,73,114,109,104,92,40,51,192,140,152,151,162,NR,45,277,14,20,71,36,,,,,,,,,,,,,,,,,,,2023-11-23
Rajasthan,Sawai Madhopur,50,,25,27,64,122,102,104,70,39,52,200,108,102,107,180,NR,38,283,28,18,NR,58,,,,,,,,,,,,,,,,,,,2023-11-23
EAST ZONE,EAST ZONE,,,,,,,,,,,,,,,,,,,,,,,,,,,,,,,,,,,,,,,,,,2023-11-23
Bihar,Patna,42,,31,38,86,167,136,119,85,48,56,NR,120,110,124,140,111,43,280,26,30,60,50,,,,,,,,,,,,,,,,,,,2023-11-23
Bihar,Bhagalpur,38,,29,33,80,163,110,109,81,45,56,NR,130,114,134,169,123,43,320,28,18,59,66,,,,,,,,,,,,,,,,,,,2023-11-23
Bihar,Purnia,36,,31,36,79,159,134,109,76,47,51,NR,124,99,114,NR,92,42,324,13,16,49,37,,,,,,,,,,,,,,,,,,,2023-11-23
Bihar,Darbhanga,40,,28,40,80,145,115,110,80,46,52,NR,130,130,120,NR,100,43,195,13,16,50,50,,,,,,,,,,,,,,,,,,,2023-11-23
Bihar,Gaya,NR,,NR,NR,NR,NR,NR,NR,NR,NR,NR,NR,NR,NR,NR,NR,NR,NR,NR,NR,NR,NR,NR,,,,,,,,,,,,,,,,,,,2023-11-23
Bihar,Muzzafarpur,42,,27,33,78,166,113,116,83,45,57,NR,128,131,129,169,94,49,287,24,21,46,52,,,,,,,,,,,,,,,,,,,2023-11-23
Bihar,Saran,42,,29,33,85,161,137,123,84,45,56,120,128,126,124,135,108,49,262,26,24,NR,73,,,,,,,,,,,,,,,,,,,2023-11-23
Bihar,Munger,34,,28,34,NR,172,121,121,81,45,55,NR,146,138,141,242,NR,57,246,28,19,65,73,,,,,,,,,,,,,,,,,,,2023-11-23
Bihar,Saharsa,39,,28,34,69,118,103,98,84,44,55,NR,145,128,122,NR,NR,56,223,22,20,57,32,,,,,,,,,,,,,,,,,,,2023-11-23
Bihar,Madhubani,39,,29,36,80,152,114,112,79,45,52,159,132,124,114,149,98,48,290,16,17,54,43,,,,,,,,,,,,,,,,,,,2023-11-23
Bihar,Rohtas (Sasaram),31,,30,35,79,143,128,98,83,47,66,220,130,95,108,122,97,44,223,28,18,58,62,,,,,,,,,,,,,,,,,,,2023-11-23
Bihar,Motihari,43,,29,34,70,106,106,104,86,42,55,125,146,141,138,141,129,42,278,18,19,47,38,,,,,,,,,,,,,,,,,,,2023-11-23
Bihar,Samastipur,52,,26,30,65,115,98,98,75,45,55,159,138,112,144,154,98,54,320,22,25,55,47,,,,,,,,,,,,,,,,,,,2023-11-23
Bihar,Katihar,37,,30,32,78,165,114,112,80,44,54,NR,142,140,131,149,NR,50,305,19,22,62,52,,,,,,,,,,,,,,,,,,,2023-11-23
Bihar,Araria,44,,28,34,75,125,132,101,92,43,55,NR,125,101,101,178,101,61,327,22,16,50,40,,,,,,,,,,,,,,,,,,,2023-11-23
Bihar,Nawada,48,,23,42,86,160,118,112,83,44,60,227,167,120,117,170,105,51,240,19,22,63,85,,,,,,,,,,,,,,,,,,,2023-11-23
Bihar,Khagaria,44,,24,34,83,125,115,118,83,43,42,237,132,101,122,133,98,42,370,27,17,52,28,,,,,,,,,,,,,,,,,,,2023-11-23
Bihar,Banka,35,,28,36,75,140,110,100,75,41,56,NR,132,109,121,183,105,42,205,14,13,47,57,,,,,,,,,,,,,,,,,,,2023-11-23
Bihar,Arwal,34,,25,31,71,138,110,118,76,44,53,NR,164,123,142,112,110,43,277,25,19,62,47,,,,,,,,,,,,,,,,,,,2023-11-23
Bihar,Aurangabad,37,,24,33,80,153,120,120,82,43,59,238,132,165,165,233,175,53,196,26,13,60,40,,,,,,,,,,,,,,,,,,,2023-11-23
Bihar,Begusarai,34,,25,31,69,109,109,100,73,39,53,NR,125,121,119,NR,96,44,319,12,15,36,27,,,,,,,,,,,,,,,,,,,2023-11-23
Bihar,Bhojpur Ara,43,,25,30,79,159,129,125,75,45,55,232,149,162,145,197,NR,49,369,29,25,50,52,,,,,,,,,,,,,,,,,,,2023-11-23
Bihar,Buxar,31,,31,32,82,164,124,124,82,46,60,136,130,118,118,154,118,47,260,28,19,60,33,,,,,,,,,,,,,,,,,,,2023-11-23
Bihar,Gopalganj,42,,28,32,80,170,110,120,85,42,55,220,130,125,130,160,100,60,245,26,20,35,45,,,,,,,,,,,,,,,,,,,2023-11-23
Bihar,Jamui,38,,30,34,67,129,111,110,74,45,57,NR,132,109,133,NR,120,39,254,29,21,55,33,,,,,,,,,,,,,,,,,,,2023-11-23
Bihar,Jehanabad,36,,28,34,81,169,146,109,79,45,55,NR,143,125,121,162,NR,43,247,26,19,42,37,,,,,,,,,,,,,,,,,,,2023-11-23
Bihar,Kaimur,NR,,NR,NR,NR,NR,NR,NR,NR,NR,NR,NR,NR,NR,NR,NR,NR,NR,NR,NR,NR,NR,NR,,,,,,,,,,,,,,,,,,,2023-11-23
Bihar,Kishanganj,35,,24,34,84,107,130,120,85,44,56,NR,120,130,110,125,NR,50,258,26,20,60,60,,,,,,,,,,,,,,,,,,,2023-11-23
Bihar,Lakhisarai,37,,28,35,70,144,110,115,86,46,58,NR,148,128,138,NR,128,44,256,26,19,37,65,,,,,,,,,,,,,,,,,,,2023-11-23
Bihar,Medhepura,37,,29,35,78,159,119,113,78,47,55,NR,129,106,107,119,93,45,339,12,19,56,59,,,,,,,,,,,,,,,,,,,2023-11-23
Bihar,Nalanda,34,,27,32,77,132,118,110,85,45,59,240,148,127,135,175,NR,49,395,27,17,62,45,,,,,,,,,,,,,,,,,,,2023-11-23
Bihar,Sheikhpura,37,,28,35,70,139,110,115,83,44,55,NR,145,130,136,NR,NR,57,242,28,22,60,48,,,,,,,,,,,,,,,,,,,2023-11-23
Bihar,Sheohar,33,,27,33,82,162,118,114,74,44,55,145,129,116,121,163,88,48,198,27,19,52,36,,,,,,,,,,,,,,,,,,,2023-11-23
Bihar,Sitamarhi,41,,32,33,86,168,128,126,101,43,55,NR,129,112,125,173,108,41,180,26,20,52,38,,,,,,,,,,,,,,,,,,,2023-11-23
Bihar,Siwan,33,,28,32,76,164,109,119,80,47,54,190,126,99,110,192,87,47,210,25,12,54,54,,,,,,,,,,,,,,,,,,,2023-11-23
Bihar,Supaul,38,,28,32,80,172,133,125,80,46,51,NR,130,120,135,175,100,65,365,12,18,44,34,,,,,,,,,,,,,,,,,,,2023-11-23
Bihar,Vaishali,39,,30,32,78,160,129,117,75,45,60,162,119,109,120,173,97,49,207,25,16,67,58,,,,,,,,,,,,,,,,,,,2023-11-23
Bihar,West Champaran,45,,24,38,81,120,111,100,95,42,50,167,138,167,146,207,123,47,292,16,19,58,40,,,,,,,,,,,,,,,,,,,2023-11-23
Jharkhand,Ranchi,43,,36,35,77,166,115,106,77,48,56,225,127,95,116,118,90,50,240,27,17,50,40,,,,,,,,,,,,,,,,,,,2023-11-23
Jharkhand,Gumla,40,,29,34,85,125,105,98,70,43,55,209,137,110,110,198,104,40,270,10,16,60,25,,,,,,,,,,,,,,,,,,,2023-11-23
Jharkhand,Sahibganj,40,,31,34,74,165,100,120,85,45,58,210,143,123,NR,NR,NR,54,380,20,20,60,60,,,,,,,,,,,,,,,,,,,2023-11-23
Jharkhand,Bokaro,33,,34,36,80,125,95,97,85,NR,NR,170,175,130,145,170,125,NR,NR,NR,22,40,60,,,,,,,,,,,,,,,,,,,2023-11-23
Jharkhand,Lohardaga,33,,33,34,78,158,112,112,78,44,59,NR,134,140,124,159,105,51,250,25,23,38,37,,,,,,,,,,,,,,,,,,,2023-11-23
Jharkhand,Simdega,38,,NR,37,80,162,117,113,79,46,59,NR,137,116,128,126,110,45,NR,27,17,50,40,,,,,,,,,,,,,,,,,,,2023-11-23
Jharkhand,Dhanbad,36,,30,36,86,165,135,115,78,47,61,215,140,115,120,125,110,45,300,25,25,60,55,,,,,,,,,,,,,,,,,,,2023-11-23
Jharkhand,Jamshedpur (East Singbhum),NR,,NR,NR,NR,NR,NR,NR,NR,NR,NR,NR,NR,NR,NR,NR,NR,NR,NR,NR,NR,NR,NR,,,,,,,,,,,,,,,,,,,2023-11-23
Jharkhand,Giridhi,33,,26,30,80,155,100,95,75,44,55,NR,130,120,125,160,95,40,300,19,18,45,45,,,,,,,,,,,,,,,,,,,2023-11-23
Jharkhand,Seraikella,38,,27,34,79,165,123,118,79,46,60,169,125,141,102,134,96,51,213,25,19,49,48,,,,,,,,,,,,,,,,,,,2023-11-23
Jharkhand,West Singhbhum,39,,40,40,72,124,123,124,83,47,59,149,151,125,139,139,120,49,271,24,25,43,38,,,,,,,,,,,,,,,,,,,2023-11-23
Jharkhand,Daltonganj,38,,29,34,87,154,119,113,88,46,56,NR,129,108,122,NR,110,52,388,23,41,48,44,,,,,,,,,,,,,,,,,,,2023-11-23
Jharkhand,Deoghar,34,,36,36,80,168,110,110,90,50,60,128,163,151,154,171,101,50,262,30,19,60,29,,,,,,,,,,,,,,,,,,,2023-11-23
Jharkhand,Ramgarh,35,,33,35,60,166,129,112,74,47,NR,NR,132,123,153,190,108,45,279,25,20,59,48,,,,,,,,,,,,,,,,,,,2023-11-23
Jharkhand,Pakur,48,,36,39,94,172,120,117,112,48,56,208,130,114,116,141,99,53,413,28,20,59,43,,,,,,,,,,,,,,,,,,,2023-11-23
Jharkhand,Jamtara,41,,29,38,86,157,140,117,88,51,60,150,135,112,122,138,95,50,347,28,21,60,60,,,,,,,,,,,,,,,,,,,2023-11-23
Jharkhand,Latehar,39,,25,35,79,160,125,116,77,48,59,NR,128,154,117,126,93,49,224,28,34,49,41,,,,,,,,,,,,,,,,,,,2023-11-23
Jharkhand,Godda,45,,30,35,90,165,120,120,90,46,62,220,135,125,130,140,125,60,410,28,20,55,43,,,,,,,,,,,,,,,,,,,2023-11-23
Jharkhand,Koderma,38,,34,34,80,168,133,120,80,46,59,154,127,103,120,155,101,49,203,27,19,58,55,,,,,,,,,,,,,,,,,,,2023-11-23
Odisha,Bhubaneshwar,37,,35,41,80,162,131,119,82,47,52,NR,130,119,NR,113,89,55,227,25,20,55,50,,,,,,,,,,,,,,,,,,,2023-11-23
Odisha,Cuttack,40,,37,43,84,177,142,121,81,47,52,NR,151,108,NR,117,104,53,250,27,19,51,48,,,,,,,,,,,,,,,,,,,2023-11-23
Odisha,Sambalpur,40,,43,48,80,162,126,111,77,48,52,NR,146,110,NR,120,105,47,247,28,20,57,40,,,,,,,,,,,,,,,,,,,2023-11-23
Odisha,Rourkela,35,,38,41,80,163,129,115,80,44,52,NR,133,102,102,111,94,51,180,27,21,49,50,,,,,,,,,,,,,,,,,,,2023-11-23
Odisha,Berhampur,37,,45,40,77,152,120,102,75,47,51,NR,139,103,137,115,106,49,245,26,21,47,29,,,,,,,,,,,,,,,,,,,2023-11-23
Odisha,Jeypore,43,,38,37,84,165,125,115,80,46,52,NR,129,96,NR,113,93,50,210,27,20,52,40,,,,,,,,,,,,,,,,,,,2023-11-23
Odisha,Balasore,38,,40,42,87,173,133,120,83,46,52,NR,138,NR,NR,116,87,56,240,24,19,51,50,,,,,,,,,,,,,,,,,,,2023-11-23
Odisha,Baripada,NR,,NR,NR,NR,NR,NR,NR,NR,NR,NR,NR,NR,NR,NR,NR,NR,NR,NR,NR,NR,NR,NR,,,,,,,,,,,,,,,,,,,2023-11-23
Odisha,Balangir,41,,37,45,80,156,131,113,80,44,52,NR,135,96,NR,113,89,46,NR,28,22,60,40,,,,,,,,,,,,,,,,,,,2023-11-23
Odisha,Angul,35,,NR,39,69,139,131,101,77,44,54,NR,130,NR,NR,114,85,43,374,25,17,47,45,,,,,,,,,,,,,,,,,,,2023-11-23
Odisha,Boudhgarh,32,,NR,NR,80,140,120,120,90,41,56,NR,135,110,NR,115,100,47,NR,27,20,60,30,,,,,,,,,,,,,,,,,,,2023-11-23
Odisha,Dhenkanal,34,,36,40,85,160,118,112,80,42,52,150,135,135,142,115,100,53,362,27,20,55,48,,,,,,,,,,,,,,,,,,,2023-11-23
Odisha,Jagatsinghpur,33,,33,44,85,160,80,110,80,43,40,NR,143,139,120,111,90,NR,200,18,19,50,50,,,,,,,,,,,,,,,,,,,2023-11-23
Odisha,Kandhamal,38,,38,42,83,167,139,118,83,51,58,NR,137,120,NR,115,92,53,NR,27,19,58,43,,,,,,,,,,,,,,,,,,,2023-11-23
Odisha,Keonjhar,36,,38,44,70,145,110,115,80,42,50,NR,147,104,NR,119,102,51,369,27,19,59,52,,,,,,,,,,,,,,,,,,,2023-11-23
Odisha,Malkangiri,47,,NR,33,82,169,135,114,78,43,52,NR,133,99,NR,102,89,52,333,25,25,60,50,,,,,,,,,,,,,,,,,,,2023-11-23
Odisha,Nabarangpur,44,,27,45,90,178,123,113,85,44,52,127,128,150,110,115,93,60,300,25,20,53,30,,,,,,,,,,,,,,,,,,,2023-11-23
Odisha,Nayagarh,37,,NR,39,80,160,122,118,90,43,52,NR,131,123,NR,111,87,53,NR,26,20,53,47,,,,,,,,,,,,,,,,,,,2023-11-23
Odisha,Nuapada,40,,40,40,72,130,82,105,75,NR,NR,195,170,150,170,150,102,NR,NR,NR,23,NR,25,,,,,,,,,,,,,,,,,,,2023-11-23
Odisha,Paralakhemundi Gajapati,NR,,NR,NR,NR,NR,NR,NR,NR,NR,NR,NR,NR,NR,NR,NR,NR,NR,NR,NR,NR,NR,NR,,,,,,,,,,,,,,,,,,,2023-11-23
Odisha,Puri,37,,38,40,79,159,119,114,80,43,52,NR,133,114,NR,117,96,52,258,25,20,57,33,,,,,,,,,,,,,,,,,,,2023-11-23
Odisha,Rayagada,38,,33,38,79,171,124,114,84,47,52,160,136,97,144,107,90,47,NR,27,25,62,36,,,,,,,,,,,,,,,,,,,2023-11-23
Odisha,Sonepur,39,,NR,42,83,170,130,116,81,43,55,NR,133,125,NR,111,89,49,336,24,21,57,46,,,,,,,,,,,,,,,,,,,2023-11-23
Odisha,Bhadrak,35,,NR,38,80,165,120,115,75,43,52,220,143,130,NR,115,95,50,320,26,18,50,40,,,,,,,,,,,,,,,,,,,2023-11-23
Odisha,Jharsuguda,NR,,NR,NR,NR,NR,NR,NR,NR,NR,NR,NR,NR,NR,NR,NR,NR,NR,NR,NR,NR,NR,NR,,,,,,,,,,,,,,,,,,,2023-11-23
Odisha,Kendrapara,NR,,NR,NR,NR,NR,NR,NR,NR,NR,NR,NR,NR,NR,NR,NR,NR,NR,NR,NR,NR,NR,NR,,,,,,,,,,,,,,,,,,,2023-11-23
Odisha,Jajpur,34,,40,45,69,170,110,100,75,43,56,NR,142,125,NR,115,93,60,365,25,18,50,40,,,,,,,,,,,,,,,,,,,2023-11-23
Odisha,Kalahandi,35,,38,40,78,150,110,115,80,44,53,183,140,105,114,120,102,54,330,28,19,59,40,,,,,,,,,,,,,,,,,,,2023-11-23
West Bengal,Kolkata,48,,NR,35,89,182,138,120,102,48,51,NR,132,120,119,121,94,63,260,20,21,68,70,,,,,,,,,,,,,,,,,,,2023-11-23
West Bengal,Siliguri,40,,27,32,84,156,116,111,103,46,52,192,129,112,115,120,101,56,225,13,19,54,59,,,,,,,,,,,,,,,,,,,2023-11-23
West Bengal,Purulia,39,,NR,39,93,171,115,114,99,47,51,148,136,108,119,136,97,54,283,26,17,53,49,,,,,,,,,,,,,,,,,,,2023-11-23
West Bengal,Kharagpur,49,,33,36,85,174,139,115,104,46,54,230,138,104,112,120,98,60,238,27,20,60,65,,,,,,,,,,,,,,,,,,,2023-11-23
West Bengal,Rampurhat,46,,27,38,77,145,116,121,106,46,56,180,128,111,116,125,96,55,280,22,19,46,53,,,,,,,,,,,,,,,,,,,2023-11-23
West Bengal,Malda,43,,26,42,73,155,115,110,105,43,56,NR,140,96,122,141,119,61,320,21,21,61,56,,,,,,,,,,,,,,,,,,,2023-11-23
West Bengal,Raiganj,38,,28,33,71,163,124,111,108,43,45,180,129,98,121,133,100,57,250,10,16,56,52,,,,,,,,,,,,,,,,,,,2023-11-23
West Bengal,Alipurduar,37,,NR,46,77,165,111,120,120,50,68,NR,135,105,116,130,100,55,258,10,21,50,40,,,,,,,,,,,,,,,,,,,2023-11-23
West Bengal,Asansol,48,,NR,40,78,164,124,155,114,48,64,NR,138,112,112,121,88,52,300,26,18,60,53,,,,,,,,,,,,,,,,,,,2023-11-23
West Bengal,Balurghat,43,,32,39,89,169,124,118,108,44,45,NR,131,116,115,116,95,43,348,11,17,57,50,,,,,,,,,,,,,,,,,,,2023-11-23
West Bengal,Bankura,38,,NR,34,79,168,123,145,116,47,58,242,132,120,117,131,97,50,280,27,21,57,53,,,,,,,,,,,,,,,,,,,2023-11-23
West Bengal,Barasat,43,,35,40,85,125,NR,135,112,44,60,200,136,114,113,130,110,52,236,30,28,71,35,,,,,,,,,,,,,,,,,,,2023-11-23
West Bengal,Bardhaman,48,,NR,36,85,165,137,120,112,46,54,220,130,110,100,120,90,55,260,25,18,55,51,,,,,,,,,,,,,,,,,,,2023-11-23
West Bengal,Baruipur,57,,NR,34,80,112,113,133,108,42,55,NR,128,118,125,133,100,39,217,25,24,60,52,,,,,,,,,,,,,,,,,,,2023-11-23
West Bengal,Berhampore,48,,27,40,70,125,98,137,109,46,58,250,140,107,117,148,104,46,220,13,22,70,36,,,,,,,,,,,,,,,,,,,2023-11-23
West Bengal,Chinsurah,45,,NR,41,85,120,100,150,115,45,58,170,130,120,110,120,95,50,250,28,22,75,71,,,,,,,,,,,,,,,,,,,2023-11-23
West Bengal,Cooch behar,44,,NR,33,72,142,113,110,107,45,60,NR,132,107,105,137,97,50,295,27,20,58,39,,,,,,,,,,,,,,,,,,,2023-11-23
West Bengal,Howrah,50,,NR,36,90,180,147,123,112,48,54,NR,130,123,116,121,NR,55,293,27,20,70,67,,,,,,,,,,,,,,,,,,,2023-11-23
West Bengal,Jalapiguri,37,,28,44,85,150,115,120,108,46,56,NR,125,132,120,130,103,50,300,26,20,60,70,,,,,,,,,,,,,,,,,,,2023-11-23
West Bengal,Jhargram,42,,NR,38,83,158,115,115,90,48,54,NR,131,115,111,120,100,42,273,29,19,51,55,,,,,,,,,,,,,,,,,,,2023-11-23
West Bengal,Kalimpong,37,,35,37,95,123,127,120,100,47,48,NR,151,114,150,165,NR,52,377,15,37,53,47,,,,,,,,,,,,,,,,,,,2023-11-23
West Bengal,Krishnagar,36,,NR,38,70,123,104,138,107,42,44,179,113,134,117,130,114,44,253,18,23,68,58,,,,,,,,,,,,,,,,,,,2023-11-23
West Bengal,Tamluk,NR,,NR,NR,NR,NR,NR,NR,NR,NR,NR,NR,NR,NR,NR,NR,NR,NR,NR,NR,NR,NR,NR,,,,,,,,,,,,,,,,,,,2023-11-23
NORTH EAST ZONE,NORTH EAST ZONE,,,,,,,,,,,,,,,,,,,,,,,,,,,,,,,,,,,,,,,,,,2023-11-23
Andaman and Nicobar,Port Blair,50,,NR,67,94,177,145,130,96,53,73,NR,176,209,NR,134,124,74,325,20,40,77,80,,,,,,,,,,,,,,,,,,,2023-11-23
Andaman and Nicobar,Mayabunder,43,,NR,67,85,160,140,128,95,52,71,203,179,188,NR,121,114,70,315,18,40,80,80,,,,,,,,,,,,,,,,,,,2023-11-23
Andaman and Nicobar,Car Nicobar,44,,NR,70,97,170,148,138,102,59,74,250,197,187,NR,165,130,88,285,24,50,77,78,,,,,,,,,,,,,,,,,,,2023-11-23
Arunachal pradesh,Itanagar,36,,NR,40,99,155,130,130,100,55,72,NR,120,120,120,180,NR,NR,NR,15,25,80,50,,,,,,,,,,,,,,,,,,,2023-11-23
Arunachal pradesh,Namsai,NR,,NR,NR,NR,NR,NR,NR,NR,NR,NR,NR,NR,NR,NR,NR,NR,NR,NR,NR,NR,NR,NR,,,,,,,,,,,,,,,,,,,2023-11-23
Arunachal pradesh,Pasighat,NR,,NR,NR,NR,NR,NR,NR,NR,NR,NR,NR,NR,NR,NR,NR,NR,NR,NR,NR,NR,NR,NR,,,,,,,,,,,,,,,,,,,2023-11-23
Arunachal pradesh,Tawang,38,,42,40,90,130,130,120,110,NR,NR,NR,NR,NR,NR,NR,NR,NR,NR,NR,NR,NR,NR,,,,,,,,,,,,,,,,,,,2023-11-23
Assam,Guwahati,37,,30,37,84,156,95,111,85,47,70,213,140,140,130,145,125,55,200,12,26,62,50,,,,,,,,,,,,,,,,,,,2023-11-23
Assam,Barpeta,38,,28,33,76,128,99,115,83,45,70,NR,157,153,168,112,139,43,203,12,20,48,34,,,,,,,,,,,,,,,,,,,2023-11-23
Assam,Tinsukia,35,,NR,33,80,150,100,115,85,47,72,NR,145,140,120,130,NR,60,175,12,20,65,NR,,,,,,,,,,,,,,,,,,,2023-11-23
Assam,Dhubri,36,,NR,36,80,167,140,110,80,46,72,250,148,110,105,120,98,55,250,12,20,60,60,,,,,,,,,,,,,,,,,,,2023-11-23
Assam,Goalpara,55,,30,33,77,120,118,100,92,43,63,187,171,152,154,NR,146,50,235,12,22,60,43,,,,,,,,,,,,,,,,,,,2023-11-23
Assam,Golaghat,42,,30,36,76,137,110,105,105,49,59,NR,163,163,171,177,166,66,265,12,25,66,33,,,,,,,,,,,,,,,,,,,2023-11-23
Assam,Mangaldai,44,,33,36,76,108,97,110,97,47,70,NR,160,145,142,180,135,60,280,14,21,59,47,,,,,,,,,,,,,,,,,,,2023-11-23
Assam,Mushalpur,42,,34,35,80,115,NR,110,84,45,70,NR,150,142,170,158,105,46,210,10,19,64,37,,,,,,,,,,,,,,,,,,,2023-11-23
Assam,Udalguri,41,,27,35,79,146,121,112,82,45,70,NR,147,130,118,153,102,50,258,20,15,70,41,,,,,,,,,,,,,,,,,,,2023-11-23
Assam,Bajali,62,,NR,37,78,160,127,120,90,46,70,NR,167,NR,163,180,NR,60,400,10,20,68,47,,,,,,,,,,,,,,,,,,,2023-11-23
Assam,Hojai,47,,NR,35,78,143,85,115,85,48,73,NR,125,100,118,127,102,58,230,10,20,60,40,,,,,,,,,,,,,,,,,,,2023-11-23
Assam,Jorhat,49,,30,42,89,147,93,120,115,48,72,243,158,149,108,157,112,63,212,13,23,60,55,,,,,,,,,,,,,,,,,,,2023-11-23
Assam,Bongaigaon,36,,NR,31,70,115,95,109,105,42,72,NR,136,152,149,174,109,50,348,10,20,60,40,,,,,,,,,,,,,,,,,,,2023-11-23
Assam,Morigaon,40,,NR,39,81,147,110,117,97,44,60,NR,160,NR,155,NR,110,60,240,10,25,70,35,,,,,,,,,,,,,,,,,,,2023-11-23
Assam,Sonari,36,,34,33,75,156,NR,112,100,51,72,NR,157,99,133,NR,NR,68,213,12,18,62,32,,,,,,,,,,,,,,,,,,,2023-11-23
Assam,Tamulpur,44,,35,35,84,132,106,115,87,45,68,NR,120,114,130,NR,104,52,290,10,23,68,45,,,,,,,,,,,,,,,,,,,2023-11-23
Assam,Sivasagar,52,,NR,48,85,138,140,139,105,49,75,NR,146,150,152,NR,NR,65,289,10,24,60,NR,,,,,,,,,,,,,,,,,,,2023-11-23
Assam,Biswanath Chariali,NR,,NR,NR,NR,NR,NR,NR,NR,NR,NR,NR,NR,NR,NR,NR,NR,NR,NR,NR,NR,NR,NR,,,,,,,,,,,,,,,,,,,2023-11-23
Assam,Dibrugarh,43,,NR,41,86,172,124,118,94,49,72,NR,143,140,123,135,NR,58,277,23,25,60,62,,,,,,,,,,,,,,,,,,,2023-11-23
Assam,Karimganj,40,,NR,38,85,156,132,111,81,47,70,NR,137,NR,105,137,95,61,236,14,22,55,55,,,,,,,,,,,,,,,,,,,2023-11-23
Assam,Majuli,50,,NR,38,92,160,88,120,100,49,70,NR,130,NR,132,NR,NR,59,254,15,25,50,63,,,,,,,,,,,,,,,,,,,2023-11-23
Assam,Sonitpur Tezpur,37,,NR,35,69,119,108,110,99,44,69,226,156,172,142,171,NR,46,297,10,18,NR,41,,,,,,,,,,,,,,,,,,,2023-11-23
Assam,Haflong,40,,NR,45,72,110,NR,110,80,50,72,NR,150,NR,140,170,NR,80,250,30,25,70,50,,,,,,,,,,,,,,,,,,,2023-11-23
Assam,AS-Lakhimpur,37,,NR,36,77,NR,98,108,91,45,70,NR,142,125,123,126,NR,57,NR,15,18,57,NR,,,,,,,,,,,,,,,,,,,2023-11-23
Assam,Diphu,41,,NR,35,92,158,135,122,97,50,72,NR,142,NR,141,168,110,77,225,15,20,68,53,,,,,,,,,,,,,,,,,,,2023-11-23
Assam,Nalbari,49,,NR,45,130,152,143,112,92,48,79,130,157,145,152,155,113,45,350,10,30,68,37,,,,,,,,,,,,,,,,,,,2023-11-23
Assam,South Salmara Mankachar,NR,,NR,NR,NR,NR,NR,NR,NR,NR,NR,NR,NR,NR,NR,NR,NR,NR,NR,NR,NR,NR,NR,,,,,,,,,,,,,,,,,,,2023-11-23
Assam,Kamrup,41,,NR,36,86,167,123,120,89,46,71,NR,145,NR,127,143,105,59,280,20,24,72,55,,,,,,,,,,,,,,,,,,,2023-11-23
Manipur,Imphal,NR,,NR,NR,NR,NR,NR,NR,NR,NR,NR,NR,NR,NR,NR,NR,NR,NR,NR,NR,NR,NR,NR,,,,,,,,,,,,,,,,,,,2023-11-23
Manipur,Chandel,NR,,NR,NR,NR,NR,NR,NR,NR,NR,NR,NR,NR,NR,NR,NR,NR,NR,NR,NR,NR,NR,NR,,,,,,,,,,,,,,,,,,,2023-11-23
Manipur,Jiribam,NR,,NR,NR,NR,NR,NR,NR,NR,NR,NR,NR,NR,NR,NR,NR,NR,NR,NR,NR,NR,NR,NR,,,,,,,,,,,,,,,,,,,2023-11-23
Manipur,Kangpokpi,NR,,NR,NR,NR,NR,NR,NR,NR,NR,NR,NR,NR,NR,NR,NR,NR,NR,NR,NR,NR,NR,NR,,,,,,,,,,,,,,,,,,,2023-11-23
Manipur,Senapati,NR,,NR,NR,NR,NR,NR,NR,NR,NR,NR,NR,NR,NR,NR,NR,NR,NR,NR,NR,NR,NR,NR,,,,,,,,,,,,,,,,,,,2023-11-23
Manipur,Tamenglong,NR,,NR,NR,NR,NR,NR,NR,NR,NR,NR,NR,NR,NR,NR,NR,NR,NR,NR,NR,NR,NR,NR,,,,,,,,,,,,,,,,,,,2023-11-23
Manipur,Thoubal,NR,,NR,NR,NR,NR,NR,NR,NR,NR,NR,NR,NR,NR,NR,NR,NR,NR,NR,NR,NR,NR,NR,,,,,,,,,,,,,,,,,,,2023-11-23
Manipur,Ukhrul,NR,,NR,NR,NR,NR,NR,NR,NR,NR,NR,NR,NR,NR,NR,NR,NR,NR,NR,NR,NR,NR,NR,,,,,,,,,,,,,,,,,,,2023-11-23
Meghalaya,Shillong,45,,37,36,90,118,123,113,100,48,72,NR,125,130,112,NR,NR,70,300,30,27,73,37,,,,,,,,,,,,,,,,,,,2023-11-23
Meghalaya,Tura,NR,,NR,NR,NR,NR,NR,NR,NR,NR,NR,NR,NR,NR,NR,NR,NR,NR,NR,NR,NR,NR,NR,,,,,,,,,,,,,,,,,,,2023-11-23
Meghalaya,Jowai,38,,36,35,90,120,120,120,90,48,72,NR,120,NR,120,200,120,80,340,30,25,70,40,,,,,,,,,,,,,,,,,,,2023-11-23
Meghalaya,Sohra,38,,38,38,NR,150,150,117,88,49,72,NR,122,NR,118,NR,NR,100,327,30,30,77,60,,,,,,,,,,,,,,,,,,,2023-11-23
Meghalaya,Mairang,40,,40,40,NR,NR,NR,NR,90,50,72,NR,120,NR,120,NR,NR,NR,340,12,25,80,40,,,,,,,,,,,,,,,,,,,2023-11-23
Meghalaya,Nongpoh,35,,NR,36,90,168,120,125,93,50,72,138,132,132,146,179,176,68,330,15,28,70,60,,,,,,,,,,,,,,,,,,,2023-11-23
Meghalaya,Khliehriat,45,,40,35,90,120,120,120,90,50,73,NR,160,135,130,NR,NR,80,320,30,30,72,42,,,,,,,,,,,,,,,,,,,2023-11-23
Meghalaya,Williamnagar,NR,,NR,NR,NR,NR,NR,NR,NR,NR,NR,NR,NR,NR,NR,NR,NR,NR,NR,NR,NR,NR,NR,,,,,,,,,,,,,,,,,,,2023-11-23
Meghalaya,Nongstoin,35,,39,40,NR,NR,NR,120,90,50,73,NR,130,155,130,175,175,NR,357,18,23,70,43,,,,,,,,,,,,,,,,,,,2023-11-23
Meghalaya,Mawkyrwat,NR,,NR,NR,NR,NR,NR,NR,NR,NR,NR,NR,NR,NR,NR,NR,NR,NR,NR,NR,NR,NR,NR,,,,,,,,,,,,,,,,,,,2023-11-23
Mizoram,Aizawl,50,,45,55,90,157,130,130,100,50,80,198,189,165,121,198,143,100,520,30,43,60,77,,,,,,,,,,,,,,,,,,,2023-11-23
Mizoram,Lunglei,50,,40,45,98,NR,NR,120,105,50,75,NR,190,220,150,NR,NR,100,520,25,40,60,70,,,,,,,,,,,,,,,,,,,2023-11-23
Mizoram,Kolasib,44,,40,40,96,130,113,110,100,50,78,NR,173,NR,121,197,116,110,400,26,25,45,71,,,,,,,,,,,,,,,,,,,2023-11-23
Mizoram,Mamit,50,,NR,40,NR,NR,NR,NR,110,50,75,NR,190,NR,110,NR,NR,NR,520,30,40,47,NR,,,,,,,,,,,,,,,,,,,2023-11-23
Mizoram,Champhai,50,,35,60,NR,NR,NR,NR,107,50,80,NR,180,NR,130,NR,NR,167,520,30,60,70,53,,,,,,,,,,,,,,,,,,,2023-11-23
Mizoram,Serchhip,40,,NR,47,120,125,150,125,97,52,79,NR,190,200,110,NR,NR,100,253,30,32,62,87,,,,,,,,,,,,,,,,,,,2023-11-23
Mizoram,Siaha,50,,45,44,120,130,NR,120,100,50,70,NR,214,140,159,NR,138,NR,540,30,37,60,NR,,,,,,,,,,,,,,,,,,,2023-11-23
Mizoram,Lawngtlai,50,,40,40,80,130,110,130,100,50,80,NR,NR,NR,120,NR,110,100,493,30,40,60,88,,,,,,,,,,,,,,,,,,,2023-11-23
Mizoram,Hnahthial,53,,45,45,125,160,130,118,98,53,79,NR,165,140,110,NR,NR,120,520,30,33,75,50,,,,,,,,,,,,,,,,,,,2023-11-23
Mizoram,Khawzawl,40,,50,45,107,137,NR,143,105,50,80,150,170,NR,127,NR,150,120,520,30,40,60,NR,,,,,,,,,,,,,,,,,,,2023-11-23
Mizoram,Saitual,50,,40,40,100,NR,100,NR,95,50,80,NR,230,NR,150,NR,NR,NR,NR,30,40,40,80,,,,,,,,,,,,,,,,,,,2023-11-23
Nagaland,Kohima,40,,40,55,100,160,130,140,100,50,60,NR,130,180,130,200,NR,NR,230,20,30,80,60,,,,,,,,,,,,,,,,,,,2023-11-23
Nagaland,Dimapur,45,,40,35,70,120,105,120,83,46,80,200,150,200,170,210,165,80,210,15,20,45,40,,,,,,,,,,,,,,,,,,,2023-11-23
Nagaland,Tuensang,37,,38,55,100,NR,NR,120,100,50,NR,NR,160,NR,165,NR,NR,NR,275,20,30,80,50,,,,,,,,,,,,,,,,,,,2023-11-23
Nagaland,Mokochung,50,,NR,60,120,120,140,150,100,50,72,NR,120,120,140,200,NR,90,380,15,25,70,50,,,,,,,,,,,,,,,,,,,2023-11-23
Nagaland,Chumukedima,40,,NR,35,85,125,120,105,90,40,75,NR,120,160,130,200,NR,75,300,15,20,80,40,,,,,,,,,,,,,,,,,,,2023-11-23
Nagaland,Mon,38,,NR,50,80,NR,NR,120,100,50,70,NR,130,NR,130,NR,NR,60,350,20,22,80,70,,,,,,,,,,,,,,,,,,,2023-11-23
Nagaland,Peren,35,,40,40,120,NR,140,120,100,50,72,NR,160,NR,168,NR,NR,80,345,15,25,70,50,,,,,,,,,,,,,,,,,,,2023-11-23
Nagaland,Phek,37,,47,47,100,140,133,140,100,50,72,NR,160,NR,170,NR,NR,NR,350,20,30,60,60,,,,,,,,,,,,,,,,,,,2023-11-23
Nagaland,Tseminyu,50,,NR,50,NR,NR,NR,120,100,50,70,NR,120,NR,130,NR,NR,NR,360,15,30,90,60,,,,,,,,,,,,,,,,,,,2023-11-23
Nagaland,Wokha,45,,NR,43,100,123,125,120,100,50,68,NR,160,200,180,NR,NR,NR,290,15,30,50,40,,,,,,,,,,,,,,,,,,,2023-11-23
Nagaland,Zunheboto,50,,NR,50,NR,120,NR,140,100,45,75,NR,150,NR,140,NR,NR,60,400,18,30,60,60,,,,,,,,,,,,,,,,,,,2023-11-23
Nagaland,Kiphire,35,,NR,40,95,120,NR,90,95,50,80,NR,130,NR,150,NR,NR,75,330,18,30,80,75,,,,,,,,,,,,,,,,,,,2023-11-23
Nagaland,Longleng,38,,40,50,NR,150,NR,120,100,70,75,NR,160,NR,180,NR,NR,80,350,20,25,40,60,,,,,,,,,,,,,,,,,,,2023-11-23
Nagaland,Niuland,35,,NR,40,NR,160,110,120,100,50,70,NR,120,NR,120,NR,NR,NR,350,15,25,50,50,,,,,,,,,,,,,,,,,,,2023-11-23
Nagaland,Shamator,38,,40,60,100,120,NR,110,100,50,65,NR,130,NR,140,NR,110,100,175,20,25,50,50,,,,,,,,,,,,,,,,,,,2023-11-23
Nagaland,Noklak,38,,50,60,90,100,NR,NR,105,50,NR,NR,140,NR,140,NR,NR,NR,NR,20,30,80,60,,,,,,,,,,,,,,,,,,,2023-11-23
Sikkim,Gangtok,65,,40,47,85,137,128,123,95,48,62,NR,176,132,159,153,NR,60,547,17,37,70,70,,,,,,,,,,,,,,,,,,,2023-11-23
Sikkim,Gyalshing,45,,35,45,90,170,140,120,100,50,65,NR,160,120,140,180,NR,60,440,20,30,60,60,,,,,,,,,,,,,,,,,,,2023-11-23
Sikkim,Namchi,54,,32,45,80,120,130,107,95,45,65,NR,183,114,167,190,NR,50,420,21,35,70,50,,,,,,,,,,,,,,,,,,,2023-11-23
Sikkim,Soreng,45,,36,42,80,135,135,138,120,50,65,NR,198,148,168,214,NR,50,480,20,40,65,54,,,,,,,,,,,,,,,,,,,2023-11-23
Sikkim,Mangan,60,,36,36,80,135,135,130,110,50,60,NR,187,167,NR,210,NR,66,343,17,35,50,45,,,,,,,,,,,,,,,,,,,2023-11-23
Tripura,Agartala,39,,NR,41,78,147,127,108,94,51,70,NR,138,145,118,159,98,70,193,12,23,60,40,,,,,,,,,,,,,,,,,,,2023-11-23
Tripura,Dharmanagar,35,,NR,40,88,153,142,120,117,50,71,NR,122,130,115,158,103,80,253,10,23,60,70,,,,,,,,,,,,,,,,,,,2023-11-23
Tripura,Belonia,42,,NR,40,NR,NR,NR,105,107,45,68,NR,139,NR,113,131,105,75,265,10,25,60,75,,,,,,,,,,,,,,,,,,,2023-11-23
Tripura,TR-Udaipur,40,,NR,36,85,145,118,113,100,50,72,NR,122,108,109,130,93,57,168,10,20,56,58,,,,,,,,,,,,,,,,,,,2023-11-23
SOUTH ZONE,SOUTH ZONE,,,,,,,,,,,,,,,,,,,,,,,,,,,,,,,,,,,,,,,,,,2023-11-23
Andhra Pradesh,Vijaywada,55,,48,56,93,193,146,128,98,44,68,174,179,122,NR,114,89,60,297,19,33,68,24,,,,,,,,,,,,,,,,,,,2023-11-23
Andhra Pradesh,Visakhapatnam,52,,41,42,83,173,144,120,88,44,54,169,142,98,NR,107,86,61,280,24,25,57,43,,,,,,,,,,,,,,,,,,,2023-11-23
Andhra Pradesh,Kurnool,61,,46,41,88,185,140,128,105,42,63,164,169,111,120,109,87,63,467,24,40,50,24,,,,,,,,,,,,,,,,,,,2023-11-23
Andhra Pradesh,Tirupathi,58,,43,44,81,175,130,125,110,44,48,175,173,113,139,112,89,60,473,22,28,61,23,,,,,,,,,,,,,,,,,,,2023-11-23
Andhra Pradesh,Jammalamadugu,40,,40,46,65,150,110,110,103,42,66,190,258,120,200,110,NR,54,198,20,40,60,20,,,,,,,,,,,,,,,,,,,2023-11-23
Andhra Pradesh,Dharmavaram,NR,,NR,NR,NR,NR,NR,NR,NR,NR,NR,NR,NR,NR,NR,NR,NR,NR,NR,NR,NR,NR,NR,,,,,,,,,,,,,,,,,,,2023-11-23
Andhra Pradesh,Ongole,NR,,NR,NR,NR,NR,NR,NR,NR,NR,NR,NR,NR,NR,NR,NR,NR,NR,NR,NR,NR,NR,NR,,,,,,,,,,,,,,,,,,,2023-11-23
Karnataka,Bengaluru,58,,44,42,87,163,146,125,94,45,47,210,150,90,114,113,92,58,440,16,24,48,24,,,,,,,,,,,,,,,,,,,2023-11-23
Karnataka,Dharwad,55,,45,63,90,185,149,128,123,42,48,192,162,149,116,106,89,51,393,28,33,63,33,,,,,,,,,,,,,,,,,,,2023-11-23
Karnataka,Mangalore,48,,45,43,70,132,130,115,90,37,44,166,159,147,135,108,100,60,NR,14,36,77,23,,,,,,,,,,,,,,,,,,,2023-11-23
Karnataka,Mysore,59,,45,59,122,171,137,127,107,42,43,204,167,152,151,110,109,59,322,19,44,60,46,,,,,,,,,,,,,,,,,,,2023-11-23
Karnataka,Bengaluru (East Range),63,,45,40,80,182,128,124,93,46,46,157,179,100,128,118,97,55,264,15,29,68,36,,,,,,,,,,,,,,,,,,,2023-11-23
Karnataka,Belagavi,58,,43,43,85,175,128,120,86,53,53,183,164,102,110,116,92,48,265,19,28,45,18,,,,,,,,,,,,,,,,,,,2023-11-23
Karnataka,Kalaburagi,61,,44,47,74,176,127,132,97,40,58,177,156,110,144,115,86,44,241,18,27,59,16,,,,,,,,,,,,,,,,,,,2023-11-23
Karnataka,Tumakuru,61,,43,43,87,171,135,123,94,42,49,190,161,120,124,114,92,58,297,22,33,61,39,,,,,,,,,,,,,,,,,,,2023-11-23
Karnataka,Bellary,56,,42,41,77,169,126,120,125,41,48,188,155,96,131,107,93,62,228,24,33,57,35,,,,,,,,,,,,,,,,,,,2023-11-23
Karnataka,Dhavanagere,59,,43,63,87,178,144,119,109,42,49,165,153,120,123,113,90,55,272,27,29,62,28,,,,,,,,,,,,,,,,,,,2023-11-23
Karnataka,Shivamogga,59,,45,40,90,188,154,128,102,44,48,202,162,102,132,113,89,47,243,25,29,65,31,,,,,,,,,,,,,,,,,,,2023-11-23
Karnataka,Vijayapur,60,,48,45,98,180,178,137,117,45,56,224,188,161,128,120,96,63,305,21,33,60,25,,,,,,,,,,,,,,,,,,,2023-11-23
Karnataka,Ramanagara,59,,45,49,93,160,138,135,117,43,48,176,189,105,152,118,100,50,188,18,32,46,37,,,,,,,,,,,,,,,,,,,2023-11-23
Karnataka,Raichur,NR,,NR,NR,NR,NR,NR,NR,NR,NR,NR,NR,NR,NR,NR,NR,NR,NR,NR,NR,NR,NR,NR,,,,,,,,,,,,,,,,,,,2023-11-23
Karnataka,Chamarajanagar,58,,45,41,90,173,140,125,96,42,44,203,171,108,NR,110,94,58,280,19,42,62,34,,,,,,,,,,,,,,,,,,,2023-11-23
Karnataka,Kolar,47,,44,46,122,145,125,125,125,39,47,158,138,151,130,120,100,51,330,11,25,61,34,,,,,,,,,,,,,,,,,,,2023-11-23
Karnataka,Haveri,51,,40,43,133,183,135,135,85,41,64,151,160,138,144,144,96,45,247,13,70,80,23,,,,,,,,,,,,,,,,,,,2023-11-23
Karnataka,Bagalkot,54,,44,45,73,160,136,122,111,38,57,191,203,112,148,143,99,44,420,26,29,44,25,,,,,,,,,,,,,,,,,,,2023-11-23
Karnataka,Bidar,65,,45,66,87,169,121,118,106,44,66,224,138,137,117,127,100,67,320,28,35,55,31,,,,,,,,,,,,,,,,,,,2023-11-23
Karnataka,Koppal,52,,39,42,83,145,130,115,130,43,43,148,173,126,165,140,106,44,256,12,37,70,22,,,,,,,,,,,,,,,,,,,2023-11-23
Karnataka,Mandya,50,,44,44,94,154,140,126,90,42,46,198,198,108,170,109,92,48,348,18,33,61,34,,,,,,,,,,,,,,,,,,,2023-11-23
Karnataka,Yadgir,55,,45,36,75,160,140,120,100,41,60,182,170,112,148,117,101,53,420,28,40,43,28,,,,,,,,,,,,,,,,,,,2023-11-23
Karnataka,Chikkamagalur,53,,46,44,106,180,150,133,110,43,49,164,170,114,109,113,94,55,195,17,37,66,37,,,,,,,,,,,,,,,,,,,2023-11-23
Karnataka,Bangalore Rural,55,,38,55,85,172,130,120,110,40,44,180,140,107,155,127,83,50,245,15,32,52,27,,,,,,,,,,,,,,,,,,,2023-11-23
Karnataka,Chikkaballapur,56,,45,38,82,142,123,114,88,40,42,174,135,94,128,108,90,46,413,14,32,84,25,,,,,,,,,,,,,,,,,,,2023-11-23
Karnataka,Chitradurga,64,,47,55,83,148,160,150,158,40,48,160,185,145,150,160,115,46,315,32,30,60,20,,,,,,,,,,,,,,,,,,,2023-11-23
Karnataka,Gadag,60,,44,46,85,160,130,125,112,42,70,176,173,126,140,125,100,44,322,10,35,60,10,,,,,,,,,,,,,,,,,,,2023-11-23
Karnataka,Hassan,45,,43,56,69,152,115,97,88,38,50,160,184,106,150,145,95,49,230,15,26,68,29,,,,,,,,,,,,,,,,,,,2023-11-23
Karnataka,Kodagu,58,,41,47,108,183,143,128,123,44,48,173,183,158,164,121,98,41,215,15,30,63,20,,,,,,,,,,,,,,,,,,,2023-11-23
Karnataka,Udupi,52,,54,56,128,145,156,130,129,49,48,174,176,121,152,158,119,51,289,28,32,57,27,,,,,,,,,,,,,,,,,,,2023-11-23
Karnataka,Uttara Kannada,50,,45,38,115,158,147,132,118,46,50,217,190,133,153,118,123,46,250,28,33,60,35,,,,,,,,,,,,,,,,,,,2023-11-23
Karnataka,Vijayanagara,65,,44,43,84,174,133,124,112,43,48,175,164,126,117,111,90,44,244,16,35,60,20,,,,,,,,,,,,,,,,,,,2023-11-23
Kerala,T.Puram,57,,45,48,85,180,153,125,106,43,52,243,176,140,NR,114,94,72,267,17,43,64,40,,,,,,,,,,,,,,,,,,,2023-11-23
Kerala,Ernakulam,NR,,45,NR,NR,190,NR,138,NR,47,56,NR,NR,NR,NR,126,NR,68,240,18,45,62,60,,,,,,,,,,,,,,,,,,,2023-11-23
Kerala,Kozhikode,48,,52,49,111,178,156,140,109,43,53,233,188,141,NR,116,96,64,230,15,33,60,51,,,,,,,,,,,,,,,,,,,2023-11-23
Kerala,Thrissur,53,,46,59,103,213,154,154,121,45,54,241,208,137,NR,125,110,67,259,16,50,68,50,,,,,,,,,,,,,,,,,,,2023-11-23
Kerala,Palakkad,46,,46,49,104,190,145,122,101,43,50,222,160,137,NR,113,93,55,253,12,45,55,39,,,,,,,,,,,,,,,,,,,2023-11-23
Kerala,Wayanad,46,,49,41,107,189,150,140,102,42,52,NR,192,146,NR,121,96,55,200,15,34,63,55,,,,,,,,,,,,,,,,,,,2023-11-23
Kerala,Kasargod,50,,49,54,105,191,169,133,103,43,61,NR,NR,145,NR,110,90,48,240,14,31,51,41,,,,,,,,,,,,,,,,,,,2023-11-23
Kerala,Kottayam,57,,43,49,133,192,130,120,120,44,56,NR,218,141,NR,121,94,67,229,13,36,59,61,,,,,,,,,,,,,,,,,,,2023-11-23
Kerala,Pathanamthitta,56,,34,38,95,178,148,148,136,44,53,NR,218,190,NR,122,105,75,237,14,40,60,60,,,,,,,,,,,,,,,,,,,2023-11-23
Kerala,Alapuzha,NR,,NR,NR,NR,NR,NR,NR,NR,NR,NR,NR,NR,NR,NR,NR,NR,NR,NR,NR,NR,NR,NR,,,,,,,,,,,,,,,,,,,2023-11-23
Kerala,Kollam,46,,48,44,109,209,153,NR,110,47,52,227,NR,149,NR,123,112,67,223,15,51,69,60,,,,,,,,,,,,,,,,,,,2023-11-23
Kerala,Idukki,57,,41,40,90,186,NR,126,88,44,60,NR,163,134,NR,113,95,68,180,13,41,63,47,,,,,,,,,,,,,,,,,,,2023-11-23
Kerala,Kannur,50,,45,45,97,188,143,151,105,43,52,NR,NR,181,NR,117,102,57,258,16,30,55,36,,,,,,,,,,,,,,,,,,,2023-11-23
Kerala,Malapuram,47,,45,41,92,186,139,132,137,42,52,239,158,136,NR,121,93,51,223,11,36,55,36,,,,,,,,,,,,,,,,,,,2023-11-23
Puducherry,Puducherry,55,,42,39,83,182,139,120,86,42,46,208,170,140,NR,108,91,50,393,20,42,67,20,,,,,,,,,,,,,,,,,,,2023-11-23
Tamil Nadu,Chennai,65,,46,44,90,193,158,132,103,44,40,184,152,107,NR,113,88,69,303,27,40,60,32,,,,,,,,,,,,,,,,,,,2023-11-23
Tamil Nadu,Madurai,58,,41,59,86,172,126,116,91,51,45,214,192,152,NR,116,86,48,263,13,51,66,37,,,,,,,,,,,,,,,,,,,2023-11-23
Tamil Nadu,Dindigul,62,,43,44,88,179,149,119,89,42,47,212,190,116,NR,117,98,54,287,26,37,62,35,,,,,,,,,,,,,,,,,,,2023-11-23
Tamil Nadu,Thiruchirapalli,60,,44,61,89,179,155,129,107,44,43,211,174,128,NR,116,89,59,NR,27,30,75,35,,,,,,,,,,,,,,,,,,,2023-11-23
Tamil Nadu,Coimbatore,46,,39,40,90,174,143,119,82,42,40,219,137,126,NR,111,90,58,247,26,35,57,37,,,,,,,,,,,,,,,,,,,2023-11-23
Tamil Nadu,Tirunelveli,55,,41,53,79,173,147,113,107,41,41,208,NR,113,NR,105,86,54,260,24,36,66,43,,,,,,,,,,,,,,,,,,,2023-11-23
Tamil Nadu,Cuddalore,60,,50,56,88,180,141,127,112,42,48,211,212,166,NR,112,90,54,313,24,43,61,34,,,,,,,,,,,,,,,,,,,2023-11-23
Tamil Nadu,Dharmapuri,60,,44,40,84,177,145,115,85,42,43,225,NR,115,NR,121,96,50,270,25,32,60,30,,,,,,,,,,,,,,,,,,,2023-11-23
Tamil Nadu,Vellore,61,,45,38,90,183,145,120,90,43,45,210,173,140,NR,110,97,58,270,26,33,60,33,,,,,,,,,,,,,,,,,,,2023-11-23
Tamil Nadu,Ramanathapuram,57,,39,61,84,179,159,116,97,42,44,225,235,124,NR,123,97,52,271,27,41,71,51,,,,,,,,,,,,,,,,,,,2023-11-23
Tamil Nadu,Erode,60,,48,43,90,176,147,120,84,43,45,216,183,119,NR,107,93,54,288,25,39,64,40,,,,,,,,,,,,,,,,,,,2023-11-23
Tamil Nadu,Karur,43,,48,55,87,172,150,126,85,44,43,217,172,115,NR,114,92,51,298,10,33,70,43,,,,,,,,,,,,,,,,,,,2023-11-23
Tamil Nadu,Perambalur,56,,NR,60,85,180,147,119,81,43,40,216,159,120,NR,114,88,51,NR,26,31,71,41,,,,,,,,,,,,,,,,,,,2023-11-23
Tamil Nadu,Pudukkottai,62,,45,61,91,178,156,126,NR,44,45,231,198,141,NR,111,94,55,NR,27,30,60,40,,,,,,,,,,,,,,,,,,,2023-11-23
Tamil Nadu,Sivagangai,61,,44,60,91,188,155,129,100,43,44,233,213,137,NR,111,96,51,277,26,43,63,47,,,,,,,,,,,,,,,,,,,2023-11-23
Tamil Nadu,Thanjavur,54,,45,45,90,183,160,135,95,43,44,207,180,128,NR,113,88,53,250,21,32,58,33,,,,,,,,,,,,,,,,,,,2023-11-23
Tamil Nadu,The nilgiris,71,,44,44,97,182,157,135,97,44,54,203,180,103,NR,115,93,60,218,27,49,68,42,,,,,,,,,,,,,,,,,,,2023-11-23
Tamil Nadu,Thoothukudi,56,,45,57,87,178,157,121,86,43,54,229,190,124,NR,114,88,53,306,11,35,65,42,,,,,,,,,,,,,,,,,,,2023-11-23
Tamil Nadu,Viluppuram,55,,51,39,93,190,135,134,99,44,46,182,160,115,NR,110,92,58,NR,26,35,60,30,,,,,,,,,,,,,,,,,,,2023-11-23
Tamil Nadu,Virudhunagar,57,,41,63,84,171,145,123,79,44,45,209,162,127,NR,114,89,52,293,28,47,56,39,,,,,,,,,,,,,,,,,,,2023-11-23
Tamil Nadu,Kanniyakumari,57,,40,55,88,179,144,119,125,43,41,216,180,124,NR,110,91,54,258,25,36,66,47,,,,,,,,,,,,,,,,,,,2023-11-23
Tamil Nadu,Namakkal,58,,46,61,93,183,153,130,93,42,44,203,188,113,NR,107,90,53,NR,26,34,62,46,,,,,,,,,,,,,,,,,,,2023-11-23
Tamil Nadu,Tiruvannamalai,61,,50,60,89,183,145,118,93,43,65,210,189,117,NR,114,89,58,280,27,38,68,37,,,,,,,,,,,,,,,,,,,2023-11-23
Tamil Nadu,Tiruvarur,59,,58,62,89,178,143,133,NR,43,65,245,145,135,NR,112,92,52,NR,12,50,70,35,,,,,,,,,,,,,,,,,,,2023-11-23
Tamil Nadu,Tiruppur,66,,45,43,105,185,151,129,92,43,44,210,170,123,NR,116,96,56,NR,28,40,67,50,,,,,,,,,,,,,,,,,,,2023-11-23
Tamil Nadu,Tenkasi,55,,46,60,84,178,163,119,NR,42,66,223,195,122,NR,115,90,54,275,22,31,62,51,,,,,,,,,,,,,,,,,,,2023-11-23
Tamil Nadu,Nagapattinam,55,,44,61,88,169,130,121,106,42,49,214,212,120,NR,105,90,55,NR,20,28,58,37,,,,,,,,,,,,,,,,,,,2023-11-23
Tamil Nadu,Krishnagiri,57,,42,38,84,180,143,117,87,42,44,193,NR,105,NR,110,88,50,503,26,30,58,40,,,,,,,,,,,,,,,,,,,2023-11-23
Tamil Nadu,Ariyalur,55,,NR,64,88,178,162,128,NR,44,40,207,NR,120,NR,114,90,53,NR,26,38,62,47,,,,,,,,,,,,,,,,,,,2023-11-23
Tamil Nadu,Kallakurichi,56,,48,63,92,182,135,132,105,44,45,207,159,111,NR,111,90,58,NR,26,35,60,38,,,,,,,,,,,,,,,,,,,2023-11-23
Tamil Nadu,Kancheepuram,62,,47,64,90,187,153,130,97,43,40,200,156,122,NR,114,90,68,NR,26,40,62,33,,,,,,,,,,,,,,,,,,,2023-11-23
Tamil Nadu,Salem,NR,,NR,NR,NR,NR,NR,NR,NR,NR,NR,NR,NR,NR,NR,NR,NR,NR,NR,NR,NR,NR,NR,,,,,,,,,,,,,,,,,,,2023-11-23
Tamil Nadu,Theni,57,,41,51,81,177,149,117,83,42,45,213,170,114,NR,119,94,48,308,13,28,59,39,,,,,,,,,,,,,,,,,,,2023-11-23
Tamil Nadu,Chengalpattu,57,,40,60,80,187,157,128,90,52,40,203,175,122,NR,119,85,60,560,28,44,64,44,,,,,,,,,,,,,,,,,,,2023-11-23
Tamil Nadu,Mayiladuthurai,NR,,NR,NR,NR,NR,NR,NR,NR,NR,NR,NR,NR,NR,NR,NR,NR,NR,NR,NR,NR,NR,NR,,,,,,,,,,,,,,,,,,,2023-11-23
Tamil Nadu,Ranipet,NR,,NR,NR,NR,NR,NR,NR,NR,NR,NR,NR,NR,NR,NR,NR,NR,NR,NR,NR,NR,NR,NR,,,,,,,,,,,,,,,,,,,2023-11-23
Tamil Nadu,Tirupattur,58,,40,41,87,177,141,131,98,44,65,183,220,149,NR,119,87,57,270,28,40,73,35,,,,,,,,,,,,,,,,,,,2023-11-23
Tamil Nadu,Tiruvallur,63,,43,60,88,181,140,130,90,43,40,203,173,123,NR,112,87,62,540,28,35,60,45,,,,,,,,,,,,,,,,,,,2023-11-23
Telangana,Hyderabad,58,,39,39,81,160,116,107,91,39,52,158,154,93,103,107,98,50,271,18,28,47,25,,,,,,,,,,,,,,,,,,,2023-11-23
Telangana,Karimnagar,47,,42,57,81,178,131,120,88,42,65,162,146,96,NR,112,87,57,308,24,27,52,28,,,,,,,,,,,,,,,,,,,2023-11-23
Telangana,Warangal,45,,37,38,71,145,110,107,86,41,55,177,183,148,174,126,88,54,274,15,30,69,52,,,,,,,,,,,,,,,,,,,2023-11-23
Telangana,Adilabad,NR,,40,50,80,160,125,120,88,41,80,170,180,110,150,106,90,45,NR,NR,30,60,35,,,,,,,,,,,,,,,,,,,2023-11-23
Telangana,Suryapet,48,,48,46,73,178,122,117,93,39,61,163,152,129,NR,115,95,52,283,21,23,69,22,,,,,,,,,,,,,,,,,,,2023-11-23
Telangana,Jadcherla,40,,30,50,75,165,125,110,95,39,57,170,178,126,NR,116,108,55,292,14,15,66,32,,,,,,,,,,,,,,,,,,,2023-11-23
Telangana,Khammam,60,,48,43,70,175,110,113,90,45,60,175,165,120,175,125,99,55,330,22,35,70,36,,,,,,,,,,,,,,,,,,,2023-11-23
Telangana,Medchal,57,,40,40,65,178,130,108,80,38,61,169,198,122,119,120,100,44,260,18,32,55,30,,,,,,,,,,,,,,,,,,,2023-11-23
Telangana,Nizamabad,47,,43,39,84,173,127,121,100,43,75,180,191,109,NR,130,115,65,344,13,28,65,15,,,,,,,,,,,,,,,,,,,2023-11-23
Telangana,Sangareddy,58,,42,45,72,156,120,117,93,42,70,158,160,138,160,120,96,70,380,24,30,68,26,,,,,,,,,,,,,,,,,,,2023-11-23
Commodity Name,Commodity Name,Rice,Rice,Wheat,Atta (Wheat),Gram Dal,Tur/Arhar Dal,Urad Dal,Moong Dal,Masoor Dal,Sugar,Milk @,Groundnut Oil (Packed),Mustard Oil (Packed),Vanaspati (Packed),Soya Oil (Packed),Sunflower Oil (Packed),Palm Oil (Packed),Gur,Tea Loose,Salt Pack (Iodised),Potato,Onion,Tomato,Bajra(whole),Jowar(whole),Maida(wheat),Ragi(whole),Suji(whole),Besan,Desi Ghee,Butter(Pasteurised),Eggs,Brinjal,Black Pepper(whole),Coriander(whole),Cummin Seed(whole),Red Chillies(whole),Turmeric(powder),Banana,GInger,Garlic,2023-11-23
Average Price1,Average Price1,43.14,,30.94,36.24,83.51,155.18,122.76,116.58,94.28,44.71,58.4,193.12,138.76,126.94,124.84,124.21,100.21,53.23,281.66,22.28,25.26,58.8,43.39,,,,,,,,,,,,,,,,,,,2023-11-23
Maximum Price1,Maximum Price1,71,,58,70,133,213,178,165,158,70,80,262,258,220,200,242,176,167,560,32,70,90,90,,,,,,,,,,,,,,,,,,,2023-11-23
Minimum Price1,Minimum Price1,27,,21,27,58,95,80,80,70,37,40,120,108,90,99,97,80,34,168,10,11,35,10,,,,,,,,,,,,,,,,,,,2023-11-23
Modal Price1,Modal Price1,40,,28,35,80,160,120,120,100,43,60,190,130,120,110,120,100,50,250,28,20,60,40,,,,,,,,,,,,,,,,,,,2023-11-23
,,,,,,,,,,,,,,,,,,,,,,,,,,,,,,,,,,,,,,,,,,,2023-11-23
"Department of Consumer Affairs ( Price Monitoring Division)Date 23/11/2023 Daily Retail Prices Of Essential Commodities  StateCentreRiceBroken RiceWheatAtta (Wheat)Gram DalTur/Arhar DalUrad DalMoong DalMasoor DalSugarMilk @Groundnut Oil (Packed)Mustard Oil (Packed)Vanaspati (Packed)Soya Oil (Packed)Sunflower Oil (Packed)Palm Oil (Packed)GurTea LooseSalt Pack (Iodised)PotatoOnionTomatoBajra (whole)Jowar (whole)Maida (wheat)Ragi (whole)Suji (whole)BesanDesi GheeButter (Pasteurised)Eggs BrinjalBlack Pepper (whole)Coriander (whole)Cummin Seed (whole)Red Chillies (whole)Turmeric (powder)BananaGingerGarlic  UnitQty1 Kg1 Kg1 Kg1 Kg1 Kg1 Kg1 Kg1 Kg1 Kg1 Kg1 ltr1 Kg1 Kg1 Kg1 Kg1 Kg1 Kg1 Kg1 Kg1 Kg1 Kg1 Kg1 Kg1 Kg1 Kg1 Kg1 Kg1 Kg1 Kg1 Kg100 gmDozen1 Kg100 gm250 gm100 gm100 gm50 gm1 Kg100 gm100 gm  Average PriceAverage Price43.14 30.9436.2483.51155.18122.76116.5894.2844.7158.4193.12138.76126.94124.84124.21100.2153.23281.6622.2825.2658.843.39 Maximum PriceMaximum Price71 5870133213178165158708026225822020024217616756032709090 Minimum PriceMinimum Price27 212758958080703740120108909997803416810113510 Modal PriceModal Price40 28358016012012010043601901301201101201005025028206040 NORTH ZONENORTH ZONE  ChandigarhChandigarh42 3236801351151139443591921501281301481075127627296055 DelhiDelhi39 303388173143122904553214146126126139995724326276253 HaryanaHisar35 272977160110108784657195123109119150974124425116048 Karnal60 30388512512212012545661831431431441751345027930236048 Panchkula33 303480129100106944459150127129108150905120825245630 GurgaonNR NRNRNRNRNRNRNRNRNRNRNRNRNRNRNRNRNRNRNRNRNR Himachal PradeshShimla42 NR3788173145127954860220165140121NRNR5421728405560 Mandi40 NR34901801401288748472201641301191481164827028354855 Dharamshala28 NR3082153123121924540NR165138141NRNR4721728256063 Solan40 NR3286177134116894750220163131125135NR4822028235857 Una39 NR3086162126117864562NR141121119NRNR4522928225749 Bilaspur-hp44 NR3185167131119914758NR159131131NRNR4531827325560 Chamba36 NR3585151123120884955NR1601311211641014723528255571 Hamirpur-HP39 NR3285158127118924665NR163131NRNRNR5026528275263 Kullu40 NR3486158135111864740NR165115115141NR3823028306060 Sirmour37 21346211097919642502281651351431551214132725296527 Kinnaur40 NR3484148120107814845NR141138125132NR4421727286562 Lahaul & Spiti40 NR37901651201101005070NR192157NRNRNR5536528407050 Jammu and KashmirSrinagar41 4557951201201221055048243155148137187NR4935728354550 Jammu38 3136851771301201004950NR1481221251281004927728306072 Poonch44 2738771181191101004864NR1801531671701564630620226734 Kupwara36 2634901101101201006048NR1481451431481425030724275548 UdhampurNR NRNRNRNRNRNRNRNRNRNRNRNRNRNRNRNRNRNRNRNRNR Shopian40 NR45110130130120120NRNRNRNRNRNRNRNRNRNRNRNRNRNR SambaNR NRNRNRNRNRNRNRNRNRNRNRNRNRNRNRNRNRNRNRNRNR Ramban52 NR3490147117110975060NR133140127NRNR5041725276077 RajouriNR NRNRNRNRNRNRNRNRNRNRNRNRNRNRNRNRNRNRNRNRNR KishtwarNR NRNRNRNRNRNRNRNRNRNRNRNRNRNRNRNRNRNRNRNRNR DodaNR NRNRNRNRNRNRNRNRNRNRNRNRNRNRNRNRNRNRNRNRNR Baramulla35 3335981511221221125250NR1301271231371435236328406545 ReasiNR NRNRNRNRNRNRNRNRNRNRNRNRNRNRNRNRNRNRNRNRNR KathuaNR NRNRNRNRNRNRNRNRNRNRNRNRNRNRNRNRNRNRNRNRNR PunjabAmritsar35 3736781681211201214554188128112110132NR5024727245055 Ludhiana37 233287170140118954560215137117122130NR5528027256062 Bathinda34 2328901701401231004657220140118115132955429326225755 Barnala39 233080178127110904554210121110107120904032028206048 Hoshiarpur34 25299213512012011043622001201401251401106426320206090 Faridkot43 233292177133127974655233123127117142935731328225363 Mansa40 242895130110100954551NR132125127NRNR5127228227735 Sri Muktsar Sahib40 273280175122117954562205110107110108924325326215758 Dera Bassi37 2233801731271171104560NR130115112NRNR5021728184851 Sangrur40 273181159109105804860150125106107122964022029205160 Ropar36 28329016312012211244632181231201181381105727328255057 Amargarh40 2630821751201208548601501251201201351004025028205055 Fatehgarh Sahib45 26358112211210810147652001281181201631105022726245048 Ferozepur41 2632921701411221034565221133128125158984528228245551 Kapurthala35 28317513012212312246632071231301251351056024319405555 Uttar PradeshLucknow40 2935851681301158245662201411151201201054028028205555 Kanpur35 2732821651121108646601961441131261401175623426225030 Varanasi40 2936861711151198248662181411281311501185527528225550 Agra42 2931921511161069645661881151091091111084024028206740 Jhansi43 2429791721261118846512071271121121311124021026295037 Meerut35 29368313212510710843631551501511511721505324224156342 Allahabad32 3034741301101089245621701501421341721125225024226048 Gorakhpur37 233982172117112794359199139129122149994921927256469 Saharanpur34 2533871601221169842691731301251401661245625528247627 Bareilly34 2631831621371191184566197125118112128984732828185742 Ayodhya32 26317212695105894155193158122137175974621728185731 Moradabad37 2533781491141119243611911401281311601114725925195974 Aligarh40 26338017013011011044602081221181111481374924227217355 Mirzapur (Vindhyanchal)31 23328616512511711849581871601571561751505825028196049 Banda38 3036741501121108044641981231151091641095218022145838 Azamgarh32 292878165112110964964228160132133132965328027206342 Gonda (Devipatan)NR NRNRNRNRNRNRNRNRNRNRNRNRNRNRNRNRNRNRNRNRNR Amethi39 253971127921209044621891631341531901185025925215840 Barabanki37 27328015212011910043642031501351501751194922028205151 Bhadohi34 222865115851008942601901601451451851054523525176045 Chandauli32 243384162120120824360135125130110120925525026125038 Farrukhabad43 2429701401001009044661751301271271681054525526156335 Ghazipur31 24359017412012710443672221331271221501035921128116165 Jaunpur40 263488168125120884862190146125115165986026028204245 UP-Pratapgarh39 263180167127120804668207135115115118935026627195752 Sambhal40 243270130951008541581731331401401751284321729205738 Santkabir Nagar32 253276125115112964362183150145145175NR4425728185852 Shahjahanpur38 24328513112613012343662021591511611801454725428214253 Sitapur30 2832751081041049541591801651451551751163824027227348 Sultanpur34 284190140981089843552141701261661751134922829215046 Unnao41 273182165133125884457198132115118157994823026204830 Ambedkar Nagar41 2736821171121179545602031651401601701385819027256757 Amroha40 26308014010012010044501951401401451801004120025206040 Baghpat40 NR308016012011310045622131411221311261004820728206050 Bijnor36 263570160100968742601701501301481481424531026184827 Budaun39 253182150112107984560203125120117127924729528205740 Etah36 243465143981009042652051431431401581184228526185040 Fatehpur35 24427512015511510044662151671281371761204822827166537 Ghaziabad32 29349017012912010047652161301231181331055220227276743 Hardoi43 253284169138138914569220141128130168995923528205842 Jalaun33 2831801421001019042561841431541521741034622828164540 Kaushambi39 243879157130958743601691471321371721305022929286237 Kushinagar36 3335801701301309048702001501351401601085427528145760 Lakhimpur Kheri38 2430721601001109545581981341271601651095421828205530 Pilibhit39 28327814512512512244662101451451401551154226528256032 Sharwasti33 243283162130122884658NR148120130NR1005221328135745 Siddharth Nagar41 2930811531201208743621691501261321651014523027186558 Sonbhadra46 3034781721021079647602081411401461731195028825175432 Rampur55 263079133109112894357161134129109145964825916195039 Bahraich33 2531631581331119041451551481371441271204325028205153 Basti40 223070145110105824264155140133130148984724225206040 Etawah45 2835851701271079745651901321321301821104522330306045 Muzzafarnagar40 26297410710910810640751471301261311631053423227187015 Chitrakoot27 2535841541071098845582351381321241801135022728206040 Hamirpur-UP43 2934801451241019146721881481391401911024927925214940 Deoria35 283180162118116108NRNR210134126125155140NRNRNR126052 Hapur35 28347517513312211044652001501251301301004522026205055 Bulandshahr40 243487135100110974471NR1201201201881003925026205742 Kanpur Dehat40 23308017012592904566180125135135160955021028205045 Hathras35 2529801251001009743641651201381181731404720025185750 Raebareli42 3031871721271208746672231321181181481035222227235842 Lalitpur35 23286613090929441531721321301261881343925825204330 Mohaba35 25348016095988344581401301231251731125119828255243 Gautam Budh Nagar36 2832891781321208845662361531201361371045725527215250 Auraiya36 25336313291928045721821621331341821344926625185643 Maharajganj32 2833801601201208043632081351151341751014821327165565 Balrampur30 2431831551261188844NR2081371091191331055120529155338 Kannauj36 243273160981028542661781351301351821184424527205737 Mathura34 29347011392969540621711461431441681083626729216343 Firozabad38 35378211511811211840651901581171421821114530030138040 Kasganj46 2731751431121121124466168142128117142925024528255653 Mainpuri33 2532661101001009039691771531221341641104324830205020 Shamli38 26297012812511010340682051401201171431024127026208060 Ballia33 2830811651111079644561981601481471471505524327198455 Mau40 243085170120119854662205130116119119955027327155854 UttarakhandDehradunNR NRNRNRNRNRNRNRNRNRNRNRNRNRNRNRNRNRNRNRNRNR HaldwaniNR NRNRNRNRNRNRNRNRNRNRNRNRNRNRNRNRNRNRNRNRNR Rudrapur36 2731981851301351004163193135122122138855121728205727 Haridwar36 25348413811010682NRNR145137129136145NRNRNRNR206336 WEST ZONEWEST ZONE  ChhattisgarhRaipur36 404284168129117874354205139134115130985625528296835 Durg35 3539801651281238545531921281031151201075523714245531 Ambikapur30 29289017310710010340401881891691691721553726710204832 Bilaspur-CG40 282965110851009040501851821531601741374520326274342 Jagdalpur46 435010117011010710339NR1941401051321371034533326356045 Dantewada43 3638871611211218744722181431181131281075755928286839 DhamtariNR NRNRNRNRNRNRNRNRNRNRNRNRNRNRNRNRNRNRNRNRNR Rajnandgaon53 474310316911711411042592621401521091131075432230255438 Koriya38 33357516598113804276198131951241731104720027207040 DNH and DDSilvasa53 424389172133129954166205138143113118916348527205738 Daman43 403987143123118934666207143130125125957720026205042 Diu48 37558918015713110144612181771391611361156936028235750 GoaPanaji49 444098178137135984456222175150173112985830825356347 Margao48 454592180143128954459230145135125122936034324356545 GujaratAhmedabad33 323474131107968040581951441481381331105324513227520 Rajkot43 3740861631131139745591871321331391261055430017255530 Surat31 3130681631031008440621901401151481481205025328207525 Bhuj48 3442801601271108342561901501931301409550NR22256040 Selamba51 4043871601251179742591781151201081101025026718277228 Waghai41 39467714012013010543561921531431551351224925714288233 Bodeli38 323878130110968543581941451351401351055029012224629 Vapi41 33409915013012310544NR224123141129117985623611235432 BilimoraNR NRNRNRNRNRNRNRNRNRNRNRNRNRNRNRNRNRNRNRNRNR IdarNR NRNRNRNRNRNRNRNRNRNRNRNRNRNRNRNRNRNRNRNRNR JhalodNR NRNRNRNRNRNRNRNRNRNRNRNRNRNRNRNRNRNRNRNRNR SongashNR NRNRNRNRNRNRNRNRNRNRNRNRNRNRNRNRNRNRNRNRNR Madhya PradeshBhopal38 293285175122112874360190145122105122NR5025017206045 Indore43 263388165120123954364183140130110125975524522205835 Gwalior37 344482175120127914466214141121115125NR5423028205931 Jabalpur38 3035801501121158443642051351061081281054426015256240 Rewa40 21489010098115954552172155116142139NR4439319206538 Sagar37 283177155127105884459198140100104114904323321164725 Jhabua39 283590174125128964456194145133107147NR5531322267862 Hoshangabad46 273486168112115934360186124108105130945040312206540 Shahdol33 32357017095105854275170130125115170NR4418025206040 Ujjain40 28358016012012010044601901401201171201005025018206040 Morena36 24308517712011510043651821231251251771076024016206040 Anuppur35 313483167120120904550230140130110130804520010206030 Bhind39 33367012393959043601631231201251651203823015206030 Dhar44 28418217512511411043581921371321081341705022323204634 Harda36 283481170123113894360195131122101113NR4820028207740 KatniNR NRNRNRNRNRNRNRNRNRNRNRNRNRNRNRNRNRNRNRNRNR Khandwa32 2634661571121131074453185153141106159NR4825220214342 Mandla40 323685141126120804250205130921101201085723817185730 Rajgarh37 3035949689948641641371089710197NR4723518254438 Sidhi35 25359016010710510044602301271251131571035026028206040 Chattarpur35 303383176951159143501941401311091151184922825155530 NeemuchNR NRNRNRNRNRNRNRNRNRNRNRNRNRNRNRNRNRNRNRNRNR Burhanpur35 3439741741241148444541551241241091241045420027305045 Narshinpur37 293772163113110824155190153110104143NR3728212185730 Raisen35 283083173110120884360190140110110NRNR5022028206040 Sheopur44 253275170130120904560170130120110170NR5028028205030 Agar malwa47 2635851751201101004254175153130110153NR4934917205948 Umaria43 334178150120110874760150115103108203NR5822018186530 Shajapur48 263381175132121864360182125120106120NR4833728144034 Dewas39 243381162107106884256182125118101109NR4820811174132 Khargone38 273580135110110904055185185155120190NR4540028205525 Singrauli35 263391165111115974759218125103110148955430028226054 Chhindwara40 3236791601151128844562341531091211291104019710205825 Sehore38 263287175124112904555185128117109122NR4921211205550 MP-Ashoknagar41 2831661531231179041582601401381231431203921828255030 Balaghat39 3535781681121159043522051421041021151006020010206733 Guna39 3030791501021108042601901251031051271004420028134330 Ratlam34 25358017512812310242551951451201151251054930010185030 Satna30 2535801601071008045602001251171281301055020028204225 Vidisha37 273079160125115884265188132107108127NR4823310154333 Alirajpur40 30359016011510510043652101431411151301005029710257343 Betul45 293385170120118964556188129118109129NR4721513214528 Damoh35 303178162110110804252215140120115135NR5020010204832 Dindori35 3335110105100110904565220140100110145NR5027028206035 NiwariNR NRNRNRNRNRNRNRNRNRNRNRNRNRNRNRNRNRNRNRNRNR Seoni45 32357012590110784054200127102113122NR3918711206516 Panna34 2532801421101059744502051171181071371174920310206050 Tikamgarh37 404072160931128042401871411311091371184822525163915 MaharashtraMumbai40 485212418017316511548581851691481331441038432027335952 Nagpur42 405089175125125905162215165145115120926428327367038 Pune54 4248861901251298748692011511071121101074430925244630 Nashik39 414092173127123944354195180125102114955430026256045 Mangaon-Raigad46 515689176132117935259184138139118119986631529336537 Dharni37 363581169126121904351195128116108126NR4630513315960 Latur65 46429317512913499456520915298111119964520728287235 Akluj43 3739781721221099339541801361071151301034931929254910 Arni Yavatmal47 333477172122115974263187162126112118NR5330010306040 Chandrapur37 364275164120116100415918816716399163NR5120328204823 Karad Satara48 38468518214513210342701981681291111141005128728276240 Ahemednagar59 4446841731241249840531701721241191291094422527244529 Khultabad51 353884170118120934250187NR139110114954730020355542 Islampur59 44486917411912010440681801761051181321054832330295430 Kankavli46 4143871791291371014357176161136109111975334420325842 Partur70 3440601601101101014255164198159105144974040910235945 Gondia50 434579171115116844352174149961091111015421522255023 Jalgaon52 42479218014212610843602121531271051081126036827225752 Akola39 3235821721161151004265175142125102115905528526286545 RajasthanJaipur43 333582182130112844550203135115125132NR4728719195530 JodhpurNR NRNRNRNRNRNRNRNRNRNRNRNRNRNRNRNRNRNRNRNRNR Kota35 2633791401031051004555177160102101167NR4924025235220 Udaipur31 303296989898954549195190135197NR1405033324274325 Bharatpur45 283190170130118904358200120110110NRNR4929625245838 AjmerNR NRNRNRNRNRNRNRNRNRNRNRNRNRNRNRNRNRNRNRNRNR Bikaner42 33356810510599934949165156154128128NR4620513176237 Bundi49 273264108105112934250147122112105155NR4732818305241 Rajsamand37 313376156116112884260162139121107125NR3928817225845 AlwarNR NRNRNRNRNRNRNRNRNRNRNRNRNRNRNRNRNRNRNRNRNR Banswara38 263469138103103924153175145110162165NR4636323213627 Baran35 302770958987803950130138119127125NR3720014207540 Barmer30 29385811095888542NR190178107156175NR4234727204430 BhilwaraNR NRNRNRNRNRNRNRNRNRNRNRNRNRNRNRNRNRNRNRNRNR Chhitorgarh40 3438781121041079942571811821491341381214332320233621 Churu32 283070NR9890823946172168145148169NR383051525NR40 Dholapur37 293484165111108864754215128116115NRNR4732527283638 Dungarpur36 2830651161181151154457214167NR148191NR5430728276345 HanumangarhNR NRNRNRNRNRNRNRNRNRNRNRNRNRNRNRNRNRNRNRNRNR Jaisalmer32 33367110910391894452187168110149154NR4325515235133 Jalore39 3232701201101101004051195135133150188NR4126322276238 Jhalawar40 2528721209695864249183152125123168NR423871918NR55 Jhunjhunu37 354097989999964044210155138141192NR3820717255334 Karauli37 2631661101211198745NR203148138138NRNR4248030217740 Nagaur32 32356510410580824050162165116161NRNR383101320NR21 Pali58 28286811912298993957179172125164161163382751229NR10 RJ-Pratapgarh60 28307011010595844057168180150150160149383172022NR40 Sikar44 263272998888844152166186101150153NR4431121234047 SirohiNR NRNRNRNRNRNRNRNRNRNRNRNRNRNRNRNRNRNRNRNRNR Sri GanganagarNR NRNRNRNRNRNRNRNRNRNRNRNRNRNRNRNRNRNRNRNRNR Tonk43 242873114109104924051192140152151162NR4527714207136 Sawai Madhopur50 252764122102104703952200108102107180NR382832818NR58 EAST ZONEEAST ZONE  BiharPatna42 313886167136119854856NR1201101241401114328026306050 Bhagalpur38 293380163110109814556NR1301141341691234332028185966 Purnia36 313679159134109764751NR12499114NR924232413164937 Darbhanga40 284080145115110804652NR130130120NR1004319513165050 GayaNR NRNRNRNRNRNRNRNRNRNRNRNRNRNRNRNRNRNRNRNRNR Muzzafarpur42 273378166113116834557NR128131129169944928724214652 Saran42 293385161137123844556120128126124135108492622624NR73 Munger34 2834NR172121121814555NR146138141242NR5724628196573 Saharsa39 28346911810398844455NR145128122NRNR5622322205732 Madhubani39 293680152114112794552159132124114149984829016175443 Rohtas (Sasaram)31 3035791431289883476622013095108122974422328185862 Motihari43 2934701061061048642551251461411381411294227818194738 Samastipur52 2630651159898754555159138112144154985432022255547 Katihar37 303278165114112804454NR142140131149NR5030519226252 Araria44 283475125132101924355NR1251011011781016132722165040 Nawada48 2342861601181128344602271671201171701055124019226385 Khagaria44 243483125115118834342237132101122133984237027175228 Banka35 283675140110100754156NR1321091211831054220514134757 Arwal34 253171138110118764453NR1641231421121104327725196247 Aurangabad37 2433801531201208243592381321651652331755319626136040 Begusarai34 253169109109100733953NR125121119NR964431912153627 Bhojpur Ara43 253079159129125754555232149162145197NR4936929255052 Buxar31 3132821641241248246601361301181181541184726028196033 Gopalganj42 2832801701101208542552201301251301601006024526203545 Jamui38 303467129111110744557NR132109133NR1203925429215533 Jehanabad36 283481169146109794555NR143125121162NR4324726194237 KaimurNR NRNRNRNRNRNRNRNRNRNRNRNRNRNRNRNRNRNRNRNRNR Kishanganj35 243484107130120854456NR120130110125NR5025826206060 Lakhisarai37 283570144110115864658NR148128138NR1284425626193765 Medhepura37 293578159119113784755NR129106107119934533912195659 Nalanda34 273277132118110854559240148127135175NR4939527176245 Sheikhpura37 283570139110115834455NR145130136NRNR5724228226048 Sheohar33 273382162118114744455145129116121163884819827195236 Sitamarhi41 3233861681281261014355NR1291121251731084118026205238 Siwan33 28327616410911980475419012699110192874721025125454 Supaul38 283280172133125804651NR1301201351751006536512184434 Vaishali39 303278160129117754560162119109120173974920725166758 West Champaran45 2438811201111009542501671381671462071234729216195840 JharkhandRanchi43 36357716611510677485622512795116118905024027175040 Gumla40 293485125105987043552091371101101981044027010166025 Sahibganj40 313474165100120854558210143123NRNRNR5438020206060 Bokaro33 343680125959785NRNR170175130145170125NRNRNR224060 Lohardaga33 333478158112112784459NR1341401241591055125025233837 Simdega38 NR3780162117113794659NR13711612812611045NR27175040 Dhanbad36 3036861651351157847612151401151201251104530025256055 Jamshedpur (East Singbhum) NR NRNRNRNRNRNRNRNRNRNRNRNRNRNRNRNRNRNRNRNRNR Giridhi33 26308015510095754455NR130120125160954030019184545 Seraikella38 273479165123118794660169125141102134965121325194948 West Singhbhum39 4040721241231248347591491511251391391204927124254338 Daltonganj38 293487154119113884656NR129108122NR1105238823414844 Deoghar34 3636801681101109050601281631511541711015026230196029 Ramgarh35 3335601661291127447NRNR1321231531901084527925205948 Pakur48 3639941721201171124856208130114116141995341328205943 Jamtara41 293886157140117885160150135112122138955034728216060 Latehar39 253579160125116774859NR128154117126934922428344941 Godda45 3035901651201209046622201351251301401256041028205543 Koderma38 3434801681331208046591541271031201551014920327195855 OdishaBhubaneshwar37 354180162131119824752NR130119NR113895522725205550 Cuttack40 374384177142121814752NR151108NR1171045325027195148 Sambalpur40 434880162126111774852NR146110NR1201054724728205740 Rourkela35 384180163129115804452NR133102102111945118027214950 Berhampur37 454077152120102754751NR1391031371151064924526214729 Jeypore43 383784165125115804652NR12996NR113935021027205240 Balasore38 404287173133120834652NR138NRNR116875624024195150 BaripadaNR NRNRNRNRNRNRNRNRNRNRNRNRNRNRNRNRNRNRNRNRNR Balangir41 374580156131113804452NR13596NR1138946NR28226040 Angul35 NR3969139131101774454NR130NRNR114854337425174745 Boudhgarh32 NRNR80140120120904156NR135110NR11510047NR27206030 Dhenkanal34 3640851601181128042521501351351421151005336227205548 Jagatsinghpur33 33448516080110804340NR14313912011190NR20018195050 Kandhamal38 384283167139118835158NR137120NR1159253NR27195843 Keonjhar36 384470145110115804250NR147104NR1191025136927195952 Malkangiri47 NR3382169135114784352NR13399NR102895233325256050 Nabarangpur44 274590178123113854452127128150110115936030025205330 Nayagarh37 NR3980160122118904352NR131123NR1118753NR26205347 Nuapada40 4040721308210575NRNR195170150170150102NRNRNR23NR25 Paralakhemundi GajapatiNR NRNRNRNRNRNRNRNRNRNRNRNRNRNRNRNRNRNRNRNRNR Puri37 384079159119114804352NR133114NR117965225825205733 Rayagada38 333879171124114844752160136971441079047NR27256236 Sonepur39 NR4283170130116814355NR133125NR111894933624215746 Bhadrak35 NR3880165120115754352220143130NR115955032026185040 JharsugudaNR NRNRNRNRNRNRNRNRNRNRNRNRNRNRNRNRNRNRNRNRNR KendraparaNR NRNRNRNRNRNRNRNRNRNRNRNRNRNRNRNRNRNRNRNRNR Jajpur34 404569170110100754356NR142125NR115936036525185040 Kalahandi35 3840781501101158044531831401051141201025433028195940 West BengalKolkata48 NR35891821381201024851NR132120119121946326020216870 Siliguri40 27328415611611110346521921291121151201015622513195459 Purulia39 NR3993171115114994751148136108119136975428326175349 Kharagpur49 3336851741391151044654230138104112120986023827206065 Rampurhat46 2738771451161211064656180128111116125965528022194653 Malda43 2642731551151101054356NR140961221411196132021216156 Raiganj38 2833711631241111084345180129981211331005725010165652 Alipurduar37 NR46771651111201205068NR1351051161301005525810215040 Asansol48 NR40781641241551144864NR138112112121885230026186053 Balurghat43 3239891691241181084445NR131116115116954334811175750 Bankura38 NR34791681231451164758242132120117131975028027215753 Barasat43 354085125NR13511244602001361141131301105223630287135 Bardhaman48 NR36851651371201124654220130110100120905526025185551 Baruipur57 NR34801121131331084255NR1281181251331003921725246052 Berhampore48 2740701259813710946582501401071171481044622013227036 Chinsurah45 NR41851201001501154558170130120110120955025028227571 Cooch behar44 NR33721421131101074560NR132107105137975029527205839 Howrah50 NR36901801471231124854NR130123116121NR5529327207067 Jalapiguri37 2844851501151201084656NR1251321201301035030026206070 Jhargram42 NR3883158115115904854NR1311151111201004227329195155 Kalimpong37 3537951231271201004748NR151114150165NR5237715375347 Krishnagar36 NR387012310413810742441791131341171301144425318236858 TamlukNR NRNRNRNRNRNRNRNRNRNRNRNRNRNRNRNRNRNRNRNRNR NORTH EAST ZONENORTH EAST ZONE  Andaman and NicobarPort Blair50 NR6794177145130965373NR176209NR1341247432520407780 Mayabunder43 NR6785160140128955271203179188NR1211147031518408080 Car Nicobar44 NR70971701481381025974250197187NR1651308828524507778 Arunachal pradeshItanagar36 NR40991551301301005572NR120120120180NRNRNR15258050 NamsaiNR NRNRNRNRNRNRNRNRNRNRNRNRNRNRNRNRNRNRNRNRNR PasighatNR NRNRNRNRNRNRNRNRNRNRNRNRNRNRNRNRNRNRNRNRNR Tawang38 424090130130120110NRNRNRNRNRNRNRNRNRNRNRNRNRNR AssamGuwahati37 303784156951118547702131401401301451255520012266250 Barpeta38 28337612899115834570NR1571531681121394320312204834 Tinsukia35 NR3380150100115854772NR145140120130NR60175122065NR Dhubri36 NR3680167140110804672250148110105120985525012206060 Goalpara55 303377120118100924363187171152154NR1465023512226043 Golaghat42 3036761371101051054959NR1631631711771666626512256633 Mangaldai44 33367610897110974770NR1601451421801356028014215947 Mushalpur42 343580115NR110844570NR1501421701581054621010196437 Udalguri41 273579146121112824570NR1471301181531025025820157041 Bajali62 NR3778160127120904670NR167NR163180NR6040010206847 Hojai47 NR357814385115854873NR1251001181271025823010206040 Jorhat49 3042891479312011548722431581491081571126321213236055 Bongaigaon36 NR3170115951091054272NR1361521491741095034810206040 Morigaon40 NR3981147110117974460NR160NR155NR1106024010257035 Sonari36 343375156NR1121005172NR15799133NRNR6821312186232 Tamulpur44 353584132106115874568NR120114130NR1045229010236845 Sivasagar52 NR48851381401391054975NR146150152NRNR65289102460NR Biswanath CharialiNR NRNRNRNRNRNRNRNRNRNRNRNRNRNRNRNRNRNRNRNRNR Dibrugarh43 NR4186172124118944972NR143140123135NR5827723256062 Karimganj40 NR3885156132111814770NR137NR105137956123614225555 Majuli50 NR3892160881201004970NR130NR132NRNR5925415255063 Sonitpur Tezpur37 NR3569119108110994469226156172142171NR462971018NR41 Haflong40 NR4572110NR110805072NR150NR140170NR8025030257050 AS-Lakhimpur37 NR3677NR98108914570NR142125123126NR57NR151857NR Diphu41 NR3592158135122975072NR142NR1411681107722515206853 Nalbari49 NR451301521431129248791301571451521551134535010306837 South Salmara MankacharNR NRNRNRNRNRNRNRNRNRNRNRNRNRNRNRNRNRNRNRNRNR Kamrup41 NR3686167123120894671NR145NR1271431055928020247255 ManipurImphalNR NRNRNRNRNRNRNRNRNRNRNRNRNRNRNRNRNRNRNRNRNR ChandelNR NRNRNRNRNRNRNRNRNRNRNRNRNRNRNRNRNRNRNRNRNR JiribamNR NRNRNRNRNRNRNRNRNRNRNRNRNRNRNRNRNRNRNRNRNR KangpokpiNR NRNRNRNRNRNRNRNRNRNRNRNRNRNRNRNRNRNRNRNRNR SenapatiNR NRNRNRNRNRNRNRNRNRNRNRNRNRNRNRNRNRNRNRNRNR TamenglongNR NRNRNRNRNRNRNRNRNRNRNRNRNRNRNRNRNRNRNRNRNR ThoubalNR NRNRNRNRNRNRNRNRNRNRNRNRNRNRNRNRNRNRNRNRNR UkhrulNR NRNRNRNRNRNRNRNRNRNRNRNRNRNRNRNRNRNRNRNRNR MeghalayaShillong45 3736901181231131004872NR125130112NRNR7030030277337 TuraNR NRNRNRNRNRNRNRNRNRNRNRNRNRNRNRNRNRNRNRNRNR Jowai38 363590120120120904872NR120NR1202001208034030257040 Sohra38 3838NR150150117884972NR122NR118NRNR10032730307760 Mairang40 4040NRNRNRNR905072NR120NR120NRNRNR34012258040 Nongpoh35 NR36901681201259350721381321321461791766833015287060 Khliehriat45 403590120120120905073NR160135130NRNR8032030307242 WilliamnagarNR NRNRNRNRNRNRNRNRNRNRNRNRNRNRNRNRNRNRNRNRNR Nongstoin35 3940NRNRNR120905073NR130155130175175NR35718237043 MawkyrwatNR NRNRNRNRNRNRNRNRNRNRNRNRNRNRNRNRNRNRNRNRNR MizoramAizawl50 455590157130130100508019818916512119814310052030436077 Lunglei50 404598NRNR1201055075NR190220150NRNR10052025406070 Kolasib44 4040961301131101005078NR173NR12119711611040026254571 Mamit50 NR40NRNRNRNR1105075NR190NR110NRNRNR520304047NR Champhai50 3560NRNRNRNR1075080NR180NR130NRNR16752030607053 Serchhip40 NR47120125150125975279NR190200110NRNR10025330326287 Siaha50 4544120130NR1201005070NR214140159NR138NR540303760NR Lawngtlai50 4040801301101301005080NRNRNR120NR11010049330406088 Hnahthial53 4545125160130118985379NR165140110NRNR12052030337550 Khawzawl40 5045107137NR1431055080150170NR127NR150120520304060NR Saitual50 4040100NR100NR955080NR230NR150NRNRNRNR30404080 NagalandKohima40 40551001601301401005060NR130180130200NRNR23020308060 Dimapur45 4035701201051208346802001502001702101658021015204540 Tuensang37 3855100NRNR12010050NRNR160NR165NRNRNR27520308050 Mokochung50 NR601201201401501005072NR120120140200NR9038015257050 Chumukedima40 NR3585125120105904075NR120160130200NR7530015208040 Mon38 NR5080NRNR1201005070NR130NR130NRNR6035020228070 Peren35 4040120NR1401201005072NR160NR168NRNR8034515257050 Phek37 47471001401331401005072NR160NR170NRNRNR35020306060 Tseminyu50 NR50NRNRNR1201005070NR120NR130NRNRNR36015309060 Wokha45 NR431001231251201005068NR160200180NRNRNR29015305040 Zunheboto50 NR50NR120NR1401004575NR150NR140NRNR6040018306060 Kiphire35 NR4095120NR90955080NR130NR150NRNR7533018308075 Longleng38 4050NR150NR1201007075NR160NR180NRNR8035020254060 Niuland35 NR40NR1601101201005070NR120NR120NRNRNR35015255050 Shamator38 4060100120NR1101005065NR130NR140NR11010017520255050 Noklak38 506090100NRNR10550NRNR140NR140NRNRNRNR20308060 SikkimGangtok65 404785137128123954862NR176132159153NR6054717377070 Gyalshing45 3545901701401201005065NR160120140180NR6044020306060 Namchi54 324580120130107954565NR183114167190NR5042021357050 Soreng45 3642801351351381205065NR198148168214NR5048020406554 Mangan60 3636801351351301105060NR187167NR210NR6634317355045 TripuraAgartala39 NR4178147127108945170NR138145118159987019312236040 Dharmanagar35 NR40881531421201175071NR1221301151581038025310236070 Belonia42 NR40NRNRNR1051074568NR139NR1131311057526510256075 TR-Udaipur40 NR36851451181131005072NR122108109130935716810205658 SOUTH ZONESOUTH ZONE  Andhra PradeshVijaywada55 485693193146128984468174179122NR114896029719336824 Visakhapatnam52 41428317314412088445416914298NR107866128024255743 Kurnool61 4641881851401281054263164169111120109876346724405024 Tirupathi58 4344811751301251104448175173113139112896047322286123 Jammalamadugu40 4046651501101101034266190258120200110NR5419820406020 DharmavaramNR NRNRNRNRNRNRNRNRNRNRNRNRNRNRNRNRNRNRNRNRNR OngoleNR NRNRNRNRNRNRNRNRNRNRNRNRNRNRNRNRNRNRNRNRNR KarnatakaBengaluru58 44428716314612594454721015090114113925844016244824 Dharwad55 4563901851491281234248192162149116106895139328336333 Mangalore48 45437013213011590374416615914713510810060NR14367723 Mysore59 455912217113712710742432041671521511101095932219446046 Bengaluru (East Range)63 454080182128124934646157179100128118975526415296836 Belagavi58 434385175128120865353183164102110116924826519284518 Kalaburagi61 444774176127132974058177156110144115864424118275916 Tumakuru61 434387171135123944249190161120124114925829722336139 Bellary56 424177169126120125414818815596131107936222824335735 Dhavanagere59 4363871781441191094249165153120123113905527227296228 Shivamogga59 4540901881541281024448202162102132113894724325296531 Vijayapur60 4845981801781371174556224188161128120966330521336025 Ramanagara59 45499316013813511743481761891051521181005018818324637 RaichurNR NRNRNRNRNRNRNRNRNRNRNRNRNRNRNRNRNRNRNRNRNR Chamarajanagar58 454190173140125964244203171108NR110945828019426234 Kolar47 444612214512512512539471581381511301201005133011256134 Haveri51 4043133183135135854164151160138144144964524713708023 Bagalkot54 4445731601361221113857191203112148143994442026294425 Bidar65 45668716912111810644662241381371171271006732028355531 Koppal52 39428314513011513043431481731261651401064425612377022 Mandya50 444494154140126904246198198108170109924834818336134 Yadgir55 45367516014012010041601821701121481171015342028404328 Chikkamagalur53 46441061801501331104349164170114109113945519517376637 Bangalore Rural55 3855851721301201104044180140107155127835024515325227 Chikkaballapur56 45388214212311488404217413594128108904641314328425 Chitradurga64 47558314816015015840481601851451501601154631532306020 Gadag60 44468516013012511242701761731261401251004432210356010 Hassan45 43566915211597883850160184106150145954923015266829 Kodagu58 41471081831431281234448173183158164121984121515306320 Udupi52 545612814515613012949481741761211521581195128928325727 Uttara Kannada50 453811515814713211846502171901331531181234625028336035 Vijayanagara65 4443841741331241124348175164126117111904424416356020 KeralaT.Puram57 4548851801531251064352243176140NR114947226717436440 ErnakulamNR 45NRNR190NR138NR4756NRNRNRNR126NR6824018456260 Kozhikode48 52491111781561401094353233188141NR116966423015336051 Thrissur53 46591032131541541214554241208137NR1251106725916506850 Palakkad46 46491041901451221014350222160137NR113935525312455539 Wayanad46 49411071891501401024252NR192146NR121965520015346355 Kasargod50 49541051911691331034361NRNR145NR110904824014315141 Kottayam57 43491331921301201204456NR218141NR121946722913365961 Pathanamthitta56 3438951781481481364453NR218190NR1221057523714406060 AlapuzhaNR NRNRNRNRNRNRNRNRNRNRNRNRNRNRNRNRNRNRNRNRNR Kollam46 4844109209153NR1104752227NR149NR1231126722315516960 Idukki57 414090186NR126884460NR163134NR113956818013416347 Kannur50 4545971881431511054352NRNR181NR1171025725816305536 Malapuram47 4541921861391321374252239158136NR121935122311365536 PuducherryPuducherry55 423983182139120864246208170140NR108915039320426720 Tamil NaduChennai65 4644901931581321034440184152107NR113886930327406032 Madurai58 415986172126116915145214192152NR116864826313516637 Dindigul62 434488179149119894247212190116NR117985428726376235 Thiruchirapalli60 4461891791551291074443211174128NR1168959NR27307535 Coimbatore46 394090174143119824240219137126NR111905824726355737 Tirunelveli55 4153791731471131074141208NR113NR105865426024366643 Cuddalore60 5056881801411271124248211212166NR112905431324436134 Dharmapuri60 444084177145115854243225NR115NR121965027025326030 Vellore61 453890183145120904345210173140NR110975827026336033 Ramanathapuram57 396184179159116974244225235124NR123975227127417151 Erode60 484390176147120844345216183119NR107935428825396440 Karur43 485587172150126854443217172115NR114925129810337043 Perambalur56 NR6085180147119814340216159120NR1148851NR26317141 Pudukkottai62 456191178156126NR4445231198141NR1119455NR27306040 Sivagangai61 4460911881551291004344233213137NR111965127726436347 Thanjavur54 454590183160135954344207180128NR113885325021325833 The nilgiris71 444497182157135974454203180103NR115936021827496842 Thoothukudi56 455787178157121864354229190124NR114885330611356542 Viluppuram55 513993190135134994446182160115NR1109258NR26356030 Virudhunagar57 416384171145123794445209162127NR114895229328475639 Kanniyakumari57 4055881791441191254341216180124NR110915425825366647 Namakkal58 466193183153130934244203188113NR1079053NR26346246 Tiruvannamalai61 506089183145118934365210189117NR114895828027386837 Tiruvarur59 586289178143133NR4365245145135NR1129252NR12507035 Tiruppur66 4543105185151129924344210170123NR1169656NR28406750 Tenkasi55 466084178163119NR4266223195122NR115905427522316251 Nagapattinam55 4461881691301211064249214212120NR1059055NR20285837 Krishnagiri57 423884180143117874244193NR105NR110885050326305840 Ariyalur55 NR6488178162128NR4440207NR120NR1149053NR26386247 Kallakurichi56 4863921821351321054445207159111NR1119058NR26356038 Kancheepuram62 476490187153130974340200156122NR1149068NR26406233 SalemNR NRNRNRNRNRNRNRNRNRNRNRNRNRNRNRNRNRNRNRNRNR Theni57 415181177149117834245213170114NR119944830813285939 Chengalpattu57 406080187157128905240203175122NR119856056028446444 MayiladuthuraiNR NRNRNRNRNRNRNRNRNRNRNRNRNRNRNRNRNRNRNRNRNR RanipetNR NRNRNRNRNRNRNRNRNRNRNRNRNRNRNRNRNRNRNRNRNR Tirupattur58 404187177141131984465183220149NR119875727028407335 Tiruvallur63 436088181140130904340203173123NR112876254028356045 TelanganaHyderabad58 39398116011610791395215815493103107985027118284725 Karimnagar47 42578117813112088426516214696NR112875730824275228 Warangal45 373871145110107864155177183148174126885427415306952 AdilabadNR 4050801601251208841801701801101501069045NRNR306035 Suryapet48 484673178122117933961163152129NR115955228321236922 Jadcherla40 305075165125110953957170178126NR1161085529214156632 Khammam60 484370175110113904560175165120175125995533022357036 Medchal57 4040651781301088038611691981221191201004426018325530 Nizamabad47 4339841731271211004375180191109NR1301156534413286515 Sangareddy58 424572156120117934270158160138160120967038024306826 Commodity NameCommodity NameRiceRiceWheatAtta (Wheat)Gram DalTur/Arhar DalUrad DalMoong DalMasoor DalSugarMilk @Groundnut Oil (Packed)Mustard Oil (Packed)Vanaspati (Packed)Soya Oil (Packed)Sunflower Oil (Packed)Palm Oil (Packed)GurTea LooseSalt Pack (Iodised)PotatoOnionTomatoBajra(whole)Jowar(whole)Maida(wheat)Ragi(whole)Suji(whole)BesanDesi GheeButter(Pasteurised)EggsBrinjalBlack Pepper(whole)Coriander(whole)Cummin Seed(whole)Red Chillies(whole)Turmeric(powder)BananaGIngerGarlic  Average Price1Average Price143.14 30.9436.2483.51155.18122.76116.5894.2844.7158.4193.12138.76126.94124.84124.21100.2153.23281.6622.2825.2658.843.39 Maximum Price1Maximum Price171 5870133213178165158708026225822020024217616756032709090 Minimum Price1Minimum Price127 212758958080703740120108909997803416810113510 Modal Price1Modal Price140 28358016012012010043601901301201101201005025028206040 Source:- State civil supplies Dept.Note:- All India Consumption Weighted Average Prices of Oils w.e.f 23-Feb-2022 and Wheat and Atta w.e.f 25-Feb-2023 NR -> Not Reported Unit for Black Pepper (powder),Coriander (powder),Cummin Seed (powder),Red Chillies (powder),Turmeric (powder),Butter (Pasteurised) - Rs/100gm Unit for Eggs - Rs/Dozen Developed by:- National Informatics Centre(NIC)",,,,,,,,,,,,,,,,,,,,,,,,,,,,,,,,,,,,,,,,,,,2023-11-23
"Source:- State civil supplies Dept.Note:- All India Consumption Weighted Average Prices of Oils w.e.f 23-Feb-2022 and Wheat and Atta w.e.f 25-Feb-2023 NR -> Not Reported Unit for Black Pepper (powder),Coriander (powder),Cummin Seed (powder),Red Chillies (powder),Turmeric (powder),Butter (Pasteurised) - Rs/100gm Unit for Eggs - Rs/Dozen Developed by:- National Informatics Centre(NIC)",,,,,,,,,,,,,,,,,,,,,,,,,,,,,,,,,,,,,,,,,,,2023-11-23
Source:- State civil supplies Dept.,Note:- All India Consumption Weighted Average Prices of Oils w.e.f 23-Feb-2022 and Wheat and Atta w.e.f 25-Feb-2023,NR -> Not Reported,,,,,,,,,,,,,,,,,,,,,,,,,,,,,,,,,,,,,,,,,2023-11-23
"Unit for Black Pepper (powder),Coriander (powder),Cummin Seed (powder),Red Chillies (powder),Turmeric (powder),Butter (Pasteurised) - Rs/100gm","Unit for Black Pepper (powder),Coriander (powder),Cummin Seed (powder),Red Chillies (powder),Turmeric (powder),Butter (Pasteurised) - Rs/100gm",,,,,,,,,,,,,,,,,,,,,,,,,,,,,,,,,,,,,,,,,,2023-11-23
,Unit for Eggs - Rs/Dozen,,,,,,,,,,,,,,,,,,,,,,,,,,,,,,,,,,,,,,,,,,2023-11-23
Developed by:- National Informatics Centre(NIC),Developed by:- National Informatics Centre(NIC),,,,,,,,,,,,,,,,,,,,,,,,,,,,,,,,,,,,,,,,,,2023-11-23
,,,,,,,,,,,,,,,,,,,,,,,,,,,,,,,,,,,,,,,,,,,2023-11-23
