State,Centre,Rice,Broken Rice,Wheat,Atta (Wheat),Gram Dal,Tur/Arhar Dal,Urad Dal,Moong Dal,Masoor Dal,Sugar,Milk @,Groundnut Oil (Packed),Mustard Oil (Packed),Vanaspati (Packed),Soya Oil (Packed),Sunflower Oil (Packed),Palm Oil (Packed),Gur,Tea Loose,Salt Pack (Iodised),Potato,Onion,Tomato,Bajra (whole),Jowar (whole),Maida (wheat),Ragi (whole),Suji (whole),Besan,Desi Ghee,Butter (Pasteurised),Eggs,Brinjal,Black Pepper (whole),Coriander (whole),Cummin Seed (whole),Red Chillies (whole),Turmeric (powder),Banana,Ginger,Garlic,Date
Unit,Qty,1 Kg,1 Kg,1 Kg,1 Kg,1 Kg,1 Kg,1 Kg,1 Kg,1 Kg,1 Kg,1 ltr,1 Kg,1 Kg,1 Kg,1 Kg,1 Kg,1 Kg,1 Kg,1 Kg,1 Kg,1 Kg,1 Kg,1 Kg,1 Kg,1 Kg,1 Kg,1 Kg,1 Kg,1 Kg,1 Kg,100 gm,Dozen,1 Kg,100 gm,250 gm,100 gm,100 gm,50 gm,1 Kg,100 gm,100 gm,2024-04-22
Average Price,Average Price,44.32,,30.57,35.9,84.02,151.82,124.45,117.84,93.32,44.41,58.58,189.38,135.9,125.79,124.23,123.37,102.18,52.88,281.7,22.43,27.43,31.37,32.57,,,,,,,,,,,,,,,,,,,2024-04-22
Maximum Price,Maximum Price,75,,62,69,140,203,180,180,158,70,83,262,235,220,185,230,175,167,560,31,60,73,97,,,,,,,,,,,,,,,,,,,2024-04-22
Minimum Price,Minimum Price,25,,22,27,60,87,80,84,70,37,37,120,107,91,98,101,83,36,156,8,11,15,12,,,,,,,,,,,,,,,,,,,2024-04-22
Modal Price,Modal Price,40,,28,35,80,160,120,120,100,44,60,200,131.67,120,130,115,100,50,300,28,25,30,30,,,,,,,,,,,,,,,,,,,2024-04-22
NORTH ZONE,NORTH ZONE,,,,,,,,,,,,,,,,,,,,,,,,,,,,,,,,,,,,,,,,,,2024-04-22
Chandigarh,Chandigarh,42,,32,36,80,135,115,113,94,45,59,190,150,128,130,145,105,51,276,27,20,33,40,,,,,,,,,,,,,,,,,,,2024-04-22
Delhi,Delhi,40,,30,31,87,168,147,127,90,44,54,209,143,132,132,135,106,57,243,26,27,33,40,,,,,,,,,,,,,,,,,,,2024-04-22
Haryana,Hisar,32,,28,30,75,145,105,105,75,42,57,190,120,115,120,120,100,44,243,25,15,22,30,,,,,,,,,,,,,,,,,,,2024-04-22
Haryana,Karnal,65,,34,38,87,125,120,122,125,46,66,180,133,141,147,175,130,48,283,30,20,45,35,,,,,,,,,,,,,,,,,,,2024-04-22
Haryana,Panchkula,35,,33,36,82,134,101,110,95,44,60,151,127,128,111,154,91,52,213,27,25,55,32,,,,,,,,,,,,,,,,,,,2024-04-22
Haryana,Gurgaon,40,,25,35,65,100,95,90,88,42,56,185,165,130,137,163,100,44,190,20,15,35,30,,,,,,,,,,,,,,,,,,,2024-04-22
Himachal Pradesh,Shimla,44,,NR,37,88,168,148,125,93,50,60,214,165,135,123,NR,NR,55,220,28,30,33,38,,,,,,,,,,,,,,,,,,,2024-04-22
Himachal Pradesh,Mandi,42,,NR,34,78,158,146,123,82,46,47,224,163,136,129,145,119,45,270,28,22,35,38,,,,,,,,,,,,,,,,,,,2024-04-22
Himachal Pradesh,Dharamshala,28,,NR,30,80,154,134,128,93,45,40,NR,159,137,138,NR,NR,47,220,28,24,30,40,,,,,,,,,,,,,,,,,,,2024-04-22
Himachal Pradesh,Solan,41,,NR,32,83,157,135,116,85,46,50,214,161,133,124,137,NR,47,220,28,25,32,32,,,,,,,,,,,,,,,,,,,2024-04-22
Himachal Pradesh,Una,43,,NR,32,87,155,142,121,89,45,64,NR,143,137,129,NR,NR,50,225,27,24,32,39,,,,,,,,,,,,,,,,,,,2024-04-22
Himachal Pradesh,Bilaspur-hp,44,,NR,32,81,157,133,119,89,46,58,NR,158,136,139,NR,NR,45,318,27,25,30,40,,,,,,,,,,,,,,,,,,,2024-04-22
Himachal Pradesh,Chamba,36,,NR,35,85,165,132,124,88,50,55,NR,160,140,130,NR,NR,45,235,28,22,35,40,,,,,,,,,,,,,,,,,,,2024-04-22
Himachal Pradesh,Hamirpur-HP,39,,NR,31,79,163,123,119,83,47,65,NR,163,141,NR,NR,NR,48,259,28,24,32,35,,,,,,,,,,,,,,,,,,,2024-04-22
Himachal Pradesh,Kullu,39,,NR,33,81,163,129,112,81,46,40,NR,159,115,119,137,NR,42,220,28,30,40,40,,,,,,,,,,,,,,,,,,,2024-04-22
Himachal Pradesh,Sirmour,42,,22,35,80,127,127,107,98,45,50,228,165,135,143,155,121,41,327,25,27,37,42,,,,,,,,,,,,,,,,,,,2024-04-22
Himachal Pradesh,Kinnaur,40,,NR,36,80,149,121,118,87,47,45,NR,144,131,117,NR,NR,45,229,27,28,40,50,,,,,,,,,,,,,,,,,,,2024-04-22
Himachal Pradesh,Lahaul & Spiti,44,,NR,36,90,160,115,90,100,50,59,NR,187,165,NR,NR,NR,50,480,28,45,54,54,,,,,,,,,,,,,,,,,,,2024-04-22
Jammu and Kashmir,Srinagar,40,,35,52,97,137,130,140,107,50,45,NR,145,137,132,173,NR,48,290,28,37,37,40,,,,,,,,,,,,,,,,,,,2024-04-22
Jammu and Kashmir,Jammu,45,,32,35,87,168,137,127,103,51,50,NR,153,137,137,137,108,49,297,28,28,37,43,,,,,,,,,,,,,,,,,,,2024-04-22
Jammu and Kashmir,Poonch,NR,,NR,NR,NR,NR,NR,NR,NR,NR,NR,NR,NR,NR,NR,NR,NR,NR,NR,NR,NR,NR,NR,,,,,,,,,,,,,,,,,,,2024-04-22
Jammu and Kashmir,Kupwara,36,,26,34,90,110,110,120,100,65,50,NR,148,145,143,148,142,53,310,NR,22,37,40,,,,,,,,,,,,,,,,,,,2024-04-22
Jammu and Kashmir,Udhampur,NR,,NR,NR,NR,NR,NR,NR,NR,NR,NR,NR,NR,NR,NR,NR,NR,NR,NR,NR,NR,NR,NR,,,,,,,,,,,,,,,,,,,2024-04-22
Jammu and Kashmir,Shopian,40,,45,45,120,125,120,120,120,50,50,NR,153,145,148,140,NR,48,330,28,27,33,33,,,,,,,,,,,,,,,,,,,2024-04-22
Jammu and Kashmir,Samba,60,,28,34,80,170,140,120,100,45,55,NR,120,125,120,130,105,50,300,28,24,30,40,,,,,,,,,,,,,,,,,,,2024-04-22
Jammu and Kashmir,Ramban,60,,NR,35,83,153,120,117,100,50,60,NR,150,137,122,NR,NR,52,320,25,27,38,45,,,,,,,,,,,,,,,,,,,2024-04-22
Jammu and Kashmir,Rajouri,NR,,NR,NR,NR,NR,NR,NR,NR,NR,NR,NR,NR,NR,NR,NR,NR,NR,NR,NR,NR,NR,NR,,,,,,,,,,,,,,,,,,,2024-04-22
Jammu and Kashmir,Kishtwar,NR,,NR,NR,NR,NR,NR,NR,NR,NR,NR,NR,NR,NR,NR,NR,NR,NR,NR,NR,NR,NR,NR,,,,,,,,,,,,,,,,,,,2024-04-22
Jammu and Kashmir,Doda,NR,,NR,NR,NR,NR,NR,NR,NR,NR,NR,NR,NR,NR,NR,NR,NR,NR,NR,NR,NR,NR,NR,,,,,,,,,,,,,,,,,,,2024-04-22
Jammu and Kashmir,Baramulla,35,,30,36,90,140,120,120,100,50,55,NR,143,131,133,153,NR,55,380,28,30,37,45,,,,,,,,,,,,,,,,,,,2024-04-22
Jammu and Kashmir,Reasi,NR,,NR,NR,NR,NR,NR,NR,NR,NR,NR,NR,NR,NR,NR,NR,NR,NR,NR,NR,NR,NR,NR,,,,,,,,,,,,,,,,,,,2024-04-22
Jammu and Kashmir,Kathua,NR,,NR,NR,NR,NR,NR,NR,NR,NR,NR,NR,NR,NR,NR,NR,NR,NR,NR,NR,NR,NR,NR,,,,,,,,,,,,,,,,,,,2024-04-22
Punjab,Amritsar,36,,30,38,75,155,111,110,100,44,54,200,121,114,112,113,NR,46,260,26,22,30,40,,,,,,,,,,,,,,,,,,,2024-04-22
Punjab,Ludhiana,37,,24,32,87,160,140,120,100,44,60,205,137,122,123,130,NR,55,320,27,19,28,25,,,,,,,,,,,,,,,,,,,2024-04-22
Punjab,Bathinda,40,,23,29,87,170,142,120,98,44,57,225,138,123,123,140,103,55,287,25,26,33,40,,,,,,,,,,,,,,,,,,,2024-04-22
Punjab,Barnala,40,,23,28,87,162,127,115,91,44,54,208,120,120,112,120,96,44,317,28,19,30,35,,,,,,,,,,,,,,,,,,,2024-04-22
Punjab,Hoshiarpur,34,,27,32,90,140,115,120,110,43,62,200,120,140,125,140,110,64,263,20,20,30,40,,,,,,,,,,,,,,,,,,,2024-04-22
Punjab,Faridkot,42,,23,32,87,163,137,127,97,45,55,233,122,127,117,132,98,52,313,28,27,28,33,,,,,,,,,,,,,,,,,,,2024-04-22
Punjab,Mansa,41,,24,27,92,127,110,100,98,50,51,NR,117,118,127,NR,NR,53,270,28,21,31,34,,,,,,,,,,,,,,,,,,,2024-04-22
Punjab,Sri Muktsar Sahib,42,,26,31,83,157,120,118,93,44,63,203,112,115,115,112,97,46,247,26,26,33,38,,,,,,,,,,,,,,,,,,,2024-04-22
Punjab,Dera Bassi,38,,22,30,86,160,120,120,110,43,55,NR,128,117,120,NR,NR,53,247,28,19,30,37,,,,,,,,,,,,,,,,,,,2024-04-22
Punjab,Sangrur,43,,27,30,83,159,117,111,81,45,60,161,125,119,116,126,101,45,220,29,25,25,40,,,,,,,,,,,,,,,,,,,2024-04-22
Punjab,Ropar,37,,28,32,89,157,143,122,97,43,61,202,122,122,113,133,103,55,247,28,28,27,40,,,,,,,,,,,,,,,,,,,2024-04-22
Punjab,Amargarh,42,,25,30,85,160,120,120,80,45,60,160,115,120,120,130,100,45,250,28,20,25,35,,,,,,,,,,,,,,,,,,,2024-04-22
Punjab,Fatehgarh Sahib,48,,25,35,90,120,120,105,105,45,65,200,125,118,117,162,115,50,243,26,25,32,35,,,,,,,,,,,,,,,,,,,2024-04-22
Punjab,Ferozepur,42,,25,32,92,183,143,126,102,44,60,223,122,122,121,143,96,50,280,28,20,25,30,,,,,,,,,,,,,,,,,,,2024-04-22
Punjab,Kapurthala,34,,24,32,83,125,132,132,117,44,67,210,122,133,140,142,108,66,270,21,20,38,43,,,,,,,,,,,,,,,,,,,2024-04-22
Uttar Pradesh,Lucknow,40,,26,32,83,161,129,120,82,44,66,205,130,123,121,120,119,50,280,28,30,30,40,,,,,,,,,,,,,,,,,,,2024-04-22
Uttar Pradesh,Kanpur,35,,27,32,82,145,108,108,74,46,60,196,150,113,126,140,117,56,234,26,22,30,35,,,,,,,,,,,,,,,,,,,2024-04-22
Uttar Pradesh,Varanasi,42,,27,34,86,159,130,124,83,46,71,206,136,136,125,128,119,56,282,28,30,25,30,,,,,,,,,,,,,,,,,,,2024-04-22
Uttar Pradesh,Agra,44,,28,29,85,143,108,104,82,43,66,175,128,127,121,117,115,39,250,27,25,28,33,,,,,,,,,,,,,,,,,,,2024-04-22
Uttar Pradesh,Jhansi,43,,23,30,79,145,101,108,81,45,52,181,121,112,98,116,108,43,210,26,21,22,25,,,,,,,,,,,,,,,,,,,2024-04-22
Uttar Pradesh,Meerut,35,,30,36,82,142,128,112,108,46,63,156,154,148,152,174,151,47,245,23,13,32,47,,,,,,,,,,,,,,,,,,,2024-04-22
Uttar Pradesh,Allahabad,31,,31,36,78,150,118,116,96,45,62,172,140,128,130,162,110,52,250,24,24,40,38,,,,,,,,,,,,,,,,,,,2024-04-22
Uttar Pradesh,Gorakhpur,37,,23,35,68,149,131,114,77,44,61,204,137,119,124,124,89,48,216,27,28,29,42,,,,,,,,,,,,,,,,,,,2024-04-22
Uttar Pradesh,Saharanpur,34,,28,35,89,166,125,121,107,43,68,164,127,123,130,144,121,48,253,28,18,30,31,,,,,,,,,,,,,,,,,,,2024-04-22
Uttar Pradesh,Bareilly,36,,24,30,83,158,130,118,112,43,66,195,127,118,117,125,98,47,313,28,25,27,36,,,,,,,,,,,,,,,,,,,2024-04-22
Uttar Pradesh,Ayodhya,30,,28,30,71,150,95,105,89,41,55,193,156,121,136,175,96,45,217,28,18,28,31,,,,,,,,,,,,,,,,,,,2024-04-22
Uttar Pradesh,Moradabad,37,,24,31,79,146,118,110,91,42,61,189,135,125,128,151,110,46,256,25,21,29,35,,,,,,,,,,,,,,,,,,,2024-04-22
Uttar Pradesh,Aligarh,40,,28,34,80,170,140,110,110,44,60,208,122,118,111,148,137,49,242,27,24,38,42,,,,,,,,,,,,,,,,,,,2024-04-22
Uttar Pradesh,Mirzapur (Vindhyanchal),30,,26,32,88,155,135,124,105,45,55,205,143,128,130,138,98,58,250,28,20,29,30,,,,,,,,,,,,,,,,,,,2024-04-22
Uttar Pradesh,Banda,39,,28,37,80,142,116,112,80,42,63,197,123,115,107,163,101,52,165,21,22,26,26,,,,,,,,,,,,,,,,,,,2024-04-22
Uttar Pradesh,Azamgarh,34,,30,32,78,152,121,118,98,47,67,222,151,130,125,126,99,49,280,28,22,29,34,,,,,,,,,,,,,,,,,,,2024-04-22
Uttar Pradesh,Gonda (Devipatan),37,,27,35,85,180,130,120,100,45,64,185,138,155,160,190,140,49,340,27,28,39,43,,,,,,,,,,,,,,,,,,,2024-04-22
Uttar Pradesh,Amethi,37,,25,38,75,125,92,110,88,44,62,189,163,134,153,190,118,50,259,25,22,46,38,,,,,,,,,,,,,,,,,,,2024-04-22
Uttar Pradesh,Barabanki,39,,30,34,80,154,120,119,100,45,64,203,150,135,150,175,119,49,220,28,21,29,30,,,,,,,,,,,,,,,,,,,2024-04-22
Uttar Pradesh,Bhadohi,30,,24,32,70,155,115,115,80,43,60,200,130,120,125,150,105,60,235,25,22,25,30,,,,,,,,,,,,,,,,,,,2024-04-22
Uttar Pradesh,Chandauli,30,,24,32,79,147,123,119,85,42,60,136,120,120,106,109,90,57,248,26,20,20,24,,,,,,,,,,,,,,,,,,,2024-04-22
Uttar Pradesh,Farrukhabad,43,,25,31,75,147,118,112,87,44,66,183,127,118,125,167,100,41,227,26,21,27,42,,,,,,,,,,,,,,,,,,,2024-04-22
Uttar Pradesh,Ghazipur,36,,23,33,82,142,129,129,83,43,70,219,132,124,123,144,101,48,264,28,28,23,41,,,,,,,,,,,,,,,,,,,2024-04-22
Uttar Pradesh,Jaunpur,44,,27,35,80,142,120,122,80,43,62,184,140,120,118,164,90,57,260,28,25,28,35,,,,,,,,,,,,,,,,,,,2024-04-22
Uttar Pradesh,UP-Pratapgarh,40,,28,32,79,155,137,118,83,43,68,207,133,122,126,113,97,51,266,26,23,25,30,,,,,,,,,,,,,,,,,,,2024-04-22
Uttar Pradesh,Sambhal,40,,23,32,77,133,120,100,95,42,60,173,130,142,142,175,128,38,217,29,25,22,60,,,,,,,,,,,,,,,,,,,2024-04-22
Uttar Pradesh,Santkabir Nagar,32,,25,32,75,125,115,110,95,43,62,183,150,145,145,175,NR,44,257,28,14,45,40,,,,,,,,,,,,,,,,,,,2024-04-22
Uttar Pradesh,Shahjahanpur,37,,26,33,98,135,130,126,130,44,67,203,169,165,168,180,142,47,263,26,24,33,40,,,,,,,,,,,,,,,,,,,2024-04-22
Uttar Pradesh,Sitapur,33,,28,32,80,108,104,104,95,40,60,177,159,142,152,171,117,37,242,26,21,34,37,,,,,,,,,,,,,,,,,,,2024-04-22
Uttar Pradesh,Sultanpur,34,,28,42,93,148,95,105,98,43,54,218,169,127,166,176,114,48,229,29,17,45,43,,,,,,,,,,,,,,,,,,,2024-04-22
Uttar Pradesh,Unnao,39,,27,31,78,147,128,108,88,44,58,200,129,118,125,155,99,47,233,25,28,28,37,,,,,,,,,,,,,,,,,,,2024-04-22
Uttar Pradesh,Ambedkar Nagar,46,,28,37,85,120,120,110,100,45,60,200,165,140,160,170,136,60,190,27,15,42,45,,,,,,,,,,,,,,,,,,,2024-04-22
Uttar Pradesh,Amroha,40,,26,30,80,140,100,120,100,42,50,197,140,140,147,180,100,42,200,25,25,30,43,,,,,,,,,,,,,,,,,,,2024-04-22
Uttar Pradesh,Baghpat,40,,NR,28,70,150,130,110,100,42,65,220,135,125,124,128,101,45,200,27,21,30,40,,,,,,,,,,,,,,,,,,,2024-04-22
Uttar Pradesh,Bijnor,38,,24,35,72,150,110,98,95,42,60,163,154,133,144,144,140,43,310,26,15,27,30,,,,,,,,,,,,,,,,,,,2024-04-22
Uttar Pradesh,Budaun,40,,23,NR,90,135,110,105,95,43,65,205,130,124,128,126,93,48,288,28,19,29,35,,,,,,,,,,,,,,,,,,,2024-04-22
Uttar Pradesh,Etah,44,,25,32,70,170,100,110,95,45,66,200,140,145,145,160,115,50,280,27,15,30,40,,,,,,,,,,,,,,,,,,,2024-04-22
Uttar Pradesh,Fatehpur,37,,25,41,73,123,148,113,97,42,64,207,135,125,128,150,113,48,215,18,17,30,33,,,,,,,,,,,,,,,,,,,2024-04-22
Uttar Pradesh,Ghaziabad,36,,27,30,85,165,135,125,110,43,67,180,125,125,116,128,100,55,207,26,28,30,36,,,,,,,,,,,,,,,,,,,2024-04-22
Uttar Pradesh,Hardoi,45,,25,32,73,162,130,125,87,44,68,211,134,129,128,161,98,46,229,27,20,31,41,,,,,,,,,,,,,,,,,,,2024-04-22
Uttar Pradesh,Jalaun,NR,,NR,NR,NR,NR,NR,NR,NR,NR,NR,NR,NR,NR,NR,NR,NR,NR,NR,NR,NR,NR,NR,,,,,,,,,,,,,,,,,,,2024-04-22
Uttar Pradesh,Kaushambi,39,,26,36,74,147,122,97,84,44,60,172,143,125,134,172,126,50,226,29,25,33,37,,,,,,,,,,,,,,,,,,,2024-04-22
Uttar Pradesh,Kushinagar,42,,30,39,82,152,125,135,85,45,70,185,140,135,140,160,108,45,275,28,26,26,44,,,,,,,,,,,,,,,,,,,2024-04-22
Uttar Pradesh,Lakhimpur Kheri,40,,25,34,73,140,95,100,85,45,58,205,136,121,154,158,108,54,218,28,20,30,33,,,,,,,,,,,,,,,,,,,2024-04-22
Uttar Pradesh,Pilibhit,39,,29,33,84,138,137,127,130,44,66,210,145,145,140,155,115,42,265,28,18,33,29,,,,,,,,,,,,,,,,,,,2024-04-22
Uttar Pradesh,Sharwasti,39,,26,30,82,168,128,123,80,45,52,148,142,113,132,NR,102,44,203,28,25,27,28,,,,,,,,,,,,,,,,,,,2024-04-22
Uttar Pradesh,Siddharth Nagar,40,,28,30,80,157,120,140,82,45,64,166,142,126,132,165,104,50,233,26,20,30,33,,,,,,,,,,,,,,,,,,,2024-04-22
Uttar Pradesh,Sonbhadra,44,,26,32,78,160,102,105,98,47,60,205,140,137,145,173,115,47,297,25,17,35,31,,,,,,,,,,,,,,,,,,,2024-04-22
Uttar Pradesh,Rampur,51,,25,28,80,135,109,110,84,42,56,169,132,126,117,144,111,44,249,16,24,26,29,,,,,,,,,,,,,,,,,,,2024-04-22
Uttar Pradesh,Bahraich,36,,26,33,70,155,130,110,96,42,45,153,147,137,143,125,118,45,250,27,19,34,25,,,,,,,,,,,,,,,,,,,2024-04-22
Uttar Pradesh,Basti,40,,22,30,70,145,110,105,82,42,64,155,140,133,130,148,98,47,242,25,20,40,38,,,,,,,,,,,,,,,,,,,2024-04-22
Uttar Pradesh,Etawah,43,,31,35,85,164,128,104,94,45,65,188,133,133,130,182,115,44,222,30,17,28,26,,,,,,,,,,,,,,,,,,,2024-04-22
Uttar Pradesh,Muzzafarnagar,41,,27,30,72,106,105,102,100,44,75,143,122,120,119,161,99,38,228,27,11,25,44,,,,,,,,,,,,,,,,,,,2024-04-22
Uttar Pradesh,Chitrakoot,32,,24,35,82,145,100,105,81,42,50,177,140,128,130,170,118,45,227,28,25,32,30,,,,,,,,,,,,,,,,,,,2024-04-22
Uttar Pradesh,Hamirpur-UP,44,,25,32,85,160,145,110,85,43,68,219,135,132,105,137,93,43,265,26,22,39,40,,,,,,,,,,,,,,,,,,,2024-04-22
Uttar Pradesh,Deoria,40,,26,28,72,138,102,112,103,45,58,204,135,125,123,152,139,45,224,27,25,25,36,,,,,,,,,,,,,,,,,,,2024-04-22
Uttar Pradesh,Hapur,35,,27,35,72,152,125,115,100,42,65,190,147,127,130,127,105,43,220,27,20,30,31,,,,,,,,,,,,,,,,,,,2024-04-22
Uttar Pradesh,Bulandshahr,40,,25,35,85,140,100,100,90,44,70,NR,125,123,123,188,100,40,250,26,20,30,37,,,,,,,,,,,,,,,,,,,2024-04-22
Uttar Pradesh,Kanpur Dehat,40,,24,30,95,140,120,100,90,45,66,180,125,120,135,130,95,45,210,28,25,30,40,,,,,,,,,,,,,,,,,,,2024-04-22
Uttar Pradesh,Hathras,38,,24,28,80,140,120,107,90,41,65,165,115,135,118,173,140,44,220,25,20,27,47,,,,,,,,,,,,,,,,,,,2024-04-22
Uttar Pradesh,Raebareli,42,,28,33,85,160,133,123,92,45,67,218,132,118,127,133,112,52,223,27,30,32,40,,,,,,,,,,,,,,,,,,,2024-04-22
Uttar Pradesh,Lalitpur,36,,25,29,67,138,92,94,90,41,53,172,132,129,126,188,134,39,258,25,25,23,25,,,,,,,,,,,,,,,,,,,2024-04-22
Uttar Pradesh,Mohaba,34,,23,30,85,132,93,97,90,46,58,148,121,110,122,172,100,50,192,28,29,30,40,,,,,,,,,,,,,,,,,,,2024-04-22
Uttar Pradesh,Gautam Budh Nagar,36,,27,30,85,168,148,119,89,44,66,236,147,125,136,148,115,52,242,27,31,28,38,,,,,,,,,,,,,,,,,,,2024-04-22
Uttar Pradesh,Auraiya,39,,23,35,70,137,84,84,82,44,73,183,163,133,134,183,134,53,185,27,25,29,32,,,,,,,,,,,,,,,,,,,2024-04-22
Uttar Pradesh,Maharajganj,35,,24,33,79,153,120,120,83,44,63,203,138,113,129,151,101,46,213,27,25,25,36,,,,,,,,,,,,,,,,,,,2024-04-22
Uttar Pradesh,Balrampur,32,,22,30,83,153,119,125,87,45,NR,205,129,115,126,127,102,49,207,29,24,29,38,,,,,,,,,,,,,,,,,,,2024-04-22
Uttar Pradesh,Kannauj,38,,26,30,80,148,100,108,82,44,69,175,130,120,135,182,118,41,242,28,20,30,32,,,,,,,,,,,,,,,,,,,2024-04-22
Uttar Pradesh,Mathura,34,,29,34,72,115,92,96,95,40,62,171,146,143,144,168,108,36,267,29,13,34,29,,,,,,,,,,,,,,,,,,,2024-04-22
Uttar Pradesh,Firozabad,38,,35,37,82,115,118,112,118,40,65,190,158,117,142,182,111,45,300,29,13,21,32,,,,,,,,,,,,,,,,,,,2024-04-22
Uttar Pradesh,Kasganj,48,,25,29,78,172,120,125,122,42,64,180,125,125,120,143,99,47,220,28,17,30,42,,,,,,,,,,,,,,,,,,,2024-04-22
Uttar Pradesh,Mainpuri,33,,25,32,66,110,100,100,87,39,69,177,153,122,134,164,110,43,248,30,20,20,24,,,,,,,,,,,,,,,,,,,2024-04-22
Uttar Pradesh,Shamli,38,,24,28,70,140,130,110,90,41,68,202,120,115,110,128,92,50,280,26,30,30,50,,,,,,,,,,,,,,,,,,,2024-04-22
Uttar Pradesh,Ballia,35,,26,31,82,150,118,115,96,43,54,200,152,138,138,138,142,51,243,28,24,27,35,,,,,,,,,,,,,,,,,,,2024-04-22
Uttar Pradesh,Mau,38,,23,31,82,149,118,120,85,44,62,202,129,115,118,116,94,51,273,27,24,25,30,,,,,,,,,,,,,,,,,,,2024-04-22
Uttarakhand,Dehradun,35,,24,38,83,163,110,115,100,45,57,145,125,120,123,165,NR,48,287,30,14,30,28,,,,,,,,,,,,,,,,,,,2024-04-22
Uttarakhand,Haldwani,37,,33,33,100,97,99,95,98,40,57,145,147,149,148,146,143,51,254,28,26,21,31,,,,,,,,,,,,,,,,,,,2024-04-22
Uttarakhand,Rudrapur,37,,25,33,85,159,120,125,100,42,63,173,135,130,120,129,88,56,222,28,13,27,35,,,,,,,,,,,,,,,,,,,2024-04-22
Uttarakhand,Haridwar,41,,25,34,85,135,115,106,85,44,60,144,136,124,132,142,NR,62,299,29,20,38,45,,,,,,,,,,,,,,,,,,,2024-04-22
WEST ZONE,WEST ZONE,,,,,,,,,,,,,,,,,,,,,,,,,,,,,,,,,,,,,,,,,,2024-04-22
Chhattisgarh,Raipur,38,,44,42,88,158,130,113,93,45,55,198,135,133,118,133,105,48,247,27,28,30,35,,,,,,,,,,,,,,,,,,,2024-04-22
Chhattisgarh,Durg,38,,37,36,80,155,123,123,80,43,54,190,NR,119,118,120,119,55,241,15,25,28,20,,,,,,,,,,,,,,,,,,,2024-04-22
Chhattisgarh,Ambikapur,34,,34,34,96,179,113,106,109,43,42,193,194,174,174,177,160,40,270,12,24,34,22,,,,,,,,,,,,,,,,,,,2024-04-22
Chhattisgarh,Bilaspur-CG,40,,28,30,80,165,90,100,90,40,50,185,182,153,160,174,137,45,203,26,27,62,35,,,,,,,,,,,,,,,,,,,2024-04-22
Chhattisgarh,Jagdalpur,38,,35,46,115,163,105,100,98,43,51,196,159,101,132,136,101,40,351,24,32,35,28,,,,,,,,,,,,,,,,,,,2024-04-22
Chhattisgarh,Dantewada,49,,39,39,89,150,129,119,79,44,73,232,142,112,109,114,94,59,559,28,33,33,38,,,,,,,,,,,,,,,,,,,2024-04-22
Chhattisgarh,Dhamtari,NR,,NR,NR,NR,NR,NR,NR,NR,NR,NR,NR,NR,NR,NR,NR,NR,NR,NR,NR,NR,NR,NR,,,,,,,,,,,,,,,,,,,2024-04-22
Chhattisgarh,Rajnandgaon,52,,41,42,93,172,105,105,105,43,59,253,NR,NR,105,110,99,54,323,30,22,35,20,,,,,,,,,,,,,,,,,,,2024-04-22
Chhattisgarh,Koriya,38,,33,35,75,148,98,113,80,42,76,198,131,95,124,173,110,47,200,27,20,25,20,,,,,,,,,,,,,,,,,,,2024-04-22
DNH and DD,Silvasa,58,,43,43,89,164,135,131,92,40,66,178,140,142,115,124,102,57,490,28,29,25,20,,,,,,,,,,,,,,,,,,,2024-04-22
DNH and DD,Daman,41,,41,39,82,133,128,118,88,44,66,183,137,118,123,122,110,81,200,26,29,25,20,,,,,,,,,,,,,,,,,,,2024-04-22
DNH and DD,Diu,49,,38,58,88,175,165,133,106,44,61,223,168,140,165,140,118,69,360,28,31,26,32,,,,,,,,,,,,,,,,,,,2024-04-22
Goa,Panaji,NR,,NR,NR,NR,NR,NR,NR,NR,NR,NR,NR,NR,NR,NR,NR,NR,NR,NR,NR,NR,NR,NR,,,,,,,,,,,,,,,,,,,2024-04-22
Goa,Margao,55,,52,55,90,170,150,130,100,43,59,223,140,133,124,120,98,60,343,24,38,32,35,,,,,,,,,,,,,,,,,,,2024-04-22
Gujarat,Ahmedabad,NR,,NR,NR,NR,NR,NR,NR,NR,NR,NR,NR,NR,NR,NR,NR,NR,NR,NR,NR,NR,NR,NR,,,,,,,,,,,,,,,,,,,2024-04-22
Gujarat,Rajkot,42,,36,39,80,153,112,105,87,40,59,174,128,133,135,117,95,55,300,17,36,25,25,,,,,,,,,,,,,,,,,,,2024-04-22
Gujarat,Surat,32,,32,32,75,160,120,110,85,40,62,188,130,95,110,110,84,50,200,9,18,22,20,,,,,,,,,,,,,,,,,,,2024-04-22
Gujarat,Bhuj,45,,37,37,80,160,130,115,95,42,58,180,160,150,130,130,100,55,260,28,30,30,20,,,,,,,,,,,,,,,,,,,2024-04-22
Gujarat,Selamba,60,,40,44,90,160,140,130,100,42,68,172,135,122,120,123,122,45,267,15,22,28,30,,,,,,,,,,,,,,,,,,,2024-04-22
Gujarat,Waghai,42,,40,46,80,140,120,130,105,43,56,192,153,143,155,135,122,49,257,14,28,38,32,,,,,,,,,,,,,,,,,,,2024-04-22
Gujarat,Bodeli,41,,34,39,83,137,117,103,88,43,58,194,145,128,137,132,103,52,292,13,22,46,29,,,,,,,,,,,,,,,,,,,2024-04-22
Gujarat,Vapi,51,,31,35,80,157,127,117,90,NR,NR,NR,NR,NR,NR,NR,NR,NR,NR,NR,NR,NR,NR,,,,,,,,,,,,,,,,,,,2024-04-22
Gujarat,Bilimora,NR,,NR,NR,NR,NR,NR,NR,NR,NR,NR,NR,NR,NR,NR,NR,NR,NR,NR,NR,NR,NR,NR,,,,,,,,,,,,,,,,,,,2024-04-22
Gujarat,Idar,NR,,NR,NR,NR,NR,NR,NR,NR,NR,NR,NR,NR,NR,NR,NR,NR,NR,NR,NR,NR,NR,NR,,,,,,,,,,,,,,,,,,,2024-04-22
Gujarat,Jhalod,NR,,NR,NR,NR,NR,NR,NR,NR,NR,NR,NR,NR,NR,NR,NR,NR,NR,NR,NR,NR,NR,NR,,,,,,,,,,,,,,,,,,,2024-04-22
Gujarat,Songash,NR,,NR,NR,NR,NR,NR,NR,NR,NR,NR,NR,NR,NR,NR,NR,NR,NR,NR,NR,NR,NR,NR,,,,,,,,,,,,,,,,,,,2024-04-22
Madhya Pradesh,Bhopal,36,,32,34,82,167,125,112,83,42,60,172,136,124,106,125,NR,50,270,12,32,24,24,,,,,,,,,,,,,,,,,,,2024-04-22
Madhya Pradesh,Indore,NR,,NR,NR,NR,NR,NR,NR,NR,NR,NR,NR,NR,NR,NR,NR,NR,NR,NR,NR,NR,NR,NR,,,,,,,,,,,,,,,,,,,2024-04-22
Madhya Pradesh,Gwalior,39,,35,43,82,169,120,130,90,44,66,214,141,121,115,125,NR,54,230,28,16,25,34,,,,,,,,,,,,,,,,,,,2024-04-22
Madhya Pradesh,Jabalpur,42,,29,35,82,150,122,120,85,44,64,204,137,110,112,132,112,45,275,15,28,24,30,,,,,,,,,,,,,,,,,,,2024-04-22
Madhya Pradesh,Rewa,42,,23,47,92,110,99,118,98,47,53,174,159,115,145,145,NR,46,393,20,16,23,18,,,,,,,,,,,,,,,,,,,2024-04-22
Madhya Pradesh,Sagar,40,,25,27,72,155,119,108,83,42,60,194,136,108,109,118,94,44,231,21,24,19,19,,,,,,,,,,,,,,,,,,,2024-04-22
Madhya Pradesh,Jhabua,41,,27,35,87,160,123,114,93,42,56,192,136,134,111,135,NR,53,299,22,32,28,25,,,,,,,,,,,,,,,,,,,2024-04-22
Madhya Pradesh,Hoshangabad,48,,29,33,86,165,115,114,100,42,60,188,125,110,115,120,102,50,370,12,30,30,20,,,,,,,,,,,,,,,,,,,2024-04-22
Madhya Pradesh,Shahdol,33,,32,35,70,170,95,105,85,42,75,170,130,125,115,170,NR,44,180,25,20,30,40,,,,,,,,,,,,,,,,,,,2024-04-22
Madhya Pradesh,Ujjain,42,,30,35,82,148,122,115,93,44,58,190,135,125,122,122,99,52,278,18,22,32,32,,,,,,,,,,,,,,,,,,,2024-04-22
Madhya Pradesh,Morena,36,,28,30,85,180,120,115,100,43,65,182,111,125,125,177,103,55,240,16,25,30,35,,,,,,,,,,,,,,,,,,,2024-04-22
Madhya Pradesh,Anuppur,35,,32,34,80,153,110,120,90,45,50,212,123,107,110,120,90,50,200,10,30,30,32,,,,,,,,,,,,,,,,,,,2024-04-22
Madhya Pradesh,Bhind,39,,33,36,70,123,93,95,90,43,65,163,123,120,125,165,120,38,230,15,24,27,32,,,,,,,,,,,,,,,,,,,2024-04-22
Madhya Pradesh,Dhar,45,,28,37,84,163,127,120,103,42,57,182,138,124,108,132,168,48,207,23,30,25,18,,,,,,,,,,,,,,,,,,,2024-04-22
Madhya Pradesh,Harda,35,,28,33,80,164,122,112,100,40,60,175,137,117,103,117,NR,50,200,27,28,27,22,,,,,,,,,,,,,,,,,,,2024-04-22
Madhya Pradesh,Katni,35,,27,30,80,170,140,120,80,45,50,190,110,110,110,125,110,45,180,28,26,24,20,,,,,,,,,,,,,,,,,,,2024-04-22
Madhya Pradesh,Khandwa,32,,24,30,69,157,112,113,108,42,53,182,153,138,99,157,NR,48,252,20,21,25,28,,,,,,,,,,,,,,,,,,,2024-04-22
Madhya Pradesh,Mandla,46,,27,35,80,160,120,120,83,41,50,193,132,110,106,125,110,43,243,19,28,23,25,,,,,,,,,,,,,,,,,,,2024-04-22
Madhya Pradesh,Rajgarh,40,,28,33,100,105,97,97,91,41,69,133,108,100,107,101,NR,48,240,19,25,32,39,,,,,,,,,,,,,,,,,,,2024-04-22
Madhya Pradesh,Sidhi,36,,26,34,95,140,95,95,95,44,60,253,125,120,115,157,140,45,260,28,25,25,30,,,,,,,,,,,,,,,,,,,2024-04-22
Madhya Pradesh,Chattarpur,32,,26,35,89,195,92,134,91,44,48,230,139,138,139,138,128,58,238,22,19,29,28,,,,,,,,,,,,,,,,,,,2024-04-22
Madhya Pradesh,Neemuch,40,,25,32,80,168,125,120,78,40,55,168,133,123,107,130,NR,41,380,9,20,20,35,,,,,,,,,,,,,,,,,,,2024-04-22
Madhya Pradesh,Burhanpur,36,,32,34,79,164,124,124,79,42,52,174,134,124,109,124,98,45,195,27,29,22,20,,,,,,,,,,,,,,,,,,,2024-04-22
Madhya Pradesh,Narshinpur,39,,27,39,75,163,120,115,85,44,55,195,155,110,105,143,NR,39,282,12,22,22,17,,,,,,,,,,,,,,,,,,,2024-04-22
Madhya Pradesh,Raisen,40,,28,30,80,170,120,120,92,42,60,187,133,118,108,NR,NR,45,220,27,30,20,30,,,,,,,,,,,,,,,,,,,2024-04-22
Madhya Pradesh,Sheopur,44,,26,33,80,150,130,120,85,40,60,170,120,125,110,150,NR,50,280,28,25,25,28,,,,,,,,,,,,,,,,,,,2024-04-22
Madhya Pradesh,Agar malwa,41,,24,30,75,130,112,110,90,40,55,185,132,130,109,NR,NR,45,370,16,20,17,40,,,,,,,,,,,,,,,,,,,2024-04-22
Madhya Pradesh,Umaria,43,,32,35,70,130,115,115,87,44,60,150,115,103,108,203,NR,48,220,18,27,28,24,,,,,,,,,,,,,,,,,,,2024-04-22
Madhya Pradesh,Shajapur,55,,25,30,80,160,135,120,85,44,60,172,121,108,104,117,NR,46,353,28,33,35,41,,,,,,,,,,,,,,,,,,,2024-04-22
Madhya Pradesh,Dewas,46,,25,32,86,159,120,115,94,42,56,173,124,114,102,113,NR,45,227,11,23,26,33,,,,,,,,,,,,,,,,,,,2024-04-22
Madhya Pradesh,Khargone,40,,28,35,80,140,110,110,90,42,55,185,185,155,130,190,NR,45,400,28,22,45,27,,,,,,,,,,,,,,,,,,,2024-04-22
Madhya Pradesh,Singrauli,36,,26,33,85,144,114,117,88,46,60,210,125,105,112,127,93,49,300,28,25,26,35,,,,,,,,,,,,,,,,,,,2024-04-22
Madhya Pradesh,Chhindwara,46,,26,35,83,165,117,112,91,45,56,227,152,112,121,127,118,42,228,15,29,27,23,,,,,,,,,,,,,,,,,,,2024-04-22
Madhya Pradesh,Sehore,37,,24,31,84,159,124,112,84,43,50,170,125,120,109,120,NR,45,210,11,18,21,23,,,,,,,,,,,,,,,,,,,2024-04-22
Madhya Pradesh,MP-Ashoknagar,41,,29,31,67,153,125,117,89,41,58,253,140,138,118,140,113,40,218,28,25,30,35,,,,,,,,,,,,,,,,,,,2024-04-22
Madhya Pradesh,Balaghat,65,,36,36,80,160,132,120,89,40,52,211,154,132,115,137,NR,52,200,10,28,30,22,,,,,,,,,,,,,,,,,,,2024-04-22
Madhya Pradesh,Guna,40,,26,30,80,167,110,109,80,41,60,190,125,100,110,124,100,44,200,28,27,21,24,,,,,,,,,,,,,,,,,,,2024-04-22
Madhya Pradesh,Ratlam,34,,26,35,88,170,142,125,97,43,55,187,145,130,117,135,110,42,300,10,20,25,35,,,,,,,,,,,,,,,,,,,2024-04-22
Madhya Pradesh,Satna,31,,26,35,75,147,100,100,80,42,60,210,128,118,130,128,103,45,200,28,18,33,23,,,,,,,,,,,,,,,,,,,2024-04-22
Madhya Pradesh,Vidisha,40,,30,31,77,162,129,118,90,41,65,175,130,117,107,128,NR,47,227,10,25,20,16,,,,,,,,,,,,,,,,,,,2024-04-22
Madhya Pradesh,Alirajpur,40,,30,35,90,160,115,105,110,43,65,210,143,141,115,130,100,50,297,10,25,37,25,,,,,,,,,,,,,,,,,,,2024-04-22
Madhya Pradesh,Betul,52,,27,33,81,159,122,115,90,44,57,181,139,122,111,135,NR,47,224,17,30,27,23,,,,,,,,,,,,,,,,,,,2024-04-22
Madhya Pradesh,Damoh,32,,30,32,80,160,120,110,85,44,55,195,135,125,115,125,NR,49,205,10,25,28,20,,,,,,,,,,,,,,,,,,,2024-04-22
Madhya Pradesh,Dindori,40,,34,35,103,138,132,130,92,45,55,170,130,100,110,150,NR,50,247,28,30,25,40,,,,,,,,,,,,,,,,,,,2024-04-22
Madhya Pradesh,Niwari,32,,24,30,78,172,119,117,83,44,64,205,134,121,118,180,NR,42,211,28,31,26,31,,,,,,,,,,,,,,,,,,,2024-04-22
Madhya Pradesh,Seoni,45,,32,35,70,125,90,110,78,41,54,200,127,102,113,122,NR,39,188,11,15,23,20,,,,,,,,,,,,,,,,,,,2024-04-22
Madhya Pradesh,Panna,36,,25,33,81,150,112,105,100,44,50,205,117,118,107,137,117,49,203,10,20,20,26,,,,,,,,,,,,,,,,,,,2024-04-22
Madhya Pradesh,Tikamgarh,36,,40,40,72,156,98,115,80,42,40,187,141,131,109,137,118,48,225,25,20,25,20,,,,,,,,,,,,,,,,,,,2024-04-22
Maharashtra,Mumbai,50,,46,54,115,202,177,170,120,49,58,192,180,143,126,141,104,80,310,27,31,34,30,,,,,,,,,,,,,,,,,,,2024-04-22
Maharashtra,Nagpur,52,,45,50,78,155,125,125,90,52,63,201,150,145,118,116,89,65,283,27,38,32,38,,,,,,,,,,,,,,,,,,,2024-04-22
Maharashtra,Pune,64,,42,50,83,172,125,128,86,47,69,184,154,124,119,116,113,45,318,27,26,16,25,,,,,,,,,,,,,,,,,,,2024-04-22
Maharashtra,Nashik,41,,41,40,87,160,132,123,90,41,54,176,170,123,104,115,99,54,300,26,33,30,23,,,,,,,,,,,,,,,,,,,2024-04-22
Maharashtra,Mangaon-Raigad,43,,41,44,85,155,134,123,92,44,54,201,129,118,108,109,106,59,315,22,34,24,29,,,,,,,,,,,,,,,,,,,2024-04-22
Maharashtra,Dharni,40,,31,34,84,176,119,120,90,42,50,188,146,128,113,134,NR,48,305,13,31,27,30,,,,,,,,,,,,,,,,,,,2024-04-22
Maharashtra,Latur,60,,41,38,80,NR,138,133,99,38,69,205,141,95,104,108,105,49,218,28,25,30,22,,,,,,,,,,,,,,,,,,,2024-04-22
Maharashtra,Akluj,47,,39,38,78,157,136,121,99,42,50,191,128,127,116,125,102,56,313,25,37,25,19,,,,,,,,,,,,,,,,,,,2024-04-22
Maharashtra,Arni Yavatmal,50,,30,33,72,153,125,120,100,40,63,168,152,123,108,118,NR,57,300,10,30,30,20,,,,,,,,,,,,,,,,,,,2024-04-22
Maharashtra,Chandrapur,51,,42,44,79,179,132,123,109,42,66,187,164,162,104,123,NR,59,223,28,30,27,17,,,,,,,,,,,,,,,,,,,2024-04-22
Maharashtra,Karad Satara,48,,37,47,86,177,150,137,100,41,70,185,166,132,110,115,102,50,282,28,40,23,28,,,,,,,,,,,,,,,,,,,2024-04-22
Maharashtra,Ahemednagar,59,,39,45,85,169,129,128,94,39,53,168,159,119,119,128,118,44,228,28,36,21,31,,,,,,,,,,,,,,,,,,,2024-04-22
Maharashtra,Khultabad,58,,32,35,79,159,123,122,93,40,46,176,NR,131,105,120,95,56,300,20,29,31,29,,,,,,,,,,,,,,,,,,,2024-04-22
Maharashtra,Islampur,61,,36,48,87,169,140,125,100,40,69,182,176,105,123,130,105,49,323,30,40,23,25,,,,,,,,,,,,,,,,,,,2024-04-22
Maharashtra,Kankavli,46,,45,45,100,164,145,134,101,43,55,180,172,136,109,114,102,53,355,20,38,28,24,,,,,,,,,,,,,,,,,,,2024-04-22
Maharashtra,Partur,70,,33,40,75,161,110,110,101,40,55,164,198,159,110,146,105,40,409,10,39,23,16,,,,,,,,,,,,,,,,,,,2024-04-22
Maharashtra,Gondia,55,,41,43,81,156,111,115,81,41,51,166,140,105,107,120,105,51,217,22,29,22,25,,,,,,,,,,,,,,,,,,,2024-04-22
Maharashtra,Jalgaon,53,,35,40,87,172,140,129,112,42,60,206,151,128,106,107,120,62,368,27,38,28,28,,,,,,,,,,,,,,,,,,,2024-04-22
Maharashtra,Akola,42,,33,38,82,169,128,115,100,42,65,183,141,123,106,116,90,54,285,26,35,30,27,,,,,,,,,,,,,,,,,,,2024-04-22
Rajasthan,Jaipur,47,,31,35,78,168,128,118,80,43,50,209,135,127,130,141,NR,45,307,19,28,32,38,,,,,,,,,,,,,,,,,,,2024-04-22
Rajasthan,Jodhpur,41,,37,37,77,150,NR,109,79,45,50,NR,NR,NR,NR,127,NR,48,253,18,23,40,28,,,,,,,,,,,,,,,,,,,2024-04-22
Rajasthan,Kota,38,,26,33,79,140,113,105,80,44,55,177,160,102,101,167,NR,49,240,25,22,23,25,,,,,,,,,,,,,,,,,,,2024-04-22
Rajasthan,Udaipur,29,,28,30,89,97,93,95,90,45,50,180,190,130,180,NR,120,50,333,24,28,37,30,,,,,,,,,,,,,,,,,,,2024-04-22
Rajasthan,Bharatpur,45,,28,31,90,156,140,119,90,43,58,200,110,110,110,NR,NR,47,294,25,24,24,32,,,,,,,,,,,,,,,,,,,2024-04-22
Rajasthan,Ajmer,38,,30,32,65,110,105,100,75,40,49,194,140,111,145,141,111,38,320,20,12,55,42,,,,,,,,,,,,,,,,,,,2024-04-22
Rajasthan,Bikaner,40,,35,35,80,135,135,120,100,43,37,158,NR,NR,NR,NR,NR,42,208,8,14,17,20,,,,,,,,,,,,,,,,,,,2024-04-22
Rajasthan,Bundi,49,,25,31,75,150,120,110,90,42,50,168,133,110,118,143,NR,48,317,19,28,28,27,,,,,,,,,,,,,,,,,,,2024-04-22
Rajasthan,Rajsamand,39,,28,32,78,158,117,113,86,42,63,171,132,118,110,120,NR,49,285,16,28,28,30,,,,,,,,,,,,,,,,,,,2024-04-22
Rajasthan,Alwar,43,,31,35,69,102,120,106,89,43,54,170,124,122,137,147,NR,42,308,16,22,28,23,,,,,,,,,,,,,,,,,,,2024-04-22
Rajasthan,Banswara,38,,26,34,70,142,105,104,93,41,53,175,145,110,162,165,NR,46,363,23,21,31,25,,,,,,,,,,,,,,,,,,,2024-04-22
Rajasthan,Baran,35,,30,27,70,95,89,87,80,39,50,130,138,119,127,125,NR,37,200,14,22,22,35,,,,,,,,,,,,,,,,,,,2024-04-22
Rajasthan,Barmer,33,,30,38,62,113,98,89,88,42,NR,190,178,107,156,175,NR,42,347,27,18,22,25,,,,,,,,,,,,,,,,,,,2024-04-22
Rajasthan,Bhilwara,46,,31,36,68,116,107,98,88,43,51,190,175,134,165,187,135,44,287,18,26,48,40,,,,,,,,,,,,,,,,,,,2024-04-22
Rajasthan,Chhitorgarh,45,,24,36,95,154,117,121,103,42,56,188,177,143,123,127,100,45,326,18,NR,NR,NR,,,,,,,,,,,,,,,,,,,2024-04-22
Rajasthan,Churu,32,,28,30,70,87,98,90,82,39,46,172,168,145,148,169,NR,38,305,15,25,30,50,,,,,,,,,,,,,,,,,,,2024-04-22
Rajasthan,Dholapur,38,,28,30,78,132,111,110,76,44,60,215,117,115,113,NR,NR,55,192,23,27,28,35,,,,,,,,,,,,,,,,,,,2024-04-22
Rajasthan,Dungarpur,38,,28,32,64,115,125,117,121,44,56,222,157,NR,137,191,NR,51,293,28,27,37,37,,,,,,,,,,,,,,,,,,,2024-04-22
Rajasthan,Hanumangarh,33,,27,29,82,133,112,105,82,41,43,249,128,129,107,138,NR,39,330,14,21,59,48,,,,,,,,,,,,,,,,,,,2024-04-22
Rajasthan,Jaisalmer,32,,33,36,71,109,103,91,89,44,53,187,168,110,149,154,NR,43,255,15,23,32,33,,,,,,,,,,,,,,,,,,,2024-04-22
Rajasthan,Jalore,39,,32,32,70,120,110,110,100,40,52,195,135,133,150,188,NR,42,310,28,30,45,40,,,,,,,,,,,,,,,,,,,2024-04-22
Rajasthan,Jhalawar,40,,25,28,72,120,96,95,86,42,49,183,152,125,123,168,NR,42,387,19,27,36,33,,,,,,,,,,,,,,,,,,,2024-04-22
Rajasthan,Jhunjhunu,NR,,NR,NR,NR,NR,NR,NR,NR,NR,NR,NR,NR,NR,NR,NR,NR,NR,NR,NR,NR,NR,NR,,,,,,,,,,,,,,,,,,,2024-04-22
Rajasthan,Karauli,36,,27,31,66,111,110,110,90,44,NR,203,148,138,138,NR,NR,40,480,30,19,32,35,,,,,,,,,,,,,,,,,,,2024-04-22
Rajasthan,Nagaur,36,,30,32,67,108,108,85,85,38,57,164,169,123,167,NR,NR,38,330,13,22,32,28,,,,,,,,,,,,,,,,,,,2024-04-22
Rajasthan,Pali,58,,27,28,64,122,122,98,98,37,58,178,NR,NR,NR,164,NR,39,275,12,26,29,30,,,,,,,,,,,,,,,,,,,2024-04-22
Rajasthan,RJ-Pratapgarh,60,,29,31,70,110,105,95,85,42,60,NR,180,142,110,160,NR,38,320,20,25,25,28,,,,,,,,,,,,,,,,,,,2024-04-22
Rajasthan,Sikar,45,,26,33,75,100,86,89,85,44,51,166,164,101,149,153,NR,44,311,21,23,26,43,,,,,,,,,,,,,,,,,,,2024-04-22
Rajasthan,Sirohi,39,,35,36,66,122,121,110,105,40,51,193,166,134,155,188,NR,49,264,19,20,35,38,,,,,,,,,,,,,,,,,,,2024-04-22
Rajasthan,Sri Ganganagar,NR,,NR,NR,NR,NR,NR,NR,NR,NR,NR,NR,NR,NR,NR,NR,NR,NR,NR,NR,NR,NR,NR,,,,,,,,,,,,,,,,,,,2024-04-22
Rajasthan,Tonk,NR,,NR,NR,NR,NR,NR,NR,NR,NR,NR,NR,NR,NR,NR,NR,NR,NR,NR,NR,NR,NR,NR,,,,,,,,,,,,,,,,,,,2024-04-22
Rajasthan,Sawai Madhopur,50,,25,27,64,125,103,108,71,39,58,198,108,108,109,180,NR,38,283,25,22,35,34,,,,,,,,,,,,,,,,,,,2024-04-22
EAST ZONE,EAST ZONE,,,,,,,,,,,,,,,,,,,,,,,,,,,,,,,,,,,,,,,,,,2024-04-22
Bihar,Patna,42,,28,30,86,160,127,115,85,44,56,NR,118,122,128,138,123,44,280,26,27,27,25,,,,,,,,,,,,,,,,,,,2024-04-22
Bihar,Bhagalpur,37,,28,32,80,153,110,113,82,44,57,NR,123,115,134,169,123,44,320,28,22,28,33,,,,,,,,,,,,,,,,,,,2024-04-22
Bihar,Purnia,36,,28,32,77,149,126,113,74,45,51,NR,126,104,121,NR,99,42,314,13,24,22,39,,,,,,,,,,,,,,,,,,,2024-04-22
Bihar,Darbhanga,NR,,NR,NR,NR,NR,NR,NR,NR,NR,NR,NR,NR,NR,NR,NR,NR,NR,NR,NR,NR,NR,NR,,,,,,,,,,,,,,,,,,,2024-04-22
Bihar,Gaya,32,,26,41,80,165,108,106,80,44,60,NR,150,144,142,140,133,50,346,24,24,27,23,,,,,,,,,,,,,,,,,,,2024-04-22
Bihar,Muzzafarpur,39,,27,31,76,147,123,113,76,45,57,NR,126,129,127,159,97,42,287,25,20,29,31,,,,,,,,,,,,,,,,,,,2024-04-22
Bihar,Saran,41,,29,35,82,150,126,120,81,45,56,147,126,126,121,147,105,48,264,26,21,46,64,,,,,,,,,,,,,,,,,,,2024-04-22
Bihar,Munger,40,,28,34,77,155,129,120,78,45,56,NR,128,123,129,176,NR,46,240,27,22,27,34,,,,,,,,,,,,,,,,,,,2024-04-22
Bihar,Saharsa,40,,28,33,83,128,110,108,85,45,55,NR,137,123,122,NR,NR,48,217,23,19,37,35,,,,,,,,,,,,,,,,,,,2024-04-22
Bihar,Madhubani,38,,28,32,78,140,123,114,79,44,54,156,127,128,122,154,95,49,300,18,17,31,31,,,,,,,,,,,,,,,,,,,2024-04-22
Bihar,Rohtas (Sasaram),32,,27,30,83,158,133,108,81,46,66,203,130,108,103,119,103,46,237,25,26,24,28,,,,,,,,,,,,,,,,,,,2024-04-22
Bihar,Motihari,38,,28,32,76,126,110,106,82,44,57,148,138,130,128,158,94,43,285,20,15,30,30,,,,,,,,,,,,,,,,,,,2024-04-22
Bihar,Samastipur,40,,25,33,80,138,117,113,82,43,53,160,133,120,138,150,110,45,310,24,23,31,32,,,,,,,,,,,,,,,,,,,2024-04-22
Bihar,Katihar,37,,29,32,79,153,124,113,78,44,57,NR,133,129,130,145,NR,48,302,19,17,28,30,,,,,,,,,,,,,,,,,,,2024-04-22
Bihar,Araria,41,,24,40,77,140,140,100,80,43,56,NR,128,118,118,178,84,51,300,23,15,25,32,,,,,,,,,,,,,,,,,,,2024-04-22
Bihar,Nawada,38,,25,35,86,160,122,114,83,44,60,227,153,120,114,170,111,50,280,27,24,20,37,,,,,,,,,,,,,,,,,,,2024-04-22
Bihar,Khagaria,44,,25,37,80,125,115,120,80,44,43,NR,135,110,125,130,112,44,380,27,16,35,30,,,,,,,,,,,,,,,,,,,2024-04-22
Bihar,Banka,35,,28,36,75,140,110,100,75,41,56,NR,127,109,121,183,105,42,205,14,13,40,30,,,,,,,,,,,,,,,,,,,2024-04-22
Bihar,Arwal,36,,26,32,72,140,110,120,78,43,53,NR,137,123,141,125,110,44,277,25,19,27,20,,,,,,,,,,,,,,,,,,,2024-04-22
Bihar,Aurangabad,35,,25,32,74,148,119,115,79,44,58,217,136,142,132,192,95,47,198,26,24,24,25,,,,,,,,,,,,,,,,,,,2024-04-22
Bihar,Begusarai,37,,27,31,75,124,109,104,80,43,53,NR,125,121,119,NR,96,44,319,13,13,29,18,,,,,,,,,,,,,,,,,,,2024-04-22
Bihar,Bhojpur Ara,43,,27,30,85,150,115,124,78,45,52,225,148,162,145,198,NR,49,362,29,20,25,32,,,,,,,,,,,,,,,,,,,2024-04-22
Bihar,Buxar,31,,26,29,75,146,121,127,73,44,60,128,148,118,118,148,117,44,260,28,16,29,19,,,,,,,,,,,,,,,,,,,2024-04-22
Bihar,Gopalganj,44,,26,30,80,165,110,120,80,NR,NR,225,128,125,120,125,100,NR,NR,NR,25,25,30,,,,,,,,,,,,,,,,,,,2024-04-22
Bihar,Jamui,39,,29,34,72,140,118,115,76,43,57,NR,129,111,131,NR,122,38,254,29,16,32,22,,,,,,,,,,,,,,,,,,,2024-04-22
Bihar,Jehanabad,35,,28,32,79,153,129,119,79,45,55,NR,135,125,125,168,NR,48,247,26,19,28,27,,,,,,,,,,,,,,,,,,,2024-04-22
Bihar,Kaimur,38,,28,32,72,162,126,112,74,45,58,187,133,115,140,191,92,45,200,24,16,34,22,,,,,,,,,,,,,,,,,,,2024-04-22
Bihar,Kishanganj,36,,27,33,78,145,115,110,80,43,55,NR,125,120,115,137,99,45,300,25,16,30,30,,,,,,,,,,,,,,,,,,,2024-04-22
Bihar,Lakhisarai,37,,30,35,73,144,110,115,86,46,58,NR,148,128,138,NR,128,44,256,26,19,38,44,,,,,,,,,,,,,,,,,,,2024-04-22
Bihar,Medhepura,39,,24,33,77,151,127,117,78,46,56,NR,127,113,114,117,101,44,339,12,27,29,28,,,,,,,,,,,,,,,,,,,2024-04-22
Bihar,Nalanda,NR,,NR,NR,NR,NR,NR,NR,NR,NR,NR,NR,NR,NR,NR,NR,NR,NR,NR,NR,NR,NR,NR,,,,,,,,,,,,,,,,,,,2024-04-22
Bihar,Sheikhpura,37,,29,36,85,139,110,115,83,42,56,NR,145,130,136,NR,NR,54,243,28,21,20,25,,,,,,,,,,,,,,,,,,,2024-04-22
Bihar,Sheohar,37,,24,32,81,151,127,119,73,43,55,153,133,118,132,165,99,47,220,27,23,27,36,,,,,,,,,,,,,,,,,,,2024-04-22
Bihar,Sitamarhi,37,,27,33,75,155,117,116,79,45,55,NR,126,118,119,167,104,49,270,27,19,34,37,,,,,,,,,,,,,,,,,,,2024-04-22
Bihar,Siwan,35,,24,28,75,164,101,109,74,43,54,182,126,104,119,185,94,44,200,25,26,24,22,,,,,,,,,,,,,,,,,,,2024-04-22
Bihar,Supaul,41,,27,33,85,155,117,113,79,44,51,165,125,120,135,180,100,50,365,14,11,24,24,,,,,,,,,,,,,,,,,,,2024-04-22
Bihar,Vaishali,36,,29,32,73,138,118,113,74,44,60,150,114,101,123,160,98,45,207,27,14,29,35,,,,,,,,,,,,,,,,,,,2024-04-22
Bihar,West Champaran,41,,25,36,80,135,115,100,82,42,52,163,131,158,142,200,118,47,290,16,23,32,36,,,,,,,,,,,,,,,,,,,2024-04-22
Jharkhand,Ranchi,44,,36,35,75,154,120,105,75,45,56,240,123,104,115,124,99,44,240,27,27,25,25,,,,,,,,,,,,,,,,,,,2024-04-22
Jharkhand,Gumla,40,,29,34,85,125,105,98,70,43,55,209,137,110,110,198,104,40,270,10,16,25,25,,,,,,,,,,,,,,,,,,,2024-04-22
Jharkhand,Sahibganj,40,,31,34,74,174,100,120,90,46,60,200,150,123,NR,NR,NR,48,380,20,18,25,19,,,,,,,,,,,,,,,,,,,2024-04-22
Jharkhand,Bokaro,34,,34,36,80,125,95,97,85,NR,NR,170,175,130,145,170,125,NR,NR,NR,20,42,36,,,,,,,,,,,,,,,,,,,2024-04-22
Jharkhand,Lohardaga,25,,28,36,72,151,118,109,75,44,59,NR,130,128,125,152,108,44,203,25,12,22,22,,,,,,,,,,,,,,,,,,,2024-04-22
Jharkhand,Simdega,38,,NR,35,76,153,123,120,77,44,59,NR,138,116,127,126,110,43,200,27,22,24,15,,,,,,,,,,,,,,,,,,,2024-04-22
Jharkhand,Dhanbad,42,,35,36,86,160,132,115,85,46,62,196,132,122,123,125,120,50,300,22,26,30,35,,,,,,,,,,,,,,,,,,,2024-04-22
Jharkhand,Jamshedpur (East Singbhum),NR,,NR,NR,NR,NR,NR,NR,NR,NR,NR,NR,NR,NR,NR,NR,NR,NR,NR,NR,NR,NR,NR,,,,,,,,,,,,,,,,,,,2024-04-22
Jharkhand,Giridhi,33,,28,30,80,160,100,95,75,44,55,NR,125,120,120,160,95,40,300,19,16,23,28,,,,,,,,,,,,,,,,,,,2024-04-22
Jharkhand,Seraikella,36,,28,35,80,150,125,114,76,46,60,169,120,141,100,131,93,51,213,25,20,30,24,,,,,,,,,,,,,,,,,,,2024-04-22
Jharkhand,West Singhbhum,44,,42,44,74,131,129,129,89,47,60,151,152,127,141,141,122,49,274,24,25,37,27,,,,,,,,,,,,,,,,,,,2024-04-22
Jharkhand,Daltonganj,40,,27,35,86,148,108,102,82,45,59,NR,122,104,115,NR,105,52,369,25,25,29,24,,,,,,,,,,,,,,,,,,,2024-04-22
Jharkhand,Deoghar,41,,36,38,78,144,126,110,91,49,60,125,163,151,154,171,101,50,264,30,17,30,29,,,,,,,,,,,,,,,,,,,2024-04-22
Jharkhand,Ramgarh,35,,33,35,60,151,124,112,74,46,NR,NR,131,122,155,190,104,44,279,25,28,35,20,,,,,,,,,,,,,,,,,,,2024-04-22
Jharkhand,Pakur,50,,35,38,87,159,127,118,110,46,59,134,131,116,109,121,99,54,413,28,24,15,28,,,,,,,,,,,,,,,,,,,2024-04-22
Jharkhand,Jamtara,35,,28,31,81,166,141,121,86,46,60,142,125,105,123,121,101,48,348,28,26,25,19,,,,,,,,,,,,,,,,,,,2024-04-22
Jharkhand,Latehar,40,,25,32,74,134,117,107,75,44,60,NR,123,163,116,125,95,41,225,29,20,26,18,,,,,,,,,,,,,,,,,,,2024-04-22
Jharkhand,Godda,40,,29,35,70,170,120,120,80,46,62,220,130,120,120,150,110,55,420,28,25,24,30,,,,,,,,,,,,,,,,,,,2024-04-22
Jharkhand,Koderma,38,,30,32,80,160,130,118,80,45,59,150,125,110,125,149,100,50,198,27,28,28,30,,,,,,,,,,,,,,,,,,,2024-04-22
Odisha,Bhubaneshwar,37,,35,39,81,164,125,115,80,46,52,NR,131,123,NR,112,95,52,227,25,31,26,31,,,,,,,,,,,,,,,,,,,2024-04-22
Odisha,Cuttack,NR,,NR,NR,NR,NR,NR,NR,NR,NR,NR,NR,NR,NR,NR,NR,NR,NR,NR,NR,NR,NR,NR,,,,,,,,,,,,,,,,,,,2024-04-22
Odisha,Sambalpur,40,,43,48,80,155,123,106,76,46,52,NR,145,117,NR,122,116,42,240,28,28,25,25,,,,,,,,,,,,,,,,,,,2024-04-22
Odisha,Rourkela,33,,38,41,82,155,127,113,76,44,52,NR,130,101,108,114,97,49,180,27,31,22,28,,,,,,,,,,,,,,,,,,,2024-04-22
Odisha,Berhampur,37,,45,40,77,152,120,102,75,47,51,NR,139,103,137,115,106,49,245,26,21,47,29,,,,,,,,,,,,,,,,,,,2024-04-22
Odisha,Jeypore,45,,40,35,83,159,118,115,80,44,52,NR,129,111,NR,115,105,49,210,27,30,25,23,,,,,,,,,,,,,,,,,,,2024-04-22
Odisha,Balasore,38,,40,38,80,160,120,120,80,46,52,NR,138,95,NR,113,96,56,240,26,28,25,20,,,,,,,,,,,,,,,,,,,2024-04-22
Odisha,Baripada,37,,30,35,80,166,126,115,79,45,52,165,135,102,132,112,98,55,230,26,28,25,28,,,,,,,,,,,,,,,,,,,2024-04-22
Odisha,Balangir,45,,37,46,84,152,132,117,81,43,52,NR,131,104,NR,112,97,48,NR,28,34,23,38,,,,,,,,,,,,,,,,,,,2024-04-22
Odisha,Angul,34,,NR,40,70,140,134,102,78,44,54,NR,130,NR,NR,114,85,43,374,25,17,47,24,,,,,,,,,,,,,,,,,,,2024-04-22
Odisha,Boudhgarh,32,,NR,NR,80,160,120,120,90,41,56,NR,136,110,NR,115,100,47,NR,27,30,30,20,,,,,,,,,,,,,,,,,,,2024-04-22
Odisha,Dhenkanal,35,,35,40,77,150,117,112,80,44,52,180,135,122,131,115,87,55,370,27,29,25,20,,,,,,,,,,,,,,,,,,,2024-04-22
Odisha,Jagatsinghpur,33,,33,44,85,160,80,110,80,40,43,NR,145,139,120,110,90,43,208,19,19,35,25,,,,,,,,,,,,,,,,,,,2024-04-22
Odisha,Kandhamal,38,,38,42,82,148,132,118,82,50,58,NR,135,123,NR,115,95,52,NR,27,29,28,30,,,,,,,,,,,,,,,,,,,2024-04-22
Odisha,Keonjhar,39,,38,43,84,153,121,121,100,45,50,NR,133,104,NR,117,102,51,369,27,19,38,42,,,,,,,,,,,,,,,,,,,2024-04-22
Odisha,Malkangiri,49,,NR,31,81,162,129,117,77,41,52,NR,132,102,NR,111,98,53,333,25,30,30,36,,,,,,,,,,,,,,,,,,,2024-04-22
Odisha,Nabarangpur,40,,25,45,90,166,132,120,89,45,56,120,107,127,105,117,91,51,291,25,21,27,21,,,,,,,,,,,,,,,,,,,2024-04-22
Odisha,Nayagarh,38,,NR,39,75,145,120,120,90,44,52,NR,129,117,NR,111,90,55,NR,26,30,27,31,,,,,,,,,,,,,,,,,,,2024-04-22
Odisha,Nuapada,NR,,NR,NR,NR,NR,NR,NR,NR,NR,NR,NR,NR,NR,NR,NR,NR,NR,NR,NR,NR,NR,NR,,,,,,,,,,,,,,,,,,,2024-04-22
Odisha,Paralakhemundi Gajapati,37,,NR,40,67,145,111,120,85,40,NR,NR,173,142,NR,152,98,45,180,27,20,68,63,,,,,,,,,,,,,,,,,,,2024-04-22
Odisha,Puri,39,,37,41,79,155,123,114,81,43,52,NR,135,112,NR,117,97,54,274,25,29,29,32,,,,,,,,,,,,,,,,,,,2024-04-22
Odisha,Rayagada,38,,33,38,82,160,136,120,80,48,52,160,138,95,144,108,91,48,NR,27,26,23,27,,,,,,,,,,,,,,,,,,,2024-04-22
Odisha,Sonepur,42,,NR,41,83,158,122,119,80,42,55,NR,136,122,NR,117,101,46,343,17,24,25,30,,,,,,,,,,,,,,,,,,,2024-04-22
Odisha,Bhadrak,35,,NR,37,80,148,125,115,80,43,52,223,137,130,185,115,92,50,320,26,24,26,25,,,,,,,,,,,,,,,,,,,2024-04-22
Odisha,Jharsuguda,38,,44,36,83,161,127,114,80,45,50,NR,135,102,112,120,100,44,NR,27,33,30,30,,,,,,,,,,,,,,,,,,,2024-04-22
Odisha,Kendrapara,37,,NR,36,82,152,120,120,80,44,54,NR,130,130,NR,115,100,45,240,26,28,25,20,,,,,,,,,,,,,,,,,,,2024-04-22
Odisha,Jajpur,35,,40,42,75,145,112,110,75,42,56,NR,140,120,NR,115,91,55,350,25,16,18,33,,,,,,,,,,,,,,,,,,,2024-04-22
Odisha,Kalahandi,39,,38,42,80,150,120,115,81,44,53,183,140,105,114,120,102,54,330,28,28,31,29,,,,,,,,,,,,,,,,,,,2024-04-22
West Bengal,Kolkata,48,,NR,36,85,158,138,125,100,47,54,NR,129,121,119,122,98,62,263,22,26,32,28,,,,,,,,,,,,,,,,,,,2024-04-22
West Bengal,Siliguri,39,,29,34,82,154,111,114,98,45,50,178,129,108,111,129,107,52,198,13,15,26,22,,,,,,,,,,,,,,,,,,,2024-04-22
West Bengal,Purulia,34,,NR,32,85,155,125,115,86,44,55,120,130,99,115,129,89,51,283,26,24,22,24,,,,,,,,,,,,,,,,,,,2024-04-22
West Bengal,Kharagpur,51,,35,38,86,157,132,114,100,46,54,216,134,106,112,122,102,50,238,27,25,25,20,,,,,,,,,,,,,,,,,,,2024-04-22
West Bengal,Rampurhat,45,,29,38,84,151,123,128,108,46,56,186,130,110,114,124,96,52,280,22,26,26,21,,,,,,,,,,,,,,,,,,,2024-04-22
West Bengal,Malda,43,,26,42,73,155,115,110,105,43,56,NR,140,96,122,141,119,61,320,21,21,27,25,,,,,,,,,,,,,,,,,,,2024-04-22
West Bengal,Raiganj,39,,28,33,74,167,127,111,108,44,44,180,129,98,121,127,99,56,248,10,18,34,37,,,,,,,,,,,,,,,,,,,2024-04-22
West Bengal,Alipurduar,38,,NR,44,75,175,110,115,110,47,68,NR,120,100,110,125,98,55,238,10,20,39,39,,,,,,,,,,,,,,,,,,,2024-04-22
West Bengal,Asansol,52,,NR,42,88,159,142,161,118,47,64,NR,138,112,120,119,109,48,300,26,25,28,22,,,,,,,,,,,,,,,,,,,2024-04-22
West Bengal,Balurghat,47,,31,40,78,150,124,112,95,46,46,NR,124,114,107,116,86,42,337,10,19,22,25,,,,,,,,,,,,,,,,,,,2024-04-22
West Bengal,Bankura,37,,NR,33,82,151,135,150,113,46,58,235,128,118,110,124,91,49,280,26,23,29,20,,,,,,,,,,,,,,,,,,,2024-04-22
West Bengal,Barasat,43,,35,40,85,125,NR,135,112,45,60,200,133,114,113,108,110,59,243,30,26,48,36,,,,,,,,,,,,,,,,,,,2024-04-22
West Bengal,Bardhaman,48,,NR,38,85,165,133,120,110,44,54,220,125,110,106,120,95,58,260,25,24,25,20,,,,,,,,,,,,,,,,,,,2024-04-22
West Bengal,Baruipur,63,,NR,36,93,133,135,157,126,41,55,NR,134,124,110,123,105,55,222,27,27,34,27,,,,,,,,,,,,,,,,,,,2024-04-22
West Bengal,Berhampore,48,,27,40,70,125,98,140,109,46,58,250,140,107,117,148,104,46,220,13,18,30,30,,,,,,,,,,,,,,,,,,,2024-04-22
West Bengal,Chinsurah,51,,NR,NR,90,155,130,150,110,46,51,210,124,123,107,120,98,50,222,26,25,32,27,,,,,,,,,,,,,,,,,,,2024-04-22
West Bengal,Cooch behar,46,,NR,34,75,140,120,115,110,44,60,NR,132,107,105,137,97,50,290,26,20,27,30,,,,,,,,,,,,,,,,,,,2024-04-22
West Bengal,Howrah,50,,NR,36,90,160,140,125,112,46,54,NR,128,120,115,123,NR,55,293,27,21,35,20,,,,,,,,,,,,,,,,,,,2024-04-22
West Bengal,Jalapiguri,37,,28,45,85,168,110,123,107,46,56,NR,120,125,108,123,100,50,300,25,30,25,15,,,,,,,,,,,,,,,,,,,2024-04-22
West Bengal,Jhargram,42,,NR,40,80,147,125,112,90,48,54,NR,126,106,105,125,95,39,273,29,22,27,26,,,,,,,,,,,,,,,,,,,2024-04-22
West Bengal,Kalimpong,38,,36,38,95,124,128,120,100,46,48,NR,140,114,148,162,NR,51,380,15,25,35,30,,,,,,,,,,,,,,,,,,,2024-04-22
West Bengal,Krishnagar,36,,NR,37,70,123,104,138,107,41,44,178,113,133,116,130,114,44,253,19,23,68,61,,,,,,,,,,,,,,,,,,,2024-04-22
West Bengal,Tamluk,43,,NR,43,99,156,120,180,119,50,56,NR,131,125,106,128,100,54,300,28,27,28,24,,,,,,,,,,,,,,,,,,,2024-04-22
NORTH EAST ZONE,NORTH EAST ZONE,,,,,,,,,,,,,,,,,,,,,,,,,,,,,,,,,,,,,,,,,,2024-04-22
Andaman and Nicobar,Port Blair,50,,NR,69,96,162,156,136,96,52,73,NR,176,198,NR,133,127,73,325,20,55,50,65,,,,,,,,,,,,,,,,,,,2024-04-22
Andaman and Nicobar,Mayabunder,43,,NR,67,85,160,140,128,95,52,71,203,179,185,NR,121,114,70,315,18,60,50,50,,,,,,,,,,,,,,,,,,,2024-04-22
Andaman and Nicobar,Car Nicobar,52,,NR,67,99,190,159,140,106,60,75,262,169,160,NR,139,120,85,285,21,50,60,80,,,,,,,,,,,,,,,,,,,2024-04-22
Arunachal pradesh,Itanagar,40,,NR,40,90,170,120,130,90,50,75,NR,120,120,120,160,NR,NR,NR,15,30,30,50,,,,,,,,,,,,,,,,,,,2024-04-22
Arunachal pradesh,Namsai,30,,NR,35,85,120,120,110,95,50,68,NR,195,220,160,225,NR,70,300,30,20,40,40,,,,,,,,,,,,,,,,,,,2024-04-22
Arunachal pradesh,Pasighat,60,,NR,60,107,170,140,120,110,60,80,167,163,137,143,190,NR,80,327,20,27,50,50,,,,,,,,,,,,,,,,,,,2024-04-22
Arunachal pradesh,Tawang,48,,45,45,103,139,147,130,125,NR,NR,NR,NR,NR,NR,NR,NR,NR,NR,NR,NR,NR,NR,,,,,,,,,,,,,,,,,,,2024-04-22
Assam,Guwahati,38,,32,36,81,152,105,112,84,48,70,213,147,130,125,125,120,50,200,12,28,31,33,,,,,,,,,,,,,,,,,,,2024-04-22
Assam,Barpeta,37,,28,33,77,130,99,116,82,47,70,NR,157,154,169,111,139,43,203,12,20,46,31,,,,,,,,,,,,,,,,,,,2024-04-22
Assam,Tinsukia,36,,NR,35,85,155,115,115,85,45,74,NR,145,140,130,130,NR,55,180,12,25,30,NR,,,,,,,,,,,,,,,,,,,2024-04-22
Assam,Dhubri,35,,33,37,78,155,135,115,80,45,75,250,135,110,115,115,100,50,250,10,20,25,30,,,,,,,,,,,,,,,,,,,2024-04-22
Assam,Goalpara,NR,,NR,NR,NR,NR,NR,NR,NR,NR,NR,NR,NR,NR,NR,NR,NR,NR,NR,NR,NR,NR,NR,,,,,,,,,,,,,,,,,,,2024-04-22
Assam,Golaghat,47,,31,36,76,141,112,112,105,49,59,NR,163,163,171,177,166,66,265,12,25,25,40,,,,,,,,,,,,,,,,,,,2024-04-22
Assam,Mangaldai,NR,,NR,NR,NR,NR,NR,NR,NR,NR,NR,NR,NR,NR,NR,NR,NR,NR,NR,NR,NR,NR,NR,,,,,,,,,,,,,,,,,,,2024-04-22
Assam,Mushalpur,41,,35,34,81,150,NR,117,88,46,71,NR,150,142,167,141,108,46,213,10,25,24,40,,,,,,,,,,,,,,,,,,,2024-04-22
Assam,Udalguri,41,,27,38,80,140,120,110,80,47,70,NR,142,134,118,151,102,49,258,20,25,31,30,,,,,,,,,,,,,,,,,,,2024-04-22
Assam,Bajali,60,,30,34,85,150,130,120,90,43,70,NR,167,NR,163,180,NR,60,400,10,18,23,25,,,,,,,,,,,,,,,,,,,2024-04-22
Assam,Hojai,41,,NR,36,80,150,85,112,85,49,73,NR,125,100,118,127,102,60,230,10,20,26,26,,,,,,,,,,,,,,,,,,,2024-04-22
Assam,Jorhat,48,,31,44,96,153,94,125,103,48,74,243,158,152,113,163,117,65,218,13,29,24,42,,,,,,,,,,,,,,,,,,,2024-04-22
Assam,Bongaigaon,43,,NR,33,70,115,95,109,105,45,72,NR,140,152,149,174,109,50,348,10,23,27,25,,,,,,,,,,,,,,,,,,,2024-04-22
Assam,Morigaon,42,,NR,38,81,150,110,120,97,45,60,NR,140,140,147,150,107,60,237,10,19,27,20,,,,,,,,,,,,,,,,,,,2024-04-22
Assam,Sonari,36,,34,33,75,155,NR,115,100,46,72,NR,157,99,135,NR,NR,68,213,12,23,26,34,,,,,,,,,,,,,,,,,,,2024-04-22
Assam,Tamulpur,47,,35,35,85,139,129,119,97,45,68,NR,143,114,129,NR,100,50,290,10,24,27,25,,,,,,,,,,,,,,,,,,,2024-04-22
Assam,Sivasagar,51,,NR,48,83,132,123,129,93,49,78,NR,143,132,145,NR,NR,67,270,10,25,24,NR,,,,,,,,,,,,,,,,,,,2024-04-22
Assam,Biswanath Chariali,NR,,NR,NR,NR,NR,NR,NR,NR,NR,NR,NR,NR,NR,NR,NR,NR,NR,NR,NR,NR,NR,NR,,,,,,,,,,,,,,,,,,,2024-04-22
Assam,Dibrugarh,43,,NR,40,86,172,128,118,93,47,74,NR,143,142,127,137,NR,55,273,23,26,30,35,,,,,,,,,,,,,,,,,,,2024-04-22
Assam,Karimganj,39,,NR,37,82,153,133,111,80,44,71,NR,138,NR,109,127,102,55,236,14,27,26,30,,,,,,,,,,,,,,,,,,,2024-04-22
Assam,Majuli,50,,NR,37,87,153,88,117,102,49,70,NR,133,NR,132,NR,NR,59,256,15,20,32,NR,,,,,,,,,,,,,,,,,,,2024-04-22
Assam,Sonitpur Tezpur,NR,,NR,NR,NR,NR,NR,NR,NR,NR,NR,NR,NR,NR,NR,NR,NR,NR,NR,NR,NR,NR,NR,,,,,,,,,,,,,,,,,,,2024-04-22
Assam,Haflong,35,,NR,38,90,160,NR,120,90,50,74,NR,150,NR,120,135,NR,80,260,30,25,30,40,,,,,,,,,,,,,,,,,,,2024-04-22
Assam,AS-Lakhimpur,38,,NR,33,80,147,97,107,90,46,71,NR,138,125,123,126,NR,60,175,15,20,28,33,,,,,,,,,,,,,,,,,,,2024-04-22
Assam,Diphu,42,,NR,35,87,158,142,125,95,50,74,NR,142,NR,133,163,110,80,237,14,25,28,32,,,,,,,,,,,,,,,,,,,2024-04-22
Assam,Nalbari,51,,NR,45,130,162,147,108,88,48,79,130,158,145,152,157,112,45,350,10,32,57,35,,,,,,,,,,,,,,,,,,,2024-04-22
Assam,South Salmara Mankachar,40,,29,33,85,170,120,120,80,47,56,201,150,NR,136,NR,105,51,231,10,23,32,32,,,,,,,,,,,,,,,,,,,2024-04-22
Assam,Kamrup,NR,,NR,NR,NR,NR,NR,NR,NR,NR,NR,NR,NR,NR,NR,NR,NR,NR,NR,NR,NR,NR,NR,,,,,,,,,,,,,,,,,,,2024-04-22
Manipur,Imphal,50,,40,38,90,170,135,130,100,55,NR,NR,140,120,130,140,120,75,240,25,23,40,40,,,,,,,,,,,,,,,,,,,2024-04-22
Manipur,Chandel,NR,,NR,NR,NR,NR,NR,NR,NR,NR,NR,NR,NR,NR,NR,NR,NR,NR,NR,NR,NR,NR,NR,,,,,,,,,,,,,,,,,,,2024-04-22
Manipur,Jiribam,NR,,NR,NR,NR,NR,NR,NR,NR,NR,NR,NR,NR,NR,NR,NR,NR,NR,NR,NR,NR,NR,NR,,,,,,,,,,,,,,,,,,,2024-04-22
Manipur,Kangpokpi,NR,,NR,NR,NR,NR,NR,NR,NR,NR,NR,NR,NR,NR,NR,NR,NR,NR,NR,NR,NR,NR,NR,,,,,,,,,,,,,,,,,,,2024-04-22
Manipur,Senapati,NR,,NR,NR,NR,NR,NR,NR,NR,NR,NR,NR,NR,NR,NR,NR,NR,NR,NR,NR,NR,NR,NR,,,,,,,,,,,,,,,,,,,2024-04-22
Manipur,Tamenglong,NR,,NR,NR,NR,NR,NR,NR,NR,NR,NR,NR,NR,NR,NR,NR,NR,NR,NR,NR,NR,NR,NR,,,,,,,,,,,,,,,,,,,2024-04-22
Manipur,Thoubal,NR,,NR,NR,NR,NR,NR,NR,NR,NR,NR,NR,NR,NR,NR,NR,NR,NR,NR,NR,NR,NR,NR,,,,,,,,,,,,,,,,,,,2024-04-22
Manipur,Ukhrul,NR,,NR,NR,NR,NR,NR,NR,NR,NR,NR,NR,NR,NR,NR,NR,NR,NR,NR,NR,NR,NR,NR,,,,,,,,,,,,,,,,,,,2024-04-22
Meghalaya,Shillong,45,,37,36,90,160,123,113,100,48,74,NR,125,130,112,NR,NR,70,300,30,28,35,43,,,,,,,,,,,,,,,,,,,2024-04-22
Meghalaya,Tura,35,,40,39,90,177,137,120,90,48,74,NR,140,NR,127,132,103,87,467,20,25,40,33,,,,,,,,,,,,,,,,,,,2024-04-22
Meghalaya,Jowai,38,,38,36,90,130,120,120,90,48,74,NR,120,NR,120,230,NR,80,360,30,24,30,40,,,,,,,,,,,,,,,,,,,2024-04-22
Meghalaya,Sohra,38,,39,39,NR,140,150,117,85,50,74,NR,120,NR,120,NR,NR,100,325,30,28,43,48,,,,,,,,,,,,,,,,,,,2024-04-22
Meghalaya,Mairang,40,,38,37,NR,NR,NR,120,90,53,74,NR,118,NR,123,NR,NR,NR,340,12,28,36,30,,,,,,,,,,,,,,,,,,,2024-04-22
Meghalaya,Nongpoh,35,,NR,35,87,167,137,120,88,49,75,NR,132,132,128,172,NR,73,423,15,30,38,30,,,,,,,,,,,,,,,,,,,2024-04-22
Meghalaya,Khliehriat,45,,40,38,90,155,120,125,85,50,74,NR,160,137,138,NR,NR,43,333,30,30,30,30,,,,,,,,,,,,,,,,,,,2024-04-22
Meghalaya,Williamnagar,35,,40,37,95,180,NR,120,90,50,70,NR,160,NR,147,NR,100,NR,470,15,30,35,40,,,,,,,,,,,,,,,,,,,2024-04-22
Meghalaya,Nongstoin,37,,40,40,NR,NR,NR,120,90,50,73,NR,133,155,130,175,175,NR,357,15,30,53,38,,,,,,,,,,,,,,,,,,,2024-04-22
Meghalaya,Mawkyrwat,38,,36,36,NR,NR,NR,122,82,49,74,NR,125,NR,112,NR,NR,NR,345,16,23,29,37,,,,,,,,,,,,,,,,,,,2024-04-22
Mizoram,Aizawl,50,,40,50,90,157,134,133,100,50,80,169,187,154,132,154,143,100,520,30,37,53,77,,,,,,,,,,,,,,,,,,,2024-04-22
Mizoram,Lunglei,50,,40,45,98,NR,NR,120,105,50,75,NR,190,220,150,NR,NR,100,520,25,40,60,70,,,,,,,,,,,,,,,,,,,2024-04-22
Mizoram,Kolasib,45,,40,40,96,130,120,110,100,50,78,NR,172,NR,120,197,113,113,407,26,32,57,70,,,,,,,,,,,,,,,,,,,2024-04-22
Mizoram,Mamit,50,,40,40,NR,NR,NR,110,100,50,75,NR,190,NR,100,200,120,NR,NR,30,40,40,50,,,,,,,,,,,,,,,,,,,2024-04-22
Mizoram,Champhai,50,,35,60,NR,NR,NR,NR,100,50,80,NR,180,NR,130,NR,NR,167,520,30,60,70,57,,,,,,,,,,,,,,,,,,,2024-04-22
Mizoram,Serchhip,43,,NR,45,120,165,150,150,100,50,80,NR,190,200,118,NR,NR,100,280,30,30,47,57,,,,,,,,,,,,,,,,,,,2024-04-22
Mizoram,Siaha,50,,45,44,120,130,110,120,100,50,70,NR,214,140,159,NR,138,NR,540,30,37,60,97,,,,,,,,,,,,,,,,,,,2024-04-22
Mizoram,Lawngtlai,50,,40,45,80,120,100,110,100,58,80,NR,NR,NR,125,NR,110,110,490,30,32,52,78,,,,,,,,,,,,,,,,,,,2024-04-22
Mizoram,Hnahthial,52,,45,45,125,160,130,130,97,52,79,NR,165,140,110,NR,NR,120,520,30,35,43,70,,,,,,,,,,,,,,,,,,,2024-04-22
Mizoram,Khawzawl,40,,50,40,110,140,NR,140,95,50,83,150,170,NR,127,NR,150,147,520,30,37,73,NR,,,,,,,,,,,,,,,,,,,2024-04-22
Mizoram,Saitual,50,,40,NR,100,NR,100,NR,95,50,80,NR,230,NR,140,NR,NR,NR,NR,30,40,40,80,,,,,,,,,,,,,,,,,,,2024-04-22
Nagaland,Kohima,45,,40,55,90,180,130,140,90,50,75,NR,120,140,120,190,NR,NR,330,20,35,40,40,,,,,,,,,,,,,,,,,,,2024-04-22
Nagaland,Dimapur,NR,,NR,NR,NR,NR,NR,NR,NR,NR,NR,NR,NR,NR,NR,NR,NR,NR,NR,NR,NR,NR,NR,,,,,,,,,,,,,,,,,,,2024-04-22
Nagaland,Tuensang,37,,38,55,100,NR,NR,120,100,50,NR,NR,160,NR,165,NR,NR,NR,275,20,30,50,50,,,,,,,,,,,,,,,,,,,2024-04-22
Nagaland,Mokochung,50,,NR,60,140,140,180,140,100,50,74,NR,120,120,140,200,NR,90,380,15,30,40,40,,,,,,,,,,,,,,,,,,,2024-04-22
Nagaland,Chumukedima,40,,NR,35,110,140,120,100,90,40,80,NR,130,160,150,200,NR,90,320,15,20,40,30,,,,,,,,,,,,,,,,,,,2024-04-22
Nagaland,Mon,40,,NR,50,80,NR,NR,120,100,50,70,NR,130,NR,130,NR,NR,60,350,20,25,50,50,,,,,,,,,,,,,,,,,,,2024-04-22
Nagaland,Peren,38,,40,40,120,NR,140,120,100,50,72,NR,160,NR,168,NR,NR,80,345,15,25,70,40,,,,,,,,,,,,,,,,,,,2024-04-22
Nagaland,Phek,40,,50,50,100,140,140,140,100,50,72,NR,160,NR,170,NR,NR,NR,350,20,30,60,60,,,,,,,,,,,,,,,,,,,2024-04-22
Nagaland,Tseminyu,50,,NR,50,NR,NR,NR,130,100,50,70,NR,120,NR,120,NR,NR,NR,360,15,40,40,50,,,,,,,,,,,,,,,,,,,2024-04-22
Nagaland,Wokha,45,,NR,43,120,123,125,120,100,50,68,NR,160,200,180,NR,NR,NR,290,15,30,70,60,,,,,,,,,,,,,,,,,,,2024-04-22
Nagaland,Zunheboto,50,,NR,50,NR,120,NR,140,100,45,75,NR,150,NR,140,NR,NR,60,400,18,30,50,50,,,,,,,,,,,,,,,,,,,2024-04-22
Nagaland,Kiphire,36,,NR,40,90,95,NR,85,90,50,80,NR,130,NR,150,NR,NR,70,335,18,30,55,50,,,,,,,,,,,,,,,,,,,2024-04-22
Nagaland,Longleng,38,,40,50,NR,150,NR,120,100,70,75,NR,160,NR,180,NR,NR,80,350,20,25,40,60,,,,,,,,,,,,,,,,,,,2024-04-22
Nagaland,Niuland,35,,NR,40,NR,140,100,120,100,50,70,NR,120,NR,130,NR,NR,120,370,15,22,25,30,,,,,,,,,,,,,,,,,,,2024-04-22
Nagaland,Shamator,40,,43,60,100,120,NR,110,100,50,65,NR,130,NR,140,NR,110,100,175,20,30,65,65,,,,,,,,,,,,,,,,,,,2024-04-22
Nagaland,Noklak,40,,50,60,90,100,NR,NR,105,50,NR,NR,130,NR,130,NR,NR,NR,NR,20,30,60,60,,,,,,,,,,,,,,,,,,,2024-04-22
Sikkim,Gangtok,65,,40,40,85,135,128,127,95,50,62,NR,159,115,121,143,NR,60,547,17,35,35,30,,,,,,,,,,,,,,,,,,,2024-04-22
Sikkim,Gyalshing,45,,35,36,90,170,140,120,100,50,65,NR,160,120,140,180,NR,60,440,20,30,40,40,,,,,,,,,,,,,,,,,,,2024-04-22
Sikkim,Namchi,54,,32,45,80,120,130,108,100,45,65,NR,183,114,167,190,NR,50,420,21,35,70,50,,,,,,,,,,,,,,,,,,,2024-04-22
Sikkim,Soreng,49,,35,35,90,110,110,132,100,50,65,NR,154,130,132,148,NR,60,480,20,35,40,40,,,,,,,,,,,,,,,,,,,2024-04-22
Sikkim,Mangan,60,,36,36,80,135,135,130,110,50,60,NR,187,167,NR,210,NR,66,343,17,35,50,45,,,,,,,,,,,,,,,,,,,2024-04-22
Tripura,Agartala,39,,NR,40,82,127,132,107,96,46,70,NR,138,130,122,140,111,70,200,10,33,30,30,,,,,,,,,,,,,,,,,,,2024-04-22
Tripura,Dharmanagar,35,,NR,40,89,160,135,120,110,48,71,NR,123,130,118,158,103,72,253,10,30,30,30,,,,,,,,,,,,,,,,,,,2024-04-22
Tripura,Belonia,NR,,NR,NR,NR,NR,NR,NR,NR,NR,NR,NR,NR,NR,NR,NR,NR,NR,NR,NR,NR,NR,NR,,,,,,,,,,,,,,,,,,,2024-04-22
Tripura,TR-Udaipur,37,,NR,36,85,145,118,113,100,50,72,NR,125,108,110,130,93,60,168,10,28,25,36,,,,,,,,,,,,,,,,,,,2024-04-22
SOUTH ZONE,SOUTH ZONE,,,,,,,,,,,,,,,,,,,,,,,,,,,,,,,,,,,,,,,,,,2024-04-22
Andhra Pradesh,Vijaywada,55,,51,55,90,175,147,130,96,43,68,165,179,118,NR,112,89,61,297,19,38,26,38,,,,,,,,,,,,,,,,,,,2024-04-22
Andhra Pradesh,Visakhapatnam,51,,41,42,79,157,137,122,88,42,54,164,143,105,NR,110,95,57,280,21,30,26,33,,,,,,,,,,,,,,,,,,,2024-04-22
Andhra Pradesh,Kurnool,70,,45,42,89,157,135,130,112,42,63,154,160,111,110,111,95,63,467,25,40,30,30,,,,,,,,,,,,,,,,,,,2024-04-22
Andhra Pradesh,Tirupathi,67,,40,40,85,190,130,120,100,44,49,173,173,110,139,112,88,60,503,23,29,28,21,,,,,,,,,,,,,,,,,,,2024-04-22
Andhra Pradesh,Jammalamadugu,60,,46,60,80,160,146,130,124,40,66,170,191,110,180,115,90,54,198,20,35,33,20,,,,,,,,,,,,,,,,,,,2024-04-22
Andhra Pradesh,Dharmavaram,NR,,NR,NR,NR,NR,NR,NR,NR,NR,NR,NR,NR,NR,NR,NR,NR,NR,NR,NR,NR,NR,NR,,,,,,,,,,,,,,,,,,,2024-04-22
Andhra Pradesh,Ongole,NR,,NR,NR,NR,NR,NR,NR,NR,NR,NR,NR,NR,NR,NR,NR,NR,NR,NR,NR,NR,NR,NR,,,,,,,,,,,,,,,,,,,2024-04-22
Karnataka,Bengaluru,59,,44,39,87,167,147,135,95,45,47,203,144,97,127,111,95,56,413,16,22,23,19,,,,,,,,,,,,,,,,,,,2024-04-22
Karnataka,Dharwad,59,,45,63,89,170,159,130,113,41,48,194,161,132,115,105,96,56,393,28,37,24,19,,,,,,,,,,,,,,,,,,,2024-04-22
Karnataka,Mangalore,49,,41,39,77,148,137,118,90,38,44,165,160,142,133,110,98,59,371,14,42,31,20,,,,,,,,,,,,,,,,,,,2024-04-22
Karnataka,Mysore,65,,42,64,133,159,132,133,96,43,43,212,152,152,143,115,111,61,304,24,39,32,32,,,,,,,,,,,,,,,,,,,2024-04-22
Karnataka,Bengaluru (East Range),62,,46,40,89,172,127,121,91,46,46,157,177,104,128,116,102,60,264,15,48,33,32,,,,,,,,,,,,,,,,,,,2024-04-22
Karnataka,Belagavi,58,,40,40,84,168,142,112,84,50,53,173,164,102,118,121,99,48,265,19,29,22,16,,,,,,,,,,,,,,,,,,,2024-04-22
Karnataka,Kalaburagi,68,,45,48,75,174,128,133,98,41,59,178,155,111,144,115,95,44,243,18,24,25,23,,,,,,,,,,,,,,,,,,,2024-04-22
Karnataka,Tumakuru,63,,43,45,88,168,147,127,99,42,49,195,163,125,125,114,97,60,300,22,40,26,27,,,,,,,,,,,,,,,,,,,2024-04-22
Karnataka,Bellary,60,,40,41,79,153,129,120,118,41,48,193,155,104,131,111,105,62,228,24,36,24,25,,,,,,,,,,,,,,,,,,,2024-04-22
Karnataka,Dhavanagere,62,,44,64,87,168,146,127,110,42,49,168,157,118,120,114,99,60,266,28,41,27,22,,,,,,,,,,,,,,,,,,,2024-04-22
Karnataka,Shivamogga,59,,45,40,90,168,145,128,102,44,48,202,152,102,132,113,95,47,243,25,40,31,35,,,,,,,,,,,,,,,,,,,2024-04-22
Karnataka,Vijayapur,64,,45,41,94,177,152,137,118,43,55,214,163,128,122,116,101,52,285,21,32,25,28,,,,,,,,,,,,,,,,,,,2024-04-22
Karnataka,Ramanagara,64,,46,49,97,163,147,135,123,45,48,176,189,105,152,118,100,51,188,18,32,20,24,,,,,,,,,,,,,,,,,,,2024-04-22
Karnataka,Raichur,65,,44,46,114,160,135,121,90,44,56,177,146,122,130,119,102,59,156,15,37,29,31,,,,,,,,,,,,,,,,,,,2024-04-22
Karnataka,Chamarajanagar,66,,42,61,91,159,139,131,96,43,44,201,161,118,NR,114,99,60,297,23,33,29,29,,,,,,,,,,,,,,,,,,,2024-04-22
Karnataka,Kolar,47,,44,46,122,145,125,125,125,39,47,158,138,151,130,120,100,51,330,11,25,31,31,,,,,,,,,,,,,,,,,,,2024-04-22
Karnataka,Haveri,61,,41,43,140,189,140,140,89,41,64,153,164,142,144,147,97,45,247,14,60,58,19,,,,,,,,,,,,,,,,,,,2024-04-22
Karnataka,Bagalkot,NR,,NR,NR,NR,NR,NR,NR,NR,NR,NR,NR,NR,NR,NR,NR,NR,NR,NR,NR,NR,NR,NR,,,,,,,,,,,,,,,,,,,2024-04-22
Karnataka,Bidar,59,,42,60,85,165,130,125,100,44,67,224,137,137,117,127,100,67,332,28,14,15,12,,,,,,,,,,,,,,,,,,,2024-04-22
Karnataka,Koppal,52,,39,42,83,131,130,115,130,43,43,143,173,126,165,140,106,44,256,12,37,22,17,,,,,,,,,,,,,,,,,,,2024-04-22
Karnataka,Mandya,53,,45,44,92,159,140,129,95,42,47,196,198,109,170,112,98,51,360,18,33,25,29,,,,,,,,,,,,,,,,,,,2024-04-22
Karnataka,Yadgir,NR,,NR,NR,NR,NR,NR,NR,NR,NR,NR,NR,NR,NR,NR,NR,NR,NR,NR,NR,NR,NR,NR,,,,,,,,,,,,,,,,,,,2024-04-22
Karnataka,Chikkamagalur,59,,44,42,99,165,155,137,101,44,49,170,156,110,105,112,93,61,192,17,40,25,20,,,,,,,,,,,,,,,,,,,2024-04-22
Karnataka,Bangalore Rural,62,,38,55,91,142,140,131,110,40,44,180,140,107,155,127,83,50,245,15,25,22,21,,,,,,,,,,,,,,,,,,,2024-04-22
Karnataka,Chikkaballapur,55,,45,38,80,137,120,112,88,41,42,162,130,91,120,105,93,47,417,14,34,36,35,,,,,,,,,,,,,,,,,,,2024-04-22
Karnataka,Chitradurga,63,,47,56,82,154,164,152,158,39,46,155,178,142,147,158,107,45,313,31,15,30,25,,,,,,,,,,,,,,,,,,,2024-04-22
Karnataka,Gadag,72,,45,48,84,160,130,124,114,42,70,172,165,126,140,124,100,48,310,10,30,30,25,,,,,,,,,,,,,,,,,,,2024-04-22
Karnataka,Hassan,45,,44,56,70,150,115,96,88,38,50,160,184,106,150,145,95,49,230,15,26,30,20,,,,,,,,,,,,,,,,,,,2024-04-22
Karnataka,Kodagu,60,,42,52,114,196,150,132,128,42,48,175,180,155,162,115,99,41,215,16,33,32,35,,,,,,,,,,,,,,,,,,,2024-04-22
Karnataka,Udupi,52,,54,56,128,145,156,130,129,48,48,174,176,121,152,158,119,51,289,28,35,37,27,,,,,,,,,,,,,,,,,,,2024-04-22
Karnataka,Uttara Kannada,55,,46,40,108,161,152,133,117,47,50,218,180,123,151,110,106,47,250,27,33,28,28,,,,,,,,,,,,,,,,,,,2024-04-22
Karnataka,Vijayanagara,65,,44,44,85,152,129,122,111,44,48,179,157,127,115,110,89,45,245,16,30,27,24,,,,,,,,,,,,,,,,,,,2024-04-22
Kerala,T.Puram,58,,41,48,83,167,151,126,106,43,52,223,176,131,130,114,99,68,267,18,49,30,37,,,,,,,,,,,,,,,,,,,2024-04-22
Kerala,Ernakulam,NR,,NR,NR,NR,NR,NR,NR,NR,NR,NR,NR,NR,NR,NR,NR,NR,NR,NR,NR,NR,NR,NR,,,,,,,,,,,,,,,,,,,2024-04-22
Kerala,Kozhikode,44,,49,42,97,162,142,146,109,42,53,223,161,131,NR,117,100,67,259,16,40,26,34,,,,,,,,,,,,,,,,,,,2024-04-22
Kerala,Thrissur,53,,49,59,103,198,161,154,126,44,54,NR,NR,NR,NR,NR,NR,66,259,16,51,34,37,,,,,,,,,,,,,,,,,,,2024-04-22
Kerala,Palakkad,49,,45,48,95,173,147,129,97,43,50,213,157,133,NR,112,106,55,240,13,49,27,37,,,,,,,,,,,,,,,,,,,2024-04-22
Kerala,Wayanad,46,,50,42,104,184,150,141,102,43,52,NR,166,141,NR,122,109,58,220,17,42,27,32,,,,,,,,,,,,,,,,,,,2024-04-22
Kerala,Kasargod,48,,48,52,103,170,162,134,100,42,61,NR,NR,140,NR,110,96,48,260,16,37,25,29,,,,,,,,,,,,,,,,,,,2024-04-22
Kerala,Kottayam,56,,41,43,131,184,129,132,132,45,56,NR,188,147,NR,120,100,62,229,13,49,31,46,,,,,,,,,,,,,,,,,,,2024-04-22
Kerala,Pathanamthitta,55,,34,39,95,178,148,138,148,43,53,NR,218,190,NR,120,109,67,237,14,46,30,60,,,,,,,,,,,,,,,,,,,2024-04-22
Kerala,Alapuzha,45,,48,66,100,167,155,148,123,43,52,NR,NR,134,NR,118,NR,63,197,12,41,25,23,,,,,,,,,,,,,,,,,,,2024-04-22
Kerala,Kollam,45,,49,42,108,203,161,NR,108,44,52,224,NR,145,NR,122,113,68,230,16,52,33,39,,,,,,,,,,,,,,,,,,,2024-04-22
Kerala,Idukki,56,,41,40,89,160,NR,122,85,43,60,NR,153,131,NR,119,101,61,187,13,49,31,42,,,,,,,,,,,,,,,,,,,2024-04-22
Kerala,Kannur,51,,46,45,105,183,152,151,95,43,52,NR,NR,177,NR,115,95,57,258,16,38,24,23,,,,,,,,,,,,,,,,,,,2024-04-22
Kerala,Malapuram,46,,47,44,94,172,148,133,150,42,56,239,160,138,NR,120,104,55,230,14,40,27,30,,,,,,,,,,,,,,,,,,,2024-04-22
Puducherry,Puducherry,NR,,NR,NR,NR,NR,NR,NR,NR,NR,NR,NR,NR,NR,NR,NR,NR,NR,NR,NR,NR,NR,NR,,,,,,,,,,,,,,,,,,,2024-04-22
Tamil Nadu,Chennai,59,,43,42,86,173,143,123,90,42,40,172,152,110,NR,111,93,62,278,27,40,25,25,,,,,,,,,,,,,,,,,,,2024-04-22
Tamil Nadu,Madurai,58,,39,64,83,169,141,124,88,43,45,209,192,152,NR,108,97,46,263,27,41,31,21,,,,,,,,,,,,,,,,,,,2024-04-22
Tamil Nadu,Dindigul,67,,46,44,92,173,144,129,89,42,60,195,178,117,NR,117,108,56,277,20,42,30,20,,,,,,,,,,,,,,,,,,,2024-04-22
Tamil Nadu,Thiruchirapalli,65,,45,65,87,159,135,120,100,44,43,196,173,123,NR,115,96,59,NR,26,46,33,27,,,,,,,,,,,,,,,,,,,2024-04-22
Tamil Nadu,Coimbatore,46,,43,44,80,165,136,121,79,43,40,192,142,134,NR,113,96,57,253,28,51,25,25,,,,,,,,,,,,,,,,,,,2024-04-22
Tamil Nadu,Tirunelveli,58,,43,46,91,170,146,121,82,44,42,188,146,117,NR,113,95,52,242,24,42,36,32,,,,,,,,,,,,,,,,,,,2024-04-22
Tamil Nadu,Cuddalore,69,,50,56,87,173,153,128,106,42,48,223,203,153,NR,113,95,54,313,24,49,33,18,,,,,,,,,,,,,,,,,,,2024-04-22
Tamil Nadu,Dharmapuri,61,,44,40,82,165,135,119,83,41,43,218,NR,115,NR,122,101,50,270,25,40,30,28,,,,,,,,,,,,,,,,,,,2024-04-22
Tamil Nadu,Vellore,71,,45,41,86,173,142,125,99,42,45,168,163,139,NR,109,90,53,267,26,48,27,26,,,,,,,,,,,,,,,,,,,2024-04-22
Tamil Nadu,Ramanathapuram,62,,39,61,82,166,145,116,97,42,44,210,235,124,NR,125,97,49,272,27,46,36,36,,,,,,,,,,,,,,,,,,,2024-04-22
Tamil Nadu,Erode,62,,48,43,91,167,148,128,90,44,45,188,170,118,NR,115,98,55,288,25,46,22,22,,,,,,,,,,,,,,,,,,,2024-04-22
Tamil Nadu,Karur,47,,48,55,89,172,142,124,89,43,43,217,152,115,NR,114,99,51,298,12,43,32,35,,,,,,,,,,,,,,,,,,,2024-04-22
Tamil Nadu,Perambalur,60,,NR,62,87,155,142,118,88,43,43,210,163,119,NR,115,89,55,NR,26,40,30,25,,,,,,,,,,,,,,,,,,,2024-04-22
Tamil Nadu,Pudukkottai,65,,47,64,90,165,145,127,NR,44,45,211,198,143,NR,112,97,53,NR,27,50,30,40,,,,,,,,,,,,,,,,,,,2024-04-22
Tamil Nadu,Sivagangai,69,,47,62,89,172,149,128,90,43,44,214,213,142,NR,113,106,51,277,26,57,35,33,,,,,,,,,,,,,,,,,,,2024-04-22
Tamil Nadu,Thanjavur,58,,46,40,88,175,152,128,80,42,44,194,170,131,NR,113,97,54,260,21,40,31,31,,,,,,,,,,,,,,,,,,,2024-04-22
Tamil Nadu,The nilgiris,75,,44,44,93,163,151,134,92,43,54,208,177,108,NR,115,95,60,203,27,58,30,21,,,,,,,,,,,,,,,,,,,2024-04-22
Tamil Nadu,Thoothukudi,56,,43,58,87,156,144,123,86,45,54,232,190,125,NR,112,98,55,306,11,40,33,24,,,,,,,,,,,,,,,,,,,2024-04-22
Tamil Nadu,Viluppuram,56,,51,40,90,173,128,130,92,43,50,166,158,112,NR,112,103,56,NR,26,48,33,27,,,,,,,,,,,,,,,,,,,2024-04-22
Tamil Nadu,Virudhunagar,60,,42,64,85,160,135,122,78,45,45,199,149,127,NR,116,100,53,293,28,46,30,33,,,,,,,,,,,,,,,,,,,2024-04-22
Tamil Nadu,Kanniyakumari,57,,39,53,89,164,139,121,140,42,41,184,180,121,NR,105,97,55,258,25,43,30,25,,,,,,,,,,,,,,,,,,,2024-04-22
Tamil Nadu,Namakkal,69,,46,61,92,173,135,125,93,42,44,200,161,113,NR,109,96,55,NR,26,38,30,30,,,,,,,,,,,,,,,,,,,2024-04-22
Tamil Nadu,Tiruvannamalai,66,,49,60,86,162,141,110,89,44,65,183,173,114,NR,113,96,58,295,27,48,32,33,,,,,,,,,,,,,,,,,,,2024-04-22
Tamil Nadu,Tiruvarur,58,,62,62,83,186,129,124,NR,42,52,229,134,125,NR,112,88,52,NR,25,45,35,30,,,,,,,,,,,,,,,,,,,2024-04-22
Tamil Nadu,Tiruppur,NR,,NR,NR,NR,NR,NR,NR,NR,NR,NR,NR,NR,NR,NR,NR,NR,NR,NR,NR,NR,NR,NR,,,,,,,,,,,,,,,,,,,2024-04-22
Tamil Nadu,Tenkasi,64,,46,59,83,159,154,119,NR,43,66,227,195,122,NR,115,99,56,275,22,40,31,26,,,,,,,,,,,,,,,,,,,2024-04-22
Tamil Nadu,Nagapattinam,55,,44,61,89,175,130,121,107,43,50,222,215,123,NR,111,93,55,NR,20,31,26,28,,,,,,,,,,,,,,,,,,,2024-04-22
Tamil Nadu,Krishnagiri,57,,42,38,90,166,143,120,89,41,44,195,NR,105,NR,110,94,50,503,26,38,25,25,,,,,,,,,,,,,,,,,,,2024-04-22
Tamil Nadu,Ariyalur,64,,NR,64,85,170,145,127,88,44,44,203,177,122,NR,118,95,55,NR,26,50,35,35,,,,,,,,,,,,,,,,,,,2024-04-22
Tamil Nadu,Kallakurichi,58,,46,62,94,173,124,126,102,43,47,185,176,113,NR,113,102,57,NR,27,44,32,32,,,,,,,,,,,,,,,,,,,2024-04-22
Tamil Nadu,Kancheepuram,65,,50,67,89,168,150,128,95,43,40,186,157,122,NR,113,98,64,NR,26,47,30,30,,,,,,,,,,,,,,,,,,,2024-04-22
Tamil Nadu,Salem,NR,,NR,NR,NR,NR,NR,NR,NR,NR,NR,NR,NR,NR,NR,NR,NR,NR,NR,NR,NR,NR,NR,,,,,,,,,,,,,,,,,,,2024-04-22
Tamil Nadu,Theni,64,,48,53,90,171,142,123,88,46,48,172,170,118,NR,113,108,53,267,12,41,32,22,,,,,,,,,,,,,,,,,,,2024-04-22
Tamil Nadu,Chengalpattu,60,,45,60,85,179,150,135,95,44,40,194,185,122,NR,118,99,60,560,28,53,33,33,,,,,,,,,,,,,,,,,,,2024-04-22
Tamil Nadu,Mayiladuthurai,60,,50,63,92,177,143,127,NR,44,44,233,165,173,NR,113,97,57,360,27,40,40,40,,,,,,,,,,,,,,,,,,,2024-04-22
Tamil Nadu,Ranipet,NR,,NR,NR,NR,NR,NR,NR,NR,NR,NR,NR,NR,NR,NR,NR,NR,NR,NR,NR,NR,NR,NR,,,,,,,,,,,,,,,,,,,2024-04-22
Tamil Nadu,Tirupattur,65,,41,43,85,169,145,126,95,44,68,181,205,157,NR,115,90,54,270,17,32,32,30,,,,,,,,,,,,,,,,,,,2024-04-22
Tamil Nadu,Tiruvallur,70,,45,60,90,180,140,140,95,43,40,207,173,123,NR,114,99,62,540,28,30,30,25,,,,,,,,,,,,,,,,,,,2024-04-22
Telangana,Hyderabad,59,,39,38,82,147,120,111,93,39,52,146,147,92,103,103,91,51,266,18,19,19,19,,,,,,,,,,,,,,,,,,,2024-04-22
Telangana,Karimnagar,49,,48,60,82,153,141,119,90,42,66,155,144,97,NR,113,91,59,309,24,28,20,20,,,,,,,,,,,,,,,,,,,2024-04-22
Telangana,Warangal,49,,36,38,80,137,113,111,93,41,60,167,168,149,175,105,94,54,274,15,30,43,35,,,,,,,,,,,,,,,,,,,2024-04-22
Telangana,Adilabad,63,,42,50,65,150,125,120,80,39,80,160,160,100,150,108,95,55,300,28,25,25,25,,,,,,,,,,,,,,,,,,,2024-04-22
Telangana,Suryapet,47,,45,44,72,165,123,121,93,37,60,165,156,130,NR,115,92,52,280,22,26,19,21,,,,,,,,,,,,,,,,,,,2024-04-22
Telangana,Jadcherla,40,,30,50,75,165,132,117,95,39,57,170,178,126,NR,116,108,55,292,14,15,28,32,,,,,,,,,,,,,,,,,,,2024-04-22
Telangana,Khammam,55,,55,45,90,170,120,110,100,45,75,165,170,145,178,125,105,55,330,28,45,20,20,,,,,,,,,,,,,,,,,,,2024-04-22
Telangana,Medchal,64,,44,45,85,167,138,123,90,45,61,169,198,120,125,120,100,50,260,18,29,26,22,,,,,,,,,,,,,,,,,,,2024-04-22
Telangana,Nizamabad,46,,44,39,83,157,134,130,99,43,75,180,191,109,NR,130,115,65,344,13,30,25,15,,,,,,,,,,,,,,,,,,,2024-04-22
Telangana,Sangareddy,63,,42,44,76,146,120,111,86,40,70,150,150,128,170,115,90,65,360,24,30,20,29,,,,,,,,,,,,,,,,,,,2024-04-22
Commodity Name,Commodity Name,Rice,Rice,Wheat,Atta (Wheat),Gram Dal,Tur/Arhar Dal,Urad Dal,Moong Dal,Masoor Dal,Sugar,Milk @,Groundnut Oil (Packed),Mustard Oil (Packed),Vanaspati (Packed),Soya Oil (Packed),Sunflower Oil (Packed),Palm Oil (Packed),Gur,Tea Loose,Salt Pack (Iodised),Potato,Onion,Tomato,Bajra(whole),Jowar(whole),Maida(wheat),Ragi(whole),Suji(whole),Besan,Desi Ghee,Butter(Pasteurised),Eggs,Brinjal,Black Pepper(whole),Coriander(whole),Cummin Seed(whole),Red Chillies(whole),Turmeric(powder),Banana,GInger,Garlic,2024-04-22
Average Price1,Average Price1,44.32,,30.57,35.9,84.02,151.82,124.45,117.84,93.32,44.41,58.58,189.38,135.9,125.79,124.23,123.37,102.18,52.88,281.7,22.43,27.43,31.37,32.57,,,,,,,,,,,,,,,,,,,2024-04-22
Maximum Price1,Maximum Price1,75,,62,69,140,203,180,180,158,70,83,262,235,220,185,230,175,167,560,31,60,73,97,,,,,,,,,,,,,,,,,,,2024-04-22
Minimum Price1,Minimum Price1,25,,22,27,60,87,80,84,70,37,37,120,107,91,98,101,83,36,156,8,11,15,12,,,,,,,,,,,,,,,,,,,2024-04-22
Modal Price1,Modal Price1,40,,28,35,80,160,120,120,100,44,60,200,131.67,120,130,115,100,50,300,28,25,30,30,,,,,,,,,,,,,,,,,,,2024-04-22
,,,,,,,,,,,,,,,,,,,,,,,,,,,,,,,,,,,,,,,,,,,2024-04-22
"Department of Consumer Affairs ( Price Monitoring Division)Date 22/04/2024 Daily Retail Prices Of Essential Commodities  StateCentreRiceBroken RiceWheatAtta (Wheat)Gram DalTur/Arhar DalUrad DalMoong DalMasoor DalSugarMilk @Groundnut Oil (Packed)Mustard Oil (Packed)Vanaspati (Packed)Soya Oil (Packed)Sunflower Oil (Packed)Palm Oil (Packed)GurTea LooseSalt Pack (Iodised)PotatoOnionTomatoBajra (whole)Jowar (whole)Maida (wheat)Ragi (whole)Suji (whole)BesanDesi GheeButter (Pasteurised)Eggs BrinjalBlack Pepper (whole)Coriander (whole)Cummin Seed (whole)Red Chillies (whole)Turmeric (powder)BananaGingerGarlic  UnitQty1 Kg1 Kg1 Kg1 Kg1 Kg1 Kg1 Kg1 Kg1 Kg1 Kg1 ltr1 Kg1 Kg1 Kg1 Kg1 Kg1 Kg1 Kg1 Kg1 Kg1 Kg1 Kg1 Kg1 Kg1 Kg1 Kg1 Kg1 Kg1 Kg1 Kg100 gmDozen1 Kg100 gm250 gm100 gm100 gm50 gm1 Kg100 gm100 gm  Average PriceAverage Price44.32 30.5735.984.02151.82124.45117.8493.3244.4158.58189.38135.9125.79124.23123.37102.1852.88281.722.4327.4331.3732.57 Maximum PriceMaximum Price75 6269140203180180158708326223522018523017516756031607397 Minimum PriceMinimum Price25 222760878084703737120107919810183361568111512 Modal PriceModal Price40 2835801601201201004460200131.671201301151005030028253030 NORTH ZONENORTH ZONE  ChandigarhChandigarh42 3236801351151139445591901501281301451055127627203340 DelhiDelhi40 3031871681471279044542091431321321351065724326273340 HaryanaHisar32 2830751451051057542571901201151201201004424325152230 Karnal65 34388712512012212546661801331411471751304828330204535 Panchkula35 333682134101110954460151127128111154915221327255532 Gurgaon40 25356510095908842561851651301371631004419020153530 Himachal PradeshShimla44 NR3788168148125935060214165135123NRNR5522028303338 Mandi42 NR34781581461238246472241631361291451194527028223538 Dharamshala28 NR3080154134128934540NR159137138NRNR4722028243040 Solan41 NR3283157135116854650214161133124137NR4722028253232 Una43 NR3287155142121894564NR143137129NRNR5022527243239 Bilaspur-hp44 NR3281157133119894658NR158136139NRNR4531827253040 Chamba36 NR3585165132124885055NR160140130NRNR4523528223540 Hamirpur-HP39 NR3179163123119834765NR163141NRNRNR4825928243235 Kullu39 NR3381163129112814640NR159115119137NR4222028304040 Sirmour42 2235801271271079845502281651351431551214132725273742 Kinnaur40 NR3680149121118874745NR144131117NRNR4522927284050 Lahaul & Spiti44 NR3690160115901005059NR187165NRNRNR5048028455454 Jammu and KashmirSrinagar40 3552971371301401075045NR145137132173NR4829028373740 Jammu45 3235871681371271035150NR1531371371371084929728283743 PoonchNR NRNRNRNRNRNRNRNRNRNRNRNRNRNRNRNRNRNRNRNRNR Kupwara36 2634901101101201006550NR14814514314814253310NR223740 UdhampurNR NRNRNRNRNRNRNRNRNRNRNRNRNRNRNRNRNRNRNRNRNR Shopian40 45451201251201201205050NR153145148140NR4833028273333 Samba60 2834801701401201004555NR1201251201301055030028243040 Ramban60 NR35831531201171005060NR150137122NRNR5232025273845 RajouriNR NRNRNRNRNRNRNRNRNRNRNRNRNRNRNRNRNRNRNRNRNR KishtwarNR NRNRNRNRNRNRNRNRNRNRNRNRNRNRNRNRNRNRNRNRNR DodaNR NRNRNRNRNRNRNRNRNRNRNRNRNRNRNRNRNRNRNRNRNR Baramulla35 3036901401201201005055NR143131133153NR5538028303745 ReasiNR NRNRNRNRNRNRNRNRNRNRNRNRNRNRNRNRNRNRNRNRNR KathuaNR NRNRNRNRNRNRNRNRNRNRNRNRNRNRNRNRNRNRNRNRNR PunjabAmritsar36 3038751551111101004454200121114112113NR4626026223040 Ludhiana37 2432871601401201004460205137122123130NR5532027192825 Bathinda40 2329871701421209844572251381231231401035528725263340 Barnala40 232887162127115914454208120120112120964431728193035 Hoshiarpur34 27329014011512011043622001201401251401106426320203040 Faridkot42 233287163137127974555233122127117132985231328272833 Mansa41 242792127110100985051NR117118127NRNR5327028213134 Sri Muktsar Sahib42 263183157120118934463203112115115112974624726263338 Dera Bassi38 2230861601201201104355NR128117120NRNR5324728193037 Sangrur43 2730831591171118145601611251191161261014522029252540 Ropar37 2832891571431229743612021221221131331035524728282740 Amargarh42 2530851601201208045601601151201201301004525028202535 Fatehgarh Sahib48 25359012012010510545652001251181171621155024326253235 Ferozepur42 2532921831431261024460223122122121143965028028202530 Kapurthala34 24328312513213211744672101221331401421086627021203843 Uttar PradeshLucknow40 2632831611291208244662051301231211201195028028303040 Kanpur35 2732821451081087446601961501131261401175623426223035 Varanasi42 2734861591301248346712061361361251281195628228302530 Agra44 2829851431081048243661751281271211171153925027252833 Jhansi43 233079145101108814552181121112981161084321026212225 Meerut35 30368214212811210846631561541481521741514724523133247 Allahabad31 3136781501181169645621721401281301621105225024244038 Gorakhpur37 233568149131114774461204137119124124894821627282942 Saharanpur34 28358916612512110743681641271231301441214825328183031 Bareilly36 2430831581301181124366195127118117125984731328252736 Ayodhya30 28307115095105894155193156121136175964521728182831 Moradabad37 2431791461181109142611891351251281511104625625212935 Aligarh40 28348017014011011044602081221181111481374924227243842 Mirzapur (Vindhyanchal)30 2632881551351241054555205143128130138985825028202930 Banda39 2837801421161128042631971231151071631015216521222626 Azamgarh34 303278152121118984767222151130125126994928028222934 Gonda (Devipatan)37 27358518013012010045641851381551601901404934027283943 Amethi37 253875125921108844621891631341531901185025925224638 Barabanki39 30348015412011910045642031501351501751194922028212930 Bhadohi30 2432701551151158043602001301201251501056023525222530 Chandauli30 243279147123119854260136120120106109905724826202024 Farrukhabad43 2531751471181128744661831271181251671004122726212742 Ghazipur36 2333821421291298343702191321241231441014826428282341 Jaunpur44 273580142120122804362184140120118164905726028252835 UP-Pratapgarh40 283279155137118834368207133122126113975126626232530 Sambhal40 2332771331201009542601731301421421751283821729252260 Santkabir Nagar32 253275125115110954362183150145145175NR4425728144540 Shahjahanpur37 26339813513012613044672031691651681801424726326243340 Sitapur33 2832801081041049540601771591421521711173724226213437 Sultanpur34 284293148951059843542181691271661761144822929174543 Unnao39 273178147128108884458200129118125155994723325282837 Ambedkar Nagar46 28378512012011010045602001651401601701366019027154245 Amroha40 26308014010012010042501971401401471801004220025253043 Baghpat40 NR287015013011010042652201351251241281014520027213040 Bijnor38 243572150110989542601631541331441441404331026152730 Budaun40 23NR90135110105954365205130124128126934828828192935 Etah44 2532701701001109545662001401451451601155028027153040 Fatehpur37 2541731231481139742642071351251281501134821518173033 Ghaziabad36 27308516513512511043671801251251161281005520726283036 Hardoi45 253273162130125874468211134129128161984622927203141 JalaunNR NRNRNRNRNRNRNRNRNRNRNRNRNRNRNRNRNRNRNRNRNR Kaushambi39 263674147122978444601721431251341721265022629253337 Kushinagar42 3039821521251358545701851401351401601084527528262644 Lakhimpur Kheri40 253473140951008545582051361211541581085421828203033 Pilibhit39 29338413813712713044662101451451401551154226528183329 Sharwasti39 263082168128123804552148142113132NR1024420328252728 Siddharth Nagar40 2830801571201408245641661421261321651045023326203033 Sonbhadra44 2632781601021059847602051401371451731154729725173531 Rampur51 2528801351091108442561691321261171441114424916242629 Bahraich36 2633701551301109642451531471371431251184525027193425 Basti40 223070145110105824264155140133130148984724225204038 Etawah43 3135851641281049445651881331331301821154422230172826 Muzzafarnagar41 2730721061051021004475143122120119161993822827112544 Chitrakoot32 2435821451001058142501771401281301701184522728253230 Hamirpur-UP44 253285160145110854368219135132105137934326526223940 Deoria40 26287213810211210345582041351251231521394522427252536 Hapur35 27357215212511510042651901471271301271054322027203031 Bulandshahr40 253585140100100904470NR1251231231881004025026203037 Kanpur Dehat40 243095140120100904566180125120135130954521028253040 Hathras38 2428801401201079041651651151351181731404422025202747 Raebareli42 2833851601331239245672181321181271331125222327303240 Lalitpur36 25296713892949041531721321291261881343925825252325 Mohaba34 23308513293979046581481211101221721005019228293040 Gautam Budh Nagar36 2730851681481198944662361471251361481155224227312838 Auraiya39 23357013784848244731831631331341831345318527252932 Maharajganj35 2433791531201208344632031381131291511014621327252536 Balrampur32 2230831531191258745NR2051291151261271024920729242938 Kannauj38 2630801481001088244691751301201351821184124228203032 Mathura34 29347211592969540621711461431441681083626729133429 Firozabad38 35378211511811211840651901581171421821114530029132132 Kasganj48 2529781721201251224264180125125120143994722028173042 Mainpuri33 2532661101001008739691771531221341641104324830202024 Shamli38 242870140130110904168202120115110128925028026303050 Ballia35 2631821501181159643542001521381381381425124328242735 Mau38 233182149118120854462202129115118116945127327242530 UttarakhandDehradun35 2438831631101151004557145125120123165NR4828730143028 Haldwani37 33331009799959840571451471491481461435125428262131 Rudrapur37 2533851591201251004263173135130120129885622228132735 Haridwar41 253485135115106854460144136124132142NR6229929203845 WEST ZONEWEST ZONE  ChhattisgarhRaipur38 4442881581301139345551981351331181331054824727283035 Durg38 373680155123123804354190NR1191181201195524115252820 Ambikapur34 34349617911310610943421931941741741771604027012243422 Bilaspur-CG40 283080165901009040501851821531601741374520326276235 Jagdalpur38 35461151631051009843511961591011321361014035124323528 Dantewada49 393989150129119794473232142112109114945955928333338 DhamtariNR NRNRNRNRNRNRNRNRNRNRNRNRNRNRNRNRNRNRNRNRNR Rajnandgaon52 4142931721051051054359253NRNR105110995432330223520 Koriya38 33357514898113804276198131951241731104720027202520 DNH and DDSilvasa58 4343891641351319240661781401421151241025749028292520 Daman41 4139821331281188844661831371181231221108120026292520 Diu49 38588817516513310644612231681401651401186936028312632 GoaPanajiNR NRNRNRNRNRNRNRNRNRNRNRNRNRNRNRNRNRNRNRNRNR Margao55 5255901701501301004359223140133124120986034324383235 GujaratAhmedabadNR NRNRNRNRNRNRNRNRNRNRNRNRNRNRNRNRNRNRNRNRNR Rajkot42 363980153112105874059174128133135117955530017362525 Surat32 3232751601201108540621881309511011084502009182220 Bhuj45 3737801601301159542581801601501301301005526028303020 Selamba60 40449016014013010042681721351221201231224526715222830 Waghai42 40468014012013010543561921531431551351224925714283832 Bodeli41 3439831371171038843581941451281371321035229213224629 Vapi51 31358015712711790NRNRNRNRNRNRNRNRNRNRNRNRNRNR BilimoraNR NRNRNRNRNRNRNRNRNRNRNRNRNRNRNRNRNRNRNRNRNR IdarNR NRNRNRNRNRNRNRNRNRNRNRNRNRNRNRNRNRNRNRNRNR JhalodNR NRNRNRNRNRNRNRNRNRNRNRNRNRNRNRNRNRNRNRNRNR SongashNR NRNRNRNRNRNRNRNRNRNRNRNRNRNRNRNRNRNRNRNRNR Madhya PradeshBhopal36 323482167125112834260172136124106125NR5027012322424 IndoreNR NRNRNRNRNRNRNRNRNRNRNRNRNRNRNRNRNRNRNRNRNR Gwalior39 354382169120130904466214141121115125NR5423028162534 Jabalpur42 2935821501221208544642041371101121321124527515282430 Rewa42 23479211099118984753174159115145145NR4639320162318 Sagar40 252772155119108834260194136108109118944423121241919 Jhabua41 273587160123114934256192136134111135NR5329922322825 Hoshangabad48 29338616511511410042601881251101151201025037012303020 Shahdol33 32357017095105854275170130125115170NR4418025203040 Ujjain42 303582148122115934458190135125122122995227818223232 Morena36 28308518012011510043651821111251251771035524016253035 Anuppur35 323480153110120904550212123107110120905020010303032 Bhind39 33367012393959043651631231201251651203823015242732 Dhar45 28378416312712010342571821381241081321684820723302518 Harda35 2833801641221121004060175137117103117NR5020027282722 Katni35 2730801701401208045501901101101101251104518028262420 Khandwa32 243069157112113108425318215313899157NR4825220212528 Mandla46 2735801601201208341501931321101061251104324319282325 Rajgarh40 28331001059797914169133108100107101NR4824019253239 Sidhi36 26349514095959544602531251201151571404526028252530 Chattarpur32 263589195921349144482301391381391381285823822192928 Neemuch40 253280168125120784055168133123107130NR413809202035 Burhanpur36 323479164124124794252174134124109124984519527292220 Narshinpur39 273975163120115854455195155110105143NR3928212222217 Raisen40 283080170120120924260187133118108NRNR4522027302030 Sheopur44 263380150130120854060170120125110150NR5028028252528 Agar malwa41 243075130112110904055185132130109NRNR4537016201740 Umaria43 323570130115115874460150115103108203NR4822018272824 Shajapur55 253080160135120854460172121108104117NR4635328333541 Dewas46 253286159120115944256173124114102113NR4522711232633 Khargone40 283580140110110904255185185155130190NR4540028224527 Singrauli36 263385144114117884660210125105112127934930028252635 Chhindwara46 2635831651171129145562271521121211271184222815292723 Sehore37 243184159124112844350170125120109120NR4521011182123 MP-Ashoknagar41 2931671531251178941582531401381181401134021828253035 Balaghat65 363680160132120894052211154132115137NR5220010283022 Guna40 2630801671101098041601901251001101241004420028272124 Ratlam34 2635881701421259743551871451301171351104230010202535 Satna31 2635751471001008042602101281181301281034520028183323 Vidisha40 303177162129118904165175130117107128NR4722710252016 Alirajpur40 30359016011510511043652101431411151301005029710253725 Betul52 273381159122115904457181139122111135NR4722417302723 Damoh32 303280160120110854455195135125115125NR4920510252820 Dindori40 3435103138132130924555170130100110150NR5024728302540 Niwari32 243078172119117834464205134121118180NR4221128312631 Seoni45 32357012590110784154200127102113122NR3918811152320 Panna36 25338115011210510044502051171181071371174920310202026 Tikamgarh36 404072156981158042401871411311091371184822525202520 MaharashtraMumbai50 465411520217717012049581921801431261411048031027313430 Nagpur52 455078155125125905263201150145118116896528327383238 Pune64 4250831721251288647691841541241191161134531827261625 Nashik41 414087160132123904154176170123104115995430026333023 Mangaon-Raigad43 4144851551341239244542011291181081091065931522342429 Dharni40 313484176119120904250188146128113134NR4830513312730 Latur60 413880NR138133993869205141951041081054921828253022 Akluj47 3938781571361219942501911281271161251025631325372519 Arni Yavatmal50 3033721531251201004063168152123108118NR5730010303020 Chandrapur51 4244791791321231094266187164162104123NR5922328302717 Karad Satara48 37478617715013710041701851661321101151025028228402328 Ahemednagar59 3945851691291289439531681591191191281184422828362131 Khultabad58 323579159123122934046176NR131105120955630020293129 Islampur61 36488716914012510040691821761051231301054932330402325 Kankavli46 454510016414513410143551801721361091141025335520382824 Partur70 33407516111011010140551641981591101461054040910392316 Gondia55 4143811561111158141511661401051071201055121722292225 Jalgaon53 35408717214012911242602061511281061071206236827382828 Akola42 3338821691281151004265183141123106116905428526353027 RajasthanJaipur47 313578168128118804350209135127130141NR4530719283238 Jodhpur41 373777150NR109794550NRNRNRNR127NR4825318234028 Kota38 263379140113105804455177160102101167NR4924025222325 Udaipur29 283089979395904550180190130180NR1205033324283730 Bharatpur45 283190156140119904358200110110110NRNR4729425242432 Ajmer38 3032651101051007540491941401111451411113832020125542 Bikaner40 3535801351351201004337158NRNRNRNRNR422088141720 Bundi49 253175150120110904250168133110118143NR4831719282827 Rajsamand39 283278158117113864263171132118110120NR4928516282830 Alwar43 313569102120106894354170124122137147NR4230816222823 Banswara38 263470142105104934153175145110162165NR4636323213125 Baran35 302770958987803950130138119127125NR3720014222235 Barmer33 30386211398898842NR190178107156175NR4234727182225 Bhilwara46 313668116107988843511901751341651871354428718264840 Chhitorgarh45 24369515411712110342561881771431231271004532618NRNRNR Churu32 283070879890823946172168145148169NR3830515253050 Dholapur38 283078132111110764460215117115113NRNR5519223272835 Dungarpur38 2832641151251171214456222157NR137191NR5129328273737 Hanumangarh33 272982133112105824143249128129107138NR3933014215948 Jaisalmer32 33367110910391894453187168110149154NR4325515233233 Jalore39 3232701201101101004052195135133150188NR4231028304540 Jhalawar40 2528721209695864249183152125123168NR4238719273633 JhunjhunuNR NRNRNRNRNRNRNRNRNRNRNRNRNRNRNRNRNRNRNRNRNR Karauli36 2731661111101109044NR203148138138NRNR4048030193235 Nagaur36 30326710810885853857164169123167NRNR3833013223228 Pali58 27286412212298983758178NRNRNR164NR3927512262930 RJ-Pratapgarh60 29317011010595854260NR180142110160NR3832020252528 Sikar45 2633751008689854451166164101149153NR4431121232643 Sirohi39 3536661221211101054051193166134155188NR4926419203538 Sri GanganagarNR NRNRNRNRNRNRNRNRNRNRNRNRNRNRNRNRNRNRNRNRNR TonkNR NRNRNRNRNRNRNRNRNRNRNRNRNRNRNRNRNRNRNRNRNR Sawai Madhopur50 252764125103108713958198108108109180NR3828325223534 EAST ZONEEAST ZONE  BiharPatna42 283086160127115854456NR1181221281381234428026272725 Bhagalpur37 283280153110113824457NR1231151341691234432028222833 Purnia36 283277149126113744551NR126104121NR994231413242239 DarbhangaNR NRNRNRNRNRNRNRNRNRNRNRNRNRNRNRNRNRNRNRNRNR Gaya32 264180165108106804460NR1501441421401335034624242723 Muzzafarpur39 273176147123113764557NR126129127159974228725202931 Saran41 2935821501261208145561471261261211471054826426214664 Munger40 283477155129120784556NR128123129176NR4624027222734 Saharsa40 283383128110108854555NR137123122NRNR4821723193735 Madhubani38 283278140123114794454156127128122154954930018173131 Rohtas (Sasaram)32 2730831581331088146662031301081031191034623725262428 Motihari38 283276126110106824457148138130128158944328520153030 Samastipur40 2533801381171138243531601331201381501104531024233132 Katihar37 293279153124113784457NR133129130145NR4830219172830 Araria41 244077140140100804356NR128118118178845130023152532 Nawada38 2535861601221148344602271531201141701115028027242037 Khagaria44 253780125115120804443NR1351101251301124438027163530 Banka35 283675140110100754156NR1271091211831054220514134030 Arwal36 263272140110120784353NR1371231411251104427725192720 Aurangabad35 253274148119115794458217136142132192954719826242425 Begusarai37 273175124109104804353NR125121119NR964431913132918 Bhojpur Ara43 273085150115124784552225148162145198NR4936229202532 Buxar31 2629751461211277344601281481181181481174426028162919 Gopalganj44 26308016511012080NRNR225128125120125100NRNRNR252530 Jamui39 293472140118115764357NR129111131NR1223825429163222 Jehanabad35 283279153129119794555NR135125125168NR4824726192827 Kaimur38 283272162126112744558187133115140191924520024163422 Kishanganj36 273378145115110804355NR125120115137994530025163030 Lakhisarai37 303573144110115864658NR148128138NR1284425626193844 Medhepura39 243377151127117784656NR1271131141171014433912272928 NalandaNR NRNRNRNRNRNRNRNRNRNRNRNRNRNRNRNRNRNRNRNRNR Sheikhpura37 293685139110115834256NR145130136NRNR5424328212025 Sheohar37 243281151127119734355153133118132165994722027232736 Sitamarhi37 273375155117116794555NR1261181191671044927027193437 Siwan35 242875164101109744354182126104119185944420025262422 Supaul41 2733851551171137944511651251201351801005036514112424 Vaishali36 293273138118113744460150114101123160984520727142935 West Champaran41 2536801351151008242521631311581422001184729016233236 JharkhandRanchi44 363575154120105754556240123104115124994424027272525 Gumla40 293485125105987043552091371101101981044027010162525 Sahibganj40 313474174100120904660200150123NRNRNR4838020182519 Bokaro34 343680125959785NRNR170175130145170125NRNRNR204236 Lohardaga25 283672151118109754459NR1301281251521084420325122222 Simdega38 NR3576153123120774459NR1381161271261104320027222415 Dhanbad42 3536861601321158546621961321221231251205030022263035 Jamshedpur (East Singbhum) NR NRNRNRNRNRNRNRNRNRNRNRNRNRNRNRNRNRNRNRNRNR Giridhi33 28308016010095754455NR125120120160954030019162328 Seraikella36 283580150125114764660169120141100131935121325203024 West Singhbhum44 4244741311291298947601511521271411411224927424253727 Daltonganj40 273586148108102824559NR122104115NR1055236925252924 Deoghar41 3638781441261109149601251631511541711015026430173029 Ramgarh35 3335601511241127446NRNR1311221551901044427925283520 Pakur50 3538871591271181104659134131116109121995441328241528 Jamtara35 2831811661411218646601421251051231211014834828262519 Latehar40 253274134117107754460NR123163116125954122529202618 Godda40 2935701701201208046622201301201201501105542028252430 Koderma38 3032801601301188045591501251101251491005019827282830 OdishaBhubaneshwar37 353981164125115804652NR131123NR112955222725312631 CuttackNR NRNRNRNRNRNRNRNRNRNRNRNRNRNRNRNRNRNRNRNRNR Sambalpur40 434880155123106764652NR145117NR1221164224028282525 Rourkela33 384182155127113764452NR130101108114974918027312228 Berhampur37 454077152120102754751NR1391031371151064924526214729 Jeypore45 403583159118115804452NR129111NR1151054921027302523 Balasore38 403880160120120804652NR13895NR113965624026282520 Baripada37 303580166126115794552165135102132112985523026282528 Balangir45 374684152132117814352NR131104NR1129748NR28342338 Angul34 NR4070140134102784454NR130NRNR114854337425174724 Boudhgarh32 NRNR80160120120904156NR136110NR11510047NR27303020 Dhenkanal35 354077150117112804452180135122131115875537027292520 Jagatsinghpur33 33448516080110804043NR145139120110904320819193525 Kandhamal38 384282148132118825058NR135123NR1159552NR27292830 Keonjhar39 3843841531211211004550NR133104NR1171025136927193842 Malkangiri49 NR3181162129117774152NR132102NR111985333325303036 Nabarangpur40 254590166132120894556120107127105117915129125212721 Nayagarh38 NR3975145120120904452NR129117NR1119055NR26302731 NuapadaNR NRNRNRNRNRNRNRNRNRNRNRNRNRNRNRNRNRNRNRNRNR Paralakhemundi Gajapati37 NR40671451111208540NRNR173142NR152984518027206863 Puri39 374179155123114814352NR135112NR117975427425292932 Rayagada38 333882160136120804852160138951441089148NR27262327 Sonepur42 NR4183158122119804255NR136122NR1171014634317242530 Bhadrak35 NR3780148125115804352223137130185115925032026242625 Jharsuguda38 443683161127114804550NR13510211212010044NR27333030 Kendrapara37 NR3682152120120804454NR130130NR1151004524026282520 Jajpur35 404275145112110754256NR140120NR115915535025161833 Kalahandi39 3842801501201158144531831401051141201025433028283129 West BengalKolkata48 NR36851581381251004754NR129121119122986226322263228 Siliguri39 2934821541111149845501781291081111291075219813152622 Purulia34 NR328515512511586445512013099115129895128326242224 Kharagpur51 35388615713211410046542161341061121221025023827252520 Rampurhat45 2938841511231281084656186130110114124965228022262621 Malda43 2642731551151101054356NR140961221411196132021212725 Raiganj39 283374167127111108444418012998121127995624810183437 Alipurduar38 NR44751751101151104768NR120100110125985523810203939 Asansol52 NR42881591421611184764NR1381121201191094830026252822 Balurghat47 314078150124112954646NR124114107116864233710192225 Bankura37 NR33821511351501134658235128118110124914928026232920 Barasat43 354085125NR13511245602001331141131081105924330264836 Bardhaman48 NR38851651331201104454220125110106120955826025242520 Baruipur63 NR36931331351571264155NR1341241101231055522227273427 Berhampore48 2740701259814010946582501401071171481044622013183030 Chinsurah51 NRNR901551301501104651210124123107120985022226253227 Cooch behar46 NR34751401201151104460NR132107105137975029026202730 Howrah50 NR36901601401251124654NR128120115123NR5529327213520 Jalapiguri37 2845851681101231074656NR1201251081231005030025302515 Jhargram42 NR4080147125112904854NR126106105125953927329222726 Kalimpong38 3638951241281201004648NR140114148162NR5138015253530 Krishnagar36 NR377012310413810741441781131331161301144425319236861 Tamluk43 NR43991561201801195056NR1311251061281005430028272824 NORTH EAST ZONENORTH EAST ZONE  Andaman and NicobarPort Blair50 NR6996162156136965273NR176198NR1331277332520555065 Mayabunder43 NR6785160140128955271203179185NR1211147031518605050 Car Nicobar52 NR67991901591401066075262169160NR1391208528521506080 Arunachal pradeshItanagar40 NR4090170120130905075NR120120120160NRNRNR15303050 Namsai30 NR3585120120110955068NR195220160225NR7030030204040 Pasighat60 NR601071701401201106080167163137143190NR8032720275050 Tawang48 4545103139147130125NRNRNRNRNRNRNRNRNRNRNRNRNRNR AssamGuwahati38 3236811521051128448702131471301251251205020012283133 Barpeta37 28337713099116824770NR1571541691111394320312204631 Tinsukia36 NR3585155115115854574NR145140130130NR55180122530NR Dhubri35 3337781551351158045752501351101151151005025010202530 GoalparaNR NRNRNRNRNRNRNRNRNRNRNRNRNRNRNRNRNRNRNRNRNR Golaghat47 3136761411121121054959NR1631631711771666626512252540 MangaldaiNR NRNRNRNRNRNRNRNRNRNRNRNRNRNRNRNRNRNRNRNRNR Mushalpur41 353481150NR117884671NR1501421671411084621310252440 Udalguri41 273880140120110804770NR1421341181511024925820253130 Bajali60 303485150130120904370NR167NR163180NR6040010182325 Hojai41 NR368015085112854973NR1251001181271026023010202626 Jorhat48 3144961539412510348742431581521131631176521813292442 Bongaigaon43 NR3370115951091054572NR1401521491741095034810232725 Morigaon42 NR3881150110120974560NR1401401471501076023710192720 Sonari36 343375155NR1151004672NR15799135NRNR6821312232634 Tamulpur47 353585139129119974568NR143114129NR1005029010242725 Sivasagar51 NR4883132123129934978NR143132145NRNR67270102524NR Biswanath CharialiNR NRNRNRNRNRNRNRNRNRNRNRNRNRNRNRNRNRNRNRNRNR Dibrugarh43 NR4086172128118934774NR143142127137NR5527323263035 Karimganj39 NR3782153133111804471NR138NR1091271025523614272630 Majuli50 NR3787153881171024970NR133NR132NRNR59256152032NR Sonitpur TezpurNR NRNRNRNRNRNRNRNRNRNRNRNRNRNRNRNRNRNRNRNRNR Haflong35 NR3890160NR120905074NR150NR120135NR8026030253040 AS-Lakhimpur38 NR338014797107904671NR138125123126NR6017515202833 Diphu42 NR3587158142125955074NR142NR1331631108023714252832 Nalbari51 NR451301621471088848791301581451521571124535010325735 South Salmara Mankachar40 293385170120120804756201150NR136NR1055123110233232 KamrupNR NRNRNRNRNRNRNRNRNRNRNRNRNRNRNRNRNRNRNRNRNR ManipurImphal50 40389017013513010055NRNR1401201301401207524025234040 ChandelNR NRNRNRNRNRNRNRNRNRNRNRNRNRNRNRNRNRNRNRNRNR JiribamNR NRNRNRNRNRNRNRNRNRNRNRNRNRNRNRNRNRNRNRNRNR KangpokpiNR NRNRNRNRNRNRNRNRNRNRNRNRNRNRNRNRNRNRNRNRNR SenapatiNR NRNRNRNRNRNRNRNRNRNRNRNRNRNRNRNRNRNRNRNRNR TamenglongNR NRNRNRNRNRNRNRNRNRNRNRNRNRNRNRNRNRNRNRNRNR ThoubalNR NRNRNRNRNRNRNRNRNRNRNRNRNRNRNRNRNRNRNRNRNR UkhrulNR NRNRNRNRNRNRNRNRNRNRNRNRNRNRNRNRNRNRNRNRNR MeghalayaShillong45 3736901601231131004874NR125130112NRNR7030030283543 Tura35 403990177137120904874NR140NR1271321038746720254033 Jowai38 383690130120120904874NR120NR120230NR8036030243040 Sohra38 3939NR140150117855074NR120NR120NRNR10032530284348 Mairang40 3837NRNRNR120905374NR118NR123NRNRNR34012283630 Nongpoh35 NR3587167137120884975NR132132128172NR7342315303830 Khliehriat45 403890155120125855074NR160137138NRNR4333330303030 Williamnagar35 403795180NR120905070NR160NR147NR100NR47015303540 Nongstoin37 4040NRNRNR120905073NR133155130175175NR35715305338 Mawkyrwat38 3636NRNRNR122824974NR125NR112NRNRNR34516232937 MizoramAizawl50 405090157134133100508016918715413215414310052030375377 Lunglei50 404598NRNR1201055075NR190220150NRNR10052025406070 Kolasib45 4040961301201101005078NR172NR12019711311340726325770 Mamit50 4040NRNRNR1101005075NR190NR100200120NRNR30404050 Champhai50 3560NRNRNRNR1005080NR180NR130NRNR16752030607057 Serchhip43 NR451201651501501005080NR190200118NRNR10028030304757 Siaha50 45441201301101201005070NR214140159NR138NR54030376097 Lawngtlai50 4045801201001101005880NRNRNR125NR11011049030325278 Hnahthial52 4545125160130130975279NR165140110NRNR12052030354370 Khawzawl40 5040110140NR140955083150170NR127NR150147520303773NR Saitual50 40NR100NR100NR955080NR230NR140NRNRNRNR30404080 NagalandKohima45 405590180130140905075NR120140120190NRNR33020354040 DimapurNR NRNRNRNRNRNRNRNRNRNRNRNRNRNRNRNRNRNRNRNRNR Tuensang37 3855100NRNR12010050NRNR160NR165NRNRNR27520305050 Mokochung50 NR601401401801401005074NR120120140200NR9038015304040 Chumukedima40 NR35110140120100904080NR130160150200NR9032015204030 Mon40 NR5080NRNR1201005070NR130NR130NRNR6035020255050 Peren38 4040120NR1401201005072NR160NR168NRNR8034515257040 Phek40 50501001401401401005072NR160NR170NRNRNR35020306060 Tseminyu50 NR50NRNRNR1301005070NR120NR120NRNRNR36015404050 Wokha45 NR431201231251201005068NR160200180NRNRNR29015307060 Zunheboto50 NR50NR120NR1401004575NR150NR140NRNR6040018305050 Kiphire36 NR409095NR85905080NR130NR150NRNR7033518305550 Longleng38 4050NR150NR1201007075NR160NR180NRNR8035020254060 Niuland35 NR40NR1401001201005070NR120NR130NRNR12037015222530 Shamator40 4360100120NR1101005065NR130NR140NR11010017520306565 Noklak40 506090100NRNR10550NRNR130NR130NRNRNRNR20306060 SikkimGangtok65 404085135128127955062NR159115121143NR6054717353530 Gyalshing45 3536901701401201005065NR160120140180NR6044020304040 Namchi54 3245801201301081004565NR183114167190NR5042021357050 Soreng49 3535901101101321005065NR154130132148NR6048020354040 Mangan60 3636801351351301105060NR187167NR210NR6634317355045 TripuraAgartala39 NR4082127132107964670NR1381301221401117020010333030 Dharmanagar35 NR40891601351201104871NR1231301181581037225310303030 BeloniaNR NRNRNRNRNRNRNRNRNRNRNRNRNRNRNRNRNRNRNRNRNR TR-Udaipur37 NR36851451181131005072NR125108110130936016810282536 SOUTH ZONESOUTH ZONE  Andhra PradeshVijaywada55 515590175147130964368165179118NR112896129719382638 Visakhapatnam51 414279157137122884254164143105NR110955728021302633 Kurnool70 4542891571351301124263154160111110111956346725403030 Tirupathi67 4040851901301201004449173173110139112886050323292821 Jammalamadugu60 4660801601461301244066170191110180115905419820353320 DharmavaramNR NRNRNRNRNRNRNRNRNRNRNRNRNRNRNRNRNRNRNRNRNR OngoleNR NRNRNRNRNRNRNRNRNRNRNRNRNRNRNRNRNRNRNRNRNR KarnatakaBengaluru59 44398716714713595454720314497127111955641316222319 Dharwad59 4563891701591301134148194161132115105965639328372419 Mangalore49 413977148137118903844165160142133110985937114423120 Mysore65 42641331591321339643432121521521431151116130424393232 Bengaluru (East Range)62 4640891721271219146461571771041281161026026415483332 Belagavi58 404084168142112845053173164102118121994826519292216 Kalaburagi68 454875174128133984159178155111144115954424318242523 Tumakuru63 434588168147127994249195163125125114976030022402627 Bellary60 40417915312912011841481931551041311111056222824362425 Dhavanagere62 4464871681461271104249168157118120114996026628412722 Shivamogga59 4540901681451281024448202152102132113954724325403135 Vijayapur64 45419417715213711843552141631281221161015228521322528 Ramanagara64 46499716314713512345481761891051521181005118818322024 Raichur65 44461141601351219044561771461221301191025915615372931 Chamarajanagar66 426191159139131964344201161118NR114996029723332929 Kolar47 444612214512512512539471581381511301201005133011253131 Haveri61 4143140189140140894164153164142144147974524714605819 BagalkotNR NRNRNRNRNRNRNRNRNRNRNRNRNRNRNRNRNRNRNRNRNR Bidar59 42608516513012510044672241371371171271006733228141512 Koppal52 39428313113011513043431431731261651401064425612372217 Mandya53 454492159140129954247196198109170112985136018332529 YadgirNR NRNRNRNRNRNRNRNRNRNRNRNRNRNRNRNRNRNRNRNRNR Chikkamagalur59 4442991651551371014449170156110105112936119217402520 Bangalore Rural62 3855911421401311104044180140107155127835024515252221 Chikkaballapur55 45388013712011288414216213091120105934741714343635 Chitradurga63 47568215416415215839461551781421471581074531331153025 Gadag72 45488416013012411442701721651261401241004831010303025 Hassan45 44567015011596883850160184106150145954923015263020 Kodagu60 42521141961501321284248175180155162115994121516333235 Udupi52 545612814515613012948481741761211521581195128928353727 Uttara Kannada55 464010816115213311747502181801231511101064725027332828 Vijayanagara65 4444851521291221114448179157127115110894524516302724 KeralaT.Puram58 4148831671511261064352223176131130114996826718493037 ErnakulamNR NRNRNRNRNRNRNRNRNRNRNRNRNRNRNRNRNRNRNRNRNR Kozhikode44 4942971621421461094253223161131NR1171006725916402634 Thrissur53 49591031981611541264454NRNRNRNRNRNR6625916513437 Palakkad49 454895173147129974350213157133NR1121065524013492737 Wayanad46 50421041841501411024352NR166141NR1221095822017422732 Kasargod48 48521031701621341004261NRNR140NR110964826016372529 Kottayam56 41431311841291321324556NR188147NR1201006222913493146 Pathanamthitta55 3439951781481381484353NR218190NR1201096723714463060 Alapuzha45 48661001671551481234352NRNR134NR118NR6319712412523 Kollam45 4942108203161NR1084452224NR145NR1221136823016523339 Idukki56 414089160NR122854360NR153131NR1191016118713493142 Kannur51 4645105183152151954352NRNR177NR115955725816382423 Malapuram46 4744941721481331504256239160138NR1201045523014402730 PuducherryPuducherryNR NRNRNRNRNRNRNRNRNRNRNRNRNRNRNRNRNRNRNRNRNR Tamil NaduChennai59 434286173143123904240172152110NR111936227827402525 Madurai58 396483169141124884345209192152NR108974626327413121 Dindigul67 464492173144129894260195178117NR1171085627720423020 Thiruchirapalli65 4565871591351201004443196173123NR1159659NR26463327 Coimbatore46 434480165136121794340192142134NR113965725328512525 Tirunelveli58 434691170146121824442188146117NR113955224224423632 Cuddalore69 5056871731531281064248223203153NR113955431324493318 Dharmapuri61 444082165135119834143218NR115NR1221015027025403028 Vellore71 454186173142125994245168163139NR109905326726482726 Ramanathapuram62 396182166145116974244210235124NR125974927227463636 Erode62 484391167148128904445188170118NR115985528825462222 Karur47 485589172142124894343217152115NR114995129812433235 Perambalur60 NR6287155142118884343210163119NR1158955NR26403025 Pudukkottai65 476490165145127NR4445211198143NR1129753NR27503040 Sivagangai69 476289172149128904344214213142NR1131065127726573533 Thanjavur58 464088175152128804244194170131NR113975426021403131 The nilgiris75 444493163151134924354208177108NR115956020327583021 Thoothukudi56 435887156144123864554232190125NR112985530611403324 Viluppuram56 514090173128130924350166158112NR11210356NR26483327 Virudhunagar60 426485160135122784545199149127NR1161005329328463033 Kanniyakumari57 3953891641391211404241184180121NR105975525825433025 Namakkal69 466192173135125934244200161113NR1099655NR26383030 Tiruvannamalai66 496086162141110894465183173114NR113965829527483233 Tiruvarur58 626283186129124NR4252229134125NR1128852NR25453530 TiruppurNR NRNRNRNRNRNRNRNRNRNRNRNRNRNRNRNRNRNRNRNRNR Tenkasi64 465983159154119NR4366227195122NR115995627522403126 Nagapattinam55 4461891751301211074350222215123NR1119355NR20312628 Krishnagiri57 423890166143120894144195NR105NR110945050326382525 Ariyalur64 NR6485170145127884444203177122NR1189555NR26503535 Kallakurichi58 4662941731241261024347185176113NR11310257NR27443232 Kancheepuram65 506789168150128954340186157122NR1139864NR26473030 SalemNR NRNRNRNRNRNRNRNRNRNRNRNRNRNRNRNRNRNRNRNRNR Theni64 485390171142123884648172170118NR1131085326712413222 Chengalpattu60 456085179150135954440194185122NR118996056028533333 Mayiladuthurai60 506392177143127NR4444233165173NR113975736027404040 RanipetNR NRNRNRNRNRNRNRNRNRNRNRNRNRNRNRNRNRNRNRNRNR Tirupattur65 414385169145126954468181205157NR115905427017323230 Tiruvallur70 456090180140140954340207173123NR114996254028303025 TelanganaHyderabad59 39388214712011193395214614792103103915126618191919 Karimnagar49 48608215314111990426615514497NR113915930924282020 Warangal49 363880137113111934160167168149175105945427415304335 Adilabad63 425065150125120803980160160100150108955530028252525 Suryapet47 454472165123121933760165156130NR115925228022261921 Jadcherla40 305075165132117953957170178126NR1161085529214152832 Khammam55 55459017012011010045751651701451781251055533028452020 Medchal64 4445851671381239045611691981201251201005026018292622 Nizamabad46 443983157134130994375180191109NR1301156534413302515 Sangareddy63 424476146120111864070150150128170115906536024302029 Commodity NameCommodity NameRiceRiceWheatAtta (Wheat)Gram DalTur/Arhar DalUrad DalMoong DalMasoor DalSugarMilk @Groundnut Oil (Packed)Mustard Oil (Packed)Vanaspati (Packed)Soya Oil (Packed)Sunflower Oil (Packed)Palm Oil (Packed)GurTea LooseSalt Pack (Iodised)PotatoOnionTomatoBajra(whole)Jowar(whole)Maida(wheat)Ragi(whole)Suji(whole)BesanDesi GheeButter(Pasteurised)EggsBrinjalBlack Pepper(whole)Coriander(whole)Cummin Seed(whole)Red Chillies(whole)Turmeric(powder)BananaGIngerGarlic  Average Price1Average Price144.32 30.5735.984.02151.82124.45117.8493.3244.4158.58189.38135.9125.79124.23123.37102.1852.88281.722.4327.4331.3732.57 Maximum Price1Maximum Price175 6269140203180180158708326223522018523017516756031607397 Minimum Price1Minimum Price125 222760878084703737120107919810183361568111512 Modal Price1Modal Price140 2835801601201201004460200131.671201301151005030028253030 Source:- State civil supplies Dept.Note:- All India Consumption Weighted Average Prices of Oils w.e.f 23-Feb-2022 and Wheat and Atta w.e.f 25-Feb-2023 NR -> Not Reported Unit for Black Pepper (powder),Coriander (powder),Cummin Seed (powder),Red Chillies (powder),Turmeric (powder),Butter (Pasteurised) - Rs/100gm Unit for Eggs - Rs/Dozen Developed by:- National Informatics Centre(NIC)",,,,,,,,,,,,,,,,,,,,,,,,,,,,,,,,,,,,,,,,,,,2024-04-22
"Source:- State civil supplies Dept.Note:- All India Consumption Weighted Average Prices of Oils w.e.f 23-Feb-2022 and Wheat and Atta w.e.f 25-Feb-2023 NR -> Not Reported Unit for Black Pepper (powder),Coriander (powder),Cummin Seed (powder),Red Chillies (powder),Turmeric (powder),Butter (Pasteurised) - Rs/100gm Unit for Eggs - Rs/Dozen Developed by:- National Informatics Centre(NIC)",,,,,,,,,,,,,,,,,,,,,,,,,,,,,,,,,,,,,,,,,,,2024-04-22
Source:- State civil supplies Dept.,Note:- All India Consumption Weighted Average Prices of Oils w.e.f 23-Feb-2022 and Wheat and Atta w.e.f 25-Feb-2023,NR -> Not Reported,,,,,,,,,,,,,,,,,,,,,,,,,,,,,,,,,,,,,,,,,2024-04-22
"Unit for Black Pepper (powder),Coriander (powder),Cummin Seed (powder),Red Chillies (powder),Turmeric (powder),Butter (Pasteurised) - Rs/100gm","Unit for Black Pepper (powder),Coriander (powder),Cummin Seed (powder),Red Chillies (powder),Turmeric (powder),Butter (Pasteurised) - Rs/100gm",,,,,,,,,,,,,,,,,,,,,,,,,,,,,,,,,,,,,,,,,,2024-04-22
,Unit for Eggs - Rs/Dozen,,,,,,,,,,,,,,,,,,,,,,,,,,,,,,,,,,,,,,,,,,2024-04-22
Developed by:- National Informatics Centre(NIC),Developed by:- National Informatics Centre(NIC),,,,,,,,,,,,,,,,,,,,,,,,,,,,,,,,,,,,,,,,,,2024-04-22
,,,,,,,,,,,,,,,,,,,,,,,,,,,,,,,,,,,,,,,,,,,2024-04-22
