State,Centre,Rice,Broken Rice,Wheat,Atta (Wheat),Gram Dal,Tur/Arhar Dal,Urad Dal,Moong Dal,Masoor Dal,Sugar,Milk @,Groundnut Oil (Packed),Mustard Oil (Packed),Vanaspati (Packed),Soya Oil (Packed),Sunflower Oil (Packed),Palm Oil (Packed),Gur,Tea Loose,Salt Pack (Iodised),Potato,Onion,Tomato,Bajra (whole),Jowar (whole),Maida (wheat),Ragi (whole),Suji (whole),Besan,Desi Ghee,Butter (Pasteurised),Eggs,Brinjal,Black Pepper (whole),Coriander (whole),Cummin Seed (whole),Red Chillies (whole),Turmeric (powder),Banana,Ginger,Garlic,Date
Unit,Qty,1 Kg,1 Kg,1 Kg,1 Kg,1 Kg,1 Kg,1 Kg,1 Kg,1 Kg,1 Kg,1 ltr,1 Kg,1 Kg,1 Kg,1 Kg,1 Kg,1 Kg,1 Kg,1 Kg,1 Kg,1 Kg,1 Kg,1 Kg,1 Kg,1 Kg,1 Kg,1 Kg,1 Kg,1 Kg,1 Kg,100 gm,Dozen,1 Kg,100 gm,250 gm,100 gm,100 gm,50 gm,1 Kg,100 gm,100 gm,2024-03-13
Average Price,Average Price,44.16,,30.92,36.09,83.6,148.7,123.52,116.99,93.42,44.27,58.61,190.38,135.73,125.22,123.21,122.28,99.42,52.78,281.91,22.41,23.27,33.34,32.1,,,,,,,,,,,,,,,,,,,2024-03-13
Maximum Price,Maximum Price,75,,62,69,140,203,176,180,157,70,83,262,235,220,185,230,168,167,560,33,65,77,88,,,,,,,,,,,,,,,,,,,2024-03-13
Minimum Price,Minimum Price,25,,21,27,60,87,80,81,70,37,37,110,103,90,93,95,79,36,158,9,9,17,10,,,,,,,,,,,,,,,,,,,2024-03-13
Modal Price,Modal Price,40,,28,32,80,160,120,120,100,44,60,201.5,130,120,120,115,90,50,300,28,20,30,30,,,,,,,,,,,,,,,,,,,2024-03-13
NORTH ZONE,NORTH ZONE,,,,,,,,,,,,,,,,,,,,,,,,,,,,,,,,,,,,,,,,,,2024-03-13
Chandigarh,Chandigarh,42,,32,36,80,135,115,113,94,45,59,190,150,128,130,145,105,51,276,27,12,38,44,,,,,,,,,,,,,,,,,,,2024-03-13
Delhi,Delhi,40,,29,31,80,157,137,122,87,44,54,207,137,121,126,133,101,57,243,26,22,37,43,,,,,,,,,,,,,,,,,,,2024-03-13
Haryana,Hisar,35,,27,29,75,150,105,105,75,43,57,191,118,104,115,123,101,42,241,25,12,22,32,,,,,,,,,,,,,,,,,,,2024-03-13
Haryana,Karnal,63,,32,39,86,126,120,122,125,46,66,181,135,139,147,175,133,43,280,30,18,48,31,,,,,,,,,,,,,,,,,,,2024-03-13
Haryana,Panchkula,35,,33,36,82,135,101,110,95,45,59,151,128,127,111,153,91,51,218,26,24,55,30,,,,,,,,,,,,,,,,,,,2024-03-13
Haryana,Gurgaon,40,,25,35,65,100,95,90,88,42,56,185,165,130,137,163,100,44,190,20,15,35,30,,,,,,,,,,,,,,,,,,,2024-03-13
Himachal Pradesh,Shimla,45,,NR,37,85,165,143,126,93,50,60,214,165,131,121,NR,NR,55,220,28,24,40,50,,,,,,,,,,,,,,,,,,,2024-03-13
Himachal Pradesh,Mandi,42,,NR,33,78,164,138,124,80,46,47,224,157,124,119,143,116,47,270,28,19,30,44,,,,,,,,,,,,,,,,,,,2024-03-13
Himachal Pradesh,Dharamshala,28,,NR,30,84,153,130,128,93,45,40,NR,159,137,138,NR,NR,47,220,28,24,30,50,,,,,,,,,,,,,,,,,,,2024-03-13
Himachal Pradesh,Solan,41,,NR,32,82,158,135,116,85,45,50,214,159,128,120,134,NR,49,220,28,20,35,43,,,,,,,,,,,,,,,,,,,2024-03-13
Himachal Pradesh,Una,40,,NR,31,84,154,128,124,86,42,62,NR,141,129,117,NR,NR,46,224,28,20,36,41,,,,,,,,,,,,,,,,,,,2024-03-13
Himachal Pradesh,Bilaspur-hp,44,,NR,30,81,160,134,118,87,46,58,NR,161,128,133,NR,NR,43,318,27,20,35,50,,,,,,,,,,,,,,,,,,,2024-03-13
Himachal Pradesh,Chamba,36,,NR,35,83,156,130,120,89,50,55,NR,163,138,128,NR,NR,44,235,28,21,35,40,,,,,,,,,,,,,,,,,,,2024-03-13
Himachal Pradesh,Hamirpur-HP,39,,NR,30,83,157,129,119,88,45,65,NR,161,135,NR,NR,NR,47,259,28,22,32,43,,,,,,,,,,,,,,,,,,,2024-03-13
Himachal Pradesh,Kullu,39,,NR,30,81,167,132,109,83,46,40,NR,157,126,110,141,NR,42,230,28,20,40,50,,,,,,,,,,,,,,,,,,,2024-03-13
Himachal Pradesh,Sirmour,37,,21,34,79,110,130,108,96,45,50,228,165,135,143,155,121,41,327,25,29,37,42,,,,,,,,,,,,,,,,,,,2024-03-13
Himachal Pradesh,Kinnaur,42,,NR,35,79,149,131,110,85,46,45,NR,145,115,118,132,NR,39,229,27,28,40,50,,,,,,,,,,,,,,,,,,,2024-03-13
Himachal Pradesh,Lahaul & Spiti,40,,NR,40,90,165,120,100,100,50,70,NR,170,150,NR,NR,NR,55,480,28,40,50,60,,,,,,,,,,,,,,,,,,,2024-03-13
Jammu and Kashmir,Srinagar,39,,37,50,103,127,117,137,113,50,47,NR,140,133,133,162,NR,50,297,28,30,40,53,,,,,,,,,,,,,,,,,,,2024-03-13
Jammu and Kashmir,Jammu,43,,30,35,82,172,133,120,100,46,50,NR,148,130,127,142,103,49,290,28,22,37,50,,,,,,,,,,,,,,,,,,,2024-03-13
Jammu and Kashmir,Poonch,NR,,NR,NR,NR,NR,NR,NR,NR,NR,NR,NR,NR,NR,NR,NR,NR,NR,NR,NR,NR,NR,NR,,,,,,,,,,,,,,,,,,,2024-03-13
Jammu and Kashmir,Kupwara,36,,26,34,90,110,110,120,100,60,48,NR,148,145,143,148,142,50,307,24,22,43,48,,,,,,,,,,,,,,,,,,,2024-03-13
Jammu and Kashmir,Udhampur,NR,,NR,NR,NR,NR,NR,NR,NR,NR,NR,NR,NR,NR,NR,NR,NR,NR,NR,NR,NR,NR,NR,,,,,,,,,,,,,,,,,,,2024-03-13
Jammu and Kashmir,Shopian,40,,45,45,120,123,120,120,120,50,49,NR,150,147,145,138,NR,48,337,28,30,40,50,,,,,,,,,,,,,,,,,,,2024-03-13
Jammu and Kashmir,Samba,60,,27,32,79,153,130,120,92,46,55,NR,125,120,115,130,95,50,300,28,20,30,45,,,,,,,,,,,,,,,,,,,2024-03-13
Jammu and Kashmir,Ramban,60,,NR,34,85,153,120,113,100,50,60,NR,153,140,120,NR,NR,52,320,25,20,38,55,,,,,,,,,,,,,,,,,,,2024-03-13
Jammu and Kashmir,Rajouri,NR,,NR,NR,NR,NR,NR,NR,NR,NR,NR,NR,NR,NR,NR,NR,NR,NR,NR,NR,NR,NR,NR,,,,,,,,,,,,,,,,,,,2024-03-13
Jammu and Kashmir,Kishtwar,NR,,NR,NR,NR,NR,NR,NR,NR,NR,NR,NR,NR,NR,NR,NR,NR,NR,NR,NR,NR,NR,NR,,,,,,,,,,,,,,,,,,,2024-03-13
Jammu and Kashmir,Doda,NR,,NR,NR,NR,NR,NR,NR,NR,NR,NR,NR,NR,NR,NR,NR,NR,NR,NR,NR,NR,NR,NR,,,,,,,,,,,,,,,,,,,2024-03-13
Jammu and Kashmir,Baramulla,NR,,NR,NR,NR,NR,NR,NR,NR,NR,NR,NR,NR,NR,NR,NR,NR,NR,NR,NR,NR,NR,NR,,,,,,,,,,,,,,,,,,,2024-03-13
Jammu and Kashmir,Reasi,NR,,NR,NR,NR,NR,NR,NR,NR,NR,NR,NR,NR,NR,NR,NR,NR,NR,NR,NR,NR,NR,NR,,,,,,,,,,,,,,,,,,,2024-03-13
Jammu and Kashmir,Kathua,NR,,NR,NR,NR,NR,NR,NR,NR,NR,NR,NR,NR,NR,NR,NR,NR,NR,NR,NR,NR,NR,NR,,,,,,,,,,,,,,,,,,,2024-03-13
Punjab,Amritsar,35,,28,36,75,155,113,105,107,42,54,183,112,105,105,113,NR,45,272,26,19,30,40,,,,,,,,,,,,,,,,,,,2024-03-13
Punjab,Ludhiana,37,,24,32,87,168,135,115,95,43,60,205,132,122,122,130,NR,50,320,27,17,33,50,,,,,,,,,,,,,,,,,,,2024-03-13
Punjab,Bathinda,37,,23,29,83,163,140,120,98,44,57,218,133,118,120,137,99,54,293,25,18,32,36,,,,,,,,,,,,,,,,,,,2024-03-13
Punjab,Barnala,40,,23,27,85,165,125,110,85,44,54,208,117,112,105,120,90,42,317,28,19,32,35,,,,,,,,,,,,,,,,,,,2024-03-13
Punjab,Hoshiarpur,34,,26,30,90,140,115,120,110,43,62,200,120,140,125,140,110,64,263,20,18,45,45,,,,,,,,,,,,,,,,,,,2024-03-13
Punjab,Faridkot,42,,23,32,87,153,132,127,92,45,55,233,127,122,112,132,93,52,313,28,23,30,40,,,,,,,,,,,,,,,,,,,2024-03-13
Punjab,Mansa,40,,24,28,90,127,110,100,98,48,52,NR,125,125,130,NR,NR,55,280,28,20,31,39,,,,,,,,,,,,,,,,,,,2024-03-13
Punjab,Sri Muktsar Sahib,41,,25,29,82,167,123,117,88,44,62,203,112,108,113,108,92,45,250,26,22,33,43,,,,,,,,,,,,,,,,,,,2024-03-13
Punjab,Dera Bassi,38,,22,30,86,160,120,120,110,43,55,NR,128,117,120,NR,NR,53,247,28,19,30,37,,,,,,,,,,,,,,,,,,,2024-03-13
Punjab,Sangrur,42,,27,30,81,160,116,109,80,45,60,161,122,111,111,124,97,42,220,29,15,29,40,,,,,,,,,,,,,,,,,,,2024-03-13
Punjab,Ropar,37,,28,32,85,158,142,123,102,44,61,202,123,114,118,133,95,57,263,28,19,34,43,,,,,,,,,,,,,,,,,,,2024-03-13
Punjab,Amargarh,42,,26,30,80,172,118,120,80,45,60,158,115,115,110,125,100,40,250,28,15,25,35,,,,,,,,,,,,,,,,,,,2024-03-13
Punjab,Fatehgarh Sahib,48,,25,35,90,120,120,105,105,45,65,200,125,118,117,162,115,50,243,26,10,30,30,,,,,,,,,,,,,,,,,,,2024-03-13
Punjab,Ferozepur,40,,25,32,90,190,142,123,101,44,60,221,122,121,120,147,97,50,281,28,17,32,33,,,,,,,,,,,,,,,,,,,2024-03-13
Punjab,Kapurthala,33,,25,31,87,128,128,130,115,45,68,215,121,138,140,145,113,68,263,21,21,33,43,,,,,,,,,,,,,,,,,,,2024-03-13
Uttar Pradesh,Lucknow,40,,30,36,83,141,125,120,83,44,66,213,130,110,116,120,109,45,280,28,20,35,40,,,,,,,,,,,,,,,,,,,2024-03-13
Uttar Pradesh,Kanpur,35,,27,32,80,160,132,130,120,46,60,196,144,113,126,140,117,56,234,26,15,25,30,,,,,,,,,,,,,,,,,,,2024-03-13
Uttar Pradesh,Varanasi,42,,29,35,86,158,125,121,82,47,70,217,135,129,128,139,117,55,281,28,19,29,45,,,,,,,,,,,,,,,,,,,2024-03-13
Uttar Pradesh,Agra,44,,29,31,85,139,105,101,84,45,67,160,118,116,114,112,110,39,240,28,15,31,32,,,,,,,,,,,,,,,,,,,2024-03-13
Uttar Pradesh,Jhansi,43,,25,32,78,155,104,111,81,45,52,191,121,111,102,121,112,43,210,26,16,21,25,,,,,,,,,,,,,,,,,,,2024-03-13
Uttar Pradesh,Meerut,36,,30,36,82,133,128,113,113,46,68,163,152,152,152,175,154,50,243,24,14,26,33,,,,,,,,,,,,,,,,,,,2024-03-13
Uttar Pradesh,Allahabad,32,,26,38,78,142,114,112,96,45,62,168,148,132,132,170,110,52,250,24,22,38,36,,,,,,,,,,,,,,,,,,,2024-03-13
Uttar Pradesh,Gorakhpur,39,,25,37,69,144,137,114,74,44,59,214,129,119,119,121,89,49,219,27,19,34,47,,,,,,,,,,,,,,,,,,,2024-03-13
Uttar Pradesh,Saharanpur,34,,28,35,83,167,129,124,103,43,69,165,128,123,130,150,121,49,253,28,13,28,31,,,,,,,,,,,,,,,,,,,2024-03-13
Uttar Pradesh,Bareilly,38,,26,32,90,153,133,121,117,42,66,199,132,115,119,125,97,47,317,28,18,32,41,,,,,,,,,,,,,,,,,,,2024-03-13
Uttar Pradesh,Ayodhya,32,,26,31,72,150,95,105,89,41,55,193,156,121,136,175,96,45,217,28,NR,NR,NR,,,,,,,,,,,,,,,,,,,2024-03-13
Uttar Pradesh,Moradabad,37,,24,31,79,144,116,111,92,42,61,188,134,125,127,151,109,46,256,25,14,30,31,,,,,,,,,,,,,,,,,,,2024-03-13
Uttar Pradesh,Aligarh,40,,28,34,80,170,140,110,110,44,60,208,122,118,111,148,137,49,242,27,11,37,28,,,,,,,,,,,,,,,,,,,2024-03-13
Uttar Pradesh,Mirzapur (Vindhyanchal),30,,26,32,88,155,135,124,105,45,60,205,140,120,125,140,98,55,255,28,14,30,24,,,,,,,,,,,,,,,,,,,2024-03-13
Uttar Pradesh,Banda,38,,27,36,78,140,115,111,78,42,63,197,123,115,106,163,100,52,165,21,15,28,32,,,,,,,,,,,,,,,,,,,2024-03-13
Uttar Pradesh,Azamgarh,35,,30,30,80,150,115,115,95,45,64,221,149,129,124,124,96,45,280,28,15,30,35,,,,,,,,,,,,,,,,,,,2024-03-13
Uttar Pradesh,Gonda (Devipatan),37,,27,34,85,180,130,120,100,45,64,185,138,155,160,190,140,49,340,27,23,38,41,,,,,,,,,,,,,,,,,,,2024-03-13
Uttar Pradesh,Amethi,37,,25,40,73,125,91,112,89,44,62,189,163,134,153,190,118,50,259,25,22,46,38,,,,,,,,,,,,,,,,,,,2024-03-13
Uttar Pradesh,Barabanki,39,,30,34,80,154,120,119,100,45,64,203,150,135,150,175,119,49,220,28,12,29,30,,,,,,,,,,,,,,,,,,,2024-03-13
Uttar Pradesh,Bhadohi,34,,23,29,65,128,85,100,89,43,60,190,160,145,145,185,105,50,235,25,18,30,30,,,,,,,,,,,,,,,,,,,2024-03-13
Uttar Pradesh,Chandauli,30,,26,33,79,140,120,119,80,42,60,136,120,120,105,109,90,57,247,26,16,20,18,,,,,,,,,,,,,,,,,,,2024-03-13
Uttar Pradesh,Farrukhabad,43,,25,31,75,143,117,110,87,44,66,175,132,118,123,165,99,42,247,26,15,28,37,,,,,,,,,,,,,,,,,,,2024-03-13
Uttar Pradesh,Ghazipur,36,,25,33,83,142,131,129,82,44,69,217,132,125,124,145,101,52,253,28,18,25,39,,,,,,,,,,,,,,,,,,,2024-03-13
Uttar Pradesh,Jaunpur,41,,27,35,80,142,120,119,79,43,62,189,138,123,118,163,89,56,257,28,17,29,32,,,,,,,,,,,,,,,,,,,2024-03-13
Uttar Pradesh,UP-Pratapgarh,39,,28,31,80,145,132,120,82,44,68,207,135,117,117,118,93,53,266,27,23,33,38,,,,,,,,,,,,,,,,,,,2024-03-13
Uttar Pradesh,Sambhal,40,,24,32,75,130,120,100,90,41,60,173,130,142,142,175,128,38,217,29,15,30,40,,,,,,,,,,,,,,,,,,,2024-03-13
Uttar Pradesh,Santkabir Nagar,32,,25,32,76,125,115,112,96,43,62,183,150,145,145,175,NR,44,257,28,14,45,40,,,,,,,,,,,,,,,,,,,2024-03-13
Uttar Pradesh,Shahjahanpur,37,,26,33,98,135,130,126,130,44,67,203,169,165,168,180,142,47,263,26,24,33,40,,,,,,,,,,,,,,,,,,,2024-03-13
Uttar Pradesh,Sitapur,30,,28,30,75,108,104,104,95,41,59,179,164,144,153,172,117,38,241,27,13,34,29,,,,,,,,,,,,,,,,,,,2024-03-13
Uttar Pradesh,Sultanpur,33,,28,42,93,148,96,105,98,43,55,218,169,128,166,176,114,48,226,29,15,45,40,,,,,,,,,,,,,,,,,,,2024-03-13
Uttar Pradesh,Unnao,45,,28,31,80,150,130,110,90,44,58,198,132,118,123,155,99,47,230,26,19,30,37,,,,,,,,,,,,,,,,,,,2024-03-13
Uttar Pradesh,Ambedkar Nagar,45,,29,38,85,120,120,110,100,45,60,200,165,140,160,170,130,60,190,27,15,45,40,,,,,,,,,,,,,,,,,,,2024-03-13
Uttar Pradesh,Amroha,40,,26,30,80,140,100,120,100,44,50,197,140,140,147,180,100,41,200,25,20,30,22,,,,,,,,,,,,,,,,,,,2024-03-13
Uttar Pradesh,Baghpat,40,,NR,28,75,150,120,110,100,42,65,216,133,122,122,122,100,45,200,27,16,40,40,,,,,,,,,,,,,,,,,,,2024-03-13
Uttar Pradesh,Bijnor,37,,26,35,70,153,107,95,87,42,60,163,154,133,148,148,140,45,310,26,17,28,27,,,,,,,,,,,,,,,,,,,2024-03-13
Uttar Pradesh,Budaun,41,,25,32,85,117,112,105,95,44,61,200,120,117,117,120,90,48,292,28,15,28,30,,,,,,,,,,,,,,,,,,,2024-03-13
Uttar Pradesh,Etah,42,,27,33,70,160,100,105,95,45,65,205,140,143,140,158,118,50,285,27,12,25,28,,,,,,,,,,,,,,,,,,,2024-03-13
Uttar Pradesh,Fatehpur,35,,25,42,75,120,155,115,100,45,68,215,167,128,137,176,120,50,225,28,16,45,28,,,,,,,,,,,,,,,,,,,2024-03-13
Uttar Pradesh,Ghaziabad,36,,29,31,86,167,135,123,112,43,65,193,122,125,113,128,100,49,206,26,24,33,37,,,,,,,,,,,,,,,,,,,2024-03-13
Uttar Pradesh,Hardoi,44,,25,32,71,141,127,125,89,44,68,218,134,126,128,161,98,50,229,27,17,31,45,,,,,,,,,,,,,,,,,,,2024-03-13
Uttar Pradesh,Jalaun,33,,27,32,84,159,108,105,89,42,56,184,142,152,151,170,105,52,232,28,17,24,35,,,,,,,,,,,,,,,,,,,2024-03-13
Uttar Pradesh,Kaushambi,44,,25,37,76,145,132,103,89,44,59,170,142,122,133,168,125,50,227,29,20,37,38,,,,,,,,,,,,,,,,,,,2024-03-13
Uttar Pradesh,Kushinagar,41,,31,39,83,153,124,137,85,45,70,188,146,135,133,158,99,44,245,28,19,31,39,,,,,,,,,,,,,,,,,,,2024-03-13
Uttar Pradesh,Lakhimpur Kheri,40,,25,32,75,148,99,109,84,45,58,204,135,122,157,157,109,53,215,28,11,30,30,,,,,,,,,,,,,,,,,,,2024-03-13
Uttar Pradesh,Pilibhit,39,,28,32,82,143,137,128,133,44,66,210,145,145,140,155,115,42,265,28,18,38,32,,,,,,,,,,,,,,,,,,,2024-03-13
Uttar Pradesh,Sharwasti,38,,26,32,80,147,127,123,80,44,50,147,139,110,132,NR,99,43,203,27,18,30,30,,,,,,,,,,,,,,,,,,,2024-03-13
Uttar Pradesh,Siddharth Nagar,40,,28,30,80,157,120,140,82,45,62,166,142,126,132,165,90,50,233,26,16,30,24,,,,,,,,,,,,,,,,,,,2024-03-13
Uttar Pradesh,Sonbhadra,48,,30,36,78,165,98,104,98,47,60,207,139,138,145,173,115,47,298,25,15,35,31,,,,,,,,,,,,,,,,,,,2024-03-13
Uttar Pradesh,Rampur,50,,25,28,79,130,109,111,90,42,54,159,131,126,113,143,92,45,255,16,22,26,29,,,,,,,,,,,,,,,,,,,2024-03-13
Uttar Pradesh,Bahraich,NR,,NR,NR,NR,NR,NR,NR,NR,NR,NR,NR,NR,NR,NR,NR,NR,NR,NR,NR,NR,NR,NR,,,,,,,,,,,,,,,,,,,2024-03-13
Uttar Pradesh,Basti,40,,22,30,70,145,110,105,82,42,64,155,140,133,130,148,98,47,242,25,20,40,30,,,,,,,,,,,,,,,,,,,2024-03-13
Uttar Pradesh,Etawah,43,,30,35,85,166,128,101,91,45,65,189,133,133,130,182,115,44,223,30,14,29,26,,,,,,,,,,,,,,,,,,,2024-03-13
Uttar Pradesh,Muzzafarnagar,41,,28,31,72,106,105,102,100,44,75,143,123,121,119,161,99,38,230,27,9,28,31,,,,,,,,,,,,,,,,,,,2024-03-13
Uttar Pradesh,Chitrakoot,33,,27,35,77,146,103,107,84,42,50,168,137,122,125,160,110,45,218,28,25,35,40,,,,,,,,,,,,,,,,,,,2024-03-13
Uttar Pradesh,Hamirpur-UP,50,,29,37,83,159,145,110,85,42,69,220,135,131,105,137,95,44,266,26,20,30,40,,,,,,,,,,,,,,,,,,,2024-03-13
Uttar Pradesh,Deoria,42,,30,32,74,140,105,109,103,45,58,206,122,125,123,152,139,45,224,27,19,31,42,,,,,,,,,,,,,,,,,,,2024-03-13
Uttar Pradesh,Hapur,35,,27,35,75,152,125,115,100,42,65,190,147,127,130,127,105,43,220,27,20,30,35,,,,,,,,,,,,,,,,,,,2024-03-13
Uttar Pradesh,Bulandshahr,40,,24,35,85,140,100,100,90,44,71,NR,123,123,123,188,100,40,250,26,19,27,25,,,,,,,,,,,,,,,,,,,2024-03-13
Uttar Pradesh,Kanpur Dehat,40,,24,30,105,140,140,107,90,45,66,167,125,135,135,130,95,50,210,28,15,28,40,,,,,,,,,,,,,,,,,,,2024-03-13
Uttar Pradesh,Hathras,38,,27,29,77,133,120,103,90,41,65,165,115,133,110,173,140,44,220,25,11,22,38,,,,,,,,,,,,,,,,,,,2024-03-13
Uttar Pradesh,Raebareli,41,,30,33,80,148,122,113,87,43,67,223,128,113,122,142,103,49,228,27,22,37,42,,,,,,,,,,,,,,,,,,,2024-03-13
Uttar Pradesh,Lalitpur,36,,23,29,67,138,92,94,90,41,53,172,132,129,126,188,134,39,258,25,19,30,25,,,,,,,,,,,,,,,,,,,2024-03-13
Uttar Pradesh,Mohaba,33,,26,30,87,137,98,97,90,46,58,150,120,112,118,172,105,50,192,28,18,20,38,,,,,,,,,,,,,,,,,,,2024-03-13
Uttar Pradesh,Gautam Budh Nagar,37,,28,32,82,150,129,115,85,43,66,236,147,122,136,141,109,53,262,27,19,32,37,,,,,,,,,,,,,,,,,,,2024-03-13
Uttar Pradesh,Auraiya,40,,26,36,65,128,89,88,81,43,71,181,164,133,133,183,134,49,246,27,18,28,35,,,,,,,,,,,,,,,,,,,2024-03-13
Uttar Pradesh,Maharajganj,34,,26,33,78,147,120,120,80,44,63,203,138,115,129,172,101,46,213,27,18,28,35,,,,,,,,,,,,,,,,,,,2024-03-13
Uttar Pradesh,Balrampur,34,,25,34,73,142,128,116,87,44,NR,210,129,112,123,129,88,53,218,29,15,29,36,,,,,,,,,,,,,,,,,,,2024-03-13
Uttar Pradesh,Kannauj,39,,26,31,80,157,108,107,82,44,69,175,130,120,135,182,118,41,242,28,19,30,27,,,,,,,,,,,,,,,,,,,2024-03-13
Uttar Pradesh,Mathura,34,,29,34,72,115,92,96,95,40,62,171,146,143,144,168,108,36,267,29,13,34,29,,,,,,,,,,,,,,,,,,,2024-03-13
Uttar Pradesh,Firozabad,38,,35,37,82,115,118,112,118,40,65,190,158,117,142,182,111,45,300,29,13,39,42,,,,,,,,,,,,,,,,,,,2024-03-13
Uttar Pradesh,Kasganj,53,,26,29,78,137,122,118,113,42,65,183,132,123,117,141,95,49,222,28,17,35,40,,,,,,,,,,,,,,,,,,,2024-03-13
Uttar Pradesh,Mainpuri,33,,25,32,66,110,100,100,87,39,69,177,153,122,134,164,110,43,248,30,20,20,20,,,,,,,,,,,,,,,,,,,2024-03-13
Uttar Pradesh,Shamli,38,,26,29,70,138,128,110,90,41,68,202,120,115,110,128,92,50,280,26,17,25,40,,,,,,,,,,,,,,,,,,,2024-03-13
Uttar Pradesh,Ballia,32,,29,32,84,158,111,111,98,43,56,200,160,148,147,147,150,50,243,27,13,26,26,,,,,,,,,,,,,,,,,,,2024-03-13
Uttar Pradesh,Mau,39,,25,30,84,149,118,120,86,43,62,203,130,116,119,117,94,50,273,27,12,27,21,,,,,,,,,,,,,,,,,,,2024-03-13
Uttarakhand,Dehradun,35,,24,37,80,167,110,115,100,46,57,145,125,120,123,165,NR,48,287,30,12,30,20,,,,,,,,,,,,,,,,,,,2024-03-13
Uttarakhand,Haldwani,37,,33,33,100,97,99,96,99,40,57,145,147,150,148,146,143,51,254,28,15,26,25,,,,,,,,,,,,,,,,,,,2024-03-13
Uttarakhand,Rudrapur,36,,26,33,85,162,120,125,100,42,63,185,130,138,119,124,88,51,217,28,11,24,25,,,,,,,,,,,,,,,,,,,2024-03-13
Uttarakhand,Haridwar,40,,27,35,84,139,113,106,84,45,69,NR,NR,NR,NR,NR,NR,62,299,29,14,30,24,,,,,,,,,,,,,,,,,,,2024-03-13
WEST ZONE,WEST ZONE,,,,,,,,,,,,,,,,,,,,,,,,,,,,,,,,,,,,,,,,,,2024-03-13
Chhattisgarh,Raipur,39,,44,43,90,145,128,115,94,45,55,198,135,133,118,133,105,48,247,27,29,30,35,,,,,,,,,,,,,,,,,,,2024-03-13
Chhattisgarh,Durg,38,,37,41,82,156,121,120,80,46,53,196,139,119,123,118,117,56,240,15,21,24,16,,,,,,,,,,,,,,,,,,,2024-03-13
Chhattisgarh,Ambikapur,32,,32,32,94,177,111,104,107,41,40,191,192,172,172,175,158,38,268,11,22,32,24,,,,,,,,,,,,,,,,,,,2024-03-13
Chhattisgarh,Bilaspur-CG,40,,28,30,80,168,90,103,90,40,50,185,182,153,160,174,137,45,203,26,27,62,35,,,,,,,,,,,,,,,,,,,2024-03-13
Chhattisgarh,Jagdalpur,35,,36,46,115,170,106,100,99,43,51,196,161,101,132,136,101,40,351,24,21,24,18,,,,,,,,,,,,,,,,,,,2024-03-13
Chhattisgarh,Dantewada,49,,39,39,89,152,129,119,79,44,73,232,142,112,109,114,94,59,559,28,28,38,24,,,,,,,,,,,,,,,,,,,2024-03-13
Chhattisgarh,Dhamtari,NR,,NR,NR,NR,NR,NR,NR,NR,NR,NR,NR,NR,NR,NR,NR,NR,NR,NR,NR,NR,NR,NR,,,,,,,,,,,,,,,,,,,2024-03-13
Chhattisgarh,Rajnandgaon,52,,43,40,95,171,108,108,105,43,59,252,134,147,103,109,101,53,323,30,21,36,21,,,,,,,,,,,,,,,,,,,2024-03-13
Chhattisgarh,Koriya,38,,33,35,75,148,98,113,80,42,76,198,131,95,124,173,110,47,200,27,20,25,20,,,,,,,,,,,,,,,,,,,2024-03-13
DNH and DD,Silvasa,58,,43,43,88,166,135,130,94,41,66,178,136,140,112,120,96,57,490,27,20,27,30,,,,,,,,,,,,,,,,,,,2024-03-13
DNH and DD,Daman,39,,43,39,80,130,128,113,88,44,66,NR,NR,NR,NR,NR,NR,81,200,26,20,27,27,,,,,,,,,,,,,,,,,,,2024-03-13
DNH and DD,Diu,46,,36,58,90,178,151,131,100,44,61,217,168,139,165,136,115,70,360,28,21,25,30,,,,,,,,,,,,,,,,,,,2024-03-13
Goa,Panaji,52,,47,40,95,170,145,138,98,44,56,213,175,153,173,117,98,58,315,25,37,33,33,,,,,,,,,,,,,,,,,,,2024-03-13
Goa,Margao,52,,48,47,88,160,147,128,93,42,59,223,143,133,127,122,96,60,343,24,38,33,35,,,,,,,,,,,,,,,,,,,2024-03-13
Gujarat,Ahmedabad,33,,32,34,74,131,107,96,80,40,58,195,144,142,138,133,110,51,245,13,22,45,32,,,,,,,,,,,,,,,,,,,2024-03-13
Gujarat,Rajkot,42,,36,39,78,153,117,105,87,40,59,176,128,135,139,117,95,55,300,17,30,25,25,,,,,,,,,,,,,,,,,,,2024-03-13
Gujarat,Surat,32,,32,32,75,160,120,110,85,39,62,188,130,95,110,110,84,49,200,9,19,40,38,,,,,,,,,,,,,,,,,,,2024-03-13
Gujarat,Bhuj,50,,34,35,80,150,130,115,90,42,58,180,140,150,120,125,105,55,260,28,22,25,22,,,,,,,,,,,,,,,,,,,2024-03-13
Gujarat,Selamba,60,,40,44,90,160,140,130,100,42,68,172,135,122,113,113,107,45,267,15,22,28,40,,,,,,,,,,,,,,,,,,,2024-03-13
Gujarat,Waghai,42,,40,46,80,140,120,130,105,43,56,192,153,143,155,135,122,49,257,14,28,38,32,,,,,,,,,,,,,,,,,,,2024-03-13
Gujarat,Bodeli,41,,34,39,83,137,117,103,88,43,58,194,145,128,137,132,103,52,292,13,22,46,29,,,,,,,,,,,,,,,,,,,2024-03-13
Gujarat,Vapi,NR,,NR,NR,NR,NR,NR,NR,NR,NR,NR,NR,NR,NR,NR,NR,NR,NR,NR,NR,NR,NR,NR,,,,,,,,,,,,,,,,,,,2024-03-13
Gujarat,Bilimora,NR,,NR,NR,NR,NR,NR,NR,NR,NR,NR,NR,NR,NR,NR,NR,NR,NR,NR,NR,NR,NR,NR,,,,,,,,,,,,,,,,,,,2024-03-13
Gujarat,Idar,NR,,NR,NR,NR,NR,NR,NR,NR,NR,NR,NR,NR,NR,NR,NR,NR,NR,NR,NR,NR,NR,NR,,,,,,,,,,,,,,,,,,,2024-03-13
Gujarat,Jhalod,NR,,NR,NR,NR,NR,NR,NR,NR,NR,NR,NR,NR,NR,NR,NR,NR,NR,NR,NR,NR,NR,NR,,,,,,,,,,,,,,,,,,,2024-03-13
Gujarat,Songash,NR,,NR,NR,NR,NR,NR,NR,NR,NR,NR,NR,NR,NR,NR,NR,NR,NR,NR,NR,NR,NR,NR,,,,,,,,,,,,,,,,,,,2024-03-13
Madhya Pradesh,Bhopal,36,,32,34,84,155,127,110,84,43,60,174,136,120,105,122,NR,50,270,12,25,25,25,,,,,,,,,,,,,,,,,,,2024-03-13
Madhya Pradesh,Indore,41,,26,34,88,148,117,118,92,43,64,181,140,125,109,125,92,54,245,22,20,24,30,,,,,,,,,,,,,,,,,,,2024-03-13
Madhya Pradesh,Gwalior,36,,34,43,82,160,120,129,90,44,66,214,141,121,115,125,NR,54,230,28,12,25,24,,,,,,,,,,,,,,,,,,,2024-03-13
Madhya Pradesh,Jabalpur,41,,30,34,79,144,117,118,84,44,64,203,135,104,108,130,107,45,270,17,18,28,24,,,,,,,,,,,,,,,,,,,2024-03-13
Madhya Pradesh,Rewa,42,,24,50,91,104,99,116,96,46,53,172,157,113,142,141,NR,44,393,19,19,24,20,,,,,,,,,,,,,,,,,,,2024-03-13
Madhya Pradesh,Sagar,41,,25,28,74,153,123,103,85,42,59,194,138,100,105,120,90,45,233,22,18,22,26,,,,,,,,,,,,,,,,,,,2024-03-13
Madhya Pradesh,Jhabua,43,,28,37,89,162,122,123,94,42,56,191,135,130,107,142,NR,53,300,22,27,34,26,,,,,,,,,,,,,,,,,,,2024-03-13
Madhya Pradesh,Hoshangabad,47,,27,34,86,166,113,114,100,44,60,187,126,106,111,121,95,45,390,13,23,28,35,,,,,,,,,,,,,,,,,,,2024-03-13
Madhya Pradesh,Shahdol,33,,32,35,70,170,95,105,85,42,75,170,130,125,115,170,NR,44,180,25,20,30,40,,,,,,,,,,,,,,,,,,,2024-03-13
Madhya Pradesh,Ujjain,42,,30,35,82,154,122,115,93,44,58,190,140,125,122,122,99,52,270,18,22,32,32,,,,,,,,,,,,,,,,,,,2024-03-13
Madhya Pradesh,Morena,36,,28,30,85,180,120,115,100,43,65,182,111,125,125,177,103,55,240,16,15,35,35,,,,,,,,,,,,,,,,,,,2024-03-13
Madhya Pradesh,Anuppur,35,,32,34,80,143,117,120,93,45,50,203,123,120,108,127,90,45,200,10,21,33,30,,,,,,,,,,,,,,,,,,,2024-03-13
Madhya Pradesh,Bhind,39,,33,36,70,123,93,95,90,43,60,163,123,120,125,165,120,38,230,15,15,35,45,,,,,,,,,,,,,,,,,,,2024-03-13
Madhya Pradesh,Dhar,45,,28,42,83,159,124,113,105,42,57,182,136,125,106,133,168,49,228,23,20,30,38,,,,,,,,,,,,,,,,,,,2024-03-13
Madhya Pradesh,Harda,34,,28,31,78,157,125,110,100,41,60,187,133,125,98,115,NR,47,200,27,20,30,33,,,,,,,,,,,,,,,,,,,2024-03-13
Madhya Pradesh,Katni,35,,27,30,80,150,120,120,80,45,50,190,110,110,105,125,110,45,180,28,16,30,30,,,,,,,,,,,,,,,,,,,2024-03-13
Madhya Pradesh,Khandwa,32,,25,30,69,157,112,113,108,41,53,182,153,139,99,157,NR,48,252,20,20,25,27,,,,,,,,,,,,,,,,,,,2024-03-13
Madhya Pradesh,Mandla,48,,30,37,80,133,123,120,80,40,50,193,130,110,110,123,110,42,247,19,20,27,13,,,,,,,,,,,,,,,,,,,2024-03-13
Madhya Pradesh,Rajgarh,39,,31,36,98,99,93,98,89,41,69,136,108,102,109,101,NR,48,238,19,23,32,32,,,,,,,,,,,,,,,,,,,2024-03-13
Madhya Pradesh,Sidhi,36,,26,34,95,140,95,90,95,45,60,253,130,125,119,158,130,49,253,28,20,33,30,,,,,,,,,,,,,,,,,,,2024-03-13
Madhya Pradesh,Chattarpur,36,,29,32,85,183,95,120,91,43,50,194,135,131,109,115,118,52,228,25,15,25,24,,,,,,,,,,,,,,,,,,,2024-03-13
Madhya Pradesh,Neemuch,40,,25,32,80,170,120,112,80,43,53,175,133,127,105,132,NR,45,382,9,15,30,35,,,,,,,,,,,,,,,,,,,2024-03-13
Madhya Pradesh,Burhanpur,38,,34,34,74,149,124,114,84,42,52,154,124,124,106,120,98,42,183,27,23,23,23,,,,,,,,,,,,,,,,,,,2024-03-13
Madhya Pradesh,Narshinpur,38,,26,38,75,162,118,113,85,44,55,195,153,110,104,143,NR,39,282,12,17,22,17,,,,,,,,,,,,,,,,,,,2024-03-13
Madhya Pradesh,Raisen,37,,28,30,80,157,120,118,88,42,60,190,130,107,105,NR,NR,45,220,28,20,30,38,,,,,,,,,,,,,,,,,,,2024-03-13
Madhya Pradesh,Sheopur,44,,27,34,80,150,130,120,85,40,60,170,125,120,105,150,NR,45,280,28,20,28,35,,,,,,,,,,,,,,,,,,,2024-03-13
Madhya Pradesh,Agar malwa,43,,26,33,80,175,128,110,102,40,55,180,135,125,106,130,NR,44,363,16,20,24,40,,,,,,,,,,,,,,,,,,,2024-03-13
Madhya Pradesh,Umaria,43,,32,35,70,130,115,115,87,44,60,150,115,103,108,203,NR,42,220,18,24,38,40,,,,,,,,,,,,,,,,,,,2024-03-13
Madhya Pradesh,Shajapur,49,,27,35,81,154,137,125,93,42,63,175,122,115,104,118,NR,45,353,28,29,37,43,,,,,,,,,,,,,,,,,,,2024-03-13
Madhya Pradesh,Dewas,43,,24,33,84,152,113,111,93,41,56,173,122,113,98,110,NR,43,225,11,22,25,29,,,,,,,,,,,,,,,,,,,2024-03-13
Madhya Pradesh,Khargone,40,,28,35,80,140,110,110,90,42,55,185,185,155,130,190,NR,45,400,28,22,45,25,,,,,,,,,,,,,,,,,,,2024-03-13
Madhya Pradesh,Singrauli,36,,27,32,90,148,111,116,87,46,60,217,125,102,114,142,92,49,300,28,20,35,36,,,,,,,,,,,,,,,,,,,2024-03-13
Madhya Pradesh,Chhindwara,45,,26,33,78,144,114,112,82,43,52,233,152,103,119,130,115,37,212,10,22,28,28,,,,,,,,,,,,,,,,,,,2024-03-13
Madhya Pradesh,Sehore,38,,25,32,85,151,121,112,85,42,50,174,126,116,111,122,NR,45,211,11,20,32,35,,,,,,,,,,,,,,,,,,,2024-03-13
Madhya Pradesh,MP-Ashoknagar,41,,28,31,68,152,124,117,89,41,58,260,138,138,120,140,120,40,218,28,20,28,32,,,,,,,,,,,,,,,,,,,2024-03-13
Madhya Pradesh,Balaghat,39,,35,35,78,148,115,115,90,41,52,193,140,102,98,118,100,60,200,10,20,30,23,,,,,,,,,,,,,,,,,,,2024-03-13
Madhya Pradesh,Guna,40,,26,30,78,145,110,108,80,41,60,190,123,100,105,123,97,40,200,28,20,23,38,,,,,,,,,,,,,,,,,,,2024-03-13
Madhya Pradesh,Ratlam,34,,26,35,88,160,142,125,97,42,55,190,140,132,115,135,110,42,300,10,18,23,28,,,,,,,,,,,,,,,,,,,2024-03-13
Madhya Pradesh,Satna,31,,25,35,75,140,100,100,80,42,60,210,128,118,130,128,103,45,200,28,18,35,23,,,,,,,,,,,,,,,,,,,2024-03-13
Madhya Pradesh,Vidisha,39,,30,32,77,153,128,122,88,40,65,178,127,107,105,121,NR,45,227,10,20,20,30,,,,,,,,,,,,,,,,,,,2024-03-13
Madhya Pradesh,Alirajpur,40,,30,35,90,160,115,105,107,43,65,210,143,141,115,130,100,50,297,10,25,37,25,,,,,,,,,,,,,,,,,,,2024-03-13
Madhya Pradesh,Betul,53,,28,33,79,149,124,116,90,43,57,178,135,116,108,130,NR,47,222,17,21,28,29,,,,,,,,,,,,,,,,,,,2024-03-13
Madhya Pradesh,Damoh,34,,28,32,75,150,120,100,80,42,52,200,140,115,112,120,NR,48,210,10,20,20,28,,,,,,,,,,,,,,,,,,,2024-03-13
Madhya Pradesh,Dindori,40,,35,34,93,140,138,130,88,45,57,220,133,90,110,140,NR,50,247,28,20,40,30,,,,,,,,,,,,,,,,,,,2024-03-13
Madhya Pradesh,Niwari,34,,27,32,75,149,119,115,89,44,64,205,135,123,115,180,96,42,211,28,20,31,45,,,,,,,,,,,,,,,,,,,2024-03-13
Madhya Pradesh,Seoni,45,,32,35,70,125,90,110,78,40,54,200,127,102,113,122,NR,39,187,11,15,23,20,,,,,,,,,,,,,,,,,,,2024-03-13
Madhya Pradesh,Panna,36,,25,33,81,146,105,100,95,44,50,205,117,118,107,137,117,49,203,10,15,19,24,,,,,,,,,,,,,,,,,,,2024-03-13
Madhya Pradesh,Tikamgarh,37,,40,40,72,156,95,114,80,42,40,187,141,131,109,137,118,48,225,25,20,35,20,,,,,,,,,,,,,,,,,,,2024-03-13
Maharashtra,Mumbai,42,,47,54,114,200,176,163,107,49,58,194,191,146,135,145,105,78,310,27,38,35,28,,,,,,,,,,,,,,,,,,,2024-03-13
Maharashtra,Nagpur,52,,45,50,85,155,125,125,90,52,63,203,150,145,109,117,89,65,283,27,38,35,42,,,,,,,,,,,,,,,,,,,2024-03-13
Maharashtra,Pune,58,,44,52,84,167,126,133,85,47,69,190,152,114,112,110,106,46,315,27,24,18,28,,,,,,,,,,,,,,,,,,,2024-03-13
Maharashtra,Nashik,40,,42,41,87,160,132,123,90,41,54,179,172,123,100,115,93,54,300,26,27,30,28,,,,,,,,,,,,,,,,,,,2024-03-13
Maharashtra,Mangaon-Raigad,45,,44,45,84,151,134,121,90,44,55,195,124,115,106,111,104,63,312,23,30,30,40,,,,,,,,,,,,,,,,,,,2024-03-13
Maharashtra,Dharni,39,,35,35,79,152,127,121,92,42,49,180,148,122,109,137,NR,49,299,13,29,26,29,,,,,,,,,,,,,,,,,,,2024-03-13
Maharashtra,Latur,57,,35,37,92,182,137,134,101,39,65,205,141,95,110,113,106,45,201,28,25,30,25,,,,,,,,,,,,,,,,,,,2024-03-13
Maharashtra,Akluj,47,,39,38,86,157,127,125,96,42,50,185,128,123,116,124,94,56,305,25,29,25,29,,,,,,,,,,,,,,,,,,,2024-03-13
Maharashtra,Arni Yavatmal,48,,32,33,72,153,122,115,97,42,63,187,152,123,104,118,NR,57,300,10,30,20,30,,,,,,,,,,,,,,,,,,,2024-03-13
Maharashtra,Chandrapur,48,,40,44,75,163,137,124,101,41,65,184,161,158,101,111,NR,54,227,27,27,25,15,,,,,,,,,,,,,,,,,,,2024-03-13
Maharashtra,Karad Satara,46,,38,46,86,163,148,133,98,40,70,187,168,132,110,114,99,49,282,28,30,28,28,,,,,,,,,,,,,,,,,,,2024-03-13
Maharashtra,Ahemednagar,59,,44,47,84,159,129,119,100,40,53,164,149,119,119,124,109,44,228,28,24,22,41,,,,,,,,,,,,,,,,,,,2024-03-13
Maharashtra,Khultabad,59,,30,37,72,148,124,116,86,40,49,177,NR,131,105,119,93,58,300,20,29,29,29,,,,,,,,,,,,,,,,,,,2024-03-13
Maharashtra,Islampur,61,,45,48,73,170,139,120,106,40,69,182,176,105,120,133,105,49,323,30,37,23,32,,,,,,,,,,,,,,,,,,,2024-03-13
Maharashtra,Kankavli,46,,44,45,96,163,145,132,100,43,55,180,172,136,103,103,92,53,355,20,31,27,23,,,,,,,,,,,,,,,,,,,2024-03-13
Maharashtra,Partur,70,,33,40,70,160,110,110,101,40,55,164,198,159,105,144,95,40,409,10,30,29,20,,,,,,,,,,,,,,,,,,,2024-03-13
Maharashtra,Gondia,55,,40,43,80,145,111,113,81,40,50,167,137,99,105,108,101,51,218,22,22,22,18,,,,,,,,,,,,,,,,,,,2024-03-13
Maharashtra,Jalgaon,53,,39,42,90,153,138,129,110,42,60,207,153,126,106,107,119,62,368,27,23,23,28,,,,,,,,,,,,,,,,,,,2024-03-13
Maharashtra,Akola,40,,33,38,78,155,117,115,100,43,65,175,141,133,101,112,90,53,285,26,27,30,33,,,,,,,,,,,,,,,,,,,2024-03-13
Rajasthan,Jaipur,47,,30,32,78,160,126,114,76,43,50,203,135,125,128,137,NR,42,297,19,20,30,37,,,,,,,,,,,,,,,,,,,2024-03-13
Rajasthan,Jodhpur,41,,36,40,75,160,125,110,80,NR,NR,210,145,NR,NR,130,NR,NR,NR,NR,NR,NR,NR,,,,,,,,,,,,,,,,,,,2024-03-13
Rajasthan,Kota,38,,26,33,79,140,113,105,80,44,55,177,160,102,101,167,NR,49,240,25,19,23,20,,,,,,,,,,,,,,,,,,,2024-03-13
Rajasthan,Udaipur,29,,28,30,88,95,92,95,92,45,50,180,190,130,180,NR,120,50,333,24,25,38,30,,,,,,,,,,,,,,,,,,,2024-03-13
Rajasthan,Bharatpur,45,,28,31,90,155,140,119,90,43,58,200,110,110,109,NR,NR,46,293,26,25,22,40,,,,,,,,,,,,,,,,,,,2024-03-13
Rajasthan,Ajmer,NR,,NR,NR,NR,NR,NR,NR,NR,NR,NR,NR,NR,NR,NR,NR,NR,NR,NR,NR,NR,NR,NR,,,,,,,,,,,,,,,,,,,2024-03-13
Rajasthan,Bikaner,39,,35,34,74,122,122,112,93,43,37,163,103,97,93,95,NR,43,209,10,14,17,27,,,,,,,,,,,,,,,,,,,2024-03-13
Rajasthan,Bundi,47,,26,31,75,150,120,110,90,43,50,168,127,110,115,143,NR,48,317,19,20,28,26,,,,,,,,,,,,,,,,,,,2024-03-13
Rajasthan,Rajsamand,39,,29,33,78,161,117,117,88,42,63,172,141,122,111,125,NR,49,292,16,19,29,38,,,,,,,,,,,,,,,,,,,2024-03-13
Rajasthan,Alwar,43,,31,35,69,103,121,106,89,43,54,170,123,123,137,146,NR,43,308,16,20,28,22,,,,,,,,,,,,,,,,,,,2024-03-13
Rajasthan,Banswara,38,,26,34,69,138,103,103,92,41,53,175,145,110,162,165,NR,46,363,23,21,31,25,,,,,,,,,,,,,,,,,,,2024-03-13
Rajasthan,Baran,35,,30,27,70,95,89,87,80,39,50,130,138,119,127,125,NR,37,200,14,22,22,35,,,,,,,,,,,,,,,,,,,2024-03-13
Rajasthan,Barmer,34,,31,38,63,115,100,90,90,NR,NR,NR,NR,NR,NR,NR,NR,NR,NR,NR,NR,NR,NR,,,,,,,,,,,,,,,,,,,2024-03-13
Rajasthan,Bhilwara,46,,31,36,68,116,107,98,88,43,51,190,175,134,165,187,135,44,287,18,26,48,40,,,,,,,,,,,,,,,,,,,2024-03-13
Rajasthan,Chhitorgarh,45,,26,36,87,150,115,115,95,42,56,186,173,141,125,127,110,45,324,19,17,28,40,,,,,,,,,,,,,,,,,,,2024-03-13
Rajasthan,Churu,32,,28,30,70,87,98,90,82,39,46,172,168,145,148,169,NR,38,305,15,25,50,50,,,,,,,,,,,,,,,,,,,2024-03-13
Rajasthan,Dholapur,40,,30,33,81,147,110,111,76,47,60,215,120,110,112,NR,NR,54,195,26,21,30,35,,,,,,,,,,,,,,,,,,,2024-03-13
Rajasthan,Dungarpur,37,,28,31,65,114,121,118,120,44,56,219,160,NR,140,192,NR,51,293,28,28,38,37,,,,,,,,,,,,,,,,,,,2024-03-13
Rajasthan,Hanumangarh,34,,27,29,82,133,112,105,82,41,43,249,128,129,107,138,NR,39,330,14,20,56,47,,,,,,,,,,,,,,,,,,,2024-03-13
Rajasthan,Jaisalmer,NR,,NR,NR,NR,NR,NR,NR,NR,NR,NR,NR,NR,NR,NR,NR,NR,NR,NR,NR,NR,NR,NR,,,,,,,,,,,,,,,,,,,2024-03-13
Rajasthan,Jalore,39,,32,32,70,120,110,110,100,40,52,195,135,133,150,188,NR,42,310,28,30,48,40,,,,,,,,,,,,,,,,,,,2024-03-13
Rajasthan,Jhalawar,40,,25,28,72,120,96,95,86,42,49,183,152,125,123,168,NR,42,387,19,27,36,34,,,,,,,,,,,,,,,,,,,2024-03-13
Rajasthan,Jhunjhunu,36,,35,40,98,97,98,98,94,40,44,210,155,138,141,192,NR,38,207,17,28,45,38,,,,,,,,,,,,,,,,,,,2024-03-13
Rajasthan,Karauli,36,,27,31,66,111,110,110,90,44,NR,203,148,138,138,NR,NR,40,480,30,19,32,35,,,,,,,,,,,,,,,,,,,2024-03-13
Rajasthan,Nagaur,34,,33,36,66,106,106,81,83,41,55,163,167,119,164,NR,NR,38,313,14,21,36,32,,,,,,,,,,,,,,,,,,,2024-03-13
Rajasthan,Pali,NR,,NR,NR,NR,NR,NR,NR,NR,NR,NR,NR,NR,NR,NR,NR,NR,NR,NR,NR,NR,NR,NR,,,,,,,,,,,,,,,,,,,2024-03-13
Rajasthan,RJ-Pratapgarh,60,,29,31,70,110,105,95,84,37,60,NR,180,NR,NR,160,144,37,300,NR,21,19,30,,,,,,,,,,,,,,,,,,,2024-03-13
Rajasthan,Sikar,45,,27,33,75,100,86,89,85,44,51,166,165,101,150,153,NR,44,311,21,23,42,47,,,,,,,,,,,,,,,,,,,2024-03-13
Rajasthan,Sirohi,39,,35,36,66,122,121,108,105,40,51,193,166,134,155,188,NR,49,264,18,22,48,47,,,,,,,,,,,,,,,,,,,2024-03-13
Rajasthan,Sri Ganganagar,53,,26,34,82,99,97,94,95,46,49,NR,NR,NR,NR,NR,NR,55,282,27,20,47,57,,,,,,,,,,,,,,,,,,,2024-03-13
Rajasthan,Tonk,43,,24,28,73,115,109,104,93,43,52,194,130,151,151,159,NR,45,265,13,24,37,25,,,,,,,,,,,,,,,,,,,2024-03-13
Rajasthan,Sawai Madhopur,50,,25,27,64,122,102,105,70,39,57,200,108,102,107,180,NR,38,283,24,30,35,32,,,,,,,,,,,,,,,,,,,2024-03-13
EAST ZONE,EAST ZONE,,,,,,,,,,,,,,,,,,,,,,,,,,,,,,,,,,,,,,,,,,2024-03-13
Bihar,Patna,42,,30,33,85,145,127,117,84,46,56,NR,117,111,124,132,114,43,280,26,17,27,20,,,,,,,,,,,,,,,,,,,2024-03-13
Bihar,Bhagalpur,37,,30,34,79,148,110,111,81,44,57,NR,124,114,134,169,123,43,320,28,14,34,21,,,,,,,,,,,,,,,,,,,2024-03-13
Bihar,Purnia,36,,30,34,77,144,129,111,74,44,51,NR,124,104,114,NR,89,41,323,13,16,21,26,,,,,,,,,,,,,,,,,,,2024-03-13
Bihar,Darbhanga,38,,28,37,80,130,130,110,80,44,52,NR,130,125,120,NR,95,46,195,13,20,32,40,,,,,,,,,,,,,,,,,,,2024-03-13
Bihar,Gaya,33,,26,43,80,167,109,107,81,44,60,NR,152,144,142,141,134,50,346,24,NR,NR,NR,,,,,,,,,,,,,,,,,,,2024-03-13
Bihar,Muzzafarpur,37,,27,32,76,147,113,112,75,45,57,NR,129,130,126,NR,96,45,287,25,17,29,26,,,,,,,,,,,,,,,,,,,2024-03-13
Bihar,Saran,41,,28,35,82,151,128,119,81,44,56,110,125,126,120,146,106,49,265,26,19,47,67,,,,,,,,,,,,,,,,,,,2024-03-13
Bihar,Munger,41,,28,35,81,162,133,120,81,45,56,NR,130,123,133,183,NR,47,242,27,16,31,21,,,,,,,,,,,,,,,,,,,2024-03-13
Bihar,Saharsa,40,,28,33,82,123,104,101,93,45,55,NR,NR,130,NR,NR,NR,52,217,23,17,45,30,,,,,,,,,,,,,,,,,,,2024-03-13
Bihar,Madhubani,38,,28,32,75,138,121,109,78,44,54,153,126,128,120,149,96,49,290,18,16,31,30,,,,,,,,,,,,,,,,,,,2024-03-13
Bihar,Rohtas (Sasaram),NR,,NR,NR,NR,NR,NR,NR,NR,NR,NR,NR,NR,NR,NR,NR,NR,NR,NR,NR,NR,NR,NR,,,,,,,,,,,,,,,,,,,2024-03-13
Bihar,Motihari,38,,28,32,76,120,110,106,82,42,57,132,138,130,128,158,94,43,285,20,15,33,30,,,,,,,,,,,,,,,,,,,2024-03-13
Bihar,Samastipur,40,,26,31,71,120,108,109,82,45,55,159,138,112,144,154,98,49,320,22,13,34,33,,,,,,,,,,,,,,,,,,,2024-03-13
Bihar,Katihar,37,,29,32,78,158,118,113,80,44,54,NR,139,136,130,149,NR,49,305,19,13,24,24,,,,,,,,,,,,,,,,,,,2024-03-13
Bihar,Araria,41,,25,40,81,143,143,102,81,44,55,NR,130,122,122,182,90,49,405,22,14,27,29,,,,,,,,,,,,,,,,,,,2024-03-13
Bihar,Nawada,38,,25,35,86,160,122,114,83,44,60,227,153,120,114,170,111,50,280,27,11,35,28,,,,,,,,,,,,,,,,,,,2024-03-13
Bihar,Khagaria,44,,25,37,80,125,115,120,80,42,41,NR,133,98,122,128,98,40,360,27,16,33,28,,,,,,,,,,,,,,,,,,,2024-03-13
Bihar,Banka,35,,28,36,75,140,110,100,75,41,56,NR,132,109,121,183,105,42,205,14,13,40,30,,,,,,,,,,,,,,,,,,,2024-03-13
Bihar,Arwal,36,,26,32,72,140,110,120,78,43,53,NR,137,123,141,125,110,44,277,25,19,27,20,,,,,,,,,,,,,,,,,,,2024-03-13
Bihar,Aurangabad,35,,25,32,76,148,119,117,77,44,58,222,130,146,133,197,117,52,197,27,13,27,20,,,,,,,,,,,,,,,,,,,2024-03-13
Bihar,Begusarai,37,,27,31,75,124,109,104,80,43,53,NR,125,121,119,NR,96,44,319,13,14,30,19,,,,,,,,,,,,,,,,,,,2024-03-13
Bihar,Bhojpur Ara,43,,27,33,79,140,129,129,74,45,56,231,144,162,145,197,NR,49,369,29,22,25,20,,,,,,,,,,,,,,,,,,,2024-03-13
Bihar,Buxar,30,,27,30,76,140,122,122,79,44,60,128,148,118,118,148,117,44,260,28,16,29,19,,,,,,,,,,,,,,,,,,,2024-03-13
Bihar,Gopalganj,NR,,NR,NR,NR,NR,NR,NR,NR,NR,NR,NR,NR,NR,NR,NR,NR,NR,NR,NR,NR,NR,NR,,,,,,,,,,,,,,,,,,,2024-03-13
Bihar,Jamui,38,,28,33,72,139,117,114,75,43,57,NR,129,111,131,NR,122,38,254,29,16,32,22,,,,,,,,,,,,,,,,,,,2024-03-13
Bihar,Jehanabad,35,,30,34,75,149,127,119,76,43,55,NR,134,119,121,162,NR,44,244,25,16,25,25,,,,,,,,,,,,,,,,,,,2024-03-13
Bihar,Kaimur,38,,28,32,73,152,127,113,74,45,58,187,133,115,140,191,92,45,200,24,14,34,19,,,,,,,,,,,,,,,,,,,2024-03-13
Bihar,Kishanganj,35,,27,33,78,145,113,110,80,43,55,NR,125,120,115,137,99,45,300,25,16,30,30,,,,,,,,,,,,,,,,,,,2024-03-13
Bihar,Lakhisarai,37,,30,35,70,144,110,115,86,46,58,NR,148,128,138,NR,128,44,256,26,17,44,45,,,,,,,,,,,,,,,,,,,2024-03-13
Bihar,Medhepura,39,,27,34,75,141,129,109,75,46,56,NR,126,103,109,113,93,44,339,12,17,34,42,,,,,,,,,,,,,,,,,,,2024-03-13
Bihar,Nalanda,34,,30,32,82,150,134,112,82,43,63,229,142,120,116,159,NR,49,403,28,17,40,33,,,,,,,,,,,,,,,,,,,2024-03-13
Bihar,Sheikhpura,37,,29,36,70,139,110,115,83,44,56,NR,145,130,136,NR,NR,54,243,28,12,25,26,,,,,,,,,,,,,,,,,,,2024-03-13
Bihar,Sheohar,NR,,NR,NR,NR,NR,NR,NR,NR,NR,NR,NR,NR,NR,NR,NR,NR,NR,NR,NR,NR,NR,NR,,,,,,,,,,,,,,,,,,,2024-03-13
Bihar,Sitamarhi,35,,25,33,70,155,128,116,85,45,55,NR,126,118,119,139,104,49,270,27,19,34,32,,,,,,,,,,,,,,,,,,,2024-03-13
Bihar,Siwan,35,,26,30,76,141,104,111,74,44,54,180,119,90,108,180,79,44,200,25,19,32,24,,,,,,,,,,,,,,,,,,,2024-03-13
Bihar,Supaul,38,,27,32,78,160,117,113,79,NR,NR,NR,NR,NR,NR,NR,NR,NR,NR,NR,NR,NR,NR,,,,,,,,,,,,,,,,,,,2024-03-13
Bihar,Vaishali,36,,29,32,72,138,118,113,74,44,60,150,115,101,114,160,89,45,207,27,14,25,28,,,,,,,,,,,,,,,,,,,2024-03-13
Bihar,West Champaran,42,,25,36,78,128,112,103,92,42,52,166,134,162,144,203,118,47,290,16,19,30,27,,,,,,,,,,,,,,,,,,,2024-03-13
Jharkhand,Ranchi,44,,36,36,75,142,113,105,76,45,56,230,122,94,123,121,92,42,240,27,18,30,20,,,,,,,,,,,,,,,,,,,2024-03-13
Jharkhand,Gumla,NR,,NR,NR,NR,NR,NR,NR,NR,NR,NR,NR,NR,NR,NR,NR,NR,NR,NR,NR,NR,NR,NR,,,,,,,,,,,,,,,,,,,2024-03-13
Jharkhand,Sahibganj,40,,31,34,74,174,100,120,90,46,58,211,145,123,NR,NR,NR,52,380,20,18,25,15,,,,,,,,,,,,,,,,,,,2024-03-13
Jharkhand,Bokaro,34,,34,36,80,125,95,97,85,NR,NR,170,175,130,145,170,125,NR,NR,NR,20,42,36,,,,,,,,,,,,,,,,,,,2024-03-13
Jharkhand,Lohardaga,25,,28,36,72,148,118,107,73,44,59,NR,130,128,125,152,106,44,203,25,12,22,22,,,,,,,,,,,,,,,,,,,2024-03-13
Jharkhand,Simdega,38,,NR,35,78,147,122,114,74,43,59,NR,132,117,123,126,110,39,NR,26,14,18,20,,,,,,,,,,,,,,,,,,,2024-03-13
Jharkhand,Dhanbad,36,,35,38,82,145,128,118,80,45,60,215,135,120,120,125,119,50,300,25,10,20,20,,,,,,,,,,,,,,,,,,,2024-03-13
Jharkhand,Jamshedpur (East Singbhum),47,,32,34,110,127,110,104,97,45,58,200,147,142,165,170,110,45,220,25,17,35,35,,,,,,,,,,,,,,,,,,,2024-03-13
Jharkhand,Giridhi,33,,28,30,80,150,100,95,75,44,55,NR,125,120,120,160,90,40,300,19,16,23,28,,,,,,,,,,,,,,,,,,,2024-03-13
Jharkhand,Seraikella,36,,28,35,79,149,125,114,77,46,60,169,120,141,100,131,93,51,213,25,20,30,20,,,,,,,,,,,,,,,,,,,2024-03-13
Jharkhand,West Singhbhum,44,,42,44,74,130,128,128,89,47,60,151,152,127,141,141,122,49,274,24,25,31,24,,,,,,,,,,,,,,,,,,,2024-03-13
Jharkhand,Daltonganj,40,,27,35,83,146,118,108,83,45,59,NR,125,105,118,NR,103,52,380,25,20,30,16,,,,,,,,,,,,,,,,,,,2024-03-13
Jharkhand,Deoghar,42,,36,38,78,145,125,109,92,49,60,125,163,151,154,171,101,50,264,30,17,31,30,,,,,,,,,,,,,,,,,,,2024-03-13
Jharkhand,Ramgarh,35,,33,36,60,151,124,112,74,46,NR,NR,132,123,153,190,103,42,279,25,28,35,20,,,,,,,,,,,,,,,,,,,2024-03-13
Jharkhand,Pakur,48,,35,38,82,148,118,112,112,NR,NR,125,130,120,115,130,100,NR,NR,NR,NR,NR,NR,,,,,,,,,,,,,,,,,,,2024-03-13
Jharkhand,Jamtara,35,,28,34,81,151,131,121,86,45,60,142,126,101,121,121,96,48,348,28,18,25,19,,,,,,,,,,,,,,,,,,,2024-03-13
Jharkhand,Latehar,39,,24,32,75,135,115,108,74,44,61,NR,121,151,115,123,92,41,225,29,21,28,21,,,,,,,,,,,,,,,,,,,2024-03-13
Jharkhand,Godda,42,,29,34,75,180,130,120,85,46,62,220,130,120,130,150,110,60,420,28,14,20,20,,,,,,,,,,,,,,,,,,,2024-03-13
Jharkhand,Koderma,38,,30,33,80,148,120,116,79,45,59,150,125,102,122,146,95,49,205,27,16,30,33,,,,,,,,,,,,,,,,,,,2024-03-13
Odisha,Bhubaneshwar,37,,35,42,79,145,121,118,80,44,52,NR,129,116,NR,110,94,52,227,25,25,30,28,,,,,,,,,,,,,,,,,,,2024-03-13
Odisha,Cuttack,NR,,NR,NR,NR,NR,NR,NR,NR,NR,NR,NR,NR,NR,NR,NR,NR,NR,NR,NR,NR,NR,NR,,,,,,,,,,,,,,,,,,,2024-03-13
Odisha,Sambalpur,40,,43,48,75,143,115,106,75,46,52,NR,145,108,NR,118,112,40,240,28,22,28,20,,,,,,,,,,,,,,,,,,,2024-03-13
Odisha,Rourkela,33,,38,41,77,142,117,112,75,44,52,NR,129,94,104,112,95,49,180,27,22,25,10,,,,,,,,,,,,,,,,,,,2024-03-13
Odisha,Berhampur,37,,45,40,77,152,120,102,75,47,51,NR,139,103,137,115,106,49,245,26,21,47,29,,,,,,,,,,,,,,,,,,,2024-03-13
Odisha,Jeypore,43,,40,36,80,149,119,115,79,44,52,NR,129,100,NR,114,100,50,210,27,22,29,20,,,,,,,,,,,,,,,,,,,2024-03-13
Odisha,Balasore,38,,40,38,85,150,123,119,83,45,52,NR,139,95,NR,114,94,56,240,26,18,31,20,,,,,,,,,,,,,,,,,,,2024-03-13
Odisha,Baripada,37,,30,38,80,155,120,115,79,45,52,168,137,105,142,114,91,60,230,26,20,30,20,,,,,,,,,,,,,,,,,,,2024-03-13
Odisha,Balangir,45,,36,45,78,138,122,115,78,42,52,NR,132,98,NR,110,95,45,NR,28,23,30,20,,,,,,,,,,,,,,,,,,,2024-03-13
Odisha,Angul,35,,NR,39,69,139,131,101,77,44,54,NR,130,NR,NR,114,85,43,374,25,17,47,24,,,,,,,,,,,,,,,,,,,2024-03-13
Odisha,Boudhgarh,32,,NR,NR,80,153,120,120,90,41,56,NR,135,110,NR,115,100,47,NR,27,20,30,20,,,,,,,,,,,,,,,,,,,2024-03-13
Odisha,Dhenkanal,35,,35,40,75,147,120,112,80,44,52,180,135,123,129,115,85,55,370,27,20,30,21,,,,,,,,,,,,,,,,,,,2024-03-13
Odisha,Jagatsinghpur,33,,33,44,85,160,80,110,80,40,43,NR,145,139,120,110,90,43,208,19,19,35,25,,,,,,,,,,,,,,,,,,,2024-03-13
Odisha,Kandhamal,38,,38,42,83,148,133,118,80,51,58,NR,135,123,NR,115,90,53,NR,27,21,32,20,,,,,,,,,,,,,,,,,,,2024-03-13
Odisha,Keonjhar,39,,38,43,84,153,121,121,100,45,50,NR,133,104,NR,117,102,51,369,27,19,38,42,,,,,,,,,,,,,,,,,,,2024-03-13
Odisha,Malkangiri,51,,NR,34,81,160,125,119,77,41,52,NR,130,99,NR,110,91,53,333,25,20,30,22,,,,,,,,,,,,,,,,,,,2024-03-13
Odisha,Nabarangpur,39,,23,45,90,161,138,118,83,42,55,120,110,129,105,113,92,50,297,26,20,25,30,,,,,,,,,,,,,,,,,,,2024-03-13
Odisha,Nayagarh,38,,NR,39,78,143,120,120,90,44,52,NR,129,117,NR,111,90,55,NR,26,21,29,22,,,,,,,,,,,,,,,,,,,2024-03-13
Odisha,Nuapada,NR,,NR,NR,NR,NR,NR,NR,NR,NR,NR,NR,NR,NR,NR,NR,NR,NR,NR,NR,NR,NR,NR,,,,,,,,,,,,,,,,,,,2024-03-13
Odisha,Paralakhemundi Gajapati,37,,NR,40,67,145,111,120,85,40,NR,NR,173,142,NR,152,98,45,180,27,20,68,63,,,,,,,,,,,,,,,,,,,2024-03-13
Odisha,Puri,38,,36,41,79,155,120,114,81,44,52,NR,135,112,NR,118,95,53,277,25,19,30,26,,,,,,,,,,,,,,,,,,,2024-03-13
Odisha,Rayagada,38,,33,38,81,159,136,119,79,47,52,160,138,95,144,108,91,47,NR,27,26,28,25,,,,,,,,,,,,,,,,,,,2024-03-13
Odisha,Sonepur,41,,NR,44,79,157,119,116,80,42,54,NR,132,121,NR,115,89,NR,335,25,18,25,19,,,,,,,,,,,,,,,,,,,2024-03-13
Odisha,Bhadrak,35,,NR,37,75,142,120,110,77,43,52,215,127,128,185,113,85,50,320,25,15,20,30,,,,,,,,,,,,,,,,,,,2024-03-13
Odisha,Jharsuguda,38,,44,36,80,150,126,111,80,45,50,NR,130,95,107,120,95,44,NR,27,22,30,25,,,,,,,,,,,,,,,,,,,2024-03-13
Odisha,Kendrapara,37,,NR,37,81,144,115,112,79,44,54,NR,132,130,NR,115,90,42,240,26,20,30,13,,,,,,,,,,,,,,,,,,,2024-03-13
Odisha,Jajpur,35,,40,42,75,145,112,110,75,42,56,NR,140,120,NR,115,91,55,350,25,16,18,33,,,,,,,,,,,,,,,,,,,2024-03-13
Odisha,Kalahandi,38,,38,41,89,162,110,120,90,44,53,183,140,105,114,120,102,54,330,28,20,31,21,,,,,,,,,,,,,,,,,,,2024-03-13
West Bengal,Kolkata,48,,NR,36,84,158,134,124,100,47,54,NR,129,116,116,122,93,63,263,22,19,33,32,,,,,,,,,,,,,,,,,,,2024-03-13
West Bengal,Siliguri,39,,29,34,82,154,111,114,98,45,50,178,129,108,111,129,107,52,198,13,13,24,20,,,,,,,,,,,,,,,,,,,2024-03-13
West Bengal,Purulia,33,,NR,33,89,154,120,115,85,43,51,121,129,95,117,125,86,46,291,25,15,20,23,,,,,,,,,,,,,,,,,,,2024-03-13
West Bengal,Kharagpur,51,,34,38,85,151,125,114,99,46,54,215,128,100,109,123,95,50,238,27,20,30,20,,,,,,,,,,,,,,,,,,,2024-03-13
West Bengal,Rampurhat,45,,27,38,82,153,123,125,110,46,56,182,125,110,114,124,96,55,280,22,20,32,27,,,,,,,,,,,,,,,,,,,2024-03-13
West Bengal,Malda,43,,26,42,73,155,115,110,105,43,56,NR,140,96,122,141,119,61,320,21,21,25,23,,,,,,,,,,,,,,,,,,,2024-03-13
West Bengal,Raiganj,39,,28,33,75,167,127,111,108,44,44,180,129,98,121,127,99,56,248,10,18,38,37,,,,,,,,,,,,,,,,,,,2024-03-13
West Bengal,Alipurduar,38,,NR,44,75,175,110,115,110,47,68,NR,120,100,110,125,98,55,238,10,19,39,38,,,,,,,,,,,,,,,,,,,2024-03-13
West Bengal,Asansol,52,,NR,42,99,162,141,157,115,46,64,NR,140,108,113,116,102,46,300,26,20,30,23,,,,,,,,,,,,,,,,,,,2024-03-13
West Bengal,Balurghat,46,,31,40,78,150,124,112,95,46,46,NR,124,114,105,116,86,41,337,10,18,28,25,,,,,,,,,,,,,,,,,,,2024-03-13
West Bengal,Bankura,37,,NR,33,82,151,135,150,113,46,58,235,128,118,110,124,91,49,280,26,16,29,15,,,,,,,,,,,,,,,,,,,2024-03-13
West Bengal,Barasat,43,,35,40,85,125,NR,135,112,46,60,200,133,114,113,108,110,56,235,30,27,58,43,,,,,,,,,,,,,,,,,,,2024-03-13
West Bengal,Bardhaman,48,,NR,38,85,153,130,120,110,44,54,220,120,110,105,120,90,58,260,25,16,30,25,,,,,,,,,,,,,,,,,,,2024-03-13
West Bengal,Baruipur,55,,NR,34,88,120,124,138,119,43,55,NR,132,122,105,115,102,43,223,27,19,27,18,,,,,,,,,,,,,,,,,,,2024-03-13
West Bengal,Berhampore,48,,27,40,70,125,98,140,109,46,58,250,140,107,117,148,104,46,220,13,18,29,30,,,,,,,,,,,,,,,,,,,2024-03-13
West Bengal,Chinsurah,50,,NR,36,89,151,130,140,105,46,50,200,119,130,101,120,96,50,219,25,18,27,24,,,,,,,,,,,,,,,,,,,2024-03-13
West Bengal,Cooch behar,45,,NR,34,75,140,120,115,110,44,60,NR,133,110,105,140,98,50,290,26,20,42,42,,,,,,,,,,,,,,,,,,,2024-03-13
West Bengal,Howrah,50,,NR,36,90,160,140,123,111,46,54,NR,128,120,115,123,NR,55,293,27,21,33,16,,,,,,,,,,,,,,,,,,,2024-03-13
West Bengal,Jalapiguri,37,,28,45,83,165,110,117,107,45,56,NR,123,125,110,123,100,50,300,25,13,25,30,,,,,,,,,,,,,,,,,,,2024-03-13
West Bengal,Jhargram,NR,,NR,NR,NR,NR,NR,NR,NR,NR,NR,NR,NR,NR,NR,NR,NR,NR,NR,NR,NR,NR,NR,,,,,,,,,,,,,,,,,,,2024-03-13
West Bengal,Kalimpong,38,,36,38,95,124,128,120,100,47,48,NR,140,114,148,162,NR,51,377,15,21,35,30,,,,,,,,,,,,,,,,,,,2024-03-13
West Bengal,Krishnagar,36,,NR,37,70,123,104,138,107,42,44,178,113,133,117,130,114,44,253,19,23,68,61,,,,,,,,,,,,,,,,,,,2024-03-13
West Bengal,Tamluk,45,,NR,46,99,156,120,180,119,50,56,NR,128,125,105,123,100,54,300,28,19,29,19,,,,,,,,,,,,,,,,,,,2024-03-13
NORTH EAST ZONE,NORTH EAST ZONE,,,,,,,,,,,,,,,,,,,,,,,,,,,,,,,,,,,,,,,,,,2024-03-13
Andaman and Nicobar,Port Blair,50,,NR,69,95,162,154,130,95,52,73,NR,176,202,NR,132,119,73,325,20,45,45,53,,,,,,,,,,,,,,,,,,,2024-03-13
Andaman and Nicobar,Mayabunder,43,,NR,67,85,160,140,128,95,52,71,203,179,185,NR,121,114,70,315,18,40,50,60,,,,,,,,,,,,,,,,,,,2024-03-13
Andaman and Nicobar,Car Nicobar,52,,NR,67,101,190,159,142,108,60,75,262,169,160,NR,139,120,85,285,21,50,60,70,,,,,,,,,,,,,,,,,,,2024-03-13
Arunachal pradesh,Itanagar,50,,NR,40,90,160,125,120,90,50,73,NR,110,110,120,168,NR,NR,NR,15,20,40,40,,,,,,,,,,,,,,,,,,,2024-03-13
Arunachal pradesh,Namsai,29,,NR,35,85,120,120,110,95,50,68,NR,NR,NR,NR,NR,NR,70,300,30,22,40,40,,,,,,,,,,,,,,,,,,,2024-03-13
Arunachal pradesh,Pasighat,40,,NR,60,100,163,140,123,103,50,78,157,160,135,137,190,NR,80,327,20,24,50,40,,,,,,,,,,,,,,,,,,,2024-03-13
Arunachal pradesh,Tawang,42,,42,40,95,130,140,120,110,NR,NR,NR,NR,NR,NR,NR,NR,NR,NR,NR,NR,NR,NR,,,,,,,,,,,,,,,,,,,2024-03-13
Assam,Guwahati,38,,32,38,81,158,105,110,85,48,70,213,144,140,130,140,125,50,200,12,21,31,33,,,,,,,,,,,,,,,,,,,2024-03-13
Assam,Barpeta,37,,28,33,76,129,99,115,83,47,70,NR,157,154,169,111,139,43,203,12,20,46,31,,,,,,,,,,,,,,,,,,,2024-03-13
Assam,Tinsukia,36,,NR,34,85,140,115,115,85,48,74,NR,140,140,120,130,NR,55,180,12,17,30,NR,,,,,,,,,,,,,,,,,,,2024-03-13
Assam,Dhubri,35,,33,33,80,160,130,115,80,46,75,250,135,110,105,115,98,50,275,12,15,30,30,,,,,,,,,,,,,,,,,,,2024-03-13
Assam,Goalpara,NR,,NR,NR,NR,NR,NR,NR,NR,NR,NR,NR,NR,NR,NR,NR,NR,NR,NR,NR,NR,NR,NR,,,,,,,,,,,,,,,,,,,2024-03-13
Assam,Golaghat,43,,30,36,76,137,110,105,105,49,54,NR,161,161,171,175,163,66,257,13,15,30,40,,,,,,,,,,,,,,,,,,,2024-03-13
Assam,Mangaldai,49,,33,35,87,117,97,115,100,47,70,NR,161,145,142,180,135,60,280,14,21,30,25,,,,,,,,,,,,,,,,,,,2024-03-13
Assam,Mushalpur,41,,34,34,80,142,NR,117,87,45,70,NR,142,142,167,158,103,46,210,10,16,31,27,,,,,,,,,,,,,,,,,,,2024-03-13
Assam,Udalguri,40,,27,38,85,144,120,110,85,45,70,NR,147,130,118,153,102,50,258,20,16,35,30,,,,,,,,,,,,,,,,,,,2024-03-13
Assam,Bajali,60,,30,37,80,160,127,120,87,45,70,NR,167,NR,163,180,NR,60,400,10,17,30,30,,,,,,,,,,,,,,,,,,,2024-03-13
Assam,Hojai,47,,NR,36,80,145,85,115,85,49,72,NR,123,100,118,128,100,60,228,10,15,28,20,,,,,,,,,,,,,,,,,,,2024-03-13
Assam,Jorhat,48,,30,41,95,148,93,123,114,48,74,243,157,152,115,162,113,65,217,13,19,31,29,,,,,,,,,,,,,,,,,,,2024-03-13
Assam,Bongaigaon,38,,NR,31,70,115,95,109,105,45,72,NR,140,152,149,174,109,50,348,10,15,30,25,,,,,,,,,,,,,,,,,,,2024-03-13
Assam,Morigaon,40,,NR,39,81,150,110,120,95,44,60,NR,142,140,147,150,107,60,237,10,15,30,19,,,,,,,,,,,,,,,,,,,2024-03-13
Assam,Sonari,36,,34,33,75,155,NR,115,100,46,72,NR,157,99,138,NR,NR,68,213,12,16,44,32,,,,,,,,,,,,,,,,,,,2024-03-13
Assam,Tamulpur,48,,35,35,84,138,120,118,93,46,68,NR,143,114,129,NR,99,51,290,10,18,29,19,,,,,,,,,,,,,,,,,,,2024-03-13
Assam,Sivasagar,50,,NR,47,83,132,132,131,94,49,78,NR,141,140,141,NR,NR,67,270,10,15,27,NR,,,,,,,,,,,,,,,,,,,2024-03-13
Assam,Biswanath Chariali,NR,,NR,NR,NR,NR,NR,NR,NR,NR,NR,NR,NR,NR,NR,NR,NR,NR,NR,NR,NR,NR,NR,,,,,,,,,,,,,,,,,,,2024-03-13
Assam,Dibrugarh,43,,NR,41,86,159,125,121,94,48,74,NR,142,135,122,136,NR,55,273,23,19,34,54,,,,,,,,,,,,,,,,,,,2024-03-13
Assam,Karimganj,39,,NR,36,80,148,133,107,80,46,72,NR,132,NR,105,127,93,55,245,14,20,30,34,,,,,,,,,,,,,,,,,,,2024-03-13
Assam,Majuli,50,,NR,38,92,158,88,120,100,49,70,NR,130,NR,132,NR,NR,60,260,15,23,38,63,,,,,,,,,,,,,,,,,,,2024-03-13
Assam,Sonitpur Tezpur,41,,NR,36,69,127,108,102,100,45,69,226,160,172,142,171,NR,46,297,10,16,26,44,,,,,,,,,,,,,,,,,,,2024-03-13
Assam,Haflong,46,,NR,36,78,130,NR,120,90,55,72,NR,150,NR,130,140,NR,80,250,30,20,40,40,,,,,,,,,,,,,,,,,,,2024-03-13
Assam,AS-Lakhimpur,38,,NR,33,81,141,97,107,91,46,71,NR,138,125,123,126,NR,57,175,15,17,28,23,,,,,,,,,,,,,,,,,,,2024-03-13
Assam,Diphu,42,,NR,35,90,157,142,126,97,50,74,NR,142,NR,133,163,110,76,237,15,20,34,33,,,,,,,,,,,,,,,,,,,2024-03-13
Assam,Nalbari,50,,NR,46,127,160,145,107,87,48,79,130,158,145,152,157,112,45,350,10,32,60,35,,,,,,,,,,,,,,,,,,,2024-03-13
Assam,South Salmara Mankachar,41,,29,36,86,170,121,121,81,48,56,201,150,NR,136,NR,105,51,231,10,21,36,41,,,,,,,,,,,,,,,,,,,2024-03-13
Assam,Kamrup,39,,NR,37,88,177,122,119,90,47,74,NR,142,NR,126,142,104,60,266,20,19,34,25,,,,,,,,,,,,,,,,,,,2024-03-13
Manipur,Imphal,49,,38,38,88,165,130,125,81,NR,NR,131,134,109,120,137,105,NR,NR,NR,22,40,40,,,,,,,,,,,,,,,,,,,2024-03-13
Manipur,Chandel,NR,,NR,NR,NR,NR,NR,NR,NR,NR,NR,NR,NR,NR,NR,NR,NR,NR,NR,NR,NR,NR,NR,,,,,,,,,,,,,,,,,,,2024-03-13
Manipur,Jiribam,NR,,NR,NR,NR,NR,NR,NR,NR,NR,NR,NR,NR,NR,NR,NR,NR,NR,NR,NR,NR,NR,NR,,,,,,,,,,,,,,,,,,,2024-03-13
Manipur,Kangpokpi,NR,,NR,NR,NR,NR,NR,NR,NR,NR,NR,NR,NR,NR,NR,NR,NR,NR,NR,NR,NR,NR,NR,,,,,,,,,,,,,,,,,,,2024-03-13
Manipur,Senapati,NR,,NR,NR,NR,NR,NR,NR,NR,NR,NR,NR,NR,NR,NR,NR,NR,NR,NR,NR,NR,NR,NR,,,,,,,,,,,,,,,,,,,2024-03-13
Manipur,Tamenglong,NR,,NR,NR,NR,NR,NR,NR,NR,NR,NR,NR,NR,NR,NR,NR,NR,NR,NR,NR,NR,NR,NR,,,,,,,,,,,,,,,,,,,2024-03-13
Manipur,Thoubal,NR,,NR,NR,NR,NR,NR,NR,NR,NR,NR,NR,NR,NR,NR,NR,NR,NR,NR,NR,NR,NR,NR,,,,,,,,,,,,,,,,,,,2024-03-13
Manipur,Ukhrul,NR,,NR,NR,NR,NR,NR,NR,NR,NR,NR,NR,NR,NR,NR,NR,NR,NR,NR,NR,NR,NR,NR,,,,,,,,,,,,,,,,,,,2024-03-13
Meghalaya,Shillong,45,,37,36,90,160,123,113,100,48,74,NR,125,130,112,NR,NR,70,300,30,22,35,33,,,,,,,,,,,,,,,,,,,2024-03-13
Meghalaya,Tura,35,,40,39,90,177,137,120,90,48,74,NR,145,NR,123,130,103,87,467,20,25,40,33,,,,,,,,,,,,,,,,,,,2024-03-13
Meghalaya,Jowai,36,,38,36,90,120,110,120,90,48,74,NR,120,NR,120,230,NR,80,360,30,20,40,40,,,,,,,,,,,,,,,,,,,2024-03-13
Meghalaya,Sohra,38,,38,38,NR,140,147,113,90,53,74,NR,120,NR,120,NR,NR,100,327,30,25,43,43,,,,,,,,,,,,,,,,,,,2024-03-13
Meghalaya,Mairang,40,,38,37,NR,NR,NR,118,90,50,74,NR,120,NR,120,NR,NR,NR,340,12,22,40,30,,,,,,,,,,,,,,,,,,,2024-03-13
Meghalaya,Nongpoh,36,,NR,36,85,170,130,122,88,49,75,NR,130,132,126,177,NR,73,423,15,20,40,40,,,,,,,,,,,,,,,,,,,2024-03-13
Meghalaya,Khliehriat,45,,40,38,90,155,118,122,88,50,74,NR,160,135,138,NR,NR,43,333,30,20,32,30,,,,,,,,,,,,,,,,,,,2024-03-13
Meghalaya,Williamnagar,35,,40,36,95,180,NR,120,90,50,70,NR,160,NR,147,NR,100,NR,470,15,30,40,32,,,,,,,,,,,,,,,,,,,2024-03-13
Meghalaya,Nongstoin,NR,,NR,NR,NR,NR,NR,NR,NR,NR,NR,NR,NR,NR,NR,NR,NR,NR,NR,NR,NR,NR,NR,,,,,,,,,,,,,,,,,,,2024-03-13
Meghalaya,Mawkyrwat,39,,37,37,NR,NR,NR,125,83,49,74,NR,125,NR,112,NR,NR,NR,345,16,20,46,35,,,,,,,,,,,,,,,,,,,2024-03-13
Mizoram,Aizawl,50,,40,50,90,157,134,133,100,50,80,169,187,154,132,154,143,100,520,30,37,57,80,,,,,,,,,,,,,,,,,,,2024-03-13
Mizoram,Lunglei,50,,40,45,98,NR,NR,120,105,50,75,NR,190,220,150,NR,NR,100,520,25,40,60,70,,,,,,,,,,,,,,,,,,,2024-03-13
Mizoram,Kolasib,45,,40,40,96,130,120,110,100,50,78,NR,172,NR,120,197,113,113,407,26,32,57,80,,,,,,,,,,,,,,,,,,,2024-03-13
Mizoram,Mamit,50,,NR,40,NR,NR,NR,NR,110,50,75,NR,190,NR,110,NR,NR,NR,520,30,40,47,50,,,,,,,,,,,,,,,,,,,2024-03-13
Mizoram,Champhai,50,,35,60,NR,NR,NR,NR,100,50,80,NR,180,NR,130,NR,NR,167,520,30,60,70,53,,,,,,,,,,,,,,,,,,,2024-03-13
Mizoram,Serchhip,40,,NR,48,120,150,150,150,102,52,79,NR,190,200,117,NR,NR,100,250,30,35,70,88,,,,,,,,,,,,,,,,,,,2024-03-13
Mizoram,Siaha,50,,45,44,120,130,110,120,100,50,70,NR,214,140,159,NR,138,NR,540,30,37,60,NR,,,,,,,,,,,,,,,,,,,2024-03-13
Mizoram,Lawngtlai,49,,42,44,83,122,102,112,100,55,77,NR,NR,NR,120,NR,110,110,485,30,35,60,80,,,,,,,,,,,,,,,,,,,2024-03-13
Mizoram,Hnahthial,53,,45,45,130,160,130,130,100,53,79,NR,165,140,110,NR,NR,120,520,30,30,53,70,,,,,,,,,,,,,,,,,,,2024-03-13
Mizoram,Khawzawl,40,,50,40,110,140,NR,140,95,50,83,150,170,NR,127,NR,150,147,520,30,40,77,NR,,,,,,,,,,,,,,,,,,,2024-03-13
Mizoram,Saitual,50,,40,NR,100,NR,100,NR,95,50,80,NR,230,NR,140,NR,NR,NR,NR,30,40,40,80,,,,,,,,,,,,,,,,,,,2024-03-13
Nagaland,Kohima,45,,40,54,100,180,130,120,95,50,75,NR,120,140,120,190,NR,NR,330,20,25,40,50,,,,,,,,,,,,,,,,,,,2024-03-13
Nagaland,Dimapur,46,,40,35,70,120,105,120,83,46,80,200,150,200,170,210,165,80,210,15,20,44,40,,,,,,,,,,,,,,,,,,,2024-03-13
Nagaland,Tuensang,37,,38,55,100,NR,NR,120,100,50,NR,NR,160,NR,165,NR,NR,NR,275,20,30,50,50,,,,,,,,,,,,,,,,,,,2024-03-13
Nagaland,Mokochung,50,,NR,60,130,140,170,140,100,50,74,NR,120,130,140,200,NR,90,380,15,25,50,40,,,,,,,,,,,,,,,,,,,2024-03-13
Nagaland,Chumukedima,40,,NR,35,100,130,120,110,90,40,80,NR,130,160,140,200,NR,95,320,15,20,50,40,,,,,,,,,,,,,,,,,,,2024-03-13
Nagaland,Mon,40,,NR,50,80,NR,NR,120,100,50,70,NR,130,NR,130,NR,NR,60,350,20,20,50,40,,,,,,,,,,,,,,,,,,,2024-03-13
Nagaland,Peren,38,,40,40,120,NR,140,120,100,50,72,NR,160,NR,168,NR,NR,80,345,15,25,70,40,,,,,,,,,,,,,,,,,,,2024-03-13
Nagaland,Phek,40,,50,50,100,140,140,140,100,50,72,NR,160,NR,170,NR,NR,NR,350,20,30,60,60,,,,,,,,,,,,,,,,,,,2024-03-13
Nagaland,Tseminyu,50,,NR,50,NR,NR,NR,120,100,50,70,NR,120,NR,120,NR,NR,NR,360,15,25,40,30,,,,,,,,,,,,,,,,,,,2024-03-13
Nagaland,Wokha,45,,NR,43,120,123,125,120,100,50,68,NR,160,200,180,NR,NR,NR,290,15,30,70,60,,,,,,,,,,,,,,,,,,,2024-03-13
Nagaland,Zunheboto,50,,NR,50,NR,120,NR,140,100,45,75,NR,150,NR,140,NR,NR,60,400,18,30,60,60,,,,,,,,,,,,,,,,,,,2024-03-13
Nagaland,Kiphire,35,,NR,40,90,100,NR,85,90,50,80,NR,130,NR,150,NR,NR,70,335,18,30,60,50,,,,,,,,,,,,,,,,,,,2024-03-13
Nagaland,Longleng,38,,40,50,NR,150,NR,120,100,70,75,NR,160,NR,180,NR,NR,80,350,20,25,40,60,,,,,,,,,,,,,,,,,,,2024-03-13
Nagaland,Niuland,35,,NR,40,NR,150,100,120,100,50,70,NR,120,NR,130,NR,NR,120,350,15,20,40,30,,,,,,,,,,,,,,,,,,,2024-03-13
Nagaland,Shamator,40,,43,60,100,120,NR,110,100,50,65,NR,130,NR,140,NR,110,100,175,20,30,65,65,,,,,,,,,,,,,,,,,,,2024-03-13
Nagaland,Noklak,40,,50,60,90,100,NR,NR,105,50,NR,NR,130,NR,130,NR,NR,NR,NR,20,25,60,60,,,,,,,,,,,,,,,,,,,2024-03-13
Sikkim,Gangtok,65,,40,40,85,135,128,127,95,48,62,NR,159,115,121,143,NR,60,547,17,27,35,35,,,,,,,,,,,,,,,,,,,2024-03-13
Sikkim,Gyalshing,45,,35,45,90,170,140,120,100,50,65,NR,160,120,140,180,NR,60,440,20,30,35,35,,,,,,,,,,,,,,,,,,,2024-03-13
Sikkim,Namchi,54,,32,45,80,120,130,108,100,45,65,NR,183,114,167,190,NR,50,420,21,35,70,50,,,,,,,,,,,,,,,,,,,2024-03-13
Sikkim,Soreng,45,,35,35,90,100,110,120,100,50,65,NR,185,121,126,148,NR,60,480,20,35,40,40,,,,,,,,,,,,,,,,,,,2024-03-13
Sikkim,Mangan,60,,36,36,80,135,135,130,110,50,60,NR,187,167,NR,210,NR,66,343,17,35,50,45,,,,,,,,,,,,,,,,,,,2024-03-13
Tripura,Agartala,39,,NR,40,87,122,132,102,97,49,70,NR,137,130,117,140,99,70,200,12,20,32,35,,,,,,,,,,,,,,,,,,,2024-03-13
Tripura,Dharmanagar,35,,NR,40,90,157,135,120,110,50,71,NR,122,130,118,158,103,75,253,10,20,30,30,,,,,,,,,,,,,,,,,,,2024-03-13
Tripura,Belonia,42,,NR,40,NR,NR,NR,105,107,45,68,NR,139,NR,113,131,105,75,265,10,20,35,45,,,,,,,,,,,,,,,,,,,2024-03-13
Tripura,TR-Udaipur,40,,NR,36,85,145,118,113,100,50,72,NR,122,108,109,130,93,57,168,10,20,28,55,,,,,,,,,,,,,,,,,,,2024-03-13
SOUTH ZONE,SOUTH ZONE,,,,,,,,,,,,,,,,,,,,,,,,,,,,,,,,,,,,,,,,,,2024-03-13
Andhra Pradesh,Vijaywada,55,,52,57,95,177,147,131,100,44,68,165,179,122,NR,112,89,60,297,19,38,26,38,,,,,,,,,,,,,,,,,,,2024-03-13
Andhra Pradesh,Visakhapatnam,54,,38,40,80,148,138,128,92,43,54,163,143,94,NR,108,90,60,280,22,23,27,19,,,,,,,,,,,,,,,,,,,2024-03-13
Andhra Pradesh,Kurnool,72,,53,44,90,158,147,136,115,42,63,154,160,111,110,110,90,63,467,25,33,28,20,,,,,,,,,,,,,,,,,,,2024-03-13
Andhra Pradesh,Tirupathi,66,,43,43,84,182,133,122,102,44,49,173,173,110,139,112,88,60,503,23,29,28,21,,,,,,,,,,,,,,,,,,,2024-03-13
Andhra Pradesh,Jammalamadugu,60,,46,60,80,160,146,130,124,40,66,170,191,110,180,115,90,54,198,20,35,33,20,,,,,,,,,,,,,,,,,,,2024-03-13
Andhra Pradesh,Dharmavaram,NR,,NR,NR,NR,NR,NR,NR,NR,NR,NR,NR,NR,NR,NR,NR,NR,NR,NR,NR,NR,NR,NR,,,,,,,,,,,,,,,,,,,2024-03-13
Andhra Pradesh,Ongole,NR,,NR,NR,NR,NR,NR,NR,NR,NR,NR,NR,NR,NR,NR,NR,NR,NR,NR,NR,NR,NR,NR,,,,,,,,,,,,,,,,,,,2024-03-13
Karnataka,Bengaluru,61,,42,38,90,152,140,125,97,46,47,207,144,93,117,109,92,56,413,17,22,26,17,,,,,,,,,,,,,,,,,,,2024-03-13
Karnataka,Dharwad,60,,45,63,86,164,152,129,116,41,48,193,161,136,113,108,90,54,393,28,30,26,11,,,,,,,,,,,,,,,,,,,2024-03-13
Karnataka,Mangalore,49,,41,39,77,145,132,115,90,38,44,166,157,142,135,108,97,60,371,14,38,65,26,,,,,,,,,,,,,,,,,,,2024-03-13
Karnataka,Mysore,63,,46,62,130,159,132,127,96,41,43,208,159,144,143,110,108,62,297,22,32,32,23,,,,,,,,,,,,,,,,,,,2024-03-13
Karnataka,Bengaluru (East Range),62,,45,38,92,168,129,128,90,50,46,157,177,91,128,116,91,60,264,15,32,28,29,,,,,,,,,,,,,,,,,,,2024-03-13
Karnataka,Belagavi,58,,40,40,82,141,128,108,84,48,53,173,164,102,110,116,92,48,265,19,30,25,22,,,,,,,,,,,,,,,,,,,2024-03-13
Karnataka,Kalaburagi,67,,45,48,75,174,128,133,98,41,59,178,155,111,144,115,85,44,243,18,24,25,23,,,,,,,,,,,,,,,,,,,2024-03-13
Karnataka,Tumakuru,64,,44,45,86,158,146,124,99,42,49,192,159,122,125,113,90,60,300,22,31,26,22,,,,,,,,,,,,,,,,,,,2024-03-13
Karnataka,Bellary,60,,40,41,77,144,126,120,118,41,48,194,155,99,131,108,98,62,228,24,31,22,18,,,,,,,,,,,,,,,,,,,2024-03-13
Karnataka,Dhavanagere,63,,44,64,87,157,143,126,110,42,49,168,153,116,120,114,94,59,270,28,31,26,18,,,,,,,,,,,,,,,,,,,2024-03-13
Karnataka,Shivamogga,59,,45,40,90,157,145,128,102,44,48,202,152,102,132,113,89,47,243,25,32,28,18,,,,,,,,,,,,,,,,,,,2024-03-13
Karnataka,Vijayapur,63,,44,41,93,168,161,128,109,43,55,213,168,128,123,112,97,53,285,21,30,17,14,,,,,,,,,,,,,,,,,,,2024-03-13
Karnataka,Ramanagara,65,,45,49,96,162,142,136,120,45,48,176,189,105,152,118,100,51,188,18,32,20,20,,,,,,,,,,,,,,,,,,,2024-03-13
Karnataka,Raichur,63,,45,46,124,166,130,123,93,44,58,181,147,123,128,118,92,61,158,16,33,31,24,,,,,,,,,,,,,,,,,,,2024-03-13
Karnataka,Chamarajanagar,65,,42,57,91,159,139,128,98,42,44,198,163,120,NR,111,97,61,296,22,31,31,25,,,,,,,,,,,,,,,,,,,2024-03-13
Karnataka,Kolar,47,,44,46,122,145,125,125,125,39,47,158,138,151,130,120,100,51,330,11,25,31,31,,,,,,,,,,,,,,,,,,,2024-03-13
Karnataka,Haveri,61,,42,44,140,189,140,140,87,42,64,153,164,142,144,147,97,45,247,14,65,67,22,,,,,,,,,,,,,,,,,,,2024-03-13
Karnataka,Bagalkot,54,,45,45,72,160,136,120,109,38,57,191,203,112,148,143,99,44,420,26,29,44,25,,,,,,,,,,,,,,,,,,,2024-03-13
Karnataka,Bidar,NR,,NR,NR,NR,NR,NR,NR,NR,NR,NR,NR,NR,NR,NR,NR,NR,NR,NR,NR,NR,NR,NR,,,,,,,,,,,,,,,,,,,2024-03-13
Karnataka,Koppal,52,,39,42,83,131,130,115,130,43,43,143,173,126,165,140,106,44,256,12,37,22,20,,,,,,,,,,,,,,,,,,,2024-03-13
Karnataka,Mandya,54,,44,44,94,157,146,129,98,42,47,196,198,109,170,112,91,49,354,18,30,21,19,,,,,,,,,,,,,,,,,,,2024-03-13
Karnataka,Yadgir,58,,45,36,75,160,140,120,100,41,60,182,170,112,148,117,100,53,420,26,40,43,28,,,,,,,,,,,,,,,,,,,2024-03-13
Karnataka,Chikkamagalur,59,,45,40,101,168,157,133,101,44,49,177,162,110,110,111,93,60,190,17,32,30,24,,,,,,,,,,,,,,,,,,,2024-03-13
Karnataka,Bangalore Rural,62,,38,55,91,142,140,131,110,40,44,180,140,107,155,127,83,50,245,15,25,22,21,,,,,,,,,,,,,,,,,,,2024-03-13
Karnataka,Chikkaballapur,54,,45,38,80,137,120,112,87,41,42,162,130,90,120,105,90,47,417,14,32,38,33,,,,,,,,,,,,,,,,,,,2024-03-13
Karnataka,Chitradurga,64,,46,56,82,152,163,152,157,39,47,155,178,142,147,159,107,45,312,31,26,35,25,,,,,,,,,,,,,,,,,,,2024-03-13
Karnataka,Gadag,70,,45,48,84,165,130,124,114,42,70,172,168,126,140,122,100,45,320,10,30,35,20,,,,,,,,,,,,,,,,,,,2024-03-13
Karnataka,Hassan,45,,44,56,70,150,115,96,88,38,50,160,184,106,150,145,95,49,230,15,26,30,20,,,,,,,,,,,,,,,,,,,2024-03-13
Karnataka,Kodagu,59,,41,48,108,194,146,130,125,42,48,175,180,155,162,115,99,41,215,16,30,35,26,,,,,,,,,,,,,,,,,,,2024-03-13
Karnataka,Udupi,NR,,NR,NR,NR,NR,NR,NR,NR,NR,NR,NR,NR,NR,NR,NR,NR,NR,NR,NR,NR,NR,NR,,,,,,,,,,,,,,,,,,,2024-03-13
Karnataka,Uttara Kannada,54,,47,40,109,159,150,132,119,50,50,215,184,126,152,113,108,47,250,27,33,31,28,,,,,,,,,,,,,,,,,,,2024-03-13
Karnataka,Vijayanagara,64,,44,44,84,152,129,122,111,44,48,178,157,127,115,110,89,45,245,16,27,26,22,,,,,,,,,,,,,,,,,,,2024-03-13
Kerala,T.Puram,55,,43,57,83,157,157,123,123,43,52,223,170,131,130,114,94,63,267,18,35,32,31,,,,,,,,,,,,,,,,,,,2024-03-13
Kerala,Ernakulam,53,,44,42,107,182,175,140,110,44,56,215,153,135,NR,122,109,65,227,17,42,37,43,,,,,,,,,,,,,,,,,,,2024-03-13
Kerala,Kozhikode,47,,49,NR,97,162,140,142,109,42,53,223,183,129,NR,117,95,61,259,16,32,28,24,,,,,,,,,,,,,,,,,,,2024-03-13
Kerala,Thrissur,53,,49,59,103,196,161,156,123,45,54,243,200,141,NR,121,107,69,259,16,41,38,42,,,,,,,,,,,,,,,,,,,2024-03-13
Kerala,Palakkad,49,,44,48,92,168,147,127,98,42,50,215,157,135,NR,113,95,53,240,13,40,28,25,,,,,,,,,,,,,,,,,,,2024-03-13
Kerala,Wayanad,46,,49,42,104,173,148,140,102,42,52,NR,166,140,NR,120,98,53,218,16,33,32,29,,,,,,,,,,,,,,,,,,,2024-03-13
Kerala,Kasargod,48,,48,52,104,170,162,134,100,41,61,NR,NR,140,NR,110,89,46,260,16,36,27,26,,,,,,,,,,,,,,,,,,,2024-03-13
Kerala,Kottayam,56,,42,45,131,175,125,128,131,43,56,NR,190,142,NR,117,91,61,225,13,41,31,43,,,,,,,,,,,,,,,,,,,2024-03-13
Kerala,Pathanamthitta,55,,34,39,95,178,148,138,143,43,53,NR,218,190,NR,120,100,67,237,14,38,32,50,,,,,,,,,,,,,,,,,,,2024-03-13
Kerala,Alapuzha,47,,46,65,94,165,158,146,116,43,52,NR,NR,140,NR,118,NR,65,212,13,37,28,23,,,,,,,,,,,,,,,,,,,2024-03-13
Kerala,Kollam,45,,50,42,108,203,158,NR,108,44,52,224,NR,143,NR,122,111,69,230,16,45,38,41,,,,,,,,,,,,,,,,,,,2024-03-13
Kerala,Idukki,55,,41,40,90,165,NR,130,87,43,60,NR,153,131,NR,116,95,63,180,14,38,33,40,,,,,,,,,,,,,,,,,,,2024-03-13
Kerala,Kannur,50,,46,45,101,183,152,148,100,42,52,NR,NR,177,NR,115,95,57,258,16,33,27,22,,,,,,,,,,,,,,,,,,,2024-03-13
Kerala,Malapuram,46,,48,43,92,172,148,132,145,41,56,239,160,133,NR,120,92,51,227,14,35,30,23,,,,,,,,,,,,,,,,,,,2024-03-13
Puducherry,Puducherry,61,,43,36,87,163,124,115,89,42,48,189,142,132,NR,102,92,56,314,26,36,31,22,,,,,,,,,,,,,,,,,,,2024-03-13
Tamil Nadu,Chennai,59,,44,41,86,168,145,123,95,42,40,174,148,108,NR,111,93,58,278,27,34,30,27,,,,,,,,,,,,,,,,,,,2024-03-13
Tamil Nadu,Madurai,58,,41,64,84,158,141,124,89,42,45,209,192,152,NR,114,88,46,263,27,36,31,20,,,,,,,,,,,,,,,,,,,2024-03-13
Tamil Nadu,Dindigul,65,,45,42,94,169,145,128,90,41,59,212,187,115,NR,115,97,52,280,18,37,35,13,,,,,,,,,,,,,,,,,,,2024-03-13
Tamil Nadu,Thiruchirapalli,65,,45,65,90,161,145,122,110,43,43,203,170,123,NR,115,95,59,NR,26,37,36,23,,,,,,,,,,,,,,,,,,,2024-03-13
Tamil Nadu,Coimbatore,46,,43,44,80,157,138,121,78,43,40,192,142,131,NR,112,93,56,253,26,34,31,21,,,,,,,,,,,,,,,,,,,2024-03-13
Tamil Nadu,Tirunelveli,58,,43,46,81,162,146,121,92,42,42,188,146,112,NR,113,91,52,242,24,37,37,32,,,,,,,,,,,,,,,,,,,2024-03-13
Tamil Nadu,Cuddalore,66,,46,49,87,174,144,123,101,42,48,216,203,161,NR,110,90,54,313,24,38,34,22,,,,,,,,,,,,,,,,,,,2024-03-13
Tamil Nadu,Dharmapuri,64,,44,40,82,155,133,117,83,41,43,222,NR,115,NR,122,98,50,270,25,30,28,20,,,,,,,,,,,,,,,,,,,2024-03-13
Tamil Nadu,Vellore,70,,46,41,90,160,142,125,99,42,45,173,163,139,NR,110,86,52,267,26,32,28,25,,,,,,,,,,,,,,,,,,,2024-03-13
Tamil Nadu,Ramanathapuram,62,,40,59,83,151,141,116,97,42,44,212,235,121,NR,125,98,51,273,27,46,35,26,,,,,,,,,,,,,,,,,,,2024-03-13
Tamil Nadu,Erode,60,,48,43,90,151,136,122,85,42,45,188,183,111,NR,105,97,52,288,25,40,35,20,,,,,,,,,,,,,,,,,,,2024-03-13
Tamil Nadu,Karur,47,,48,55,87,158,131,123,90,42,43,217,152,115,NR,114,90,51,298,12,40,37,22,,,,,,,,,,,,,,,,,,,2024-03-13
Tamil Nadu,Perambalur,62,,NR,63,88,155,143,118,89,43,43,222,164,119,NR,114,89,52,NR,26,36,34,24,,,,,,,,,,,,,,,,,,,2024-03-13
Tamil Nadu,Pudukkottai,65,,48,64,89,161,147,128,NR,44,45,211,198,143,NR,112,94,52,NR,27,40,30,30,,,,,,,,,,,,,,,,,,,2024-03-13
Tamil Nadu,Sivagangai,69,,47,62,89,161,149,127,100,43,44,215,213,142,NR,113,98,51,277,26,40,40,30,,,,,,,,,,,,,,,,,,,2024-03-13
Tamil Nadu,Thanjavur,59,,46,40,88,172,149,130,80,43,44,204,170,132,NR,111,88,48,260,21,35,33,28,,,,,,,,,,,,,,,,,,,2024-03-13
Tamil Nadu,The nilgiris,75,,45,44,95,162,153,133,95,43,54,208,177,107,NR,115,92,63,212,28,42,31,17,,,,,,,,,,,,,,,,,,,2024-03-13
Tamil Nadu,Thoothukudi,59,,45,57,85,156,145,125,86,44,54,232,190,125,NR,113,96,55,306,11,35,35,20,,,,,,,,,,,,,,,,,,,2024-03-13
Tamil Nadu,Viluppuram,62,,52,40,90,168,128,130,96,43,50,166,153,109,NR,107,97,60,NR,26,35,35,27,,,,,,,,,,,,,,,,,,,2024-03-13
Tamil Nadu,Virudhunagar,60,,42,63,85,153,136,119,79,43,45,189,152,127,NR,109,98,52,293,28,39,35,26,,,,,,,,,,,,,,,,,,,2024-03-13
Tamil Nadu,Kanniyakumari,57,,39,53,84,148,138,119,132,41,41,190,180,120,NR,110,98,50,258,25,35,31,27,,,,,,,,,,,,,,,,,,,2024-03-13
Tamil Nadu,Namakkal,NR,,NR,NR,NR,NR,NR,NR,NR,NR,NR,NR,NR,NR,NR,NR,NR,NR,NR,NR,NR,NR,NR,,,,,,,,,,,,,,,,,,,2024-03-13
Tamil Nadu,Tiruvannamalai,66,,49,60,84,163,141,112,89,44,65,185,173,114,NR,113,88,58,295,27,37,28,26,,,,,,,,,,,,,,,,,,,2024-03-13
Tamil Nadu,Tiruvarur,58,,62,62,83,173,129,124,NR,42,52,229,134,125,NR,112,88,52,NR,25,35,35,30,,,,,,,,,,,,,,,,,,,2024-03-13
Tamil Nadu,Tiruppur,NR,,NR,NR,NR,NR,NR,NR,NR,NR,NR,NR,NR,NR,NR,NR,NR,NR,NR,NR,NR,NR,NR,,,,,,,,,,,,,,,,,,,2024-03-13
Tamil Nadu,Tenkasi,64,,46,59,83,158,154,119,NR,43,66,227,195,122,NR,115,95,56,275,22,36,31,31,,,,,,,,,,,,,,,,,,,2024-03-13
Tamil Nadu,Nagapattinam,55,,44,61,88,174,130,121,106,43,50,215,213,121,NR,110,91,55,NR,20,34,28,25,,,,,,,,,,,,,,,,,,,2024-03-13
Tamil Nadu,Krishnagiri,61,,42,38,87,164,138,120,87,40,44,195,NR,105,NR,110,90,50,503,26,30,30,25,,,,,,,,,,,,,,,,,,,2024-03-13
Tamil Nadu,Ariyalur,63,,NR,64,85,155,150,128,90,43,44,205,182,122,NR,114,93,55,NR,26,40,38,25,,,,,,,,,,,,,,,,,,,2024-03-13
Tamil Nadu,Kallakurichi,64,,48,62,93,169,126,133,99,42,47,185,164,115,NR,112,96,58,NR,26,37,30,27,,,,,,,,,,,,,,,,,,,2024-03-13
Tamil Nadu,Kancheepuram,64,,49,63,87,165,145,127,94,42,40,188,158,120,NR,111,91,68,NR,26,37,27,27,,,,,,,,,,,,,,,,,,,2024-03-13
Tamil Nadu,Salem,51,,44,44,82,147,132,117,92,44,45,187,157,117,NR,112,97,48,280,33,38,33,21,,,,,,,,,,,,,,,,,,,2024-03-13
Tamil Nadu,Theni,60,,43,46,81,149,136,117,91,40,45,193,170,114,NR,116,96,48,277,13,31,31,22,,,,,,,,,,,,,,,,,,,2024-03-13
Tamil Nadu,Chengalpattu,58,,45,60,85,175,155,135,95,44,40,203,185,122,NR,118,94,60,560,28,42,33,28,,,,,,,,,,,,,,,,,,,2024-03-13
Tamil Nadu,Mayiladuthurai,58,,50,63,92,173,143,127,NR,44,44,233,165,173,NR,113,89,57,360,27,30,35,25,,,,,,,,,,,,,,,,,,,2024-03-13
Tamil Nadu,Ranipet,NR,,NR,NR,NR,NR,NR,NR,NR,NR,NR,NR,NR,NR,NR,NR,NR,NR,NR,NR,NR,NR,NR,,,,,,,,,,,,,,,,,,,2024-03-13
Tamil Nadu,Tirupattur,65,,41,44,83,155,141,128,97,43,70,181,218,157,NR,115,86,55,270,18,30,30,25,,,,,,,,,,,,,,,,,,,2024-03-13
Tamil Nadu,Tiruvallur,70,,44,60,88,177,137,137,NR,43,40,207,173,123,NR,112,91,62,540,28,30,30,30,,,,,,,,,,,,,,,,,,,2024-03-13
Telangana,Hyderabad,58,,39,38,81,142,120,109,91,39,52,148,149,93,104,104,92,51,266,18,19,19,19,,,,,,,,,,,,,,,,,,,2024-03-13
Telangana,Karimnagar,49,,46,59,78,145,136,118,87,42,67,156,143,99,NR,113,87,61,309,25,25,22,20,,,,,,,,,,,,,,,,,,,2024-03-13
Telangana,Warangal,49,,36,38,79,132,110,109,90,41,60,165,165,148,174,103,92,54,274,15,30,43,35,,,,,,,,,,,,,,,,,,,2024-03-13
Telangana,Adilabad,58,,40,47,77,147,123,115,80,38,NR,158,160,100,143,106,92,48,272,NR,27,23,22,,,,,,,,,,,,,,,,,,,2024-03-13
Telangana,Suryapet,49,,45,44,72,163,123,121,93,37,60,165,156,130,NR,114,92,52,280,22,26,21,21,,,,,,,,,,,,,,,,,,,2024-03-13
Telangana,Jadcherla,40,,30,50,75,165,125,110,95,39,57,170,178,126,NR,116,108,55,292,14,15,28,32,,,,,,,,,,,,,,,,,,,2024-03-13
Telangana,Khammam,60,,50,45,85,175,120,110,100,45,75,165,170,145,178,125,105,55,330,28,45,20,20,,,,,,,,,,,,,,,,,,,2024-03-13
Telangana,Medchal,62,,44,45,85,167,138,123,90,45,61,169,198,120,125,120,100,50,260,18,32,29,23,,,,,,,,,,,,,,,,,,,2024-03-13
Telangana,Nizamabad,46,,44,39,85,162,131,131,104,43,75,180,191,109,NR,130,115,65,344,13,28,25,15,,,,,,,,,,,,,,,,,,,2024-03-13
Telangana,Sangareddy,63,,40,44,76,146,120,111,86,40,70,150,150,128,170,115,90,65,360,24,30,20,29,,,,,,,,,,,,,,,,,,,2024-03-13
Commodity Name,Commodity Name,Rice,Rice,Wheat,Atta (Wheat),Gram Dal,Tur/Arhar Dal,Urad Dal,Moong Dal,Masoor Dal,Sugar,Milk @,Groundnut Oil (Packed),Mustard Oil (Packed),Vanaspati (Packed),Soya Oil (Packed),Sunflower Oil (Packed),Palm Oil (Packed),Gur,Tea Loose,Salt Pack (Iodised),Potato,Onion,Tomato,Bajra(whole),Jowar(whole),Maida(wheat),Ragi(whole),Suji(whole),Besan,Desi Ghee,Butter(Pasteurised),Eggs,Brinjal,Black Pepper(whole),Coriander(whole),Cummin Seed(whole),Red Chillies(whole),Turmeric(powder),Banana,GInger,Garlic,2024-03-13
Average Price1,Average Price1,44.16,,30.92,36.09,83.6,148.7,123.52,116.99,93.42,44.27,58.61,190.38,135.73,125.22,123.21,122.28,99.42,52.78,281.91,22.41,23.27,33.34,32.1,,,,,,,,,,,,,,,,,,,2024-03-13
Maximum Price1,Maximum Price1,75,,62,69,140,203,176,180,157,70,83,262,235,220,185,230,168,167,560,33,65,77,88,,,,,,,,,,,,,,,,,,,2024-03-13
Minimum Price1,Minimum Price1,25,,21,27,60,87,80,81,70,37,37,110,103,90,93,95,79,36,158,9,9,17,10,,,,,,,,,,,,,,,,,,,2024-03-13
Modal Price1,Modal Price1,40,,28,32,80,160,120,120,100,44,60,201.5,130,120,120,115,90,50,300,28,20,30,30,,,,,,,,,,,,,,,,,,,2024-03-13
,,,,,,,,,,,,,,,,,,,,,,,,,,,,,,,,,,,,,,,,,,,2024-03-13
"Department of Consumer Affairs ( Price Monitoring Division)Date 13/03/2024 Daily Retail Prices Of Essential Commodities  StateCentreRiceBroken RiceWheatAtta (Wheat)Gram DalTur/Arhar DalUrad DalMoong DalMasoor DalSugarMilk @Groundnut Oil (Packed)Mustard Oil (Packed)Vanaspati (Packed)Soya Oil (Packed)Sunflower Oil (Packed)Palm Oil (Packed)GurTea LooseSalt Pack (Iodised)PotatoOnionTomatoBajra (whole)Jowar (whole)Maida (wheat)Ragi (whole)Suji (whole)BesanDesi GheeButter (Pasteurised)Eggs BrinjalBlack Pepper (whole)Coriander (whole)Cummin Seed (whole)Red Chillies (whole)Turmeric (powder)BananaGingerGarlic  UnitQty1 Kg1 Kg1 Kg1 Kg1 Kg1 Kg1 Kg1 Kg1 Kg1 Kg1 ltr1 Kg1 Kg1 Kg1 Kg1 Kg1 Kg1 Kg1 Kg1 Kg1 Kg1 Kg1 Kg1 Kg1 Kg1 Kg1 Kg1 Kg1 Kg1 Kg100 gmDozen1 Kg100 gm250 gm100 gm100 gm50 gm1 Kg100 gm100 gm  Average PriceAverage Price44.16 30.9236.0983.6148.7123.52116.9993.4244.2758.61190.38135.73125.22123.21122.2899.4252.78281.9122.4123.2733.3432.1 Maximum PriceMaximum Price75 6269140203176180157708326223522018523016816756033657788 Minimum PriceMinimum Price25 2127608780817037371101039093957936158991710 Modal PriceModal Price40 2832801601201201004460201.5130120120115905030028203030 NORTH ZONENORTH ZONE  ChandigarhChandigarh42 3236801351151139445591901501281301451055127627123844 DelhiDelhi40 2931801571371228744542071371211261331015724326223743 HaryanaHisar35 2729751501051057543571911181041151231014224125122232 Karnal63 32398612612012212546661811351391471751334328030184831 Panchkula35 333682135101110954559151128127111153915121826245530 Gurgaon40 25356510095908842561851651301371631004419020153530 Himachal PradeshShimla45 NR3785165143126935060214165131121NRNR5522028244050 Mandi42 NR33781641381248046472241571241191431164727028193044 Dharamshala28 NR3084153130128934540NR159137138NRNR4722028243050 Solan41 NR3282158135116854550214159128120134NR4922028203543 Una40 NR3184154128124864262NR141129117NRNR4622428203641 Bilaspur-hp44 NR3081160134118874658NR161128133NRNR4331827203550 Chamba36 NR3583156130120895055NR163138128NRNR4423528213540 Hamirpur-HP39 NR3083157129119884565NR161135NRNRNR4725928223243 Kullu39 NR3081167132109834640NR157126110141NR4223028204050 Sirmour37 2134791101301089645502281651351431551214132725293742 Kinnaur42 NR3579149131110854645NR145115118132NR3922927284050 Lahaul & Spiti40 NR40901651201001005070NR170150NRNRNR5548028405060 Jammu and KashmirSrinagar39 37501031271171371135047NR140133133162NR5029728304053 Jammu43 3035821721331201004650NR1481301271421034929028223750 PoonchNR NRNRNRNRNRNRNRNRNRNRNRNRNRNRNRNRNRNRNRNRNR Kupwara36 2634901101101201006048NR1481451431481425030724224348 UdhampurNR NRNRNRNRNRNRNRNRNRNRNRNRNRNRNRNRNRNRNRNRNR Shopian40 45451201231201201205049NR150147145138NR4833728304050 Samba60 273279153130120924655NR125120115130955030028203045 Ramban60 NR34851531201131005060NR153140120NRNR5232025203855 RajouriNR NRNRNRNRNRNRNRNRNRNRNRNRNRNRNRNRNRNRNRNRNR KishtwarNR NRNRNRNRNRNRNRNRNRNRNRNRNRNRNRNRNRNRNRNRNR DodaNR NRNRNRNRNRNRNRNRNRNRNRNRNRNRNRNRNRNRNRNRNR BaramullaNR NRNRNRNRNRNRNRNRNRNRNRNRNRNRNRNRNRNRNRNRNR ReasiNR NRNRNRNRNRNRNRNRNRNRNRNRNRNRNRNRNRNRNRNRNR KathuaNR NRNRNRNRNRNRNRNRNRNRNRNRNRNRNRNRNRNRNRNRNR PunjabAmritsar35 2836751551131051074254183112105105113NR4527226193040 Ludhiana37 243287168135115954360205132122122130NR5032027173350 Bathinda37 232983163140120984457218133118120137995429325183236 Barnala40 232785165125110854454208117112105120904231728193235 Hoshiarpur34 26309014011512011043622001201401251401106426320184545 Faridkot42 233287153132127924555233127122112132935231328233040 Mansa40 242890127110100984852NR125125130NRNR5528028203139 Sri Muktsar Sahib41 252982167123117884462203112108113108924525026223343 Dera Bassi38 2230861601201201104355NR128117120NRNR5324728193037 Sangrur42 273081160116109804560161122111111124974222029152940 Ropar37 2832851581421231024461202123114118133955726328193443 Amargarh42 2630801721181208045601581151151101251004025028152535 Fatehgarh Sahib48 25359012012010510545652001251181171621155024326103030 Ferozepur40 2532901901421231014460221122121120147975028128173233 Kapurthala33 25318712812813011545682151211381401451136826321213343 Uttar PradeshLucknow40 3036831411251208344662131301101161201094528028203540 Kanpur35 27328016013213012046601961441131261401175623426152530 Varanasi42 2935861581251218247702171351291281391175528128192945 Agra44 2931851391051018445671601181161141121103924028153132 Jhansi43 2532781551041118145521911211111021211124321026162125 Meerut36 30368213312811311346681631521521521751545024324142633 Allahabad32 2638781421141129645621681481321321701105225024223836 Gorakhpur39 253769144137114744459214129119119121894921927193447 Saharanpur34 28358316712912410343691651281231301501214925328132831 Bareilly38 2632901531331211174266199132115119125974731728183241 Ayodhya32 26317215095105894155193156121136175964521728NRNRNR Moradabad37 2431791441161119242611881341251271511094625625143031 Aligarh40 28348017014011011044602081221181111481374924227113728 Mirzapur (Vindhyanchal)30 2632881551351241054560205140120125140985525528143024 Banda38 2736781401151117842631971231151061631005216521152832 Azamgarh35 303080150115115954564221149129124124964528028153035 Gonda (Devipatan)37 27348518013012010045641851381551601901404934027233841 Amethi37 254073125911128944621891631341531901185025925224638 Barabanki39 30348015412011910045642031501351501751194922028122930 Bhadohi34 232965128851008943601901601451451851055023525183030 Chandauli30 263379140120119804260136120120105109905724726162018 Farrukhabad43 253175143117110874466175132118123165994224726152837 Ghazipur36 2533831421311298244692171321251241451015225328182539 Jaunpur41 273580142120119794362189138123118163895625728172932 UP-Pratapgarh39 283180145132120824468207135117117118935326627233338 Sambhal40 2432751301201009041601731301421421751283821729153040 Santkabir Nagar32 253276125115112964362183150145145175NR4425728144540 Shahjahanpur37 26339813513012613044672031691651681801424726326243340 Sitapur30 2830751081041049541591791641441531721173824127133429 Sultanpur33 284293148961059843552181691281661761144822629154540 Unnao45 283180150130110904458198132118123155994723026193037 Ambedkar Nagar45 29388512012011010045602001651401601701306019027154540 Amroha40 26308014010012010044501971401401471801004120025203022 Baghpat40 NR287515012011010042652161331221221221004520027164040 Bijnor37 263570153107958742601631541331481481404531026172827 Budaun41 253285117112105954461200120117117120904829228152830 Etah42 2733701601001059545652051401431401581185028527122528 Fatehpur35 25427512015511510045682151671281371761205022528164528 Ghaziabad36 29318616713512311243651931221251131281004920626243337 Hardoi44 253271141127125894468218134126128161985022927173145 Jalaun33 2732841591081058942561841421521511701055223228172435 Kaushambi44 2537761451321038944591701421221331681255022729203738 Kushinagar41 313983153124137854570188146135133158994424528193139 Lakhimpur Kheri40 253275148991098445582041351221571571095321528113030 Pilibhit39 28328214313712813344662101451451401551154226528183832 Sharwasti38 263280147127123804450147139110132NR994320327183030 Siddharth Nagar40 283080157120140824562166142126132165905023326163024 Sonbhadra48 303678165981049847602071391381451731154729825153531 Rampur50 252879130109111904254159131126113143924525516222629 BahraichNR NRNRNRNRNRNRNRNRNRNRNRNRNRNRNRNRNRNRNRNRNR Basti40 223070145110105824264155140133130148984724225204030 Etawah43 3035851661281019145651891331331301821154422330142926 Muzzafarnagar41 283172106105102100447514312312111916199382302792831 Chitrakoot33 2735771461031078442501681371221251601104521828253540 Hamirpur-UP50 293783159145110854269220135131105137954426626203040 Deoria42 30327414010510910345582061221251231521394522427193142 Hapur35 27357515212511510042651901471271301271054322027203035 Bulandshahr40 243585140100100904471NR1231231231881004025026192725 Kanpur Dehat40 2430105140140107904566167125135135130955021028152840 Hathras38 2729771331201039041651651151331101731404422025112238 Raebareli41 3033801481221138743672231281131221421034922827223742 Lalitpur36 23296713892949041531721321291261881343925825193025 Mohaba33 26308713798979046581501201121181721055019228182038 Gautam Budh Nagar37 2832821501291158543662361471221361411095326227193237 Auraiya40 26366512889888143711811641331331831344924627182835 Maharajganj34 2633781471201208044632031381151291721014621327182835 Balrampur34 2534731421281168744NR210129112123129885321829152936 Kannauj39 2631801571081078244691751301201351821184124228193027 Mathura34 29347211592969540621711461431441681083626729133429 Firozabad38 35378211511811211840651901581171421821114530029133942 Kasganj53 2629781371221181134265183132123117141954922228173540 Mainpuri33 2532661101001008739691771531221341641104324830202020 Shamli38 262970138128110904168202120115110128925028026172540 Ballia32 2932841581111119843562001601481471471505024327132626 Mau39 253084149118120864362203130116119117945027327122721 UttarakhandDehradun35 2437801671101151004657145125120123165NR4828730123020 Haldwani37 33331009799969940571451471501481461435125428152625 Rudrapur36 2633851621201251004263185130138119124885121728112425 Haridwar40 273584139113106844569NRNRNRNRNRNR6229929143024 WEST ZONEWEST ZONE  ChhattisgarhRaipur39 4443901451281159445551981351331181331054824727293035 Durg38 3741821561211208046531961391191231181175624015212416 Ambikapur32 32329417711110410741401911921721721751583826811223224 Bilaspur-CG40 283080168901039040501851821531601741374520326276235 Jagdalpur35 36461151701061009943511961611011321361014035124212418 Dantewada49 393989152129119794473232142112109114945955928283824 DhamtariNR NRNRNRNRNRNRNRNRNRNRNRNRNRNRNRNRNRNRNRNRNR Rajnandgaon52 43409517110810810543592521341471031091015332330213621 Koriya38 33357514898113804276198131951241731104720027202520 DNH and DDSilvasa58 434388166135130944166178136140112120965749027202730 Daman39 433980130128113884466NRNRNRNRNRNR8120026202727 Diu46 36589017815113110044612171681391651361157036028212530 GoaPanaji52 474095170145138984456213175153173117985831525373333 Margao52 484788160147128934259223143133127122966034324383335 GujaratAhmedabad33 323474131107968040581951441421381331105124513224532 Rajkot42 363978153117105874059176128135139117955530017302525 Surat32 3232751601201108539621881309511011084492009194038 Bhuj50 3435801501301159042581801401501201251055526028222522 Selamba60 40449016014013010042681721351221131131074526715222840 Waghai42 40468014012013010543561921531431551351224925714283832 Bodeli41 3439831371171038843581941451281371321035229213224629 VapiNR NRNRNRNRNRNRNRNRNRNRNRNRNRNRNRNRNRNRNRNRNR BilimoraNR NRNRNRNRNRNRNRNRNRNRNRNRNRNRNRNRNRNRNRNRNR IdarNR NRNRNRNRNRNRNRNRNRNRNRNRNRNRNRNRNRNRNRNRNR JhalodNR NRNRNRNRNRNRNRNRNRNRNRNRNRNRNRNRNRNRNRNRNR SongashNR NRNRNRNRNRNRNRNRNRNRNRNRNRNRNRNRNRNRNRNRNR Madhya PradeshBhopal36 323484155127110844360174136120105122NR5027012252525 Indore41 263488148117118924364181140125109125925424522202430 Gwalior36 344382160120129904466214141121115125NR5423028122524 Jabalpur41 3034791441171188444642031351041081301074527017182824 Rewa42 24509110499116964653172157113142141NR4439319192420 Sagar41 252874153123103854259194138100105120904523322182226 Jhabua43 283789162122123944256191135130107142NR5330022273426 Hoshangabad47 2734861661131141004460187126106111121954539013232835 Shahdol33 32357017095105854275170130125115170NR4418025203040 Ujjain42 303582154122115934458190140125122122995227018223232 Morena36 28308518012011510043651821111251251771035524016153535 Anuppur35 323480143117120934550203123120108127904520010213330 Bhind39 33367012393959043601631231201251651203823015153545 Dhar45 28428315912411310542571821361251061331684922823203038 Harda34 283178157125110100416018713312598115NR4720027203033 Katni35 2730801501201208045501901101101051251104518028163030 Khandwa32 253069157112113108415318215313999157NR4825220202527 Mandla48 3037801331231208040501931301101101231104224719202713 Rajgarh39 313698999398894169136108102109101NR4823819233232 Sidhi36 26349514095909545602531301251191581304925328203330 Chattarpur36 293285183951209143501941351311091151185222825152524 Neemuch40 253280170120112804353175133127105132NR453829153035 Burhanpur38 343474149124114844252154124124106120984218327232323 Narshinpur38 263875162118113854455195153110104143NR3928212172217 Raisen37 283080157120118884260190130107105NRNR4522028203038 Sheopur44 273480150130120854060170125120105150NR4528028202835 Agar malwa43 2633801751281101024055180135125106130NR4436316202440 Umaria43 323570130115115874460150115103108203NR4222018243840 Shajapur49 273581154137125934263175122115104118NR4535328293743 Dewas43 24338415211311193415617312211398110NR4322511222529 Khargone40 283580140110110904255185185155130190NR4540028224525 Singrauli36 273290148111116874660217125102114142924930028203536 Chhindwara45 2633781441141128243522331521031191301153721210222828 Sehore38 253285151121112854250174126116111122NR4521111203235 MP-Ashoknagar41 2831681521241178941582601381381201401204021828202832 Balaghat39 353578148115115904152193140102981181006020010203023 Guna40 263078145110108804160190123100105123974020028202338 Ratlam34 2635881601421259742551901401321151351104230010182328 Satna31 2535751401001008042602101281181301281034520028183523 Vidisha39 303277153128122884065178127107105121NR4522710202030 Alirajpur40 30359016011510510743652101431411151301005029710253725 Betul53 283379149124116904357178135116108130NR4722217212829 Damoh34 283275150120100804252200140115112120NR4821010202028 Dindori40 35349314013813088455722013390110140NR5024728204030 Niwari34 273275149119115894464205135123115180964221128203145 Seoni45 32357012590110784054200127102113122NR3918711152320 Panna36 2533811461051009544502051171181071371174920310151924 Tikamgarh37 404072156951148042401871411311091371184822525203520 MaharashtraMumbai42 475411420017616310749581941911461351451057831027383528 Nagpur52 455085155125125905263203150145109117896528327383542 Pune58 4452841671261338547691901521141121101064631527241828 Nashik40 424187160132123904154179172123100115935430026273028 Mangaon-Raigad45 4445841511341219044551951241151061111046331223303040 Dharni39 353579152127121924249180148122109137NR4929913292629 Latur57 3537921821371341013965205141951101131064520128253025 Akluj47 393886157127125964250185128123116124945630525292529 Arni Yavatmal48 323372153122115974263187152123104118NR5730010302030 Chandrapur48 4044751631371241014165184161158101111NR5422727272515 Karad Satara46 384686163148133984070187168132110114994928228302828 Ahemednagar59 44478415912911910040531641491191191241094422828242241 Khultabad59 303772148124116864049177NR131105119935830020292929 Islampur61 45487317013912010640691821761051201331054932330372332 Kankavli46 4445961631451321004355180172136103103925335520312723 Partur70 3340701601101101014055164198159105144954040910302920 Gondia55 404380145111113814050167137991051081015121822222218 Jalgaon53 39429015313812911042602071531261061071196236827232328 Akola40 3338781551171151004365175141133101112905328526273033 RajasthanJaipur47 303278160126114764350203135125128137NR4229719203037 Jodhpur41 36407516012511080NRNR210145NRNR130NRNRNRNRNRNRNR Kota38 263379140113105804455177160102101167NR4924025192320 Udaipur29 283088959295924550180190130180NR1205033324253830 Bharatpur45 283190155140119904358200110110109NRNR4629326252240 AjmerNR NRNRNRNRNRNRNRNRNRNRNRNRNRNRNRNRNRNRNRNRNR Bikaner39 353474122122112934337163103979395NR4320910141727 Bundi47 263175150120110904350168127110115143NR4831719202826 Rajsamand39 293378161117117884263172141122111125NR4929216192938 Alwar43 313569103121106894354170123123137146NR4330816202822 Banswara38 263469138103103924153175145110162165NR4636323213125 Baran35 302770958987803950130138119127125NR3720014222235 Barmer34 3138631151009090NRNRNRNRNRNRNRNRNRNRNRNRNRNR Bhilwara46 313668116107988843511901751341651871354428718264840 Chhitorgarh45 2636871501151159542561861731411251271104532419172840 Churu32 283070879890823946172168145148169NR3830515255050 Dholapur40 303381147110111764760215120110112NRNR5419526213035 Dungarpur37 2831651141211181204456219160NR140192NR5129328283837 Hanumangarh34 272982133112105824143249128129107138NR3933014205647 JaisalmerNR NRNRNRNRNRNRNRNRNRNRNRNRNRNRNRNRNRNRNRNRNR Jalore39 3232701201101101004052195135133150188NR4231028304840 Jhalawar40 2528721209695864249183152125123168NR4238719273634 Jhunjhunu36 354098979898944044210155138141192NR3820717284538 Karauli36 2731661111101109044NR203148138138NRNR4048030193235 Nagaur34 33366610610681834155163167119164NRNR3831314213632 PaliNR NRNRNRNRNRNRNRNRNRNRNRNRNRNRNRNRNRNRNRNRNR RJ-Pratapgarh60 29317011010595843760NR180NRNR16014437300NR211930 Sikar45 2733751008689854451166165101150153NR4431121234247 Sirohi39 3536661221211081054051193166134155188NR4926418224847 Sri Ganganagar53 263482999794954649NRNRNRNRNRNR5528227204757 Tonk43 242873115109104934352194130151151159NR4526513243725 Sawai Madhopur50 252764122102105703957200108102107180NR3828324303532 EAST ZONEEAST ZONE  BiharPatna42 303385145127117844656NR1171111241321144328026172720 Bhagalpur37 303479148110111814457NR1241141341691234332028143421 Purnia36 303477144129111744451NR124104114NR894132313162126 Darbhanga38 283780130130110804452NR130125120NR954619513203240 Gaya33 264380167109107814460NR1521441421411345034624NRNRNR Muzzafarpur37 273276147113112754557NR129130126NR964528725172926 Saran41 2835821511281198144561101251261201461064926526194767 Munger41 283581162133120814556NR130123133183NR4724227163121 Saharsa40 283382123104101934555NRNR130NRNRNR5221723174530 Madhubani38 283275138121109784454153126128120149964929018163130 Rohtas (Sasaram)NR NRNRNRNRNRNRNRNRNRNRNRNRNRNRNRNRNRNRNRNRNR Motihari38 283276120110106824257132138130128158944328520153330 Samastipur40 263171120108109824555159138112144154984932022133433 Katihar37 293278158118113804454NR139136130149NR4930519132424 Araria41 254081143143102814455NR130122122182904940522142729 Nawada38 2535861601221148344602271531201141701115028027113528 Khagaria44 253780125115120804241NR13398122128984036027163328 Banka35 283675140110100754156NR1321091211831054220514134030 Arwal36 263272140110120784353NR1371231411251104427725192720 Aurangabad35 2532761481191177744582221301461331971175219727132720 Begusarai37 273175124109104804353NR125121119NR964431913143019 Bhojpur Ara43 273379140129129744556231144162145197NR4936929222520 Buxar30 2730761401221227944601281481181181481174426028162919 GopalganjNR NRNRNRNRNRNRNRNRNRNRNRNRNRNRNRNRNRNRNRNRNR Jamui38 283372139117114754357NR129111131NR1223825429163222 Jehanabad35 303475149127119764355NR134119121162NR4424425162525 Kaimur38 283273152127113744558187133115140191924520024143419 Kishanganj35 273378145113110804355NR125120115137994530025163030 Lakhisarai37 303570144110115864658NR148128138NR1284425626174445 Medhepura39 273475141129109754656NR126103109113934433912173442 Nalanda34 303282150134112824363229142120116159NR4940328174033 Sheikhpura37 293670139110115834456NR145130136NRNR5424328122526 SheoharNR NRNRNRNRNRNRNRNRNRNRNRNRNRNRNRNRNRNRNRNRNR Sitamarhi35 253370155128116854555NR1261181191391044927027193432 Siwan35 26307614110411174445418011990108180794420025193224 Supaul38 27327816011711379NRNRNRNRNRNRNRNRNRNRNRNRNRNR Vaishali36 293272138118113744460150115101114160894520727142528 West Champaran42 2536781281121039242521661341621442031184729016193027 JharkhandRanchi44 36367514211310576455623012294123121924224027183020 GumlaNR NRNRNRNRNRNRNRNRNRNRNRNRNRNRNRNRNRNRNRNRNR Sahibganj40 313474174100120904658211145123NRNRNR5238020182515 Bokaro34 343680125959785NRNR170175130145170125NRNRNR204236 Lohardaga25 283672148118107734459NR1301281251521064420325122222 Simdega38 NR3578147122114744359NR13211712312611039NR26141820 Dhanbad36 3538821451281188045602151351201201251195030025102020 Jamshedpur (East Singbhum) 47 32341101271101049745582001471421651701104522025173535 Giridhi33 28308015010095754455NR125120120160904030019162328 Seraikella36 283579149125114774660169120141100131935121325203020 West Singhbhum44 4244741301281288947601511521271411411224927424253124 Daltonganj40 273583146118108834559NR125105118NR1035238025203016 Deoghar42 3638781451251099249601251631511541711015026430173130 Ramgarh35 3336601511241127446NRNR1321231531901034227925283520 Pakur48 353882148118112112NRNR125130120115130100NRNRNRNRNRNR Jamtara35 283481151131121864560142126101121121964834828182519 Latehar39 243275135115108744461NR121151115123924122529212821 Godda42 2934751801301208546622201301201301501106042028142020 Koderma38 303380148120116794559150125102122146954920527163033 OdishaBhubaneshwar37 354279145121118804452NR129116NR110945222725253028 CuttackNR NRNRNRNRNRNRNRNRNRNRNRNRNRNRNRNRNRNRNRNRNR Sambalpur40 434875143115106754652NR145108NR1181124024028222820 Rourkela33 384177142117112754452NR12994104112954918027222510 Berhampur37 454077152120102754751NR1391031371151064924526214729 Jeypore43 403680149119115794452NR129100NR1141005021027222920 Balasore38 403885150123119834552NR13995NR114945624026183120 Baripada37 303880155120115794552168137105142114916023026203020 Balangir45 364578138122115784252NR13298NR1109545NR28233020 Angul35 NR3969139131101774454NR130NRNR114854337425174724 Boudhgarh32 NRNR80153120120904156NR135110NR11510047NR27203020 Dhenkanal35 354075147120112804452180135123129115855537027203021 Jagatsinghpur33 33448516080110804043NR145139120110904320819193525 Kandhamal38 384283148133118805158NR135123NR1159053NR27213220 Keonjhar39 3843841531211211004550NR133104NR1171025136927193842 Malkangiri51 NR3481160125119774152NR13099NR110915333325203022 Nabarangpur39 234590161138118834255120110129105113925029726202530 Nayagarh38 NR3978143120120904452NR129117NR1119055NR26212922 NuapadaNR NRNRNRNRNRNRNRNRNRNRNRNRNRNRNRNRNRNRNRNRNR Paralakhemundi Gajapati37 NR40671451111208540NRNR173142NR152984518027206863 Puri38 364179155120114814452NR135112NR118955327725193026 Rayagada38 333881159136119794752160138951441089147NR27262825 Sonepur41 NR4479157119116804254NR132121NR11589NR33525182519 Bhadrak35 NR3775142120110774352215127128185113855032025152030 Jharsuguda38 443680150126111804550NR130951071209544NR27223025 Kendrapara37 NR3781144115112794454NR132130NR115904224026203013 Jajpur35 404275145112110754256NR140120NR115915535025161833 Kalahandi38 3841891621101209044531831401051141201025433028203121 West BengalKolkata48 NR36841581341241004754NR129116116122936326322193332 Siliguri39 2934821541111149845501781291081111291075219813132420 Purulia33 NR338915412011585435112112995117125864629125152023 Kharagpur51 343885151125114994654215128100109123955023827203020 Rampurhat45 2738821531231251104656182125110114124965528022203227 Malda43 2642731551151101054356NR140961221411196132021212523 Raiganj39 283375167127111108444418012998121127995624810183837 Alipurduar38 NR44751751101151104768NR120100110125985523810193938 Asansol52 NR42991621411571154664NR1401081131161024630026203023 Balurghat46 314078150124112954646NR124114105116864133710182825 Bankura37 NR33821511351501134658235128118110124914928026162915 Barasat43 354085125NR13511246602001331141131081105623530275843 Bardhaman48 NR38851531301201104454220120110105120905826025163025 Baruipur55 NR34881201241381194355NR1321221051151024322327192718 Berhampore48 2740701259814010946582501401071171481044622013182930 Chinsurah50 NR36891511301401054650200119130101120965021925182724 Cooch behar45 NR34751401201151104460NR133110105140985029026204242 Howrah50 NR36901601401231114654NR128120115123NR5529327213316 Jalapiguri37 2845831651101171074556NR1231251101231005030025132530 JhargramNR NRNRNRNRNRNRNRNRNRNRNRNRNRNRNRNRNRNRNRNRNR Kalimpong38 3638951241281201004748NR140114148162NR5137715213530 Krishnagar36 NR377012310413810742441781131331171301144425319236861 Tamluk45 NR46991561201801195056NR1281251051231005430028192919 NORTH EAST ZONENORTH EAST ZONE  Andaman and NicobarPort Blair50 NR6995162154130955273NR176202NR1321197332520454553 Mayabunder43 NR6785160140128955271203179185NR1211147031518405060 Car Nicobar52 NR671011901591421086075262169160NR1391208528521506070 Arunachal pradeshItanagar50 NR4090160125120905073NR110110120168NRNRNR15204040 Namsai29 NR3585120120110955068NRNRNRNRNRNR7030030224040 Pasighat40 NR601001631401231035078157160135137190NR8032720245040 Tawang42 424095130140120110NRNRNRNRNRNRNRNRNRNRNRNRNRNR AssamGuwahati38 3238811581051108548702131441401301401255020012213133 Barpeta37 28337612999115834770NR1571541691111394320312204631 Tinsukia36 NR3485140115115854874NR140140120130NR55180121730NR Dhubri35 333380160130115804675250135110105115985027512153030 GoalparaNR NRNRNRNRNRNRNRNRNRNRNRNRNRNRNRNRNRNRNRNRNR Golaghat43 3036761371101051054954NR1611611711751636625713153040 Mangaldai49 333587117971151004770NR1611451421801356028014213025 Mushalpur41 343480142NR117874570NR1421421671581034621010163127 Udalguri40 273885144120110854570NR1471301181531025025820163530 Bajali60 303780160127120874570NR167NR163180NR6040010173030 Hojai47 NR368014585115854972NR1231001181281006022810152820 Jorhat48 3041951489312311448742431571521151621136521713193129 Bongaigaon38 NR3170115951091054572NR1401521491741095034810153025 Morigaon40 NR3981150110120954460NR1421401471501076023710153019 Sonari36 343375155NR1151004672NR15799138NRNR6821312164432 Tamulpur48 353584138120118934668NR143114129NR995129010182919 Sivasagar50 NR4783132132131944978NR141140141NRNR67270101527NR Biswanath CharialiNR NRNRNRNRNRNRNRNRNRNRNRNRNRNRNRNRNRNRNRNRNR Dibrugarh43 NR4186159125121944874NR142135122136NR5527323193454 Karimganj39 NR3680148133107804672NR132NR105127935524514203034 Majuli50 NR3892158881201004970NR130NR132NRNR6026015233863 Sonitpur Tezpur41 NR36691271081021004569226160172142171NR4629710162644 Haflong46 NR3678130NR120905572NR150NR130140NR8025030204040 AS-Lakhimpur38 NR338114197107914671NR138125123126NR5717515172823 Diphu42 NR3590157142126975074NR142NR1331631107623715203433 Nalbari50 NR461271601451078748791301581451521571124535010326035 South Salmara Mankachar41 293686170121121814856201150NR136NR1055123110213641 Kamrup39 NR3788177122119904774NR142NR1261421046026620193425 ManipurImphal49 38388816513012581NRNR131134109120137105NRNRNR224040 ChandelNR NRNRNRNRNRNRNRNRNRNRNRNRNRNRNRNRNRNRNRNRNR JiribamNR NRNRNRNRNRNRNRNRNRNRNRNRNRNRNRNRNRNRNRNRNR KangpokpiNR NRNRNRNRNRNRNRNRNRNRNRNRNRNRNRNRNRNRNRNRNR SenapatiNR NRNRNRNRNRNRNRNRNRNRNRNRNRNRNRNRNRNRNRNRNR TamenglongNR NRNRNRNRNRNRNRNRNRNRNRNRNRNRNRNRNRNRNRNRNR ThoubalNR NRNRNRNRNRNRNRNRNRNRNRNRNRNRNRNRNRNRNRNRNR UkhrulNR NRNRNRNRNRNRNRNRNRNRNRNRNRNRNRNRNRNRNRNRNR MeghalayaShillong45 3736901601231131004874NR125130112NRNR7030030223533 Tura35 403990177137120904874NR145NR1231301038746720254033 Jowai36 383690120110120904874NR120NR120230NR8036030204040 Sohra38 3838NR140147113905374NR120NR120NRNR10032730254343 Mairang40 3837NRNRNR118905074NR120NR120NRNRNR34012224030 Nongpoh36 NR3685170130122884975NR130132126177NR7342315204040 Khliehriat45 403890155118122885074NR160135138NRNR4333330203230 Williamnagar35 403695180NR120905070NR160NR147NR100NR47015304032 NongstoinNR NRNRNRNRNRNRNRNRNRNRNRNRNRNRNRNRNRNRNRNRNR Mawkyrwat39 3737NRNRNR125834974NR125NR112NRNRNR34516204635 MizoramAizawl50 405090157134133100508016918715413215414310052030375780 Lunglei50 404598NRNR1201055075NR190220150NRNR10052025406070 Kolasib45 4040961301201101005078NR172NR12019711311340726325780 Mamit50 NR40NRNRNRNR1105075NR190NR110NRNRNR52030404750 Champhai50 3560NRNRNRNR1005080NR180NR130NRNR16752030607053 Serchhip40 NR481201501501501025279NR190200117NRNR10025030357088 Siaha50 45441201301101201005070NR214140159NR138NR540303760NR Lawngtlai49 4244831221021121005577NRNRNR120NR11011048530356080 Hnahthial53 45451301601301301005379NR165140110NRNR12052030305370 Khawzawl40 5040110140NR140955083150170NR127NR150147520304077NR Saitual50 40NR100NR100NR955080NR230NR140NRNRNRNR30404080 NagalandKohima45 4054100180130120955075NR120140120190NRNR33020254050 Dimapur46 4035701201051208346802001502001702101658021015204440 Tuensang37 3855100NRNR12010050NRNR160NR165NRNRNR27520305050 Mokochung50 NR601301401701401005074NR120130140200NR9038015255040 Chumukedima40 NR35100130120110904080NR130160140200NR9532015205040 Mon40 NR5080NRNR1201005070NR130NR130NRNR6035020205040 Peren38 4040120NR1401201005072NR160NR168NRNR8034515257040 Phek40 50501001401401401005072NR160NR170NRNRNR35020306060 Tseminyu50 NR50NRNRNR1201005070NR120NR120NRNRNR36015254030 Wokha45 NR431201231251201005068NR160200180NRNRNR29015307060 Zunheboto50 NR50NR120NR1401004575NR150NR140NRNR6040018306060 Kiphire35 NR4090100NR85905080NR130NR150NRNR7033518306050 Longleng38 4050NR150NR1201007075NR160NR180NRNR8035020254060 Niuland35 NR40NR1501001201005070NR120NR130NRNR12035015204030 Shamator40 4360100120NR1101005065NR130NR140NR11010017520306565 Noklak40 506090100NRNR10550NRNR130NR130NRNRNRNR20256060 SikkimGangtok65 404085135128127954862NR159115121143NR6054717273535 Gyalshing45 3545901701401201005065NR160120140180NR6044020303535 Namchi54 3245801201301081004565NR183114167190NR5042021357050 Soreng45 3535901001101201005065NR185121126148NR6048020354040 Mangan60 3636801351351301105060NR187167NR210NR6634317355045 TripuraAgartala39 NR4087122132102974970NR137130117140997020012203235 Dharmanagar35 NR40901571351201105071NR1221301181581037525310203030 Belonia42 NR40NRNRNR1051074568NR139NR1131311057526510203545 TR-Udaipur40 NR36851451181131005072NR122108109130935716810202855 SOUTH ZONESOUTH ZONE  Andhra PradeshVijaywada55 5257951771471311004468165179122NR112896029719382638 Visakhapatnam54 38408014813812892435416314394NR108906028022232719 Kurnool72 5344901581471361154263154160111110110906346725332820 Tirupathi66 4343841821331221024449173173110139112886050323292821 Jammalamadugu60 4660801601461301244066170191110180115905419820353320 DharmavaramNR NRNRNRNRNRNRNRNRNRNRNRNRNRNRNRNRNRNRNRNRNR OngoleNR NRNRNRNRNRNRNRNRNRNRNRNRNRNRNRNRNRNRNRNRNR KarnatakaBengaluru61 42389015214012597464720714493117109925641317222617 Dharwad60 4563861641521291164148193161136113108905439328302611 Mangalore49 413977145132115903844166157142135108976037114386526 Mysore63 46621301591321279641432081591441431101086229722323223 Bengaluru (East Range)62 45389216812912890504615717791128116916026415322829 Belagavi58 404082141128108844853173164102110116924826519302522 Kalaburagi67 454875174128133984159178155111144115854424318242523 Tumakuru64 444586158146124994249192159122125113906030022312622 Bellary60 404177144126120118414819415599131108986222824312218 Dhavanagere63 4464871571431261104249168153116120114945927028312618 Shivamogga59 4540901571451281024448202152102132113894724325322818 Vijayapur63 4441931681611281094355213168128123112975328521301714 Ramanagara65 45499616214213612045481761891051521181005118818322020 Raichur63 4546124166130123934458181147123128118926115816333124 Chamarajanagar65 425791159139128984244198163120NR111976129622313125 Kolar47 444612214512512512539471581381511301201005133011253131 Haveri61 4244140189140140874264153164142144147974524714656722 Bagalkot54 4545721601361201093857191203112148143994442026294425 BidarNR NRNRNRNRNRNRNRNRNRNRNRNRNRNRNRNRNRNRNRNRNR Koppal52 39428313113011513043431431731261651401064425612372220 Mandya54 444494157146129984247196198109170112914935418302119 Yadgir58 45367516014012010041601821701121481171005342026404328 Chikkamagalur59 45401011681571331014449177162110110111936019017323024 Bangalore Rural62 3855911421401311104044180140107155127835024515252221 Chikkaballapur54 45388013712011287414216213090120105904741714323833 Chitradurga64 46568215216315215739471551781421471591074531231263525 Gadag70 45488416513012411442701721681261401221004532010303520 Hassan45 44567015011596883850160184106150145954923015263020 Kodagu59 41481081941461301254248175180155162115994121516303526 UdupiNR NRNRNRNRNRNRNRNRNRNRNRNRNRNRNRNRNRNRNRNRNR Uttara Kannada54 474010915915013211950502151841261521131084725027333128 Vijayanagara64 4444841521291221114448178157127115110894524516272622 KeralaT.Puram55 4357831571571231234352223170131130114946326718353231 Ernakulam53 44421071821751401104456215153135NR1221096522717423743 Kozhikode47 49NR971621401421094253223183129NR117956125916322824 Thrissur53 49591031961611561234554243200141NR1211076925916413842 Palakkad49 444892168147127984250215157135NR113955324013402825 Wayanad46 49421041731481401024252NR166140NR120985321816333229 Kasargod48 48521041701621341004161NRNR140NR110894626016362726 Kottayam56 42451311751251281314356NR190142NR117916122513413143 Pathanamthitta55 3439951781481381434353NR218190NR1201006723714383250 Alapuzha47 4665941651581461164352NRNR140NR118NR6521213372823 Kollam45 5042108203158NR1084452224NR143NR1221116923016453841 Idukki55 414090165NR130874360NR153131NR116956318014383340 Kannur50 46451011831521481004252NRNR177NR115955725816332722 Malapuram46 4843921721481321454156239160133NR120925122714353023 PuducherryPuducherry61 433687163124115894248189142132NR102925631426363122 Tamil NaduChennai59 444186168145123954240174148108NR111935827827343027 Madurai58 416484158141124894245209192152NR114884626327363120 Dindigul65 454294169145128904159212187115NR115975228018373513 Thiruchirapalli65 4565901611451221104343203170123NR1159559NR26373623 Coimbatore46 434480157138121784340192142131NR112935625326343121 Tirunelveli58 434681162146121924242188146112NR113915224224373732 Cuddalore66 4649871741441231014248216203161NR110905431324383422 Dharmapuri64 444082155133117834143222NR115NR122985027025302820 Vellore70 464190160142125994245173163139NR110865226726322825 Ramanathapuram62 405983151141116974244212235121NR125985127327463526 Erode60 484390151136122854245188183111NR105975228825403520 Karur47 485587158131123904243217152115NR114905129812403722 Perambalur62 NR6388155143118894343222164119NR1148952NR26363424 Pudukkottai65 486489161147128NR4445211198143NR1129452NR27403030 Sivagangai69 4762891611491271004344215213142NR113985127726404030 Thanjavur59 464088172149130804344204170132NR111884826021353328 The nilgiris75 454495162153133954354208177107NR115926321228423117 Thoothukudi59 455785156145125864454232190125NR113965530611353520 Viluppuram62 524090168128130964350166153109NR1079760NR26353527 Virudhunagar60 426385153136119794345189152127NR109985229328393526 Kanniyakumari57 3953841481381191324141190180120NR110985025825353127 NamakkalNR NRNRNRNRNRNRNRNRNRNRNRNRNRNRNRNRNRNRNRNRNR Tiruvannamalai66 496084163141112894465185173114NR113885829527372826 Tiruvarur58 626283173129124NR4252229134125NR1128852NR25353530 TiruppurNR NRNRNRNRNRNRNRNRNRNRNRNRNRNRNRNRNRNRNRNRNR Tenkasi64 465983158154119NR4366227195122NR115955627522363131 Nagapattinam55 4461881741301211064350215213121NR1109155NR20342825 Krishnagiri61 423887164138120874044195NR105NR110905050326303025 Ariyalur63 NR6485155150128904344205182122NR1149355NR26403825 Kallakurichi64 486293169126133994247185164115NR1129658NR26373027 Kancheepuram64 496387165145127944240188158120NR1119168NR26372727 Salem51 444482147132117924445187157117NR112974828033383321 Theni60 434681149136117914045193170114NR116964827713313122 Chengalpattu58 456085175155135954440203185122NR118946056028423328 Mayiladuthurai58 506392173143127NR4444233165173NR113895736027303525 RanipetNR NRNRNRNRNRNRNRNRNRNRNRNRNRNRNRNRNRNRNRNRNR Tirupattur65 414483155141128974370181218157NR115865527018303025 Tiruvallur70 446088177137137NR4340207173123NR112916254028303030 TelanganaHyderabad58 39388114212010991395214814993104104925126618191919 Karimnagar49 46597814513611887426715614399NR113876130925252220 Warangal49 363879132110109904160165165148174103925427415304335 Adilabad58 4047771471231158038NR1581601001431069248272NR272322 Suryapet49 454472163123121933760165156130NR114925228022262121 Jadcherla40 305075165125110953957170178126NR1161085529214152832 Khammam60 50458517512011010045751651701451781251055533028452020 Medchal62 4445851671381239045611691981201251201005026018322923 Nizamabad46 4439851621311311044375180191109NR1301156534413282515 Sangareddy63 404476146120111864070150150128170115906536024302029 Commodity NameCommodity NameRiceRiceWheatAtta (Wheat)Gram DalTur/Arhar DalUrad DalMoong DalMasoor DalSugarMilk @Groundnut Oil (Packed)Mustard Oil (Packed)Vanaspati (Packed)Soya Oil (Packed)Sunflower Oil (Packed)Palm Oil (Packed)GurTea LooseSalt Pack (Iodised)PotatoOnionTomatoBajra(whole)Jowar(whole)Maida(wheat)Ragi(whole)Suji(whole)BesanDesi GheeButter(Pasteurised)EggsBrinjalBlack Pepper(whole)Coriander(whole)Cummin Seed(whole)Red Chillies(whole)Turmeric(powder)BananaGIngerGarlic  Average Price1Average Price144.16 30.9236.0983.6148.7123.52116.9993.4244.2758.61190.38135.73125.22123.21122.2899.4252.78281.9122.4123.2733.3432.1 Maximum Price1Maximum Price175 6269140203176180157708326223522018523016816756033657788 Minimum Price1Minimum Price125 2127608780817037371101039093957936158991710 Modal Price1Modal Price140 2832801601201201004460201.5130120120115905030028203030 Source:- State civil supplies Dept.Note:- All India Consumption Weighted Average Prices of Oils w.e.f 23-Feb-2022 and Wheat and Atta w.e.f 25-Feb-2023 NR -> Not Reported Unit for Black Pepper (powder),Coriander (powder),Cummin Seed (powder),Red Chillies (powder),Turmeric (powder),Butter (Pasteurised) - Rs/100gm Unit for Eggs - Rs/Dozen Developed by:- National Informatics Centre(NIC)",,,,,,,,,,,,,,,,,,,,,,,,,,,,,,,,,,,,,,,,,,,2024-03-13
"Source:- State civil supplies Dept.Note:- All India Consumption Weighted Average Prices of Oils w.e.f 23-Feb-2022 and Wheat and Atta w.e.f 25-Feb-2023 NR -> Not Reported Unit for Black Pepper (powder),Coriander (powder),Cummin Seed (powder),Red Chillies (powder),Turmeric (powder),Butter (Pasteurised) - Rs/100gm Unit for Eggs - Rs/Dozen Developed by:- National Informatics Centre(NIC)",,,,,,,,,,,,,,,,,,,,,,,,,,,,,,,,,,,,,,,,,,,2024-03-13
Source:- State civil supplies Dept.,Note:- All India Consumption Weighted Average Prices of Oils w.e.f 23-Feb-2022 and Wheat and Atta w.e.f 25-Feb-2023,NR -> Not Reported,,,,,,,,,,,,,,,,,,,,,,,,,,,,,,,,,,,,,,,,,2024-03-13
"Unit for Black Pepper (powder),Coriander (powder),Cummin Seed (powder),Red Chillies (powder),Turmeric (powder),Butter (Pasteurised) - Rs/100gm","Unit for Black Pepper (powder),Coriander (powder),Cummin Seed (powder),Red Chillies (powder),Turmeric (powder),Butter (Pasteurised) - Rs/100gm",,,,,,,,,,,,,,,,,,,,,,,,,,,,,,,,,,,,,,,,,,2024-03-13
,Unit for Eggs - Rs/Dozen,,,,,,,,,,,,,,,,,,,,,,,,,,,,,,,,,,,,,,,,,,2024-03-13
Developed by:- National Informatics Centre(NIC),Developed by:- National Informatics Centre(NIC),,,,,,,,,,,,,,,,,,,,,,,,,,,,,,,,,,,,,,,,,,2024-03-13
,,,,,,,,,,,,,,,,,,,,,,,,,,,,,,,,,,,,,,,,,,,2024-03-13
