State,Centre,Rice,Broken Rice,Wheat,Atta (Wheat),Gram Dal,Tur/Arhar Dal,Urad Dal,Moong Dal,Masoor Dal,Sugar,Milk @,Groundnut Oil (Packed),Mustard Oil (Packed),Vanaspati (Packed),Soya Oil (Packed),Sunflower Oil (Packed),Palm Oil (Packed),Gur,Tea Loose,Salt Pack (Iodised),Potato,Onion,Tomato,Bajra (whole),Jowar (whole),Maida (wheat),Ragi (whole),Suji (whole),Besan,Desi Ghee,Butter (Pasteurised),Eggs,Brinjal,Black Pepper (whole),Coriander (whole),Cummin Seed (whole),Red Chillies (whole),Turmeric (powder),Banana,Ginger,Garlic,Date
Unit,Qty,1 Kg,1 Kg,1 Kg,1 Kg,1 Kg,1 Kg,1 Kg,1 Kg,1 Kg,1 Kg,1 ltr,1 Kg,1 Kg,1 Kg,1 Kg,1 Kg,1 Kg,1 Kg,1 Kg,1 Kg,1 Kg,1 Kg,1 Kg,1 Kg,1 Kg,1 Kg,1 Kg,1 Kg,1 Kg,1 Kg,100 gm,Dozen,1 Kg,100 gm,250 gm,100 gm,100 gm,50 gm,1 Kg,100 gm,100 gm,2024-02-10
Average Price,Average Price,44.1,,31.02,36.47,82.06,149.68,123.27,116.35,93.35,44.48,58.74,190.04,135.51,124.15,120.96,123.51,98.54,52.19,278.73,22.56,21.2,32.32,32.84,,,,,,,,,,,,,,,,,,,2024-02-10
Maximum Price,Maximum Price,70,,54,69,135,194,170,156,157,70,80,262,235,220,180,240,176,167,560,31,70,80,80,,,,,,,,,,,,,,,,,,,2024-02-10
Minimum Price,Minimum Price,27,,21,28,60,87,85,90,70,37,37,120,103,90,93,93,83,37,157,9,7,14,10,,,,,,,,,,,,,,,,,,,2024-02-10
Modal Price,Modal Price,40,,28,35,80,150,120,120,95,44,60,200,130,120,120,115,90,50,300,28,20,30,30,,,,,,,,,,,,,,,,,,,2024-02-10
NORTH ZONE,NORTH ZONE,,,,,,,,,,,,,,,,,,,,,,,,,,,,,,,,,,,,,,,,,,2024-02-10
Chandigarh,Chandigarh,42,,32,36,80,135,115,113,94,45,59,190,150,128,130,145,105,51,276,27,12,37,45,,,,,,,,,,,,,,,,,,,2024-02-10
Delhi,Delhi,40,,29,31,80,157,143,118,87,44,54,211,143,119,126,133,98,57,248,26,15,33,40,,,,,,,,,,,,,,,,,,,2024-02-10
Haryana,Hisar,35,,27,29,71,144,105,104,74,43,57,191,121,105,115,124,101,41,240,24,12,25,28,,,,,,,,,,,,,,,,,,,2024-02-10
Haryana,Karnal,63,,32,39,86,126,121,123,125,46,66,180,138,135,143,175,132,43,279,30,18,48,29,,,,,,,,,,,,,,,,,,,2024-02-10
Haryana,Panchkula,NR,,NR,NR,NR,NR,NR,NR,NR,NR,NR,NR,NR,NR,NR,NR,NR,NR,NR,NR,NR,NR,NR,,,,,,,,,,,,,,,,,,,2024-02-10
Haryana,Gurgaon,40,,25,35,65,100,95,90,88,42,56,185,165,130,137,163,100,44,190,20,15,35,30,,,,,,,,,,,,,,,,,,,2024-02-10
Himachal Pradesh,Shimla,42,,NR,37,85,167,143,122,96,50,60,214,164,129,121,NR,NR,55,218,28,16,34,50,,,,,,,,,,,,,,,,,,,2024-02-10
Himachal Pradesh,Mandi,40,,NR,32,80,167,135,122,83,46,47,220,159,123,115,141,114,50,270,28,14,32,46,,,,,,,,,,,,,,,,,,,2024-02-10
Himachal Pradesh,Dharamshala,28,,NR,30,80,153,127,125,93,45,40,NR,159,137,138,NR,NR,47,220,28,25,35,40,,,,,,,,,,,,,,,,,,,2024-02-10
Himachal Pradesh,Solan,40,,NR,32,81,157,128,113,83,45,50,214,161,129,117,135,NR,49,220,28,12,28,57,,,,,,,,,,,,,,,,,,,2024-02-10
Himachal Pradesh,Una,39,,NR,31,79,141,121,116,86,43,62,NR,141,119,117,NR,NR,46,224,28,15,30,42,,,,,,,,,,,,,,,,,,,2024-02-10
Himachal Pradesh,Bilaspur-hp,44,,NR,31,80,162,132,114,87,47,58,NR,161,128,131,NR,NR,43,318,27,12,28,53,,,,,,,,,,,,,,,,,,,2024-02-10
Himachal Pradesh,Chamba,36,,NR,35,81,156,130,120,89,50,55,NR,163,129,120,NR,NR,44,235,28,21,35,49,,,,,,,,,,,,,,,,,,,2024-02-10
Himachal Pradesh,Hamirpur-HP,38,,NR,31,75,149,121,112,88,45,65,NR,166,132,NR,NR,NR,47,259,28,19,25,47,,,,,,,,,,,,,,,,,,,2024-02-10
Himachal Pradesh,Kullu,39,,NR,31,80,160,131,109,84,46,40,NR,157,120,110,141,NR,42,230,27,20,30,60,,,,,,,,,,,,,,,,,,,2024-02-10
Himachal Pradesh,Sirmour,37,,21,34,62,110,97,91,96,45,50,228,165,135,143,155,121,41,327,25,29,37,42,,,,,,,,,,,,,,,,,,,2024-02-10
Himachal Pradesh,Kinnaur,40,,NR,35,84,148,131,110,80,50,45,NR,136,127,134,132,NR,42,229,27,28,40,51,,,,,,,,,,,,,,,,,,,2024-02-10
Himachal Pradesh,Lahaul & Spiti,NR,,NR,NR,NR,NR,NR,NR,NR,NR,NR,NR,NR,NR,NR,NR,NR,NR,NR,NR,NR,NR,NR,,,,,,,,,,,,,,,,,,,2024-02-10
Jammu and Kashmir,Srinagar,40,,42,59,105,120,120,140,110,50,47,235,140,143,140,180,NR,50,320,28,30,40,47,,,,,,,,,,,,,,,,,,,2024-02-10
Jammu and Kashmir,Jammu,42,,30,36,80,168,133,120,100,47,50,NR,148,130,137,142,103,49,290,28,17,32,45,,,,,,,,,,,,,,,,,,,2024-02-10
Jammu and Kashmir,Poonch,44,,27,38,77,118,119,110,100,48,64,NR,180,153,167,170,156,46,306,20,19,40,41,,,,,,,,,,,,,,,,,,,2024-02-10
Jammu and Kashmir,Kupwara,36,,26,33,90,110,110,120,100,60,48,NR,148,145,143,148,142,50,307,24,23,38,43,,,,,,,,,,,,,,,,,,,2024-02-10
Jammu and Kashmir,Udhampur,NR,,NR,NR,NR,NR,NR,NR,NR,NR,NR,NR,NR,NR,NR,NR,NR,NR,NR,NR,NR,NR,NR,,,,,,,,,,,,,,,,,,,2024-02-10
Jammu and Kashmir,Shopian,40,,46,47,117,125,122,127,117,50,48,NR,155,140,140,132,NR,48,330,28,25,40,50,,,,,,,,,,,,,,,,,,,2024-02-10
Jammu and Kashmir,Samba,60,,27,32,75,150,130,120,90,46,55,NR,125,120,115,135,95,50,300,28,15,25,50,,,,,,,,,,,,,,,,,,,2024-02-10
Jammu and Kashmir,Ramban,52,,NR,33,83,150,113,112,97,50,60,NR,153,140,120,NR,NR,52,320,25,20,35,60,,,,,,,,,,,,,,,,,,,2024-02-10
Jammu and Kashmir,Rajouri,NR,,NR,NR,NR,NR,NR,NR,NR,NR,NR,NR,NR,NR,NR,NR,NR,NR,NR,NR,NR,NR,NR,,,,,,,,,,,,,,,,,,,2024-02-10
Jammu and Kashmir,Kishtwar,NR,,NR,NR,NR,NR,NR,NR,NR,NR,NR,NR,NR,NR,NR,NR,NR,NR,NR,NR,NR,NR,NR,,,,,,,,,,,,,,,,,,,2024-02-10
Jammu and Kashmir,Doda,NR,,NR,NR,NR,NR,NR,NR,NR,NR,NR,NR,NR,NR,NR,NR,NR,NR,NR,NR,NR,NR,NR,,,,,,,,,,,,,,,,,,,2024-02-10
Jammu and Kashmir,Baramulla,NR,,NR,NR,NR,NR,NR,NR,NR,NR,NR,NR,NR,NR,NR,NR,NR,NR,NR,NR,NR,NR,NR,,,,,,,,,,,,,,,,,,,2024-02-10
Jammu and Kashmir,Reasi,NR,,NR,NR,NR,NR,NR,NR,NR,NR,NR,NR,NR,NR,NR,NR,NR,NR,NR,NR,NR,NR,NR,,,,,,,,,,,,,,,,,,,2024-02-10
Jammu and Kashmir,Kathua,NR,,NR,NR,NR,NR,NR,NR,NR,NR,NR,NR,NR,NR,NR,NR,NR,NR,NR,NR,NR,NR,NR,,,,,,,,,,,,,,,,,,,2024-02-10
Punjab,Amritsar,34,,28,36,80,155,120,115,115,43,54,190,120,108,107,130,NR,50,272,26,14,20,40,,,,,,,,,,,,,,,,,,,2024-02-10
Punjab,Ludhiana,37,,24,32,82,160,140,115,95,43,60,205,137,117,122,130,NR,50,280,27,11,25,55,,,,,,,,,,,,,,,,,,,2024-02-10
Punjab,Bathinda,36,,23,30,82,163,133,120,98,44,57,220,133,115,118,132,98,54,293,25,15,32,45,,,,,,,,,,,,,,,,,,,2024-02-10
Punjab,Barnala,39,,23,28,80,158,115,108,85,45,54,208,110,110,102,120,90,41,317,28,19,30,45,,,,,,,,,,,,,,,,,,,2024-02-10
Punjab,Hoshiarpur,33,,25,29,92,138,118,120,110,43,62,200,120,140,125,140,110,64,263,20,11,24,55,,,,,,,,,,,,,,,,,,,2024-02-10
Punjab,Faridkot,42,,23,32,82,163,127,127,92,45,55,233,122,122,113,137,93,52,313,28,22,33,48,,,,,,,,,,,,,,,,,,,2024-02-10
Punjab,Mansa,40,,24,28,92,130,110,98,97,45,51,NR,132,127,127,NR,NR,51,277,28,20,30,33,,,,,,,,,,,,,,,,,,,2024-02-10
Punjab,Sri Muktsar Sahib,40,,25,30,80,160,120,118,93,42,62,203,113,110,105,107,90,44,250,27,16,27,42,,,,,,,,,,,,,,,,,,,2024-02-10
Punjab,Dera Bassi,37,,22,30,84,153,122,122,112,43,55,NR,128,117,120,NR,NR,53,247,28,11,22,37,,,,,,,,,,,,,,,,,,,2024-02-10
Punjab,Sangrur,40,,26,30,75,159,112,105,76,44,60,156,122,101,103,120,94,42,220,29,10,20,48,,,,,,,,,,,,,,,,,,,2024-02-10
Punjab,Ropar,37,,28,32,87,165,143,123,103,43,61,202,123,115,110,135,93,57,265,28,15,27,32,,,,,,,,,,,,,,,,,,,2024-02-10
Punjab,Amargarh,40,,25,30,80,172,118,120,80,45,60,158,115,110,110,125,95,40,250,28,12,20,40,,,,,,,,,,,,,,,,,,,2024-02-10
Punjab,Fatehgarh Sahib,NR,,NR,NR,NR,NR,NR,NR,NR,NR,NR,NR,NR,NR,NR,NR,NR,NR,NR,NR,NR,NR,NR,,,,,,,,,,,,,,,,,,,2024-02-10
Punjab,Ferozepur,40,,26,32,90,180,140,120,101,44,61,221,118,118,120,147,97,49,281,28,9,20,35,,,,,,,,,,,,,,,,,,,2024-02-10
Punjab,Kapurthala,35,,25,31,82,127,123,121,111,46,69,208,121,132,131,137,113,68,280,22,15,37,52,,,,,,,,,,,,,,,,,,,2024-02-10
Uttar Pradesh,Lucknow,40,,30,35,82,148,125,120,82,45,66,220,131,111,114,115,110,45,280,27,13,28,30,,,,,,,,,,,,,,,,,,,2024-02-10
Uttar Pradesh,Kanpur,35,,27,32,80,160,132,130,120,46,60,196,144,113,126,140,117,56,234,26,15,25,30,,,,,,,,,,,,,,,,,,,2024-02-10
Uttar Pradesh,Varanasi,42,,31,36,85,155,121,119,82,48,67,218,138,128,126,140,116,55,281,28,16,27,33,,,,,,,,,,,,,,,,,,,2024-02-10
Uttar Pradesh,Agra,44,,29,30,85,133,107,101,87,45,67,170,115,105,108,104,101,39,240,28,10,24,28,,,,,,,,,,,,,,,,,,,2024-02-10
Uttar Pradesh,Jhansi,43,,24,32,78,155,104,111,81,45,52,191,121,111,102,121,112,43,210,26,19,24,20,,,,,,,,,,,,,,,,,,,2024-02-10
Uttar Pradesh,Meerut,36,,29,36,81,123,112,115,107,46,65,159,149,148,149,172,151,53,244,24,13,23,38,,,,,,,,,,,,,,,,,,,2024-02-10
Uttar Pradesh,Allahabad,36,,34,38,78,142,114,112,96,45,62,170,150,142,134,172,112,52,250,24,22,32,26,,,,,,,,,,,,,,,,,,,2024-02-10
Uttar Pradesh,Gorakhpur,39,,24,41,69,144,137,114,74,44,59,214,125,118,115,139,89,49,219,27,17,27,29,,,,,,,,,,,,,,,,,,,2024-02-10
Uttar Pradesh,Saharanpur,33,,27,34,83,164,130,120,103,43,69,166,128,123,130,152,119,49,255,28,13,28,31,,,,,,,,,,,,,,,,,,,2024-02-10
Uttar Pradesh,Bareilly,37,,26,31,90,153,133,118,118,42,66,195,125,113,117,123,97,47,317,28,10,30,39,,,,,,,,,,,,,,,,,,,2024-02-10
Uttar Pradesh,Ayodhya,32,,26,31,72,150,95,105,89,41,55,193,158,122,137,175,97,46,217,28,40,30,24,,,,,,,,,,,,,,,,,,,2024-02-10
Uttar Pradesh,Moradabad,NR,,NR,NR,NR,NR,NR,NR,NR,NR,NR,NR,NR,NR,NR,NR,NR,NR,NR,NR,NR,NR,NR,,,,,,,,,,,,,,,,,,,2024-02-10
Uttar Pradesh,Aligarh,40,,28,34,80,170,140,110,110,44,60,208,122,118,111,148,137,49,242,27,11,37,28,,,,,,,,,,,,,,,,,,,2024-02-10
Uttar Pradesh,Mirzapur (Vindhyanchal),31,,24,31,86,162,123,114,NR,49,NR,NR,NR,NR,NR,NR,NR,57,NR,28,15,29,21,,,,,,,,,,,,,,,,,,,2024-02-10
Uttar Pradesh,Banda,36,,30,36,75,150,112,110,80,44,64,198,123,115,109,164,109,52,180,22,11,31,32,,,,,,,,,,,,,,,,,,,2024-02-10
Uttar Pradesh,Azamgarh,35,,30,31,83,151,113,115,95,44,65,221,150,128,128,123,98,45,280,28,12,29,25,,,,,,,,,,,,,,,,,,,2024-02-10
Uttar Pradesh,Gonda (Devipatan),37,,29,36,80,180,130,115,100,45,64,185,138,155,160,190,140,49,340,27,26,47,41,,,,,,,,,,,,,,,,,,,2024-02-10
Uttar Pradesh,Amethi,37,,25,40,73,125,91,112,89,44,62,189,163,134,153,190,118,50,259,25,22,46,38,,,,,,,,,,,,,,,,,,,2024-02-10
Uttar Pradesh,Barabanki,39,,30,34,80,154,120,119,100,45,64,203,150,135,150,175,119,49,220,28,15,29,31,,,,,,,,,,,,,,,,,,,2024-02-10
Uttar Pradesh,Bhadohi,34,,23,29,65,115,85,100,89,42,60,190,160,145,145,185,105,50,235,25,11,25,25,,,,,,,,,,,,,,,,,,,2024-02-10
Uttar Pradesh,Chandauli,30,,24,33,78,143,120,119,76,43,60,136,120,120,110,122,93,56,247,26,13,20,12,,,,,,,,,,,,,,,,,,,2024-02-10
Uttar Pradesh,Farrukhabad,44,,24,31,73,142,115,110,88,44,66,175,132,118,123,165,99,45,247,26,9,27,38,,,,,,,,,,,,,,,,,,,2024-02-10
Uttar Pradesh,Ghazipur,NR,,NR,NR,NR,NR,NR,NR,NR,NR,NR,NR,NR,NR,NR,NR,NR,NR,NR,NR,NR,NR,NR,,,,,,,,,,,,,,,,,,,2024-02-10
Uttar Pradesh,Jaunpur,42,,27,35,80,144,120,120,82,44,62,190,140,124,118,164,90,57,260,28,17,25,27,,,,,,,,,,,,,,,,,,,2024-02-10
Uttar Pradesh,UP-Pratapgarh,39,,26,31,80,145,127,120,80,44,68,207,135,117,117,118,93,53,266,27,14,23,28,,,,,,,,,,,,,,,,,,,2024-02-10
Uttar Pradesh,Sambhal,40,,24,32,75,130,120,100,90,41,60,173,130,142,142,175,128,38,217,29,10,30,22,,,,,,,,,,,,,,,,,,,2024-02-10
Uttar Pradesh,Santkabir Nagar,32,,25,32,76,125,115,112,96,43,62,183,150,145,145,175,NR,44,257,28,14,45,40,,,,,,,,,,,,,,,,,,,2024-02-10
Uttar Pradesh,Shahjahanpur,38,,26,33,98,135,133,127,130,44,67,203,169,165,168,180,142,47,263,26,24,33,40,,,,,,,,,,,,,,,,,,,2024-02-10
Uttar Pradesh,Sitapur,30,,28,32,75,108,104,104,95,41,59,180,165,145,153,174,116,37,241,27,14,35,29,,,,,,,,,,,,,,,,,,,2024-02-10
Uttar Pradesh,Sultanpur,34,,28,43,93,148,96,105,98,44,55,215,169,128,166,176,116,48,228,29,14,49,43,,,,,,,,,,,,,,,,,,,2024-02-10
Uttar Pradesh,Unnao,44,,27,31,78,153,118,113,85,45,58,198,133,118,123,157,99,48,230,26,11,20,20,,,,,,,,,,,,,,,,,,,2024-02-10
Uttar Pradesh,Ambedkar Nagar,45,,28,36,82,118,115,117,95,47,60,200,167,140,160,168,133,58,190,27,18,42,33,,,,,,,,,,,,,,,,,,,2024-02-10
Uttar Pradesh,Amroha,40,,26,30,80,140,100,120,100,44,50,197,140,140,147,180,100,41,200,25,20,30,25,,,,,,,,,,,,,,,,,,,2024-02-10
Uttar Pradesh,Baghpat,40,,NR,30,80,150,120,110,100,42,63,213,135,121,121,121,100,45,203,27,11,29,40,,,,,,,,,,,,,,,,,,,2024-02-10
Uttar Pradesh,Bijnor,NR,,NR,NR,NR,NR,NR,NR,NR,NR,NR,NR,NR,NR,NR,NR,NR,NR,NR,NR,NR,NR,NR,,,,,,,,,,,,,,,,,,,2024-02-10
Uttar Pradesh,Budaun,NR,,NR,NR,NR,NR,NR,NR,NR,NR,NR,NR,NR,NR,NR,NR,NR,NR,NR,NR,NR,NR,NR,,,,,,,,,,,,,,,,,,,2024-02-10
Uttar Pradesh,Etah,40,,27,32,70,160,100,110,95,45,66,200,140,145,145,160,115,50,280,27,10,20,30,,,,,,,,,,,,,,,,,,,2024-02-10
Uttar Pradesh,Fatehpur,35,,24,42,75,120,155,115,100,45,68,215,167,128,137,176,120,50,225,28,16,45,28,,,,,,,,,,,,,,,,,,,2024-02-10
Uttar Pradesh,Ghaziabad,35,,31,33,85,173,132,123,107,44,65,203,123,125,113,132,103,47,206,27,18,32,33,,,,,,,,,,,,,,,,,,,2024-02-10
Uttar Pradesh,Hardoi,44,,26,33,71,147,133,129,90,45,68,220,135,127,129,161,99,53,237,27,10,26,25,,,,,,,,,,,,,,,,,,,2024-02-10
Uttar Pradesh,Jalaun,34,,28,32,85,157,107,104,90,42,55,185,142,154,152,173,103,50,230,28,12,25,26,,,,,,,,,,,,,,,,,,,2024-02-10
Uttar Pradesh,Kaushambi,43,,25,41,73,147,132,98,87,45,58,170,145,120,130,168,122,50,227,29,20,33,30,,,,,,,,,,,,,,,,,,,2024-02-10
Uttar Pradesh,Kushinagar,37,,33,39,81,162,122,136,87,46,70,188,147,133,130,NR,98,47,237,27,15,28,26,,,,,,,,,,,,,,,,,,,2024-02-10
Uttar Pradesh,Lakhimpur Kheri,40,,27,32,74,148,97,106,88,45,58,200,134,120,157,156,110,55,218,28,10,28,23,,,,,,,,,,,,,,,,,,,2024-02-10
Uttar Pradesh,Pilibhit,39,,28,32,82,143,135,127,132,44,66,210,145,145,140,155,115,42,265,28,15,48,29,,,,,,,,,,,,,,,,,,,2024-02-10
Uttar Pradesh,Sharwasti,35,,27,34,80,145,125,120,83,44,50,148,142,112,122,NR,94,44,202,28,10,20,22,,,,,,,,,,,,,,,,,,,2024-02-10
Uttar Pradesh,Siddharth Nagar,41,,29,30,81,158,120,137,83,45,62,166,142,126,132,165,90,50,230,27,16,32,22,,,,,,,,,,,,,,,,,,,2024-02-10
Uttar Pradesh,Sonbhadra,46,,30,35,79,171,103,108,96,48,60,208,140,141,146,173,118,49,297,25,14,33,26,,,,,,,,,,,,,,,,,,,2024-02-10
Uttar Pradesh,Rampur,53,,26,30,79,127,107,110,89,42,53,159,129,127,112,142,93,45,254,16,15,25,26,,,,,,,,,,,,,,,,,,,2024-02-10
Uttar Pradesh,Bahraich,35,,26,33,68,155,130,110,96,41,45,155,148,137,144,127,120,43,250,28,19,33,25,,,,,,,,,,,,,,,,,,,2024-02-10
Uttar Pradesh,Basti,NR,,NR,NR,NR,NR,NR,NR,NR,NR,NR,NR,NR,NR,NR,NR,NR,NR,NR,NR,NR,NR,NR,,,,,,,,,,,,,,,,,,,2024-02-10
Uttar Pradesh,Etawah,44,,29,35,85,166,128,101,91,45,65,189,133,133,130,182,110,44,223,30,14,28,20,,,,,,,,,,,,,,,,,,,2024-02-10
Uttar Pradesh,Muzzafarnagar,42,,28,31,73,108,106,105,104,44,74,145,125,124,120,163,104,37,225,27,9,31,25,,,,,,,,,,,,,,,,,,,2024-02-10
Uttar Pradesh,Chitrakoot,32,,25,31,80,135,100,105,85,45,50,197,135,122,122,170,108,44,220,28,15,30,30,,,,,,,,,,,,,,,,,,,2024-02-10
Uttar Pradesh,Hamirpur-UP,44,,29,34,75,156,141,109,90,45,69,189,143,143,142,191,99,50,278,26,15,21,20,,,,,,,,,,,,,,,,,,,2024-02-10
Uttar Pradesh,Deoria,43,,29,31,73,142,102,104,100,44,58,205,132,125,123,153,139,45,224,27,13,24,32,,,,,,,,,,,,,,,,,,,2024-02-10
Uttar Pradesh,Hapur,35,,27,34,78,153,125,110,103,42,65,190,142,123,125,125,100,43,220,27,14,29,30,,,,,,,,,,,,,,,,,,,2024-02-10
Uttar Pradesh,Bulandshahr,40,,24,35,85,140,100,100,90,44,70,NR,120,120,120,188,100,40,250,26,19,33,32,,,,,,,,,,,,,,,,,,,2024-02-10
Uttar Pradesh,Kanpur Dehat,40,,25,30,90,140,133,107,90,45,66,180,125,135,135,150,95,45,210,28,10,30,30,,,,,,,,,,,,,,,,,,,2024-02-10
Uttar Pradesh,Hathras,38,,27,29,80,130,117,100,90,41,65,165,115,133,110,173,140,44,220,25,11,30,28,,,,,,,,,,,,,,,,,,,2024-02-10
Uttar Pradesh,Raebareli,42,,30,33,78,152,123,112,88,45,67,222,127,113,112,138,102,48,223,27,15,37,30,,,,,,,,,,,,,,,,,,,2024-02-10
Uttar Pradesh,Lalitpur,36,,23,29,66,135,92,92,94,41,53,172,132,129,126,188,134,39,258,25,19,25,22,,,,,,,,,,,,,,,,,,,2024-02-10
Uttar Pradesh,Mohaba,30,,26,30,85,162,102,101,87,47,58,153,130,115,127,173,112,52,195,28,20,20,30,,,,,,,,,,,,,,,,,,,2024-02-10
Uttar Pradesh,Gautam Budh Nagar,38,,29,32,84,158,117,117,87,43,66,235,145,116,128,139,98,55,262,27,15,22,25,,,,,,,,,,,,,,,,,,,2024-02-10
Uttar Pradesh,Auraiya,37,,26,35,63,122,89,90,81,41,69,181,163,131,132,182,135,51,259,27,11,30,36,,,,,,,,,,,,,,,,,,,2024-02-10
Uttar Pradesh,Maharajganj,33,,28,33,78,147,120,120,80,44,63,203,138,115,129,172,101,46,213,27,16,24,30,,,,,,,,,,,,,,,,,,,2024-02-10
Uttar Pradesh,Balrampur,34,,27,33,73,134,128,121,88,44,NR,212,132,112,118,129,92,52,213,29,12,31,31,,,,,,,,,,,,,,,,,,,2024-02-10
Uttar Pradesh,Kannauj,35,,24,32,75,160,95,100,85,42,66,178,135,130,135,182,118,44,245,27,20,38,21,,,,,,,,,,,,,,,,,,,2024-02-10
Uttar Pradesh,Mathura,NR,,NR,NR,NR,NR,NR,NR,NR,NR,NR,NR,NR,NR,NR,NR,NR,NR,NR,NR,NR,NR,NR,,,,,,,,,,,,,,,,,,,2024-02-10
Uttar Pradesh,Firozabad,38,,35,37,82,115,118,112,118,40,65,190,158,117,142,182,111,45,300,29,13,39,42,,,,,,,,,,,,,,,,,,,2024-02-10
Uttar Pradesh,Kasganj,50,,26,31,77,139,120,118,113,43,66,192,133,123,115,145,90,50,245,28,7,29,38,,,,,,,,,,,,,,,,,,,2024-02-10
Uttar Pradesh,Mainpuri,NR,,NR,NR,NR,NR,NR,NR,NR,NR,NR,NR,NR,NR,NR,NR,NR,NR,NR,NR,NR,NR,NR,,,,,,,,,,,,,,,,,,,2024-02-10
Uttar Pradesh,Shamli,38,,26,29,70,138,128,110,90,41,68,202,120,115,108,128,92,50,280,26,12,25,40,,,,,,,,,,,,,,,,,,,2024-02-10
Uttar Pradesh,Ballia,32,,28,32,83,167,112,109,100,45,56,200,158,148,147,147,150,50,243,27,15,32,21,,,,,,,,,,,,,,,,,,,2024-02-10
Uttar Pradesh,Mau,39,,25,32,86,150,118,119,85,44,62,205,128,115,119,118,94,52,274,28,12,31,20,,,,,,,,,,,,,,,,,,,2024-02-10
Uttarakhand,Dehradun,37,,25,37,80,163,110,115,100,46,57,145,125,120,123,165,NR,48,287,30,12,37,28,,,,,,,,,,,,,,,,,,,2024-02-10
Uttarakhand,Haldwani,NR,,NR,NR,NR,NR,NR,NR,NR,NR,NR,NR,NR,NR,NR,NR,NR,NR,NR,NR,NR,NR,NR,,,,,,,,,,,,,,,,,,,2024-02-10
Uttarakhand,Rudrapur,36,,27,33,90,180,120,120,110,42,63,179,139,139,120,125,88,51,217,28,11,24,26,,,,,,,,,,,,,,,,,,,2024-02-10
Uttarakhand,Haridwar,NR,,NR,NR,NR,NR,NR,NR,NR,NR,NR,NR,NR,NR,NR,NR,NR,NR,NR,NR,NR,NR,NR,,,,,,,,,,,,,,,,,,,2024-02-10
WEST ZONE,WEST ZONE,,,,,,,,,,,,,,,,,,,,,,,,,,,,,,,,,,,,,,,,,,2024-02-10
Chhattisgarh,Raipur,37,,42,43,85,145,128,110,95,45,55,198,135,133,113,133,98,44,247,27,27,32,30,,,,,,,,,,,,,,,,,,,2024-02-10
Chhattisgarh,Durg,NR,,NR,NR,NR,NR,NR,NR,NR,NR,NR,NR,NR,NR,NR,NR,NR,NR,NR,NR,NR,NR,NR,,,,,,,,,,,,,,,,,,,2024-02-10
Chhattisgarh,Ambikapur,NR,,NR,NR,NR,NR,NR,NR,NR,NR,NR,NR,NR,NR,NR,NR,NR,NR,NR,NR,NR,NR,NR,,,,,,,,,,,,,,,,,,,2024-02-10
Chhattisgarh,Bilaspur-CG,40,,28,30,80,155,90,100,90,40,50,185,182,153,160,174,137,45,203,26,27,62,35,,,,,,,,,,,,,,,,,,,2024-02-10
Chhattisgarh,Jagdalpur,39,,36,46,111,174,106,102,98,43,51,196,158,101,132,136,101,39,351,24,21,25,16,,,,,,,,,,,,,,,,,,,2024-02-10
Chhattisgarh,Dantewada,49,,39,39,89,149,129,119,79,44,73,232,142,113,99,117,94,59,559,28,24,33,28,,,,,,,,,,,,,,,,,,,2024-02-10
Chhattisgarh,Dhamtari,NR,,NR,NR,NR,NR,NR,NR,NR,NR,NR,NR,NR,NR,NR,NR,NR,NR,NR,NR,NR,NR,NR,,,,,,,,,,,,,,,,,,,2024-02-10
Chhattisgarh,Rajnandgaon,56,,44,42,100,175,112,110,106,NR,NR,254,NR,149,104,110,101,NR,NR,NR,20,38,22,,,,,,,,,,,,,,,,,,,2024-02-10
Chhattisgarh,Koriya,38,,33,35,75,148,98,113,80,42,76,198,131,95,124,173,110,47,200,27,20,25,20,,,,,,,,,,,,,,,,,,,2024-02-10
DNH and DD,Silvasa,59,,42,43,87,167,138,127,93,42,66,180,137,143,116,122,92,57,485,28,19,23,40,,,,,,,,,,,,,,,,,,,2024-02-10
DNH and DD,Daman,40,,43,40,81,130,128,115,90,44,66,183,137,118,123,122,93,81,200,26,19,25,40,,,,,,,,,,,,,,,,,,,2024-02-10
DNH and DD,Diu,47,,39,57,88,172,147,132,100,44,61,211,162,140,163,130,115,70,360,28,22,29,40,,,,,,,,,,,,,,,,,,,2024-02-10
Goa,Panaji,NR,,NR,NR,NR,NR,NR,NR,NR,NR,NR,NR,NR,NR,NR,NR,NR,NR,NR,NR,NR,NR,NR,,,,,,,,,,,,,,,,,,,2024-02-10
Goa,Margao,NR,,NR,NR,NR,NR,NR,NR,NR,NR,NR,NR,NR,NR,NR,NR,NR,NR,NR,NR,NR,NR,NR,,,,,,,,,,,,,,,,,,,2024-02-10
Gujarat,Ahmedabad,NR,,NR,NR,NR,NR,NR,NR,NR,NR,NR,NR,NR,NR,NR,NR,NR,NR,NR,NR,NR,NR,NR,,,,,,,,,,,,,,,,,,,2024-02-10
Gujarat,Rajkot,42,,36,39,78,153,112,105,87,43,59,183,130,137,139,119,107,55,300,17,21,28,25,,,,,,,,,,,,,,,,,,,2024-02-10
Gujarat,Surat,NR,,NR,NR,NR,NR,NR,NR,NR,NR,NR,NR,NR,NR,NR,NR,NR,NR,NR,NR,NR,NR,NR,,,,,,,,,,,,,,,,,,,2024-02-10
Gujarat,Bhuj,50,,34,38,80,150,125,115,90,44,58,180,150,150,120,121,90,55,260,28,20,25,18,,,,,,,,,,,,,,,,,,,2024-02-10
Gujarat,Selamba,60,,40,44,90,160,140,130,100,42,68,172,135,122,113,113,107,47,267,15,22,27,48,,,,,,,,,,,,,,,,,,,2024-02-10
Gujarat,Waghai,42,,40,46,79,140,120,130,105,43,56,192,153,143,155,135,122,49,257,14,28,38,32,,,,,,,,,,,,,,,,,,,2024-02-10
Gujarat,Bodeli,40,,33,39,83,137,117,103,88,43,58,194,145,128,137,132,103,52,292,13,22,46,29,,,,,,,,,,,,,,,,,,,2024-02-10
Gujarat,Vapi,NR,,NR,NR,NR,NR,NR,NR,NR,NR,NR,NR,NR,NR,NR,NR,NR,NR,NR,NR,NR,NR,NR,,,,,,,,,,,,,,,,,,,2024-02-10
Gujarat,Bilimora,NR,,NR,NR,NR,NR,NR,NR,NR,NR,NR,NR,NR,NR,NR,NR,NR,NR,NR,NR,NR,NR,NR,,,,,,,,,,,,,,,,,,,2024-02-10
Gujarat,Idar,NR,,NR,NR,NR,NR,NR,NR,NR,NR,NR,NR,NR,NR,NR,NR,NR,NR,NR,NR,NR,NR,NR,,,,,,,,,,,,,,,,,,,2024-02-10
Gujarat,Jhalod,NR,,NR,NR,NR,NR,NR,NR,NR,NR,NR,NR,NR,NR,NR,NR,NR,NR,NR,NR,NR,NR,NR,,,,,,,,,,,,,,,,,,,2024-02-10
Gujarat,Songash,NR,,NR,NR,NR,NR,NR,NR,NR,NR,NR,NR,NR,NR,NR,NR,NR,NR,NR,NR,NR,NR,NR,,,,,,,,,,,,,,,,,,,2024-02-10
Madhya Pradesh,Bhopal,35,,30,34,76,148,122,112,83,43,60,175,135,116,100,128,NR,48,270,12,14,14,25,,,,,,,,,,,,,,,,,,,2024-02-10
Madhya Pradesh,Indore,42,,26,34,88,150,118,118,94,44,65,184,140,130,110,125,94,54,250,NR,20,20,30,,,,,,,,,,,,,,,,,,,2024-02-10
Madhya Pradesh,Gwalior,37,,34,43,82,175,119,127,90,44,66,214,141,121,115,125,NR,54,230,28,12,25,24,,,,,,,,,,,,,,,,,,,2024-02-10
Madhya Pradesh,Jabalpur,42,,32,35,82,141,116,118,84,44,64,204,135,105,108,128,105,45,275,15,15,25,20,,,,,,,,,,,,,,,,,,,2024-02-10
Madhya Pradesh,Rewa,42,,23,50,91,104,99,116,96,46,53,172,157,113,142,141,NR,44,393,19,20,33,30,,,,,,,,,,,,,,,,,,,2024-02-10
Madhya Pradesh,Sagar,42,,26,29,69,145,120,102,83,42,59,192,135,101,99,116,89,43,232,22,14,15,23,,,,,,,,,,,,,,,,,,,2024-02-10
Madhya Pradesh,Jhabua,47,,28,34,85,158,121,116,94,42,56,191,141,132,106,145,NR,54,314,22,22,34,37,,,,,,,,,,,,,,,,,,,2024-02-10
Madhya Pradesh,Hoshangabad,46,,27,33,86,170,112,114,100,44,60,185,124,105,104,120,93,50,390,12,20,30,50,,,,,,,,,,,,,,,,,,,2024-02-10
Madhya Pradesh,Shahdol,33,,32,35,70,170,95,105,85,42,75,170,130,125,115,170,NR,44,180,25,15,20,30,,,,,,,,,,,,,,,,,,,2024-02-10
Madhya Pradesh,Ujjain,42,,30,35,82,154,122,115,93,44,58,190,140,125,122,122,99,52,270,18,23,48,36,,,,,,,,,,,,,,,,,,,2024-02-10
Madhya Pradesh,Morena,36,,28,30,85,180,120,115,100,43,65,182,123,125,125,177,103,60,240,16,12,30,30,,,,,,,,,,,,,,,,,,,2024-02-10
Madhya Pradesh,Anuppur,35,,33,38,80,150,110,115,100,44,50,203,127,120,100,128,90,48,200,10,20,30,23,,,,,,,,,,,,,,,,,,,2024-02-10
Madhya Pradesh,Bhind,39,,33,36,70,123,93,95,90,43,60,163,123,120,125,165,120,38,230,15,10,20,20,,,,,,,,,,,,,,,,,,,2024-02-10
Madhya Pradesh,Dhar,48,,30,44,83,160,118,113,105,42,57,182,136,124,106,133,170,48,228,23,20,32,49,,,,,,,,,,,,,,,,,,,2024-02-10
Madhya Pradesh,Harda,35,,28,33,78,152,130,108,90,42,60,182,131,118,95,108,NR,48,197,28,20,30,60,,,,,,,,,,,,,,,,,,,2024-02-10
Madhya Pradesh,Katni,35,,27,30,80,150,120,120,80,45,50,190,110,110,105,125,110,45,180,28,14,30,20,,,,,,,,,,,,,,,,,,,2024-02-10
Madhya Pradesh,Khandwa,32,,26,30,69,158,112,113,108,43,53,184,153,139,99,157,NR,48,252,20,19,29,41,,,,,,,,,,,,,,,,,,,2024-02-10
Madhya Pradesh,Mandla,50,,32,36,78,133,122,117,82,41,49,195,135,105,105,123,103,43,260,16,18,20,20,,,,,,,,,,,,,,,,,,,2024-02-10
Madhya Pradesh,Rajgarh,NR,,NR,NR,NR,NR,NR,NR,NR,NR,NR,NR,NR,NR,NR,NR,NR,NR,NR,NR,NR,NR,NR,,,,,,,,,,,,,,,,,,,2024-02-10
Madhya Pradesh,Sidhi,35,,26,34,95,133,95,90,95,45,60,250,130,120,117,153,120,49,253,28,15,30,25,,,,,,,,,,,,,,,,,,,2024-02-10
Madhya Pradesh,Chattarpur,36,,29,32,85,183,95,120,91,43,50,194,140,131,109,115,118,52,228,25,15,45,22,,,,,,,,,,,,,,,,,,,2024-02-10
Madhya Pradesh,Neemuch,40,,24,31,80,163,115,110,78,42,53,180,135,128,108,132,NR,40,385,9,15,19,20,,,,,,,,,,,,,,,,,,,2024-02-10
Madhya Pradesh,Burhanpur,NR,,NR,NR,NR,NR,NR,NR,NR,NR,NR,NR,NR,NR,NR,NR,NR,NR,NR,NR,NR,NR,NR,,,,,,,,,,,,,,,,,,,2024-02-10
Madhya Pradesh,Narshinpur,38,,26,38,75,162,118,113,85,44,55,195,153,110,104,143,NR,39,282,12,17,22,12,,,,,,,,,,,,,,,,,,,2024-02-10
Madhya Pradesh,Raisen,37,,28,30,80,158,120,117,90,42,60,190,128,102,100,NR,NR,45,220,28,20,23,33,,,,,,,,,,,,,,,,,,,2024-02-10
Madhya Pradesh,Sheopur,44,,27,33,75,150,130,120,85,42,60,170,130,120,105,150,NR,45,280,28,15,20,25,,,,,,,,,,,,,,,,,,,2024-02-10
Madhya Pradesh,Agar malwa,44,,27,35,81,166,122,112,103,40,51,173,140,128,107,135,NR,44,360,16,12,21,37,,,,,,,,,,,,,,,,,,,2024-02-10
Madhya Pradesh,Umaria,43,,32,35,75,140,115,115,87,47,60,150,115,103,108,203,NR,45,220,18,17,27,27,,,,,,,,,,,,,,,,,,,2024-02-10
Madhya Pradesh,Shajapur,49,,27,38,76,158,135,120,98,41,63,181,117,124,100,122,NR,46,358,28,22,37,47,,,,,,,,,,,,,,,,,,,2024-02-10
Madhya Pradesh,Dewas,44,,25,34,82,153,108,111,90,42,56,174,121,111,98,109,NR,44,225,11,20,28,29,,,,,,,,,,,,,,,,,,,2024-02-10
Madhya Pradesh,Khargone,NR,,NR,NR,NR,NR,NR,NR,NR,NR,NR,NR,NR,NR,NR,NR,NR,NR,NR,NR,NR,NR,NR,,,,,,,,,,,,,,,,,,,2024-02-10
Madhya Pradesh,Singrauli,37,,27,33,89,131,113,120,90,46,60,220,125,100,110,140,95,48,300,28,15,20,20,,,,,,,,,,,,,,,,,,,2024-02-10
Madhya Pradesh,Chhindwara,40,,28,33,85,150,120,115,85,44,50,225,154,104,121,132,115,40,200,10,15,25,40,,,,,,,,,,,,,,,,,,,2024-02-10
Madhya Pradesh,Sehore,38,,25,32,76,155,119,109,85,43,50,169,121,112,104,122,NR,45,212,11,20,31,37,,,,,,,,,,,,,,,,,,,2024-02-10
Madhya Pradesh,MP-Ashoknagar,40,,28,31,67,153,123,117,90,41,58,260,140,138,122,143,120,40,218,28,20,25,30,,,,,,,,,,,,,,,,,,,2024-02-10
Madhya Pradesh,Balaghat,40,,34,35,78,148,115,115,90,42,52,198,143,102,98,118,100,57,200,10,20,33,37,,,,,,,,,,,,,,,,,,,2024-02-10
Madhya Pradesh,Guna,39,,26,30,78,142,100,108,80,41,60,190,122,100,100,125,97,40,200,28,12,22,32,,,,,,,,,,,,,,,,,,,2024-02-10
Madhya Pradesh,Ratlam,35,,26,35,82,150,142,127,98,42,55,187,142,130,115,133,102,42,300,10,18,23,22,,,,,,,,,,,,,,,,,,,2024-02-10
Madhya Pradesh,Satna,31,,25,35,75,145,100,100,80,42,60,200,125,118,130,128,103,45,200,28,17,35,22,,,,,,,,,,,,,,,,,,,2024-02-10
Madhya Pradesh,Vidisha,37,,27,32,73,150,125,117,89,40,65,177,127,107,103,125,NR,46,217,10,15,18,25,,,,,,,,,,,,,,,,,,,2024-02-10
Madhya Pradesh,Alirajpur,40,,30,35,90,160,115,105,107,43,65,210,143,141,115,130,100,50,297,10,25,37,25,,,,,,,,,,,,,,,,,,,2024-02-10
Madhya Pradesh,Betul,NR,,NR,NR,NR,NR,NR,NR,NR,NR,NR,NR,NR,NR,NR,NR,NR,NR,NR,NR,NR,NR,NR,,,,,,,,,,,,,,,,,,,2024-02-10
Madhya Pradesh,Damoh,34,,28,32,75,150,120,100,80,42,52,200,140,115,112,120,NR,48,210,10,20,20,24,,,,,,,,,,,,,,,,,,,2024-02-10
Madhya Pradesh,Dindori,40,,35,40,90,140,130,135,95,45,70,210,130,100,110,145,NR,50,230,28,20,20,30,,,,,,,,,,,,,,,,,,,2024-02-10
Madhya Pradesh,Niwari,NR,,NR,NR,NR,NR,NR,NR,NR,NR,NR,NR,NR,NR,NR,NR,NR,NR,NR,NR,NR,NR,NR,,,,,,,,,,,,,,,,,,,2024-02-10
Madhya Pradesh,Seoni,45,,32,35,70,125,90,110,78,40,54,200,127,102,113,122,NR,39,187,11,15,26,18,,,,,,,,,,,,,,,,,,,2024-02-10
Madhya Pradesh,Panna,36,,25,33,81,146,105,100,95,44,50,205,117,118,107,137,117,49,203,10,15,20,20,,,,,,,,,,,,,,,,,,,2024-02-10
Madhya Pradesh,Tikamgarh,NR,,NR,NR,NR,NR,NR,NR,NR,NR,NR,NR,NR,NR,NR,NR,NR,NR,NR,NR,NR,NR,NR,,,,,,,,,,,,,,,,,,,2024-02-10
Maharashtra,Mumbai,42,,45,51,116,194,170,150,106,48,58,191,175,147,126,137,98,76,320,27,34,31,59,,,,,,,,,,,,,,,,,,,2024-02-10
Maharashtra,Nagpur,47,,43,50,85,155,125,125,90,51,65,208,150,145,115,120,92,65,283,27,38,42,58,,,,,,,,,,,,,,,,,,,2024-02-10
Maharashtra,Pune,58,,46,54,81,171,129,130,84,48,69,193,152,112,110,113,106,46,315,27,24,19,35,,,,,,,,,,,,,,,,,,,2024-02-10
Maharashtra,Nashik,41,,43,41,87,159,131,124,93,42,54,180,175,121,99,115,92,54,300,26,27,27,42,,,,,,,,,,,,,,,,,,,2024-02-10
Maharashtra,Mangaon-Raigad,46,,44,44,83,151,132,119,91,43,55,177,124,131,102,110,95,58,305,23,29,26,48,,,,,,,,,,,,,,,,,,,2024-02-10
Maharashtra,Dharni,38,,35,34,80,153,122,119,89,42,41,174,126,121,105,128,NR,49,299,13,26,21,48,,,,,,,,,,,,,,,,,,,2024-02-10
Maharashtra,Latur,62,,44,42,88,181,138,135,103,40,65,205,146,90,103,109,100,44,203,28,25,25,27,,,,,,,,,,,,,,,,,,,2024-02-10
Maharashtra,Akluj,43,,39,41,77,152,117,110,86,39,54,185,128,118,116,124,98,52,317,24,19,27,26,,,,,,,,,,,,,,,,,,,2024-02-10
Maharashtra,Arni Yavatmal,48,,33,34,72,163,122,115,97,42,63,187,152,123,104,118,NR,57,300,10,30,20,30,,,,,,,,,,,,,,,,,,,2024-02-10
Maharashtra,Chandrapur,50,,45,47,83,171,136,132,106,42,NR,192,167,161,99,144,NR,58,220,28,20,20,28,,,,,,,,,,,,,,,,,,,2024-02-10
Maharashtra,Karad Satara,47,,37,47,82,167,148,132,94,41,70,188,168,132,109,113,98,50,287,28,30,27,45,,,,,,,,,,,,,,,,,,,2024-02-10
Maharashtra,Ahemednagar,59,,44,47,79,149,129,124,100,40,53,164,159,119,119,124,109,44,228,28,21,22,39,,,,,,,,,,,,,,,,,,,2024-02-10
Maharashtra,Khultabad,59,,31,37,78,154,122,116,83,41,49,180,NR,131,101,119,95,54,300,20,30,29,28,,,,,,,,,,,,,,,,,,,2024-02-10
Maharashtra,Islampur,61,,45,48,72,173,121,120,106,40,69,180,176,105,118,132,105,49,323,30,30,22,34,,,,,,,,,,,,,,,,,,,2024-02-10
Maharashtra,Kankavli,46,,41,43,91,162,146,132,101,43,55,180,172,136,105,117,92,53,344,20,34,27,46,,,,,,,,,,,,,,,,,,,2024-02-10
Maharashtra,Partur,70,,35,40,60,160,110,110,101,40,55,164,198,159,105,144,95,40,409,10,20,20,30,,,,,,,,,,,,,,,,,,,2024-02-10
Maharashtra,Gondia,55,,42,44,74,143,107,113,81,40,50,166,135,96,103,105,96,54,218,22,18,17,22,,,,,,,,,,,,,,,,,,,2024-02-10
Maharashtra,Jalgaon,53,,39,42,92,157,142,129,110,43,60,210,150,124,101,108,115,62,368,27,23,22,48,,,,,,,,,,,,,,,,,,,2024-02-10
Maharashtra,Akola,39,,33,36,76,162,120,115,100,43,65,172,141,120,99,112,90,54,285,26,20,30,53,,,,,,,,,,,,,,,,,,,2024-02-10
Rajasthan,Jaipur,NR,,NR,NR,NR,NR,NR,NR,NR,NR,NR,NR,NR,NR,NR,NR,NR,NR,NR,NR,NR,NR,NR,,,,,,,,,,,,,,,,,,,2024-02-10
Rajasthan,Jodhpur,NR,,NR,NR,NR,NR,NR,NR,NR,NR,NR,NR,NR,NR,NR,NR,NR,NR,NR,NR,NR,NR,NR,,,,,,,,,,,,,,,,,,,2024-02-10
Rajasthan,Kota,38,,26,33,79,140,113,105,80,44,55,177,160,102,101,167,NR,49,240,25,19,23,20,,,,,,,,,,,,,,,,,,,2024-02-10
Rajasthan,Udaipur,NR,,NR,NR,NR,NR,NR,NR,NR,NR,NR,NR,NR,NR,NR,NR,NR,NR,NR,NR,NR,NR,NR,,,,,,,,,,,,,,,,,,,2024-02-10
Rajasthan,Bharatpur,45,,28,32,90,155,140,120,90,44,58,200,110,110,110,NR,NR,48,297,25,24,24,27,,,,,,,,,,,,,,,,,,,2024-02-10
Rajasthan,Ajmer,38,,30,32,65,110,105,100,75,40,49,194,140,111,145,141,111,38,320,20,12,55,42,,,,,,,,,,,,,,,,,,,2024-02-10
Rajasthan,Bikaner,39,,33,34,73,124,123,115,92,44,37,178,103,107,93,93,NR,44,211,11,15,19,27,,,,,,,,,,,,,,,,,,,2024-02-10
Rajasthan,Bundi,NR,,NR,NR,NR,NR,NR,NR,NR,NR,NR,NR,NR,NR,NR,NR,NR,NR,NR,NR,NR,NR,NR,,,,,,,,,,,,,,,,,,,2024-02-10
Rajasthan,Rajsamand,38,,28,32,77,160,117,115,88,42,63,172,141,122,111,125,NR,49,292,16,19,28,36,,,,,,,,,,,,,,,,,,,2024-02-10
Rajasthan,Alwar,NR,,NR,NR,NR,NR,NR,NR,NR,NR,NR,NR,NR,NR,NR,NR,NR,NR,NR,NR,NR,NR,NR,,,,,,,,,,,,,,,,,,,2024-02-10
Rajasthan,Banswara,38,,26,34,69,138,103,103,92,41,53,175,145,110,162,165,NR,46,363,23,21,31,25,,,,,,,,,,,,,,,,,,,2024-02-10
Rajasthan,Baran,NR,,NR,NR,NR,NR,NR,NR,NR,NR,NR,NR,NR,NR,NR,NR,NR,NR,NR,NR,NR,NR,NR,,,,,,,,,,,,,,,,,,,2024-02-10
Rajasthan,Barmer,NR,,NR,NR,NR,NR,NR,NR,NR,NR,NR,NR,NR,NR,NR,NR,NR,NR,NR,NR,NR,NR,NR,,,,,,,,,,,,,,,,,,,2024-02-10
Rajasthan,Bhilwara,NR,,NR,NR,NR,NR,NR,NR,NR,NR,NR,NR,NR,NR,NR,NR,NR,NR,NR,NR,NR,NR,NR,,,,,,,,,,,,,,,,,,,2024-02-10
Rajasthan,Chhitorgarh,NR,,NR,NR,NR,NR,NR,NR,NR,NR,NR,NR,NR,NR,NR,NR,NR,NR,NR,NR,NR,NR,NR,,,,,,,,,,,,,,,,,,,2024-02-10
Rajasthan,Churu,32,,28,30,70,87,98,90,82,39,46,172,168,145,148,169,NR,38,305,15,25,50,50,,,,,,,,,,,,,,,,,,,2024-02-10
Rajasthan,Dholapur,38,,28,35,80,162,115,110,85,47,60,233,128,116,111,NR,NR,50,227,27,20,29,24,,,,,,,,,,,,,,,,,,,2024-02-10
Rajasthan,Dungarpur,36,,28,30,64,110,118,116,118,44,56,216,163,NR,145,191,NR,52,298,28,28,40,33,,,,,,,,,,,,,,,,,,,2024-02-10
Rajasthan,Hanumangarh,NR,,NR,NR,NR,NR,NR,NR,NR,NR,NR,NR,NR,NR,NR,NR,NR,NR,NR,NR,NR,NR,NR,,,,,,,,,,,,,,,,,,,2024-02-10
Rajasthan,Jaisalmer,NR,,NR,NR,NR,NR,NR,NR,NR,NR,NR,NR,NR,NR,NR,NR,NR,NR,NR,NR,NR,NR,NR,,,,,,,,,,,,,,,,,,,2024-02-10
Rajasthan,Jalore,NR,,NR,NR,NR,NR,NR,NR,NR,NR,NR,NR,NR,NR,NR,NR,NR,NR,NR,NR,NR,NR,NR,,,,,,,,,,,,,,,,,,,2024-02-10
Rajasthan,Jhalawar,NR,,NR,NR,NR,NR,NR,NR,NR,NR,NR,NR,NR,NR,NR,NR,NR,NR,NR,NR,NR,NR,NR,,,,,,,,,,,,,,,,,,,2024-02-10
Rajasthan,Jhunjhunu,NR,,NR,NR,NR,NR,NR,NR,NR,NR,NR,NR,NR,NR,NR,NR,NR,NR,NR,NR,NR,NR,NR,,,,,,,,,,,,,,,,,,,2024-02-10
Rajasthan,Karauli,NR,,NR,NR,NR,NR,NR,NR,NR,NR,NR,NR,NR,NR,NR,NR,NR,NR,NR,NR,NR,NR,NR,,,,,,,,,,,,,,,,,,,2024-02-10
Rajasthan,Nagaur,NR,,NR,NR,NR,NR,NR,NR,NR,NR,NR,NR,NR,NR,NR,NR,NR,NR,NR,NR,NR,NR,NR,,,,,,,,,,,,,,,,,,,2024-02-10
Rajasthan,Pali,NR,,NR,NR,NR,NR,NR,NR,NR,NR,NR,NR,NR,NR,NR,NR,NR,NR,NR,NR,NR,NR,NR,,,,,,,,,,,,,,,,,,,2024-02-10
Rajasthan,RJ-Pratapgarh,NR,,NR,NR,NR,NR,NR,NR,NR,NR,NR,NR,NR,NR,NR,NR,NR,NR,NR,NR,NR,NR,NR,,,,,,,,,,,,,,,,,,,2024-02-10
Rajasthan,Sikar,NR,,NR,NR,NR,NR,NR,NR,NR,NR,NR,NR,NR,NR,NR,NR,NR,NR,NR,NR,NR,NR,NR,,,,,,,,,,,,,,,,,,,2024-02-10
Rajasthan,Sirohi,39,,35,36,66,122,121,108,105,40,51,193,166,134,155,188,NR,49,264,22,22,60,57,,,,,,,,,,,,,,,,,,,2024-02-10
Rajasthan,Sri Ganganagar,NR,,NR,NR,NR,NR,NR,NR,NR,NR,NR,NR,NR,NR,NR,NR,NR,NR,NR,NR,NR,NR,NR,,,,,,,,,,,,,,,,,,,2024-02-10
Rajasthan,Tonk,NR,,NR,NR,NR,NR,NR,NR,NR,NR,NR,NR,NR,NR,NR,NR,NR,NR,NR,NR,NR,NR,NR,,,,,,,,,,,,,,,,,,,2024-02-10
Rajasthan,Sawai Madhopur,NR,,NR,NR,NR,NR,NR,NR,NR,NR,NR,NR,NR,NR,NR,NR,NR,NR,NR,NR,NR,NR,NR,,,,,,,,,,,,,,,,,,,2024-02-10
EAST ZONE,EAST ZONE,,,,,,,,,,,,,,,,,,,,,,,,,,,,,,,,,,,,,,,,,,2024-02-10
Bihar,Patna,42,,30,33,82,148,126,115,84,46,56,NR,115,110,122,125,110,43,283,26,19,27,25,,,,,,,,,,,,,,,,,,,2024-02-10
Bihar,Bhagalpur,37,,30,34,77,149,110,112,81,45,56,NR,126,114,134,169,123,43,320,28,12,26,25,,,,,,,,,,,,,,,,,,,2024-02-10
Bihar,Purnia,36,,30,34,76,144,124,109,72,45,51,NR,124,99,114,NR,91,42,324,13,14,23,26,,,,,,,,,,,,,,,,,,,2024-02-10
Bihar,Darbhanga,36,,28,38,80,132,110,110,80,44,52,NR,130,130,118,NR,90,45,195,13,15,24,30,,,,,,,,,,,,,,,,,,,2024-02-10
Bihar,Gaya,33,,26,40,81,168,110,107,80,45,60,NR,149,142,142,142,134,49,336,24,16,30,21,,,,,,,,,,,,,,,,,,,2024-02-10
Bihar,Muzzafarpur,39,,28,33,79,151,111,112,81,45,57,NR,126,129,127,164,96,43,287,24,14,26,27,,,,,,,,,,,,,,,,,,,2024-02-10
Bihar,Saran,42,,28,35,82,153,129,122,81,44,56,120,126,125,123,142,106,48,265,26,20,46,64,,,,,,,,,,,,,,,,,,,2024-02-10
Bihar,Munger,39,,28,36,81,166,121,120,81,45,55,NR,132,126,140,190,NR,50,242,27,13,30,23,,,,,,,,,,,,,,,,,,,2024-02-10
Bihar,Saharsa,40,,28,33,75,120,98,95,90,45,55,NR,137,123,115,NR,NR,53,217,23,19,45,32,,,,,,,,,,,,,,,,,,,2024-02-10
Bihar,Madhubani,38,,27,32,76,139,122,109,77,45,52,154,126,127,121,150,96,49,290,18,18,32,28,,,,,,,,,,,,,,,,,,,2024-02-10
Bihar,Rohtas (Sasaram),31,,26,31,76,138,123,98,77,45,66,220,126,99,99,115,93,48,237,25,16,24,18,,,,,,,,,,,,,,,,,,,2024-02-10
Bihar,Motihari,39,,30,31,70,107,103,102,87,44,56,132,150,140,138,140,104,42,274,19,18,46,33,,,,,,,,,,,,,,,,,,,2024-02-10
Bihar,Samastipur,42,,26,31,66,117,104,100,78,45,55,159,138,112,144,154,98,54,320,22,12,34,33,,,,,,,,,,,,,,,,,,,2024-02-10
Bihar,Katihar,37,,30,32,78,165,114,112,80,44,54,NR,142,140,131,149,NR,50,305,19,13,27,25,,,,,,,,,,,,,,,,,,,2024-02-10
Bihar,Araria,43,,29,38,80,145,145,101,89,44,56,NR,129,119,119,179,87,50,367,20,15,29,38,,,,,,,,,,,,,,,,,,,2024-02-10
Bihar,Nawada,38,,25,35,86,160,122,114,83,44,60,227,153,120,114,170,111,50,280,27,11,35,28,,,,,,,,,,,,,,,,,,,2024-02-10
Bihar,Khagaria,NR,,NR,NR,NR,NR,NR,NR,NR,NR,NR,NR,NR,NR,NR,NR,NR,NR,NR,NR,NR,NR,NR,,,,,,,,,,,,,,,,,,,2024-02-10
Bihar,Banka,35,,28,36,75,140,110,100,75,41,56,NR,132,109,121,183,105,42,205,14,13,40,30,,,,,,,,,,,,,,,,,,,2024-02-10
Bihar,Arwal,36,,26,32,72,140,110,120,78,43,53,NR,137,123,141,125,110,44,277,25,19,27,20,,,,,,,,,,,,,,,,,,,2024-02-10
Bihar,Aurangabad,36,,26,33,77,150,118,118,80,44,58,237,127,158,162,228,140,52,195,28,12,29,21,,,,,,,,,,,,,,,,,,,2024-02-10
Bihar,Begusarai,34,,25,31,69,119,109,100,80,43,53,NR,125,121,119,NR,96,44,319,12,13,29,18,,,,,,,,,,,,,,,,,,,2024-02-10
Bihar,Bhojpur Ara,43,,27,30,80,142,129,124,76,45,56,231,143,162,145,197,NR,49,369,29,22,25,20,,,,,,,,,,,,,,,,,,,2024-02-10
Bihar,Buxar,30,,29,32,76,131,111,111,81,44,60,140,128,118,116,150,116,45,260,28,15,25,20,,,,,,,,,,,,,,,,,,,2024-02-10
Bihar,Gopalganj,NR,,NR,NR,NR,NR,NR,NR,NR,NR,NR,NR,NR,NR,NR,NR,NR,NR,NR,NR,NR,NR,NR,,,,,,,,,,,,,,,,,,,2024-02-10
Bihar,Jamui,38,,28,33,72,139,117,114,75,44,60,NR,129,111,131,NR,122,38,253,29,16,32,25,,,,,,,,,,,,,,,,,,,2024-02-10
Bihar,Jehanabad,35,,30,34,75,149,127,119,76,45,55,NR,134,119,121,162,NR,43,244,25,16,25,28,,,,,,,,,,,,,,,,,,,2024-02-10
Bihar,Kaimur,38,,28,31,74,154,128,114,75,45,58,187,133,115,140,191,92,45,200,24,14,34,19,,,,,,,,,,,,,,,,,,,2024-02-10
Bihar,Kishanganj,35,,28,34,84,154,110,110,86,NR,NR,NR,118,120,115,125,85,NR,NR,NR,NR,NR,NR,,,,,,,,,,,,,,,,,,,2024-02-10
Bihar,Lakhisarai,37,,28,35,70,144,110,115,86,46,58,NR,148,128,138,NR,128,44,256,26,17,50,53,,,,,,,,,,,,,,,,,,,2024-02-10
Bihar,Medhepura,39,,28,35,74,144,131,111,75,46,56,NR,124,101,109,114,91,44,339,12,16,31,33,,,,,,,,,,,,,,,,,,,2024-02-10
Bihar,Nalanda,34,,30,32,82,150,134,112,82,43,62,229,142,120,116,159,NR,49,400,28,17,45,38,,,,,,,,,,,,,,,,,,,2024-02-10
Bihar,Sheikhpura,37,,29,36,70,139,110,115,83,44,56,NR,145,130,136,NR,NR,55,242,28,12,25,20,,,,,,,,,,,,,,,,,,,2024-02-10
Bihar,Sheohar,37,,25,33,76,164,133,120,74,45,55,147,128,119,125,161,89,54,198,27,13,23,24,,,,,,,,,,,,,,,,,,,2024-02-10
Bihar,Sitamarhi,35,,24,33,70,155,128,116,85,45,55,NR,126,99,119,139,104,49,270,27,19,34,39,,,,,,,,,,,,,,,,,,,2024-02-10
Bihar,Siwan,NR,,NR,NR,NR,NR,NR,NR,NR,NR,NR,NR,NR,NR,NR,NR,NR,NR,NR,NR,NR,NR,NR,,,,,,,,,,,,,,,,,,,2024-02-10
Bihar,Supaul,38,,28,32,80,165,133,125,80,44,51,NR,125,120,135,180,100,50,365,13,11,25,24,,,,,,,,,,,,,,,,,,,2024-02-10
Bihar,Vaishali,36,,29,32,72,138,118,113,74,44,60,150,113,98,114,160,89,45,207,28,14,24,33,,,,,,,,,,,,,,,,,,,2024-02-10
Bihar,West Champaran,42,,24,35,78,128,112,103,92,42,52,166,133,163,144,203,118,47,290,16,18,32,30,,,,,,,,,,,,,,,,,,,2024-02-10
Jharkhand,Ranchi,44,,36,36,75,145,122,100,76,45,56,215,124,95,123,121,90,50,240,27,15,25,20,,,,,,,,,,,,,,,,,,,2024-02-10
Jharkhand,Gumla,40,,29,34,85,125,105,98,70,43,55,209,137,110,110,198,104,40,270,10,16,60,25,,,,,,,,,,,,,,,,,,,2024-02-10
Jharkhand,Sahibganj,40,,31,34,74,170,100,120,90,46,58,211,145,123,NR,NR,NR,52,380,20,18,25,10,,,,,,,,,,,,,,,,,,,2024-02-10
Jharkhand,Bokaro,34,,34,36,80,125,95,97,85,NR,NR,170,175,130,145,170,125,NR,NR,NR,20,42,36,,,,,,,,,,,,,,,,,,,2024-02-10
Jharkhand,Lohardaga,27,,28,36,72,148,118,107,73,44,59,NR,130,128,125,147,106,44,203,25,14,24,24,,,,,,,,,,,,,,,,,,,2024-02-10
Jharkhand,Simdega,38,,NR,35,75,148,120,118,79,45,59,NR,136,125,125,123,110,40,NR,27,15,23,40,,,,,,,,,,,,,,,,,,,2024-02-10
Jharkhand,Dhanbad,40,,35,38,77,138,128,113,82,45,60,212,135,115,122,125,122,50,300,25,12,30,40,,,,,,,,,,,,,,,,,,,2024-02-10
Jharkhand,Jamshedpur (East Singbhum),47,,32,34,110,127,110,104,97,45,58,200,147,142,165,170,110,45,220,25,17,35,35,,,,,,,,,,,,,,,,,,,2024-02-10
Jharkhand,Giridhi,33,,28,30,80,150,100,95,75,44,55,NR,125,120,120,160,90,40,300,19,16,22,25,,,,,,,,,,,,,,,,,,,2024-02-10
Jharkhand,Seraikella,36,,28,35,79,154,125,114,76,46,60,169,122,141,100,134,96,51,213,25,21,35,23,,,,,,,,,,,,,,,,,,,2024-02-10
Jharkhand,West Singhbhum,42,,41,43,73,129,126,128,88,47,60,150,152,126,141,140,121,49,273,24,25,26,25,,,,,,,,,,,,,,,,,,,2024-02-10
Jharkhand,Daltonganj,38,,28,33,84,155,122,110,84,46,58,NR,128,102,118,NR,102,52,388,25,17,26,18,,,,,,,,,,,,,,,,,,,2024-02-10
Jharkhand,Deoghar,42,,36,38,78,145,125,109,92,49,60,125,163,151,154,171,101,50,262,30,17,31,30,,,,,,,,,,,,,,,,,,,2024-02-10
Jharkhand,Ramgarh,35,,33,35,60,151,124,112,74,46,NR,NR,132,123,153,190,108,45,279,25,23,28,20,,,,,,,,,,,,,,,,,,,2024-02-10
Jharkhand,Pakur,48,,36,39,82,NR,116,111,111,48,59,NR,130,114,116,141,99,53,413,28,13,23,18,,,,,,,,,,,,,,,,,,,2024-02-10
Jharkhand,Jamtara,36,,28,35,81,151,130,119,86,46,60,142,126,100,121,122,91,45,348,28,15,25,19,,,,,,,,,,,,,,,,,,,2024-02-10
Jharkhand,Latehar,40,,25,33,73,133,116,106,73,45,61,NR,121,149,114,123,90,40,226,28,21,25,22,,,,,,,,,,,,,,,,,,,2024-02-10
Jharkhand,Godda,42,,29,35,75,180,130,120,85,46,62,220,130,120,130,150,110,60,420,28,16,30,25,,,,,,,,,,,,,,,,,,,2024-02-10
Jharkhand,Koderma,38,,30,34,80,149,129,120,80,45,59,149,125,100,118,147,95,49,182,27,15,28,19,,,,,,,,,,,,,,,,,,,2024-02-10
Odisha,Bhubaneshwar,38,,35,41,79,150,130,119,80,45,52,NR,131,116,NR,116,88,55,227,25,20,25,37,,,,,,,,,,,,,,,,,,,2024-02-10
Odisha,Cuttack,42,,38,42,85,160,135,120,78,47,52,NR,146,105,NR,121,103,53,250,27,19,22,35,,,,,,,,,,,,,,,,,,,2024-02-10
Odisha,Sambalpur,NR,,NR,NR,NR,NR,NR,NR,NR,NR,NR,NR,NR,NR,NR,NR,NR,NR,NR,NR,NR,NR,NR,,,,,,,,,,,,,,,,,,,2024-02-10
Odisha,Rourkela,NR,,NR,NR,NR,NR,NR,NR,NR,NR,NR,NR,NR,NR,NR,NR,NR,NR,NR,NR,NR,NR,NR,,,,,,,,,,,,,,,,,,,2024-02-10
Odisha,Berhampur,NR,,NR,NR,NR,NR,NR,NR,NR,NR,NR,NR,NR,NR,NR,NR,NR,NR,NR,NR,NR,NR,NR,,,,,,,,,,,,,,,,,,,2024-02-10
Odisha,Jeypore,43,,39,36,78,150,118,115,80,45,52,NR,130,96,NR,116,95,50,210,27,20,25,30,,,,,,,,,,,,,,,,,,,2024-02-10
Odisha,Balasore,NR,,NR,NR,NR,NR,NR,NR,NR,NR,NR,NR,NR,NR,NR,NR,NR,NR,NR,NR,NR,NR,NR,,,,,,,,,,,,,,,,,,,2024-02-10
Odisha,Baripada,37,,30,36,80,163,125,115,80,45,52,170,135,104,142,115,86,60,227,26,15,25,30,,,,,,,,,,,,,,,,,,,2024-02-10
Odisha,Balangir,NR,,NR,NR,NR,NR,NR,NR,NR,NR,NR,NR,NR,NR,NR,NR,NR,NR,NR,NR,NR,NR,NR,,,,,,,,,,,,,,,,,,,2024-02-10
Odisha,Angul,35,,NR,39,69,139,131,101,77,44,54,NR,130,NR,NR,114,85,43,374,25,18,48,25,,,,,,,,,,,,,,,,,,,2024-02-10
Odisha,Boudhgarh,NR,,NR,NR,NR,NR,NR,NR,NR,NR,NR,NR,NR,NR,NR,NR,NR,NR,NR,NR,NR,NR,NR,,,,,,,,,,,,,,,,,,,2024-02-10
Odisha,Dhenkanal,35,,35,40,75,147,120,112,80,44,52,180,135,123,145,115,85,55,370,27,20,25,20,,,,,,,,,,,,,,,,,,,2024-02-10
Odisha,Jagatsinghpur,NR,,NR,NR,NR,NR,NR,NR,NR,NR,NR,NR,NR,NR,NR,NR,NR,NR,NR,NR,NR,NR,NR,,,,,,,,,,,,,,,,,,,2024-02-10
Odisha,Kandhamal,38,,38,42,82,142,135,115,82,52,58,NR,137,122,NR,117,90,52,NR,27,19,29,30,,,,,,,,,,,,,,,,,,,2024-02-10
Odisha,Keonjhar,39,,38,44,85,154,121,122,102,45,50,NR,133,104,NR,117,102,51,369,27,19,38,42,,,,,,,,,,,,,,,,,,,2024-02-10
Odisha,Malkangiri,50,,NR,34,78,156,121,113,77,43,52,NR,130,98,NR,109,90,55,333,25,20,30,30,,,,,,,,,,,,,,,,,,,2024-02-10
Odisha,Nabarangpur,NR,,NR,NR,NR,NR,NR,NR,NR,NR,NR,NR,NR,NR,NR,NR,NR,NR,NR,NR,NR,NR,NR,,,,,,,,,,,,,,,,,,,2024-02-10
Odisha,Nayagarh,38,,NR,39,80,160,120,120,90,44,52,NR,131,120,NR,112,86,55,NR,26,19,25,23,,,,,,,,,,,,,,,,,,,2024-02-10
Odisha,Nuapada,NR,,NR,NR,NR,NR,NR,NR,NR,NR,NR,NR,NR,NR,NR,NR,NR,NR,NR,NR,NR,NR,NR,,,,,,,,,,,,,,,,,,,2024-02-10
Odisha,Paralakhemundi Gajapati,NR,,NR,NR,NR,NR,NR,NR,NR,NR,NR,NR,NR,NR,NR,NR,NR,NR,NR,NR,NR,NR,NR,,,,,,,,,,,,,,,,,,,2024-02-10
Odisha,Puri,NR,,NR,NR,NR,NR,NR,NR,NR,NR,NR,NR,NR,NR,NR,NR,NR,NR,NR,NR,NR,NR,NR,,,,,,,,,,,,,,,,,,,2024-02-10
Odisha,Rayagada,38,,33,38,81,159,136,119,79,47,52,160,138,95,144,108,91,47,NR,27,26,28,33,,,,,,,,,,,,,,,,,,,2024-02-10
Odisha,Sonepur,NR,,NR,NR,NR,NR,NR,NR,NR,NR,NR,NR,NR,NR,NR,NR,NR,NR,NR,NR,NR,NR,NR,,,,,,,,,,,,,,,,,,,2024-02-10
Odisha,Bhadrak,NR,,NR,NR,NR,NR,NR,NR,NR,NR,NR,NR,NR,NR,NR,NR,NR,NR,NR,NR,NR,NR,NR,,,,,,,,,,,,,,,,,,,2024-02-10
Odisha,Jharsuguda,NR,,NR,NR,NR,NR,NR,NR,NR,NR,NR,NR,NR,NR,NR,NR,NR,NR,NR,NR,NR,NR,NR,,,,,,,,,,,,,,,,,,,2024-02-10
Odisha,Kendrapara,NR,,NR,NR,NR,NR,NR,NR,NR,NR,NR,NR,NR,NR,NR,NR,NR,NR,NR,NR,NR,NR,NR,,,,,,,,,,,,,,,,,,,2024-02-10
Odisha,Jajpur,NR,,NR,NR,NR,NR,NR,NR,NR,NR,NR,NR,NR,NR,NR,NR,NR,NR,NR,NR,NR,NR,NR,,,,,,,,,,,,,,,,,,,2024-02-10
Odisha,Kalahandi,NR,,NR,NR,NR,NR,NR,NR,NR,NR,NR,NR,NR,NR,NR,NR,NR,NR,NR,NR,NR,NR,NR,,,,,,,,,,,,,,,,,,,2024-02-10
West Bengal,Kolkata,NR,,NR,NR,NR,NR,NR,NR,NR,NR,NR,NR,NR,NR,NR,NR,NR,NR,NR,NR,NR,NR,NR,,,,,,,,,,,,,,,,,,,2024-02-10
West Bengal,Siliguri,39,,27,33,84,153,114,111,99,45,50,188,129,112,111,130,105,52,198,13,12,24,24,,,,,,,,,,,,,,,,,,,2024-02-10
West Bengal,Purulia,35,,NR,30,91,155,125,111,85,43,51,124,131,97,117,125,85,45,291,25,12,25,28,,,,,,,,,,,,,,,,,,,2024-02-10
West Bengal,Kharagpur,50,,32,35,79,147,124,115,104,NR,NR,225,132,98,112,122,94,NR,NR,NR,15,26,24,,,,,,,,,,,,,,,,,,,2024-02-10
West Bengal,Rampurhat,45,,27,38,79,151,121,123,108,46,56,178,122,107,111,120,91,55,280,22,18,30,25,,,,,,,,,,,,,,,,,,,2024-02-10
West Bengal,Malda,NR,,NR,NR,NR,NR,NR,NR,NR,NR,NR,NR,NR,NR,NR,NR,NR,NR,NR,NR,NR,NR,NR,,,,,,,,,,,,,,,,,,,2024-02-10
West Bengal,Raiganj,39,,28,33,73,165,127,111,108,44,44,180,129,98,121,127,99,56,248,10,18,43,54,,,,,,,,,,,,,,,,,,,2024-02-10
West Bengal,Alipurduar,38,,NR,44,75,175,110,115,110,47,68,NR,120,100,110,125,98,55,238,10,18,39,38,,,,,,,,,,,,,,,,,,,2024-02-10
West Bengal,Asansol,NR,,NR,NR,NR,NR,NR,NR,NR,NR,NR,NR,NR,NR,NR,NR,NR,NR,NR,NR,NR,NR,NR,,,,,,,,,,,,,,,,,,,2024-02-10
West Bengal,Balurghat,46,,31,40,78,150,124,112,98,46,46,NR,124,116,107,116,86,43,348,10,17,24,24,,,,,,,,,,,,,,,,,,,2024-02-10
West Bengal,Bankura,37,,NR,34,82,157,131,149,116,46,58,235,128,117,110,123,92,49,280,26,15,31,30,,,,,,,,,,,,,,,,,,,2024-02-10
West Bengal,Barasat,43,,35,40,85,125,NR,135,112,46,60,200,133,114,113,108,110,56,235,30,27,60,43,,,,,,,,,,,,,,,,,,,2024-02-10
West Bengal,Bardhaman,NR,,NR,NR,NR,NR,NR,NR,NR,NR,NR,NR,NR,NR,NR,NR,NR,NR,NR,NR,NR,NR,NR,,,,,,,,,,,,,,,,,,,2024-02-10
West Bengal,Baruipur,57,,NR,35,83,105,115,130,113,39,55,NR,125,118,105,110,100,40,210,25,16,39,14,,,,,,,,,,,,,,,,,,,2024-02-10
West Bengal,Berhampore,48,,27,40,70,125,98,140,109,46,58,250,140,107,117,148,104,46,220,13,18,30,30,,,,,,,,,,,,,,,,,,,2024-02-10
West Bengal,Chinsurah,48,,NR,41,86,120,107,156,114,45,58,170,126,118,110,119,95,50,250,27,21,28,26,,,,,,,,,,,,,,,,,,,2024-02-10
West Bengal,Cooch behar,45,,NR,34,75,140,120,115,110,44,60,NR,132,107,105,137,97,50,290,26,20,39,32,,,,,,,,,,,,,,,,,,,2024-02-10
West Bengal,Howrah,NR,,NR,NR,NR,NR,NR,NR,NR,NR,NR,NR,NR,NR,NR,NR,NR,NR,NR,NR,NR,NR,NR,,,,,,,,,,,,,,,,,,,2024-02-10
West Bengal,Jalapiguri,37,,28,45,83,170,110,117,107,46,56,NR,123,125,115,120,100,50,300,25,15,30,20,,,,,,,,,,,,,,,,,,,2024-02-10
West Bengal,Jhargram,NR,,NR,NR,NR,NR,NR,NR,NR,NR,NR,NR,NR,NR,NR,NR,NR,NR,NR,NR,NR,NR,NR,,,,,,,,,,,,,,,,,,,2024-02-10
West Bengal,Kalimpong,NR,,NR,NR,NR,NR,NR,NR,NR,NR,NR,NR,NR,NR,NR,NR,NR,NR,NR,NR,NR,NR,NR,,,,,,,,,,,,,,,,,,,2024-02-10
West Bengal,Krishnagar,36,,NR,37,70,123,104,138,107,42,44,178,113,133,117,130,114,44,253,19,23,68,58,,,,,,,,,,,,,,,,,,,2024-02-10
West Bengal,Tamluk,NR,,NR,NR,NR,NR,NR,NR,NR,NR,NR,NR,NR,NR,NR,NR,NR,NR,NR,NR,NR,NR,NR,,,,,,,,,,,,,,,,,,,2024-02-10
NORTH EAST ZONE,NORTH EAST ZONE,,,,,,,,,,,,,,,,,,,,,,,,,,,,,,,,,,,,,,,,,,2024-02-10
Andaman and Nicobar,Port Blair,52,,NR,69,96,162,152,128,97,53,73,NR,176,202,NR,132,124,75,325,20,40,43,60,,,,,,,,,,,,,,,,,,,2024-02-10
Andaman and Nicobar,Mayabunder,43,,NR,67,85,160,140,128,95,52,71,203,179,185,NR,121,114,70,315,18,40,60,70,,,,,,,,,,,,,,,,,,,2024-02-10
Andaman and Nicobar,Car Nicobar,52,,NR,67,101,190,159,142,108,60,75,262,185,160,NR,153,120,85,285,21,50,60,70,,,,,,,,,,,,,,,,,,,2024-02-10
Arunachal pradesh,Itanagar,50,,NR,43,90,160,130,120,100,50,73,NR,120,110,120,180,NR,NR,NR,15,25,40,60,,,,,,,,,,,,,,,,,,,2024-02-10
Arunachal pradesh,Namsai,29,,NR,35,85,120,120,110,95,NR,NR,NR,195,220,160,225,NR,NR,NR,NR,NR,NR,NR,,,,,,,,,,,,,,,,,,,2024-02-10
Arunachal pradesh,Pasighat,40,,NR,37,100,148,120,123,103,50,74,153,148,137,137,190,NR,78,327,20,30,50,40,,,,,,,,,,,,,,,,,,,2024-02-10
Arunachal pradesh,Tawang,38,,42,40,90,130,130,120,110,NR,NR,NR,NR,NR,NR,NR,NR,NR,NR,NR,NR,NR,NR,,,,,,,,,,,,,,,,,,,2024-02-10
Assam,Guwahati,NR,,NR,NR,NR,NR,NR,NR,NR,NR,NR,NR,NR,NR,NR,NR,NR,NR,NR,NR,NR,NR,NR,,,,,,,,,,,,,,,,,,,2024-02-10
Assam,Barpeta,NR,,NR,NR,NR,NR,NR,NR,NR,NR,NR,NR,NR,NR,NR,NR,NR,NR,NR,NR,NR,NR,NR,,,,,,,,,,,,,,,,,,,2024-02-10
Assam,Tinsukia,36,,NR,33,80,135,115,115,85,46,74,NR,140,140,125,135,NR,55,180,12,15,25,NR,,,,,,,,,,,,,,,,,,,2024-02-10
Assam,Dhubri,35,,35,35,80,165,130,110,80,46,75,250,135,110,105,115,98,50,275,12,20,30,32,,,,,,,,,,,,,,,,,,,2024-02-10
Assam,Goalpara,NR,,NR,NR,NR,NR,NR,NR,NR,NR,NR,NR,NR,NR,NR,NR,NR,NR,NR,NR,NR,NR,NR,,,,,,,,,,,,,,,,,,,2024-02-10
Assam,Golaghat,NR,,NR,NR,NR,NR,NR,NR,NR,NR,NR,NR,NR,NR,NR,NR,NR,NR,NR,NR,NR,NR,NR,,,,,,,,,,,,,,,,,,,2024-02-10
Assam,Mangaldai,NR,,NR,NR,NR,NR,NR,NR,NR,NR,NR,NR,NR,NR,NR,NR,NR,NR,NR,NR,NR,NR,NR,,,,,,,,,,,,,,,,,,,2024-02-10
Assam,Mushalpur,41,,34,34,80,115,NR,110,87,45,70,NR,141,142,167,158,102,46,210,10,15,31,34,,,,,,,,,,,,,,,,,,,2024-02-10
Assam,Udalguri,41,,27,37,85,146,121,112,82,45,70,NR,147,130,118,153,102,50,258,20,16,55,30,,,,,,,,,,,,,,,,,,,2024-02-10
Assam,Bajali,60,,30,37,80,160,127,120,87,45,70,NR,167,NR,163,180,NR,60,400,10,17,33,30,,,,,,,,,,,,,,,,,,,2024-02-10
Assam,Hojai,47,,NR,36,80,145,85,115,85,49,73,NR,125,100,118,127,102,60,230,10,20,39,40,,,,,,,,,,,,,,,,,,,2024-02-10
Assam,Jorhat,49,,30,41,87,147,93,122,111,48,72,243,157,150,117,159,112,63,210,12,16,30,47,,,,,,,,,,,,,,,,,,,2024-02-10
Assam,Bongaigaon,38,,NR,31,70,115,95,109,105,45,72,NR,140,152,149,174,109,50,348,10,15,35,25,,,,,,,,,,,,,,,,,,,2024-02-10
Assam,Morigaon,NR,,NR,NR,NR,NR,NR,NR,NR,NR,NR,NR,NR,NR,NR,NR,NR,NR,NR,NR,NR,NR,NR,,,,,,,,,,,,,,,,,,,2024-02-10
Assam,Sonari,36,,34,33,75,156,NR,112,100,51,72,NR,158,99,137,NR,NR,68,213,12,16,55,30,,,,,,,,,,,,,,,,,,,2024-02-10
Assam,Tamulpur,48,,35,35,84,137,117,118,89,47,68,NR,143,114,129,NR,100,51,290,10,15,31,29,,,,,,,,,,,,,,,,,,,2024-02-10
Assam,Sivasagar,NR,,NR,NR,NR,NR,NR,NR,NR,NR,NR,NR,NR,NR,NR,NR,NR,NR,NR,NR,NR,NR,NR,,,,,,,,,,,,,,,,,,,2024-02-10
Assam,Biswanath Chariali,NR,,NR,NR,NR,NR,NR,NR,NR,NR,NR,NR,NR,NR,NR,NR,NR,NR,NR,NR,NR,NR,NR,,,,,,,,,,,,,,,,,,,2024-02-10
Assam,Dibrugarh,43,,NR,41,85,157,122,119,94,47,74,NR,138,133,121,131,NR,55,273,23,16,26,22,,,,,,,,,,,,,,,,,,,2024-02-10
Assam,Karimganj,40,,NR,36,82,150,130,113,80,46,72,NR,137,NR,106,129,85,55,236,14,18,27,30,,,,,,,,,,,,,,,,,,,2024-02-10
Assam,Majuli,50,,NR,38,92,158,88,120,100,49,70,NR,130,NR,132,NR,NR,60,260,15,23,38,NR,,,,,,,,,,,,,,,,,,,2024-02-10
Assam,Sonitpur Tezpur,40,,NR,35,68,122,107,104,99,45,69,226,160,172,142,171,NR,46,297,10,20,49,50,,,,,,,,,,,,,,,,,,,2024-02-10
Assam,Haflong,46,,NR,36,78,130,NR,120,90,55,72,NR,150,NR,130,140,NR,80,250,30,20,40,40,,,,,,,,,,,,,,,,,,,2024-02-10
Assam,AS-Lakhimpur,38,,NR,36,77,141,98,108,91,45,70,NR,142,125,123,126,NR,57,NR,15,17,39,23,,,,,,,,,,,,,,,,,,,2024-02-10
Assam,Diphu,42,,NR,35,90,157,142,120,98,50,74,NR,142,NR,133,163,110,76,237,15,20,39,27,,,,,,,,,,,,,,,,,,,2024-02-10
Assam,Nalbari,51,,NR,46,132,153,147,110,90,48,79,130,158,145,152,157,112,45,350,10,32,65,33,,,,,,,,,,,,,,,,,,,2024-02-10
Assam,South Salmara Mankachar,NR,,NR,NR,NR,NR,NR,NR,NR,NR,NR,NR,NR,NR,NR,NR,NR,NR,NR,NR,NR,NR,NR,,,,,,,,,,,,,,,,,,,2024-02-10
Assam,Kamrup,39,,NR,35,88,175,121,117,87,45,74,NR,142,NR,126,142,102,58,265,18,18,34,32,,,,,,,,,,,,,,,,,,,2024-02-10
Manipur,Imphal,NR,,NR,NR,NR,NR,NR,NR,NR,NR,NR,NR,NR,NR,NR,NR,NR,NR,NR,NR,NR,NR,NR,,,,,,,,,,,,,,,,,,,2024-02-10
Manipur,Chandel,NR,,NR,NR,NR,NR,NR,NR,NR,NR,NR,NR,NR,NR,NR,NR,NR,NR,NR,NR,NR,NR,NR,,,,,,,,,,,,,,,,,,,2024-02-10
Manipur,Jiribam,NR,,NR,NR,NR,NR,NR,NR,NR,NR,NR,NR,NR,NR,NR,NR,NR,NR,NR,NR,NR,NR,NR,,,,,,,,,,,,,,,,,,,2024-02-10
Manipur,Kangpokpi,NR,,NR,NR,NR,NR,NR,NR,NR,NR,NR,NR,NR,NR,NR,NR,NR,NR,NR,NR,NR,NR,NR,,,,,,,,,,,,,,,,,,,2024-02-10
Manipur,Senapati,NR,,NR,NR,NR,NR,NR,NR,NR,NR,NR,NR,NR,NR,NR,NR,NR,NR,NR,NR,NR,NR,NR,,,,,,,,,,,,,,,,,,,2024-02-10
Manipur,Tamenglong,NR,,NR,NR,NR,NR,NR,NR,NR,NR,NR,NR,NR,NR,NR,NR,NR,NR,NR,NR,NR,NR,NR,,,,,,,,,,,,,,,,,,,2024-02-10
Manipur,Thoubal,NR,,NR,NR,NR,NR,NR,NR,NR,NR,NR,NR,NR,NR,NR,NR,NR,NR,NR,NR,NR,NR,NR,,,,,,,,,,,,,,,,,,,2024-02-10
Manipur,Ukhrul,NR,,NR,NR,NR,NR,NR,NR,NR,NR,NR,NR,NR,NR,NR,NR,NR,NR,NR,NR,NR,NR,NR,,,,,,,,,,,,,,,,,,,2024-02-10
Meghalaya,Shillong,45,,37,36,90,160,123,113,100,48,74,NR,125,130,112,NR,NR,70,300,30,22,47,37,,,,,,,,,,,,,,,,,,,2024-02-10
Meghalaya,Tura,NR,,NR,NR,NR,NR,NR,NR,NR,NR,NR,NR,NR,NR,NR,NR,NR,NR,NR,NR,NR,NR,NR,,,,,,,,,,,,,,,,,,,2024-02-10
Meghalaya,Jowai,36,,39,36,90,120,110,120,90,48,74,NR,120,NR,120,240,NR,80,360,30,20,40,40,,,,,,,,,,,,,,,,,,,2024-02-10
Meghalaya,Sohra,38,,38,38,NR,150,150,110,90,49,74,NR,120,NR,120,NR,NR,100,327,30,27,47,43,,,,,,,,,,,,,,,,,,,2024-02-10
Meghalaya,Mairang,40,,40,40,NR,NR,NR,118,90,50,72,NR,120,NR,120,NR,NR,NR,340,12,20,42,40,,,,,,,,,,,,,,,,,,,2024-02-10
Meghalaya,Nongpoh,36,,NR,36,87,170,130,120,90,50,75,137,130,132,141,172,176,73,350,15,20,38,30,,,,,,,,,,,,,,,,,,,2024-02-10
Meghalaya,Khliehriat,45,,40,38,90,155,130,120,85,50,73,NR,160,137,140,NR,NR,80,320,30,20,35,25,,,,,,,,,,,,,,,,,,,2024-02-10
Meghalaya,Williamnagar,NR,,NR,NR,NR,NR,NR,NR,NR,NR,NR,NR,NR,NR,NR,NR,NR,NR,NR,NR,NR,NR,NR,,,,,,,,,,,,,,,,,,,2024-02-10
Meghalaya,Nongstoin,NR,,NR,NR,NR,NR,NR,NR,NR,NR,NR,NR,NR,NR,NR,NR,NR,NR,NR,NR,NR,NR,NR,,,,,,,,,,,,,,,,,,,2024-02-10
Meghalaya,Mawkyrwat,NR,,NR,NR,NR,NR,NR,NR,NR,NR,NR,NR,NR,NR,NR,NR,NR,NR,NR,NR,NR,NR,NR,,,,,,,,,,,,,,,,,,,2024-02-10
Mizoram,Aizawl,NR,,NR,NR,NR,NR,NR,NR,NR,NR,NR,NR,NR,NR,NR,NR,NR,NR,NR,NR,NR,NR,NR,,,,,,,,,,,,,,,,,,,2024-02-10
Mizoram,Lunglei,50,,40,45,98,NR,NR,120,105,50,75,NR,190,220,150,NR,NR,100,520,25,40,60,70,,,,,,,,,,,,,,,,,,,2024-02-10
Mizoram,Kolasib,NR,,NR,NR,NR,NR,NR,NR,NR,NR,NR,NR,NR,NR,NR,NR,NR,NR,NR,NR,NR,NR,NR,,,,,,,,,,,,,,,,,,,2024-02-10
Mizoram,Mamit,NR,,NR,NR,NR,NR,NR,NR,NR,NR,NR,NR,NR,NR,NR,NR,NR,NR,NR,NR,NR,NR,NR,,,,,,,,,,,,,,,,,,,2024-02-10
Mizoram,Champhai,50,,35,60,NR,NR,NR,NR,100,50,80,NR,180,NR,130,NR,NR,167,520,30,60,70,53,,,,,,,,,,,,,,,,,,,2024-02-10
Mizoram,Serchhip,NR,,NR,NR,NR,NR,NR,NR,NR,NR,NR,NR,NR,NR,NR,NR,NR,NR,NR,NR,NR,NR,NR,,,,,,,,,,,,,,,,,,,2024-02-10
Mizoram,Siaha,NR,,NR,NR,NR,NR,NR,NR,NR,NR,NR,NR,NR,NR,NR,NR,NR,NR,NR,NR,NR,NR,NR,,,,,,,,,,,,,,,,,,,2024-02-10
Mizoram,Lawngtlai,NR,,NR,NR,NR,NR,NR,NR,NR,NR,NR,NR,NR,NR,NR,NR,NR,NR,NR,NR,NR,NR,NR,,,,,,,,,,,,,,,,,,,2024-02-10
Mizoram,Hnahthial,NR,,NR,NR,NR,NR,NR,NR,NR,NR,NR,NR,NR,NR,NR,NR,NR,NR,NR,NR,NR,NR,NR,,,,,,,,,,,,,,,,,,,2024-02-10
Mizoram,Khawzawl,NR,,NR,NR,NR,NR,NR,NR,NR,NR,NR,NR,NR,NR,NR,NR,NR,NR,NR,NR,NR,NR,NR,,,,,,,,,,,,,,,,,,,2024-02-10
Mizoram,Saitual,NR,,NR,NR,NR,NR,NR,NR,NR,NR,NR,NR,NR,NR,NR,NR,NR,NR,NR,NR,NR,NR,NR,,,,,,,,,,,,,,,,,,,2024-02-10
Nagaland,Kohima,45,,40,55,95,180,130,130,90,50,75,NR,120,150,120,190,NR,NR,320,20,25,50,40,,,,,,,,,,,,,,,,,,,2024-02-10
Nagaland,Dimapur,45,,40,35,70,120,105,120,83,46,80,200,150,200,170,210,165,80,210,15,NR,NR,NR,,,,,,,,,,,,,,,,,,,2024-02-10
Nagaland,Tuensang,37,,38,55,100,NR,NR,120,100,50,NR,NR,160,NR,165,NR,NR,NR,275,20,30,80,50,,,,,,,,,,,,,,,,,,,2024-02-10
Nagaland,Mokochung,50,,NR,60,115,150,135,150,100,50,74,NR,120,130,120,200,NR,90,380,15,25,60,40,,,,,,,,,,,,,,,,,,,2024-02-10
Nagaland,Chumukedima,40,,NR,35,80,150,120,110,100,40,80,NR,120,160,130,200,NR,85,320,15,20,50,40,,,,,,,,,,,,,,,,,,,2024-02-10
Nagaland,Mon,38,,NR,55,80,NR,NR,120,100,50,70,NR,130,NR,130,NR,NR,60,350,20,25,50,50,,,,,,,,,,,,,,,,,,,2024-02-10
Nagaland,Peren,38,,40,40,120,NR,140,120,100,50,72,NR,160,NR,168,NR,NR,80,345,15,25,70,50,,,,,,,,,,,,,,,,,,,2024-02-10
Nagaland,Phek,40,,50,50,100,140,140,140,100,50,72,NR,160,NR,170,NR,NR,NR,350,20,30,60,60,,,,,,,,,,,,,,,,,,,2024-02-10
Nagaland,Tseminyu,50,,NR,50,NR,NR,NR,120,100,50,70,NR,120,NR,120,NR,NR,NR,360,15,30,50,45,,,,,,,,,,,,,,,,,,,2024-02-10
Nagaland,Wokha,NR,,NR,NR,NR,NR,NR,NR,NR,NR,NR,NR,NR,NR,NR,NR,NR,NR,NR,NR,NR,NR,NR,,,,,,,,,,,,,,,,,,,2024-02-10
Nagaland,Zunheboto,50,,NR,50,NR,120,NR,140,100,45,75,NR,150,NR,140,NR,NR,60,400,18,30,80,80,,,,,,,,,,,,,,,,,,,2024-02-10
Nagaland,Kiphire,38,,NR,42,90,105,NR,90,95,50,80,NR,130,NR,145,NR,NR,70,335,18,30,65,55,,,,,,,,,,,,,,,,,,,2024-02-10
Nagaland,Longleng,38,,40,50,NR,150,NR,120,100,70,75,NR,160,NR,180,NR,NR,80,350,20,25,40,60,,,,,,,,,,,,,,,,,,,2024-02-10
Nagaland,Niuland,36,,NR,40,NR,150,100,120,95,50,70,NR,120,NR,120,NR,NR,NR,350,15,20,40,35,,,,,,,,,,,,,,,,,,,2024-02-10
Nagaland,Shamator,40,,43,60,100,120,NR,110,100,50,65,NR,130,NR,140,NR,110,100,175,20,30,65,70,,,,,,,,,,,,,,,,,,,2024-02-10
Nagaland,Noklak,39,,50,60,90,100,NR,NR,105,50,NR,NR,130,NR,130,NR,NR,NR,NR,20,30,70,60,,,,,,,,,,,,,,,,,,,2024-02-10
Sikkim,Gangtok,65,,40,40,85,135,128,127,95,48,62,NR,159,115,121,143,NR,60,547,17,30,35,30,,,,,,,,,,,,,,,,,,,2024-02-10
Sikkim,Gyalshing,45,,35,45,90,170,140,120,100,50,65,NR,160,120,140,180,NR,60,440,20,30,35,35,,,,,,,,,,,,,,,,,,,2024-02-10
Sikkim,Namchi,54,,32,45,80,120,130,108,100,45,65,NR,183,114,167,190,NR,50,420,21,35,70,50,,,,,,,,,,,,,,,,,,,2024-02-10
Sikkim,Soreng,NR,,NR,NR,NR,NR,NR,NR,NR,NR,NR,NR,NR,NR,NR,NR,NR,NR,NR,NR,NR,NR,NR,,,,,,,,,,,,,,,,,,,2024-02-10
Sikkim,Mangan,NR,,NR,NR,NR,NR,NR,NR,NR,NR,NR,NR,NR,NR,NR,NR,NR,NR,NR,NR,NR,NR,NR,,,,,,,,,,,,,,,,,,,2024-02-10
Tripura,Agartala,38,,NR,39,81,123,132,107,97,48,70,NR,137,145,118,159,98,70,200,12,20,30,40,,,,,,,,,,,,,,,,,,,2024-02-10
Tripura,Dharmanagar,35,,NR,40,90,153,135,120,110,50,71,NR,122,130,118,158,103,75,253,10,20,30,30,,,,,,,,,,,,,,,,,,,2024-02-10
Tripura,Belonia,42,,NR,40,NR,NR,NR,105,107,45,68,NR,139,NR,113,131,105,75,265,10,20,30,40,,,,,,,,,,,,,,,,,,,2024-02-10
Tripura,TR-Udaipur,40,,NR,36,85,145,118,113,100,50,72,NR,122,108,109,130,93,57,168,10,20,27,55,,,,,,,,,,,,,,,,,,,2024-02-10
SOUTH ZONE,SOUTH ZONE,,,,,,,,,,,,,,,,,,,,,,,,,,,,,,,,,,,,,,,,,,2024-02-10
Andhra Pradesh,Vijaywada,55,,49,55,88,161,145,127,96,44,68,171,179,122,NR,114,89,63,300,21,38,26,38,,,,,,,,,,,,,,,,,,,2024-02-10
Andhra Pradesh,Visakhapatnam,53,,40,40,85,155,139,119,88,44,54,168,150,94,NR,115,90,55,280,24,23,25,30,,,,,,,,,,,,,,,,,,,2024-02-10
Andhra Pradesh,Kurnool,68,,47,41,88,155,139,129,113,42,63,159,163,111,110,114,88,63,463,25,33,28,20,,,,,,,,,,,,,,,,,,,2024-02-10
Andhra Pradesh,Tirupathi,66,,45,47,84,173,137,123,103,44,49,173,173,110,139,112,88,60,503,23,29,28,21,,,,,,,,,,,,,,,,,,,2024-02-10
Andhra Pradesh,Jammalamadugu,60,,46,60,80,160,146,130,124,40,66,170,191,110,180,115,90,54,198,20,35,33,20,,,,,,,,,,,,,,,,,,,2024-02-10
Andhra Pradesh,Dharmavaram,NR,,NR,NR,NR,NR,NR,NR,NR,NR,NR,NR,NR,NR,NR,NR,NR,NR,NR,NR,NR,NR,NR,,,,,,,,,,,,,,,,,,,2024-02-10
Andhra Pradesh,Ongole,NR,,NR,NR,NR,NR,NR,NR,NR,NR,NR,NR,NR,NR,NR,NR,NR,NR,NR,NR,NR,NR,NR,,,,,,,,,,,,,,,,,,,2024-02-10
Karnataka,Bengaluru,62,,44,39,84,155,140,121,88,45,47,200,149,92,113,111,89,60,413,16,18,22,19,,,,,,,,,,,,,,,,,,,2024-02-10
Karnataka,Dharwad,61,,44,63,87,166,150,129,116,42,48,193,161,136,116,108,88,52,393,28,28,24,33,,,,,,,,,,,,,,,,,,,2024-02-10
Karnataka,Mangalore,49,,41,39,77,145,132,115,90,38,44,166,157,142,135,108,97,60,371,14,38,65,26,,,,,,,,,,,,,,,,,,,2024-02-10
Karnataka,Mysore,61,,46,63,128,173,137,126,99,43,43,206,167,149,147,114,105,58,295,22,38,38,27,,,,,,,,,,,,,,,,,,,2024-02-10
Karnataka,Bengaluru (East Range),62,,45,40,79,164,129,128,84,50,46,157,177,91,128,116,91,60,264,15,32,29,36,,,,,,,,,,,,,,,,,,,2024-02-10
Karnataka,Belagavi,58,,43,40,82,141,128,108,84,48,53,173,164,102,110,116,92,48,265,19,28,24,30,,,,,,,,,,,,,,,,,,,2024-02-10
Karnataka,Kalaburagi,64,,44,47,74,167,127,132,97,40,58,178,155,111,144,115,85,44,241,18,26,28,24,,,,,,,,,,,,,,,,,,,2024-02-10
Karnataka,Tumakuru,63,,44,44,86,157,141,120,96,42,49,194,159,120,121,114,89,58,297,22,33,28,31,,,,,,,,,,,,,,,,,,,2024-02-10
Karnataka,Bellary,60,,41,41,77,151,126,120,118,41,48,186,155,96,131,108,93,62,228,24,28,19,21,,,,,,,,,,,,,,,,,,,2024-02-10
Karnataka,Dhavanagere,63,,44,64,83,156,136,119,110,42,49,168,153,116,121,115,93,56,270,28,30,24,21,,,,,,,,,,,,,,,,,,,2024-02-10
Karnataka,Shivamogga,59,,45,40,90,157,145,128,102,44,48,202,152,102,132,113,89,47,243,25,29,28,20,,,,,,,,,,,,,,,,,,,2024-02-10
Karnataka,Vijayapur,62,,43,47,107,180,161,132,121,43,55,213,165,136,126,118,94,54,285,21,30,29,28,,,,,,,,,,,,,,,,,,,2024-02-10
Karnataka,Ramanagara,65,,45,49,96,162,142,136,120,45,48,176,189,105,152,118,100,51,188,18,32,30,23,,,,,,,,,,,,,,,,,,,2024-02-10
Karnataka,Raichur,63,,45,48,123,168,136,122,91,44,56,183,147,125,128,118,91,59,157,15,33,31,29,,,,,,,,,,,,,,,,,,,2024-02-10
Karnataka,Chamarajanagar,64,,43,51,90,169,140,126,91,43,44,200,165,117,NR,114,93,59,296,22,31,39,24,,,,,,,,,,,,,,,,,,,2024-02-10
Karnataka,Kolar,47,,44,46,122,145,125,125,125,39,47,158,138,151,130,120,100,51,330,11,25,42,31,,,,,,,,,,,,,,,,,,,2024-02-10
Karnataka,Haveri,60,,40,42,135,180,135,135,85,41,64,151,162,140,143,146,96,45,247,13,70,80,23,,,,,,,,,,,,,,,,,,,2024-02-10
Karnataka,Bagalkot,54,,45,45,72,160,136,120,109,38,57,191,203,112,148,143,99,44,420,26,29,44,25,,,,,,,,,,,,,,,,,,,2024-02-10
Karnataka,Bidar,NR,,NR,NR,NR,NR,NR,NR,NR,NR,NR,NR,NR,NR,NR,NR,NR,NR,NR,NR,NR,NR,NR,,,,,,,,,,,,,,,,,,,2024-02-10
Karnataka,Koppal,52,,39,42,83,131,130,115,130,43,43,148,173,126,165,140,106,44,256,12,37,22,20,,,,,,,,,,,,,,,,,,,2024-02-10
Karnataka,Mandya,54,,44,44,94,156,146,126,93,42,47,196,198,109,170,113,91,49,354,18,30,25,22,,,,,,,,,,,,,,,,,,,2024-02-10
Karnataka,Yadgir,55,,45,36,75,160,140,120,100,41,60,182,170,112,148,117,100,53,420,26,40,43,28,,,,,,,,,,,,,,,,,,,2024-02-10
Karnataka,Chikkamagalur,60,,44,41,97,175,155,127,110,46,49,166,167,108,109,112,90,59,185,19,25,20,27,,,,,,,,,,,,,,,,,,,2024-02-10
Karnataka,Bangalore Rural,60,,38,55,91,142,140,131,110,40,44,180,140,107,155,127,83,50,245,15,25,22,21,,,,,,,,,,,,,,,,,,,2024-02-10
Karnataka,Chikkaballapur,54,,45,38,80,137,120,112,87,40,42,162,130,90,120,105,90,46,413,14,32,38,33,,,,,,,,,,,,,,,,,,,2024-02-10
Karnataka,Chitradurga,64,,46,56,82,150,163,152,157,39,47,155,180,142,147,158,108,45,312,31,25,48,38,,,,,,,,,,,,,,,,,,,2024-02-10
Karnataka,Gadag,68,,45,48,84,165,130,125,115,42,70,172,168,126,140,124,92,45,322,10,30,32,24,,,,,,,,,,,,,,,,,,,2024-02-10
Karnataka,Hassan,45,,44,56,70,150,115,96,88,38,52,160,182,107,150,145,94,49,230,15,26,46,31,,,,,,,,,,,,,,,,,,,2024-02-10
Karnataka,Kodagu,57,,41,47,108,193,143,129,125,42,48,177,183,158,164,115,101,41,215,16,31,28,25,,,,,,,,,,,,,,,,,,,2024-02-10
Karnataka,Udupi,52,,54,56,128,145,156,130,129,49,48,174,176,121,152,158,119,51,289,28,35,40,29,,,,,,,,,,,,,,,,,,,2024-02-10
Karnataka,Uttara Kannada,NR,,NR,NR,NR,NR,NR,NR,NR,NR,NR,NR,NR,NR,NR,NR,NR,NR,NR,NR,NR,NR,NR,,,,,,,,,,,,,,,,,,,2024-02-10
Karnataka,Vijayanagara,64,,43,43,84,149,129,122,111,44,48,176,155,127,116,111,89,45,245,16,33,29,22,,,,,,,,,,,,,,,,,,,2024-02-10
Kerala,T.Puram,NR,,NR,NR,NR,NR,NR,NR,NR,NR,NR,NR,NR,NR,NR,NR,NR,NR,NR,NR,NR,NR,NR,,,,,,,,,,,,,,,,,,,2024-02-10
Kerala,Ernakulam,NR,,NR,NR,NR,NR,NR,NR,NR,NR,NR,NR,NR,NR,NR,NR,NR,NR,NR,NR,NR,NR,NR,,,,,,,,,,,,,,,,,,,2024-02-10
Kerala,Kozhikode,NR,,NR,NR,NR,NR,NR,NR,NR,NR,NR,NR,NR,NR,NR,NR,NR,NR,NR,NR,NR,NR,NR,,,,,,,,,,,,,,,,,,,2024-02-10
Kerala,Thrissur,NR,,NR,NR,NR,NR,NR,NR,NR,NR,NR,NR,NR,NR,NR,NR,NR,NR,NR,NR,NR,NR,NR,,,,,,,,,,,,,,,,,,,2024-02-10
Kerala,Palakkad,NR,,NR,NR,NR,NR,NR,NR,NR,NR,NR,NR,NR,NR,NR,NR,NR,NR,NR,NR,NR,NR,NR,,,,,,,,,,,,,,,,,,,2024-02-10
Kerala,Wayanad,NR,,NR,NR,NR,NR,NR,NR,NR,NR,NR,NR,NR,NR,NR,NR,NR,NR,NR,NR,NR,NR,NR,,,,,,,,,,,,,,,,,,,2024-02-10
Kerala,Kasargod,NR,,NR,NR,NR,NR,NR,NR,NR,NR,NR,NR,NR,NR,NR,NR,NR,NR,NR,NR,NR,NR,NR,,,,,,,,,,,,,,,,,,,2024-02-10
Kerala,Kottayam,NR,,NR,NR,NR,NR,NR,NR,NR,NR,NR,NR,NR,NR,NR,NR,NR,NR,NR,NR,NR,NR,NR,,,,,,,,,,,,,,,,,,,2024-02-10
Kerala,Pathanamthitta,NR,,NR,NR,NR,NR,NR,NR,NR,NR,NR,NR,NR,NR,NR,NR,NR,NR,NR,NR,NR,NR,NR,,,,,,,,,,,,,,,,,,,2024-02-10
Kerala,Alapuzha,NR,,NR,NR,NR,NR,NR,NR,NR,NR,NR,NR,NR,NR,NR,NR,NR,NR,NR,NR,NR,NR,NR,,,,,,,,,,,,,,,,,,,2024-02-10
Kerala,Kollam,NR,,NR,NR,NR,NR,NR,NR,NR,NR,NR,NR,NR,NR,NR,NR,NR,NR,NR,NR,NR,NR,NR,,,,,,,,,,,,,,,,,,,2024-02-10
Kerala,Idukki,NR,,NR,NR,NR,NR,NR,NR,NR,NR,NR,NR,NR,NR,NR,NR,NR,NR,NR,NR,NR,NR,NR,,,,,,,,,,,,,,,,,,,2024-02-10
Kerala,Kannur,NR,,NR,NR,NR,NR,NR,NR,NR,NR,NR,NR,NR,NR,NR,NR,NR,NR,NR,NR,NR,NR,NR,,,,,,,,,,,,,,,,,,,2024-02-10
Kerala,Malapuram,NR,,NR,NR,NR,NR,NR,NR,NR,NR,NR,NR,NR,NR,NR,NR,NR,NR,NR,NR,NR,NR,NR,,,,,,,,,,,,,,,,,,,2024-02-10
Puducherry,Puducherry,59,,41,36,83,161,113,115,88,42,48,191,176,132,NR,106,90,53,425,23,33,31,31,,,,,,,,,,,,,,,,,,,2024-02-10
Tamil Nadu,Chennai,65,,47,42,86,168,145,123,93,43,40,168,152,108,NR,113,84,64,278,27,30,30,37,,,,,,,,,,,,,,,,,,,2024-02-10
Tamil Nadu,Madurai,58,,41,62,82,152,141,124,88,42,45,209,192,152,NR,116,86,48,263,NR,41,35,29,,,,,,,,,,,,,,,,,,,2024-02-10
Tamil Nadu,Dindigul,62,,43,39,84,163,142,119,90,43,57,197,190,113,NR,115,94,51,272,20,37,28,27,,,,,,,,,,,,,,,,,,,2024-02-10
Tamil Nadu,Thiruchirapalli,64,,45,65,88,165,145,128,110,44,43,203,170,120,NR,116,89,60,NR,26,32,31,33,,,,,,,,,,,,,,,,,,,2024-02-10
Tamil Nadu,Coimbatore,46,,43,44,80,160,141,121,80,43,40,198,142,129,NR,113,85,57,255,26,31,25,29,,,,,,,,,,,,,,,,,,,2024-02-10
Tamil Nadu,Tirunelveli,NR,,NR,NR,NR,NR,NR,NR,NR,NR,NR,NR,NR,NR,NR,NR,NR,NR,NR,NR,NR,NR,NR,,,,,,,,,,,,,,,,,,,2024-02-10
Tamil Nadu,Cuddalore,64,,49,51,87,182,146,125,104,42,48,211,203,161,NR,106,89,54,313,24,39,32,30,,,,,,,,,,,,,,,,,,,2024-02-10
Tamil Nadu,Dharmapuri,64,,44,40,81,155,135,115,85,42,43,222,NR,115,NR,124,96,50,270,25,30,27,18,,,,,,,,,,,,,,,,,,,2024-02-10
Tamil Nadu,Vellore,NR,,NR,NR,NR,NR,NR,NR,NR,NR,NR,NR,NR,NR,NR,NR,NR,NR,NR,NR,NR,NR,NR,,,,,,,,,,,,,,,,,,,2024-02-10
Tamil Nadu,Ramanathapuram,66,,42,61,75,151,145,116,97,43,44,214,235,123,NR,125,98,55,273,27,41,31,41,,,,,,,,,,,,,,,,,,,2024-02-10
Tamil Nadu,Erode,64,,50,45,92,152,142,120,88,44,46,200,188,122,NR,112,94,58,300,26,40,25,30,,,,,,,,,,,,,,,,,,,2024-02-10
Tamil Nadu,Karur,NR,,NR,NR,NR,NR,NR,NR,NR,NR,NR,NR,NR,NR,NR,NR,NR,NR,NR,NR,NR,NR,NR,,,,,,,,,,,,,,,,,,,2024-02-10
Tamil Nadu,Perambalur,62,,NR,60,86,154,140,116,84,43,43,221,159,120,NR,114,89,53,NR,26,32,26,30,,,,,,,,,,,,,,,,,,,2024-02-10
Tamil Nadu,Pudukkottai,65,,45,64,84,160,148,127,NR,44,45,216,198,143,NR,113,94,54,NR,27,40,30,40,,,,,,,,,,,,,,,,,,,2024-02-10
Tamil Nadu,Sivagangai,69,,47,62,86,160,149,126,97,43,44,218,213,142,NR,114,97,55,277,26,43,37,33,,,,,,,,,,,,,,,,,,,2024-02-10
Tamil Nadu,Thanjavur,56,,44,40,88,168,148,130,85,43,44,205,170,130,NR,113,88,54,260,21,35,26,27,,,,,,,,,,,,,,,,,,,2024-02-10
Tamil Nadu,The nilgiris,NR,,NR,NR,NR,NR,NR,NR,NR,NR,NR,NR,NR,NR,NR,NR,NR,NR,NR,NR,NR,NR,NR,,,,,,,,,,,,,,,,,,,2024-02-10
Tamil Nadu,Thoothukudi,59,,45,57,82,157,148,123,87,46,54,232,190,125,NR,114,91,55,306,11,30,33,28,,,,,,,,,,,,,,,,,,,2024-02-10
Tamil Nadu,Viluppuram,64,,51,39,88,170,129,129,98,42,50,172,157,115,NR,110,92,57,NR,26,35,30,30,,,,,,,,,,,,,,,,,,,2024-02-10
Tamil Nadu,Virudhunagar,59,,42,63,81,155,138,121,81,45,45,189,152,127,NR,118,89,52,293,28,39,28,36,,,,,,,,,,,,,,,,,,,2024-02-10
Tamil Nadu,Kanniyakumari,57,,39,53,86,150,137,114,125,42,41,201,180,120,NR,111,90,51,258,25,32,27,33,,,,,,,,,,,,,,,,,,,2024-02-10
Tamil Nadu,Namakkal,NR,,NR,NR,NR,NR,NR,NR,NR,NR,NR,NR,NR,NR,NR,NR,NR,NR,NR,NR,NR,NR,NR,,,,,,,,,,,,,,,,,,,2024-02-10
Tamil Nadu,Tiruvannamalai,66,,49,60,84,163,141,112,89,44,65,187,173,114,NR,113,87,58,295,27,38,26,28,,,,,,,,,,,,,,,,,,,2024-02-10
Tamil Nadu,Tiruvarur,NR,,NR,NR,NR,NR,NR,NR,NR,NR,NR,NR,NR,NR,NR,NR,NR,NR,NR,NR,NR,NR,NR,,,,,,,,,,,,,,,,,,,2024-02-10
Tamil Nadu,Tiruppur,63,,46,44,95,172,146,126,86,42,44,211,168,114,NR,114,88,59,NR,28,30,29,40,,,,,,,,,,,,,,,,,,,2024-02-10
Tamil Nadu,Tenkasi,64,,46,59,82,157,154,119,NR,43,66,227,195,122,NR,115,89,56,275,22,31,33,39,,,,,,,,,,,,,,,,,,,2024-02-10
Tamil Nadu,Nagapattinam,55,,44,61,89,175,130,121,107,43,50,215,213,121,NR,110,91,55,NR,20,28,24,28,,,,,,,,,,,,,,,,,,,2024-02-10
Tamil Nadu,Krishnagiri,NR,,NR,NR,NR,NR,NR,NR,NR,NR,NR,NR,NR,NR,NR,NR,NR,NR,NR,NR,NR,NR,NR,,,,,,,,,,,,,,,,,,,2024-02-10
Tamil Nadu,Ariyalur,60,,NR,63,82,155,147,125,NR,44,44,210,NR,120,NR,117,89,59,NR,26,37,30,25,,,,,,,,,,,,,,,,,,,2024-02-10
Tamil Nadu,Kallakurichi,66,,46,61,93,163,135,128,103,42,47,191,160,115,NR,112,92,59,NR,26,35,30,35,,,,,,,,,,,,,,,,,,,2024-02-10
Tamil Nadu,Kancheepuram,66,,48,64,84,173,144,123,94,43,40,195,158,122,NR,115,89,69,NR,26,40,30,30,,,,,,,,,,,,,,,,,,,2024-02-10
Tamil Nadu,Salem,NR,,NR,NR,NR,NR,NR,NR,NR,NR,NR,NR,NR,NR,NR,NR,NR,NR,NR,NR,NR,NR,NR,,,,,,,,,,,,,,,,,,,2024-02-10
Tamil Nadu,Theni,60,,43,46,79,157,140,117,91,42,45,213,170,114,NR,116,90,51,277,13,29,26,29,,,,,,,,,,,,,,,,,,,2024-02-10
Tamil Nadu,Chengalpattu,58,,45,60,85,175,155,135,95,44,40,203,185,122,NR,118,89,60,560,28,42,29,43,,,,,,,,,,,,,,,,,,,2024-02-10
Tamil Nadu,Mayiladuthurai,59,,50,63,87,177,147,127,NR,44,44,233,165,173,NR,114,87,57,340,27,30,30,40,,,,,,,,,,,,,,,,,,,2024-02-10
Tamil Nadu,Ranipet,NR,,NR,NR,NR,NR,NR,NR,NR,NR,NR,NR,NR,NR,NR,NR,NR,NR,NR,NR,NR,NR,NR,,,,,,,,,,,,,,,,,,,2024-02-10
Tamil Nadu,Tirupattur,62,,40,44,86,171,143,128,97,44,67,184,218,147,NR,115,86,55,270,21,30,30,25,,,,,,,,,,,,,,,,,,,2024-02-10
Tamil Nadu,Tiruvallur,63,,44,60,88,178,137,133,95,43,40,207,173,123,NR,112,87,62,540,28,30,22,35,,,,,,,,,,,,,,,,,,,2024-02-10
Telangana,Hyderabad,58,,39,38,81,140,119,109,91,39,52,148,149,93,104,104,92,51,266,18,29,30,26,,,,,,,,,,,,,,,,,,,2024-02-10
Telangana,Karimnagar,49,,45,59,78,144,137,116,89,41,68,156,141,98,NR,115,86,62,308,25,25,23,30,,,,,,,,,,,,,,,,,,,2024-02-10
Telangana,Warangal,52,,37,38,79,132,110,109,90,41,60,165,165,148,174,103,92,54,274,15,30,43,35,,,,,,,,,,,,,,,,,,,2024-02-10
Telangana,Adilabad,60,,44,52,80,160,130,120,85,41,80,170,160,100,150,110,95,50,300,28,30,30,40,,,,,,,,,,,,,,,,,,,2024-02-10
Telangana,Suryapet,48,,47,45,71,161,121,119,92,37,60,163,154,128,NR,112,90,52,280,22,25,29,20,,,,,,,,,,,,,,,,,,,2024-02-10
Telangana,Jadcherla,40,,30,50,75,165,125,110,95,39,57,170,178,126,NR,116,108,55,292,14,15,28,32,,,,,,,,,,,,,,,,,,,2024-02-10
Telangana,Khammam,55,,50,45,75,175,110,113,90,45,70,165,160,125,170,115,100,50,310,30,30,35,30,,,,,,,,,,,,,,,,,,,2024-02-10
Telangana,Medchal,59,,44,44,85,167,138,123,90,45,61,169,198,120,125,120,100,50,260,18,30,24,30,,,,,,,,,,,,,,,,,,,2024-02-10
Telangana,Nizamabad,46,,44,39,83,152,126,123,98,43,75,180,191,109,NR,129,115,65,344,13,28,30,15,,,,,,,,,,,,,,,,,,,2024-02-10
Telangana,Sangareddy,60,,40,44,76,146,120,111,86,40,70,150,150,128,170,115,90,65,360,24,30,20,29,,,,,,,,,,,,,,,,,,,2024-02-10
Commodity Name,Commodity Name,Rice,Rice,Wheat,Atta (Wheat),Gram Dal,Tur/Arhar Dal,Urad Dal,Moong Dal,Masoor Dal,Sugar,Milk @,Groundnut Oil (Packed),Mustard Oil (Packed),Vanaspati (Packed),Soya Oil (Packed),Sunflower Oil (Packed),Palm Oil (Packed),Gur,Tea Loose,Salt Pack (Iodised),Potato,Onion,Tomato,Bajra(whole),Jowar(whole),Maida(wheat),Ragi(whole),Suji(whole),Besan,Desi Ghee,Butter(Pasteurised),Eggs,Brinjal,Black Pepper(whole),Coriander(whole),Cummin Seed(whole),Red Chillies(whole),Turmeric(powder),Banana,GInger,Garlic,2024-02-10
Average Price1,Average Price1,44.1,,31.02,36.47,82.06,149.68,123.27,116.35,93.35,44.48,58.74,190.04,135.51,124.15,120.96,123.51,98.54,52.19,278.73,22.56,21.2,32.32,32.84,,,,,,,,,,,,,,,,,,,2024-02-10
Maximum Price1,Maximum Price1,70,,54,69,135,194,170,156,157,70,80,262,235,220,180,240,176,167,560,31,70,80,80,,,,,,,,,,,,,,,,,,,2024-02-10
Minimum Price1,Minimum Price1,27,,21,28,60,87,85,90,70,37,37,120,103,90,93,93,83,37,157,9,7,14,10,,,,,,,,,,,,,,,,,,,2024-02-10
Modal Price1,Modal Price1,40,,28,35,80,150,120,120,95,44,60,200,130,120,120,115,90,50,300,28,20,30,30,,,,,,,,,,,,,,,,,,,2024-02-10
,,,,,,,,,,,,,,,,,,,,,,,,,,,,,,,,,,,,,,,,,,,2024-02-10
"Department of Consumer Affairs ( Price Monitoring Division)Date 10/02/2024 Daily Retail Prices Of Essential Commodities  StateCentreRiceBroken RiceWheatAtta (Wheat)Gram DalTur/Arhar DalUrad DalMoong DalMasoor DalSugarMilk @Groundnut Oil (Packed)Mustard Oil (Packed)Vanaspati (Packed)Soya Oil (Packed)Sunflower Oil (Packed)Palm Oil (Packed)GurTea LooseSalt Pack (Iodised)PotatoOnionTomatoBajra (whole)Jowar (whole)Maida (wheat)Ragi (whole)Suji (whole)BesanDesi GheeButter (Pasteurised)Eggs BrinjalBlack Pepper (whole)Coriander (whole)Cummin Seed (whole)Red Chillies (whole)Turmeric (powder)BananaGingerGarlic  UnitQty1 Kg1 Kg1 Kg1 Kg1 Kg1 Kg1 Kg1 Kg1 Kg1 Kg1 ltr1 Kg1 Kg1 Kg1 Kg1 Kg1 Kg1 Kg1 Kg1 Kg1 Kg1 Kg1 Kg1 Kg1 Kg1 Kg1 Kg1 Kg1 Kg1 Kg100 gmDozen1 Kg100 gm250 gm100 gm100 gm50 gm1 Kg100 gm100 gm  Average PriceAverage Price44.1 31.0236.4782.06149.68123.27116.3593.3544.4858.74190.04135.51124.15120.96123.5198.5452.19278.7322.5621.232.3232.84 Maximum PriceMaximum Price70 5469135194170156157708026223522018024017616756031708080 Minimum PriceMinimum Price27 2128608785907037371201039093938337157971410 Modal PriceModal Price40 283580150120120954460200130120120115905030028203030 NORTH ZONENORTH ZONE  ChandigarhChandigarh42 3236801351151139445591901501281301451055127627123745 DelhiDelhi40 293180157143118874454211143119126133985724826153340 HaryanaHisar35 2729711441051047443571911211051151241014124024122528 Karnal63 32398612612112312546661801381351431751324327930184829 PanchkulaNR NRNRNRNRNRNRNRNRNRNRNRNRNRNRNRNRNRNRNRNRNR Gurgaon40 25356510095908842561851651301371631004419020153530 Himachal PradeshShimla42 NR3785167143122965060214164129121NRNR5521828163450 Mandi40 NR32801671351228346472201591231151411145027028143246 Dharamshala28 NR3080153127125934540NR159137138NRNR4722028253540 Solan40 NR3281157128113834550214161129117135NR4922028122857 Una39 NR3179141121116864362NR141119117NRNR4622428153042 Bilaspur-hp44 NR3180162132114874758NR161128131NRNR4331827122853 Chamba36 NR3581156130120895055NR163129120NRNR4423528213549 Hamirpur-HP38 NR3175149121112884565NR166132NRNRNR4725928192547 Kullu39 NR3180160131109844640NR157120110141NR4223027203060 Sirmour37 21346211097919645502281651351431551214132725293742 Kinnaur40 NR3584148131110805045NR136127134132NR4222927284051 Lahaul & SpitiNR NRNRNRNRNRNRNRNRNRNRNRNRNRNRNRNRNRNRNRNRNR Jammu and KashmirSrinagar40 42591051201201401105047235140143140180NR5032028304047 Jammu42 3036801681331201004750NR1481301371421034929028173245 Poonch44 2738771181191101004864NR1801531671701564630620194041 Kupwara36 2633901101101201006048NR1481451431481425030724233843 UdhampurNR NRNRNRNRNRNRNRNRNRNRNRNRNRNRNRNRNRNRNRNRNR Shopian40 46471171251221271175048NR155140140132NR4833028254050 Samba60 273275150130120904655NR125120115135955030028152550 Ramban52 NR3383150113112975060NR153140120NRNR5232025203560 RajouriNR NRNRNRNRNRNRNRNRNRNRNRNRNRNRNRNRNRNRNRNRNR KishtwarNR NRNRNRNRNRNRNRNRNRNRNRNRNRNRNRNRNRNRNRNRNR DodaNR NRNRNRNRNRNRNRNRNRNRNRNRNRNRNRNRNRNRNRNRNR BaramullaNR NRNRNRNRNRNRNRNRNRNRNRNRNRNRNRNRNRNRNRNRNR ReasiNR NRNRNRNRNRNRNRNRNRNRNRNRNRNRNRNRNRNRNRNRNR KathuaNR NRNRNRNRNRNRNRNRNRNRNRNRNRNRNRNRNRNRNRNRNR PunjabAmritsar34 2836801551201151154354190120108107130NR5027226142040 Ludhiana37 243282160140115954360205137117122130NR5028027112555 Bathinda36 233082163133120984457220133115118132985429325153245 Barnala39 232880158115108854554208110110102120904131728193045 Hoshiarpur33 25299213811812011043622001201401251401106426320112455 Faridkot42 233282163127127924555233122122113137935231328223348 Mansa40 24289213011098974551NR132127127NRNR5127728203033 Sri Muktsar Sahib40 253080160120118934262203113110105107904425027162742 Dera Bassi37 2230841531221221124355NR128117120NRNR5324728112237 Sangrur40 263075159112105764460156122101103120944222029102048 Ropar37 2832871651431231034361202123115110135935726528152732 Amargarh40 253080172118120804560158115110110125954025028122040 Fatehgarh SahibNR NRNRNRNRNRNRNRNRNRNRNRNRNRNRNRNRNRNRNRNRNR Ferozepur40 263290180140120101446122111811812014797492812892035 Kapurthala35 25318212712312111146692081211321311371136828022153752 Uttar PradeshLucknow40 3035821481251208245662201311111141151104528027132830 Kanpur35 27328016013213012046601961441131261401175623426152530 Varanasi42 3136851551211198248672181381281261401165528128162733 Agra44 2930851331071018745671701151051081041013924028102428 Jhansi43 2432781551041118145521911211111021211124321026192420 Meerut36 29368112311211510746651591491481491721515324424132338 Allahabad36 3438781421141129645621701501421341721125225024223226 Gorakhpur39 244169144137114744459214125118115139894921927172729 Saharanpur33 27348316413012010343691661281231301521194925528132831 Bareilly37 2631901531331181184266195125113117123974731728103039 Ayodhya32 26317215095105894155193158122137175974621728403024 MoradabadNR NRNRNRNRNRNRNRNRNRNRNRNRNRNRNRNRNRNRNRNRNR Aligarh40 28348017014011011044602081221181111481374924227113728 Mirzapur (Vindhyanchal)31 243186162123114NR49NRNRNRNRNRNRNR57NR28152921 Banda36 3036751501121108044641981231151091641095218022113132 Azamgarh35 303183151113115954465221150128128123984528028122925 Gonda (Devipatan)37 29368018013011510045641851381551601901404934027264741 Amethi37 254073125911128944621891631341531901185025925224638 Barabanki39 30348015412011910045642031501351501751194922028152931 Bhadohi34 232965115851008942601901601451451851055023525112525 Chandauli30 243378143120119764360136120120110122935624726132012 Farrukhabad44 24317314211511088446617513211812316599452472692738 GhazipurNR NRNRNRNRNRNRNRNRNRNRNRNRNRNRNRNRNRNRNRNRNR Jaunpur42 273580144120120824462190140124118164905726028172527 UP-Pratapgarh39 263180145127120804468207135117117118935326627142328 Sambhal40 2432751301201009041601731301421421751283821729103022 Santkabir Nagar32 253276125115112964362183150145145175NR4425728144540 Shahjahanpur38 26339813513312713044672031691651681801424726326243340 Sitapur30 2832751081041049541591801651451531741163724127143529 Sultanpur34 284393148961059844552151691281661761164822829144943 Unnao44 273178153118113854558198133118123157994823026112020 Ambedkar Nagar45 2836821181151179547602001671401601681335819027184233 Amroha40 26308014010012010044501971401401471801004120025203025 Baghpat40 NR308015012011010042632131351211211211004520327112940 BijnorNR NRNRNRNRNRNRNRNRNRNRNRNRNRNRNRNRNRNRNRNRNR BudaunNR NRNRNRNRNRNRNRNRNRNRNRNRNRNRNRNRNRNRNRNRNR Etah40 2732701601001109545662001401451451601155028027102030 Fatehpur35 24427512015511510045682151671281371761205022528164528 Ghaziabad35 31338517313212310744652031231251131321034720627183233 Hardoi44 263371147133129904568220135127129161995323727102625 Jalaun34 2832851571071049042551851421541521731035023028122526 Kaushambi43 254173147132988745581701451201301681225022729203330 Kushinagar37 333981162122136874670188147133130NR984723727152826 Lakhimpur Kheri40 273274148971068845582001341201571561105521828102823 Pilibhit39 28328214313512713244662101451451401551154226528154829 Sharwasti35 273480145125120834450148142112122NR944420228102022 Siddharth Nagar41 293081158120137834562166142126132165905023027163222 Sonbhadra46 3035791711031089648602081401411461731184929725143326 Rampur53 263079127107110894253159129127112142934525416152526 Bahraich35 2633681551301109641451551481371441271204325028193325 BastiNR NRNRNRNRNRNRNRNRNRNRNRNRNRNRNRNRNRNRNRNRNR Etawah44 2935851661281019145651891331331301821104422330142820 Muzzafarnagar42 2831731081061051044474145125124120163104372252793125 Chitrakoot32 2531801351001058545501971351221221701084422028153030 Hamirpur-UP44 293475156141109904569189143143142191995027826152120 Deoria43 29317314210210410044582051321251231531394522427132432 Hapur35 27347815312511010342651901421231251251004322027142930 Bulandshahr40 243585140100100904470NR1201201201881004025026193332 Kanpur Dehat40 253090140133107904566180125135135150954521028103030 Hathras38 2729801301171009041651651151331101731404422025113028 Raebareli42 3033781521231128845672221271131121381024822327153730 Lalitpur36 23296613592929441531721321291261881343925825192522 Mohaba30 2630851621021018747581531301151271731125219528202030 Gautam Budh Nagar38 293284158117117874366235145116128139985526227152225 Auraiya37 26356312289908141691811631311321821355125927113036 Maharajganj33 2833781471201208044632031381151291721014621327162430 Balrampur34 2733731341281218844NR212132112118129925221329123131 Kannauj35 243275160951008542661781351301351821184424527203821 MathuraNR NRNRNRNRNRNRNRNRNRNRNRNRNRNRNRNRNRNRNRNRNR Firozabad38 35378211511811211840651901581171421821114530029133942 Kasganj50 263177139120118113436619213312311514590502452872938 MainpuriNR NRNRNRNRNRNRNRNRNRNRNRNRNRNRNRNRNRNRNRNRNR Shamli38 262970138128110904168202120115108128925028026122540 Ballia32 28328316711210910045562001581481471471505024327153221 Mau39 253286150118119854462205128115119118945227428123120 UttarakhandDehradun37 2537801631101151004657145125120123165NR4828730123728 HaldwaniNR NRNRNRNRNRNRNRNRNRNRNRNRNRNRNRNRNRNRNRNRNR Rudrapur36 2733901801201201104263179139139120125885121728112426 HaridwarNR NRNRNRNRNRNRNRNRNRNRNRNRNRNRNRNRNRNRNRNRNR WEST ZONEWEST ZONE  ChhattisgarhRaipur37 424385145128110954555198135133113133984424727273230 DurgNR NRNRNRNRNRNRNRNRNRNRNRNRNRNRNRNRNRNRNRNRNR AmbikapurNR NRNRNRNRNRNRNRNRNRNRNRNRNRNRNRNRNRNRNRNRNR Bilaspur-CG40 283080155901009040501851821531601741374520326276235 Jagdalpur39 36461111741061029843511961581011321361013935124212516 Dantewada49 39398914912911979447323214211399117945955928243328 DhamtariNR NRNRNRNRNRNRNRNRNRNRNRNRNRNRNRNRNRNRNRNRNR Rajnandgaon56 4442100175112110106NRNR254NR149104110101NRNRNR203822 Koriya38 33357514898113804276198131951241731104720027202520 DNH and DDSilvasa59 424387167138127934266180137143116122925748528192340 Daman40 434081130128115904466183137118123122938120026192540 Diu47 39578817214713210044612111621401631301157036028222940 GoaPanajiNR NRNRNRNRNRNRNRNRNRNRNRNRNRNRNRNRNRNRNRNRNR MargaoNR NRNRNRNRNRNRNRNRNRNRNRNRNRNRNRNRNRNRNRNRNR GujaratAhmedabadNR NRNRNRNRNRNRNRNRNRNRNRNRNRNRNRNRNRNRNRNRNR Rajkot42 3639781531121058743591831301371391191075530017212825 SuratNR NRNRNRNRNRNRNRNRNRNRNRNRNRNRNRNRNRNRNRNRNR Bhuj50 343880150125115904458180150150120121905526028202518 Selamba60 40449016014013010042681721351221131131074726715222748 Waghai42 40467914012013010543561921531431551351224925714283832 Bodeli40 3339831371171038843581941451281371321035229213224629 VapiNR NRNRNRNRNRNRNRNRNRNRNRNRNRNRNRNRNRNRNRNRNR BilimoraNR NRNRNRNRNRNRNRNRNRNRNRNRNRNRNRNRNRNRNRNRNR IdarNR NRNRNRNRNRNRNRNRNRNRNRNRNRNRNRNRNRNRNRNRNR JhalodNR NRNRNRNRNRNRNRNRNRNRNRNRNRNRNRNRNRNRNRNRNR SongashNR NRNRNRNRNRNRNRNRNRNRNRNRNRNRNRNRNRNRNRNRNR Madhya PradeshBhopal35 303476148122112834360175135116100128NR4827012141425 Indore42 2634881501181189444651841401301101259454250NR202030 Gwalior37 344382175119127904466214141121115125NR5423028122524 Jabalpur42 3235821411161188444642041351051081281054527515152520 Rewa42 23509110499116964653172157113142141NR4439319203330 Sagar42 26296914512010283425919213510199116894323222141523 Jhabua47 283485158121116944256191141132106145NR5431422223437 Hoshangabad46 2733861701121141004460185124105104120935039012203050 Shahdol33 32357017095105854275170130125115170NR4418025152030 Ujjain42 303582154122115934458190140125122122995227018234836 Morena36 28308518012011510043651821231251251771036024016123030 Anuppur35 3338801501101151004450203127120100128904820010203023 Bhind39 33367012393959043601631231201251651203823015102020 Dhar48 30448316011811310542571821361241061331704822823203249 Harda35 28337815213010890426018213111895108NR4819728203060 Katni35 2730801501201208045501901101101051251104518028143020 Khandwa32 263069158112113108435318415313999157NR4825220192941 Mandla50 3236781331221178241491951351051051231034326016182020 RajgarhNR NRNRNRNRNRNRNRNRNRNRNRNRNRNRNRNRNRNRNRNRNR Sidhi35 26349513395909545602501301201171531204925328153025 Chattarpur36 293285183951209143501941401311091151185222825154522 Neemuch40 243180163115110784253180135128108132NR403859151920 BurhanpurNR NRNRNRNRNRNRNRNRNRNRNRNRNRNRNRNRNRNRNRNRNR Narshinpur38 263875162118113854455195153110104143NR3928212172212 Raisen37 283080158120117904260190128102100NRNR4522028202333 Sheopur44 273375150130120854260170130120105150NR4528028152025 Agar malwa44 2735811661221121034051173140128107135NR4436016122137 Umaria43 323575140115115874760150115103108203NR4522018172727 Shajapur49 273876158135120984163181117124100122NR4635828223747 Dewas44 25348215310811190425617412111198109NR4422511202829 KhargoneNR NRNRNRNRNRNRNRNRNRNRNRNRNRNRNRNRNRNRNRNRNR Singrauli37 273389131113120904660220125100110140954830028152020 Chhindwara40 2833851501201158544502251541041211321154020010152540 Sehore38 253276155119109854350169121112104122NR4521211203137 MP-Ashoknagar40 2831671531231179041582601401381221431204021828202530 Balaghat40 343578148115115904252198143102981181005720010203337 Guna39 263078142100108804160190122100100125974020028122232 Ratlam35 2635821501421279842551871421301151331024230010182322 Satna31 2535751451001008042602001251181301281034520028173522 Vidisha37 273273150125117894065177127107103125NR4621710151825 Alirajpur40 30359016011510510743652101431411151301005029710253725 BetulNR NRNRNRNRNRNRNRNRNRNRNRNRNRNRNRNRNRNRNRNRNR Damoh34 283275150120100804252200140115112120NR4821010202024 Dindori40 354090140130135954570210130100110145NR5023028202030 NiwariNR NRNRNRNRNRNRNRNRNRNRNRNRNRNRNRNRNRNRNRNRNR Seoni45 32357012590110784054200127102113122NR3918711152618 Panna36 2533811461051009544502051171181071371174920310152020 TikamgarhNR NRNRNRNRNRNRNRNRNRNRNRNRNRNRNRNRNRNRNRNRNR MaharashtraMumbai42 45511161941701501064858191175147126137987632027343159 Nagpur47 435085155125125905165208150145115120926528327384258 Pune58 4654811711291308448691931521121101131064631527241935 Nashik41 43418715913112493425418017512199115925430026272742 Mangaon-Raigad46 444483151132119914355177124131102110955830523292648 Dharni38 353480153122119894241174126121105128NR4929913262148 Latur62 4442881811381351034065205146901031091004420328252527 Akluj43 394177152117110863954185128118116124985231724192726 Arni Yavatmal48 333472163122115974263187152123104118NR5730010302030 Chandrapur50 45478317113613210642NR19216716199144NR5822028202028 Karad Satara47 374782167148132944170188168132109113985028728302745 Ahemednagar59 44477914912912410040531641591191191241094422828212239 Khultabad59 313778154122116834149180NR131101119955430020302928 Islampur61 45487217312112010640691801761051181321054932330302234 Kankavli46 4143911621461321014355180172136105117925334420342746 Partur70 3540601601101101014055164198159105144954040910202030 Gondia55 42447414310711381405016613596103105965421822181722 Jalgaon53 39429215714212911043602101501241011081156236827232248 Akola39 333676162120115100436517214112099112905428526203053 RajasthanJaipurNR NRNRNRNRNRNRNRNRNRNRNRNRNRNRNRNRNRNRNRNRNR JodhpurNR NRNRNRNRNRNRNRNRNRNRNRNRNRNRNRNRNRNRNRNRNR Kota38 263379140113105804455177160102101167NR4924025192320 UdaipurNR NRNRNRNRNRNRNRNRNRNRNRNRNRNRNRNRNRNRNRNRNR Bharatpur45 283290155140120904458200110110110NRNR4829725242427 Ajmer38 3032651101051007540491941401111451411113832020125542 Bikaner39 3334731241231159244371781031079393NR4421111151927 BundiNR NRNRNRNRNRNRNRNRNRNRNRNRNRNRNRNRNRNRNRNRNR Rajsamand38 283277160117115884263172141122111125NR4929216192836 AlwarNR NRNRNRNRNRNRNRNRNRNRNRNRNRNRNRNRNRNRNRNRNR Banswara38 263469138103103924153175145110162165NR4636323213125 BaranNR NRNRNRNRNRNRNRNRNRNRNRNRNRNRNRNRNRNRNRNRNR BarmerNR NRNRNRNRNRNRNRNRNRNRNRNRNRNRNRNRNRNRNRNRNR BhilwaraNR NRNRNRNRNRNRNRNRNRNRNRNRNRNRNRNRNRNRNRNRNR ChhitorgarhNR NRNRNRNRNRNRNRNRNRNRNRNRNRNRNRNRNRNRNRNRNR Churu32 283070879890823946172168145148169NR3830515255050 Dholapur38 283580162115110854760233128116111NRNR5022727202924 Dungarpur36 2830641101181161184456216163NR145191NR5229828284033 HanumangarhNR NRNRNRNRNRNRNRNRNRNRNRNRNRNRNRNRNRNRNRNRNR JaisalmerNR NRNRNRNRNRNRNRNRNRNRNRNRNRNRNRNRNRNRNRNRNR JaloreNR NRNRNRNRNRNRNRNRNRNRNRNRNRNRNRNRNRNRNRNRNR JhalawarNR NRNRNRNRNRNRNRNRNRNRNRNRNRNRNRNRNRNRNRNRNR JhunjhunuNR NRNRNRNRNRNRNRNRNRNRNRNRNRNRNRNRNRNRNRNRNR KarauliNR NRNRNRNRNRNRNRNRNRNRNRNRNRNRNRNRNRNRNRNRNR NagaurNR NRNRNRNRNRNRNRNRNRNRNRNRNRNRNRNRNRNRNRNRNR PaliNR NRNRNRNRNRNRNRNRNRNRNRNRNRNRNRNRNRNRNRNRNR RJ-PratapgarhNR NRNRNRNRNRNRNRNRNRNRNRNRNRNRNRNRNRNRNRNRNR SikarNR NRNRNRNRNRNRNRNRNRNRNRNRNRNRNRNRNRNRNRNRNR Sirohi39 3536661221211081054051193166134155188NR4926422226057 Sri GanganagarNR NRNRNRNRNRNRNRNRNRNRNRNRNRNRNRNRNRNRNRNRNR TonkNR NRNRNRNRNRNRNRNRNRNRNRNRNRNRNRNRNRNRNRNRNR Sawai MadhopurNR NRNRNRNRNRNRNRNRNRNRNRNRNRNRNRNRNRNRNRNRNR EAST ZONEEAST ZONE  BiharPatna42 303382148126115844656NR1151101221251104328326192725 Bhagalpur37 303477149110112814556NR1261141341691234332028122625 Purnia36 303476144124109724551NR12499114NR914232413142326 Darbhanga36 283880132110110804452NR130130118NR904519513152430 Gaya33 264081168110107804560NR1491421421421344933624163021 Muzzafarpur39 283379151111112814557NR126129127164964328724142627 Saran42 2835821531291228144561201261251231421064826526204664 Munger39 283681166121120814555NR132126140190NR5024227133023 Saharsa40 2833751209895904555NR137123115NRNR5321723194532 Madhubani38 273276139122109774552154126127121150964929018183228 Rohtas (Sasaram)31 263176138123987745662201269999115934823725162418 Motihari39 3031701071031028744561321501401381401044227419184633 Samastipur42 263166117104100784555159138112144154985432022123433 Katihar37 303278165114112804454NR142140131149NR5030519132725 Araria43 293880145145101894456NR129119119179875036720152938 Nawada38 2535861601221148344602271531201141701115028027113528 KhagariaNR NRNRNRNRNRNRNRNRNRNRNRNRNRNRNRNRNRNRNRNRNR Banka35 283675140110100754156NR1321091211831054220514134030 Arwal36 263272140110120784353NR1371231411251104427725192720 Aurangabad36 2633771501181188044582371271581622281405219528122921 Begusarai34 253169119109100804353NR125121119NR964431912132918 Bhojpur Ara43 273080142129124764556231143162145197NR4936929222520 Buxar30 2932761311111118144601401281181161501164526028152520 GopalganjNR NRNRNRNRNRNRNRNRNRNRNRNRNRNRNRNRNRNRNRNRNR Jamui38 283372139117114754460NR129111131NR1223825329163225 Jehanabad35 303475149127119764555NR134119121162NR4324425162528 Kaimur38 283174154128114754558187133115140191924520024143419 Kishanganj35 28348415411011086NRNRNR11812011512585NRNRNRNRNRNR Lakhisarai37 283570144110115864658NR148128138NR1284425626175053 Medhepura39 283574144131111754656NR124101109114914433912163133 Nalanda34 303282150134112824362229142120116159NR4940028174538 Sheikhpura37 293670139110115834456NR145130136NRNR5524228122520 Sheohar37 253376164133120744555147128119125161895419827132324 Sitamarhi35 243370155128116854555NR126991191391044927027193439 SiwanNR NRNRNRNRNRNRNRNRNRNRNRNRNRNRNRNRNRNRNRNRNR Supaul38 283280165133125804451NR1251201351801005036513112524 Vaishali36 29327213811811374446015011398114160894520728142433 West Champaran42 2435781281121039242521661331631442031184729016183230 JharkhandRanchi44 36367514512210076455621512495123121905024027152520 Gumla40 293485125105987043552091371101101981044027010166025 Sahibganj40 313474170100120904658211145123NRNRNR5238020182510 Bokaro34 343680125959785NRNR170175130145170125NRNRNR204236 Lohardaga27 283672148118107734459NR1301281251471064420325142424 Simdega38 NR3575148120118794559NR13612512512311040NR27152340 Dhanbad40 3538771381281138245602121351151221251225030025123040 Jamshedpur (East Singbhum) 47 32341101271101049745582001471421651701104522025173535 Giridhi33 28308015010095754455NR125120120160904030019162225 Seraikella36 283579154125114764660169122141100134965121325213523 West Singhbhum42 4143731291261288847601501521261411401214927324252625 Daltonganj38 283384155122110844658NR128102118NR1025238825172618 Deoghar42 3638781451251099249601251631511541711015026230173130 Ramgarh35 3335601511241127446NRNR1321231531901084527925232820 Pakur48 363982NR1161111114859NR130114116141995341328132318 Jamtara36 283581151130119864660142126100121122914534828152519 Latehar40 253373133116106734561NR121149114123904022628212522 Godda42 2935751801301208546622201301201301501106042028163025 Koderma38 303480149129120804559149125100118147954918227152819 OdishaBhubaneshwar38 354179150130119804552NR131116NR116885522725202537 Cuttack42 384285160135120784752NR146105NR1211035325027192235 SambalpurNR NRNRNRNRNRNRNRNRNRNRNRNRNRNRNRNRNRNRNRNRNR RourkelaNR NRNRNRNRNRNRNRNRNRNRNRNRNRNRNRNRNRNRNRNRNR BerhampurNR NRNRNRNRNRNRNRNRNRNRNRNRNRNRNRNRNRNRNRNRNR Jeypore43 393678150118115804552NR13096NR116955021027202530 BalasoreNR NRNRNRNRNRNRNRNRNRNRNRNRNRNRNRNRNRNRNRNRNR Baripada37 303680163125115804552170135104142115866022726152530 BalangirNR NRNRNRNRNRNRNRNRNRNRNRNRNRNRNRNRNRNRNRNRNR Angul35 NR3969139131101774454NR130NRNR114854337425184825 BoudhgarhNR NRNRNRNRNRNRNRNRNRNRNRNRNRNRNRNRNRNRNRNRNR Dhenkanal35 354075147120112804452180135123145115855537027202520 JagatsinghpurNR NRNRNRNRNRNRNRNRNRNRNRNRNRNRNRNRNRNRNRNRNR Kandhamal38 384282142135115825258NR137122NR1179052NR27192930 Keonjhar39 3844851541211221024550NR133104NR1171025136927193842 Malkangiri50 NR3478156121113774352NR13098NR109905533325203030 NabarangpurNR NRNRNRNRNRNRNRNRNRNRNRNRNRNRNRNRNRNRNRNRNR Nayagarh38 NR3980160120120904452NR131120NR1128655NR26192523 NuapadaNR NRNRNRNRNRNRNRNRNRNRNRNRNRNRNRNRNRNRNRNRNR Paralakhemundi GajapatiNR NRNRNRNRNRNRNRNRNRNRNRNRNRNRNRNRNRNRNRNRNR PuriNR NRNRNRNRNRNRNRNRNRNRNRNRNRNRNRNRNRNRNRNRNR Rayagada38 333881159136119794752160138951441089147NR27262833 SonepurNR NRNRNRNRNRNRNRNRNRNRNRNRNRNRNRNRNRNRNRNRNR BhadrakNR NRNRNRNRNRNRNRNRNRNRNRNRNRNRNRNRNRNRNRNRNR JharsugudaNR NRNRNRNRNRNRNRNRNRNRNRNRNRNRNRNRNRNRNRNRNR KendraparaNR NRNRNRNRNRNRNRNRNRNRNRNRNRNRNRNRNRNRNRNRNR JajpurNR NRNRNRNRNRNRNRNRNRNRNRNRNRNRNRNRNRNRNRNRNR KalahandiNR NRNRNRNRNRNRNRNRNRNRNRNRNRNRNRNRNRNRNRNRNR West BengalKolkataNR NRNRNRNRNRNRNRNRNRNRNRNRNRNRNRNRNRNRNRNRNR Siliguri39 2733841531141119945501881291121111301055219813122424 Purulia35 NR309115512511185435112413197117125854529125122528 Kharagpur50 323579147124115104NRNR2251329811212294NRNRNR152624 Rampurhat45 2738791511211231084656178122107111120915528022183025 MaldaNR NRNRNRNRNRNRNRNRNRNRNRNRNRNRNRNRNRNRNRNRNR Raiganj39 283373165127111108444418012998121127995624810184354 Alipurduar38 NR44751751101151104768NR120100110125985523810183938 AsansolNR NRNRNRNRNRNRNRNRNRNRNRNRNRNRNRNRNRNRNRNRNR Balurghat46 314078150124112984646NR124116107116864334810172424 Bankura37 NR34821571311491164658235128117110123924928026153130 Barasat43 354085125NR13511246602001331141131081105623530276043 BardhamanNR NRNRNRNRNRNRNRNRNRNRNRNRNRNRNRNRNRNRNRNRNR Baruipur57 NR35831051151301133955NR1251181051101004021025163914 Berhampore48 2740701259814010946582501401071171481044622013183030 Chinsurah48 NR41861201071561144558170126118110119955025027212826 Cooch behar45 NR34751401201151104460NR132107105137975029026203932 HowrahNR NRNRNRNRNRNRNRNRNRNRNRNRNRNRNRNRNRNRNRNRNR Jalapiguri37 2845831701101171074656NR1231251151201005030025153020 JhargramNR NRNRNRNRNRNRNRNRNRNRNRNRNRNRNRNRNRNRNRNRNR KalimpongNR NRNRNRNRNRNRNRNRNRNRNRNRNRNRNRNRNRNRNRNRNR Krishnagar36 NR377012310413810742441781131331171301144425319236858 TamlukNR NRNRNRNRNRNRNRNRNRNRNRNRNRNRNRNRNRNRNRNRNR NORTH EAST ZONENORTH EAST ZONE  Andaman and NicobarPort Blair52 NR6996162152128975373NR176202NR1321247532520404360 Mayabunder43 NR6785160140128955271203179185NR1211147031518406070 Car Nicobar52 NR671011901591421086075262185160NR1531208528521506070 Arunachal pradeshItanagar50 NR43901601301201005073NR120110120180NRNRNR15254060 Namsai29 NR358512012011095NRNRNR195220160225NRNRNRNRNRNRNR Pasighat40 NR371001481201231035074153148137137190NR7832720305040 Tawang38 424090130130120110NRNRNRNRNRNRNRNRNRNRNRNRNRNR AssamGuwahatiNR NRNRNRNRNRNRNRNRNRNRNRNRNRNRNRNRNRNRNRNRNR BarpetaNR NRNRNRNRNRNRNRNRNRNRNRNRNRNRNRNRNRNRNRNRNR Tinsukia36 NR3380135115115854674NR140140125135NR55180121525NR Dhubri35 353580165130110804675250135110105115985027512203032 GoalparaNR NRNRNRNRNRNRNRNRNRNRNRNRNRNRNRNRNRNRNRNRNR GolaghatNR NRNRNRNRNRNRNRNRNRNRNRNRNRNRNRNRNRNRNRNRNR MangaldaiNR NRNRNRNRNRNRNRNRNRNRNRNRNRNRNRNRNRNRNRNRNR Mushalpur41 343480115NR110874570NR1411421671581024621010153134 Udalguri41 273785146121112824570NR1471301181531025025820165530 Bajali60 303780160127120874570NR167NR163180NR6040010173330 Hojai47 NR368014585115854973NR1251001181271026023010203940 Jorhat49 3041871479312211148722431571501171591126321012163047 Bongaigaon38 NR3170115951091054572NR1401521491741095034810153525 MorigaonNR NRNRNRNRNRNRNRNRNRNRNRNRNRNRNRNRNRNRNRNRNR Sonari36 343375156NR1121005172NR15899137NRNR6821312165530 Tamulpur48 353584137117118894768NR143114129NR1005129010153129 SivasagarNR NRNRNRNRNRNRNRNRNRNRNRNRNRNRNRNRNRNRNRNRNR Biswanath CharialiNR NRNRNRNRNRNRNRNRNRNRNRNRNRNRNRNRNRNRNRNRNR Dibrugarh43 NR4185157122119944774NR138133121131NR5527323162622 Karimganj40 NR3682150130113804672NR137NR106129855523614182730 Majuli50 NR3892158881201004970NR130NR132NRNR60260152338NR Sonitpur Tezpur40 NR3568122107104994569226160172142171NR4629710204950 Haflong46 NR3678130NR120905572NR150NR130140NR8025030204040 AS-Lakhimpur38 NR367714198108914570NR142125123126NR57NR15173923 Diphu42 NR3590157142120985074NR142NR1331631107623715203927 Nalbari51 NR461321531471109048791301581451521571124535010326533 South Salmara MankacharNR NRNRNRNRNRNRNRNRNRNRNRNRNRNRNRNRNRNRNRNRNR Kamrup39 NR3588175121117874574NR142NR1261421025826518183432 ManipurImphalNR NRNRNRNRNRNRNRNRNRNRNRNRNRNRNRNRNRNRNRNRNR ChandelNR NRNRNRNRNRNRNRNRNRNRNRNRNRNRNRNRNRNRNRNRNR JiribamNR NRNRNRNRNRNRNRNRNRNRNRNRNRNRNRNRNRNRNRNRNR KangpokpiNR NRNRNRNRNRNRNRNRNRNRNRNRNRNRNRNRNRNRNRNRNR SenapatiNR NRNRNRNRNRNRNRNRNRNRNRNRNRNRNRNRNRNRNRNRNR TamenglongNR NRNRNRNRNRNRNRNRNRNRNRNRNRNRNRNRNRNRNRNRNR ThoubalNR NRNRNRNRNRNRNRNRNRNRNRNRNRNRNRNRNRNRNRNRNR UkhrulNR NRNRNRNRNRNRNRNRNRNRNRNRNRNRNRNRNRNRNRNRNR MeghalayaShillong45 3736901601231131004874NR125130112NRNR7030030224737 TuraNR NRNRNRNRNRNRNRNRNRNRNRNRNRNRNRNRNRNRNRNRNR Jowai36 393690120110120904874NR120NR120240NR8036030204040 Sohra38 3838NR150150110904974NR120NR120NRNR10032730274743 Mairang40 4040NRNRNR118905072NR120NR120NRNRNR34012204240 Nongpoh36 NR36871701301209050751371301321411721767335015203830 Khliehriat45 403890155130120855073NR160137140NRNR8032030203525 WilliamnagarNR NRNRNRNRNRNRNRNRNRNRNRNRNRNRNRNRNRNRNRNRNR NongstoinNR NRNRNRNRNRNRNRNRNRNRNRNRNRNRNRNRNRNRNRNRNR MawkyrwatNR NRNRNRNRNRNRNRNRNRNRNRNRNRNRNRNRNRNRNRNRNR MizoramAizawlNR NRNRNRNRNRNRNRNRNRNRNRNRNRNRNRNRNRNRNRNRNR Lunglei50 404598NRNR1201055075NR190220150NRNR10052025406070 KolasibNR NRNRNRNRNRNRNRNRNRNRNRNRNRNRNRNRNRNRNRNRNR MamitNR NRNRNRNRNRNRNRNRNRNRNRNRNRNRNRNRNRNRNRNRNR Champhai50 3560NRNRNRNR1005080NR180NR130NRNR16752030607053 SerchhipNR NRNRNRNRNRNRNRNRNRNRNRNRNRNRNRNRNRNRNRNRNR SiahaNR NRNRNRNRNRNRNRNRNRNRNRNRNRNRNRNRNRNRNRNRNR LawngtlaiNR NRNRNRNRNRNRNRNRNRNRNRNRNRNRNRNRNRNRNRNRNR HnahthialNR NRNRNRNRNRNRNRNRNRNRNRNRNRNRNRNRNRNRNRNRNR KhawzawlNR NRNRNRNRNRNRNRNRNRNRNRNRNRNRNRNRNRNRNRNRNR SaitualNR NRNRNRNRNRNRNRNRNRNRNRNRNRNRNRNRNRNRNRNRNR NagalandKohima45 405595180130130905075NR120150120190NRNR32020255040 Dimapur45 4035701201051208346802001502001702101658021015NRNRNR Tuensang37 3855100NRNR12010050NRNR160NR165NRNRNR27520308050 Mokochung50 NR601151501351501005074NR120130120200NR9038015256040 Chumukedima40 NR35801501201101004080NR120160130200NR8532015205040 Mon38 NR5580NRNR1201005070NR130NR130NRNR6035020255050 Peren38 4040120NR1401201005072NR160NR168NRNR8034515257050 Phek40 50501001401401401005072NR160NR170NRNRNR35020306060 Tseminyu50 NR50NRNRNR1201005070NR120NR120NRNRNR36015305045 WokhaNR NRNRNRNRNRNRNRNRNRNRNRNRNRNRNRNRNRNRNRNRNR Zunheboto50 NR50NR120NR1401004575NR150NR140NRNR6040018308080 Kiphire38 NR4290105NR90955080NR130NR145NRNR7033518306555 Longleng38 4050NR150NR1201007075NR160NR180NRNR8035020254060 Niuland36 NR40NR150100120955070NR120NR120NRNRNR35015204035 Shamator40 4360100120NR1101005065NR130NR140NR11010017520306570 Noklak39 506090100NRNR10550NRNR130NR130NRNRNRNR20307060 SikkimGangtok65 404085135128127954862NR159115121143NR6054717303530 Gyalshing45 3545901701401201005065NR160120140180NR6044020303535 Namchi54 3245801201301081004565NR183114167190NR5042021357050 SorengNR NRNRNRNRNRNRNRNRNRNRNRNRNRNRNRNRNRNRNRNRNR ManganNR NRNRNRNRNRNRNRNRNRNRNRNRNRNRNRNRNRNRNRNRNR TripuraAgartala38 NR3981123132107974870NR137145118159987020012203040 Dharmanagar35 NR40901531351201105071NR1221301181581037525310203030 Belonia42 NR40NRNRNR1051074568NR139NR1131311057526510203040 TR-Udaipur40 NR36851451181131005072NR122108109130935716810202755 SOUTH ZONESOUTH ZONE  Andhra PradeshVijaywada55 495588161145127964468171179122NR114896330021382638 Visakhapatnam53 40408515513911988445416815094NR115905528024232530 Kurnool68 4741881551391291134263159163111110114886346325332820 Tirupathi66 4547841731371231034449173173110139112886050323292821 Jammalamadugu60 4660801601461301244066170191110180115905419820353320 DharmavaramNR NRNRNRNRNRNRNRNRNRNRNRNRNRNRNRNRNRNRNRNRNR OngoleNR NRNRNRNRNRNRNRNRNRNRNRNRNRNRNRNRNRNRNRNRNR KarnatakaBengaluru62 44398415514012188454720014992113111896041316182219 Dharwad61 4463871661501291164248193161136116108885239328282433 Mangalore49 413977145132115903844166157142135108976037114386526 Mysore61 46631281731371269943432061671491471141055829522383827 Bengaluru (East Range)62 45407916412912884504615717791128116916026415322936 Belagavi58 434082141128108844853173164102110116924826519282430 Kalaburagi64 444774167127132974058178155111144115854424118262824 Tumakuru63 444486157141120964249194159120121114895829722332831 Bellary60 414177151126120118414818615596131108936222824281921 Dhavanagere63 4464831561361191104249168153116121115935627028302421 Shivamogga59 4540901571451281024448202152102132113894724325292820 Vijayapur62 43471071801611321214355213165136126118945428521302928 Ramanagara65 45499616214213612045481761891051521181005118818323023 Raichur63 4548123168136122914456183147125128118915915715333129 Chamarajanagar64 435190169140126914344200165117NR114935929622313924 Kolar47 444612214512512512539471581381511301201005133011254231 Haveri60 4042135180135135854164151162140143146964524713708023 Bagalkot54 4545721601361201093857191203112148143994442026294425 BidarNR NRNRNRNRNRNRNRNRNRNRNRNRNRNRNRNRNRNRNRNRNR Koppal52 39428313113011513043431481731261651401064425612372220 Mandya54 444494156146126934247196198109170113914935418302522 Yadgir55 45367516014012010041601821701121481171005342026404328 Chikkamagalur60 4441971751551271104649166167108109112905918519252027 Bangalore Rural60 3855911421401311104044180140107155127835024515252221 Chikkaballapur54 45388013712011287404216213090120105904641314323833 Chitradurga64 46568215016315215739471551801421471581084531231254838 Gadag68 4548841651301251154270172168126140124924532210303224 Hassan45 44567015011596883852160182107150145944923015264631 Kodagu57 414710819314312912542481771831581641151014121516312825 Udupi52 545612814515613012949481741761211521581195128928354029 Uttara KannadaNR NRNRNRNRNRNRNRNRNRNRNRNRNRNRNRNRNRNRNRNRNR Vijayanagara64 4343841491291221114448176155127116111894524516332922 KeralaT.PuramNR NRNRNRNRNRNRNRNRNRNRNRNRNRNRNRNRNRNRNRNRNR ErnakulamNR NRNRNRNRNRNRNRNRNRNRNRNRNRNRNRNRNRNRNRNRNR KozhikodeNR NRNRNRNRNRNRNRNRNRNRNRNRNRNRNRNRNRNRNRNRNR ThrissurNR NRNRNRNRNRNRNRNRNRNRNRNRNRNRNRNRNRNRNRNRNR PalakkadNR NRNRNRNRNRNRNRNRNRNRNRNRNRNRNRNRNRNRNRNRNR WayanadNR NRNRNRNRNRNRNRNRNRNRNRNRNRNRNRNRNRNRNRNRNR KasargodNR NRNRNRNRNRNRNRNRNRNRNRNRNRNRNRNRNRNRNRNRNR KottayamNR NRNRNRNRNRNRNRNRNRNRNRNRNRNRNRNRNRNRNRNRNR PathanamthittaNR NRNRNRNRNRNRNRNRNRNRNRNRNRNRNRNRNRNRNRNRNR AlapuzhaNR NRNRNRNRNRNRNRNRNRNRNRNRNRNRNRNRNRNRNRNRNR KollamNR NRNRNRNRNRNRNRNRNRNRNRNRNRNRNRNRNRNRNRNRNR IdukkiNR NRNRNRNRNRNRNRNRNRNRNRNRNRNRNRNRNRNRNRNRNR KannurNR NRNRNRNRNRNRNRNRNRNRNRNRNRNRNRNRNRNRNRNRNR MalapuramNR NRNRNRNRNRNRNRNRNRNRNRNRNRNRNRNRNRNRNRNRNR PuducherryPuducherry59 413683161113115884248191176132NR106905342523333131 Tamil NaduChennai65 474286168145123934340168152108NR113846427827303037 Madurai58 416282152141124884245209192152NR1168648263NR413529 Dindigul62 433984163142119904357197190113NR115945127220372827 Thiruchirapalli64 4565881651451281104443203170120NR1168960NR26323133 Coimbatore46 434480160141121804340198142129NR113855725526312529 TirunelveliNR NRNRNRNRNRNRNRNRNRNRNRNRNRNRNRNRNRNRNRNRNR Cuddalore64 4951871821461251044248211203161NR106895431324393230 Dharmapuri64 444081155135115854243222NR115NR124965027025302718 VelloreNR NRNRNRNRNRNRNRNRNRNRNRNRNRNRNRNRNRNRNRNRNR Ramanathapuram66 426175151145116974344214235123NR125985527327413141 Erode64 504592152142120884446200188122NR112945830026402530 KarurNR NRNRNRNRNRNRNRNRNRNRNRNRNRNRNRNRNRNRNRNRNR Perambalur62 NR6086154140116844343221159120NR1148953NR26322630 Pudukkottai65 456484160148127NR4445216198143NR1139454NR27403040 Sivagangai69 476286160149126974344218213142NR114975527726433733 Thanjavur56 444088168148130854344205170130NR113885426021352627 The nilgirisNR NRNRNRNRNRNRNRNRNRNRNRNRNRNRNRNRNRNRNRNRNR Thoothukudi59 455782157148123874654232190125NR114915530611303328 Viluppuram64 513988170129129984250172157115NR1109257NR26353030 Virudhunagar59 426381155138121814545189152127NR118895229328392836 Kanniyakumari57 3953861501371141254241201180120NR111905125825322733 NamakkalNR NRNRNRNRNRNRNRNRNRNRNRNRNRNRNRNRNRNRNRNRNR Tiruvannamalai66 496084163141112894465187173114NR113875829527382628 TiruvarurNR NRNRNRNRNRNRNRNRNRNRNRNRNRNRNRNRNRNRNRNRNR Tiruppur63 464495172146126864244211168114NR1148859NR28302940 Tenkasi64 465982157154119NR4366227195122NR115895627522313339 Nagapattinam55 4461891751301211074350215213121NR1109155NR20282428 KrishnagiriNR NRNRNRNRNRNRNRNRNRNRNRNRNRNRNRNRNRNRNRNRNR Ariyalur60 NR6382155147125NR4444210NR120NR1178959NR26373025 Kallakurichi66 4661931631351281034247191160115NR1129259NR26353035 Kancheepuram66 486484173144123944340195158122NR1158969NR26403030 SalemNR NRNRNRNRNRNRNRNRNRNRNRNRNRNRNRNRNRNRNRNRNR Theni60 434679157140117914245213170114NR116905127713292629 Chengalpattu58 456085175155135954440203185122NR118896056028422943 Mayiladuthurai59 506387177147127NR4444233165173NR114875734027303040 RanipetNR NRNRNRNRNRNRNRNRNRNRNRNRNRNRNRNRNRNRNRNRNR Tirupattur62 404486171143128974467184218147NR115865527021303025 Tiruvallur63 446088178137133954340207173123NR112876254028302235 TelanganaHyderabad58 39388114011910991395214814993104104925126618293026 Karimnagar49 45597814413711689416815614198NR115866230825252330 Warangal52 373879132110109904160165165148174103925427415304335 Adilabad60 445280160130120854180170160100150110955030028303040 Suryapet48 474571161121119923760163154128NR112905228022252920 Jadcherla40 305075165125110953957170178126NR1161085529214152832 Khammam55 5045751751101139045701651601251701151005031030303530 Medchal59 4444851671381239045611691981201251201005026018302430 Nizamabad46 443983152126123984375180191109NR1291156534413283015 Sangareddy60 404476146120111864070150150128170115906536024302029 Commodity NameCommodity NameRiceRiceWheatAtta (Wheat)Gram DalTur/Arhar DalUrad DalMoong DalMasoor DalSugarMilk @Groundnut Oil (Packed)Mustard Oil (Packed)Vanaspati (Packed)Soya Oil (Packed)Sunflower Oil (Packed)Palm Oil (Packed)GurTea LooseSalt Pack (Iodised)PotatoOnionTomatoBajra(whole)Jowar(whole)Maida(wheat)Ragi(whole)Suji(whole)BesanDesi GheeButter(Pasteurised)EggsBrinjalBlack Pepper(whole)Coriander(whole)Cummin Seed(whole)Red Chillies(whole)Turmeric(powder)BananaGIngerGarlic  Average Price1Average Price144.1 31.0236.4782.06149.68123.27116.3593.3544.4858.74190.04135.51124.15120.96123.5198.5452.19278.7322.5621.232.3232.84 Maximum Price1Maximum Price170 5469135194170156157708026223522018024017616756031708080 Minimum Price1Minimum Price127 2128608785907037371201039093938337157971410 Modal Price1Modal Price140 283580150120120954460200130120120115905030028203030 Source:- State civil supplies Dept.Note:- All India Consumption Weighted Average Prices of Oils w.e.f 23-Feb-2022 and Wheat and Atta w.e.f 25-Feb-2023 NR -> Not Reported Unit for Black Pepper (powder),Coriander (powder),Cummin Seed (powder),Red Chillies (powder),Turmeric (powder),Butter (Pasteurised) - Rs/100gm Unit for Eggs - Rs/Dozen Developed by:- National Informatics Centre(NIC)",,,,,,,,,,,,,,,,,,,,,,,,,,,,,,,,,,,,,,,,,,,2024-02-10
"Source:- State civil supplies Dept.Note:- All India Consumption Weighted Average Prices of Oils w.e.f 23-Feb-2022 and Wheat and Atta w.e.f 25-Feb-2023 NR -> Not Reported Unit for Black Pepper (powder),Coriander (powder),Cummin Seed (powder),Red Chillies (powder),Turmeric (powder),Butter (Pasteurised) - Rs/100gm Unit for Eggs - Rs/Dozen Developed by:- National Informatics Centre(NIC)",,,,,,,,,,,,,,,,,,,,,,,,,,,,,,,,,,,,,,,,,,,2024-02-10
Source:- State civil supplies Dept.,Note:- All India Consumption Weighted Average Prices of Oils w.e.f 23-Feb-2022 and Wheat and Atta w.e.f 25-Feb-2023,NR -> Not Reported,,,,,,,,,,,,,,,,,,,,,,,,,,,,,,,,,,,,,,,,,2024-02-10
"Unit for Black Pepper (powder),Coriander (powder),Cummin Seed (powder),Red Chillies (powder),Turmeric (powder),Butter (Pasteurised) - Rs/100gm","Unit for Black Pepper (powder),Coriander (powder),Cummin Seed (powder),Red Chillies (powder),Turmeric (powder),Butter (Pasteurised) - Rs/100gm",,,,,,,,,,,,,,,,,,,,,,,,,,,,,,,,,,,,,,,,,,2024-02-10
,Unit for Eggs - Rs/Dozen,,,,,,,,,,,,,,,,,,,,,,,,,,,,,,,,,,,,,,,,,,2024-02-10
Developed by:- National Informatics Centre(NIC),Developed by:- National Informatics Centre(NIC),,,,,,,,,,,,,,,,,,,,,,,,,,,,,,,,,,,,,,,,,,2024-02-10
,,,,,,,,,,,,,,,,,,,,,,,,,,,,,,,,,,,,,,,,,,,2024-02-10
