State,Centre,Rice,Broken Rice,Wheat,Atta (Wheat),Gram Dal,Tur/Arhar Dal,Urad Dal,Moong Dal,Masoor Dal,Sugar,Milk @,Groundnut Oil (Packed),Mustard Oil (Packed),Vanaspati (Packed),Soya Oil (Packed),Sunflower Oil (Packed),Palm Oil (Packed),Gur,Tea Loose,Salt Pack (Iodised),Potato,Onion,Tomato,Bajra (whole),Jowar (whole),Maida (wheat),Ragi (whole),Suji (whole),Besan,Desi Ghee,Butter (Pasteurised),Eggs,Brinjal,Black Pepper (whole),Coriander (whole),Cummin Seed (whole),Red Chillies (whole),Turmeric (powder),Banana,Ginger,Garlic,Date
Unit,Qty,1 Kg,1 Kg,1 Kg,1 Kg,1 Kg,1 Kg,1 Kg,1 Kg,1 Kg,1 Kg,1 ltr,1 Kg,1 Kg,1 Kg,1 Kg,1 Kg,1 Kg,1 Kg,1 Kg,1 Kg,1 Kg,1 Kg,1 Kg,1 Kg,1 Kg,1 Kg,1 Kg,1 Kg,1 Kg,1 Kg,100 gm,Dozen,1 Kg,100 gm,250 gm,100 gm,100 gm,50 gm,1 Kg,100 gm,100 gm,2024-03-20
Average Price,Average Price,44.32,,30.85,36.02,83.74,148.49,123.75,117.2,93.2,44.31,58.6,190.08,135.53,125.59,124.35,123.33,101.2,52.71,282.25,22.49,23.97,33.05,32.71,,,,,,,,,,,,,,,,,,,2024-03-20
Maximum Price,Maximum Price,75,,62,69,136,203,174,180,157,70,83,262,235,220,185,230,168,167,560,33,63,77,88,,,,,,,,,,,,,,,,,,,2024-03-20
Minimum Price,Minimum Price,25,,21,27,60,87,85,81,70,37,37,122,103,90,93,95,80,36,157,9,10,15,12,,,,,,,,,,,,,,,,,,,2024-03-20
Modal Price,Modal Price,40,,28,32,80,160,120,120,100,44,60,186,127.5,125,110,115,100,50,300,28,20,30,30,,,,,,,,,,,,,,,,,,,2024-03-20
NORTH ZONE,NORTH ZONE,,,,,,,,,,,,,,,,,,,,,,,,,,,,,,,,,,,,,,,,,,2024-03-20
Chandigarh,Chandigarh,42,,32,36,80,135,115,113,94,45,59,190,150,128,130,145,105,51,276,27,14,35,43,,,,,,,,,,,,,,,,,,,2024-03-20
Delhi,Delhi,40,,29,31,80,157,137,122,87,44,54,207,137,124,126,133,101,57,243,26,24,37,42,,,,,,,,,,,,,,,,,,,2024-03-20
Haryana,Hisar,35,,27,29,75,145,109,108,75,42,57,188,117,108,114,123,102,40,240,25,14,24,32,,,,,,,,,,,,,,,,,,,2024-03-20
Haryana,Karnal,63,,32,39,86,126,120,122,125,46,66,181,135,139,147,175,133,43,280,30,18,48,31,,,,,,,,,,,,,,,,,,,2024-03-20
Haryana,Panchkula,35,,33,36,82,135,101,110,95,45,59,151,128,127,111,153,91,51,218,26,24,55,30,,,,,,,,,,,,,,,,,,,2024-03-20
Haryana,Gurgaon,40,,25,35,65,100,95,90,88,42,56,185,165,130,137,163,100,44,190,20,15,35,30,,,,,,,,,,,,,,,,,,,2024-03-20
Himachal Pradesh,Shimla,44,,NR,37,85,165,143,126,91,50,60,214,165,131,121,NR,NR,55,220,28,25,35,47,,,,,,,,,,,,,,,,,,,2024-03-20
Himachal Pradesh,Mandi,42,,NR,34,78,161,140,126,80,46,47,224,159,130,121,145,119,47,270,28,20,34,40,,,,,,,,,,,,,,,,,,,2024-03-20
Himachal Pradesh,Dharamshala,28,,NR,30,84,153,130,128,93,45,40,NR,159,137,138,NR,NR,47,220,28,24,30,50,,,,,,,,,,,,,,,,,,,2024-03-20
Himachal Pradesh,Solan,41,,NR,32,83,157,135,117,85,46,50,214,159,128,120,134,NR,49,220,28,22,37,43,,,,,,,,,,,,,,,,,,,2024-03-20
Himachal Pradesh,Una,41,,NR,31,82,156,131,121,85,44,64,NR,141,133,117,NR,NR,50,225,28,21,36,40,,,,,,,,,,,,,,,,,,,2024-03-20
Himachal Pradesh,Bilaspur-hp,44,,NR,31,81,157,134,118,87,46,58,NR,161,130,133,NR,NR,45,318,27,20,35,42,,,,,,,,,,,,,,,,,,,2024-03-20
Himachal Pradesh,Chamba,36,,NR,35,83,156,130,120,89,50,55,NR,163,140,128,NR,NR,44,235,28,21,35,40,,,,,,,,,,,,,,,,,,,2024-03-20
Himachal Pradesh,Hamirpur-HP,39,,NR,31,83,162,132,119,89,45,65,NR,161,135,NR,NR,NR,46,259,28,25,32,38,,,,,,,,,,,,,,,,,,,2024-03-20
Himachal Pradesh,Kullu,40,,NR,32,81,167,132,111,85,46,40,NR,154,129,110,141,NR,42,230,28,20,40,50,,,,,,,,,,,,,,,,,,,2024-03-20
Himachal Pradesh,Sirmour,37,,21,34,79,110,130,108,96,45,50,228,165,135,143,155,121,41,327,25,29,37,42,,,,,,,,,,,,,,,,,,,2024-03-20
Himachal Pradesh,Kinnaur,42,,NR,35,79,149,131,110,85,46,45,NR,145,115,118,132,NR,39,229,27,28,40,50,,,,,,,,,,,,,,,,,,,2024-03-20
Himachal Pradesh,Lahaul & Spiti,41,,NR,40,92,166,122,100,100,50,71,NR,172,151,NR,NR,NR,56,480,28,40,50,60,,,,,,,,,,,,,,,,,,,2024-03-20
Jammu and Kashmir,Srinagar,38,,36,50,100,130,120,140,115,50,45,NR,140,133,132,163,NR,50,293,28,30,40,50,,,,,,,,,,,,,,,,,,,2024-03-20
Jammu and Kashmir,Jammu,43,,30,35,82,172,133,120,100,46,50,NR,148,130,127,142,103,49,290,28,22,37,43,,,,,,,,,,,,,,,,,,,2024-03-20
Jammu and Kashmir,Poonch,NR,,NR,NR,NR,NR,NR,NR,NR,NR,NR,NR,NR,NR,NR,NR,NR,NR,NR,NR,NR,NR,NR,,,,,,,,,,,,,,,,,,,2024-03-20
Jammu and Kashmir,Kupwara,36,,26,34,90,110,110,120,100,60,48,NR,148,145,143,148,142,50,307,24,22,41,43,,,,,,,,,,,,,,,,,,,2024-03-20
Jammu and Kashmir,Udhampur,NR,,NR,NR,NR,NR,NR,NR,NR,NR,NR,NR,NR,NR,NR,NR,NR,NR,NR,NR,NR,NR,NR,,,,,,,,,,,,,,,,,,,2024-03-20
Jammu and Kashmir,Shopian,40,,45,45,120,123,120,120,120,50,49,NR,150,147,145,138,NR,48,337,28,27,35,55,,,,,,,,,,,,,,,,,,,2024-03-20
Jammu and Kashmir,Samba,60,,28,34,79,153,130,120,98,45,55,NR,120,125,120,128,100,50,300,28,20,30,40,,,,,,,,,,,,,,,,,,,2024-03-20
Jammu and Kashmir,Ramban,60,,NR,35,85,153,120,113,100,50,60,NR,153,137,120,NR,NR,52,320,25,20,38,50,,,,,,,,,,,,,,,,,,,2024-03-20
Jammu and Kashmir,Rajouri,NR,,NR,NR,NR,NR,NR,NR,NR,NR,NR,NR,NR,NR,NR,NR,NR,NR,NR,NR,NR,NR,NR,,,,,,,,,,,,,,,,,,,2024-03-20
Jammu and Kashmir,Kishtwar,NR,,NR,NR,NR,NR,NR,NR,NR,NR,NR,NR,NR,NR,NR,NR,NR,NR,NR,NR,NR,NR,NR,,,,,,,,,,,,,,,,,,,2024-03-20
Jammu and Kashmir,Doda,NR,,NR,NR,NR,NR,NR,NR,NR,NR,NR,NR,NR,NR,NR,NR,NR,NR,NR,NR,NR,NR,NR,,,,,,,,,,,,,,,,,,,2024-03-20
Jammu and Kashmir,Baramulla,NR,,NR,NR,NR,NR,NR,NR,NR,NR,NR,NR,NR,NR,NR,NR,NR,NR,NR,NR,NR,NR,NR,,,,,,,,,,,,,,,,,,,2024-03-20
Jammu and Kashmir,Reasi,NR,,NR,NR,NR,NR,NR,NR,NR,NR,NR,NR,NR,NR,NR,NR,NR,NR,NR,NR,NR,NR,NR,,,,,,,,,,,,,,,,,,,2024-03-20
Jammu and Kashmir,Kathua,NR,,NR,NR,NR,NR,NR,NR,NR,NR,NR,NR,NR,NR,NR,NR,NR,NR,NR,NR,NR,NR,NR,,,,,,,,,,,,,,,,,,,2024-03-20
Punjab,Amritsar,36,,29,38,72,155,116,112,90,42,54,183,110,105,110,114,NR,45,272,26,20,30,38,,,,,,,,,,,,,,,,,,,2024-03-20
Punjab,Ludhiana,37,,24,32,87,168,140,115,100,44,60,210,137,122,127,135,NR,50,320,27,19,33,45,,,,,,,,,,,,,,,,,,,2024-03-20
Punjab,Bathinda,40,,23,30,90,170,140,120,100,44,57,NR,NR,NR,NR,NR,NR,54,293,25,19,30,38,,,,,,,,,,,,,,,,,,,2024-03-20
Punjab,Barnala,40,,23,27,85,163,125,110,85,44,54,208,117,112,105,120,90,42,317,28,19,31,35,,,,,,,,,,,,,,,,,,,2024-03-20
Punjab,Hoshiarpur,34,,26,30,90,140,115,120,110,43,62,200,120,140,125,140,110,64,263,20,20,30,30,,,,,,,,,,,,,,,,,,,2024-03-20
Punjab,Faridkot,42,,23,32,87,153,132,127,92,45,55,233,127,122,112,132,93,52,313,28,22,28,38,,,,,,,,,,,,,,,,,,,2024-03-20
Punjab,Mansa,40,,24,28,90,127,110,100,98,48,52,NR,125,125,130,NR,NR,55,280,28,20,31,39,,,,,,,,,,,,,,,,,,,2024-03-20
Punjab,Sri Muktsar Sahib,41,,26,31,82,160,127,117,90,42,62,203,112,118,113,112,97,45,250,26,22,32,32,,,,,,,,,,,,,,,,,,,2024-03-20
Punjab,Dera Bassi,38,,22,30,86,160,120,120,110,43,55,NR,128,117,120,NR,NR,53,247,28,19,30,37,,,,,,,,,,,,,,,,,,,2024-03-20
Punjab,Sangrur,42,,27,30,81,160,116,110,81,45,60,162,125,116,119,126,102,42,220,29,20,30,40,,,,,,,,,,,,,,,,,,,2024-03-20
Punjab,Ropar,37,,28,33,85,158,143,125,103,43,62,207,125,115,118,134,100,57,268,28,22,32,40,,,,,,,,,,,,,,,,,,,2024-03-20
Punjab,Amargarh,42,,26,30,80,172,118,120,80,45,60,160,115,120,120,130,100,40,250,28,15,25,35,,,,,,,,,,,,,,,,,,,2024-03-20
Punjab,Fatehgarh Sahib,48,,25,35,90,120,120,105,105,45,65,200,125,118,117,162,115,50,243,26,13,30,30,,,,,,,,,,,,,,,,,,,2024-03-20
Punjab,Ferozepur,41,,25,32,91,190,142,124,101,43,60,223,124,124,121,147,98,50,281,28,17,29,28,,,,,,,,,,,,,,,,,,,2024-03-20
Punjab,Kapurthala,34,,25,32,82,130,128,122,117,44,68,210,122,133,132,138,112,62,280,22,23,42,47,,,,,,,,,,,,,,,,,,,2024-03-20
Uttar Pradesh,Lucknow,40,,30,35,85,145,125,120,83,44,66,211,130,116,121,120,115,45,265,28,20,33,40,,,,,,,,,,,,,,,,,,,2024-03-20
Uttar Pradesh,Kanpur,35,,27,32,90,160,142,130,90,46,60,196,150,113,126,140,117,56,234,26,22,32,45,,,,,,,,,,,,,,,,,,,2024-03-20
Uttar Pradesh,Varanasi,41,,27,35,83,155,124,119,82,48,70,212,136,134,129,139,117,56,281,28,21,31,45,,,,,,,,,,,,,,,,,,,2024-03-20
Uttar Pradesh,Agra,44,,29,31,86,139,107,102,84,45,67,169,130,125,121,116,112,40,240,28,NR,NR,NR,,,,,,,,,,,,,,,,,,,2024-03-20
Uttar Pradesh,Jhansi,43,,25,32,78,155,104,111,81,45,52,191,121,111,102,121,112,43,210,26,16,21,25,,,,,,,,,,,,,,,,,,,2024-03-20
Uttar Pradesh,Meerut,35,,30,37,83,138,128,113,110,46,65,164,146,145,151,174,148,46,244,25,13,26,39,,,,,,,,,,,,,,,,,,,2024-03-20
Uttar Pradesh,Allahabad,30,,26,38,78,150,118,116,96,45,62,172,140,128,130,162,110,52,250,24,22,38,36,,,,,,,,,,,,,,,,,,,2024-03-20
Uttar Pradesh,Gorakhpur,39,,25,37,69,151,137,114,74,44,59,214,132,119,122,121,89,49,219,27,20,34,57,,,,,,,,,,,,,,,,,,,2024-03-20
Uttar Pradesh,Saharanpur,34,,28,35,87,167,125,120,105,43,68,165,127,123,130,148,121,49,253,28,17,28,31,,,,,,,,,,,,,,,,,,,2024-03-20
Uttar Pradesh,Bareilly,38,,26,31,88,157,132,121,117,42,66,199,128,118,118,125,100,47,315,28,19,32,42,,,,,,,,,,,,,,,,,,,2024-03-20
Uttar Pradesh,Ayodhya,32,,26,31,72,150,95,105,89,41,55,193,156,121,136,175,96,45,217,28,39,29,24,,,,,,,,,,,,,,,,,,,2024-03-20
Uttar Pradesh,Moradabad,37,,25,32,78,142,116,111,91,42,61,188,137,127,130,153,109,46,256,25,16,30,34,,,,,,,,,,,,,,,,,,,2024-03-20
Uttar Pradesh,Aligarh,40,,28,34,80,170,140,110,110,44,60,208,122,118,111,148,137,49,242,27,19,38,42,,,,,,,,,,,,,,,,,,,2024-03-20
Uttar Pradesh,Mirzapur (Vindhyanchal),30,,25,31,87,155,134,123,105,48,55,205,140,120,125,140,98,55,240,28,20,30,22,,,,,,,,,,,,,,,,,,,2024-03-20
Uttar Pradesh,Banda,38,,28,36,78,140,115,112,78,42,63,197,123,115,106,163,100,52,165,21,21,28,37,,,,,,,,,,,,,,,,,,,2024-03-20
Uttar Pradesh,Azamgarh,36,,32,32,82,152,117,115,95,45,64,221,151,130,125,126,99,46,280,28,16,32,36,,,,,,,,,,,,,,,,,,,2024-03-20
Uttar Pradesh,Gonda (Devipatan),37,,27,34,85,180,130,120,100,45,64,185,138,155,160,190,140,49,340,27,23,38,41,,,,,,,,,,,,,,,,,,,2024-03-20
Uttar Pradesh,Amethi,37,,25,38,75,125,92,110,88,44,62,189,163,134,153,190,118,50,259,25,22,46,38,,,,,,,,,,,,,,,,,,,2024-03-20
Uttar Pradesh,Barabanki,39,,30,34,80,154,120,119,100,45,64,203,150,135,150,175,119,49,220,28,13,29,30,,,,,,,,,,,,,,,,,,,2024-03-20
Uttar Pradesh,Bhadohi,34,,23,29,65,135,85,100,89,43,60,190,160,145,145,185,105,50,235,25,18,30,35,,,,,,,,,,,,,,,,,,,2024-03-20
Uttar Pradesh,Chandauli,30,,26,33,79,140,120,119,80,42,60,136,120,120,105,109,90,57,247,26,20,29,29,,,,,,,,,,,,,,,,,,,2024-03-20
Uttar Pradesh,Farrukhabad,43,,25,31,75,147,118,112,87,44,66,183,127,118,125,167,100,41,227,26,15,28,37,,,,,,,,,,,,,,,,,,,2024-03-20
Uttar Pradesh,Ghazipur,36,,24,33,83,142,131,129,82,43,69,217,132,125,124,145,100,52,253,28,24,28,41,,,,,,,,,,,,,,,,,,,2024-03-20
Uttar Pradesh,Jaunpur,44,,27,35,80,142,120,122,80,43,62,185,140,124,118,164,90,57,260,28,20,30,40,,,,,,,,,,,,,,,,,,,2024-03-20
Uttar Pradesh,UP-Pratapgarh,40,,28,32,79,145,137,118,83,43,68,207,133,122,126,113,97,51,266,26,19,28,37,,,,,,,,,,,,,,,,,,,2024-03-20
Uttar Pradesh,Sambhal,40,,24,32,75,130,120,100,90,42,60,173,130,142,142,175,128,38,217,29,15,30,40,,,,,,,,,,,,,,,,,,,2024-03-20
Uttar Pradesh,Santkabir Nagar,32,,25,32,76,125,115,112,96,43,62,183,150,145,145,175,NR,44,257,28,14,45,40,,,,,,,,,,,,,,,,,,,2024-03-20
Uttar Pradesh,Shahjahanpur,37,,26,33,98,135,130,126,130,44,67,203,169,165,168,180,142,47,263,26,24,33,40,,,,,,,,,,,,,,,,,,,2024-03-20
Uttar Pradesh,Sitapur,33,,29,32,80,108,104,104,95,41,59,177,159,142,152,171,117,39,241,27,12,34,29,,,,,,,,,,,,,,,,,,,2024-03-20
Uttar Pradesh,Sultanpur,NR,,NR,NR,NR,NR,NR,NR,NR,NR,NR,NR,NR,NR,NR,NR,NR,NR,NR,NR,NR,NR,NR,,,,,,,,,,,,,,,,,,,2024-03-20
Uttar Pradesh,Unnao,39,,27,31,78,145,128,108,88,44,58,198,129,118,123,155,99,47,230,26,20,28,38,,,,,,,,,,,,,,,,,,,2024-03-20
Uttar Pradesh,Ambedkar Nagar,45,,29,37,88,120,119,115,98,45,60,200,165,140,160,170,133,60,190,27,18,43,43,,,,,,,,,,,,,,,,,,,2024-03-20
Uttar Pradesh,Amroha,40,,26,30,80,140,100,120,100,43,50,197,140,140,147,180,100,42,200,25,20,30,22,,,,,,,,,,,,,,,,,,,2024-03-20
Uttar Pradesh,Baghpat,40,,NR,28,75,150,120,113,100,42,65,216,134,121,123,123,101,45,200,27,20,40,40,,,,,,,,,,,,,,,,,,,2024-03-20
Uttar Pradesh,Bijnor,37,,26,35,70,153,107,95,87,42,60,163,154,133,148,148,140,45,310,26,17,28,27,,,,,,,,,,,,,,,,,,,2024-03-20
Uttar Pradesh,Budaun,41,,25,32,85,120,112,105,95,44,60,200,120,117,117,120,90,48,292,28,15,28,34,,,,,,,,,,,,,,,,,,,2024-03-20
Uttar Pradesh,Etah,42,,27,33,70,160,100,105,95,45,65,205,140,143,140,158,118,50,285,27,12,27,30,,,,,,,,,,,,,,,,,,,2024-03-20
Uttar Pradesh,Fatehpur,35,,25,42,75,120,155,115,100,45,68,215,167,128,137,176,120,50,225,28,20,38,33,,,,,,,,,,,,,,,,,,,2024-03-20
Uttar Pradesh,Ghaziabad,37,,29,31,86,163,135,123,112,43,65,188,122,125,113,128,100,49,206,26,24,33,40,,,,,,,,,,,,,,,,,,,2024-03-20
Uttar Pradesh,Hardoi,45,,25,33,71,145,123,121,88,44,68,218,134,126,128,161,98,49,229,27,20,30,41,,,,,,,,,,,,,,,,,,,2024-03-20
Uttar Pradesh,Jalaun,33,,27,32,84,159,108,105,89,42,56,184,142,152,151,170,105,52,232,28,18,29,40,,,,,,,,,,,,,,,,,,,2024-03-20
Uttar Pradesh,Kaushambi,40,,25,34,73,144,123,103,84,44,59,172,142,120,132,170,119,50,228,28,18,37,40,,,,,,,,,,,,,,,,,,,2024-03-20
Uttar Pradesh,Kushinagar,40,,29,39,81,151,124,132,85,45,70,185,141,135,133,158,99,44,245,28,22,29,45,,,,,,,,,,,,,,,,,,,2024-03-20
Uttar Pradesh,Lakhimpur Kheri,40,,25,34,77,145,95,103,82,45,58,190,136,NR,148,156,107,54,218,28,15,30,30,,,,,,,,,,,,,,,,,,,2024-03-20
Uttar Pradesh,Pilibhit,39,,28,32,82,143,137,128,133,44,66,210,145,145,140,155,115,42,265,28,18,38,32,,,,,,,,,,,,,,,,,,,2024-03-20
Uttar Pradesh,Sharwasti,40,,26,32,85,147,127,124,84,45,50,147,142,115,137,NR,102,45,203,28,19,28,35,,,,,,,,,,,,,,,,,,,2024-03-20
Uttar Pradesh,Siddharth Nagar,40,,28,30,80,157,120,140,82,45,64,166,142,126,132,165,104,50,233,26,20,30,33,,,,,,,,,,,,,,,,,,,2024-03-20
Uttar Pradesh,Sonbhadra,45,,29,34,78,162,101,105,98,47,60,205,140,137,145,173,115,47,297,25,16,35,32,,,,,,,,,,,,,,,,,,,2024-03-20
Uttar Pradesh,Rampur,51,,26,29,80,132,112,113,87,43,55,163,132,127,118,143,93,46,255,16,23,27,33,,,,,,,,,,,,,,,,,,,2024-03-20
Uttar Pradesh,Bahraich,36,,26,33,70,155,130,110,96,42,45,155,148,137,144,127,120,45,250,27,19,34,25,,,,,,,,,,,,,,,,,,,2024-03-20
Uttar Pradesh,Basti,40,,22,30,70,145,110,105,82,42,64,155,140,134,131,148,98,47,242,25,20,40,38,,,,,,,,,,,,,,,,,,,2024-03-20
Uttar Pradesh,Etawah,43,,30,35,85,166,128,101,91,45,65,189,133,133,130,182,115,44,223,30,14,28,25,,,,,,,,,,,,,,,,,,,2024-03-20
Uttar Pradesh,Muzzafarnagar,41,,28,31,72,106,105,102,100,44,75,143,123,121,119,161,99,38,228,27,10,26,30,,,,,,,,,,,,,,,,,,,2024-03-20
Uttar Pradesh,Chitrakoot,34,,27,35,77,145,100,105,85,42,50,172,138,123,125,165,113,45,220,28,25,30,35,,,,,,,,,,,,,,,,,,,2024-03-20
Uttar Pradesh,Hamirpur-UP,46,,27,34,85,161,146,112,86,42,67,220,135,131,106,137,93,44,265,26,20,32,40,,,,,,,,,,,,,,,,,,,2024-03-20
Uttar Pradesh,Deoria,43,,29,31,72,139,104,109,103,45,58,204,132,125,123,152,139,45,224,27,20,30,37,,,,,,,,,,,,,,,,,,,2024-03-20
Uttar Pradesh,Hapur,35,,28,35,74,150,125,115,100,42,65,190,147,127,130,127,105,43,220,27,20,30,35,,,,,,,,,,,,,,,,,,,2024-03-20
Uttar Pradesh,Bulandshahr,40,,25,35,85,140,100,100,90,44,70,NR,125,123,123,188,100,40,250,26,19,22,20,,,,,,,,,,,,,,,,,,,2024-03-20
Uttar Pradesh,Kanpur Dehat,40,,24,30,105,140,140,107,90,45,66,180,125,135,135,130,95,50,210,28,15,28,40,,,,,,,,,,,,,,,,,,,2024-03-20
Uttar Pradesh,Hathras,38,,27,29,80,135,120,103,90,41,65,165,115,135,118,173,140,44,220,25,11,22,36,,,,,,,,,,,,,,,,,,,2024-03-20
Uttar Pradesh,Raebareli,42,,29,33,83,148,122,118,87,44,67,225,133,118,123,137,108,50,225,27,24,38,42,,,,,,,,,,,,,,,,,,,2024-03-20
Uttar Pradesh,Lalitpur,36,,23,29,67,138,92,94,90,41,53,172,132,129,126,188,134,39,258,25,19,30,25,,,,,,,,,,,,,,,,,,,2024-03-20
Uttar Pradesh,Mohaba,33,,26,30,87,137,98,97,90,46,58,150,120,112,118,172,105,50,192,28,20,23,38,,,,,,,,,,,,,,,,,,,2024-03-20
Uttar Pradesh,Gautam Budh Nagar,37,,28,32,84,152,128,115,86,43,66,234,146,121,135,139,109,53,248,27,17,30,38,,,,,,,,,,,,,,,,,,,2024-03-20
Uttar Pradesh,Auraiya,37,,26,35,67,140,90,89,80,43,71,183,164,133,134,184,134,49,231,26,19,27,38,,,,,,,,,,,,,,,,,,,2024-03-20
Uttar Pradesh,Maharajganj,34,,27,33,78,147,120,120,80,44,63,203,138,115,129,151,101,46,213,27,21,28,44,,,,,,,,,,,,,,,,,,,2024-03-20
Uttar Pradesh,Balrampur,34,,25,34,72,143,129,116,89,44,NR,214,131,111,125,129,91,53,213,29,18,29,41,,,,,,,,,,,,,,,,,,,2024-03-20
Uttar Pradesh,Kannauj,38,,26,30,80,148,100,108,82,44,69,175,130,120,135,182,118,41,242,28,21,30,27,,,,,,,,,,,,,,,,,,,2024-03-20
Uttar Pradesh,Mathura,34,,29,34,72,115,92,96,95,40,62,171,146,143,144,168,108,36,267,29,13,34,29,,,,,,,,,,,,,,,,,,,2024-03-20
Uttar Pradesh,Firozabad,38,,35,37,82,115,118,112,118,40,65,190,158,117,142,182,111,45,300,29,13,39,42,,,,,,,,,,,,,,,,,,,2024-03-20
Uttar Pradesh,Kasganj,47,,27,31,75,137,123,120,110,42,64,192,133,125,123,147,99,49,223,28,16,33,38,,,,,,,,,,,,,,,,,,,2024-03-20
Uttar Pradesh,Mainpuri,33,,25,32,66,110,100,100,87,39,69,177,153,122,134,164,110,43,248,30,20,20,20,,,,,,,,,,,,,,,,,,,2024-03-20
Uttar Pradesh,Shamli,38,,26,29,70,138,128,110,90,41,68,202,120,115,110,128,92,50,280,26,19,25,40,,,,,,,,,,,,,,,,,,,2024-03-20
Uttar Pradesh,Ballia,32,,29,32,84,158,111,111,98,43,56,200,160,148,147,147,150,50,243,27,13,26,26,,,,,,,,,,,,,,,,,,,2024-03-20
Uttar Pradesh,Mau,39,,25,32,82,147,118,120,85,43,62,203,130,115,119,115,94,50,274,27,15,29,37,,,,,,,,,,,,,,,,,,,2024-03-20
Uttarakhand,Dehradun,35,,24,37,80,163,110,115,100,47,57,145,125,120,123,165,NR,48,287,30,13,30,38,,,,,,,,,,,,,,,,,,,2024-03-20
Uttarakhand,Haldwani,37,,33,33,100,97,99,96,99,40,57,145,147,149,148,146,143,51,254,28,16,26,25,,,,,,,,,,,,,,,,,,,2024-03-20
Uttarakhand,Rudrapur,36,,26,33,85,162,120,125,100,42,63,NR,NR,NR,NR,NR,NR,51,217,28,11,25,26,,,,,,,,,,,,,,,,,,,2024-03-20
Uttarakhand,Haridwar,41,,27,35,84,139,113,106,84,45,66,148,135,125,134,142,NR,62,299,29,21,30,38,,,,,,,,,,,,,,,,,,,2024-03-20
WEST ZONE,WEST ZONE,,,,,,,,,,,,,,,,,,,,,,,,,,,,,,,,,,,,,,,,,,2024-03-20
Chhattisgarh,Raipur,39,,44,43,90,145,128,115,94,45,55,198,135,133,118,133,105,48,247,27,28,30,35,,,,,,,,,,,,,,,,,,,2024-03-20
Chhattisgarh,Durg,38,,37,41,82,156,121,121,80,46,53,196,140,119,123,118,117,56,240,15,21,25,16,,,,,,,,,,,,,,,,,,,2024-03-20
Chhattisgarh,Ambikapur,32,,32,32,94,177,111,104,107,40,40,191,192,172,172,175,158,36,268,11,22,32,24,,,,,,,,,,,,,,,,,,,2024-03-20
Chhattisgarh,Bilaspur-CG,40,,28,30,80,167,90,103,90,40,50,185,182,153,160,174,137,45,203,26,27,62,35,,,,,,,,,,,,,,,,,,,2024-03-20
Chhattisgarh,Jagdalpur,36,,36,46,115,167,106,100,99,43,51,196,159,101,132,136,101,40,351,24,23,26,18,,,,,,,,,,,,,,,,,,,2024-03-20
Chhattisgarh,Dantewada,49,,39,39,89,152,129,119,79,44,73,232,142,112,109,114,94,59,559,28,24,38,20,,,,,,,,,,,,,,,,,,,2024-03-20
Chhattisgarh,Dhamtari,NR,,NR,NR,NR,NR,NR,NR,NR,NR,NR,NR,NR,NR,NR,NR,NR,NR,NR,NR,NR,NR,NR,,,,,,,,,,,,,,,,,,,2024-03-20
Chhattisgarh,Rajnandgaon,52,,41,40,93,169,105,105,107,43,59,253,133,147,103,109,101,54,323,30,21,35,21,,,,,,,,,,,,,,,,,,,2024-03-20
Chhattisgarh,Koriya,38,,33,35,75,148,98,113,80,42,76,198,131,95,124,173,110,45,200,27,20,25,20,,,,,,,,,,,,,,,,,,,2024-03-20
DNH and DD,Silvasa,58,,43,43,88,166,135,131,94,41,66,178,140,140,114,123,102,57,490,27,20,25,22,,,,,,,,,,,,,,,,,,,2024-03-20
DNH and DD,Daman,41,,43,40,82,133,128,113,88,44,66,183,137,118,123,122,93,81,200,26,20,27,27,,,,,,,,,,,,,,,,,,,2024-03-20
DNH and DD,Diu,47,,37,58,90,175,150,133,100,44,61,220,168,139,165,138,117,70,360,28,22,26,30,,,,,,,,,,,,,,,,,,,2024-03-20
Goa,Panaji,52,,48,40,95,172,145,138,98,44,56,217,175,153,173,117,98,58,315,25,37,32,28,,,,,,,,,,,,,,,,,,,2024-03-20
Goa,Margao,52,,48,47,88,160,147,128,93,42,59,223,143,133,127,122,97,60,343,24,NR,NR,NR,,,,,,,,,,,,,,,,,,,2024-03-20
Gujarat,Ahmedabad,33,,32,34,74,131,107,96,80,40,58,195,144,142,138,133,110,51,246,13,22,45,32,,,,,,,,,,,,,,,,,,,2024-03-20
Gujarat,Rajkot,42,,36,39,78,153,117,105,87,40,59,176,126,135,137,117,95,55,300,17,25,22,23,,,,,,,,,,,,,,,,,,,2024-03-20
Gujarat,Surat,32,,32,32,75,160,120,110,85,39,62,188,130,95,110,110,84,49,200,9,18,40,20,,,,,,,,,,,,,,,,,,,2024-03-20
Gujarat,Bhuj,45,,37,37,80,160,130,115,95,44,58,180,150,150,120,125,100,55,260,28,25,25,22,,,,,,,,,,,,,,,,,,,2024-03-20
Gujarat,Selamba,60,,40,44,90,160,140,130,100,42,68,172,135,122,120,123,117,45,267,15,22,28,30,,,,,,,,,,,,,,,,,,,2024-03-20
Gujarat,Waghai,42,,40,46,80,140,120,130,105,43,56,192,153,143,155,135,122,48,255,13,28,38,32,,,,,,,,,,,,,,,,,,,2024-03-20
Gujarat,Bodeli,41,,34,39,83,137,117,103,88,43,58,194,145,128,137,132,103,52,292,13,22,46,29,,,,,,,,,,,,,,,,,,,2024-03-20
Gujarat,Vapi,NR,,NR,NR,NR,NR,NR,NR,NR,NR,NR,NR,NR,NR,NR,NR,NR,NR,NR,NR,NR,NR,NR,,,,,,,,,,,,,,,,,,,2024-03-20
Gujarat,Bilimora,NR,,NR,NR,NR,NR,NR,NR,NR,NR,NR,NR,NR,NR,NR,NR,NR,NR,NR,NR,NR,NR,NR,,,,,,,,,,,,,,,,,,,2024-03-20
Gujarat,Idar,NR,,NR,NR,NR,NR,NR,NR,NR,NR,NR,NR,NR,NR,NR,NR,NR,NR,NR,NR,NR,NR,NR,,,,,,,,,,,,,,,,,,,2024-03-20
Gujarat,Jhalod,NR,,NR,NR,NR,NR,NR,NR,NR,NR,NR,NR,NR,NR,NR,NR,NR,NR,NR,NR,NR,NR,NR,,,,,,,,,,,,,,,,,,,2024-03-20
Gujarat,Songash,NR,,NR,NR,NR,NR,NR,NR,NR,NR,NR,NR,NR,NR,NR,NR,NR,NR,NR,NR,NR,NR,NR,,,,,,,,,,,,,,,,,,,2024-03-20
Madhya Pradesh,Bhopal,38,,30,32,82,152,122,112,82,43,60,176,135,121,106,125,NR,50,270,12,23,23,25,,,,,,,,,,,,,,,,,,,2024-03-20
Madhya Pradesh,Indore,42,,27,35,90,145,118,120,92,NR,NR,NR,NR,NR,NR,NR,NR,NR,NR,NR,NR,NR,NR,,,,,,,,,,,,,,,,,,,2024-03-20
Madhya Pradesh,Gwalior,36,,34,43,82,160,120,129,90,44,66,214,141,121,115,125,NR,54,230,28,12,25,24,,,,,,,,,,,,,,,,,,,2024-03-20
Madhya Pradesh,Jabalpur,NR,,NR,NR,NR,NR,NR,NR,NR,NR,NR,NR,NR,NR,NR,NR,NR,NR,NR,NR,NR,NR,NR,,,,,,,,,,,,,,,,,,,2024-03-20
Madhya Pradesh,Rewa,42,,24,50,91,104,99,116,96,46,53,172,157,113,142,141,NR,44,393,19,17,24,20,,,,,,,,,,,,,,,,,,,2024-03-20
Madhya Pradesh,Sagar,40,,25,27,73,148,120,108,85,41,59,194,136,100,108,119,95,45,232,22,17,19,23,,,,,,,,,,,,,,,,,,,2024-03-20
Madhya Pradesh,Jhabua,43,,28,37,90,162,122,127,94,42,56,191,135,130,108,142,NR,53,300,22,29,33,27,,,,,,,,,,,,,,,,,,,2024-03-20
Madhya Pradesh,Hoshangabad,46,,28,34,86,168,114,115,101,43,60,185,126,106,111,121,95,45,400,13,NR,NR,NR,,,,,,,,,,,,,,,,,,,2024-03-20
Madhya Pradesh,Shahdol,33,,32,35,70,170,95,105,85,42,75,170,130,125,115,170,NR,44,180,25,20,30,40,,,,,,,,,,,,,,,,,,,2024-03-20
Madhya Pradesh,Ujjain,42,,30,35,82,148,122,115,93,44,58,190,135,125,122,122,99,52,278,18,22,32,32,,,,,,,,,,,,,,,,,,,2024-03-20
Madhya Pradesh,Morena,36,,28,30,85,180,120,115,100,43,65,182,111,125,125,177,103,55,240,16,15,35,35,,,,,,,,,,,,,,,,,,,2024-03-20
Madhya Pradesh,Anuppur,35,,30,34,80,140,112,120,100,43,50,203,123,120,110,127,90,45,200,10,23,30,22,,,,,,,,,,,,,,,,,,,2024-03-20
Madhya Pradesh,Bhind,39,,33,36,70,123,93,95,90,43,60,163,123,120,125,165,120,38,230,15,18,38,40,,,,,,,,,,,,,,,,,,,2024-03-20
Madhya Pradesh,Dhar,45,,28,42,83,159,124,113,105,42,57,182,136,125,106,133,168,49,228,23,20,30,38,,,,,,,,,,,,,,,,,,,2024-03-20
Madhya Pradesh,Harda,35,,28,32,80,153,128,107,90,42,60,187,135,123,100,118,NR,45,200,27,24,30,32,,,,,,,,,,,,,,,,,,,2024-03-20
Madhya Pradesh,Katni,35,,27,30,80,150,120,120,80,45,50,190,110,110,110,125,110,45,180,28,20,28,25,,,,,,,,,,,,,,,,,,,2024-03-20
Madhya Pradesh,Khandwa,32,,24,30,69,157,112,113,108,41,53,182,153,139,99,157,NR,48,252,20,20,25,27,,,,,,,,,,,,,,,,,,,2024-03-20
Madhya Pradesh,Mandla,47,,30,37,78,133,120,117,78,40,49,195,132,108,113,123,108,42,243,19,20,25,13,,,,,,,,,,,,,,,,,,,2024-03-20
Madhya Pradesh,Rajgarh,39,,31,36,98,99,93,98,89,41,69,135,108,101,107,102,NR,48,238,19,24,32,33,,,,,,,,,,,,,,,,,,,2024-03-20
Madhya Pradesh,Sidhi,36,,26,34,95,140,95,95,95,44,60,253,125,120,115,157,140,45,260,28,25,30,30,,,,,,,,,,,,,,,,,,,2024-03-20
Madhya Pradesh,Chattarpur,33,,26,30,83,182,90,125,92,42,50,205,125,130,110,126,115,52,225,18,15,25,30,,,,,,,,,,,,,,,,,,,2024-03-20
Madhya Pradesh,Neemuch,40,,25,32,80,165,120,112,80,43,53,172,133,127,108,132,NR,45,382,9,20,30,35,,,,,,,,,,,,,,,,,,,2024-03-20
Madhya Pradesh,Burhanpur,39,,32,34,74,154,124,114,77,44,52,154,124,124,113,121,104,44,183,27,28,28,28,,,,,,,,,,,,,,,,,,,2024-03-20
Madhya Pradesh,Narshinpur,39,,27,39,75,163,120,115,85,44,55,195,153,110,104,143,NR,39,282,12,17,22,17,,,,,,,,,,,,,,,,,,,2024-03-20
Madhya Pradesh,Raisen,39,,28,30,78,158,120,120,88,42,60,188,132,110,108,NR,NR,45,220,28,20,22,30,,,,,,,,,,,,,,,,,,,2024-03-20
Madhya Pradesh,Sheopur,44,,27,34,80,150,130,120,85,40,60,170,120,120,105,150,NR,42,280,28,20,30,35,,,,,,,,,,,,,,,,,,,2024-03-20
Madhya Pradesh,Agar malwa,45,,25,32,80,170,128,115,95,40,55,185,132,124,105,120,NR,44,365,16,20,24,40,,,,,,,,,,,,,,,,,,,2024-03-20
Madhya Pradesh,Umaria,43,,32,35,70,130,115,115,87,44,60,150,115,103,108,203,NR,42,220,18,22,33,27,,,,,,,,,,,,,,,,,,,2024-03-20
Madhya Pradesh,Shajapur,50,,27,34,81,156,138,127,93,42,60,173,120,115,105,122,NR,45,360,28,30,38,42,,,,,,,,,,,,,,,,,,,2024-03-20
Madhya Pradesh,Dewas,43,,24,33,84,152,113,111,93,41,56,173,122,113,98,110,NR,43,225,11,22,25,29,,,,,,,,,,,,,,,,,,,2024-03-20
Madhya Pradesh,Khargone,40,,28,35,80,140,110,110,90,42,55,185,185,155,130,190,NR,45,400,28,22,45,25,,,,,,,,,,,,,,,,,,,2024-03-20
Madhya Pradesh,Singrauli,36,,27,32,90,147,111,114,87,46,60,217,125,102,114,142,92,49,300,28,20,31,34,,,,,,,,,,,,,,,,,,,2024-03-20
Madhya Pradesh,Chhindwara,45,,26,32,82,149,119,117,82,43,55,230,155,115,125,131,129,38,198,10,21,28,24,,,,,,,,,,,,,,,,,,,2024-03-20
Madhya Pradesh,Sehore,38,,25,32,85,155,119,110,85,43,50,172,125,121,110,124,NR,45,211,11,18,30,34,,,,,,,,,,,,,,,,,,,2024-03-20
Madhya Pradesh,MP-Ashoknagar,41,,28,31,68,150,125,117,89,41,58,253,140,138,122,140,113,40,218,28,20,30,35,,,,,,,,,,,,,,,,,,,2024-03-20
Madhya Pradesh,Balaghat,39,,35,34,80,148,128,120,89,40,52,216,154,106,116,126,NR,52,200,10,20,30,20,,,,,,,,,,,,,,,,,,,2024-03-20
Madhya Pradesh,Guna,40,,28,30,78,147,110,108,80,41,60,190,123,100,110,123,98,45,200,28,20,23,30,,,,,,,,,,,,,,,,,,,2024-03-20
Madhya Pradesh,Ratlam,34,,26,35,88,160,142,125,97,42,55,189,140,132,120,135,115,42,300,10,16,28,33,,,,,,,,,,,,,,,,,,,2024-03-20
Madhya Pradesh,Satna,31,,25,35,75,140,100,100,80,42,60,210,128,118,130,128,103,45,200,28,18,35,23,,,,,,,,,,,,,,,,,,,2024-03-20
Madhya Pradesh,Vidisha,38,,30,32,78,150,130,117,84,40,65,171,123,109,104,128,NR,45,213,10,20,20,20,,,,,,,,,,,,,,,,,,,2024-03-20
Madhya Pradesh,Alirajpur,40,,30,35,90,160,115,105,107,43,65,210,143,141,115,130,100,50,297,10,25,37,25,,,,,,,,,,,,,,,,,,,2024-03-20
Madhya Pradesh,Betul,53,,27,32,79,149,125,115,92,44,57,179,136,120,108,131,NR,46,227,17,24,29,33,,,,,,,,,,,,,,,,,,,2024-03-20
Madhya Pradesh,Damoh,32,,30,32,80,160,120,110,85,44,50,195,135,125,115,125,NR,49,205,10,20,24,30,,,,,,,,,,,,,,,,,,,2024-03-20
Madhya Pradesh,Dindori,40,,35,35,93,140,140,130,88,45,57,220,133,90,110,140,NR,50,247,28,20,40,30,,,,,,,,,,,,,,,,,,,2024-03-20
Madhya Pradesh,Niwari,33,,25,32,75,149,119,115,89,44,64,205,135,123,118,180,96,42,211,28,22,32,44,,,,,,,,,,,,,,,,,,,2024-03-20
Madhya Pradesh,Seoni,45,,32,35,70,125,90,110,78,41,54,200,127,102,113,122,NR,39,188,11,15,23,20,,,,,,,,,,,,,,,,,,,2024-03-20
Madhya Pradesh,Panna,36,,25,33,81,146,105,100,95,44,50,205,117,118,107,137,117,49,203,10,15,20,25,,,,,,,,,,,,,,,,,,,2024-03-20
Madhya Pradesh,Tikamgarh,37,,40,40,72,156,95,114,80,42,40,187,141,131,109,137,118,48,225,25,20,35,20,,,,,,,,,,,,,,,,,,,2024-03-20
Maharashtra,Mumbai,42,,47,54,113,200,174,165,109,49,58,198,188,146,142,151,111,80,310,27,36,29,29,,,,,,,,,,,,,,,,,,,2024-03-20
Maharashtra,Nagpur,52,,45,50,85,155,125,125,90,52,63,200,150,145,109,116,89,65,283,27,38,36,42,,,,,,,,,,,,,,,,,,,2024-03-20
Maharashtra,Pune,60,,41,51,83,168,121,132,84,47,69,192,151,116,113,111,110,46,315,27,23,15,28,,,,,,,,,,,,,,,,,,,2024-03-20
Maharashtra,Nashik,40,,42,41,87,160,132,123,90,41,54,179,170,123,101,115,95,54,300,26,27,30,30,,,,,,,,,,,,,,,,,,,2024-03-20
Maharashtra,Mangaon-Raigad,45,,44,45,84,150,134,121,90,44,55,199,126,116,115,109,105,63,300,23,23,23,23,,,,,,,,,,,,,,,,,,,2024-03-20
Maharashtra,Dharni,39,,35,35,79,152,120,125,90,42,49,181,148,124,113,137,NR,49,299,13,27,31,38,,,,,,,,,,,,,,,,,,,2024-03-20
Maharashtra,Latur,57,,33,36,91,173,139,138,104,39,65,205,141,95,109,113,108,45,201,28,25,25,22,,,,,,,,,,,,,,,,,,,2024-03-20
Maharashtra,Akluj,47,,34,38,86,157,127,121,101,42,50,185,128,123,116,124,96,56,305,25,29,25,29,,,,,,,,,,,,,,,,,,,2024-03-20
Maharashtra,Arni Yavatmal,48,,32,33,72,153,122,115,97,42,63,187,152,123,104,118,NR,57,300,10,30,20,30,,,,,,,,,,,,,,,,,,,2024-03-20
Maharashtra,Chandrapur,54,,46,46,82,175,137,133,109,46,68,187,163,163,106,111,NR,63,223,28,30,23,15,,,,,,,,,,,,,,,,,,,2024-03-20
Maharashtra,Karad Satara,46,,38,46,84,162,148,133,98,41,70,186,168,130,110,114,100,49,282,28,30,25,23,,,,,,,,,,,,,,,,,,,2024-03-20
Maharashtra,Ahemednagar,59,,44,47,86,159,129,119,100,40,53,164,149,119,124,126,114,44,228,28,22,19,39,,,,,,,,,,,,,,,,,,,2024-03-20
Maharashtra,Khultabad,59,,30,35,72,145,121,119,86,40,49,177,NR,131,105,119,93,57,300,20,29,32,29,,,,,,,,,,,,,,,,,,,2024-03-20
Maharashtra,Islampur,61,,43,48,75,170,139,120,106,40,69,182,176,105,125,133,105,49,323,30,37,23,27,,,,,,,,,,,,,,,,,,,2024-03-20
Maharashtra,Kankavli,47,,44,45,96,163,145,132,101,43,55,180,172,136,104,109,92,53,355,20,34,28,16,,,,,,,,,,,,,,,,,,,2024-03-20
Maharashtra,Partur,70,,33,40,70,160,110,110,101,40,55,164,198,159,110,144,95,40,409,10,30,27,20,,,,,,,,,,,,,,,,,,,2024-03-20
Maharashtra,Gondia,55,,40,43,78,143,111,110,81,41,50,156,143,103,113,115,102,51,218,22,22,20,16,,,,,,,,,,,,,,,,,,,2024-03-20
Maharashtra,Jalgaon,53,,39,40,89,156,139,129,110,42,60,207,152,125,107,108,122,62,368,27,25,25,28,,,,,,,,,,,,,,,,,,,2024-03-20
Maharashtra,Akola,40,,33,38,76,154,125,115,100,43,65,183,141,133,102,112,90,54,285,26,27,30,33,,,,,,,,,,,,,,,,,,,2024-03-20
Rajasthan,Jaipur,47,,30,32,78,160,126,114,76,44,NR,198,130,127,125,137,NR,45,NR,NR,22,28,37,,,,,,,,,,,,,,,,,,,2024-03-20
Rajasthan,Jodhpur,40,,35,36,73,145,121,106,75,45,50,195,138,NR,NR,125,NR,48,255,18,23,43,28,,,,,,,,,,,,,,,,,,,2024-03-20
Rajasthan,Kota,38,,26,33,79,140,113,105,80,44,55,177,160,102,101,167,NR,49,240,25,19,23,20,,,,,,,,,,,,,,,,,,,2024-03-20
Rajasthan,Udaipur,29,,28,30,88,95,92,95,92,45,50,180,190,130,180,NR,120,50,333,24,25,38,30,,,,,,,,,,,,,,,,,,,2024-03-20
Rajasthan,Bharatpur,45,,28,31,90,155,140,118,90,43,58,200,110,110,109,NR,NR,47,294,25,24,24,38,,,,,,,,,,,,,,,,,,,2024-03-20
Rajasthan,Ajmer,38,,30,32,65,110,105,100,75,40,49,194,140,111,145,141,111,38,320,20,12,55,42,,,,,,,,,,,,,,,,,,,2024-03-20
Rajasthan,Bikaner,39,,35,34,74,122,122,112,93,43,37,163,103,97,93,95,NR,43,209,10,14,17,27,,,,,,,,,,,,,,,,,,,2024-03-20
Rajasthan,Bundi,47,,26,31,75,150,120,110,90,42,50,168,127,110,118,143,NR,48,317,19,21,28,26,,,,,,,,,,,,,,,,,,,2024-03-20
Rajasthan,Rajsamand,39,,29,33,78,161,117,117,88,42,63,172,137,122,110,125,NR,49,285,16,24,28,38,,,,,,,,,,,,,,,,,,,2024-03-20
Rajasthan,Alwar,43,,31,35,68,102,120,106,89,43,54,170,124,123,137,147,NR,42,308,16,21,28,25,,,,,,,,,,,,,,,,,,,2024-03-20
Rajasthan,Banswara,38,,26,34,69,138,103,103,92,41,53,175,145,110,162,165,NR,46,363,23,21,31,25,,,,,,,,,,,,,,,,,,,2024-03-20
Rajasthan,Baran,35,,30,27,70,95,89,87,80,39,50,130,138,119,127,125,NR,37,200,14,22,22,35,,,,,,,,,,,,,,,,,,,2024-03-20
Rajasthan,Barmer,NR,,NR,NR,NR,NR,NR,NR,NR,NR,NR,NR,NR,NR,NR,NR,NR,NR,NR,NR,NR,NR,NR,,,,,,,,,,,,,,,,,,,2024-03-20
Rajasthan,Bhilwara,46,,31,36,68,116,107,98,88,43,51,190,175,134,165,187,135,44,287,18,26,48,40,,,,,,,,,,,,,,,,,,,2024-03-20
Rajasthan,Chhitorgarh,NR,,NR,NR,NR,NR,NR,NR,NR,NR,NR,NR,NR,NR,NR,NR,NR,NR,NR,NR,NR,NR,NR,,,,,,,,,,,,,,,,,,,2024-03-20
Rajasthan,Churu,32,,28,30,70,87,98,90,82,39,46,172,168,145,148,169,NR,38,305,15,25,30,50,,,,,,,,,,,,,,,,,,,2024-03-20
Rajasthan,Dholapur,41,,30,33,81,145,110,111,76,47,60,215,120,110,112,NR,NR,54,195,26,21,30,35,,,,,,,,,,,,,,,,,,,2024-03-20
Rajasthan,Dungarpur,37,,28,31,65,114,122,118,120,44,56,221,160,NR,140,192,NR,51,293,28,27,37,37,,,,,,,,,,,,,,,,,,,2024-03-20
Rajasthan,Hanumangarh,34,,27,29,82,133,112,105,82,41,43,254,127,129,109,139,NR,39,330,14,20,56,47,,,,,,,,,,,,,,,,,,,2024-03-20
Rajasthan,Jaisalmer,NR,,NR,NR,NR,NR,NR,NR,NR,NR,NR,NR,NR,NR,NR,NR,NR,NR,NR,NR,NR,NR,NR,,,,,,,,,,,,,,,,,,,2024-03-20
Rajasthan,Jalore,39,,32,32,70,120,110,110,100,40,52,195,135,133,150,188,NR,42,310,28,30,48,40,,,,,,,,,,,,,,,,,,,2024-03-20
Rajasthan,Jhalawar,40,,25,28,72,120,96,95,86,42,49,183,152,125,123,168,NR,42,387,19,27,36,34,,,,,,,,,,,,,,,,,,,2024-03-20
Rajasthan,Jhunjhunu,36,,35,40,98,97,98,98,94,40,44,210,155,138,141,192,NR,38,207,17,28,45,38,,,,,,,,,,,,,,,,,,,2024-03-20
Rajasthan,Karauli,36,,27,31,66,111,110,110,90,44,NR,203,148,138,138,NR,NR,40,480,30,19,32,35,,,,,,,,,,,,,,,,,,,2024-03-20
Rajasthan,Nagaur,33,,32,35,66,105,106,81,83,41,55,163,167,119,164,NR,NR,38,313,14,21,36,32,,,,,,,,,,,,,,,,,,,2024-03-20
Rajasthan,Pali,NR,,NR,NR,NR,NR,NR,NR,NR,NR,NR,NR,NR,NR,NR,NR,NR,NR,NR,NR,NR,NR,NR,,,,,,,,,,,,,,,,,,,2024-03-20
Rajasthan,RJ-Pratapgarh,60,,29,31,70,110,105,95,84,42,59,NR,180,142,112,160,NR,38,320,NR,23,24,28,,,,,,,,,,,,,,,,,,,2024-03-20
Rajasthan,Sikar,45,,27,33,75,100,86,89,85,44,51,166,165,101,150,153,NR,44,311,21,23,42,47,,,,,,,,,,,,,,,,,,,2024-03-20
Rajasthan,Sirohi,39,,35,36,66,122,121,108,105,40,51,193,166,134,155,188,NR,49,264,19,20,35,38,,,,,,,,,,,,,,,,,,,2024-03-20
Rajasthan,Sri Ganganagar,50,,26,34,82,99,97,94,95,47,49,155,149,160,144,NR,NR,55,282,27,21,48,51,,,,,,,,,,,,,,,,,,,2024-03-20
Rajasthan,Tonk,43,,24,28,73,115,109,104,93,43,53,194,130,151,151,159,NR,45,267,14,24,37,25,,,,,,,,,,,,,,,,,,,2024-03-20
Rajasthan,Sawai Madhopur,50,,25,27,64,125,103,108,71,39,57,198,108,108,109,180,NR,38,283,24,22,35,32,,,,,,,,,,,,,,,,,,,2024-03-20
EAST ZONE,EAST ZONE,,,,,,,,,,,,,,,,,,,,,,,,,,,,,,,,,,,,,,,,,,2024-03-20
Bihar,Patna,42,,30,33,85,145,126,117,84,45,56,NR,121,119,132,136,123,43,280,26,22,29,39,,,,,,,,,,,,,,,,,,,2024-03-20
Bihar,Bhagalpur,37,,28,32,79,148,109,111,81,44,57,NR,124,115,134,169,123,43,320,28,21,34,29,,,,,,,,,,,,,,,,,,,2024-03-20
Bihar,Purnia,36,,31,35,76,136,116,109,74,45,51,NR,124,102,114,NR,98,42,314,13,20,28,39,,,,,,,,,,,,,,,,,,,2024-03-20
Bihar,Darbhanga,38,,26,36,78,128,130,110,80,44,52,NR,132,130,130,NR,98,46,195,13,22,30,35,,,,,,,,,,,,,,,,,,,2024-03-20
Bihar,Gaya,33,,26,43,80,165,108,108,81,44,60,NR,152,144,142,140,134,50,346,24,17,25,23,,,,,,,,,,,,,,,,,,,2024-03-20
Bihar,Muzzafarpur,37,,27,32,76,147,113,112,75,45,57,NR,129,130,126,156,96,45,287,25,17,29,31,,,,,,,,,,,,,,,,,,,2024-03-20
Bihar,Saran,41,,28,35,82,149,128,119,81,45,56,144,127,126,122,145,108,48,264,26,19,47,67,,,,,,,,,,,,,,,,,,,2024-03-20
Bihar,Munger,NR,,NR,NR,NR,NR,NR,NR,NR,NR,NR,NR,NR,NR,NR,NR,NR,NR,NR,NR,NR,NR,NR,,,,,,,,,,,,,,,,,,,2024-03-20
Bihar,Saharsa,40,,28,33,83,128,110,101,88,45,55,NR,137,123,115,NR,NR,52,217,23,18,45,32,,,,,,,,,,,,,,,,,,,2024-03-20
Bihar,Madhubani,39,,28,32,76,137,123,111,79,44,54,154,127,128,122,152,95,49,300,19,17,30,31,,,,,,,,,,,,,,,,,,,2024-03-20
Bihar,Rohtas (Sasaram),NR,,NR,NR,NR,NR,NR,NR,NR,NR,NR,NR,NR,NR,NR,NR,NR,NR,NR,NR,NR,NR,NR,,,,,,,,,,,,,,,,,,,2024-03-20
Bihar,Motihari,38,,28,32,76,126,110,106,82,44,57,148,138,130,128,158,94,43,285,20,15,30,30,,,,,,,,,,,,,,,,,,,2024-03-20
Bihar,Samastipur,42,,26,32,77,124,109,113,80,44,51,160,145,114,145,154,99,43,322,21,17,31,33,,,,,,,,,,,,,,,,,,,2024-03-20
Bihar,Katihar,37,,29,32,78,151,124,113,76,44,57,NR,133,129,130,145,NR,48,324,19,14,26,26,,,,,,,,,,,,,,,,,,,2024-03-20
Bihar,Araria,41,,25,40,81,141,141,100,80,44,56,NR,130,124,124,183,92,52,343,23,14,28,37,,,,,,,,,,,,,,,,,,,2024-03-20
Bihar,Nawada,38,,25,35,86,160,122,114,83,44,60,227,153,120,114,170,111,50,280,27,12,35,28,,,,,,,,,,,,,,,,,,,2024-03-20
Bihar,Khagaria,43,,24,36,79,123,114,118,79,43,42,NR,130,107,122,130,105,42,370,27,16,33,28,,,,,,,,,,,,,,,,,,,2024-03-20
Bihar,Banka,35,,28,36,75,140,110,100,75,41,56,NR,127,109,121,183,105,42,205,14,13,40,30,,,,,,,,,,,,,,,,,,,2024-03-20
Bihar,Arwal,36,,26,32,72,140,110,120,78,43,53,NR,137,123,141,125,110,44,277,25,19,27,20,,,,,,,,,,,,,,,,,,,2024-03-20
Bihar,Aurangabad,35,,25,32,74,151,120,118,78,44,58,222,130,146,133,197,117,52,197,27,21,29,30,,,,,,,,,,,,,,,,,,,2024-03-20
Bihar,Begusarai,37,,27,31,75,124,109,104,80,43,53,NR,125,121,119,NR,96,44,319,13,13,29,18,,,,,,,,,,,,,,,,,,,2024-03-20
Bihar,Bhojpur Ara,43,,27,32,82,139,124,129,74,45,56,225,144,162,145,198,NR,49,362,29,20,25,20,,,,,,,,,,,,,,,,,,,2024-03-20
Bihar,Buxar,30,,27,30,76,140,122,122,79,44,60,128,148,118,118,148,117,44,260,28,16,29,19,,,,,,,,,,,,,,,,,,,2024-03-20
Bihar,Gopalganj,42,,28,32,80,170,110,120,80,44,55,220,130,125,130,160,100,60,245,26,20,30,20,,,,,,,,,,,,,,,,,,,2024-03-20
Bihar,Jamui,38,,28,33,72,139,117,114,75,43,57,NR,129,111,131,NR,122,38,254,29,16,32,22,,,,,,,,,,,,,,,,,,,2024-03-20
Bihar,Jehanabad,35,,30,34,75,149,127,119,76,43,55,NR,134,119,121,162,NR,44,244,25,16,25,25,,,,,,,,,,,,,,,,,,,2024-03-20
Bihar,Kaimur,38,,28,32,73,152,127,113,74,45,58,187,133,115,140,191,92,45,200,24,13,33,19,,,,,,,,,,,,,,,,,,,2024-03-20
Bihar,Kishanganj,36,,27,33,78,145,113,110,80,43,55,NR,125,120,115,137,99,45,300,25,16,30,30,,,,,,,,,,,,,,,,,,,2024-03-20
Bihar,Lakhisarai,37,,30,35,73,144,110,115,86,46,58,NR,148,128,138,NR,128,44,256,26,19,38,44,,,,,,,,,,,,,,,,,,,2024-03-20
Bihar,Medhepura,39,,26,34,77,143,129,111,75,46,56,NR,124,101,113,114,97,44,339,12,19,36,52,,,,,,,,,,,,,,,,,,,2024-03-20
Bihar,Nalanda,34,,30,32,82,150,134,112,82,43,63,229,142,120,116,159,NR,49,403,28,17,40,33,,,,,,,,,,,,,,,,,,,2024-03-20
Bihar,Sheikhpura,37,,29,36,85,139,110,115,83,44,56,NR,145,130,135,NR,NR,54,243,28,18,30,45,,,,,,,,,,,,,,,,,,,2024-03-20
Bihar,Sheohar,38,,26,33,81,164,139,125,76,45,55,147,128,115,130,165,90,51,209,27,17,26,28,,,,,,,,,,,,,,,,,,,2024-03-20
Bihar,Sitamarhi,37,,27,33,75,155,128,116,79,45,55,NR,126,118,119,152,104,49,270,27,19,34,37,,,,,,,,,,,,,,,,,,,2024-03-20
Bihar,Siwan,35,,26,30,76,141,104,111,76,43,54,182,121,92,110,181,80,44,200,25,20,30,24,,,,,,,,,,,,,,,,,,,2024-03-20
Bihar,Supaul,38,,27,32,78,160,117,113,79,44,51,165,125,120,135,180,100,50,365,14,11,24,24,,,,,,,,,,,,,,,,,,,2024-03-20
Bihar,Vaishali,36,,29,32,72,138,118,113,74,44,60,150,115,101,114,160,89,45,207,27,14,25,35,,,,,,,,,,,,,,,,,,,2024-03-20
Bihar,West Champaran,41,,25,36,77,130,114,100,88,42,52,166,134,162,144,203,118,47,290,16,19,30,27,,,,,,,,,,,,,,,,,,,2024-03-20
Jharkhand,Ranchi,44,,36,36,75,145,118,105,76,45,56,230,123,104,115,124,99,42,240,27,18,25,25,,,,,,,,,,,,,,,,,,,2024-03-20
Jharkhand,Gumla,40,,29,34,85,125,105,98,70,43,55,209,137,110,110,198,104,40,270,10,16,25,25,,,,,,,,,,,,,,,,,,,2024-03-20
Jharkhand,Sahibganj,40,,31,34,74,174,100,120,90,46,58,211,145,123,NR,NR,NR,52,380,20,18,25,20,,,,,,,,,,,,,,,,,,,2024-03-20
Jharkhand,Bokaro,34,,34,36,80,125,95,97,85,NR,NR,170,175,130,145,170,125,NR,NR,NR,20,42,36,,,,,,,,,,,,,,,,,,,2024-03-20
Jharkhand,Lohardaga,25,,28,36,72,148,118,107,73,44,59,NR,130,128,125,152,106,44,203,25,12,22,22,,,,,,,,,,,,,,,,,,,2024-03-20
Jharkhand,Simdega,39,,NR,35,77,148,123,121,77,43,59,NR,137,125,128,126,110,41,NR,27,18,24,30,,,,,,,,,,,,,,,,,,,2024-03-20
Jharkhand,Dhanbad,38,,35,36,82,142,128,115,80,46,62,210,140,122,125,122,120,50,300,25,18,20,25,,,,,,,,,,,,,,,,,,,2024-03-20
Jharkhand,Jamshedpur (East Singbhum),47,,32,34,110,127,110,104,92,45,58,200,147,142,165,170,110,45,220,25,19,35,35,,,,,,,,,,,,,,,,,,,2024-03-20
Jharkhand,Giridhi,33,,28,30,80,150,100,95,75,44,55,NR,125,120,120,160,90,40,300,19,16,23,28,,,,,,,,,,,,,,,,,,,2024-03-20
Jharkhand,Seraikella,36,,28,35,80,150,125,114,76,46,60,169,120,141,100,131,93,51,213,25,20,30,20,,,,,,,,,,,,,,,,,,,2024-03-20
Jharkhand,West Singhbhum,44,,42,44,74,130,128,128,89,47,60,151,152,127,141,141,122,49,274,24,25,37,27,,,,,,,,,,,,,,,,,,,2024-03-20
Jharkhand,Daltonganj,40,,27,35,83,141,115,108,83,45,59,NR,125,105,118,NR,105,52,370,25,19,30,22,,,,,,,,,,,,,,,,,,,2024-03-20
Jharkhand,Deoghar,42,,36,38,78,145,125,109,92,49,60,125,163,151,154,171,101,50,264,30,17,31,30,,,,,,,,,,,,,,,,,,,2024-03-20
Jharkhand,Ramgarh,35,,33,36,60,151,124,112,74,46,NR,NR,132,123,153,190,103,44,279,25,28,38,20,,,,,,,,,,,,,,,,,,,2024-03-20
Jharkhand,Pakur,49,,36,39,82,149,118,113,113,47,59,125,130,114,116,141,99,53,413,28,19,20,41,,,,,,,,,,,,,,,,,,,2024-03-20
Jharkhand,Jamtara,35,,28,34,81,151,131,121,86,45,60,142,126,105,126,121,105,48,348,28,21,25,31,,,,,,,,,,,,,,,,,,,2024-03-20
Jharkhand,Latehar,38,,24,32,74,136,115,109,75,45,62,NR,122,154,116,124,94,42,226,30,23,30,23,,,,,,,,,,,,,,,,,,,2024-03-20
Jharkhand,Godda,42,,29,34,75,180,130,120,85,NR,NR,220,130,120,130,150,110,NR,NR,NR,24,35,35,,,,,,,,,,,,,,,,,,,2024-03-20
Jharkhand,Koderma,38,,30,32,80,145,122,115,79,44,59,149,125,102,125,149,100,49,203,27,19,28,34,,,,,,,,,,,,,,,,,,,2024-03-20
Odisha,Bhubaneshwar,37,,35,42,80,145,122,119,80,44,52,NR,132,125,NR,112,98,52,227,25,25,30,35,,,,,,,,,,,,,,,,,,,2024-03-20
Odisha,Cuttack,NR,,NR,NR,NR,NR,NR,NR,NR,NR,NR,NR,NR,NR,NR,NR,NR,NR,NR,NR,NR,NR,NR,,,,,,,,,,,,,,,,,,,2024-03-20
Odisha,Sambalpur,40,,43,48,76,143,115,106,75,46,52,NR,145,113,NR,118,115,40,240,28,22,25,20,,,,,,,,,,,,,,,,,,,2024-03-20
Odisha,Rourkela,33,,38,41,77,140,119,110,75,44,52,NR,129,98,108,114,97,49,180,27,22,24,15,,,,,,,,,,,,,,,,,,,2024-03-20
Odisha,Berhampur,37,,45,40,77,152,120,102,75,47,51,NR,139,103,137,115,106,49,245,26,21,47,29,,,,,,,,,,,,,,,,,,,2024-03-20
Odisha,Jeypore,44,,40,36,81,148,119,115,79,45,52,NR,129,107,NR,114,107,50,210,27,25,28,22,,,,,,,,,,,,,,,,,,,2024-03-20
Odisha,Balasore,38,,40,38,85,150,123,119,83,45,52,NR,138,95,NR,113,97,56,240,26,20,31,20,,,,,,,,,,,,,,,,,,,2024-03-20
Odisha,Baripada,37,,30,38,80,155,120,115,79,45,52,168,137,103,133,115,100,60,230,26,20,25,25,,,,,,,,,,,,,,,,,,,2024-03-20
Odisha,Balangir,44,,36,45,78,136,122,114,78,42,52,NR,131,104,NR,113,100,45,NR,28,24,25,24,,,,,,,,,,,,,,,,,,,2024-03-20
Odisha,Angul,35,,NR,39,69,139,131,101,77,44,54,NR,130,NR,NR,114,85,43,374,25,17,47,24,,,,,,,,,,,,,,,,,,,2024-03-20
Odisha,Boudhgarh,NR,,NR,NR,NR,NR,NR,NR,NR,NR,NR,NR,NR,NR,NR,NR,NR,NR,NR,NR,NR,NR,NR,,,,,,,,,,,,,,,,,,,2024-03-20
Odisha,Dhenkanal,36,,35,40,75,147,120,113,80,44,52,180,135,123,126,115,85,55,370,27,20,30,22,,,,,,,,,,,,,,,,,,,2024-03-20
Odisha,Jagatsinghpur,NR,,NR,NR,NR,NR,NR,NR,NR,NR,NR,NR,NR,NR,NR,NR,NR,NR,NR,NR,NR,NR,NR,,,,,,,,,,,,,,,,,,,2024-03-20
Odisha,Kandhamal,38,,38,42,83,148,133,118,80,51,58,NR,135,123,NR,115,90,53,NR,27,21,32,20,,,,,,,,,,,,,,,,,,,2024-03-20
Odisha,Keonjhar,39,,38,43,84,153,121,121,100,45,50,NR,133,104,NR,117,102,51,369,27,19,38,42,,,,,,,,,,,,,,,,,,,2024-03-20
Odisha,Malkangiri,NR,,NR,NR,NR,NR,NR,NR,NR,NR,NR,NR,NR,NR,NR,NR,NR,NR,NR,NR,NR,NR,NR,,,,,,,,,,,,,,,,,,,2024-03-20
Odisha,Nabarangpur,40,,25,45,92,162,138,118,85,42,55,122,111,129,105,115,93,50,297,26,23,27,30,,,,,,,,,,,,,,,,,,,2024-03-20
Odisha,Nayagarh,38,,NR,39,77,143,120,120,90,44,52,NR,129,117,NR,111,90,55,NR,26,21,29,22,,,,,,,,,,,,,,,,,,,2024-03-20
Odisha,Nuapada,NR,,NR,NR,NR,NR,NR,NR,NR,NR,NR,NR,NR,NR,NR,NR,NR,NR,NR,NR,NR,NR,NR,,,,,,,,,,,,,,,,,,,2024-03-20
Odisha,Paralakhemundi Gajapati,37,,NR,40,67,145,111,120,85,NR,NR,NR,NR,NR,NR,NR,NR,NR,NR,NR,NR,NR,NR,,,,,,,,,,,,,,,,,,,2024-03-20
Odisha,Puri,38,,37,41,79,153,121,115,81,44,52,NR,134,112,NR,116,96,53,275,25,21,30,25,,,,,,,,,,,,,,,,,,,2024-03-20
Odisha,Rayagada,38,,33,38,81,159,136,119,79,47,52,160,138,95,144,108,91,47,NR,27,26,28,25,,,,,,,,,,,,,,,,,,,2024-03-20
Odisha,Sonepur,43,,NR,43,81,155,119,116,79,40,55,NR,133,120,NR,116,94,46,333,21,19,25,20,,,,,,,,,,,,,,,,,,,2024-03-20
Odisha,Bhadrak,35,,NR,37,75,142,120,110,77,43,52,215,125,130,185,113,85,50,320,25,15,20,30,,,,,,,,,,,,,,,,,,,2024-03-20
Odisha,Jharsuguda,NR,,NR,NR,NR,NR,NR,NR,NR,NR,NR,NR,NR,NR,NR,NR,NR,NR,NR,NR,NR,NR,NR,,,,,,,,,,,,,,,,,,,2024-03-20
Odisha,Kendrapara,NR,,NR,NR,NR,NR,NR,NR,NR,NR,NR,NR,NR,NR,NR,NR,NR,NR,NR,NR,NR,NR,NR,,,,,,,,,,,,,,,,,,,2024-03-20
Odisha,Jajpur,35,,40,42,75,145,112,110,75,42,56,NR,140,120,NR,115,91,55,350,25,16,18,33,,,,,,,,,,,,,,,,,,,2024-03-20
Odisha,Kalahandi,38,,38,41,89,162,110,120,90,44,53,183,140,105,114,120,102,54,330,28,20,31,21,,,,,,,,,,,,,,,,,,,2024-03-20
West Bengal,Kolkata,48,,NR,36,83,158,132,125,100,47,54,NR,129,117,118,122,95,62,263,22,23,35,37,,,,,,,,,,,,,,,,,,,2024-03-20
West Bengal,Siliguri,39,,29,34,82,154,111,114,98,45,50,178,129,108,111,129,107,52,198,13,13,24,20,,,,,,,,,,,,,,,,,,,2024-03-20
West Bengal,Purulia,33,,NR,31,89,152,120,112,82,43,51,124,125,93,115,125,86,47,291,25,17,24,27,,,,,,,,,,,,,,,,,,,2024-03-20
West Bengal,Kharagpur,53,,35,38,85,150,126,114,98,46,54,216,135,104,119,124,102,50,238,27,22,30,20,,,,,,,,,,,,,,,,,,,2024-03-20
West Bengal,Rampurhat,45,,27,37,80,152,122,124,110,46,55,182,125,108,113,123,95,54,280,22,19,32,30,,,,,,,,,,,,,,,,,,,2024-03-20
West Bengal,Malda,43,,26,42,73,155,115,110,105,43,56,NR,140,96,122,141,119,61,320,21,21,25,23,,,,,,,,,,,,,,,,,,,2024-03-20
West Bengal,Raiganj,39,,28,33,75,167,127,111,108,44,44,180,129,98,121,127,99,56,248,10,18,38,37,,,,,,,,,,,,,,,,,,,2024-03-20
West Bengal,Alipurduar,38,,NR,44,75,175,110,115,110,47,68,NR,120,100,110,125,98,55,238,10,19,39,38,,,,,,,,,,,,,,,,,,,2024-03-20
West Bengal,Asansol,52,,NR,42,99,156,140,153,111,44,64,NR,140,108,113,116,105,46,300,26,23,31,30,,,,,,,,,,,,,,,,,,,2024-03-20
West Bengal,Balurghat,NR,,NR,NR,NR,NR,NR,NR,NR,NR,NR,NR,NR,NR,NR,NR,NR,NR,NR,NR,NR,NR,NR,,,,,,,,,,,,,,,,,,,2024-03-20
West Bengal,Bankura,37,,NR,33,82,151,135,150,113,46,58,235,128,118,110,124,91,49,280,26,17,29,19,,,,,,,,,,,,,,,,,,,2024-03-20
West Bengal,Barasat,43,,35,40,85,125,NR,135,112,46,60,200,133,114,113,108,110,56,235,30,27,58,43,,,,,,,,,,,,,,,,,,,2024-03-20
West Bengal,Bardhaman,48,,NR,38,85,153,130,120,110,44,54,220,121,110,106,120,95,58,260,25,22,28,30,,,,,,,,,,,,,,,,,,,2024-03-20
West Bengal,Baruipur,56,,NR,35,89,122,125,140,119,43,55,NR,132,122,105,120,102,43,223,27,23,30,22,,,,,,,,,,,,,,,,,,,2024-03-20
West Bengal,Berhampore,48,,27,40,70,125,98,140,109,46,58,250,140,107,117,148,104,46,220,13,18,30,30,,,,,,,,,,,,,,,,,,,2024-03-20
West Bengal,Chinsurah,51,,NR,36,89,153,130,143,106,46,51,200,121,131,101,120,96,50,221,26,19,28,24,,,,,,,,,,,,,,,,,,,2024-03-20
West Bengal,Cooch behar,45,,NR,34,75,140,120,115,110,44,60,NR,133,110,105,140,98,50,290,26,20,43,42,,,,,,,,,,,,,,,,,,,2024-03-20
West Bengal,Howrah,50,,NR,36,90,160,140,125,112,46,54,NR,128,120,115,123,NR,55,293,27,24,37,20,,,,,,,,,,,,,,,,,,,2024-03-20
West Bengal,Jalapiguri,37,,28,45,85,160,110,118,107,45,56,NR,123,125,110,123,100,50,300,25,20,32,30,,,,,,,,,,,,,,,,,,,2024-03-20
West Bengal,Jhargram,42,,NR,40,79,149,126,112,90,48,54,NR,125,105,101,122,90,39,273,29,16,29,21,,,,,,,,,,,,,,,,,,,2024-03-20
West Bengal,Kalimpong,38,,36,38,95,124,128,120,100,47,48,NR,140,114,148,162,NR,51,377,15,21,35,30,,,,,,,,,,,,,,,,,,,2024-03-20
West Bengal,Krishnagar,35,,NR,37,69,122,103,137,106,42,44,178,113,133,117,130,114,44,253,19,23,68,61,,,,,,,,,,,,,,,,,,,2024-03-20
West Bengal,Tamluk,45,,NR,46,99,156,120,180,119,50,56,NR,128,125,105,123,100,54,300,28,19,29,20,,,,,,,,,,,,,,,,,,,2024-03-20
NORTH EAST ZONE,NORTH EAST ZONE,,,,,,,,,,,,,,,,,,,,,,,,,,,,,,,,,,,,,,,,,,2024-03-20
Andaman and Nicobar,Port Blair,50,,NR,69,96,163,157,134,95,52,73,NR,176,198,NR,132,118,73,325,20,45,48,53,,,,,,,,,,,,,,,,,,,2024-03-20
Andaman and Nicobar,Mayabunder,43,,NR,67,85,160,140,128,95,52,71,203,179,185,NR,121,114,70,315,18,45,50,60,,,,,,,,,,,,,,,,,,,2024-03-20
Andaman and Nicobar,Car Nicobar,52,,NR,67,101,190,159,142,108,60,75,262,169,160,NR,139,120,85,285,21,50,60,70,,,,,,,,,,,,,,,,,,,2024-03-20
Arunachal pradesh,Itanagar,50,,NR,40,90,160,120,120,90,50,73,NR,110,110,120,160,NR,NR,NR,15,21,39,43,,,,,,,,,,,,,,,,,,,2024-03-20
Arunachal pradesh,Namsai,29,,NR,35,85,120,120,110,95,50,68,NR,NR,NR,NR,NR,NR,70,300,30,22,40,40,,,,,,,,,,,,,,,,,,,2024-03-20
Arunachal pradesh,Pasighat,45,,NR,60,100,165,140,123,103,50,78,163,160,137,137,190,NR,80,327,20,30,50,48,,,,,,,,,,,,,,,,,,,2024-03-20
Arunachal pradesh,Tawang,NR,,NR,NR,NR,NR,NR,NR,NR,NR,NR,NR,NR,NR,NR,NR,NR,NR,NR,NR,NR,NR,NR,,,,,,,,,,,,,,,,,,,2024-03-20
Assam,Guwahati,38,,32,38,81,158,105,110,85,48,70,213,145,140,130,140,125,50,200,12,21,31,40,,,,,,,,,,,,,,,,,,,2024-03-20
Assam,Barpeta,37,,28,33,76,129,99,115,83,47,70,NR,157,154,169,111,139,43,203,12,20,46,31,,,,,,,,,,,,,,,,,,,2024-03-20
Assam,Tinsukia,36,,NR,34,85,140,115,115,85,48,74,NR,145,140,125,130,NR,55,180,12,18,30,NR,,,,,,,,,,,,,,,,,,,2024-03-20
Assam,Dhubri,35,,33,33,80,160,130,115,80,46,75,250,135,110,105,115,98,50,275,12,19,30,38,,,,,,,,,,,,,,,,,,,2024-03-20
Assam,Goalpara,NR,,NR,NR,NR,NR,NR,NR,NR,NR,NR,NR,NR,NR,NR,NR,NR,NR,NR,NR,NR,NR,NR,,,,,,,,,,,,,,,,,,,2024-03-20
Assam,Golaghat,NR,,NR,NR,NR,NR,NR,NR,NR,NR,NR,NR,NR,NR,NR,NR,NR,NR,NR,NR,NR,NR,NR,,,,,,,,,,,,,,,,,,,2024-03-20
Assam,Mangaldai,49,,33,37,87,117,97,116,99,47,70,NR,161,144,141,180,135,60,280,14,21,30,25,,,,,,,,,,,,,,,,,,,2024-03-20
Assam,Mushalpur,41,,34,34,80,142,NR,117,87,47,70,NR,142,142,167,158,103,46,213,10,18,29,27,,,,,,,,,,,,,,,,,,,2024-03-20
Assam,Udalguri,40,,27,38,80,140,120,110,80,49,70,NR,142,130,118,153,97,50,258,20,15,32,30,,,,,,,,,,,,,,,,,,,2024-03-20
Assam,Bajali,60,,30,34,85,160,130,120,85,45,70,NR,167,NR,163,180,NR,60,400,10,17,30,30,,,,,,,,,,,,,,,,,,,2024-03-20
Assam,Hojai,47,,NR,36,80,145,85,115,85,49,73,NR,125,100,118,127,102,60,230,10,20,33,29,,,,,,,,,,,,,,,,,,,2024-03-20
Assam,Jorhat,48,,30,43,96,148,93,125,118,47,74,243,158,152,115,162,115,67,217,12,22,32,29,,,,,,,,,,,,,,,,,,,2024-03-20
Assam,Bongaigaon,38,,NR,31,70,115,95,109,105,45,72,NR,140,152,149,174,109,50,348,10,15,30,25,,,,,,,,,,,,,,,,,,,2024-03-20
Assam,Morigaon,40,,NR,39,81,150,110,120,95,44,60,NR,142,140,147,150,107,60,237,10,15,30,19,,,,,,,,,,,,,,,,,,,2024-03-20
Assam,Sonari,NR,,NR,NR,NR,NR,NR,NR,NR,NR,NR,NR,NR,NR,NR,NR,NR,NR,NR,NR,NR,NR,NR,,,,,,,,,,,,,,,,,,,2024-03-20
Assam,Tamulpur,49,,36,36,85,140,125,119,94,46,68,NR,143,114,129,NR,99,51,290,10,20,29,32,,,,,,,,,,,,,,,,,,,2024-03-20
Assam,Sivasagar,50,,NR,47,84,132,125,131,94,49,78,NR,142,130,142,NR,NR,67,270,10,17,30,NR,,,,,,,,,,,,,,,,,,,2024-03-20
Assam,Biswanath Chariali,NR,,NR,NR,NR,NR,NR,NR,NR,NR,NR,NR,NR,NR,NR,NR,NR,NR,NR,NR,NR,NR,NR,,,,,,,,,,,,,,,,,,,2024-03-20
Assam,Dibrugarh,43,,NR,41,86,159,125,121,94,48,74,NR,142,138,126,137,NR,55,273,23,19,34,45,,,,,,,,,,,,,,,,,,,2024-03-20
Assam,Karimganj,39,,NR,37,83,150,133,111,80,45,72,NR,132,NR,110,127,97,55,239,14,21,26,47,,,,,,,,,,,,,,,,,,,2024-03-20
Assam,Majuli,50,,NR,38,92,158,88,120,100,49,70,NR,135,NR,132,NR,NR,59,256,15,23,38,68,,,,,,,,,,,,,,,,,,,2024-03-20
Assam,Sonitpur Tezpur,41,,NR,36,69,127,108,102,100,45,69,226,160,172,142,171,NR,46,297,10,16,26,44,,,,,,,,,,,,,,,,,,,2024-03-20
Assam,Haflong,46,,NR,36,78,130,NR,120,90,55,72,NR,150,NR,130,140,NR,80,250,30,20,40,40,,,,,,,,,,,,,,,,,,,2024-03-20
Assam,AS-Lakhimpur,38,,NR,33,81,141,97,107,91,46,71,NR,138,125,123,126,NR,60,175,15,18,28,23,,,,,,,,,,,,,,,,,,,2024-03-20
Assam,Diphu,42,,NR,35,90,157,142,126,97,50,74,NR,142,NR,133,163,110,76,237,15,20,32,37,,,,,,,,,,,,,,,,,,,2024-03-20
Assam,Nalbari,50,,NR,46,127,160,145,107,87,48,79,130,158,145,152,157,112,45,350,10,32,60,35,,,,,,,,,,,,,,,,,,,2024-03-20
Assam,South Salmara Mankachar,40,,29,33,85,170,120,120,80,46,56,201,150,NR,136,NR,105,51,231,10,25,30,30,,,,,,,,,,,,,,,,,,,2024-03-20
Assam,Kamrup,39,,NR,36,88,176,120,121,89,46,74,NR,142,NR,127,142,104,59,266,20,19,35,25,,,,,,,,,,,,,,,,,,,2024-03-20
Manipur,Imphal,49,,36,36,90,162,133,129,85,NR,NR,NR,136,116,117,136,100,NR,NR,NR,25,39,42,,,,,,,,,,,,,,,,,,,2024-03-20
Manipur,Chandel,NR,,NR,NR,NR,NR,NR,NR,NR,NR,NR,NR,NR,NR,NR,NR,NR,NR,NR,NR,NR,NR,NR,,,,,,,,,,,,,,,,,,,2024-03-20
Manipur,Jiribam,NR,,NR,NR,NR,NR,NR,NR,NR,NR,NR,NR,NR,NR,NR,NR,NR,NR,NR,NR,NR,NR,NR,,,,,,,,,,,,,,,,,,,2024-03-20
Manipur,Kangpokpi,NR,,NR,NR,NR,NR,NR,NR,NR,NR,NR,NR,NR,NR,NR,NR,NR,NR,NR,NR,NR,NR,NR,,,,,,,,,,,,,,,,,,,2024-03-20
Manipur,Senapati,NR,,NR,NR,NR,NR,NR,NR,NR,NR,NR,NR,NR,NR,NR,NR,NR,NR,NR,NR,NR,NR,NR,,,,,,,,,,,,,,,,,,,2024-03-20
Manipur,Tamenglong,NR,,NR,NR,NR,NR,NR,NR,NR,NR,NR,NR,NR,NR,NR,NR,NR,NR,NR,NR,NR,NR,NR,,,,,,,,,,,,,,,,,,,2024-03-20
Manipur,Thoubal,NR,,NR,NR,NR,NR,NR,NR,NR,NR,NR,NR,NR,NR,NR,NR,NR,NR,NR,NR,NR,NR,NR,,,,,,,,,,,,,,,,,,,2024-03-20
Manipur,Ukhrul,NR,,NR,NR,NR,NR,NR,NR,NR,NR,NR,NR,NR,NR,NR,NR,NR,NR,NR,NR,NR,NR,NR,,,,,,,,,,,,,,,,,,,2024-03-20
Meghalaya,Shillong,45,,37,36,90,160,123,113,100,48,74,NR,125,130,112,NR,NR,70,300,30,22,35,43,,,,,,,,,,,,,,,,,,,2024-03-20
Meghalaya,Tura,35,,40,39,90,177,137,120,90,48,74,NR,145,NR,123,130,103,87,467,20,25,40,33,,,,,,,,,,,,,,,,,,,2024-03-20
Meghalaya,Jowai,36,,38,36,90,120,110,120,90,48,74,NR,120,NR,120,230,NR,80,360,30,20,40,45,,,,,,,,,,,,,,,,,,,2024-03-20
Meghalaya,Sohra,38,,39,39,NR,140,147,117,88,51,74,NR,120,NR,120,NR,NR,100,327,30,25,43,43,,,,,,,,,,,,,,,,,,,2024-03-20
Meghalaya,Mairang,40,,38,37,NR,NR,NR,118,90,53,74,NR,120,NR,120,NR,NR,NR,340,12,20,42,30,,,,,,,,,,,,,,,,,,,2024-03-20
Meghalaya,Nongpoh,36,,NR,36,85,170,130,122,88,50,75,NR,130,132,126,179,NR,73,423,15,25,40,43,,,,,,,,,,,,,,,,,,,2024-03-20
Meghalaya,Khliehriat,45,,40,38,90,155,118,122,88,50,74,NR,160,137,138,NR,NR,43,333,30,20,30,43,,,,,,,,,,,,,,,,,,,2024-03-20
Meghalaya,Williamnagar,35,,40,36,95,180,NR,120,90,50,70,NR,160,NR,147,NR,100,NR,470,15,30,40,40,,,,,,,,,,,,,,,,,,,2024-03-20
Meghalaya,Nongstoin,NR,,NR,NR,NR,NR,NR,NR,NR,NR,NR,NR,NR,NR,NR,NR,NR,NR,NR,NR,NR,NR,NR,,,,,,,,,,,,,,,,,,,2024-03-20
Meghalaya,Mawkyrwat,38,,36,36,NR,NR,NR,122,82,49,74,NR,125,NR,113,NR,NR,NR,345,16,20,46,45,,,,,,,,,,,,,,,,,,,2024-03-20
Mizoram,Aizawl,50,,40,50,90,157,134,133,100,50,80,169,187,154,132,154,143,100,520,30,37,53,80,,,,,,,,,,,,,,,,,,,2024-03-20
Mizoram,Lunglei,50,,40,45,98,NR,NR,120,105,50,75,NR,190,220,150,NR,NR,100,520,25,40,60,70,,,,,,,,,,,,,,,,,,,2024-03-20
Mizoram,Kolasib,45,,40,40,96,130,120,110,100,50,78,NR,172,NR,120,197,113,113,407,26,32,57,70,,,,,,,,,,,,,,,,,,,2024-03-20
Mizoram,Mamit,50,,NR,40,NR,NR,NR,NR,110,50,75,NR,190,NR,110,NR,NR,NR,520,30,40,40,50,,,,,,,,,,,,,,,,,,,2024-03-20
Mizoram,Champhai,50,,35,60,NR,NR,NR,NR,100,50,80,NR,180,NR,130,NR,NR,167,520,30,60,70,53,,,,,,,,,,,,,,,,,,,2024-03-20
Mizoram,Serchhip,40,,NR,48,120,150,150,150,102,52,79,NR,190,200,117,NR,NR,100,250,30,35,70,88,,,,,,,,,,,,,,,,,,,2024-03-20
Mizoram,Siaha,50,,45,44,120,130,110,120,100,50,73,NR,214,140,159,NR,138,NR,540,30,37,60,70,,,,,,,,,,,,,,,,,,,2024-03-20
Mizoram,Lawngtlai,49,,41,42,82,120,100,110,100,58,77,NR,NR,NR,120,NR,110,110,485,30,35,60,80,,,,,,,,,,,,,,,,,,,2024-03-20
Mizoram,Hnahthial,52,,45,45,125,160,130,130,97,53,79,NR,165,140,110,NR,NR,120,520,30,30,48,70,,,,,,,,,,,,,,,,,,,2024-03-20
Mizoram,Khawzawl,40,,50,40,110,140,NR,140,95,50,83,150,170,NR,127,NR,150,147,520,30,40,77,NR,,,,,,,,,,,,,,,,,,,2024-03-20
Mizoram,Saitual,50,,40,NR,100,NR,100,NR,95,50,80,NR,230,NR,140,NR,NR,NR,NR,30,40,40,80,,,,,,,,,,,,,,,,,,,2024-03-20
Nagaland,Kohima,45,,40,54,100,170,140,130,90,50,75,NR,120,140,120,190,NR,NR,330,20,30,40,60,,,,,,,,,,,,,,,,,,,2024-03-20
Nagaland,Dimapur,46,,40,35,70,120,105,120,83,46,80,200,150,200,170,210,165,80,210,15,20,44,40,,,,,,,,,,,,,,,,,,,2024-03-20
Nagaland,Tuensang,37,,38,55,100,NR,NR,120,100,50,NR,NR,160,NR,165,NR,NR,NR,275,20,30,50,50,,,,,,,,,,,,,,,,,,,2024-03-20
Nagaland,Mokochung,50,,NR,60,130,140,170,140,100,50,74,NR,120,130,140,200,NR,90,380,15,25,40,60,,,,,,,,,,,,,,,,,,,2024-03-20
Nagaland,Chumukedima,40,,NR,35,100,140,120,110,90,40,80,NR,130,160,150,200,NR,90,320,15,20,45,35,,,,,,,,,,,,,,,,,,,2024-03-20
Nagaland,Mon,40,,NR,50,80,NR,NR,120,100,50,70,NR,130,NR,130,NR,NR,60,350,20,20,50,50,,,,,,,,,,,,,,,,,,,2024-03-20
Nagaland,Peren,38,,40,40,120,NR,140,120,100,50,72,NR,160,NR,168,NR,NR,80,345,15,25,70,40,,,,,,,,,,,,,,,,,,,2024-03-20
Nagaland,Phek,40,,50,50,100,140,140,140,100,50,72,NR,160,NR,170,NR,NR,NR,350,20,30,60,60,,,,,,,,,,,,,,,,,,,2024-03-20
Nagaland,Tseminyu,50,,NR,50,NR,NR,NR,120,100,50,70,NR,120,NR,120,NR,NR,NR,360,15,25,40,30,,,,,,,,,,,,,,,,,,,2024-03-20
Nagaland,Wokha,45,,NR,43,120,123,125,120,100,50,68,NR,160,200,180,NR,NR,NR,290,15,30,70,60,,,,,,,,,,,,,,,,,,,2024-03-20
Nagaland,Zunheboto,50,,NR,50,NR,120,NR,140,100,45,75,NR,150,NR,140,NR,NR,60,400,18,30,60,60,,,,,,,,,,,,,,,,,,,2024-03-20
Nagaland,Kiphire,36,,NR,40,90,95,NR,85,90,50,80,NR,130,NR,150,NR,NR,70,335,18,30,55,50,,,,,,,,,,,,,,,,,,,2024-03-20
Nagaland,Longleng,38,,40,50,NR,150,NR,120,100,70,75,NR,160,NR,180,NR,NR,80,350,20,25,40,60,,,,,,,,,,,,,,,,,,,2024-03-20
Nagaland,Niuland,36,,NR,40,NR,150,100,120,100,50,70,NR,120,NR,140,NR,NR,120,350,15,20,40,35,,,,,,,,,,,,,,,,,,,2024-03-20
Nagaland,Shamator,40,,43,60,100,120,NR,110,100,50,65,NR,130,NR,140,NR,110,100,175,20,25,55,55,,,,,,,,,,,,,,,,,,,2024-03-20
Nagaland,Noklak,40,,50,60,90,100,NR,NR,105,50,NR,NR,130,NR,130,NR,NR,NR,NR,20,25,60,60,,,,,,,,,,,,,,,,,,,2024-03-20
Sikkim,Gangtok,65,,40,40,85,135,128,127,95,50,62,NR,159,115,121,143,NR,60,547,17,27,40,40,,,,,,,,,,,,,,,,,,,2024-03-20
Sikkim,Gyalshing,45,,35,45,90,170,140,120,100,50,65,NR,160,120,140,180,NR,60,440,20,30,40,45,,,,,,,,,,,,,,,,,,,2024-03-20
Sikkim,Namchi,54,,32,45,80,120,130,108,100,45,65,NR,183,114,167,190,NR,50,420,21,35,70,50,,,,,,,,,,,,,,,,,,,2024-03-20
Sikkim,Soreng,45,,35,35,90,100,110,120,100,50,65,NR,185,121,126,148,NR,60,480,20,35,40,45,,,,,,,,,,,,,,,,,,,2024-03-20
Sikkim,Mangan,60,,36,36,80,135,135,130,110,50,60,NR,187,167,NR,210,NR,66,343,17,35,50,45,,,,,,,,,,,,,,,,,,,2024-03-20
Tripura,Agartala,39,,NR,40,81,122,127,107,98,49,70,NR,137,130,117,140,107,70,200,12,25,32,40,,,,,,,,,,,,,,,,,,,2024-03-20
Tripura,Dharmanagar,NR,,NR,NR,NR,NR,NR,NR,NR,NR,NR,NR,NR,NR,NR,NR,NR,NR,NR,NR,NR,NR,NR,,,,,,,,,,,,,,,,,,,2024-03-20
Tripura,Belonia,42,,NR,40,NR,NR,NR,105,107,45,68,NR,139,NR,113,131,105,75,265,10,25,30,45,,,,,,,,,,,,,,,,,,,2024-03-20
Tripura,TR-Udaipur,37,,NR,36,85,145,118,113,100,50,72,NR,122,108,109,130,93,57,168,10,22,28,55,,,,,,,,,,,,,,,,,,,2024-03-20
SOUTH ZONE,SOUTH ZONE,,,,,,,,,,,,,,,,,,,,,,,,,,,,,,,,,,,,,,,,,,2024-03-20
Andhra Pradesh,Vijaywada,55,,51,55,92,172,147,132,96,43,68,165,179,118,NR,112,89,61,297,19,38,26,38,,,,,,,,,,,,,,,,,,,2024-03-20
Andhra Pradesh,Visakhapatnam,54,,38,40,80,148,138,128,92,43,54,163,143,94,NR,108,90,60,280,22,24,26,26,,,,,,,,,,,,,,,,,,,2024-03-20
Andhra Pradesh,Kurnool,70,,46,42,88,155,136,130,110,42,63,154,160,111,110,110,90,63,467,25,33,28,25,,,,,,,,,,,,,,,,,,,2024-03-20
Andhra Pradesh,Tirupathi,66,,45,47,84,173,137,123,103,44,49,173,173,110,139,112,88,60,503,23,29,28,21,,,,,,,,,,,,,,,,,,,2024-03-20
Andhra Pradesh,Jammalamadugu,60,,46,60,80,160,146,130,124,40,66,170,191,110,180,115,90,54,198,20,35,33,20,,,,,,,,,,,,,,,,,,,2024-03-20
Andhra Pradesh,Dharmavaram,NR,,NR,NR,NR,NR,NR,NR,NR,NR,NR,NR,NR,NR,NR,NR,NR,NR,NR,NR,NR,NR,NR,,,,,,,,,,,,,,,,,,,2024-03-20
Andhra Pradesh,Ongole,NR,,NR,NR,NR,NR,NR,NR,NR,NR,NR,NR,NR,NR,NR,NR,NR,NR,NR,NR,NR,NR,NR,,,,,,,,,,,,,,,,,,,2024-03-20
Karnataka,Bengaluru,56,,42,40,85,162,148,123,99,45,47,205,144,95,127,110,94,56,413,17,19,19,16,,,,,,,,,,,,,,,,,,,2024-03-20
Karnataka,Dharwad,60,,45,63,89,166,158,129,116,41,48,193,161,132,115,107,93,56,393,28,29,24,12,,,,,,,,,,,,,,,,,,,2024-03-20
Karnataka,Mangalore,49,,41,39,77,145,132,115,90,38,44,166,157,142,135,108,97,60,371,14,38,65,26,,,,,,,,,,,,,,,,,,,2024-03-20
Karnataka,Mysore,63,,42,63,130,159,130,127,95,41,43,211,157,143,143,111,109,62,294,22,33,33,21,,,,,,,,,,,,,,,,,,,2024-03-20
Karnataka,Bengaluru (East Range),62,,45,38,92,168,129,128,90,46,46,157,177,104,128,116,102,60,264,15,32,32,30,,,,,,,,,,,,,,,,,,,2024-03-20
Karnataka,Belagavi,58,,40,40,82,141,128,108,84,48,53,173,164,102,110,116,92,48,265,19,30,29,24,,,,,,,,,,,,,,,,,,,2024-03-20
Karnataka,Kalaburagi,67,,45,48,75,174,128,133,98,41,59,178,155,111,144,115,85,44,243,18,24,25,23,,,,,,,,,,,,,,,,,,,2024-03-20
Karnataka,Tumakuru,64,,43,45,86,159,147,124,99,42,49,195,160,123,125,116,96,60,300,22,30,27,19,,,,,,,,,,,,,,,,,,,2024-03-20
Karnataka,Bellary,60,,40,41,77,141,126,120,118,41,48,194,155,99,131,108,98,62,228,24,31,22,18,,,,,,,,,,,,,,,,,,,2024-03-20
Karnataka,Dhavanagere,63,,44,64,87,157,143,126,110,42,49,168,153,116,120,113,97,59,270,28,30,27,18,,,,,,,,,,,,,,,,,,,2024-03-20
Karnataka,Shivamogga,59,,45,40,90,157,145,128,102,44,48,202,152,102,132,113,89,47,243,25,32,28,18,,,,,,,,,,,,,,,,,,,2024-03-20
Karnataka,Vijayapur,63,,44,40,91,168,161,128,109,43,55,213,168,128,123,112,97,53,285,21,30,17,14,,,,,,,,,,,,,,,,,,,2024-03-20
Karnataka,Ramanagara,65,,45,49,96,162,142,136,120,45,48,176,189,105,152,118,100,51,188,18,32,20,20,,,,,,,,,,,,,,,,,,,2024-03-20
Karnataka,Raichur,62,,45,46,122,165,133,121,92,44,56,181,147,124,128,119,104,59,157,15,34,31,25,,,,,,,,,,,,,,,,,,,2024-03-20
Karnataka,Chamarajanagar,64,,42,55,90,161,139,129,97,42,44,198,163,119,NR,111,97,61,292,22,33,30,23,,,,,,,,,,,,,,,,,,,2024-03-20
Karnataka,Kolar,47,,44,46,122,145,125,125,125,39,47,158,138,151,130,120,100,51,330,11,25,31,31,,,,,,,,,,,,,,,,,,,2024-03-20
Karnataka,Haveri,57,,39,42,136,185,134,134,80,40,62,150,160,139,140,143,92,43,238,14,63,57,17,,,,,,,,,,,,,,,,,,,2024-03-20
Karnataka,Bagalkot,54,,45,45,72,160,136,120,109,38,57,191,203,112,148,143,99,44,420,26,29,44,25,,,,,,,,,,,,,,,,,,,2024-03-20
Karnataka,Bidar,59,,42,60,85,165,130,125,100,44,66,224,137,137,117,127,100,67,320,28,35,55,20,,,,,,,,,,,,,,,,,,,2024-03-20
Karnataka,Koppal,52,,39,42,83,131,130,115,130,43,43,143,173,126,165,140,106,44,256,12,38,22,18,,,,,,,,,,,,,,,,,,,2024-03-20
Karnataka,Mandya,54,,44,44,94,157,146,129,98,42,47,196,198,109,170,113,98,49,354,18,30,21,19,,,,,,,,,,,,,,,,,,,2024-03-20
Karnataka,Yadgir,58,,45,36,75,160,140,120,100,41,60,182,170,112,148,117,100,53,420,26,40,43,28,,,,,,,,,,,,,,,,,,,2024-03-20
Karnataka,Chikkamagalur,59,,45,40,101,168,157,133,101,44,49,177,162,110,110,111,93,60,190,17,31,30,21,,,,,,,,,,,,,,,,,,,2024-03-20
Karnataka,Bangalore Rural,62,,38,55,91,142,140,131,110,40,44,180,140,107,155,127,83,50,245,15,25,22,21,,,,,,,,,,,,,,,,,,,2024-03-20
Karnataka,Chikkaballapur,54,,45,38,80,137,123,112,87,41,42,162,130,91,120,105,93,47,417,14,34,36,35,,,,,,,,,,,,,,,,,,,2024-03-20
Karnataka,Chitradurga,64,,46,56,82,152,164,152,157,39,47,155,178,142,147,159,107,45,312,31,20,35,25,,,,,,,,,,,,,,,,,,,2024-03-20
Karnataka,Gadag,70,,45,48,84,165,130,124,114,42,70,172,168,126,140,122,100,45,320,10,30,35,20,,,,,,,,,,,,,,,,,,,2024-03-20
Karnataka,Hassan,45,,44,56,70,150,115,96,88,38,50,160,184,106,150,145,95,49,230,15,26,30,20,,,,,,,,,,,,,,,,,,,2024-03-20
Karnataka,Kodagu,58,,41,48,108,194,146,130,125,42,48,175,180,155,162,115,99,40,213,16,30,33,21,,,,,,,,,,,,,,,,,,,2024-03-20
Karnataka,Udupi,52,,54,56,128,145,156,130,129,48,48,174,176,121,152,158,119,51,289,28,35,38,28,,,,,,,,,,,,,,,,,,,2024-03-20
Karnataka,Uttara Kannada,54,,46,40,107,160,150,132,117,49,50,215,182,125,152,112,107,47,251,27,32,30,28,,,,,,,,,,,,,,,,,,,2024-03-20
Karnataka,Vijayanagara,64,,44,44,84,152,129,122,111,44,48,178,157,127,115,110,89,45,245,16,27,26,22,,,,,,,,,,,,,,,,,,,2024-03-20
Kerala,T.Puram,55,,42,64,83,155,152,123,132,43,52,223,170,131,130,114,94,63,267,18,35,32,33,,,,,,,,,,,,,,,,,,,2024-03-20
Kerala,Ernakulam,53,,44,42,107,182,172,142,110,44,56,215,153,135,NR,122,115,65,227,17,42,37,35,,,,,,,,,,,,,,,,,,,2024-03-20
Kerala,Kozhikode,45,,49,42,97,162,140,142,109,42,53,223,183,131,NR,117,98,61,259,16,32,28,23,,,,,,,,,,,,,,,,,,,2024-03-20
Kerala,Thrissur,53,,49,59,103,196,161,156,123,45,54,241,197,141,NR,122,108,69,259,16,41,36,40,,,,,,,,,,,,,,,,,,,2024-03-20
Kerala,Palakkad,53,,44,52,97,171,147,129,102,42,50,215,157,135,NR,113,98,53,240,13,40,27,23,,,,,,,,,,,,,,,,,,,2024-03-20
Kerala,Wayanad,46,,49,42,104,173,148,140,102,42,52,NR,166,140,NR,120,108,52,220,16,34,29,25,,,,,,,,,,,,,,,,,,,2024-03-20
Kerala,Kasargod,48,,48,52,104,170,162,134,100,41,61,NR,NR,140,NR,110,98,46,260,16,33,24,24,,,,,,,,,,,,,,,,,,,2024-03-20
Kerala,Kottayam,56,,41,45,129,174,128,128,131,43,56,NR,190,144,NR,120,98,60,225,13,43,30,43,,,,,,,,,,,,,,,,,,,2024-03-20
Kerala,Pathanamthitta,55,,34,39,95,178,148,138,143,42,53,NR,218,190,NR,120,100,67,237,14,38,32,50,,,,,,,,,,,,,,,,,,,2024-03-20
Kerala,Alapuzha,45,,46,64,94,163,157,146,116,42,52,NR,NR,134,NR,115,NR,65,202,13,37,27,23,,,,,,,,,,,,,,,,,,,2024-03-20
Kerala,Kollam,45,,49,42,108,203,161,NR,108,44,52,224,NR,143,NR,122,114,68,230,16,45,35,38,,,,,,,,,,,,,,,,,,,2024-03-20
Kerala,Idukki,54,,41,40,87,163,NR,127,87,43,60,NR,153,131,NR,116,95,62,180,14,41,31,38,,,,,,,,,,,,,,,,,,,2024-03-20
Kerala,Kannur,NR,,NR,NR,NR,NR,NR,NR,NR,NR,NR,NR,NR,NR,NR,NR,NR,NR,NR,NR,NR,NR,NR,,,,,,,,,,,,,,,,,,,2024-03-20
Kerala,Malapuram,46,,47,43,92,172,148,132,147,41,56,239,160,133,NR,120,104,51,230,14,36,29,20,,,,,,,,,,,,,,,,,,,2024-03-20
Puducherry,Puducherry,60,,41,36,87,162,127,115,89,41,48,189,144,132,NR,106,95,51,300,26,41,31,22,,,,,,,,,,,,,,,,,,,2024-03-20
Tamil Nadu,Chennai,59,,44,42,86,168,145,122,93,42,40,169,148,111,NR,111,97,60,278,27,35,28,25,,,,,,,,,,,,,,,,,,,2024-03-20
Tamil Nadu,Madurai,58,,41,64,83,157,141,124,88,42,45,209,192,152,NR,114,88,46,263,27,36,31,21,,,,,,,,,,,,,,,,,,,2024-03-20
Tamil Nadu,Dindigul,65,,45,41,89,164,141,125,88,41,60,208,180,116,NR,115,102,54,282,19,37,27,16,,,,,,,,,,,,,,,,,,,2024-03-20
Tamil Nadu,Thiruchirapalli,65,,45,65,89,160,142,124,110,43,43,196,170,123,NR,114,98,59,NR,26,38,36,22,,,,,,,,,,,,,,,,,,,2024-03-20
Tamil Nadu,Coimbatore,46,,43,44,80,154,138,121,78,42,40,192,142,131,NR,112,97,56,243,26,31,26,19,,,,,,,,,,,,,,,,,,,2024-03-20
Tamil Nadu,Tirunelveli,58,,43,46,91,162,146,121,87,42,42,188,146,112,NR,113,95,52,242,24,37,32,27,,,,,,,,,,,,,,,,,,,2024-03-20
Tamil Nadu,Cuddalore,66,,46,49,87,174,144,123,101,42,48,216,203,161,NR,110,90,54,313,24,38,34,21,,,,,,,,,,,,,,,,,,,2024-03-20
Tamil Nadu,Dharmapuri,63,,44,40,82,155,135,117,83,41,43,222,NR,115,NR,122,99,50,270,25,30,30,20,,,,,,,,,,,,,,,,,,,2024-03-20
Tamil Nadu,Vellore,70,,45,41,91,160,142,125,100,41,45,172,163,139,NR,109,86,52,267,26,32,27,26,,,,,,,,,,,,,,,,,,,2024-03-20
Tamil Nadu,Ramanathapuram,62,,40,59,81,149,141,116,97,42,44,209,235,121,NR,125,95,51,273,27,41,36,26,,,,,,,,,,,,,,,,,,,2024-03-20
Tamil Nadu,Erode,60,,48,43,90,151,136,122,85,42,45,188,183,111,NR,115,100,52,288,25,39,26,18,,,,,,,,,,,,,,,,,,,2024-03-20
Tamil Nadu,Karur,47,,48,55,85,157,131,123,89,42,43,217,152,115,NR,114,90,51,298,12,40,37,22,,,,,,,,,,,,,,,,,,,2024-03-20
Tamil Nadu,Perambalur,60,,NR,63,88,155,143,118,89,43,43,221,164,119,NR,114,89,51,NR,26,37,30,23,,,,,,,,,,,,,,,,,,,2024-03-20
Tamil Nadu,Pudukkottai,65,,48,64,90,160,147,128,NR,44,45,211,198,143,NR,112,97,52,NR,27,40,30,30,,,,,,,,,,,,,,,,,,,2024-03-20
Tamil Nadu,Sivagangai,69,,47,62,89,159,149,127,100,42,44,215,213,142,NR,113,103,51,277,26,40,40,30,,,,,,,,,,,,,,,,,,,2024-03-20
Tamil Nadu,Thanjavur,59,,46,40,88,171,148,130,80,43,44,203,170,132,NR,110,94,51,260,21,35,32,23,,,,,,,,,,,,,,,,,,,2024-03-20
Tamil Nadu,The nilgiris,75,,45,44,93,162,154,134,92,43,54,208,177,105,NR,115,95,64,213,27,48,31,17,,,,,,,,,,,,,,,,,,,2024-03-20
Tamil Nadu,Thoothukudi,59,,45,57,84,156,145,125,86,44,54,232,190,125,NR,113,98,55,306,11,37,37,22,,,,,,,,,,,,,,,,,,,2024-03-20
Tamil Nadu,Viluppuram,58,,49,40,89,160,129,127,96,42,50,167,162,109,NR,111,97,58,NR,26,35,30,25,,,,,,,,,,,,,,,,,,,2024-03-20
Tamil Nadu,Virudhunagar,60,,42,63,85,151,134,121,78,43,45,189,149,127,NR,109,101,52,293,28,39,35,23,,,,,,,,,,,,,,,,,,,2024-03-20
Tamil Nadu,Kanniyakumari,57,,39,53,84,148,136,119,132,41,41,190,180,120,NR,110,99,50,258,25,35,30,25,,,,,,,,,,,,,,,,,,,2024-03-20
Tamil Nadu,Namakkal,67,,46,61,92,163,133,123,93,42,44,202,161,113,NR,109,94,55,NR,26,35,31,27,,,,,,,,,,,,,,,,,,,2024-03-20
Tamil Nadu,Tiruvannamalai,66,,49,60,85,162,141,110,89,44,65,183,173,114,NR,113,88,58,295,27,35,27,24,,,,,,,,,,,,,,,,,,,2024-03-20
Tamil Nadu,Tiruvarur,58,,62,62,83,173,129,124,NR,42,52,229,134,125,NR,112,88,52,NR,25,37,40,35,,,,,,,,,,,,,,,,,,,2024-03-20
Tamil Nadu,Tiruppur,NR,,NR,NR,NR,NR,NR,NR,NR,NR,NR,NR,NR,NR,NR,NR,NR,NR,NR,NR,NR,NR,NR,,,,,,,,,,,,,,,,,,,2024-03-20
Tamil Nadu,Tenkasi,64,,46,59,85,158,154,119,NR,43,66,227,195,122,NR,115,99,56,275,22,36,31,31,,,,,,,,,,,,,,,,,,,2024-03-20
Tamil Nadu,Nagapattinam,NR,,NR,NR,NR,NR,NR,NR,NR,NR,NR,NR,NR,NR,NR,NR,NR,NR,NR,NR,NR,NR,NR,,,,,,,,,,,,,,,,,,,2024-03-20
Tamil Nadu,Krishnagiri,61,,42,38,87,164,138,120,87,40,44,195,NR,105,NR,110,90,50,503,26,30,25,20,,,,,,,,,,,,,,,,,,,2024-03-20
Tamil Nadu,Ariyalur,64,,NR,64,83,153,148,127,90,43,44,205,182,122,NR,115,95,50,NR,26,40,35,20,,,,,,,,,,,,,,,,,,,2024-03-20
Tamil Nadu,Kallakurichi,65,,48,63,93,167,132,130,99,42,47,185,173,114,NR,113,101,54,NR,26,37,32,27,,,,,,,,,,,,,,,,,,,2024-03-20
Tamil Nadu,Kancheepuram,64,,49,63,87,165,144,127,94,42,40,186,157,122,NR,111,97,66,NR,26,35,30,23,,,,,,,,,,,,,,,,,,,2024-03-20
Tamil Nadu,Salem,52,,45,45,85,150,135,120,97,44,45,187,157,117,NR,117,102,48,280,33,36,38,23,,,,,,,,,,,,,,,,,,,2024-03-20
Tamil Nadu,Theni,62,,48,49,85,148,136,116,86,42,48,182,169,118,NR,118,99,46,265,12,33,31,17,,,,,,,,,,,,,,,,,,,2024-03-20
Tamil Nadu,Chengalpattu,58,,45,60,85,175,155,135,95,44,40,203,185,122,NR,118,99,60,560,28,42,33,31,,,,,,,,,,,,,,,,,,,2024-03-20
Tamil Nadu,Mayiladuthurai,59,,50,62,90,170,142,125,NR,44,44,233,165,173,NR,113,93,57,360,27,30,30,25,,,,,,,,,,,,,,,,,,,2024-03-20
Tamil Nadu,Ranipet,NR,,NR,NR,NR,NR,NR,NR,NR,NR,NR,NR,NR,NR,NR,NR,NR,NR,NR,NR,NR,NR,NR,,,,,,,,,,,,,,,,,,,2024-03-20
Tamil Nadu,Tirupattur,68,,41,44,83,155,141,127,99,42,70,181,218,157,NR,115,86,54,270,18,30,30,25,,,,,,,,,,,,,,,,,,,2024-03-20
Tamil Nadu,Tiruvallur,70,,44,60,88,177,137,137,95,43,40,207,173,123,NR,114,91,62,540,28,30,30,30,,,,,,,,,,,,,,,,,,,2024-03-20
Telangana,Hyderabad,59,,39,39,82,144,120,109,92,39,52,148,149,93,104,104,92,51,266,18,19,19,19,,,,,,,,,,,,,,,,,,,2024-03-20
Telangana,Karimnagar,49,,45,59,77,145,135,117,88,41,68,156,140,99,NR,111,88,62,308,25,NR,NR,NR,,,,,,,,,,,,,,,,,,,2024-03-20
Telangana,Warangal,49,,36,38,79,132,110,109,90,41,60,165,165,148,174,103,92,54,274,15,30,43,35,,,,,,,,,,,,,,,,,,,2024-03-20
Telangana,Adilabad,62,,42,52,80,160,130,120,80,39,80,160,160,100,150,107,95,55,300,28,25,25,25,,,,,,,,,,,,,,,,,,,2024-03-20
Telangana,Suryapet,49,,45,44,72,163,123,121,93,37,60,165,156,130,NR,114,92,52,280,22,26,21,21,,,,,,,,,,,,,,,,,,,2024-03-20
Telangana,Jadcherla,40,,30,50,75,165,125,110,95,39,57,170,178,126,NR,116,108,55,292,14,15,28,32,,,,,,,,,,,,,,,,,,,2024-03-20
Telangana,Khammam,60,,50,45,85,175,120,110,100,45,75,165,170,145,178,125,105,55,330,28,45,20,20,,,,,,,,,,,,,,,,,,,2024-03-20
Telangana,Medchal,62,,44,45,85,167,138,123,90,45,61,169,198,120,125,120,100,50,260,18,32,29,25,,,,,,,,,,,,,,,,,,,2024-03-20
Telangana,Nizamabad,46,,44,39,85,160,128,128,104,43,75,180,191,109,NR,130,115,65,344,13,28,25,15,,,,,,,,,,,,,,,,,,,2024-03-20
Telangana,Sangareddy,63,,41,44,76,146,120,111,86,40,70,150,150,128,170,115,90,65,360,24,30,20,29,,,,,,,,,,,,,,,,,,,2024-03-20
Commodity Name,Commodity Name,Rice,Rice,Wheat,Atta (Wheat),Gram Dal,Tur/Arhar Dal,Urad Dal,Moong Dal,Masoor Dal,Sugar,Milk @,Groundnut Oil (Packed),Mustard Oil (Packed),Vanaspati (Packed),Soya Oil (Packed),Sunflower Oil (Packed),Palm Oil (Packed),Gur,Tea Loose,Salt Pack (Iodised),Potato,Onion,Tomato,Bajra(whole),Jowar(whole),Maida(wheat),Ragi(whole),Suji(whole),Besan,Desi Ghee,Butter(Pasteurised),Eggs,Brinjal,Black Pepper(whole),Coriander(whole),Cummin Seed(whole),Red Chillies(whole),Turmeric(powder),Banana,GInger,Garlic,2024-03-20
Average Price1,Average Price1,44.32,,30.85,36.02,83.74,148.49,123.75,117.2,93.2,44.31,58.6,190.08,135.53,125.59,124.35,123.33,101.2,52.71,282.25,22.49,23.97,33.05,32.71,,,,,,,,,,,,,,,,,,,2024-03-20
Maximum Price1,Maximum Price1,75,,62,69,136,203,174,180,157,70,83,262,235,220,185,230,168,167,560,33,63,77,88,,,,,,,,,,,,,,,,,,,2024-03-20
Minimum Price1,Minimum Price1,25,,21,27,60,87,85,81,70,37,37,122,103,90,93,95,80,36,157,9,10,15,12,,,,,,,,,,,,,,,,,,,2024-03-20
Modal Price1,Modal Price1,40,,28,32,80,160,120,120,100,44,60,186,127.5,125,110,115,100,50,300,28,20,30,30,,,,,,,,,,,,,,,,,,,2024-03-20
,,,,,,,,,,,,,,,,,,,,,,,,,,,,,,,,,,,,,,,,,,,2024-03-20
"Department of Consumer Affairs ( Price Monitoring Division)Date 20/03/2024 Daily Retail Prices Of Essential Commodities  StateCentreRiceBroken RiceWheatAtta (Wheat)Gram DalTur/Arhar DalUrad DalMoong DalMasoor DalSugarMilk @Groundnut Oil (Packed)Mustard Oil (Packed)Vanaspati (Packed)Soya Oil (Packed)Sunflower Oil (Packed)Palm Oil (Packed)GurTea LooseSalt Pack (Iodised)PotatoOnionTomatoBajra (whole)Jowar (whole)Maida (wheat)Ragi (whole)Suji (whole)BesanDesi GheeButter (Pasteurised)Eggs BrinjalBlack Pepper (whole)Coriander (whole)Cummin Seed (whole)Red Chillies (whole)Turmeric (powder)BananaGingerGarlic  UnitQty1 Kg1 Kg1 Kg1 Kg1 Kg1 Kg1 Kg1 Kg1 Kg1 Kg1 ltr1 Kg1 Kg1 Kg1 Kg1 Kg1 Kg1 Kg1 Kg1 Kg1 Kg1 Kg1 Kg1 Kg1 Kg1 Kg1 Kg1 Kg1 Kg1 Kg100 gmDozen1 Kg100 gm250 gm100 gm100 gm50 gm1 Kg100 gm100 gm  Average PriceAverage Price44.32 30.8536.0283.74148.49123.75117.293.244.3158.6190.08135.53125.59124.35123.33101.252.71282.2522.4923.9733.0532.71 Maximum PriceMaximum Price75 6269136203174180157708326223522018523016816756033637788 Minimum PriceMinimum Price25 21276087858170373712210390939580361579101512 Modal PriceModal Price40 2832801601201201004460186127.51251101151005030028203030 NORTH ZONENORTH ZONE  ChandigarhChandigarh42 3236801351151139445591901501281301451055127627143543 DelhiDelhi40 2931801571371228744542071371241261331015724326243742 HaryanaHisar35 2729751451091087542571881171081141231024024025142432 Karnal63 32398612612012212546661811351391471751334328030184831 Panchkula35 333682135101110954559151128127111153915121826245530 Gurgaon40 25356510095908842561851651301371631004419020153530 Himachal PradeshShimla44 NR3785165143126915060214165131121NRNR5522028253547 Mandi42 NR34781611401268046472241591301211451194727028203440 Dharamshala28 NR3084153130128934540NR159137138NRNR4722028243050 Solan41 NR3283157135117854650214159128120134NR4922028223743 Una41 NR3182156131121854464NR141133117NRNR5022528213640 Bilaspur-hp44 NR3181157134118874658NR161130133NRNR4531827203542 Chamba36 NR3583156130120895055NR163140128NRNR4423528213540 Hamirpur-HP39 NR3183162132119894565NR161135NRNRNR4625928253238 Kullu40 NR3281167132111854640NR154129110141NR4223028204050 Sirmour37 2134791101301089645502281651351431551214132725293742 Kinnaur42 NR3579149131110854645NR145115118132NR3922927284050 Lahaul & Spiti41 NR40921661221001005071NR172151NRNRNR5648028405060 Jammu and KashmirSrinagar38 36501001301201401155045NR140133132163NR5029328304050 Jammu43 3035821721331201004650NR1481301271421034929028223743 PoonchNR NRNRNRNRNRNRNRNRNRNRNRNRNRNRNRNRNRNRNRNRNR Kupwara36 2634901101101201006048NR1481451431481425030724224143 UdhampurNR NRNRNRNRNRNRNRNRNRNRNRNRNRNRNRNRNRNRNRNRNR Shopian40 45451201231201201205049NR150147145138NR4833728273555 Samba60 283479153130120984555NR1201251201281005030028203040 Ramban60 NR35851531201131005060NR153137120NRNR5232025203850 RajouriNR NRNRNRNRNRNRNRNRNRNRNRNRNRNRNRNRNRNRNRNRNR KishtwarNR NRNRNRNRNRNRNRNRNRNRNRNRNRNRNRNRNRNRNRNRNR DodaNR NRNRNRNRNRNRNRNRNRNRNRNRNRNRNRNRNRNRNRNRNR BaramullaNR NRNRNRNRNRNRNRNRNRNRNRNRNRNRNRNRNRNRNRNRNR ReasiNR NRNRNRNRNRNRNRNRNRNRNRNRNRNRNRNRNRNRNRNRNR KathuaNR NRNRNRNRNRNRNRNRNRNRNRNRNRNRNRNRNRNRNRNRNR PunjabAmritsar36 293872155116112904254183110105110114NR4527226203038 Ludhiana37 2432871681401151004460210137122127135NR5032027193345 Bathinda40 2330901701401201004457NRNRNRNRNRNR5429325193038 Barnala40 232785163125110854454208117112105120904231728193135 Hoshiarpur34 26309014011512011043622001201401251401106426320203030 Faridkot42 233287153132127924555233127122112132935231328222838 Mansa40 242890127110100984852NR125125130NRNR5528028203139 Sri Muktsar Sahib41 263182160127117904262203112118113112974525026223232 Dera Bassi38 2230861601201201104355NR128117120NRNR5324728193037 Sangrur42 2730811601161108145601621251161191261024222029203040 Ropar37 28338515814312510343622071251151181341005726828223240 Amargarh42 2630801721181208045601601151201201301004025028152535 Fatehgarh Sahib48 25359012012010510545652001251181171621155024326133030 Ferozepur41 2532911901421241014360223124124121147985028128172928 Kapurthala34 25328213012812211744682101221331321381126228022234247 Uttar PradeshLucknow40 3035851451251208344662111301161211201154526528203340 Kanpur35 2732901601421309046601961501131261401175623426223245 Varanasi41 2735831551241198248702121361341291391175628128213145 Agra44 2931861391071028445671691301251211161124024028NRNRNR Jhansi43 2532781551041118145521911211111021211124321026162125 Meerut35 30378313812811311046651641461451511741484624425132639 Allahabad30 2638781501181169645621721401281301621105225024223836 Gorakhpur39 253769151137114744459214132119122121894921927203457 Saharanpur34 28358716712512010543681651271231301481214925328172831 Bareilly38 26318815713212111742661991281181181251004731528193242 Ayodhya32 26317215095105894155193156121136175964521728392924 Moradabad37 2532781421161119142611881371271301531094625625163034 Aligarh40 28348017014011011044602081221181111481374924227193842 Mirzapur (Vindhyanchal)30 2531871551341231054855205140120125140985524028203022 Banda38 2836781401151127842631971231151061631005216521212837 Azamgarh36 323282152117115954564221151130125126994628028163236 Gonda (Devipatan)37 27348518013012010045641851381551601901404934027233841 Amethi37 253875125921108844621891631341531901185025925224638 Barabanki39 30348015412011910045642031501351501751194922028132930 Bhadohi34 232965135851008943601901601451451851055023525183035 Chandauli30 263379140120119804260136120120105109905724726202929 Farrukhabad43 2531751471181128744661831271181251671004122726152837 Ghazipur36 2433831421311298243692171321251241451005225328242841 Jaunpur44 273580142120122804362185140124118164905726028203040 UP-Pratapgarh40 283279145137118834368207133122126113975126626192837 Sambhal40 2432751301201009042601731301421421751283821729153040 Santkabir Nagar32 253276125115112964362183150145145175NR4425728144540 Shahjahanpur37 26339813513012613044672031691651681801424726326243340 Sitapur33 2932801081041049541591771591421521711173924127123429 SultanpurNR NRNRNRNRNRNRNRNRNRNRNRNRNRNRNRNRNRNRNRNRNR Unnao39 273178145128108884458198129118123155994723026202838 Ambedkar Nagar45 2937881201191159845602001651401601701336019027184343 Amroha40 26308014010012010043501971401401471801004220025203022 Baghpat40 NR287515012011310042652161341211231231014520027204040 Bijnor37 263570153107958742601631541331481481404531026172827 Budaun41 253285120112105954460200120117117120904829228152834 Etah42 2733701601001059545652051401431401581185028527122730 Fatehpur35 25427512015511510045682151671281371761205022528203833 Ghaziabad37 29318616313512311243651881221251131281004920626243340 Hardoi45 253371145123121884468218134126128161984922927203041 Jalaun33 2732841591081058942561841421521511701055223228182940 Kaushambi40 2534731441231038444591721421201321701195022828183740 Kushinagar40 293981151124132854570185141135133158994424528222945 Lakhimpur Kheri40 25347714595103824558190136NR1481561075421828153030 Pilibhit39 28328214313712813344662101451451401551154226528183832 Sharwasti40 263285147127124844550147142115137NR1024520328192835 Siddharth Nagar40 2830801571201408245641661421261321651045023326203033 Sonbhadra45 2934781621011059847602051401371451731154729725163532 Rampur51 262980132112113874355163132127118143934625516232733 Bahraich36 2633701551301109642451551481371441271204525027193425 Basti40 223070145110105824264155140134131148984724225204038 Etawah43 3035851661281019145651891331331301821154422330142825 Muzzafarnagar41 2831721061051021004475143123121119161993822827102630 Chitrakoot34 2735771451001058542501721381231251651134522028253035 Hamirpur-UP46 273485161146112864267220135131106137934426526203240 Deoria43 29317213910410910345582041321251231521394522427203037 Hapur35 28357415012511510042651901471271301271054322027203035 Bulandshahr40 253585140100100904470NR1251231231881004025026192220 Kanpur Dehat40 2430105140140107904566180125135135130955021028152840 Hathras38 2729801351201039041651651151351181731404422025112236 Raebareli42 2933831481221188744672251331181231371085022527243842 Lalitpur36 23296713892949041531721321291261881343925825193025 Mohaba33 26308713798979046581501201121181721055019228202338 Gautam Budh Nagar37 2832841521281158643662341461211351391095324827173038 Auraiya37 26356714090898043711831641331341841344923126192738 Maharajganj34 2733781471201208044632031381151291511014621327212844 Balrampur34 2534721431291168944NR214131111125129915321329182941 Kannauj38 2630801481001088244691751301201351821184124228213027 Mathura34 29347211592969540621711461431441681083626729133429 Firozabad38 35378211511811211840651901581171421821114530029133942 Kasganj47 2731751371231201104264192133125123147994922328163338 Mainpuri33 2532661101001008739691771531221341641104324830202020 Shamli38 262970138128110904168202120115110128925028026192540 Ballia32 2932841581111119843562001601481471471505024327132626 Mau39 253282147118120854362203130115119115945027427152937 UttarakhandDehradun35 2437801631101151004757145125120123165NR4828730133038 Haldwani37 33331009799969940571451471491481461435125428162625 Rudrapur36 2633851621201251004263NRNRNRNRNRNR5121728112526 Haridwar41 273584139113106844566148135125134142NR6229929213038 WEST ZONEWEST ZONE  ChhattisgarhRaipur39 4443901451281159445551981351331181331054824727283035 Durg38 3741821561211218046531961401191231181175624015212516 Ambikapur32 32329417711110410740401911921721721751583626811223224 Bilaspur-CG40 283080167901039040501851821531601741374520326276235 Jagdalpur36 36461151671061009943511961591011321361014035124232618 Dantewada49 393989152129119794473232142112109114945955928243820 DhamtariNR NRNRNRNRNRNRNRNRNRNRNRNRNRNRNRNRNRNRNRNRNR Rajnandgaon52 41409316910510510743592531331471031091015432330213521 Koriya38 33357514898113804276198131951241731104520027202520 DNH and DDSilvasa58 4343881661351319441661781401401141231025749027202522 Daman41 434082133128113884466183137118123122938120026202727 Diu47 37589017515013310044612201681391651381177036028222630 GoaPanaji52 484095172145138984456217175153173117985831525373228 Margao52 484788160147128934259223143133127122976034324NRNRNR GujaratAhmedabad33 323474131107968040581951441421381331105124613224532 Rajkot42 363978153117105874059176126135137117955530017252223 Surat32 3232751601201108539621881309511011084492009184020 Bhuj45 3737801601301159544581801501501201251005526028252522 Selamba60 40449016014013010042681721351221201231174526715222830 Waghai42 40468014012013010543561921531431551351224825513283832 Bodeli41 3439831371171038843581941451281371321035229213224629 VapiNR NRNRNRNRNRNRNRNRNRNRNRNRNRNRNRNRNRNRNRNRNR BilimoraNR NRNRNRNRNRNRNRNRNRNRNRNRNRNRNRNRNRNRNRNRNR IdarNR NRNRNRNRNRNRNRNRNRNRNRNRNRNRNRNRNRNRNRNRNR JhalodNR NRNRNRNRNRNRNRNRNRNRNRNRNRNRNRNRNRNRNRNRNR SongashNR NRNRNRNRNRNRNRNRNRNRNRNRNRNRNRNRNRNRNRNRNR Madhya PradeshBhopal38 303282152122112824360176135121106125NR5027012232325 Indore42 27359014511812092NRNRNRNRNRNRNRNRNRNRNRNRNRNR Gwalior36 344382160120129904466214141121115125NR5423028122524 JabalpurNR NRNRNRNRNRNRNRNRNRNRNRNRNRNRNRNRNRNRNRNRNR Rewa42 24509110499116964653172157113142141NR4439319172420 Sagar40 252773148120108854159194136100108119954523222171923 Jhabua43 283790162122127944256191135130108142NR5330022293327 Hoshangabad46 2834861681141151014360185126106111121954540013NRNRNR Shahdol33 32357017095105854275170130125115170NR4418025203040 Ujjain42 303582148122115934458190135125122122995227818223232 Morena36 28308518012011510043651821111251251771035524016153535 Anuppur35 3034801401121201004350203123120110127904520010233022 Bhind39 33367012393959043601631231201251651203823015183840 Dhar45 28428315912411310542571821361251061331684922823203038 Harda35 283280153128107904260187135123100118NR4520027243032 Katni35 2730801501201208045501901101101101251104518028202825 Khandwa32 243069157112113108415318215313999157NR4825220202527 Mandla47 3037781331201177840491951321081131231084224319202513 Rajgarh39 313698999398894169135108101107102NR4823819243233 Sidhi36 26349514095959544602531251201151571404526028253030 Chattarpur33 263083182901259242502051251301101261155222518152530 Neemuch40 253280165120112804353172133127108132NR453829203035 Burhanpur39 3234741541241147744521541241241131211044418327282828 Narshinpur39 273975163120115854455195153110104143NR3928212172217 Raisen39 283078158120120884260188132110108NRNR4522028202230 Sheopur44 273480150130120854060170120120105150NR4228028203035 Agar malwa45 253280170128115954055185132124105120NR4436516202440 Umaria43 323570130115115874460150115103108203NR4222018223327 Shajapur50 273481156138127934260173120115105122NR4536028303842 Dewas43 24338415211311193415617312211398110NR4322511222529 Khargone40 283580140110110904255185185155130190NR4540028224525 Singrauli36 273290147111114874660217125102114142924930028203134 Chhindwara45 2632821491191178243552301551151251311293819810212824 Sehore38 253285155119110854350172125121110124NR4521111183034 MP-Ashoknagar41 2831681501251178941582531401381221401134021828203035 Balaghat39 353480148128120894052216154106116126NR5220010203020 Guna40 283078147110108804160190123100110123984520028202330 Ratlam34 2635881601421259742551891401321201351154230010162833 Satna31 2535751401001008042602101281181301281034520028183523 Vidisha38 303278150130117844065171123109104128NR4521310202020 Alirajpur40 30359016011510510743652101431411151301005029710253725 Betul53 273279149125115924457179136120108131NR4622717242933 Damoh32 303280160120110854450195135125115125NR4920510202430 Dindori40 35359314014013088455722013390110140NR5024728204030 Niwari33 253275149119115894464205135123118180964221128223244 Seoni45 32357012590110784154200127102113122NR3918811152320 Panna36 2533811461051009544502051171181071371174920310152025 Tikamgarh37 404072156951148042401871411311091371184822525203520 MaharashtraMumbai42 475411320017416510949581981881461421511118031027362929 Nagpur52 455085155125125905263200150145109116896528327383642 Pune60 4151831681211328447691921511161131111104631527231528 Nashik40 424187160132123904154179170123101115955430026273030 Mangaon-Raigad45 4445841501341219044551991261161151091056330023232323 Dharni39 353579152120125904249181148124113137NR4929913273138 Latur57 3336911731391381043965205141951091131084520128252522 Akluj47 3438861571271211014250185128123116124965630525292529 Arni Yavatmal48 323372153122115974263187152123104118NR5730010302030 Chandrapur54 4646821751371331094668187163163106111NR6322328302315 Karad Satara46 3846841621481339841701861681301101141004928228302523 Ahemednagar59 44478615912911910040531641491191241261144422828221939 Khultabad59 303572145121119864049177NR131105119935730020293229 Islampur61 43487517013912010640691821761051251331054932330372327 Kankavli47 4445961631451321014355180172136104109925335520342816 Partur70 3340701601101101014055164198159110144954040910302720 Gondia55 4043781431111108141501561431031131151025121822222016 Jalgaon53 39408915613912911042602071521251071081226236827252528 Akola40 3338761541251151004365183141133102112905428526273033 RajasthanJaipur47 3032781601261147644NR198130127125137NR45NRNR222837 Jodhpur40 353673145121106754550195138NRNR125NR4825518234328 Kota38 263379140113105804455177160102101167NR4924025192320 Udaipur29 283088959295924550180190130180NR1205033324253830 Bharatpur45 283190155140118904358200110110109NRNR4729425242438 Ajmer38 3032651101051007540491941401111451411113832020125542 Bikaner39 353474122122112934337163103979395NR4320910141727 Bundi47 263175150120110904250168127110118143NR4831719212826 Rajsamand39 293378161117117884263172137122110125NR4928516242838 Alwar43 313568102120106894354170124123137147NR4230816212825 Banswara38 263469138103103924153175145110162165NR4636323213125 Baran35 302770958987803950130138119127125NR3720014222235 BarmerNR NRNRNRNRNRNRNRNRNRNRNRNRNRNRNRNRNRNRNRNRNR Bhilwara46 313668116107988843511901751341651871354428718264840 ChhitorgarhNR NRNRNRNRNRNRNRNRNRNRNRNRNRNRNRNRNRNRNRNRNR Churu32 283070879890823946172168145148169NR3830515253050 Dholapur41 303381145110111764760215120110112NRNR5419526213035 Dungarpur37 2831651141221181204456221160NR140192NR5129328273737 Hanumangarh34 272982133112105824143254127129109139NR3933014205647 JaisalmerNR NRNRNRNRNRNRNRNRNRNRNRNRNRNRNRNRNRNRNRNRNR Jalore39 3232701201101101004052195135133150188NR4231028304840 Jhalawar40 2528721209695864249183152125123168NR4238719273634 Jhunjhunu36 354098979898944044210155138141192NR3820717284538 Karauli36 2731661111101109044NR203148138138NRNR4048030193235 Nagaur33 32356610510681834155163167119164NRNR3831314213632 PaliNR NRNRNRNRNRNRNRNRNRNRNRNRNRNRNRNRNRNRNRNRNR RJ-Pratapgarh60 29317011010595844259NR180142112160NR38320NR232428 Sikar45 2733751008689854451166165101150153NR4431121234247 Sirohi39 3536661221211081054051193166134155188NR4926419203538 Sri Ganganagar50 263482999794954749155149160144NRNR5528227214851 Tonk43 242873115109104934353194130151151159NR4526714243725 Sawai Madhopur50 252764125103108713957198108108109180NR3828324223532 EAST ZONEEAST ZONE  BiharPatna42 303385145126117844556NR1211191321361234328026222939 Bhagalpur37 283279148109111814457NR1241151341691234332028213429 Purnia36 313576136116109744551NR124102114NR984231413202839 Darbhanga38 263678128130110804452NR132130130NR984619513223035 Gaya33 264380165108108814460NR1521441421401345034624172523 Muzzafarpur37 273276147113112754557NR129130126156964528725172931 Saran41 2835821491281198145561441271261221451084826426194767 MungerNR NRNRNRNRNRNRNRNRNRNRNRNRNRNRNRNRNRNRNRNRNR Saharsa40 283383128110101884555NR137123115NRNR5221723184532 Madhubani39 283276137123111794454154127128122152954930019173031 Rohtas (Sasaram)NR NRNRNRNRNRNRNRNRNRNRNRNRNRNRNRNRNRNRNRNRNR Motihari38 283276126110106824457148138130128158944328520153030 Samastipur42 263277124109113804451160145114145154994332221173133 Katihar37 293278151124113764457NR133129130145NR4832419142626 Araria41 254081141141100804456NR130124124183925234323142837 Nawada38 2535861601221148344602271531201141701115028027123528 Khagaria43 243679123114118794342NR1301071221301054237027163328 Banka35 283675140110100754156NR1271091211831054220514134030 Arwal36 263272140110120784353NR1371231411251104427725192720 Aurangabad35 2532741511201187844582221301461331971175219727212930 Begusarai37 273175124109104804353NR125121119NR964431913132918 Bhojpur Ara43 273282139124129744556225144162145198NR4936229202520 Buxar30 2730761401221227944601281481181181481174426028162919 Gopalganj42 2832801701101208044552201301251301601006024526203020 Jamui38 283372139117114754357NR129111131NR1223825429163222 Jehanabad35 303475149127119764355NR134119121162NR4424425162525 Kaimur38 283273152127113744558187133115140191924520024133319 Kishanganj36 273378145113110804355NR125120115137994530025163030 Lakhisarai37 303573144110115864658NR148128138NR1284425626193844 Medhepura39 263477143129111754656NR124101113114974433912193652 Nalanda34 303282150134112824363229142120116159NR4940328174033 Sheikhpura37 293685139110115834456NR145130135NRNR5424328183045 Sheohar38 263381164139125764555147128115130165905120927172628 Sitamarhi37 273375155128116794555NR1261181191521044927027193437 Siwan35 26307614110411176435418212192110181804420025203024 Supaul38 2732781601171137944511651251201351801005036514112424 Vaishali36 293272138118113744460150115101114160894520727142535 West Champaran41 2536771301141008842521661341621442031184729016193027 JharkhandRanchi44 363675145118105764556230123104115124994224027182525 Gumla40 293485125105987043552091371101101981044027010162525 Sahibganj40 313474174100120904658211145123NRNRNR5238020182520 Bokaro34 343680125959785NRNR170175130145170125NRNRNR204236 Lohardaga25 283672148118107734459NR1301281251521064420325122222 Simdega39 NR3577148123121774359NR13712512812611041NR27182430 Dhanbad38 3536821421281158046622101401221251221205030025182025 Jamshedpur (East Singbhum) 47 32341101271101049245582001471421651701104522025193535 Giridhi33 28308015010095754455NR125120120160904030019162328 Seraikella36 283580150125114764660169120141100131935121325203020 West Singhbhum44 4244741301281288947601511521271411411224927424253727 Daltonganj40 273583141115108834559NR125105118NR1055237025193022 Deoghar42 3638781451251099249601251631511541711015026430173130 Ramgarh35 3336601511241127446NRNR1321231531901034427925283820 Pakur49 3639821491181131134759125130114116141995341328192041 Jamtara35 2834811511311218645601421261051261211054834828212531 Latehar38 243274136115109754562NR122154116124944222630233023 Godda42 29347518013012085NRNR220130120130150110NRNRNR243535 Koderma38 3032801451221157944591491251021251491004920327192834 OdishaBhubaneshwar37 354280145122119804452NR132125NR112985222725253035 CuttackNR NRNRNRNRNRNRNRNRNRNRNRNRNRNRNRNRNRNRNRNRNR Sambalpur40 434876143115106754652NR145113NR1181154024028222520 Rourkela33 384177140119110754452NR12998108114974918027222415 Berhampur37 454077152120102754751NR1391031371151064924526214729 Jeypore44 403681148119115794552NR129107NR1141075021027252822 Balasore38 403885150123119834552NR13895NR113975624026203120 Baripada37 3038801551201157945521681371031331151006023026202525 Balangir44 364578136122114784252NR131104NR11310045NR28242524 Angul35 NR3969139131101774454NR130NRNR114854337425174724 BoudhgarhNR NRNRNRNRNRNRNRNRNRNRNRNRNRNRNRNRNRNRNRNRNR Dhenkanal36 354075147120113804452180135123126115855537027203022 JagatsinghpurNR NRNRNRNRNRNRNRNRNRNRNRNRNRNRNRNRNRNRNRNRNR Kandhamal38 384283148133118805158NR135123NR1159053NR27213220 Keonjhar39 3843841531211211004550NR133104NR1171025136927193842 MalkangiriNR NRNRNRNRNRNRNRNRNRNRNRNRNRNRNRNRNRNRNRNRNR Nabarangpur40 254592162138118854255122111129105115935029726232730 Nayagarh38 NR3977143120120904452NR129117NR1119055NR26212922 NuapadaNR NRNRNRNRNRNRNRNRNRNRNRNRNRNRNRNRNRNRNRNRNR Paralakhemundi Gajapati37 NR406714511112085NRNRNRNRNRNRNRNRNRNRNRNRNRNR Puri38 374179153121115814452NR134112NR116965327525213025 Rayagada38 333881159136119794752160138951441089147NR27262825 Sonepur43 NR4381155119116794055NR133120NR116944633321192520 Bhadrak35 NR3775142120110774352215125130185113855032025152030 JharsugudaNR NRNRNRNRNRNRNRNRNRNRNRNRNRNRNRNRNRNRNRNRNR KendraparaNR NRNRNRNRNRNRNRNRNRNRNRNRNRNRNRNRNRNRNRNRNR Jajpur35 404275145112110754256NR140120NR115915535025161833 Kalahandi38 3841891621101209044531831401051141201025433028203121 West BengalKolkata48 NR36831581321251004754NR129117118122956226322233537 Siliguri39 2934821541111149845501781291081111291075219813132420 Purulia33 NR318915212011282435112412593115125864729125172427 Kharagpur53 3538851501261149846542161351041191241025023827223020 Rampurhat45 2737801521221241104655182125108113123955428022193230 Malda43 2642731551151101054356NR140961221411196132021212523 Raiganj39 283375167127111108444418012998121127995624810183837 Alipurduar38 NR44751751101151104768NR120100110125985523810193938 Asansol52 NR42991561401531114464NR1401081131161054630026233130 BalurghatNR NRNRNRNRNRNRNRNRNRNRNRNRNRNRNRNRNRNRNRNRNR Bankura37 NR33821511351501134658235128118110124914928026172919 Barasat43 354085125NR13511246602001331141131081105623530275843 Bardhaman48 NR38851531301201104454220121110106120955826025222830 Baruipur56 NR35891221251401194355NR1321221051201024322327233022 Berhampore48 2740701259814010946582501401071171481044622013183030 Chinsurah51 NR36891531301431064651200121131101120965022126192824 Cooch behar45 NR34751401201151104460NR133110105140985029026204342 Howrah50 NR36901601401251124654NR128120115123NR5529327243720 Jalapiguri37 2845851601101181074556NR1231251101231005030025203230 Jhargram42 NR4079149126112904854NR125105101122903927329162921 Kalimpong38 3638951241281201004748NR140114148162NR5137715213530 Krishnagar35 NR376912210313710642441781131331171301144425319236861 Tamluk45 NR46991561201801195056NR1281251051231005430028192920 NORTH EAST ZONENORTH EAST ZONE  Andaman and NicobarPort Blair50 NR6996163157134955273NR176198NR1321187332520454853 Mayabunder43 NR6785160140128955271203179185NR1211147031518455060 Car Nicobar52 NR671011901591421086075262169160NR1391208528521506070 Arunachal pradeshItanagar50 NR4090160120120905073NR110110120160NRNRNR15213943 Namsai29 NR3585120120110955068NRNRNRNRNRNR7030030224040 Pasighat45 NR601001651401231035078163160137137190NR8032720305048 TawangNR NRNRNRNRNRNRNRNRNRNRNRNRNRNRNRNRNRNRNRNRNR AssamGuwahati38 3238811581051108548702131451401301401255020012213140 Barpeta37 28337612999115834770NR1571541691111394320312204631 Tinsukia36 NR3485140115115854874NR145140125130NR55180121830NR Dhubri35 333380160130115804675250135110105115985027512193038 GoalparaNR NRNRNRNRNRNRNRNRNRNRNRNRNRNRNRNRNRNRNRNRNR GolaghatNR NRNRNRNRNRNRNRNRNRNRNRNRNRNRNRNRNRNRNRNRNR Mangaldai49 33378711797116994770NR1611441411801356028014213025 Mushalpur41 343480142NR117874770NR1421421671581034621310182927 Udalguri40 273880140120110804970NR142130118153975025820153230 Bajali60 303485160130120854570NR167NR163180NR6040010173030 Hojai47 NR368014585115854973NR1251001181271026023010203329 Jorhat48 3043961489312511847742431581521151621156721712223229 Bongaigaon38 NR3170115951091054572NR1401521491741095034810153025 Morigaon40 NR3981150110120954460NR1421401471501076023710153019 SonariNR NRNRNRNRNRNRNRNRNRNRNRNRNRNRNRNRNRNRNRNRNR Tamulpur49 363685140125119944668NR143114129NR995129010202932 Sivasagar50 NR4784132125131944978NR142130142NRNR67270101730NR Biswanath CharialiNR NRNRNRNRNRNRNRNRNRNRNRNRNRNRNRNRNRNRNRNRNR Dibrugarh43 NR4186159125121944874NR142138126137NR5527323193445 Karimganj39 NR3783150133111804572NR132NR110127975523914212647 Majuli50 NR3892158881201004970NR135NR132NRNR5925615233868 Sonitpur Tezpur41 NR36691271081021004569226160172142171NR4629710162644 Haflong46 NR3678130NR120905572NR150NR130140NR8025030204040 AS-Lakhimpur38 NR338114197107914671NR138125123126NR6017515182823 Diphu42 NR3590157142126975074NR142NR1331631107623715203237 Nalbari50 NR461271601451078748791301581451521571124535010326035 South Salmara Mankachar40 293385170120120804656201150NR136NR1055123110253030 Kamrup39 NR3688176120121894674NR142NR1271421045926620193525 ManipurImphal49 36369016213312985NRNRNR136116117136100NRNRNR253942 ChandelNR NRNRNRNRNRNRNRNRNRNRNRNRNRNRNRNRNRNRNRNRNR JiribamNR NRNRNRNRNRNRNRNRNRNRNRNRNRNRNRNRNRNRNRNRNR KangpokpiNR NRNRNRNRNRNRNRNRNRNRNRNRNRNRNRNRNRNRNRNRNR SenapatiNR NRNRNRNRNRNRNRNRNRNRNRNRNRNRNRNRNRNRNRNRNR TamenglongNR NRNRNRNRNRNRNRNRNRNRNRNRNRNRNRNRNRNRNRNRNR ThoubalNR NRNRNRNRNRNRNRNRNRNRNRNRNRNRNRNRNRNRNRNRNR UkhrulNR NRNRNRNRNRNRNRNRNRNRNRNRNRNRNRNRNRNRNRNRNR MeghalayaShillong45 3736901601231131004874NR125130112NRNR7030030223543 Tura35 403990177137120904874NR145NR1231301038746720254033 Jowai36 383690120110120904874NR120NR120230NR8036030204045 Sohra38 3939NR140147117885174NR120NR120NRNR10032730254343 Mairang40 3837NRNRNR118905374NR120NR120NRNRNR34012204230 Nongpoh36 NR3685170130122885075NR130132126179NR7342315254043 Khliehriat45 403890155118122885074NR160137138NRNR4333330203043 Williamnagar35 403695180NR120905070NR160NR147NR100NR47015304040 NongstoinNR NRNRNRNRNRNRNRNRNRNRNRNRNRNRNRNRNRNRNRNRNR Mawkyrwat38 3636NRNRNR122824974NR125NR113NRNRNR34516204645 MizoramAizawl50 405090157134133100508016918715413215414310052030375380 Lunglei50 404598NRNR1201055075NR190220150NRNR10052025406070 Kolasib45 4040961301201101005078NR172NR12019711311340726325770 Mamit50 NR40NRNRNRNR1105075NR190NR110NRNRNR52030404050 Champhai50 3560NRNRNRNR1005080NR180NR130NRNR16752030607053 Serchhip40 NR481201501501501025279NR190200117NRNR10025030357088 Siaha50 45441201301101201005073NR214140159NR138NR54030376070 Lawngtlai49 4142821201001101005877NRNRNR120NR11011048530356080 Hnahthial52 4545125160130130975379NR165140110NRNR12052030304870 Khawzawl40 5040110140NR140955083150170NR127NR150147520304077NR Saitual50 40NR100NR100NR955080NR230NR140NRNRNRNR30404080 NagalandKohima45 4054100170140130905075NR120140120190NRNR33020304060 Dimapur46 4035701201051208346802001502001702101658021015204440 Tuensang37 3855100NRNR12010050NRNR160NR165NRNRNR27520305050 Mokochung50 NR601301401701401005074NR120130140200NR9038015254060 Chumukedima40 NR35100140120110904080NR130160150200NR9032015204535 Mon40 NR5080NRNR1201005070NR130NR130NRNR6035020205050 Peren38 4040120NR1401201005072NR160NR168NRNR8034515257040 Phek40 50501001401401401005072NR160NR170NRNRNR35020306060 Tseminyu50 NR50NRNRNR1201005070NR120NR120NRNRNR36015254030 Wokha45 NR431201231251201005068NR160200180NRNRNR29015307060 Zunheboto50 NR50NR120NR1401004575NR150NR140NRNR6040018306060 Kiphire36 NR409095NR85905080NR130NR150NRNR7033518305550 Longleng38 4050NR150NR1201007075NR160NR180NRNR8035020254060 Niuland36 NR40NR1501001201005070NR120NR140NRNR12035015204035 Shamator40 4360100120NR1101005065NR130NR140NR11010017520255555 Noklak40 506090100NRNR10550NRNR130NR130NRNRNRNR20256060 SikkimGangtok65 404085135128127955062NR159115121143NR6054717274040 Gyalshing45 3545901701401201005065NR160120140180NR6044020304045 Namchi54 3245801201301081004565NR183114167190NR5042021357050 Soreng45 3535901001101201005065NR185121126148NR6048020354045 Mangan60 3636801351351301105060NR187167NR210NR6634317355045 TripuraAgartala39 NR4081122127107984970NR1371301171401077020012253240 DharmanagarNR NRNRNRNRNRNRNRNRNRNRNRNRNRNRNRNRNRNRNRNRNR Belonia42 NR40NRNRNR1051074568NR139NR1131311057526510253045 TR-Udaipur37 NR36851451181131005072NR122108109130935716810222855 SOUTH ZONESOUTH ZONE  Andhra PradeshVijaywada55 515592172147132964368165179118NR112896129719382638 Visakhapatnam54 38408014813812892435416314394NR108906028022242626 Kurnool70 4642881551361301104263154160111110110906346725332825 Tirupathi66 4547841731371231034449173173110139112886050323292821 Jammalamadugu60 4660801601461301244066170191110180115905419820353320 DharmavaramNR NRNRNRNRNRNRNRNRNRNRNRNRNRNRNRNRNRNRNRNRNR OngoleNR NRNRNRNRNRNRNRNRNRNRNRNRNRNRNRNRNRNRNRNRNR KarnatakaBengaluru56 42408516214812399454720514495127110945641317191916 Dharwad60 4563891661581291164148193161132115107935639328292412 Mangalore49 413977145132115903844166157142135108976037114386526 Mysore63 42631301591301279541432111571431431111096229422333321 Bengaluru (East Range)62 4538921681291289046461571771041281161026026415323230 Belagavi58 404082141128108844853173164102110116924826519302924 Kalaburagi67 454875174128133984159178155111144115854424318242523 Tumakuru64 434586159147124994249195160123125116966030022302719 Bellary60 404177141126120118414819415599131108986222824312218 Dhavanagere63 4464871571431261104249168153116120113975927028302718 Shivamogga59 4540901571451281024448202152102132113894724325322818 Vijayapur63 4440911681611281094355213168128123112975328521301714 Ramanagara65 45499616214213612045481761891051521181005118818322020 Raichur62 45461221651331219244561811471241281191045915715343125 Chamarajanagar64 425590161139129974244198163119NR111976129222333023 Kolar47 444612214512512512539471581381511301201005133011253131 Haveri57 3942136185134134804062150160139140143924323814635717 Bagalkot54 4545721601361201093857191203112148143994442026294425 Bidar59 42608516513012510044662241371371171271006732028355520 Koppal52 39428313113011513043431431731261651401064425612382218 Mandya54 444494157146129984247196198109170113984935418302119 Yadgir58 45367516014012010041601821701121481171005342026404328 Chikkamagalur59 45401011681571331014449177162110110111936019017313021 Bangalore Rural62 3855911421401311104044180140107155127835024515252221 Chikkaballapur54 45388013712311287414216213091120105934741714343635 Chitradurga64 46568215216415215739471551781421471591074531231203525 Gadag70 45488416513012411442701721681261401221004532010303520 Hassan45 44567015011596883850160184106150145954923015263020 Kodagu58 41481081941461301254248175180155162115994021316303321 Udupi52 545612814515613012948481741761211521581195128928353828 Uttara Kannada54 464010716015013211749502151821251521121074725127323028 Vijayanagara64 4444841521291221114448178157127115110894524516272622 KeralaT.Puram55 4264831551521231324352223170131130114946326718353233 Ernakulam53 44421071821721421104456215153135NR1221156522717423735 Kozhikode45 4942971621401421094253223183131NR117986125916322823 Thrissur53 49591031961611561234554241197141NR1221086925916413640 Palakkad53 4452971711471291024250215157135NR113985324013402723 Wayanad46 49421041731481401024252NR166140NR1201085222016342925 Kasargod48 48521041701621341004161NRNR140NR110984626016332424 Kottayam56 41451291741281281314356NR190144NR120986022513433043 Pathanamthitta55 3439951781481381434253NR218190NR1201006723714383250 Alapuzha45 4664941631571461164252NRNR134NR115NR6520213372723 Kollam45 4942108203161NR1084452224NR143NR1221146823016453538 Idukki54 414087163NR127874360NR153131NR116956218014413138 KannurNR NRNRNRNRNRNRNRNRNRNRNRNRNRNRNRNRNRNRNRNRNR Malapuram46 4743921721481321474156239160133NR1201045123014362920 PuducherryPuducherry60 413687162127115894148189144132NR106955130026413122 Tamil NaduChennai59 444286168145122934240169148111NR111976027827352825 Madurai58 416483157141124884245209192152NR114884626327363121 Dindigul65 454189164141125884160208180116NR1151025428219372716 Thiruchirapalli65 4565891601421241104343196170123NR1149859NR26383622 Coimbatore46 434480154138121784240192142131NR112975624326312619 Tirunelveli58 434691162146121874242188146112NR113955224224373227 Cuddalore66 4649871741441231014248216203161NR110905431324383421 Dharmapuri63 444082155135117834143222NR115NR122995027025303020 Vellore70 4541911601421251004145172163139NR109865226726322726 Ramanathapuram62 405981149141116974244209235121NR125955127327413626 Erode60 484390151136122854245188183111NR1151005228825392618 Karur47 485585157131123894243217152115NR114905129812403722 Perambalur60 NR6388155143118894343221164119NR1148951NR26373023 Pudukkottai65 486490160147128NR4445211198143NR1129752NR27403030 Sivagangai69 4762891591491271004244215213142NR1131035127726404030 Thanjavur59 464088171148130804344203170132NR110945126021353223 The nilgiris75 454493162154134924354208177105NR115956421327483117 Thoothukudi59 455784156145125864454232190125NR113985530611373722 Viluppuram58 494089160129127964250167162109NR1119758NR26353025 Virudhunagar60 426385151134121784345189149127NR1091015229328393523 Kanniyakumari57 3953841481361191324141190180120NR110995025825353025 Namakkal67 466192163133123934244202161113NR1099455NR26353127 Tiruvannamalai66 496085162141110894465183173114NR113885829527352724 Tiruvarur58 626283173129124NR4252229134125NR1128852NR25374035 TiruppurNR NRNRNRNRNRNRNRNRNRNRNRNRNRNRNRNRNRNRNRNRNR Tenkasi64 465985158154119NR4366227195122NR115995627522363131 NagapattinamNR NRNRNRNRNRNRNRNRNRNRNRNRNRNRNRNRNRNRNRNRNR Krishnagiri61 423887164138120874044195NR105NR110905050326302520 Ariyalur64 NR6483153148127904344205182122NR1159550NR26403520 Kallakurichi65 486393167132130994247185173114NR11310154NR26373227 Kancheepuram64 496387165144127944240186157122NR1119766NR26353023 Salem52 454585150135120974445187157117NR1171024828033363823 Theni62 484985148136116864248182169118NR118994626512333117 Chengalpattu58 456085175155135954440203185122NR118996056028423331 Mayiladuthurai59 506290170142125NR4444233165173NR113935736027303025 RanipetNR NRNRNRNRNRNRNRNRNRNRNRNRNRNRNRNRNRNRNRNRNR Tirupattur68 414483155141127994270181218157NR115865427018303025 Tiruvallur70 446088177137137954340207173123NR114916254028303030 TelanganaHyderabad59 39398214412010992395214814993104104925126618191919 Karimnagar49 45597714513511788416815614099NR111886230825NRNRNR Warangal49 363879132110109904160165165148174103925427415304335 Adilabad62 425280160130120803980160160100150107955530028252525 Suryapet49 454472163123121933760165156130NR114925228022262121 Jadcherla40 305075165125110953957170178126NR1161085529214152832 Khammam60 50458517512011010045751651701451781251055533028452020 Medchal62 4445851671381239045611691981201251201005026018322925 Nizamabad46 4439851601281281044375180191109NR1301156534413282515 Sangareddy63 414476146120111864070150150128170115906536024302029 Commodity NameCommodity NameRiceRiceWheatAtta (Wheat)Gram DalTur/Arhar DalUrad DalMoong DalMasoor DalSugarMilk @Groundnut Oil (Packed)Mustard Oil (Packed)Vanaspati (Packed)Soya Oil (Packed)Sunflower Oil (Packed)Palm Oil (Packed)GurTea LooseSalt Pack (Iodised)PotatoOnionTomatoBajra(whole)Jowar(whole)Maida(wheat)Ragi(whole)Suji(whole)BesanDesi GheeButter(Pasteurised)EggsBrinjalBlack Pepper(whole)Coriander(whole)Cummin Seed(whole)Red Chillies(whole)Turmeric(powder)BananaGIngerGarlic  Average Price1Average Price144.32 30.8536.0283.74148.49123.75117.293.244.3158.6190.08135.53125.59124.35123.33101.252.71282.2522.4923.9733.0532.71 Maximum Price1Maximum Price175 6269136203174180157708326223522018523016816756033637788 Minimum Price1Minimum Price125 21276087858170373712210390939580361579101512 Modal Price1Modal Price140 2832801601201201004460186127.51251101151005030028203030 Source:- State civil supplies Dept.Note:- All India Consumption Weighted Average Prices of Oils w.e.f 23-Feb-2022 and Wheat and Atta w.e.f 25-Feb-2023 NR -> Not Reported Unit for Black Pepper (powder),Coriander (powder),Cummin Seed (powder),Red Chillies (powder),Turmeric (powder),Butter (Pasteurised) - Rs/100gm Unit for Eggs - Rs/Dozen Developed by:- National Informatics Centre(NIC)",,,,,,,,,,,,,,,,,,,,,,,,,,,,,,,,,,,,,,,,,,,2024-03-20
"Source:- State civil supplies Dept.Note:- All India Consumption Weighted Average Prices of Oils w.e.f 23-Feb-2022 and Wheat and Atta w.e.f 25-Feb-2023 NR -> Not Reported Unit for Black Pepper (powder),Coriander (powder),Cummin Seed (powder),Red Chillies (powder),Turmeric (powder),Butter (Pasteurised) - Rs/100gm Unit for Eggs - Rs/Dozen Developed by:- National Informatics Centre(NIC)",,,,,,,,,,,,,,,,,,,,,,,,,,,,,,,,,,,,,,,,,,,2024-03-20
Source:- State civil supplies Dept.,Note:- All India Consumption Weighted Average Prices of Oils w.e.f 23-Feb-2022 and Wheat and Atta w.e.f 25-Feb-2023,NR -> Not Reported,,,,,,,,,,,,,,,,,,,,,,,,,,,,,,,,,,,,,,,,,2024-03-20
"Unit for Black Pepper (powder),Coriander (powder),Cummin Seed (powder),Red Chillies (powder),Turmeric (powder),Butter (Pasteurised) - Rs/100gm","Unit for Black Pepper (powder),Coriander (powder),Cummin Seed (powder),Red Chillies (powder),Turmeric (powder),Butter (Pasteurised) - Rs/100gm",,,,,,,,,,,,,,,,,,,,,,,,,,,,,,,,,,,,,,,,,,2024-03-20
,Unit for Eggs - Rs/Dozen,,,,,,,,,,,,,,,,,,,,,,,,,,,,,,,,,,,,,,,,,,2024-03-20
Developed by:- National Informatics Centre(NIC),Developed by:- National Informatics Centre(NIC),,,,,,,,,,,,,,,,,,,,,,,,,,,,,,,,,,,,,,,,,,2024-03-20
,,,,,,,,,,,,,,,,,,,,,,,,,,,,,,,,,,,,,,,,,,,2024-03-20
