State,Centre,Rice,Broken Rice,Wheat,Atta (Wheat),Gram Dal,Tur/Arhar Dal,Urad Dal,Moong Dal,Masoor Dal,Sugar,Milk @,Groundnut Oil (Packed),Mustard Oil (Packed),Vanaspati (Packed),Soya Oil (Packed),Sunflower Oil (Packed),Palm Oil (Packed),Gur,Tea Loose,Salt Pack (Iodised),Potato,Onion,Tomato,Bajra (whole),Jowar (whole),Maida (wheat),Ragi (whole),Suji (whole),Besan,Desi Ghee,Butter (Pasteurised),Eggs,Brinjal,Black Pepper (whole),Coriander (whole),Cummin Seed (whole),Red Chillies (whole),Turmeric (powder),Banana,Ginger,Garlic,Date
Unit,Qty,1 Kg,1 Kg,1 Kg,1 Kg,1 Kg,1 Kg,1 Kg,1 Kg,1 Kg,1 Kg,1 ltr,1 Kg,1 Kg,1 Kg,1 Kg,1 Kg,1 Kg,1 Kg,1 Kg,1 Kg,1 Kg,1 Kg,1 Kg,1 Kg,1 Kg,1 Kg,1 Kg,1 Kg,1 Kg,1 Kg,100 gm,Dozen,1 Kg,100 gm,250 gm,100 gm,100 gm,50 gm,1 Kg,100 gm,100 gm,2024-09-30
Average Price,Average Price,43.42,,31.11,36.01,93.62,163.64,124.62,115.83,89.62,44.8,58.7,187.52,154,130.06,129.33,132.11,114.85,55.36,269.81,21.88,36.61,53.82,52.98,36.89,44.11,40.27,54.39,45.16,99.81,619.5,57.3,78.14,44.48,90.72,35.95,52.7,34.23,21.93,49.61,,,2024-09-30
Maximum Price,Maximum Price,68,,58,70,121,200,170,160,124,60,82,262,215,183,180,192,165,137,520,30,71,100,120,72,80,83,105,100,150,900,120,220,137,170,130,125,79,46,130,,,2024-09-30
Minimum Price,Minimum Price,28,,22,28,65,127,85,87,73,39,40,120,117,92,92,105,88,38,154,9,23,26,20,17,21,30,25,27,42,300,20,43,16,30,16,20,17,9,19,,,2024-09-30
Modal Price,Modal Price,40,,28,35,90,160,120,120,90,44,60,180,160,120,130,135,110,50,300,27,40,60,50,40,40,35,50,40,100,650,58,72,40,80,30,40,30,15,40,,,2024-09-30
NORTH ZONE,NORTH ZONE,,,,,,,,,,,,,,,,,,,,,,,,,,,,,,,,,,,,,,,,,,2024-09-30
Chandigarh,Chandigarh,44,,31,36,90,165,125,116,90,45,60,183,139,124,119,120,100,55,269,28,39,52,57,28,47,30,44,50,85,497,35,72,60,95,50,60,40,23,35,,,2024-09-30
Delhi,Delhi,40,,30,33,100,175,145,127,90,45,56,216,170,152,148,150,132,63,245,28,40,58,63,29,38,38,52,40,112,515,58,71,58,87,42,38,37,15,34,,,2024-09-30
Haryana,Hisar,36,,28,32,98,160,112,109,80,44,59,215,164,144,143,148,119,50,243,26,37,62,55,27,37,39,51,40,101,540,58,72,40,83,50,41,40,15,65,,,2024-09-30
Haryana,Karnal,43,,31,33,95,155,123,120,95,45,56,192,142,132,120,135,114,55,260,25,33,55,69,26,35,35,62,35,103,598,54,77,40,79,35,37,31,15,70,,,2024-09-30
Haryana,Panchkula,38,,28,38,88,165,120,115,88,45,62,190,140,115,125,130,100,53,210,27,35,45,60,26,38,32,55,40,85,607,54,70,30,80,35,40,50,25,51,,,2024-09-30
Haryana,Gurgaon,36,,29,32,86,165,115,116,80,44,56,222,153,123,129,142,104,55,230,20,27,50,47,25,37,35,37,36,92,550,58,96,35,70,37,32,26,15,65,,,2024-09-30
Himachal Pradesh,Shimla,44,,NR,37,95,175,142,118,90,48,60,225,189,152,142,NR,NR,55,210,28,40,60,57,37,NR,38,NR,38,107,603,58,75,48,98,43,45,28,20,53,,,2024-09-30
Himachal Pradesh,Mandi,43,,NR,34,98,175,135,120,90,46,47,224,179,146,137,150,121,50,270,28,40,63,65,32,NR,34,NR,34,110,676,58,72,38,83,46,39,31,16,53,,,2024-09-30
Himachal Pradesh,Dharamshala,30,,NR,29,97,172,131,119,87,45,40,NR,181,144,143,NR,NR,49,230,28,35,60,70,32,NR,34,55,35,98,590,59,70,40,90,49,48,34,15,60,,,2024-09-30
Himachal Pradesh,Solan,39,,NR,33,98,170,131,112,85,46,50,231,174,136,126,159,NR,51,220,28,35,60,55,34,37,36,NR,35,105,547,58,78,47,82,48,41,33,19,53,,,2024-09-30
Himachal Pradesh,Una,41,,NR,35,99,164,127,117,83,45,66,NR,164,161,144,NR,NR,49,246,27,31,61,67,34,NR,35,NR,34,105,613,57,83,23,88,38,34,35,19,54,,,2024-09-30
Himachal Pradesh,Bilaspur-hp,45,,NR,33,102,169,139,117,86,46,60,NR,159,142,146,NR,NR,50,335,27,37,60,80,32,NR,34,58,33,105,678,58,84,40,82,32,35,36,13,59,,,2024-09-30
Himachal Pradesh,Chamba,36,,NR,35,105,176,133,122,90,50,55,NR,187,158,153,NR,NR,50,232,29,38,70,76,40,60,38,75,38,90,650,58,84,35,110,35,55,40,35,60,,,2024-09-30
Himachal Pradesh,Hamirpur-HP,41,,NR,33,98,175,132,117,83,46,65,NR,178,137,NR,NR,NR,52,265,28,39,60,69,34,58,34,NR,33,102,495,58,74,34,88,34,45,34,15,56,,,2024-09-30
Himachal Pradesh,Kullu,43,,NR,35,104,177,132,123,87,47,40,NR,187,151,143,137,NR,48,213,28,37,70,60,NR,NR,35,NR,35,110,537,58,80,40,88,41,35,31,15,57,,,2024-09-30
Himachal Pradesh,Sirmour,45,,24,37,89,176,140,110,90,46,50,214,174,148,150,148,111,45,273,28,40,63,47,35,NR,35,NR,36,100,627,58,70,40,81,30,48,32,20,52,,,2024-09-30
Himachal Pradesh,Kinnaur,42,,NR,36,98,172,126,106,80,48,50,NR,180,155,148,NR,NR,50,229,27,37,70,73,NR,NR,36,NR,38,96,552,53,88,53,80,35,43,36,15,57,,,2024-09-30
Himachal Pradesh,Lahaul & Spiti,44,,NR,43,90,160,130,90,95,43,50,NR,187,165,NR,NR,NR,51,480,28,40,60,56,NR,NR,34,NR,35,85,600,55,77,50,130,36,46,28,18,66,,,2024-09-30
Jammu and Kashmir,Srinagar,42,,39,44,88,173,140,128,120,50,50,NR,163,130,132,147,NR,60,283,28,38,70,65,NR,NR,50,NR,41,120,623,59,75,35,90,51,77,39,16,113,,,2024-09-30
Jammu and Kashmir,Jammu,48,,32,36,100,188,132,117,95,49,51,NR,187,135,128,135,118,56,302,28,38,60,75,36,58,57,68,60,112,547,58,73,43,82,45,50,34,20,50,,,2024-09-30
Jammu and Kashmir,Poonch,NR,,NR,NR,NR,NR,NR,NR,NR,NR,NR,NR,NR,NR,NR,NR,NR,NR,NR,NR,NR,NR,NR,NR,NR,NR,NR,NR,NR,NR,NR,NR,NR,NR,NR,NR,NR,NR,NR,,,2024-09-30
Jammu and Kashmir,Kupwara,45,,35,38,89,NR,120,120,100,55,51,NR,138,130,127,132,123,48,300,28,40,65,55,NR,NR,34,NR,39,117,648,59,69,47,81,22,49,49,15,106,,,2024-09-30
Jammu and Kashmir,Udhampur,NR,,NR,NR,NR,NR,NR,NR,NR,NR,NR,NR,NR,NR,NR,NR,NR,NR,NR,NR,NR,NR,NR,NR,NR,NR,NR,NR,NR,NR,NR,NR,NR,NR,NR,NR,NR,NR,NR,,,2024-09-30
Jammu and Kashmir,Shopian,40,,NR,45,92,200,120,123,97,46,46,NR,145,142,131,NR,NR,49,337,28,39,70,60,40,40,40,NR,40,120,660,58,72,35,90,30,57,50,36,81,,,2024-09-30
Jammu and Kashmir,Samba,60,,28,35,100,178,140,120,98,47,55,NR,176,154,143,148,137,60,300,28,30,60,80,35,60,40,65,40,120,604,60,80,47,90,43,40,30,14,57,,,2024-09-30
Jammu and Kashmir,Ramban,38,,NR,36,100,180,120,120,110,50,60,NR,197,153,154,NR,NR,53,320,27,40,70,73,39,NR,40,NR,40,120,637,58,72,43,84,45,47,35,14,60,,,2024-09-30
Jammu and Kashmir,Rajouri,NR,,NR,NR,NR,NR,NR,NR,NR,NR,NR,NR,NR,NR,NR,NR,NR,NR,NR,NR,NR,NR,NR,NR,NR,NR,NR,NR,NR,NR,NR,NR,NR,NR,NR,NR,NR,NR,NR,,,2024-09-30
Jammu and Kashmir,Kishtwar,NR,,NR,NR,NR,NR,NR,NR,NR,NR,NR,NR,NR,NR,NR,NR,NR,NR,NR,NR,NR,NR,NR,NR,NR,NR,NR,NR,NR,NR,NR,NR,NR,NR,NR,NR,NR,NR,NR,,,2024-09-30
Jammu and Kashmir,Doda,NR,,NR,NR,NR,NR,NR,NR,NR,NR,NR,NR,NR,NR,NR,NR,NR,NR,NR,NR,NR,NR,NR,NR,NR,NR,NR,NR,NR,NR,NR,NR,NR,NR,NR,NR,NR,NR,NR,,,2024-09-30
Jammu and Kashmir,Baramulla,36,,30,36,95,160,120,120,100,50,48,NR,148,141,133,148,140,45,360,28,39,56,60,NR,NR,35,NR,40,120,633,58,75,57,101,33,69,50,37,112,,,2024-09-30
Jammu and Kashmir,Reasi,NR,,NR,NR,NR,NR,NR,NR,NR,NR,NR,NR,NR,NR,NR,NR,NR,NR,NR,NR,NR,NR,NR,NR,NR,NR,NR,NR,NR,NR,NR,NR,NR,NR,NR,NR,NR,NR,NR,,,2024-09-30
Jammu and Kashmir,Kathua,NR,,NR,NR,NR,NR,NR,NR,NR,NR,NR,NR,NR,NR,NR,NR,NR,NR,NR,NR,NR,NR,NR,NR,NR,NR,NR,NR,NR,NR,NR,NR,NR,NR,NR,NR,NR,NR,NR,,,2024-09-30
Punjab,Amritsar,40,,26,30,102,177,138,127,100,45,57,NR,NR,NR,NR,NR,NR,57,290,26,32,58,62,39,41,40,72,38,113,572,51,75,40,95,43,43,29,14,48,,,2024-09-30
Punjab,Ludhiana,37,,25,33,102,167,132,118,98,44,62,229,172,153,156,161,NR,57,280,27,33,63,58,37,48,37,62,37,103,560,53,71,49,79,37,42,23,20,43,,,2024-09-30
Punjab,Bathinda,40,,25,30,103,172,138,120,97,45,55,220,165,144,135,145,125,57,287,26,29,58,69,38,40,39,63,38,113,572,51,75,40,95,42,43,30,13,48,,,2024-09-30
Punjab,Barnala,39,,27,30,98,167,132,113,98,44,64,217,170,146,133,142,128,50,293,27,29,63,61,38,48,36,NR,41,110,557,48,72,38,85,45,40,29,15,50,,,2024-09-30
Punjab,Hoshiarpur,36,,28,31,99,165,121,118,89,45,62,195,148,135,125,125,121,51,282,24,30,65,65,38,35,34,65,39,108,552,50,71,38,98,54,46,35,16,51,,,2024-09-30
Punjab,Faridkot,42,,25,30,105,175,142,122,97,44,55,232,162,141,132,147,122,57,300,27,30,62,73,49,53,38,72,38,113,580,50,72,42,98,45,43,31,14,50,,,2024-09-30
Punjab,Mansa,41,,27,30,108,168,135,120,90,45,58,NR,163,146,139,155,128,50,257,28,32,58,42,42,48,38,65,43,110,573,53,72,48,85,43,43,32,16,52,,,2024-09-30
Punjab,Sri Muktsar Sahib,41,,26,32,100,178,123,120,93,43,63,213,140,130,128,128,120,54,280,26,33,59,60,31,44,35,75,36,107,560,47,67,43,86,34,38,27,14,50,,,2024-09-30
Punjab,Dera Bassi,40,,26,30,90,155,120,120,90,44,58,NR,164,148,133,NR,NR,58,243,27,30,47,57,30,38,35,50,40,97,550,55,70,40,97,42,55,37,17,43,,,2024-09-30
Punjab,Sangrur,42,,28,31,99,164,133,119,91,44,60,234,175,153,150,168,133,52,257,27,25,58,60,38,48,38,67,38,98,557,58,74,40,93,40,47,32,15,47,,,2024-09-30
Punjab,Ropar,39,,27,32,103,165,132,120,92,43,60,223,164,148,142,NR,131,55,253,27,30,53,60,39,52,39,66,42,108,563,50,74,43,88,43,42,34,15,48,,,2024-09-30
Punjab,Amargarh,42,,27,31,100,169,135,118,95,44,60,218,160,140,140,155,125,50,250,27,25,60,50,40,50,40,NR,40,100,550,55,72,45,100,40,48,26,15,40,,,2024-09-30
Punjab,Fatehgarh Sahib,40,,26,31,98,170,120,120,100,43,60,218,141,132,132,148,104,53,280,27,30,48,57,33,45,34,65,40,93,550,52,72,42,92,50,52,34,14,48,,,2024-09-30
Punjab,Ferozepur,40,,25,32,100,167,139,119,93,45,62,205,149,140,123,141,105,60,240,26,30,57,59,31,40,40,61,40,110,551,52,79,40,85,40,39,27,14,45,,,2024-09-30
Punjab,Kapurthala,40,,25,31,88,168,125,128,91,44,61,222,145,144,132,138,123,60,267,24,25,60,70,40,49,40,50,40,100,580,52,70,38,91,31,48,31,14,48,,,2024-09-30
Uttar Pradesh,Lucknow,40,,29,35,92,150,120,114,80,44,60,195,145,140,129,131,117,55,260,27,30,50,57,35,45,35,51,35,100,560,57,80,38,90,39,57,30,14,40,,,2024-09-30
Uttar Pradesh,Kanpur,35,,28,32,90,150,125,108,85,42,60,180,138,122,115,128,110,56,234,26,30,35,50,35,40,45,NR,30,90,580,55,72,40,100,20,40,35,22,50,,,2024-09-30
Uttar Pradesh,Varanasi,40,,29,35,92,162,122,114,84,45,72,203,152,132,124,128,107,61,280,30,34,46,60,35,59,35,NR,40,114,665,56,88,45,109,42,60,37,17,63,,,2024-09-30
Uttar Pradesh,Agra,41,,30,33,89,146,91,90,75,43,68,190,150,146,132,134,133,55,250,28,34,56,58,27,25,37,NR,39,100,648,46,83,39,79,49,40,35,15,41,,,2024-09-30
Uttar Pradesh,Jhansi,49,,26,31,92,158,128,110,76,43,60,189,147,133,123,141,100,49,195,26,29,50,57,29,29,35,58,38,100,552,59,85,35,88,41,35,30,14,31,,,2024-09-30
Uttar Pradesh,Meerut,37,,29,38,82,162,131,97,96,48,66,160,136,137,132,152,131,50,252,29,40,48,50,38,38,37,68,40,97,572,37,77,37,95,36,32,30,18,48,,,2024-09-30
Uttar Pradesh,Allahabad,34,,33,37,82,156,122,112,94,44,66,170,134,126,128,160,110,50,235,26,39,42,50,24,28,39,38,40,88,600,58,86,32,78,30,40,28,18,52,,,2024-09-30
Uttar Pradesh,Gorakhpur,40,,24,33,90,155,123,115,80,44,65,211,155,143,135,119,110,58,223,27,36,48,46,38,38,33,53,35,93,585,58,84,31,80,30,38,24,21,48,,,2024-09-30
Uttar Pradesh,Saharanpur,39,,27,29,85,161,115,110,89,44,62,NR,128,127,122,131,107,49,246,25,30,45,42,30,NR,33,NR,33,84,500,59,72,30,80,42,44,30,13,40,,,2024-09-30
Uttar Pradesh,Bareilly,35,,27,32,90,153,127,107,92,43,68,197,151,137,130,135,110,50,317,25,30,42,47,25,34,35,50,35,107,740,58,66,35,83,45,47,37,18,50,,,2024-09-30
Uttar Pradesh,Ayodhya,42,,31,38,87,170,128,126,87,48,60,194,153,139,132,127,113,57,250,28,40,53,65,48,50,44,54,49,115,800,58,96,40,77,53,43,32,18,60,,,2024-09-30
Uttar Pradesh,Moradabad,38,,26,32,86,155,118,110,87,42,61,191,147,128,128,138,110,51,239,25,31,48,48,35,65,35,57,41,80,570,57,70,30,105,29,50,40,30,59,,,2024-09-30
Uttar Pradesh,Aligarh,40,,26,30,91,161,122,112,89,44,59,183,150,127,126,128,111,54,247,21,35,52,48,30,NR,33,NR,33,97,573,53,75,32,89,32,47,30,17,43,,,2024-09-30
Uttar Pradesh,Mirzapur (Vindhyanchal),38,,28,32,88,150,116,109,86,45,55,180,135,120,115,117,95,55,226,24,30,45,44,27,43,32,51,33,91,633,58,69,49,87,51,51,34,15,50,,,2024-09-30
Uttar Pradesh,Banda,37,,29,35,89,145,125,109,83,44,63,195,135,119,105,161,103,53,154,20,32,45,35,31,41,34,79,33,99,503,55,66,30,109,50,44,37,25,54,,,2024-09-30
Uttar Pradesh,Azamgarh,37,,29,35,85,158,121,121,95,46,60,221,149,127,125,125,98,51,279,28,36,52,48,39,47,42,52,43,106,652,56,66,37,78,27,51,30,27,48,,,2024-09-30
Uttar Pradesh,Gonda (Devipatan),34,,27,32,87,157,127,117,87,43,58,167,160,123,127,135,117,51,267,28,30,50,52,36,34,34,65,38,97,615,53,83,26,80,26,52,29,18,49,,,2024-09-30
Uttar Pradesh,Amethi,37,,27,36,85,157,120,112,81,46,64,214,160,147,147,139,123,52,259,25,30,49,43,44,32,42,39,46,107,693,57,81,40,86,37,57,28,18,58,,,2024-09-30
Uttar Pradesh,Barabanki,42,,31,34,93,157,113,108,90,45,68,202,148,130,127,120,105,55,218,26,28,51,50,37,41,32,49,35,100,533,59,80,39,90,48,42,32,16,46,,,2024-09-30
Uttar Pradesh,Bhadohi,34,,25,32,89,158,130,120,85,44,60,200,130,120,125,145,105,65,235,28,25,50,40,20,21,35,25,35,80,670,50,72,35,90,24,40,34,21,50,,,2024-09-30
Uttar Pradesh,Chandauli,32,,26,32,91,159,129,114,79,42,60,182,147,124,114,120,94,54,247,26,30,49,42,34,56,37,60,38,99,633,56,79,29,89,35,46,38,17,41,,,2024-09-30
Uttar Pradesh,Farrukhabad,48,,25,31,90,160,130,115,95,44,67,183,137,118,123,162,99,48,223,26,30,50,57,17,NR,33,NR,35,105,647,58,79,57,118,50,46,28,18,52,,,2024-09-30
Uttar Pradesh,Ghazipur,39,,27,32,90,157,122,119,90,43,67,239,143,130,131,141,106,61,262,27,30,53,47,32,32,36,39,39,101,644,55,79,38,103,60,57,39,17,46,,,2024-09-30
Uttar Pradesh,Jaunpur,44,,28,32,89,157,119,117,79,44,63,187,132,119,115,139,98,59,260,27,28,52,47,29,36,34,57,34,89,580,51,72,30,91,37,60,30,16,52,,,2024-09-30
Uttar Pradesh,UP-Pratapgarh,40,,27,31,92,157,117,119,89,44,68,204,163,135,135,133,109,58,255,26,30,54,49,33,29,35,39,35,99,547,58,88,39,79,31,41,31,15,39,,,2024-09-30
Uttar Pradesh,Sambhal,40,,26,30,85,160,120,98,95,42,60,172,133,142,139,169,127,50,220,29,30,47,42,35,NR,34,NR,35,102,667,50,72,38,98,35,67,30,30,45,,,2024-09-30
Uttar Pradesh,Santkabir Nagar,32,,25,32,75,155,118,110,95,43,62,183,150,145,145,175,NR,44,257,28,28,45,40,31,33,32,80,45,110,690,58,96,60,110,30,65,40,35,50,,,2024-09-30
Uttar Pradesh,Shahjahanpur,38,,25,33,75,127,120,120,100,44,62,197,167,113,118,115,110,41,260,27,34,38,46,47,38,34,97,34,102,640,54,81,23,97,30,48,39,39,50,,,2024-09-30
Uttar Pradesh,Sitapur,38,,30,33,88,158,115,115,90,42,60,195,145,132,129,144,105,49,234,27,33,49,49,22,25,32,42,35,92,640,56,83,38,80,30,50,30,20,40,,,2024-09-30
Uttar Pradesh,Sultanpur,34,,29,41,89,148,92,107,90,43,59,191,142,134,134,135,115,48,238,29,35,43,54,20,28,39,36,51,110,650,58,71,42,79,27,60,26,24,58,,,2024-09-30
Uttar Pradesh,Unnao,41,,27,30,92,162,130,122,88,44,58,203,157,138,137,153,112,58,237,25,33,53,50,29,37,35,52,40,100,480,57,72,42,98,33,72,37,15,48,,,2024-09-30
Uttar Pradesh,Ambedkar Nagar,45,,31,40,88,153,119,117,89,45,60,210,148,131,123,150,110,57,190,27,35,48,40,32,35,37,77,40,97,553,59,72,42,107,36,40,29,23,53,,,2024-09-30
Uttar Pradesh,Amroha,39,,27,31,81,151,125,119,99,44,54,195,147,141,132,182,102,53,198,26,30,45,37,32,41,40,32,39,108,547,44,80,39,123,26,66,39,21,37,,,2024-09-30
Uttar Pradesh,Baghpat,43,,NR,30,95,160,120,110,90,43,70,187,153,130,129,132,115,55,200,27,34,54,52,30,60,34,78,37,92,520,20,70,43,66,35,40,29,12,34,,,2024-09-30
Uttar Pradesh,Bijnor,35,,26,30,95,150,105,110,85,42,55,160,155,125,125,125,100,45,260,25,30,50,50,30,40,32,60,40,100,550,55,72,40,97,30,60,35,10,40,,,2024-09-30
Uttar Pradesh,Budaun,40,,25,30,92,136,111,95,85,44,65,237,140,138,135,150,115,51,290,27,30,55,50,25,42,36,42,37,92,650,58,72,34,85,25,65,33,21,47,,,2024-09-30
Uttar Pradesh,Etah,45,,26,35,80,160,110,115,90,42,67,203,132,128,135,140,113,50,283,27,28,48,40,21,NR,35,NR,37,90,660,61,76,42,97,21,41,31,26,41,,,2024-09-30
Uttar Pradesh,Fatehpur,42,,28,32,87,140,125,107,88,44,65,201,161,136,130,143,111,53,225,28,28,52,52,23,32,35,40,34,95,550,52,83,40,108,36,47,24,17,37,,,2024-09-30
Uttar Pradesh,Ghaziabad,42,,30,33,89,160,124,110,90,44,70,203,147,122,130,134,114,56,234,27,37,48,48,33,37,38,64,38,104,527,58,72,45,100,39,38,36,15,44,,,2024-09-30
Uttar Pradesh,Hardoi,49,,26,34,93,159,119,115,91,44,57,222,162,150,149,156,128,48,255,27,30,58,62,31,33,35,62,41,110,647,58,82,41,96,39,48,29,15,45,,,2024-09-30
Uttar Pradesh,Jalaun,36,,28,31,86,166,109,99,89,43,55,171,139,141,138,153,99,54,232,28,30,52,49,29,31,35,NR,35,87,651,51,68,32,78,26,66,29,27,33,,,2024-09-30
Uttar Pradesh,Kaushambi,39,,27,37,88,158,127,107,85,44,58,192,156,132,132,139,107,52,229,28,32,50,52,25,39,42,51,35,82,528,24,75,28,78,41,32,29,15,42,,,2024-09-30
Uttar Pradesh,Kushinagar,36,,29,41,96,161,122,124,84,46,69,177,155,137,138,132,100,58,210,26,30,52,76,61,61,36,71,38,103,647,52,76,37,81,31,47,36,22,45,,,2024-09-30
Uttar Pradesh,Lakhimpur Kheri,44,,27,31,90,158,112,117,87,43,55,197,133,123,135,137,99,55,223,27,35,58,75,26,31,33,62,38,102,640,58,77,52,80,30,39,25,15,44,,,2024-09-30
Uttar Pradesh,Pilibhit,42,,28,32,90,165,124,115,90,43,65,205,155,122,122,138,102,49,280,27,32,53,45,30,60,33,85,34,110,523,58,74,37,132,42,45,32,13,48,,,2024-09-30
Uttar Pradesh,Sharwasti,39,,28,35,90,160,130,122,85,45,50,160,168,138,140,NR,120,55,203,28,30,48,48,NR,NR,39,NR,40,98,567,59,70,31,88,22,50,30,30,33,,,2024-09-30
Uttar Pradesh,Siddharth Nagar,48,,30,32,80,158,120,110,85,45,65,180,156,144,143,173,106,50,233,26,34,45,44,50,50,35,70,36,91,550,60,84,31,73,29,49,27,18,39,,,2024-09-30
Uttar Pradesh,Sonbhadra,44,,29,32,88,148,118,112,80,44,55,199,130,118,116,121,97,54,210,25,30,48,45,27,41,33,35,35,90,573,58,68,40,77,29,32,25,16,50,,,2024-09-30
Uttar Pradesh,Rampur,48,,26,29,91,146,115,110,89,42,57,169,159,125,120,143,118,43,251,14,33,53,54,29,31,30,NR,30,97,514,59,59,33,105,55,88,23,12,49,,,2024-09-30
Uttar Pradesh,Bahraich,40,,26,33,90,155,130,122,85,42,45,160,173,146,144,125,115,45,250,27,28,55,48,36,34,33,65,32,106,615,56,80,19,75,25,31,23,19,48,,,2024-09-30
Uttar Pradesh,Basti,40,,22,30,70,145,110,105,82,42,58,155,140,133,130,148,98,47,242,25,30,39,40,59,61,35,66,40,92,563,61,81,30,83,24,53,31,19,43,,,2024-09-30
Uttar Pradesh,Etawah,42,,30,35,90,160,121,112,85,44,68,205,159,134,137,141,126,54,217,27,35,50,50,24,NR,36,62,37,112,603,58,95,44,82,32,31,28,16,50,,,2024-09-30
Uttar Pradesh,Muzzafarnagar,44,,26,31,88,155,137,116,92,44,70,159,144,133,133,144,120,43,221,27,28,51,51,35,47,35,NR,35,93,470,66,51,46,89,29,41,30,12,49,,,2024-09-30
Uttar Pradesh,Chitrakoot,35,,29,35,93,159,107,102,80,45,50,188,160,135,135,170,115,56,203,28,35,50,50,27,31,35,61,46,100,520,58,96,49,90,34,48,26,15,48,,,2024-09-30
Uttar Pradesh,Hamirpur-UP,42,,28,33,86,150,120,111,88,44,70,207,160,124,111,126,104,57,220,26,35,54,59,NR,NR,35,NR,36,95,614,56,84,41,90,45,55,29,15,46,,,2024-09-30
Uttar Pradesh,Deoria,34,,28,30,85,156,125,92,85,45,58,202,156,126,125,127,110,56,224,27,38,55,45,57,66,30,59,31,88,557,58,68,40,99,22,78,37,41,42,,,2024-09-30
Uttar Pradesh,Hapur,36,,30,33,72,163,125,123,102,43,68,211,157,132,148,137,115,49,217,26,35,56,72,34,31,39,45,40,98,620,52,82,35,100,57,50,32,15,34,,,2024-09-30
Uttar Pradesh,Bulandshahr,40,,31,35,90,162,120,118,98,43,65,NR,143,130,130,133,107,43,248,24,30,52,49,29,39,32,60,35,100,513,53,72,45,100,31,55,29,15,31,,,2024-09-30
Uttar Pradesh,Kanpur Dehat,32,,26,30,85,145,117,87,80,45,68,165,135,108,138,147,107,50,198,28,30,48,42,24,31,34,59,35,98,550,56,72,36,94,45,57,29,15,40,,,2024-09-30
Uttar Pradesh,Hathras,42,,30,33,91,161,123,113,88,43,57,183,147,129,129,140,109,53,253,22,34,49,49,23,NR,35,NR,38,100,650,58,83,40,100,45,43,34,14,40,,,2024-09-30
Uttar Pradesh,Raebareli,44,,28,33,89,159,122,119,87,45,67,220,150,129,130,136,119,59,226,27,33,50,50,28,36,38,40,39,111,637,57,87,29,92,31,42,32,16,48,,,2024-09-30
Uttar Pradesh,Lalitpur,37,,27,29,75,154,99,92,87,42,56,183,145,142,137,126,118,40,255,25,32,49,45,33,38,33,65,28,92,647,51,75,28,76,18,42,27,29,28,,,2024-09-30
Uttar Pradesh,Mohaba,35,,24,35,85,160,95,105,80,45,55,141,139,110,125,145,110,44,175,27,40,52,50,53,52,33,105,33,102,600,36,90,33,72,57,61,35,23,68,,,2024-09-30
Uttar Pradesh,Gautam Budh Nagar,42,,30,34,91,161,124,114,89,45,67,219,163,138,139,152,135,60,243,26,34,52,59,34,41,38,62,39,107,530,57,82,46,89,37,43,34,15,46,,,2024-09-30
Uttar Pradesh,Auraiya,37,,28,34,77,151,121,113,88,44,64,176,149,128,126,138,111,49,216,27,33,48,52,26,26,41,50,39,98,578,57,78,35,97,56,40,36,17,49,,,2024-09-30
Uttar Pradesh,Maharajganj,34,,28,34,85,156,123,114,83,44,63,198,143,117,121,140,98,54,213,27,31,45,42,40,55,31,62,36,100,548,58,76,34,102,20,60,30,29,48,,,2024-09-30
Uttar Pradesh,Balrampur,38,,27,37,87,152,111,123,83,45,49,216,176,130,148,153,131,59,197,29,29,49,60,57,57,30,NR,34,89,553,57,80,32,126,40,63,35,21,34,,,2024-09-30
Uttar Pradesh,Kannauj,40,,26,31,89,160,115,110,89,45,70,178,139,118,123,143,108,49,238,28,31,46,44,32,39,32,NR,34,83,538,52,68,29,108,39,58,34,19,36,,,2024-09-30
Uttar Pradesh,Mathura,45,,32,34,85,163,122,115,85,43,60,217,153,120,121,145,125,44,263,26,32,52,47,33,43,40,47,40,110,600,53,104,35,115,37,65,42,30,38,,,2024-09-30
Uttar Pradesh,Firozabad,38,,35,37,82,151,135,112,90,40,65,190,158,117,142,182,111,45,300,29,39,42,38,23,25,33,39,35,99,717,52,69,35,98,22,50,29,31,30,,,2024-09-30
Uttar Pradesh,Kasganj,47,,28,32,90,158,118,115,92,43,65,180,137,118,112,130,98,52,213,28,35,52,50,21,NR,30,NR,32,91,488,46,72,42,88,43,52,30,12,45,,,2024-09-30
Uttar Pradesh,Mainpuri,38,,30,34,90,163,125,115,88,42,63,180,140,123,121,116,100,51,260,25,33,45,42,23,25,35,40,36,98,700,55,68,34,100,22,52,32,34,34,,,2024-09-30
Uttar Pradesh,Shamli,37,,24,29,90,158,128,110,80,42,67,205,143,132,128,135,110,46,277,28,30,55,58,27,60,35,70,35,90,500,58,66,35,90,40,50,30,12,50,,,2024-09-30
Uttar Pradesh,Ballia,38,,26,32,85,159,116,112,89,44,60,183,140,125,124,138,108,52,233,26,31,45,41,30,NR,34,NR,37,88,597,50,69,29,79,27,83,30,27,58,,,2024-09-30
Uttar Pradesh,Mau,42,,25,32,90,163,119,115,85,44,62,198,151,118,118,125,94,56,269,27,31,48,48,NR,NR,32,NR,35,93,672,52,71,35,89,21,80,31,15,40,,,2024-09-30
Uttarakhand,Dehradun,34,,24,39,93,175,115,116,97,43,68,179,158,157,142,166,NR,57,280,28,32,55,46,33,43,42,50,42,100,645,59,73,39,99,32,49,42,29,63,,,2024-09-30
Uttarakhand,Haldwani,NR,,NR,NR,NR,NR,NR,NR,NR,NR,NR,NR,NR,NR,NR,NR,NR,NR,NR,NR,NR,NR,NR,NR,NR,NR,NR,NR,NR,NR,NR,NR,NR,NR,NR,NR,NR,NR,NR,,,2024-09-30
Uttarakhand,Rudrapur,NR,,NR,NR,NR,NR,NR,NR,NR,NR,NR,NR,NR,NR,NR,NR,NR,NR,NR,NR,NR,NR,NR,NR,NR,NR,NR,NR,NR,NR,NR,NR,NR,NR,NR,NR,NR,NR,NR,,,2024-09-30
Uttarakhand,Haridwar,42,,28,36,92,171,125,114,95,44,66,168,145,126,133,146,NR,63,299,28,31,62,45,NR,NR,NR,NR,NR,NR,NR,NR,NR,NR,NR,NR,NR,NR,NR,NR,,,2024-09-30
WEST ZONE,WEST ZONE,,,,,,,,,,,,,,,,,,,,,,,,,,,,,,,,,,,,,,,,,,2024-09-30
Chhattisgarh,Raipur,33,,27,36,105,158,112,114,97,43,56,196,150,129,120,138,105,51,243,22,45,51,35,30,26,40,45,36,91,737,78,80,36,100,25,59,30,25,31,,,2024-09-30
Chhattisgarh,Durg,38,,37,38,99,166,123,120,84,44,54,185,NR,NR,NR,NR,NR,48,210,15,39,58,34,37,41,40,45,41,108,850,57,78,38,85,28,45,34,12,52,,,2024-09-30
Chhattisgarh,Ambikapur,28,,28,28,90,144,112,107,86,42,44,174,131,113,114,118,NR,40,253,13,34,36,35,NR,NR,40,NR,30,69,599,54,68,37,65,31,46,35,28,47,,,2024-09-30
Chhattisgarh,Bilaspur-CG,45,,38,39,91,169,121,119,94,44,53,189,143,128,125,126,99,51,200,21,40,45,47,38,51,38,49,48,97,643,55,72,46,88,24,56,28,24,55,,,2024-09-30
Chhattisgarh,Jagdalpur,39,,35,36,80,156,120,109,95,46,48,178,152,99,123,133,101,43,193,19,32,26,26,NR,NR,NR,NR,NR,NR,NR,NR,NR,NR,NR,NR,NR,NR,NR,NR,,,2024-09-30
Chhattisgarh,Dantewada,38,,36,41,105,161,122,113,84,44,62,NR,169,121,125,134,103,53,284,16,47,58,49,NR,NR,37,NR,38,105,680,58,71,41,100,41,50,30,18,54,,,2024-09-30
Chhattisgarh,Dhamtari,36,,31,36,87,163,110,105,105,42,80,175,163,112,113,115,110,60,220,28,33,52,30,48,47,38,50,48,113,667,55,80,40,88,38,41,23,21,39,,,2024-09-30
Chhattisgarh,Rajnandgaon,34,,38,35,92,160,124,115,85,44,60,187,151,128,127,129,111,55,262,22,40,50,40,30,30,35,50,35,110,680,62,50,25,77,48,52,30,29,50,,,2024-09-30
Chhattisgarh,Koriya,40,,34,37,98,166,112,114,83,42,75,221,138,104,110,126,156,47,195,25,40,60,52,35,34,46,32,58,82,693,58,80,38,78,27,38,28,22,42,,,2024-09-30
DNH and DD,Silvasa,53,,34,35,87,142,127,126,88,42,68,188,150,154,126,127,102,60,198,28,28,50,23,40,57,56,60,60,120,618,57,76,40,85,49,42,36,19,28,,,2024-09-30
DNH and DD,Daman,40,,40,41,98,152,137,125,92,46,65,205,172,141,149,149,118,73,200,26,30,57,35,41,40,55,58,62,126,633,60,79,53,107,65,45,50,20,43,,,2024-09-30
DNH and DD,Diu,46,,40,55,95,177,149,130,98,45,64,200,176,139,138,142,112,68,375,28,39,60,65,35,44,59,NR,64,120,635,58,83,48,92,53,43,39,18,51,,,2024-09-30
Goa,Panaji,54,,49,40,108,178,158,140,100,44,56,225,172,145,165,127,118,58,315,25,48,65,60,39,48,43,52,42,115,643,57,71,53,117,33,65,49,39,42,,,2024-09-30
Goa,Margao,53,,50,48,103,175,155,125,98,44,62,215,157,155,135,128,123,60,330,26,45,63,62,39,52,44,54,45,112,648,63,72,58,108,35,61,34,34,42,,,2024-09-30
Gujarat,Ahmedabad,34,,32,34,100,164,126,109,81,43,66,165,152,128,126,124,128,57,205,18,37,54,52,31,32,41,53,40,89,597,41,65,44,79,28,34,34,24,40,,,2024-09-30
Gujarat,Rajkot,33,,35,34,102,165,117,107,82,43,61,168,150,125,128,120,126,54,210,18,40,55,48,32,32,40,68,42,93,620,53,65,46,80,30,36,39,16,43,,,2024-09-30
Gujarat,Surat,41,,38,37,88,168,125,112,82,43,NR,174,155,129,129,125,109,55,229,9,32,39,31,30,37,36,76,37,89,600,29,71,55,78,33,48,47,28,40,,,2024-09-30
Gujarat,Bhuj,39,,35,34,99,166,124,107,80,43,64,169,150,124,123,125,116,58,202,19,37,50,51,37,35,43,67,37,89,650,51,65,39,76,26,54,31,24,38,,,2024-09-30
Gujarat,Selamba,40,,33,36,85,165,125,115,90,42,62,172,162,147,135,143,142,55,212,23,41,47,45,32,36,40,60,40,90,610,50,65,50,78,25,35,35,25,45,,,2024-09-30
Gujarat,Waghai,44,,37,38,89,174,139,124,89,43,61,193,188,118,128,128,132,55,210,18,38,43,34,30,43,38,41,44,93,619,53,67,44,83,48,38,40,15,45,,,2024-09-30
Gujarat,Bodeli,34,,30,32,100,165,115,106,82,44,64,175,150,128,130,130,132,58,200,19,35,50,50,30,32,42,40,38,88,600,30,65,40,78,25,35,30,15,35,,,2024-09-30
Gujarat,Vapi,41,,33,38,88,168,129,122,85,43,64,179,168,132,137,138,127,52,210,18,37,53,51,32,35,40,64,41,85,627,54,68,52,81,41,33,40,19,43,,,2024-09-30
Gujarat,Bilimora,NR,,NR,NR,NR,NR,NR,NR,NR,NR,NR,NR,NR,NR,NR,NR,NR,NR,NR,NR,NR,NR,NR,NR,NR,NR,NR,NR,NR,NR,NR,NR,NR,NR,NR,NR,NR,NR,NR,,,2024-09-30
Gujarat,Idar,NR,,NR,NR,NR,NR,NR,NR,NR,NR,NR,NR,NR,NR,NR,NR,NR,NR,NR,NR,NR,NR,NR,NR,NR,NR,NR,NR,NR,NR,NR,NR,NR,NR,NR,NR,NR,NR,NR,,,2024-09-30
Gujarat,Jhalod,NR,,NR,NR,NR,NR,NR,NR,NR,NR,NR,NR,NR,NR,NR,NR,NR,NR,NR,NR,NR,NR,NR,NR,NR,NR,NR,NR,NR,NR,NR,NR,NR,NR,NR,NR,NR,NR,NR,,,2024-09-30
Gujarat,Songash,NR,,NR,NR,NR,NR,NR,NR,NR,NR,NR,NR,NR,NR,NR,NR,NR,NR,NR,NR,NR,NR,NR,NR,NR,NR,NR,NR,NR,NR,NR,NR,NR,NR,NR,NR,NR,NR,NR,,,2024-09-30
Madhya Pradesh,Bhopal,34,,32,33,97,163,122,108,86,42,55,173,160,124,132,136,NR,48,230,16,32,50,45,36,40,36,53,43,98,640,55,76,35,90,36,43,30,16,39,,,2024-09-30
Madhya Pradesh,Indore,42,,28,34,95,159,124,110,81,41,59,181,169,128,141,149,132,56,263,15,40,47,48,32,35,35,NR,39,98,640,50,72,33,87,36,36,27,14,40,,,2024-09-30
Madhya Pradesh,Gwalior,41,,32,34,86,156,121,110,84,44,60,200,151,130,129,133,NR,50,222,12,34,41,41,32,38,34,54,40,93,613,55,71,26,80,32,35,26,14,35,,,2024-09-30
Madhya Pradesh,Jabalpur,39,,30,35,91,159,122,110,86,43,58,180,140,122,120,125,100,50,264,17,35,50,45,37,40,37,53,42,98,630,55,71,35,85,30,41,26,16,40,,,2024-09-30
Madhya Pradesh,Rewa,31,,27,33,87,162,114,100,86,41,54,175,133,120,104,114,NR,51,238,19,32,46,55,NR,NR,35,NR,35,85,645,36,72,20,95,27,45,30,12,39,,,2024-09-30
Madhya Pradesh,Sagar,40,,28,32,92,160,122,105,86,43,58,206,173,124,139,146,127,49,235,16,32,48,60,38,39,36,50,39,99,607,58,77,28,79,28,34,24,13,36,,,2024-09-30
Madhya Pradesh,Jhabua,39,,33,35,96,161,119,108,90,43,56,181,156,136,120,132,NR,56,223,15,37,40,39,30,38,40,56,40,105,600,NR,75,28,92,41,35,30,15,25,,,2024-09-30
Madhya Pradesh,Hoshangabad,39,,32,34,97,166,124,109,93,42,58,187,142,118,117,132,100,54,223,11,35,52,52,43,44,40,52,39,98,617,32,73,40,70,26,42,20,18,42,,,2024-09-30
Madhya Pradesh,Shahdol,35,,29,35,86,162,118,113,88,44,50,182,124,114,110,119,NR,52,210,18,35,45,35,37,33,35,50,40,95,600,58,70,30,90,30,40,27,18,35,,,2024-09-30
Madhya Pradesh,Ujjain,40,,28,33,85,163,119,110,87,42,57,179,137,118,110,119,93,50,234,20,32,35,39,40,40,35,51,40,100,650,58,72,40,100,22,50,30,25,40,,,2024-09-30
Madhya Pradesh,Morena,38,,30,35,88,164,118,112,85,44,62,180,145,120,124,141,100,50,245,14,32,54,40,24,NR,35,NR,40,100,575,54,77,39,82,36,37,28,14,38,,,2024-09-30
Madhya Pradesh,Anuppur,35,,28,36,95,153,110,110,90,44,50,216,165,132,137,135,110,50,200,13,30,60,50,40,40,38,40,41,100,650,43,76,31,100,25,37,25,13,36,,,2024-09-30
Madhya Pradesh,Bhind,38,,29,34,88,160,113,111,87,44,57,173,140,118,120,118,97,52,243,15,35,47,43,30,40,35,60,40,92,617,55,72,30,87,34,42,30,15,37,,,2024-09-30
Madhya Pradesh,Dhar,39,,27,33,86,170,122,98,83,40,55,167,144,124,119,124,90,51,208,13,40,51,43,32,34,36,50,36,91,652,57,72,32,80,30,32,18,19,28,,,2024-09-30
Madhya Pradesh,Harda,40,,31,35,96,160,128,112,93,43,57,187,172,134,139,146,NR,48,200,27,40,60,57,31,36,39,83,40,110,587,58,72,37,81,31,36,20,15,29,,,2024-09-30
Madhya Pradesh,Katni,31,,32,31,95,160,130,120,80,42,50,160,140,125,125,135,95,48,205,19,30,60,50,35,39,45,54,45,100,600,58,75,20,90,36,40,35,20,37,,,2024-09-30
Madhya Pradesh,Khandwa,37,,28,33,85,161,119,109,85,43,53,181,135,111,116,118,NR,49,220,21,35,35,45,36,36,35,41,40,85,560,48,72,35,75,26,35,26,16,33,,,2024-09-30
Madhya Pradesh,Mandla,39,,33,39,98,151,118,111,80,42,47,210,178,137,145,148,148,52,307,28,38,60,48,41,47,45,57,45,100,633,59,77,28,77,32,40,28,12,35,,,2024-09-30
Madhya Pradesh,Rajgarh,NR,,NR,NR,NR,NR,NR,NR,NR,NR,NR,NR,NR,NR,NR,NR,NR,NR,NR,NR,NR,NR,NR,NR,NR,NR,NR,NR,NR,NR,NR,NR,NR,NR,NR,NR,NR,NR,NR,,,2024-09-30
Madhya Pradesh,Sidhi,35,,26,33,86,160,111,106,86,44,58,180,150,125,130,112,95,52,231,18,30,52,55,29,40,35,54,40,87,635,50,70,32,83,30,40,25,21,39,,,2024-09-30
Madhya Pradesh,Chattarpur,34,,28,36,90,168,115,93,83,44,47,192,150,132,123,130,105,52,207,20,30,60,47,33,40,37,48,40,100,500,55,72,37,80,31,48,25,15,40,,,2024-09-30
Madhya Pradesh,Neemuch,40,,27,32,87,174,120,115,85,41,60,170,135,125,110,128,NR,50,295,10,35,50,50,55,50,40,77,41,100,550,65,80,30,80,25,42,30,15,40,,,2024-09-30
Madhya Pradesh,Burhanpur,39,,34,37,98,155,112,112,84,44,54,162,155,136,139,140,133,52,223,27,47,53,52,39,41,39,NR,52,110,610,59,68,52,85,29,32,24,14,28,,,2024-09-30
Madhya Pradesh,Narshinpur,35,,28,35,89,159,120,110,88,43,55,203,168,126,132,150,NR,45,240,12,35,70,50,39,39,35,52,40,98,633,55,72,40,77,30,35,25,10,34,,,2024-09-30
Madhya Pradesh,Raisen,39,,30,31,95,160,118,108,85,42,55,198,160,132,142,NR,NR,45,223,10,38,47,60,39,40,35,NR,36,97,615,58,77,40,84,34,40,24,13,37,,,2024-09-30
Madhya Pradesh,Sheopur,45,,28,35,90,160,115,120,80,42,60,180,145,120,124,125,NR,48,280,28,35,42,50,30,35,40,67,40,100,600,58,75,25,80,25,40,30,28,40,,,2024-09-30
Madhya Pradesh,Agar malwa,42,,27,32,94,165,119,110,91,42,53,181,157,140,135,139,NR,49,262,19,36,34,40,38,38,35,NR,42,104,590,53,70,30,71,31,35,22,14,40,,,2024-09-30
Madhya Pradesh,Umaria,36,,29,34,89,158,111,116,92,45,54,223,161,131,139,146,NR,60,220,15,35,60,60,40,NR,40,NR,40,98,640,60,72,40,82,28,47,28,20,40,,,2024-09-30
Madhya Pradesh,Shajapur,38,,28,33,93,160,123,113,85,43,57,179,152,128,132,134,NR,50,250,19,32,47,45,36,36,35,NR,40,102,600,57,70,38,80,32,35,30,15,37,,,2024-09-30
Madhya Pradesh,Dewas,41,,29,36,99,159,119,110,91,43,57,180,159,126,130,140,NR,52,232,12,37,46,47,39,38,39,51,41,106,590,55,79,34,85,38,42,32,17,36,,,2024-09-30
Madhya Pradesh,Khargone,35,,30,35,95,155,125,110,85,43,50,186,156,136,137,132,NR,49,225,17,40,40,40,40,40,40,65,40,95,640,55,84,35,85,35,40,30,15,25,,,2024-09-30
Madhya Pradesh,Singrauli,36,,26,34,87,151,115,115,85,44,58,181,156,114,141,128,115,54,228,13,35,49,54,NR,39,34,NR,41,89,641,54,67,35,86,29,48,26,16,36,,,2024-09-30
Madhya Pradesh,Chhindwara,44,,29,35,97,156,114,103,82,43,53,200,166,124,133,135,130,43,205,10,35,52,47,37,37,35,49,42,98,667,50,71,39,78,28,53,27,15,42,,,2024-09-30
Madhya Pradesh,Sehore,39,,28,31,93,155,117,105,85,43,52,181,148,126,128,137,NR,50,220,10,35,37,50,NR,NR,39,NR,39,100,593,55,71,30,70,30,32,24,12,40,,,2024-09-30
Madhya Pradesh,MP-Ashoknagar,36,,28,31,80,167,115,100,86,42,55,175,132,122,128,114,89,47,200,13,35,50,50,32,40,35,NR,37,89,643,52,72,41,90,35,45,25,15,29,,,2024-09-30
Madhya Pradesh,Balaghat,35,,32,38,90,160,120,115,85,42,50,190,140,132,141,141,NR,51,203,14,30,42,35,37,40,40,58,37,96,640,58,69,31,77,30,39,25,16,30,,,2024-09-30
Madhya Pradesh,Guna,40,,27,30,95,158,117,100,82,42,55,180,155,135,137,118,100,45,200,20,30,50,70,30,40,40,85,38,100,595,57,70,48,83,30,39,28,15,34,,,2024-09-30
Madhya Pradesh,Ratlam,40,,32,36,98,159,124,118,93,43,59,202,168,138,131,137,126,54,227,10,32,42,44,29,39,34,58,39,109,620,58,69,40,89,29,47,29,16,38,,,2024-09-30
Madhya Pradesh,Satna,32,,26,32,95,155,105,98,80,42,60,180,135,125,112,125,102,52,230,21,30,55,45,32,40,35,54,47,80,600,58,70,29,70,53,52,25,17,38,,,2024-09-30
Madhya Pradesh,Vidisha,39,,30,33,92,163,127,106,88,41,58,190,173,134,137,141,NR,50,207,10,30,50,60,37,40,35,63,37,99,547,58,80,20,78,28,33,26,13,40,,,2024-09-30
Madhya Pradesh,Alirajpur,35,,27,35,90,160,117,113,88,41,57,178,135,120,115,124,NR,42,277,10,33,31,46,33,32,45,NR,44,94,597,57,72,22,80,39,50,30,17,28,,,2024-09-30
Madhya Pradesh,Betul,38,,28,34,98,158,114,106,85,44,58,186,164,133,138,139,NR,52,238,14,41,52,41,36,36,38,57,38,110,646,51,76,34,88,37,46,26,15,38,,,2024-09-30
Madhya Pradesh,Damoh,38,,32,34,90,162,112,110,90,40,50,172,141,110,114,121,NR,49,219,12,33,57,48,37,39,36,49,39,97,607,57,71,25,90,31,43,28,14,38,,,2024-09-30
Madhya Pradesh,Dindori,39,,33,34,79,159,120,115,86,40,61,163,160,110,140,150,NR,50,228,16,40,58,50,37,41,37,50,40,73,620,50,70,40,72,41,59,27,10,40,,,2024-09-30
Madhya Pradesh,Niwari,35,,26,29,99,168,103,108,84,43,62,204,155,134,128,144,NR,49,208,28,32,57,65,30,30,36,30,38,100,627,56,84,29,97,30,41,23,18,38,,,2024-09-30
Madhya Pradesh,Seoni,38,,35,36,93,135,108,105,86,43,55,206,145,108,110,132,NR,49,203,11,33,50,37,40,40,36,68,42,100,650,57,72,20,77,50,36,21,15,43,,,2024-09-30
Madhya Pradesh,Panna,40,,28,36,78,155,87,88,86,42,53,185,120,123,110,120,100,53,210,11,30,55,50,40,67,35,60,45,97,650,56,75,38,67,24,48,31,20,47,,,2024-09-30
Madhya Pradesh,Tikamgarh,NR,,NR,NR,NR,NR,NR,NR,NR,NR,NR,NR,NR,NR,NR,NR,NR,NR,NR,NR,NR,NR,NR,NR,NR,NR,NR,NR,NR,NR,NR,NR,NR,NR,NR,NR,NR,NR,NR,,,2024-09-30
Maharashtra,Mumbai,42,,40,48,106,180,155,134,87,48,60,205,185,133,141,146,125,80,310,28,41,66,65,42,56,58,70,55,140,568,58,80,87,113,85,55,63,19,40,,,2024-09-30
Maharashtra,Nagpur,52,,43,53,94,174,136,128,95,52,62,215,200,164,140,151,117,68,283,27,42,54,52,38,48,48,75,48,110,663,56,83,48,89,36,48,28,18,59,,,2024-09-30
Maharashtra,Pune,41,,42,55,92,159,125,122,84,49,72,186,151,122,115,118,110,48,321,30,37,51,35,31,42,34,37,38,109,504,46,75,42,99,38,32,35,24,33,,,2024-09-30
Maharashtra,Nashik,40,,43,40,103,172,138,123,91,42,56,187,188,142,119,132,110,54,300,26,40,55,50,38,60,49,56,47,115,647,58,66,57,113,30,54,42,33,38,,,2024-09-30
Maharashtra,Mangaon-Raigad,48,,39,47,108,171,140,120,91,45,54,195,148,144,125,128,126,60,319,28,40,60,74,38,40,42,57,45,108,700,59,75,60,78,37,54,44,26,67,,,2024-09-30
Maharashtra,Dharni,40,,31,38,100,164,115,118,86,43,45,191,133,126,134,135,NR,55,298,13,39,57,42,36,35,36,NR,38,104,727,59,70,42,98,33,40,24,16,34,,,2024-09-30
Maharashtra,Latur,50,,42,45,90,170,127,124,87,40,62,194,171,118,135,138,132,43,222,27,35,45,40,40,45,40,72,38,90,627,53,62,70,78,52,49,29,22,38,,,2024-09-30
Maharashtra,Akluj,49,,36,40,100,165,124,121,98,42,52,212,171,142,129,139,123,50,350,28,41,57,41,32,46,41,63,41,104,650,55,46,47,114,32,48,30,15,33,,,2024-09-30
Maharashtra,Arni Yavatmal,52,,32,34,98,168,128,114,90,42,63,170,155,125,133,118,NR,57,300,10,40,40,60,35,32,47,70,50,103,783,55,72,60,99,45,42,42,15,47,,,2024-09-30
Maharashtra,Chandrapur,53,,45,46,108,163,132,131,103,42,72,212,184,157,143,143,NR,58,223,28,38,40,28,53,53,58,59,64,107,643,66,71,25,105,42,44,31,19,57,,,2024-09-30
Maharashtra,Karad Satara,45,,39,46,99,178,136,124,95,43,70,195,173,120,139,148,123,50,292,28,40,62,53,41,39,40,59,40,116,603,55,67,58,89,34,43,34,19,34,,,2024-09-30
Maharashtra,Ahemednagar,59,,44,49,97,169,134,119,99,42,53,159,168,134,143,144,128,49,248,28,37,44,34,30,39,37,44,39,108,567,58,70,58,79,29,59,29,18,25,,,2024-09-30
Maharashtra,Khultabad,53,,34,35,87,163,121,118,90,42,43,177,NR,136,121,131,104,59,298,20,40,50,37,33,35,39,NR,42,88,702,52,71,62,47,38,34,36,27,30,,,2024-09-30
Maharashtra,Islampur,47,,40,46,104,166,128,115,90,42,66,189,181,106,129,137,109,51,340,27,49,51,51,33,39,38,43,38,117,633,52,65,62,98,33,39,35,27,50,,,2024-09-30
Maharashtra,Kankavli,46,,45,45,96,169,133,127,100,44,58,190,179,138,125,132,123,53,353,20,45,44,39,40,41,41,47,45,97,667,54,72,58,87,32,42,41,32,53,,,2024-09-30
Maharashtra,Partur,50,,32,40,94,163,122,112,100,42,55,200,179,143,148,145,142,40,401,10,40,63,67,29,29,43,NR,47,87,707,NR,84,67,93,50,43,25,15,38,,,2024-09-30
Maharashtra,Gondia,52,,40,42,93,151,110,106,83,41,56,170,190,130,132,147,141,51,220,22,37,45,45,39,40,39,60,39,105,670,53,60,32,80,40,43,30,18,35,,,2024-09-30
Maharashtra,Jalgaon,53,,37,46,104,171,140,126,112,42,60,168,166,153,133,134,139,63,450,29,42,58,78,38,40,50,51,49,118,697,58,108,58,94,54,42,41,15,31,,,2024-09-30
Maharashtra,Akola,42,,34,38,100,169,125,113,93,42,65,182,158,155,135,139,115,58,300,26,40,53,50,34,37,45,65,44,114,723,56,70,50,75,45,55,24,18,37,,,2024-09-30
Rajasthan,Jaipur,50,,31,35,97,163,115,104,80,44,52,185,172,154,142,138,NR,53,330,15,30,55,36,28,31,45,NR,49,100,560,58,82,27,71,30,75,34,23,40,,,2024-09-30
Rajasthan,Jodhpur,41,,31,36,103,145,133,117,79,42,55,200,168,NR,NR,127,NR,53,260,23,38,51,50,NR,NR,NR,NR,NR,NR,NR,NR,NR,NR,NR,NR,NR,NR,NR,NR,,,2024-09-30
Rajasthan,Kota,43,,30,32,90,160,116,113,89,43,58,177,147,115,121,130,101,51,284,21,45,53,59,31,46,47,55,50,89,620,48,66,50,80,36,33,33,27,41,,,2024-09-30
Rajasthan,Udaipur,37,,28,30,97,182,110,103,98,44,54,183,153,132,130,NR,122,52,337,21,32,42,35,35,40,35,60,35,97,550,64,81,39,85,20,32,30,30,33,,,2024-09-30
Rajasthan,Bharatpur,45,,28,32,90,160,129,118,90,44,59,189,132,125,125,NR,NR,51,294,26,33,45,55,25,30,40,65,40,95,530,58,75,31,85,20,60,35,25,40,,,2024-09-30
Rajasthan,Ajmer,41,,33,35,91,160,117,100,76,41,53,176,137,119,116,126,106,43,305,20,34,53,58,26,29,34,NR,36,94,549,56,94,43,76,36,35,NR,16,39,,,2024-09-30
Rajasthan,Bikaner,40,,30,34,86,174,133,120,95,44,42,170,117,107,108,117,97,54,282,9,28,62,52,33,33,48,58,48,106,540,54,60,55,77,65,49,25,13,43,,,2024-09-30
Rajasthan,Bundi,55,,27,35,95,180,130,120,90,42,57,180,150,110,130,150,NR,50,350,23,40,50,77,29,37,34,73,27,110,583,56,93,73,80,20,40,32,25,42,,,2024-09-30
Rajasthan,Rajsamand,40,,29,33,96,168,122,109,79,42,60,172,134,120,115,121,NR,49,286,NR,38,56,42,29,29,36,59,43,88,508,48,66,48,87,19,38,34,28,41,,,2024-09-30
Rajasthan,Alwar,46,,31,36,87,168,123,103,87,43,54,180,158,128,128,158,NR,42,316,24,42,42,57,24,39,38,74,38,82,572,43,66,28,78,36,77,33,42,41,,,2024-09-30
Rajasthan,Banswara,37,,26,33,95,166,124,115,89,41,53,170,146,112,106,150,NR,46,355,24,39,42,43,34,37,46,49,47,97,512,57,85,36,92,27,80,40,33,38,,,2024-09-30
Rajasthan,Baran,40,,30,35,80,173,117,102,82,41,50,195,144,122,123,127,NR,40,NR,NR,37,58,42,28,32,32,37,53,92,650,55,65,87,90,25,28,34,28,40,,,2024-09-30
Rajasthan,Barmer,38,,32,34,90,167,123,100,90,43,NR,NR,153,120,132,NR,NR,44,NR,21,32,47,43,29,36,38,55,45,92,600,50,84,45,88,29,63,33,28,45,,,2024-09-30
Rajasthan,Bhilwara,48,,29,35,92,160,110,98,92,43,51,195,175,145,156,174,156,44,287,NR,34,40,54,29,33,40,53,60,108,605,49,95,36,100,66,36,19,19,23,,,2024-09-30
Rajasthan,Chhitorgarh,43,,28,32,93,163,120,110,87,44,56,177,145,121,122,125,105,45,277,20,36,48,44,28,39,39,70,38,94,567,52,78,40,89,35,51,35,23,40,,,2024-09-30
Rajasthan,Churu,35,,28,30,90,165,130,122,82,42,46,172,150,145,117,NR,NR,39,303,15,40,35,60,22,40,50,35,50,110,700,35,50,40,100,20,60,40,30,40,,,2024-09-30
Rajasthan,Dholapur,40,,29,33,99,160,108,100,90,43,50,222,171,156,150,NR,NR,45,190,16,40,58,58,28,NR,37,NR,40,117,458,58,84,42,82,29,31,26,16,40,,,2024-09-30
Rajasthan,Dungarpur,41,,30,33,81,163,116,111,83,43,55,192,171,NR,137,155,NR,50,297,25,42,52,53,35,38,44,85,45,87,600,57,80,35,61,37,44,37,19,47,,,2024-09-30
Rajasthan,Hanumangarh,35,,26,31,82,175,112,105,82,43,46,214,136,109,128,129,93,41,320,14,29,48,54,NR,NR,NR,NR,NR,NR,NR,NR,NR,NR,NR,NR,NR,NR,NR,NR,,,2024-09-30
Rajasthan,Jaisalmer,40,,33,34,98,160,128,103,81,43,50,177,143,120,125,135,NR,49,253,18,40,59,45,32,35,45,57,45,108,537,62,120,45,85,36,32,25,14,42,,,2024-09-30
Rajasthan,Jalore,39,,32,32,100,170,125,110,90,42,54,192,135,127,137,150,NR,43,310,15,35,53,49,30,40,41,NR,50,46,543,NR,78,75,100,30,40,40,35,43,,,2024-09-30
Rajasthan,Jhalawar,42,,29,32,81,167,119,107,86,40,55,176,146,117,126,148,NR,40,299,19,32,39,53,NR,NR,43,NR,50,90,633,59,170,30,70,20,40,30,30,40,,,2024-09-30
Rajasthan,Jhunjhunu,43,,26,32,90,161,123,113,90,44,52,199,142,118,106,123,NR,52,NR,18,36,50,47,23,NR,41,48,44,103,565,56,76,50,100,38,42,25,20,40,,,2024-09-30
Rajasthan,Karauli,40,,25,34,84,158,115,97,98,44,52,190,141,129,129,133,101,40,305,22,39,59,38,21,21,40,36,72,106,610,60,88,56,99,71,92,31,20,42,,,2024-09-30
Rajasthan,Nagaur,43,,33,32,84,154,105,98,88,45,56,155,155,118,138,124,103,45,300,17,37,36,44,27,28,30,NR,41,93,744,NR,92,NR,101,NR,35,25,23,34,,,2024-09-30
Rajasthan,Pali,55,,30,29,82,158,125,103,83,42,56,NR,NR,NR,NR,NR,NR,42,NR,24,32,32,40,30,38,38,NR,47,107,505,NR,62,52,82,114,35,26,20,43,,,2024-09-30
Rajasthan,RJ-Pratapgarh,41,,28,32,70,168,106,97,85,42,43,155,148,120,115,NR,NR,44,298,19,38,38,49,59,36,40,NR,42,103,653,41,60,38,71,46,36,25,14,40,,,2024-09-30
Rajasthan,Sikar,43,,27,33,85,158,121,105,90,44,52,170,155,117,135,151,NR,45,305,21,35,42,58,23,29,40,48,45,107,558,56,56,51,113,32,45,35,21,45,,,2024-09-30
Rajasthan,Sirohi,45,,30,34,90,170,130,110,90,44,51,183,130,127,120,130,NR,48,NR,19,38,40,58,25,NR,42,NR,43,90,503,NR,94,60,NR,NR,NR,NR,NR,37,,,2024-09-30
Rajasthan,Sri Ganganagar,37,,27,33,90,155,105,105,77,42,51,211,160,144,136,NR,NR,44,260,21,32,49,53,26,35,34,NR,36,70,695,60,60,55,89,34,80,42,27,44,,,2024-09-30
Rajasthan,Tonk,45,,27,33,90,168,120,109,82,45,54,194,133,110,110,NR,98,44,267,14,35,46,39,25,40,40,NR,48,110,520,58,75,35,85,75,40,35,18,40,,,2024-09-30
Rajasthan,Sawai Madhopur,45,,26,30,74,175,135,118,95,45,55,203,137,126,126,134,NR,45,292,26,40,53,58,32,35,50,50,50,110,550,67,120,40,100,26,60,35,32,40,,,2024-09-30
EAST ZONE,EAST ZONE,,,,,,,,,,,,,,,,,,,,,,,,,,,,,,,,,,,,,,,,,,2024-09-30
Bihar,Patna,41,,31,36,93,160,132,112,84,46,56,NR,150,142,140,154,146,51,278,26,32,54,45,NR,NR,39,NR,40,100,600,56,84,38,90,25,65,45,35,50,,,2024-09-30
Bihar,Bhagalpur,38,,30,35,95,161,120,112,77,45,57,NR,147,111,120,169,117,44,320,28,36,51,50,49,64,34,NR,35,104,635,58,84,40,100,48,66,48,19,NR,,,2024-09-30
Bihar,Purnia,NR,,NR,NR,NR,NR,NR,NR,NR,NR,NR,NR,NR,NR,NR,NR,NR,NR,NR,NR,NR,NR,NR,NR,NR,NR,NR,NR,NR,NR,NR,NR,NR,NR,NR,NR,NR,NR,NR,,,2024-09-30
Bihar,Darbhanga,40,,30,40,100,140,135,115,80,44,53,NR,187,165,154,NR,132,46,198,14,30,56,40,56,56,32,44,32,100,560,60,72,28,122,19,58,35,28,55,,,2024-09-30
Bihar,Gaya,33,,26,38,81,160,106,108,82,45,60,NR,154,134,142,141,107,50,339,24,36,48,40,NR,NR,34,NR,36,110,673,58,90,37,87,25,34,23,20,57,,,2024-09-30
Bihar,Muzzafarpur,37,,27,32,87,161,123,114,82,45,57,NR,147,128,131,147,102,49,287,25,33,46,50,40,60,34,60,38,100,590,58,84,26,100,46,60,25,26,50,,,2024-09-30
Bihar,Saran,39,,25,34,83,162,117,116,82,45,55,NR,140,131,137,146,NR,46,285,27,34,50,46,47,70,34,69,41,100,615,56,68,40,98,25,64,35,23,35,,,2024-09-30
Bihar,Munger,40,,27,32,92,165,120,120,82,44,57,NR,135,124,121,120,NR,46,240,27,37,60,52,NR,NR,34,NR,40,100,583,62,79,30,88,NR,40,40,22,55,,,2024-09-30
Bihar,Saharsa,NR,,NR,NR,NR,NR,NR,NR,NR,NR,NR,NR,NR,NR,NR,NR,NR,NR,NR,NR,NR,NR,NR,NR,NR,NR,NR,NR,NR,NR,NR,NR,NR,NR,NR,NR,NR,NR,NR,,,2024-09-30
Bihar,Madhubani,38,,28,33,83,151,126,115,80,45,54,160,133,127,123,158,99,49,302,22,32,40,56,NR,NR,34,49,36,109,590,48,74,32,82,32,34,17,14,48,,,2024-09-30
Bihar,Rohtas (Sasaram),32,,30,34,93,154,113,101,80,46,60,206,171,138,146,147,124,52,210,25,31,50,47,38,64,31,54,37,106,593,55,78,41,81,24,49,38,24,29,,,2024-09-30
Bihar,Motihari,40,,30,34,84,164,128,108,80,42,57,194,138,128,128,148,104,50,284,18,34,40,46,NR,NR,36,NR,34,110,602,52,70,24,90,44,54,35,22,32,,,2024-09-30
Bihar,Samastipur,37,,28,34,84,162,120,115,79,45,54,165,150,123,123,150,113,50,300,23,31,57,47,30,35,33,81,38,95,600,72,96,22,100,25,77,25,11,50,,,2024-09-30
Bihar,Katihar,39,,32,35,92,169,135,110,85,46,59,NR,NR,128,133,146,NR,48,305,19,36,46,50,NR,NR,32,NR,33,110,593,NR,72,38,98,22,50,20,25,NR,,,2024-09-30
Bihar,Araria,39,,28,34,84,154,124,110,83,44,55,NR,129,124,124,154,104,50,280,20,30,50,50,54,60,40,80,40,100,640,60,74,34,95,44,54,40,12,45,,,2024-09-30
Bihar,Nawada,38,,25,35,87,166,124,120,82,44,60,230,147,130,117,145,116,50,280,27,33,50,50,30,NR,45,NR,49,119,650,75,85,43,95,23,83,38,26,65,,,2024-09-30
Bihar,Khagaria,42,,25,37,95,140,115,120,85,43,46,NR,140,112,122,128,106,41,377,27,29,47,57,NR,NR,40,NR,40,118,600,55,72,30,90,30,50,30,27,30,,,2024-09-30
Bihar,Banka,33,,24,31,80,158,105,109,74,46,58,NR,136,112,117,155,107,46,203,16,32,37,55,NR,NR,NR,NR,NR,NR,NR,NR,NR,NR,NR,NR,NR,NR,NR,NR,,,2024-09-30
Bihar,Arwal,36,,29,32,81,151,113,110,78,42,55,NR,137,125,122,125,100,46,280,25,34,45,50,NR,NR,32,NR,36,110,650,55,72,35,80,30,40,30,36,40,,,2024-09-30
Bihar,Aurangabad,41,,26,35,89,159,113,115,81,45,59,217,144,135,125,155,93,52,NR,27,30,58,60,52,NR,33,NR,34,97,737,57,96,37,105,31,37,34,32,55,,,2024-09-30
Bihar,Begusarai,37,,26,34,84,150,127,112,80,45,55,130,146,116,118,168,100,49,305,15,32,40,55,52,42,35,37,37,108,623,58,78,26,77,26,56,34,17,33,,,2024-09-30
Bihar,Bhojpur Ara,43,,27,30,93,155,125,125,77,43,52,203,165,120,145,150,NR,47,362,30,35,55,45,NR,NR,31,NR,33,100,600,60,65,40,85,20,50,35,30,52,,,2024-09-30
Bihar,Buxar,33,,31,34,89,163,125,113,80,44,58,155,143,117,135,148,99,48,219,25,34,44,46,28,37,31,80,34,99,598,39,82,42,96,38,58,38,24,48,,,2024-09-30
Bihar,Gopalganj,40,,28,33,83,162,125,111,80,42,55,196,131,121,127,140,107,50,250,28,35,51,59,41,41,42,41,41,111,650,75,70,49,78,37,48,43,40,37,,,2024-09-30
Bihar,Jamui,40,,30,35,73,142,120,117,77,43,57,NR,130,111,131,NR,121,38,254,26,32,46,41,39,64,44,50,44,105,605,58,90,20,79,25,35,26,15,50,,,2024-09-30
Bihar,Jehanabad,38,,28,34,82,165,123,118,80,45,55,NR,138,125,128,160,NR,48,247,23,34,46,48,NR,NR,36,NR,40,100,650,56,100,32,80,25,44,24,NR,53,,,2024-09-30
Bihar,Kaimur,NR,,NR,NR,NR,NR,NR,NR,NR,NR,NR,NR,NR,NR,NR,NR,NR,NR,NR,NR,NR,NR,NR,NR,NR,NR,NR,NR,NR,NR,NR,NR,NR,NR,NR,NR,NR,NR,NR,,,2024-09-30
Bihar,Kishanganj,38,,28,32,80,165,120,110,80,44,57,NR,130,120,118,137,95,50,300,26,33,42,50,53,77,42,50,45,47,575,67,80,42,113,30,58,57,25,25,,,2024-09-30
Bihar,Lakhisarai,39,,31,36,74,145,113,117,88,46,58,NR,149,128,138,NR,128,44,256,26,32,42,44,51,53,51,51,49,100,603,32,95,31,79,21,40,31,21,31,,,2024-09-30
Bihar,Medhepura,39,,30,35,93,153,127,115,76,45,56,NR,151,119,133,137,109,45,345,15,33,51,55,NR,NR,34,NR,34,87,605,55,74,41,79,27,55,31,19,43,,,2024-09-30
Bihar,Nalanda,35,,32,34,88,155,125,116,83,42,61,215,138,119,115,158,NR,48,387,28,31,38,57,60,80,32,70,36,110,610,58,84,40,85,35,102,45,40,NR,,,2024-09-30
Bihar,Sheikhpura,37,,29,34,90,165,110,115,84,44,56,NR,145,130,136,137,95,50,245,27,37,40,52,45,NR,38,51,40,110,640,58,70,30,118,42,51,60,33,40,,,2024-09-30
Bihar,Sheohar,37,,28,36,96,161,130,118,81,45,60,156,154,133,137,153,106,48,232,24,35,59,41,NR,NR,38,40,46,113,600,51,82,33,101,24,65,33,25,55,,,2024-09-30
Bihar,Sitamarhi,38,,27,34,83,156,117,112,80,45,55,NR,140,118,119,154,104,49,270,25,33,41,56,40,60,35,60,33,100,630,56,96,40,90,35,50,26,19,60,,,2024-09-30
Bihar,Siwan,36,,29,34,94,152,110,109,76,44,56,169,159,124,134,149,122,52,208,25,29,52,42,48,39,34,49,37,98,675,39,69,29,69,32,39,29,14,45,,,2024-09-30
Bihar,Supaul,NR,,NR,NR,NR,NR,NR,NR,NR,NR,NR,NR,NR,NR,NR,NR,NR,NR,NR,NR,NR,NR,NR,NR,NR,NR,NR,NR,NR,NR,NR,NR,NR,NR,NR,NR,NR,NR,NR,,,2024-09-30
Bihar,Vaishali,34,,30,32,95,152,121,113,75,44,55,169,155,120,145,160,115,54,207,27,31,60,51,49,49,35,40,40,100,657,55,84,38,80,30,35,19,14,38,,,2024-09-30
Bihar,West Champaran,38,,24,34,78,162,115,103,73,41,51,162,122,129,128,133,117,45,267,18,35,47,40,35,41,33,45,39,105,567,45,76,37,90,61,54,26,16,45,,,2024-09-30
Jharkhand,Ranchi,44,,35,36,100,165,130,119,80,45,58,230,163,120,136,134,119,59,235,27,33,60,67,34,35,37,35,45,115,573,57,84,50,100,50,60,40,15,55,,,2024-09-30
Jharkhand,Gumla,42,,29,34,80,160,105,105,78,45,56,212,135,117,114,132,98,48,217,15,33,40,50,NR,NR,NR,NR,NR,NR,NR,NR,NR,NR,NR,NR,NR,NR,NR,NR,,,2024-09-30
Jharkhand,Sahibganj,40,,30,33,95,168,95,120,90,45,60,140,150,110,120,118,88,53,250,20,30,55,62,41,NR,37,77,40,108,600,56,80,35,80,21,44,36,27,40,,,2024-09-30
Jharkhand,Bokaro,34,,34,36,86,160,100,110,94,NR,NR,170,170,130,145,170,125,NR,NR,NR,32,45,60,NR,NR,32,NR,40,95,700,55,70,45,80,16,50,25,25,60,,,2024-09-30
Jharkhand,Lohardaga,31,,30,35,81,158,120,108,79,44,61,NR,151,129,140,152,112,44,203,26,38,39,38,NR,NR,37,29,40,90,650,56,73,50,80,42,30,33,11,38,,,2024-09-30
Jharkhand,Simdega,NR,,NR,NR,NR,NR,NR,NR,NR,NR,NR,NR,NR,NR,NR,NR,NR,NR,NR,NR,NR,NR,NR,NR,NR,NR,NR,NR,NR,NR,NR,NR,NR,NR,NR,NR,NR,NR,NR,,,2024-09-30
Jharkhand,Dhanbad,43,,35,37,99,158,126,117,82,46,58,217,177,121,143,149,128,55,300,12,33,60,68,34,50,35,48,37,104,650,56,80,47,90,35,43,39,12,45,,,2024-09-30
Jharkhand,Jamshedpur (East Singbhum),45,,34,34,100,173,127,116,83,46,58,219,153,141,120,135,100,60,220,27,34,60,75,50,NR,35,80,43,100,623,58,80,47,80,50,50,30,15,50,,,2024-09-30
Jharkhand,Giridhi,34,,32,35,82,160,102,109,75,43,55,NR,187,168,144,164,137,40,300,19,38,48,60,40,35,36,100,45,90,600,45,84,58,90,60,20,35,30,52,,,2024-09-30
Jharkhand,Seraikella,36,,28,35,84,170,125,114,75,46,60,170,164,141,110,138,94,53,213,25,30,50,50,42,NR,33,NR,34,93,600,59,84,42,95,25,65,48,27,52,,,2024-09-30
Jharkhand,West Singhbhum,37,,28,34,82,169,123,113,74,46,60,169,131,138,102,137,93,53,247,24,34,42,47,42,50,31,50,32,91,608,58,80,48,100,24,67,47,27,50,,,2024-09-30
Jharkhand,Daltonganj,37,,27,36,86,152,115,113,80,48,60,NR,172,137,140,NR,115,56,315,30,35,57,60,NR,NR,37,49,40,101,573,63,90,43,80,45,53,25,16,42,,,2024-09-30
Jharkhand,Deoghar,40,,32,38,89,166,137,114,90,45,60,125,161,151,155,170,101,50,264,30,25,40,63,NR,NR,34,NR,51,69,583,55,80,21,79,25,36,25,13,27,,,2024-09-30
Jharkhand,Ramgarh,39,,36,38,NR,161,126,112,76,46,NR,NR,166,156,156,192,NR,48,279,25,35,50,53,NR,NR,31,NR,40,108,590,58,80,45,83,28,58,27,33,40,,,2024-09-30
Jharkhand,Pakur,39,,30,36,97,170,120,97,83,45,60,180,148,145,113,135,107,58,340,25,32,52,70,47,48,35,58,50,117,530,52,73,42,125,31,73,46,26,40,,,2024-09-30
Jharkhand,Jamtara,36,,28,35,99,161,131,116,89,49,60,142,165,129,141,141,125,55,348,28,36,61,93,NR,NR,39,NR,51,99,627,51,86,59,99,26,57,44,26,41,,,2024-09-30
Jharkhand,Latehar,38,,29,36,95,153,115,106,75,47,60,NR,140,134,123,NR,99,43,224,28,30,40,78,NR,NR,41,NR,47,103,604,57,78,52,74,42,63,30,29,53,,,2024-09-30
Jharkhand,Godda,40,,30,36,102,163,133,120,85,46,62,200,160,110,123,137,107,60,320,27,35,60,77,NR,NR,38,NR,40,103,667,58,81,42,93,22,42,30,22,48,,,2024-09-30
Jharkhand,Koderma,40,,30,36,101,160,131,120,80,45,60,160,160,124,133,160,120,57,199,27,35,60,65,40,NR,36,NR,38,106,659,60,83,59,81,21,40,37,21,44,,,2024-09-30
Odisha,Bhubaneshwar,40,,36,42,100,152,118,108,80,45,52,NR,181,138,NR,145,137,62,230,27,30,58,47,NR,NR,39,52,41,90,NR,NR,80,43,83,38,46,30,14,50,,,2024-09-30
Odisha,Cuttack,42,,36,38,82,149,99,102,78,46,52,NR,141,106,NR,116,93,53,253,27,36,59,47,39,46,32,45,36,90,800,NR,72,39,95,NR,45,26,20,50,,,2024-09-30
Odisha,Sambalpur,40,,43,48,97,155,111,103,76,47,52,NR,182,138,NR,147,145,47,240,28,30,55,60,40,45,38,50,39,90,670,NR,72,40,100,40,40,30,20,60,,,2024-09-30
Odisha,Rourkela,35,,38,38,99,154,114,109,79,45,52,NR,164,118,120,129,120,54,180,28,33,53,60,35,40,38,40,40,91,482,58,73,40,81,25,37,27,15,41,,,2024-09-30
Odisha,Berhampur,37,,45,40,95,160,130,105,75,NR,NR,NR,186,145,NR,148,151,NR,NR,NR,NR,NR,NR,NR,NR,NR,NR,NR,NR,NR,NR,NR,NR,NR,NR,NR,NR,NR,NR,,,2024-09-30
Odisha,Jeypore,45,,40,39,104,159,115,111,80,45,52,NR,181,136,144,147,144,55,230,27,32,50,50,40,40,39,45,42,87,670,NR,72,42,78,31,36,25,13,60,,,2024-09-30
Odisha,Balasore,38,,44,45,103,168,117,122,84,46,52,NR,181,95,NR,141,125,56,240,26,29,59,60,NR,NR,35,NR,37,47,620,58,80,53,113,25,72,40,25,43,,,2024-09-30
Odisha,Baripada,37,,33,38,101,166,116,109,77,46,54,192,167,129,130,137,125,60,230,26,30,60,52,35,NR,36,45,39,100,630,59,70,41,90,27,45,30,14,55,,,2024-09-30
Odisha,Balangir,45,,37,39,100,149,116,111,83,42,52,NR,185,132,NR,151,133,52,NR,27,32,57,63,NR,NR,40,NR,48,90,630,60,78,47,30,35,40,25,13,40,,,2024-09-30
Odisha,Angul,39,,NR,42,85,140,117,120,87,46,55,NR,NR,NR,NR,130,97,46,374,25,33,60,50,NR,NR,43,95,43,97,767,50,80,48,52,40,47,43,41,80,,,2024-09-30
Odisha,Boudhgarh,NR,,NR,NR,NR,NR,NR,NR,NR,NR,NR,NR,NR,NR,NR,NR,NR,NR,NR,NR,NR,NR,NR,NR,NR,NR,NR,NR,NR,NR,NR,NR,NR,NR,NR,NR,NR,NR,NR,,,2024-09-30
Odisha,Dhenkanal,40,,35,40,90,165,120,105,85,45,52,180,165,140,145,130,111,55,365,27,30,60,50,41,NR,40,40,40,105,650,55,84,50,110,25,55,35,25,60,,,2024-09-30
Odisha,Jagatsinghpur,33,,33,44,85,160,NR,110,80,40,NR,NR,161,139,120,121,90,43,208,20,30,50,50,NR,NR,40,NR,40,105,690,58,72,50,81,28,58,39,30,60,,,2024-09-30
Odisha,Kandhamal,NR,,NR,NR,NR,NR,NR,NR,NR,NR,NR,NR,NR,NR,NR,NR,NR,NR,NR,NR,NR,NR,NR,NR,NR,NR,NR,NR,NR,NR,NR,NR,NR,NR,NR,NR,NR,NR,NR,,,2024-09-30
Odisha,Keonjhar,38,,38,42,100,170,125,115,80,45,52,NR,170,104,NR,135,125,57,NR,27,28,60,60,50,55,49,50,50,110,690,60,84,60,105,30,50,35,25,80,,,2024-09-30
Odisha,Malkangiri,52,,35,33,89,171,128,112,81,43,52,NR,146,109,NR,112,94,56,333,25,35,47,50,NR,NR,38,35,40,76,699,57,84,41,80,33,56,22,27,45,,,2024-09-30
Odisha,Nabarangpur,NR,,NR,NR,NR,NR,NR,NR,NR,NR,NR,NR,NR,NR,NR,NR,NR,NR,NR,NR,NR,NR,NR,NR,NR,NR,NR,NR,NR,NR,NR,NR,NR,NR,NR,NR,NR,NR,NR,,,2024-09-30
Odisha,Nayagarh,38,,NR,40,80,160,130,120,87,44,52,NR,177,154,NR,142,131,60,340,26,31,58,58,NR,NR,35,43,38,88,640,57,80,42,120,20,53,35,25,40,,,2024-09-30
Odisha,Nuapada,NR,,NR,NR,NR,NR,NR,NR,NR,NR,NR,NR,NR,NR,NR,NR,NR,NR,NR,NR,NR,NR,NR,NR,NR,NR,NR,NR,NR,NR,NR,NR,NR,NR,NR,NR,NR,NR,NR,,,2024-09-30
Odisha,Paralakhemundi Gajapati,NR,,NR,NR,NR,NR,NR,NR,NR,NR,NR,NR,NR,NR,NR,NR,NR,NR,NR,NR,NR,NR,NR,NR,NR,NR,NR,NR,NR,NR,NR,NR,NR,NR,NR,NR,NR,NR,NR,,,2024-09-30
Odisha,Puri,38,,35,43,93,157,120,115,80,44,53,NR,157,127,NR,132,115,54,278,26,30,54,46,NR,NR,40,NR,42,80,603,58,73,46,99,45,37,25,15,57,,,2024-09-30
Odisha,Rayagada,40,,33,42,85,170,125,125,85,48,52,176,155,111,159,118,100,48,NR,27,31,52,40,NR,NR,39,35,39,70,643,55,71,40,98,48,65,32,12,47,,,2024-09-30
Odisha,Sonepur,39,,NR,42,101,155,116,115,81,44,48,NR,166,121,NR,131,121,52,322,11,29,61,54,NR,NR,42,NR,47,69,667,58,83,42,84,25,33,19,9,48,,,2024-09-30
Odisha,Bhadrak,NR,,NR,NR,NR,NR,NR,NR,NR,NR,NR,NR,NR,NR,NR,NR,NR,NR,NR,NR,NR,NR,NR,NR,NR,NR,NR,NR,NR,NR,NR,NR,NR,NR,NR,NR,NR,NR,NR,,,2024-09-30
Odisha,Jharsuguda,NR,,NR,NR,NR,NR,NR,NR,NR,NR,NR,NR,NR,NR,NR,NR,NR,NR,NR,NR,NR,NR,NR,NR,NR,NR,NR,NR,NR,NR,NR,NR,NR,NR,NR,NR,NR,NR,NR,,,2024-09-30
Odisha,Kendrapara,39,,NR,43,103,160,116,111,85,44,56,NR,179,138,NR,131,121,46,260,26,31,59,59,NR,NR,40,56,41,126,673,59,72,44,85,34,37,25,13,55,,,2024-09-30
Odisha,Jajpur,NR,,NR,NR,NR,NR,NR,NR,NR,NR,NR,NR,NR,NR,NR,NR,NR,NR,NR,NR,NR,NR,NR,NR,NR,NR,NR,NR,NR,NR,NR,NR,NR,NR,NR,NR,NR,NR,NR,,,2024-09-30
Odisha,Kalahandi,39,,39,44,98,162,122,116,82,45,53,195,162,124,129,129,105,52,343,30,31,55,63,NR,NR,45,37,49,101,609,NR,71,48,NR,25,69,41,28,57,,,2024-09-30
West Bengal,Kolkata,49,,NR,38,108,167,136,125,107,47,56,NR,181,158,145,150,130,67,263,27,34,66,85,NR,NR,38,NR,54,117,638,58,79,81,86,45,38,31,19,58,,,2024-09-30
West Bengal,Siliguri,34,,29,32,84,160,118,115,89,45,56,173,130,108,112,128,99,55,174,24,30,45,47,33,42,41,55,50,99,590,55,74,37,119,30,66,40,25,47,,,2024-09-30
West Bengal,Purulia,31,,NR,38,89,171,128,118,98,48,54,137,137,122,124,128,112,54,284,28,26,56,57,NR,NR,39,NR,48,96,633,54,69,48,106,31,52,42,30,42,,,2024-09-30
West Bengal,Kharagpur,47,,34,39,97,166,122,116,94,46,54,208,162,122,126,139,123,59,244,27,29,50,67,NR,NR,38,NR,40,86,660,58,81,50,124,33,72,42,29,42,,,2024-09-30
West Bengal,Rampurhat,45,,29,38,79,159,121,118,98,45,56,195,136,118,118,130,103,52,271,22,28,55,57,NR,NR,43,NR,49,74,633,47,84,50,99,32,41,41,15,36,,,2024-09-30
West Bengal,Malda,NR,,NR,NR,NR,NR,NR,NR,NR,NR,NR,NR,NR,NR,NR,NR,NR,NR,NR,NR,NR,NR,NR,NR,NR,NR,NR,NR,NR,NR,NR,NR,NR,NR,NR,NR,NR,NR,NR,,,2024-09-30
West Bengal,Raiganj,38,,28,34,80,167,123,105,90,44,44,180,132,98,122,126,98,56,248,10,28,49,56,NR,NR,31,NR,39,59,568,49,115,44,124,21,57,32,31,58,,,2024-09-30
West Bengal,Alipurduar,40,,NR,45,77,158,118,117,99,49,72,NR,167,143,130,132,118,65,278,10,25,53,55,NR,NR,39,NR,45,90,583,59,71,17,60,21,70,35,25,22,,,2024-09-30
West Bengal,Asansol,46,,NR,37,99,169,123,124,92,45,65,NR,136,125,122,125,100,52,300,26,34,65,61,NR,NR,36,NR,42,101,640,57,75,58,101,26,47,47,29,44,,,2024-09-30
West Bengal,Balurghat,51,,33,37,103,175,143,113,97,45,49,NR,160,127,128,133,124,46,302,27,32,60,82,NR,NR,49,NR,50,78,450,59,84,57,82,70,78,29,16,60,,,2024-09-30
West Bengal,Bankura,35,,NR,35,89,168,124,117,86,45,66,232,173,124,109,124,103,50,256,19,29,58,71,NR,NR,35,NR,49,77,573,57,79,39,112,21,48,34,21,48,,,2024-09-30
West Bengal,Barasat,45,,29,39,96,166,126,117,92,45,61,179,158,130,119,128,117,57,223,25,32,58,63,56,55,38,65,45,68,587,59,80,70,97,29,57,40,25,45,,,2024-09-30
West Bengal,Bardhaman,48,,NR,36,102,165,128,115,104,45,56,223,158,121,125,133,121,57,260,25,NR,NR,NR,NR,NR,38,NR,40,60,520,58,79,66,110,30,68,42,26,56,,,2024-09-30
West Bengal,Baruipur,41,,NR,35,86,163,124,119,90,48,56,NR,140,105,103,107,97,51,256,27,34,60,67,NR,NR,33,NR,35,65,601,54,77,60,71,34,50,24,11,47,,,2024-09-30
West Bengal,Berhampore,48,,28,39,90,165,127,119,98,47,58,NR,149,119,116,129,107,51,247,20,35,60,53,NR,NR,35,NR,44,51,553,57,84,45,90,29,61,37,22,32,,,2024-09-30
West Bengal,Chinsurah,50,,NR,35,88,161,128,120,109,46,52,232,135,121,112,120,102,50,221,26,35,58,58,56,59,35,59,45,60,490,55,76,40,117,31,59,38,21,57,,,2024-09-30
West Bengal,Cooch behar,50,,NR,42,73,147,120,110,98,48,60,NR,135,112,112,142,102,50,290,26,27,55,65,62,65,38,65,45,87,560,58,92,38,90,NR,NR,38,28,60,,,2024-09-30
West Bengal,Howrah,53,,NR,38,85,162,126,120,85,48,58,NR,161,136,133,141,NR,60,285,27,30,60,68,NR,NR,NR,NR,55,82,610,55,71,71,76,32,66,42,27,46,,,2024-09-30
West Bengal,Jalapiguri,35,,28,45,90,170,125,118,93,47,56,NR,140,125,115,130,100,55,300,25,30,50,60,NR,NR,32,NR,50,74,450,55,70,36,73,25,55,36,23,50,,,2024-09-30
West Bengal,Jhargram,45,,NR,40,94,163,133,111,90,48,54,NR,156,131,125,131,110,40,273,29,28,57,66,43,53,38,71,41,110,523,57,67,31,121,29,56,31,26,51,,,2024-09-30
West Bengal,Kalimpong,38,,35,37,87,171,127,121,102,46,49,NR,132,114,122,147,NR,57,383,16,40,55,60,NR,NR,41,47,45,105,727,51,84,55,142,38,92,55,42,51,,,2024-09-30
West Bengal,Krishnagar,37,,NR,35,77,143,101,111,91,39,41,NR,181,153,144,149,144,43,245,26,23,51,45,NR,NR,35,NR,46,69,623,55,71,19,79,25,35,26,14,19,,,2024-09-30
West Bengal,Tamluk,45,,NR,44,101,171,120,123,109,47,56,NR,158,NR,118,131,NR,54,286,28,32,60,64,NR,NR,36,NR,43,71,647,58,74,55,81,27,35,26,14,39,,,2024-09-30
NORTH EAST ZONE,NORTH EAST ZONE,,,,,,,,,,,,,,,,,,,,,,,,,,,,,,,,,,,,,,,,,,2024-09-30
Andaman and Nicobar,Port Blair,51,,NR,70,118,168,161,137,100,52,73,NR,168,158,NR,136,129,72,322,22,60,92,101,72,80,48,70,89,103,893,59,96,137,90,42,52,34,19,83,,,2024-09-30
Andaman and Nicobar,Mayabunder,50,,NR,70,105,186,162,135,100,52,73,212,161,183,NR,118,106,70,315,18,70,100,120,NR,NR,74,83,92,145,700,60,108,100,100,24,72,34,27,57,,,2024-09-30
Andaman and Nicobar,Car Nicobar,52,,NR,67,105,175,170,145,110,58,75,262,170,150,NR,140,115,85,285,20,71,65,110,NR,NR,70,75,95,137,900,60,108,120,100,50,55,45,25,75,,,2024-09-30
Arunachal pradesh,Itanagar,40,,NR,41,102,178,133,123,95,50,74,NR,117,120,127,175,NR,73,400,18,37,60,72,NR,NR,40,NR,50,88,702,59,87,62,88,29,82,47,31,71,,,2024-09-30
Arunachal pradesh,Namsai,37,,NR,36,110,180,130,120,100,50,74,NR,180,NR,145,NR,NR,80,280,20,35,50,80,NR,NR,40,NR,60,120,660,59,210,27,75,20,30,50,40,30,,,2024-09-30
Arunachal pradesh,Pasighat,50,,NR,50,100,167,130,130,100,60,80,163,177,133,150,157,NR,90,400,20,40,70,90,NR,NR,50,NR,50,117,747,120,93,60,90,60,120,70,40,80,,,2024-09-30
Arunachal pradesh,Tawang,50,,45,45,103,180,133,123,110,55,73,NR,151,120,137,165,NR,100,340,20,42,58,59,NR,NR,42,NR,53,93,683,71,92,87,139,43,112,65,43,73,,,2024-09-30
Assam,Guwahati,40,,34,38,90,165,105,115,85,48,70,221,177,125,135,135,130,60,200,14,39,65,72,NR,NR,35,NR,40,NR,NR,NR,96,48,NR,NR,NR,NR,35,78,,,2024-09-30
Assam,Barpeta,NR,,NR,NR,NR,NR,NR,NR,NR,NR,NR,NR,NR,NR,NR,NR,NR,NR,NR,NR,NR,NR,NR,NR,NR,NR,NR,NR,NR,NR,NR,NR,NR,NR,NR,NR,NR,NR,NR,,,2024-09-30
Assam,Tinsukia,38,,NR,38,105,170,130,115,90,47,74,NR,175,150,135,135,NR,65,180,12,30,65,NR,NR,NR,NR,NR,NR,NR,NR,NR,NR,NR,NR,NR,NR,NR,NR,NR,,,2024-09-30
Assam,Dhubri,35,,32,39,97,168,130,108,85,48,70,250,170,125,125,125,105,55,180,12,30,60,50,40,70,40,60,47,120,700,58,80,40,60,30,60,40,30,50,,,2024-09-30
Assam,Goalpara,NR,,NR,NR,NR,NR,NR,NR,NR,NR,NR,NR,NR,NR,NR,NR,NR,NR,NR,NR,NR,NR,NR,NR,NR,NR,NR,NR,NR,NR,NR,NR,NR,NR,NR,NR,NR,NR,NR,,,2024-09-30
Assam,Golaghat,44,,32,36,90,165,95,115,96,49,NR,NR,153,134,135,133,132,66,266,14,34,63,68,NR,NR,NR,NR,NR,NR,NR,NR,NR,NR,NR,NR,NR,NR,NR,NR,,,2024-09-30
Assam,Mangaldai,43,,33,38,90,151,95,118,95,47,70,NR,142,144,141,160,112,60,269,14,36,58,40,NR,NR,39,NR,42,NR,NR,NR,198,42,NR,NR,NR,NR,24,55,,,2024-09-30
Assam,Mushalpur,42,,36,36,88,172,118,119,89,46,71,NR,169,143,139,140,109,48,220,10,31,69,65,NR,NR,35,NR,50,83,493,80,71,48,102,NR,NR,37,22,55,,,2024-09-30
Assam,Udalguri,NR,,NR,NR,NR,NR,NR,NR,NR,NR,NR,NR,NR,NR,NR,NR,NR,NR,NR,NR,NR,NR,NR,NR,NR,NR,NR,NR,NR,NR,NR,NR,NR,NR,NR,NR,NR,NR,NR,,,2024-09-30
Assam,Bajali,50,,33,38,95,170,128,120,90,47,70,167,153,NR,NR,165,NR,59,360,11,30,70,49,NR,NR,36,99,67,70,583,90,120,80,88,46,67,79,38,67,,,2024-09-30
Assam,Hojai,35,,NR,35,90,165,85,115,85,48,74,NR,155,110,132,137,121,65,230,10,32,65,55,NR,NR,35,NR,40,80,650,57,84,35,140,32,105,45,37,50,,,2024-09-30
Assam,Jorhat,43,,34,42,98,175,97,119,99,48,74,183,172,153,131,165,110,67,211,12,32,60,65,NR,NR,55,NR,54,78,624,53,84,50,58,35,110,51,25,49,,,2024-09-30
Assam,Bongaigaon,44,,NR,35,90,175,95,112,98,45,72,NR,157,152,149,165,109,50,348,10,30,55,60,NR,NR,NR,NR,NR,NR,NR,NR,NR,NR,NR,NR,NR,NR,NR,NR,,,2024-09-30
Assam,Morigaon,52,,35,38,100,168,110,118,100,46,70,195,152,152,133,140,110,62,237,10,36,59,63,NR,NR,NR,NR,NR,NR,NR,NR,NR,NR,NR,NR,NR,NR,NR,NR,,,2024-09-30
Assam,Sonari,40,,37,38,87,178,NR,120,97,46,71,NR,175,103,142,NR,NR,71,213,12,29,60,55,NR,NR,37,NR,45,100,NR,NR,83,40,70,40,45,35,30,50,,,2024-09-30
Assam,Tamulpur,37,,36,36,100,170,110,117,85,47,73,NR,173,136,135,NR,125,57,263,10,30,65,60,NR,NR,37,NR,NR,110,757,NR,72,40,NR,NR,NR,40,26,58,,,2024-09-30
Assam,Sivasagar,47,,NR,40,100,178,115,120,95,48,75,NR,150,132,142,NR,NR,57,265,10,31,57,49,66,60,53,80,53,122,707,60,101,52,82,30,105,53,32,64,,,2024-09-30
Assam,Biswanath Chariali,NR,,NR,NR,NR,NR,NR,NR,NR,NR,NR,NR,NR,NR,NR,NR,NR,NR,NR,NR,NR,NR,NR,NR,NR,NR,NR,NR,NR,NR,NR,NR,NR,NR,NR,NR,NR,NR,NR,,,2024-09-30
Assam,Dibrugarh,45,,NR,43,103,173,127,115,92,47,74,NR,174,142,134,146,NR,55,320,23,34,63,53,NR,NR,NR,NR,NR,NR,NR,NR,NR,NR,NR,NR,NR,NR,NR,NR,,,2024-09-30
Assam,Karimganj,39,,NR,38,102,168,135,111,82,46,72,NR,160,NR,119,138,116,70,240,14,33,54,65,NR,NR,38,NR,58,145,NR,58,87,40,NR,NR,NR,NR,26,45,,,2024-09-30
Assam,Majuli,50,,NR,36,93,167,91,118,97,49,70,NR,134,NR,131,NR,NR,58,256,15,30,62,80,NR,NR,40,NR,70,110,NR,NR,72,40,107,75,NR,55,32,40,,,2024-09-30
Assam,Sonitpur Tezpur,42,,58,36,92,175,109,117,91,47,69,163,147,167,142,162,120,49,310,10,38,49,46,NR,NR,NR,NR,NR,NR,NR,NR,NR,NR,NR,NR,NR,NR,NR,NR,,,2024-09-30
Assam,Haflong,35,,NR,44,100,175,NR,120,90,50,74,NR,140,NR,115,140,NR,80,260,16,40,60,60,NR,NR,45,NR,60,90,780,58,90,40,150,42,118,66,42,80,,,2024-09-30
Assam,AS-Lakhimpur,38,,NR,38,103,172,99,115,89,46,72,NR,166,128,127,126,NR,55,175,15,29,59,58,NR,NR,39,NR,39,102,603,49,76,62,81,31,71,46,26,42,,,2024-09-30
Assam,Diphu,41,,NR,38,106,179,124,122,97,50,75,NR,138,NR,130,NR,110,80,228,15,35,68,53,45,50,37,60,50,82,600,58,79,23,NR,36,72,50,33,60,,,2024-09-30
Assam,Nalbari,44,,NR,39,102,171,120,117,92,49,76,NR,143,128,120,142,103,63,307,10,29,60,52,NR,NR,37,NR,40,110,573,107,84,50,170,38,73,60,37,85,,,2024-09-30
Assam,South Salmara Mankachar,40,,33,36,90,169,135,116,85,46,NR,203,148,118,140,160,103,59,217,11,43,49,68,NR,NR,38,NR,60,61,NR,NR,90,63,81,91,46,50,31,63,,,2024-09-30
Assam,Kamrup,39,,NR,38,89,172,117,119,89,45,74,NR,142,NR,118,125,98,60,242,19,36,52,55,NR,NR,38,NR,59,NR,NR,NR,198,60,NR,NR,NR,30,25,60,,,2024-09-30
Manipur,Imphal,NR,,NR,NR,NR,NR,NR,NR,NR,NR,NR,NR,NR,NR,NR,NR,NR,NR,NR,NR,NR,NR,NR,NR,NR,NR,NR,NR,NR,NR,NR,NR,NR,NR,NR,NR,NR,NR,NR,,,2024-09-30
Manipur,Chandel,NR,,NR,NR,NR,NR,NR,NR,NR,NR,NR,NR,NR,NR,NR,NR,NR,NR,NR,NR,NR,NR,NR,NR,NR,NR,NR,NR,NR,NR,NR,NR,NR,NR,NR,NR,NR,NR,NR,,,2024-09-30
Manipur,Jiribam,NR,,NR,NR,NR,NR,NR,NR,NR,NR,NR,NR,NR,NR,NR,NR,NR,NR,NR,NR,NR,NR,NR,NR,NR,NR,NR,NR,NR,NR,NR,NR,NR,NR,NR,NR,NR,NR,NR,,,2024-09-30
Manipur,Kangpokpi,NR,,NR,NR,NR,NR,NR,NR,NR,NR,NR,NR,NR,NR,NR,NR,NR,NR,NR,NR,NR,NR,NR,NR,NR,NR,NR,NR,NR,NR,NR,NR,NR,NR,NR,NR,NR,NR,NR,,,2024-09-30
Manipur,Senapati,NR,,NR,NR,NR,NR,NR,NR,NR,NR,NR,NR,NR,NR,NR,NR,NR,NR,NR,NR,NR,NR,NR,NR,NR,NR,NR,NR,NR,NR,NR,NR,NR,NR,NR,NR,NR,NR,NR,,,2024-09-30
Manipur,Tamenglong,NR,,NR,NR,NR,NR,NR,NR,NR,NR,NR,NR,NR,NR,NR,NR,NR,NR,NR,NR,NR,NR,NR,NR,NR,NR,NR,NR,NR,NR,NR,NR,NR,NR,NR,NR,NR,NR,NR,,,2024-09-30
Manipur,Thoubal,NR,,NR,NR,NR,NR,NR,NR,NR,NR,NR,NR,NR,NR,NR,NR,NR,NR,NR,NR,NR,NR,NR,NR,NR,NR,NR,NR,NR,NR,NR,NR,NR,NR,NR,NR,NR,NR,NR,,,2024-09-30
Manipur,Ukhrul,NR,,NR,NR,NR,NR,NR,NR,NR,NR,NR,NR,NR,NR,NR,NR,NR,NR,NR,NR,NR,NR,NR,NR,NR,NR,NR,NR,NR,NR,NR,NR,NR,NR,NR,NR,NR,NR,NR,,,2024-09-30
Meghalaya,Shillong,38,,40,38,110,183,133,123,88,48,74,NR,176,152,143,NR,NR,77,300,30,40,73,67,NR,NR,40,NR,40,117,680,60,80,77,80,47,53,27,21,87,,,2024-09-30
Meghalaya,Tura,36,,40,40,110,180,NR,122,90,49,74,NR,183,NR,146,145,110,78,460,18,38,70,67,NR,NR,40,NR,70,90,747,58,80,60,80,43,50,29,20,80,,,2024-09-30
Meghalaya,Jowai,38,,40,39,108,NR,NR,120,90,49,74,NR,140,NR,140,NR,NR,80,320,15,35,68,60,NR,NR,40,NR,40,90,650,58,85,70,80,50,60,30,16,80,,,2024-09-30
Meghalaya,Sohra,40,,40,40,NR,NR,NR,130,90,50,74,NR,141,NR,141,NR,NR,NR,350,18,47,70,63,NR,NR,40,NR,37,110,650,58,87,67,80,60,50,40,20,90,,,2024-09-30
Meghalaya,Mairang,40,,42,42,NR,NR,NR,130,90,50,74,NR,154,NR,148,NR,NR,NR,383,17,40,70,75,NR,NR,42,NR,40,110,NR,58,96,60,77,75,48,53,16,93,,,2024-09-30
Meghalaya,Nongpoh,37,,NR,40,113,180,NR,123,87,50,74,NR,152,142,152,176,NR,77,420,15,35,70,67,NR,NR,40,NR,42,117,660,60,94,47,81,50,75,36,17,83,,,2024-09-30
Meghalaya,Khliehriat,38,,39,39,100,170,NR,123,82,48,75,NR,130,NR,132,NR,NR,NR,293,30,38,67,63,NR,NR,39,NR,40,75,717,60,76,60,79,73,68,39,15,93,,,2024-09-30
Meghalaya,Williamnagar,48,,40,38,110,180,NR,120,90,50,70,NR,182,NR,147,NR,100,80,468,15,35,70,60,NR,NR,38,NR,65,90,749,57,84,55,80,40,70,20,20,80,,,2024-09-30
Meghalaya,Nongstoin,35,,40,40,NR,NR,NR,120,90,50,73,NR,127,150,127,NR,NR,NR,337,15,33,67,60,NR,NR,39,NR,39,107,650,60,83,67,82,52,60,42,15,83,,,2024-09-30
Meghalaya,Mawkyrwat,37,,39,38,NR,NR,NR,120,80,50,74,NR,140,NR,140,NR,NR,NR,345,16,40,68,72,NR,NR,35,NR,36,107,700,60,88,77,83,75,40,38,19,77,,,2024-09-30
Mizoram,Aizawl,50,,40,50,90,160,140,140,92,50,80,165,186,154,126,153,142,93,520,30,63,63,93,NR,NR,83,NR,70,90,650,58,90,90,NR,42,90,62,40,90,,,2024-09-30
Mizoram,Lunglei,51,,42,48,100,150,150,150,100,50,76,127,215,168,130,138,113,100,520,29,50,72,110,NR,NR,50,NR,80,90,550,60,107,80,151,115,61,51,20,80,,,2024-09-30
Mizoram,Kolasib,45,,40,40,96,160,130,117,99,50,78,NR,209,NR,111,147,107,98,423,28,45,45,78,NR,40,40,NR,80,145,655,60,95,60,100,41,110,65,36,43,,,2024-09-30
Mizoram,Mamit,50,,NR,40,NR,NR,NR,NR,99,50,80,NR,133,100,123,NR,NR,137,470,30,42,52,78,NR,NR,43,NR,92,77,537,60,96,50,130,50,92,58,39,80,,,2024-09-30
Mizoram,Champhai,50,,35,57,NR,NR,NR,NR,100,55,80,NR,180,NR,120,NR,NR,100,520,30,60,50,100,NR,NR,45,NR,80,103,575,60,108,57,100,70,30,69,46,60,,,2024-09-30
Mizoram,Serchhip,45,,NR,45,100,NR,NR,NR,100,50,78,NR,NR,103,112,NR,NR,100,467,30,48,60,100,NR,NR,55,NR,43,NR,540,NR,96,50,150,NR,NR,43,NR,50,,,2024-09-30
Mizoram,Siaha,50,,NR,45,100,150,NR,120,100,50,70,NR,180,150,120,NR,100,100,220,30,40,60,100,NR,NR,50,100,100,120,NR,60,100,100,153,52,85,57,40,100,,,2024-09-30
Mizoram,Lawngtlai,50,,45,50,105,160,140,140,100,50,80,NR,143,NR,132,NR,121,120,480,30,40,60,120,NR,NR,80,NR,80,140,660,60,220,80,160,60,100,60,40,100,,,2024-09-30
Mizoram,Hnahthial,50,,45,45,NR,165,160,135,100,50,80,NR,172,110,130,NR,NR,130,520,30,48,80,100,NR,NR,47,NR,90,130,620,NR,100,60,78,50,90,60,30,80,,,2024-09-30
Mizoram,Khawzawl,50,,47,45,100,160,125,132,100,50,82,NR,170,115,119,120,112,113,503,30,40,50,73,NR,42,45,NR,77,85,605,63,94,78,117,NR,80,60,35,90,,,2024-09-30
Mizoram,Saitual,55,,45,56,100,NR,100,NR,100,55,80,NR,NR,NR,115,NR,NR,NR,513,30,45,73,80,NR,NR,50,NR,90,85,NR,58,89,80,NR,NR,90,58,NR,90,,,2024-09-30
Nagaland,Kohima,47,,40,40,100,170,150,130,100,47,74,NR,130,148,130,NR,NR,NR,320,20,45,75,70,NR,NR,49,NR,90,90,643,58,81,57,120,130,90,50,16,60,,,2024-09-30
Nagaland,Dimapur,45,,40,35,65,170,105,120,90,55,80,200,150,NR,170,NR,165,80,210,19,50,50,60,NR,NR,40,NR,50,60,300,80,80,45,80,40,60,40,35,50,,,2024-09-30
Nagaland,Tuensang,37,,38,55,100,NR,NR,120,100,50,NR,NR,160,NR,165,NR,NR,NR,275,20,35,50,85,NR,NR,50,NR,50,100,NR,58,92,80,140,30,90,50,30,60,,,2024-09-30
Nagaland,Mokochung,48,,NR,58,100,160,130,120,100,50,74,NR,132,130,132,176,NR,75,300,15,40,70,60,NR,NR,50,NR,63,60,613,58,96,60,80,52,102,40,18,52,,,2024-09-30
Nagaland,Chumukedima,43,,NR,37,100,173,123,118,95,50,78,NR,123,150,130,167,NR,80,317,18,37,68,58,NR,NR,40,NR,83,130,657,70,103,45,103,NR,NR,37,32,53,,,2024-09-30
Nagaland,Mon,40,,NR,45,90,NR,NR,130,100,50,70,NR,143,NR,153,NR,NR,80,340,18,40,60,70,NR,NR,50,NR,80,NR,NR,60,90,60,NR,NR,65,50,37,50,,,2024-09-30
Nagaland,Peren,36,,40,40,90,NR,120,120,100,50,70,NR,131,NR,120,NR,NR,90,320,15,40,70,70,NR,NR,57,NR,80,150,650,58,96,58,160,40,99,56,37,50,,,2024-09-30
Nagaland,Phek,40,,50,50,100,190,140,160,100,50,72,NR,160,NR,170,NR,NR,NR,350,20,45,80,60,NR,NR,50,NR,100,100,335,68,220,60,100,NR,63,56,30,40,,,2024-09-30
Nagaland,Tseminyu,50,,NR,50,NR,NR,NR,130,100,50,70,NR,128,NR,134,NR,NR,NR,373,15,43,73,73,NR,NR,50,NR,58,100,660,60,96,50,NR,NR,105,50,17,NR,,,2024-09-30
Nagaland,Wokha,50,,NR,70,110,NR,125,120,100,50,74,NR,160,NR,180,NR,NR,NR,290,15,40,60,60,NR,NR,70,NR,80,80,630,58,84,50,80,35,90,50,30,70,,,2024-09-30
Nagaland,Zunheboto,55,,NR,50,NR,160,NR,120,100,45,75,NR,150,NR,140,NR,NR,60,240,18,40,80,80,NR,NR,55,NR,75,140,650,120,85,60,160,40,95,55,40,60,,,2024-09-30
Nagaland,Kiphire,38,,NR,45,100,180,120,110,100,55,70,NR,132,NR,142,NR,NR,80,330,18,40,60,80,NR,NR,47,NR,80,100,650,55,90,50,90,58,90,55,35,40,,,2024-09-30
Nagaland,Longleng,38,,40,50,NR,150,NR,120,100,NR,NR,NR,160,NR,180,NR,NR,NR,NR,NR,25,40,60,NR,NR,65,NR,80,130,NR,60,90,60,140,30,125,50,30,50,,,2024-09-30
Nagaland,Niuland,34,,NR,38,NR,152,110,113,92,53,63,NR,123,NR,123,NR,NR,63,267,16,32,63,53,NR,NR,42,NR,53,123,NR,59,85,33,102,32,52,41,32,32,,,2024-09-30
Nagaland,Shamator,42,,40,50,100,150,NR,110,100,NR,NR,NR,NR,NR,NR,NR,NR,NR,NR,NR,NR,NR,NR,NR,NR,NR,NR,NR,NR,NR,NR,NR,NR,NR,NR,NR,NR,NR,NR,,,2024-09-30
Nagaland,Noklak,40,,50,60,90,NR,NR,120,100,50,NR,NR,165,NR,165,NR,NR,NR,NR,19,40,80,80,NR,NR,60,NR,82,138,NR,59,91,60,NR,65,100,35,20,50,,,2024-09-30
Sikkim,Gangtok,45,,38,38,87,NR,133,130,95,54,65,NR,189,148,143,159,NR,65,300,20,43,70,65,NR,NR,46,NR,67,120,700,58,90,60,77,45,60,30,18,70,,,2024-09-30
Sikkim,Gyalshing,45,,40,44,100,NR,NR,120,90,50,65,NR,197,125,153,159,NR,60,440,20,40,70,70,NR,NR,45,NR,70,120,680,58,80,60,80,45,45,30,15,60,,,2024-09-30
Sikkim,Namchi,57,,40,40,90,NR,NR,120,95,50,65,NR,160,120,120,140,NR,60,350,23,40,70,60,NR,NR,40,NR,80,120,749,58,80,80,156,40,94,65,42,70,,,2024-09-30
Sikkim,Soreng,45,,35,35,90,NR,110,120,95,50,65,NR,154,121,126,NR,NR,60,410,20,35,68,60,NR,NR,40,35,70,100,650,58,96,80,153,20,100,66,40,70,,,2024-09-30
Sikkim,Mangan,50,,40,38,95,170,130,130,90,50,60,NR,160,121,140,NR,NR,60,460,20,40,60,70,NR,NR,40,NR,70,140,792,57,96,80,156,42,118,65,42,70,,,2024-09-30
Tripura,Agartala,39,,NR,39,103,161,131,113,102,49,70,NR,175,154,144,165,131,70,200,10,40,67,50,NR,NR,39,NR,43,91,622,56,88,80,120,35,72,46,26,50,,,2024-09-30
Tripura,Dharmanagar,35,,NR,40,105,175,135,115,110,50,75,NR,150,NR,130,NR,123,68,250,10,35,68,70,NR,NR,NR,NR,NR,NR,NR,NR,NR,NR,NR,NR,NR,NR,NR,NR,,,2024-09-30
Tripura,Belonia,40,,NR,40,NR,NR,NR,110,105,48,75,NR,150,NR,120,140,110,80,230,13,35,65,85,NR,NR,40,NR,45,95,650,62,82,80,60,30,63,40,19,113,,,2024-09-30
Tripura,TR-Udaipur,38,,NR,36,90,145,118,109,100,50,72,NR,135,108,114,128,95,60,168,10,35,65,65,NR,NR,42,NR,42,100,667,60,76,80,108,35,70,45,25,68,,,2024-09-30
SOUTH ZONE,SOUTH ZONE,,,,,,,,,,,,,,,,,,,,,,,,,,,,,,,,,,,,,,,,,,2024-09-30
Andhra Pradesh,Vijaywada,50,,48,57,101,175,141,119,92,46,68,171,139,112,NR,123,104,60,297,NR,41,58,38,42,53,45,60,45,103,550,58,71,40,143,20,50,40,26,68,,,2024-09-30
Andhra Pradesh,Visakhapatnam,54,,38,42,107,160,129,116,85,44,54,192,181,131,NR,133,120,60,240,15,34,55,60,40,40,40,44,44,109,640,55,75,33,85,40,40,30,12,36,,,2024-09-30
Andhra Pradesh,Kurnool,57,,42,39,103,168,123,123,97,43,56,174,176,128,133,141,129,58,327,26,42,45,58,35,36,37,44,41,86,635,58,63,42,124,18,44,28,21,38,,,2024-09-30
Andhra Pradesh,Tirupathi,53,,40,40,85,170,126,120,94,43,49,176,176,107,126,124,108,60,320,23,40,58,37,39,43,39,42,48,88,603,51,63,63,142,25,89,39,29,42,,,2024-09-30
Andhra Pradesh,Jammalamadugu,NR,,NR,NR,NR,NR,NR,NR,NR,NR,NR,NR,NR,NR,NR,NR,NR,NR,NR,NR,NR,NR,NR,NR,NR,NR,NR,NR,NR,NR,NR,NR,NR,NR,NR,NR,NR,NR,NR,,,2024-09-30
Andhra Pradesh,Dharmavaram,NR,,NR,NR,NR,NR,NR,NR,NR,NR,NR,NR,NR,NR,NR,NR,NR,NR,NR,NR,NR,NR,NR,NR,NR,NR,NR,NR,NR,NR,NR,NR,NR,NR,NR,NR,NR,NR,NR,,,2024-09-30
Andhra Pradesh,Ongole,NR,,NR,NR,NR,NR,NR,NR,NR,NR,NR,NR,NR,NR,NR,NR,NR,NR,NR,NR,NR,NR,NR,NR,NR,NR,NR,NR,NR,NR,NR,NR,NR,NR,NR,NR,NR,NR,NR,,,2024-09-30
Karnataka,Bengaluru,53,,40,39,93,158,117,115,84,43,52,143,159,122,127,126,121,56,263,18,37,40,37,42,45,37,45,41,95,593,60,66,38,73,19,38,32,27,130,,,2024-09-30
Karnataka,Dharwad,54,,40,45,96,173,125,118,93,42,50,174,164,119,120,105,91,45,268,26,40,47,30,53,58,53,58,48,92,630,58,77,67,123,34,83,37,15,55,,,2024-09-30
Karnataka,Mangalore,49,,40,41,90,168,140,115,98,43,52,176,148,103,134,108,95,59,282,22,41,45,45,38,61,42,44,45,100,596,59,90,71,93,24,72,44,28,91,,,2024-09-30
Karnataka,Mysore,56,,46,56,105,169,131,121,99,44,45,182,152,134,136,125,109,68,273,23,44,46,41,49,64,56,52,57,99,523,58,69,45,80,52,59,57,46,81,,,2024-09-30
Karnataka,Bengaluru (East Range),54,,42,43,100,169,128,122,92,44,52,150,165,119,128,132,122,61,255,18,40,42,30,49,40,40,44,41,92,643,62,73,58,98,32,57,55,42,55,,,2024-09-30
Karnataka,Belagavi,58,,38,40,98,158,125,110,81,46,54,172,164,105,140,142,126,44,258,16,38,41,34,58,39,36,37,37,100,477,54,68,48,128,29,69,42,29,58,,,2024-09-30
Karnataka,Kalaburagi,55,,39,43,90,166,127,123,87,42,54,175,140,109,119,125,112,48,186,15,32,28,30,41,48,38,48,40,98,745,98,65,40,48,20,58,18,28,35,,,2024-09-30
Karnataka,Tumakuru,54,,44,40,100,160,130,122,96,43,52,190,167,125,133,135,125,55,221,21,40,45,40,40,58,40,47,43,107,617,59,73,16,88,29,48,28,15,47,,,2024-09-30
Karnataka,Bellary,60,,39,40,84,159,129,120,86,41,48,188,165,115,140,132,127,58,228,24,43,38,37,38,40,38,47,43,97,693,62,70,23,82,23,27,26,29,62,,,2024-09-30
Karnataka,Dhavanagere,57,,45,60,105,159,130,118,95,44,54,161,175,122,130,135,125,59,293,28,40,51,42,51,57,49,47,45,103,596,58,72,57,88,41,45,31,16,30,,,2024-09-30
Karnataka,Shivamogga,58,,45,40,107,170,131,121,98,43,50,200,160,119,130,132,116,50,230,28,35,49,30,46,53,42,46,51,116,630,58,79,38,77,35,53,34,15,46,,,2024-09-30
Karnataka,Vijayapur,59,,39,37,90,158,138,90,90,41,55,198,170,120,131,130,119,41,247,12,48,58,43,29,31,35,45,35,70,620,58,71,52,42,23,20,33,33,72,,,2024-09-30
Karnataka,Ramanagara,56,,44,46,110,165,128,122,95,45,48,201,191,138,141,143,126,51,187,15,43,45,36,45,44,45,NR,43,100,613,NR,78,23,90,33,50,21,15,50,,,2024-09-30
Karnataka,Raichur,58,,41,42,100,160,129,109,85,43,59,165,161,117,128,131,119,55,185,15,41,45,55,48,46,43,44,42,99,555,53,73,45,90,20,75,35,30,47,,,2024-09-30
Karnataka,Chamarajanagar,50,,48,45,90,170,126,125,90,42,47,184,147,113,92,112,92,60,252,19,39,41,20,50,58,62,48,62,96,533,110,61,62,115,37,83,56,39,46,,,2024-09-30
Karnataka,Kolar,39,,36,40,90,160,140,120,97,39,47,120,145,152,130,115,95,50,247,11,43,45,26,41,48,38,48,40,98,745,98,65,52,48,20,58,18,28,35,,,2024-09-30
Karnataka,Haveri,58,,43,41,101,149,138,121,95,41,59,164,167,125,136,140,119,48,255,13,44,58,48,41,41,43,41,41,104,650,75,70,37,78,37,48,43,40,38,,,2024-09-30
Karnataka,Bagalkot,57,,44,49,83,165,137,116,101,40,57,179,168,104,138,133,101,44,277,21,37,49,36,50,49,35,45,38,80,525,40,61,53,70,40,50,40,25,60,,,2024-09-30
Karnataka,Bidar,50,,40,48,87,160,131,120,85,40,50,222,143,120,117,116,104,64,325,11,42,55,24,43,58,53,55,53,105,589,57,43,79,117,24,51,50,33,72,,,2024-09-30
Karnataka,Koppal,55,,41,43,87,157,127,116,93,41,50,169,153,123,125,131,131,45,250,12,41,43,29,39,53,40,45,43,94,627,43,62,55,60,24,25,29,28,77,,,2024-09-30
Karnataka,Mandya,38,,37,38,91,163,121,120,93,43,48,162,131,110,129,126,92,47,255,15,37,46,29,39,41,39,39,41,108,392,38,70,29,44,23,41,29,21,62,,,2024-09-30
Karnataka,Yadgir,53,,44,40,100,165,132,118,86,42,57,178,178,131,129,132,123,51,220,11,45,40,30,40,54,44,47,41,103,673,57,71,48,115,32,38,28,17,52,,,2024-09-30
Karnataka,Chikkamagalur,57,,42,46,97,163,129,111,93,45,49,166,163,111,105,111,92,52,198,16,40,55,33,42,45,42,44,45,97,580,49,78,50,41,41,108,29,25,41,,,2024-09-30
Karnataka,Bangalore Rural,57,,39,51,86,163,134,130,97,44,46,193,147,98,128,129,92,54,255,17,39,37,29,54,38,48,41,52,123,610,53,76,22,63,72,49,27,17,32,,,2024-09-30
Karnataka,Chikkaballapur,55,,48,40,88,175,130,120,95,41,42,178,142,101,112,113,96,48,288,14,35,38,32,47,49,40,40,40,93,622,43,81,34,77,31,23,35,33,39,,,2024-09-30
Karnataka,Chitradurga,57,,38,60,103,162,119,117,96,46,52,152,161,117,119,121,98,56,290,24,24,42,22,38,45,38,46,40,95,590,100,68,57,45,20,55,21,25,40,,,2024-09-30
Karnataka,Gadag,56,,40,44,88,147,127,120,111,44,64,159,164,127,131,121,99,40,280,11,40,43,40,32,40,32,40,40,80,600,60,65,80,42,20,42,29,28,19,,,2024-09-30
Karnataka,Hassan,53,,44,41,93,166,141,134,93,43,48,174,170,99,119,131,109,51,168,20,36,52,42,40,43,40,42,40,90,602,60,67,30,86,30,31,40,30,46,,,2024-09-30
Karnataka,Kodagu,48,,35,41,96,167,127,118,91,45,51,188,150,130,128,129,109,55,248,18,39,47,33,33,36,46,51,43,91,613,61,73,40,41,37,67,47,37,51,,,2024-09-30
Karnataka,Udupi,56,,45,49,95,157,137,125,103,45,48,162,165,115,133,120,98,56,180,20,45,57,40,33,53,51,53,53,103,520,103,74,57,120,35,98,50,40,97,,,2024-09-30
Karnataka,Uttara Kannada,53,,45,46,96,168,140,118,96,43,48,178,157,132,129,117,102,50,247,20,47,49,41,43,44,42,42,43,109,620,49,67,53,75,29,69,37,31,63,,,2024-09-30
Karnataka,Vijayanagara,54,,44,44,91,167,127,117,92,42,51,174,160,121,119,134,115,46,196,18,40,50,22,30,39,38,38,40,64,552,71,63,43,52,51,41,29,23,65,,,2024-09-30
Kerala,T.Puram,58,,42,43,113,175,145,128,90,45,52,NR,180,130,131,135,120,76,260,15,50,68,50,45,55,48,50,95,120,NR,65,67,48,85,32,50,25,18,52,,,2024-09-30
Kerala,Ernakulam,51,,43,44,117,188,140,137,107,44,56,200,180,150,NR,133,135,66,200,15,57,65,55,50,60,45,57,46,107,653,55,72,39,80,38,45,25,16,40,,,2024-09-30
Kerala,Kozhikode,47,,52,42,113,178,145,140,100,45,53,256,185,162,NR,148,142,58,240,15,40,59,45,NR,NR,45,49,46,108,657,NR,72,39,82,28,43,18,13,48,,,2024-09-30
Kerala,Thrissur,49,,46,54,108,171,133,127,100,45,54,NR,178,159,NR,143,126,60,243,16,52,60,52,46,45,47,55,49,122,761,58,72,50,77,31,48,19,15,45,,,2024-09-30
Kerala,Palakkad,43,,47,46,109,162,128,122,84,43,50,219,172,159,NR,143,144,52,200,13,45,57,47,49,40,48,45,46,113,635,60,69,47,72,29,43,20,15,39,,,2024-09-30
Kerala,Wayanad,46,,52,44,110,178,146,138,101,44,52,NR,169,155,NR,140,129,59,228,18,46,61,47,NR,NR,46,56,47,111,703,69,72,44,79,31,50,20,19,42,,,2024-09-30
Kerala,Kasargod,46,,54,43,121,192,170,136,112,43,62,NR,NR,148,NR,138,124,52,247,14,44,55,46,NR,NR,45,52,45,121,715,56,69,47,72,33,48,34,19,47,,,2024-09-30
Kerala,Kottayam,56,,43,46,101,178,129,134,94,45,56,NR,190,149,NR,129,121,65,233,16,49,59,57,NR,NR,49,53,43,110,678,64,70,43,79,35,50,28,14,42,,,2024-09-30
Kerala,Pathanamthitta,56,,34,39,97,186,148,138,NR,45,53,NR,NR,NR,NR,143,147,75,237,15,55,65,50,NR,NR,47,55,NR,150,630,58,72,53,72,31,57,24,18,70,,,2024-09-30
Kerala,Alapuzha,45,,50,65,NR,NR,NR,NR,NR,44,52,NR,NR,NR,NR,133,NR,63,NR,12,49,48,42,NR,NR,50,67,47,NR,702,63,78,58,95,28,47,20,31,72,,,2024-09-30
Kerala,Kollam,NR,,NR,NR,NR,NR,NR,NR,NR,NR,NR,NR,NR,NR,NR,NR,NR,NR,NR,NR,NR,NR,NR,NR,NR,NR,NR,NR,NR,NR,NR,NR,NR,NR,NR,NR,NR,NR,NR,,,2024-09-30
Kerala,Idukki,57,,42,42,107,182,NR,125,88,44,60,NR,181,154,NR,156,136,68,220,14,50,62,66,NR,NR,47,53,45,127,683,60,75,42,78,31,43,24,16,42,,,2024-09-30
Kerala,Kannur,51,,46,45,111,181,157,135,98,45,53,NR,NR,173,NR,129,126,58,280,18,45,58,42,45,45,47,50,47,113,737,58,66,41,85,35,51,25,17,60,,,2024-09-30
Kerala,Malapuram,47,,45,40,109,181,143,126,96,43,56,220,160,145,NR,127,127,53,233,13,49,60,45,55,55,42,46,46,107,680,60,72,48,73,26,45,20,17,40,,,2024-09-30
Puducherry,Puducherry,65,,48,43,91,182,148,112,93,48,48,228,144,143,NR,118,110,54,327,26,50,60,25,45,72,68,50,76,113,680,59,75,49,84,29,48,37,34,60,,,2024-09-30
Tamil Nadu,Chennai,58,,44,42,100,170,137,119,86,44,40,181,172,126,NR,128,119,66,297,25,45,60,58,40,53,44,46,46,103,688,65,72,33,83,29,42,25,13,50,,,2024-09-30
Tamil Nadu,Madurai,58,,47,65,107,169,134,117,91,46,45,227,166,174,NR,149,137,59,263,27,46,62,40,43,36,56,51,51,42,707,67,74,40,91,37,57,22,14,83,,,2024-09-30
Tamil Nadu,Dindigul,58,,48,63,106,NR,141,122,81,44,60,NR,173,132,NR,133,126,57,284,18,45,53,38,37,53,49,51,48,113,698,59,71,29,88,18,57,27,17,58,,,2024-09-30
Tamil Nadu,Thiruchirapalli,61,,45,63,107,168,137,118,99,45,43,186,160,131,NR,126,120,60,NR,26,56,73,54,38,54,43,45,56,116,710,57,60,36,78,21,45,29,24,60,,,2024-09-30
Tamil Nadu,Coimbatore,53,,42,45,104,166,135,119,86,44,40,245,175,141,NR,144,131,62,263,26,41,63,35,37,49,47,48,46,116,629,57,72,39,79,31,39,18,15,54,,,2024-09-30
Tamil Nadu,Tirunelveli,NR,,NR,NR,NR,NR,NR,NR,NR,NR,NR,NR,NR,NR,NR,NR,NR,NR,NR,NR,NR,NR,NR,NR,NR,NR,NR,NR,NR,NR,NR,NR,NR,NR,NR,NR,NR,NR,NR,,,2024-09-30
Tamil Nadu,Cuddalore,57,,48,53,91,178,145,124,95,43,48,183,185,135,NR,112,94,57,293,24,49,68,40,41,59,45,46,49,133,660,57,61,31,85,22,64,27,24,62,,,2024-09-30
Tamil Nadu,Dharmapuri,57,,44,40,102,167,134,116,87,44,43,218,NR,130,NR,144,130,54,270,25,40,55,28,39,51,50,40,48,118,690,66,71,28,78,36,46,29,21,55,,,2024-09-30
Tamil Nadu,Vellore,NR,,NR,NR,NR,NR,NR,NR,NR,NR,NR,NR,NR,NR,NR,NR,NR,NR,NR,NR,NR,NR,NR,NR,NR,NR,NR,NR,NR,NR,NR,NR,NR,NR,NR,NR,NR,NR,NR,,,2024-09-30
Tamil Nadu,Ramanathapuram,60,,41,61,103,158,142,111,94,44,44,214,NR,137,NR,141,118,55,271,27,61,66,61,39,44,52,48,66,117,787,69,72,61,104,37,73,43,35,46,,,2024-09-30
Tamil Nadu,Erode,58,,49,45,103,166,139,121,86,45,45,204,195,155,NR,149,138,56,288,25,58,57,35,41,52,53,52,51,111,742,66,70,25,79,29,46,19,12,52,,,2024-09-30
Tamil Nadu,Karur,68,,51,55,106,172,139,120,91,44,47,229,162,128,NR,129,120,54,295,14,50,68,48,35,70,51,52,52,113,700,65,69,37,86,19,NR,32,23,70,,,2024-09-30
Tamil Nadu,Perambalur,55,,NR,64,111,172,135,121,97,45,43,209,183,137,NR,139,138,57,NR,27,46,64,48,40,73,53,45,54,120,700,60,61,38,84,51,43,25,13,65,,,2024-09-30
Tamil Nadu,Pudukkottai,58,,47,63,110,170,139,121,NR,45,45,251,NR,160,NR,147,124,56,NR,27,50,50,60,44,51,42,50,53,115,708,61,61,32,95,26,45,19,14,60,,,2024-09-30
Tamil Nadu,Sivagangai,54,,45,62,108,173,139,121,90,45,44,211,NR,156,NR,145,129,56,277,26,60,53,60,39,58,53,53,53,139,762,65,65,50,82,34,47,20,14,41,,,2024-09-30
Tamil Nadu,Thanjavur,51,,45,40,100,170,143,120,85,46,44,189,165,126,NR,122,107,60,NR,28,48,52,43,38,60,42,47,48,122,690,66,66,43,96,48,72,35,14,45,,,2024-09-30
Tamil Nadu,The nilgiris,62,,45,45,108,NR,143,130,92,45,54,210,183,115,NR,130,102,64,227,28,57,52,25,48,50,50,48,51,82,735,68,73,45,94,26,67,41,29,40,,,2024-09-30
Tamil Nadu,Thoothukudi,54,,50,59,103,176,140,125,86,44,52,225,189,127,NR,127,122,55,306,11,50,60,40,46,71,56,51,60,123,757,65,72,41,100,50,61,30,12,50,,,2024-09-30
Tamil Nadu,Viluppuram,56,,50,43,106,168,123,119,90,44,50,174,155,124,NR,129,127,59,NR,25,40,58,47,35,50,43,47,45,113,723,64,66,31,78,25,40,22,12,49,,,2024-09-30
Tamil Nadu,Virudhunagar,57,,43,64,106,164,131,118,86,46,45,206,173,136,NR,129,123,59,293,28,49,63,39,41,49,56,49,55,107,713,59,68,42,81,31,45,23,13,62,,,2024-09-30
Tamil Nadu,Kanniyakumari,57,,38,53,100,156,126,115,78,44,41,209,176,155,NR,143,137,55,258,25,39,55,33,38,40,37,51,40,109,500,60,72,40,76,24,32,19,13,43,,,2024-09-30
Tamil Nadu,Namakkal,63,,47,61,107,173,136,127,98,44,44,210,181,133,NR,138,132,55,NR,26,45,63,54,39,73,51,51,47,122,660,70,67,40,75,33,39,25,12,52,,,2024-09-30
Tamil Nadu,Tiruvannamalai,55,,51,62,107,176,139,118,91,44,65,216,187,133,NR,139,129,58,310,27,45,61,47,41,50,45,43,44,100,717,NR,62,42,83,33,49,20,12,58,,,2024-09-30
Tamil Nadu,Tiruvarur,58,,48,60,104,174,149,119,NR,43,52,229,146,125,NR,114,109,52,NR,25,50,63,32,46,50,48,51,62,122,863,65,60,35,89,49,37,22,16,83,,,2024-09-30
Tamil Nadu,Tiruppur,NR,,NR,NR,NR,NR,NR,NR,NR,NR,NR,NR,NR,NR,NR,NR,NR,NR,NR,NR,NR,NR,NR,NR,NR,NR,NR,NR,NR,NR,NR,NR,NR,NR,NR,NR,NR,NR,NR,,,2024-09-30
Tamil Nadu,Tenkasi,56,,46,59,102,174,146,122,NR,44,66,227,NR,122,NR,121,120,56,275,22,52,58,40,36,48,53,53,58,103,737,64,72,40,95,52,59,31,13,57,,,2024-09-30
Tamil Nadu,Nagapattinam,NR,,NR,NR,NR,NR,NR,NR,NR,NR,NR,NR,NR,NR,NR,NR,NR,NR,NR,NR,NR,NR,NR,NR,NR,NR,NR,NR,NR,NR,NR,NR,NR,NR,NR,NR,NR,NR,NR,,,2024-09-30
Tamil Nadu,Krishnagiri,NR,,NR,NR,NR,NR,NR,NR,NR,NR,NR,NR,NR,NR,NR,NR,NR,NR,NR,NR,NR,NR,NR,NR,NR,NR,NR,NR,NR,NR,NR,NR,NR,NR,NR,NR,NR,NR,NR,,,2024-09-30
Tamil Nadu,Ariyalur,55,,NR,64,105,174,140,120,95,45,44,193,180,128,NR,128,122,55,293,26,53,62,48,45,53,55,45,64,122,697,65,60,42,82,41,49,26,14,62,,,2024-09-30
Tamil Nadu,Kallakurichi,NR,,NR,NR,NR,NR,NR,NR,NR,NR,NR,NR,NR,NR,NR,NR,NR,NR,NR,NR,NR,NR,NR,NR,NR,NR,NR,NR,NR,NR,NR,NR,NR,NR,NR,NR,NR,NR,NR,,,2024-09-30
Tamil Nadu,Kancheepuram,NR,,NR,NR,NR,NR,NR,NR,NR,NR,NR,NR,NR,NR,NR,NR,NR,NR,NR,NR,NR,NR,NR,NR,NR,NR,NR,NR,NR,NR,NR,NR,NR,NR,NR,NR,NR,NR,NR,,,2024-09-30
Tamil Nadu,Salem,52,,45,45,90,173,140,130,98,44,45,187,157,127,NR,122,97,48,280,NR,49,59,37,37,68,46,44,44,88,667,62,55,33,93,21,64,29,24,42,,,2024-09-30
Tamil Nadu,Theni,57,,50,54,106,168,138,119,87,44,48,221,177,132,NR,126,122,55,275,13,48,48,32,39,56,47,40,77,108,687,69,70,34,89,37,55,26,13,54,,,2024-09-30
Tamil Nadu,Chengalpattu,60,,45,60,98,182,149,128,124,47,40,194,193,122,NR,118,99,67,313,28,59,64,64,35,73,67,44,70,95,640,60,72,69,NR,NR,70,NR,25,40,,,2024-09-30
Tamil Nadu,Mayiladuthurai,59,,50,65,88,177,145,128,NR,44,44,233,185,140,NR,127,116,60,320,27,48,50,50,45,45,46,50,63,107,787,63,72,40,100,53,60,30,14,62,,,2024-09-30
Tamil Nadu,Ranipet,NR,,NR,NR,NR,NR,NR,NR,NR,NR,NR,NR,NR,NR,NR,NR,NR,NR,NR,NR,NR,NR,NR,NR,NR,NR,NR,NR,NR,NR,NR,NR,NR,NR,NR,NR,NR,NR,NR,,,2024-09-30
Tamil Nadu,Tirupattur,62,,40,42,95,181,140,128,98,44,66,203,NR,160,NR,138,107,54,270,17,43,58,28,35,57,41,42,45,60,632,59,63,42,89,30,90,40,24,50,,,2024-09-30
Tamil Nadu,Tiruvallur,60,,41,60,105,170,134,125,95,43,40,219,151,119,NR,124,114,62,298,28,45,60,65,35,65,60,44,70,96,643,60,72,45,85,30,45,26,15,60,,,2024-09-30
Telangana,Hyderabad,58,,39,39,90,159,126,109,92,39,52,149,169,125,110,128,122,51,266,20,39,49,42,33,55,43,49,44,104,535,56,66,38,118,28,46,39,29,49,,,2024-09-30
Telangana,Karimnagar,50,,41,52,91,162,124,118,88,43,59,174,164,120,NR,142,121,52,310,21,40,48,50,45,42,41,49,42,100,593,56,61,45,89,25,41,25,24,35,,,2024-09-30
Telangana,Warangal,58,,39,41,90,163,127,115,95,40,60,164,170,105,110,127,120,55,274,16,36,45,45,37,36,38,55,38,82,550,55,64,35,118,21,45,25,26,28,,,2024-09-30
Telangana,Adilabad,53,,42,51,91,155,122,115,90,41,65,177,157,115,125,128,112,53,323,24,38,53,37,35,29,39,50,35,77,500,55,60,46,110,33,30,28,19,38,,,2024-09-30
Telangana,Suryapet,53,,42,42,86,165,125,117,94,40,56,152,142,NR,NR,122,112,52,269,22,32,47,30,32,52,41,47,38,71,577,52,62,35,103,25,42,26,26,41,,,2024-09-30
Telangana,Jadcherla,55,,36,50,88,165,127,117,95,39,57,153,146,103,112,130,103,55,292,18,36,45,38,33,36,34,53,36,78,528,53,63,31,90,18,46,41,23,34,,,2024-09-30
Telangana,Khammam,54,,40,40,88,163,130,112,92,39,59,143,143,92,102,140,116,49,NR,19,35,44,42,33,35,35,49,33,71,517,50,66,30,103,18,44,35,25,37,,,2024-09-30
Telangana,Medchal,58,,44,42,85,165,130,120,93,40,61,181,168,101,124,120,99,55,282,18,49,55,40,37,35,38,55,38,80,540,55,70,36,112,50,47,24,20,46,,,2024-09-30
Telangana,Nizamabad,53,,42,43,90,158,126,110,92,43,54,149,156,98,103,126,104,57,277,22,35,45,34,38,35,38,54,38,80,620,48,58,71,110,26,61,42,27,35,,,2024-09-30
Telangana,Sangareddy,59,,40,40,91,163,127,111,94,40,60,160,154,98,109,125,107,52,273,21,40,41,35,34,40,40,50,41,88,535,55,65,35,105,23,47,40,27,41,,,2024-09-30
Commodity Name,Commodity Name,Rice,Rice,Wheat,Atta (Wheat),Gram Dal,Tur/Arhar Dal,Urad Dal,Moong Dal,Masoor Dal,Sugar,Milk @,Groundnut Oil (Packed),Mustard Oil (Packed),Vanaspati (Packed),Soya Oil (Packed),Sunflower Oil (Packed),Palm Oil (Packed),Gur,Tea Loose,Salt Pack (Iodised),Potato,Onion,Tomato,Bajra(whole),Jowar(whole),Maida(wheat),Ragi(whole),Suji(whole),Besan,Desi Ghee,Butter(Pasteurised),Eggs,Brinjal,Black Pepper(whole),Coriander(whole),Cummin Seed(whole),Red Chillies(whole),Turmeric(powder),Banana,GInger,Garlic,2024-09-30
Average Price1,Average Price1,43.42,,31.11,36.01,93.62,163.64,124.62,115.83,89.62,44.8,58.7,187.52,154,130.06,129.33,132.11,114.85,55.36,269.81,21.88,36.61,53.82,52.98,36.89,44.11,40.27,54.39,45.16,99.81,619.5,57.3,78.14,44.48,90.72,35.95,52.7,34.23,21.93,49.61,,,2024-09-30
Maximum Price1,Maximum Price1,68,,58,70,121,200,170,160,124,60,82,262,215,183,180,192,165,137,520,30,71,100,120,72,80,83,105,100,150,900,120,220,137,170,130,125,79,46,130,,,2024-09-30
Minimum Price1,Minimum Price1,28,,22,28,65,127,85,87,73,39,40,120,117,92,92,105,88,38,154,9,23,26,20,17,21,30,25,27,42,300,20,43,16,30,16,20,17,9,19,,,2024-09-30
Modal Price1,Modal Price1,40,,28,35,90,160,120,120,90,44,60,180,160,120,130,135,110,50,300,27,40,60,50,40,40,35,50,40,100,650,58,72,40,80,30,40,30,15,40,,,2024-09-30
,,,,,,,,,,,,,,,,,,,,,,,,,,,,,,,,,,,,,,,,,,,2024-09-30
"Department of Consumer Affairs ( Price Monitoring Division)Date 30/09/2024 Daily Retail Prices Of Essential Commodities  StateCentreRiceBroken RiceWheatAtta (Wheat)Gram DalTur/Arhar DalUrad DalMoong DalMasoor DalSugarMilk @Groundnut Oil (Packed)Mustard Oil (Packed)Vanaspati (Packed)Soya Oil (Packed)Sunflower Oil (Packed)Palm Oil (Packed)GurTea LooseSalt Pack (Iodised)PotatoOnionTomatoBajra (whole)Jowar (whole)Maida (wheat)Ragi (whole)Suji (whole)BesanDesi GheeButter (Pasteurised)Eggs BrinjalBlack Pepper (whole)Coriander (whole)Cummin Seed (whole)Red Chillies (whole)Turmeric (powder)BananaGingerGarlic  UnitQty1 Kg1 Kg1 Kg1 Kg1 Kg1 Kg1 Kg1 Kg1 Kg1 Kg1 ltr1 Kg1 Kg1 Kg1 Kg1 Kg1 Kg1 Kg1 Kg1 Kg1 Kg1 Kg1 Kg1 Kg1 Kg1 Kg1 Kg1 Kg1 Kg1 Kg100 gmDozen1 Kg100 gm250 gm100 gm100 gm50 gm1 Kg100 gm100 gm  Average PriceAverage Price43.42 31.1136.0193.62163.64124.62115.8389.6244.858.7187.52154130.06129.33132.11114.8555.36269.8121.8836.6153.8252.9836.8944.1140.2754.3945.1699.81619.557.378.1444.4890.7235.9552.734.2321.9349.61 Maximum PriceMaximum Price68 5870121200170160124608226221518318019216513752030711001207280831051001509001202201371701301257946130 Minimum PriceMinimum Price28 222865127858773394012011792921058838154923262017213025274230020431630162017919 Modal PriceModal Price40 28359016012012090446018016012013013511050300274060504040355040100650587240803040301540 NORTH ZONENORTH ZONE  ChandigarhChandigarh44 3136901651251169045601831391241191201005526928395257284730445085497357260955060402335 DelhiDelhi40 303310017514512790455621617015214815013263245284058632938385240112515587158874238371534 HaryanaHisar36 28329816011210980445921516414414314811950243263762552737395140101540587240835041401565 Karnal43 31339515512312095455619214213212013511455260253355692635356235103598547740793537311570 Panchkula38 2838881651201158845621901401151251301005321027354560263832554085607547030803540502551 Gurgaon36 2932861651151168044562221531231291421045523020275047253735373692550589635703732261565 Himachal PradeshShimla44 NR3795175142118904860225189152142NRNR552102840605737NR38NR38107603587548984345282053 Mandi43 NR3498175135120904647224179146137150121502702840636532NR34NR34110676587238834639311653 Dharamshala30 NR2997172131119874540NR181144143NRNR492302835607032NR34553598590597040904948341560 Solan39 NR3398170131112854650231174136126159NR5122028356055343736NR35105547587847824841331953 Una41 NR3599164127117834566NR164161144NRNR492462731616734NR35NR34105613578323883834351954 Bilaspur-hp45 NR33102169139117864660NR159142146NRNR503352737608032NR345833105678588440823235361359 Chamba36 NR35105176133122905055NR187158153NRNR50232293870764060387538906505884351103555403560 Hamirpur-HP41 NR3398175132117834665NR178137NRNRNR5226528396069345834NR33102495587434883445341556 Kullu43 NR35104177132123874740NR187151143137NR4821328377060NRNR35NR35110537588040884135311557 Sirmour45 243789176140110904650214174148150148111452732840634735NR35NR36100627587040813048322052 Kinnaur42 NR3698172126106804850NR180155148NRNR5022927377073NRNR36NR3896552538853803543361557 Lahaul & Spiti44 NR439016013090954350NR187165NRNRNR5148028406056NRNR34NR35856005577501303646281866 Jammu and KashmirSrinagar42 3944881731401281205050NR163130132147NR6028328387065NRNR50NR411206235975359051773916113 Jammu48 3236100188132117954951NR18713512813511856302283860753658576860112547587343824550342050 PoonchNR NRNRNRNRNRNRNRNRNRNRNRNRNRNRNRNRNRNRNRNRNRNRNRNRNRNRNRNRNRNRNRNRNRNRNRNRNR Kupwara45 353889NR1201201005551NR1381301271321234830028406555NRNR34NR391176485969478122494915106 UdhampurNR NRNRNRNRNRNRNRNRNRNRNRNRNRNRNRNRNRNRNRNRNRNRNRNRNRNRNRNRNRNRNRNRNRNRNRNRNR Shopian40 NR4592200120123974646NR145142131NRNR4933728397060404040NR40120660587235903057503681 Samba60 2835100178140120984755NR17615414314813760300283060803560406540120604608047904340301457 Ramban38 NR361001801201201105060NR197153154NRNR533202740707339NR40NR40120637587243844547351460 RajouriNR NRNRNRNRNRNRNRNRNRNRNRNRNRNRNRNRNRNRNRNRNRNRNRNRNRNRNRNRNRNRNRNRNRNRNRNRNR KishtwarNR NRNRNRNRNRNRNRNRNRNRNRNRNRNRNRNRNRNRNRNRNRNRNRNRNRNRNRNRNRNRNRNRNRNRNRNRNR DodaNR NRNRNRNRNRNRNRNRNRNRNRNRNRNRNRNRNRNRNRNRNRNRNRNRNRNRNRNRNRNRNRNRNRNRNRNRNR Baramulla36 3036951601201201005048NR1481411331481404536028395660NRNR35NR4012063358755710133695037112 ReasiNR NRNRNRNRNRNRNRNRNRNRNRNRNRNRNRNRNRNRNRNRNRNRNRNRNRNRNRNRNRNRNRNRNRNRNRNRNR KathuaNR NRNRNRNRNRNRNRNRNRNRNRNRNRNRNRNRNRNRNRNRNRNRNRNRNRNRNRNRNRNRNRNRNRNRNRNRNR PunjabAmritsar40 26301021771381271004557NRNRNRNRNRNR57290263258623941407238113572517540954343291448 Ludhiana37 2533102167132118984462229172153156161NR57280273363583748376237103560537149793742232043 Bathinda40 253010317213812097455522016514413514512557287262958693840396338113572517540954243301348 Barnala39 2730981671321139844642171701461331421285029327296361384836NR41110557487238854540291550 Hoshiarpur36 28319916512111889456219514813512512512151282243065653835346539108552507138985446351651 Faridkot42 253010517514212297445523216214113214712257300273062734953387238113580507242984543311450 Mansa41 2730108168135120904558NR16314613915512850257283258424248386543110573537248854343321652 Sri Muktsar Sahib41 263210017812312093436321314013012812812054280263359603144357536107560476743863438271450 Dera Bassi40 263090155120120904458NR164148133NRNR5824327304757303835504097550557040974255371743 Sangrur42 2831991641331199144602341751531501681335225727255860384838673898557587440934047321547 Ropar39 2732103165132120924360223164148142NR13155253273053603952396642108563507443884342341548 Amargarh42 27311001691351189544602181601401401551255025027256050405040NR401005505572451004048261540 Fatehgarh Sahib40 26319817012012010043602181411321321481045328027304857334534654093550527242925052341448 Ferozepur40 253210016713911993456220514914012314110560240263057593140406140110551527940854039271445 Kapurthala40 25318816812512891446122214514413213812360267242560704049405040100580527038913148311448 Uttar PradeshLucknow40 29359215012011480446019514514012913111755260273050573545355135100560578038903957301440 Kanpur35 2832901501251088542601801381221151281105623426303550354045NR30905805572401002040352250 Varanasi40 2935921621221148445722031521321241281076128030344660355935NR401146655688451094260371763 Agra41 30338914691907543681901501461321341335525028345658272537NR39100648468339794940351541 Jhansi49 26319215812811076436018914713312314110049195262950572929355838100552598535884135301431 Meerut37 293882162131979648661601361371321521315025229404850383837684097572377737953632301848 Allahabad34 3337821561221129444661701341261281601105023526394250242839384088600588632783040281852 Gorakhpur40 2433901551231158044652111551431351191105822327364846383833533593585588431803038242148 Saharanpur39 272985161115110894462NR128127122131107492462530454230NR33NR3384500597230804244301340 Bareilly35 27329015312710792436819715113713013511050317253042472534355035107740586635834547371850 Ayodhya42 31388717012812687486019415313913212711357250284053654850445449115800589640775343321860 Moradabad38 26328615511811087426119114712812813811051239253148483565355741805705770301052950403059 Aligarh40 263091161122112894459183150127126128111542472135524830NR33NR3397573537532893247301743 Mirzapur (Vindhyanchal)38 283288150116109864555180135120115117955522624304544274332513391633586949875151341550 Banda37 29358914512510983446319513511910516110353154203245353141347933995035566301095044372554 Azamgarh37 2935851581211219546602211491271251259851279283652483947425243106652566637782751302748 Gonda (Devipatan)34 2732871571271178743581671601231271351175126728305052363434653897615538326802652291849 Amethi37 27368515712011281466421416014714713912352259253049434432423946107693578140863757281858 Barabanki42 31349315711310890456820214813012712010555218262851503741324935100533598039904842321646 Bhadohi34 2532891581301208544602001301201251451056523528255040202135253580670507235902440342150 Chandauli32 263291159129114794260182147124114120945424726304942345637603899633567929893546381741 Farrukhabad48 25319016013011595446718313711812316299482232630505717NR33NR351056475879571185046281852 Ghazipur39 273290157122119904367239143130131141106612622730534732323639391016445579381036057391746 Jaunpur44 283289157119117794463187132119115139985926027285247293634573489580517230913760301652 UP-Pratapgarh40 2731921571171198944682041631351351331095825526305449332935393599547588839793141311539 Sambhal40 26308516012098954260172133142139169127502202930474235NR34NR35102667507238983567303045 Santkabir Nagar32 253275155118110954362183150145145175NR442572828454031333280451106905896601103065403550 Shahjahanpur38 253375127120120100446219716711311811511041260273438464738349734102640548123973048393950 Sitapur38 3033881581151159042601951451321291441054923427334949222532423592640568338803050302040 Sultanpur34 2941891489210790435919114213413413511548238293543542028393651110650587142792760262458 Unnao41 27309216213012288445820315713813715311258237253353502937355240100480577242983372371548 Ambedkar Nagar45 31408815311911789456021014813112315011057190273548403235377740975535972421073640292353 Amroha39 273181151125119994454195147141132182102531982630453732414032391085474480391232666392137 Baghpat43 NR30951601201109043701871531301291321155520027345452306034783792520207043663540291234 Bijnor35 26309515010511085425516015512512512510045260253050503040326040100550557240973060351040 Budaun40 253092136111958544652371401381351501155129027305550254236423792650587234852565332147 Etah45 263580160110115904267203132128135140113502832728484021NR35NR3790660617642972141312641 Fatehpur42 28328714012510788446520116113613014311153225282852522332354034955505283401083647241737 Ghaziabad42 303389160124110904470203147122130134114562342737484833373864381045275872451003938361544 Hardoi49 26349315911911591445722216215014915612848255273058623133356241110647588241963948291545 Jalaun36 28318616610999894355171139141138153995423228305249293135NR3587651516832782666292733 Kaushambi39 2737881581271078544581921561321321391075222928325052253942513582528247528784132291542 Kushinagar36 29419616112212484466917715513713813210058210263052766161367138103647527637813147362245 Lakhimpur Kheri44 2731901581121178743551971331231351379955223273558752631336238102640587752803039251544 Pilibhit42 283290165124115904365205155122122138102492802732534530603385341105235874371324245321348 Sharwasti39 283590160130122854550160168138140NR1205520328304848NRNR39NR4098567597031882250303033 Siddharth Nagar48 3032801581201108545651801561441431731065023326344544505035703691550608431732949271839 Sonbhadra44 293288148118112804455199130118116121975421025304845274133353590573586840772932251650 Rampur48 2629911461151108942571691591251201431184325114335354293130NR30975145959331055588231249 Bahraich40 26339015513012285424516017314614412511545250272855483634336532106615568019752531231948 Basti40 223070145110105824258155140133130148984724225303940596135664092563618130832453311943 Etawah42 303590160121112854468205159134137141126542172735505024NR366237112603589544823231281650 Muzzafarnagar44 2631881551371169244701591441331331441204322127285151354735NR3593470665146892941301249 Chitrakoot35 29359315910710280455018816013513517011556203283550502731356146100520589649903448261548 Hamirpur-UP42 2833861501201118844702071601241111261045722026355459NRNR35NR3695614568441904555291546 Deoria34 283085156125928545582021561261251271105622427385545576630593188557586840992278374142 Hapur36 303372163125123102436821115713214813711549217263556723431394540986205282351005750321534 Bulandshahr40 313590162120118984365NR143130130133107432482430524929393260351005135372451003155291531 Kanpur Dehat32 263085145117878045681651351081381471075019828304842243134593598550567236944557291540 Hathras42 303391161123113884357183147129129140109532532234494923NR35NR381006505883401004543341440 Raebareli44 28338915912211987456722015012913013611959226273350502836384039111637578729923142321648 Lalitpur37 27297515499928742561831451421371261184025525324945333833652892647517528761842272928 Mohaba35 24358516095105804555141139110125145110441752740525053523310533102600369033725761352368 Gautam Budh Nagar42 30349116112411489456721916313813915213560243263452593441386239107530578246893743341546 Auraiya37 2834771511211138844641761491281261381114921627334852262641503998578577835975640361749 Maharajganj34 28348515612311483446319814311712114098542132731454240553162361005485876341022060302948 Balrampur38 2737871521111238345492161761301481531315919729294960575730NR34895535780321264063352134 Kannauj40 2631891601151108945701781391181231431084923828314644323932NR34835385268291083958341936 Mathura45 3234851631221158543602171531201211451254426326325247334340474011060053104351153765423038 Firozabad38 3537821511351129040651901581171421821114530029394238232533393599717526935982250293130 Kasganj47 28329015811811592436518013711811213098522132835525021NR30NR3291488467242884352301245 Mainpuri38 30349016312511588426318014012312111610051260253345422325354036987005568341002252323434 Shamli37 2429901581281108042672051431321281351104627728305558276035703590500586635904050301250 Ballia38 263285159116112894460183140125124138108522332631454130NR34NR3788597506929792783302758 Mau42 253290163119115854462198151118118125945626927314848NRNR32NR3593672527135892180311540 UttarakhandDehradun34 243993175115116974368179158157142166NR57280283255463343425042100645597339993249422963 HaldwaniNR NRNRNRNRNRNRNRNRNRNRNRNRNRNRNRNRNRNRNRNRNRNRNRNRNRNRNRNRNRNRNRNRNRNRNRNRNR RudrapurNR NRNRNRNRNRNRNRNRNRNRNRNRNRNRNRNRNRNRNRNRNRNRNRNRNRNRNRNRNRNRNRNRNRNRNRNRNR Haridwar42 283692171125114954466168145126133146NR6329928316245NRNRNRNRNRNRNRNRNRNRNRNRNRNRNRNR WEST ZONEWEST ZONE  ChhattisgarhRaipur33 273610515811211497435619615012912013810551243224551353026404536917377880361002559302531 Durg38 373899166123120844454185NRNRNRNRNR48210153958343741404541108850577838852845341252 Ambikapur28 282890144112107864244174131113114118NR4025313343635NRNR40NR3069599546837653146352847 Bilaspur-CG45 383991169121119944453189143128125126995120021404547385138494897643557246882456282455 Jagdalpur39 353680156120109954648178152991231331014319319322626NRNRNRNRNRNRNRNRNRNRNRNRNRNRNRNR Dantewada38 3641105161122113844462NR1691211251341035328416475849NRNR37NR381056805871411004150301854 Dhamtari36 313687163110105105428017516311211311511060220283352304847385048113667558040883841232139 Rajnandgaon34 38359216012411585446018715112812712911155262224050403030355035110680625025774852302950 Koriya40 3437981661121148342752211381041101261564719525406052353446325882693588038782738282242 DNH and DDSilvasa53 34358714212712688426818815015412612710260198282850234057566060120618577640854942361928 Daman40 404198152137125924665205172141149149118732002630573541405558621266336079531076545502043 Diu46 4055951771491309845642001761391381421126837528396065354459NR64120635588348925343391851 GoaPanaji54 49401081781581401004456225172145165127118583152548656039484352421156435771531173365493942 Margao53 5048103175155125984462215157155135128123603302645636239524454451126486372581083561343442 GujaratAhmedabad34 32341001641261098143661651521281261241285720518375452313241534089597416544792834342440 Rajkot33 35341021651171078243611681501251281201265421018405548323240684293620536546803036391643 Surat41 3837881681251128243NR174155129129125109552299323931303736763789600297155783348472840 Bhuj39 3534991661241078043641691501241231251165820219375051373543673789650516539762654312438 Selamba40 3336851651251159042621721621471351431425521223414745323640604090610506550782535352545 Waghai44 3738891741391248943611931881181281281325521018384334304338414493619536744834838401545 Bodeli34 30321001651151068244641751501281301301325820019355050303242403888600306540782535301535 Vapi41 3338881681291228543641791681321371381275221018375351323540644185627546852814133401943 BilimoraNR NRNRNRNRNRNRNRNRNRNRNRNRNRNRNRNRNRNRNRNRNRNRNRNRNRNRNRNRNRNRNRNRNRNRNRNRNR IdarNR NRNRNRNRNRNRNRNRNRNRNRNRNRNRNRNRNRNRNRNRNRNRNRNRNRNRNRNRNRNRNRNRNRNRNRNRNR JhalodNR NRNRNRNRNRNRNRNRNRNRNRNRNRNRNRNRNRNRNRNRNRNRNRNRNRNRNRNRNRNRNRNRNRNRNRNRNR SongashNR NRNRNRNRNRNRNRNRNRNRNRNRNRNRNRNRNRNRNRNRNRNRNRNRNRNRNRNRNRNRNRNRNRNRNRNRNR Madhya PradeshBhopal34 323397163122108864255173160124132136NR4823016325045364036534398640557635903643301639 Indore42 2834951591241108141591811691281411491325626315404748323535NR3998640507233873636271440 Gwalior41 323486156121110844460200151130129133NR5022212344141323834544093613557126803235261435 Jabalpur39 3035911591221108643581801401221201251005026417355045374037534298630557135853041261640 Rewa31 273387162114100864154175133120104114NR5123819324655NRNR35NR3585645367220952745301239 Sagar40 2832921601221058643582061731241391461274923516324860383936503999607587728792834241336 Jhabua39 333596161119108904356181156136120132NR56223153740393038405640105600NR7528924135301525 Hoshangabad39 3234971661241099342581871421181171321005422311355252434440523998617327340702642201842 Shahdol35 293586162118113884450182124114110119NR5221018354535373335504095600587030903040271835 Ujjain40 28338516311911087425717913711811011993502342032353940403551401006505872401002250302540 Morena38 303588164118112854462180145120124141100502451432544024NR35NR40100575547739823637281438 Anuppur35 283695153110110904450216165132137135110502001330605040403840411006504376311002537251336 Bhind38 293488160113111874457173140118120118975224315354743304035604092617557230873442301537 Dhar39 27338617012298834055167144124119124905120813405143323436503691652577232803032181928 Harda40 313596160128112934357187172134139146NR48200274060573136398340110587587237813136201529 Katni31 3231951601301208042501601401251251359548205193060503539455445100600587520903640352037 Khandwa37 283385161119109854353181135111116118NR4922021353545363635414085560487235752635261633 Mandla39 33399815111811180424721017813714514814852307283860484147455745100633597728773240281235 RajgarhNR NRNRNRNRNRNRNRNRNRNRNRNRNRNRNRNRNRNRNRNRNRNRNRNRNRNRNRNRNRNRNRNRNRNRNRNRNR Sidhi35 263386160111106864458180150125130112955223118305255294035544087635507032833040252139 Chattarpur34 2836901681159383444719215013212313010552207203060473340374840100500557237803148251540 Neemuch40 273287174120115854160170135125110128NR50295103550505550407741100550658030802542301540 Burhanpur39 3437981551121128444541621551361391401335222327475352394139NR52110610596852852932241428 Narshinpur35 283589159120110884355203168126132150NR4524012357050393935524098633557240773035251034 Raisen39 303195160118108854255198160132142NRNR4522310384760394035NR3697615587740843440241337 Sheopur45 283590160115120804260180145120124125NR48280283542503035406740100600587525802540302840 Agar malwa42 273294165119110914253181157140135139NR4926219363440383835NR42104590537030713135221440 Umaria36 293489158111116924554223161131139146NR602201535606040NR40NR4098640607240822847282040 Shajapur38 283393160123113854357179152128132134NR5025019324745363635NR40102600577038803235301537 Dewas41 293699159119110914357180159126130140NR52232123746473938395141106590557934853842321736 Khargone35 303595155125110854350186156136137132NR4922517404040404040654095640558435853540301525 Singrauli36 2634871511151158544581811561141411281155422813354954NR3934NR4189641546735862948261636 Chhindwara44 2935971561141038243532001661241331351304320510355247373735494298667507139782853271542 Sehore39 283193155117105854352181148126128137NR5022010353750NRNR39NR39100593557130703032241240 MP-Ashoknagar36 283180167115100864255175132122128114894720013355050324035NR3789643527241903545251529 Balaghat35 323890160120115854250190140132141141NR5120314304235374040583796640586931773039251630 Guna40 27309515811710082425518015513513711810045200203050703040408538100595577048833039281534 Ratlam40 32369815912411893435920216813813113712654227103242442939345839109620586940892947291638 Satna32 263295155105988042601801351251121251025223021305545324035544780600587029705352251738 Vidisha39 303392163127106884158190173134137141NR5020710305060374035633799547588020782833261340 Alirajpur35 273590160117113884157178135120115124NR4227710333146333245NR4494597577222803950301728 Betul38 283498158114106854458186164133138139NR52238144152413636385738110646517634883746261538 Damoh38 323490162112110904050172141110114121NR4921912335748373936493997607577125903143281438 Dindori39 333479159120115864061163160110140150NR5022816405850374137504073620507040724159271040 Niwari35 262999168103108844362204155134128144NR49208283257653030363038100627568429973041231838 Seoni38 353693135108105864355206145108110132NR49203113350374040366842100650577220775036211543 Panna40 28367815587888642531851201231101201005321011305550406735604597650567538672448312047 TikamgarhNR NRNRNRNRNRNRNRNRNRNRNRNRNRNRNRNRNRNRNRNRNRNRNRNRNRNRNRNRNRNRNRNRNRNRNRNRNR MaharashtraMumbai42 4048106180155134874860205185133141146125803102841666542565870551405685880871138555631940 Nagpur52 43539417413612895526221520016414015111768283274254523848487548110663568348893648281859 Pune41 42559215912512284497218615112211511811048321303751353142343738109504467542993832352433 Nashik40 4340103172138123914256187188142119132110543002640555038604956471156475866571133054423338 Mangaon-Raigad48 394710817114012091455419514814412512812660319284060743840425745108700597560783754442667 Dharni40 3138100164115118864345191133126134135NR5529813395742363536NR38104727597042983340241634 Latur50 4245901701271248740621941711181351381324322227354540404540723890627536270785249292238 Akluj49 3640100165124121984252212171142129139123503502841574132464163411046505546471143248301533 Arni Yavatmal52 323498168128114904263170155125133118NR57300104040603532477050103783557260994542421547 Chandrapur53 45461081631321311034272212184157143143NR582232838402853535859641076436671251054244311957 Karad Satara45 39469917813612495437019517312013914812350292284062534139405940116603556758893443341934 Ahemednagar59 44499716913411999425315916813414314412849248283744343039374439108567587058792959291825 Khultabad53 343587163121118904243177NR1361211311045929820405037333539NR4288702527162473834362730 Islampur47 404610416612811590426618918110612913710951340274951513339384338117633526562983339352750 Kankavli46 45459616913312710044581901791381251321235335320454439404141474597667547258873242413253 Partur50 32409416312211210042552001791431481451424040110406367292943NR4787707NR8467935043251538 Gondia52 40429315111010683415617019013013214714151220223745453940396039105670536032804043301835 Jalgaon53 37461041711401261124260168166153133134139634502942587838405051491186975810858945442411531 Akola42 343810016912511393426518215815513513911558300264053503437456544114723567050754555241837 RajasthanJaipur50 313597163115104804452185172154142138NR5333015305536283145NR49100560588227713075342340 Jodhpur41 3136103145133117794255200168NRNR127NR5326023385150NRNRNRNRNRNRNRNRNRNRNRNRNRNRNRNR Kota43 3032901601161138943581771471151211301015128421455359314647555089620486650803633332741 Udaipur37 283097182110103984454183153132130NR1225233721324235354035603597550648139852032303033 Bharatpur45 283290160129118904459189132125125NRNR5129426334555253040654095530587531852060352540 Ajmer41 3335911601171007641531761371191161261064330520345358262934NR3694549569443763635NR1639 Bikaner40 303486174133120954442170117107108117975428292862523333485848106540546055776549251343 Bundi55 273595180130120904257180150110130150NR50350234050772937347327110583569373802040322542 Rajsamand40 293396168122109794260172134120115121NR49286NR385642292936594388508486648871938342841 Alwar46 313687168123103874354180158128128158NR4231624424257243938743882572436628783677334241 Banswara37 263395166124115894153170146112106150NR4635524394243343746494797512578536922780403338 Baran40 303580173117102824150195144122123127NR40NRNR375842283232375392650556587902528342840 Barmer38 3234901671231009043NRNR153120132NRNR44NR21324743293638554592600508445882963332845 Bhilwara48 2935921601109892435119517514515617415644287NR34405429334053601086054995361006636191923 Chhitorgarh43 2832931631201108744561771451211221251054527720364844283939703894567527840893551352340 Churu35 283090165130122824246172150145117NRNR393031540356022405035501107003550401002060403040 Dholapur40 293399160108100904350222171156150NRNR451901640585828NR37NR40117458588442822931261640 Dungarpur41 303381163116111834355192171NR137155NR5029725425253353844854587600578035613744371947 Hanumangarh35 263182175112105824346214136109128129934132014294854NRNRNRNRNRNRNRNRNRNRNRNRNRNRNRNR Jaisalmer40 333498160128103814350177143120125135NR492531840594532354557451085376212045853632251442 Jalore39 3232100170125110904254192135127137150NR4331015355349304041NR5046543NR78751003040403543 Jhalawar42 293281167119107864055176146117126148NR4029919323953NRNR43NR50906335917030702040303040 Jhunjhunu43 263290161123113904452199142118106123NR52NR1836504723NR4148441035655676501003842252040 Karauli40 2534841581159798445219014112912913310140305223959382121403672106610608856997192312042 Nagaur43 333284154105988845561551551181381241034530017373644272830NR4193744NR92NR101NR35252334 Pali55 302982158125103834256NRNRNRNRNRNR42NR24323240303838NR47107505NR62528211435262043 RJ-Pratapgarh41 28327016810697854243155148120115NRNR4429819383849593640NR42103653416038714636251440 Sikar43 273385158121105904452170155117135151NR453052135425823294048451075585656511133245352145 Sirohi45 303490170130110904451183130127120130NR48NR1938405825NR42NR4390503NR9460NRNRNRNRNR37 Sri Ganganagar37 273390155105105774251211160144136NRNR4426021324953263534NR3670695606055893480422744 Tonk45 273390168120109824554194133110110NR984426714354639254040NR48110520587535857540351840 Sawai Madhopur45 263074175135118954555203137126126134NR4529226405358323550505011055067120401002660353240 EAST ZONEEAST ZONE  BiharPatna41 313693160132112844656NR1501421401541465127826325445NRNR39NR40100600568438902565453550 Bhagalpur38 303595161120112774557NR1471111201691174432028365150496434NR3510463558844010048664819NR PurniaNR NRNRNRNRNRNRNRNRNRNRNRNRNRNRNRNRNRNRNRNRNRNRNRNRNRNRNRNRNRNRNRNRNRNRNRNRNR Darbhanga40 3040100140135115804453NR187165154NR132461981430564056563244321005606072281221958352855 Gaya33 263881160106108824560NR1541341421411075033924364840NRNR34NR36110673589037872534232057 Muzzafarpur37 273287161123114824557NR147128131147102492872533465040603460381005905884261004660252650 Saran39 253483162117116824555NR140131137146NR46285273450464770346941100615566840982564352335 Munger40 273292165120120824457NR135124121120NR4624027376052NRNR34NR4010058362793088NR40402255 SaharsaNR NRNRNRNRNRNRNRNRNRNRNRNRNRNRNRNRNRNRNRNRNRNRNRNRNRNRNRNRNRNRNRNRNRNRNRNRNR Madhubani38 283383151126115804554160133127123158994930222324056NRNR344936109590487432823234171448 Rohtas (Sasaram)32 30349315411310180466020617113814614712452210253150473864315437106593557841812449382429 Motihari40 3034841641281088042571941381281281481045028418344046NRNR36NR34110602527024904454352232 Samastipur37 28348416212011579455416515012312315011350300233157473035338138956007296221002577251150 Katihar39 323592169135110854659NRNR128133146NR4830519364650NRNR32NR33110593NR72389822502025NR Araria39 283484154124110834455NR12912412415410450280203050505460408040100640607434954454401245 Nawada38 253587166124120824460230147130117145116502802733505030NR45NR49119650758543952383382665 Khagaria42 253795140115120854346NR1401121221281064137727294757NRNR40NR40118600557230903050302730 Banka33 243180158105109744658NR1361121171551074620316323755NRNRNRNRNRNRNRNRNRNRNRNRNRNRNRNR Arwal36 293281151113110784255NR1371251221251004628025344550NRNR32NR36110650557235803040303640 Aurangabad41 2635891591131158145592171441351251559352NR2730586052NR33NR34977375796371053137343255 Begusarai37 26348415012711280455513014611611816810049305153240555242353737108623587826772656341733 Bhojpur Ara43 273093155125125774352203165120145150NR4736230355545NRNR31NR33100600606540852050353052 Buxar33 313489163125113804458155143117135148994821925344446283731803499598398242963858382448 Gopalganj40 28338316212511180425519613112112714010750250283551594141424141111650757049783748434037 Jamui40 303573142120117774357NR130111131NR12138254263246413964445044105605589020792535261550 Jehanabad38 283482165123118804555NR138125128160NR4824723344648NRNR36NR40100650561003280254424NR53 KaimurNR NRNRNRNRNRNRNRNRNRNRNRNRNRNRNRNRNRNRNRNRNRNRNRNRNRNRNRNRNRNRNRNRNRNRNRNRNR Kishanganj38 283280165120110804457NR1301201181379550300263342505377425045475756780421133058572525 Lakhisarai39 313674145113117884658NR149128138NR12844256263242445153515149100603329531792140312131 Medhepura39 303593153127115764556NR1511191331371094534515335155NRNR34NR3487605557441792755311943 Nalanda35 323488155125116834261215138119115158NR4838728313857608032703611061058844085351024540NR Sheikhpura37 293490165110115844456NR14513013613795502452737405245NR3851401106405870301184251603340 Sheohar37 2836961611301188145601561541331371531064823224355941NRNR3840461136005182331012465332555 Sitamarhi38 273483156117112804555NR14011811915410449270253341564060356033100630569640903550261960 Siwan36 2934941521101097644561691591241341491225220825295242483934493798675396929693239291445 SupaulNR NRNRNRNRNRNRNRNRNRNRNRNRNRNRNRNRNRNRNRNRNRNRNRNRNRNRNRNRNRNRNRNRNRNRNRNRNR Vaishali34 30329515212111375445516915512014516011554207273160514949354040100657558438803035191438 West Champaran38 24347816211510373415116212212912813311745267183547403541334539105567457637906154261645 JharkhandRanchi44 3536100165130119804558230163120136134119592352733606734353735451155735784501005060401555 Gumla42 293480160105105784556212135117114132984821715334050NRNRNRNRNRNRNRNRNRNRNRNRNRNRNRNR Sahibganj40 3033951689512090456014015011012011888532502030556241NR377740108600568035802144362740 Bokaro34 34368616010011094NRNR170170130145170125NRNRNR324560NRNR32NR4095700557045801650252560 Lohardaga31 303581158120108794461NR1511291401521124420326383938NRNR37294090650567350804230331138 SimdegaNR NRNRNRNRNRNRNRNRNRNRNRNRNRNRNRNRNRNRNRNRNRNRNRNRNRNRNRNRNRNRNRNRNRNRNRNRNR Dhanbad43 35379915812611782465821717712114314912855300123360683450354837104650568047903543391245 Jamshedpur (East Singbhum) 45 3434100173127116834658219153141120135100602202734607550NR358043100623588047805050301550 Giridhi34 323582160102109754355NR18716814416413740300193848604035361004590600458458906020353052 Seraikella36 28358417012511475466017016414111013894532132530505042NR33NR3493600598442952565482752 West Singhbhum37 2834821691231137446601691311381021379353247243442474250315032916085880481002467472750 Daltonganj37 273686152115113804860NR172137140NR1155631530355760NRNR374940101573639043804553251642 Deoghar40 3238891661371149045601251611511551701015026430254063NRNR34NR5169583558021792536251327 Ramgarh39 3638NR1611261127646NRNR166156156192NR4827925355053NRNR31NR40108590588045832858273340 Pakur39 30369717012097834560180148145113135107583402532527047483558501175305273421253173462640 Jamtara36 2835991611311168949601421651291411411255534828366193NRNR39NR5199627518659992657442641 Latehar38 293695153115106754760NR140134123NR994322428304078NRNR41NR47103604577852744263302953 Godda40 30361021631331208546622001601101231371076032027356077NRNR38NR40103667588142932242302248 Koderma40 3036101160131120804560160160124133160120571992735606540NR36NR38106659608359812140372144 OdishaBhubaneshwar40 3642100152118108804552NR181138NR1451376223027305847NRNR39524190NRNR8043833846301450 Cuttack42 36388214999102784652NR141106NR116935325327365947394632453690800NR723995NR45262050 Sambalpur40 434897155111103764752NR182138NR1471454724028305560404538503990670NR72401004040302060 Rourkela35 383899154114109794552NR1641181201291205418028335360354038404091482587340812537271541 Berhampur37 45409516013010575NRNRNR186145NR148151NRNRNRNRNRNRNRNRNRNRNRNRNRNRNRNRNRNRNRNRNRNR Jeypore45 4039104159115111804552NR1811361441471445523027325050404039454287670NR7242783136251360 Balasore38 4445103168117122844652NR18195NR1411255624026295960NRNR35NR37476205880531132572402543 Baripada37 3338101166116109774654192167129130137125602302630605235NR364539100630597041902745301455 Balangir45 3739100149116111834252NR185132NR15113352NR27325763NRNR40NR4890630607847303540251340 Angul39 NR4285140117120874655NRNRNRNR130974637425336050NRNR43954397767508048524047434180 BoudhgarhNR NRNRNRNRNRNRNRNRNRNRNRNRNRNRNRNRNRNRNRNRNRNRNRNRNRNRNRNRNRNRNRNRNRNRNRNRNR Dhenkanal40 354090165120105854552180165140145130111553652730605041NR4040401056505584501102555352560 Jagatsinghpur33 334485160NR1108040NRNR161139120121904320820305050NRNR40NR40105690587250812858393060 KandhamalNR NRNRNRNRNRNRNRNRNRNRNRNRNRNRNRNRNRNRNRNRNRNRNRNRNRNRNRNRNRNRNRNRNRNRNRNRNR Keonjhar38 3842100170125115804552NR170104NR13512557NR2728606050554950501106906084601053050352580 Malkangiri52 353389171128112814352NR146109NR112945633325354750NRNR38354076699578441803356222745 NabarangpurNR NRNRNRNRNRNRNRNRNRNRNRNRNRNRNRNRNRNRNRNRNRNRNRNRNRNRNRNRNRNRNRNRNRNRNRNRNR Nayagarh38 NR4080160130120874452NR177154NR1421316034026315858NRNR354338886405780421202053352540 NuapadaNR NRNRNRNRNRNRNRNRNRNRNRNRNRNRNRNRNRNRNRNRNRNRNRNRNRNRNRNRNRNRNRNRNRNRNRNRNR Paralakhemundi GajapatiNR NRNRNRNRNRNRNRNRNRNRNRNRNRNRNRNRNRNRNRNRNRNRNRNRNRNRNRNRNRNRNRNRNRNRNRNRNR Puri38 354393157120115804453NR157127NR1321155427826305446NRNR40NR4280603587346994537251557 Rayagada40 33428517012512585485217615511115911810048NR27315240NRNR39353970643557140984865321247 Sonepur39 NR42101155116115814448NR166121NR1311215232211296154NRNR42NR476966758834284253319948 BhadrakNR NRNRNRNRNRNRNRNRNRNRNRNRNRNRNRNRNRNRNRNRNRNRNRNRNRNRNRNRNRNRNRNRNRNRNRNRNR JharsugudaNR NRNRNRNRNRNRNRNRNRNRNRNRNRNRNRNRNRNRNRNRNRNRNRNRNRNRNRNRNRNRNRNRNRNRNRNRNR Kendrapara39 NR43103160116111854456NR179138NR1311214626026315959NRNR405641126673597244853437251355 JajpurNR NRNRNRNRNRNRNRNRNRNRNRNRNRNRNRNRNRNRNRNRNRNRNRNRNRNRNRNRNRNRNRNRNRNRNRNRNR Kalahandi39 3944981621221168245531951621241291291055234330315563NRNR453749101609NR7148NR2569412857 West BengalKolkata49 NR381081671361251074756NR1811581451501306726327346685NRNR38NR54117638587981864538311958 Siliguri34 2932841601181158945561731301081121289955174243045473342415550995905574371193066402547 Purulia31 NR38891711281189848541371371221241281125428428265657NRNR39NR48966335469481063152423042 Kharagpur47 3439971661221169446542081621221261391235924427295067NRNR38NR40866605881501243372422942 Rampurhat45 2938791591211189845561951361181181301035227122285557NRNR43NR4974633478450993241411536 MaldaNR NRNRNRNRNRNRNRNRNRNRNRNRNRNRNRNRNRNRNRNRNRNRNRNRNRNRNRNRNRNRNRNRNRNRNRNRNR Raiganj38 28348016712310590444418013298122126985624810284956NRNR31NR395956849115441242157323158 Alipurduar40 NR4577158118117994972NR1671431301321186527810255355NRNR39NR4590583597117602170352522 Asansol46 NR3799169123124924565NR1361251221251005230026346561NRNR36NR421016405775581012647472944 Balurghat51 3337103175143113974549NR1601271281331244630227326082NRNR49NR5078450598457827078291660 Bankura35 NR35891681241178645662321731241091241035025619295871NRNR35NR49775735779391122148342148 Barasat45 2939961661261179245611791581301191281175722325325863565538654568587598070972957402545 Bardhaman48 NR3610216512811510445562231581211251331215726025NRNRNRNRNR38NR40605205879661103068422656 Baruipur41 NR3586163124119904856NR140105103107975125627346067NRNR33NR3565601547760713450241147 Berhampore48 283990165127119984758NR1491191161291075124720356053NRNR35NR4451553578445902961372232 Chinsurah50 NR3588161128120109465223213512111212010250221263558585659355945604905576401173159382157 Cooch behar50 NR4273147120110984860NR135112112142102502902627556562653865458756058923890NRNR382860 Howrah53 NR3885162126120854858NR161136133141NR6028527306068NRNRNRNR5582610557171763266422746 Jalapiguri35 284590170125118934756NR1401251151301005530025305060NRNR32NR5074450557036732555362350 Jhargram45 NR4094163133111904854NR156131125131110402732928576643533871411105235767311212956312651 Kalimpong38 3537871711271211024649NR132114122147NR5738316405560NRNR4147451057275184551423892554251 Krishnagar37 NR3577143101111913941NR1811531441491444324526235145NRNR35NR4669623557119792535261419 Tamluk45 NR441011711201231094756NR158NR118131NR5428628326064NRNR36NR4371647587455812735261439 NORTH EAST ZONENORTH EAST ZONE  Andaman and NicobarPort Blair51 NR701181681611371005273NR168158NR1361297232222609210172804870891038935996137904252341983 Mayabunder50 NR701051861621351005273212161183NR118106703151870100120NRNR748392145700601081001002472342757 Car Nicobar52 NR671051751701451105875262170150NR14011585285207165110NRNR707595137900601081201005055452575 Arunachal pradeshItanagar40 NR41102178133123955074NR117120127175NR7340018376072NRNR40NR5088702598762882982473171 Namsai37 NR361101801301201005074NR180NR145NRNR8028020355080NRNR40NR601206605921027752030504030 Pasighat50 NR501001671301301006080163177133150157NR9040020407090NRNR50NR5011774712093609060120704080 Tawang50 45451031801331231105573NR151120137165NR10034020425859NRNR42NR539368371928713943112654373 AssamGuwahati40 3438901651051158548702211771251351351306020014396572NRNR35NR40NRNRNR9648NRNRNRNR3578 BarpetaNR NRNRNRNRNRNRNRNRNRNRNRNRNRNRNRNRNRNRNRNRNRNRNRNRNRNRNRNRNRNRNRNRNRNRNRNRNR Tinsukia38 NR38105170130115904774NR175150135135NR65180123065NRNRNRNRNRNRNRNRNRNRNRNRNRNRNRNRNR Dhubri35 32399716813010885487025017012512512510555180123060504070406047120700588040603060403050 GoalparaNR NRNRNRNRNRNRNRNRNRNRNRNRNRNRNRNRNRNRNRNRNRNRNRNRNRNRNRNRNRNRNRNRNRNRNRNRNR Golaghat44 323690165951159649NRNR1531341351331326626614346368NRNRNRNRNRNRNRNRNRNRNRNRNRNRNRNR Mangaldai43 33389015195118954770NR1421441411601126026914365840NRNR39NR42NRNRNR19842NRNRNRNR2455 Mushalpur42 363688172118119894671NR1691431391401094822010316965NRNR35NR5083493807148102NRNR372255 UdalguriNR NRNRNRNRNRNRNRNRNRNRNRNRNRNRNRNRNRNRNRNRNRNRNRNRNRNRNRNRNRNRNRNRNRNRNRNRNR Bajali50 333895170128120904770167153NRNR165NR5936011307049NRNR369967705839012080884667793867 Hojai35 NR359016585115854874NR1551101321371216523010326555NRNR35NR408065057843514032105453750 Jorhat43 344298175971199948741831721531311651106721112326065NRNR55NR54786245384505835110512549 Bongaigaon44 NR359017595112984572NR1571521491651095034810305560NRNRNRNRNRNRNRNRNRNRNRNRNRNRNRNR Morigaon52 353810016811011810046701951521521331401106223710365963NRNRNRNRNRNRNRNRNRNRNRNRNRNRNRNR Sonari40 373887178NR120974671NR175103142NRNR7121312296055NRNR37NR45100NRNR8340704045353050 Tamulpur37 3636100170110117854773NR173136135NR1255726310306560NRNR37NRNR110757NR7240NRNRNR402658 Sivasagar47 NR40100178115120954875NR150132142NRNR5726510315749666053805312270760101528230105533264 Biswanath CharialiNR NRNRNRNRNRNRNRNRNRNRNRNRNRNRNRNRNRNRNRNRNRNRNRNRNRNRNRNRNRNRNRNRNRNRNRNRNR Dibrugarh45 NR43103173127115924774NR174142134146NR5532023346353NRNRNRNRNRNRNRNRNRNRNRNRNRNRNRNR Karimganj39 NR38102168135111824672NR160NR1191381167024014335465NRNR38NR58145NR588740NRNRNRNR2645 Majuli50 NR369316791118974970NR134NR131NRNR5825615306280NRNR40NR70110NRNR724010775NR553240 Sonitpur Tezpur42 5836921751091179147691631471671421621204931010384946NRNRNRNRNRNRNRNRNRNRNRNRNRNRNRNR Haflong35 NR44100175NR120905074NR140NR115140NR8026016406060NRNR45NR609078058904015042118664280 AS-Lakhimpur38 NR3810317299115894672NR166128127126NR5517515295958NRNR39NR39102603497662813171462642 Diphu41 NR38106179124122975075NR138NR130NR1108022815356853455037605082600587923NR3672503360 Nalbari44 NR39102171120117924976NR1431281201421036330710296052NRNR37NR4011057310784501703873603785 South Salmara Mankachar40 3336901691351168546NR2031481181401601035921711434968NRNR38NR6061NRNR9063819146503163 Kamrup39 NR3889172117119894574NR142NR118125986024219365255NRNR38NR59NRNRNR19860NRNRNR302560 ManipurImphalNR NRNRNRNRNRNRNRNRNRNRNRNRNRNRNRNRNRNRNRNRNRNRNRNRNRNRNRNRNRNRNRNRNRNRNRNRNR ChandelNR NRNRNRNRNRNRNRNRNRNRNRNRNRNRNRNRNRNRNRNRNRNRNRNRNRNRNRNRNRNRNRNRNRNRNRNRNR JiribamNR NRNRNRNRNRNRNRNRNRNRNRNRNRNRNRNRNRNRNRNRNRNRNRNRNRNRNRNRNRNRNRNRNRNRNRNRNR KangpokpiNR NRNRNRNRNRNRNRNRNRNRNRNRNRNRNRNRNRNRNRNRNRNRNRNRNRNRNRNRNRNRNRNRNRNRNRNRNR SenapatiNR NRNRNRNRNRNRNRNRNRNRNRNRNRNRNRNRNRNRNRNRNRNRNRNRNRNRNRNRNRNRNRNRNRNRNRNRNR TamenglongNR NRNRNRNRNRNRNRNRNRNRNRNRNRNRNRNRNRNRNRNRNRNRNRNRNRNRNRNRNRNRNRNRNRNRNRNRNR ThoubalNR NRNRNRNRNRNRNRNRNRNRNRNRNRNRNRNRNRNRNRNRNRNRNRNRNRNRNRNRNRNRNRNRNRNRNRNRNR UkhrulNR NRNRNRNRNRNRNRNRNRNRNRNRNRNRNRNRNRNRNRNRNRNRNRNRNRNRNRNRNRNRNRNRNRNRNRNRNR MeghalayaShillong38 4038110183133123884874NR176152143NRNR7730030407367NRNR40NR40117680608077804753272187 Tura36 4040110180NR122904974NR183NR1461451107846018387067NRNR40NR7090747588060804350292080 Jowai38 4039108NRNR120904974NR140NR140NRNR8032015356860NRNR40NR4090650588570805060301680 Sohra40 4040NRNRNR130905074NR141NR141NRNRNR35018477063NRNR40NR37110650588767806050402090 Mairang40 4242NRNRNR130905074NR154NR148NRNRNR38317407075NRNR42NR40110NR589660777548531693 Nongpoh37 NR40113180NR123875074NR152142152176NR7742015357067NRNR40NR42117660609447815075361783 Khliehriat38 3939100170NR123824875NR130NR132NRNRNR29330386763NRNR39NR4075717607660797368391593 Williamnagar48 4038110180NR120905070NR182NR147NR1008046815357060NRNR38NR6590749578455804070202080 Nongstoin35 4040NRNRNR120905073NR127150127NRNRNR33715336760NRNR39NR39107650608367825260421583 Mawkyrwat37 3938NRNRNR120805074NR140NR140NRNRNR34516406872NRNR35NR36107700608877837540381977 MizoramAizawl50 4050901601401409250801651861541261531429352030636393NRNR83NR7090650589090NR4290624090 Lunglei51 42481001501501501005076127215168130138113100520295072110NRNR50NR8090550601078015111561512080 Kolasib45 404096160130117995078NR209NR1111471079842328454578NR4040NR8014565560956010041110653643 Mamit50 NR40NRNRNRNR995080NR133100123NRNR13747030425278NRNR43NR92775376096501305092583980 Champhai50 3557NRNRNRNR1005580NR180NR120NRNR100520306050100NRNR45NR8010357560108571007030694660 Serchhip45 NR45100NRNRNR1005078NRNR103112NRNR100467304860100NRNR55NR43NR540NR9650150NRNR43NR50 Siaha50 NR45100150NR1201005070NR180150120NR100100220304060100NRNR50100100120NR6010010015352855740100 Lawngtlai50 45501051601401401005080NR143NR132NR121120480304060120NRNR80NR801406606022080160601006040100 Hnahthial50 4545NR1651601351005080NR172110130NRNR130520304880100NRNR47NR90130620NR10060785090603080 Khawzawl50 47451001601251321005082NR17011511912011211350330405073NR4245NR7785605639478117NR80603590 Saitual55 4556100NR100NR1005580NRNRNR115NRNRNR51330457380NRNR50NR9085NR588980NRNR9058NR90 NagalandKohima47 40401001701501301004774NR130148130NRNRNR32020457570NRNR49NR909064358815712013090501660 Dimapur45 403565170105120905580200150NR170NR1658021019505060NRNR40NR5060300808045804060403550 Tuensang37 3855100NRNR12010050NRNR160NR165NRNRNR27520355085NRNR50NR50100NR5892801403090503060 Mokochung48 NR581001601301201005074NR132130132176NR7530015407060NRNR50NR63606135896608052102401852 Chumukedima43 NR37100173123118955078NR123150130167NR8031718376858NRNR40NR831306577010345103NRNR373253 Mon40 NR4590NRNR1301005070NR143NR153NRNR8034018406070NRNR50NR80NRNR609060NRNR65503750 Peren36 404090NR1201201005070NR131NR120NRNR9032015407070NRNR57NR801506505896581604099563750 Phek40 50501001901401601005072NR160NR170NRNRNR35020458060NRNR50NR1001003356822060100NR63563040 Tseminyu50 NR50NRNRNR1301005070NR128NR134NRNRNR37315437373NRNR50NR58100660609650NRNR1055017NR Wokha50 NR70110NR1251201005074NR160NR180NRNRNR29015406060NRNR70NR8080630588450803590503070 Zunheboto55 NR50NR160NR1201004575NR150NR140NRNR6024018408080NRNR55NR7514065012085601604095554060 Kiphire38 NR451001801201101005570NR132NR142NRNR8033018406080NRNR47NR80100650559050905890553540 Longleng38 4050NR150NR120100NRNRNR160NR180NRNRNRNRNR254060NRNR65NR80130NR60906014030125503050 Niuland34 NR38NR152110113925363NR123NR123NRNR6326716326353NRNR42NR53123NR5985331023252413232 Shamator42 4050100150NR110100NRNRNRNRNRNRNRNRNRNRNRNRNRNRNRNRNRNRNRNRNRNRNRNRNRNRNRNRNRNR Noklak40 506090NRNR12010050NRNR165NR165NRNRNRNR19408080NRNR60NR82138NR599160NR65100352050 SikkimGangtok45 383887NR133130955465NR189148143159NR6530020437065NRNR46NR67120700589060774560301870 Gyalshing45 4044100NRNR120905065NR197125153159NR6044020407070NRNR45NR70120680588060804545301560 Namchi57 404090NRNR120955065NR160120120140NR6035023407060NRNR40NR801207495880801564094654270 Soreng45 353590NR110120955065NR154121126NRNR6041020356860NRNR40357010065058968015320100664070 Mangan50 403895170130130905060NR160121140NRNR6046020406070NRNR40NR7014079257968015642118654270 TripuraAgartala39 NR391031611311131024970NR1751541441651317020010406750NRNR39NR43916225688801203572462650 Dharmanagar35 NR401051751351151105075NR150NR130NR1236825010356870NRNRNRNRNRNRNRNRNRNRNRNRNRNRNRNR Belonia40 NR40NRNRNR1101054875NR150NR1201401108023013356585NRNR40NR45956506282806030634019113 TR-Udaipur38 NR36901451181091005072NR135108114128956016810356565NRNR42NR421006676076801083570452568 SOUTH ZONESOUTH ZONE  Andhra PradeshVijaywada50 4857101175141119924668171139112NR12310460297NR41583842534560451035505871401432050402668 Visakhapatnam54 3842107160129116854454192181131NR13312060240153455604040404444109640557533854040301236 Kurnool57 423910316812312397435617417612813314112958327264245583536374441866355863421241844282138 Tirupathi53 40408517012612094434917617610712612410860320234058373943394248886035163631422589392942 JammalamaduguNR NRNRNRNRNRNRNRNRNRNRNRNRNRNRNRNRNRNRNRNRNRNRNRNRNRNRNRNRNRNRNRNRNRNRNRNRNR DharmavaramNR NRNRNRNRNRNRNRNRNRNRNRNRNRNRNRNRNRNRNRNRNRNRNRNRNRNRNRNRNRNRNRNRNRNRNRNRNR OngoleNR NRNRNRNRNRNRNRNRNRNRNRNRNRNRNRNRNRNRNRNRNRNRNRNRNRNRNRNRNRNRNRNRNRNRNRNRNR KarnatakaBengaluru53 40399315811711584435214315912212712612156263183740374245374541955936066387319383227130 Dharwad54 4045961731251189342501741641191201059145268264047305358535848926305877671233483371555 Mangalore49 4041901681401159843521761481031341089559282224145453861424445100596599071932472442891 Mysore56 46561051691311219944451821521341361251096827323444641496456525799523586945805259574681 Bengaluru (East Range)54 42431001691281229244521501651191281321226125518404230494040444192643627358983257554255 Belagavi58 384098158125110814654172164105140142126442581638413458393637371004775468481282969422958 Kalaburagi55 3943901661271238742541751401091191251124818615322830414838484098745986540482058182835 Tumakuru54 444010016013012296435219016712513313512555221214045404058404743107617597316882948281547 Bellary60 3940841591291208641481881651151401321275822824433837384038474397693627023822327262962 Dhavanagere57 456010515913011895445416117512213013512559293284051425157494745103596587257884145311630 Shivamogga58 454010717013112198435020016011913013211650230283549304653424651116630587938773553341546 Vijayapur59 393790158138909041551981701201311301194124712485843293135453570620587152422320333372 Ramanagara56 44461101651281229545482011911381411431265118715434536454445NR43100613NR7823903350211550 Raichur58 41421001601291098543591651611171281311195518515414555484643444299555537345902075353047 Chamarajanagar50 4845901701261259042471841471139211292602521939412050586248629653311061621153783563946 Kolar39 364090160140120973947120145152130115955024711434526414838484098745986552482058182835 Haveri58 434110114913812195415916416712513614011948255134458484141434141104650757037783748434038 Bagalkot57 44498316513711610140571791681041381331014427721374936504935453880525406153704050402560 Bidar50 404887160131120854050222143120117116104643251142552443585355531055895743791172451503372 Koppal55 4143871571271169341501691531231251311314525012414329395340454394627436255602425292877 Mandya38 3738911631211209343481621311101291269247255153746293941393941108392387029442341292162 Yadgir53 4440100165132118864257178178131129132123512201145403040544447411036735771481153238281752 Chikkamagalur57 4246971631291119345491661631111051119252198164055334245424445975804978504141108292541 Bangalore Rural57 395186163134130974446193147981281299254255173937295438484152123610537622637249271732 Chikkaballapur55 484088175130120954142178142101112113964828814353832474940404093622438134773123353339 Chitradurga57 38601031621191179646521521611171191219856290242442223845384640955901006857452055212540 Gadag56 4044881471271201114464159164127131121994028011404340324032404080600606580422042292819 Hassan53 444193166141134934348174170991191311095116820365242404340424090602606730863031403046 Kodagu48 3541961671271189145511881501301281291095524818394733333646514391613617340413767473751 Udupi56 4549951571371251034548162165115133120985618020455740335351535310352010374571203598504097 Uttara Kannada53 45469616814011896434817815713212911710250247204749414344424243109620496753752969373163 Vijayanagara54 4444911671271179242511741601211191341154619618405022303938384064552716343525141292365 KeralaT.Puram58 4243113175145128904552NR18013013113512076260155068504555485095120NR656748853250251852 Ernakulam51 43441171881401371074456200180150NR13313566200155765555060455746107653557239803845251640 Kozhikode47 52421131781451401004553256185162NR1481425824015405945NRNR454946108657NR7239822843181348 Thrissur49 46541081711331271004554NR178159NR14312660243165260524645475549122761587250773148191545 Palakkad43 4746109162128122844350219172159NR14314452200134557474940484546113635606947722943201539 Wayanad46 52441101781461381014452NR169155NR1401295922818466147NRNR465647111703697244793150201942 Kasargod46 54431211921701361124362NRNR148NR1381245224714445546NRNR455245121715566947723348341947 Kottayam56 4346101178129134944556NR190149NR1291216523316495957NRNR495343110678647043793550281442 Pathanamthitta56 343997186148138NR4553NRNRNRNR1431477523715556550NRNR4755NR150630587253723157241870 Alapuzha45 5065NRNRNRNRNR4452NRNRNRNR133NR63NR12494842NRNR506747NR702637858952847203172 KollamNR NRNRNRNRNRNRNRNRNRNRNRNRNRNRNRNRNRNRNRNRNRNRNRNRNRNRNRNRNRNRNRNRNRNRNRNRNR Idukki57 4242107182NR125884460NR181154NR1561366822014506266NRNR475345127683607542783143241642 Kannur51 4645111181157135984553NRNR173NR12912658280184558424545475047113737586641853551251760 Malapuram47 4540109181143126964356220160145NR12712753233134960455555424646107680607248732645201740 PuducherryPuducherry65 484391182148112934848228144143NR11811054327265060254572685076113680597549842948373460 Tamil NaduChennai58 4442100170137119864440181172126NR12811966297254560584053444646103688657233832942251350 Madurai58 4765107169134117914645227166174NR1491375926327466240433656515142707677440913757221483 Dindigul58 4863106NR141122814460NR173132NR13312657284184553383753495148113698597129881857271758 Thiruchirapalli61 4563107168137118994543186160131NR12612060NR265673543854434556116710576036782145292460 Coimbatore53 4245104166135119864440245175141NR14413162263264163353749474846116629577239793139181554 TirunelveliNR NRNRNRNRNRNRNRNRNRNRNRNRNRNRNRNRNRNRNRNRNRNRNRNRNRNRNRNRNRNRNRNRNRNRNRNRNR Cuddalore57 485391178145124954348183185135NR1129457293244968404159454649133660576131852264272462 Dharmapuri57 4440102167134116874443218NR130NR14413054270254055283951504048118690667128783646292155 VelloreNR NRNRNRNRNRNRNRNRNRNRNRNRNRNRNRNRNRNRNRNRNRNRNRNRNRNRNRNRNRNRNRNRNRNRNRNRNR Ramanathapuram60 4161103158142111944444214NR137NR141118552712761666139445248661177876972611043773433546 Erode58 4945103166139121864545204195155NR14913856288255857354152535251111742667025792946191252 Karur68 5155106172139120914447229162128NR129120542951450684835705152521137006569378619NR322370 Perambalur55 NR64111172135121974543209183137NR13913857NR274664484073534554120700606138845143251365 Pudukkottai58 4763110170139121NR4545251NR160NR14712456NR275050604451425053115708616132952645191460 Sivagangai54 4562108173139121904544211NR156NR14512956277266053603958535353139762656550823447201441 Thanjavur51 4540100170143120854644189165126NR12210760NR284852433860424748122690666643964872351445 The nilgiris62 4545108NR143130924554210183115NR1301026422728575225485050485182735687345942667412940 Thoothukudi54 5059103176140125864452225189127NR127122553061150604046715651601237576572411005061301250 Viluppuram56 5043106168123119904450174155124NR12912759NR254058473550434745113723646631782540221249 Virudhunagar57 4364106164131118864645206173136NR12912359293284963394149564955107713596842813145231362 Kanniyakumari57 3853100156126115784441209176155NR14313755258253955333840375140109500607240762432191343 Namakkal63 4761107173136127984444210181133NR13813255NR264563543973515147122660706740753339251252 Tiruvannamalai55 5162107176139118914465216187133NR13912958310274561474150454344100717NR6242833349201258 Tiruvarur58 4860104174149119NR4352229146125NR11410952NR255063324650485162122863656035894937221683 TiruppurNR NRNRNRNRNRNRNRNRNRNRNRNRNRNRNRNRNRNRNRNRNRNRNRNRNRNRNRNRNRNRNRNRNRNRNRNRNR Tenkasi56 4659102174146122NR4466227NR122NR12112056275225258403648535358103737647240955259311357 NagapattinamNR NRNRNRNRNRNRNRNRNRNRNRNRNRNRNRNRNRNRNRNRNRNRNRNRNRNRNRNRNRNRNRNRNRNRNRNRNR KrishnagiriNR NRNRNRNRNRNRNRNRNRNRNRNRNRNRNRNRNRNRNRNRNRNRNRNRNRNRNRNRNRNRNRNRNRNRNRNRNR Ariyalur55 NR64105174140120954544193180128NR12812255293265362484553554564122697656042824149261462 KallakurichiNR NRNRNRNRNRNRNRNRNRNRNRNRNRNRNRNRNRNRNRNRNRNRNRNRNRNRNRNRNRNRNRNRNRNRNRNRNR KancheepuramNR NRNRNRNRNRNRNRNRNRNRNRNRNRNRNRNRNRNRNRNRNRNRNRNRNRNRNRNRNRNRNRNRNRNRNRNRNR Salem52 454590173140130984445187157127NR1229748280NR495937376846444488667625533932164292442 Theni57 5054106168138119874448221177132NR12612255275134848323956474077108687697034893755261354 Chengalpattu60 4560981821491281244740194193122NR118996731328596464357367447095640607269NRNR70NR2540 Mayiladuthurai59 506588177145128NR4444233185140NR127116603202748505045454650631077876372401005360301462 RanipetNR NRNRNRNRNRNRNRNRNRNRNRNRNRNRNRNRNRNRNRNRNRNRNRNRNRNRNRNRNRNRNRNRNRNRNRNRNR Tirupattur62 404295181140128984466203NR160NR1381075427017435828355741424560632596342893090402450 Tiruvallur60 4160105170134125954340219151119NR1241146229828456065356560447096643607245853045261560 TelanganaHyderabad58 393990159126109923952149169125110128122512662039494233554349441045355666381182846392949 Karimnagar50 415291162124118884359174164120NR14212152310214048504542414942100593566145892541252435 Warangal58 39419016312711595406016417010511012712055274163645453736385538825505564351182145252628 Adilabad53 42519115512211590416517715711512512811253323243853373529395035775005560461103330281938 Suryapet53 424286165125117944056152142NRNR12211252269223247303252414738715775262351032542262641 Jadcherla55 3650881651271179539571531461031121301035529218364538333634533678528536331901846412334 Khammam54 4040881631301129239591431439210214011649NR193544423335354933715175066301031844352537 Medchal58 4442851651301209340611811681011241209955282184955403735385538805405570361125047242046 Nizamabad53 4243901581261109243541491569810312610457277223545343835385438806204858711102661422735 Sangareddy59 4040911631271119440601601549810912510752273214041353440405041885355565351052347402741 Commodity NameCommodity NameRiceRiceWheatAtta (Wheat)Gram DalTur/Arhar DalUrad DalMoong DalMasoor DalSugarMilk @Groundnut Oil (Packed)Mustard Oil (Packed)Vanaspati (Packed)Soya Oil (Packed)Sunflower Oil (Packed)Palm Oil (Packed)GurTea LooseSalt Pack (Iodised)PotatoOnionTomatoBajra(whole)Jowar(whole)Maida(wheat)Ragi(whole)Suji(whole)BesanDesi GheeButter(Pasteurised)EggsBrinjalBlack Pepper(whole)Coriander(whole)Cummin Seed(whole)Red Chillies(whole)Turmeric(powder)BananaGIngerGarlic  Average Price1Average Price143.42 31.1136.0193.62163.64124.62115.8389.6244.858.7187.52154130.06129.33132.11114.8555.36269.8121.8836.6153.8252.9836.8944.1140.2754.3945.1699.81619.557.378.1444.4890.7235.9552.734.2321.9349.61 Maximum Price1Maximum Price168 5870121200170160124608226221518318019216513752030711001207280831051001509001202201371701301257946130 Minimum Price1Minimum Price128 222865127858773394012011792921058838154923262017213025274230020431630162017919 Modal Price1Modal Price140 28359016012012090446018016012013013511050300274060504040355040100650587240803040301540 Source:- State civil supplies Dept.Note:- All India Consumption Weighted Average Prices of Oils w.e.f 23-Feb-2022 and Wheat and Atta w.e.f 25-Feb-2023 NR -> Not Reported Unit for Black Pepper (powder),Coriander (powder),Cummin Seed (powder),Red Chillies (powder),Turmeric (powder),Butter (Pasteurised) - Rs/100gm Unit for Eggs - Rs/Dozen Developed by:- National Informatics Centre(NIC)",,,,,,,,,,,,,,,,,,,,,,,,,,,,,,,,,,,,,,,,,,,2024-09-30
"Source:- State civil supplies Dept.Note:- All India Consumption Weighted Average Prices of Oils w.e.f 23-Feb-2022 and Wheat and Atta w.e.f 25-Feb-2023 NR -> Not Reported Unit for Black Pepper (powder),Coriander (powder),Cummin Seed (powder),Red Chillies (powder),Turmeric (powder),Butter (Pasteurised) - Rs/100gm Unit for Eggs - Rs/Dozen Developed by:- National Informatics Centre(NIC)",,,,,,,,,,,,,,,,,,,,,,,,,,,,,,,,,,,,,,,,,,,2024-09-30
Source:- State civil supplies Dept.,Note:- All India Consumption Weighted Average Prices of Oils w.e.f 23-Feb-2022 and Wheat and Atta w.e.f 25-Feb-2023,NR -> Not Reported,,,,,,,,,,,,,,,,,,,,,,,,,,,,,,,,,,,,,,,,,2024-09-30
"Unit for Black Pepper (powder),Coriander (powder),Cummin Seed (powder),Red Chillies (powder),Turmeric (powder),Butter (Pasteurised) - Rs/100gm","Unit for Black Pepper (powder),Coriander (powder),Cummin Seed (powder),Red Chillies (powder),Turmeric (powder),Butter (Pasteurised) - Rs/100gm",,,,,,,,,,,,,,,,,,,,,,,,,,,,,,,,,,,,,,,,,,2024-09-30
,Unit for Eggs - Rs/Dozen,,,,,,,,,,,,,,,,,,,,,,,,,,,,,,,,,,,,,,,,,,2024-09-30
Developed by:- National Informatics Centre(NIC),Developed by:- National Informatics Centre(NIC),,,,,,,,,,,,,,,,,,,,,,,,,,,,,,,,,,,,,,,,,,2024-09-30
,,,,,,,,,,,,,,,,,,,,,,,,,,,,,,,,,,,,,,,,,,,2024-09-30
