State,Centre,Rice,Broken Rice,Wheat,Atta (Wheat),Gram Dal,Tur/Arhar Dal,Urad Dal,Moong Dal,Masoor Dal,Sugar,Milk @,Groundnut Oil (Packed),Mustard Oil (Packed),Vanaspati (Packed),Soya Oil (Packed),Sunflower Oil (Packed),Palm Oil (Packed),Gur,Tea Loose,Salt Pack (Iodised),Potato,Onion,Tomato,Bajra (whole),Jowar (whole),Maida (wheat),Ragi (whole),Suji (whole),Besan,Desi Ghee,Butter (Pasteurised),Eggs,Brinjal,Black Pepper (whole),Coriander (whole),Cummin Seed (whole),Red Chillies (whole),Turmeric (powder),Banana,Ginger,Garlic,Date
Unit,Qty,1 Kg,1 Kg,1 Kg,1 Kg,1 Kg,1 Kg,1 Kg,1 Kg,1 Kg,1 Kg,1 ltr,1 Kg,1 Kg,1 Kg,1 Kg,1 Kg,1 Kg,1 Kg,1 Kg,1 Kg,1 Kg,1 Kg,1 Kg,1 Kg,1 Kg,1 Kg,1 Kg,1 Kg,1 Kg,1 Kg,100 gm,Dozen,1 Kg,100 gm,250 gm,100 gm,100 gm,50 gm,1 Kg,100 gm,100 gm,2024-08-29
Average Price,Average Price,43.71,,30.72,35.74,91.1,164.57,124.85,115.91,89.76,44.7,58.72,183.26,140.11,123.1,119.49,120.18,99.49,54.71,266.97,22.05,37.1,48.1,45.67,37.49,46.3,39.9,56.05,45.03,98.98,618.07,57.6,75.27,46.98,99.16,31.24,60.19,38.21,27.83,50.47,,,2024-08-29
Maximum Price,Maximum Price,68,,58,70,120,196,170,160,124,60,82,262,215,183,180,190,165,138,520,30,71,80,127,75,147,90,209,203,160,880,145,230,100,240,110,710,270,240,140,,,2024-08-29
Minimum Price,Minimum Price,28,,22,28,65,125,85,88,65,39,40,120,109,92,92,105,88,38,155,9,22,26,10,17,21,28,25,25,41,68,20,36,19,24,15,20,17,9,18,,,2024-08-29
Modal Price,Modal Price,40,,28,35,90,160,120,120,90,44,60,170,130,120,120,120,100,50,220,27,35,50,40,40,40,35,55,40,100,650,58,72,40,100,20,60,30,25,40,,,2024-08-29
NORTH ZONE,NORTH ZONE,,,,,,,,,,,,,,,,,,,,,,,,,,,,,,,,,,,,,,,,,,2024-08-29
Chandigarh,Chandigarh,44,,31,36,90,165,125,116,90,45,60,183,139,124,119,120,100,55,269,28,37,46,50,NR,NR,NR,NR,NR,NR,NR,NR,NR,NR,NR,NR,NR,NR,NR,NR,,,2024-08-29
Delhi,Delhi,40,,30,32,95,173,147,127,90,45,56,207,154,128,130,141,102,60,245,27,38,55,50,30,40,39,57,39,95,517,58,71,62,87,26,47,38,26,35,,,2024-08-29
Haryana,Hisar,35,,28,31,92,160,117,110,81,44,59,208,146,121,127,138,102,50,243,26,37,53,52,28,37,38,51,40,102,527,58,72,41,83,20,41,39,25,65,,,2024-08-29
Haryana,Karnal,44,,32,39,90,131,126,121,97,43,50,181,121,118,108,114,91,50,171,25,38,50,45,32,42,43,53,40,113,614,64,80,39,92,29,51,48,35,80,,,2024-08-29
Haryana,Panchkula,40,,28,38,88,165,120,115,88,45,62,190,140,115,125,130,100,53,210,27,35,40,58,26,38,32,55,40,85,607,54,70,30,80,35,40,50,25,51,,,2024-08-29
Haryana,Gurgaon,36,,29,32,86,165,115,116,80,44,56,222,153,123,129,142,104,55,230,20,32,36,46,26,38,62,37,55,105,652,58,96,40,115,59,67,58,26,60,,,2024-08-29
Himachal Pradesh,Shimla,45,,NR,37,95,175,140,120,90,48,60,220,172,140,129,NR,NR,57,217,28,40,52,40,35,NR,38,NR,38,100,580,58,80,40,145,40,50,50,35,50,,,2024-08-29
Himachal Pradesh,Mandi,43,,NR,34,94,177,137,120,88,44,47,220,165,129,122,141,115,48,270,28,42,55,48,32,NR,34,NR,34,116,676,62,72,41,143,43,95,64,28,49,,,2024-08-29
Himachal Pradesh,Dharamshala,30,,NR,29,89,172,129,119,89,45,40,NR,165,134,137,NR,NR,49,230,28,34,45,50,33,NR,34,55,35,98,590,59,70,40,90,34,48,33,31,60,,,2024-08-29
Himachal Pradesh,Solan,40,,NR,33,96,175,132,111,86,46,50,220,164,134,123,141,NR,52,220,28,37,53,35,34,37,35,NR,34,111,522,59,78,43,81,48,41,33,19,53,,,2024-08-29
Himachal Pradesh,Una,42,,NR,32,99,163,118,112,87,45,66,NR,154,133,129,NR,NR,49,247,27,30,54,40,36,NR,34,NR,32,89,608,57,83,29,93,38,48,39,29,55,,,2024-08-29
Himachal Pradesh,Bilaspur-hp,45,,NR,31,99,175,142,116,89,46,60,NR,144,134,119,NR,NR,50,323,27,37,57,40,32,NR,33,58,33,98,617,58,84,43,82,34,35,36,13,54,,,2024-08-29
Himachal Pradesh,Chamba,37,,NR,35,98,176,133,120,90,50,55,NR,168,134,130,NR,NR,48,232,29,35,56,53,41,58,38,68,37,88,643,58,79,43,111,33,50,40,34,59,,,2024-08-29
Himachal Pradesh,Hamirpur-HP,41,,NR,33,98,179,138,117,84,46,65,NR,168,135,NR,NR,NR,54,265,28,42,53,42,36,67,37,NR,37,97,450,58,79,43,98,29,54,42,30,52,,,2024-08-29
Himachal Pradesh,Kullu,42,,NR,34,101,178,140,123,89,47,40,NR,167,132,116,137,NR,50,213,28,40,60,57,NR,NR,35,NR,35,109,537,58,78,42,100,23,75,38,27,55,,,2024-08-29
Himachal Pradesh,Sirmour,45,,22,36,88,180,140,110,90,45,50,214,168,136,145,143,108,42,273,27,40,47,50,35,NR,35,NR,40,110,627,58,70,40,92,30,70,32,26,52,,,2024-08-29
Himachal Pradesh,Kinnaur,42,,NR,36,92,172,129,123,80,48,50,NR,155,143,123,NR,NR,50,229,27,37,60,60,NR,NR,35,NR,39,96,543,52,87,50,136,30,70,40,30,57,,,2024-08-29
Himachal Pradesh,Lahaul & Spiti,42,,NR,42,90,170,140,100,100,41,50,NR,184,163,NR,NR,NR,51,480,28,41,61,71,NR,NR,40,NR,40,135,700,56,105,65,146,35,76,49,39,80,,,2024-08-29
Jammu and Kashmir,Srinagar,42,,38,45,90,167,140,127,110,52,50,NR,155,127,128,152,NR,60,323,28,40,53,57,NR,NR,50,NR,41,130,627,58,72,38,147,53,77,68,44,120,,,2024-08-29
Jammu and Kashmir,Jammu,48,,30,36,95,185,135,125,95,48,50,NR,160,130,125,130,110,54,293,28,40,48,55,NR,NR,NR,NR,NR,NR,NR,NR,NR,NR,NR,NR,NR,NR,NR,NR,,,2024-08-29
Jammu and Kashmir,Poonch,NR,,NR,NR,NR,NR,NR,NR,NR,NR,NR,NR,NR,NR,NR,NR,NR,NR,NR,NR,NR,NR,NR,NR,NR,NR,NR,NR,NR,NR,NR,NR,NR,NR,NR,NR,NR,NR,NR,,,2024-08-29
Jammu and Kashmir,Kupwara,45,,34,38,88,NR,118,120,103,55,51,NR,132,130,125,132,123,48,300,28,39,49,45,NR,NR,NR,NR,NR,NR,NR,NR,NR,NR,NR,NR,NR,NR,NR,NR,,,2024-08-29
Jammu and Kashmir,Udhampur,NR,,NR,NR,NR,NR,NR,NR,NR,NR,NR,NR,NR,NR,NR,NR,NR,NR,NR,NR,NR,NR,NR,NR,NR,NR,NR,NR,NR,NR,NR,NR,NR,NR,NR,NR,NR,NR,NR,,,2024-08-29
Jammu and Kashmir,Shopian,NR,,NR,NR,NR,NR,NR,NR,NR,NR,NR,NR,NR,NR,NR,NR,NR,NR,NR,NR,NR,NR,NR,NR,NR,NR,NR,NR,NR,NR,NR,NR,NR,NR,NR,NR,NR,NR,NR,,,2024-08-29
Jammu and Kashmir,Samba,60,,28,34,100,180,140,120,100,47,55,NR,130,125,120,130,105,60,300,28,32,58,50,35,60,40,65,40,120,550,58,75,47,160,25,95,40,25,58,,,2024-08-29
Jammu and Kashmir,Ramban,38,,NR,34,95,180,120,120,110,50,60,NR,160,130,130,NR,NR,53,320,27,40,60,60,39,NR,39,NR,40,100,600,58,72,50,87,30,47,58,14,60,,,2024-08-29
Jammu and Kashmir,Rajouri,NR,,NR,NR,NR,NR,NR,NR,NR,NR,NR,NR,NR,NR,NR,NR,NR,NR,NR,NR,NR,NR,NR,NR,NR,NR,NR,NR,NR,NR,NR,NR,NR,NR,NR,NR,NR,NR,NR,,,2024-08-29
Jammu and Kashmir,Kishtwar,NR,,NR,NR,NR,NR,NR,NR,NR,NR,NR,NR,NR,NR,NR,NR,NR,NR,NR,NR,NR,NR,NR,NR,NR,NR,NR,NR,NR,NR,NR,NR,NR,NR,NR,NR,NR,NR,NR,,,2024-08-29
Jammu and Kashmir,Doda,NR,,NR,NR,NR,NR,NR,NR,NR,NR,NR,NR,NR,NR,NR,NR,NR,NR,NR,NR,NR,NR,NR,NR,NR,NR,NR,NR,NR,NR,NR,NR,NR,NR,NR,NR,NR,NR,NR,,,2024-08-29
Jammu and Kashmir,Baramulla,NR,,NR,NR,NR,NR,NR,NR,NR,NR,NR,NR,NR,NR,NR,NR,NR,NR,NR,NR,NR,NR,NR,NR,NR,NR,NR,NR,NR,NR,NR,NR,NR,NR,NR,NR,NR,NR,NR,,,2024-08-29
Jammu and Kashmir,Reasi,NR,,NR,NR,NR,NR,NR,NR,NR,NR,NR,NR,NR,NR,NR,NR,NR,NR,NR,NR,NR,NR,NR,NR,NR,NR,NR,NR,NR,NR,NR,NR,NR,NR,NR,NR,NR,NR,NR,,,2024-08-29
Jammu and Kashmir,Kathua,NR,,NR,NR,NR,NR,NR,NR,NR,NR,NR,NR,NR,NR,NR,NR,NR,NR,NR,NR,NR,NR,NR,NR,NR,NR,NR,NR,NR,NR,NR,NR,NR,NR,NR,NR,NR,NR,NR,,,2024-08-29
Punjab,Amritsar,40,,26,30,102,175,138,130,98,45,53,217,132,122,120,130,NR,53,268,26,30,53,45,43,43,42,72,43,107,557,56,67,52,95,21,43,31,30,53,,,2024-08-29
Punjab,Ludhiana,37,,25,33,NR,NR,NR,NR,NR,45,62,198,142,122,123,132,NR,57,280,27,33,57,43,37,48,37,62,37,98,560,53,71,40,93,22,62,37,32,43,,,2024-08-29
Punjab,Bathinda,40,,25,30,102,175,138,120,95,44,55,220,142,121,118,130,100,56,287,26,30,52,43,38,42,40,68,42,113,567,50,68,48,95,39,43,29,14,48,,,2024-08-29
Punjab,Barnala,40,,26,30,96,167,132,113,96,44,64,197,127,117,107,128,100,50,293,27,29,55,47,37,48,35,NR,37,100,557,48,72,47,88,25,41,28,28,48,,,2024-08-29
Punjab,Hoshiarpur,36,,27,30,98,172,127,118,92,45,62,193,127,118,107,126,98,53,268,25,28,57,42,36,35,34,65,39,106,552,50,73,40,98,23,46,35,27,46,,,2024-08-29
Punjab,Faridkot,42,,24,30,102,172,137,117,95,45,55,223,127,127,117,132,97,57,300,28,30,53,42,37,47,38,72,42,103,567,50,68,52,93,18,43,30,30,48,,,2024-08-29
Punjab,Mansa,40,,27,30,100,170,135,120,90,45,61,NR,128,120,120,128,NR,50,267,28,32,53,47,43,48,38,NR,45,110,573,54,73,60,83,20,42,31,29,49,,,2024-08-29
Punjab,Sri Muktsar Sahib,41,,26,30,99,175,122,117,90,43,63,197,125,113,112,121,97,52,267,26,32,52,42,33,43,33,73,35,103,560,47,67,53,85,20,34,28,25,48,,,2024-08-29
Punjab,Dera Bassi,40,,26,30,90,155,120,120,90,44,58,NR,138,124,118,NR,NR,58,243,27,30,47,57,30,38,35,50,40,97,550,55,70,40,97,22,55,37,30,43,,,2024-08-29
Punjab,Sangrur,42,,28,31,99,164,134,119,91,44,60,204,136,121,115,131,104,51,257,27,29,52,37,38,48,38,67,38,98,557,58,74,45,98,22,72,32,32,42,,,2024-08-29
Punjab,Ropar,40,,27,32,99,168,133,120,93,44,60,212,141,130,124,NR,110,55,247,27,31,50,40,39,53,36,67,41,99,567,54,74,53,97,21,57,36,28,50,,,2024-08-29
Punjab,Amargarh,42,,27,31,100,168,135,119,94,44,60,197,125,115,115,125,97,50,250,27,30,50,40,40,50,40,NR,40,98,550,55,72,50,98,20,65,30,30,40,,,2024-08-29
Punjab,Fatehgarh Sahib,40,,26,31,94,170,120,120,97,43,60,218,141,132,132,148,104,53,280,27,30,40,58,33,45,34,65,40,93,550,52,72,42,92,24,52,35,28,48,,,2024-08-29
Punjab,Ferozepur,43,,27,33,101,170,138,118,91,44,61,206,131,122,121,140,95,59,248,26,31,52,37,36,43,42,63,42,110,557,52,67,48,102,24,51,35,28,49,,,2024-08-29
Punjab,Kapurthala,38,,25,31,88,166,122,120,88,44,61,197,128,127,117,125,98,57,263,24,28,50,38,40,52,41,51,41,96,560,53,70,37,91,26,52,31,29,40,,,2024-08-29
Uttar Pradesh,Lucknow,40,,28,35,90,150,127,110,80,45,68,200,140,128,117,118,110,58,260,27,37,50,50,35,47,35,53,35,90,559,58,80,50,98,51,72,30,15,50,,,2024-08-29
Uttar Pradesh,Kanpur,35,,28,32,90,165,125,108,85,42,60,180,138,122,115,128,110,56,234,26,30,35,50,35,40,50,NR,30,90,580,55,72,40,120,20,40,35,25,50,,,2024-08-29
Uttar Pradesh,Varanasi,38,,27,35,98,167,124,117,82,45,76,208,134,127,118,130,107,62,285,30,35,49,51,34,60,34,NR,39,118,660,57,84,45,100,23,57,35,34,62,,,2024-08-29
Uttar Pradesh,Agra,41,,29,31,95,150,96,92,76,44,68,182,132,128,117,119,113,55,250,28,35,50,51,28,27,36,NR,37,99,648,47,83,31,79,21,41,36,31,41,,,2024-08-29
Uttar Pradesh,Jhansi,47,,26,30,87,168,105,101,82,43,60,186,128,117,108,128,100,50,195,26,30,45,36,28,NR,32,65,34,87,683,59,85,31,122,47,36,32,22,31,,,2024-08-29
Uttar Pradesh,Meerut,37,,29,36,81,146,130,93,92,47,66,145,134,131,134,143,130,47,247,28,39,38,50,37,37,38,64,39,98,527,25,71,33,93,32,25,25,16,46,,,2024-08-29
Uttar Pradesh,Allahabad,33,,32,36,82,156,122,120,94,44,66,170,134,126,128,160,110,50,235,26,40,39,45,42,30,40,39,38,89,593,58,85,41,125,71,42,35,38,50,,,2024-08-29
Uttar Pradesh,Gorakhpur,44,,24,34,92,166,128,116,81,44,64,213,135,127,125,118,94,58,223,27,40,42,51,38,38,33,53,35,93,585,59,84,58,118,55,85,36,21,48,,,2024-08-29
Uttar Pradesh,Saharanpur,39,,26,30,84,163,116,112,87,44,62,NR,128,127,122,131,107,49,246,25,28,39,36,30,NR,31,NR,31,84,500,58,72,39,82,42,45,30,13,40,,,2024-08-29
Uttar Pradesh,Bareilly,37,,26,32,95,158,127,120,88,44,68,192,129,117,117,130,102,50,322,26,31,42,42,23,32,35,49,35,117,740,58,61,42,77,56,47,36,26,52,,,2024-08-29
Uttar Pradesh,Ayodhya,32,,30,33,75,160,103,106,91,41,55,195,160,123,141,175,98,45,217,28,31,44,69,NR,NR,NR,NR,NR,NR,NR,NR,NR,NR,NR,NR,NR,NR,NR,NR,,,2024-08-29
Uttar Pradesh,Moradabad,39,,25,32,87,159,120,112,88,42,61,187,138,124,123,140,105,50,239,25,31,44,46,34,65,35,57,40,80,570,57,70,26,113,25,50,42,35,59,,,2024-08-29
Uttar Pradesh,Aligarh,40,,26,30,90,170,130,110,95,44,63,198,129,120,116,147,128,54,243,26,33,41,53,30,NR,35,NR,33,100,610,53,76,44,120,27,48,32,21,43,,,2024-08-29
Uttar Pradesh,Mirzapur (Vindhyanchal),38,,27,32,86,164,123,115,93,44,54,183,138,123,115,118,95,54,221,25,30,45,45,27,43,32,51,33,91,642,58,69,50,87,51,51,34,15,50,,,2024-08-29
Uttar Pradesh,Banda,36,,29,35,88,141,124,108,82,44,64,195,136,119,106,161,103,54,155,20,32,49,38,31,41,34,88,34,102,503,55,66,31,128,29,47,41,38,54,,,2024-08-29
Uttar Pradesh,Azamgarh,36,,29,35,86,165,120,122,95,46,65,219,150,129,127,124,98,53,282,28,36,41,52,39,47,42,52,43,109,652,56,66,44,102,32,102,50,39,45,,,2024-08-29
Uttar Pradesh,Gonda (Devipatan),34,,27,32,87,167,128,120,87,44,60,167,146,123,127,137,112,47,277,28,30,48,40,36,34,31,65,38,95,650,53,83,34,90,22,77,36,31,45,,,2024-08-29
Uttar Pradesh,Amethi,38,,25,38,85,162,115,110,80,46,63,198,147,134,134,128,118,52,259,25,25,42,50,48,32,42,38,51,115,693,57,81,39,79,32,61,28,23,62,,,2024-08-29
Uttar Pradesh,Barabanki,45,,26,30,90,160,130,120,82,45,68,195,145,122,120,120,97,56,218,26,37,43,43,32,36,31,50,34,93,518,57,83,41,90,18,45,35,30,47,,,2024-08-29
Uttar Pradesh,Bhadohi,34,,25,32,85,160,125,120,85,45,60,200,130,120,125,145,105,65,235,28,28,48,40,20,21,32,25,35,80,670,50,72,40,90,20,35,30,40,50,,,2024-08-29
Uttar Pradesh,Chandauli,30,,26,32,88,159,129,114,80,42,60,170,127,120,108,118,94,54,247,26,28,44,37,34,56,37,60,40,95,633,55,72,33,87,20,46,38,32,40,,,2024-08-29
Uttar Pradesh,Farrukhabad,45,,24,31,80,160,130,115,95,44,67,183,137,118,123,163,98,47,220,26,30,45,52,17,NR,32,NR,34,100,647,58,79,55,122,20,53,21,20,48,,,2024-08-29
Uttar Pradesh,Ghazipur,40,,26,32,92,160,119,116,92,43,71,239,138,129,127,139,106,59,262,27,32,47,45,35,38,36,41,36,105,640,49,75,37,124,24,71,49,32,50,,,2024-08-29
Uttar Pradesh,Jaunpur,48,,28,32,90,159,125,120,80,44,63,193,133,120,115,149,98,58,260,28,32,52,35,28,27,35,44,34,90,580,52,72,39,93,29,61,31,31,53,,,2024-08-29
Uttar Pradesh,UP-Pratapgarh,40,,26,30,90,157,118,120,89,44,68,209,154,135,132,122,104,62,255,26,32,49,39,33,29,35,39,35,95,690,60,88,43,137,50,79,35,19,39,,,2024-08-29
Uttar Pradesh,Sambhal,40,,25,31,87,168,122,100,100,42,60,173,127,142,141,169,129,50,217,30,30,48,48,35,NR,35,NR,35,100,667,50,72,27,100,35,67,30,30,45,,,2024-08-29
Uttar Pradesh,Santkabir Nagar,32,,25,32,75,150,118,110,95,43,62,183,150,145,145,175,NR,44,257,28,28,45,40,55,55,32,80,45,110,690,58,96,60,110,30,65,40,35,50,,,2024-08-29
Uttar Pradesh,Shahjahanpur,38,,25,33,75,125,123,118,102,44,62,200,167,113,118,115,110,47,260,27,31,38,42,50,40,35,101,35,102,650,56,83,24,100,30,50,40,40,52,,,2024-08-29
Uttar Pradesh,Sitapur,38,,30,35,85,155,110,110,90,42,61,179,163,148,131,164,109,47,227,28,33,48,60,22,25,32,42,35,92,640,56,83,38,80,30,50,30,20,40,,,2024-08-29
Uttar Pradesh,Sultanpur,33,,29,41,89,148,92,107,90,43,59,197,147,134,134,142,113,48,241,29,33,43,55,20,28,39,36,51,110,650,58,71,42,79,28,60,26,25,58,,,2024-08-29
Uttar Pradesh,Unnao,41,,26,30,88,168,128,118,88,45,58,203,137,118,120,153,107,58,243,25,33,47,43,29,37,35,52,40,100,477,56,72,42,102,36,72,37,17,47,,,2024-08-29
Uttar Pradesh,Ambedkar Nagar,47,,32,41,85,149,115,113,88,45,60,230,147,133,130,160,112,57,185,27,39,45,42,30,35,35,90,33,97,530,58,71,26,112,25,40,31,33,55,,,2024-08-29
Uttar Pradesh,Amroha,40,,28,33,80,160,120,120,100,46,54,195,145,140,133,185,100,51,197,26,35,45,38,32,42,39,32,37,107,543,43,72,41,128,26,75,36,33,36,,,2024-08-29
Uttar Pradesh,Baghpat,42,,NR,29,91,163,123,117,90,42,70,200,143,128,125,128,100,55,200,27,33,47,40,27,75,31,78,35,93,520,20,70,43,65,17,40,24,19,31,,,2024-08-29
Uttar Pradesh,Bijnor,37,,26,30,92,160,115,115,81,43,55,145,140,120,122,125,101,48,260,25,NR,NR,NR,30,40,32,60,38,100,550,55,72,45,105,26,71,38,18,40,,,2024-08-29
Uttar Pradesh,Budaun,38,,24,29,86,140,112,95,85,44,64,225,131,135,121,140,104,48,288,28,30,50,40,25,40,35,38,35,91,660,58,72,32,88,20,68,32,24,45,,,2024-08-29
Uttar Pradesh,Etah,45,,26,35,80,170,110,115,90,44,68,205,130,128,133,138,115,50,285,28,30,43,40,22,NR,35,NR,37,90,665,60,78,42,95,21,42,30,25,42,,,2024-08-29
Uttar Pradesh,Fatehpur,42,,28,32,88,167,128,118,97,44,65,188,145,128,120,133,107,52,225,28,32,47,58,23,32,30,33,37,95,550,52,82,40,127,42,47,23,17,37,,,2024-08-29
Uttar Pradesh,Ghaziabad,40,,33,35,87,165,120,112,88,45,67,188,128,121,106,115,107,57,199,27,35,42,35,33,42,36,63,38,108,509,57,68,43,106,20,39,37,27,40,,,2024-08-29
Uttar Pradesh,Hardoi,49,,26,34,88,155,114,112,88,45,60,203,139,124,122,140,99,49,244,27,31,48,41,30,33,33,63,40,100,640,58,72,41,61,36,71,27,13,43,,,2024-08-29
Uttar Pradesh,Jalaun,34,,28,30,86,161,109,100,89,43,54,168,133,135,134,152,99,53,225,28,30,41,43,30,34,33,NR,36,86,648,56,76,33,118,27,98,31,32,32,,,2024-08-29
Uttar Pradesh,Kaushambi,44,,24,37,85,158,132,92,85,43,59,169,142,122,129,169,123,50,229,28,32,45,48,26,53,32,45,39,90,527,31,86,32,88,37,55,46,31,45,,,2024-08-29
Uttar Pradesh,Kushinagar,38,,30,38,88,168,125,128,85,48,70,175,145,140,130,135,105,60,215,27,36,45,65,62,62,36,75,36,98,650,55,84,55,94,27,82,36,38,42,,,2024-08-29
Uttar Pradesh,Lakhimpur Kheri,47,,27,31,90,165,122,118,88,43,57,197,133,123,135,137,99,55,218,27,35,50,45,26,31,33,62,38,102,640,58,73,40,123,21,83,38,27,44,,,2024-08-29
Uttar Pradesh,Pilibhit,42,,28,31,88,168,128,118,97,43,65,210,148,125,123,138,102,48,280,28,32,42,52,30,61,33,85,34,95,523,58,74,32,138,42,45,32,13,48,,,2024-08-29
Uttar Pradesh,Sharwasti,40,,27,34,90,163,130,123,82,45,50,150,150,117,123,NR,100,55,203,28,37,53,43,NR,NR,39,NR,40,93,567,59,70,33,85,22,48,30,30,43,,,2024-08-29
Uttar Pradesh,Siddharth Nagar,47,,29,32,80,159,120,110,84,45,65,164,142,131,131,158,97,50,233,26,34,45,42,50,50,35,70,36,91,550,60,84,31,117,47,61,35,18,39,,,2024-08-29
Uttar Pradesh,Sonbhadra,44,,29,32,90,155,129,115,80,45,60,202,130,118,116,125,97,58,210,27,26,44,40,27,42,33,35,35,87,580,58,68,42,79,20,35,25,16,50,,,2024-08-29
Uttar Pradesh,Rampur,49,,26,29,93,158,107,110,89,44,58,169,139,128,123,140,99,44,254,15,35,50,45,30,35,31,NR,30,94,523,59,58,34,119,24,97,29,24,53,,,2024-08-29
Uttar Pradesh,Bahraich,40,,26,33,89,165,130,122,85,42,45,160,149,114,129,125,115,45,250,27,30,39,41,34,35,31,65,38,100,607,58,81,29,88,19,67,33,31,42,,,2024-08-29
Uttar Pradesh,Basti,40,,22,30,70,145,110,105,82,42,65,155,140,134,131,148,98,45,241,25,30,39,40,60,62,33,115,38,85,545,60,80,30,125,23,52,30,34,45,,,2024-08-29
Uttar Pradesh,Etawah,46,,30,35,100,166,128,120,80,45,69,NR,154,132,132,148,105,55,220,28,35,48,47,20,NR,35,NR,35,100,617,58,84,42,82,35,31,30,18,50,,,2024-08-29
Uttar Pradesh,Muzzafarnagar,43,,26,31,92,158,140,117,93,44,71,161,146,135,135,144,121,43,222,28,30,45,46,32,43,34,NR,34,94,452,70,47,41,98,16,46,33,24,56,,,2024-08-29
Uttar Pradesh,Chitrakoot,35,,27,34,92,162,114,100,80,45,60,172,140,120,120,168,105,60,235,28,40,55,40,28,36,35,60,48,98,540,57,96,45,90,24,55,35,27,50,,,2024-08-29
Uttar Pradesh,Hamirpur-UP,46,,28,33,89,161,130,111,89,44,70,207,139,119,111,126,100,58,220,26,37,50,58,NR,NR,35,NR,36,93,610,56,84,50,140,25,96,32,35,45,,,2024-08-29
Uttar Pradesh,Deoria,34,,27,29,84,160,119,125,85,44,58,204,140,126,125,127,122,59,224,28,37,48,58,57,66,30,59,31,88,557,58,69,38,99,22,79,37,40,38,,,2024-08-29
Uttar Pradesh,Hapur,36,,27,30,75,153,122,120,98,43,68,206,157,132,148,137,108,50,220,26,30,46,38,34,31,38,45,39,97,620,51,72,30,100,52,50,31,13,33,,,2024-08-29
Uttar Pradesh,Bulandshahr,40,,30,35,83,162,115,110,92,43,65,NR,120,120,120,133,107,43,248,24,30,42,48,29,39,32,60,35,100,497,53,72,40,100,31,55,29,15,32,,,2024-08-29
Uttar Pradesh,Kanpur Dehat,45,,25,30,90,159,125,110,90,46,68,166,130,120,118,127,100,60,230,28,30,43,40,28,33,35,43,35,100,527,55,92,53,94,27,56,29,29,45,,,2024-08-29
Uttar Pradesh,Hathras,40,,25,28,90,160,120,110,90,43,60,165,130,133,117,173,100,47,207,25,33,44,60,23,NR,35,NR,37,103,630,58,84,53,113,20,42,33,23,39,,,2024-08-29
Uttar Pradesh,Raebareli,44,,28,33,89,159,132,119,87,45,67,221,139,122,120,145,110,59,226,27,35,47,47,33,48,37,50,37,101,623,57,87,39,101,50,44,31,13,47,,,2024-08-29
Uttar Pradesh,Lalitpur,37,,27,29,75,163,99,92,87,42,56,183,145,142,137,126,118,40,255,25,32,52,45,33,38,29,66,28,92,647,51,100,28,76,18,42,27,29,28,,,2024-08-29
Uttar Pradesh,Mohaba,35,,24,33,85,165,95,105,82,45,60,141,139,110,125,145,110,45,175,27,40,40,38,53,50,33,108,33,102,633,38,92,33,72,24,61,35,40,68,,,2024-08-29
Uttar Pradesh,Gautam Budh Nagar,40,,28,33,86,162,118,111,87,44,67,210,159,121,131,143,110,60,247,26,31,43,38,33,41,39,59,39,108,523,56,72,38,96,36,42,34,13,39,,,2024-08-29
Uttar Pradesh,Auraiya,43,,27,36,74,158,110,92,85,45,62,159,134,134,137,156,137,53,168,28,35,41,42,28,28,36,40,38,92,572,57,78,54,97,37,43,37,15,49,,,2024-08-29
Uttar Pradesh,Maharajganj,34,,28,34,85,163,123,120,83,44,63,205,139,115,128,147,101,54,213,27,33,46,52,40,57,31,72,36,100,548,58,76,41,110,20,60,30,29,48,,,2024-08-29
Uttar Pradesh,Balrampur,35,,26,34,83,155,118,121,82,45,48,197,135,112,119,126,95,57,198,29,29,39,39,55,55,30,NR,34,90,553,57,80,38,118,34,70,35,23,43,,,2024-08-29
Uttar Pradesh,Kannauj,39,,25,31,90,168,115,110,90,45,70,175,140,112,135,172,118,54,242,28,31,40,50,32,39,32,NR,34,83,538,52,68,39,108,24,58,34,33,45,,,2024-08-29
Uttar Pradesh,Mathura,45,,32,34,85,163,122,115,85,43,61,217,153,120,121,145,125,44,263,26,33,44,43,33,43,40,45,40,110,625,53,96,35,115,35,63,40,30,40,,,2024-08-29
Uttar Pradesh,Firozabad,38,,35,37,82,NR,118,112,90,40,65,190,158,117,142,182,111,45,300,29,39,46,38,23,25,33,39,35,99,717,52,69,35,98,22,50,29,31,30,,,2024-08-29
Uttar Pradesh,Kasganj,47,,27,30,90,157,117,117,93,43,65,162,134,117,112,140,98,50,203,28,33,43,43,20,NR,30,NR,32,91,488,46,72,42,88,43,52,30,12,48,,,2024-08-29
Uttar Pradesh,Mainpuri,32,,25,32,91,164,125,116,87,39,69,177,145,122,134,164,110,43,248,30,28,32,33,23,25,35,40,36,98,700,55,68,34,100,22,52,32,34,34,,,2024-08-29
Uttar Pradesh,Shamli,38,,24,29,95,165,127,110,83,42,67,195,128,120,112,125,100,45,277,28,32,50,40,27,63,35,70,35,90,500,58,60,37,100,42,52,31,11,50,,,2024-08-29
Uttar Pradesh,Ballia,36,,27,32,85,161,117,114,89,43,59,185,141,126,125,141,110,51,232,27,33,42,48,30,NR,34,NR,37,88,597,50,69,30,102,21,83,30,34,58,,,2024-08-29
Uttar Pradesh,Mau,43,,25,31,85,164,119,117,85,44,62,199,135,116,118,125,92,58,271,27,31,47,40,NR,NR,32,NR,35,90,677,53,68,39,140,21,80,31,35,41,,,2024-08-29
Uttarakhand,Dehradun,34,,24,39,96,175,115,116,97,43,68,150,129,122,125,165,NR,57,280,28,34,47,49,30,NR,40,NR,40,100,640,58,72,40,100,30,50,40,32,60,,,2024-08-29
Uttarakhand,Haldwani,37,,35,30,80,157,136,139,85,43,57,145,139,146,137,143,147,51,259,28,38,49,50,22,82,60,105,60,92,600,58,80,32,100,40,60,60,35,51,,,2024-08-29
Uttarakhand,Rudrapur,38,,25,35,86,170,118,120,101,44,64,160,143,129,124,144,92,54,235,28,35,44,61,30,NR,40,60,40,NR,635,61,72,33,100,38,50,40,35,60,,,2024-08-29
Uttarakhand,Haridwar,41,,26,36,94,170,124,111,96,43,66,165,143,123,132,145,NR,62,298,28,32,44,56,33,NR,40,48,41,97,643,55,72,35,93,34,44,39,35,61,,,2024-08-29
WEST ZONE,WEST ZONE,,,,,,,,,,,,,,,,,,,,,,,,,,,,,,,,,,,,,,,,,,2024-08-29
Chhattisgarh,Raipur,33,,27,35,83,155,110,105,75,43,56,192,148,123,114,136,103,50,243,22,46,40,28,30,26,40,45,25,91,737,78,80,35,100,25,89,30,25,30,,,2024-08-29
Chhattisgarh,Durg,34,,35,37,95,163,122,111,83,44,54,187,120,117,115,113,113,52,200,15,39,48,20,34,39,36,47,37,95,68,57,67,28,87,33,43,31,13,52,,,2024-08-29
Chhattisgarh,Ambikapur,28,,27,28,90,151,114,107,87,42,44,180,131,115,114,120,NR,40,260,13,35,36,37,NR,NR,40,NR,30,70,599,54,69,38,32,34,34,40,26,47,,,2024-08-29
Chhattisgarh,Bilaspur-CG,44,,40,39,87,167,123,117,95,44,53,191,146,131,126,127,101,51,200,21,44,45,51,38,51,38,49,48,97,643,55,72,46,88,24,56,28,24,55,,,2024-08-29
Chhattisgarh,Jagdalpur,39,,35,37,80,157,116,109,93,45,47,179,153,99,126,135,101,43,193,19,30,29,30,66,65,42,60,41,76,700,72,80,29,106,32,70,54,43,44,,,2024-08-29
Chhattisgarh,Dantewada,38,,36,41,89,161,121,113,84,42,61,NR,151,110,111,121,93,54,284,16,41,55,37,NR,NR,36,NR,42,104,680,58,71,48,131,21,31,32,28,53,,,2024-08-29
Chhattisgarh,Dhamtari,42,,35,40,95,168,113,113,98,42,75,170,161,108,113,115,113,55,220,30,40,44,30,NR,NR,NR,NR,NR,NR,NR,NR,NR,NR,NR,NR,NR,NR,NR,NR,,,2024-08-29
Chhattisgarh,Rajnandgaon,36,,38,40,87,165,126,116,90,43,60,182,140,124,120,121,99,55,270,23,40,43,50,30,30,35,50,35,110,680,62,50,25,77,48,52,30,29,50,,,2024-08-29
Chhattisgarh,Koriya,42,,33,38,83,168,110,118,85,42,76,198,133,105,108,125,NR,47,200,26,40,40,40,60,65,47,85,60,85,700,58,80,36,151,40,115,60,38,50,,,2024-08-29
DNH and DD,Silvasa,56,,36,37,90,151,133,125,88,42,68,192,159,154,128,129,101,60,198,28,35,48,40,40,60,57,60,63,120,618,57,77,50,139,39,91,60,44,32,,,2024-08-29
DNH and DD,Daman,43,,40,41,90,150,130,122,92,44,65,192,157,133,135,133,112,60,200,26,35,40,40,41,40,42,58,62,118,633,60,79,60,142,38,96,56,47,50,,,2024-08-29
DNH and DD,Diu,47,,40,55,95,170,150,130,95,45,64,215,174,139,136,135,120,67,370,28,38,47,53,35,46,60,NR,64,120,635,58,83,38,95,31,40,45,39,46,,,2024-08-29
Goa,Panaji,52,,47,40,99,175,155,138,98,44,56,218,172,148,165,115,99,58,315,25,47,55,37,39,48,43,52,42,115,643,57,63,53,145,33,95,49,39,42,,,2024-08-29
Goa,Margao,54,,51,54,100,195,158,132,100,44,61,215,155,150,140,120,97,63,330,26,45,55,35,39,52,44,54,44,112,648,63,63,58,108,34,62,34,34,40,,,2024-08-29
Gujarat,Ahmedabad,34,,32,34,89,167,126,110,81,43,66,163,137,120,117,120,95,55,205,18,34,40,49,41,38,41,71,43,94,630,54,68,54,79,32,36,41,31,42,,,2024-08-29
Gujarat,Rajkot,34,,34,36,90,168,121,114,87,42,61,163,137,122,119,119,96,54,210,18,35,40,45,40,42,43,68,43,96,620,55,72,47,84,30,38,39,16,51,,,2024-08-29
Gujarat,Surat,41,,37,37,87,168,124,111,82,43,64,179,146,122,118,118,98,55,223,9,31,38,47,31,41,37,78,37,89,600,29,71,57,87,31,48,54,31,40,,,2024-08-29
Gujarat,Bhuj,NR,,NR,NR,NR,NR,NR,NR,NR,NR,NR,NR,NR,NR,NR,NR,NR,NR,NR,NR,NR,NR,NR,NR,NR,NR,NR,NR,NR,NR,NR,NR,NR,NR,NR,NR,NR,NR,NR,,,2024-08-29
Gujarat,Selamba,40,,33,36,85,163,125,115,88,42,62,172,135,115,115,120,97,55,212,23,40,43,50,32,45,45,65,45,93,620,58,70,50,87,32,36,42,32,50,,,2024-08-29
Gujarat,Waghai,41,,33,36,86,168,128,116,85,43,61,173,140,118,118,120,95,55,210,18,35,40,35,30,43,38,41,48,93,619,53,67,50,83,30,38,40,30,53,,,2024-08-29
Gujarat,Bodeli,36,,32,35,88,166,120,112,82,44,64,166,135,116,115,120,95,55,205,19,35,40,45,43,38,47,68,43,95,600,55,68,50,80,72,38,50,20,40,,,2024-08-29
Gujarat,Vapi,39,,33,37,86,167,127,119,87,42,64,167,136,120,121,121,95,54,208,18,36,39,44,33,71,42,66,42,96,627,53,72,49,79,23,31,37,37,41,,,2024-08-29
Gujarat,Bilimora,NR,,NR,NR,NR,NR,NR,NR,NR,NR,NR,NR,NR,NR,NR,NR,NR,NR,NR,NR,NR,NR,NR,NR,NR,NR,NR,NR,NR,NR,NR,NR,NR,NR,NR,NR,NR,NR,NR,,,2024-08-29
Gujarat,Idar,NR,,NR,NR,NR,NR,NR,NR,NR,NR,NR,NR,NR,NR,NR,NR,NR,NR,NR,NR,NR,NR,NR,NR,NR,NR,NR,NR,NR,NR,NR,NR,NR,NR,NR,NR,NR,NR,NR,,,2024-08-29
Gujarat,Jhalod,NR,,NR,NR,NR,NR,NR,NR,NR,NR,NR,NR,NR,NR,NR,NR,NR,NR,NR,NR,NR,NR,NR,NR,NR,NR,NR,NR,NR,NR,NR,NR,NR,NR,NR,NR,NR,NR,NR,,,2024-08-29
Gujarat,Songash,NR,,NR,NR,NR,NR,NR,NR,NR,NR,NR,NR,NR,NR,NR,NR,NR,NR,NR,NR,NR,NR,NR,NR,NR,NR,NR,NR,NR,NR,NR,NR,NR,NR,NR,NR,NR,NR,NR,,,2024-08-29
Madhya Pradesh,Bhopal,40,,28,30,85,164,121,107,86,42,55,176,135,121,107,118,NR,48,230,16,33,37,40,37,40,35,57,40,92,640,56,75,35,90,38,40,30,15,37,,,2024-08-29
Madhya Pradesh,Indore,44,,28,34,98,159,120,109,82,41,60,179,132,118,115,123,95,51,270,15,30,30,47,33,37,35,NR,39,103,620,48,72,45,93,38,38,35,15,40,,,2024-08-29
Madhya Pradesh,Gwalior,39,,30,32,86,156,121,109,84,44,60,195,144,120,118,120,NR,50,222,12,34,36,44,32,41,34,60,40,93,613,55,71,26,80,35,35,26,14,35,,,2024-08-29
Madhya Pradesh,Jabalpur,41,,30,34,89,162,123,114,86,42,56,181,138,118,116,118,98,46,262,16,35,50,39,36,40,35,59,40,92,610,54,71,32,78,24,35,19,11,38,,,2024-08-29
Madhya Pradesh,Rewa,32,,27,33,87,161,113,100,86,40,54,175,128,120,104,114,NR,51,238,20,35,44,40,NR,NR,35,NR,35,85,645,36,72,20,95,27,45,30,23,39,,,2024-08-29
Madhya Pradesh,Sagar,39,,29,32,89,164,124,102,84,42,59,173,134,105,105,118,93,53,235,19,31,38,31,35,38,35,59,38,95,610,58,71,30,83,22,39,29,25,38,,,2024-08-29
Madhya Pradesh,Jhabua,39,,31,35,97,161,121,112,89,42,56,181,138,120,110,121,NR,54,223,15,33,38,43,36,39,36,58,37,102,613,NR,65,32,81,48,41,27,13,32,,,2024-08-29
Madhya Pradesh,Hoshangabad,41,,30,33,85,165,122,105,90,42,58,185,133,110,109,124,100,54,227,12,38,43,39,38,41,38,45,39,90,600,28,72,38,72,25,65,28,27,40,,,2024-08-29
Madhya Pradesh,Shahdol,35,,29,35,86,162,118,113,88,44,50,182,124,114,110,119,NR,52,210,18,35,40,30,37,33,35,50,40,95,600,58,70,30,90,30,40,27,18,35,,,2024-08-29
Madhya Pradesh,Ujjain,NR,,NR,NR,NR,NR,NR,NR,NR,NR,NR,NR,NR,NR,NR,NR,NR,NR,NR,NR,NR,NR,NR,NR,NR,NR,NR,NR,NR,NR,NR,NR,NR,NR,NR,NR,NR,NR,NR,,,2024-08-29
Madhya Pradesh,Morena,38,,30,35,87,164,118,111,85,44,62,180,138,120,119,143,100,50,247,14,32,45,40,24,NR,36,NR,40,98,585,54,80,35,82,38,37,28,14,35,,,2024-08-29
Madhya Pradesh,Anuppur,35,,27,34,93,160,110,108,80,45,50,197,130,105,105,127,90,50,200,10,35,50,40,40,40,35,40,40,100,600,58,78,37,90,25,40,29,17,39,,,2024-08-29
Madhya Pradesh,Bhind,38,,28,33,84,160,113,112,87,44,57,172,122,118,116,118,97,52,243,15,35,42,37,30,40,35,63,40,92,613,55,72,39,87,23,42,30,25,38,,,2024-08-29
Madhya Pradesh,Dhar,38,,26,33,82,160,121,101,83,42,57,161,132,111,103,115,90,51,191,18,35,40,40,31,33,34,51,36,92,620,56,71,23,78,26,34,21,13,31,,,2024-08-29
Madhya Pradesh,Harda,43,,30,33,92,163,122,110,90,42,55,187,141,121,110,126,NR,45,200,27,37,40,40,30,35,41,93,41,98,620,58,81,41,89,30,32,21,15,34,,,2024-08-29
Madhya Pradesh,Katni,31,,32,31,90,160,125,110,80,42,50,185,110,100,105,120,98,48,205,19,30,40,25,35,39,35,60,40,95,600,58,70,40,80,25,40,30,30,38,,,2024-08-29
Madhya Pradesh,Khandwa,37,,28,33,85,161,119,109,85,43,53,181,134,110,106,118,NR,49,220,21,35,36,44,36,36,36,41,40,85,560,48,72,35,75,26,77,31,27,33,,,2024-08-29
Madhya Pradesh,Mandla,39,,31,34,98,159,124,114,85,42,48,203,141,112,112,137,115,52,293,26,35,50,27,40,48,37,57,39,103,633,59,71,35,87,31,50,25,12,35,,,2024-08-29
Madhya Pradesh,Rajgarh,40,,24,32,90,170,120,110,90,42,40,183,148,NR,115,143,NR,50,220,10,32,38,40,NR,NR,NR,NR,NR,NR,NR,NR,NR,NR,NR,NR,NR,NR,NR,NR,,,2024-08-29
Madhya Pradesh,Sidhi,35,,26,34,85,160,112,105,89,44,59,180,130,120,113,112,95,50,232,18,35,41,37,29,43,35,60,40,88,638,50,76,35,85,26,35,30,25,38,,,2024-08-29
Madhya Pradesh,Chattarpur,35,,28,35,87,163,112,97,85,44,47,198,141,124,115,126,106,48,203,20,30,49,43,33,40,33,48,40,97,500,50,80,40,78,40,48,27,10,38,,,2024-08-29
Madhya Pradesh,Neemuch,39,,26,32,85,170,120,113,82,40,60,171,130,125,100,132,NR,50,288,10,30,40,45,55,50,43,82,45,95,537,62,80,26,120,22,42,28,29,40,,,2024-08-29
Madhya Pradesh,Burhanpur,41,,34,38,98,156,114,111,84,44,54,159,134,119,108,126,100,49,232,27,37,45,35,36,36,36,NR,40,105,610,59,68,50,98,48,38,29,15,35,,,2024-08-29
Madhya Pradesh,Narshinpur,38,,29,35,92,162,122,110,88,42,55,182,128,110,108,118,NR,43,240,10,35,33,40,39,39,35,52,40,95,633,55,72,43,82,32,35,25,10,34,,,2024-08-29
Madhya Pradesh,Raisen,38,,29,31,97,160,120,110,85,42,55,181,131,115,113,NR,NR,45,220,10,32,50,40,40,40,35,NR,39,95,615,58,75,40,85,21,40,25,18,33,,,2024-08-29
Madhya Pradesh,Sheopur,45,,27,33,98,152,120,118,85,45,60,170,130,115,105,125,NR,50,304,28,35,40,50,40,35,38,65,40,107,600,60,85,28,80,20,40,35,30,40,,,2024-08-29
Madhya Pradesh,Agar malwa,45,,27,32,83,162,109,102,91,42,55,165,125,113,104,113,NR,48,258,19,31,28,39,38,38,33,NR,38,93,600,54,70,37,79,41,35,24,13,36,,,2024-08-29
Madhya Pradesh,Umaria,37,,30,34,85,160,120,112,87,43,58,175,130,115,110,120,NR,52,220,15,34,38,35,40,NR,35,NR,40,100,630,55,72,40,90,27,48,27,22,40,,,2024-08-29
Madhya Pradesh,Shajapur,40,,28,33,89,162,123,113,88,42,59,181,137,119,112,118,NR,52,250,20,32,45,42,38,39,35,NR,40,100,613,57,70,39,70,37,37,27,13,38,,,2024-08-29
Madhya Pradesh,Dewas,40,,26,35,93,159,116,109,86,41,57,171,132,115,101,115,NR,51,238,12,34,38,37,39,35,36,53,37,101,597,51,75,34,83,38,39,31,17,32,,,2024-08-29
Madhya Pradesh,Khargone,35,,30,35,85,165,125,110,85,43,50,186,156,136,119,132,NR,49,225,20,40,40,40,40,40,40,65,42,95,630,55,84,35,85,20,40,30,26,25,,,2024-08-29
Madhya Pradesh,Singrauli,37,,26,34,84,150,114,114,85,43,58,180,137,105,118,116,99,52,229,11,35,45,46,NR,39,34,NR,40,90,642,54,69,37,86,35,48,26,15,37,,,2024-08-29
Madhya Pradesh,Chhindwara,43,,28,34,98,157,114,108,83,44,55,193,152,110,117,125,111,43,200,10,38,45,32,NR,NR,NR,NR,NR,NR,NR,NR,NR,NR,NR,NR,NR,NR,NR,NR,,,2024-08-29
Madhya Pradesh,Sehore,32,,27,32,95,160,120,110,80,43,52,179,130,115,110,120,NR,50,220,10,35,35,40,NR,NR,35,NR,40,97,607,55,72,50,84,32,42,27,10,32,,,2024-08-29
Madhya Pradesh,MP-Ashoknagar,35,,28,30,79,163,117,100,86,42,55,175,135,122,106,114,89,48,200,18,35,42,40,33,40,36,NR,37,88,640,52,71,38,90,25,45,25,20,29,,,2024-08-29
Madhya Pradesh,Balaghat,35,,32,37,90,158,120,112,85,42,51,182,135,117,111,115,NR,51,203,13,30,40,25,NR,NR,NR,NR,NR,NR,NR,NR,NR,NR,NR,NR,NR,NR,NR,NR,,,2024-08-29
Madhya Pradesh,Guna,40,,28,30,95,162,117,100,85,42,57,182,128,119,105,118,98,45,200,20,28,40,38,31,40,40,85,40,90,597,57,72,58,85,37,41,30,15,37,,,2024-08-29
Madhya Pradesh,Ratlam,39,,31,34,87,160,119,113,86,42,59,183,137,117,109,118,98,51,230,10,32,32,38,35,38,34,53,38,95,620,57,72,36,82,47,44,29,14,37,,,2024-08-29
Madhya Pradesh,Satna,33,,28,32,88,155,105,97,82,42,60,178,130,120,107,119,97,52,230,21,32,40,40,35,40,35,55,48,80,600,58,70,20,87,70,50,32,19,40,,,2024-08-29
Madhya Pradesh,Vidisha,39,,30,33,94,160,123,102,88,41,58,185,147,113,114,130,NR,50,207,10,30,42,30,37,40,35,63,37,100,547,58,80,33,77,28,33,27,13,40,,,2024-08-29
Madhya Pradesh,Alirajpur,37,,27,35,93,163,113,110,90,39,58,177,133,118,115,125,NR,40,275,10,34,30,45,40,30,45,55,45,100,640,57,70,23,80,41,50,30,18,28,,,2024-08-29
Madhya Pradesh,Betul,39,,27,33,93,161,115,106,86,43,57,162,137,114,106,121,NR,51,233,13,39,41,32,36,37,33,57,35,99,647,51,73,25,88,38,49,27,14,35,,,2024-08-29
Madhya Pradesh,Damoh,39,,29,31,86,161,106,104,88,41,50,176,137,104,107,117,NR,49,220,12,35,41,38,36,40,35,57,38,93,615,57,73,29,89,19,41,28,29,36,,,2024-08-29
Madhya Pradesh,Dindori,38,,30,35,80,155,120,105,80,40,61,162,130,110,110,137,NR,50,228,16,40,58,40,36,40,36,52,40,78,625,50,71,38,76,38,61,28,10,38,,,2024-08-29
Madhya Pradesh,Niwari,35,,25,29,95,173,106,111,87,43,62,204,124,119,111,135,NR,49,208,28,38,42,38,23,30,35,38,34,96,610,55,84,19,117,22,38,33,24,33,,,2024-08-29
Madhya Pradesh,Seoni,42,,32,35,86,139,120,115,88,43,52,190,143,112,110,135,NR,46,200,11,30,35,34,40,40,36,68,42,100,650,55,72,37,80,19,39,21,29,40,,,2024-08-29
Madhya Pradesh,Panna,40,,28,36,78,155,87,88,86,42,53,185,120,123,110,120,100,53,210,11,35,50,45,40,67,35,60,45,97,650,62,75,38,67,23,48,31,30,47,,,2024-08-29
Madhya Pradesh,Tikamgarh,35,,26,30,75,160,120,105,85,42,50,180,135,120,110,118,95,45,200,20,32,35,35,38,35,30,50,30,95,650,55,65,40,60,18,38,30,26,40,,,2024-08-29
Maharashtra,Mumbai,42,,40,48,106,176,153,139,94,48,60,204,189,131,126,138,108,80,310,28,42,54,41,43,51,48,63,50,137,568,58,80,50,75,33,57,49,40,37,,,2024-08-29
Maharashtra,Nagpur,51,,42,50,89,172,134,125,92,52,63,189,149,142,118,131,88,70,283,27,43,41,53,38,55,51,75,51,110,663,56,83,81,112,32,65,39,36,58,,,2024-08-29
Maharashtra,Pune,40,,43,53,89,170,124,126,80,48,70,188,151,121,115,118,103,47,320,29,36,39,35,32,44,35,38,38,109,503,41,74,50,98,37,35,34,23,30,,,2024-08-29
Maharashtra,Nashik,39,,44,40,97,174,138,122,91,42,56,170,170,128,104,115,97,54,300,26,38,45,43,38,55,47,56,45,111,653,58,67,58,112,28,60,47,35,38,,,2024-08-29
Maharashtra,Mangaon-Raigad,46,,39,47,95,170,139,123,90,44,54,194,138,123,105,110,96,60,319,28,40,45,40,38,40,44,57,45,108,723,59,70,50,74,40,58,47,32,58,,,2024-08-29
Maharashtra,Dharni,40,,32,37,98,162,119,116,86,43,55,177,126,126,107,134,NR,51,304,13,39,55,45,38,37,37,NR,38,105,777,58,68,52,78,42,45,22,17,34,,,2024-08-29
Maharashtra,Latur,48,,40,43,86,172,122,124,84,40,62,192,152,98,110,113,105,43,221,27,40,45,25,37,43,40,72,40,92,623,53,68,95,81,55,50,29,22,30,,,2024-08-29
Maharashtra,Akluj,49,,35,41,103,171,127,120,98,41,52,207,162,135,118,125,99,51,360,28,42,57,28,33,46,40,65,39,102,650,55,45,72,102,42,104,51,52,33,,,2024-08-29
Maharashtra,Arni Yavatmal,52,,32,34,90,168,130,114,90,42,63,170,155,123,109,118,NR,57,300,10,40,40,30,35,32,47,70,50,125,783,55,72,60,99,25,42,42,45,47,,,2024-08-29
Maharashtra,Chandrapur,53,,44,46,99,170,134,132,104,43,71,189,166,143,103,126,NR,60,227,28,40,47,20,53,51,56,60,62,108,645,64,70,33,116,27,60,31,35,50,,,2024-08-29
Maharashtra,Karad Satara,42,,38,46,95,173,133,124,90,43,70,171,157,128,108,111,101,50,292,28,40,48,30,43,39,42,58,40,103,612,55,67,43,92,32,42,34,20,30,,,2024-08-29
Maharashtra,Ahemednagar,58,,44,49,101,169,133,119,99,42,53,159,168,129,121,124,118,49,238,28,37,43,39,30,39,37,44,39,108,545,58,55,55,99,25,59,49,30,25,,,2024-08-29
Maharashtra,Khultabad,53,,34,35,87,164,121,118,91,43,45,177,NR,134,107,125,98,59,299,20,38,38,40,31,33,39,NR,40,88,700,52,69,73,NR,19,NR,36,28,31,,,2024-08-29
Maharashtra,Islampur,47,,40,46,97,166,128,114,90,42,66,183,176,105,110,115,105,51,397,30,50,48,25,33,39,38,43,38,113,633,52,65,63,98,23,39,33,26,50,,,2024-08-29
Maharashtra,Kankavli,46,,45,46,96,170,139,136,101,44,54,180,174,136,107,109,101,53,353,20,41,42,29,40,41,41,47,43,97,667,54,72,55,85,32,42,41,32,57,,,2024-08-29
Maharashtra,Partur,50,,32,40,94,163,122,112,100,41,55,160,142,130,105,112,100,40,409,10,45,57,40,29,29,43,NR,47,87,703,NR,84,70,93,50,43,25,15,29,,,2024-08-29
Maharashtra,Gondia,55,,40,42,93,153,112,110,81,42,56,166,148,107,106,121,104,51,220,22,40,55,35,36,38,37,62,37,88,705,53,60,37,66,49,52,31,23,39,,,2024-08-29
Maharashtra,Jalgaon,53,,36,46,102,176,141,126,112,43,60,168,154,130,108,112,119,62,368,29,42,58,35,35,38,49,48,49,113,692,58,67,55,107,47,46,43,14,27,,,2024-08-29
Maharashtra,Akola,42,,34,37,98,170,130,115,93,42,65,165,140,134,105,117,96,58,310,26,40,60,50,34,43,46,63,48,114,800,51,65,57,80,45,47,23,21,37,,,2024-08-29
Rajasthan,Jaipur,55,,33,36,92,167,122,111,81,44,50,198,160,130,130,137,NR,50,330,20,35,45,36,27,31,NR,NR,NR,103,560,58,82,37,NR,18,NR,26,30,35,,,2024-08-29
Rajasthan,Jodhpur,41,,34,36,77,152,131,109,80,42,52,195,135,NR,NR,132,NR,48,260,29,35,50,33,NR,NR,NR,NR,NR,NR,NR,NR,NR,NR,NR,NR,NR,NR,NR,NR,,,2024-08-29
Rajasthan,Kota,40,,30,32,90,160,116,112,90,43,58,162,131,110,108,110,100,54,284,21,36,37,44,21,51,48,56,51,89,600,48,60,44,80,17,34,34,28,38,,,2024-08-29
Rajasthan,Udaipur,34,,28,30,100,183,123,125,104,45,56,181,153,132,126,NR,122,51,335,21,32,38,36,35,40,35,60,35,95,550,87,82,39,85,20,32,30,30,32,,,2024-08-29
Rajasthan,Bharatpur,45,,28,32,90,160,129,119,90,44,59,189,120,120,115,NR,NR,51,294,26,33,42,48,25,30,40,65,40,95,530,58,75,31,85,20,60,35,25,40,,,2024-08-29
Rajasthan,Ajmer,41,,33,35,91,160,117,100,76,NR,NR,NR,NR,NR,NR,NR,NR,NR,NR,NR,NR,NR,NR,NR,NR,NR,NR,NR,NR,NR,NR,NR,NR,NR,NR,NR,NR,NR,NR,,,2024-08-29
Rajasthan,Bikaner,40,,30,36,86,178,135,120,100,NR,NR,175,120,110,110,120,100,NR,NR,NR,NR,NR,NR,NR,NR,NR,NR,NR,NR,NR,NR,NR,NR,NR,NR,NR,NR,NR,NR,,,2024-08-29
Rajasthan,Bundi,57,,27,34,90,165,130,117,90,42,55,170,140,110,117,145,NR,50,300,20,40,50,53,NR,NR,33,NR,25,110,600,NR,90,100,85,20,40,30,25,40,,,2024-08-29
Rajasthan,Rajsamand,40,,29,33,87,168,122,114,88,42,60,171,133,120,111,121,NR,49,286,16,38,47,47,29,29,30,59,40,85,508,48,62,48,83,19,38,34,28,38,,,2024-08-29
Rajasthan,Alwar,44,,30,34,88,168,121,102,87,43,54,179,126,119,128,153,NR,42,315,24,34,38,38,24,39,38,70,38,79,572,43,64,24,81,36,84,33,42,42,,,2024-08-29
Rajasthan,Banswara,37,,26,33,86,165,124,115,89,41,53,170,146,112,106,150,NR,46,355,24,36,41,47,34,37,46,49,47,97,512,57,85,35,92,27,80,40,33,38,,,2024-08-29
Rajasthan,Baran,40,,30,35,80,170,120,105,95,41,50,137,144,122,123,127,NR,40,NR,NR,37,42,57,28,33,33,36,53,90,625,55,65,38,90,25,28,33,28,40,,,2024-08-29
Rajasthan,Barmer,38,,32,34,90,167,123,100,90,43,NR,NR,153,120,132,NR,NR,44,NR,27,32,42,58,27,37,35,NR,NR,83,NR,NR,NR,45,85,22,70,30,25,45,,,2024-08-29
Rajasthan,Bhilwara,49,,29,35,90,160,110,98,90,NR,NR,NR,NR,NR,NR,NR,NR,NR,NR,NR,NR,NR,NR,NR,NR,NR,NR,NR,NR,NR,NR,NR,NR,NR,NR,NR,NR,NR,NR,,,2024-08-29
Rajasthan,Chhitorgarh,44,,26,34,92,170,119,115,85,44,56,176,152,115,116,117,100,45,287,20,NR,NR,NR,29,40,35,86,32,91,568,45,80,31,78,29,43,38,26,40,,,2024-08-29
Rajasthan,Churu,35,,28,30,70,165,100,90,82,42,46,172,168,145,148,NR,NR,39,305,15,40,35,60,22,40,50,35,50,110,700,35,50,40,100,20,60,40,30,40,,,2024-08-29
Rajasthan,Dholapur,40,,28,31,99,170,124,118,100,43,50,222,134,135,122,NR,NR,50,198,16,39,47,40,29,NR,40,NR,39,105,510,58,41,34,150,23,39,40,32,38,,,2024-08-29
Rajasthan,Dungarpur,NR,,NR,NR,NR,NR,NR,NR,NR,NR,NR,NR,NR,NR,NR,NR,NR,NR,NR,NR,NR,NR,NR,NR,NR,NR,NR,NR,NR,NR,NR,NR,NR,NR,NR,NR,NR,NR,NR,,,2024-08-29
Rajasthan,Hanumangarh,34,,26,31,82,175,112,105,82,42,44,227,136,106,128,129,93,38,330,14,22,45,46,NR,NR,NR,NR,NR,NR,NR,NR,NR,NR,NR,NR,NR,NR,NR,NR,,,2024-08-29
Rajasthan,Jaisalmer,40,,35,34,100,172,132,106,85,42,50,182,148,111,105,153,NR,53,252,27,40,40,35,31,36,41,77,50,110,597,62,120,34,86,16,33,25,28,45,,,2024-08-29
Rajasthan,Jalore,39,,32,32,90,170,125,110,90,41,54,192,135,127,137,150,NR,43,310,15,35,45,65,30,40,41,NR,50,41,545,NR,NR,90,100,30,40,40,35,40,,,2024-08-29
Rajasthan,Jhalawar,42,,29,32,81,167,119,107,86,40,55,175,147,116,128,147,NR,40,299,19,32,39,53,NR,NR,NR,NR,NR,NR,NR,NR,NR,NR,NR,NR,NR,NR,NR,NR,,,2024-08-29
Rajasthan,Jhunjhunu,44,,24,33,98,162,131,115,90,44,52,199,142,118,102,123,NR,52,NR,26,40,61,61,23,NR,41,48,44,103,565,56,36,63,128,30,46,37,19,40,,,2024-08-29
Rajasthan,Karauli,40,,25,34,84,161,118,97,99,44,52,190,141,129,129,133,101,40,298,22,33,53,38,NR,NR,NR,NR,NR,NR,NR,NR,NR,NR,NR,NR,NR,NR,NR,NR,,,2024-08-29
Rajasthan,Nagaur,42,,29,32,86,156,106,97,87,39,58,154,153,115,137,124,105,44,301,17,30,33,49,27,28,30,NR,41,93,744,NR,92,NR,100,NR,35,25,23,34,,,2024-08-29
Rajasthan,Pali,55,,30,28,79,159,125,102,89,41,56,NR,116,113,116,116,116,42,NR,NR,32,31,57,NR,NR,NR,NR,NR,NR,NR,NR,NR,NR,NR,NR,NR,NR,NR,NR,,,2024-08-29
Rajasthan,RJ-Pratapgarh,41,,29,32,73,168,105,98,85,42,60,147,143,NR,NR,NR,NR,38,NR,20,37,34,52,58,36,39,NR,42,103,667,41,60,39,67,82,36,24,26,40,,,2024-08-29
Rajasthan,Sikar,43,,27,33,85,158,121,105,90,44,52,170,155,117,135,153,NR,45,305,21,35,41,58,NR,NR,NR,NR,NR,NR,NR,NR,NR,NR,NR,NR,NR,NR,NR,NR,,,2024-08-29
Rajasthan,Sirohi,45,,30,34,90,170,130,110,90,44,51,183,120,127,120,130,NR,48,NR,19,38,40,63,25,NR,42,NR,43,90,503,NR,94,60,NR,NR,NR,NR,NR,37,,,2024-08-29
Rajasthan,Sri Ganganagar,39,,28,36,84,163,114,109,84,40,49,212,145,157,143,NR,NR,43,256,26,33,49,56,25,33,33,NR,38,70,450,60,60,64,71,36,82,43,26,42,,,2024-08-29
Rajasthan,Tonk,43,,24,30,81,132,118,103,100,45,52,194,135,130,NR,NR,NR,43,265,13,25,39,29,NR,NR,NR,NR,NR,NR,NR,NR,NR,NR,NR,NR,NR,NR,NR,NR,,,2024-08-29
Rajasthan,Sawai Madhopur,45,,26,30,74,175,135,118,95,45,55,203,137,126,126,137,NR,45,292,26,35,42,55,32,35,50,50,50,110,550,67,120,40,100,26,60,35,32,40,,,2024-08-29
EAST ZONE,EAST ZONE,,,,,,,,,,,,,,,,,,,,,,,,,,,,,,,,,,,,,,,,,,2024-08-29
Bihar,Patna,42,,31,35,96,162,135,115,86,45,56,NR,132,122,123,140,122,50,275,26,35,48,36,NR,NR,39,NR,40,100,800,56,84,47,90,25,65,45,35,50,,,2024-08-29
Bihar,Bhagalpur,38,,28,33,95,161,120,116,76,45,57,NR,136,111,123,169,123,44,320,28,36,51,53,49,65,34,NR,35,105,638,58,84,39,158,35,79,49,35,NR,,,2024-08-29
Bihar,Purnia,36,,30,34,84,162,134,112,78,46,51,NR,132,104,119,NR,94,42,314,13,28,42,53,34,43,41,68,46,103,613,55,70,34,100,21,48,35,30,46,,,2024-08-29
Bihar,Darbhanga,40,,29,40,100,140,130,115,80,44,53,NR,142,135,120,NR,100,46,198,14,32,50,45,59,59,34,41,35,93,507,58,72,22,128,19,69,39,29,42,,,2024-08-29
Bihar,Gaya,33,,26,38,81,160,106,108,82,45,60,NR,154,142,142,141,121,50,339,24,35,40,40,NR,NR,34,NR,36,110,673,58,90,39,87,24,34,23,20,57,,,2024-08-29
Bihar,Muzzafarpur,39,,29,33,85,166,121,116,81,45,57,NR,136,127,129,161,98,46,287,25,35,41,47,40,60,34,60,38,100,590,58,84,20,100,25,60,25,26,50,,,2024-08-29
Bihar,Saran,39,,26,35,81,166,115,117,81,45,55,NR,126,124,127,144,NR,49,293,27,34,44,46,45,88,33,120,41,100,615,55,66,41,100,21,63,37,22,32,,,2024-08-29
Bihar,Munger,40,,27,32,90,165,120,130,82,44,57,NR,135,124,121,120,NR,46,240,27,37,43,52,NR,NR,34,NR,40,100,583,62,79,28,88,NR,40,40,22,55,,,2024-08-29
Bihar,Saharsa,40,,28,33,85,165,110,110,80,45,55,NR,135,127,122,NR,NR,50,223,23,33,40,72,NR,NR,40,NR,40,80,700,55,140,40,80,110,40,40,26,40,,,2024-08-29
Bihar,Madhubani,39,,28,33,84,152,127,116,81,45,54,159,132,128,123,158,99,49,302,22,32,40,60,NR,NR,34,49,34,112,540,48,74,30,82,32,34,17,14,48,,,2024-08-29
Bihar,Rohtas (Sasaram),31,,31,35,94,158,115,109,80,46,62,188,138,117,118,118,98,52,210,25,33,47,38,38,64,31,54,37,105,593,55,78,46,76,23,47,39,22,34,,,2024-08-29
Bihar,Motihari,42,,30,34,84,164,130,108,80,42,57,194,148,128,128,164,104,50,284,18,34,38,54,NR,NR,36,NR,32,122,602,52,70,24,104,32,84,52,32,32,,,2024-08-29
Bihar,Samastipur,37,,28,34,84,163,120,115,82,45,54,165,133,122,137,150,110,50,300,20,32,44,54,28,27,30,100,34,90,600,72,96,28,110,60,80,30,20,45,,,2024-08-29
Bihar,Katihar,38,,31,34,91,173,134,109,84,46,59,NR,NR,128,133,146,NR,48,305,19,36,46,61,NR,NR,32,NR,33,110,593,NR,72,38,50,22,50,20,25,NR,,,2024-08-29
Bihar,Araria,39,,28,34,85,154,124,112,84,44,55,NR,133,116,116,154,107,51,333,21,33,44,56,53,55,37,76,37,103,637,59,76,30,100,22,66,39,30,38,,,2024-08-29
Bihar,Nawada,38,,25,35,87,166,124,120,82,44,60,230,150,130,117,173,116,50,280,27,32,41,38,30,NR,43,NR,46,113,650,68,82,45,93,22,78,36,25,63,,,2024-08-29
Bihar,Khagaria,41,,25,36,83,137,115,117,82,43,46,NR,134,112,122,128,106,41,377,27,29,47,57,NR,NR,NR,NR,NR,NR,NR,NR,NR,NR,NR,NR,NR,NR,NR,NR,,,2024-08-29
Bihar,Banka,34,,25,32,80,160,100,110,74,45,58,NR,136,112,115,152,107,46,203,16,32,38,56,38,NR,34,NR,38,98,623,55,80,38,89,40,38,29,9,38,,,2024-08-29
Bihar,Arwal,36,,27,32,81,151,113,110,78,42,55,NR,137,125,122,125,100,46,280,25,32,39,50,NR,NR,32,NR,36,110,650,58,72,36,100,40,90,55,40,40,,,2024-08-29
Bihar,Aurangabad,39,,25,32,87,148,117,115,85,45,58,217,136,133,119,175,93,53,NR,28,33,44,52,52,NR,33,NR,34,97,737,57,96,35,102,30,37,34,32,55,,,2024-08-29
Bihar,Begusarai,37,,26,34,84,150,127,112,80,45,55,NR,146,116,118,NR,100,49,305,15,32,40,55,52,42,35,37,37,108,434,58,78,26,137,35,98,47,41,33,,,2024-08-29
Bihar,Bhojpur Ara,43,,27,30,85,150,120,115,65,45,52,203,160,120,145,150,NR,49,362,29,35,55,60,NR,NR,31,NR,33,100,600,60,65,50,85,20,50,35,30,57,,,2024-08-29
Bihar,Buxar,33,,31,34,90,170,130,115,86,44,61,141,132,117,135,148,99,51,219,25,35,45,40,27,29,31,95,34,99,598,39,82,42,96,38,58,38,24,48,,,2024-08-29
Bihar,Gopalganj,41,,28,31,82,166,123,116,81,NR,NR,210,130,126,130,142,105,NR,NR,NR,35,47,50,60,90,45,44,40,100,850,40,72,40,80,72,22,40,25,57,,,2024-08-29
Bihar,Jamui,40,,30,35,73,142,120,117,77,43,57,NR,130,111,132,NR,122,38,254,29,32,33,41,39,64,44,50,44,107,607,58,90,20,80,40,96,60,35,50,,,2024-08-29
Bihar,Jehanabad,38,,28,34,82,165,130,118,80,45,55,NR,138,125,128,160,NR,48,247,26,34,40,49,NR,NR,NR,NR,NR,NR,NR,NR,NR,NR,NR,NR,NR,NR,NR,NR,,,2024-08-29
Bihar,Kaimur,38,,28,32,80,160,126,112,78,45,58,187,133,115,140,178,92,45,200,24,33,38,47,22,NR,30,NR,48,103,655,32,61,42,101,27,NR,33,27,62,,,2024-08-29
Bihar,Kishanganj,38,,28,32,80,165,120,110,85,44,57,NR,130,120,115,137,95,50,300,26,35,43,60,60,77,42,50,50,43,617,67,80,42,113,30,58,57,25,25,,,2024-08-29
Bihar,Lakhisarai,38,,32,36,74,145,112,118,90,46,58,NR,148,128,138,NR,128,44,256,26,30,38,44,NR,NR,NR,NR,NR,NR,NR,NR,NR,NR,NR,NR,NR,NR,NR,NR,,,2024-08-29
Bihar,Medhepura,39,,29,34,89,161,131,114,75,45,56,NR,139,113,129,133,99,45,345,15,31,37,58,NR,NR,33,NR,31,97,613,56,74,33,97,36,92,59,39,43,,,2024-08-29
Bihar,Nalanda,35,,32,34,88,157,130,116,83,42,61,215,138,119,115,158,NR,48,387,28,31,38,62,60,80,32,70,36,110,610,58,84,40,85,35,105,45,40,NR,,,2024-08-29
Bihar,Sheikhpura,37,,29,34,90,165,110,115,84,44,56,NR,145,130,136,NR,NR,50,245,27,38,40,65,45,NR,38,NR,40,110,640,58,70,30,142,42,56,60,33,40,,,2024-08-29
Bihar,Sheohar,36,,27,35,89,159,122,114,80,44,58,156,140,120,130,151,102,48,232,24,32,40,62,NR,NR,35,34,39,112,600,55,80,28,112,19,59,33,25,50,,,2024-08-29
Bihar,Sitamarhi,38,,27,34,83,156,117,112,80,45,55,NR,140,118,119,154,104,49,270,25,33,41,59,40,60,35,60,32,120,630,56,96,40,117,34,50,64,38,60,,,2024-08-29
Bihar,Siwan,37,,28,34,88,154,112,112,80,47,56,154,130,109,120,134,97,54,205,25,32,44,49,50,40,30,60,33,92,680,40,60,28,67,95,40,30,25,40,,,2024-08-29
Bihar,Supaul,NR,,NR,NR,NR,NR,NR,NR,NR,NR,NR,NR,NR,NR,NR,NR,NR,NR,NR,NR,NR,NR,NR,NR,NR,NR,NR,NR,NR,NR,NR,NR,NR,NR,NR,NR,NR,NR,NR,,,2024-08-29
Bihar,Vaishali,36,,30,35,99,161,127,113,75,45,55,160,128,107,124,160,96,56,207,27,33,50,45,49,49,35,40,40,110,657,60,84,35,85,15,41,24,23,38,,,2024-08-29
Bihar,West Champaran,38,,24,34,78,162,115,103,73,41,51,162,122,141,138,133,122,46,273,16,35,41,52,35,41,33,45,39,105,567,45,76,37,79,23,42,36,23,45,,,2024-08-29
Jharkhand,Ranchi,43,,35,35,93,164,125,118,79,45,58,227,134,108,115,119,96,56,232,27,34,50,40,34,38,36,35,44,113,573,57,78,58,113,31,67,56,31,50,,,2024-08-29
Jharkhand,Gumla,42,,29,34,80,160,105,105,78,45,56,212,135,117,114,132,98,48,217,15,33,40,45,NR,NR,NR,NR,NR,NR,NR,NR,NR,NR,NR,NR,NR,NR,NR,NR,,,2024-08-29
Jharkhand,Sahibganj,39,,30,33,95,170,93,110,83,45,60,140,150,110,120,123,88,55,250,20,30,43,48,41,NR,37,78,40,105,600,57,80,30,85,20,44,35,28,40,,,2024-08-29
Jharkhand,Bokaro,34,,34,36,86,160,100,110,94,NR,NR,170,170,130,145,170,125,NR,NR,NR,32,45,60,NR,NR,32,NR,40,95,700,55,70,44,80,16,50,25,25,60,,,2024-08-29
Jharkhand,Lohardaga,31,,30,35,81,158,120,108,79,44,61,NR,151,129,140,152,112,44,203,26,38,38,38,NR,NR,37,29,40,90,650,56,73,50,80,20,30,33,20,38,,,2024-08-29
Jharkhand,Simdega,NR,,NR,NR,NR,NR,NR,NR,NR,NR,NR,NR,NR,NR,NR,NR,NR,NR,NR,NR,NR,NR,NR,NR,NR,NR,NR,NR,NR,NR,NR,NR,NR,NR,NR,NR,NR,NR,NR,,,2024-08-29
Jharkhand,Dhanbad,43,,35,38,96,159,130,119,89,46,58,210,144,120,121,130,110,55,300,12,33,50,42,34,50,34,48,37,97,670,54,77,62,97,26,60,40,24,57,,,2024-08-29
Jharkhand,Jamshedpur (East Singbhum),45,,35,33,91,177,134,120,83,47,58,219,139,142,120,135,100,60,240,27,42,48,53,50,NR,38,80,43,100,623,58,80,60,130,80,100,58,15,52,,,2024-08-29
Jharkhand,Giridhi,34,,30,32,80,160,102,108,73,43,55,NR,135,109,120,161,95,40,300,19,39,38,60,40,35,33,100,42,90,600,45,84,48,90,60,20,35,30,50,,,2024-08-29
Jharkhand,Seraikella,36,,28,35,84,170,125,114,75,46,60,170,132,141,103,138,94,53,213,25,38,36,50,42,NR,33,NR,34,93,600,59,84,50,103,25,68,48,27,52,,,2024-08-29
Jharkhand,West Singhbhum,38,,28,33,83,168,123,112,74,46,60,168,131,138,102,137,93,53,267,25,37,41,45,43,52,31,51,32,92,614,65,82,53,102,24,67,48,26,50,,,2024-08-29
Jharkhand,Daltonganj,40,,25,35,84,157,122,106,81,46,59,NR,135,124,128,NR,102,52,308,29,36,46,42,NR,NR,34,NR,40,102,569,59,78,41,77,37,60,30,29,49,,,2024-08-29
Jharkhand,Deoghar,40,,32,38,90,168,138,115,90,45,60,125,162,151,154,169,101,50,264,30,25,40,65,NR,NR,NR,NR,NR,NR,NR,NR,NR,NR,NR,NR,NR,NR,NR,NR,,,2024-08-29
Jharkhand,Ramgarh,37,,35,38,NR,160,126,112,77,46,NR,NR,138,124,156,190,113,48,279,25,36,46,33,NR,NR,31,NR,40,108,590,58,75,60,83,28,58,27,33,40,,,2024-08-29
Jharkhand,Pakur,34,,30,34,87,167,98,97,81,45,60,143,130,133,110,130,105,63,398,27,33,46,43,49,48,35,58,50,113,550,54,73,38,123,29,73,45,24,38,,,2024-08-29
Jharkhand,Jamtara,36,,28,35,99,161,133,116,86,49,60,142,139,105,121,121,98,55,348,28,36,49,51,NR,NR,39,NR,52,102,627,51,80,59,99,26,58,44,25,41,,,2024-08-29
Jharkhand,Latehar,41,,25,34,94,156,118,114,76,NR,NR,NR,131,139,126,NR,94,NR,NR,NR,41,45,51,NR,NR,36,NR,42,102,630,58,76,45,74,36,59,27,26,46,,,2024-08-29
Jharkhand,Godda,40,,30,35,99,163,130,120,83,46,62,200,138,113,122,135,103,60,420,27,38,50,50,NR,NR,37,NR,40,100,667,58,88,60,93,22,42,30,22,49,,,2024-08-29
Jharkhand,Koderma,39,,30,35,98,160,126,117,80,45,60,147,141,105,118,148,99,55,193,27,37,50,46,40,NR,38,NR,38,100,655,60,80,59,80,21,43,39,26,40,,,2024-08-29
Odisha,Bhubaneshwar,40,,36,42,103,156,117,107,80,45,52,NR,157,118,NR,123,107,56,230,27,30,51,28,NR,NR,39,52,41,90,NR,NR,80,77,87,38,46,30,21,50,,,2024-08-29
Odisha,Cuttack,41,,36,38,83,161,99,102,79,46,52,NR,141,104,NR,115,94,53,253,27,37,49,42,NR,NR,NR,NR,NR,NR,NR,NR,NR,NR,NR,NR,NR,NR,NR,NR,,,2024-08-29
Odisha,Sambalpur,40,,43,48,98,158,111,103,76,47,52,NR,158,118,NR,122,115,47,240,28,30,50,40,40,45,38,50,39,90,670,NR,72,60,100,30,70,40,25,60,,,2024-08-29
Odisha,Rourkela,35,,38,37,99,157,113,109,77,45,52,NR,141,101,107,112,96,54,180,28,33,51,40,35,40,37,40,39,85,462,58,73,50,82,20,46,28,23,41,,,2024-08-29
Odisha,Berhampur,36,,44,39,78,160,123,105,75,47,53,NR,141,106,137,117,108,49,245,26,35,38,34,NR,NR,38,48,50,62,477,53,70,48,113,35,48,54,28,46,,,2024-08-29
Odisha,Jeypore,44,,39,39,101,159,119,111,81,44,52,NR,151,114,NR,122,108,55,230,27,33,51,37,40,40,36,45,37,90,650,NR,72,52,61,31,36,25,24,60,,,2024-08-29
Odisha,Balasore,38,,40,38,100,172,125,117,85,46,52,NR,144,95,NR,116,96,56,240,26,31,59,40,NR,NR,35,NR,37,47,620,58,80,60,113,25,72,40,25,43,,,2024-08-29
Odisha,Baripada,36,,32,38,96,168,120,106,77,47,52,190,144,111,119,117,93,68,230,26,31,54,40,35,NR,36,47,40,98,657,59,70,66,100,20,55,30,20,58,,,2024-08-29
Odisha,Balangir,45,,37,38,100,154,116,113,84,42,52,NR,157,112,NR,125,105,50,NR,27,33,50,40,NR,NR,40,NR,48,90,630,60,72,45,30,30,40,25,13,40,,,2024-08-29
Odisha,Angul,34,,NR,40,70,140,134,102,78,44,54,NR,130,NR,NR,114,NR,43,374,25,28,28,24,NR,NR,43,NR,43,96,NR,50,NR,48,NR,40,48,45,42,NR,,,2024-08-29
Odisha,Boudhgarh,32,,NR,NR,80,160,120,120,90,41,56,NR,135,110,NR,115,100,47,NR,27,40,40,50,NR,NR,43,80,43,73,650,57,84,58,100,40,103,60,30,40,,,2024-08-29
Odisha,Dhenkanal,NR,,NR,NR,NR,NR,NR,NR,NR,NR,NR,NR,NR,NR,NR,NR,NR,NR,NR,NR,NR,NR,NR,NR,NR,NR,NR,NR,NR,NR,NR,NR,NR,NR,NR,NR,NR,NR,NR,,,2024-08-29
Odisha,Jagatsinghpur,33,,33,44,85,160,NR,110,80,40,NR,NR,150,139,120,110,90,43,208,20,37,40,50,NR,NR,40,NR,40,105,690,58,72,50,81,28,58,39,30,60,,,2024-08-29
Odisha,Kandhamal,38,,38,45,97,160,134,113,83,50,58,NR,142,127,NR,115,95,55,NR,27,32,53,47,NR,NR,39,38,42,71,657,59,75,58,107,22,53,52,20,50,,,2024-08-29
Odisha,Keonjhar,38,,38,42,90,170,125,115,80,45,52,NR,138,104,NR,114,102,58,369,27,35,48,65,50,55,49,50,50,110,690,60,84,66,105,30,50,35,25,80,,,2024-08-29
Odisha,Malkangiri,52,,35,33,89,171,128,112,81,43,52,NR,146,109,NR,112,94,56,333,25,39,47,50,NR,NR,36,35,40,70,699,57,84,42,80,30,60,20,30,45,,,2024-08-29
Odisha,Nabarangpur,44,,27,49,91,165,121,107,89,44,58,148,117,126,108,119,89,59,297,25,NR,NR,NR,53,61,51,43,46,115,355,65,62,43,36,23,57,25,22,53,,,2024-08-29
Odisha,Nayagarh,38,,NR,40,80,160,130,120,90,44,52,NR,140,118,NR,112,90,55,340,26,31,53,40,NR,NR,35,43,38,120,640,57,80,62,120,20,65,35,25,40,,,2024-08-29
Odisha,Nuapada,40,,40,40,82,160,120,110,88,NR,NR,180,150,130,150,130,102,NR,NR,NR,38,38,34,NR,NR,NR,NR,NR,NR,NR,NR,NR,NR,NR,NR,NR,NR,NR,NR,,,2024-08-29
Odisha,Paralakhemundi Gajapati,37,,NR,40,NR,145,111,120,85,40,NR,NR,173,142,NR,152,NR,45,182,27,31,41,53,40,68,39,50,38,58,630,48,68,50,105,20,70,30,25,50,,,2024-08-29
Odisha,Puri,38,,35,43,86,160,121,115,81,44,52,NR,142,114,NR,117,97,54,276,26,33,49,43,NR,NR,35,NR,37,74,603,52,73,45,102,22,24,22,20,53,,,2024-08-29
Odisha,Rayagada,40,,33,42,85,170,125,125,85,48,52,176,153,111,158,118,100,48,NR,27,34,42,46,NR,NR,39,35,39,70,643,55,71,42,98,19,65,32,22,47,,,2024-08-29
Odisha,Sonepur,39,,NR,42,99,159,121,115,81,44,48,NR,144,111,NR,116,95,50,365,12,28,46,35,NR,NR,NR,NR,NR,NR,NR,NR,NR,NR,NR,NR,NR,NR,NR,NR,,,2024-08-29
Odisha,Bhadrak,36,,NR,39,88,160,122,115,82,44,52,NR,NR,NR,NR,NR,NR,55,320,26,30,49,40,45,NR,34,70,38,80,640,57,72,47,123,20,25,35,21,40,,,2024-08-29
Odisha,Jharsuguda,40,,44,39,105,170,118,112,80,46,50,NR,145,105,107,120,97,50,NR,27,35,50,30,38,44,38,80,203,100,650,58,57,60,65,35,45,56,42,58,,,2024-08-29
Odisha,Kendrapara,39,,NR,36,99,159,119,109,81,45,54,NR,139,125,NR,112,95,47,227,25,30,50,30,NR,NR,36,58,39,115,680,57,70,60,117,22,57,33,25,50,,,2024-08-29
Odisha,Jajpur,NR,,NR,NR,NR,NR,NR,NR,NR,NR,NR,NR,NR,NR,NR,NR,NR,NR,NR,NR,NR,NR,NR,NR,NR,NR,NR,NR,NR,NR,NR,NR,NR,NR,NR,NR,NR,NR,NR,,,2024-08-29
Odisha,Kalahandi,39,,39,44,91,162,123,116,83,45,53,192,147,112,121,115,97,52,343,28,34,51,40,NR,NR,45,36,50,100,609,NR,71,58,NR,25,70,40,28,55,,,2024-08-29
West Bengal,Kolkata,49,,NR,36,110,172,142,123,102,47,56,NR,134,122,115,123,94,63,263,27,33,60,50,NR,NR,46,NR,55,117,638,58,79,90,88,36,37,31,18,57,,,2024-08-29
West Bengal,Siliguri,34,,28,32,84,172,120,115,92,45,56,175,124,105,112,128,99,56,174,13,28,40,50,33,42,40,55,50,108,735,55,74,52,131,30,71,40,25,46,,,2024-08-29
West Bengal,Purulia,36,,NR,37,84,174,124,116,94,46,54,133,133,114,116,126,99,55,281,26,26,46,44,NR,NR,39,NR,48,98,650,56,67,50,133,33,53,46,31,42,,,2024-08-29
West Bengal,Kharagpur,49,,34,38,98,169,123,116,97,46,55,205,139,105,112,117,95,62,241,27,30,49,47,NR,NR,38,NR,40,107,535,58,80,67,140,36,73,42,28,38,,,2024-08-29
West Bengal,Rampurhat,45,,29,38,79,159,121,118,98,45,56,191,132,113,113,126,99,52,271,22,30,45,53,NR,NR,42,NR,46,67,625,41,84,65,99,17,42,41,27,34,,,2024-08-29
West Bengal,Malda,43,,26,42,73,155,114,110,101,42,55,NR,140,96,122,141,119,61,319,20,32,48,59,NR,NR,34,NR,40,51,605,81,75,61,137,33,71,45,21,61,,,2024-08-29
West Bengal,Raiganj,38,,28,34,81,167,123,105,90,44,44,180,132,98,122,127,98,56,248,10,28,46,56,NR,NR,NR,NR,NR,NR,NR,NR,NR,NR,NR,NR,NR,NR,NR,NR,,,2024-08-29
West Bengal,Alipurduar,40,,NR,44,76,163,113,115,95,47,71,NR,128,103,112,123,97,51,255,10,24,48,34,NR,NR,35,NR,37,95,593,60,71,20,60,20,70,44,25,23,,,2024-08-29
West Bengal,Asansol,46,,NR,37,95,166,118,119,92,45,65,NR,125,121,116,125,98,50,295,25,34,48,46,NR,NR,36,NR,40,96,648,57,74,60,105,25,47,48,30,42,,,2024-08-29
West Bengal,Balurghat,53,,31,37,98,172,135,108,100,45,48,NR,145,120,109,122,96,49,302,11,32,55,58,NR,NR,46,NR,49,120,610,60,82,70,120,30,70,44,24,60,,,2024-08-29
West Bengal,Bankura,36,,NR,35,85,161,122,125,81,47,66,232,140,110,105,119,93,50,262,26,29,50,49,NR,NR,39,NR,50,80,685,57,73,50,104,22,50,34,22,48,,,2024-08-29
West Bengal,Barasat,46,,26,36,87,165,125,115,89,46,61,179,136,122,110,122,95,52,242,25,30,49,51,66,55,37,65,41,63,613,58,84,63,119,26,66,41,25,45,,,2024-08-29
West Bengal,Bardhaman,48,,NR,37,102,164,130,115,105,45,56,219,133,107,105,120,91,57,260,25,28,50,40,NR,NR,36,NR,36,60,520,58,76,60,126,30,68,42,26,59,,,2024-08-29
West Bengal,Baruipur,40,,NR,32,84,164,124,115,91,46,56,NR,131,106,99,106,96,50,246,26,31,52,47,NR,NR,35,NR,32,68,602,56,73,60,77,32,48,31,10,44,,,2024-08-29
West Bengal,Berhampore,48,,28,38,90,165,128,119,100,46,58,200,139,119,119,128,99,50,227,17,35,49,50,NR,NR,31,NR,44,51,553,57,72,38,90,29,61,37,22,29,,,2024-08-29
West Bengal,Chinsurah,48,,NR,35,88,161,128,118,101,46,52,232,130,121,110,120,97,50,220,26,35,47,53,59,62,34,65,46,56,490,54,71,39,119,29,60,39,20,60,,,2024-08-29
West Bengal,Cooch behar,50,,NR,42,75,138,120,110,97,48,60,NR,135,112,112,142,102,50,290,26,27,48,65,70,80,40,75,47,130,560,58,92,40,100,20,80,40,30,60,,,2024-08-29
West Bengal,Howrah,52,,NR,34,92,166,128,121,95,47,58,NR,140,121,115,129,NR,58,280,27,29,49,50,NR,NR,NR,NR,57,90,617,56,66,58,78,32,66,42,27,45,,,2024-08-29
West Bengal,Jalapiguri,35,,28,45,85,170,127,117,91,47,56,NR,130,125,110,125,100,50,300,25,28,47,55,NR,NR,35,NR,65,100,450,58,80,40,100,30,67,46,27,60,,,2024-08-29
West Bengal,Jhargram,44,,NR,40,87,165,132,111,90,48,54,NR,135,116,111,122,95,39,273,29,30,52,45,44,54,34,72,42,122,523,56,68,40,122,32,61,32,26,51,,,2024-08-29
West Bengal,Kalimpong,38,,34,38,86,172,129,120,102,46,48,NR,132,114,122,147,NR,57,383,16,40,52,61,NR,NR,41,47,45,105,727,51,84,52,151,38,92,55,42,51,,,2024-08-29
West Bengal,Krishnagar,35,,NR,35,77,143,101,111,91,39,43,177,109,119,103,114,105,43,245,25,25,26,44,NR,NR,28,NR,41,47,253,45,66,21,77,35,57,19,29,21,,,2024-08-29
West Bengal,Tamluk,43,,NR,44,101,169,122,126,111,47,56,NR,134,NR,107,128,NR,55,279,28,33,59,58,NR,NR,33,NR,35,71,690,55,73,55,149,27,69,44,24,41,,,2024-08-29
NORTH EAST ZONE,NORTH EAST ZONE,,,,,,,,,,,,,,,,,,,,,,,,,,,,,,,,,,,,,,,,,,2024-08-29
Andaman and Nicobar,Port Blair,56,,NR,70,102,170,160,132,102,53,73,NR,162,153,NR,120,105,73,320,23,65,70,75,75,80,58,70,83,75,880,59,84,87,90,35,58,53,35,120,,,2024-08-29
Andaman and Nicobar,Mayabunder,50,,NR,70,105,186,162,135,100,52,73,212,161,183,NR,118,106,70,315,18,70,80,80,NR,NR,82,92,92,145,700,60,108,100,100,24,72,34,27,57,,,2024-08-29
Andaman and Nicobar,Car Nicobar,52,,NR,67,105,175,170,145,110,58,75,262,170,150,NR,140,115,85,285,20,71,65,110,NR,NR,NR,NR,NR,NR,NR,NR,NR,NR,NR,NR,NR,NR,NR,NR,,,2024-08-29
Arunachal pradesh,Itanagar,40,,NR,41,105,178,133,123,95,50,74,NR,117,120,127,175,NR,70,420,17,43,61,72,NR,NR,40,NR,50,88,702,59,87,63,90,30,83,47,33,71,,,2024-08-29
Arunachal pradesh,Namsai,37,,NR,36,100,180,130,120,100,50,74,NR,180,NR,145,NR,NR,80,280,20,35,50,80,NR,NR,NR,NR,NR,NR,NR,NR,NR,NR,NR,NR,NR,NR,NR,NR,,,2024-08-29
Arunachal pradesh,Pasighat,50,,NR,50,105,196,153,130,100,60,80,167,170,130,134,157,NR,89,195,20,40,60,90,NR,NR,40,NR,43,109,747,97,93,79,90,47,70,69,47,80,,,2024-08-29
Arunachal pradesh,Tawang,50,,45,45,107,175,130,120,119,55,70,NR,151,118,139,165,NR,99,360,20,38,54,59,NR,NR,42,NR,53,93,683,71,92,87,139,43,112,65,43,73,,,2024-08-29
Assam,Guwahati,37,,32,35,90,165,105,115,85,47,70,213,160,120,125,125,120,60,200,14,39,56,74,NR,NR,NR,NR,NR,NR,NR,NR,NR,NR,NR,NR,NR,NR,NR,NR,,,2024-08-29
Assam,Barpeta,35,,31,35,81,140,100,110,85,48,NR,NR,156,150,165,109,137,59,200,12,35,50,58,52,147,35,209,48,81,626,58,73,53,55,34,29,38,26,102,,,2024-08-29
Assam,Tinsukia,37,,NR,37,100,175,130,115,90,47,74,NR,150,140,125,130,NR,65,180,12,28,54,NR,NR,NR,50,NR,50,115,NR,NR,NR,NR,NR,30,55,40,30,NR,,,2024-08-29
Assam,Dhubri,35,,32,37,95,170,130,108,85,48,70,250,140,115,115,115,100,55,180,12,30,55,70,40,70,37,60,47,120,700,58,80,40,60,30,60,40,30,50,,,2024-08-29
Assam,Goalpara,55,,30,33,77,NR,118,100,92,43,62,190,172,155,NR,NR,147,50,235,12,22,60,40,NR,NR,NR,NR,NR,NR,NR,NR,NR,NR,NR,NR,NR,NR,NR,NR,,,2024-08-29
Assam,Golaghat,45,,32,36,88,163,93,110,97,50,NR,NR,146,135,135,133,133,66,283,14,37,45,60,NR,NR,NR,NR,NR,NR,NR,NR,NR,NR,NR,NR,NR,NR,NR,NR,,,2024-08-29
Assam,Mangaldai,43,,33,38,90,NR,95,118,95,47,70,NR,136,144,141,160,122,60,269,14,36,58,40,NR,NR,NR,NR,NR,NR,NR,NR,NR,NR,NR,NR,NR,NR,NR,NR,,,2024-08-29
Assam,Mushalpur,42,,35,36,85,174,NR,118,88,46,71,NR,152,143,153,140,109,48,220,10,33,56,52,NR,NR,35,NR,48,83,467,NR,71,52,115,NR,NR,NR,22,57,,,2024-08-29
Assam,Udalguri,41,,27,38,86,159,118,116,89,47,73,NR,142,136,118,136,102,51,257,20,35,52,55,NR,NR,NR,NR,NR,NR,NR,NR,NR,NR,NR,NR,NR,NR,NR,NR,,,2024-08-29
Assam,Bajali,54,,33,33,93,165,127,119,90,NR,NR,NR,NR,NR,NR,NR,NR,NR,NR,NR,NR,NR,NR,NR,NR,NR,NR,NR,NR,NR,NR,NR,NR,NR,NR,NR,NR,NR,NR,,,2024-08-29
Assam,Hojai,35,,NR,35,90,167,85,115,87,48,75,NR,145,108,128,135,113,60,231,10,38,59,63,NR,NR,35,NR,44,87,687,57,84,53,142,31,102,47,36,42,,,2024-08-29
Assam,Jorhat,43,,33,42,98,175,97,119,97,48,74,183,158,152,126,162,109,67,212,13,34,55,70,NR,NR,55,NR,55,78,621,53,84,49,62,35,110,51,25,49,,,2024-08-29
Assam,Bongaigaon,44,,NR,35,90,175,95,112,98,45,72,NR,144,152,149,165,109,50,348,10,35,50,70,NR,NR,NR,NR,NR,NR,NR,NR,NR,NR,NR,NR,NR,NR,NR,NR,,,2024-08-29
Assam,Morigaon,50,,34,35,93,163,110,119,100,46,67,195,150,152,133,140,110,62,238,10,35,55,80,NR,NR,NR,NR,NR,NR,NR,NR,NR,NR,NR,NR,NR,NR,NR,NR,,,2024-08-29
Assam,Sonari,39,,38,38,83,177,NR,120,100,46,71,NR,162,100,140,NR,NR,71,213,12,34,50,73,NR,NR,NR,NR,NR,NR,NR,NR,NR,NR,NR,NR,NR,NR,NR,NR,,,2024-08-29
Assam,Tamulpur,38,,37,37,102,177,117,119,88,47,73,NR,146,115,126,NR,98,57,257,10,32,60,60,NR,NR,37,NR,NR,110,750,NR,84,40,NR,NR,NR,40,26,60,,,2024-08-29
Assam,Sivasagar,47,,NR,38,97,177,112,119,93,47,75,NR,140,132,142,NR,NR,56,263,10,35,55,61,66,60,53,80,53,122,707,60,101,52,82,30,105,53,32,64,,,2024-08-29
Assam,Biswanath Chariali,45,,NR,30,75,145,NR,105,100,NR,NR,NR,NR,NR,NR,NR,NR,NR,NR,NR,NR,NR,NR,NR,NR,NR,NR,NR,NR,NR,NR,NR,NR,NR,NR,NR,NR,NR,NR,,,2024-08-29
Assam,Dibrugarh,45,,NR,43,106,177,131,118,93,48,74,NR,153,140,121,138,NR,60,320,23,36,58,57,NR,NR,37,NR,50,127,NR,NR,81,65,NR,NR,NR,NR,NR,57,,,2024-08-29
Assam,Karimganj,39,,NR,38,99,172,137,111,84,46,72,NR,145,NR,100,132,95,70,240,14,36,50,60,NR,NR,NR,NR,NR,NR,NR,NR,NR,NR,NR,NR,NR,NR,NR,NR,,,2024-08-29
Assam,Majuli,50,,NR,36,93,168,91,118,97,49,70,NR,134,NR,131,NR,NR,58,256,15,38,48,80,NR,NR,40,NR,70,110,NR,NR,72,40,107,75,NR,55,32,40,,,2024-08-29
Assam,Sonitpur Tezpur,42,,58,36,92,175,109,117,100,47,69,163,147,167,142,162,120,49,310,10,38,49,46,NR,NR,NR,NR,NR,NR,NR,NR,NR,NR,NR,NR,NR,NR,NR,NR,,,2024-08-29
Assam,Haflong,35,,NR,44,100,175,NR,120,100,50,74,NR,140,NR,115,140,NR,80,260,19,40,60,80,NR,NR,45,NR,60,90,780,58,90,40,150,42,118,66,42,80,,,2024-08-29
Assam,AS-Lakhimpur,38,,NR,35,89,174,97,117,87,46,71,NR,147,125,119,126,NR,55,175,15,35,53,74,NR,NR,35,NR,35,102,603,49,76,62,81,31,71,46,26,42,,,2024-08-29
Assam,Diphu,NR,,NR,NR,NR,NR,NR,NR,NR,NR,NR,NR,NR,NR,NR,NR,NR,NR,NR,NR,NR,NR,NR,NR,NR,NR,NR,NR,NR,NR,NR,NR,NR,NR,NR,NR,NR,NR,NR,,,2024-08-29
Assam,Nalbari,44,,NR,40,102,171,118,119,94,47,76,NR,143,125,118,137,102,60,340,10,27,53,77,NR,NR,37,NR,39,102,573,113,84,55,170,38,73,60,37,88,,,2024-08-29
Assam,South Salmara Mankachar,40,,33,35,90,170,135,120,82,46,NR,203,148,118,140,160,103,59,217,11,45,48,70,NR,NR,36,NR,59,NR,NR,NR,90,63,NR,NR,NR,NR,NR,63,,,2024-08-29
Assam,Kamrup,39,,NR,36,89,172,117,119,89,45,74,NR,142,NR,118,125,98,60,242,19,34,49,68,NR,NR,NR,NR,NR,NR,NR,NR,NR,NR,NR,NR,NR,NR,NR,NR,,,2024-08-29
Manipur,Imphal,53,,45,40,110,190,140,130,100,53,NR,NR,150,150,145,NR,140,80,220,25,45,65,70,NR,50,45,60,80,70,630,110,85,80,160,50,NR,40,20,55,,,2024-08-29
Manipur,Chandel,NR,,NR,NR,NR,NR,NR,NR,NR,NR,NR,NR,NR,NR,NR,NR,NR,NR,NR,NR,NR,NR,NR,NR,NR,NR,NR,NR,NR,NR,NR,NR,NR,NR,NR,NR,NR,NR,NR,,,2024-08-29
Manipur,Jiribam,NR,,NR,NR,NR,NR,NR,NR,NR,NR,NR,NR,NR,NR,NR,NR,NR,NR,NR,NR,NR,NR,NR,NR,NR,NR,NR,NR,NR,NR,NR,NR,NR,NR,NR,NR,NR,NR,NR,,,2024-08-29
Manipur,Kangpokpi,NR,,NR,NR,NR,NR,NR,NR,NR,NR,NR,NR,NR,NR,NR,NR,NR,NR,NR,NR,NR,NR,NR,NR,NR,NR,NR,NR,NR,NR,NR,NR,NR,NR,NR,NR,NR,NR,NR,,,2024-08-29
Manipur,Senapati,NR,,NR,NR,NR,NR,NR,NR,NR,NR,NR,NR,NR,NR,NR,NR,NR,NR,NR,NR,NR,NR,NR,NR,NR,NR,NR,NR,NR,NR,NR,NR,NR,NR,NR,NR,NR,NR,NR,,,2024-08-29
Manipur,Tamenglong,NR,,NR,NR,NR,NR,NR,NR,NR,NR,NR,NR,NR,NR,NR,NR,NR,NR,NR,NR,NR,NR,NR,NR,NR,NR,NR,NR,NR,NR,NR,NR,NR,NR,NR,NR,NR,NR,NR,,,2024-08-29
Manipur,Thoubal,NR,,NR,NR,NR,NR,NR,NR,NR,NR,NR,NR,NR,NR,NR,NR,NR,NR,NR,NR,NR,NR,NR,NR,NR,NR,NR,NR,NR,NR,NR,NR,NR,NR,NR,NR,NR,NR,NR,,,2024-08-29
Manipur,Ukhrul,NR,,NR,NR,NR,NR,NR,NR,NR,NR,NR,NR,NR,NR,NR,NR,NR,NR,NR,NR,NR,NR,NR,NR,NR,NR,NR,NR,NR,NR,NR,NR,NR,NR,NR,NR,NR,NR,NR,,,2024-08-29
Meghalaya,Shillong,45,,38,36,98,180,137,127,103,48,74,NR,152,130,128,NR,NR,70,300,30,45,60,77,60,NR,38,NR,38,110,700,58,80,63,150,40,70,65,45,87,,,2024-08-29
Meghalaya,Tura,48,,40,40,100,180,NR,125,90,49,74,NR,145,NR,125,132,100,78,460,18,40,60,70,NR,NR,40,NR,70,90,753,58,80,60,147,41,92,55,41,80,,,2024-08-29
Meghalaya,Jowai,45,,39,38,95,NR,NR,120,90,49,74,NR,120,NR,120,NR,NR,80,320,15,40,60,60,NR,NR,39,NR,39,90,660,58,80,70,150,30,70,50,31,103,,,2024-08-29
Meghalaya,Sohra,50,,40,38,NR,NR,NR,130,90,49,74,NR,120,NR,120,NR,NR,NR,335,18,48,70,60,NR,NR,39,NR,37,103,650,58,85,65,80,40,72,45,31,100,,,2024-08-29
Meghalaya,Mairang,50,,40,40,NR,NR,NR,120,90,51,74,NR,122,NR,123,NR,NR,NR,340,12,40,61,57,NR,NR,39,NR,40,93,NR,58,84,50,81,30,44,53,34,103,,,2024-08-29
Meghalaya,Nongpoh,45,,NR,40,100,180,NR,123,90,48,74,NR,131,131,129,180,NR,77,480,13,40,70,60,NR,NR,40,NR,42,118,660,59,90,60,154,34,115,58,36,87,,,2024-08-29
Meghalaya,Khliehriat,44,,39,38,100,175,NR,118,88,NR,NR,NR,125,NR,113,NR,NR,NR,NR,NR,47,58,58,NR,NR,39,NR,40,73,717,58,72,60,120,32,68,50,32,57,,,2024-08-29
Meghalaya,Williamnagar,48,,40,38,95,180,NR,120,90,50,70,NR,160,NR,147,NR,100,80,470,15,47,50,70,NR,NR,38,NR,65,90,749,57,84,55,80,64,70,50,40,50,,,2024-08-29
Meghalaya,Nongstoin,45,,40,40,NR,NR,NR,130,90,50,73,NR,123,150,123,NR,NR,NR,330,15,40,58,63,NR,NR,39,NR,39,107,700,60,84,70,151,36,83,50,36,140,,,2024-08-29
Meghalaya,Mawkyrwat,45,,37,35,NR,NR,NR,120,80,50,74,NR,113,NR,113,NR,NR,NR,345,16,43,60,63,NR,NR,35,NR,36,107,700,60,88,77,76,32,84,25,28,140,,,2024-08-29
Mizoram,Aizawl,50,,40,50,90,160,140,140,95,50,80,165,187,153,125,153,142,93,520,30,50,50,73,NR,NR,90,NR,70,160,650,58,90,90,240,44,118,67,43,93,,,2024-08-29
Mizoram,Lunglei,51,,42,48,100,150,150,150,100,52,76,127,215,168,130,138,113,100,520,29,49,61,77,NR,NR,50,NR,80,90,550,60,100,80,160,40,70,60,40,80,,,2024-08-29
Mizoram,Kolasib,45,,40,40,96,160,130,117,99,50,78,NR,209,NR,111,147,107,NR,423,28,40,45,78,NR,40,40,NR,80,145,655,60,95,65,100,41,110,65,36,43,,,2024-08-29
Mizoram,Mamit,50,,NR,40,NR,NR,NR,NR,100,50,80,NR,130,113,123,NR,NR,138,448,30,50,53,100,NR,NR,43,NR,90,82,537,60,96,52,137,48,90,57,40,80,,,2024-08-29
Mizoram,Champhai,52,,35,60,NR,NR,NR,NR,100,55,80,NR,180,NR,120,NR,NR,NR,NR,30,55,50,127,NR,NR,45,NR,80,NR,NR,60,108,55,100,NR,NR,70,47,60,,,2024-08-29
Mizoram,Serchhip,45,,NR,45,NR,NR,NR,NR,100,50,78,NR,NR,NR,110,NR,NR,100,280,30,42,55,100,NR,NR,55,NR,40,NR,240,145,96,55,100,NR,NR,43,NR,50,,,2024-08-29
Mizoram,Siaha,50,,NR,45,NR,NR,NR,NR,100,50,70,NR,180,NR,130,NR,NR,NR,220,30,40,60,100,NR,NR,50,100,100,120,NR,60,100,100,153,50,85,57,40,100,,,2024-08-29
Mizoram,Lawngtlai,50,,45,50,105,160,140,140,100,50,80,NR,143,NR,132,NR,121,120,480,30,40,60,120,NR,NR,80,NR,80,140,660,60,NR,80,160,60,100,60,40,100,,,2024-08-29
Mizoram,Hnahthial,47,,45,45,120,165,160,135,100,50,80,NR,172,110,115,NR,NR,130,520,30,50,70,100,NR,NR,47,NR,90,130,620,NR,100,80,78,50,90,60,30,100,,,2024-08-29
Mizoram,Khawzawl,45,,47,40,100,150,120,123,97,52,82,NR,184,115,120,120,113,NR,513,30,43,60,97,NR,42,45,NR,82,85,620,63,96,78,117,NR,103,58,NR,100,,,2024-08-29
Mizoram,Saitual,55,,45,56,100,NR,100,NR,100,55,80,NR,NR,NR,110,NR,NR,NR,280,30,48,57,110,NR,NR,50,NR,90,85,NR,117,89,80,NR,NR,25,58,NR,90,,,2024-08-29
Nagaland,Kohima,45,,40,40,110,190,140,130,100,50,74,NR,120,150,120,NR,NR,NR,330,20,45,70,70,NR,NR,50,NR,90,100,650,58,80,60,140,30,90,55,30,70,,,2024-08-29
Nagaland,Dimapur,45,,40,35,65,170,105,120,90,55,80,200,150,NR,170,NR,165,80,210,19,50,50,60,NR,NR,40,NR,50,60,300,80,80,45,80,40,60,40,35,50,,,2024-08-29
Nagaland,Tuensang,37,,38,55,100,NR,NR,120,100,50,NR,NR,160,NR,165,NR,NR,NR,275,20,35,50,85,NR,NR,50,NR,50,100,NR,58,92,80,140,30,90,50,30,60,,,2024-08-29
Nagaland,Mokochung,50,,NR,60,100,170,130,120,100,50,74,NR,120,130,150,160,NR,75,310,15,45,60,60,NR,NR,50,NR,60,60,600,58,96,60,70,30,91,56,36,50,,,2024-08-29
Nagaland,Chumukedima,45,,NR,38,100,175,120,118,88,50,75,NR,120,150,130,163,NR,78,317,18,40,73,77,NR,NR,40,NR,83,130,657,65,97,45,103,NR,NR,37,32,53,,,2024-08-29
Nagaland,Mon,40,,NR,45,90,NR,NR,130,100,50,70,NR,120,NR,130,NR,NR,80,340,18,40,60,73,NR,NR,50,NR,80,NR,NR,60,90,60,NR,NR,65,50,37,50,,,2024-08-29
Nagaland,Peren,36,,40,40,90,NR,120,120,100,50,70,NR,131,NR,120,NR,NR,90,320,15,50,60,78,NR,NR,57,NR,80,150,650,58,NR,58,160,40,99,56,37,50,,,2024-08-29
Nagaland,Phek,40,,50,50,100,190,140,160,100,50,72,NR,160,NR,170,NR,NR,NR,350,20,NR,NR,NR,NR,NR,50,NR,100,100,335,68,NR,60,100,35,63,56,30,40,,,2024-08-29
Nagaland,Tseminyu,50,,NR,50,NR,NR,NR,130,100,50,70,NR,120,NR,130,NR,NR,NR,360,15,50,70,70,NR,NR,50,NR,60,100,660,60,96,50,140,37,105,57,40,NR,,,2024-08-29
Nagaland,Wokha,NR,,NR,NR,NR,NR,NR,NR,NR,NR,NR,NR,NR,NR,NR,NR,NR,NR,NR,NR,NR,NR,NR,NR,NR,NR,NR,NR,NR,NR,NR,NR,NR,NR,NR,NR,NR,NR,NR,,,2024-08-29
Nagaland,Zunheboto,55,,NR,50,NR,160,NR,140,100,45,75,NR,150,NR,140,NR,NR,60,240,18,40,60,60,NR,NR,55,NR,75,140,650,120,NR,60,160,40,95,55,40,60,,,2024-08-29
Nagaland,Kiphire,39,,NR,44,100,180,120,110,100,55,70,NR,132,NR,142,NR,NR,80,330,18,45,60,80,NR,NR,50,NR,80,100,650,55,90,50,90,35,90,55,55,40,,,2024-08-29
Nagaland,Longleng,38,,40,50,NR,150,NR,120,100,NR,NR,NR,160,NR,180,NR,NR,NR,NR,NR,25,40,60,NR,NR,65,NR,80,130,NR,60,90,60,140,30,125,50,30,50,,,2024-08-29
Nagaland,Niuland,40,,NR,40,NR,150,110,115,90,50,70,NR,120,NR,120,NR,NR,70,260,15,35,50,55,NR,NR,40,NR,50,120,NR,58,84,30,100,30,55,40,30,30,,,2024-08-29
Nagaland,Shamator,40,,45,60,100,155,NR,110,100,50,75,NR,140,NR,145,NR,140,90,355,20,35,60,75,NR,NR,40,NR,60,110,650,60,230,60,24,24,25,40,30,55,,,2024-08-29
Nagaland,Noklak,40,,50,60,90,NR,NR,NR,100,50,NR,NR,130,NR,130,NR,NR,NR,NR,20,40,60,100,NR,NR,60,NR,60,140,NR,58,92,60,NR,NR,NR,60,NR,50,,,2024-08-29
Sikkim,Gangtok,45,,35,35,87,NR,133,130,95,50,65,NR,159,115,121,143,NR,60,300,20,38,60,55,NR,NR,50,NR,70,120,700,58,90,60,75,40,100,65,35,70,,,2024-08-29
Sikkim,Gyalshing,45,,36,38,110,NR,NR,120,100,50,65,NR,154,115,132,159,NR,60,450,20,40,65,65,NR,NR,40,NR,80,120,735,58,80,80,160,30,80,66,30,70,,,2024-08-29
Sikkim,Namchi,57,,40,40,90,NR,NR,120,100,50,65,NR,160,120,120,140,NR,70,350,23,40,60,80,NR,NR,40,NR,80,120,749,58,80,80,156,40,94,65,42,70,,,2024-08-29
Sikkim,Soreng,45,,35,35,90,NR,110,120,95,50,65,NR,154,121,126,NR,NR,60,440,20,35,68,65,NR,NR,40,35,70,100,650,58,96,80,153,20,100,66,40,70,,,2024-08-29
Sikkim,Mangan,50,,40,38,90,170,130,130,90,50,60,NR,160,121,140,NR,NR,60,460,20,40,50,70,NR,NR,40,NR,70,140,792,57,96,80,156,42,118,65,42,70,,,2024-08-29
Tripura,Agartala,39,,NR,39,100,157,133,112,102,49,70,NR,164,137,131,165,108,70,200,10,37,63,60,NR,NR,38,NR,45,97,630,56,88,63,120,34,72,46,27,40,,,2024-08-29
Tripura,Dharmanagar,NR,,NR,NR,NR,NR,NR,NR,NR,NR,NR,NR,NR,NR,NR,NR,NR,NR,NR,NR,NR,NR,NR,NR,NR,NR,NR,NR,NR,NR,NR,NR,NR,NR,NR,NR,NR,NR,NR,,,2024-08-29
Tripura,Belonia,42,,NR,40,NR,NR,NR,118,112,50,72,NR,145,NR,118,125,108,80,250,12,40,65,70,NR,NR,40,NR,43,95,550,60,96,70,70,28,75,42,25,102,,,2024-08-29
Tripura,TR-Udaipur,38,,NR,36,90,145,118,109,100,50,72,NR,130,108,114,128,95,60,168,10,40,60,70,NR,NR,NR,NR,NR,NR,NR,NR,NR,NR,NR,NR,NR,NR,NR,NR,,,2024-08-29
SOUTH ZONE,SOUTH ZONE,,,,,,,,,,,,,,,,,,,,,,,,,,,,,,,,,,,,,,,,,,2024-08-29
Andhra Pradesh,Vijaywada,53,,48,58,100,173,129,118,90,46,68,167,137,109,NR,112,94,59,297,NR,47,47,39,38,45,43,55,42,83,550,58,63,40,141,20,139,40,25,63,,,2024-08-29
Andhra Pradesh,Visakhapatnam,50,,39,42,100,158,138,123,92,43,54,165,145,102,NR,112,91,57,240,15,34,51,33,40,40,41,42,43,92,640,55,72,35,83,25,40,34,30,40,,,2024-08-29
Andhra Pradesh,Kurnool,54,,40,38,82,170,125,120,90,43,56,170,161,112,133,125,101,55,315,26,42,42,20,35,36,37,44,41,86,635,58,63,42,124,18,44,28,21,38,,,2024-08-29
Andhra Pradesh,Tirupathi,53,,40,40,85,171,126,120,94,43,49,172,172,NR,126,112,88,60,320,23,38,44,23,39,43,39,42,48,88,603,51,63,63,142,25,89,39,29,42,,,2024-08-29
Andhra Pradesh,Jammalamadugu,54,,36,37,90,165,126,120,92,42,66,160,174,120,NR,115,90,54,190,22,41,40,35,NR,NR,NR,NR,NR,NR,NR,NR,NR,NR,NR,NR,NR,NR,NR,NR,,,2024-08-29
Andhra Pradesh,Dharmavaram,NR,,NR,NR,NR,NR,NR,NR,NR,NR,NR,NR,NR,NR,NR,NR,NR,NR,NR,NR,NR,NR,NR,NR,NR,NR,NR,NR,NR,NR,NR,NR,NR,NR,NR,NR,NR,NR,NR,,,2024-08-29
Andhra Pradesh,Ongole,NR,,NR,NR,NR,NR,NR,NR,NR,NR,NR,NR,NR,NR,NR,NR,NR,NR,NR,NR,NR,NR,NR,NR,NR,NR,NR,NR,NR,NR,NR,NR,NR,NR,NR,NR,NR,NR,NR,,,2024-08-29
Karnataka,Bengaluru,57,,40,42,102,160,122,118,90,44,52,201,140,97,127,111,91,61,263,18,27,30,18,42,45,37,45,41,95,593,60,66,49,73,20,38,32,27,110,,,2024-08-29
Karnataka,Dharwad,54,,40,45,97,172,137,115,90,42,50,174,164,119,120,105,91,45,268,26,45,53,20,53,58,53,58,48,92,630,58,77,67,123,34,83,37,51,55,,,2024-08-29
Karnataka,Mangalore,49,,40,41,90,168,140,115,98,43,52,176,148,103,134,108,95,59,282,23,41,45,34,38,61,42,44,45,100,596,59,90,71,93,24,72,44,28,91,,,2024-08-29
Karnataka,Mysore,60,,42,61,89,173,133,121,97,43,45,189,156,139,139,114,98,60,267,24,55,50,21,42,62,62,43,62,96,483,62,64,59,101,83,99,90,79,63,,,2024-08-29
Karnataka,Bengaluru (East Range),56,,42,39,104,166,132,127,92,44,50,147,171,101,116,115,98,58,253,15,45,48,20,49,40,41,43,43,92,643,62,71,58,98,32,57,55,42,50,,,2024-08-29
Karnataka,Belagavi,58,,38,40,99,160,125,109,81,53,54,168,164,102,114,118,98,44,258,16,38,52,26,58,39,36,38,37,95,477,54,65,65,128,29,69,42,29,82,,,2024-08-29
Karnataka,Kalaburagi,56,,44,41,89,165,130,124,86,44,56,178,146,108,119,106,91,48,186,15,36,32,26,41,48,38,48,40,98,745,98,65,58,48,20,58,18,28,35,,,2024-08-29
Karnataka,Tumakuru,55,,44,40,108,160,132,122,97,43,52,192,162,121,130,115,96,55,221,21,40,52,15,40,58,40,47,43,107,617,58,73,30,47,27,75,30,27,47,,,2024-08-29
Karnataka,Bellary,60,,39,40,84,159,129,120,86,41,48,188,150,110,131,116,100,58,228,24,43,56,10,38,40,38,47,43,97,643,62,70,41,82,23,27,26,29,57,,,2024-08-29
Karnataka,Dhavanagere,59,,45,64,110,167,130,118,95,44,54,163,159,117,126,116,100,59,293,28,45,60,20,51,57,49,47,45,97,597,58,71,58,110,25,98,52,36,44,,,2024-08-29
Karnataka,Shivamogga,58,,45,40,107,170,140,122,98,42,50,192,158,107,124,111,95,50,233,26,38,50,15,48,55,42,45,47,108,630,58,74,45,74,24,65,37,23,50,,,2024-08-29
Karnataka,Vijayapur,58,,39,36,90,160,138,90,90,41,55,199,163,110,114,113,93,41,260,11,43,50,18,29,31,35,45,35,70,620,58,71,65,53,23,20,33,33,68,,,2024-08-29
Karnataka,Ramanagara,56,,42,45,120,165,128,122,95,45,48,164,185,121,160,127,94,51,187,15,40,48,20,45,44,45,NR,43,100,613,NR,78,32,70,35,50,41,32,45,,,2024-08-29
Karnataka,Raichur,57,,43,41,96,162,129,109,85,43,58,169,146,117,129,111,91,55,185,15,42,53,23,50,48,45,45,43,100,570,55,76,45,90,20,75,38,30,45,,,2024-08-29
Karnataka,Chamarajanagar,52,,49,46,89,172,129,125,95,42,47,184,147,113,92,112,92,60,252,19,39,41,20,NR,NR,NR,NR,NR,NR,NR,NR,NR,NR,NR,NR,NR,NR,NR,NR,,,2024-08-29
Karnataka,Kolar,39,,36,40,90,160,140,120,110,39,47,120,145,152,126,110,90,50,247,11,46,51,56,NR,NR,NR,NR,NR,NR,NR,NR,NR,NR,NR,NR,NR,NR,NR,NR,,,2024-08-29
Karnataka,Haveri,58,,42,40,99,165,139,121,100,42,59,177,126,115,126,126,103,45,250,13,48,55,23,41,41,42,41,41,102,650,86,68,49,78,37,48,43,42,37,,,2024-08-29
Karnataka,Bagalkot,57,,44,49,83,165,137,116,106,40,57,179,168,104,138,133,101,44,277,21,37,44,33,50,49,35,45,38,80,525,40,61,53,70,40,50,40,25,60,,,2024-08-29
Karnataka,Bidar,51,,40,53,82,158,125,125,91,41,71,236,142,128,111,110,97,64,325,10,40,50,15,43,58,53,55,53,105,589,57,43,79,117,24,51,50,33,72,,,2024-08-29
Karnataka,Koppal,55,,39,41,83,160,125,111,95,41,49,164,154,122,125,110,96,45,245,12,39,45,25,39,53,40,45,43,97,627,43,62,60,61,24,25,29,28,82,,,2024-08-29
Karnataka,Mandya,38,,37,38,92,162,121,120,94,43,48,161,131,110,129,111,91,47,255,15,37,48,12,39,41,39,39,41,108,392,38,70,29,44,23,41,29,21,61,,,2024-08-29
Karnataka,Yadgir,55,,45,38,95,165,135,110,88,42,57,161,156,113,125,112,94,50,210,12,40,60,30,40,54,44,49,41,100,712,57,70,58,110,24,39,30,30,52,,,2024-08-29
Karnataka,Chikkamagalur,57,,42,45,94,163,129,113,91,43,49,164,163,110,102,108,90,50,185,16,45,48,33,NR,NR,NR,NR,NR,NR,NR,NR,NR,NR,NR,NR,NR,NR,NR,NR,,,2024-08-29
Karnataka,Bangalore Rural,60,,39,51,86,163,147,130,94,44,46,189,147,98,123,117,90,52,255,17,45,52,19,NR,NR,NR,NR,NR,NR,NR,NR,NR,NR,NR,NR,NR,NR,NR,NR,,,2024-08-29
Karnataka,Chikkaballapur,55,,48,38,85,165,126,110,90,41,43,162,141,99,110,109,90,48,288,14,35,38,40,47,49,40,40,40,93,622,43,81,34,77,31,23,35,33,39,,,2024-08-29
Karnataka,Chitradurga,59,,39,61,88,165,120,117,108,44,48,158,165,117,119,118,107,61,290,28,31,47,16,NR,NR,NR,NR,NR,NR,NR,NR,NR,NR,NR,NR,NR,NR,NR,NR,,,2024-08-29
Karnataka,Gadag,64,,40,44,88,149,130,120,114,45,70,160,165,128,131,122,99,40,280,12,40,45,55,32,40,32,40,40,80,600,60,66,80,42,20,42,30,28,18,,,2024-08-29
Karnataka,Hassan,50,,44,39,89,150,130,123,82,43,48,167,171,116,152,154,99,50,168,20,38,56,17,40,44,39,42,40,90,603,60,67,30,90,30,34,40,33,47,,,2024-08-29
Karnataka,Kodagu,47,,33,41,93,167,125,117,92,46,51,185,140,124,120,123,101,55,244,18,38,49,31,33,36,46,51,43,86,613,61,73,41,41,37,67,47,37,56,,,2024-08-29
Karnataka,Udupi,56,,45,49,95,157,137,125,103,44,54,162,170,115,133,120,98,52,210,26,45,60,39,33,53,51,53,53,103,527,103,78,52,120,35,98,50,40,97,,,2024-08-29
Karnataka,Uttara Kannada,54,,46,47,93,173,147,122,95,45,48,177,157,132,129,117,99,55,247,20,48,51,41,44,51,45,50,45,111,621,49,70,61,171,42,69,53,39,66,,,2024-08-29
Karnataka,Vijayanagara,55,,44,44,90,166,128,118,95,43,51,173,158,121,114,109,90,45,194,18,40,48,11,29,39,37,38,40,64,552,71,59,60,52,51,41,43,34,68,,,2024-08-29
Kerala,T.Puram,58,,42,42,102,175,148,128,90,46,52,NR,165,130,131,113,96,83,240,15,52,59,30,45,60,48,50,99,110,NR,65,63,45,110,18,70,32,23,63,,,2024-08-29
Kerala,Ernakulam,NR,,NR,NR,NR,NR,NR,NR,NR,NR,NR,NR,NR,NR,NR,NR,NR,NR,NR,NR,NR,NR,NR,NR,NR,NR,NR,NR,NR,NR,NR,NR,NR,NR,NR,NR,NR,NR,NR,,,2024-08-29
Kerala,Kozhikode,47,,50,41,110,NR,138,140,100,44,53,235,165,130,NR,120,99,62,227,15,41,50,20,NR,NR,44,49,45,107,657,NR,70,49,88,18,65,24,26,61,,,2024-08-29
Kerala,Thrissur,48,,46,54,103,171,133,128,100,45,54,NR,175,135,NR,120,105,57,243,16,58,56,30,46,45,47,55,49,122,840,58,66,48,98,18,70,29,29,72,,,2024-08-29
Kerala,Palakkad,42,,47,46,106,163,137,121,85,43,50,219,170,145,NR,124,114,56,180,13,53,53,22,49,37,47,45,47,117,637,58,65,60,87,18,65,21,25,62,,,2024-08-29
Kerala,Wayanad,46,,52,42,104,175,144,137,100,44,52,NR,166,146,NR,122,104,59,227,18,48,54,21,NR,NR,45,54,47,111,709,69,69,52,106,21,75,28,31,59,,,2024-08-29
Kerala,Kasargod,46,,53,43,120,NR,NR,NR,107,42,61,NR,NR,140,NR,108,95,51,230,15,43,51,23,NR,NR,47,51,45,117,735,56,64,52,92,22,55,49,34,68,,,2024-08-29
Kerala,Kottayam,56,,43,46,100,178,130,136,92,45,56,NR,187,141,NR,118,99,61,237,16,49,53,35,NR,NR,48,54,43,110,695,67,72,55,107,20,75,37,31,65,,,2024-08-29
Kerala,Pathanamthitta,57,,34,39,97,186,148,138,NR,45,53,NR,NR,NR,NR,137,109,70,237,14,55,57,50,NR,NR,47,60,NR,150,630,61,67,60,102,18,76,27,32,80,,,2024-08-29
Kerala,Alapuzha,45,,49,65,NR,NR,NR,NR,NR,44,52,NR,NR,138,NR,115,100,60,NR,12,47,47,35,NR,NR,49,67,47,NR,718,62,80,60,100,19,77,30,31,72,,,2024-08-29
Kerala,Kollam,44,,NR,43,100,NR,145,132,92,45,52,NR,165,129,NR,120,102,NR,NR,16,52,56,40,55,90,46,54,55,90,710,65,66,55,87,20,48,24,27,70,,,2024-08-29
Kerala,Idukki,58,,43,42,NR,180,NR,127,89,44,60,NR,170,145,NR,130,110,70,207,14,50,53,43,NR,NR,46,53,45,121,690,76,67,50,100,19,65,27,31,67,,,2024-08-29
Kerala,Kannur,51,,46,45,108,NR,160,138,100,45,52,NR,NR,173,NR,119,95,58,259,18,46,53,19,45,45,47,50,47,113,737,58,64,47,107,21,55,34,33,70,,,2024-08-29
Kerala,Malapuram,47,,45,42,104,185,143,125,97,43,56,220,160,133,NR,120,98,57,233,13,49,53,23,55,55,40,44,46,107,680,60,66,48,104,16,66,20,24,65,,,2024-08-29
Puducherry,Puducherry,63,,48,43,89,178,148,111,91,48,48,228,142,143,NR,120,111,56,326,26,51,57,21,43,72,72,50,76,111,678,57,72,36,85,25,48,37,32,55,,,2024-08-29
Tamil Nadu,Chennai,58,,44,42,100,175,139,120,86,43,40,178,157,111,NR,112,92,70,297,25,45,58,30,40,50,43,46,48,95,695,58,72,43,92,22,61,28,26,52,,,2024-08-29
Tamil Nadu,Madurai,58,,43,64,105,174,134,114,91,46,46,216,162,133,NR,113,94,59,265,27,49,60,19,43,36,56,51,51,127,746,61,66,33,111,43,49,30,27,83,,,2024-08-29
Tamil Nadu,Dindigul,56,,48,50,105,NR,142,122,80,44,60,NR,172,121,NR,117,103,58,284,19,45,55,18,40,49,50,51,49,112,698,58,69,39,102,22,61,31,24,53,,,2024-08-29
Tamil Nadu,Thiruchirapalli,61,,45,63,105,169,142,120,100,44,43,186,160,120,NR,114,93,62,NR,26,58,58,22,38,67,43,45,63,120,710,57,57,64,78,21,64,29,24,60,,,2024-08-29
Tamil Nadu,Coimbatore,54,,42,45,99,168,135,119,86,44,40,246,161,148,NR,123,96,55,263,26,43,54,21,37,49,47,47,46,107,629,57,66,43,81,33,39,18,15,53,,,2024-08-29
Tamil Nadu,Tirunelveli,NR,,NR,NR,NR,NR,NR,NR,NR,NR,NR,NR,NR,NR,NR,NR,NR,NR,NR,NR,NR,NR,NR,NR,NR,NR,NR,NR,NR,NR,NR,NR,NR,NR,NR,NR,NR,NR,NR,,,2024-08-29
Tamil Nadu,Cuddalore,57,,48,52,86,176,142,122,97,43,48,183,185,135,NR,109,88,57,293,24,50,54,24,43,64,46,48,49,143,695,54,54,38,90,22,70,30,24,61,,,2024-08-29
Tamil Nadu,Dharmapuri,57,,44,40,98,167,134,116,88,44,43,218,NR,115,NR,123,101,52,270,25,45,47,20,39,51,55,40,48,110,731,68,64,26,93,23,56,31,25,55,,,2024-08-29
Tamil Nadu,Vellore,NR,,NR,NR,NR,NR,NR,NR,NR,NR,NR,NR,NR,NR,NR,NR,NR,NR,NR,NR,NR,NR,NR,NR,NR,NR,NR,NR,NR,NR,NR,NR,NR,NR,NR,NR,NR,NR,NR,,,2024-08-29
Tamil Nadu,Ramanathapuram,59,,41,62,95,162,131,111,91,44,44,207,NR,124,NR,125,94,52,271,27,51,61,26,38,41,52,46,66,113,787,69,62,81,104,37,73,43,35,46,,,2024-08-29
Tamil Nadu,Erode,58,,50,45,97,166,139,121,86,45,45,204,189,130,NR,128,102,55,288,25,56,51,20,41,52,53,52,51,111,742,66,63,37,79,29,51,19,12,52,,,2024-08-29
Tamil Nadu,Karur,68,,51,55,104,173,142,116,91,44,47,217,162,117,NR,119,99,54,295,14,50,60,25,38,70,51,52,52,111,700,65,62,50,86,19,NR,32,23,52,,,2024-08-29
Tamil Nadu,Perambalur,55,,NR,64,93,174,135,121,93,45,43,188,165,120,NR,116,95,56,NR,27,46,54,30,40,73,53,45,54,120,700,60,55,40,96,47,60,31,13,66,,,2024-08-29
Tamil Nadu,Pudukkottai,58,,47,63,100,171,141,121,NR,45,45,229,NR,146,NR,114,95,56,NR,27,50,60,30,49,51,41,50,78,127,708,61,61,51,103,27,60,31,27,68,,,2024-08-29
Tamil Nadu,Sivagangai,52,,46,64,110,177,145,121,90,45,44,212,NR,157,NR,126,101,57,277,26,60,60,30,39,58,53,53,53,128,762,65,60,60,82,34,47,20,14,40,,,2024-08-29
Tamil Nadu,Thanjavur,52,,45,40,97,174,146,122,85,44,44,189,165,126,NR,113,90,58,260,27,48,47,21,41,60,42,47,48,121,690,66,60,55,96,24,72,35,26,42,,,2024-08-29
Tamil Nadu,The nilgiris,62,,45,45,107,NR,NR,130,92,45,54,207,183,115,NR,117,93,61,207,28,58,52,21,48,50,50,48,51,81,735,68,69,48,91,26,67,41,29,40,,,2024-08-29
Tamil Nadu,Thoothukudi,54,,45,59,103,176,145,125,86,45,52,225,189,127,NR,109,99,55,306,11,50,50,20,46,71,56,51,57,118,757,65,60,33,97,24,61,30,27,50,,,2024-08-29
Tamil Nadu,Viluppuram,55,,47,41,105,174,123,120,88,44,50,170,146,112,NR,112,99,62,NR,25,42,55,22,35,50,41,48,43,105,723,62,61,40,78,22,42,26,12,50,,,2024-08-29
Tamil Nadu,Virudhunagar,55,,43,64,103,166,134,119,85,46,45,213,155,125,NR,119,94,57,293,28,54,52,29,38,49,49,47,51,107,713,59,59,44,94,21,59,31,26,97,,,2024-08-29
Tamil Nadu,Kanniyakumari,57,,39,53,99,163,130,115,82,44,41,191,155,124,NR,107,96,56,258,25,50,55,25,38,40,37,51,40,109,500,60,66,44,93,19,49,28,26,43,,,2024-08-29
Tamil Nadu,Namakkal,63,,47,61,103,173,133,127,98,44,44,191,165,122,NR,109,95,55,NR,26,47,53,29,39,73,51,51,47,123,640,70,60,39,90,46,58,30,12,52,,,2024-08-29
Tamil Nadu,Tiruvannamalai,53,,48,62,99,175,138,117,89,44,65,216,187,124,NR,117,93,58,310,27,50,52,23,42,52,44,44,44,100,717,NR,56,50,100,23,80,35,24,63,,,2024-08-29
Tamil Nadu,Tiruvarur,58,,47,67,84,139,119,119,NR,42,52,229,134,125,NR,112,90,52,NR,25,50,60,35,28,50,50,47,50,100,630,54,60,35,230,110,710,270,240,50,,,2024-08-29
Tamil Nadu,Tiruppur,NR,,NR,NR,NR,NR,NR,NR,NR,NR,NR,NR,NR,NR,NR,NR,NR,NR,NR,NR,NR,NR,NR,NR,NR,NR,NR,NR,NR,NR,NR,NR,NR,NR,NR,NR,NR,NR,NR,,,2024-08-29
Tamil Nadu,Tenkasi,56,,46,59,102,174,146,122,NR,44,66,227,NR,122,NR,115,97,56,275,22,52,51,18,36,48,53,53,58,103,737,64,72,39,95,21,59,31,25,57,,,2024-08-29
Tamil Nadu,Nagapattinam,65,,48,65,90,190,142,128,109,43,50,227,163,153,NR,111,89,56,NR,24,40,35,27,48,63,50,52,53,133,580,60,60,53,90,20,70,30,24,63,,,2024-08-29
Tamil Nadu,Krishnagiri,56,,42,38,96,174,132,117,88,42,44,209,NR,105,NR,123,92,52,315,26,44,53,24,38,40,42,41,42,90,745,73,66,39,96,20,54,29,24,50,,,2024-08-29
Tamil Nadu,Ariyalur,55,,NR,64,101,178,143,120,96,44,44,193,180,120,NR,113,92,55,293,26,52,60,33,45,53,55,45,64,122,697,65,65,35,101,45,63,33,14,70,,,2024-08-29
Tamil Nadu,Kallakurichi,55,,46,62,101,177,128,124,88,44,47,181,174,118,NR,111,98,54,NR,27,45,55,22,36,50,43,48,45,120,741,61,62,40,81,24,45,27,12,50,,,2024-08-29
Tamil Nadu,Kancheepuram,55,,47,38,102,178,140,128,95,44,44,197,168,132,NR,121,100,66,NR,26,50,52,28,38,62,44,54,45,102,658,58,72,42,94,26,73,33,13,55,,,2024-08-29
Tamil Nadu,Salem,52,,45,45,90,175,140,130,98,44,45,187,157,127,NR,117,97,48,280,NR,49,59,23,37,68,46,44,44,88,667,62,55,33,93,21,64,29,24,42,,,2024-08-29
Tamil Nadu,Theni,56,,50,57,100,168,140,117,87,45,48,220,173,120,NR,116,94,53,275,12,49,52,20,39,57,47,40,80,95,748,68,62,33,89,35,53,27,12,53,,,2024-08-29
Tamil Nadu,Chengalpattu,60,,45,60,98,183,150,135,124,47,40,194,193,122,NR,118,99,67,313,28,53,63,33,35,73,67,44,70,95,640,60,72,72,NR,NR,70,NR,25,40,,,2024-08-29
Tamil Nadu,Mayiladuthurai,59,,50,65,88,177,145,128,NR,44,44,233,185,140,NR,113,92,58,320,27,48,53,20,45,45,46,50,63,107,787,63,66,37,100,57,60,30,14,67,,,2024-08-29
Tamil Nadu,Ranipet,NR,,NR,NR,NR,NR,NR,NR,NR,NR,NR,NR,NR,NR,NR,NR,NR,NR,NR,NR,NR,NR,NR,NR,NR,NR,NR,NR,NR,NR,NR,NR,NR,NR,NR,NR,NR,NR,NR,,,2024-08-29
Tamil Nadu,Tirupattur,59,,40,44,90,176,138,127,99,45,65,182,NR,159,NR,109,91,54,270,17,42,50,27,35,57,41,42,45,58,632,59,58,44,92,30,95,40,28,47,,,2024-08-29
Tamil Nadu,Tiruvallur,60,,42,60,95,178,146,135,95,43,40,219,173,119,NR,114,91,62,298,28,45,50,25,35,80,60,44,70,96,643,60,72,45,90,30,70,27,25,60,,,2024-08-29
Telangana,Hyderabad,59,,39,39,83,163,127,110,92,39,52,148,148,94,104,110,95,51,266,20,39,40,33,32,56,44,48,47,104,533,56,64,38,118,28,44,39,28,49,,,2024-08-29
Telangana,Karimnagar,50,,42,53,83,163,125,120,89,42,66,152,142,99,NR,110,90,51,310,22,40,42,30,46,41,40,49,41,103,592,52,64,45,89,23,41,24,24,34,,,2024-08-29
Telangana,Warangal,56,,39,41,85,163,127,115,97,40,60,170,164,105,NR,121,92,55,274,16,35,45,44,37,35,38,55,38,80,550,55,63,35,118,20,44,25,25,27,,,2024-08-29
Telangana,Adilabad,53,,40,51,83,151,122,116,90,40,63,154,150,108,114,110,90,53,320,23,30,57,38,35,29,39,50,35,77,480,55,60,52,110,33,30,28,21,38,,,2024-08-29
Telangana,Suryapet,53,,42,42,86,165,130,117,94,40,56,152,138,NR,NR,111,91,52,268,23,32,42,28,31,50,38,45,36,69,550,51,59,33,65,24,41,25,24,39,,,2024-08-29
Telangana,Jadcherla,55,,36,50,83,165,127,117,95,39,57,153,146,103,112,112,103,55,292,18,36,45,38,33,36,34,53,36,78,528,53,63,31,123,18,46,41,23,34,,,2024-08-29
Telangana,Khammam,54,,40,40,79,163,130,112,92,39,59,143,143,92,102,115,91,49,NR,NR,35,44,42,33,35,35,49,33,71,517,50,66,30,103,18,44,35,25,37,,,2024-08-29
Telangana,Medchal,56,,44,42,85,165,130,120,92,40,61,178,166,110,122,120,99,55,282,18,46,53,24,37,35,38,55,38,80,540,55,64,40,112,21,47,25,25,46,,,2024-08-29
Telangana,Nizamabad,55,,42,44,83,165,128,110,93,41,55,158,165,111,117,119,103,59,333,22,35,39,45,38,35,38,55,38,80,633,48,58,75,138,26,66,45,29,35,,,2024-08-29
Telangana,Sangareddy,56,,40,40,83,165,128,111,95,40,63,163,163,104,114,122,104,52,273,21,37,37,36,34,38,37,51,39,83,530,54,66,33,79,22,48,40,26,38,,,2024-08-29
Commodity Name,Commodity Name,Rice,Rice,Wheat,Atta (Wheat),Gram Dal,Tur/Arhar Dal,Urad Dal,Moong Dal,Masoor Dal,Sugar,Milk @,Groundnut Oil (Packed),Mustard Oil (Packed),Vanaspati (Packed),Soya Oil (Packed),Sunflower Oil (Packed),Palm Oil (Packed),Gur,Tea Loose,Salt Pack (Iodised),Potato,Onion,Tomato,Bajra(whole),Jowar(whole),Maida(wheat),Ragi(whole),Suji(whole),Besan,Desi Ghee,Butter(Pasteurised),Eggs,Brinjal,Black Pepper(whole),Coriander(whole),Cummin Seed(whole),Red Chillies(whole),Turmeric(powder),Banana,GInger,Garlic,2024-08-29
Average Price1,Average Price1,43.71,,30.72,35.74,91.1,164.57,124.85,115.91,89.76,44.7,58.72,183.26,140.11,123.1,119.49,120.18,99.49,54.71,266.97,22.05,37.1,48.1,45.67,37.49,46.3,39.9,56.05,45.03,98.98,618.07,57.6,75.27,46.98,99.16,31.24,60.19,38.21,27.83,50.47,,,2024-08-29
Maximum Price1,Maximum Price1,68,,58,70,120,196,170,160,124,60,82,262,215,183,180,190,165,138,520,30,71,80,127,75,147,90,209,203,160,880,145,230,100,240,110,710,270,240,140,,,2024-08-29
Minimum Price1,Minimum Price1,28,,22,28,65,125,85,88,65,39,40,120,109,92,92,105,88,38,155,9,22,26,10,17,21,28,25,25,41,68,20,36,19,24,15,20,17,9,18,,,2024-08-29
Modal Price1,Modal Price1,40,,28,35,90,160,120,120,90,44,60,170,130,120,120,120,100,50,220,27,35,50,40,40,40,35,55,40,100,650,58,72,40,100,20,60,30,25,40,,,2024-08-29
,,,,,,,,,,,,,,,,,,,,,,,,,,,,,,,,,,,,,,,,,,,2024-08-29
"Department of Consumer Affairs ( Price Monitoring Division)Date 29/08/2024 Daily Retail Prices Of Essential Commodities  StateCentreRiceBroken RiceWheatAtta (Wheat)Gram DalTur/Arhar DalUrad DalMoong DalMasoor DalSugarMilk @Groundnut Oil (Packed)Mustard Oil (Packed)Vanaspati (Packed)Soya Oil (Packed)Sunflower Oil (Packed)Palm Oil (Packed)GurTea LooseSalt Pack (Iodised)PotatoOnionTomatoBajra (whole)Jowar (whole)Maida (wheat)Ragi (whole)Suji (whole)BesanDesi GheeButter (Pasteurised)Eggs BrinjalBlack Pepper (whole)Coriander (whole)Cummin Seed (whole)Red Chillies (whole)Turmeric (powder)BananaGingerGarlic  UnitQty1 Kg1 Kg1 Kg1 Kg1 Kg1 Kg1 Kg1 Kg1 Kg1 Kg1 ltr1 Kg1 Kg1 Kg1 Kg1 Kg1 Kg1 Kg1 Kg1 Kg1 Kg1 Kg1 Kg1 Kg1 Kg1 Kg1 Kg1 Kg1 Kg1 Kg100 gmDozen1 Kg100 gm250 gm100 gm100 gm50 gm1 Kg100 gm100 gm  Average PriceAverage Price43.71 30.7235.7491.1164.57124.85115.9189.7644.758.72183.26140.11123.1119.49120.1899.4954.71266.9722.0537.148.145.6737.4946.339.956.0545.0398.98618.0757.675.2746.9899.1631.2460.1938.2127.8350.47 Maximum PriceMaximum Price68 587012019617016012460822622151831801901651385203071801277514790209203160880145230100240110710270240140 Minimum PriceMinimum Price28 22286512585886539401201099292105883815592226101721282525416820361924152017918 Modal PriceModal Price40 283590160120120904460170130120120120100502202735504040403555401006505872401002060302540 NORTH ZONENORTH ZONE  ChandigarhChandigarh44 3136901651251169045601831391241191201005526928374650NRNRNRNRNRNRNRNRNRNRNRNRNRNRNRNR DelhiDelhi40 3032951731471279045562071541281301411026024527385550304039573995517587162872647382635 HaryanaHisar35 28319216011711081445920814612112713810250243263753522837385140102527587241832041392565 Karnal44 3239901311261219743501811211181081149150171253850453242435340113614648039922951483580 Panchkula40 2838881651201158845621901401151251301005321027354058263832554085607547030803540502551 Gurgaon36 293286165115116804456222153123129142104552302032364626386237551056525896401155967582660 Himachal PradeshShimla45 NR3795175140120904860220172140129NRNR572172840524035NR38NR381005805880401454050503550 Mandi43 NR3494177137120884447220165129122141115482702842554832NR34NR341166766272411434395642849 Dharamshala30 NR2989172129119894540NR165134137NRNR492302834455033NR34553598590597040903448333160 Solan40 NR3396175132111864650220164134123141NR5222028375335343735NR34111522597843814841331953 Una42 NR3299163118112874566NR154133129NRNR492472730544036NR34NR3289608578329933848392955 Bilaspur-hp45 NR3199175142116894660NR144134119NRNR503232737574032NR33583398617588443823435361354 Chamba37 NR3598176133120905055NR168134130NRNR48232293556534158386837886435879431113350403459 Hamirpur-HP41 NR3398179138117844665NR168135NRNRNR5426528425342366737NR3797450587943982954423052 Kullu42 NR34101178140123894740NR167132116137NR5021328406057NRNR35NR351095375878421002375382755 Sirmour45 223688180140110904550214168136145143108422732740475035NR35NR40110627587040923070322652 Kinnaur42 NR3692172129123804850NR155143123NRNR5022927376060NRNR35NR39965435287501363070403057 Lahaul & Spiti42 NR42901701401001004150NR184163NRNRNR5148028416171NRNR40NR4013570056105651463576493980 Jammu and KashmirSrinagar42 3845901671401271105250NR155127128152NR6032328405357NRNR50NR4113062758723814753776844120 Jammu48 303695185135125954850NR1601301251301105429328404855NRNRNRNRNRNRNRNRNRNRNRNRNRNRNRNR PoonchNR NRNRNRNRNRNRNRNRNRNRNRNRNRNRNRNRNRNRNRNRNRNRNRNRNRNRNRNRNRNRNRNRNRNRNRNRNR Kupwara45 343888NR1181201035551NR1321301251321234830028394945NRNRNRNRNRNRNRNRNRNRNRNRNRNRNRNR UdhampurNR NRNRNRNRNRNRNRNRNRNRNRNRNRNRNRNRNRNRNRNRNRNRNRNRNRNRNRNRNRNRNRNRNRNRNRNRNR ShopianNR NRNRNRNRNRNRNRNRNRNRNRNRNRNRNRNRNRNRNRNRNRNRNRNRNRNRNRNRNRNRNRNRNRNRNRNRNR Samba60 28341001801401201004755NR130125120130105603002832585035604065401205505875471602595402558 Ramban38 NR34951801201201105060NR160130130NRNR533202740606039NR39NR40100600587250873047581460 RajouriNR NRNRNRNRNRNRNRNRNRNRNRNRNRNRNRNRNRNRNRNRNRNRNRNRNRNRNRNRNRNRNRNRNRNRNRNRNR KishtwarNR NRNRNRNRNRNRNRNRNRNRNRNRNRNRNRNRNRNRNRNRNRNRNRNRNRNRNRNRNRNRNRNRNRNRNRNRNR DodaNR NRNRNRNRNRNRNRNRNRNRNRNRNRNRNRNRNRNRNRNRNRNRNRNRNRNRNRNRNRNRNRNRNRNRNRNRNR BaramullaNR NRNRNRNRNRNRNRNRNRNRNRNRNRNRNRNRNRNRNRNRNRNRNRNRNRNRNRNRNRNRNRNRNRNRNRNRNR ReasiNR NRNRNRNRNRNRNRNRNRNRNRNRNRNRNRNRNRNRNRNRNRNRNRNRNRNRNRNRNRNRNRNRNRNRNRNRNR KathuaNR NRNRNRNRNRNRNRNRNRNRNRNRNRNRNRNRNRNRNRNRNRNRNRNRNRNRNRNRNRNRNRNRNRNRNRNRNR PunjabAmritsar40 2630102175138130984553217132122120130NR53268263053454343427243107557566752952143313053 Ludhiana37 2533NRNRNRNRNR4562198142122123132NR5728027335743374837623798560537140932262373243 Bathinda40 253010217513812095445522014212111813010056287263052433842406842113567506848953943291448 Barnala40 2630961671321139644641971271171071281005029327295547374835NR37100557487247882541282848 Hoshiarpur36 2730981721271189245621931271181071269853268252857423635346539106552507340982346352746 Faridkot42 24301021721371179545552231271271171329757300283053423747387242103567506852931843303048 Mansa40 2730100170135120904561NR128120120128NR5026728325347434838NR45110573547360832042312949 Sri Muktsar Sahib41 2630991751221179043631971251131121219752267263252423343337335103560476753852034282548 Dera Bassi40 263090155120120904458NR138124118NRNR5824327304757303835504097550557040972255373043 Sangrur42 2831991641341199144602041361211151311045125727295237384838673898557587445982272323242 Ropar40 273299168133120934460212141130124NR1105524727315040395336674199567547453972157362850 Amargarh42 2731100168135119944460197125115115125975025027305040405040NR4098550557250982065303040 Fatehgarh Sahib40 2631941701201209743602181411321321481045328027304058334534654093550527242922452352848 Ferozepur43 273310117013811891446120613112212114095592482631523736434263421105575267481022451352849 Kapurthala38 253188166122120884461197128127117125985726324285038405241514196560537037912652312940 Uttar PradeshLucknow40 2835901501271108045682001401281171181105826027375050354735533590559588050985172301550 Kanpur35 2832901651251088542601801381221151281105623426303550354050NR30905805572401202040352550 Varanasi38 2735981671241178245762081341271181301076228530354951346034NR391186605784451002357353462 Agra41 29319515096927644681821321281171191135525028355051282736NR3799648478331792141363141 Jhansi47 263087168105101824360186128117108128100501952630453628NR326534876835985311224736322231 Meerut37 293681146130939247661451341311341431304724728393850373738643998527257133933225251646 Allahabad33 32368215612212094446617013412612816011050235264039454230403938895935885411257142353850 Gorakhpur44 2434921661281168144642131351271251189458223274042513838335335935855984581185585362148 Saharanpur39 263084163116112874462NR128127122131107492462528393630NR31NR3184500587239824245301340 Bareilly37 26329515812712088446819212911711713010250322263142422332354935117740586142775647362652 Ayodhya32 303375160103106914155195160123141175984521728314469NRNRNRNRNRNRNRNRNRNRNRNRNRNRNRNR Moradabad39 25328715912011288426118713812412314010550239253144463465355740805705770261132550423559 Aligarh40 263090170130110954463198129120116147128542432633415330NR35NR331006105376441202748322143 Mirzapur (Vindhyanchal)38 273286164123115934454183138123115118955422125304545274332513391642586950875151341550 Banda36 293588141124108824464195136119106161103541552032493831413488341025035566311282947413854 Azamgarh36 293586165120122954665219150129127124985328228364152394742524310965256664410232102503945 Gonda (Devipatan)34 2732871671281208744601671461231271371124727728304840363431653895650538334902277363145 Amethi38 25388516211511080466319814713413412811852259252542504832423851115693578139793261282362 Barabanki45 263090160130120824568195145122120120975621826374343323631503493518578341901845353047 Bhadohi34 2532851601251208545602001301201251451056523528284840202132253580670507240902035304050 Chandauli30 263288159129114804260170127120108118945424726284437345637604095633557233872046383240 Farrukhabad45 24318016013011595446718313711812316398472202630455217NR32NR341006475879551222053212048 Ghazipur40 263292160119116924371239138129127139106592622732474535383641361056404975371242471493250 Jaunpur48 283290159125120804463193133120115149985826028325235282735443490580527239932961313153 UP-Pratapgarh40 26309015711812089446820915413513212210462255263249393329353935956906088431375079351939 Sambhal40 2531871681221001004260173127142141169129502173030484835NR35NR351006675072271003567303045 Santkabir Nagar32 253275150118110954362183150145145175NR442572828454055553280451106905896601103065403550 Shahjahanpur38 25337512512311810244622001671131181151104726027313842504035101351026505683241003050404052 Sitapur38 3035851551101109042611791631481311641094722728334860222532423592640568338803050302040 Sultanpur33 2941891489210790435919714713413414211348241293343552028393651110650587142792860262558 Unnao41 263088168128118884558203137118120153107582432533474329373552401004775672421023672371747 Ambedkar Nagar47 32418514911511388456023014713313016011257185273945423035359033975305871261122540313355 Amroha40 2833801601201201004654195145140133185100511972635453832423932371075434372411282675363336 Baghpat42 NR29911631231179042702001431281251281005520027334740277531783593520207043651740241931 Bijnor37 2630921601151158143551451401201221251014826025NRNRNR30403260381005505572451052671381840 Budaun38 242986140112958544642251311351211401044828828305040254035383591660587232882068322445 Etah45 263580170110115904468205130128133138115502852830434022NR35NR3790665607842952142302542 Fatehpur42 28328816712811897446518814512812013310752225283247582332303337955505282401274247231737 Ghaziabad40 333587165120112884567188128121106115107571992735423533423663381085095768431062039372740 Hardoi49 2634881551141128845602031391241221409949244273148413033336340100640587241613671271343 Jalaun34 283086161109100894354168133135134152995322528304143303433NR36866485676331182798313232 Kaushambi44 243785158132928543591691421221291691235022928324548265332453990527318632883755463145 Kushinagar38 3038881681251288548701751451401301351056021527364565626236753698650558455942782363842 Lakhimpur Kheri47 27319016512211888435719713312313513799552182735504526313362381026405873401232183382744 Pilibhit42 28318816812811897436521014812512313810248280283242523061338534955235874321384245321348 Sharwasti40 273490163130123824550150150117123NR1005520328375343NRNR39NR4093567597033852248303043 Siddharth Nagar47 2932801591201108445651641421311311589750233263445425050357036915506084311174761351839 Sonbhadra44 293290155129115804560202130118116125975821027264440274233353587580586842792035251650 Rampur49 262993158107110894458169139128123140994425415355045303531NR30945235958341192497292453 Bahraich40 26338916513012285424516014911412912511545250273039413435316538100607588129881967333142 Basti40 22307014511010582426515514013413114898452412530394060623311538855456080301252352303445 Etawah46 3035100166128120804569NR154132132148105552202835484720NR35NR35100617588442823531301850 Muzzafarnagar43 2631921581401179344711611461351351441214322228304546324334NR3494452704741981646332456 Chitrakoot35 2734921621141008045601721401201201681056023528405540283635604898540579645902455352750 Hamirpur-UP46 2833891611301118944702071391191111261005822026375058NRNR35NR36936105684501402596323545 Deoria34 2729841601191258544582041401261251271225922428374858576630593188557586938992279374038 Hapur36 27307515312212098436820615713214813710850220263046383431384539976205172301005250311333 Bulandshahr40 303583162115110924365NR120120120133107432482430424829393260351004975372401003155291532 Kanpur Dehat45 25309015912511090466816613012011812710060230283043402833354335100527559253942756292945 Hathras40 252890160120110904360165130133117173100472072533446023NR35NR371036305884531132042332339 Raebareli44 283389159132119874567221139122120145110592262735474733483750371016235787391015044311347 Lalitpur37 272975163999287425618314514213712611840255253252453338296628926475110028761842272928 Mohaba35 24338516595105824560141139110125145110451752740403853503310833102633389233722461354068 Gautam Budh Nagar40 28338616211811187446721015912113114311060247263143383341395939108523567238963642341339 Auraiya43 273674158110928545621591341341371561375316828354142282836403892572577854973743371549 Maharajganj34 283485163123120834463205139115128147101542132733465240573172361005485876411102060302948 Balrampur35 263483155118121824548197135112119126955719829293939555530NR34905535780381183470352343 Kannauj39 2531901681151109045701751401121351721185424228314050323932NR34835385268391082458343345 Mathura45 323485163122115854361217153120121145125442632633444333434045401106255396351153563403040 Firozabad38 353782NR1181129040651901581171421821114530029394638232533393599717526935982250293130 Kasganj47 27309015711711793436516213411711214098502032833434320NR30NR3291488467242884352301248 Mainpuri32 25329116412511687396917714512213416411043248302832332325354036987005568341002252323434 Shamli38 24299516512711083426719512812011212510045277283250402763357035905005860371004252311150 Ballia36 273285161117114894359185141126125141110512322733424830NR34NR37885975069301022183303458 Mau43 253185164119117854462199135116118125925827127314740NRNR32NR35906775368391402180313541 UttarakhandDehradun34 243996175115116974368150129122125165NR572802834474930NR40NR401006405872401003050403260 Haldwani37 353080157136139854357145139146137143147512592838495022826010560926005880321004060603551 Rudrapur38 253586170118120101446416014312912414492542352835446130NR406040NR6356172331003850403560 Haridwar41 263694170124111964366165143123132145NR622982832445633NR40484197643557235933444393561 WEST ZONEWEST ZONE  ChhattisgarhRaipur33 27358315511010575435619214812311413610350243224640283026404525917377880351002589302530 Durg34 353795163122111834454187120117115113113522001539482034393647379568576728873343311352 Ambikapur28 272890151114107874244180131115114120NR4026013353637NRNR40NR3070599546938323434402647 Bilaspur-CG44 4039871671231179544531911461311261271015120021444551385138494897643557246882456282455 Jagdalpur39 3537801571161099345471791539912613510143193193029306665426041767007280291063270544344 Dantewada38 364189161121113844261NR151110111121935428416415537NRNR36NR421046805871481312131322853 Dhamtari42 3540951681131139842751701611081131151135522030404430NRNRNRNRNRNRNRNRNRNRNRNRNRNRNRNR Rajnandgaon36 3840871651261169043601821401241201219955270234043503030355035110680625025774852302950 Koriya42 333883168110118854276198133105108125NR472002640404060654785608570058803615140115603850 DNH and DDSilvasa56 363790151133125884268192159154128129101601982835484040605760631206185777501393991604432 Daman43 404190150130122924465192157133135133112602002635404041404258621186336079601423896564750 Diu47 4055951701501309545642151741391361351206737028384753354660NR64120635588338953140453946 GoaPanaji52 47409917515513898445621817214816511599583152547553739484352421156435763531453395493942 Margao54 5154100195158132100446121515515014012097633302645553539524454441126486363581083462343440 GujaratAhmedabad34 323489167126110814366163137120117120955520518344049413841714394630546854793236413142 Rajkot34 343690168121114874261163137122119119965421018354045404243684396620557247843038391651 Surat41 37378716812411182436417914612211811898552239313847314137783789600297157873148543140 BhujNR NRNRNRNRNRNRNRNRNRNRNRNRNRNRNRNRNRNRNRNRNRNRNRNRNRNRNRNRNRNRNRNRNRNRNRNRNR Selamba40 333685163125115884262172135115115120975521223404350324545654593620587050873236423250 Waghai41 333686168128116854361173140118118120955521018354035304338414893619536750833038403053 Bodeli36 323588166120112824464166135116115120955520519354045433847684395600556850807238502040 Vapi39 333786167127119874264167136120121121955420818363944337142664296627537249792331373741 BilimoraNR NRNRNRNRNRNRNRNRNRNRNRNRNRNRNRNRNRNRNRNRNRNRNRNRNRNRNRNRNRNRNRNRNRNRNRNRNR IdarNR NRNRNRNRNRNRNRNRNRNRNRNRNRNRNRNRNRNRNRNRNRNRNRNRNRNRNRNRNRNRNRNRNRNRNRNRNR JhalodNR NRNRNRNRNRNRNRNRNRNRNRNRNRNRNRNRNRNRNRNRNRNRNRNRNRNRNRNRNRNRNRNRNRNRNRNRNR SongashNR NRNRNRNRNRNRNRNRNRNRNRNRNRNRNRNRNRNRNRNRNRNRNRNRNRNRNRNRNRNRNRNRNRNRNRNRNR Madhya PradeshBhopal40 283085164121107864255176135121107118NR4823016333740374035574092640567535903840301537 Indore44 283498159120109824160179132118115123955127015303047333735NR39103620487245933838351540 Gwalior39 303286156121109844460195144120118120NR5022212343644324134604093613557126803535261435 Jabalpur41 303489162123114864256181138118116118984626216355039364035594092610547132782435191138 Rewa32 273387161113100864054175128120104114NR5123820354440NRNR35NR3585645367220952745302339 Sagar39 293289164124102844259173134105105118935323519313831353835593895610587130832239292538 Jhabua39 313597161121112894256181138120110121NR54223153338433639365837102613NR6532814841271332 Hoshangabad41 3033851651221059042581851331101091241005422712384339384138453990600287238722565282740 Shahdol35 293586162118113884450182124114110119NR5221018354030373335504095600587030903040271835 UjjainNR NRNRNRNRNRNRNRNRNRNRNRNRNRNRNRNRNRNRNRNRNRNRNRNRNRNRNRNRNRNRNRNRNRNRNRNRNR Morena38 303587164118111854462180138120119143100502471432454024NR36NR4098585548035823837281435 Anuppur35 2734931601101088045501971301051051279050200103550404040354040100600587837902540291739 Bhind38 283384160113112874457172122118116118975224315354237304035634092613557239872342302538 Dhar38 263382160121101834257161132111103115905119118354040313334513692620567123782634211331 Harda43 303392163122110904255187141121110126NR4520027374040303541934198620588141893032211534 Katni31 323190160125110804250185110100105120984820519304025353935604095600587040802540303038 Khandwa37 283385161119109854353181134110106118NR4922021353644363636414085560487235752677312733 Mandla39 31349815912411485424820314111211213711552293263550274048375739103633597135873150251235 Rajgarh40 243290170120110904240183148NR115143NR5022010323840NRNRNRNRNRNRNRNRNRNRNRNRNRNRNRNR Sidhi35 263485160112105894459180130120113112955023218354137294335604088638507635852635302538 Chattarpur35 283587163112978544471981411241151261064820320304943334033484097500508040784048271038 Neemuch39 263285170120113824060171130125100132NR50288103040455550438245955376280261202242282940 Burhanpur41 3438981561141118444541591341191081261004923227374535363636NR40105610596850984838291535 Narshinpur38 293592162122110884255182128110108118NR4324010353340393935524095633557243823235251034 Raisen38 293197160120110854255181131115113NRNR4522010325040404035NR3995615587540852140251833 Sheopur45 273398152120118854560170130115105125NR50304283540504035386540107600608528802040353040 Agar malwa45 273283162109102914255165125113104113NR4825819312839383833NR3893600547037794135241336 Umaria37 303485160120112874358175130115110120NR522201534383540NR35NR40100630557240902748272240 Shajapur40 283389162123113884259181137119112118NR5225020324542383935NR40100613577039703737271338 Dewas40 263593159116109864157171132115101115NR51238123438373935365337101597517534833839311732 Khargone35 303585165125110854350186156136119132NR4922520404040404040654295630558435852040302625 Singrauli37 263484150114114854358180137105118116995222911354546NR3934NR4090642546937863548261537 Chhindwara43 2834981571141088344551931521101171251114320010384532NRNRNRNRNRNRNRNRNRNRNRNRNRNRNRNR Sehore32 273295160120110804352179130115110120NR5022010353540NRNR35NR4097607557250843242271032 MP-Ashoknagar35 283079163117100864255175135122106114894820018354240334036NR3788640527138902545252029 Balaghat35 323790158120112854251182135117111115NR5120313304025NRNRNRNRNRNRNRNRNRNRNRNRNRNRNRNR Guna40 283095162117100854257182128119105118984520020284038314040854090597577258853741301537 Ratlam39 313487160119113864259183137117109118985123010323238353834533895620577236824744291437 Satna33 28328815510597824260178130120107119975223021324040354035554880600587020877050321940 Vidisha39 303394160123102884158185147113114130NR50207103042303740356337100547588033772833271340 Alirajpur37 273593163113110903958177133118115125NR40275103430454030455545100640577023804150301828 Betul39 273393161115106864357162137114106121NR5123313394132363733573599647517325883849271435 Damoh39 293186161106104884150176137104107117NR4922012354138364035573893615577329891941282936 Dindori38 303580155120105804061162130110110137NR5022816405840364036524078625507138763861281038 Niwari35 252995173106111874362204124119111135NR49208283842382330353834966105584191172238332433 Seoni42 323586139120115884352190143112110135NR46200113035344040366842100650557237801939212940 Panna40 28367815587888642531851201231101201005321011355045406735604597650627538672348313047 Tikamgarh35 263075160120105854250180135120110118954520020323535383530503095650556540601838302640 MaharashtraMumbai42 404810617615313994486020418913112613810880310284254414351486350137568588050753357494037 Nagpur51 42508917213412592526318914914211813188702832743415338555175511106635683811123265393658 Pune40 43538917012412680487018815112111511810347320293639353244353838109503417450983735342330 Nashik39 44409717413812291425617017012810411597543002638454338554756451116535867581122860473538 Mangaon-Raigad46 3947951701391239044541941381231051109660319284045403840445745108723597050744058473258 Dharni40 323798162119116864355177126126107134NR5130413395545383737NR38105777586852784245221734 Latur48 404386172122124844062192152981101131054322127404525374340724092623536895815550292230 Akluj49 3541103171127120984152207162135118125995136028425728334640653910265055457210242104515233 Arni Yavatmal52 323490168130114904263170155123109118NR57300104040303532477050125783557260992542424547 Chandrapur53 4446991701341321044371189166143103126NR602272840472053515660621086456470331162760313550 Karad Satara42 38469517313312490437017115712810811110150292284048304339425840103612556743923242342030 Ahemednagar58 444910116913311999425315916812912112411849238283743393039374439108545585555992559493025 Khultabad53 343587164121118914345177NR134107125985929920383840313339NR4088700526973NR19NR362831 Islampur47 40469716612811490426618317610511011510551397305048253339384338113633526563982339332650 Kankavli46 45469617013913610144541801741361071091015335320414229404141474397667547255853242413257 Partur50 32409416312211210041551601421301051121004040910455740292943NR4787703NR8470935043251529 Gondia55 4042931531121108142561661481071061211045122022405535363837623788705536037664952312339 Jalgaon53 36461021761411261124360168154130108112119623682942583535384948491136925867551074746431427 Akola42 3437981701301159342651651401341051179658310264060503443466348114800516557804547232137 RajasthanJaipur55 333692167122111814450198160130130137NR50330203545362731NRNRNR103560588237NR18NR263035 Jodhpur41 343677152131109804252195135NRNR132NR4826029355033NRNRNRNRNRNRNRNRNRNRNRNRNRNRNRNR Kota40 3032901601161129043581621311101081101005428421363744215148565189600486044801734342838 Udaipur34 28301001831231251044556181153132126NR1225133521323836354035603595550878239852032303032 Bharatpur45 283290160129119904459189120120115NRNR5129426334248253040654095530587531852060352540 Ajmer41 33359116011710076NRNRNRNRNRNRNRNRNRNRNRNRNRNRNRNRNRNRNRNRNRNRNRNRNRNRNRNRNRNR Bikaner40 303686178135120100NRNR175120110110120100NRNRNRNRNRNRNRNRNRNRNRNRNRNRNRNRNRNRNRNRNRNR Bundi57 273490165130117904255170140110117145NR5030020405053NRNR33NR25110600NR90100852040302540 Rajsamand40 293387168122114884260171133120111121NR4928616384747292930594085508486248831938342838 Alwar44 303488168121102874354179126119128153NR4231524343838243938703879572436424813684334242 Banswara37 263386165124115894153170146112106150NR4635524364147343746494797512578535922780403338 Baran40 303580170120105954150137144122123127NR40NRNR374257283333365390625556538902528332840 Barmer38 3234901671231009043NRNR153120132NRNR44NR27324258273735NRNR83NRNRNR45852270302545 Bhilwara49 2935901601109890NRNRNRNRNRNRNRNRNRNRNRNRNRNRNRNRNRNRNRNRNRNRNRNRNRNRNRNRNRNR Chhitorgarh44 2634921701191158544561761521151161171004528720NRNRNR294035863291568458031782943382640 Churu35 28307016510090824246172168145148NRNR393051540356022405035501107003550401002060403040 Dholapur40 2831991701241181004350222134135122NRNR501981639474029NR40NR391055105841341502339403238 DungarpurNR NRNRNRNRNRNRNRNRNRNRNRNRNRNRNRNRNRNRNRNRNRNRNRNRNRNRNRNRNRNRNRNRNRNRNRNRNR Hanumangarh34 263182175112105824244227136106128129933833014224546NRNRNRNRNRNRNRNRNRNRNRNRNRNRNRNR Jaisalmer40 3534100172132106854250182148111105153NR532522740403531364177501105976212034861633252845 Jalore39 323290170125110904154192135127137150NR4331015354565304041NR5041545NRNR901003040403540 Jhalawar42 293281167119107864055175147116128147NR4029919323953NRNRNRNRNRNRNRNRNRNRNRNRNRNRNRNR Jhunjhunu44 243398162131115904452199142118102123NR52NR2640616123NR4148441035655636631283046371940 Karauli40 253484161118979944521901411291291331014029822335338NRNRNRNRNRNRNRNRNRNRNRNRNRNRNRNR Nagaur42 293286156106978739581541531151371241054430117303349272830NR4193744NR92NR100NR35252334 Pali55 302879159125102894156NR11611311611611642NRNR323157NRNRNRNRNRNRNRNRNRNRNRNRNRNRNRNR RJ-Pratapgarh41 29327316810598854260147143NRNRNRNR38NR20373452583639NR42103667416039678236242640 Sikar43 273385158121105904452170155117135153NR4530521354158NRNRNRNRNRNRNRNRNRNRNRNRNRNRNRNR Sirohi45 303490170130110904451183120127120130NR48NR1938406325NR42NR4390503NR9460NRNRNRNRNR37 Sri Ganganagar39 283684163114109844049212145157143NRNR4325626334956253333NR3870450606064713682432642 Tonk43 2430811321181031004552194135130NRNRNR4326513253929NRNRNRNRNRNRNRNRNRNRNRNRNRNRNRNR Sawai Madhopur45 263074175135118954555203137126126137NR4529226354255323550505011055067120401002660353240 EAST ZONEEAST ZONE  BiharPatna42 313596162135115864556NR1321221231401225027526354836NRNR39NR40100800568447902565453550 Bhagalpur38 283395161120116764557NR1361111231691234432028365153496534NR3510563858843915835794935NR Purnia36 303484162134112784651NR132104119NR94423141328425334434168461036135570341002148353046 Darbhanga40 2940100140130115804453NR142135120NR10046198143250455959344135935075872221281969392942 Gaya33 263881160106108824560NR1541421421411215033924354040NRNR34NR36110673589039872434232057 Muzzafarpur39 293385166121116814557NR13612712916198462872535414740603460381005905884201002560252650 Saran39 263581166115117814555NR126124127144NR4929327344446458833120411006155566411002163372232 Munger40 273290165120130824457NR135124121120NR4624027374352NRNR34NR4010058362792888NR40402255 Saharsa40 283385165110110804555NR135127122NRNR5022323334072NRNR40NR408070055140408011040402640 Madhubani39 283384152127116814554159132128123158994930222324060NRNR344934112540487430823234171448 Rohtas (Sasaram)31 3135941581151098046621881381171181189852210253347383864315437105593557846762347392234 Motihari42 3034841641301088042571941481281281641045028418343854NRNR36NR321226025270241043284523232 Samastipur37 283484163120115824554165133122137150110503002032445428273010034906007296281106080302045 Katihar38 313491173134109844659NRNR128133146NR4830519364661NRNR32NR33110593NR72385022502025NR Araria39 283485154124112844455NR133116116154107513332133445653553776371036375976301002266393038 Nawada38 253587166124120824460230150130117173116502802732413830NR43NR46113650688245932278362563 Khagaria41 253683137115117824346NR1341121221281064137727294757NRNRNRNRNRNRNRNRNRNRNRNRNRNRNRNR Banka34 253280160100110744558NR136112115152107462031632385638NR34NR389862355803889403829938 Arwal36 273281151113110784255NR1371251221251004628025323950NRNR32NR361106505872361004090554040 Aurangabad39 2532871481171158545582171361331191759353NR2833445252NR33NR34977375796351023037343255 Begusarai37 263484150127112804555NR146116118NR100493051532405552423537371084345878261373598474133 Bhojpur Ara43 273085150120115654552203160120145150NR4936229355560NRNR31NR33100600606550852050353057 Buxar33 313490170130115864461141132117135148995121925354540272931953499598398242963858382448 Gopalganj41 28318216612311681NRNR210130126130142105NRNRNR3547506090454440100850407240807222402557 Jamui40 303573142120117774357NR130111132NR12238254293233413964445044107607589020804096603550 Jehanabad38 283482165130118804555NR138125128160NR4824726344049NRNRNRNRNRNRNRNRNRNRNRNRNRNRNRNR Kaimur38 28328016012611278455818713311514017892452002433384722NR30NR4810365532614210127NR332762 Kishanganj38 283280165120110854457NR1301201151379550300263543606077425050436176780421133058572525 Lakhisarai38 323674145112118904658NR148128138NR1284425626303844NRNRNRNRNRNRNRNRNRNRNRNRNRNRNRNR Medhepura39 293489161131114754556NR139113129133994534515313758NRNR33NR3197613567433973692593943 Nalanda35 323488157130116834261215138119115158NR4838728313862608032703611061058844085351054540NR Sheikhpura37 293490165110115844456NR145130136NRNR502452738406545NR38NR401106405870301424256603340 Sheohar36 2735891591221148044581561401201301511024823224324062NRNR3534391126005580281121959332550 Sitamarhi38 273483156117112804555NR140118119154104492702533415940603560321206305696401173450643860 Siwan37 283488154112112804756154130109120134975420525324449504030603392680406028679540302540 SupaulNR NRNRNRNRNRNRNRNRNRNRNRNRNRNRNRNRNRNRNRNRNRNRNRNRNRNRNRNRNRNRNRNRNRNRNRNRNR Vaishali36 3035991611271137545551601281071241609656207273350454949354040110657608435851541242338 West Champaran38 24347816211510373415116212214113813312246273163541523541334539105567457637792342362345 JharkhandRanchi43 35359316412511879455822713410811511996562322734504034383635441135735778581133167563150 Gumla42 293480160105105784556212135117114132984821715334045NRNRNRNRNRNRNRNRNRNRNRNRNRNRNRNR Sahibganj39 3033951709311083456014015011012012388552502030434841NR377840105600578030852044352840 Bokaro34 34368616010011094NRNR170170130145170125NRNRNR324560NRNR32NR4095700557044801650252560 Lohardaga31 303581158120108794461NR1511291401521124420326383838NRNR37294090650567350802030332038 SimdegaNR NRNRNRNRNRNRNRNRNRNRNRNRNRNRNRNRNRNRNRNRNRNRNRNRNRNRNRNRNRNRNRNRNRNRNRNRNR Dhanbad43 3538961591301198946582101441201211301105530012335042345034483797670547762972660402457 Jamshedpur (East Singbhum) 45 353391177134120834758219139142120135100602402742485350NR38804310062358806013080100581552 Giridhi34 303280160102108734355NR1351091201619540300193938604035331004290600458448906020353050 Seraikella36 28358417012511475466017013214110313894532132538365042NR33NR34936005984501032568482752 West Singhbhum38 2833831681231127446601681311381021379353267253741454352315132926146582531022467482650 Daltonganj40 253584157122106814659NR135124128NR1025230829364642NRNR34NR40102569597841773760302949 Deoghar40 3238901681381159045601251621511541691015026430254065NRNRNRNRNRNRNRNRNRNRNRNRNRNRNRNR Ramgarh37 3538NR1601261127746NRNR1381241561901134827925364633NRNR31NR40108590587560832858273340 Pakur34 3034871679897814560143130133110130105633982733464349483558501135505473381232973452438 Jamtara36 283599161133116864960142139105121121985534828364951NRNR39NR52102627518059992658442541 Latehar41 25349415611811476NRNRNR131139126NR94NRNRNR414551NRNR36NR42102630587645743659272646 Godda40 3035991631301208346622001381131221351036042027385050NRNR37NR40100667588860932242302249 Koderma39 30359816012611780456014714110511814899551932737504640NR38NR38100655608059802143392640 OdishaBhubaneshwar40 3642103156117107804552NR157118NR1231075623027305128NRNR39524190NRNR8077873846302150 Cuttack41 36388316199102794652NR141104NR115945325327374942NRNRNRNRNRNRNRNRNRNRNRNRNRNRNRNR Sambalpur40 434898158111103764752NR158118NR1221154724028305040404538503990670NR72601003070402560 Rourkela35 383799157113109774552NR141101107112965418028335140354037403985462587350822046282341 Berhampur36 443978160123105754753NR1411061371171084924526353834NRNR384850624775370481133548542846 Jeypore44 3939101159119111814452NR151114NR1221085523027335137404036453790650NR7252613136252460 Balasore38 4038100172125117854652NR14495NR116965624026315940NRNR35NR37476205880601132572402543 Baripada36 32389616812010677475219014411111911793682302631544035NR364740986575970661002055302058 Balangir45 3738100154116113844252NR157112NR12510550NR27335040NRNR40NR4890630607245303040251340 Angul34 NR4070140134102784454NR130NRNR114NR4337425282824NRNR43NR4396NR50NR48NR40484542NR Boudhgarh32 NRNR80160120120904156NR135110NR11510047NR27404050NRNR4380437365057845810040103603040 DhenkanalNR NRNRNRNRNRNRNRNRNRNRNRNRNRNRNRNRNRNRNRNRNRNRNRNRNRNRNRNRNRNRNRNRNRNRNRNRNR Jagatsinghpur33 334485160NR1108040NRNR150139120110904320820374050NRNR40NR40105690587250812858393060 Kandhamal38 384597160134113835058NR142127NR1159555NR27325347NRNR393842716575975581072253522050 Keonjhar38 384290170125115804552NR138104NR114102583692735486550554950501106906084661053050352580 Malkangiri52 353389171128112814352NR146109NR112945633325394750NRNR36354070699578442803060203045 Nabarangpur44 274991165121107894458148117126108119895929725NRNRNR5361514346115355656243362357252253 Nayagarh38 NR4080160130120904452NR140118NR112905534026315340NRNR3543381206405780621202065352540 Nuapada40 40408216012011088NRNR180150130150130102NRNRNR383834NRNRNRNRNRNRNRNRNRNRNRNRNRNRNRNR Paralakhemundi Gajapati37 NR40NR1451111208540NRNR173142NR152NR45182273141534068395038586304868501052070302550 Puri38 354386160121115814452NR142114NR117975427626334943NRNR35NR37746035273451022224222053 Rayagada40 33428517012512585485217615311115811810048NR27344246NRNR39353970643557142981965322247 Sonepur39 NR4299159121115814448NR144111NR116955036512284635NRNRNRNRNRNRNRNRNRNRNRNRNRNRNRNR Bhadrak36 NR3988160122115824452NRNRNRNRNRNR553202630494045NR347038806405772471232025352140 Jharsuguda40 4439105170118112804650NR1451051071209750NR2735503038443880203100650585760653545564258 Kendrapara39 NR3699159119109814554NR139125NR112954722725305030NRNR3658391156805770601172257332550 JajpurNR NRNRNRNRNRNRNRNRNRNRNRNRNRNRNRNRNRNRNRNRNRNRNRNRNRNRNRNRNRNRNRNRNRNRNRNRNR Kalahandi39 394491162123116834553192147112121115975234328345140NRNR453650100609NR7158NR2570402855 West BengalKolkata49 NR361101721421231024756NR134122115123946326327336050NRNR46NR55117638587990883637311857 Siliguri34 28328417212011592455617512410511212899561741328405033424055501087355574521313071402546 Purulia36 NR3784174124116944654133133114116126995528126264644NRNR39NR48986505667501333353463142 Kharagpur49 343898169123116974655205139105112117956224127304947NRNR38NR401075355880671403673422838 Rampurhat45 293879159121118984556191132113113126995227122304553NRNR42NR4667625418465991742412734 Malda43 2642731551141101014255NR140961221411196131920324859NRNR34NR40516058175611373371452161 Raiganj38 28348116712310590444418013298122127985624810284656NRNRNRNRNRNRNRNRNRNRNRNRNRNRNRNR Alipurduar40 NR4476163113115954771NR128103112123975125510244834NRNR35NR3795593607120602070442523 Asansol46 NR3795166118119924565NR125121116125985029525344846NRNR36NR40966485774601052547483042 Balurghat53 3137981721351081004548NR145120109122964930211325558NRNR46NR491206106082701203070442460 Bankura36 NR3585161122125814766232140110105119935026226295049NRNR39NR50806855773501042250342248 Barasat46 2636871651251158946611791361221101229552242253049516655376541636135884631192666412545 Bardhaman48 NR371021641301151054556219133107105120915726025285040NRNR36NR36605205876601263068422659 Baruipur40 NR3284164124115914656NR13110699106965024626315247NRNR35NR3268602567360773248311044 Berhampore48 2838901651281191004658200139119119128995022717354950NRNR31NR4451553577238902961372229 Chinsurah48 NR358816112811810146522321301211101209750220263547535962346546564905471391192960392060 Cooch behar50 NR4275138120110974860NR135112112142102502902627486570804075471305605892401002080403060 Howrah52 NR3492166128121954758NR140121115129NR5828027294950NRNRNRNR5790617566658783266422745 Jalapiguri35 284585170127117914756NR1301251101251005030025284755NRNR35NR651004505880401003067462760 Jhargram44 NR4087165132111904854NR13511611112295392732930524544543472421225235668401223261322651 Kalimpong38 3438861721291201024648NR132114122147NR5738316405261NRNR4147451057275184521513892554251 Krishnagar35 NR35771431011119139431771091191031141054324525252644NRNR28NR4147253456621773557192921 Tamluk43 NR441011691221261114756NR134NR107128NR5527928335958NRNR33NR35716905573551492769442441 NORTH EAST ZONENORTH EAST ZONE  Andaman and NicobarPort Blair56 NR701021701601321025373NR162153NR12010573320236570757580587083758805984879035585335120 Mayabunder50 NR701051861621351005273212161183NR1181067031518708080NRNR829292145700601081001002472342757 Car Nicobar52 NR671051751701451105875262170150NR14011585285207165110NRNRNRNRNRNRNRNRNRNRNRNRNRNRNRNR Arunachal pradeshItanagar40 NR41105178133123955074NR117120127175NR7042017436172NRNR40NR5088702598763903083473371 Namsai37 NR361001801301201005074NR180NR145NRNR8028020355080NRNRNRNRNRNRNRNRNRNRNRNRNRNRNRNR Pasighat50 NR501051961531301006080167170130134157NR8919520406090NRNR40NR43109747979379904770694780 Tawang50 45451071751301201195570NR151118139165NR9936020385459NRNR42NR539368371928713943112654373 AssamGuwahati37 3235901651051158547702131601201251251206020014395674NRNRNRNRNRNRNRNRNRNRNRNRNRNRNRNR Barpeta35 3135811401001108548NRNR1561501651091375920012355058521473520948816265873535534293826102 Tinsukia37 NR37100175130115904774NR150140125130NR65180122854NRNRNR50NR50115NRNRNRNRNR30554030NR Dhubri35 32379517013010885487025014011511511510055180123055704070376047120700588040603060403050 Goalpara55 303377NR118100924362190172155NRNR1475023512226040NRNRNRNRNRNRNRNRNRNRNRNRNRNRNRNR Golaghat45 323688163931109750NRNR1461351351331336628314374560NRNRNRNRNRNRNRNRNRNRNRNRNRNRNRNR Mangaldai43 333890NR95118954770NR1361441411601226026914365840NRNRNRNRNRNRNRNRNRNRNRNRNRNRNRNR Mushalpur42 353685174NR118884671NR1521431531401094822010335652NRNR35NR4883467NR7152115NRNRNR2257 Udalguri41 273886159118116894773NR1421361181361025125720355255NRNRNRNRNRNRNRNRNRNRNRNRNRNRNRNR Bajali54 33339316512711990NRNRNRNRNRNRNRNRNRNRNRNRNRNRNRNRNRNRNRNRNRNRNRNRNRNRNRNRNRNR Hojai35 NR359016785115874875NR1451081281351136023110385963NRNR35NR448768757845314231102473642 Jorhat43 334298175971199748741831581521261621096721213345570NRNR55NR55786215384496235110512549 Bongaigaon44 NR359017595112984572NR1441521491651095034810355070NRNRNRNRNRNRNRNRNRNRNRNRNRNRNRNR Morigaon50 34359316311011910046671951501521331401106223810355580NRNRNRNRNRNRNRNRNRNRNRNRNRNRNRNR Sonari39 383883177NR1201004671NR162100140NRNR7121312345073NRNRNRNRNRNRNRNRNRNRNRNRNRNRNRNR Tamulpur38 3737102177117119884773NR146115126NR985725710326060NRNR37NRNR110750NR8440NRNRNR402660 Sivasagar47 NR3897177112119934775NR140132142NRNR5626310355561666053805312270760101528230105533264 Biswanath Chariali45 NR3075145NR105100NRNRNRNRNRNRNRNRNRNRNRNRNRNRNRNRNRNRNRNRNRNRNRNRNRNRNRNRNRNR Dibrugarh45 NR43106177131118934874NR153140121138NR6032023365857NRNR37NR50127NRNR8165NRNRNRNRNR57 Karimganj39 NR3899172137111844672NR145NR100132957024014365060NRNRNRNRNRNRNRNRNRNRNRNRNRNRNRNR Majuli50 NR369316891118974970NR134NR131NRNR5825615384880NRNR40NR70110NRNR724010775NR553240 Sonitpur Tezpur42 58369217510911710047691631471671421621204931010384946NRNRNRNRNRNRNRNRNRNRNRNRNRNRNRNR Haflong35 NR44100175NR1201005074NR140NR115140NR8026019406080NRNR45NR609078058904015042118664280 AS-Lakhimpur38 NR358917497117874671NR147125119126NR5517515355374NRNR35NR35102603497662813171462642 DiphuNR NRNRNRNRNRNRNRNRNRNRNRNRNRNRNRNRNRNRNRNRNRNRNRNRNRNRNRNRNRNRNRNRNRNRNRNRNR Nalbari44 NR40102171118119944776NR1431251181371026034010275377NRNR37NR3910257311384551703873603788 South Salmara Mankachar40 3335901701351208246NR2031481181401601035921711454870NRNR36NR59NRNRNR9063NRNRNRNRNR63 Kamrup39 NR3689172117119894574NR142NR118125986024219344968NRNRNRNRNRNRNRNRNRNRNRNRNRNRNRNR ManipurImphal53 454011019014013010053NRNR150150145NR1408022025456570NR5045608070630110858016050NR402055 ChandelNR NRNRNRNRNRNRNRNRNRNRNRNRNRNRNRNRNRNRNRNRNRNRNRNRNRNRNRNRNRNRNRNRNRNRNRNRNR JiribamNR NRNRNRNRNRNRNRNRNRNRNRNRNRNRNRNRNRNRNRNRNRNRNRNRNRNRNRNRNRNRNRNRNRNRNRNRNR KangpokpiNR NRNRNRNRNRNRNRNRNRNRNRNRNRNRNRNRNRNRNRNRNRNRNRNRNRNRNRNRNRNRNRNRNRNRNRNRNR SenapatiNR NRNRNRNRNRNRNRNRNRNRNRNRNRNRNRNRNRNRNRNRNRNRNRNRNRNRNRNRNRNRNRNRNRNRNRNRNR TamenglongNR NRNRNRNRNRNRNRNRNRNRNRNRNRNRNRNRNRNRNRNRNRNRNRNRNRNRNRNRNRNRNRNRNRNRNRNRNR ThoubalNR NRNRNRNRNRNRNRNRNRNRNRNRNRNRNRNRNRNRNRNRNRNRNRNRNRNRNRNRNRNRNRNRNRNRNRNRNR UkhrulNR NRNRNRNRNRNRNRNRNRNRNRNRNRNRNRNRNRNRNRNRNRNRNRNRNRNRNRNRNRNRNRNRNRNRNRNRNR MeghalayaShillong45 3836981801371271034874NR152130128NRNR703003045607760NR38NR381107005880631504070654587 Tura48 4040100180NR125904974NR145NR1251321007846018406070NRNR40NR70907535880601474192554180 Jowai45 393895NRNR120904974NR120NR120NRNR8032015406060NRNR39NR399066058807015030705031103 Sohra50 4038NRNRNR130904974NR120NR120NRNRNR33518487060NRNR39NR371036505885658040724531100 Mairang50 4040NRNRNR120905174NR122NR123NRNRNR34012406157NRNR39NR4093NR5884508130445334103 Nongpoh45 NR40100180NR123904874NR131131129180NR7748013407060NRNR40NR4211866059906015434115583687 Khliehriat44 3938100175NR11888NRNRNR125NR113NRNRNRNRNR475858NRNR39NR40737175872601203268503257 Williamnagar48 403895180NR120905070NR160NR147NR1008047015475070NRNR38NR6590749578455806470504050 Nongstoin45 4040NRNRNR130905073NR123150123NRNRNR33015405863NRNR39NR3910770060847015136835036140 Mawkyrwat45 3735NRNRNR120805074NR113NR113NRNRNR34516436063NRNR35NR361077006088777632842528140 MizoramAizawl50 4050901601401409550801651871531251531429352030505073NRNR90NR7016065058909024044118674393 Lunglei51 4248100150150150100527612721516813013811310052029496177NRNR50NR809055060100801604070604080 Kolasib45 404096160130117995078NR209NR111147107NR42328404578NR4040NR8014565560956510041110653643 Mamit50 NR40NRNRNRNR1005080NR130113123NRNR138448305053100NRNR43NR90825376096521374890574080 Champhai52 3560NRNRNRNR1005580NR180NR120NRNRNRNR305550127NRNR45NR80NRNR6010855100NRNR704760 Serchhip45 NR45NRNRNRNR1005078NRNRNR110NRNR100280304255100NRNR55NR40NR2401459655100NRNR43NR50 Siaha50 NR45NRNRNRNR1005070NR180NR130NRNRNR220304060100NRNR50100100120NR6010010015350855740100 Lawngtlai50 45501051601401401005080NR143NR132NR121120480304060120NRNR80NR8014066060NR80160601006040100 Hnahthial47 45451201651601351005080NR172110115NRNR130520305070100NRNR47NR90130620NR100807850906030100 Khawzawl45 4740100150120123975282NR184115120120113NR51330436097NR4245NR8285620639678117NR10358NR100 Saitual55 4556100NR100NR1005580NRNRNR110NRNRNR280304857110NRNR50NR9085NR1178980NRNR2558NR90 NagalandKohima45 40401101901401301005074NR120150120NRNRNR33020457070NRNR50NR901006505880601403090553070 Dimapur45 403565170105120905580200150NR170NR1658021019505060NRNR40NR5060300808045804060403550 Tuensang37 3855100NRNR12010050NRNR160NR165NRNRNR27520355085NRNR50NR50100NR5892801403090503060 Mokochung50 NR601001701301201005074NR120130150160NR7531015456060NRNR50NR6060600589660703091563650 Chumukedima45 NR38100175120118885075NR120150130163NR7831718407377NRNR40NR83130657659745103NRNR373253 Mon40 NR4590NRNR1301005070NR120NR130NRNR8034018406073NRNR50NR80NRNR609060NRNR65503750 Peren36 404090NR1201201005070NR131NR120NRNR9032015506078NRNR57NR8015065058NR581604099563750 Phek40 50501001901401601005072NR160NR170NRNRNR35020NRNRNRNRNR50NR10010033568NR601003563563040 Tseminyu50 NR50NRNRNR1301005070NR120NR130NRNRNR36015507070NRNR50NR60100660609650140371055740NR WokhaNR NRNRNRNRNRNRNRNRNRNRNRNRNRNRNRNRNRNRNRNRNRNRNRNRNRNRNRNRNRNRNRNRNRNRNRNRNR Zunheboto55 NR50NR160NR1401004575NR150NR140NRNR6024018406060NRNR55NR75140650120NR601604095554060 Kiphire39 NR441001801201101005570NR132NR142NRNR8033018456080NRNR50NR80100650559050903590555540 Longleng38 4050NR150NR120100NRNRNR160NR180NRNRNRNRNR254060NRNR65NR80130NR60906014030125503050 Niuland40 NR40NR150110115905070NR120NR120NRNR7026015355055NRNR40NR50120NR5884301003055403030 Shamator40 4560100155NR1101005075NR140NR145NR1409035520356075NRNR40NR601106506023060242425403055 Noklak40 506090NRNRNR10050NRNR130NR130NRNRNRNR204060100NRNR60NR60140NR589260NRNRNR60NR50 SikkimGangtok45 353587NR133130955065NR159115121143NR6030020386055NRNR50NR701207005890607540100653570 Gyalshing45 3638110NRNR1201005065NR154115132159NR6045020406565NRNR40NR801207355880801603080663070 Namchi57 404090NRNR1201005065NR160120120140NR7035023406080NRNR40NR801207495880801564094654270 Soreng45 353590NR110120955065NR154121126NRNR6044020356865NRNR40357010065058968015320100664070 Mangan50 403890170130130905060NR160121140NRNR6046020405070NRNR40NR7014079257968015642118654270 TripuraAgartala39 NR391001571331121024970NR1641371311651087020010376360NRNR38NR45976305688631203472462740 DharmanagarNR NRNRNRNRNRNRNRNRNRNRNRNRNRNRNRNRNRNRNRNRNRNRNRNRNRNRNRNRNRNRNRNRNRNRNRNRNR Belonia42 NR40NRNRNR1181125072NR145NR1181251088025012406570NRNR40NR43955506096707028754225102 TR-Udaipur38 NR36901451181091005072NR130108114128956016810406070NRNRNRNRNRNRNRNRNRNRNRNRNRNRNRNR SOUTH ZONESOUTH ZONE  Andhra PradeshVijaywada53 4858100173129118904668167137109NR1129459297NR47473938454355428355058634014120139402563 Visakhapatnam50 3942100158138123924354165145102NR112915724015345133404041424392640557235832540343040 Kurnool54 40388217012512090435617016111213312510155315264242203536374441866355863421241844282138 Tirupathi53 404085171126120944349172172NR1261128860320233844233943394248886035163631422589392942 Jammalamadugu54 363790165126120924266160174120NR115905419022414035NRNRNRNRNRNRNRNRNRNRNRNRNRNRNRNR DharmavaramNR NRNRNRNRNRNRNRNRNRNRNRNRNRNRNRNRNRNRNRNRNRNRNRNRNRNRNRNRNRNRNRNRNRNRNRNRNR OngoleNR NRNRNRNRNRNRNRNRNRNRNRNRNRNRNRNRNRNRNRNRNRNRNRNRNRNRNRNRNRNRNRNRNRNRNRNRNR KarnatakaBengaluru57 4042102160122118904452201140971271119161263182730184245374541955936066497320383227110 Dharwad54 4045971721371159042501741641191201059145268264553205358535848926305877671233483375155 Mangalore49 4041901681401159843521761481031341089559282234145343861424445100596599071932472442891 Mysore60 4261891731331219743451891561391391149860267245550214262624362964836264591018399907963 Bengaluru (East Range)56 4239104166132127924450147171101116115985825315454820494041434392643627158983257554250 Belagavi58 3840991601251098153541681641021141189844258163852265839363837954775465651282969422982 Kalaburagi56 444189165130124864456178146108119106914818615363226414838484098745986558482058182835 Tumakuru55 44401081601321229743521921621211301159655221214052154058404743107617587330472775302747 Bellary60 3940841591291208641481881501101311161005822824435610384038474397643627041822327262957 Dhavanagere59 456411016713011895445416315911712611610059293284560205157494745975975871581102598523644 Shivamogga58 45401071701401229842501921581071241119550233263850154855424547108630587445742465372350 Vijayapur58 39369016013890904155199163110114113934126011435018293135453570620587165532320333368 Ramanagara56 4245120165128122954548164185121160127945118715404820454445NR43100613NR7832703550413245 Raichur57 4341961621291098543581691461171291119155185154253235048454543100570557645902075383045 Chamarajanagar52 49468917212912595424718414711392112926025219394120NRNRNRNRNRNRNRNRNRNRNRNRNRNRNRNR Kolar39 3640901601401201103947120145152126110905024711465156NRNRNRNRNRNRNRNRNRNRNRNRNRNRNRNR Haveri58 424099165139121100425917712611512612610345250134855234141424141102650866849783748434237 Bagalkot57 44498316513711610640571791681041381331014427721374433504935453880525406153704050402560 Bidar51 40538215812512591417123614212811111097643251040501543585355531055895743791172451503372 Koppal55 394183160125111954149164154122125110964524512394525395340454397627436260612425292882 Mandya38 3738921621211209443481611311101291119147255153748123941393941108392387029442341292161 Yadgir55 45389516513511088425716115611312511294502101240603040544449411007125770581102439303052 Chikkamagalur57 424594163129113914349164163110102108905018516454833NRNRNRNRNRNRNRNRNRNRNRNRNRNRNRNR Bangalore Rural60 39518616314713094444618914798123117905225517455219NRNRNRNRNRNRNRNRNRNRNRNRNRNRNRNR Chikkaballapur55 48388516512611090414316214199110109904828814353840474940404093622438134773123353339 Chitradurga59 39618816512011710844481581651171191181076129028314716NRNRNRNRNRNRNRNRNRNRNRNRNRNRNRNR Gadag64 4044881491301201144570160165128131122994028012404555324032404080600606680422042302818 Hassan50 443989150130123824348167171116152154995016820385617404439424090603606730903034403347 Kodagu47 3341931671251179246511851401241201231015524418384931333646514386613617341413767473756 Udupi56 4549951571371251034454162170115133120985221026456039335351535310352710378521203598504097 Uttara Kannada54 46479317314712295454817715713212911799552472048514144514550451116214970611714269533966 Vijayanagara55 444490166128118954351173158121114109904519418404811293937384064552715960525141433468 KeralaT.Puram58 4242102175148128904652NR1651301311139683240155259304560485099110NR6563451101870322363 ErnakulamNR NRNRNRNRNRNRNRNRNRNRNRNRNRNRNRNRNRNRNRNRNRNRNRNRNRNRNRNRNRNRNRNRNRNRNRNRNR Kozhikode47 5041110NR1381401004453235165130NR120996222715415020NRNR444945107657NR7049881865242661 Thrissur48 46541031711331281004554NR175135NR12010557243165856304645475549122840586648981870292972 Palakkad42 4746106163137121854350219170145NR12411456180135353224937474547117637586560871865212562 Wayanad46 52421041751441371004452NR166146NR1221045922718485421NRNR4554471117096969521062175283159 Kasargod46 5343120NRNRNR1074261NRNR140NR108955123015435123NRNR475145117735566452922255493468 Kottayam56 4346100178130136924556NR187141NR118996123716495335NRNR4854431106956772551072075373165 Pathanamthitta57 343997186148138NR4553NRNRNRNR1371097023714555750NRNR4760NR1506306167601021876273280 Alapuzha45 4965NRNRNRNRNR4452NRNR138NR11510060NR12474735NRNR496747NR7186280601001977303172 Kollam44 NR43100NR145132924552NR165129NR120102NRNR16525640559046545590710656655872048242770 Idukki58 4342NR180NR127894460NR170145NR1301107020714505343NRNR4653451216907667501001965273167 Kannur51 4645108NR1601381004552NRNR173NR11995582591846531945454750471137375864471072155343370 Malapuram47 4542104185143125974356220160133NR12098572331349532355554044461076806066481041666202465 PuducherryPuducherry63 484389178148111914848228142143NR12011156326265157214372725076111678577236852548373255 Tamil NaduChennai58 4442100175139120864340178157111NR112927029725455830405043464895695587243922261282652 Madurai58 4364105174134114914646216162133NR11394592652749601943365651511277466166331114349302783 Dindigul56 4850105NR142122804460NR172121NR117103582841945551840495051491126985869391022261312453 Thiruchirapalli61 45631051691421201004443186160120NR1149362NR265858223867434563120710575764782164292460 Coimbatore54 424599168135119864440246161148NR1239655263264354213749474746107629576643813339181553 TirunelveliNR NRNRNRNRNRNRNRNRNRNRNRNRNRNRNRNRNRNRNRNRNRNRNRNRNRNRNRNRNRNRNRNRNRNRNRNRNR Cuddalore57 485286176142122974348183185135NR1098857293245054244364464849143695545438902270302461 Dharmapuri57 444098167134116884443218NR115NR12310152270254547203951554048110731686426932356312555 VelloreNR NRNRNRNRNRNRNRNRNRNRNRNRNRNRNRNRNRNRNRNRNRNRNRNRNRNRNRNRNRNRNRNRNRNRNRNRNR Ramanathapuram59 416295162131111914444207NR124NR12594522712751612638415246661137876962811043773433546 Erode58 504597166139121864545204189130NR12810255288255651204152535251111742666337792951191252 Karur68 5155104173142116914447217162117NR11999542951450602538705152521117006562508619NR322352 Perambalur55 NR6493174135121934543188165120NR1169556NR274654304073534554120700605540964760311366 Pudukkottai58 4763100171141121NR4545229NR146NR1149556NR2750603049514150781277086161511032760312768 Sivagangai52 4664110177145121904544212NR157NR12610157277266060303958535353128762656060823447201440 Thanjavur52 454097174146122854444189165126NR1139058260274847214160424748121690666055962472352642 The nilgiris62 4545107NRNR130924554207183115NR117936120728585221485050485181735686948912667412940 Thoothukudi54 4559103176145125864552225189127NR1099955306115050204671565157118757656033972461302750 Viluppuram55 4741105174123120884450170146112NR1129962NR254255223550414843105723626140782242261250 Virudhunagar55 4364103166134119854645213155125NR1199457293285452293849494751107713595944942159312697 Kanniyakumari57 395399163130115824441191155124NR1079656258255055253840375140109500606644931949282643 Namakkal63 4761103173133127984444191165122NR1099555NR264753293973515147123640706039904658301252 Tiruvannamalai53 486299175138117894465216187124NR1179358310275052234252444444100717NR56501002380352463 Tiruvarur58 476784139119119NR4252229134125NR1129052NR25506035285050475010063054603523011071027024050 TiruppurNR NRNRNRNRNRNRNRNRNRNRNRNRNRNRNRNRNRNRNRNRNRNRNRNRNRNRNRNRNRNRNRNRNRNRNRNRNR Tenkasi56 4659102174146122NR4466227NR122NR1159756275225251183648535358103737647239952159312557 Nagapattinam65 4865901901421281094350227163153NR1118956NR244035274863505253133580606053902070302463 Krishnagiri56 423896174132117884244209NR105NR123925231526445324384042414290745736639962054292450 Ariyalur55 NR64101178143120964444193180120NR11392552932652603345535545641226976565351014563331470 Kallakurichi55 4662101177128124884447181174118NR1119854NR274555223650434845120741616240812445271250 Kancheepuram55 4738102178140128954444197168132NR12110066NR265052283862445445102658587242942673331355 Salem52 454590175140130984445187157127NR1179748280NR495923376846444488667625533932164292442 Theni56 5057100168140117874548220173120NR116945327512495220395747408095748686233893553271253 Chengalpattu60 4560981831501351244740194193122NR118996731328536333357367447095640607272NRNR70NR2540 Mayiladuthurai59 506588177145128NR4444233185140NR11392583202748532045454650631077876366371005760301467 RanipetNR NRNRNRNRNRNRNRNRNRNRNRNRNRNRNRNRNRNRNRNRNRNRNRNRNRNRNRNRNRNRNRNRNRNRNRNRNR Tirupattur59 404490176138127994565182NR159NR109915427017425027355741424558632595844923095402847 Tiruvallur60 426095178146135954340219173119NR114916229828455025358060447096643607245903070272560 TelanganaHyderabad59 3939831631271109239521481489410411095512662039403332564448471045335664381182844392849 Karimnagar50 42538316312512089426615214299NR1109051310224042304641404941103592526445892341242434 Warangal56 394185163127115974060170164105NR1219255274163545443735385538805505563351182044252527 Adilabad53 4051831511221169040631541501081141109053320233057383529395035774805560521103330282138 Suryapet53 424286165130117944056152138NRNR111915226823324228315038453669550515933652441252439 Jadcherla55 36508316512711795395715314610311211210355292183645383336345336785285363311231846412334 Khammam54 404079163130112923959143143921021159149NRNR3544423335354933715175066301031844352537 Medchal56 4442851651301209240611781661101221209955282184653243735385538805405564401122147252546 Nizamabad55 42448316512811093415515816511111711910359333223539453835385538806334858751382666452935 Sangareddy56 4040831651281119540631631631041141221045227321373736343837513983530546633792248402638 Commodity NameCommodity NameRiceRiceWheatAtta (Wheat)Gram DalTur/Arhar DalUrad DalMoong DalMasoor DalSugarMilk @Groundnut Oil (Packed)Mustard Oil (Packed)Vanaspati (Packed)Soya Oil (Packed)Sunflower Oil (Packed)Palm Oil (Packed)GurTea LooseSalt Pack (Iodised)PotatoOnionTomatoBajra(whole)Jowar(whole)Maida(wheat)Ragi(whole)Suji(whole)BesanDesi GheeButter(Pasteurised)EggsBrinjalBlack Pepper(whole)Coriander(whole)Cummin Seed(whole)Red Chillies(whole)Turmeric(powder)BananaGIngerGarlic  Average Price1Average Price143.71 30.7235.7491.1164.57124.85115.9189.7644.758.72183.26140.11123.1119.49120.1899.4954.71266.9722.0537.148.145.6737.4946.339.956.0545.0398.98618.0757.675.2746.9899.1631.2460.1938.2127.8350.47 Maximum Price1Maximum Price168 587012019617016012460822622151831801901651385203071801277514790209203160880145230100240110710270240140 Minimum Price1Minimum Price128 22286512585886539401201099292105883815592226101721282525416820361924152017918 Modal Price1Modal Price140 283590160120120904460170130120120120100502202735504040403555401006505872401002060302540 Source:- State civil supplies Dept.Note:- All India Consumption Weighted Average Prices of Oils w.e.f 23-Feb-2022 and Wheat and Atta w.e.f 25-Feb-2023 NR -> Not Reported Unit for Black Pepper (powder),Coriander (powder),Cummin Seed (powder),Red Chillies (powder),Turmeric (powder),Butter (Pasteurised) - Rs/100gm Unit for Eggs - Rs/Dozen Developed by:- National Informatics Centre(NIC)",,,,,,,,,,,,,,,,,,,,,,,,,,,,,,,,,,,,,,,,,,,2024-08-29
"Source:- State civil supplies Dept.Note:- All India Consumption Weighted Average Prices of Oils w.e.f 23-Feb-2022 and Wheat and Atta w.e.f 25-Feb-2023 NR -> Not Reported Unit for Black Pepper (powder),Coriander (powder),Cummin Seed (powder),Red Chillies (powder),Turmeric (powder),Butter (Pasteurised) - Rs/100gm Unit for Eggs - Rs/Dozen Developed by:- National Informatics Centre(NIC)",,,,,,,,,,,,,,,,,,,,,,,,,,,,,,,,,,,,,,,,,,,2024-08-29
Source:- State civil supplies Dept.,Note:- All India Consumption Weighted Average Prices of Oils w.e.f 23-Feb-2022 and Wheat and Atta w.e.f 25-Feb-2023,NR -> Not Reported,,,,,,,,,,,,,,,,,,,,,,,,,,,,,,,,,,,,,,,,,2024-08-29
"Unit for Black Pepper (powder),Coriander (powder),Cummin Seed (powder),Red Chillies (powder),Turmeric (powder),Butter (Pasteurised) - Rs/100gm","Unit for Black Pepper (powder),Coriander (powder),Cummin Seed (powder),Red Chillies (powder),Turmeric (powder),Butter (Pasteurised) - Rs/100gm",,,,,,,,,,,,,,,,,,,,,,,,,,,,,,,,,,,,,,,,,,2024-08-29
,Unit for Eggs - Rs/Dozen,,,,,,,,,,,,,,,,,,,,,,,,,,,,,,,,,,,,,,,,,,2024-08-29
Developed by:- National Informatics Centre(NIC),Developed by:- National Informatics Centre(NIC),,,,,,,,,,,,,,,,,,,,,,,,,,,,,,,,,,,,,,,,,,2024-08-29
,,,,,,,,,,,,,,,,,,,,,,,,,,,,,,,,,,,,,,,,,,,2024-08-29
