State,Centre,Rice,Broken Rice,Wheat,Atta (Wheat),Gram Dal,Tur/Arhar Dal,Urad Dal,Moong Dal,Masoor Dal,Sugar,Milk @,Groundnut Oil (Packed),Mustard Oil (Packed),Vanaspati (Packed),Soya Oil (Packed),Sunflower Oil (Packed),Palm Oil (Packed),Gur,Tea Loose,Salt Pack (Iodised),Potato,Onion,Tomato,Bajra (whole),Jowar (whole),Maida (wheat),Ragi (whole),Suji (whole),Besan,Desi Ghee,Butter (Pasteurised),Eggs,Brinjal,Black Pepper (whole),Coriander (whole),Cummin Seed (whole),Red Chillies (whole),Turmeric (powder),Banana,Ginger,Garlic,Date
Unit,Qty,1 Kg,1 Kg,1 Kg,1 Kg,1 Kg,1 Kg,1 Kg,1 Kg,1 Kg,1 Kg,1 ltr,1 Kg,1 Kg,1 Kg,1 Kg,1 Kg,1 Kg,1 Kg,1 Kg,1 Kg,1 Kg,1 Kg,1 Kg,1 Kg,1 Kg,1 Kg,1 Kg,1 Kg,1 Kg,1 Kg,100 gm,Dozen,1 Kg,100 gm,250 gm,100 gm,100 gm,50 gm,1 Kg,100 gm,100 gm,2024-02-05
Average Price,Average Price,44.02,,31.08,36.13,82.62,148.68,122.74,116.2,93.49,44.53,58.34,190.55,135.81,124.85,122.86,123.52,98.37,52.87,282.33,22.4,22.19,33.78,34.24,,,,,,,,,,,,,,,,,,,2024-02-05
Maximum Price,Maximum Price,70,,62,69,137,207,175,180,157,70,83,262,235,220,189,240,176,167,560,33,70,80,87,,,,,,,,,,,,,,,,,,,2024-02-05
Minimum Price,Minimum Price,27,,21,27,60,87,82,81,70,37,37,115,103,90,93,93,77,36,157,9,7,15,12,,,,,,,,,,,,,,,,,,,2024-02-05
Modal Price,Modal Price,40,,28,35,80,160,120,120,100,44,60,180,130,120,120,115,90,50,300,28,20,30,30,,,,,,,,,,,,,,,,,,,2024-02-05
NORTH ZONE,NORTH ZONE,,,,,,,,,,,,,,,,,,,,,,,,,,,,,,,,,,,,,,,,,,2024-02-05
Chandigarh,Chandigarh,42,,32,36,80,135,115,113,94,45,59,190,150,128,130,145,105,51,276,27,12,37,45,,,,,,,,,,,,,,,,,,,2024-02-05
Delhi,Delhi,40,,29,31,80,157,143,118,87,44,54,211,143,119,126,133,98,57,248,26,15,33,42,,,,,,,,,,,,,,,,,,,2024-02-05
Haryana,Hisar,33,,27,28,70,143,106,105,74,42,57,188,119,104,116,123,101,40,242,24,12,25,28,,,,,,,,,,,,,,,,,,,2024-02-05
Haryana,Karnal,62,,32,38,86,125,122,123,125,45,66,180,135,135,143,174,133,43,279,30,NR,NR,NR,,,,,,,,,,,,,,,,,,,2024-02-05
Haryana,Panchkula,35,,33,36,81,133,102,111,94,45,59,151,128,127,111,153,91,51,218,26,24,55,30,,,,,,,,,,,,,,,,,,,2024-02-05
Haryana,Gurgaon,40,,25,35,65,100,95,90,88,42,56,185,165,130,137,163,100,44,190,20,15,35,30,,,,,,,,,,,,,,,,,,,2024-02-05
Himachal Pradesh,Shimla,42,,NR,37,85,167,143,122,96,50,60,214,164,129,121,NR,NR,55,218,28,16,32,50,,,,,,,,,,,,,,,,,,,2024-02-05
Himachal Pradesh,Mandi,40,,NR,34,80,167,137,122,83,46,47,220,156,121,115,141,114,50,270,28,14,35,52,,,,,,,,,,,,,,,,,,,2024-02-05
Himachal Pradesh,Dharamshala,28,,NR,30,81,153,128,125,93,45,40,NR,159,137,138,NR,NR,47,220,28,25,40,40,,,,,,,,,,,,,,,,,,,2024-02-05
Himachal Pradesh,Solan,40,,NR,32,81,164,126,113,85,45,50,214,161,129,117,135,NR,49,220,28,12,28,60,,,,,,,,,,,,,,,,,,,2024-02-05
Himachal Pradesh,Una,39,,NR,31,79,141,121,116,86,43,62,NR,141,119,117,NR,NR,46,224,28,14,31,51,,,,,,,,,,,,,,,,,,,2024-02-05
Himachal Pradesh,Bilaspur-hp,44,,NR,31,80,162,132,114,87,47,58,NR,161,128,131,NR,NR,43,318,27,12,30,60,,,,,,,,,,,,,,,,,,,2024-02-05
Himachal Pradesh,Chamba,36,,NR,35,80,156,130,120,89,50,55,NR,163,129,119,NR,NR,44,235,28,21,33,49,,,,,,,,,,,,,,,,,,,2024-02-05
Himachal Pradesh,Hamirpur-HP,38,,NR,31,76,148,124,113,86,45,65,NR,166,137,NR,NR,NR,47,259,28,18,27,47,,,,,,,,,,,,,,,,,,,2024-02-05
Himachal Pradesh,Kullu,39,,NR,31,80,160,131,109,84,46,40,NR,157,120,110,141,NR,42,230,27,20,40,60,,,,,,,,,,,,,,,,,,,2024-02-05
Himachal Pradesh,Sirmour,37,,21,34,62,110,97,91,96,45,50,228,165,135,143,155,121,41,327,25,29,37,42,,,,,,,,,,,,,,,,,,,2024-02-05
Himachal Pradesh,Kinnaur,40,,NR,35,84,148,131,110,80,50,45,NR,136,127,134,132,NR,42,229,27,25,40,43,,,,,,,,,,,,,,,,,,,2024-02-05
Himachal Pradesh,Lahaul & Spiti,40,,NR,37,90,165,120,110,100,50,70,NR,187,160,NR,NR,NR,55,365,28,40,53,60,,,,,,,,,,,,,,,,,,,2024-02-05
Jammu and Kashmir,Srinagar,40,,43,58,107,120,120,140,110,49,47,240,139,143,140,183,NR,50,320,28,28,40,47,,,,,,,,,,,,,,,,,,,2024-02-05
Jammu and Kashmir,Jammu,42,,30,36,83,168,133,120,100,47,50,NR,148,130,137,142,103,49,290,28,17,32,48,,,,,,,,,,,,,,,,,,,2024-02-05
Jammu and Kashmir,Poonch,NR,,NR,NR,NR,NR,NR,NR,NR,NR,NR,NR,NR,NR,NR,NR,NR,NR,NR,NR,NR,NR,NR,,,,,,,,,,,,,,,,,,,2024-02-05
Jammu and Kashmir,Kupwara,36,,26,33,90,110,110,120,100,60,48,NR,148,145,143,148,142,50,307,24,23,38,43,,,,,,,,,,,,,,,,,,,2024-02-05
Jammu and Kashmir,Udhampur,NR,,NR,NR,NR,NR,NR,NR,NR,NR,NR,NR,NR,NR,NR,NR,NR,NR,NR,NR,NR,NR,NR,,,,,,,,,,,,,,,,,,,2024-02-05
Jammu and Kashmir,Shopian,40,,47,46,117,123,122,123,117,50,48,NR,155,140,140,132,NR,48,330,28,38,62,62,,,,,,,,,,,,,,,,,,,2024-02-05
Jammu and Kashmir,Samba,60,,27,32,75,150,130,120,90,46,55,NR,125,120,115,135,95,50,300,28,15,27,50,,,,,,,,,,,,,,,,,,,2024-02-05
Jammu and Kashmir,Ramban,52,,NR,33,83,150,113,112,97,50,60,NR,150,140,120,NR,NR,52,320,25,20,35,60,,,,,,,,,,,,,,,,,,,2024-02-05
Jammu and Kashmir,Rajouri,NR,,NR,NR,NR,NR,NR,NR,NR,NR,NR,NR,NR,NR,NR,NR,NR,NR,NR,NR,NR,NR,NR,,,,,,,,,,,,,,,,,,,2024-02-05
Jammu and Kashmir,Kishtwar,NR,,NR,NR,NR,NR,NR,NR,NR,NR,NR,NR,NR,NR,NR,NR,NR,NR,NR,NR,NR,NR,NR,,,,,,,,,,,,,,,,,,,2024-02-05
Jammu and Kashmir,Doda,NR,,NR,NR,NR,NR,NR,NR,NR,NR,NR,NR,NR,NR,NR,NR,NR,NR,NR,NR,NR,NR,NR,,,,,,,,,,,,,,,,,,,2024-02-05
Jammu and Kashmir,Baramulla,NR,,NR,NR,NR,NR,NR,NR,NR,NR,NR,NR,NR,NR,NR,NR,NR,NR,NR,NR,NR,NR,NR,,,,,,,,,,,,,,,,,,,2024-02-05
Jammu and Kashmir,Reasi,NR,,NR,NR,NR,NR,NR,NR,NR,NR,NR,NR,NR,NR,NR,NR,NR,NR,NR,NR,NR,NR,NR,,,,,,,,,,,,,,,,,,,2024-02-05
Jammu and Kashmir,Kathua,NR,,NR,NR,NR,NR,NR,NR,NR,NR,NR,NR,NR,NR,NR,NR,NR,NR,NR,NR,NR,NR,NR,,,,,,,,,,,,,,,,,,,2024-02-05
Punjab,Amritsar,33,,28,36,80,160,120,110,110,43,54,190,120,108,107,130,NR,49,272,25,11,22,55,,,,,,,,,,,,,,,,,,,2024-02-05
Punjab,Ludhiana,37,,24,32,82,160,140,115,90,44,60,205,137,112,117,130,NR,50,280,27,11,30,43,,,,,,,,,,,,,,,,,,,2024-02-05
Punjab,Bathinda,36,,23,30,80,163,133,120,98,45,58,220,135,115,118,132,98,58,320,25,15,32,47,,,,,,,,,,,,,,,,,,,2024-02-05
Punjab,Barnala,39,,23,28,80,158,115,108,85,45,54,208,110,110,102,120,90,41,317,28,19,35,42,,,,,,,,,,,,,,,,,,,2024-02-05
Punjab,Hoshiarpur,33,,25,29,92,138,118,120,110,43,62,200,120,140,125,140,110,64,263,20,14,32,55,,,,,,,,,,,,,,,,,,,2024-02-05
Punjab,Faridkot,42,,23,32,82,163,127,127,92,45,55,233,122,122,113,137,93,52,313,28,22,32,53,,,,,,,,,,,,,,,,,,,2024-02-05
Punjab,Mansa,40,,24,28,92,130,110,98,97,45,51,NR,132,127,127,NR,NR,51,277,28,20,30,33,,,,,,,,,,,,,,,,,,,2024-02-05
Punjab,Sri Muktsar Sahib,39,,25,29,82,163,120,115,93,43,62,203,110,108,105,105,90,45,250,27,17,33,53,,,,,,,,,,,,,,,,,,,2024-02-05
Punjab,Dera Bassi,36,,23,30,80,160,125,120,100,44,56,NR,128,118,115,NR,NR,53,227,28,10,22,27,,,,,,,,,,,,,,,,,,,2024-02-05
Punjab,Sangrur,40,,25,30,76,159,111,105,75,45,60,156,125,101,101,120,94,41,220,29,10,20,48,,,,,,,,,,,,,,,,,,,2024-02-05
Punjab,Ropar,38,,28,32,85,163,142,123,103,43,62,220,123,113,110,135,97,55,268,28,14,22,43,,,,,,,,,,,,,,,,,,,2024-02-05
Punjab,Amargarh,40,,25,30,80,172,118,120,80,45,60,158,115,110,110,125,95,40,250,28,15,20,50,,,,,,,,,,,,,,,,,,,2024-02-05
Punjab,Fatehgarh Sahib,48,,25,35,90,120,120,105,105,45,65,200,125,118,117,162,115,50,240,26,10,35,35,,,,,,,,,,,,,,,,,,,2024-02-05
Punjab,Ferozepur,41,,26,32,91,180,141,121,101,44,61,221,118,118,120,147,97,49,281,28,9,25,44,,,,,,,,,,,,,,,,,,,2024-02-05
Punjab,Kapurthala,36,,25,31,78,132,127,126,108,46,66,213,123,131,128,138,112,68,257,22,12,35,55,,,,,,,,,,,,,,,,,,,2024-02-05
Uttar Pradesh,Lucknow,40,,30,35,83,150,125,116,82,45,66,215,135,113,116,120,105,45,280,27,14,22,37,,,,,,,,,,,,,,,,,,,2024-02-05
Uttar Pradesh,Kanpur,35,,27,32,82,160,132,130,120,46,60,196,144,113,126,140,117,56,234,26,15,30,35,,,,,,,,,,,,,,,,,,,2024-02-05
Uttar Pradesh,Varanasi,42,,29,35,85,155,121,119,82,48,67,219,138,127,127,138,116,55,281,28,17,31,30,,,,,,,,,,,,,,,,,,,2024-02-05
Uttar Pradesh,Agra,44,,29,30,85,133,107,101,87,45,67,174,117,107,108,107,101,39,240,28,10,26,25,,,,,,,,,,,,,,,,,,,2024-02-05
Uttar Pradesh,Jhansi,43,,24,32,78,155,104,111,81,45,52,191,121,111,102,121,112,43,210,26,18,28,24,,,,,,,,,,,,,,,,,,,2024-02-05
Uttar Pradesh,Meerut,36,,30,36,81,128,115,113,107,44,63,157,148,147,150,172,146,52,244,24,13,23,33,,,,,,,,,,,,,,,,,,,2024-02-05
Uttar Pradesh,Allahabad,36,,34,38,78,142,114,112,96,45,62,170,150,142,134,172,112,52,250,24,22,32,26,,,,,,,,,,,,,,,,,,,2024-02-05
Uttar Pradesh,Gorakhpur,37,,24,39,69,139,104,114,74,43,59,214,129,134,109,139,89,49,219,27,14,29,34,,,,,,,,,,,,,,,,,,,2024-02-05
Uttar Pradesh,Saharanpur,32,,27,34,83,164,130,120,103,43,69,166,128,123,130,153,119,49,255,28,13,28,31,,,,,,,,,,,,,,,,,,,2024-02-05
Uttar Pradesh,Bareilly,36,,26,31,88,155,135,115,115,42,66,193,122,112,117,123,95,47,317,28,9,30,37,,,,,,,,,,,,,,,,,,,2024-02-05
Uttar Pradesh,Ayodhya,32,,26,31,72,150,95,105,89,41,55,193,158,122,137,175,97,46,217,28,40,30,24,,,,,,,,,,,,,,,,,,,2024-02-05
Uttar Pradesh,Moradabad,36,,25,32,77,144,114,110,93,42,61,189,138,127,130,156,109,46,256,25,14,33,29,,,,,,,,,,,,,,,,,,,2024-02-05
Uttar Pradesh,Aligarh,40,,28,34,80,170,140,110,110,44,60,208,122,118,111,148,137,49,242,27,13,42,28,,,,,,,,,,,,,,,,,,,2024-02-05
Uttar Pradesh,Mirzapur (Vindhyanchal),NR,,NR,NR,NR,NR,NR,NR,NR,NR,NR,NR,NR,NR,NR,NR,NR,NR,NR,NR,NR,NR,NR,,,,,,,,,,,,,,,,,,,2024-02-05
Uttar Pradesh,Banda,36,,30,36,75,150,112,110,80,44,64,198,123,115,109,164,109,52,180,22,11,31,32,,,,,,,,,,,,,,,,,,,2024-02-05
Uttar Pradesh,Azamgarh,35,,30,31,83,151,113,115,95,44,65,221,150,128,128,123,98,45,280,28,12,29,25,,,,,,,,,,,,,,,,,,,2024-02-05
Uttar Pradesh,Gonda (Devipatan),37,,28,35,80,175,130,115,100,45,64,185,138,155,160,190,140,49,340,27,26,47,41,,,,,,,,,,,,,,,,,,,2024-02-05
Uttar Pradesh,Amethi,37,,25,40,73,125,91,112,89,44,62,189,163,134,153,190,118,50,259,25,22,46,38,,,,,,,,,,,,,,,,,,,2024-02-05
Uttar Pradesh,Barabanki,39,,29,33,80,154,120,119,100,45,64,203,150,135,150,175,119,49,220,28,15,29,33,,,,,,,,,,,,,,,,,,,2024-02-05
Uttar Pradesh,Bhadohi,34,,23,29,65,115,85,100,89,42,60,190,160,145,145,185,105,50,235,25,11,28,25,,,,,,,,,,,,,,,,,,,2024-02-05
Uttar Pradesh,Chandauli,30,,24,33,78,143,120,119,76,43,60,136,120,120,110,122,93,56,247,26,12,20,12,,,,,,,,,,,,,,,,,,,2024-02-05
Uttar Pradesh,Farrukhabad,44,,24,31,73,142,115,110,88,44,66,175,132,118,123,165,99,45,247,26,9,28,42,,,,,,,,,,,,,,,,,,,2024-02-05
Uttar Pradesh,Ghazipur,34,,26,35,89,156,121,121,102,42,69,220,135,126,125,146,104,51,212,28,14,26,33,,,,,,,,,,,,,,,,,,,2024-02-05
Uttar Pradesh,Jaunpur,40,,27,35,81,151,120,119,81,44,62,189,138,123,114,163,90,56,257,28,17,25,26,,,,,,,,,,,,,,,,,,,2024-02-05
Uttar Pradesh,UP-Pratapgarh,39,,26,31,80,145,127,120,80,44,68,207,135,117,117,118,93,53,266,27,14,23,28,,,,,,,,,,,,,,,,,,,2024-02-05
Uttar Pradesh,Sambhal,40,,24,32,75,130,120,100,90,41,60,173,130,142,142,175,128,38,217,29,10,30,22,,,,,,,,,,,,,,,,,,,2024-02-05
Uttar Pradesh,Santkabir Nagar,32,,25,32,76,125,115,112,96,43,62,183,150,145,145,175,NR,44,257,28,14,45,40,,,,,,,,,,,,,,,,,,,2024-02-05
Uttar Pradesh,Shahjahanpur,38,,26,33,98,135,133,127,130,44,67,203,169,165,168,180,142,47,263,26,24,33,40,,,,,,,,,,,,,,,,,,,2024-02-05
Uttar Pradesh,Sitapur,NR,,NR,NR,NR,NR,NR,NR,NR,NR,NR,NR,NR,NR,NR,NR,NR,NR,NR,NR,NR,NR,NR,,,,,,,,,,,,,,,,,,,2024-02-05
Uttar Pradesh,Sultanpur,34,,28,42,93,148,96,105,98,44,55,215,169,128,166,176,116,48,228,29,14,49,43,,,,,,,,,,,,,,,,,,,2024-02-05
Uttar Pradesh,Unnao,44,,27,31,78,163,118,113,85,45,58,198,133,118,123,157,99,48,230,26,11,28,30,,,,,,,,,,,,,,,,,,,2024-02-05
Uttar Pradesh,Ambedkar Nagar,45,,28,36,82,118,115,117,95,46,60,200,167,140,160,168,133,58,190,27,18,42,33,,,,,,,,,,,,,,,,,,,2024-02-05
Uttar Pradesh,Amroha,40,,26,30,80,140,100,120,100,44,50,197,140,140,147,180,100,41,200,25,20,30,25,,,,,,,,,,,,,,,,,,,2024-02-05
Uttar Pradesh,Baghpat,40,,NR,30,80,150,120,110,100,42,63,213,135,121,121,121,100,45,203,27,11,29,40,,,,,,,,,,,,,,,,,,,2024-02-05
Uttar Pradesh,Bijnor,NR,,NR,NR,NR,NR,NR,NR,NR,NR,NR,NR,NR,NR,NR,NR,NR,NR,NR,NR,NR,NR,NR,,,,,,,,,,,,,,,,,,,2024-02-05
Uttar Pradesh,Budaun,41,,26,32,86,113,115,100,93,45,60,202,119,117,116,120,90,49,295,28,9,29,32,,,,,,,,,,,,,,,,,,,2024-02-05
Uttar Pradesh,Etah,40,,27,33,70,155,100,105,95,45,65,205,140,143,140,158,118,49,285,27,11,23,30,,,,,,,,,,,,,,,,,,,2024-02-05
Uttar Pradesh,Fatehpur,35,,24,42,75,120,155,115,100,45,68,215,167,128,137,176,120,50,225,28,16,45,28,,,,,,,,,,,,,,,,,,,2024-02-05
Uttar Pradesh,Ghaziabad,35,,31,33,85,177,132,123,107,44,65,203,123,125,113,132,103,47,206,27,18,32,37,,,,,,,,,,,,,,,,,,,2024-02-05
Uttar Pradesh,Hardoi,45,,26,33,82,155,136,134,90,45,68,220,137,127,129,163,100,53,240,27,11,31,30,,,,,,,,,,,,,,,,,,,2024-02-05
Uttar Pradesh,Jalaun,34,,28,32,85,157,107,104,90,42,55,185,142,154,152,173,103,50,230,28,12,25,28,,,,,,,,,,,,,,,,,,,2024-02-05
Uttar Pradesh,Kaushambi,43,,25,40,75,147,132,98,88,44,59,171,145,123,132,166,122,49,229,29,20,32,30,,,,,,,,,,,,,,,,,,,2024-02-05
Uttar Pradesh,Kushinagar,38,,33,38,80,158,124,139,85,46,70,188,145,135,130,158,99,48,245,28,16,31,35,,,,,,,,,,,,,,,,,,,2024-02-05
Uttar Pradesh,Lakhimpur Kheri,40,,27,32,74,148,97,106,88,45,55,NR,NR,NR,NR,NR,NR,55,220,28,10,28,20,,,,,,,,,,,,,,,,,,,2024-02-05
Uttar Pradesh,Pilibhit,39,,28,32,82,143,135,127,132,44,66,210,145,145,140,155,115,42,265,28,16,50,28,,,,,,,,,,,,,,,,,,,2024-02-05
Uttar Pradesh,Sharwasti,34,,27,33,80,147,125,118,84,44,52,148,142,115,123,NR,95,44,202,28,11,24,27,,,,,,,,,,,,,,,,,,,2024-02-05
Uttar Pradesh,Siddharth Nagar,41,,29,30,81,158,120,137,83,45,62,166,142,126,132,165,90,50,230,27,16,32,22,,,,,,,,,,,,,,,,,,,2024-02-05
Uttar Pradesh,Sonbhadra,46,,30,35,78,172,102,107,96,48,60,208,141,140,146,173,119,49,297,25,14,33,26,,,,,,,,,,,,,,,,,,,2024-02-05
Uttar Pradesh,Rampur,53,,26,30,79,125,107,109,89,42,53,159,129,127,112,141,92,45,255,16,14,26,38,,,,,,,,,,,,,,,,,,,2024-02-05
Uttar Pradesh,Bahraich,35,,26,33,68,155,130,110,96,41,45,155,148,137,144,127,120,43,250,28,19,33,25,,,,,,,,,,,,,,,,,,,2024-02-05
Uttar Pradesh,Basti,40,,22,30,70,145,110,105,82,42,64,155,140,133,130,148,98,47,242,25,20,40,30,,,,,,,,,,,,,,,,,,,2024-02-05
Uttar Pradesh,Etawah,44,,29,35,85,166,128,101,91,NR,NR,NR,NR,NR,NR,NR,NR,NR,NR,NR,NR,NR,NR,,,,,,,,,,,,,,,,,,,2024-02-05
Uttar Pradesh,Muzzafarnagar,42,,28,31,73,108,106,105,104,44,74,145,125,124,120,163,104,37,225,27,9,31,25,,,,,,,,,,,,,,,,,,,2024-02-05
Uttar Pradesh,Chitrakoot,32,,25,31,80,133,100,105,85,45,50,207,133,122,122,170,108,44,220,28,15,30,30,,,,,,,,,,,,,,,,,,,2024-02-05
Uttar Pradesh,Hamirpur-UP,43,,28,33,75,151,140,108,89,45,69,189,143,143,142,191,99,50,278,26,15,29,26,,,,,,,,,,,,,,,,,,,2024-02-05
Uttar Pradesh,Deoria,43,,30,32,73,142,102,104,100,44,58,206,132,125,123,153,139,45,224,27,15,25,31,,,,,,,,,,,,,,,,,,,2024-02-05
Uttar Pradesh,Hapur,35,,27,34,78,153,125,110,103,42,65,190,142,123,125,125,100,43,220,27,13,28,30,,,,,,,,,,,,,,,,,,,2024-02-05
Uttar Pradesh,Bulandshahr,40,,24,35,85,140,100,100,90,44,70,NR,120,120,120,188,100,40,250,26,19,33,32,,,,,,,,,,,,,,,,,,,2024-02-05
Uttar Pradesh,Kanpur Dehat,40,,25,30,85,160,127,97,90,45,66,180,125,135,135,155,95,45,210,28,10,30,35,,,,,,,,,,,,,,,,,,,2024-02-05
Uttar Pradesh,Hathras,38,,27,29,80,127,113,100,92,41,65,165,115,133,110,173,140,44,220,25,11,37,28,,,,,,,,,,,,,,,,,,,2024-02-05
Uttar Pradesh,Raebareli,42,,30,33,78,152,123,112,88,45,67,222,127,113,112,138,102,48,223,27,15,37,29,,,,,,,,,,,,,,,,,,,2024-02-05
Uttar Pradesh,Lalitpur,36,,23,29,66,135,92,92,94,41,53,172,132,129,126,188,134,39,258,25,19,17,22,,,,,,,,,,,,,,,,,,,2024-02-05
Uttar Pradesh,Mohaba,31,,26,31,83,162,101,101,87,47,58,153,130,115,127,173,112,52,195,28,20,20,40,,,,,,,,,,,,,,,,,,,2024-02-05
Uttar Pradesh,Gautam Budh Nagar,38,,28,32,83,160,119,118,83,43,66,235,148,118,126,139,100,55,262,27,10,24,37,,,,,,,,,,,,,,,,,,,2024-02-05
Uttar Pradesh,Auraiya,37,,26,34,65,123,90,92,81,42,69,181,162,132,131,181,134,52,262,27,10,31,36,,,,,,,,,,,,,,,,,,,2024-02-05
Uttar Pradesh,Maharajganj,33,,28,33,81,150,120,120,80,43,63,203,138,115,129,175,101,46,213,27,16,24,33,,,,,,,,,,,,,,,,,,,2024-02-05
Uttar Pradesh,Balrampur,34,,27,33,73,134,127,116,88,44,NR,210,131,116,119,129,92,52,208,29,11,32,32,,,,,,,,,,,,,,,,,,,2024-02-05
Uttar Pradesh,Kannauj,35,,24,32,75,160,95,100,85,42,66,178,135,130,135,182,118,44,245,27,20,38,21,,,,,,,,,,,,,,,,,,,2024-02-05
Uttar Pradesh,Mathura,34,,29,34,70,113,92,96,95,40,62,171,146,143,144,168,108,36,267,29,11,32,25,,,,,,,,,,,,,,,,,,,2024-02-05
Uttar Pradesh,Firozabad,38,,35,37,82,115,118,112,118,40,65,190,158,117,142,182,111,45,300,29,13,39,42,,,,,,,,,,,,,,,,,,,2024-02-05
Uttar Pradesh,Kasganj,50,,27,31,77,139,120,118,113,43,66,192,133,123,115,145,90,50,245,28,7,29,42,,,,,,,,,,,,,,,,,,,2024-02-05
Uttar Pradesh,Mainpuri,33,,25,32,66,110,100,100,88,39,69,177,153,122,134,164,110,43,248,30,20,25,20,,,,,,,,,,,,,,,,,,,2024-02-05
Uttar Pradesh,Shamli,38,,26,29,70,128,125,110,103,43,68,205,127,120,117,143,102,50,270,26,10,20,40,,,,,,,,,,,,,,,,,,,2024-02-05
Uttar Pradesh,Ballia,32,,28,32,83,167,112,109,100,45,56,200,158,148,147,147,150,50,243,27,15,32,21,,,,,,,,,,,,,,,,,,,2024-02-05
Uttar Pradesh,Mau,39,,25,32,85,149,117,119,85,45,62,204,128,116,119,118,94,50,274,27,12,32,22,,,,,,,,,,,,,,,,,,,2024-02-05
Uttarakhand,Dehradun,38,,25,37,80,163,110,115,100,46,57,145,125,120,123,165,NR,48,287,30,16,37,28,,,,,,,,,,,,,,,,,,,2024-02-05
Uttarakhand,Haldwani,36,,33,34,100,97,100,96,100,40,57,148,148,151,149,150,143,51,254,28,11,27,48,,,,,,,,,,,,,,,,,,,2024-02-05
Uttarakhand,Rudrapur,36,,27,33,90,180,120,120,110,42,63,179,139,139,120,125,88,51,217,28,11,24,26,,,,,,,,,,,,,,,,,,,2024-02-05
Uttarakhand,Haridwar,NR,,NR,NR,NR,NR,NR,NR,NR,NR,NR,NR,NR,NR,NR,NR,NR,NR,NR,NR,NR,NR,NR,,,,,,,,,,,,,,,,,,,2024-02-05
WEST ZONE,WEST ZONE,,,,,,,,,,,,,,,,,,,,,,,,,,,,,,,,,,,,,,,,,,2024-02-05
Chhattisgarh,Raipur,37,,42,43,85,145,128,113,95,45,55,198,135,133,113,133,98,44,247,27,27,33,32,,,,,,,,,,,,,,,,,,,2024-02-05
Chhattisgarh,Durg,37,,38,40,79,150,125,123,84,44,54,190,116,110,114,112,104,56,238,15,21,28,13,,,,,,,,,,,,,,,,,,,2024-02-05
Chhattisgarh,Ambikapur,30,,30,30,92,175,109,102,105,41,40,189,190,170,170,173,156,38,268,11,20,30,20,,,,,,,,,,,,,,,,,,,2024-02-05
Chhattisgarh,Bilaspur-CG,40,,28,30,80,155,90,100,90,40,50,185,182,153,160,174,137,45,203,26,27,62,35,,,,,,,,,,,,,,,,,,,2024-02-05
Chhattisgarh,Jagdalpur,39,,36,46,111,174,106,102,98,43,51,194,157,101,132,136,101,39,351,24,22,29,15,,,,,,,,,,,,,,,,,,,2024-02-05
Chhattisgarh,Dantewada,48,,38,38,88,152,128,118,78,44,73,230,139,110,99,115,94,59,559,28,23,33,23,,,,,,,,,,,,,,,,,,,2024-02-05
Chhattisgarh,Dhamtari,NR,,NR,NR,NR,NR,NR,NR,NR,NR,NR,NR,NR,NR,NR,NR,NR,NR,NR,NR,NR,NR,NR,,,,,,,,,,,,,,,,,,,2024-02-05
Chhattisgarh,Rajnandgaon,56,,44,42,100,176,113,111,107,42,59,254,137,151,102,108,101,55,321,30,20,38,17,,,,,,,,,,,,,,,,,,,2024-02-05
Chhattisgarh,Koriya,38,,33,35,75,148,98,113,80,42,76,205,NR,95,124,173,NR,47,200,27,20,30,20,,,,,,,,,,,,,,,,,,,2024-02-05
DNH and DD,Silvasa,59,,42,43,87,161,138,127,93,42,66,178,136,143,114,121,90,57,490,28,19,23,46,,,,,,,,,,,,,,,,,,,2024-02-05
DNH and DD,Daman,39,,43,39,87,135,128,118,93,44,66,185,137,120,120,120,95,82,200,26,19,27,45,,,,,,,,,,,,,,,,,,,2024-02-05
DNH and DD,Diu,48,,39,56,88,171,149,132,100,44,61,214,161,140,163,130,115,70,360,28,22,32,41,,,,,,,,,,,,,,,,,,,2024-02-05
Goa,Panaji,NR,,NR,NR,NR,NR,NR,NR,NR,NR,NR,NR,NR,NR,NR,NR,NR,NR,NR,NR,NR,NR,NR,,,,,,,,,,,,,,,,,,,2024-02-05
Goa,Margao,52,,45,46,88,165,150,125,93,44,59,223,143,140,127,123,93,60,343,24,32,32,42,,,,,,,,,,,,,,,,,,,2024-02-05
Gujarat,Ahmedabad,33,,32,34,74,131,107,96,80,40,58,195,144,142,138,133,110,51,245,13,22,45,32,,,,,,,,,,,,,,,,,,,2024-02-05
Gujarat,Rajkot,41,,36,39,78,153,110,105,87,43,59,185,130,135,139,121,107,55,300,17,25,28,25,,,,,,,,,,,,,,,,,,,2024-02-05
Gujarat,Surat,33,,32,32,75,160,120,110,83,40,62,188,130,95,110,110,84,50,200,9,19,41,49,,,,,,,,,,,,,,,,,,,2024-02-05
Gujarat,Bhuj,50,,34,38,81,150,125,115,100,44,58,180,150,150,120,NR,90,55,200,22,20,25,16,,,,,,,,,,,,,,,,,,,2024-02-05
Gujarat,Selamba,60,,40,44,90,160,140,130,100,42,68,172,135,122,113,113,107,47,267,15,22,28,43,,,,,,,,,,,,,,,,,,,2024-02-05
Gujarat,Waghai,42,,40,46,79,140,120,130,105,43,56,192,153,143,155,135,122,49,257,14,28,38,32,,,,,,,,,,,,,,,,,,,2024-02-05
Gujarat,Bodeli,NR,,NR,NR,NR,NR,NR,NR,NR,NR,NR,NR,NR,NR,NR,NR,NR,NR,NR,NR,NR,NR,NR,,,,,,,,,,,,,,,,,,,2024-02-05
Gujarat,Vapi,NR,,NR,NR,NR,NR,NR,NR,NR,NR,NR,NR,NR,NR,NR,NR,NR,NR,NR,NR,NR,NR,NR,,,,,,,,,,,,,,,,,,,2024-02-05
Gujarat,Bilimora,NR,,NR,NR,NR,NR,NR,NR,NR,NR,NR,NR,NR,NR,NR,NR,NR,NR,NR,NR,NR,NR,NR,,,,,,,,,,,,,,,,,,,2024-02-05
Gujarat,Idar,NR,,NR,NR,NR,NR,NR,NR,NR,NR,NR,NR,NR,NR,NR,NR,NR,NR,NR,NR,NR,NR,NR,,,,,,,,,,,,,,,,,,,2024-02-05
Gujarat,Jhalod,NR,,NR,NR,NR,NR,NR,NR,NR,NR,NR,NR,NR,NR,NR,NR,NR,NR,NR,NR,NR,NR,NR,,,,,,,,,,,,,,,,,,,2024-02-05
Gujarat,Songash,NR,,NR,NR,NR,NR,NR,NR,NR,NR,NR,NR,NR,NR,NR,NR,NR,NR,NR,NR,NR,NR,NR,,,,,,,,,,,,,,,,,,,2024-02-05
Madhya Pradesh,Bhopal,34,,30,34,76,155,122,112,84,44,60,176,136,116,101,128,NR,48,254,12,18,18,45,,,,,,,,,,,,,,,,,,,2024-02-05
Madhya Pradesh,Indore,43,,26,34,88,152,118,119,94,43,64,182,140,130,109,125,92,54,245,22,NR,NR,NR,,,,,,,,,,,,,,,,,,,2024-02-05
Madhya Pradesh,Gwalior,37,,34,43,82,175,119,127,90,44,66,214,141,121,115,125,NR,54,230,28,12,25,19,,,,,,,,,,,,,,,,,,,2024-02-05
Madhya Pradesh,Jabalpur,42,,32,35,82,141,116,118,84,44,64,204,135,105,108,128,105,45,275,15,16,28,20,,,,,,,,,,,,,,,,,,,2024-02-05
Madhya Pradesh,Rewa,42,,23,50,91,104,99,116,96,46,53,172,157,113,142,141,NR,44,393,19,20,33,30,,,,,,,,,,,,,,,,,,,2024-02-05
Madhya Pradesh,Sagar,42,,27,29,69,142,119,103,83,43,59,191,135,99,99,118,90,43,231,22,14,15,33,,,,,,,,,,,,,,,,,,,2024-02-05
Madhya Pradesh,Jhabua,47,,28,34,85,157,123,113,95,43,56,192,141,132,107,145,NR,54,313,22,23,34,36,,,,,,,,,,,,,,,,,,,2024-02-05
Madhya Pradesh,Hoshangabad,46,,27,33,86,170,112,115,100,44,60,187,125,104,105,120,92,53,399,12,20,30,50,,,,,,,,,,,,,,,,,,,2024-02-05
Madhya Pradesh,Shahdol,33,,32,35,70,170,95,105,85,42,75,170,130,125,115,170,NR,44,180,25,15,30,15,,,,,,,,,,,,,,,,,,,2024-02-05
Madhya Pradesh,Ujjain,42,,30,35,82,154,122,115,93,44,58,190,140,125,122,122,99,52,270,18,23,48,36,,,,,,,,,,,,,,,,,,,2024-02-05
Madhya Pradesh,Morena,36,,28,30,85,180,120,115,100,43,65,182,123,125,125,177,103,60,240,16,12,30,30,,,,,,,,,,,,,,,,,,,2024-02-05
Madhya Pradesh,Anuppur,35,,34,37,80,150,117,120,90,45,50,207,133,123,105,130,90,48,200,10,20,30,33,,,,,,,,,,,,,,,,,,,2024-02-05
Madhya Pradesh,Bhind,39,,33,36,70,123,93,95,90,43,60,163,123,120,125,165,120,38,230,15,10,28,28,,,,,,,,,,,,,,,,,,,2024-02-05
Madhya Pradesh,Dhar,45,,30,44,85,170,126,117,108,42,57,171,132,130,105,133,170,48,228,23,20,28,40,,,,,,,,,,,,,,,,,,,2024-02-05
Madhya Pradesh,Harda,35,,28,33,78,152,130,108,90,42,60,182,131,117,95,108,NR,47,197,28,20,30,58,,,,,,,,,,,,,,,,,,,2024-02-05
Madhya Pradesh,Katni,35,,27,30,80,150,120,120,80,45,50,190,110,110,105,125,110,45,180,28,14,30,22,,,,,,,,,,,,,,,,,,,2024-02-05
Madhya Pradesh,Khandwa,32,,26,30,69,174,112,113,108,43,53,184,153,139,99,157,NR,48,252,20,19,29,41,,,,,,,,,,,,,,,,,,,2024-02-05
Madhya Pradesh,Mandla,52,,32,35,77,132,118,120,80,41,49,197,132,107,104,123,103,43,253,15,18,24,32,,,,,,,,,,,,,,,,,,,2024-02-05
Madhya Pradesh,Rajgarh,40,,32,36,98,99,93,98,89,42,68,136,109,102,109,101,NR,48,237,19,24,34,33,,,,,,,,,,,,,,,,,,,2024-02-05
Madhya Pradesh,Sidhi,35,,26,34,95,133,95,90,95,45,60,250,130,120,117,153,120,49,253,28,20,30,35,,,,,,,,,,,,,,,,,,,2024-02-05
Madhya Pradesh,Chattarpur,36,,29,32,85,183,95,120,91,43,50,194,140,131,109,115,118,52,228,25,15,45,22,,,,,,,,,,,,,,,,,,,2024-02-05
Madhya Pradesh,Neemuch,40,,24,31,79,163,115,110,78,42,50,180,137,128,108,132,NR,38,385,9,15,19,20,,,,,,,,,,,,,,,,,,,2024-02-05
Madhya Pradesh,Burhanpur,39,,34,39,74,145,115,110,84,42,52,164,125,119,100,120,94,42,195,27,19,15,19,,,,,,,,,,,,,,,,,,,2024-02-05
Madhya Pradesh,Narshinpur,38,,26,38,75,162,118,113,85,44,55,195,153,110,104,143,NR,39,282,12,17,22,12,,,,,,,,,,,,,,,,,,,2024-02-05
Madhya Pradesh,Raisen,38,,28,30,80,160,123,120,90,42,60,190,133,100,100,NR,NR,45,220,28,19,20,40,,,,,,,,,,,,,,,,,,,2024-02-05
Madhya Pradesh,Sheopur,44,,27,33,75,150,130,120,85,42,60,170,130,120,105,150,NR,45,280,28,15,20,25,,,,,,,,,,,,,,,,,,,2024-02-05
Madhya Pradesh,Agar malwa,46,,27,36,80,164,120,110,100,40,52,NR,NR,130,105,NR,NR,44,365,15,11,21,38,,,,,,,,,,,,,,,,,,,2024-02-05
Madhya Pradesh,Umaria,43,,32,35,75,140,115,115,87,47,60,150,115,103,108,203,NR,45,220,18,17,27,27,,,,,,,,,,,,,,,,,,,2024-02-05
Madhya Pradesh,Shajapur,49,,27,35,78,152,139,124,97,42,63,180,117,124,98,119,NR,47,363,28,21,31,46,,,,,,,,,,,,,,,,,,,2024-02-05
Madhya Pradesh,Dewas,43,,26,34,82,153,108,112,90,42,56,175,122,111,96,108,NR,44,225,11,20,30,29,,,,,,,,,,,,,,,,,,,2024-02-05
Madhya Pradesh,Khargone,40,,28,35,80,140,110,110,90,42,55,185,185,155,130,190,NR,45,400,28,22,55,25,,,,,,,,,,,,,,,,,,,2024-02-05
Madhya Pradesh,Singrauli,37,,27,33,89,130,113,120,90,46,60,220,125,100,110,138,95,48,300,28,15,25,30,,,,,,,,,,,,,,,,,,,2024-02-05
Madhya Pradesh,Chhindwara,40,,29,33,78,140,115,115,85,44,55,225,152,104,115,126,110,38,200,10,15,30,35,,,,,,,,,,,,,,,,,,,2024-02-05
Madhya Pradesh,Sehore,38,,25,32,75,154,119,109,85,43,50,174,122,114,104,123,NR,45,213,11,20,31,35,,,,,,,,,,,,,,,,,,,2024-02-05
Madhya Pradesh,MP-Ashoknagar,40,,29,32,68,155,123,118,93,42,58,260,140,138,123,145,120,40,215,28,18,25,27,,,,,,,,,,,,,,,,,,,2024-02-05
Madhya Pradesh,Balaghat,40,,35,34,80,147,115,117,88,42,52,198,143,102,98,118,100,57,200,10,20,37,33,,,,,,,,,,,,,,,,,,,2024-02-05
Madhya Pradesh,Guna,39,,27,30,78,133,100,108,80,42,60,190,123,100,100,124,100,40,200,28,15,24,35,,,,,,,,,,,,,,,,,,,2024-02-05
Madhya Pradesh,Ratlam,35,,26,35,82,150,142,127,98,42,55,189,142,128,115,133,102,42,300,10,18,25,20,,,,,,,,,,,,,,,,,,,2024-02-05
Madhya Pradesh,Satna,31,,25,35,75,145,100,100,80,42,60,200,125,118,130,128,103,45,200,28,17,35,22,,,,,,,,,,,,,,,,,,,2024-02-05
Madhya Pradesh,Vidisha,38,,27,31,72,148,130,120,92,41,65,182,130,108,102,125,NR,45,227,10,13,15,32,,,,,,,,,,,,,,,,,,,2024-02-05
Madhya Pradesh,Alirajpur,40,,30,35,90,160,115,105,107,43,65,210,143,141,115,130,100,50,297,10,25,37,25,,,,,,,,,,,,,,,,,,,2024-02-05
Madhya Pradesh,Betul,49,,28,33,75,143,120,113,87,43,57,178,132,115,107,127,NR,47,222,18,20,28,34,,,,,,,,,,,,,,,,,,,2024-02-05
Madhya Pradesh,Damoh,36,,30,32,80,155,112,105,82,43,52,205,135,118,110,130,NR,48,205,10,20,20,27,,,,,,,,,,,,,,,,,,,2024-02-05
Madhya Pradesh,Dindori,40,,35,40,90,140,130,135,95,45,70,210,130,100,110,145,NR,50,230,28,20,20,30,,,,,,,,,,,,,,,,,,,2024-02-05
Madhya Pradesh,Niwari,NR,,NR,NR,NR,NR,NR,NR,NR,NR,NR,NR,NR,NR,NR,NR,NR,NR,NR,NR,NR,NR,NR,,,,,,,,,,,,,,,,,,,2024-02-05
Madhya Pradesh,Seoni,NR,,NR,NR,NR,NR,NR,NR,NR,NR,NR,NR,NR,NR,NR,NR,NR,NR,NR,NR,NR,NR,NR,,,,,,,,,,,,,,,,,,,2024-02-05
Madhya Pradesh,Panna,36,,25,33,81,146,105,100,95,45,50,205,117,118,107,137,117,49,205,10,15,20,20,,,,,,,,,,,,,,,,,,,2024-02-05
Madhya Pradesh,Tikamgarh,37,,40,40,72,156,95,114,80,42,40,187,141,131,109,137,118,48,225,25,20,30,20,,,,,,,,,,,,,,,,,,,2024-02-05
Maharashtra,Mumbai,42,,45,51,116,189,167,150,105,48,58,192,176,146,124,141,99,76,320,27,32,28,50,,,,,,,,,,,,,,,,,,,2024-02-05
Maharashtra,Nagpur,46,,43,50,85,155,125,125,90,52,65,208,150,145,115,120,92,65,283,27,38,42,45,,,,,,,,,,,,,,,,,,,2024-02-05
Maharashtra,Pune,58,,45,54,79,169,126,128,84,49,69,194,153,113,109,113,105,46,314,27,22,18,34,,,,,,,,,,,,,,,,,,,2024-02-05
Maharashtra,Nashik,41,,43,40,87,158,132,123,94,42,54,180,177,121,101,115,92,54,300,26,27,27,38,,,,,,,,,,,,,,,,,,,2024-02-05
Maharashtra,Mangaon-Raigad,47,,44,45,83,151,132,120,92,43,55,174,124,130,102,110,95,56,305,23,30,30,43,,,,,,,,,,,,,,,,,,,2024-02-05
Maharashtra,Dharni,38,,36,35,78,154,121,124,89,42,41,176,128,121,103,129,NR,49,305,13,27,21,54,,,,,,,,,,,,,,,,,,,2024-02-05
Maharashtra,Latur,64,,42,43,87,180,139,137,103,40,65,205,146,90,103,110,99,41,205,28,28,25,30,,,,,,,,,,,,,,,,,,,2024-02-05
Maharashtra,Akluj,43,,39,41,77,152,117,110,86,39,54,185,128,118,116,124,93,52,317,24,19,27,16,,,,,,,,,,,,,,,,,,,2024-02-05
Maharashtra,Arni Yavatmal,48,,33,34,72,163,122,115,97,42,63,187,152,123,104,118,NR,57,300,10,30,20,30,,,,,,,,,,,,,,,,,,,2024-02-05
Maharashtra,Chandrapur,46,,47,46,91,179,140,134,109,45,66,192,170,162,99,151,NR,61,217,28,23,22,27,,,,,,,,,,,,,,,,,,,2024-02-05
Maharashtra,Karad Satara,47,,37,47,82,167,148,128,94,41,70,188,168,132,109,113,98,50,287,28,30,27,40,,,,,,,,,,,,,,,,,,,2024-02-05
Maharashtra,Ahemednagar,59,,44,47,79,151,128,124,100,40,53,164,159,121,119,124,109,44,228,28,23,22,39,,,,,,,,,,,,,,,,,,,2024-02-05
Maharashtra,Khultabad,59,,31,37,78,154,120,115,83,41,49,181,NR,131,101,119,94,49,300,20,30,29,29,,,,,,,,,,,,,,,,,,,2024-02-05
Maharashtra,Islampur,61,,45,48,77,177,121,120,106,40,69,180,176,105,118,132,105,49,323,30,30,22,34,,,,,,,,,,,,,,,,,,,2024-02-05
Maharashtra,Kankavli,46,,41,43,91,162,146,132,101,43,55,180,172,136,105,117,92,53,344,20,34,25,42,,,,,,,,,,,,,,,,,,,2024-02-05
Maharashtra,Partur,70,,35,40,60,160,110,110,101,40,55,164,198,159,105,144,95,40,409,10,23,20,30,,,,,,,,,,,,,,,,,,,2024-02-05
Maharashtra,Gondia,55,,43,44,73,136,101,107,81,40,50,164,135,95,101,105,94,54,218,22,16,17,30,,,,,,,,,,,,,,,,,,,2024-02-05
Maharashtra,Jalgaon,53,,39,42,90,156,142,129,110,43,60,210,150,124,101,108,115,62,368,27,23,22,48,,,,,,,,,,,,,,,,,,,2024-02-05
Maharashtra,Akola,39,,33,36,74,162,120,115,100,43,65,172,141,120,101,112,90,54,285,26,20,30,63,,,,,,,,,,,,,,,,,,,2024-02-05
Rajasthan,Jaipur,46,,33,32,77,167,127,114,79,45,50,203,130,115,120,128,NR,44,287,19,16,26,35,,,,,,,,,,,,,,,,,,,2024-02-05
Rajasthan,Jodhpur,40,,34,37,78,157,125,104,79,43,50,202,152,NR,NR,123,NR,46,250,18,23,47,28,,,,,,,,,,,,,,,,,,,2024-02-05
Rajasthan,Kota,38,,26,33,79,140,113,105,80,44,55,177,160,102,101,167,NR,49,240,25,19,23,20,,,,,,,,,,,,,,,,,,,2024-02-05
Rajasthan,Udaipur,29,,28,30,88,95,92,95,92,45,50,180,190,130,180,NR,120,50,333,24,25,52,31,,,,,,,,,,,,,,,,,,,2024-02-05
Rajasthan,Bharatpur,45,,28,31,90,155,140,120,90,43,58,200,110,110,110,NR,NR,47,296,25,24,24,27,,,,,,,,,,,,,,,,,,,2024-02-05
Rajasthan,Ajmer,38,,30,32,65,110,105,100,75,40,49,193,141,111,145,141,111,38,320,20,12,53,43,,,,,,,,,,,,,,,,,,,2024-02-05
Rajasthan,Bikaner,39,,33,34,73,124,123,115,92,44,37,178,103,107,93,93,NR,44,211,11,15,19,27,,,,,,,,,,,,,,,,,,,2024-02-05
Rajasthan,Bundi,47,,27,31,75,148,120,110,90,43,50,167,122,110,110,147,NR,48,317,19,19,38,38,,,,,,,,,,,,,,,,,,,2024-02-05
Rajasthan,Rajsamand,38,,28,32,77,160,117,114,88,42,63,172,141,122,111,125,NR,49,292,16,19,28,36,,,,,,,,,,,,,,,,,,,2024-02-05
Rajasthan,Alwar,41,,37,35,67,102,120,106,89,44,54,167,119,119,130,145,NR,44,308,16,21,30,20,,,,,,,,,,,,,,,,,,,2024-02-05
Rajasthan,Banswara,38,,26,34,69,138,103,103,92,41,53,175,145,110,162,165,NR,46,363,23,21,31,25,,,,,,,,,,,,,,,,,,,2024-02-05
Rajasthan,Baran,35,,30,27,70,95,89,87,80,39,50,130,138,119,127,125,NR,37,200,14,20,21,40,,,,,,,,,,,,,,,,,,,2024-02-05
Rajasthan,Barmer,33,,30,38,62,113,98,89,88,42,NR,190,178,107,156,175,NR,42,347,27,11,21,33,,,,,,,,,,,,,,,,,,,2024-02-05
Rajasthan,Bhilwara,46,,31,36,68,116,107,98,88,42,51,192,177,134,167,185,135,44,293,19,24,49,38,,,,,,,,,,,,,,,,,,,2024-02-05
Rajasthan,Chhitorgarh,46,,27,36,87,115,113,115,95,42,56,186,173,141,130,127,122,46,324,20,13,23,21,,,,,,,,,,,,,,,,,,,2024-02-05
Rajasthan,Churu,32,,28,30,70,87,98,90,82,39,46,172,168,145,148,169,NR,38,305,15,25,50,50,,,,,,,,,,,,,,,,,,,2024-02-05
Rajasthan,Dholapur,38,,28,35,80,153,115,110,85,47,60,233,128,116,111,NR,NR,50,230,27,23,35,24,,,,,,,,,,,,,,,,,,,2024-02-05
Rajasthan,Dungarpur,36,,28,30,64,110,118,116,118,44,56,216,163,NR,145,191,NR,52,298,28,27,40,33,,,,,,,,,,,,,,,,,,,2024-02-05
Rajasthan,Hanumangarh,34,,28,28,81,132,111,105,81,41,43,249,128,129,107,138,NR,39,330,14,20,56,47,,,,,,,,,,,,,,,,,,,2024-02-05
Rajasthan,Jaisalmer,32,,33,36,71,109,103,91,89,43,53,194,175,109,155,154,NR,42,247,10,24,30,30,,,,,,,,,,,,,,,,,,,2024-02-05
Rajasthan,Jalore,39,,32,32,70,120,110,110,100,40,51,195,135,133,150,188,NR,41,263,28,27,50,38,,,,,,,,,,,,,,,,,,,2024-02-05
Rajasthan,Jhalawar,40,,25,28,72,120,96,95,86,42,49,183,152,125,123,168,NR,42,387,19,27,38,35,,,,,,,,,,,,,,,,,,,2024-02-05
Rajasthan,Jhunjhunu,36,,35,40,98,97,98,98,94,40,44,210,155,138,141,192,NR,38,207,17,28,45,38,,,,,,,,,,,,,,,,,,,2024-02-05
Rajasthan,Karauli,36,,27,31,66,111,110,110,90,44,NR,203,148,138,138,NR,NR,40,480,30,20,33,33,,,,,,,,,,,,,,,,,,,2024-02-05
Rajasthan,Nagaur,34,,33,36,66,106,106,81,83,41,55,163,167,119,164,NR,NR,38,313,14,21,36,32,,,,,,,,,,,,,,,,,,,2024-02-05
Rajasthan,Pali,58,,28,28,69,124,122,98,99,38,58,178,172,124,164,161,164,39,276,12,27,32,33,,,,,,,,,,,,,,,,,,,2024-02-05
Rajasthan,RJ-Pratapgarh,60,,28,30,70,110,105,95,84,39,57,NR,180,138,119,160,NR,38,317,20,21,23,27,,,,,,,,,,,,,,,,,,,2024-02-05
Rajasthan,Sikar,46,,27,33,75,100,86,89,85,44,52,166,177,101,150,153,NR,44,311,21,23,42,47,,,,,,,,,,,,,,,,,,,2024-02-05
Rajasthan,Sirohi,39,,35,36,66,122,121,108,105,40,51,193,166,134,155,188,NR,49,264,22,22,60,57,,,,,,,,,,,,,,,,,,,2024-02-05
Rajasthan,Sri Ganganagar,49,,27,31,82,97,99,93,96,45,49,154,152,166,144,NR,NR,49,282,27,17,32,39,,,,,,,,,,,,,,,,,,,2024-02-05
Rajasthan,Tonk,43,,24,28,73,115,109,104,93,43,52,194,130,151,151,159,NR,45,265,13,23,37,25,,,,,,,,,,,,,,,,,,,2024-02-05
Rajasthan,Sawai Madhopur,50,,25,27,64,122,102,105,70,39,52,200,108,102,107,180,NR,38,283,28,28,34,41,,,,,,,,,,,,,,,,,,,2024-02-05
EAST ZONE,EAST ZONE,,,,,,,,,,,,,,,,,,,,,,,,,,,,,,,,,,,,,,,,,,2024-02-05
Bihar,Patna,42,,31,35,82,148,126,115,85,46,56,NR,115,110,125,122,112,43,283,26,18,25,24,,,,,,,,,,,,,,,,,,,2024-02-05
Bihar,Bhagalpur,37,,30,34,77,149,110,112,81,45,56,NR,126,114,134,169,123,43,320,28,12,26,28,,,,,,,,,,,,,,,,,,,2024-02-05
Bihar,Purnia,36,,30,34,74,139,126,109,74,46,51,NR,124,99,114,NR,90,42,336,13,13,25,29,,,,,,,,,,,,,,,,,,,2024-02-05
Bihar,Darbhanga,36,,28,40,75,125,110,110,80,44,52,NR,130,125,120,NR,90,45,195,13,18,25,30,,,,,,,,,,,,,,,,,,,2024-02-05
Bihar,Gaya,33,,26,40,81,168,110,107,80,45,60,NR,149,142,142,142,134,49,336,24,16,30,21,,,,,,,,,,,,,,,,,,,2024-02-05
Bihar,Muzzafarpur,39,,28,33,79,151,111,112,81,45,57,NR,126,129,127,164,96,43,287,24,14,26,27,,,,,,,,,,,,,,,,,,,2024-02-05
Bihar,Saran,42,,29,35,82,151,133,125,82,45,56,115,127,126,121,148,109,48,267,26,21,45,67,,,,,,,,,,,,,,,,,,,2024-02-05
Bihar,Munger,39,,28,36,81,165,122,120,81,45,55,NR,132,126,140,193,NR,50,242,27,13,30,25,,,,,,,,,,,,,,,,,,,2024-02-05
Bihar,Saharsa,40,,28,33,75,120,98,95,90,45,55,NR,137,123,115,NR,NR,53,217,23,19,45,32,,,,,,,,,,,,,,,,,,,2024-02-05
Bihar,Madhubani,38,,27,32,76,141,120,110,77,45,52,159,129,125,124,155,96,49,290,18,18,32,28,,,,,,,,,,,,,,,,,,,2024-02-05
Bihar,Rohtas (Sasaram),32,,27,31,76,140,120,100,77,46,66,220,127,99,109,115,95,48,223,25,14,28,18,,,,,,,,,,,,,,,,,,,2024-02-05
Bihar,Motihari,39,,30,31,70,107,103,102,87,44,56,132,150,140,138,140,104,42,274,19,18,46,33,,,,,,,,,,,,,,,,,,,2024-02-05
Bihar,Samastipur,51,,26,31,66,117,104,100,78,45,55,159,138,112,144,154,98,54,320,22,12,34,33,,,,,,,,,,,,,,,,,,,2024-02-05
Bihar,Katihar,37,,30,32,78,165,114,112,80,44,54,NR,142,140,131,149,NR,50,305,19,22,61,43,,,,,,,,,,,,,,,,,,,2024-02-05
Bihar,Araria,43,,29,38,79,151,151,99,86,44,57,NR,128,114,114,177,90,51,352,19,15,29,39,,,,,,,,,,,,,,,,,,,2024-02-05
Bihar,Nawada,38,,25,35,86,160,122,114,83,44,60,227,153,120,114,170,111,50,280,27,11,35,28,,,,,,,,,,,,,,,,,,,2024-02-05
Bihar,Khagaria,44,,24,36,79,122,113,118,79,43,42,NR,133,98,122,128,98,42,370,27,16,32,28,,,,,,,,,,,,,,,,,,,2024-02-05
Bihar,Banka,35,,28,36,75,140,110,100,75,NR,NR,NR,NR,NR,NR,NR,NR,NR,NR,NR,NR,NR,NR,,,,,,,,,,,,,,,,,,,2024-02-05
Bihar,Arwal,36,,26,32,72,140,110,120,78,43,53,NR,137,123,141,125,110,44,277,25,19,29,23,,,,,,,,,,,,,,,,,,,2024-02-05
Bihar,Aurangabad,36,,26,33,80,155,123,122,82,44,58,237,124,158,162,228,147,52,195,28,12,29,20,,,,,,,,,,,,,,,,,,,2024-02-05
Bihar,Begusarai,34,,25,31,69,119,109,100,80,43,53,NR,125,121,119,NR,96,44,319,12,13,29,18,,,,,,,,,,,,,,,,,,,2024-02-05
Bihar,Bhojpur Ara,43,,27,32,78,150,127,134,75,45,56,231,145,162,145,197,NR,49,369,29,22,25,24,,,,,,,,,,,,,,,,,,,2024-02-05
Bihar,Buxar,29,,28,31,75,130,110,110,80,44,60,140,128,118,116,150,116,45,260,28,16,28,20,,,,,,,,,,,,,,,,,,,2024-02-05
Bihar,Gopalganj,42,,28,32,80,170,110,120,80,42,55,220,130,125,130,160,100,60,245,26,20,30,22,,,,,,,,,,,,,,,,,,,2024-02-05
Bihar,Jamui,38,,30,33,72,139,117,114,75,45,59,NR,129,111,131,NR,122,39,257,28,16,39,29,,,,,,,,,,,,,,,,,,,2024-02-05
Bihar,Jehanabad,33,,30,34,75,149,127,119,76,45,55,NR,134,119,121,162,NR,41,244,25,16,25,28,,,,,,,,,,,,,,,,,,,2024-02-05
Bihar,Kaimur,38,,28,31,74,154,128,114,75,45,58,187,133,115,140,191,92,45,200,24,14,44,19,,,,,,,,,,,,,,,,,,,2024-02-05
Bihar,Kishanganj,35,,27,34,84,154,110,110,86,44,56,NR,118,120,115,125,85,45,300,26,20,30,40,,,,,,,,,,,,,,,,,,,2024-02-05
Bihar,Lakhisarai,37,,28,35,70,144,110,115,86,46,58,NR,148,128,138,NR,128,44,256,26,17,50,53,,,,,,,,,,,,,,,,,,,2024-02-05
Bihar,Medhepura,37,,29,34,73,143,131,113,76,46,56,NR,123,101,113,117,94,44,339,12,17,33,35,,,,,,,,,,,,,,,,,,,2024-02-05
Bihar,Nalanda,34,,30,32,82,150,134,112,82,44,64,229,142,120,116,159,NR,50,410,28,18,45,40,,,,,,,,,,,,,,,,,,,2024-02-05
Bihar,Sheikhpura,37,,29,36,70,139,110,115,83,44,55,NR,145,130,136,NR,NR,55,242,28,12,27,20,,,,,,,,,,,,,,,,,,,2024-02-05
Bihar,Sheohar,36,,26,32,76,162,130,116,75,45,55,147,127,117,123,161,88,54,198,27,12,24,25,,,,,,,,,,,,,,,,,,,2024-02-05
Bihar,Sitamarhi,35,,24,33,70,155,128,116,85,45,55,NR,126,99,119,139,104,49,270,27,19,34,39,,,,,,,,,,,,,,,,,,,2024-02-05
Bihar,Siwan,35,,27,31,72,134,106,111,74,44,54,180,120,92,106,180,77,44,200,25,13,20,22,,,,,,,,,,,,,,,,,,,2024-02-05
Bihar,Supaul,38,,28,32,80,165,133,125,80,44,51,NR,130,120,135,175,100,55,365,13,11,27,25,,,,,,,,,,,,,,,,,,,2024-02-05
Bihar,Vaishali,36,,29,32,72,138,118,113,74,44,60,150,113,98,114,160,89,45,207,28,14,24,30,,,,,,,,,,,,,,,,,,,2024-02-05
Bihar,West Champaran,42,,24,35,78,128,112,103,92,42,52,166,133,163,144,203,118,47,295,17,18,32,30,,,,,,,,,,,,,,,,,,,2024-02-05
Jharkhand,Ranchi,44,,38,36,75,138,115,105,75,45,56,215,124,95,123,121,90,50,240,27,15,25,20,,,,,,,,,,,,,,,,,,,2024-02-05
Jharkhand,Gumla,40,,29,34,85,125,105,98,70,43,55,209,137,110,110,198,104,40,270,10,16,60,25,,,,,,,,,,,,,,,,,,,2024-02-05
Jharkhand,Sahibganj,40,,32,34,74,168,100,120,90,46,58,211,145,123,NR,NR,NR,52,380,20,18,25,18,,,,,,,,,,,,,,,,,,,2024-02-05
Jharkhand,Bokaro,34,,34,36,80,125,95,97,85,NR,NR,170,175,130,145,170,125,NR,NR,NR,20,42,36,,,,,,,,,,,,,,,,,,,2024-02-05
Jharkhand,Lohardaga,27,,28,36,72,148,118,107,73,44,59,NR,130,128,125,147,106,44,203,25,12,22,22,,,,,,,,,,,,,,,,,,,2024-02-05
Jharkhand,Simdega,38,,NR,35,75,148,120,118,79,45,59,NR,136,125,125,123,110,40,NR,27,15,23,40,,,,,,,,,,,,,,,,,,,2024-02-05
Jharkhand,Dhanbad,40,,35,38,77,138,128,113,82,45,60,212,135,115,122,125,122,50,300,25,12,30,38,,,,,,,,,,,,,,,,,,,2024-02-05
Jharkhand,Jamshedpur (East Singbhum),47,,32,34,110,127,110,104,97,45,58,200,147,142,165,170,110,45,220,25,17,35,35,,,,,,,,,,,,,,,,,,,2024-02-05
Jharkhand,Giridhi,33,,28,30,80,150,100,93,73,44,55,NR,125,120,120,160,90,40,300,19,16,22,25,,,,,,,,,,,,,,,,,,,2024-02-05
Jharkhand,Seraikella,36,,28,35,79,154,125,114,76,46,60,169,122,141,100,134,96,51,213,25,21,35,23,,,,,,,,,,,,,,,,,,,2024-02-05
Jharkhand,West Singhbhum,42,,41,43,73,129,126,127,88,47,60,150,152,126,141,140,121,49,273,24,23,25,24,,,,,,,,,,,,,,,,,,,2024-02-05
Jharkhand,Daltonganj,38,,28,33,83,155,122,110,84,46,58,NR,128,102,118,NR,102,52,388,25,17,29,18,,,,,,,,,,,,,,,,,,,2024-02-05
Jharkhand,Deoghar,42,,36,38,80,147,122,109,92,49,60,125,163,151,154,171,101,45,262,30,17,25,30,,,,,,,,,,,,,,,,,,,2024-02-05
Jharkhand,Ramgarh,35,,33,35,60,151,124,112,74,46,NR,NR,132,123,153,190,108,45,279,25,23,28,20,,,,,,,,,,,,,,,,,,,2024-02-05
Jharkhand,Pakur,48,,35,38,90,172,125,115,112,48,56,208,130,114,116,141,99,53,413,28,13,23,16,,,,,,,,,,,,,,,,,,,2024-02-05
Jharkhand,Jamtara,36,,28,36,81,150,130,119,86,45,60,142,126,100,121,122,91,45,348,28,15,26,19,,,,,,,,,,,,,,,,,,,2024-02-05
Jharkhand,Latehar,38,,24,33,75,142,118,105,76,46,60,NR,123,148,114,123,86,44,226,30,19,21,19,,,,,,,,,,,,,,,,,,,2024-02-05
Jharkhand,Godda,42,,29,35,75,180,130,120,85,46,62,220,130,120,130,150,110,60,420,28,18,30,25,,,,,,,,,,,,,,,,,,,2024-02-05
Jharkhand,Koderma,38,,29,33,79,148,123,117,80,45,59,150,123,100,120,145,97,50,191,27,15,29,24,,,,,,,,,,,,,,,,,,,2024-02-05
Odisha,Bhubaneshwar,38,,35,41,75,146,125,120,81,47,52,NR,131,116,NR,116,88,55,227,25,20,25,40,,,,,,,,,,,,,,,,,,,2024-02-05
Odisha,Cuttack,42,,38,42,85,159,134,120,78,47,52,NR,146,105,NR,121,103,53,250,27,21,24,28,,,,,,,,,,,,,,,,,,,2024-02-05
Odisha,Sambalpur,40,,43,48,75,145,118,106,76,46,52,NR,143,108,NR,123,105,45,247,28,20,22,30,,,,,,,,,,,,,,,,,,,2024-02-05
Odisha,Rourkela,33,,38,41,74,145,120,110,77,44,52,NR,131,91,104,118,89,49,180,27,21,23,20,,,,,,,,,,,,,,,,,,,2024-02-05
Odisha,Berhampur,37,,45,40,77,152,120,102,75,47,51,NR,139,103,137,115,106,49,245,26,21,47,29,,,,,,,,,,,,,,,,,,,2024-02-05
Odisha,Jeypore,42,,40,37,77,151,121,115,80,46,52,NR,133,96,NR,116,95,50,210,27,23,26,40,,,,,,,,,,,,,,,,,,,2024-02-05
Odisha,Balasore,38,,40,38,81,147,124,113,82,45,52,NR,138,95,NR,116,85,56,240,26,15,28,27,,,,,,,,,,,,,,,,,,,2024-02-05
Odisha,Baripada,37,,30,36,80,165,125,115,80,44,52,170,135,103,143,115,86,60,227,26,15,25,30,,,,,,,,,,,,,,,,,,,2024-02-05
Odisha,Balangir,41,,37,45,76,137,124,110,80,42,52,NR,133,93,NR,113,89,48,NR,28,24,25,38,,,,,,,,,,,,,,,,,,,2024-02-05
Odisha,Angul,35,,NR,39,69,139,131,101,77,44,54,NR,130,NR,NR,114,85,43,374,25,17,47,24,,,,,,,,,,,,,,,,,,,2024-02-05
Odisha,Boudhgarh,NR,,NR,NR,NR,NR,NR,NR,NR,NR,NR,NR,NR,NR,NR,NR,NR,NR,NR,NR,NR,NR,NR,,,,,,,,,,,,,,,,,,,2024-02-05
Odisha,Dhenkanal,35,,35,40,75,147,120,112,80,44,52,180,135,123,145,115,85,55,370,27,20,25,20,,,,,,,,,,,,,,,,,,,2024-02-05
Odisha,Jagatsinghpur,NR,,NR,NR,NR,NR,NR,NR,NR,NR,NR,NR,NR,NR,NR,NR,NR,NR,NR,NR,NR,NR,NR,,,,,,,,,,,,,,,,,,,2024-02-05
Odisha,Kandhamal,38,,38,42,82,142,135,115,82,52,58,NR,137,122,NR,117,90,52,NR,27,19,29,30,,,,,,,,,,,,,,,,,,,2024-02-05
Odisha,Keonjhar,39,,38,44,85,154,121,122,102,45,50,NR,133,104,NR,117,102,51,369,27,19,38,42,,,,,,,,,,,,,,,,,,,2024-02-05
Odisha,Malkangiri,50,,NR,35,78,157,121,113,77,43,52,NR,130,98,NR,109,90,55,333,25,20,30,30,,,,,,,,,,,,,,,,,,,2024-02-05
Odisha,Nabarangpur,39,,25,45,90,160,137,120,81,42,53,130,117,133,112,118,92,50,297,27,16,23,30,,,,,,,,,,,,,,,,,,,2024-02-05
Odisha,Nayagarh,38,,NR,39,80,160,120,120,90,44,52,NR,131,120,NR,112,86,55,NR,26,18,25,26,,,,,,,,,,,,,,,,,,,2024-02-05
Odisha,Nuapada,40,,40,40,75,160,82,110,80,NR,NR,180,150,130,150,130,102,NR,NR,NR,23,52,25,,,,,,,,,,,,,,,,,,,2024-02-05
Odisha,Paralakhemundi Gajapati,NR,,NR,NR,NR,NR,NR,NR,NR,NR,NR,NR,NR,NR,NR,NR,NR,NR,NR,NR,NR,NR,NR,,,,,,,,,,,,,,,,,,,2024-02-05
Odisha,Puri,36,,37,41,78,152,118,113,81,44,52,NR,137,112,NR,119,96,53,266,25,19,30,28,,,,,,,,,,,,,,,,,,,2024-02-05
Odisha,Rayagada,38,,33,38,81,159,136,119,79,48,52,160,136,95,144,107,90,48,NR,27,24,32,33,,,,,,,,,,,,,,,,,,,2024-02-05
Odisha,Sonepur,41,,NR,43,75,148,116,110,76,43,56,NR,130,120,NR,115,90,44,330,22,17,24,17,,,,,,,,,,,,,,,,,,,2024-02-05
Odisha,Bhadrak,35,,NR,36,77,147,120,110,78,43,52,215,125,130,NR,115,85,50,320,26,15,25,30,,,,,,,,,,,,,,,,,,,2024-02-05
Odisha,Jharsuguda,38,,44,38,80,150,126,111,80,45,50,NR,130,95,107,125,93,44,NR,27,20,27,20,,,,,,,,,,,,,,,,,,,2024-02-05
Odisha,Kendrapara,37,,NR,37,77,141,116,114,79,44,54,NR,134,125,NR,114,89,43,230,26,15,23,24,,,,,,,,,,,,,,,,,,,2024-02-05
Odisha,Jajpur,34,,40,45,69,135,110,100,75,44,56,NR,142,125,NR,115,93,60,365,25,17,21,40,,,,,,,,,,,,,,,,,,,2024-02-05
Odisha,Kalahandi,35,,38,40,89,170,110,115,89,44,53,183,140,105,114,120,102,54,330,28,19,32,24,,,,,,,,,,,,,,,,,,,2024-02-05
West Bengal,Kolkata,48,,NR,36,84,159,135,122,105,47,54,NR,128,117,116,124,93,61,263,22,18,34,43,,,,,,,,,,,,,,,,,,,2024-02-05
West Bengal,Siliguri,39,,27,33,84,153,114,111,99,45,50,188,129,112,111,130,105,52,198,13,12,24,24,,,,,,,,,,,,,,,,,,,2024-02-05
West Bengal,Purulia,33,,NR,30,94,159,124,115,85,46,51,127,126,94,119,125,89,45,291,25,12,25,30,,,,,,,,,,,,,,,,,,,2024-02-05
West Bengal,Kharagpur,50,,32,35,79,147,124,115,104,47,54,225,132,98,112,122,94,53,238,27,15,30,28,,,,,,,,,,,,,,,,,,,2024-02-05
West Bengal,Rampurhat,45,,27,38,77,151,121,121,106,46,56,178,122,107,111,120,91,55,280,22,18,30,25,,,,,,,,,,,,,,,,,,,2024-02-05
West Bengal,Malda,43,,26,42,73,155,115,110,105,43,56,NR,140,96,122,141,119,61,320,21,21,28,24,,,,,,,,,,,,,,,,,,,2024-02-05
West Bengal,Raiganj,39,,28,33,73,165,127,111,108,44,44,180,129,98,121,127,99,56,248,10,18,45,49,,,,,,,,,,,,,,,,,,,2024-02-05
West Bengal,Alipurduar,38,,NR,44,75,175,110,115,110,47,68,NR,120,100,110,125,98,55,238,10,18,39,38,,,,,,,,,,,,,,,,,,,2024-02-05
West Bengal,Asansol,50,,NR,42,92,174,110,154,112,47,64,NR,138,107,106,105,90,46,300,25,15,30,22,,,,,,,,,,,,,,,,,,,2024-02-05
West Bengal,Balurghat,46,,32,40,78,150,124,112,98,46,46,NR,124,116,107,116,86,43,348,10,17,26,24,,,,,,,,,,,,,,,,,,,2024-02-05
West Bengal,Bankura,38,,NR,34,82,159,131,149,116,46,58,235,127,117,110,123,92,49,280,26,16,35,30,,,,,,,,,,,,,,,,,,,2024-02-05
West Bengal,Barasat,43,,35,40,85,125,NR,135,112,46,60,200,133,114,113,108,110,56,235,30,27,60,43,,,,,,,,,,,,,,,,,,,2024-02-05
West Bengal,Bardhaman,49,,NR,38,80,155,130,118,110,45,54,220,125,110,105,118,90,54,260,25,15,25,29,,,,,,,,,,,,,,,,,,,2024-02-05
West Bengal,Baruipur,57,,NR,35,82,107,115,132,113,42,55,NR,122,118,106,110,100,40,217,25,17,39,18,,,,,,,,,,,,,,,,,,,2024-02-05
West Bengal,Berhampore,48,,27,40,70,125,98,140,109,46,58,250,140,107,117,148,104,46,220,13,21,30,30,,,,,,,,,,,,,,,,,,,2024-02-05
West Bengal,Chinsurah,NR,,NR,NR,NR,NR,NR,NR,NR,NR,NR,NR,NR,NR,NR,NR,NR,NR,NR,NR,NR,NR,NR,,,,,,,,,,,,,,,,,,,2024-02-05
West Bengal,Cooch behar,45,,NR,34,75,140,120,115,110,44,60,NR,132,107,105,137,97,50,290,26,20,39,32,,,,,,,,,,,,,,,,,,,2024-02-05
West Bengal,Howrah,50,,NR,36,90,160,140,123,111,46,54,NR,128,120,115,123,NR,55,293,27,19,35,40,,,,,,,,,,,,,,,,,,,2024-02-05
West Bengal,Jalapiguri,37,,28,47,83,160,110,120,110,46,56,NR,123,125,115,120,100,50,300,25,15,35,35,,,,,,,,,,,,,,,,,,,2024-02-05
West Bengal,Jhargram,42,,NR,40,80,155,125,113,90,48,54,NR,125,105,100,115,90,39,273,29,18,24,23,,,,,,,,,,,,,,,,,,,2024-02-05
West Bengal,Kalimpong,38,,36,38,95,124,128,120,100,47,48,NR,140,114,148,162,NR,51,377,15,25,45,40,,,,,,,,,,,,,,,,,,,2024-02-05
West Bengal,Krishnagar,36,,NR,37,70,123,104,138,107,42,44,177,113,133,117,130,114,44,253,18,23,68,58,,,,,,,,,,,,,,,,,,,2024-02-05
West Bengal,Tamluk,44,,NR,46,81,156,120,180,119,50,56,NR,NR,NR,NR,NR,NR,54,300,28,16,26,30,,,,,,,,,,,,,,,,,,,2024-02-05
NORTH EAST ZONE,NORTH EAST ZONE,,,,,,,,,,,,,,,,,,,,,,,,,,,,,,,,,,,,,,,,,,2024-02-05
Andaman and Nicobar,Port Blair,52,,NR,69,96,163,156,130,97,53,73,NR,176,198,NR,132,124,75,325,20,40,43,60,,,,,,,,,,,,,,,,,,,2024-02-05
Andaman and Nicobar,Mayabunder,43,,NR,67,85,160,140,128,95,52,71,203,179,185,NR,121,114,70,315,18,40,60,70,,,,,,,,,,,,,,,,,,,2024-02-05
Andaman and Nicobar,Car Nicobar,52,,NR,67,101,190,159,142,108,60,75,262,185,160,NR,153,120,85,285,21,50,60,70,,,,,,,,,,,,,,,,,,,2024-02-05
Arunachal pradesh,Itanagar,45,,NR,43,90,160,130,120,100,50,73,NR,120,110,120,180,NR,NR,NR,15,25,40,60,,,,,,,,,,,,,,,,,,,2024-02-05
Arunachal pradesh,Namsai,27,,NR,35,83,120,120,110,95,50,68,NR,192,220,163,225,NR,70,300,30,23,40,40,,,,,,,,,,,,,,,,,,,2024-02-05
Arunachal pradesh,Pasighat,40,,NR,37,100,148,120,123,103,50,74,153,148,137,137,183,NR,78,327,20,27,50,40,,,,,,,,,,,,,,,,,,,2024-02-05
Arunachal pradesh,Tawang,38,,42,40,90,130,130,120,110,NR,NR,NR,NR,NR,NR,NR,NR,NR,NR,NR,NR,NR,NR,,,,,,,,,,,,,,,,,,,2024-02-05
Assam,Guwahati,36,,30,37,81,160,105,110,85,48,70,213,145,140,130,140,125,50,200,12,20,40,35,,,,,,,,,,,,,,,,,,,2024-02-05
Assam,Barpeta,37,,28,33,76,129,99,115,83,47,70,NR,157,153,168,112,139,43,203,12,20,46,31,,,,,,,,,,,,,,,,,,,2024-02-05
Assam,Tinsukia,35,,NR,33,80,135,115,115,85,46,74,NR,140,140,125,135,NR,55,180,12,15,30,NR,,,,,,,,,,,,,,,,,,,2024-02-05
Assam,Dhubri,NR,,NR,NR,NR,NR,NR,NR,NR,NR,NR,NR,NR,NR,NR,NR,NR,NR,NR,NR,NR,NR,NR,,,,,,,,,,,,,,,,,,,2024-02-05
Assam,Goalpara,55,,30,33,77,120,118,100,92,43,63,188,171,153,157,175,146,50,235,12,NR,NR,NR,,,,,,,,,,,,,,,,,,,2024-02-05
Assam,Golaghat,43,,30,36,76,137,110,105,105,49,54,NR,161,161,171,175,163,66,257,13,20,42,53,,,,,,,,,,,,,,,,,,,2024-02-05
Assam,Mangaldai,49,,33,35,84,113,97,115,100,47,70,NR,161,145,142,180,135,60,280,14,21,32,32,,,,,,,,,,,,,,,,,,,2024-02-05
Assam,Mushalpur,41,,34,34,80,115,NR,110,87,45,70,NR,141,142,167,158,102,46,210,10,15,31,34,,,,,,,,,,,,,,,,,,,2024-02-05
Assam,Udalguri,41,,27,37,85,146,121,112,82,45,70,NR,147,130,118,153,102,50,258,20,16,55,30,,,,,,,,,,,,,,,,,,,2024-02-05
Assam,Bajali,62,,NR,37,80,160,127,120,87,45,70,NR,167,NR,163,180,NR,60,400,10,20,40,30,,,,,,,,,,,,,,,,,,,2024-02-05
Assam,Hojai,47,,NR,36,80,145,85,115,85,49,73,NR,125,100,118,127,102,60,230,10,20,39,40,,,,,,,,,,,,,,,,,,,2024-02-05
Assam,Jorhat,49,,30,42,87,147,93,122,111,48,72,243,157,150,117,159,112,63,210,12,16,27,47,,,,,,,,,,,,,,,,,,,2024-02-05
Assam,Bongaigaon,38,,NR,31,70,115,95,109,105,45,72,NR,140,152,149,174,109,50,348,10,18,40,25,,,,,,,,,,,,,,,,,,,2024-02-05
Assam,Morigaon,NR,,NR,NR,NR,NR,NR,NR,NR,NR,NR,NR,NR,NR,NR,NR,NR,NR,NR,NR,NR,NR,NR,,,,,,,,,,,,,,,,,,,2024-02-05
Assam,Sonari,36,,34,33,75,156,NR,112,100,51,72,NR,158,99,137,NR,NR,68,213,12,16,55,30,,,,,,,,,,,,,,,,,,,2024-02-05
Assam,Tamulpur,48,,35,35,84,137,117,118,89,47,68,NR,143,114,129,NR,100,51,290,10,17,31,29,,,,,,,,,,,,,,,,,,,2024-02-05
Assam,Sivasagar,53,,NR,48,87,137,137,135,96,49,78,NR,142,145,146,NR,NR,67,275,10,18,49,NR,,,,,,,,,,,,,,,,,,,2024-02-05
Assam,Biswanath Chariali,NR,,NR,NR,NR,NR,NR,NR,NR,NR,NR,NR,NR,NR,NR,NR,NR,NR,NR,NR,NR,NR,NR,,,,,,,,,,,,,,,,,,,2024-02-05
Assam,Dibrugarh,43,,NR,41,84,158,123,118,94,47,74,NR,139,135,121,135,NR,57,273,23,17,28,22,,,,,,,,,,,,,,,,,,,2024-02-05
Assam,Karimganj,40,,NR,36,82,150,130,113,80,46,72,NR,137,NR,106,129,85,55,236,14,18,27,30,,,,,,,,,,,,,,,,,,,2024-02-05
Assam,Majuli,50,,NR,38,92,158,88,120,100,49,70,NR,135,NR,132,NR,NR,59,256,15,23,38,68,,,,,,,,,,,,,,,,,,,2024-02-05
Assam,Sonitpur Tezpur,40,,NR,35,68,122,107,104,99,45,69,226,160,172,142,171,NR,46,297,10,20,49,50,,,,,,,,,,,,,,,,,,,2024-02-05
Assam,Haflong,46,,NR,36,78,130,NR,120,90,55,72,NR,150,NR,130,140,NR,80,250,30,20,40,40,,,,,,,,,,,,,,,,,,,2024-02-05
Assam,AS-Lakhimpur,38,,NR,36,77,141,98,108,91,45,70,NR,142,125,123,126,NR,57,NR,15,17,39,23,,,,,,,,,,,,,,,,,,,2024-02-05
Assam,Diphu,42,,NR,35,90,157,142,120,98,50,74,NR,142,NR,133,163,110,76,237,15,20,39,27,,,,,,,,,,,,,,,,,,,2024-02-05
Assam,Nalbari,51,,NR,46,132,153,147,110,90,48,79,130,158,145,152,157,112,45,350,10,32,65,33,,,,,,,,,,,,,,,,,,,2024-02-05
Assam,South Salmara Mankachar,NR,,NR,NR,NR,NR,NR,NR,NR,NR,NR,NR,NR,NR,NR,NR,NR,NR,NR,NR,NR,NR,NR,,,,,,,,,,,,,,,,,,,2024-02-05
Assam,Kamrup,39,,NR,35,88,175,121,120,88,46,74,NR,141,NR,125,142,102,58,265,18,19,34,39,,,,,,,,,,,,,,,,,,,2024-02-05
Manipur,Imphal,50,,40,40,85,175,130,140,95,50,NR,140,140,110,130,140,105,80,220,25,22,40,70,,,,,,,,,,,,,,,,,,,2024-02-05
Manipur,Chandel,NR,,NR,NR,NR,NR,NR,NR,NR,NR,NR,NR,NR,NR,NR,NR,NR,NR,NR,NR,NR,NR,NR,,,,,,,,,,,,,,,,,,,2024-02-05
Manipur,Jiribam,NR,,NR,NR,NR,NR,NR,NR,NR,NR,NR,NR,NR,NR,NR,NR,NR,NR,NR,NR,NR,NR,NR,,,,,,,,,,,,,,,,,,,2024-02-05
Manipur,Kangpokpi,NR,,NR,NR,NR,NR,NR,NR,NR,NR,NR,NR,NR,NR,NR,NR,NR,NR,NR,NR,NR,NR,NR,,,,,,,,,,,,,,,,,,,2024-02-05
Manipur,Senapati,NR,,NR,NR,NR,NR,NR,NR,NR,NR,NR,NR,NR,NR,NR,NR,NR,NR,NR,NR,NR,NR,NR,,,,,,,,,,,,,,,,,,,2024-02-05
Manipur,Tamenglong,NR,,NR,NR,NR,NR,NR,NR,NR,NR,NR,NR,NR,NR,NR,NR,NR,NR,NR,NR,NR,NR,NR,,,,,,,,,,,,,,,,,,,2024-02-05
Manipur,Thoubal,NR,,NR,NR,NR,NR,NR,NR,NR,NR,NR,NR,NR,NR,NR,NR,NR,NR,NR,NR,NR,NR,NR,,,,,,,,,,,,,,,,,,,2024-02-05
Manipur,Ukhrul,NR,,NR,NR,NR,NR,NR,NR,NR,NR,NR,NR,NR,NR,NR,NR,NR,NR,NR,NR,NR,NR,NR,,,,,,,,,,,,,,,,,,,2024-02-05
Meghalaya,Shillong,45,,37,36,90,160,123,113,100,48,74,NR,125,130,112,NR,NR,70,300,30,22,47,37,,,,,,,,,,,,,,,,,,,2024-02-05
Meghalaya,Tura,35,,40,39,90,177,140,120,90,49,74,NR,142,NR,123,130,107,87,470,20,25,38,38,,,,,,,,,,,,,,,,,,,2024-02-05
Meghalaya,Jowai,36,,38,36,90,120,120,120,90,50,72,NR,120,NR,120,240,120,80,360,30,20,40,37,,,,,,,,,,,,,,,,,,,2024-02-05
Meghalaya,Sohra,38,,38,38,NR,150,150,110,90,49,74,NR,120,NR,120,NR,NR,100,327,30,27,50,43,,,,,,,,,,,,,,,,,,,2024-02-05
Meghalaya,Mairang,40,,40,40,NR,NR,NR,118,90,52,72,NR,120,NR,120,NR,NR,NR,340,12,20,43,40,,,,,,,,,,,,,,,,,,,2024-02-05
Meghalaya,Nongpoh,36,,NR,36,87,180,130,123,90,50,75,137,130,132,141,172,176,73,343,15,20,40,30,,,,,,,,,,,,,,,,,,,2024-02-05
Meghalaya,Khliehriat,45,,40,38,90,155,130,120,85,50,73,NR,160,137,140,NR,NR,80,320,30,30,43,33,,,,,,,,,,,,,,,,,,,2024-02-05
Meghalaya,Williamnagar,35,,40,35,95,180,NR,120,90,50,70,NR,160,NR,189,NR,100,NR,470,15,25,40,40,,,,,,,,,,,,,,,,,,,2024-02-05
Meghalaya,Nongstoin,NR,,NR,NR,NR,NR,NR,NR,NR,NR,NR,NR,NR,NR,NR,NR,NR,NR,NR,NR,NR,NR,NR,,,,,,,,,,,,,,,,,,,2024-02-05
Meghalaya,Mawkyrwat,39,,37,37,NR,NR,NR,125,83,49,74,NR,125,NR,112,NR,NR,NR,345,16,20,46,32,,,,,,,,,,,,,,,,,,,2024-02-05
Mizoram,Aizawl,50,,40,50,90,157,134,133,100,50,80,169,187,154,NR,154,143,100,520,30,37,60,87,,,,,,,,,,,,,,,,,,,2024-02-05
Mizoram,Lunglei,50,,40,45,98,NR,NR,120,105,50,75,NR,190,220,150,NR,NR,100,520,25,40,60,70,,,,,,,,,,,,,,,,,,,2024-02-05
Mizoram,Kolasib,45,,40,40,96,130,120,110,100,50,78,NR,172,NR,120,197,113,113,407,26,32,57,80,,,,,,,,,,,,,,,,,,,2024-02-05
Mizoram,Mamit,50,,NR,40,NR,NR,NR,NR,110,50,75,NR,190,NR,110,NR,NR,NR,520,30,40,47,50,,,,,,,,,,,,,,,,,,,2024-02-05
Mizoram,Champhai,50,,35,60,NR,NR,NR,NR,103,50,80,NR,180,NR,130,NR,NR,167,520,30,60,70,53,,,,,,,,,,,,,,,,,,,2024-02-05
Mizoram,Serchhip,NR,,NR,NR,NR,NR,NR,NR,NR,NR,NR,NR,NR,NR,NR,NR,NR,NR,NR,NR,NR,NR,NR,,,,,,,,,,,,,,,,,,,2024-02-05
Mizoram,Siaha,50,,45,44,120,130,NR,120,100,50,70,NR,214,140,159,NR,138,NR,540,30,37,60,NR,,,,,,,,,,,,,,,,,,,2024-02-05
Mizoram,Lawngtlai,49,,42,44,83,122,102,112,100,50,73,NR,NR,NR,127,NR,112,110,497,30,38,68,80,,,,,,,,,,,,,,,,,,,2024-02-05
Mizoram,Hnahthial,53,,45,45,130,160,130,130,100,53,79,NR,165,140,110,NR,NR,120,520,30,35,53,70,,,,,,,,,,,,,,,,,,,2024-02-05
Mizoram,Khawzawl,40,,50,45,107,137,NR,143,105,50,83,150,170,NR,127,NR,150,147,520,30,40,77,NR,,,,,,,,,,,,,,,,,,,2024-02-05
Mizoram,Saitual,50,,40,40,100,NR,100,NR,95,50,80,NR,230,NR,140,NR,NR,NR,NR,30,40,40,80,,,,,,,,,,,,,,,,,,,2024-02-05
Nagaland,Kohima,45,,40,55,90,180,130,130,100,50,75,NR,120,140,120,190,NR,NR,320,20,25,50,40,,,,,,,,,,,,,,,,,,,2024-02-05
Nagaland,Dimapur,45,,40,35,70,120,105,120,83,46,80,200,150,200,170,210,165,80,210,15,20,45,40,,,,,,,,,,,,,,,,,,,2024-02-05
Nagaland,Tuensang,37,,38,55,100,NR,NR,120,100,50,NR,NR,160,NR,165,NR,NR,NR,275,20,30,80,50,,,,,,,,,,,,,,,,,,,2024-02-05
Nagaland,Mokochung,50,,NR,60,120,150,135,150,100,50,74,NR,120,130,120,200,NR,90,380,15,25,60,40,,,,,,,,,,,,,,,,,,,2024-02-05
Nagaland,Chumukedima,40,,NR,35,75,140,120,110,95,40,80,NR,120,160,130,200,NR,90,320,15,20,55,40,,,,,,,,,,,,,,,,,,,2024-02-05
Nagaland,Mon,38,,NR,55,80,NR,NR,120,100,50,70,NR,130,NR,130,NR,NR,60,350,20,25,50,50,,,,,,,,,,,,,,,,,,,2024-02-05
Nagaland,Peren,38,,40,40,120,NR,140,120,100,50,72,NR,NR,NR,NR,NR,NR,80,345,15,25,70,50,,,,,,,,,,,,,,,,,,,2024-02-05
Nagaland,Phek,40,,50,50,100,140,140,140,100,50,72,NR,160,NR,170,NR,NR,NR,350,20,30,60,60,,,,,,,,,,,,,,,,,,,2024-02-05
Nagaland,Tseminyu,50,,NR,50,NR,NR,NR,120,100,55,70,NR,120,NR,120,NR,NR,NR,360,15,30,50,50,,,,,,,,,,,,,,,,,,,2024-02-05
Nagaland,Wokha,45,,NR,43,120,123,125,120,100,50,68,NR,160,200,180,NR,NR,NR,290,15,30,70,60,,,,,,,,,,,,,,,,,,,2024-02-05
Nagaland,Zunheboto,50,,NR,50,NR,120,NR,140,100,45,75,NR,150,NR,140,NR,NR,60,400,18,30,80,80,,,,,,,,,,,,,,,,,,,2024-02-05
Nagaland,Kiphire,38,,NR,42,90,105,NR,90,95,50,80,NR,130,NR,145,NR,NR,70,335,18,30,65,55,,,,,,,,,,,,,,,,,,,2024-02-05
Nagaland,Longleng,38,,40,50,NR,150,NR,120,100,70,75,NR,160,NR,180,NR,NR,80,350,20,25,40,60,,,,,,,,,,,,,,,,,,,2024-02-05
Nagaland,Niuland,36,,NR,40,NR,150,100,120,95,50,70,NR,120,NR,120,NR,NR,NR,350,15,20,40,35,,,,,,,,,,,,,,,,,,,2024-02-05
Nagaland,Shamator,40,,43,60,100,120,NR,110,100,50,65,NR,130,NR,140,NR,110,100,175,20,30,70,70,,,,,,,,,,,,,,,,,,,2024-02-05
Nagaland,Noklak,39,,50,60,90,100,NR,NR,105,50,NR,NR,130,NR,130,NR,NR,NR,NR,20,30,70,60,,,,,,,,,,,,,,,,,,,2024-02-05
Sikkim,Gangtok,65,,40,40,85,135,128,127,95,48,62,NR,159,115,121,143,NR,60,547,17,30,35,35,,,,,,,,,,,,,,,,,,,2024-02-05
Sikkim,Gyalshing,45,,35,45,90,170,140,120,100,50,65,NR,160,120,140,180,NR,60,440,20,30,40,40,,,,,,,,,,,,,,,,,,,2024-02-05
Sikkim,Namchi,54,,32,45,80,120,130,108,100,45,65,NR,183,114,167,190,NR,50,420,21,35,70,50,,,,,,,,,,,,,,,,,,,2024-02-05
Sikkim,Soreng,45,,35,35,90,100,110,120,100,50,65,NR,185,121,124,148,NR,60,480,20,35,40,40,,,,,,,,,,,,,,,,,,,2024-02-05
Sikkim,Mangan,NR,,NR,NR,NR,NR,NR,NR,NR,NR,NR,NR,NR,NR,NR,NR,NR,NR,NR,NR,NR,NR,NR,,,,,,,,,,,,,,,,,,,2024-02-05
Tripura,Agartala,38,,NR,39,81,123,132,107,97,48,70,NR,137,145,118,159,98,70,200,12,20,35,40,,,,,,,,,,,,,,,,,,,2024-02-05
Tripura,Dharmanagar,35,,NR,40,90,153,135,120,110,49,71,NR,122,130,118,158,103,75,253,10,20,37,30,,,,,,,,,,,,,,,,,,,2024-02-05
Tripura,Belonia,42,,NR,40,NR,NR,NR,105,107,45,68,NR,139,NR,113,131,105,75,265,10,20,40,40,,,,,,,,,,,,,,,,,,,2024-02-05
Tripura,TR-Udaipur,40,,NR,36,85,145,118,113,100,50,72,NR,122,108,109,130,93,57,168,10,20,27,55,,,,,,,,,,,,,,,,,,,2024-02-05
SOUTH ZONE,SOUTH ZONE,,,,,,,,,,,,,,,,,,,,,,,,,,,,,,,,,,,,,,,,,,2024-02-05
Andhra Pradesh,Vijaywada,55,,50,55,90,162,145,128,97,44,68,168,181,123,NR,113,87,63,300,21,38,28,38,,,,,,,,,,,,,,,,,,,2024-02-05
Andhra Pradesh,Visakhapatnam,53,,40,40,85,155,139,119,88,44,54,168,148,93,NR,115,90,55,280,24,23,25,36,,,,,,,,,,,,,,,,,,,2024-02-05
Andhra Pradesh,Kurnool,68,,47,41,88,155,139,129,113,42,63,159,163,111,110,114,88,63,463,25,33,28,20,,,,,,,,,,,,,,,,,,,2024-02-05
Andhra Pradesh,Tirupathi,66,,45,47,84,173,137,123,103,44,49,173,173,110,139,112,88,60,503,23,29,28,21,,,,,,,,,,,,,,,,,,,2024-02-05
Andhra Pradesh,Jammalamadugu,60,,46,60,80,160,146,130,124,40,66,170,191,110,180,115,90,54,198,20,35,33,20,,,,,,,,,,,,,,,,,,,2024-02-05
Andhra Pradesh,Dharmavaram,NR,,NR,NR,NR,NR,NR,NR,NR,NR,NR,NR,NR,NR,NR,NR,NR,NR,NR,NR,NR,NR,NR,,,,,,,,,,,,,,,,,,,2024-02-05
Andhra Pradesh,Ongole,NR,,NR,NR,NR,NR,NR,NR,NR,NR,NR,NR,NR,NR,NR,NR,NR,NR,NR,NR,NR,NR,NR,,,,,,,,,,,,,,,,,,,2024-02-05
Karnataka,Bengaluru,59,,46,42,83,155,140,121,95,46,47,205,149,92,113,112,91,60,413,16,18,18,13,,,,,,,,,,,,,,,,,,,2024-02-05
Karnataka,Dharwad,61,,44,63,87,166,150,129,116,42,48,193,161,136,116,108,88,52,393,28,30,27,32,,,,,,,,,,,,,,,,,,,2024-02-05
Karnataka,Mangalore,49,,41,39,77,145,132,115,90,38,44,166,157,142,135,108,97,60,371,14,38,65,26,,,,,,,,,,,,,,,,,,,2024-02-05
Karnataka,Mysore,60,,47,63,126,172,137,127,100,42,43,207,167,152,148,114,105,58,293,21,36,38,29,,,,,,,,,,,,,,,,,,,2024-02-05
Karnataka,Bengaluru (East Range),62,,45,40,79,163,120,118,83,50,46,157,177,91,128,116,91,60,264,15,32,29,36,,,,,,,,,,,,,,,,,,,2024-02-05
Karnataka,Belagavi,58,,43,40,82,141,128,108,84,48,53,173,164,102,110,116,92,48,265,19,28,24,25,,,,,,,,,,,,,,,,,,,2024-02-05
Karnataka,Kalaburagi,64,,44,47,74,167,127,132,97,40,58,178,155,111,144,115,85,44,241,18,30,32,27,,,,,,,,,,,,,,,,,,,2024-02-05
Karnataka,Tumakuru,63,,44,44,86,151,141,120,96,42,49,194,159,120,121,114,89,58,297,22,34,29,29,,,,,,,,,,,,,,,,,,,2024-02-05
Karnataka,Bellary,60,,41,41,77,151,128,120,118,41,48,186,155,96,131,108,93,62,228,24,31,19,25,,,,,,,,,,,,,,,,,,,2024-02-05
Karnataka,Dhavanagere,63,,44,64,83,154,134,119,110,42,49,168,153,116,122,114,91,56,270,28,30,26,22,,,,,,,,,,,,,,,,,,,2024-02-05
Karnataka,Shivamogga,59,,45,40,90,157,145,128,102,44,48,202,152,102,132,113,89,47,243,25,29,28,20,,,,,,,,,,,,,,,,,,,2024-02-05
Karnataka,Vijayapur,62,,44,49,107,180,161,130,121,44,55,211,165,136,123,112,94,55,285,21,31,30,30,,,,,,,,,,,,,,,,,,,2024-02-05
Karnataka,Ramanagara,65,,45,49,96,162,142,136,120,45,48,176,189,105,152,118,100,51,188,18,32,30,23,,,,,,,,,,,,,,,,,,,2024-02-05
Karnataka,Raichur,66,,45,48,123,168,136,122,91,44,56,183,147,125,128,118,91,59,157,15,33,32,29,,,,,,,,,,,,,,,,,,,2024-02-05
Karnataka,Chamarajanagar,65,,42,48,90,171,138,122,95,42,44,202,168,109,NR,114,95,59,295,21,37,39,26,,,,,,,,,,,,,,,,,,,2024-02-05
Karnataka,Kolar,47,,44,46,122,145,125,125,125,39,47,158,138,151,130,120,100,51,330,11,25,42,31,,,,,,,,,,,,,,,,,,,2024-02-05
Karnataka,Haveri,60,,40,42,135,180,135,135,85,41,64,151,162,140,143,146,96,45,247,13,70,80,23,,,,,,,,,,,,,,,,,,,2024-02-05
Karnataka,Bagalkot,54,,45,45,72,160,136,120,109,38,57,191,203,112,148,143,99,44,420,26,29,44,25,,,,,,,,,,,,,,,,,,,2024-02-05
Karnataka,Bidar,59,,43,61,79,166,131,126,101,44,66,224,137,137,117,127,100,67,313,28,36,54,20,,,,,,,,,,,,,,,,,,,2024-02-05
Karnataka,Koppal,52,,39,42,83,131,130,115,130,43,43,148,173,126,165,140,106,44,256,12,37,26,23,,,,,,,,,,,,,,,,,,,2024-02-05
Karnataka,Mandya,54,,44,44,94,153,146,126,93,42,47,196,198,109,170,113,91,49,354,18,30,26,22,,,,,,,,,,,,,,,,,,,2024-02-05
Karnataka,Yadgir,55,,45,36,75,160,140,120,100,41,60,NR,NR,NR,NR,NR,NR,53,420,26,40,43,28,,,,,,,,,,,,,,,,,,,2024-02-05
Karnataka,Chikkamagalur,60,,44,41,97,175,155,127,110,46,49,166,167,108,109,112,90,59,185,19,31,25,20,,,,,,,,,,,,,,,,,,,2024-02-05
Karnataka,Bangalore Rural,60,,38,55,91,142,140,131,110,40,44,180,140,107,155,127,83,50,245,15,25,22,21,,,,,,,,,,,,,,,,,,,2024-02-05
Karnataka,Chikkaballapur,54,,45,38,80,137,120,112,87,40,42,162,130,90,120,105,90,46,413,14,32,38,33,,,,,,,,,,,,,,,,,,,2024-02-05
Karnataka,Chitradurga,64,,46,56,82,150,163,152,157,39,47,155,180,142,147,158,108,45,312,31,25,48,38,,,,,,,,,,,,,,,,,,,2024-02-05
Karnataka,Gadag,68,,45,48,85,165,130,124,115,42,70,172,168,126,140,124,90,45,320,10,33,30,20,,,,,,,,,,,,,,,,,,,2024-02-05
Karnataka,Hassan,45,,44,56,70,150,115,96,88,38,52,160,182,107,150,145,94,49,230,15,26,46,31,,,,,,,,,,,,,,,,,,,2024-02-05
Karnataka,Kodagu,57,,41,47,108,193,143,129,125,42,48,177,183,158,164,115,101,41,215,16,31,28,24,,,,,,,,,,,,,,,,,,,2024-02-05
Karnataka,Udupi,52,,54,56,128,145,156,130,129,49,48,174,176,121,152,158,119,51,289,28,35,40,29,,,,,,,,,,,,,,,,,,,2024-02-05
Karnataka,Uttara Kannada,50,,45,40,110,155,155,135,120,46,50,210,190,130,153,117,122,46,250,28,33,43,37,,,,,,,,,,,,,,,,,,,2024-02-05
Karnataka,Vijayanagara,64,,43,43,84,149,129,123,112,44,48,173,156,127,116,111,89,45,245,16,33,29,23,,,,,,,,,,,,,,,,,,,2024-02-05
Kerala,T.Puram,58,,43,49,87,157,153,125,106,43,52,223,176,130,130,114,91,72,267,19,37,27,38,,,,,,,,,,,,,,,,,,,2024-02-05
Kerala,Ernakulam,53,,46,42,107,182,175,140,110,44,56,215,153,135,NR,122,106,65,227,17,43,30,43,,,,,,,,,,,,,,,,,,,2024-02-05
Kerala,Kozhikode,48,,49,49,106,160,134,144,109,43,53,233,187,129,NR,117,93,65,259,16,32,27,31,,,,,,,,,,,,,,,,,,,2024-02-05
Kerala,Thrissur,53,,49,59,103,196,161,156,123,45,54,243,200,141,NR,123,107,69,259,16,44,36,47,,,,,,,,,,,,,,,,,,,2024-02-05
Kerala,Palakkad,49,,46,47,95,162,145,127,97,43,50,218,163,137,NR,114,92,54,240,13,34,26,30,,,,,,,,,,,,,,,,,,,2024-02-05
Kerala,Wayanad,46,,49,41,99,177,152,139,102,42,52,NR,165,141,NR,120,99,56,213,16,32,26,36,,,,,,,,,,,,,,,,,,,2024-02-05
Kerala,Kasargod,48,,48,52,100,168,164,132,100,42,61,NR,NR,140,NR,110,90,48,260,16,29,24,33,,,,,,,,,,,,,,,,,,,2024-02-05
Kerala,Kottayam,57,,41,45,137,192,128,127,123,43,56,NR,190,139,NR,108,92,70,213,13,36,27,45,,,,,,,,,,,,,,,,,,,2024-02-05
Kerala,Pathanamthitta,56,,34,39,95,178,148,138,138,44,53,NR,218,190,NR,120,102,67,237,14,40,30,50,,,,,,,,,,,,,,,,,,,2024-02-05
Kerala,Alapuzha,45,,46,65,93,162,154,146,113,43,52,NR,NR,137,NR,116,NR,65,200,12,38,25,23,,,,,,,,,,,,,,,,,,,2024-02-05
Kerala,Kollam,45,,50,44,108,207,158,NR,108,46,52,227,NR,144,NR,123,114,70,230,16,42,36,49,,,,,,,,,,,,,,,,,,,2024-02-05
Kerala,Idukki,55,,42,40,90,166,NR,123,86,43,60,NR,153,134,NR,116,93,67,180,14,38,30,46,,,,,,,,,,,,,,,,,,,2024-02-05
Kerala,Kannur,51,,46,45,NR,NR,NR,152,99,42,52,NR,NR,176,NR,112,92,60,257,16,26,24,30,,,,,,,,,,,,,,,,,,,2024-02-05
Kerala,Malapuram,46,,48,43,96,177,148,132,145,42,56,239,158,132,NR,120,92,54,223,13,34,25,29,,,,,,,,,,,,,,,,,,,2024-02-05
Puducherry,Puducherry,NR,,NR,NR,NR,NR,NR,NR,NR,NR,NR,NR,NR,NR,NR,NR,NR,NR,NR,NR,NR,NR,NR,,,,,,,,,,,,,,,,,,,2024-02-05
Tamil Nadu,Chennai,65,,47,42,86,168,145,123,93,43,40,172,150,108,NR,114,85,64,278,27,29,29,28,,,,,,,,,,,,,,,,,,,2024-02-05
Tamil Nadu,Madurai,58,,41,62,82,152,141,124,88,43,45,209,193,152,NR,116,86,48,263,12,36,31,36,,,,,,,,,,,,,,,,,,,2024-02-05
Tamil Nadu,Dindigul,62,,43,39,84,159,140,118,90,43,57,197,190,113,NR,113,93,53,272,20,37,28,28,,,,,,,,,,,,,,,,,,,2024-02-05
Tamil Nadu,Thiruchirapalli,64,,45,64,89,161,144,125,105,44,43,203,170,120,NR,116,90,60,NR,26,31,32,33,,,,,,,,,,,,,,,,,,,2024-02-05
Tamil Nadu,Coimbatore,46,,43,44,80,156,136,116,79,43,40,224,142,129,NR,113,85,57,255,26,31,26,31,,,,,,,,,,,,,,,,,,,2024-02-05
Tamil Nadu,Tirunelveli,57,,41,46,81,157,146,121,97,43,42,188,144,112,NR,112,86,54,242,24,36,37,36,,,,,,,,,,,,,,,,,,,2024-02-05
Tamil Nadu,Cuddalore,61,,49,51,87,182,146,125,104,42,48,211,203,161,NR,106,89,54,313,24,38,25,31,,,,,,,,,,,,,,,,,,,2024-02-05
Tamil Nadu,Dharmapuri,64,,44,40,81,155,135,115,85,42,43,222,NR,115,NR,124,96,50,270,25,30,28,18,,,,,,,,,,,,,,,,,,,2024-02-05
Tamil Nadu,Vellore,69,,47,41,93,168,144,129,100,43,45,186,164,139,NR,111,85,61,267,26,32,25,32,,,,,,,,,,,,,,,,,,,2024-02-05
Tamil Nadu,Ramanathapuram,66,,44,63,75,151,143,113,97,43,44,212,235,123,NR,121,97,52,274,27,41,31,31,,,,,,,,,,,,,,,,,,,2024-02-05
Tamil Nadu,Erode,NR,,NR,NR,NR,NR,NR,NR,NR,NR,NR,NR,NR,NR,NR,NR,NR,NR,NR,NR,NR,NR,NR,,,,,,,,,,,,,,,,,,,2024-02-05
Tamil Nadu,Karur,47,,48,55,87,164,140,124,90,43,43,217,158,115,NR,114,90,51,298,11,40,32,30,,,,,,,,,,,,,,,,,,,2024-02-05
Tamil Nadu,Perambalur,60,,NR,60,85,154,139,116,82,43,43,221,159,120,NR,114,89,52,NR,26,30,26,25,,,,,,,,,,,,,,,,,,,2024-02-05
Tamil Nadu,Pudukkottai,65,,45,64,84,160,147,126,NR,44,45,218,198,143,NR,113,94,54,NR,27,40,30,40,,,,,,,,,,,,,,,,,,,2024-02-05
Tamil Nadu,Sivagangai,67,,47,62,88,158,149,126,97,43,44,218,213,142,NR,114,97,55,277,26,43,33,37,,,,,,,,,,,,,,,,,,,2024-02-05
Tamil Nadu,Thanjavur,56,,46,43,88,173,148,128,90,43,44,205,170,130,NR,113,88,55,260,21,35,26,29,,,,,,,,,,,,,,,,,,,2024-02-05
Tamil Nadu,The nilgiris,70,,45,43,92,163,150,133,95,44,54,207,180,102,NR,115,92,64,220,28,42,31,27,,,,,,,,,,,,,,,,,,,2024-02-05
Tamil Nadu,Thoothukudi,58,,45,57,82,159,148,123,87,46,54,232,190,125,NR,114,90,55,306,11,30,33,30,,,,,,,,,,,,,,,,,,,2024-02-05
Tamil Nadu,Viluppuram,64,,51,41,87,164,129,129,98,42,50,172,157,110,NR,109,90,60,NR,26,34,32,35,,,,,,,,,,,,,,,,,,,2024-02-05
Tamil Nadu,Virudhunagar,59,,42,63,81,153,138,121,81,45,45,189,154,127,NR,118,87,52,293,28,39,30,32,,,,,,,,,,,,,,,,,,,2024-02-05
Tamil Nadu,Kanniyakumari,57,,39,53,86,150,137,114,125,42,41,207,180,120,NR,111,91,51,258,25,35,35,35,,,,,,,,,,,,,,,,,,,2024-02-05
Tamil Nadu,Namakkal,62,,46,61,92,163,143,130,93,42,44,202,188,113,NR,109,89,55,NR,26,37,26,31,,,,,,,,,,,,,,,,,,,2024-02-05
Tamil Nadu,Tiruvannamalai,66,,49,60,84,163,141,112,89,44,65,192,173,114,NR,113,87,58,295,27,35,28,28,,,,,,,,,,,,,,,,,,,2024-02-05
Tamil Nadu,Tiruvarur,61,,62,63,83,165,133,123,NR,42,52,229,134,125,NR,112,86,52,NR,25,35,30,40,,,,,,,,,,,,,,,,,,,2024-02-05
Tamil Nadu,Tiruppur,63,,46,44,93,171,145,126,86,42,44,215,168,116,NR,114,88,59,NR,28,30,27,34,,,,,,,,,,,,,,,,,,,2024-02-05
Tamil Nadu,Tenkasi,55,,46,59,82,163,157,119,NR,43,66,227,195,122,NR,115,89,56,275,22,31,33,39,,,,,,,,,,,,,,,,,,,2024-02-05
Tamil Nadu,Nagapattinam,55,,44,61,89,175,130,121,107,43,50,215,213,121,NR,110,91,55,NR,20,28,23,27,,,,,,,,,,,,,,,,,,,2024-02-05
Tamil Nadu,Krishnagiri,61,,42,38,82,160,138,117,87,42,44,195,NR,105,NR,112,85,50,503,26,30,25,25,,,,,,,,,,,,,,,,,,,2024-02-05
Tamil Nadu,Ariyalur,59,,NR,63,82,153,147,125,NR,44,44,210,NR,120,NR,117,89,59,NR,26,37,30,24,,,,,,,,,,,,,,,,,,,2024-02-05
Tamil Nadu,Kallakurichi,66,,48,62,93,164,133,130,103,42,45,188,160,118,NR,111,92,59,NR,26,38,32,35,,,,,,,,,,,,,,,,,,,2024-02-05
Tamil Nadu,Kancheepuram,66,,48,64,84,173,144,123,94,43,40,195,158,122,NR,115,88,69,NR,26,40,30,30,,,,,,,,,,,,,,,,,,,2024-02-05
Tamil Nadu,Salem,44,,46,44,82,152,137,117,97,43,45,197,188,116,NR,118,93,53,280,33,36,35,23,,,,,,,,,,,,,,,,,,,2024-02-05
Tamil Nadu,Theni,57,,41,51,79,151,135,115,91,42,45,213,170,114,NR,117,87,51,277,13,29,29,33,,,,,,,,,,,,,,,,,,,2024-02-05
Tamil Nadu,Chengalpattu,58,,45,60,85,175,155,135,95,44,40,203,185,122,NR,118,89,60,560,28,42,29,35,,,,,,,,,,,,,,,,,,,2024-02-05
Tamil Nadu,Mayiladuthurai,59,,50,63,87,177,147,127,NR,44,44,233,165,173,NR,114,87,57,340,27,30,30,40,,,,,,,,,,,,,,,,,,,2024-02-05
Tamil Nadu,Ranipet,NR,,NR,NR,NR,NR,NR,NR,NR,NR,NR,NR,NR,NR,NR,NR,NR,NR,NR,NR,NR,NR,NR,,,,,,,,,,,,,,,,,,,2024-02-05
Tamil Nadu,Tirupattur,59,,40,44,86,173,143,128,96,44,67,184,218,147,NR,115,86,55,270,21,30,32,27,,,,,,,,,,,,,,,,,,,2024-02-05
Tamil Nadu,Tiruvallur,63,,44,60,88,178,137,133,95,43,40,207,173,123,NR,112,87,62,540,28,30,30,40,,,,,,,,,,,,,,,,,,,2024-02-05
Telangana,Hyderabad,58,,39,38,80,139,119,109,91,39,52,148,149,93,104,104,92,50,266,NR,29,30,26,,,,,,,,,,,,,,,,,,,2024-02-05
Telangana,Karimnagar,49,,46,58,79,152,137,117,88,42,65,156,145,96,NR,113,87,60,308,24,25,24,29,,,,,,,,,,,,,,,,,,,2024-02-05
Telangana,Warangal,45,,37,38,72,146,110,106,85,41,55,177,183,148,174,98,88,54,274,15,30,50,44,,,,,,,,,,,,,,,,,,,2024-02-05
Telangana,Adilabad,59,,40,47,77,150,123,115,82,40,73,159,160,100,143,109,93,47,272,23,25,25,35,,,,,,,,,,,,,,,,,,,2024-02-05
Telangana,Suryapet,48,,47,45,71,161,121,119,92,37,60,163,154,128,NR,112,90,52,280,22,25,38,20,,,,,,,,,,,,,,,,,,,2024-02-05
Telangana,Jadcherla,40,,30,50,75,165,125,110,95,39,57,170,178,126,NR,116,108,55,292,14,15,28,32,,,,,,,,,,,,,,,,,,,2024-02-05
Telangana,Khammam,58,,50,45,75,175,110,113,90,48,70,175,160,125,170,120,99,60,330,28,35,50,35,,,,,,,,,,,,,,,,,,,2024-02-05
Telangana,Medchal,60,,44,44,85,165,137,122,90,41,61,169,198,120,125,120,100,44,260,18,30,24,30,,,,,,,,,,,,,,,,,,,2024-02-05
Telangana,Nizamabad,46,,44,39,83,156,126,123,98,43,75,180,191,109,NR,129,115,65,344,13,28,30,15,,,,,,,,,,,,,,,,,,,2024-02-05
Telangana,Sangareddy,60,,40,44,76,146,120,111,86,40,70,150,150,128,170,115,90,65,360,24,30,20,29,,,,,,,,,,,,,,,,,,,2024-02-05
Commodity Name,Commodity Name,Rice,Rice,Wheat,Atta (Wheat),Gram Dal,Tur/Arhar Dal,Urad Dal,Moong Dal,Masoor Dal,Sugar,Milk @,Groundnut Oil (Packed),Mustard Oil (Packed),Vanaspati (Packed),Soya Oil (Packed),Sunflower Oil (Packed),Palm Oil (Packed),Gur,Tea Loose,Salt Pack (Iodised),Potato,Onion,Tomato,Bajra(whole),Jowar(whole),Maida(wheat),Ragi(whole),Suji(whole),Besan,Desi Ghee,Butter(Pasteurised),Eggs,Brinjal,Black Pepper(whole),Coriander(whole),Cummin Seed(whole),Red Chillies(whole),Turmeric(powder),Banana,GInger,Garlic,2024-02-05
Average Price1,Average Price1,44.02,,31.08,36.13,82.62,148.68,122.74,116.2,93.49,44.53,58.34,190.55,135.81,124.85,122.86,123.52,98.37,52.87,282.33,22.4,22.19,33.78,34.24,,,,,,,,,,,,,,,,,,,2024-02-05
Maximum Price1,Maximum Price1,70,,62,69,137,207,175,180,157,70,83,262,235,220,189,240,176,167,560,33,70,80,87,,,,,,,,,,,,,,,,,,,2024-02-05
Minimum Price1,Minimum Price1,27,,21,27,60,87,82,81,70,37,37,115,103,90,93,93,77,36,157,9,7,15,12,,,,,,,,,,,,,,,,,,,2024-02-05
Modal Price1,Modal Price1,40,,28,35,80,160,120,120,100,44,60,180,130,120,120,115,90,50,300,28,20,30,30,,,,,,,,,,,,,,,,,,,2024-02-05
,,,,,,,,,,,,,,,,,,,,,,,,,,,,,,,,,,,,,,,,,,,2024-02-05
"Department of Consumer Affairs ( Price Monitoring Division)Date 05/02/2024 Daily Retail Prices Of Essential Commodities  StateCentreRiceBroken RiceWheatAtta (Wheat)Gram DalTur/Arhar DalUrad DalMoong DalMasoor DalSugarMilk @Groundnut Oil (Packed)Mustard Oil (Packed)Vanaspati (Packed)Soya Oil (Packed)Sunflower Oil (Packed)Palm Oil (Packed)GurTea LooseSalt Pack (Iodised)PotatoOnionTomatoBajra (whole)Jowar (whole)Maida (wheat)Ragi (whole)Suji (whole)BesanDesi GheeButter (Pasteurised)Eggs BrinjalBlack Pepper (whole)Coriander (whole)Cummin Seed (whole)Red Chillies (whole)Turmeric (powder)BananaGingerGarlic  UnitQty1 Kg1 Kg1 Kg1 Kg1 Kg1 Kg1 Kg1 Kg1 Kg1 Kg1 ltr1 Kg1 Kg1 Kg1 Kg1 Kg1 Kg1 Kg1 Kg1 Kg1 Kg1 Kg1 Kg1 Kg1 Kg1 Kg1 Kg1 Kg1 Kg1 Kg100 gmDozen1 Kg100 gm250 gm100 gm100 gm50 gm1 Kg100 gm100 gm  Average PriceAverage Price44.02 31.0836.1382.62148.68122.74116.293.4944.5358.34190.55135.81124.85122.86123.5298.3752.87282.3322.422.1933.7834.24 Maximum PriceMaximum Price70 6269137207175180157708326223522018924017616756033708087 Minimum PriceMinimum Price27 2127608782817037371151039093937736157971512 Modal PriceModal Price40 2835801601201201004460180130120120115905030028203030 NORTH ZONENORTH ZONE  ChandigarhChandigarh42 3236801351151139445591901501281301451055127627123745 DelhiDelhi40 293180157143118874454211143119126133985724826153342 HaryanaHisar33 2728701431061057442571881191041161231014024224122528 Karnal62 32388612512212312545661801351351431741334327930NRNRNR Panchkula35 333681133102111944559151128127111153915121826245530 Gurgaon40 25356510095908842561851651301371631004419020153530 Himachal PradeshShimla42 NR3785167143122965060214164129121NRNR5521828163250 Mandi40 NR34801671371228346472201561211151411145027028143552 Dharamshala28 NR3081153128125934540NR159137138NRNR4722028254040 Solan40 NR3281164126113854550214161129117135NR4922028122860 Una39 NR3179141121116864362NR141119117NRNR4622428143151 Bilaspur-hp44 NR3180162132114874758NR161128131NRNR4331827123060 Chamba36 NR3580156130120895055NR163129119NRNR4423528213349 Hamirpur-HP38 NR3176148124113864565NR166137NRNRNR4725928182747 Kullu39 NR3180160131109844640NR157120110141NR4223027204060 Sirmour37 21346211097919645502281651351431551214132725293742 Kinnaur40 NR3584148131110805045NR136127134132NR4222927254043 Lahaul & Spiti40 NR37901651201101005070NR187160NRNRNR5536528405360 Jammu and KashmirSrinagar40 43581071201201401104947240139143140183NR5032028284047 Jammu42 3036831681331201004750NR1481301371421034929028173248 PoonchNR NRNRNRNRNRNRNRNRNRNRNRNRNRNRNRNRNRNRNRNRNR Kupwara36 2633901101101201006048NR1481451431481425030724233843 UdhampurNR NRNRNRNRNRNRNRNRNRNRNRNRNRNRNRNRNRNRNRNRNR Shopian40 47461171231221231175048NR155140140132NR4833028386262 Samba60 273275150130120904655NR125120115135955030028152750 Ramban52 NR3383150113112975060NR150140120NRNR5232025203560 RajouriNR NRNRNRNRNRNRNRNRNRNRNRNRNRNRNRNRNRNRNRNRNR KishtwarNR NRNRNRNRNRNRNRNRNRNRNRNRNRNRNRNRNRNRNRNRNR DodaNR NRNRNRNRNRNRNRNRNRNRNRNRNRNRNRNRNRNRNRNRNR BaramullaNR NRNRNRNRNRNRNRNRNRNRNRNRNRNRNRNRNRNRNRNRNR ReasiNR NRNRNRNRNRNRNRNRNRNRNRNRNRNRNRNRNRNRNRNRNR KathuaNR NRNRNRNRNRNRNRNRNRNRNRNRNRNRNRNRNRNRNRNRNR PunjabAmritsar33 2836801601201101104354190120108107130NR4927225112255 Ludhiana37 243282160140115904460205137112117130NR5028027113043 Bathinda36 233080163133120984558220135115118132985832025153247 Barnala39 232880158115108854554208110110102120904131728193542 Hoshiarpur33 25299213811812011043622001201401251401106426320143255 Faridkot42 233282163127127924555233122122113137935231328223253 Mansa40 24289213011098974551NR132127127NRNR5127728203033 Sri Muktsar Sahib39 252982163120115934362203110108105105904525027173353 Dera Bassi36 2330801601251201004456NR128118115NRNR5322728102227 Sangrur40 253076159111105754560156125101101120944122029102048 Ropar38 2832851631421231034362220123113110135975526828142243 Amargarh40 253080172118120804560158115110110125954025028152050 Fatehgarh Sahib48 25359012012010510545652001251181171621155024026103535 Ferozepur41 263291180141121101446122111811812014797492812892544 Kapurthala36 25317813212712610846662131231311281381126825722123555 Uttar PradeshLucknow40 3035831501251168245662151351131161201054528027142237 Kanpur35 27328216013213012046601961441131261401175623426153035 Varanasi42 2935851551211198248672191381271271381165528128173130 Agra44 2930851331071018745671741171071081071013924028102625 Jhansi43 2432781551041118145521911211111021211124321026182824 Meerut36 30368112811511310744631571481471501721465224424132333 Allahabad36 3438781421141129645621701501421341721125225024223226 Gorakhpur37 243969139104114744359214129134109139894921927142934 Saharanpur32 27348316413012010343691661281231301531194925528132831 Bareilly36 263188155135115115426619312211211712395473172893037 Ayodhya32 26317215095105894155193158122137175974621728403024 Moradabad36 2532771441141109342611891381271301561094625625143329 Aligarh40 28348017014011011044602081221181111481374924227134228 Mirzapur (Vindhyanchal)NR NRNRNRNRNRNRNRNRNRNRNRNRNRNRNRNRNRNRNRNRNR Banda36 3036751501121108044641981231151091641095218022113132 Azamgarh35 303183151113115954465221150128128123984528028122925 Gonda (Devipatan)37 28358017513011510045641851381551601901404934027264741 Amethi37 254073125911128944621891631341531901185025925224638 Barabanki39 29338015412011910045642031501351501751194922028152933 Bhadohi34 232965115851008942601901601451451851055023525112825 Chandauli30 243378143120119764360136120120110122935624726122012 Farrukhabad44 24317314211511088446617513211812316599452472692842 Ghazipur34 26358915612112110242692201351261251461045121228142633 Jaunpur40 273581151120119814462189138123114163905625728172526 UP-Pratapgarh39 263180145127120804468207135117117118935326627142328 Sambhal40 2432751301201009041601731301421421751283821729103022 Santkabir Nagar32 253276125115112964362183150145145175NR4425728144540 Shahjahanpur38 26339813513312713044672031691651681801424726326243340 SitapurNR NRNRNRNRNRNRNRNRNRNRNRNRNRNRNRNRNRNRNRNRNR Sultanpur34 284293148961059844552151691281661761164822829144943 Unnao44 273178163118113854558198133118123157994823026112830 Ambedkar Nagar45 2836821181151179546602001671401601681335819027184233 Amroha40 26308014010012010044501971401401471801004120025203025 Baghpat40 NR308015012011010042632131351211211211004520327112940 BijnorNR NRNRNRNRNRNRNRNRNRNRNRNRNRNRNRNRNRNRNRNRNR Budaun41 26328611311510093456020211911711612090492952892932 Etah40 2733701551001059545652051401431401581184928527112330 Fatehpur35 24427512015511510045682151671281371761205022528164528 Ghaziabad35 31338517713212310744652031231251131321034720627183237 Hardoi45 2633821551361349045682201371271291631005324027113130 Jalaun34 2832851571071049042551851421541521731035023028122528 Kaushambi43 254075147132988844591711451231321661224922929203230 Kushinagar38 333880158124139854670188145135130158994824528163135 Lakhimpur Kheri40 27327414897106884555NRNRNRNRNRNR5522028102820 Pilibhit39 28328214313512713244662101451451401551154226528165028 Sharwasti34 273380147125118844452148142115123NR954420228112427 Siddharth Nagar41 293081158120137834562166142126132165905023027163222 Sonbhadra46 3035781721021079648602081411401461731194929725143326 Rampur53 263079125107109894253159129127112141924525516142638 Bahraich35 2633681551301109641451551481371441271204325028193325 Basti40 223070145110105824264155140133130148984724225204030 Etawah44 29358516612810191NRNRNRNRNRNRNRNRNRNRNRNRNRNR Muzzafarnagar42 2831731081061051044474145125124120163104372252793125 Chitrakoot32 2531801331001058545502071331221221701084422028153030 Hamirpur-UP43 283375151140108894569189143143142191995027826152926 Deoria43 30327314210210410044582061321251231531394522427152531 Hapur35 27347815312511010342651901421231251251004322027132830 Bulandshahr40 243585140100100904470NR1201201201881004025026193332 Kanpur Dehat40 25308516012797904566180125135135155954521028103035 Hathras38 2729801271131009241651651151331101731404422025113728 Raebareli42 3033781521231128845672221271131121381024822327153729 Lalitpur36 23296613592929441531721321291261881343925825191722 Mohaba31 2631831621011018747581531301151271731125219528202040 Gautam Budh Nagar38 2832831601191188343662351481181261391005526227102437 Auraiya37 26346512390928142691811621321311811345226227103136 Maharajganj33 2833811501201208043632031381151291751014621327162433 Balrampur34 2733731341271168844NR210131116119129925220829113232 Kannauj35 243275160951008542661781351301351821184424527203821 Mathura34 29347011392969540621711461431441681083626729113225 Firozabad38 35378211511811211840651901581171421821114530029133942 Kasganj50 273177139120118113436619213312311514590502452872942 Mainpuri33 2532661101001008839691771531221341641104324830202520 Shamli38 26297012812511010343682051271201171431025027026102040 Ballia32 28328316711210910045562001581481471471505024327153221 Mau39 253285149117119854562204128116119118945027427123222 UttarakhandDehradun38 2537801631101151004657145125120123165NR4828730163728 Haldwani36 3334100971009610040571481481511491501435125428112748 Rudrapur36 2733901801201201104263179139139120125885121728112426 HaridwarNR NRNRNRNRNRNRNRNRNRNRNRNRNRNRNRNRNRNRNRNRNR WEST ZONEWEST ZONE  ChhattisgarhRaipur37 424385145128113954555198135133113133984424727273332 Durg37 3840791501251238444541901161101141121045623815212813 Ambikapur30 30309217510910210541401891901701701731563826811203020 Bilaspur-CG40 283080155901009040501851821531601741374520326276235 Jagdalpur39 36461111741061029843511941571011321361013935124222915 Dantewada48 38388815212811878447323013911099115945955928233323 DhamtariNR NRNRNRNRNRNRNRNRNRNRNRNRNRNRNRNRNRNRNRNRNR Rajnandgaon56 444210017611311110742592541371511021081015532130203817 Koriya38 33357514898113804276205NR95124173NR4720027203020 DNH and DDSilvasa59 424387161138127934266178136143114121905749028192346 Daman39 433987135128118934466185137120120120958220026192745 Diu48 39568817114913210044612141611401631301157036028223241 GoaPanajiNR NRNRNRNRNRNRNRNRNRNRNRNRNRNRNRNRNRNRNRNRNR Margao52 454688165150125934459223143140127123936034324323242 GujaratAhmedabad33 323474131107968040581951441421381331105124513224532 Rajkot41 3639781531101058743591851301351391211075530017252825 Surat33 3232751601201108340621881309511011084502009194149 Bhuj50 3438811501251151004458180150150120NR905520022202516 Selamba60 40449016014013010042681721351221131131074726715222843 Waghai42 40467914012013010543561921531431551351224925714283832 BodeliNR NRNRNRNRNRNRNRNRNRNRNRNRNRNRNRNRNRNRNRNRNR VapiNR NRNRNRNRNRNRNRNRNRNRNRNRNRNRNRNRNRNRNRNRNR BilimoraNR NRNRNRNRNRNRNRNRNRNRNRNRNRNRNRNRNRNRNRNRNR IdarNR NRNRNRNRNRNRNRNRNRNRNRNRNRNRNRNRNRNRNRNRNR JhalodNR NRNRNRNRNRNRNRNRNRNRNRNRNRNRNRNRNRNRNRNRNR SongashNR NRNRNRNRNRNRNRNRNRNRNRNRNRNRNRNRNRNRNRNRNR Madhya PradeshBhopal34 303476155122112844460176136116101128NR4825412181845 Indore43 263488152118119944364182140130109125925424522NRNRNR Gwalior37 344382175119127904466214141121115125NR5423028122519 Jabalpur42 3235821411161188444642041351051081281054527515162820 Rewa42 23509110499116964653172157113142141NR4439319203330 Sagar42 2729691421191038343591911359999118904323122141533 Jhabua47 283485157123113954356192141132107145NR5431322233436 Hoshangabad46 2733861701121151004460187125104105120925339912203050 Shahdol33 32357017095105854275170130125115170NR4418025153015 Ujjain42 303582154122115934458190140125122122995227018234836 Morena36 28308518012011510043651821231251251771036024016123030 Anuppur35 343780150117120904550207133123105130904820010203033 Bhind39 33367012393959043601631231201251651203823015102828 Dhar45 30448517012611710842571711321301051331704822823202840 Harda35 28337815213010890426018213111795108NR4719728203058 Katni35 2730801501201208045501901101101051251104518028143022 Khandwa32 263069174112113108435318415313999157NR4825220192941 Mandla52 3235771321181208041491971321071041231034325315182432 Rajgarh40 323698999398894268136109102109101NR4823719243433 Sidhi35 26349513395909545602501301201171531204925328203035 Chattarpur36 293285183951209143501941401311091151185222825154522 Neemuch40 243179163115110784250180137128108132NR383859151920 Burhanpur39 343974145115110844252164125119100120944219527191519 Narshinpur38 263875162118113854455195153110104143NR3928212172212 Raisen38 283080160123120904260190133100100NRNR4522028192040 Sheopur44 273375150130120854260170130120105150NR4528028152025 Agar malwa46 2736801641201101004052NRNR130105NRNR4436515112138 Umaria43 323575140115115874760150115103108203NR4522018172727 Shajapur49 27357815213912497426318011712498119NR4736328213146 Dewas43 26348215310811290425617512211196108NR4422511203029 Khargone40 283580140110110904255185185155130190NR4540028225525 Singrauli37 273389130113120904660220125100110138954830028152530 Chhindwara40 2933781401151158544552251521041151261103820010153035 Sehore38 253275154119109854350174122114104123NR4521311203135 MP-Ashoknagar40 2932681551231189342582601401381231451204021528182527 Balaghat40 353480147115117884252198143102981181005720010203733 Guna39 2730781331001088042601901231001001241004020028152435 Ratlam35 2635821501421279842551891421281151331024230010182520 Satna31 2535751451001008042602001251181301281034520028173522 Vidisha38 273172148130120924165182130108102125NR4522710131532 Alirajpur40 30359016011510510743652101431411151301005029710253725 Betul49 283375143120113874357178132115107127NR4722218202834 Damoh36 303280155112105824352205135118110130NR4820510202027 Dindori40 354090140130135954570210130100110145NR5023028202030 NiwariNR NRNRNRNRNRNRNRNRNRNRNRNRNRNRNRNRNRNRNRNRNR SeoniNR NRNRNRNRNRNRNRNRNRNRNRNRNRNRNRNRNRNRNRNRNR Panna36 2533811461051009545502051171181071371174920510152020 Tikamgarh37 404072156951148042401871411311091371184822525203020 MaharashtraMumbai42 45511161891671501054858192176146124141997632027322850 Nagpur46 435085155125125905265208150145115120926528327384245 Pune58 4554791691261288449691941531131091131054631427221834 Nashik41 434087158132123944254180177121101115925430026272738 Mangaon-Raigad47 444583151132120924355174124130102110955630523303043 Dharni38 363578154121124894241176128121103129NR4930513272154 Latur64 424387180139137103406520514690103110994120528282530 Akluj43 394177152117110863954185128118116124935231724192716 Arni Yavatmal48 333472163122115974263187152123104118NR5730010302030 Chandrapur46 474691179140134109456619217016299151NR6121728232227 Karad Satara47 374782167148128944170188168132109113985028728302740 Ahemednagar59 44477915112812410040531641591211191241094422828232239 Khultabad59 313778154120115834149181NR131101119944930020302929 Islampur61 45487717712112010640691801761051181321054932330302234 Kankavli46 4143911621461321014355180172136105117925334420342542 Partur70 3540601601101101014055164198159105144954040910232030 Gondia55 43447313610110781405016413595101105945421822161730 Jalgaon53 39429015614212911043602101501241011081156236827232248 Akola39 3336741621201151004365172141120101112905428526203063 RajasthanJaipur46 333277167127114794550203130115120128NR4428719162635 Jodhpur40 343778157125104794350202152NRNR123NR4625018234728 Kota38 263379140113105804455177160102101167NR4924025192320 Udaipur29 283088959295924550180190130180NR1205033324255231 Bharatpur45 283190155140120904358200110110110NRNR4729625242427 Ajmer38 3032651101051007540491931411111451411113832020125343 Bikaner39 3334731241231159244371781031079393NR4421111151927 Bundi47 273175148120110904350167122110110147NR4831719193838 Rajsamand38 283277160117114884263172141122111125NR4929216192836 Alwar41 373567102120106894454167119119130145NR4430816213020 Banswara38 263469138103103924153175145110162165NR4636323213125 Baran35 302770958987803950130138119127125NR3720014202140 Barmer33 30386211398898842NR190178107156175NR4234727112133 Bhilwara46 313668116107988842511921771341671851354429319244938 Chhitorgarh46 2736871151131159542561861731411301271224632420132321 Churu32 283070879890823946172168145148169NR3830515255050 Dholapur38 283580153115110854760233128116111NRNR5023027233524 Dungarpur36 2830641101181161184456216163NR145191NR5229828274033 Hanumangarh34 282881132111105814143249128129107138NR3933014205647 Jaisalmer32 33367110910391894353194175109155154NR4224710243030 Jalore39 3232701201101101004051195135133150188NR4126328275038 Jhalawar40 2528721209695864249183152125123168NR4238719273835 Jhunjhunu36 354098979898944044210155138141192NR3820717284538 Karauli36 2731661111101109044NR203148138138NRNR4048030203333 Nagaur34 33366610610681834155163167119164NRNR3831314213632 Pali58 282869124122989938581781721241641611643927612273233 RJ-Pratapgarh60 28307011010595843957NR180138119160NR3831720212327 Sikar46 2733751008689854452166177101150153NR4431121234247 Sirohi39 3536661221211081054051193166134155188NR4926422226057 Sri Ganganagar49 273182979993964549154152166144NRNR4928227173239 Tonk43 242873115109104934352194130151151159NR4526513233725 Sawai Madhopur50 252764122102105703952200108102107180NR3828328283441 EAST ZONEEAST ZONE  BiharPatna42 313582148126115854656NR1151101251221124328326182524 Bhagalpur37 303477149110112814556NR1261141341691234332028122628 Purnia36 303474139126109744651NR12499114NR904233613132529 Darbhanga36 284075125110110804452NR130125120NR904519513182530 Gaya33 264081168110107804560NR1491421421421344933624163021 Muzzafarpur39 283379151111112814557NR126129127164964328724142627 Saran42 2935821511331258245561151271261211481094826726214567 Munger39 283681165122120814555NR132126140193NR5024227133025 Saharsa40 2833751209895904555NR137123115NRNR5321723194532 Madhubani38 273276141120110774552159129125124155964929018183228 Rohtas (Sasaram)32 27317614012010077466622012799109115954822325142818 Motihari39 3031701071031028744561321501401381401044227419184633 Samastipur51 263166117104100784555159138112144154985432022123433 Katihar37 303278165114112804454NR142140131149NR5030519226143 Araria43 29387915115199864457NR128114114177905135219152939 Nawada38 2535861601221148344602271531201141701115028027113528 Khagaria44 243679122113118794342NR13398122128984237027163228 Banka35 28367514011010075NRNRNRNRNRNRNRNRNRNRNRNRNRNR Arwal36 263272140110120784353NR1371231411251104427725192923 Aurangabad36 2633801551231228244582371241581622281475219528122920 Begusarai34 253169119109100804353NR125121119NR964431912132918 Bhojpur Ara43 273278150127134754556231145162145197NR4936929222524 Buxar29 2831751301101108044601401281181161501164526028162820 Gopalganj42 2832801701101208042552201301251301601006024526203022 Jamui38 303372139117114754559NR129111131NR1223925728163929 Jehanabad33 303475149127119764555NR134119121162NR4124425162528 Kaimur38 283174154128114754558187133115140191924520024144419 Kishanganj35 273484154110110864456NR118120115125854530026203040 Lakhisarai37 283570144110115864658NR148128138NR1284425626175053 Medhepura37 293473143131113764656NR123101113117944433912173335 Nalanda34 303282150134112824464229142120116159NR5041028184540 Sheikhpura37 293670139110115834455NR145130136NRNR5524228122720 Sheohar36 263276162130116754555147127117123161885419827122425 Sitamarhi35 243370155128116854555NR126991191391044927027193439 Siwan35 27317213410611174445418012092106180774420025132022 Supaul38 283280165133125804451NR1301201351751005536513112725 Vaishali36 29327213811811374446015011398114160894520728142430 West Champaran42 2435781281121039242521661331631442031184729517183230 JharkhandRanchi44 38367513811510575455621512495123121905024027152520 Gumla40 293485125105987043552091371101101981044027010166025 Sahibganj40 323474168100120904658211145123NRNRNR5238020182518 Bokaro34 343680125959785NRNR170175130145170125NRNRNR204236 Lohardaga27 283672148118107734459NR1301281251471064420325122222 Simdega38 NR3575148120118794559NR13612512512311040NR27152340 Dhanbad40 3538771381281138245602121351151221251225030025123038 Jamshedpur (East Singbhum) 47 32341101271101049745582001471421651701104522025173535 Giridhi33 28308015010093734455NR125120120160904030019162225 Seraikella36 283579154125114764660169122141100134965121325213523 West Singhbhum42 4143731291261278847601501521261411401214927324232524 Daltonganj38 283383155122110844658NR128102118NR1025238825172918 Deoghar42 3638801471221099249601251631511541711014526230172530 Ramgarh35 3335601511241127446NRNR1321231531901084527925232820 Pakur48 3538901721251151124856208130114116141995341328132316 Jamtara36 283681150130119864560142126100121122914534828152619 Latehar38 243375142118105764660NR123148114123864422630192119 Godda42 2935751801301208546622201301201301501106042028183025 Koderma38 293379148123117804559150123100120145975019127152924 OdishaBhubaneshwar38 354175146125120814752NR131116NR116885522725202540 Cuttack42 384285159134120784752NR146105NR1211035325027212428 Sambalpur40 434875145118106764652NR143108NR1231054524728202230 Rourkela33 384174145120110774452NR13191104118894918027212320 Berhampur37 454077152120102754751NR1391031371151064924526214729 Jeypore42 403777151121115804652NR13396NR116955021027232640 Balasore38 403881147124113824552NR13895NR116855624026152827 Baripada37 303680165125115804452170135103143115866022726152530 Balangir41 374576137124110804252NR13393NR1138948NR28242538 Angul35 NR3969139131101774454NR130NRNR114854337425174724 BoudhgarhNR NRNRNRNRNRNRNRNRNRNRNRNRNRNRNRNRNRNRNRNRNR Dhenkanal35 354075147120112804452180135123145115855537027202520 JagatsinghpurNR NRNRNRNRNRNRNRNRNRNRNRNRNRNRNRNRNRNRNRNRNR Kandhamal38 384282142135115825258NR137122NR1179052NR27192930 Keonjhar39 3844851541211221024550NR133104NR1171025136927193842 Malkangiri50 NR3578157121113774352NR13098NR109905533325203030 Nabarangpur39 254590160137120814253130117133112118925029727162330 Nayagarh38 NR3980160120120904452NR131120NR1128655NR26182526 Nuapada40 4040751608211080NRNR180150130150130102NRNRNR235225 Paralakhemundi GajapatiNR NRNRNRNRNRNRNRNRNRNRNRNRNRNRNRNRNRNRNRNRNR Puri36 374178152118113814452NR137112NR119965326625193028 Rayagada38 333881159136119794852160136951441079048NR27243233 Sonepur41 NR4375148116110764356NR130120NR115904433022172417 Bhadrak35 NR3677147120110784352215125130NR115855032026152530 Jharsuguda38 443880150126111804550NR130951071259344NR27202720 Kendrapara37 NR3777141116114794454NR134125NR114894323026152324 Jajpur34 404569135110100754456NR142125NR115936036525172140 Kalahandi35 3840891701101158944531831401051141201025433028193224 West BengalKolkata48 NR36841591351221054754NR128117116124936126322183443 Siliguri39 2733841531141119945501881291121111301055219813122424 Purulia33 NR309415912411585465112712694119125894529125122530 Kharagpur50 323579147124115104475422513298112122945323827153028 Rampurhat45 2738771511211211064656178122107111120915528022183025 Malda43 2642731551151101054356NR140961221411196132021212824 Raiganj39 283373165127111108444418012998121127995624810184549 Alipurduar38 NR44751751101151104768NR120100110125985523810183938 Asansol50 NR42921741101541124764NR138107106105904630025153022 Balurghat46 324078150124112984646NR124116107116864334810172624 Bankura38 NR34821591311491164658235127117110123924928026163530 Barasat43 354085125NR13511246602001331141131081105623530276043 Bardhaman49 NR38801551301181104554220125110105118905426025152529 Baruipur57 NR35821071151321134255NR1221181061101004021725173918 Berhampore48 2740701259814010946582501401071171481044622013213030 ChinsurahNR NRNRNRNRNRNRNRNRNRNRNRNRNRNRNRNRNRNRNRNRNR Cooch behar45 NR34751401201151104460NR132107105137975029026203932 Howrah50 NR36901601401231114654NR128120115123NR5529327193540 Jalapiguri37 2847831601101201104656NR1231251151201005030025153535 Jhargram42 NR4080155125113904854NR125105100115903927329182423 Kalimpong38 3638951241281201004748NR140114148162NR5137715254540 Krishnagar36 NR377012310413810742441771131331171301144425318236858 Tamluk44 NR46811561201801195056NRNRNRNRNRNR5430028162630 NORTH EAST ZONENORTH EAST ZONE  Andaman and NicobarPort Blair52 NR6996163156130975373NR176198NR1321247532520404360 Mayabunder43 NR6785160140128955271203179185NR1211147031518406070 Car Nicobar52 NR671011901591421086075262185160NR1531208528521506070 Arunachal pradeshItanagar45 NR43901601301201005073NR120110120180NRNRNR15254060 Namsai27 NR3583120120110955068NR192220163225NR7030030234040 Pasighat40 NR371001481201231035074153148137137183NR7832720275040 Tawang38 424090130130120110NRNRNRNRNRNRNRNRNRNRNRNRNRNR AssamGuwahati36 3037811601051108548702131451401301401255020012204035 Barpeta37 28337612999115834770NR1571531681121394320312204631 Tinsukia35 NR3380135115115854674NR140140125135NR55180121530NR DhubriNR NRNRNRNRNRNRNRNRNRNRNRNRNRNRNRNRNRNRNRNRNR Goalpara55 3033771201181009243631881711531571751465023512NRNRNR Golaghat43 3036761371101051054954NR1611611711751636625713204253 Mangaldai49 333584113971151004770NR1611451421801356028014213232 Mushalpur41 343480115NR110874570NR1411421671581024621010153134 Udalguri41 273785146121112824570NR1471301181531025025820165530 Bajali62 NR3780160127120874570NR167NR163180NR6040010204030 Hojai47 NR368014585115854973NR1251001181271026023010203940 Jorhat49 3042871479312211148722431571501171591126321012162747 Bongaigaon38 NR3170115951091054572NR1401521491741095034810184025 MorigaonNR NRNRNRNRNRNRNRNRNRNRNRNRNRNRNRNRNRNRNRNRNR Sonari36 343375156NR1121005172NR15899137NRNR6821312165530 Tamulpur48 353584137117118894768NR143114129NR1005129010173129 Sivasagar53 NR4887137137135964978NR142145146NRNR67275101849NR Biswanath CharialiNR NRNRNRNRNRNRNRNRNRNRNRNRNRNRNRNRNRNRNRNRNR Dibrugarh43 NR4184158123118944774NR139135121135NR5727323172822 Karimganj40 NR3682150130113804672NR137NR106129855523614182730 Majuli50 NR3892158881201004970NR135NR132NRNR5925615233868 Sonitpur Tezpur40 NR3568122107104994569226160172142171NR4629710204950 Haflong46 NR3678130NR120905572NR150NR130140NR8025030204040 AS-Lakhimpur38 NR367714198108914570NR142125123126NR57NR15173923 Diphu42 NR3590157142120985074NR142NR1331631107623715203927 Nalbari51 NR461321531471109048791301581451521571124535010326533 South Salmara MankacharNR NRNRNRNRNRNRNRNRNRNRNRNRNRNRNRNRNRNRNRNRNR Kamrup39 NR3588175121120884674NR141NR1251421025826518193439 ManipurImphal50 4040851751301409550NR1401401101301401058022025224070 ChandelNR NRNRNRNRNRNRNRNRNRNRNRNRNRNRNRNRNRNRNRNRNR JiribamNR NRNRNRNRNRNRNRNRNRNRNRNRNRNRNRNRNRNRNRNRNR KangpokpiNR NRNRNRNRNRNRNRNRNRNRNRNRNRNRNRNRNRNRNRNRNR SenapatiNR NRNRNRNRNRNRNRNRNRNRNRNRNRNRNRNRNRNRNRNRNR TamenglongNR NRNRNRNRNRNRNRNRNRNRNRNRNRNRNRNRNRNRNRNRNR ThoubalNR NRNRNRNRNRNRNRNRNRNRNRNRNRNRNRNRNRNRNRNRNR UkhrulNR NRNRNRNRNRNRNRNRNRNRNRNRNRNRNRNRNRNRNRNRNR MeghalayaShillong45 3736901601231131004874NR125130112NRNR7030030224737 Tura35 403990177140120904974NR142NR1231301078747020253838 Jowai36 383690120120120905072NR120NR1202401208036030204037 Sohra38 3838NR150150110904974NR120NR120NRNR10032730275043 Mairang40 4040NRNRNR118905272NR120NR120NRNRNR34012204340 Nongpoh36 NR36871801301239050751371301321411721767334315204030 Khliehriat45 403890155130120855073NR160137140NRNR8032030304333 Williamnagar35 403595180NR120905070NR160NR189NR100NR47015254040 NongstoinNR NRNRNRNRNRNRNRNRNRNRNRNRNRNRNRNRNRNRNRNRNR Mawkyrwat39 3737NRNRNR125834974NR125NR112NRNRNR34516204632 MizoramAizawl50 4050901571341331005080169187154NR15414310052030376087 Lunglei50 404598NRNR1201055075NR190220150NRNR10052025406070 Kolasib45 4040961301201101005078NR172NR12019711311340726325780 Mamit50 NR40NRNRNRNR1105075NR190NR110NRNRNR52030404750 Champhai50 3560NRNRNRNR1035080NR180NR130NRNR16752030607053 SerchhipNR NRNRNRNRNRNRNRNRNRNRNRNRNRNRNRNRNRNRNRNRNR Siaha50 4544120130NR1201005070NR214140159NR138NR540303760NR Lawngtlai49 4244831221021121005073NRNRNR127NR11211049730386880 Hnahthial53 45451301601301301005379NR165140110NRNR12052030355370 Khawzawl40 5045107137NR1431055083150170NR127NR150147520304077NR Saitual50 4040100NR100NR955080NR230NR140NRNRNRNR30404080 NagalandKohima45 4055901801301301005075NR120140120190NRNR32020255040 Dimapur45 4035701201051208346802001502001702101658021015204540 Tuensang37 3855100NRNR12010050NRNR160NR165NRNRNR27520308050 Mokochung50 NR601201501351501005074NR120130120200NR9038015256040 Chumukedima40 NR3575140120110954080NR120160130200NR9032015205540 Mon38 NR5580NRNR1201005070NR130NR130NRNR6035020255050 Peren38 4040120NR1401201005072NRNRNRNRNRNR8034515257050 Phek40 50501001401401401005072NR160NR170NRNRNR35020306060 Tseminyu50 NR50NRNRNR1201005570NR120NR120NRNRNR36015305050 Wokha45 NR431201231251201005068NR160200180NRNRNR29015307060 Zunheboto50 NR50NR120NR1401004575NR150NR140NRNR6040018308080 Kiphire38 NR4290105NR90955080NR130NR145NRNR7033518306555 Longleng38 4050NR150NR1201007075NR160NR180NRNR8035020254060 Niuland36 NR40NR150100120955070NR120NR120NRNRNR35015204035 Shamator40 4360100120NR1101005065NR130NR140NR11010017520307070 Noklak39 506090100NRNR10550NRNR130NR130NRNRNRNR20307060 SikkimGangtok65 404085135128127954862NR159115121143NR6054717303535 Gyalshing45 3545901701401201005065NR160120140180NR6044020304040 Namchi54 3245801201301081004565NR183114167190NR5042021357050 Soreng45 3535901001101201005065NR185121124148NR6048020354040 ManganNR NRNRNRNRNRNRNRNRNRNRNRNRNRNRNRNRNRNRNRNRNR TripuraAgartala38 NR3981123132107974870NR137145118159987020012203540 Dharmanagar35 NR40901531351201104971NR1221301181581037525310203730 Belonia42 NR40NRNRNR1051074568NR139NR1131311057526510204040 TR-Udaipur40 NR36851451181131005072NR122108109130935716810202755 SOUTH ZONESOUTH ZONE  Andhra PradeshVijaywada55 505590162145128974468168181123NR113876330021382838 Visakhapatnam53 40408515513911988445416814893NR115905528024232536 Kurnool68 4741881551391291134263159163111110114886346325332820 Tirupathi66 4547841731371231034449173173110139112886050323292821 Jammalamadugu60 4660801601461301244066170191110180115905419820353320 DharmavaramNR NRNRNRNRNRNRNRNRNRNRNRNRNRNRNRNRNRNRNRNRNR OngoleNR NRNRNRNRNRNRNRNRNRNRNRNRNRNRNRNRNRNRNRNRNR KarnatakaBengaluru59 46428315514012195464720514992113112916041316181813 Dharwad61 4463871661501291164248193161136116108885239328302732 Mangalore49 413977145132115903844166157142135108976037114386526 Mysore60 476312617213712710042432071671521481141055829321363829 Bengaluru (East Range)62 45407916312011883504615717791128116916026415322936 Belagavi58 434082141128108844853173164102110116924826519282425 Kalaburagi64 444774167127132974058178155111144115854424118303227 Tumakuru63 444486151141120964249194159120121114895829722342929 Bellary60 414177151128120118414818615596131108936222824311925 Dhavanagere63 4464831541341191104249168153116122114915627028302622 Shivamogga59 4540901571451281024448202152102132113894724325292820 Vijayapur62 44491071801611301214455211165136123112945528521313030 Ramanagara65 45499616214213612045481761891051521181005118818323023 Raichur66 4548123168136122914456183147125128118915915715333229 Chamarajanagar65 424890171138122954244202168109NR114955929521373926 Kolar47 444612214512512512539471581381511301201005133011254231 Haveri60 4042135180135135854164151162140143146964524713708023 Bagalkot54 4545721601361201093857191203112148143994442026294425 Bidar59 43617916613112610144662241371371171271006731328365420 Koppal52 39428313113011513043431481731261651401064425612372623 Mandya54 444494153146126934247196198109170113914935418302622 Yadgir55 4536751601401201004160NRNRNRNRNRNR5342026404328 Chikkamagalur60 4441971751551271104649166167108109112905918519312520 Bangalore Rural60 3855911421401311104044180140107155127835024515252221 Chikkaballapur54 45388013712011287404216213090120105904641314323833 Chitradurga64 46568215016315215739471551801421471581084531231254838 Gadag68 4548851651301241154270172168126140124904532010333020 Hassan45 44567015011596883852160182107150145944923015264631 Kodagu57 414710819314312912542481771831581641151014121516312824 Udupi52 545612814515613012949481741761211521581195128928354029 Uttara Kannada50 454011015515513512046502101901301531171224625028334337 Vijayanagara64 4343841491291231124448173156127116111894524516332923 KeralaT.Puram58 4349871571531251064352223176130130114917226719372738 Ernakulam53 46421071821751401104456215153135NR1221066522717433043 Kozhikode48 49491061601341441094353233187129NR117936525916322731 Thrissur53 49591031961611561234554243200141NR1231076925916443647 Palakkad49 464795162145127974350218163137NR114925424013342630 Wayanad46 4941991771521391024252NR165141NR120995621316322636 Kasargod48 48521001681641321004261NRNR140NR110904826016292433 Kottayam57 41451371921281271234356NR190139NR108927021313362745 Pathanamthitta56 3439951781481381384453NR218190NR1201026723714403050 Alapuzha45 4665931621541461134352NRNR137NR116NR6520012382523 Kollam45 5044108207158NR1084652227NR144NR1231147023016423649 Idukki55 424090166NR123864360NR153134NR116936718014383046 Kannur51 4645NRNRNR152994252NRNR176NR112926025716262430 Malapuram46 4843961771481321454256239158132NR120925422313342529 PuducherryPuducherryNR NRNRNRNRNRNRNRNRNRNRNRNRNRNRNRNRNRNRNRNRNR Tamil NaduChennai65 474286168145123934340172150108NR114856427827292928 Madurai58 416282152141124884345209193152NR116864826312363136 Dindigul62 433984159140118904357197190113NR113935327220372828 Thiruchirapalli64 4564891611441251054443203170120NR1169060NR26313233 Coimbatore46 434480156136116794340224142129NR113855725526312631 Tirunelveli57 414681157146121974342188144112NR112865424224363736 Cuddalore61 4951871821461251044248211203161NR106895431324382531 Dharmapuri64 444081155135115854243222NR115NR124965027025302818 Vellore69 4741931681441291004345186164139NR111856126726322532 Ramanathapuram66 446375151143113974344212235123NR121975227427413131 ErodeNR NRNRNRNRNRNRNRNRNRNRNRNRNRNRNRNRNRNRNRNRNR Karur47 485587164140124904343217158115NR114905129811403230 Perambalur60 NR6085154139116824343221159120NR1148952NR26302625 Pudukkottai65 456484160147126NR4445218198143NR1139454NR27403040 Sivagangai67 476288158149126974344218213142NR114975527726433337 Thanjavur56 464388173148128904344205170130NR113885526021352629 The nilgiris70 454392163150133954454207180102NR115926422028423127 Thoothukudi58 455782159148123874654232190125NR114905530611303330 Viluppuram64 514187164129129984250172157110NR1099060NR26343235 Virudhunagar59 426381153138121814545189154127NR118875229328393032 Kanniyakumari57 3953861501371141254241207180120NR111915125825353535 Namakkal62 466192163143130934244202188113NR1098955NR26372631 Tiruvannamalai66 496084163141112894465192173114NR113875829527352828 Tiruvarur61 626383165133123NR4252229134125NR1128652NR25353040 Tiruppur63 464493171145126864244215168116NR1148859NR28302734 Tenkasi55 465982163157119NR4366227195122NR115895627522313339 Nagapattinam55 4461891751301211074350215213121NR1109155NR20282327 Krishnagiri61 423882160138117874244195NR105NR112855050326302525 Ariyalur59 NR6382153147125NR4444210NR120NR1178959NR26373024 Kallakurichi66 4862931641331301034245188160118NR1119259NR26383235 Kancheepuram66 486484173144123944340195158122NR1158869NR26403030 Salem44 464482152137117974345197188116NR118935328033363523 Theni57 415179151135115914245213170114NR117875127713292933 Chengalpattu58 456085175155135954440203185122NR118896056028422935 Mayiladuthurai59 506387177147127NR4444233165173NR114875734027303040 RanipetNR NRNRNRNRNRNRNRNRNRNRNRNRNRNRNRNRNRNRNRNRNR Tirupattur59 404486173143128964467184218147NR115865527021303227 Tiruvallur63 446088178137133954340207173123NR112876254028303040 TelanganaHyderabad58 393880139119109913952148149931041049250266NR293026 Karimnagar49 46587915213711788426515614596NR113876030824252429 Warangal45 37387214611010685415517718314817498885427415305044 Adilabad59 404777150123115824073159160100143109934727223252535 Suryapet48 474571161121119923760163154128NR112905228022253820 Jadcherla40 305075165125110953957170178126NR1161085529214152832 Khammam58 504575175110113904870175160125170120996033028355035 Medchal60 4444851651371229041611691981201251201004426018302430 Nizamabad46 443983156126123984375180191109NR1291156534413283015 Sangareddy60 404476146120111864070150150128170115906536024302029 Commodity NameCommodity NameRiceRiceWheatAtta (Wheat)Gram DalTur/Arhar DalUrad DalMoong DalMasoor DalSugarMilk @Groundnut Oil (Packed)Mustard Oil (Packed)Vanaspati (Packed)Soya Oil (Packed)Sunflower Oil (Packed)Palm Oil (Packed)GurTea LooseSalt Pack (Iodised)PotatoOnionTomatoBajra(whole)Jowar(whole)Maida(wheat)Ragi(whole)Suji(whole)BesanDesi GheeButter(Pasteurised)EggsBrinjalBlack Pepper(whole)Coriander(whole)Cummin Seed(whole)Red Chillies(whole)Turmeric(powder)BananaGIngerGarlic  Average Price1Average Price144.02 31.0836.1382.62148.68122.74116.293.4944.5358.34190.55135.81124.85122.86123.5298.3752.87282.3322.422.1933.7834.24 Maximum Price1Maximum Price170 6269137207175180157708326223522018924017616756033708087 Minimum Price1Minimum Price127 2127608782817037371151039093937736157971512 Modal Price1Modal Price140 2835801601201201004460180130120120115905030028203030 Source:- State civil supplies Dept.Note:- All India Consumption Weighted Average Prices of Oils w.e.f 23-Feb-2022 and Wheat and Atta w.e.f 25-Feb-2023 NR -> Not Reported Unit for Black Pepper (powder),Coriander (powder),Cummin Seed (powder),Red Chillies (powder),Turmeric (powder),Butter (Pasteurised) - Rs/100gm Unit for Eggs - Rs/Dozen Developed by:- National Informatics Centre(NIC)",,,,,,,,,,,,,,,,,,,,,,,,,,,,,,,,,,,,,,,,,,,2024-02-05
"Source:- State civil supplies Dept.Note:- All India Consumption Weighted Average Prices of Oils w.e.f 23-Feb-2022 and Wheat and Atta w.e.f 25-Feb-2023 NR -> Not Reported Unit for Black Pepper (powder),Coriander (powder),Cummin Seed (powder),Red Chillies (powder),Turmeric (powder),Butter (Pasteurised) - Rs/100gm Unit for Eggs - Rs/Dozen Developed by:- National Informatics Centre(NIC)",,,,,,,,,,,,,,,,,,,,,,,,,,,,,,,,,,,,,,,,,,,2024-02-05
Source:- State civil supplies Dept.,Note:- All India Consumption Weighted Average Prices of Oils w.e.f 23-Feb-2022 and Wheat and Atta w.e.f 25-Feb-2023,NR -> Not Reported,,,,,,,,,,,,,,,,,,,,,,,,,,,,,,,,,,,,,,,,,2024-02-05
"Unit for Black Pepper (powder),Coriander (powder),Cummin Seed (powder),Red Chillies (powder),Turmeric (powder),Butter (Pasteurised) - Rs/100gm","Unit for Black Pepper (powder),Coriander (powder),Cummin Seed (powder),Red Chillies (powder),Turmeric (powder),Butter (Pasteurised) - Rs/100gm",,,,,,,,,,,,,,,,,,,,,,,,,,,,,,,,,,,,,,,,,,2024-02-05
,Unit for Eggs - Rs/Dozen,,,,,,,,,,,,,,,,,,,,,,,,,,,,,,,,,,,,,,,,,,2024-02-05
Developed by:- National Informatics Centre(NIC),Developed by:- National Informatics Centre(NIC),,,,,,,,,,,,,,,,,,,,,,,,,,,,,,,,,,,,,,,,,,2024-02-05
,,,,,,,,,,,,,,,,,,,,,,,,,,,,,,,,,,,,,,,,,,,2024-02-05
