State,Centre,Rice,Broken Rice,Wheat,Atta (Wheat),Gram Dal,Tur/Arhar Dal,Urad Dal,Moong Dal,Masoor Dal,Sugar,Milk @,Groundnut Oil (Packed),Mustard Oil (Packed),Vanaspati (Packed),Soya Oil (Packed),Sunflower Oil (Packed),Palm Oil (Packed),Gur,Tea Loose,Salt Pack (Iodised),Potato,Onion,Tomato,Bajra (whole),Jowar (whole),Maida (wheat),Ragi (whole),Suji (whole),Besan,Desi Ghee,Butter (Pasteurised),Eggs,Brinjal,Black Pepper (whole),Coriander (whole),Cummin Seed (whole),Red Chillies (whole),Turmeric (powder),Banana,Ginger,Garlic,Date
Unit,Qty,1 Kg,1 Kg,1 Kg,1 Kg,1 Kg,1 Kg,1 Kg,1 Kg,1 Kg,1 Kg,1 ltr,1 Kg,1 Kg,1 Kg,1 Kg,1 Kg,1 Kg,1 Kg,1 Kg,1 Kg,1 Kg,1 Kg,1 Kg,1 Kg,1 Kg,1 Kg,1 Kg,1 Kg,1 Kg,1 Kg,100 gm,Dozen,1 Kg,100 gm,250 gm,100 gm,100 gm,50 gm,1 Kg,100 gm,100 gm,2024-04-18
Average Price,Average Price,44.19,,30.69,36.03,84.07,150.92,124.09,117.7,93.52,44.37,58.66,188.79,136,126.12,124.62,123.95,102.6,52.73,280.67,22.52,26.77,31.51,31.8,,,,,,,,,,,,,,,,,,,2024-04-18
Maximum Price,Maximum Price,72,,55,69,140,203,180,180,158,70,83,262,235,220,180,230,175,167,559,33,65,73,97,,,,,,,,,,,,,,,,,,,2024-04-18
Minimum Price,Minimum Price,25,,22,27,60,87,80,83,70,37,37,120,107,91,98,101,83,36,156,9,11,15,10,,,,,,,,,,,,,,,,,,,2024-04-18
Modal Price,Modal Price,40,,28,35,80,160,120,120,100,44,60,200,125,119,125,115,100,50,300,28,25,30,30,,,,,,,,,,,,,,,,,,,2024-04-18
NORTH ZONE,NORTH ZONE,,,,,,,,,,,,,,,,,,,,,,,,,,,,,,,,,,,,,,,,,,2024-04-18
Chandigarh,Chandigarh,42,,32,36,80,135,115,113,94,45,59,190,150,128,130,145,105,51,276,27,20,33,40,,,,,,,,,,,,,,,,,,,2024-04-18
Delhi,Delhi,40,,30,31,87,163,147,127,90,44,54,209,143,132,132,135,106,57,243,26,25,32,40,,,,,,,,,,,,,,,,,,,2024-04-18
Haryana,Hisar,34,,27,29,75,145,106,105,75,42,57,190,120,115,120,120,100,44,243,25,15,22,30,,,,,,,,,,,,,,,,,,,2024-04-18
Haryana,Karnal,65,,34,38,87,125,120,122,125,46,66,180,133,141,147,175,130,48,283,30,20,45,35,,,,,,,,,,,,,,,,,,,2024-04-18
Haryana,Panchkula,35,,33,36,82,134,101,110,95,44,60,151,127,128,111,154,91,52,213,27,25,55,32,,,,,,,,,,,,,,,,,,,2024-04-18
Haryana,Gurgaon,40,,25,35,65,100,95,90,88,42,56,185,165,130,137,163,100,44,190,20,15,35,30,,,,,,,,,,,,,,,,,,,2024-04-18
Himachal Pradesh,Shimla,44,,NR,37,88,168,148,125,93,50,60,214,165,132,123,NR,NR,55,220,28,30,30,32,,,,,,,,,,,,,,,,,,,2024-04-18
Himachal Pradesh,Mandi,42,,NR,34,78,158,146,123,82,46,47,224,163,136,129,145,119,45,270,28,22,35,41,,,,,,,,,,,,,,,,,,,2024-04-18
Himachal Pradesh,Dharamshala,28,,NR,30,81,154,134,129,93,45,40,NR,160,136,137,NR,NR,47,220,28,24,30,40,,,,,,,,,,,,,,,,,,,2024-04-18
Himachal Pradesh,Solan,41,,NR,32,83,157,135,116,85,46,50,214,161,133,124,137,NR,47,220,28,25,35,37,,,,,,,,,,,,,,,,,,,2024-04-18
Himachal Pradesh,Una,41,,NR,32,83,156,131,121,86,44,64,NR,141,133,117,NR,NR,50,225,28,23,33,39,,,,,,,,,,,,,,,,,,,2024-04-18
Himachal Pradesh,Bilaspur-hp,44,,NR,32,81,158,133,118,89,46,58,NR,160,134,139,NR,NR,45,318,27,25,30,40,,,,,,,,,,,,,,,,,,,2024-04-18
Himachal Pradesh,Chamba,36,,NR,36,85,160,132,124,89,50,55,NR,160,139,129,NR,NR,44,235,28,21,35,40,,,,,,,,,,,,,,,,,,,2024-04-18
Himachal Pradesh,Hamirpur-HP,39,,NR,31,79,163,123,119,83,47,65,NR,163,141,NR,NR,NR,48,259,28,24,32,33,,,,,,,,,,,,,,,,,,,2024-04-18
Himachal Pradesh,Kullu,39,,NR,33,81,163,129,112,81,46,40,NR,159,115,119,137,NR,42,220,28,30,40,40,,,,,,,,,,,,,,,,,,,2024-04-18
Himachal Pradesh,Sirmour,42,,22,35,80,127,127,107,98,45,50,228,165,135,143,155,121,41,327,25,27,37,42,,,,,,,,,,,,,,,,,,,2024-04-18
Himachal Pradesh,Kinnaur,NR,,NR,NR,NR,NR,NR,NR,NR,NR,NR,NR,NR,NR,NR,NR,NR,NR,NR,NR,NR,NR,NR,,,,,,,,,,,,,,,,,,,2024-04-18
Himachal Pradesh,Lahaul & Spiti,44,,NR,38,90,160,117,92,100,50,60,NR,187,165,NR,NR,NR,50,480,28,42,56,57,,,,,,,,,,,,,,,,,,,2024-04-18
Jammu and Kashmir,Srinagar,40,,35,52,97,137,130,140,107,50,45,NR,145,137,132,173,NR,48,290,28,37,33,40,,,,,,,,,,,,,,,,,,,2024-04-18
Jammu and Kashmir,Jammu,45,,32,35,83,173,133,120,100,51,50,NR,153,137,137,137,108,49,297,28,28,37,43,,,,,,,,,,,,,,,,,,,2024-04-18
Jammu and Kashmir,Poonch,44,,27,38,77,118,119,110,100,48,64,NR,180,153,167,170,156,46,306,20,21,40,45,,,,,,,,,,,,,,,,,,,2024-04-18
Jammu and Kashmir,Kupwara,36,,26,34,90,110,110,120,100,60,48,NR,148,145,143,148,142,50,307,24,22,37,43,,,,,,,,,,,,,,,,,,,2024-04-18
Jammu and Kashmir,Udhampur,NR,,NR,NR,NR,NR,NR,NR,NR,NR,NR,NR,NR,NR,NR,NR,NR,NR,NR,NR,NR,NR,NR,,,,,,,,,,,,,,,,,,,2024-04-18
Jammu and Kashmir,Shopian,40,,44,45,120,123,118,117,118,50,49,NR,153,145,145,142,NR,48,337,28,26,33,33,,,,,,,,,,,,,,,,,,,2024-04-18
Jammu and Kashmir,Samba,NR,,NR,NR,NR,NR,NR,NR,NR,NR,NR,NR,NR,NR,NR,NR,NR,NR,NR,NR,NR,NR,NR,,,,,,,,,,,,,,,,,,,2024-04-18
Jammu and Kashmir,Ramban,60,,NR,35,85,153,120,117,100,50,60,NR,150,137,122,NR,NR,52,320,25,25,38,40,,,,,,,,,,,,,,,,,,,2024-04-18
Jammu and Kashmir,Rajouri,NR,,NR,NR,NR,NR,NR,NR,NR,NR,NR,NR,NR,NR,NR,NR,NR,NR,NR,NR,NR,NR,NR,,,,,,,,,,,,,,,,,,,2024-04-18
Jammu and Kashmir,Kishtwar,NR,,NR,NR,NR,NR,NR,NR,NR,NR,NR,NR,NR,NR,NR,NR,NR,NR,NR,NR,NR,NR,NR,,,,,,,,,,,,,,,,,,,2024-04-18
Jammu and Kashmir,Doda,NR,,NR,NR,NR,NR,NR,NR,NR,NR,NR,NR,NR,NR,NR,NR,NR,NR,NR,NR,NR,NR,NR,,,,,,,,,,,,,,,,,,,2024-04-18
Jammu and Kashmir,Baramulla,NR,,NR,NR,NR,NR,NR,NR,NR,NR,NR,NR,NR,NR,NR,NR,NR,NR,NR,NR,NR,NR,NR,,,,,,,,,,,,,,,,,,,2024-04-18
Jammu and Kashmir,Reasi,NR,,NR,NR,NR,NR,NR,NR,NR,NR,NR,NR,NR,NR,NR,NR,NR,NR,NR,NR,NR,NR,NR,,,,,,,,,,,,,,,,,,,2024-04-18
Jammu and Kashmir,Kathua,NR,,NR,NR,NR,NR,NR,NR,NR,NR,NR,NR,NR,NR,NR,NR,NR,NR,NR,NR,NR,NR,NR,,,,,,,,,,,,,,,,,,,2024-04-18
Punjab,Amritsar,36,,30,38,78,159,110,112,100,44,54,200,121,115,115,113,NR,46,260,26,21,30,30,,,,,,,,,,,,,,,,,,,2024-04-18
Punjab,Ludhiana,37,,24,32,87,170,140,115,95,43,60,205,137,122,123,130,NR,55,320,27,19,28,25,,,,,,,,,,,,,,,,,,,2024-04-18
Punjab,Bathinda,NR,,NR,NR,NR,NR,NR,NR,NR,44,57,220,135,122,120,137,102,54,287,25,21,33,40,,,,,,,,,,,,,,,,,,,2024-04-18
Punjab,Barnala,40,,23,28,87,162,127,115,91,44,54,208,120,120,112,120,96,44,317,28,19,30,35,,,,,,,,,,,,,,,,,,,2024-04-18
Punjab,Hoshiarpur,34,,26,30,90,140,115,120,110,43,62,200,120,140,125,140,110,64,263,20,20,27,45,,,,,,,,,,,,,,,,,,,2024-04-18
Punjab,Faridkot,42,,23,32,87,163,137,127,97,45,55,233,122,127,117,132,98,52,313,28,26,28,33,,,,,,,,,,,,,,,,,,,2024-04-18
Punjab,Mansa,41,,24,27,92,127,110,100,98,50,51,NR,117,118,127,NR,NR,53,270,28,21,31,34,,,,,,,,,,,,,,,,,,,2024-04-18
Punjab,Sri Muktsar Sahib,41,,26,31,82,163,122,122,93,43,63,203,112,112,115,110,97,46,250,27,25,32,35,,,,,,,,,,,,,,,,,,,2024-04-18
Punjab,Dera Bassi,38,,22,30,86,160,120,120,110,43,55,NR,128,117,120,NR,NR,53,247,28,19,30,37,,,,,,,,,,,,,,,,,,,2024-04-18
Punjab,Sangrur,43,,27,30,84,159,117,111,81,44,60,162,125,115,116,126,101,43,220,29,25,25,35,,,,,,,,,,,,,,,,,,,2024-04-18
Punjab,Ropar,37,,28,33,87,163,145,122,97,43,62,198,125,122,113,132,103,54,247,28,30,27,37,,,,,,,,,,,,,,,,,,,2024-04-18
Punjab,Amargarh,42,,25,30,85,160,120,120,80,45,60,160,115,120,120,130,100,42,250,28,20,25,35,,,,,,,,,,,,,,,,,,,2024-04-18
Punjab,Fatehgarh Sahib,48,,25,35,90,120,120,105,105,45,65,200,125,118,117,162,115,50,243,26,25,32,35,,,,,,,,,,,,,,,,,,,2024-04-18
Punjab,Ferozepur,42,,25,32,92,192,143,126,102,44,60,223,122,126,121,143,96,50,280,28,20,25,25,,,,,,,,,,,,,,,,,,,2024-04-18
Punjab,Kapurthala,34,,25,31,87,127,128,128,117,44,68,210,121,133,133,142,112,66,280,21,23,40,48,,,,,,,,,,,,,,,,,,,2024-04-18
Uttar Pradesh,Lucknow,40,,28,34,83,161,130,124,83,44,66,200,131,118,120,120,118,50,280,28,25,29,35,,,,,,,,,,,,,,,,,,,2024-04-18
Uttar Pradesh,Kanpur,35,,27,32,82,145,108,108,74,46,60,196,150,113,126,140,117,56,234,26,22,30,35,,,,,,,,,,,,,,,,,,,2024-04-18
Uttar Pradesh,Varanasi,42,,27,34,85,160,130,123,83,46,71,206,135,136,126,130,117,56,282,28,29,24,26,,,,,,,,,,,,,,,,,,,2024-04-18
Uttar Pradesh,Agra,44,,28,29,85,143,108,104,82,44,66,175,131,128,121,118,118,39,250,27,25,30,35,,,,,,,,,,,,,,,,,,,2024-04-18
Uttar Pradesh,Jhansi,43,,23,30,79,145,101,108,81,45,52,181,121,112,98,116,108,43,210,26,NR,NR,NR,,,,,,,,,,,,,,,,,,,2024-04-18
Uttar Pradesh,Meerut,35,,30,35,83,139,123,115,112,46,66,156,150,148,154,177,152,47,243,24,15,32,40,,,,,,,,,,,,,,,,,,,2024-04-18
Uttar Pradesh,Allahabad,32,,32,36,78,150,118,116,96,45,62,172,140,128,130,162,110,52,250,24,24,40,38,,,,,,,,,,,,,,,,,,,2024-04-18
Uttar Pradesh,Gorakhpur,37,,23,35,67,149,131,114,78,44,61,204,141,119,124,124,89,48,216,27,22,26,35,,,,,,,,,,,,,,,,,,,2024-04-18
Uttar Pradesh,Saharanpur,34,,28,35,89,166,125,121,107,43,68,164,127,123,130,147,121,48,253,28,18,30,31,,,,,,,,,,,,,,,,,,,2024-04-18
Uttar Pradesh,Bareilly,36,,24,31,83,158,129,118,112,42,66,195,127,118,117,125,98,47,313,28,25,27,36,,,,,,,,,,,,,,,,,,,2024-04-18
Uttar Pradesh,Ayodhya,30,,28,30,71,150,95,105,89,41,55,193,156,121,136,175,96,45,217,28,18,28,31,,,,,,,,,,,,,,,,,,,2024-04-18
Uttar Pradesh,Moradabad,38,,25,32,79,142,115,110,91,42,61,188,137,127,130,152,110,46,256,25,19,29,34,,,,,,,,,,,,,,,,,,,2024-04-18
Uttar Pradesh,Aligarh,40,,28,34,80,170,140,110,110,44,60,208,122,118,111,148,137,49,242,27,22,38,42,,,,,,,,,,,,,,,,,,,2024-04-18
Uttar Pradesh,Mirzapur (Vindhyanchal),30,,26,32,88,155,135,124,105,45,55,205,140,120,125,140,98,55,255,28,20,28,30,,,,,,,,,,,,,,,,,,,2024-04-18
Uttar Pradesh,Banda,39,,28,37,80,142,116,112,80,42,63,197,123,115,107,163,101,52,165,21,22,26,24,,,,,,,,,,,,,,,,,,,2024-04-18
Uttar Pradesh,Azamgarh,35,,30,32,82,155,118,115,98,46,65,222,151,130,125,126,99,47,280,28,19,32,40,,,,,,,,,,,,,,,,,,,2024-04-18
Uttar Pradesh,Gonda (Devipatan),37,,27,35,85,180,130,120,100,45,64,185,138,155,160,190,140,49,340,27,28,39,43,,,,,,,,,,,,,,,,,,,2024-04-18
Uttar Pradesh,Amethi,37,,25,38,75,125,92,110,88,44,62,189,163,134,153,190,118,50,259,25,22,46,38,,,,,,,,,,,,,,,,,,,2024-04-18
Uttar Pradesh,Barabanki,39,,30,34,80,154,120,119,100,45,64,203,150,135,150,175,119,49,220,28,21,29,30,,,,,,,,,,,,,,,,,,,2024-04-18
Uttar Pradesh,Bhadohi,30,,24,32,70,155,115,115,80,43,60,200,130,120,128,NR,105,60,235,25,22,25,30,,,,,,,,,,,,,,,,,,,2024-04-18
Uttar Pradesh,Chandauli,30,,24,32,79,147,123,119,85,42,60,136,120,120,106,109,90,57,248,26,20,20,24,,,,,,,,,,,,,,,,,,,2024-04-18
Uttar Pradesh,Farrukhabad,43,,25,31,75,147,118,112,87,44,66,183,127,118,125,167,100,41,227,26,21,27,42,,,,,,,,,,,,,,,,,,,2024-04-18
Uttar Pradesh,Ghazipur,36,,23,33,82,142,129,128,83,43,70,219,132,124,123,144,101,49,264,28,28,24,43,,,,,,,,,,,,,,,,,,,2024-04-18
Uttar Pradesh,Jaunpur,44,,27,35,80,142,120,122,80,43,62,185,140,122,118,164,90,57,260,28,20,30,34,,,,,,,,,,,,,,,,,,,2024-04-18
Uttar Pradesh,UP-Pratapgarh,40,,28,32,79,148,137,118,83,43,68,207,133,122,126,113,97,51,266,26,23,25,30,,,,,,,,,,,,,,,,,,,2024-04-18
Uttar Pradesh,Sambhal,40,,24,32,77,133,120,100,95,42,60,173,130,142,142,175,128,38,217,29,25,22,60,,,,,,,,,,,,,,,,,,,2024-04-18
Uttar Pradesh,Santkabir Nagar,32,,25,32,75,125,115,110,95,43,62,183,150,145,145,175,NR,44,257,28,14,45,40,,,,,,,,,,,,,,,,,,,2024-04-18
Uttar Pradesh,Shahjahanpur,37,,26,33,98,135,130,126,130,44,67,203,169,165,168,180,142,47,263,26,24,33,40,,,,,,,,,,,,,,,,,,,2024-04-18
Uttar Pradesh,Sitapur,33,,28,32,80,108,104,104,95,40,60,177,159,142,152,171,117,37,242,26,14,34,29,,,,,,,,,,,,,,,,,,,2024-04-18
Uttar Pradesh,Sultanpur,34,,28,42,93,148,95,105,98,43,55,218,169,127,166,176,114,48,226,29,17,45,43,,,,,,,,,,,,,,,,,,,2024-04-18
Uttar Pradesh,Unnao,39,,27,31,78,147,128,108,88,44,58,200,129,118,125,155,99,47,233,25,28,28,37,,,,,,,,,,,,,,,,,,,2024-04-18
Uttar Pradesh,Ambedkar Nagar,46,,29,37,88,120,120,115,99,45,60,200,165,140,160,170,136,58,190,27,18,44,43,,,,,,,,,,,,,,,,,,,2024-04-18
Uttar Pradesh,Amroha,40,,26,30,80,140,100,120,100,42,50,197,140,140,147,180,100,42,200,25,25,30,43,,,,,,,,,,,,,,,,,,,2024-04-18
Uttar Pradesh,Baghpat,40,,NR,28,70,150,130,110,100,42,65,220,135,125,124,128,101,45,200,27,21,28,33,,,,,,,,,,,,,,,,,,,2024-04-18
Uttar Pradesh,Bijnor,38,,24,35,72,150,110,98,95,42,60,163,154,133,144,144,140,43,310,26,15,27,30,,,,,,,,,,,,,,,,,,,2024-04-18
Uttar Pradesh,Budaun,40,,23,30,90,135,110,105,95,43,65,203,130,124,130,126,93,48,288,28,18,25,24,,,,,,,,,,,,,,,,,,,2024-04-18
Uttar Pradesh,Etah,44,,25,32,70,170,100,110,95,45,66,200,140,145,145,160,115,50,280,27,15,30,45,,,,,,,,,,,,,,,,,,,2024-04-18
Uttar Pradesh,Fatehpur,37,,25,41,73,123,148,113,97,42,64,207,135,125,128,150,113,48,215,18,17,30,33,,,,,,,,,,,,,,,,,,,2024-04-18
Uttar Pradesh,Ghaziabad,36,,27,30,85,165,135,125,110,43,67,180,125,125,116,128,100,55,207,26,27,30,36,,,,,,,,,,,,,,,,,,,2024-04-18
Uttar Pradesh,Hardoi,44,,24,32,74,163,129,125,87,44,68,211,134,128,127,161,98,46,229,27,20,31,41,,,,,,,,,,,,,,,,,,,2024-04-18
Uttar Pradesh,Jalaun,34,,27,32,85,160,107,104,89,42,56,186,141,151,150,169,105,52,232,28,23,25,30,,,,,,,,,,,,,,,,,,,2024-04-18
Uttar Pradesh,Kaushambi,41,,25,36,73,147,120,97,83,43,60,169,143,123,132,173,125,48,227,30,23,35,38,,,,,,,,,,,,,,,,,,,2024-04-18
Uttar Pradesh,Kushinagar,40,,29,39,81,151,124,132,85,45,70,185,140,135,133,158,99,44,245,28,26,26,44,,,,,,,,,,,,,,,,,,,2024-04-18
Uttar Pradesh,Lakhimpur Kheri,40,,25,34,73,140,95,100,85,45,58,205,136,121,154,158,108,54,218,28,20,30,33,,,,,,,,,,,,,,,,,,,2024-04-18
Uttar Pradesh,Pilibhit,39,,29,33,84,138,137,127,130,44,66,210,145,145,140,155,115,42,265,28,18,33,29,,,,,,,,,,,,,,,,,,,2024-04-18
Uttar Pradesh,Sharwasti,39,,26,32,83,168,128,123,84,45,52,153,142,113,132,NR,102,44,203,28,25,25,30,,,,,,,,,,,,,,,,,,,2024-04-18
Uttar Pradesh,Siddharth Nagar,40,,28,30,80,157,120,140,82,45,64,166,142,126,132,165,104,50,233,26,20,30,33,,,,,,,,,,,,,,,,,,,2024-04-18
Uttar Pradesh,Sonbhadra,44,,28,33,78,160,102,105,98,47,60,205,140,137,145,173,115,47,297,25,17,35,35,,,,,,,,,,,,,,,,,,,2024-04-18
Uttar Pradesh,Rampur,52,,26,29,81,135,111,113,85,42,56,169,132,126,117,144,109,44,255,16,24,28,30,,,,,,,,,,,,,,,,,,,2024-04-18
Uttar Pradesh,Bahraich,36,,26,33,70,155,130,110,96,42,45,153,147,137,143,125,118,45,250,27,19,34,25,,,,,,,,,,,,,,,,,,,2024-04-18
Uttar Pradesh,Basti,40,,22,30,70,145,110,105,82,42,64,155,140,133,130,148,98,47,242,25,20,40,37,,,,,,,,,,,,,,,,,,,2024-04-18
Uttar Pradesh,Etawah,42,,31,35,85,164,128,104,94,45,65,188,133,133,130,182,115,44,223,30,17,28,26,,,,,,,,,,,,,,,,,,,2024-04-18
Uttar Pradesh,Muzzafarnagar,41,,27,30,72,106,105,102,100,44,75,143,122,120,119,161,99,38,228,27,11,25,40,,,,,,,,,,,,,,,,,,,2024-04-18
Uttar Pradesh,Chitrakoot,32,,24,35,80,143,101,105,79,42,50,177,140,130,130,172,118,45,227,28,25,30,30,,,,,,,,,,,,,,,,,,,2024-04-18
Uttar Pradesh,Hamirpur-UP,44,,25,32,85,160,145,110,85,43,68,220,136,133,106,138,93,43,265,26,22,39,46,,,,,,,,,,,,,,,,,,,2024-04-18
Uttar Pradesh,Deoria,40,,25,27,72,139,102,112,103,45,58,204,135,125,123,152,139,45,224,27,26,27,37,,,,,,,,,,,,,,,,,,,2024-04-18
Uttar Pradesh,Hapur,35,,27,35,72,150,125,115,100,42,65,190,147,127,130,127,105,43,220,27,20,26,27,,,,,,,,,,,,,,,,,,,2024-04-18
Uttar Pradesh,Bulandshahr,40,,25,35,85,140,100,100,90,44,70,NR,125,123,123,188,100,40,250,26,20,30,37,,,,,,,,,,,,,,,,,,,2024-04-18
Uttar Pradesh,Kanpur Dehat,40,,24,30,95,140,120,100,90,45,66,180,125,120,135,130,95,45,210,28,25,30,40,,,,,,,,,,,,,,,,,,,2024-04-18
Uttar Pradesh,Hathras,38,,24,28,80,140,120,107,90,41,65,165,115,135,118,173,140,44,220,25,20,27,38,,,,,,,,,,,,,,,,,,,2024-04-18
Uttar Pradesh,Raebareli,42,,28,33,85,160,133,122,92,44,67,217,132,117,127,133,112,52,223,27,25,28,35,,,,,,,,,,,,,,,,,,,2024-04-18
Uttar Pradesh,Lalitpur,36,,25,29,67,138,92,94,90,41,53,172,132,129,126,188,134,39,258,25,25,23,25,,,,,,,,,,,,,,,,,,,2024-04-18
Uttar Pradesh,Mohaba,34,,23,30,85,132,93,97,90,46,58,148,121,110,122,172,100,50,192,28,29,30,40,,,,,,,,,,,,,,,,,,,2024-04-18
Uttar Pradesh,Gautam Budh Nagar,35,,27,30,85,168,152,120,87,44,66,235,146,126,136,147,116,52,242,27,32,28,35,,,,,,,,,,,,,,,,,,,2024-04-18
Uttar Pradesh,Auraiya,39,,23,35,71,139,85,83,82,44,72,183,164,133,134,184,134,53,188,27,24,27,29,,,,,,,,,,,,,,,,,,,2024-04-18
Uttar Pradesh,Maharajganj,35,,24,33,79,153,120,120,83,44,63,203,138,113,129,151,101,46,213,27,23,26,36,,,,,,,,,,,,,,,,,,,2024-04-18
Uttar Pradesh,Balrampur,32,,22,30,84,150,119,124,87,44,NR,202,129,118,128,129,102,49,206,29,24,29,34,,,,,,,,,,,,,,,,,,,2024-04-18
Uttar Pradesh,Kannauj,38,,26,30,80,148,100,108,82,44,69,175,130,120,135,182,118,41,242,28,20,30,32,,,,,,,,,,,,,,,,,,,2024-04-18
Uttar Pradesh,Mathura,34,,29,34,72,115,92,96,95,40,62,171,146,143,144,168,108,36,267,29,13,34,29,,,,,,,,,,,,,,,,,,,2024-04-18
Uttar Pradesh,Firozabad,38,,35,37,82,115,118,112,118,40,65,190,158,117,142,182,111,45,300,29,13,21,32,,,,,,,,,,,,,,,,,,,2024-04-18
Uttar Pradesh,Kasganj,50,,25,29,78,170,122,123,122,42,64,180,125,125,120,143,99,47,220,28,17,30,42,,,,,,,,,,,,,,,,,,,2024-04-18
Uttar Pradesh,Mainpuri,33,,25,32,66,110,100,100,87,39,69,177,153,122,134,164,110,43,248,30,20,20,20,,,,,,,,,,,,,,,,,,,2024-04-18
Uttar Pradesh,Shamli,38,,24,28,70,140,130,110,90,41,68,202,120,115,110,128,92,50,280,26,20,30,40,,,,,,,,,,,,,,,,,,,2024-04-18
Uttar Pradesh,Ballia,35,,27,31,82,150,118,115,96,43,54,200,152,138,138,138,142,51,243,28,24,27,35,,,,,,,,,,,,,,,,,,,2024-04-18
Uttar Pradesh,Mau,39,,24,31,82,149,118,120,85,44,63,202,130,115,119,116,94,51,273,27,22,25,30,,,,,,,,,,,,,,,,,,,2024-04-18
Uttarakhand,Dehradun,35,,24,37,80,160,110,115,100,45,57,145,125,120,123,165,NR,48,287,30,13,30,25,,,,,,,,,,,,,,,,,,,2024-04-18
Uttarakhand,Haldwani,37,,33,33,100,97,99,96,98,40,57,145,147,149,148,146,143,51,254,28,26,21,31,,,,,,,,,,,,,,,,,,,2024-04-18
Uttarakhand,Rudrapur,37,,25,33,85,159,120,125,100,42,63,NR,135,130,120,129,88,56,222,28,13,27,29,,,,,,,,,,,,,,,,,,,2024-04-18
Uttarakhand,Haridwar,39,,25,35,84,132,113,106,84,44,60,143,135,125,135,144,NR,62,299,29,20,33,38,,,,,,,,,,,,,,,,,,,2024-04-18
WEST ZONE,WEST ZONE,,,,,,,,,,,,,,,,,,,,,,,,,,,,,,,,,,,,,,,,,,2024-04-18
Chhattisgarh,Raipur,38,,44,42,88,143,130,113,93,45,55,198,135,133,118,133,105,48,247,27,28,30,34,,,,,,,,,,,,,,,,,,,2024-04-18
Chhattisgarh,Durg,39,,39,39,79,149,120,123,80,43,54,191,145,118,119,124,120,55,241,15,21,24,17,,,,,,,,,,,,,,,,,,,2024-04-18
Chhattisgarh,Ambikapur,34,,34,34,96,179,113,106,109,43,42,193,194,174,174,177,160,40,270,12,24,34,22,,,,,,,,,,,,,,,,,,,2024-04-18
Chhattisgarh,Bilaspur-CG,40,,28,30,80,165,90,100,90,40,50,185,182,153,160,174,137,45,203,26,27,62,35,,,,,,,,,,,,,,,,,,,2024-04-18
Chhattisgarh,Jagdalpur,38,,35,46,115,163,105,100,98,43,51,196,159,101,132,136,101,40,351,24,32,36,28,,,,,,,,,,,,,,,,,,,2024-04-18
Chhattisgarh,Dantewada,49,,39,39,89,150,129,119,79,44,73,232,142,112,109,114,94,59,559,28,33,33,29,,,,,,,,,,,,,,,,,,,2024-04-18
Chhattisgarh,Dhamtari,NR,,NR,NR,NR,NR,NR,NR,NR,NR,NR,NR,NR,NR,NR,NR,NR,NR,NR,NR,NR,NR,NR,,,,,,,,,,,,,,,,,,,2024-04-18
Chhattisgarh,Rajnandgaon,52,,41,41,91,170,104,105,105,43,59,253,134,149,104,109,99,54,323,30,22,36,21,,,,,,,,,,,,,,,,,,,2024-04-18
Chhattisgarh,Koriya,38,,33,35,75,148,98,113,80,42,76,198,131,95,124,173,110,45,200,27,20,25,20,,,,,,,,,,,,,,,,,,,2024-04-18
DNH and DD,Silvasa,58,,43,43,88,161,135,131,92,40,66,178,140,142,115,124,102,57,490,28,29,23,20,,,,,,,,,,,,,,,,,,,2024-04-18
DNH and DD,Daman,41,,41,39,82,133,128,118,88,44,66,183,137,118,123,122,110,81,200,26,29,25,20,,,,,,,,,,,,,,,,,,,2024-04-18
DNH and DD,Diu,47,,38,60,88,177,168,132,105,44,61,223,168,140,165,140,118,69,360,28,31,26,31,,,,,,,,,,,,,,,,,,,2024-04-18
Goa,Panaji,52,,46,40,95,170,145,138,98,44,56,217,175,147,173,113,98,58,315,25,38,32,28,,,,,,,,,,,,,,,,,,,2024-04-18
Goa,Margao,55,,52,55,90,170,150,130,100,43,59,223,140,133,124,120,98,60,343,24,38,32,35,,,,,,,,,,,,,,,,,,,2024-04-18
Gujarat,Ahmedabad,NR,,NR,NR,NR,NR,NR,NR,NR,NR,NR,NR,NR,NR,NR,NR,NR,NR,NR,NR,NR,NR,NR,,,,,,,,,,,,,,,,,,,2024-04-18
Gujarat,Rajkot,42,,36,39,80,153,112,105,87,41,NR,174,128,133,135,117,95,58,NR,NR,36,25,28,,,,,,,,,,,,,,,,,,,2024-04-18
Gujarat,Surat,32,,32,32,75,160,120,110,85,38,62,188,130,95,110,110,84,48,200,9,18,21,20,,,,,,,,,,,,,,,,,,,2024-04-18
Gujarat,Bhuj,45,,37,37,80,160,130,115,95,42,58,180,160,150,130,130,100,55,260,28,30,30,20,,,,,,,,,,,,,,,,,,,2024-04-18
Gujarat,Selamba,NR,,NR,NR,NR,NR,NR,NR,NR,NR,NR,NR,NR,NR,NR,NR,NR,NR,NR,NR,NR,NR,NR,,,,,,,,,,,,,,,,,,,2024-04-18
Gujarat,Waghai,42,,40,46,80,140,120,130,105,43,56,192,153,143,155,135,122,49,257,14,28,38,32,,,,,,,,,,,,,,,,,,,2024-04-18
Gujarat,Bodeli,41,,34,39,83,137,117,103,88,43,58,194,145,128,137,132,103,52,292,13,22,46,29,,,,,,,,,,,,,,,,,,,2024-04-18
Gujarat,Vapi,NR,,NR,NR,NR,NR,NR,NR,NR,NR,NR,NR,NR,NR,NR,NR,NR,NR,NR,NR,NR,NR,NR,,,,,,,,,,,,,,,,,,,2024-04-18
Gujarat,Bilimora,NR,,NR,NR,NR,NR,NR,NR,NR,NR,NR,NR,NR,NR,NR,NR,NR,NR,NR,NR,NR,NR,NR,,,,,,,,,,,,,,,,,,,2024-04-18
Gujarat,Idar,NR,,NR,NR,NR,NR,NR,NR,NR,NR,NR,NR,NR,NR,NR,NR,NR,NR,NR,NR,NR,NR,NR,,,,,,,,,,,,,,,,,,,2024-04-18
Gujarat,Jhalod,NR,,NR,NR,NR,NR,NR,NR,NR,NR,NR,NR,NR,NR,NR,NR,NR,NR,NR,NR,NR,NR,NR,,,,,,,,,,,,,,,,,,,2024-04-18
Gujarat,Songash,NR,,NR,NR,NR,NR,NR,NR,NR,NR,NR,NR,NR,NR,NR,NR,NR,NR,NR,NR,NR,NR,NR,,,,,,,,,,,,,,,,,,,2024-04-18
Madhya Pradesh,Bhopal,37,,33,35,83,168,126,113,83,42,60,172,136,124,106,125,NR,50,270,12,30,24,20,,,,,,,,,,,,,,,,,,,2024-04-18
Madhya Pradesh,Indore,43,,26,34,88,151,118,118,92,41,61,182,140,125,110,125,94,51,240,NR,20,25,30,,,,,,,,,,,,,,,,,,,2024-04-18
Madhya Pradesh,Gwalior,39,,35,43,82,169,120,130,90,44,66,214,141,121,115,125,NR,54,230,28,16,25,34,,,,,,,,,,,,,,,,,,,2024-04-18
Madhya Pradesh,Jabalpur,42,,29,35,82,150,122,120,85,44,64,204,137,110,112,132,112,45,275,15,25,26,22,,,,,,,,,,,,,,,,,,,2024-04-18
Madhya Pradesh,Rewa,42,,23,47,92,110,99,118,98,47,53,174,159,115,145,145,NR,46,393,20,16,23,18,,,,,,,,,,,,,,,,,,,2024-04-18
Madhya Pradesh,Sagar,40,,25,27,70,150,118,108,83,41,59,194,137,108,109,118,94,45,232,21,24,18,18,,,,,,,,,,,,,,,,,,,2024-04-18
Madhya Pradesh,Jhabua,41,,27,35,86,161,123,114,93,43,56,192,136,134,111,135,NR,53,292,22,30,30,27,,,,,,,,,,,,,,,,,,,2024-04-18
Madhya Pradesh,Hoshangabad,47,,28,32,85,165,115,115,98,43,60,188,128,108,114,122,98,50,370,12,26,26,23,,,,,,,,,,,,,,,,,,,2024-04-18
Madhya Pradesh,Shahdol,33,,32,35,70,170,95,105,85,42,75,170,130,125,115,170,NR,44,180,25,20,30,40,,,,,,,,,,,,,,,,,,,2024-04-18
Madhya Pradesh,Ujjain,42,,30,35,82,148,122,115,93,44,58,190,135,125,122,122,99,52,278,18,22,32,32,,,,,,,,,,,,,,,,,,,2024-04-18
Madhya Pradesh,Morena,36,,28,30,85,180,120,115,100,43,65,182,111,125,125,177,103,55,240,16,22,30,30,,,,,,,,,,,,,,,,,,,2024-04-18
Madhya Pradesh,Anuppur,35,,31,34,80,153,110,120,90,45,50,212,125,100,110,120,90,49,200,10,30,30,25,,,,,,,,,,,,,,,,,,,2024-04-18
Madhya Pradesh,Bhind,39,,33,36,70,123,93,95,90,43,65,163,123,120,125,165,120,38,230,15,24,30,32,,,,,,,,,,,,,,,,,,,2024-04-18
Madhya Pradesh,Dhar,45,,28,37,84,163,127,120,103,42,57,182,138,124,108,132,168,48,207,23,30,27,19,,,,,,,,,,,,,,,,,,,2024-04-18
Madhya Pradesh,Harda,35,,28,32,80,164,120,112,100,40,60,175,137,117,103,117,NR,49,200,27,28,27,22,,,,,,,,,,,,,,,,,,,2024-04-18
Madhya Pradesh,Katni,35,,27,30,80,170,137,120,80,45,50,190,110,110,110,125,110,45,180,28,26,24,20,,,,,,,,,,,,,,,,,,,2024-04-18
Madhya Pradesh,Khandwa,32,,24,30,69,157,112,113,108,42,53,182,153,138,99,157,NR,48,252,20,21,25,28,,,,,,,,,,,,,,,,,,,2024-04-18
Madhya Pradesh,Mandla,43,,28,35,80,135,123,125,83,40,48,195,123,110,107,120,110,43,225,18,28,23,15,,,,,,,,,,,,,,,,,,,2024-04-18
Madhya Pradesh,Rajgarh,40,,28,33,100,105,97,97,91,41,69,133,108,100,107,101,NR,48,240,19,25,32,39,,,,,,,,,,,,,,,,,,,2024-04-18
Madhya Pradesh,Sidhi,36,,26,34,95,140,95,95,95,44,60,253,125,120,115,157,140,45,260,28,25,25,30,,,,,,,,,,,,,,,,,,,2024-04-18
Madhya Pradesh,Chattarpur,35,,26,35,85,194,91,133,89,45,48,224,142,135,135,137,129,57,236,23,19,29,22,,,,,,,,,,,,,,,,,,,2024-04-18
Madhya Pradesh,Neemuch,40,,25,32,80,170,125,120,75,40,55,170,133,123,105,130,NR,42,382,9,20,20,30,,,,,,,,,,,,,,,,,,,2024-04-18
Madhya Pradesh,Burhanpur,NR,,NR,NR,NR,NR,NR,NR,NR,NR,NR,NR,NR,NR,NR,NR,NR,NR,NR,NR,NR,NR,NR,,,,,,,,,,,,,,,,,,,2024-04-18
Madhya Pradesh,Narshinpur,39,,27,39,75,163,120,115,85,44,55,195,153,110,104,143,NR,39,282,12,22,22,17,,,,,,,,,,,,,,,,,,,2024-04-18
Madhya Pradesh,Raisen,40,,28,30,80,170,120,120,90,42,60,190,133,103,107,NR,NR,45,220,28,30,23,30,,,,,,,,,,,,,,,,,,,2024-04-18
Madhya Pradesh,Sheopur,44,,26,33,80,145,130,120,85,40,60,170,115,125,110,150,NR,50,280,28,25,25,30,,,,,,,,,,,,,,,,,,,2024-04-18
Madhya Pradesh,Agar malwa,39,,23,30,77,135,117,110,95,40,55,172,136,128,107,133,NR,45,364,16,18,16,35,,,,,,,,,,,,,,,,,,,2024-04-18
Madhya Pradesh,Umaria,43,,32,35,70,130,115,115,87,44,60,150,115,103,108,203,NR,48,220,18,27,28,20,,,,,,,,,,,,,,,,,,,2024-04-18
Madhya Pradesh,Shajapur,55,,25,31,80,162,130,120,90,43,60,170,123,109,105,123,NR,47,355,28,33,32,41,,,,,,,,,,,,,,,,,,,2024-04-18
Madhya Pradesh,Dewas,46,,25,32,86,159,120,115,94,42,56,173,124,114,102,113,NR,45,227,11,23,26,33,,,,,,,,,,,,,,,,,,,2024-04-18
Madhya Pradesh,Khargone,40,,28,35,80,140,110,110,90,42,55,185,185,155,130,190,NR,45,400,28,22,45,27,,,,,,,,,,,,,,,,,,,2024-04-18
Madhya Pradesh,Singrauli,36,,26,33,85,144,114,117,88,46,60,210,125,105,112,127,93,49,300,28,25,29,35,,,,,,,,,,,,,,,,,,,2024-04-18
Madhya Pradesh,Chhindwara,50,,26,35,85,165,118,114,92,45,55,NR,156,113,123,127,118,42,228,15,30,28,26,,,,,,,,,,,,,,,,,,,2024-04-18
Madhya Pradesh,Sehore,37,,24,31,82,148,116,110,84,43,50,171,124,121,109,122,NR,45,210,11,18,24,31,,,,,,,,,,,,,,,,,,,2024-04-18
Madhya Pradesh,MP-Ashoknagar,42,,29,31,68,155,125,118,90,42,58,250,140,138,118,140,110,40,215,28,25,30,35,,,,,,,,,,,,,,,,,,,2024-04-18
Madhya Pradesh,Balaghat,65,,36,35,80,160,132,120,89,40,52,211,154,132,115,137,NR,52,200,10,28,30,20,,,,,,,,,,,,,,,,,,,2024-04-18
Madhya Pradesh,Guna,NR,,NR,NR,NR,NR,NR,NR,NR,NR,NR,NR,NR,NR,NR,NR,NR,NR,NR,NR,NR,NR,NR,,,,,,,,,,,,,,,,,,,2024-04-18
Madhya Pradesh,Ratlam,34,,26,35,88,168,142,125,97,42,55,185,145,130,117,135,110,42,300,10,20,25,30,,,,,,,,,,,,,,,,,,,2024-04-18
Madhya Pradesh,Satna,31,,26,35,75,147,100,100,80,42,60,210,128,118,130,128,103,45,200,28,18,33,23,,,,,,,,,,,,,,,,,,,2024-04-18
Madhya Pradesh,Vidisha,39,,30,31,80,160,128,125,90,41,63,178,133,117,110,130,NR,47,210,10,25,20,10,,,,,,,,,,,,,,,,,,,2024-04-18
Madhya Pradesh,Alirajpur,40,,30,35,90,160,115,105,110,43,65,210,143,141,115,130,100,50,297,10,25,37,25,,,,,,,,,,,,,,,,,,,2024-04-18
Madhya Pradesh,Betul,NR,,NR,NR,NR,NR,NR,NR,NR,NR,NR,NR,NR,NR,NR,NR,NR,NR,NR,NR,NR,NR,NR,,,,,,,,,,,,,,,,,,,2024-04-18
Madhya Pradesh,Damoh,32,,30,32,80,160,120,110,85,44,55,195,135,125,115,125,NR,49,205,10,25,28,20,,,,,,,,,,,,,,,,,,,2024-04-18
Madhya Pradesh,Dindori,40,,34,35,103,138,132,130,92,45,55,170,130,100,110,150,NR,50,247,28,30,30,20,,,,,,,,,,,,,,,,,,,2024-04-18
Madhya Pradesh,Niwari,32,,24,30,78,172,119,117,83,44,64,205,134,121,118,180,NR,42,211,28,29,27,30,,,,,,,,,,,,,,,,,,,2024-04-18
Madhya Pradesh,Seoni,NR,,NR,NR,NR,NR,NR,NR,NR,NR,NR,NR,NR,NR,NR,NR,NR,NR,NR,NR,NR,NR,NR,,,,,,,,,,,,,,,,,,,2024-04-18
Madhya Pradesh,Panna,36,,25,33,81,150,112,105,100,44,50,205,117,118,107,137,117,49,203,10,20,20,26,,,,,,,,,,,,,,,,,,,2024-04-18
Madhya Pradesh,Tikamgarh,36,,40,40,72,156,98,115,80,42,40,187,141,131,109,137,118,48,225,25,20,25,20,,,,,,,,,,,,,,,,,,,2024-04-18
Maharashtra,Mumbai,50,,46,54,114,201,176,172,119,49,58,194,180,145,128,144,105,80,310,27,33,34,32,,,,,,,,,,,,,,,,,,,2024-04-18
Maharashtra,Nagpur,52,,45,50,78,155,125,125,90,52,63,201,150,145,118,116,89,65,283,27,38,32,38,,,,,,,,,,,,,,,,,,,2024-04-18
Maharashtra,Pune,63,,41,50,83,172,125,129,87,47,69,186,154,124,118,116,114,45,317,27,25,16,23,,,,,,,,,,,,,,,,,,,2024-04-18
Maharashtra,Nashik,41,,41,40,87,160,132,123,90,41,54,176,170,123,104,115,99,54,300,26,33,30,25,,,,,,,,,,,,,,,,,,,2024-04-18
Maharashtra,Mangaon-Raigad,43,,41,44,85,155,134,123,93,42,54,201,129,118,108,109,106,57,300,22,35,26,29,,,,,,,,,,,,,,,,,,,2024-04-18
Maharashtra,Dharni,38,,31,34,84,174,119,125,90,42,50,188,148,128,108,136,NR,48,305,13,30,27,30,,,,,,,,,,,,,,,,,,,2024-04-18
Maharashtra,Latur,60,,36,39,84,179,140,136,103,39,69,205,141,95,105,107,106,43,218,28,30,30,25,,,,,,,,,,,,,,,,,,,2024-04-18
Maharashtra,Akluj,47,,39,38,82,157,136,121,99,42,50,191,128,127,116,122,102,56,312,25,37,25,19,,,,,,,,,,,,,,,,,,,2024-04-18
Maharashtra,Arni Yavatmal,50,,30,33,70,150,125,120,100,40,63,173,152,123,108,118,NR,57,300,10,30,20,20,,,,,,,,,,,,,,,,,,,2024-04-18
Maharashtra,Chandrapur,51,,43,45,81,183,131,126,109,42,64,188,165,165,106,126,NR,58,218,28,32,27,17,,,,,,,,,,,,,,,,,,,2024-04-18
Maharashtra,Karad Satara,48,,37,47,86,177,150,137,100,41,70,185,166,132,110,115,102,50,282,28,40,27,23,,,,,,,,,,,,,,,,,,,2024-04-18
Maharashtra,Ahemednagar,59,,39,45,85,164,129,128,100,39,53,168,159,119,119,128,118,44,228,28,28,20,34,,,,,,,,,,,,,,,,,,,2024-04-18
Maharashtra,Khultabad,58,,32,35,79,157,123,122,92,40,45,176,NR,131,105,121,95,56,300,20,29,31,29,,,,,,,,,,,,,,,,,,,2024-04-18
Maharashtra,Islampur,61,,36,48,87,167,140,120,100,40,69,182,176,105,123,130,105,49,323,30,40,23,25,,,,,,,,,,,,,,,,,,,2024-04-18
Maharashtra,Kankavli,46,,45,45,96,164,145,133,101,43,55,180,172,136,109,114,102,53,355,20,38,28,17,,,,,,,,,,,,,,,,,,,2024-04-18
Maharashtra,Partur,70,,33,40,70,161,110,110,101,40,55,164,198,159,110,146,100,40,409,10,39,24,16,,,,,,,,,,,,,,,,,,,2024-04-18
Maharashtra,Gondia,55,,41,43,78,151,111,110,81,41,51,162,140,105,108,121,101,51,217,22,29,22,20,,,,,,,,,,,,,,,,,,,2024-04-18
Maharashtra,Jalgaon,53,,35,38,86,172,142,129,111,42,60,207,151,128,107,109,122,62,368,27,38,28,23,,,,,,,,,,,,,,,,,,,2024-04-18
Maharashtra,Akola,42,,33,38,81,167,128,115,100,42,65,183,141,123,106,116,90,54,285,26,35,30,27,,,,,,,,,,,,,,,,,,,2024-04-18
Rajasthan,Jaipur,47,,31,32,78,166,128,118,82,43,50,203,130,127,125,143,NR,45,307,19,28,32,38,,,,,,,,,,,,,,,,,,,2024-04-18
Rajasthan,Jodhpur,NR,,NR,NR,NR,NR,NR,NR,NR,NR,NR,NR,NR,NR,NR,NR,NR,NR,NR,NR,NR,NR,NR,,,,,,,,,,,,,,,,,,,2024-04-18
Rajasthan,Kota,38,,26,33,79,140,113,105,80,44,55,177,160,102,101,167,NR,49,240,25,22,23,25,,,,,,,,,,,,,,,,,,,2024-04-18
Rajasthan,Udaipur,29,,28,30,88,95,92,95,90,45,50,180,190,130,180,NR,120,50,333,24,28,37,30,,,,,,,,,,,,,,,,,,,2024-04-18
Rajasthan,Bharatpur,NR,,NR,NR,NR,NR,NR,NR,NR,NR,NR,NR,NR,NR,NR,NR,NR,NR,NR,NR,NR,NR,NR,,,,,,,,,,,,,,,,,,,2024-04-18
Rajasthan,Ajmer,38,,30,32,65,110,105,100,75,40,49,193,141,111,145,141,111,38,320,20,12,55,42,,,,,,,,,,,,,,,,,,,2024-04-18
Rajasthan,Bikaner,40,,35,35,80,135,135,120,100,43,37,158,NR,NR,NR,NR,NR,42,208,NR,14,17,20,,,,,,,,,,,,,,,,,,,2024-04-18
Rajasthan,Bundi,49,,25,31,75,150,120,110,90,42,50,168,133,110,118,143,NR,48,317,19,23,28,27,,,,,,,,,,,,,,,,,,,2024-04-18
Rajasthan,Rajsamand,39,,28,32,78,158,117,113,86,42,63,171,132,118,110,120,NR,49,285,16,28,28,30,,,,,,,,,,,,,,,,,,,2024-04-18
Rajasthan,Alwar,43,,31,35,69,102,120,106,89,43,54,170,124,122,137,147,NR,42,308,16,22,28,23,,,,,,,,,,,,,,,,,,,2024-04-18
Rajasthan,Banswara,38,,26,34,70,142,105,104,93,41,53,175,145,110,162,165,NR,46,363,23,21,31,25,,,,,,,,,,,,,,,,,,,2024-04-18
Rajasthan,Baran,35,,30,27,70,95,89,87,80,39,50,130,138,119,127,125,NR,37,200,14,22,22,35,,,,,,,,,,,,,,,,,,,2024-04-18
Rajasthan,Barmer,NR,,NR,NR,NR,NR,NR,NR,NR,NR,NR,NR,NR,NR,NR,NR,NR,NR,NR,NR,NR,NR,NR,,,,,,,,,,,,,,,,,,,2024-04-18
Rajasthan,Bhilwara,NR,,NR,NR,NR,NR,NR,NR,NR,NR,NR,NR,NR,NR,NR,NR,NR,NR,NR,NR,NR,NR,NR,,,,,,,,,,,,,,,,,,,2024-04-18
Rajasthan,Chhitorgarh,45,,25,37,95,154,117,121,103,43,56,190,178,143,125,127,100,45,326,20,NR,NR,NR,,,,,,,,,,,,,,,,,,,2024-04-18
Rajasthan,Churu,32,,28,30,70,87,98,90,82,39,46,172,168,145,148,169,NR,38,305,15,25,30,50,,,,,,,,,,,,,,,,,,,2024-04-18
Rajasthan,Dholapur,NR,,NR,NR,NR,NR,NR,NR,NR,NR,NR,NR,NR,NR,NR,NR,NR,NR,NR,NR,NR,NR,NR,,,,,,,,,,,,,,,,,,,2024-04-18
Rajasthan,Dungarpur,38,,28,32,64,115,125,117,121,44,56,222,157,NR,137,191,NR,51,293,28,27,37,37,,,,,,,,,,,,,,,,,,,2024-04-18
Rajasthan,Hanumangarh,NR,,NR,NR,NR,NR,NR,NR,NR,NR,NR,NR,NR,NR,NR,NR,NR,NR,NR,NR,NR,NR,NR,,,,,,,,,,,,,,,,,,,2024-04-18
Rajasthan,Jaisalmer,32,,33,36,71,109,103,91,89,44,53,187,168,110,149,154,NR,43,255,15,23,32,33,,,,,,,,,,,,,,,,,,,2024-04-18
Rajasthan,Jalore,39,,32,32,70,120,110,110,100,40,52,195,135,133,150,188,NR,42,310,28,30,45,40,,,,,,,,,,,,,,,,,,,2024-04-18
Rajasthan,Jhalawar,40,,25,28,72,120,96,95,86,42,49,183,152,125,123,168,NR,42,387,19,27,36,34,,,,,,,,,,,,,,,,,,,2024-04-18
Rajasthan,Jhunjhunu,36,,35,40,98,97,98,98,94,40,44,210,155,138,141,192,NR,38,207,17,28,45,38,,,,,,,,,,,,,,,,,,,2024-04-18
Rajasthan,Karauli,37,,27,31,66,111,110,110,90,44,NR,203,148,138,138,NR,NR,40,480,30,19,32,35,,,,,,,,,,,,,,,,,,,2024-04-18
Rajasthan,Nagaur,NR,,NR,NR,NR,NR,NR,NR,NR,NR,NR,NR,NR,NR,NR,NR,NR,NR,NR,NR,NR,NR,NR,,,,,,,,,,,,,,,,,,,2024-04-18
Rajasthan,Pali,58,,27,28,64,122,123,98,98,37,57,177,171,124,164,162,165,38,274,11,26,29,30,,,,,,,,,,,,,,,,,,,2024-04-18
Rajasthan,RJ-Pratapgarh,60,,29,31,70,110,105,95,85,42,60,163,180,142,110,160,NR,38,320,20,25,25,29,,,,,,,,,,,,,,,,,,,2024-04-18
Rajasthan,Sikar,45,,26,33,75,100,86,89,85,44,51,166,164,101,150,153,NR,44,311,21,23,26,43,,,,,,,,,,,,,,,,,,,2024-04-18
Rajasthan,Sirohi,39,,35,36,66,122,121,110,105,40,51,193,166,134,155,188,NR,49,264,19,20,35,38,,,,,,,,,,,,,,,,,,,2024-04-18
Rajasthan,Sri Ganganagar,NR,,NR,NR,NR,NR,NR,NR,NR,NR,NR,NR,NR,NR,NR,NR,NR,NR,NR,NR,NR,NR,NR,,,,,,,,,,,,,,,,,,,2024-04-18
Rajasthan,Tonk,NR,,NR,NR,NR,NR,NR,NR,NR,NR,NR,NR,NR,NR,NR,NR,NR,NR,NR,NR,NR,NR,NR,,,,,,,,,,,,,,,,,,,2024-04-18
Rajasthan,Sawai Madhopur,50,,25,27,64,125,103,108,71,39,57,198,108,108,109,180,NR,38,283,24,23,38,35,,,,,,,,,,,,,,,,,,,2024-04-18
EAST ZONE,EAST ZONE,,,,,,,,,,,,,,,,,,,,,,,,,,,,,,,,,,,,,,,,,,2024-04-18
Bihar,Patna,42,,28,30,84,150,127,117,84,44,56,NR,118,122,128,136,124,44,280,26,27,27,35,,,,,,,,,,,,,,,,,,,2024-04-18
Bihar,Bhagalpur,37,,28,32,80,153,110,113,82,44,57,NR,123,115,134,169,123,44,320,28,22,28,33,,,,,,,,,,,,,,,,,,,2024-04-18
Bihar,Purnia,36,,28,32,77,149,126,113,74,45,51,NR,126,104,121,NR,99,42,314,13,24,22,39,,,,,,,,,,,,,,,,,,,2024-04-18
Bihar,Darbhanga,38,,26,36,78,128,130,110,80,44,52,NR,132,130,130,NR,98,46,195,13,22,30,35,,,,,,,,,,,,,,,,,,,2024-04-18
Bihar,Gaya,32,,26,41,80,165,108,106,80,44,60,NR,150,144,142,140,133,50,346,24,24,27,23,,,,,,,,,,,,,,,,,,,2024-04-18
Bihar,Muzzafarpur,39,,27,31,76,147,123,113,76,45,57,NR,126,129,127,159,97,42,287,25,20,29,31,,,,,,,,,,,,,,,,,,,2024-04-18
Bihar,Saran,41,,29,35,82,150,126,120,81,45,56,145,125,124,121,147,107,48,265,26,21,46,65,,,,,,,,,,,,,,,,,,,2024-04-18
Bihar,Munger,40,,28,34,77,155,129,120,78,45,56,NR,128,123,129,176,NR,46,240,27,23,27,35,,,,,,,,,,,,,,,,,,,2024-04-18
Bihar,Saharsa,40,,28,33,83,128,110,108,85,45,55,NR,137,123,122,NR,NR,48,217,23,19,37,35,,,,,,,,,,,,,,,,,,,2024-04-18
Bihar,Madhubani,38,,28,32,78,140,123,114,79,44,54,156,127,128,122,154,95,49,300,18,17,31,31,,,,,,,,,,,,,,,,,,,2024-04-18
Bihar,Rohtas (Sasaram),32,,27,30,83,153,133,107,81,46,66,218,130,108,103,119,103,46,237,25,26,27,28,,,,,,,,,,,,,,,,,,,2024-04-18
Bihar,Motihari,38,,28,32,76,126,110,106,82,44,57,148,138,130,128,158,94,43,285,20,15,30,30,,,,,,,,,,,,,,,,,,,2024-04-18
Bihar,Samastipur,44,,25,34,88,135,117,122,88,46,54,158,137,120,138,152,113,46,310,24,23,31,36,,,,,,,,,,,,,,,,,,,2024-04-18
Bihar,Katihar,37,,29,32,79,153,124,113,78,44,57,NR,133,129,130,145,NR,48,302,19,17,28,30,,,,,,,,,,,,,,,,,,,2024-04-18
Bihar,Araria,40,,24,40,78,141,141,102,81,43,56,NR,128,118,118,178,85,52,293,23,15,25,34,,,,,,,,,,,,,,,,,,,2024-04-18
Bihar,Nawada,38,,25,35,86,160,122,114,83,44,60,227,153,120,114,170,111,50,280,27,22,20,25,,,,,,,,,,,,,,,,,,,2024-04-18
Bihar,Khagaria,43,,24,36,79,123,114,118,79,43,42,NR,130,107,122,130,108,42,370,27,16,32,28,,,,,,,,,,,,,,,,,,,2024-04-18
Bihar,Banka,35,,28,36,75,140,110,100,75,41,56,NR,127,109,121,183,105,42,205,14,13,40,30,,,,,,,,,,,,,,,,,,,2024-04-18
Bihar,Arwal,36,,26,32,72,140,110,120,78,43,53,NR,137,123,141,125,110,44,277,25,19,27,20,,,,,,,,,,,,,,,,,,,2024-04-18
Bihar,Aurangabad,35,,25,32,74,148,119,115,79,44,58,217,136,142,132,192,95,47,198,26,23,23,26,,,,,,,,,,,,,,,,,,,2024-04-18
Bihar,Begusarai,37,,27,31,75,124,109,104,80,43,53,NR,125,121,119,NR,96,44,319,13,13,29,18,,,,,,,,,,,,,,,,,,,2024-04-18
Bihar,Bhojpur Ara,43,,27,30,85,150,115,124,78,45,52,225,148,162,145,198,NR,49,362,29,20,25,32,,,,,,,,,,,,,,,,,,,2024-04-18
Bihar,Buxar,31,,26,29,75,146,121,127,73,44,60,128,148,118,118,148,117,44,260,28,16,29,19,,,,,,,,,,,,,,,,,,,2024-04-18
Bihar,Gopalganj,44,,26,30,80,165,110,120,80,NR,NR,225,128,125,120,125,100,NR,NR,NR,25,25,30,,,,,,,,,,,,,,,,,,,2024-04-18
Bihar,Jamui,39,,29,34,72,140,118,115,76,43,57,NR,129,111,131,NR,122,38,254,29,16,32,22,,,,,,,,,,,,,,,,,,,2024-04-18
Bihar,Jehanabad,35,,28,32,79,153,129,119,79,45,55,NR,135,125,125,168,NR,48,247,26,19,28,27,,,,,,,,,,,,,,,,,,,2024-04-18
Bihar,Kaimur,38,,28,32,72,162,126,112,74,45,58,187,133,115,140,191,92,45,200,24,16,34,22,,,,,,,,,,,,,,,,,,,2024-04-18
Bihar,Kishanganj,36,,27,33,78,145,115,110,80,43,55,NR,125,120,115,137,99,45,300,25,16,30,30,,,,,,,,,,,,,,,,,,,2024-04-18
Bihar,Lakhisarai,37,,30,35,73,144,110,115,86,46,58,NR,148,128,138,NR,128,44,256,26,19,38,44,,,,,,,,,,,,,,,,,,,2024-04-18
Bihar,Medhepura,39,,26,34,75,147,125,114,77,46,56,NR,124,107,113,114,103,44,339,12,25,30,29,,,,,,,,,,,,,,,,,,,2024-04-18
Bihar,Nalanda,34,,30,32,82,150,134,112,82,43,63,229,142,120,116,159,NR,49,403,28,17,40,33,,,,,,,,,,,,,,,,,,,2024-04-18
Bihar,Sheikhpura,NR,,NR,NR,NR,NR,NR,NR,NR,NR,NR,NR,NR,NR,NR,NR,NR,NR,NR,NR,NR,NR,NR,,,,,,,,,,,,,,,,,,,2024-04-18
Bihar,Sheohar,37,,23,32,81,151,127,119,71,43,55,153,133,118,132,165,99,47,220,27,21,27,38,,,,,,,,,,,,,,,,,,,2024-04-18
Bihar,Sitamarhi,37,,27,33,75,155,117,116,79,45,55,NR,126,118,119,167,104,49,270,27,19,34,37,,,,,,,,,,,,,,,,,,,2024-04-18
Bihar,Siwan,35,,24,28,75,157,101,106,74,43,54,182,126,98,119,185,92,44,200,25,26,24,27,,,,,,,,,,,,,,,,,,,2024-04-18
Bihar,Supaul,41,,27,33,84,155,117,113,79,44,51,165,125,120,135,180,100,50,365,14,11,24,24,,,,,,,,,,,,,,,,,,,2024-04-18
Bihar,Vaishali,36,,29,32,73,138,118,113,74,44,60,150,114,101,123,160,98,45,207,27,14,29,35,,,,,,,,,,,,,,,,,,,2024-04-18
Bihar,West Champaran,41,,25,36,80,135,115,100,82,42,52,163,131,158,142,200,118,47,290,16,21,32,31,,,,,,,,,,,,,,,,,,,2024-04-18
Jharkhand,Ranchi,44,,36,35,75,140,115,98,75,45,56,230,123,104,115,124,99,44,240,27,25,25,20,,,,,,,,,,,,,,,,,,,2024-04-18
Jharkhand,Gumla,40,,29,34,85,125,105,98,70,43,55,209,137,110,110,198,104,40,270,10,16,25,25,,,,,,,,,,,,,,,,,,,2024-04-18
Jharkhand,Sahibganj,40,,31,34,74,174,100,120,90,46,60,200,150,123,NR,NR,NR,48,380,20,18,25,20,,,,,,,,,,,,,,,,,,,2024-04-18
Jharkhand,Bokaro,34,,34,36,80,125,95,97,85,NR,NR,170,175,130,145,170,125,NR,NR,NR,20,42,36,,,,,,,,,,,,,,,,,,,2024-04-18
Jharkhand,Lohardaga,25,,28,36,72,151,118,109,75,44,59,NR,130,128,125,152,108,44,203,25,12,22,22,,,,,,,,,,,,,,,,,,,2024-04-18
Jharkhand,Simdega,38,,NR,35,76,147,123,120,77,44,59,NR,138,116,127,126,110,43,200,27,21,24,15,,,,,,,,,,,,,,,,,,,2024-04-18
Jharkhand,Dhanbad,42,,35,36,85,160,130,115,82,46,62,195,135,122,123,128,120,50,300,23,22,30,35,,,,,,,,,,,,,,,,,,,2024-04-18
Jharkhand,Jamshedpur (East Singbhum),46,,32,35,110,125,110,105,92,45,58,200,147,142,165,170,110,45,220,25,19,35,35,,,,,,,,,,,,,,,,,,,2024-04-18
Jharkhand,Giridhi,33,,28,30,80,160,100,95,75,44,55,NR,125,120,120,160,95,40,300,19,16,23,28,,,,,,,,,,,,,,,,,,,2024-04-18
Jharkhand,Seraikella,36,,28,35,80,150,125,114,76,46,60,169,120,141,100,131,93,51,213,25,20,30,22,,,,,,,,,,,,,,,,,,,2024-04-18
Jharkhand,West Singhbhum,44,,42,44,74,131,129,129,89,47,60,151,152,127,141,141,122,49,274,24,25,37,27,,,,,,,,,,,,,,,,,,,2024-04-18
Jharkhand,Daltonganj,40,,27,35,85,142,110,102,83,45,59,NR,122,104,115,NR,105,52,369,25,25,26,24,,,,,,,,,,,,,,,,,,,2024-04-18
Jharkhand,Deoghar,41,,36,38,78,144,126,110,91,49,60,125,163,151,154,171,101,50,264,30,17,30,29,,,,,,,,,,,,,,,,,,,2024-04-18
Jharkhand,Ramgarh,34,,33,35,60,147,123,112,74,46,NR,NR,132,123,153,190,103,44,279,25,28,35,20,,,,,,,,,,,,,,,,,,,2024-04-18
Jharkhand,Pakur,50,,35,38,88,158,126,117,109,46,59,133,131,119,108,NR,99,54,413,28,23,15,23,,,,,,,,,,,,,,,,,,,2024-04-18
Jharkhand,Jamtara,35,,28,31,81,165,141,121,86,45,60,142,125,105,125,121,101,48,348,28,25,21,19,,,,,,,,,,,,,,,,,,,2024-04-18
Jharkhand,Latehar,41,,25,33,74,134,116,106,75,44,60,NR,124,158,116,125,95,42,225,28,20,26,18,,,,,,,,,,,,,,,,,,,2024-04-18
Jharkhand,Godda,42,,29,35,70,170,120,120,80,46,62,220,130,120,120,150,110,55,420,28,20,20,30,,,,,,,,,,,,,,,,,,,2024-04-18
Jharkhand,Koderma,39,,30,33,80,160,130,120,80,44,59,150,127,107,125,149,100,50,188,27,25,25,29,,,,,,,,,,,,,,,,,,,2024-04-18
Odisha,Bhubaneshwar,37,,35,39,82,164,127,115,80,44,52,NR,131,125,NR,112,96,52,227,25,29,28,30,,,,,,,,,,,,,,,,,,,2024-04-18
Odisha,Cuttack,39,,36,37,82,154,134,111,78,47,52,NR,129,101,NR,115,97,53,250,27,29,26,29,,,,,,,,,,,,,,,,,,,2024-04-18
Odisha,Sambalpur,40,,43,48,80,155,123,106,76,46,52,NR,145,115,NR,122,116,42,240,28,28,25,25,,,,,,,,,,,,,,,,,,,2024-04-18
Odisha,Rourkela,33,,38,41,82,155,127,113,76,44,52,NR,130,101,108,114,97,49,180,27,28,22,20,,,,,,,,,,,,,,,,,,,2024-04-18
Odisha,Berhampur,37,,45,40,77,152,120,102,75,47,51,NR,139,103,137,115,106,49,245,26,21,47,29,,,,,,,,,,,,,,,,,,,2024-04-18
Odisha,Jeypore,45,,40,35,83,159,118,115,80,44,52,NR,129,111,NR,115,106,49,210,27,29,25,23,,,,,,,,,,,,,,,,,,,2024-04-18
Odisha,Balasore,38,,40,38,80,160,120,120,80,45,52,NR,138,95,NR,113,96,56,240,26,25,25,20,,,,,,,,,,,,,,,,,,,2024-04-18
Odisha,Baripada,38,,30,36,79,162,129,116,79,45,52,165,137,102,132,115,98,57,230,26,26,25,25,,,,,,,,,,,,,,,,,,,2024-04-18
Odisha,Balangir,45,,37,46,84,155,130,117,81,42,52,NR,131,104,NR,112,98,48,NR,28,30,25,20,,,,,,,,,,,,,,,,,,,2024-04-18
Odisha,Angul,34,,NR,40,70,140,134,102,78,44,54,NR,130,NR,NR,114,85,43,374,25,17,47,24,,,,,,,,,,,,,,,,,,,2024-04-18
Odisha,Boudhgarh,32,,NR,NR,80,160,120,120,90,41,56,NR,135,110,NR,115,100,47,NR,27,25,25,20,,,,,,,,,,,,,,,,,,,2024-04-18
Odisha,Dhenkanal,35,,35,40,76,150,120,113,80,44,52,180,135,122,131,115,85,55,370,27,29,25,20,,,,,,,,,,,,,,,,,,,2024-04-18
Odisha,Jagatsinghpur,33,,33,44,85,160,80,110,80,40,43,NR,145,139,120,110,90,43,208,19,19,35,25,,,,,,,,,,,,,,,,,,,2024-04-18
Odisha,Kandhamal,38,,38,42,82,148,132,118,82,50,58,NR,135,123,NR,115,95,52,NR,27,23,32,30,,,,,,,,,,,,,,,,,,,2024-04-18
Odisha,Keonjhar,39,,38,43,84,153,121,121,100,45,50,NR,133,104,NR,117,102,51,369,27,19,38,42,,,,,,,,,,,,,,,,,,,2024-04-18
Odisha,Malkangiri,49,,NR,32,78,158,125,118,76,41,52,NR,131,99,NR,111,98,53,333,25,30,30,30,,,,,,,,,,,,,,,,,,,2024-04-18
Odisha,Nabarangpur,40,,24,45,90,165,132,119,89,45,56,120,107,127,106,115,91,51,290,25,21,27,17,,,,,,,,,,,,,,,,,,,2024-04-18
Odisha,Nayagarh,38,,NR,39,75,145,120,120,90,44,52,NR,129,117,NR,111,90,55,NR,26,29,25,28,,,,,,,,,,,,,,,,,,,2024-04-18
Odisha,Nuapada,40,,40,40,75,160,82,110,80,NR,NR,180,150,130,150,130,102,NR,NR,NR,23,35,25,,,,,,,,,,,,,,,,,,,2024-04-18
Odisha,Paralakhemundi Gajapati,NR,,NR,NR,NR,NR,NR,NR,NR,NR,NR,NR,NR,NR,NR,NR,NR,NR,NR,NR,NR,NR,NR,,,,,,,,,,,,,,,,,,,2024-04-18
Odisha,Puri,39,,37,41,80,153,122,115,81,43,52,NR,134,113,NR,116,98,53,273,25,23,29,33,,,,,,,,,,,,,,,,,,,2024-04-18
Odisha,Rayagada,38,,33,38,82,160,136,120,80,48,52,160,138,95,144,108,91,48,NR,27,26,23,23,,,,,,,,,,,,,,,,,,,2024-04-18
Odisha,Sonepur,42,,NR,40,82,158,125,118,79,NR,NR,NR,136,121,NR,118,103,NR,NR,NR,24,29,30,,,,,,,,,,,,,,,,,,,2024-04-18
Odisha,Bhadrak,NR,,NR,NR,NR,NR,NR,NR,NR,NR,NR,NR,NR,NR,NR,NR,NR,NR,NR,NR,NR,NR,NR,,,,,,,,,,,,,,,,,,,2024-04-18
Odisha,Jharsuguda,38,,44,36,83,161,127,114,80,45,50,NR,135,102,112,120,100,44,NR,27,28,30,30,,,,,,,,,,,,,,,,,,,2024-04-18
Odisha,Kendrapara,NR,,NR,NR,NR,NR,NR,NR,NR,NR,NR,NR,NR,NR,NR,NR,NR,NR,NR,NR,NR,NR,NR,,,,,,,,,,,,,,,,,,,2024-04-18
Odisha,Jajpur,35,,40,42,75,145,112,110,75,42,56,NR,140,120,NR,115,91,55,350,25,16,18,33,,,,,,,,,,,,,,,,,,,2024-04-18
Odisha,Kalahandi,39,,38,42,80,150,120,115,81,44,53,183,140,105,114,120,102,54,330,28,26,31,29,,,,,,,,,,,,,,,,,,,2024-04-18
West Bengal,Kolkata,48,,NR,36,82,158,135,125,100,47,54,NR,130,121,120,122,98,62,263,22,25,32,25,,,,,,,,,,,,,,,,,,,2024-04-18
West Bengal,Siliguri,39,,29,34,82,154,111,114,98,45,50,178,129,108,111,129,107,52,198,13,15,26,22,,,,,,,,,,,,,,,,,,,2024-04-18
West Bengal,Purulia,34,,NR,33,90,152,120,112,85,43,51,124,125,93,115,125,86,47,291,25,23,20,23,,,,,,,,,,,,,,,,,,,2024-04-18
West Bengal,Kharagpur,53,,35,38,84,150,127,114,100,45,54,215,134,109,116,123,104,50,238,27,24,26,20,,,,,,,,,,,,,,,,,,,2024-04-18
West Bengal,Rampurhat,45,,29,38,84,151,123,128,108,46,56,186,130,110,114,124,96,52,280,22,26,26,21,,,,,,,,,,,,,,,,,,,2024-04-18
West Bengal,Malda,43,,26,42,73,155,115,110,105,43,56,NR,140,96,122,141,119,61,320,21,21,27,25,,,,,,,,,,,,,,,,,,,2024-04-18
West Bengal,Raiganj,39,,28,33,74,167,127,111,108,44,44,180,129,98,121,127,99,56,248,10,18,34,37,,,,,,,,,,,,,,,,,,,2024-04-18
West Bengal,Alipurduar,38,,NR,44,75,175,110,115,110,47,68,NR,120,100,110,125,98,55,238,10,19,39,38,,,,,,,,,,,,,,,,,,,2024-04-18
West Bengal,Asansol,52,,NR,42,86,155,138,159,115,46,64,NR,138,110,118,118,109,48,300,26,25,26,21,,,,,,,,,,,,,,,,,,,2024-04-18
West Bengal,Balurghat,47,,31,40,78,150,124,112,95,46,46,NR,124,114,107,116,86,42,337,10,19,22,25,,,,,,,,,,,,,,,,,,,2024-04-18
West Bengal,Bankura,37,,NR,33,82,151,135,150,113,46,58,235,128,118,110,124,91,49,280,26,23,29,20,,,,,,,,,,,,,,,,,,,2024-04-18
West Bengal,Barasat,43,,35,40,85,125,NR,135,112,45,60,200,133,114,113,108,110,58,240,30,27,58,43,,,,,,,,,,,,,,,,,,,2024-04-18
West Bengal,Bardhaman,48,,NR,38,85,160,133,120,110,44,54,220,125,110,108,122,100,58,260,25,24,26,19,,,,,,,,,,,,,,,,,,,2024-04-18
West Bengal,Baruipur,62,,NR,36,93,133,135,157,126,43,55,NR,134,124,110,123,105,52,222,27,28,35,29,,,,,,,,,,,,,,,,,,,2024-04-18
West Bengal,Berhampore,48,,27,40,70,125,98,140,109,46,58,250,140,107,117,148,104,46,220,13,18,30,30,,,,,,,,,,,,,,,,,,,2024-04-18
West Bengal,Chinsurah,51,,NR,NR,90,155,130,150,110,46,51,210,124,123,107,120,98,50,222,26,25,32,27,,,,,,,,,,,,,,,,,,,2024-04-18
West Bengal,Cooch behar,NR,,NR,NR,NR,NR,NR,NR,NR,NR,NR,NR,NR,NR,NR,NR,NR,NR,NR,NR,NR,NR,NR,,,,,,,,,,,,,,,,,,,2024-04-18
West Bengal,Howrah,50,,NR,36,90,160,140,125,112,46,54,NR,128,120,115,123,NR,55,293,27,21,35,20,,,,,,,,,,,,,,,,,,,2024-04-18
West Bengal,Jalapiguri,37,,28,45,85,160,110,118,107,46,56,NR,120,125,108,123,100,50,300,25,25,20,15,,,,,,,,,,,,,,,,,,,2024-04-18
West Bengal,Jhargram,42,,NR,40,79,149,125,112,90,48,54,NR,125,105,101,122,90,39,273,29,18,27,21,,,,,,,,,,,,,,,,,,,2024-04-18
West Bengal,Kalimpong,38,,36,38,95,124,128,120,100,46,48,NR,140,114,148,162,NR,51,380,15,25,35,30,,,,,,,,,,,,,,,,,,,2024-04-18
West Bengal,Krishnagar,36,,NR,37,70,123,104,138,107,42,44,178,113,133,116,130,115,44,253,19,23,68,61,,,,,,,,,,,,,,,,,,,2024-04-18
West Bengal,Tamluk,43,,NR,43,99,156,120,180,119,50,56,NR,131,125,106,128,100,54,300,28,23,28,24,,,,,,,,,,,,,,,,,,,2024-04-18
NORTH EAST ZONE,NORTH EAST ZONE,,,,,,,,,,,,,,,,,,,,,,,,,,,,,,,,,,,,,,,,,,2024-04-18
Andaman and Nicobar,Port Blair,50,,NR,69,95,161,155,134,95,52,73,NR,176,202,NR,133,125,73,325,20,55,50,67,,,,,,,,,,,,,,,,,,,2024-04-18
Andaman and Nicobar,Mayabunder,43,,NR,67,85,160,140,128,95,52,71,203,179,185,NR,121,114,70,315,18,60,50,60,,,,,,,,,,,,,,,,,,,2024-04-18
Andaman and Nicobar,Car Nicobar,52,,NR,67,99,190,159,140,106,60,75,262,169,160,NR,139,120,85,285,21,50,60,80,,,,,,,,,,,,,,,,,,,2024-04-18
Arunachal pradesh,Itanagar,40,,NR,40,90,170,120,130,90,50,75,NR,120,120,120,160,NR,NR,NR,15,30,30,50,,,,,,,,,,,,,,,,,,,2024-04-18
Arunachal pradesh,Namsai,NR,,NR,NR,NR,NR,NR,NR,NR,NR,NR,NR,NR,NR,NR,NR,NR,NR,NR,NR,NR,NR,NR,,,,,,,,,,,,,,,,,,,2024-04-18
Arunachal pradesh,Pasighat,60,,NR,60,103,167,140,123,110,60,80,167,NR,137,143,190,NR,80,327,20,27,50,50,,,,,,,,,,,,,,,,,,,2024-04-18
Arunachal pradesh,Tawang,46,,45,45,100,135,145,127,122,NR,NR,NR,NR,NR,NR,NR,NR,NR,NR,NR,NR,NR,NR,,,,,,,,,,,,,,,,,,,2024-04-18
Assam,Guwahati,38,,32,36,81,152,105,112,84,48,70,213,146,130,125,125,120,50,200,12,26,31,33,,,,,,,,,,,,,,,,,,,2024-04-18
Assam,Barpeta,37,,28,33,77,130,99,116,82,47,70,NR,157,154,169,111,139,43,203,12,20,46,31,,,,,,,,,,,,,,,,,,,2024-04-18
Assam,Tinsukia,36,,NR,35,85,150,115,115,85,45,74,NR,145,140,128,130,NR,55,180,12,25,28,NR,,,,,,,,,,,,,,,,,,,2024-04-18
Assam,Dhubri,35,,33,37,78,155,135,115,80,45,75,250,135,110,115,115,100,50,250,10,20,25,30,,,,,,,,,,,,,,,,,,,2024-04-18
Assam,Goalpara,NR,,NR,NR,NR,NR,NR,NR,NR,NR,NR,NR,NR,NR,NR,NR,NR,NR,NR,NR,NR,NR,NR,,,,,,,,,,,,,,,,,,,2024-04-18
Assam,Golaghat,NR,,NR,NR,NR,NR,NR,NR,NR,NR,NR,NR,NR,NR,NR,NR,NR,NR,NR,NR,NR,NR,NR,,,,,,,,,,,,,,,,,,,2024-04-18
Assam,Mangaldai,49,,33,37,87,117,97,116,99,50,70,NR,161,144,141,180,135,60,280,14,29,30,25,,,,,,,,,,,,,,,,,,,2024-04-18
Assam,Mushalpur,41,,35,34,81,150,NR,117,88,46,71,NR,150,142,167,141,108,46,213,10,25,25,40,,,,,,,,,,,,,,,,,,,2024-04-18
Assam,Udalguri,42,,27,37,82,142,122,112,82,47,70,NR,142,134,118,151,102,49,258,20,23,31,30,,,,,,,,,,,,,,,,,,,2024-04-18
Assam,Bajali,NR,,NR,NR,NR,NR,NR,NR,NR,NR,NR,NR,NR,NR,NR,NR,NR,NR,NR,NR,NR,NR,NR,,,,,,,,,,,,,,,,,,,2024-04-18
Assam,Hojai,41,,NR,36,80,150,85,110,85,50,72,NR,125,100,120,130,100,60,230,10,15,25,20,,,,,,,,,,,,,,,,,,,2024-04-18
Assam,Jorhat,48,,31,44,96,153,94,125,105,48,74,243,158,152,113,163,117,65,218,13,26,24,42,,,,,,,,,,,,,,,,,,,2024-04-18
Assam,Bongaigaon,43,,NR,33,70,115,95,109,105,45,72,NR,140,152,149,174,109,50,348,10,23,27,25,,,,,,,,,,,,,,,,,,,2024-04-18
Assam,Morigaon,42,,NR,38,81,150,110,120,97,45,60,NR,140,140,147,150,107,60,237,10,19,27,20,,,,,,,,,,,,,,,,,,,2024-04-18
Assam,Sonari,NR,,NR,NR,NR,NR,NR,NR,NR,NR,NR,NR,NR,NR,NR,NR,NR,NR,NR,NR,NR,NR,NR,,,,,,,,,,,,,,,,,,,2024-04-18
Assam,Tamulpur,44,,35,35,85,139,129,119,97,45,68,NR,143,114,129,NR,100,50,290,10,18,29,29,,,,,,,,,,,,,,,,,,,2024-04-18
Assam,Sivasagar,51,,NR,48,83,132,123,129,93,49,78,NR,143,133,145,NR,NR,67,270,10,24,22,NR,,,,,,,,,,,,,,,,,,,2024-04-18
Assam,Biswanath Chariali,45,,NR,30,75,145,NR,105,100,48,74,NR,143,140,175,175,NR,54,225,12,19,52,36,,,,,,,,,,,,,,,,,,,2024-04-18
Assam,Dibrugarh,43,,NR,40,86,167,125,120,92,46,74,NR,143,138,127,136,NR,55,273,23,25,28,32,,,,,,,,,,,,,,,,,,,2024-04-18
Assam,Karimganj,39,,NR,37,83,150,133,111,80,45,72,NR,132,NR,110,127,97,55,239,14,23,25,36,,,,,,,,,,,,,,,,,,,2024-04-18
Assam,Majuli,50,,NR,36,86,152,88,115,103,48,70,NR,127,NR,132,NR,NR,60,260,15,20,32,NR,,,,,,,,,,,,,,,,,,,2024-04-18
Assam,Sonitpur Tezpur,41,,NR,36,73,135,111,107,100,46,69,224,153,170,145,165,120,45,297,10,22,26,40,,,,,,,,,,,,,,,,,,,2024-04-18
Assam,Haflong,35,,NR,38,90,160,NR,120,90,50,74,NR,150,NR,120,135,NR,80,260,30,25,30,40,,,,,,,,,,,,,,,,,,,2024-04-18
Assam,AS-Lakhimpur,38,,NR,33,80,147,97,107,90,46,71,NR,138,125,123,126,NR,60,175,15,18,28,33,,,,,,,,,,,,,,,,,,,2024-04-18
Assam,Diphu,NR,,NR,NR,NR,NR,NR,NR,NR,NR,NR,NR,NR,NR,NR,NR,NR,NR,NR,NR,NR,NR,NR,,,,,,,,,,,,,,,,,,,2024-04-18
Assam,Nalbari,51,,NR,45,130,162,147,108,88,48,79,130,158,145,152,157,112,45,350,10,32,57,35,,,,,,,,,,,,,,,,,,,2024-04-18
Assam,South Salmara Mankachar,NR,,NR,NR,NR,NR,NR,NR,NR,NR,NR,NR,NR,NR,NR,NR,NR,NR,NR,NR,NR,NR,NR,,,,,,,,,,,,,,,,,,,2024-04-18
Assam,Kamrup,39,,NR,35,89,175,122,119,88,46,74,NR,142,NR,127,142,104,61,265,20,24,29,21,,,,,,,,,,,,,,,,,,,2024-04-18
Manipur,Imphal,50,,40,38,90,170,135,130,95,55,NR,NR,140,120,130,140,120,75,240,25,20,40,40,,,,,,,,,,,,,,,,,,,2024-04-18
Manipur,Chandel,NR,,NR,NR,NR,NR,NR,NR,NR,NR,NR,NR,NR,NR,NR,NR,NR,NR,NR,NR,NR,NR,NR,,,,,,,,,,,,,,,,,,,2024-04-18
Manipur,Jiribam,NR,,NR,NR,NR,NR,NR,NR,NR,NR,NR,NR,NR,NR,NR,NR,NR,NR,NR,NR,NR,NR,NR,,,,,,,,,,,,,,,,,,,2024-04-18
Manipur,Kangpokpi,NR,,NR,NR,NR,NR,NR,NR,NR,NR,NR,NR,NR,NR,NR,NR,NR,NR,NR,NR,NR,NR,NR,,,,,,,,,,,,,,,,,,,2024-04-18
Manipur,Senapati,NR,,NR,NR,NR,NR,NR,NR,NR,NR,NR,NR,NR,NR,NR,NR,NR,NR,NR,NR,NR,NR,NR,,,,,,,,,,,,,,,,,,,2024-04-18
Manipur,Tamenglong,NR,,NR,NR,NR,NR,NR,NR,NR,NR,NR,NR,NR,NR,NR,NR,NR,NR,NR,NR,NR,NR,NR,,,,,,,,,,,,,,,,,,,2024-04-18
Manipur,Thoubal,NR,,NR,NR,NR,NR,NR,NR,NR,NR,NR,NR,NR,NR,NR,NR,NR,NR,NR,NR,NR,NR,NR,,,,,,,,,,,,,,,,,,,2024-04-18
Manipur,Ukhrul,NR,,NR,NR,NR,NR,NR,NR,NR,NR,NR,NR,NR,NR,NR,NR,NR,NR,NR,NR,NR,NR,NR,,,,,,,,,,,,,,,,,,,2024-04-18
Meghalaya,Shillong,45,,37,36,90,160,123,113,100,48,74,NR,125,130,112,NR,NR,70,300,30,27,35,43,,,,,,,,,,,,,,,,,,,2024-04-18
Meghalaya,Tura,NR,,NR,NR,NR,NR,NR,NR,NR,NR,NR,NR,NR,NR,NR,NR,NR,NR,NR,NR,NR,NR,NR,,,,,,,,,,,,,,,,,,,2024-04-18
Meghalaya,Jowai,38,,38,36,90,120,110,120,90,48,74,NR,120,NR,120,230,NR,80,360,30,20,30,40,,,,,,,,,,,,,,,,,,,2024-04-18
Meghalaya,Sohra,38,,39,39,NR,140,150,117,85,50,74,NR,120,NR,120,NR,NR,100,330,30,25,42,47,,,,,,,,,,,,,,,,,,,2024-04-18
Meghalaya,Mairang,40,,38,37,NR,NR,NR,120,90,53,74,NR,118,NR,123,NR,NR,NR,340,12,28,35,30,,,,,,,,,,,,,,,,,,,2024-04-18
Meghalaya,Nongpoh,35,,NR,35,87,167,137,120,88,49,75,NR,132,132,128,172,NR,73,423,15,30,37,33,,,,,,,,,,,,,,,,,,,2024-04-18
Meghalaya,Khliehriat,45,,40,38,90,155,120,125,85,50,74,NR,160,137,138,NR,NR,43,333,30,30,30,30,,,,,,,,,,,,,,,,,,,2024-04-18
Meghalaya,Williamnagar,35,,40,37,95,180,NR,120,90,50,70,NR,160,NR,147,NR,100,NR,470,15,30,35,40,,,,,,,,,,,,,,,,,,,2024-04-18
Meghalaya,Nongstoin,37,,40,40,NR,NR,NR,120,90,50,73,NR,133,155,130,175,175,NR,357,15,30,53,38,,,,,,,,,,,,,,,,,,,2024-04-18
Meghalaya,Mawkyrwat,38,,36,36,NR,NR,NR,122,82,49,74,NR,125,NR,112,NR,NR,NR,345,16,23,29,37,,,,,,,,,,,,,,,,,,,2024-04-18
Mizoram,Aizawl,50,,40,50,90,157,134,133,100,50,80,169,187,154,132,154,143,100,520,30,37,53,77,,,,,,,,,,,,,,,,,,,2024-04-18
Mizoram,Lunglei,50,,40,45,98,NR,NR,120,105,50,75,NR,190,220,150,NR,NR,100,520,25,40,60,70,,,,,,,,,,,,,,,,,,,2024-04-18
Mizoram,Kolasib,45,,40,40,96,130,120,110,100,50,78,NR,172,NR,120,197,113,113,407,26,32,57,70,,,,,,,,,,,,,,,,,,,2024-04-18
Mizoram,Mamit,50,,40,40,NR,NR,NR,110,100,50,75,NR,190,NR,100,200,120,NR,NR,30,40,40,50,,,,,,,,,,,,,,,,,,,2024-04-18
Mizoram,Champhai,50,,35,60,NR,NR,NR,NR,100,50,80,NR,180,NR,130,NR,NR,167,520,30,60,70,53,,,,,,,,,,,,,,,,,,,2024-04-18
Mizoram,Serchhip,43,,NR,45,120,165,150,150,100,50,80,NR,190,200,118,NR,NR,100,280,30,30,47,57,,,,,,,,,,,,,,,,,,,2024-04-18
Mizoram,Siaha,50,,45,44,120,130,110,120,100,50,70,NR,223,140,153,NR,138,NR,540,30,37,60,97,,,,,,,,,,,,,,,,,,,2024-04-18
Mizoram,Lawngtlai,50,,40,45,80,120,100,110,100,58,80,NR,NR,NR,125,NR,110,110,490,30,35,60,78,,,,,,,,,,,,,,,,,,,2024-04-18
Mizoram,Hnahthial,52,,45,45,125,160,130,130,97,52,79,NR,165,140,110,NR,NR,120,520,30,32,43,70,,,,,,,,,,,,,,,,,,,2024-04-18
Mizoram,Khawzawl,40,,50,40,110,140,NR,140,95,50,83,150,170,NR,127,NR,150,147,520,30,37,73,NR,,,,,,,,,,,,,,,,,,,2024-04-18
Mizoram,Saitual,NR,,NR,NR,NR,NR,NR,NR,NR,NR,NR,NR,NR,NR,NR,NR,NR,NR,NR,NR,NR,NR,NR,,,,,,,,,,,,,,,,,,,2024-04-18
Nagaland,Kohima,45,,40,55,90,170,140,130,90,50,75,NR,120,140,120,190,NR,NR,320,20,35,40,50,,,,,,,,,,,,,,,,,,,2024-04-18
Nagaland,Dimapur,46,,40,35,70,120,105,120,83,46,80,200,150,200,170,210,165,80,210,15,20,44,40,,,,,,,,,,,,,,,,,,,2024-04-18
Nagaland,Tuensang,37,,38,55,100,NR,NR,120,100,50,NR,NR,NR,NR,NR,NR,NR,NR,275,20,30,50,50,,,,,,,,,,,,,,,,,,,2024-04-18
Nagaland,Mokochung,50,,NR,60,130,140,180,140,100,50,74,NR,120,120,140,200,NR,90,380,15,30,40,40,,,,,,,,,,,,,,,,,,,2024-04-18
Nagaland,Chumukedima,40,,NR,35,110,135,120,100,90,40,80,NR,130,160,150,200,NR,90,320,15,20,40,30,,,,,,,,,,,,,,,,,,,2024-04-18
Nagaland,Mon,40,,NR,50,80,NR,NR,120,100,50,70,NR,130,NR,130,NR,NR,60,350,20,20,50,50,,,,,,,,,,,,,,,,,,,2024-04-18
Nagaland,Peren,38,,40,40,120,NR,140,120,100,50,72,NR,160,NR,168,NR,NR,80,345,15,25,70,40,,,,,,,,,,,,,,,,,,,2024-04-18
Nagaland,Phek,40,,50,50,100,140,140,140,100,50,72,NR,160,NR,170,NR,NR,NR,350,20,30,60,60,,,,,,,,,,,,,,,,,,,2024-04-18
Nagaland,Tseminyu,50,,NR,50,NR,NR,NR,130,100,50,70,NR,120,NR,120,NR,NR,NR,360,15,35,40,50,,,,,,,,,,,,,,,,,,,2024-04-18
Nagaland,Wokha,45,,NR,43,120,123,125,120,100,50,68,NR,160,200,180,NR,NR,NR,290,15,30,70,60,,,,,,,,,,,,,,,,,,,2024-04-18
Nagaland,Zunheboto,50,,NR,50,NR,120,NR,140,100,45,75,NR,150,NR,140,NR,NR,60,400,18,30,50,50,,,,,,,,,,,,,,,,,,,2024-04-18
Nagaland,Kiphire,36,,NR,40,90,95,NR,85,90,50,80,NR,130,NR,150,NR,NR,70,335,18,30,55,50,,,,,,,,,,,,,,,,,,,2024-04-18
Nagaland,Longleng,38,,40,50,NR,150,NR,120,100,70,75,NR,160,NR,180,NR,NR,80,350,20,25,40,60,,,,,,,,,,,,,,,,,,,2024-04-18
Nagaland,Niuland,35,,NR,40,NR,140,100,120,100,50,70,NR,120,NR,130,NR,NR,120,370,15,20,30,35,,,,,,,,,,,,,,,,,,,2024-04-18
Nagaland,Shamator,40,,43,60,100,120,NR,110,100,50,65,NR,130,NR,140,NR,110,100,175,20,30,65,60,,,,,,,,,,,,,,,,,,,2024-04-18
Nagaland,Noklak,40,,50,60,90,100,NR,NR,105,50,NR,NR,130,NR,130,NR,NR,NR,NR,20,30,60,60,,,,,,,,,,,,,,,,,,,2024-04-18
Sikkim,Gangtok,65,,40,40,85,135,128,127,95,50,62,NR,159,115,121,143,NR,60,547,17,35,35,30,,,,,,,,,,,,,,,,,,,2024-04-18
Sikkim,Gyalshing,NR,,NR,NR,NR,NR,NR,NR,NR,NR,NR,NR,NR,NR,NR,NR,NR,NR,NR,NR,NR,NR,NR,,,,,,,,,,,,,,,,,,,2024-04-18
Sikkim,Namchi,54,,32,45,80,120,130,108,100,45,65,NR,183,114,167,190,NR,50,420,21,35,70,50,,,,,,,,,,,,,,,,,,,2024-04-18
Sikkim,Soreng,49,,35,35,90,110,110,132,100,50,65,NR,154,130,132,148,NR,60,480,20,35,40,40,,,,,,,,,,,,,,,,,,,2024-04-18
Sikkim,Mangan,60,,36,36,80,135,135,130,110,50,60,NR,187,167,NR,210,NR,66,343,17,35,50,45,,,,,,,,,,,,,,,,,,,2024-04-18
Tripura,Agartala,39,,NR,40,82,127,132,107,96,46,70,NR,138,130,122,140,111,70,200,10,28,32,30,,,,,,,,,,,,,,,,,,,2024-04-18
Tripura,Dharmanagar,35,,NR,40,89,160,135,120,110,48,71,NR,123,130,118,158,103,72,253,10,30,30,30,,,,,,,,,,,,,,,,,,,2024-04-18
Tripura,Belonia,NR,,NR,NR,NR,NR,NR,NR,NR,NR,NR,NR,NR,NR,NR,NR,NR,NR,NR,NR,NR,NR,NR,,,,,,,,,,,,,,,,,,,2024-04-18
Tripura,TR-Udaipur,37,,NR,36,85,145,118,113,100,50,72,NR,125,108,110,130,93,60,168,10,28,25,36,,,,,,,,,,,,,,,,,,,2024-04-18
SOUTH ZONE,SOUTH ZONE,,,,,,,,,,,,,,,,,,,,,,,,,,,,,,,,,,,,,,,,,,2024-04-18
Andhra Pradesh,Vijaywada,55,,51,55,90,175,147,130,96,43,68,165,179,118,NR,112,89,61,297,19,38,26,38,,,,,,,,,,,,,,,,,,,2024-04-18
Andhra Pradesh,Visakhapatnam,51,,41,43,79,157,137,120,90,42,54,164,143,105,NR,112,95,57,280,21,30,26,26,,,,,,,,,,,,,,,,,,,2024-04-18
Andhra Pradesh,Kurnool,70,,45,42,89,157,135,130,112,42,63,154,160,111,110,111,95,63,467,25,33,28,28,,,,,,,,,,,,,,,,,,,2024-04-18
Andhra Pradesh,Tirupathi,67,,40,40,85,190,130,120,100,44,49,173,173,110,139,112,88,60,503,23,29,28,21,,,,,,,,,,,,,,,,,,,2024-04-18
Andhra Pradesh,Jammalamadugu,60,,46,60,80,160,146,130,124,40,66,170,191,110,180,115,90,54,198,20,35,33,20,,,,,,,,,,,,,,,,,,,2024-04-18
Andhra Pradesh,Dharmavaram,NR,,NR,NR,NR,NR,NR,NR,NR,NR,NR,NR,NR,NR,NR,NR,NR,NR,NR,NR,NR,NR,NR,,,,,,,,,,,,,,,,,,,2024-04-18
Andhra Pradesh,Ongole,NR,,NR,NR,NR,NR,NR,NR,NR,NR,NR,NR,NR,NR,NR,NR,NR,NR,NR,NR,NR,NR,NR,,,,,,,,,,,,,,,,,,,2024-04-18
Karnataka,Bengaluru,62,,43,41,87,162,145,127,90,45,47,203,144,95,127,112,94,56,413,17,24,23,17,,,,,,,,,,,,,,,,,,,2024-04-18
Karnataka,Dharwad,59,,45,63,89,170,159,130,113,41,48,194,161,132,115,105,96,56,393,28,36,25,24,,,,,,,,,,,,,,,,,,,2024-04-18
Karnataka,Mangalore,49,,41,39,77,147,135,117,90,38,44,165,160,142,133,110,98,59,371,14,38,35,25,,,,,,,,,,,,,,,,,,,2024-04-18
Karnataka,Mysore,64,,43,64,132,159,132,132,96,42,43,211,152,151,143,115,111,62,302,24,33,33,24,,,,,,,,,,,,,,,,,,,2024-04-18
Karnataka,Bengaluru (East Range),62,,46,40,89,172,127,121,91,46,46,157,177,104,128,116,102,60,264,15,48,33,32,,,,,,,,,,,,,,,,,,,2024-04-18
Karnataka,Belagavi,58,,40,40,84,168,142,112,84,50,53,173,164,102,118,121,99,48,265,19,30,26,17,,,,,,,,,,,,,,,,,,,2024-04-18
Karnataka,Kalaburagi,68,,45,48,75,174,128,133,98,41,59,178,155,111,144,115,95,44,243,18,24,25,23,,,,,,,,,,,,,,,,,,,2024-04-18
Karnataka,Tumakuru,64,,43,45,87,166,147,127,99,42,49,195,163,125,125,114,96,60,300,22,40,26,23,,,,,,,,,,,,,,,,,,,2024-04-18
Karnataka,Bellary,60,,40,41,79,151,129,120,118,41,48,193,155,104,131,111,105,62,228,24,35,24,28,,,,,,,,,,,,,,,,,,,2024-04-18
Karnataka,Dhavanagere,62,,44,64,87,164,146,126,110,41,49,168,153,118,120,114,99,60,266,28,39,26,27,,,,,,,,,,,,,,,,,,,2024-04-18
Karnataka,Shivamogga,59,,45,40,90,168,145,128,102,44,48,202,152,102,132,113,95,47,243,25,40,31,35,,,,,,,,,,,,,,,,,,,2024-04-18
Karnataka,Vijayapur,64,,45,41,94,177,152,137,118,43,55,214,163,128,122,116,101,52,285,21,32,26,24,,,,,,,,,,,,,,,,,,,2024-04-18
Karnataka,Ramanagara,64,,46,49,97,163,147,135,123,45,48,176,189,105,152,118,100,51,188,18,32,20,24,,,,,,,,,,,,,,,,,,,2024-04-18
Karnataka,Raichur,64,,44,46,113,160,133,121,90,44,56,175,148,124,128,120,102,59,156,15,36,28,29,,,,,,,,,,,,,,,,,,,2024-04-18
Karnataka,Chamarajanagar,65,,42,62,91,159,139,131,96,43,44,200,160,118,NR,114,98,60,297,23,32,30,21,,,,,,,,,,,,,,,,,,,2024-04-18
Karnataka,Kolar,47,,44,46,122,145,125,125,125,39,47,158,138,151,130,120,100,51,330,11,25,31,31,,,,,,,,,,,,,,,,,,,2024-04-18
Karnataka,Haveri,61,,41,43,140,189,140,140,89,41,64,153,164,142,144,147,97,45,247,14,65,67,22,,,,,,,,,,,,,,,,,,,2024-04-18
Karnataka,Bagalkot,54,,45,45,72,160,136,120,109,38,57,188,203,113,147,143,98,44,420,26,29,44,25,,,,,,,,,,,,,,,,,,,2024-04-18
Karnataka,Bidar,59,,42,60,85,165,130,125,100,44,67,224,138,137,116,127,101,66,335,28,14,16,13,,,,,,,,,,,,,,,,,,,2024-04-18
Karnataka,Koppal,52,,39,42,83,131,130,115,130,43,43,143,173,126,165,140,106,44,256,12,37,22,17,,,,,,,,,,,,,,,,,,,2024-04-18
Karnataka,Mandya,53,,44,44,92,159,140,128,95,42,47,196,198,109,170,112,98,49,358,18,33,25,29,,,,,,,,,,,,,,,,,,,2024-04-18
Karnataka,Yadgir,NR,,NR,NR,NR,NR,NR,NR,NR,NR,NR,NR,NR,NR,NR,NR,NR,NR,NR,NR,NR,NR,NR,,,,,,,,,,,,,,,,,,,2024-04-18
Karnataka,Chikkamagalur,59,,44,42,99,165,155,137,101,44,49,170,156,110,105,112,93,61,192,17,40,26,22,,,,,,,,,,,,,,,,,,,2024-04-18
Karnataka,Bangalore Rural,62,,38,55,91,142,140,131,110,40,44,180,140,107,155,127,83,50,245,15,25,22,21,,,,,,,,,,,,,,,,,,,2024-04-18
Karnataka,Chikkaballapur,55,,45,38,80,137,120,112,88,41,42,162,130,91,120,105,93,47,417,14,34,36,35,,,,,,,,,,,,,,,,,,,2024-04-18
Karnataka,Chitradurga,63,,47,56,82,154,164,152,158,39,46,155,178,142,147,159,107,45,313,31,15,30,25,,,,,,,,,,,,,,,,,,,2024-04-18
Karnataka,Gadag,72,,45,48,84,164,130,125,114,45,70,172,165,126,140,122,100,48,320,10,30,30,25,,,,,,,,,,,,,,,,,,,2024-04-18
Karnataka,Hassan,45,,44,56,70,150,115,96,88,38,50,160,184,106,150,145,95,49,230,15,26,30,20,,,,,,,,,,,,,,,,,,,2024-04-18
Karnataka,Kodagu,59,,43,51,113,196,150,133,128,42,48,175,180,155,162,115,99,41,215,16,33,32,35,,,,,,,,,,,,,,,,,,,2024-04-18
Karnataka,Udupi,52,,54,56,128,145,156,130,129,48,48,174,176,121,152,158,119,51,289,28,35,37,27,,,,,,,,,,,,,,,,,,,2024-04-18
Karnataka,Uttara Kannada,55,,46,40,108,161,152,133,117,47,50,218,180,123,151,110,106,47,250,27,33,28,28,,,,,,,,,,,,,,,,,,,2024-04-18
Karnataka,Vijayanagara,65,,44,44,85,152,129,122,111,44,48,179,157,127,115,110,89,45,245,16,30,29,22,,,,,,,,,,,,,,,,,,,2024-04-18
Kerala,T.Puram,56,,41,48,86,161,151,125,106,43,52,223,176,131,130,114,99,68,267,18,49,30,32,,,,,,,,,,,,,,,,,,,2024-04-18
Kerala,Ernakulam,53,,43,42,107,182,172,142,110,44,56,215,153,138,NR,122,115,65,227,17,47,32,35,,,,,,,,,,,,,,,,,,,2024-04-18
Kerala,Kozhikode,44,,49,42,97,162,142,146,109,NR,NR,NR,NR,NR,NR,NR,NR,NR,NR,NR,NR,NR,NR,,,,,,,,,,,,,,,,,,,2024-04-18
Kerala,Thrissur,53,,49,59,103,198,161,154,126,44,54,241,197,141,NR,123,112,66,259,16,51,34,32,,,,,,,,,,,,,,,,,,,2024-04-18
Kerala,Palakkad,49,,45,48,94,172,147,125,99,43,50,213,157,135,NR,112,99,55,240,13,51,26,27,,,,,,,,,,,,,,,,,,,2024-04-18
Kerala,Wayanad,47,,52,42,105,185,155,140,105,42,52,NR,165,140,NR,123,112,54,220,17,NR,NR,NR,,,,,,,,,,,,,,,,,,,2024-04-18
Kerala,Kasargod,50,,49,54,105,171,163,135,101,42,61,NR,NR,140,NR,110,98,48,260,16,37,25,23,,,,,,,,,,,,,,,,,,,2024-04-18
Kerala,Kottayam,56,,41,43,131,181,129,132,132,45,56,NR,189,146,NR,121,102,62,229,13,47,30,45,,,,,,,,,,,,,,,,,,,2024-04-18
Kerala,Pathanamthitta,55,,34,39,95,178,148,138,148,43,53,NR,218,190,NR,120,109,67,237,14,46,30,60,,,,,,,,,,,,,,,,,,,2024-04-18
Kerala,Alapuzha,46,,48,66,100,167,154,148,123,42,52,NR,NR,133,NR,117,NR,65,200,12,41,26,23,,,,,,,,,,,,,,,,,,,2024-04-18
Kerala,Kollam,45,,49,42,108,203,161,NR,108,44,52,224,NR,145,NR,122,113,68,230,16,52,33,42,,,,,,,,,,,,,,,,,,,2024-04-18
Kerala,Idukki,55,,41,40,87,158,NR,125,87,43,60,NR,153,131,NR,119,101,61,187,13,51,31,38,,,,,,,,,,,,,,,,,,,2024-04-18
Kerala,Kannur,NR,,NR,NR,NR,NR,NR,NR,NR,NR,NR,NR,NR,NR,NR,NR,NR,NR,NR,NR,NR,NR,NR,,,,,,,,,,,,,,,,,,,2024-04-18
Kerala,Malapuram,47,,47,44,94,175,151,136,153,42,56,239,160,138,NR,120,104,55,230,14,40,29,24,,,,,,,,,,,,,,,,,,,2024-04-18
Puducherry,Puducherry,62,,41,38,86,166,127,117,88,41,48,168,144,133,NR,107,99,51,292,26,46,31,28,,,,,,,,,,,,,,,,,,,2024-04-18
Tamil Nadu,Chennai,59,,43,42,86,172,143,123,90,42,40,170,148,113,NR,114,96,62,278,27,40,25,25,,,,,,,,,,,,,,,,,,,2024-04-18
Tamil Nadu,Madurai,58,,39,64,83,169,141,124,88,43,45,209,192,152,NR,108,97,46,263,27,41,31,19,,,,,,,,,,,,,,,,,,,2024-04-18
Tamil Nadu,Dindigul,NR,,NR,NR,NR,NR,NR,NR,NR,NR,NR,NR,NR,NR,NR,NR,NR,NR,NR,NR,NR,NR,NR,,,,,,,,,,,,,,,,,,,2024-04-18
Tamil Nadu,Thiruchirapalli,65,,45,65,87,159,135,120,100,44,43,196,173,123,NR,115,98,59,NR,26,46,33,26,,,,,,,,,,,,,,,,,,,2024-04-18
Tamil Nadu,Coimbatore,46,,43,44,80,160,136,121,79,43,40,192,142,134,NR,113,96,57,253,28,49,25,25,,,,,,,,,,,,,,,,,,,2024-04-18
Tamil Nadu,Tirunelveli,58,,43,46,91,170,146,121,82,44,42,188,146,117,NR,113,95,52,242,24,42,36,32,,,,,,,,,,,,,,,,,,,2024-04-18
Tamil Nadu,Cuddalore,69,,50,56,87,173,153,128,106,42,48,223,203,153,NR,113,95,54,313,24,47,31,16,,,,,,,,,,,,,,,,,,,2024-04-18
Tamil Nadu,Dharmapuri,61,,44,40,82,162,135,119,83,41,43,218,NR,115,NR,122,101,50,270,25,40,30,25,,,,,,,,,,,,,,,,,,,2024-04-18
Tamil Nadu,Vellore,NR,,NR,NR,NR,NR,NR,NR,NR,NR,NR,NR,NR,NR,NR,NR,NR,NR,NR,NR,NR,NR,NR,,,,,,,,,,,,,,,,,,,2024-04-18
Tamil Nadu,Ramanathapuram,62,,39,61,82,161,144,116,97,42,44,210,235,124,NR,125,97,49,272,27,41,36,31,,,,,,,,,,,,,,,,,,,2024-04-18
Tamil Nadu,Erode,61,,48,43,91,159,142,128,90,44,45,189,170,118,NR,115,98,53,288,25,45,22,21,,,,,,,,,,,,,,,,,,,2024-04-18
Tamil Nadu,Karur,47,,48,55,89,167,139,124,89,42,43,217,152,115,NR,114,99,51,298,12,43,32,30,,,,,,,,,,,,,,,,,,,2024-04-18
Tamil Nadu,Perambalur,60,,NR,62,87,155,142,118,88,43,43,210,163,119,NR,115,89,55,NR,26,45,34,26,,,,,,,,,,,,,,,,,,,2024-04-18
Tamil Nadu,Pudukkottai,65,,47,64,89,165,145,127,NR,44,45,211,192,142,NR,112,97,53,NR,27,50,30,30,,,,,,,,,,,,,,,,,,,2024-04-18
Tamil Nadu,Sivagangai,69,,47,62,89,172,149,128,90,43,44,213,213,142,NR,113,106,51,277,26,57,30,30,,,,,,,,,,,,,,,,,,,2024-04-18
Tamil Nadu,Thanjavur,58,,46,40,88,175,152,128,80,42,44,194,170,131,NR,113,97,54,260,21,40,30,24,,,,,,,,,,,,,,,,,,,2024-04-18
Tamil Nadu,The nilgiris,NR,,NR,NR,NR,NR,NR,NR,NR,NR,NR,NR,NR,NR,NR,NR,NR,NR,NR,NR,NR,NR,NR,,,,,,,,,,,,,,,,,,,2024-04-18
Tamil Nadu,Thoothukudi,59,,43,58,86,156,144,123,86,45,54,232,190,125,NR,112,97,55,306,11,40,33,20,,,,,,,,,,,,,,,,,,,2024-04-18
Tamil Nadu,Viluppuram,56,,51,40,91,173,128,128,92,42,50,166,158,113,NR,112,103,56,NR,26,45,30,20,,,,,,,,,,,,,,,,,,,2024-04-18
Tamil Nadu,Virudhunagar,60,,42,64,84,160,134,122,78,43,45,194,149,127,NR,116,98,53,293,28,46,31,32,,,,,,,,,,,,,,,,,,,2024-04-18
Tamil Nadu,Kanniyakumari,57,,39,53,85,159,139,121,140,42,41,191,180,121,NR,110,97,55,258,25,44,30,25,,,,,,,,,,,,,,,,,,,2024-04-18
Tamil Nadu,Namakkal,69,,46,61,92,173,135,125,93,42,44,200,161,113,NR,109,96,55,NR,26,38,30,25,,,,,,,,,,,,,,,,,,,2024-04-18
Tamil Nadu,Tiruvannamalai,NR,,NR,NR,NR,NR,NR,NR,NR,NR,NR,NR,NR,NR,NR,NR,NR,NR,NR,NR,NR,NR,NR,,,,,,,,,,,,,,,,,,,2024-04-18
Tamil Nadu,Tiruvarur,NR,,NR,NR,NR,NR,NR,NR,NR,NR,NR,NR,NR,NR,NR,NR,NR,NR,NR,NR,NR,NR,NR,,,,,,,,,,,,,,,,,,,2024-04-18
Tamil Nadu,Tiruppur,NR,,NR,NR,NR,NR,NR,NR,NR,NR,NR,NR,NR,NR,NR,NR,NR,NR,NR,NR,NR,NR,NR,,,,,,,,,,,,,,,,,,,2024-04-18
Tamil Nadu,Tenkasi,64,,46,59,83,159,154,119,NR,43,66,227,195,122,NR,115,99,56,275,22,40,31,26,,,,,,,,,,,,,,,,,,,2024-04-18
Tamil Nadu,Nagapattinam,55,,44,61,88,174,130,121,106,43,50,222,215,123,NR,111,93,55,NR,20,34,26,28,,,,,,,,,,,,,,,,,,,2024-04-18
Tamil Nadu,Krishnagiri,57,,42,38,90,166,143,120,89,41,44,195,NR,105,NR,110,94,50,503,26,38,25,23,,,,,,,,,,,,,,,,,,,2024-04-18
Tamil Nadu,Ariyalur,64,,NR,64,82,159,147,125,88,43,44,208,177,122,NR,118,95,50,NR,26,50,38,37,,,,,,,,,,,,,,,,,,,2024-04-18
Tamil Nadu,Kallakurichi,58,,46,62,93,167,124,126,102,43,47,181,176,115,NR,113,102,57,NR,27,47,30,23,,,,,,,,,,,,,,,,,,,2024-04-18
Tamil Nadu,Kancheepuram,65,,50,65,89,170,147,127,95,42,40,186,157,122,NR,112,98,66,NR,26,42,30,28,,,,,,,,,,,,,,,,,,,2024-04-18
Tamil Nadu,Salem,52,,45,45,85,151,137,122,98,44,45,187,157,117,NR,117,102,48,280,33,46,33,26,,,,,,,,,,,,,,,,,,,2024-04-18
Tamil Nadu,Theni,63,,49,54,86,161,142,123,88,43,48,183,170,118,NR,119,110,53,266,12,41,34,22,,,,,,,,,,,,,,,,,,,2024-04-18
Tamil Nadu,Chengalpattu,NR,,NR,NR,NR,NR,NR,NR,NR,NR,NR,NR,NR,NR,NR,NR,NR,NR,NR,NR,NR,NR,NR,,,,,,,,,,,,,,,,,,,2024-04-18
Tamil Nadu,Mayiladuthurai,60,,50,63,92,177,143,127,NR,44,44,233,165,173,NR,113,97,57,360,27,35,30,35,,,,,,,,,,,,,,,,,,,2024-04-18
Tamil Nadu,Ranipet,NR,,NR,NR,NR,NR,NR,NR,NR,NR,NR,NR,NR,NR,NR,NR,NR,NR,NR,NR,NR,NR,NR,,,,,,,,,,,,,,,,,,,2024-04-18
Tamil Nadu,Tirupattur,65,,41,44,84,169,141,127,96,44,68,181,205,157,NR,115,90,54,270,17,32,32,30,,,,,,,,,,,,,,,,,,,2024-04-18
Tamil Nadu,Tiruvallur,70,,45,60,90,180,140,140,95,43,40,207,173,123,NR,114,99,62,540,28,30,30,25,,,,,,,,,,,,,,,,,,,2024-04-18
Telangana,Hyderabad,59,,39,38,81,146,119,110,91,39,52,146,147,92,103,103,91,51,266,18,19,19,19,,,,,,,,,,,,,,,,,,,2024-04-18
Telangana,Karimnagar,49,,48,60,82,152,141,119,90,42,66,155,144,97,NR,113,91,59,309,24,28,20,20,,,,,,,,,,,,,,,,,,,2024-04-18
Telangana,Warangal,49,,36,38,79,132,110,109,90,41,60,165,165,148,174,103,92,54,274,15,30,43,35,,,,,,,,,,,,,,,,,,,2024-04-18
Telangana,Adilabad,64,,42,50,65,150,125,120,80,39,80,160,160,100,150,108,95,55,300,28,25,25,25,,,,,,,,,,,,,,,,,,,2024-04-18
Telangana,Suryapet,47,,45,44,72,165,123,121,93,37,60,165,156,130,NR,115,92,52,280,22,26,19,21,,,,,,,,,,,,,,,,,,,2024-04-18
Telangana,Jadcherla,40,,30,50,75,165,125,110,95,39,57,170,178,126,NR,116,108,55,292,14,15,28,32,,,,,,,,,,,,,,,,,,,2024-04-18
Telangana,Khammam,55,,55,45,NR,170,120,110,100,45,75,165,170,145,178,125,105,55,330,28,45,20,20,,,,,,,,,,,,,,,,,,,2024-04-18
Telangana,Medchal,64,,44,45,85,167,138,123,90,45,61,169,198,120,125,120,100,50,260,18,30,32,28,,,,,,,,,,,,,,,,,,,2024-04-18
Telangana,Nizamabad,46,,46,39,83,157,134,130,99,43,75,180,191,109,NR,130,115,65,344,13,30,25,15,,,,,,,,,,,,,,,,,,,2024-04-18
Telangana,Sangareddy,63,,42,44,76,146,120,111,86,40,70,150,150,128,170,115,90,65,360,24,30,20,29,,,,,,,,,,,,,,,,,,,2024-04-18
Commodity Name,Commodity Name,Rice,Rice,Wheat,Atta (Wheat),Gram Dal,Tur/Arhar Dal,Urad Dal,Moong Dal,Masoor Dal,Sugar,Milk @,Groundnut Oil (Packed),Mustard Oil (Packed),Vanaspati (Packed),Soya Oil (Packed),Sunflower Oil (Packed),Palm Oil (Packed),Gur,Tea Loose,Salt Pack (Iodised),Potato,Onion,Tomato,Bajra(whole),Jowar(whole),Maida(wheat),Ragi(whole),Suji(whole),Besan,Desi Ghee,Butter(Pasteurised),Eggs,Brinjal,Black Pepper(whole),Coriander(whole),Cummin Seed(whole),Red Chillies(whole),Turmeric(powder),Banana,GInger,Garlic,2024-04-18
Average Price1,Average Price1,44.19,,30.69,36.03,84.07,150.92,124.09,117.7,93.52,44.37,58.66,188.79,136,126.12,124.62,123.95,102.6,52.73,280.67,22.52,26.77,31.51,31.8,,,,,,,,,,,,,,,,,,,2024-04-18
Maximum Price1,Maximum Price1,72,,55,69,140,203,180,180,158,70,83,262,235,220,180,230,175,167,559,33,65,73,97,,,,,,,,,,,,,,,,,,,2024-04-18
Minimum Price1,Minimum Price1,25,,22,27,60,87,80,83,70,37,37,120,107,91,98,101,83,36,156,9,11,15,10,,,,,,,,,,,,,,,,,,,2024-04-18
Modal Price1,Modal Price1,40,,28,35,80,160,120,120,100,44,60,200,125,119,125,115,100,50,300,28,25,30,30,,,,,,,,,,,,,,,,,,,2024-04-18
,,,,,,,,,,,,,,,,,,,,,,,,,,,,,,,,,,,,,,,,,,,2024-04-18
"Department of Consumer Affairs ( Price Monitoring Division)Date 18/04/2024 Daily Retail Prices Of Essential Commodities  StateCentreRiceBroken RiceWheatAtta (Wheat)Gram DalTur/Arhar DalUrad DalMoong DalMasoor DalSugarMilk @Groundnut Oil (Packed)Mustard Oil (Packed)Vanaspati (Packed)Soya Oil (Packed)Sunflower Oil (Packed)Palm Oil (Packed)GurTea LooseSalt Pack (Iodised)PotatoOnionTomatoBajra (whole)Jowar (whole)Maida (wheat)Ragi (whole)Suji (whole)BesanDesi GheeButter (Pasteurised)Eggs BrinjalBlack Pepper (whole)Coriander (whole)Cummin Seed (whole)Red Chillies (whole)Turmeric (powder)BananaGingerGarlic  UnitQty1 Kg1 Kg1 Kg1 Kg1 Kg1 Kg1 Kg1 Kg1 Kg1 Kg1 ltr1 Kg1 Kg1 Kg1 Kg1 Kg1 Kg1 Kg1 Kg1 Kg1 Kg1 Kg1 Kg1 Kg1 Kg1 Kg1 Kg1 Kg1 Kg1 Kg100 gmDozen1 Kg100 gm250 gm100 gm100 gm50 gm1 Kg100 gm100 gm  Average PriceAverage Price44.19 30.6936.0384.07150.92124.09117.793.5244.3758.66188.79136126.12124.62123.95102.652.73280.6722.5226.7731.5131.8 Maximum PriceMaximum Price72 5569140203180180158708326223522018023017516755933657397 Minimum PriceMinimum Price25 222760878083703737120107919810183361569111510 Modal PriceModal Price40 28358016012012010044602001251191251151005030028253030 NORTH ZONENORTH ZONE  ChandigarhChandigarh42 3236801351151139445591901501281301451055127627203340 DelhiDelhi40 3031871631471279044542091431321321351065724326253240 HaryanaHisar34 2729751451061057542571901201151201201004424325152230 Karnal65 34388712512012212546661801331411471751304828330204535 Panchkula35 333682134101110954460151127128111154915221327255532 Gurgaon40 25356510095908842561851651301371631004419020153530 Himachal PradeshShimla44 NR3788168148125935060214165132123NRNR5522028303032 Mandi42 NR34781581461238246472241631361291451194527028223541 Dharamshala28 NR3081154134129934540NR160136137NRNR4722028243040 Solan41 NR3283157135116854650214161133124137NR4722028253537 Una41 NR3283156131121864464NR141133117NRNR5022528233339 Bilaspur-hp44 NR3281158133118894658NR160134139NRNR4531827253040 Chamba36 NR3685160132124895055NR160139129NRNR4423528213540 Hamirpur-HP39 NR3179163123119834765NR163141NRNRNR4825928243233 Kullu39 NR3381163129112814640NR159115119137NR4222028304040 Sirmour42 2235801271271079845502281651351431551214132725273742 KinnaurNR NRNRNRNRNRNRNRNRNRNRNRNRNRNRNRNRNRNRNRNRNR Lahaul & Spiti44 NR3890160117921005060NR187165NRNRNR5048028425657 Jammu and KashmirSrinagar40 3552971371301401075045NR145137132173NR4829028373340 Jammu45 3235831731331201005150NR1531371371371084929728283743 Poonch44 2738771181191101004864NR1801531671701564630620214045 Kupwara36 2634901101101201006048NR1481451431481425030724223743 UdhampurNR NRNRNRNRNRNRNRNRNRNRNRNRNRNRNRNRNRNRNRNRNR Shopian40 44451201231181171185049NR153145145142NR4833728263333 SambaNR NRNRNRNRNRNRNRNRNRNRNRNRNRNRNRNRNRNRNRNRNR Ramban60 NR35851531201171005060NR150137122NRNR5232025253840 RajouriNR NRNRNRNRNRNRNRNRNRNRNRNRNRNRNRNRNRNRNRNRNR KishtwarNR NRNRNRNRNRNRNRNRNRNRNRNRNRNRNRNRNRNRNRNRNR DodaNR NRNRNRNRNRNRNRNRNRNRNRNRNRNRNRNRNRNRNRNRNR BaramullaNR NRNRNRNRNRNRNRNRNRNRNRNRNRNRNRNRNRNRNRNRNR ReasiNR NRNRNRNRNRNRNRNRNRNRNRNRNRNRNRNRNRNRNRNRNR KathuaNR NRNRNRNRNRNRNRNRNRNRNRNRNRNRNRNRNRNRNRNRNR PunjabAmritsar36 3038781591101121004454200121115115113NR4626026213030 Ludhiana37 243287170140115954360205137122123130NR5532027192825 BathindaNR NRNRNRNRNRNRNR44572201351221201371025428725213340 Barnala40 232887162127115914454208120120112120964431728193035 Hoshiarpur34 26309014011512011043622001201401251401106426320202745 Faridkot42 233287163137127974555233122127117132985231328262833 Mansa41 242792127110100985051NR117118127NRNR5327028213134 Sri Muktsar Sahib41 263182163122122934363203112112115110974625027253235 Dera Bassi38 2230861601201201104355NR128117120NRNR5324728193037 Sangrur43 2730841591171118144601621251151161261014322029252535 Ropar37 2833871631451229743621981251221131321035424728302737 Amargarh42 2530851601201208045601601151201201301004225028202535 Fatehgarh Sahib48 25359012012010510545652001251181171621155024326253235 Ferozepur42 2532921921431261024460223122126121143965028028202525 Kapurthala34 25318712712812811744682101211331331421126628021234048 Uttar PradeshLucknow40 2834831611301248344662001311181201201185028028252935 Kanpur35 2732821451081087446601961501131261401175623426223035 Varanasi42 2734851601301238346712061351361261301175628228292426 Agra44 2829851431081048244661751311281211181183925027253035 Jhansi43 233079145101108814552181121112981161084321026NRNRNR Meerut35 30358313912311511246661561501481541771524724324153240 Allahabad32 3236781501181169645621721401281301621105225024244038 Gorakhpur37 233567149131114784461204141119124124894821627222635 Saharanpur34 28358916612512110743681641271231301471214825328183031 Bareilly36 2431831581291181124266195127118117125984731328252736 Ayodhya30 28307115095105894155193156121136175964521728182831 Moradabad38 2532791421151109142611881371271301521104625625192934 Aligarh40 28348017014011011044602081221181111481374924227223842 Mirzapur (Vindhyanchal)30 2632881551351241054555205140120125140985525528202830 Banda39 2837801421161128042631971231151071631015216521222624 Azamgarh35 303282155118115984665222151130125126994728028193240 Gonda (Devipatan)37 27358518013012010045641851381551601901404934027283943 Amethi37 253875125921108844621891631341531901185025925224638 Barabanki39 30348015412011910045642031501351501751194922028212930 Bhadohi30 243270155115115804360200130120128NR1056023525222530 Chandauli30 243279147123119854260136120120106109905724826202024 Farrukhabad43 2531751471181128744661831271181251671004122726212742 Ghazipur36 2333821421291288343702191321241231441014926428282443 Jaunpur44 273580142120122804362185140122118164905726028203034 UP-Pratapgarh40 283279148137118834368207133122126113975126626232530 Sambhal40 2432771331201009542601731301421421751283821729252260 Santkabir Nagar32 253275125115110954362183150145145175NR4425728144540 Shahjahanpur37 26339813513012613044672031691651681801424726326243340 Sitapur33 2832801081041049540601771591421521711173724226143429 Sultanpur34 284293148951059843552181691271661761144822629174543 Unnao39 273178147128108884458200129118125155994723325282837 Ambedkar Nagar46 2937881201201159945602001651401601701365819027184443 Amroha40 26308014010012010042501971401401471801004220025253043 Baghpat40 NR287015013011010042652201351251241281014520027212833 Bijnor38 243572150110989542601631541331441441404331026152730 Budaun40 233090135110105954365203130124130126934828828182524 Etah44 2532701701001109545662001401451451601155028027153045 Fatehpur37 2541731231481139742642071351251281501134821518173033 Ghaziabad36 27308516513512511043671801251251161281005520726273036 Hardoi44 243274163129125874468211134128127161984622927203141 Jalaun34 2732851601071048942561861411511501691055223228232530 Kaushambi41 253673147120978343601691431231321731254822730233538 Kushinagar40 293981151124132854570185140135133158994424528262644 Lakhimpur Kheri40 253473140951008545582051361211541581085421828203033 Pilibhit39 29338413813712713044662101451451401551154226528183329 Sharwasti39 263283168128123844552153142113132NR1024420328252530 Siddharth Nagar40 2830801571201408245641661421261321651045023326203033 Sonbhadra44 2833781601021059847602051401371451731154729725173535 Rampur52 2629811351111138542561691321261171441094425516242830 Bahraich36 2633701551301109642451531471371431251184525027193425 Basti40 223070145110105824264155140133130148984724225204037 Etawah42 3135851641281049445651881331331301821154422330172826 Muzzafarnagar41 2730721061051021004475143122120119161993822827112540 Chitrakoot32 2435801431011057942501771401301301721184522728253030 Hamirpur-UP44 253285160145110854368220136133106138934326526223946 Deoria40 25277213910211210345582041351251231521394522427262737 Hapur35 27357215012511510042651901471271301271054322027202627 Bulandshahr40 253585140100100904470NR1251231231881004025026203037 Kanpur Dehat40 243095140120100904566180125120135130954521028253040 Hathras38 2428801401201079041651651151351181731404422025202738 Raebareli42 2833851601331229244672171321171271331125222327252835 Lalitpur36 25296713892949041531721321291261881343925825252325 Mohaba34 23308513293979046581481211101221721005019228293040 Gautam Budh Nagar35 2730851681521208744662351461261361471165224227322835 Auraiya39 23357113985838244721831641331341841345318827242729 Maharajganj35 2433791531201208344632031381131291511014621327232636 Balrampur32 2230841501191248744NR2021291181281291024920629242934 Kannauj38 2630801481001088244691751301201351821184124228203032 Mathura34 29347211592969540621711461431441681083626729133429 Firozabad38 35378211511811211840651901581171421821114530029132132 Kasganj50 2529781701221231224264180125125120143994722028173042 Mainpuri33 2532661101001008739691771531221341641104324830202020 Shamli38 242870140130110904168202120115110128925028026203040 Ballia35 2731821501181159643542001521381381381425124328242735 Mau39 243182149118120854463202130115119116945127327222530 UttarakhandDehradun35 2437801601101151004557145125120123165NR4828730133025 Haldwani37 33331009799969840571451471491481461435125428262131 Rudrapur37 2533851591201251004263NR135130120129885622228132729 Haridwar39 253584132113106844460143135125135144NR6229929203338 WEST ZONEWEST ZONE  ChhattisgarhRaipur38 4442881431301139345551981351331181331054824727283034 Durg39 3939791491201238043541911451181191241205524115212417 Ambikapur34 34349617911310610943421931941741741771604027012243422 Bilaspur-CG40 283080165901009040501851821531601741374520326276235 Jagdalpur38 35461151631051009843511961591011321361014035124323628 Dantewada49 393989150129119794473232142112109114945955928333329 DhamtariNR NRNRNRNRNRNRNRNRNRNRNRNRNRNRNRNRNRNRNRNRNR Rajnandgaon52 4141911701041051054359253134149104109995432330223621 Koriya38 33357514898113804276198131951241731104520027202520 DNH and DDSilvasa58 4343881611351319240661781401421151241025749028292320 Daman41 4139821331281188844661831371181231221108120026292520 Diu47 38608817716813210544612231681401651401186936028312631 GoaPanaji52 464095170145138984456217175147173113985831525383228 Margao55 5255901701501301004359223140133124120986034324383235 GujaratAhmedabadNR NRNRNRNRNRNRNRNRNRNRNRNRNRNRNRNRNRNRNRNRNR Rajkot42 3639801531121058741NR1741281331351179558NRNR362528 Surat32 3232751601201108538621881309511011084482009182120 Bhuj45 3737801601301159542581801601501301301005526028303020 SelambaNR NRNRNRNRNRNRNRNRNRNRNRNRNRNRNRNRNRNRNRNRNR Waghai42 40468014012013010543561921531431551351224925714283832 Bodeli41 3439831371171038843581941451281371321035229213224629 VapiNR NRNRNRNRNRNRNRNRNRNRNRNRNRNRNRNRNRNRNRNRNR BilimoraNR NRNRNRNRNRNRNRNRNRNRNRNRNRNRNRNRNRNRNRNRNR IdarNR NRNRNRNRNRNRNRNRNRNRNRNRNRNRNRNRNRNRNRNRNR JhalodNR NRNRNRNRNRNRNRNRNRNRNRNRNRNRNRNRNRNRNRNRNR SongashNR NRNRNRNRNRNRNRNRNRNRNRNRNRNRNRNRNRNRNRNRNR Madhya PradeshBhopal37 333583168126113834260172136124106125NR5027012302420 Indore43 2634881511181189241611821401251101259451240NR202530 Gwalior39 354382169120130904466214141121115125NR5423028162534 Jabalpur42 2935821501221208544642041371101121321124527515252622 Rewa42 23479211099118984753174159115145145NR4639320162318 Sagar40 252770150118108834159194137108109118944523221241818 Jhabua41 273586161123114934356192136134111135NR5329222303027 Hoshangabad47 283285165115115984360188128108114122985037012262623 Shahdol33 32357017095105854275170130125115170NR4418025203040 Ujjain42 303582148122115934458190135125122122995227818223232 Morena36 28308518012011510043651821111251251771035524016223030 Anuppur35 313480153110120904550212125100110120904920010303025 Bhind39 33367012393959043651631231201251651203823015243032 Dhar45 28378416312712010342571821381241081321684820723302719 Harda35 2832801641201121004060175137117103117NR4920027282722 Katni35 2730801701371208045501901101101101251104518028262420 Khandwa32 243069157112113108425318215313899157NR4825220212528 Mandla43 2835801351231258340481951231101071201104322518282315 Rajgarh40 28331001059797914169133108100107101NR4824019253239 Sidhi36 26349514095959544602531251201151571404526028252530 Chattarpur35 263585194911338945482241421351351371295723623192922 Neemuch40 253280170125120754055170133123105130NR423829202030 BurhanpurNR NRNRNRNRNRNRNRNRNRNRNRNRNRNRNRNRNRNRNRNRNR Narshinpur39 273975163120115854455195153110104143NR3928212222217 Raisen40 283080170120120904260190133103107NRNR4522028302330 Sheopur44 263380145130120854060170115125110150NR5028028252530 Agar malwa39 233077135117110954055172136128107133NR4536416181635 Umaria43 323570130115115874460150115103108203NR4822018272820 Shajapur55 253180162130120904360170123109105123NR4735528333241 Dewas46 253286159120115944256173124114102113NR4522711232633 Khargone40 283580140110110904255185185155130190NR4540028224527 Singrauli36 263385144114117884660210125105112127934930028252935 Chhindwara50 263585165118114924555NR1561131231271184222815302826 Sehore37 243182148116110844350171124121109122NR4521011182431 MP-Ashoknagar42 2931681551251189042582501401381181401104021528253035 Balaghat65 363580160132120894052211154132115137NR5220010283020 GunaNR NRNRNRNRNRNRNRNRNRNRNRNRNRNRNRNRNRNRNRNRNR Ratlam34 2635881681421259742551851451301171351104230010202530 Satna31 2635751471001008042602101281181301281034520028183323 Vidisha39 303180160128125904163178133117110130NR4721010252010 Alirajpur40 30359016011510511043652101431411151301005029710253725 BetulNR NRNRNRNRNRNRNRNRNRNRNRNRNRNRNRNRNRNRNRNRNR Damoh32 303280160120110854455195135125115125NR4920510252820 Dindori40 3435103138132130924555170130100110150NR5024728303020 Niwari32 243078172119117834464205134121118180NR4221128292730 SeoniNR NRNRNRNRNRNRNRNRNRNRNRNRNRNRNRNRNRNRNRNRNR Panna36 25338115011210510044502051171181071371174920310202026 Tikamgarh36 404072156981158042401871411311091371184822525202520 MaharashtraMumbai50 465411420117617211949581941801451281441058031027333432 Nagpur52 455078155125125905263201150145118116896528327383238 Pune63 4150831721251298747691861541241181161144531727251623 Nashik41 414087160132123904154176170123104115995430026333025 Mangaon-Raigad43 4144851551341239342542011291181081091065730022352629 Dharni38 313484174119125904250188148128108136NR4830513302730 Latur60 3639841791401361033969205141951051071064321828303025 Akluj47 3938821571361219942501911281271161221025631225372519 Arni Yavatmal50 3033701501251201004063173152123108118NR5730010302020 Chandrapur51 4345811831311261094264188165165106126NR5821828322717 Karad Satara48 37478617715013710041701851661321101151025028228402723 Ahemednagar59 39458516412912810039531681591191191281184422828282034 Khultabad58 323579157123122924045176NR131105121955630020293129 Islampur61 36488716714012010040691821761051231301054932330402325 Kankavli46 45459616414513310143551801721361091141025335520382817 Partur70 33407016111011010140551641981591101461004040910392416 Gondia55 4143781511111108141511621401051081211015121722292220 Jalgaon53 35388617214212911142602071511281071091226236827382823 Akola42 3338811671281151004265183141123106116905428526353027 RajasthanJaipur47 313278166128118824350203130127125143NR4530719283238 JodhpurNR NRNRNRNRNRNRNRNRNRNRNRNRNRNRNRNRNRNRNRNRNR Kota38 263379140113105804455177160102101167NR4924025222325 Udaipur29 283088959295904550180190130180NR1205033324283730 BharatpurNR NRNRNRNRNRNRNRNRNRNRNRNRNRNRNRNRNRNRNRNRNR Ajmer38 3032651101051007540491931411111451411113832020125542 Bikaner40 3535801351351201004337158NRNRNRNRNR42208NR141720 Bundi49 253175150120110904250168133110118143NR4831719232827 Rajsamand39 283278158117113864263171132118110120NR4928516282830 Alwar43 313569102120106894354170124122137147NR4230816222823 Banswara38 263470142105104934153175145110162165NR4636323213125 Baran35 302770958987803950130138119127125NR3720014222235 BarmerNR NRNRNRNRNRNRNRNRNRNRNRNRNRNRNRNRNRNRNRNRNR BhilwaraNR NRNRNRNRNRNRNRNRNRNRNRNRNRNRNRNRNRNRNRNRNR Chhitorgarh45 25379515411712110343561901781431251271004532620NRNRNR Churu32 283070879890823946172168145148169NR3830515253050 DholapurNR NRNRNRNRNRNRNRNRNRNRNRNRNRNRNRNRNRNRNRNRNR Dungarpur38 2832641151251171214456222157NR137191NR5129328273737 HanumangarhNR NRNRNRNRNRNRNRNRNRNRNRNRNRNRNRNRNRNRNRNRNR Jaisalmer32 33367110910391894453187168110149154NR4325515233233 Jalore39 3232701201101101004052195135133150188NR4231028304540 Jhalawar40 2528721209695864249183152125123168NR4238719273634 Jhunjhunu36 354098979898944044210155138141192NR3820717284538 Karauli37 2731661111101109044NR203148138138NRNR4048030193235 NagaurNR NRNRNRNRNRNRNRNRNRNRNRNRNRNRNRNRNRNRNRNRNR Pali58 272864122123989837571771711241641621653827411262930 RJ-Pratapgarh60 29317011010595854260163180142110160NR3832020252529 Sikar45 2633751008689854451166164101150153NR4431121232643 Sirohi39 3536661221211101054051193166134155188NR4926419203538 Sri GanganagarNR NRNRNRNRNRNRNRNRNRNRNRNRNRNRNRNRNRNRNRNRNR TonkNR NRNRNRNRNRNRNRNRNRNRNRNRNRNRNRNRNRNRNRNRNR Sawai Madhopur50 252764125103108713957198108108109180NR3828324233835 EAST ZONEEAST ZONE  BiharPatna42 283084150127117844456NR1181221281361244428026272735 Bhagalpur37 283280153110113824457NR1231151341691234432028222833 Purnia36 283277149126113744551NR126104121NR994231413242239 Darbhanga38 263678128130110804452NR132130130NR984619513223035 Gaya32 264180165108106804460NR1501441421401335034624242723 Muzzafarpur39 273176147123113764557NR126129127159974228725202931 Saran41 2935821501261208145561451251241211471074826526214665 Munger40 283477155129120784556NR128123129176NR4624027232735 Saharsa40 283383128110108854555NR137123122NRNR4821723193735 Madhubani38 283278140123114794454156127128122154954930018173131 Rohtas (Sasaram)32 2730831531331078146662181301081031191034623725262728 Motihari38 283276126110106824457148138130128158944328520153030 Samastipur44 2534881351171228846541581371201381521134631024233136 Katihar37 293279153124113784457NR133129130145NR4830219172830 Araria40 244078141141102814356NR128118118178855229323152534 Nawada38 2535861601221148344602271531201141701115028027222025 Khagaria43 243679123114118794342NR1301071221301084237027163228 Banka35 283675140110100754156NR1271091211831054220514134030 Arwal36 263272140110120784353NR1371231411251104427725192720 Aurangabad35 253274148119115794458217136142132192954719826232326 Begusarai37 273175124109104804353NR125121119NR964431913132918 Bhojpur Ara43 273085150115124784552225148162145198NR4936229202532 Buxar31 2629751461211277344601281481181181481174426028162919 Gopalganj44 26308016511012080NRNR225128125120125100NRNRNR252530 Jamui39 293472140118115764357NR129111131NR1223825429163222 Jehanabad35 283279153129119794555NR135125125168NR4824726192827 Kaimur38 283272162126112744558187133115140191924520024163422 Kishanganj36 273378145115110804355NR125120115137994530025163030 Lakhisarai37 303573144110115864658NR148128138NR1284425626193844 Medhepura39 263475147125114774656NR1241071131141034433912253029 Nalanda34 303282150134112824363229142120116159NR4940328174033 SheikhpuraNR NRNRNRNRNRNRNRNRNRNRNRNRNRNRNRNRNRNRNRNRNR Sheohar37 233281151127119714355153133118132165994722027212738 Sitamarhi37 273375155117116794555NR1261181191671044927027193437 Siwan35 24287515710110674435418212698119185924420025262427 Supaul41 2733841551171137944511651251201351801005036514112424 Vaishali36 293273138118113744460150114101123160984520727142935 West Champaran41 2536801351151008242521631311581422001184729016213231 JharkhandRanchi44 36357514011598754556230123104115124994424027252520 Gumla40 293485125105987043552091371101101981044027010162525 Sahibganj40 313474174100120904660200150123NRNRNR4838020182520 Bokaro34 343680125959785NRNR170175130145170125NRNRNR204236 Lohardaga25 283672151118109754459NR1301281251521084420325122222 Simdega38 NR3576147123120774459NR1381161271261104320027212415 Dhanbad42 3536851601301158246621951351221231281205030023223035 Jamshedpur (East Singbhum) 46 32351101251101059245582001471421651701104522025193535 Giridhi33 28308016010095754455NR125120120160954030019162328 Seraikella36 283580150125114764660169120141100131935121325203022 West Singhbhum44 4244741311291298947601511521271411411224927424253727 Daltonganj40 273585142110102834559NR122104115NR1055236925252624 Deoghar41 3638781441261109149601251631511541711015026430173029 Ramgarh34 3335601471231127446NRNR1321231531901034427925283520 Pakur50 3538881581261171094659133131119108NR995441328231523 Jamtara35 2831811651411218645601421251051251211014834828252119 Latehar41 253374134116106754460NR124158116125954222528202618 Godda42 2935701701201208046622201301201201501105542028202030 Koderma39 3033801601301208044591501271071251491005018827252529 OdishaBhubaneshwar37 353982164127115804452NR131125NR112965222725292830 Cuttack39 363782154134111784752NR129101NR115975325027292629 Sambalpur40 434880155123106764652NR145115NR1221164224028282525 Rourkela33 384182155127113764452NR130101108114974918027282220 Berhampur37 454077152120102754751NR1391031371151064924526214729 Jeypore45 403583159118115804452NR129111NR1151064921027292523 Balasore38 403880160120120804552NR13895NR113965624026252520 Baripada38 303679162129116794552165137102132115985723026262525 Balangir45 374684155130117814252NR131104NR1129848NR28302520 Angul34 NR4070140134102784454NR130NRNR114854337425174724 Boudhgarh32 NRNR80160120120904156NR135110NR11510047NR27252520 Dhenkanal35 354076150120113804452180135122131115855537027292520 Jagatsinghpur33 33448516080110804043NR145139120110904320819193525 Kandhamal38 384282148132118825058NR135123NR1159552NR27233230 Keonjhar39 3843841531211211004550NR133104NR1171025136927193842 Malkangiri49 NR3278158125118764152NR13199NR111985333325303030 Nabarangpur40 244590165132119894556120107127106115915129025212717 Nayagarh38 NR3975145120120904452NR129117NR1119055NR26292528 Nuapada40 4040751608211080NRNR180150130150130102NRNRNR233525 Paralakhemundi GajapatiNR NRNRNRNRNRNRNRNRNRNRNRNRNRNRNRNRNRNRNRNRNR Puri39 374180153122115814352NR134113NR116985327325232933 Rayagada38 333882160136120804852160138951441089148NR27262323 Sonepur42 NR408215812511879NRNRNR136121NR118103NRNRNR242930 BhadrakNR NRNRNRNRNRNRNRNRNRNRNRNRNRNRNRNRNRNRNRNRNR Jharsuguda38 443683161127114804550NR13510211212010044NR27283030 KendraparaNR NRNRNRNRNRNRNRNRNRNRNRNRNRNRNRNRNRNRNRNRNR Jajpur35 404275145112110754256NR140120NR115915535025161833 Kalahandi39 3842801501201158144531831401051141201025433028263129 West BengalKolkata48 NR36821581351251004754NR130121120122986226322253225 Siliguri39 2934821541111149845501781291081111291075219813152622 Purulia34 NR339015212011285435112412593115125864729125232023 Kharagpur53 35388415012711410045542151341091161231045023827242620 Rampurhat45 2938841511231281084656186130110114124965228022262621 Malda43 2642731551151101054356NR140961221411196132021212725 Raiganj39 283374167127111108444418012998121127995624810183437 Alipurduar38 NR44751751101151104768NR120100110125985523810193938 Asansol52 NR42861551381591154664NR1381101181181094830026252621 Balurghat47 314078150124112954646NR124114107116864233710192225 Bankura37 NR33821511351501134658235128118110124914928026232920 Barasat43 354085125NR13511245602001331141131081105824030275843 Bardhaman48 NR388516013312011044542201251101081221005826025242619 Baruipur62 NR36931331351571264355NR1341241101231055222227283529 Berhampore48 2740701259814010946582501401071171481044622013183030 Chinsurah51 NRNR901551301501104651210124123107120985022226253227 Cooch beharNR NRNRNRNRNRNRNRNRNRNRNRNRNRNRNRNRNRNRNRNRNR Howrah50 NR36901601401251124654NR128120115123NR5529327213520 Jalapiguri37 2845851601101181074656NR1201251081231005030025252015 Jhargram42 NR4079149125112904854NR125105101122903927329182721 Kalimpong38 3638951241281201004648NR140114148162NR5138015253530 Krishnagar36 NR377012310413810742441781131331161301154425319236861 Tamluk43 NR43991561201801195056NR1311251061281005430028232824 NORTH EAST ZONENORTH EAST ZONE  Andaman and NicobarPort Blair50 NR6995161155134955273NR176202NR1331257332520555067 Mayabunder43 NR6785160140128955271203179185NR1211147031518605060 Car Nicobar52 NR67991901591401066075262169160NR1391208528521506080 Arunachal pradeshItanagar40 NR4090170120130905075NR120120120160NRNRNR15303050 NamsaiNR NRNRNRNRNRNRNRNRNRNRNRNRNRNRNRNRNRNRNRNRNR Pasighat60 NR601031671401231106080167NR137143190NR8032720275050 Tawang46 4545100135145127122NRNRNRNRNRNRNRNRNRNRNRNRNRNR AssamGuwahati38 3236811521051128448702131461301251251205020012263133 Barpeta37 28337713099116824770NR1571541691111394320312204631 Tinsukia36 NR3585150115115854574NR145140128130NR55180122528NR Dhubri35 3337781551351158045752501351101151151005025010202530 GoalparaNR NRNRNRNRNRNRNRNRNRNRNRNRNRNRNRNRNRNRNRNRNR GolaghatNR NRNRNRNRNRNRNRNRNRNRNRNRNRNRNRNRNRNRNRNRNR Mangaldai49 33378711797116995070NR1611441411801356028014293025 Mushalpur41 353481150NR117884671NR1501421671411084621310252540 Udalguri42 273782142122112824770NR1421341181511024925820233130 BajaliNR NRNRNRNRNRNRNRNRNRNRNRNRNRNRNRNRNRNRNRNRNR Hojai41 NR368015085110855072NR1251001201301006023010152520 Jorhat48 3144961539412510548742431581521131631176521813262442 Bongaigaon43 NR3370115951091054572NR1401521491741095034810232725 Morigaon42 NR3881150110120974560NR1401401471501076023710192720 SonariNR NRNRNRNRNRNRNRNRNRNRNRNRNRNRNRNRNRNRNRNRNR Tamulpur44 353585139129119974568NR143114129NR1005029010182929 Sivasagar51 NR4883132123129934978NR143133145NRNR67270102422NR Biswanath Chariali45 NR3075145NR1051004874NR143140175175NR5422512195236 Dibrugarh43 NR4086167125120924674NR143138127136NR5527323252832 Karimganj39 NR3783150133111804572NR132NR110127975523914232536 Majuli50 NR3686152881151034870NR127NR132NRNR60260152032NR Sonitpur Tezpur41 NR367313511110710046692241531701451651204529710222640 Haflong35 NR3890160NR120905074NR150NR120135NR8026030253040 AS-Lakhimpur38 NR338014797107904671NR138125123126NR6017515182833 DiphuNR NRNRNRNRNRNRNRNRNRNRNRNRNRNRNRNRNRNRNRNRNR Nalbari51 NR451301621471088848791301581451521571124535010325735 South Salmara MankacharNR NRNRNRNRNRNRNRNRNRNRNRNRNRNRNRNRNRNRNRNRNR Kamrup39 NR3589175122119884674NR142NR1271421046126520242921 ManipurImphal50 4038901701351309555NRNR1401201301401207524025204040 ChandelNR NRNRNRNRNRNRNRNRNRNRNRNRNRNRNRNRNRNRNRNRNR JiribamNR NRNRNRNRNRNRNRNRNRNRNRNRNRNRNRNRNRNRNRNRNR KangpokpiNR NRNRNRNRNRNRNRNRNRNRNRNRNRNRNRNRNRNRNRNRNR SenapatiNR NRNRNRNRNRNRNRNRNRNRNRNRNRNRNRNRNRNRNRNRNR TamenglongNR NRNRNRNRNRNRNRNRNRNRNRNRNRNRNRNRNRNRNRNRNR ThoubalNR NRNRNRNRNRNRNRNRNRNRNRNRNRNRNRNRNRNRNRNRNR UkhrulNR NRNRNRNRNRNRNRNRNRNRNRNRNRNRNRNRNRNRNRNRNR MeghalayaShillong45 3736901601231131004874NR125130112NRNR7030030273543 TuraNR NRNRNRNRNRNRNRNRNRNRNRNRNRNRNRNRNRNRNRNRNR Jowai38 383690120110120904874NR120NR120230NR8036030203040 Sohra38 3939NR140150117855074NR120NR120NRNR10033030254247 Mairang40 3837NRNRNR120905374NR118NR123NRNRNR34012283530 Nongpoh35 NR3587167137120884975NR132132128172NR7342315303733 Khliehriat45 403890155120125855074NR160137138NRNR4333330303030 Williamnagar35 403795180NR120905070NR160NR147NR100NR47015303540 Nongstoin37 4040NRNRNR120905073NR133155130175175NR35715305338 Mawkyrwat38 3636NRNRNR122824974NR125NR112NRNRNR34516232937 MizoramAizawl50 405090157134133100508016918715413215414310052030375377 Lunglei50 404598NRNR1201055075NR190220150NRNR10052025406070 Kolasib45 4040961301201101005078NR172NR12019711311340726325770 Mamit50 4040NRNRNR1101005075NR190NR100200120NRNR30404050 Champhai50 3560NRNRNRNR1005080NR180NR130NRNR16752030607053 Serchhip43 NR451201651501501005080NR190200118NRNR10028030304757 Siaha50 45441201301101201005070NR223140153NR138NR54030376097 Lawngtlai50 4045801201001101005880NRNRNR125NR11011049030356078 Hnahthial52 4545125160130130975279NR165140110NRNR12052030324370 Khawzawl40 5040110140NR140955083150170NR127NR150147520303773NR SaitualNR NRNRNRNRNRNRNRNRNRNRNRNRNRNRNRNRNRNRNRNRNR NagalandKohima45 405590170140130905075NR120140120190NRNR32020354050 Dimapur46 4035701201051208346802001502001702101658021015204440 Tuensang37 3855100NRNR12010050NRNRNRNRNRNRNRNR27520305050 Mokochung50 NR601301401801401005074NR120120140200NR9038015304040 Chumukedima40 NR35110135120100904080NR130160150200NR9032015204030 Mon40 NR5080NRNR1201005070NR130NR130NRNR6035020205050 Peren38 4040120NR1401201005072NR160NR168NRNR8034515257040 Phek40 50501001401401401005072NR160NR170NRNRNR35020306060 Tseminyu50 NR50NRNRNR1301005070NR120NR120NRNRNR36015354050 Wokha45 NR431201231251201005068NR160200180NRNRNR29015307060 Zunheboto50 NR50NR120NR1401004575NR150NR140NRNR6040018305050 Kiphire36 NR409095NR85905080NR130NR150NRNR7033518305550 Longleng38 4050NR150NR1201007075NR160NR180NRNR8035020254060 Niuland35 NR40NR1401001201005070NR120NR130NRNR12037015203035 Shamator40 4360100120NR1101005065NR130NR140NR11010017520306560 Noklak40 506090100NRNR10550NRNR130NR130NRNRNRNR20306060 SikkimGangtok65 404085135128127955062NR159115121143NR6054717353530 GyalshingNR NRNRNRNRNRNRNRNRNRNRNRNRNRNRNRNRNRNRNRNRNR Namchi54 3245801201301081004565NR183114167190NR5042021357050 Soreng49 3535901101101321005065NR154130132148NR6048020354040 Mangan60 3636801351351301105060NR187167NR210NR6634317355045 TripuraAgartala39 NR4082127132107964670NR1381301221401117020010283230 Dharmanagar35 NR40891601351201104871NR1231301181581037225310303030 BeloniaNR NRNRNRNRNRNRNRNRNRNRNRNRNRNRNRNRNRNRNRNRNR TR-Udaipur37 NR36851451181131005072NR125108110130936016810282536 SOUTH ZONESOUTH ZONE  Andhra PradeshVijaywada55 515590175147130964368165179118NR112896129719382638 Visakhapatnam51 414379157137120904254164143105NR112955728021302626 Kurnool70 4542891571351301124263154160111110111956346725332828 Tirupathi67 4040851901301201004449173173110139112886050323292821 Jammalamadugu60 4660801601461301244066170191110180115905419820353320 DharmavaramNR NRNRNRNRNRNRNRNRNRNRNRNRNRNRNRNRNRNRNRNRNR OngoleNR NRNRNRNRNRNRNRNRNRNRNRNRNRNRNRNRNRNRNRNRNR KarnatakaBengaluru62 43418716214512790454720314495127112945641317242317 Dharwad59 4563891701591301134148194161132115105965639328362524 Mangalore49 413977147135117903844165160142133110985937114383525 Mysore64 43641321591321329642432111521511431151116230224333324 Bengaluru (East Range)62 4640891721271219146461571771041281161026026415483332 Belagavi58 404084168142112845053173164102118121994826519302617 Kalaburagi68 454875174128133984159178155111144115954424318242523 Tumakuru64 434587166147127994249195163125125114966030022402623 Bellary60 40417915112912011841481931551041311111056222824352428 Dhavanagere62 4464871641461261104149168153118120114996026628392627 Shivamogga59 4540901681451281024448202152102132113954724325403135 Vijayapur64 45419417715213711843552141631281221161015228521322624 Ramanagara64 46499716314713512345481761891051521181005118818322024 Raichur64 44461131601331219044561751481241281201025915615362829 Chamarajanagar65 426291159139131964344200160118NR114986029723323021 Kolar47 444612214512512512539471581381511301201005133011253131 Haveri61 4143140189140140894164153164142144147974524714656722 Bagalkot54 4545721601361201093857188203113147143984442026294425 Bidar59 42608516513012510044672241381371161271016633528141613 Koppal52 39428313113011513043431431731261651401064425612372217 Mandya53 444492159140128954247196198109170112984935818332529 YadgirNR NRNRNRNRNRNRNRNRNRNRNRNRNRNRNRNRNRNRNRNRNR Chikkamagalur59 4442991651551371014449170156110105112936119217402622 Bangalore Rural62 3855911421401311104044180140107155127835024515252221 Chikkaballapur55 45388013712011288414216213091120105934741714343635 Chitradurga63 47568215416415215839461551781421471591074531331153025 Gadag72 45488416413012511445701721651261401221004832010303025 Hassan45 44567015011596883850160184106150145954923015263020 Kodagu59 43511131961501331284248175180155162115994121516333235 Udupi52 545612814515613012948481741761211521581195128928353727 Uttara Kannada55 464010816115213311747502181801231511101064725027332828 Vijayanagara65 4444851521291221114448179157127115110894524516302922 KeralaT.Puram56 4148861611511251064352223176131130114996826718493032 Ernakulam53 43421071821721421104456215153138NR1221156522717473235 Kozhikode44 494297162142146109NRNRNRNRNRNRNRNRNRNRNRNRNRNR Thrissur53 49591031981611541264454241197141NR1231126625916513432 Palakkad49 454894172147125994350213157135NR112995524013512627 Wayanad47 52421051851551401054252NR165140NR1231125422017NRNRNR Kasargod50 49541051711631351014261NRNR140NR110984826016372523 Kottayam56 41431311811291321324556NR189146NR1211026222913473045 Pathanamthitta55 3439951781481381484353NR218190NR1201096723714463060 Alapuzha46 48661001671541481234252NRNR133NR117NR6520012412623 Kollam45 4942108203161NR1084452224NR145NR1221136823016523342 Idukki55 414087158NR125874360NR153131NR1191016118713513138 KannurNR NRNRNRNRNRNRNRNRNRNRNRNRNRNRNRNRNRNRNRNRNR Malapuram47 4744941751511361534256239160138NR1201045523014402924 PuducherryPuducherry62 413886166127117884148168144133NR107995129226463128 Tamil NaduChennai59 434286172143123904240170148113NR114966227827402525 Madurai58 396483169141124884345209192152NR108974626327413119 DindigulNR NRNRNRNRNRNRNRNRNRNRNRNRNRNRNRNRNRNRNRNRNR Thiruchirapalli65 4565871591351201004443196173123NR1159859NR26463326 Coimbatore46 434480160136121794340192142134NR113965725328492525 Tirunelveli58 434691170146121824442188146117NR113955224224423632 Cuddalore69 5056871731531281064248223203153NR113955431324473116 Dharmapuri61 444082162135119834143218NR115NR1221015027025403025 VelloreNR NRNRNRNRNRNRNRNRNRNRNRNRNRNRNRNRNRNRNRNRNR Ramanathapuram62 396182161144116974244210235124NR125974927227413631 Erode61 484391159142128904445189170118NR115985328825452221 Karur47 485589167139124894243217152115NR114995129812433230 Perambalur60 NR6287155142118884343210163119NR1158955NR26453426 Pudukkottai65 476489165145127NR4445211192142NR1129753NR27503030 Sivagangai69 476289172149128904344213213142NR1131065127726573030 Thanjavur58 464088175152128804244194170131NR113975426021403024 The nilgirisNR NRNRNRNRNRNRNRNRNRNRNRNRNRNRNRNRNRNRNRNRNR Thoothukudi59 435886156144123864554232190125NR112975530611403320 Viluppuram56 514091173128128924250166158113NR11210356NR26453020 Virudhunagar60 426484160134122784345194149127NR116985329328463132 Kanniyakumari57 3953851591391211404241191180121NR110975525825443025 Namakkal69 466192173135125934244200161113NR1099655NR26383025 TiruvannamalaiNR NRNRNRNRNRNRNRNRNRNRNRNRNRNRNRNRNRNRNRNRNR TiruvarurNR NRNRNRNRNRNRNRNRNRNRNRNRNRNRNRNRNRNRNRNRNR TiruppurNR NRNRNRNRNRNRNRNRNRNRNRNRNRNRNRNRNRNRNRNRNR Tenkasi64 465983159154119NR4366227195122NR115995627522403126 Nagapattinam55 4461881741301211064350222215123NR1119355NR20342628 Krishnagiri57 423890166143120894144195NR105NR110945050326382523 Ariyalur64 NR6482159147125884344208177122NR1189550NR26503837 Kallakurichi58 4662931671241261024347181176115NR11310257NR27473023 Kancheepuram65 506589170147127954240186157122NR1129866NR26423028 Salem52 454585151137122984445187157117NR1171024828033463326 Theni63 495486161142123884348183170118NR1191105326612413422 ChengalpattuNR NRNRNRNRNRNRNRNRNRNRNRNRNRNRNRNRNRNRNRNRNR Mayiladuthurai60 506392177143127NR4444233165173NR113975736027353035 RanipetNR NRNRNRNRNRNRNRNRNRNRNRNRNRNRNRNRNRNRNRNRNR Tirupattur65 414484169141127964468181205157NR115905427017323230 Tiruvallur70 456090180140140954340207173123NR114996254028303025 TelanganaHyderabad59 39388114611911091395214614792103103915126618191919 Karimnagar49 48608215214111990426615514497NR113915930924282020 Warangal49 363879132110109904160165165148174103925427415304335 Adilabad64 425065150125120803980160160100150108955530028252525 Suryapet47 454472165123121933760165156130NR115925228022261921 Jadcherla40 305075165125110953957170178126NR1161085529214152832 Khammam55 5545NR17012011010045751651701451781251055533028452020 Medchal64 4445851671381239045611691981201251201005026018303228 Nizamabad46 463983157134130994375180191109NR1301156534413302515 Sangareddy63 424476146120111864070150150128170115906536024302029 Commodity NameCommodity NameRiceRiceWheatAtta (Wheat)Gram DalTur/Arhar DalUrad DalMoong DalMasoor DalSugarMilk @Groundnut Oil (Packed)Mustard Oil (Packed)Vanaspati (Packed)Soya Oil (Packed)Sunflower Oil (Packed)Palm Oil (Packed)GurTea LooseSalt Pack (Iodised)PotatoOnionTomatoBajra(whole)Jowar(whole)Maida(wheat)Ragi(whole)Suji(whole)BesanDesi GheeButter(Pasteurised)EggsBrinjalBlack Pepper(whole)Coriander(whole)Cummin Seed(whole)Red Chillies(whole)Turmeric(powder)BananaGIngerGarlic  Average Price1Average Price144.19 30.6936.0384.07150.92124.09117.793.5244.3758.66188.79136126.12124.62123.95102.652.73280.6722.5226.7731.5131.8 Maximum Price1Maximum Price172 5569140203180180158708326223522018023017516755933657397 Minimum Price1Minimum Price125 222760878083703737120107919810183361569111510 Modal Price1Modal Price140 28358016012012010044602001251191251151005030028253030 Source:- State civil supplies Dept.Note:- All India Consumption Weighted Average Prices of Oils w.e.f 23-Feb-2022 and Wheat and Atta w.e.f 25-Feb-2023 NR -> Not Reported Unit for Black Pepper (powder),Coriander (powder),Cummin Seed (powder),Red Chillies (powder),Turmeric (powder),Butter (Pasteurised) - Rs/100gm Unit for Eggs - Rs/Dozen Developed by:- National Informatics Centre(NIC)",,,,,,,,,,,,,,,,,,,,,,,,,,,,,,,,,,,,,,,,,,,2024-04-18
"Source:- State civil supplies Dept.Note:- All India Consumption Weighted Average Prices of Oils w.e.f 23-Feb-2022 and Wheat and Atta w.e.f 25-Feb-2023 NR -> Not Reported Unit for Black Pepper (powder),Coriander (powder),Cummin Seed (powder),Red Chillies (powder),Turmeric (powder),Butter (Pasteurised) - Rs/100gm Unit for Eggs - Rs/Dozen Developed by:- National Informatics Centre(NIC)",,,,,,,,,,,,,,,,,,,,,,,,,,,,,,,,,,,,,,,,,,,2024-04-18
Source:- State civil supplies Dept.,Note:- All India Consumption Weighted Average Prices of Oils w.e.f 23-Feb-2022 and Wheat and Atta w.e.f 25-Feb-2023,NR -> Not Reported,,,,,,,,,,,,,,,,,,,,,,,,,,,,,,,,,,,,,,,,,2024-04-18
"Unit for Black Pepper (powder),Coriander (powder),Cummin Seed (powder),Red Chillies (powder),Turmeric (powder),Butter (Pasteurised) - Rs/100gm","Unit for Black Pepper (powder),Coriander (powder),Cummin Seed (powder),Red Chillies (powder),Turmeric (powder),Butter (Pasteurised) - Rs/100gm",,,,,,,,,,,,,,,,,,,,,,,,,,,,,,,,,,,,,,,,,,2024-04-18
,Unit for Eggs - Rs/Dozen,,,,,,,,,,,,,,,,,,,,,,,,,,,,,,,,,,,,,,,,,,2024-04-18
Developed by:- National Informatics Centre(NIC),Developed by:- National Informatics Centre(NIC),,,,,,,,,,,,,,,,,,,,,,,,,,,,,,,,,,,,,,,,,,2024-04-18
,,,,,,,,,,,,,,,,,,,,,,,,,,,,,,,,,,,,,,,,,,,2024-04-18
