State,Centre,Rice,Broken Rice,Wheat,Atta (Wheat),Gram Dal,Tur/Arhar Dal,Urad Dal,Moong Dal,Masoor Dal,Sugar,Milk @,Groundnut Oil (Packed),Mustard Oil (Packed),Vanaspati (Packed),Soya Oil (Packed),Sunflower Oil (Packed),Palm Oil (Packed),Gur,Tea Loose,Salt Pack (Iodised),Potato,Onion,Tomato,Bajra (whole),Jowar (whole),Maida (wheat),Ragi (whole),Suji (whole),Besan,Desi Ghee,Butter (Pasteurised),Eggs,Brinjal,Black Pepper (whole),Coriander (whole),Cummin Seed (whole),Red Chillies (whole),Turmeric (powder),Banana,Ginger,Garlic,Date
Unit,Qty,1 Kg,1 Kg,1 Kg,1 Kg,1 Kg,1 Kg,1 Kg,1 Kg,1 Kg,1 Kg,1 ltr,1 Kg,1 Kg,1 Kg,1 Kg,1 Kg,1 Kg,1 Kg,1 Kg,1 Kg,1 Kg,1 Kg,1 Kg,1 Kg,1 Kg,1 Kg,1 Kg,1 Kg,1 Kg,1 Kg,100 gm,Dozen,1 Kg,100 gm,250 gm,100 gm,100 gm,50 gm,1 Kg,100 gm,100 gm,2025-03-30
Average Price,Average Price,42.17,,32.42,38.06,86.31,128.93,118.77,111.16,87.18,45.39,58.15,188.94,170.36,152.17,147.87,159.56,139.22,53.43,264.84,21.28,22.47,30.5,19.2,37.13,43.22,41.79,54.05,45.1,96.57,638.02,57.67,75.19,31.89,86.55,38.09,44.35,29.58,16.23,48.36,,,2025-03-30
Maximum Price,Maximum Price,65,,58,65,129,180,155,150,120,60,80,251,229,209,179,209,177,130,520,31,60,77,90,65,87,86,105,91,160,923,70,120,87,160,122,100,69,48,115,,,2025-03-30
Minimum Price,Minimum Price,26,,24,29,65,100,85,84,71,39,40,132,130,103,106,118,91,35,150,10,11,17,5,22,25,30,28,28,60,440,44,50,10,55,16,25,14,9,20,,,2025-03-30
Modal Price,Modal Price,40,,30,35,85,120,120,110,90,45,58,176,170.5,154,154,165,143,50,240,28,20,30,20,35,40,40,51,40,90,600,60,72,30,80,30,40,30,15,40,,,2025-03-30
NORTH ZONE,NORTH ZONE,,,,,,,,,,,,,,,,,,,,,,,,,,,,,,,,,,,,,,,,,,2025-03-30
Chandigarh,Chandigarh,44,,31,36,90,165,125,116,90,45,60,183,139,124,119,120,100,55,269,28,20,40,20,27,38,55,48,60,125,527,48,72,36,90,50,50,32,20,40,,,2025-03-30
Delhi,Delhi,39,,34,37,89,123,120,118,88,45,56,207,168,174,165,176,145,58,240,27,19,31,20,31,37,41,54,42,112,517,58,77,44,92,41,38,35,15,32,,,2025-03-30
Haryana,Hisar,40,,29,36,87,139,108,103,80,45,60,216,165,158,156,169,135,49,243,28,19,32,21,27,37,39,56,40,91,580,60,74,40,83,44,39,35,15,58,,,2025-03-30
Haryana,Karnal,NR,,NR,NR,NR,NR,NR,NR,NR,NR,NR,NR,NR,NR,NR,NR,NR,NR,NR,NR,NR,NR,NR,NR,NR,NR,NR,NR,NR,NR,NR,NR,NR,NR,NR,NR,NR,NR,NR,,,2025-03-30
Haryana,Panchkula,NR,,NR,NR,NR,NR,NR,NR,NR,NR,NR,NR,NR,NR,NR,NR,NR,NR,NR,NR,NR,NR,NR,NR,NR,NR,NR,NR,NR,NR,NR,NR,NR,NR,NR,NR,NR,NR,NR,,,2025-03-30
Haryana,Gurgaon,NR,,NR,NR,NR,NR,NR,NR,NR,NR,NR,NR,NR,NR,NR,NR,NR,NR,NR,NR,NR,NR,NR,NR,NR,NR,NR,NR,NR,NR,NR,NR,NR,NR,NR,NR,NR,NR,NR,,,2025-03-30
Himachal Pradesh,Shimla,44,,NR,37,93,137,128,113,80,48,60,NR,198,170,154,NR,NR,53,223,28,20,30,20,38,NR,38,NR,40,108,644,58,72,30,90,43,46,25,17,63,,,2025-03-30
Himachal Pradesh,Mandi,43,,NR,37,86,140,130,114,80,48,49,231,195,166,153,161,NR,50,270,30,16,35,28,33,NR,36,NR,34,107,676,60,72,30,85,45,43,28,16,58,,,2025-03-30
Himachal Pradesh,Dharamshala,30,,NR,29,86,138,132,122,89,47,40,NR,187,159,165,NR,NR,51,230,28,21,35,25,32,NR,34,55,40,99,590,59,90,40,103,49,45,34,15,60,,,2025-03-30
Himachal Pradesh,Solan,41,,NR,38,86,140,123,109,84,47,57,220,193,165,143,176,NR,50,240,30,18,30,20,35,37,41,NR,41,110,600,59,82,32,87,56,37,33,20,58,,,2025-03-30
Himachal Pradesh,Una,42,,NR,35,81,117,113,111,83,46,69,NR,166,186,146,NR,NR,55,237,30,19,29,25,36,NR,37,NR,38,99,659,59,85,28,99,48,32,31,15,58,,,2025-03-30
Himachal Pradesh,Bilaspur-hp,46,,NR,37,82,132,139,115,86,48,62,NR,165,180,156,NR,NR,46,344,28,15,35,30,32,NR,39,58,40,93,696,60,84,30,83,32,33,30,12,50,,,2025-03-30
Himachal Pradesh,Chamba,38,,NR,35,83,140,120,110,84,50,55,NR,193,174,152,NR,NR,52,240,29,25,41,30,41,58,38,72,37,90,645,58,84,30,73,58,51,42,23,63,,,2025-03-30
Himachal Pradesh,Hamirpur-HP,41,,NR,36,76,120,114,113,85,47,65,NR,189,176,156,NR,NR,47,265,28,23,28,23,37,48,38,NR,38,97,495,60,78,30,85,39,38,30,15,55,,,2025-03-30
Himachal Pradesh,Kullu,40,,NR,38,85,130,120,110,85,49,40,NR,192,168,144,137,NR,43,240,30,27,40,30,NR,NR,41,NR,41,118,703,60,80,40,89,36,35,29,15,66,,,2025-03-30
Himachal Pradesh,Sirmour,NR,,NR,NR,NR,NR,NR,NR,NR,NR,NR,NR,NR,NR,NR,NR,NR,NR,NR,NR,NR,NR,NR,NR,NR,NR,NR,NR,NR,NR,NR,NR,NR,NR,NR,NR,NR,NR,NR,,,2025-03-30
Himachal Pradesh,Kinnaur,NR,,NR,NR,NR,NR,NR,NR,NR,NR,NR,NR,NR,NR,NR,NR,NR,NR,NR,NR,NR,NR,NR,NR,NR,NR,NR,NR,NR,NR,NR,NR,NR,NR,NR,NR,NR,NR,NR,,,2025-03-30
Himachal Pradesh,Lahaul & Spiti,45,,NR,42,95,168,135,120,105,54,51,NR,198,165,NR,NR,NR,57,480,28,40,50,43,NR,NR,36,NR,36,83,600,55,83,55,87,30,36,26,15,78,,,2025-03-30
Jammu and Kashmir,Srinagar,44,,40,46,86,175,140,120,115,51,50,NR,192,144,146,170,NR,57,295,28,30,46,34,NR,NR,47,NR,45,117,663,60,69,42,85,49,67,31,16,87,,,2025-03-30
Jammu and Kashmir,Jammu,NR,,NR,NR,NR,NR,NR,NR,NR,NR,NR,NR,NR,NR,NR,NR,NR,NR,NR,NR,NR,NR,NR,NR,NR,NR,NR,NR,NR,NR,NR,NR,NR,NR,NR,NR,NR,NR,NR,,,2025-03-30
Jammu and Kashmir,Poonch,NR,,NR,NR,NR,NR,NR,NR,NR,NR,NR,NR,NR,NR,NR,NR,NR,NR,NR,NR,NR,NR,NR,NR,NR,NR,NR,NR,NR,NR,NR,NR,NR,NR,NR,NR,NR,NR,NR,,,2025-03-30
Jammu and Kashmir,Kupwara,NR,,NR,NR,NR,NR,NR,NR,NR,NR,NR,NR,NR,NR,NR,NR,NR,NR,NR,NR,NR,NR,NR,NR,NR,NR,NR,NR,NR,NR,NR,NR,NR,NR,NR,NR,NR,NR,NR,,,2025-03-30
Jammu and Kashmir,Udhampur,NR,,NR,NR,NR,NR,NR,NR,NR,NR,NR,NR,NR,NR,NR,NR,NR,NR,NR,NR,NR,NR,NR,NR,NR,NR,NR,NR,NR,NR,NR,NR,NR,NR,NR,NR,NR,NR,NR,,,2025-03-30
Jammu and Kashmir,Shopian,NR,,NR,NR,NR,NR,NR,NR,NR,NR,NR,NR,NR,NR,NR,NR,NR,NR,NR,NR,NR,NR,NR,NR,NR,NR,NR,NR,NR,NR,NR,NR,NR,NR,NR,NR,NR,NR,NR,,,2025-03-30
Jammu and Kashmir,Samba,NR,,NR,NR,NR,NR,NR,NR,NR,NR,NR,NR,NR,NR,NR,NR,NR,NR,NR,NR,NR,NR,NR,NR,NR,NR,NR,NR,NR,NR,NR,NR,NR,NR,NR,NR,NR,NR,NR,,,2025-03-30
Jammu and Kashmir,Ramban,NR,,NR,NR,NR,NR,NR,NR,NR,NR,NR,NR,NR,NR,NR,NR,NR,NR,NR,NR,NR,NR,NR,NR,NR,NR,NR,NR,NR,NR,NR,NR,NR,NR,NR,NR,NR,NR,NR,,,2025-03-30
Jammu and Kashmir,Rajouri,NR,,NR,NR,NR,NR,NR,NR,NR,NR,NR,NR,NR,NR,NR,NR,NR,NR,NR,NR,NR,NR,NR,NR,NR,NR,NR,NR,NR,NR,NR,NR,NR,NR,NR,NR,NR,NR,NR,,,2025-03-30
Jammu and Kashmir,Kishtwar,NR,,NR,NR,NR,NR,NR,NR,NR,NR,NR,NR,NR,NR,NR,NR,NR,NR,NR,NR,NR,NR,NR,NR,NR,NR,NR,NR,NR,NR,NR,NR,NR,NR,NR,NR,NR,NR,NR,,,2025-03-30
Jammu and Kashmir,Doda,NR,,NR,NR,NR,NR,NR,NR,NR,NR,NR,NR,NR,NR,NR,NR,NR,NR,NR,NR,NR,NR,NR,NR,NR,NR,NR,NR,NR,NR,NR,NR,NR,NR,NR,NR,NR,NR,NR,,,2025-03-30
Jammu and Kashmir,Baramulla,36,,35,45,95,150,120,120,100,50,48,NR,197,178,NR,194,140,50,377,28,38,40,39,NR,NR,42,NR,49,125,681,60,80,41,98,41,55,34,20,115,,,2025-03-30
Jammu and Kashmir,Reasi,NR,,NR,NR,NR,NR,NR,NR,NR,NR,NR,NR,NR,NR,NR,NR,NR,NR,NR,NR,NR,NR,NR,NR,NR,NR,NR,NR,NR,NR,NR,NR,NR,NR,NR,NR,NR,NR,NR,,,2025-03-30
Jammu and Kashmir,Kathua,NR,,NR,NR,NR,NR,NR,NR,NR,NR,NR,NR,NR,NR,NR,NR,NR,NR,NR,NR,NR,NR,NR,NR,NR,NR,NR,NR,NR,NR,NR,NR,NR,NR,NR,NR,NR,NR,NR,,,2025-03-30
Punjab,Amritsar,40,,30,35,83,137,132,118,87,46,55,231,176,178,162,181,NR,50,280,28,16,28,22,40,40,41,60,41,93,604,59,73,40,93,44,40,31,14,48,,,2025-03-30
Punjab,Ludhiana,40,,27,35,85,138,128,118,95,46,62,218,178,175,172,183,NR,53,285,28,11,28,20,37,48,42,62,42,102,560,57,71,30,79,37,42,23,20,43,,,2025-03-30
Punjab,Bathinda,40,,30,35,80,133,132,118,90,45,55,220,176,177,159,182,148,52,270,29,15,30,20,40,38,40,58,40,90,637,60,73,37,92,40,38,29,13,48,,,2025-03-30
Punjab,Barnala,40,,31,34,93,137,120,113,93,47,64,216,159,176,143,179,145,45,310,30,15,31,20,33,43,40,NR,42,98,672,60,68,30,98,42,39,27,15,49,,,2025-03-30
Punjab,Hoshiarpur,NR,,NR,NR,NR,NR,NR,NR,NR,NR,NR,NR,NR,NR,NR,NR,NR,NR,NR,NR,NR,NR,NR,NR,NR,NR,NR,NR,NR,NR,NR,NR,NR,NR,NR,NR,NR,NR,NR,,,2025-03-30
Punjab,Faridkot,NR,,NR,NR,NR,NR,NR,NR,NR,NR,NR,NR,NR,NR,NR,NR,NR,NR,NR,NR,NR,NR,NR,NR,NR,NR,NR,NR,NR,NR,NR,NR,NR,NR,NR,NR,NR,NR,NR,,,2025-03-30
Punjab,Mansa,40,,31,35,85,140,135,115,90,46,64,NR,167,174,159,178,145,48,273,29,16,31,24,41,50,40,67,42,95,633,60,74,33,92,45,41,31,16,50,,,2025-03-30
Punjab,Sri Muktsar Sahib,40,,30,34,85,133,130,110,90,45,63,205,152,170,143,174,141,48,277,28,19,33,25,29,52,40,82,40,87,597,60,71,50,90,34,33,26,13,50,,,2025-03-30
Punjab,Dera Bassi,NR,,NR,NR,NR,NR,NR,NR,NR,NR,NR,NR,NR,NR,NR,NR,NR,NR,NR,NR,NR,NR,NR,NR,NR,NR,NR,NR,NR,NR,NR,NR,NR,NR,NR,NR,NR,NR,NR,,,2025-03-30
Punjab,Sangrur,40,,28,32,78,135,125,108,85,46,60,232,169,170,156,169,153,46,263,27,14,25,20,35,40,40,62,40,88,557,58,71,31,89,40,46,32,15,50,,,2025-03-30
Punjab,Ropar,40,,31,35,82,138,132,118,90,45,60,222,168,177,159,NR,148,52,267,29,15,30,23,40,45,40,63,41,92,639,59,73,40,92,44,41,31,15,48,,,2025-03-30
Punjab,Amargarh,40,,28,32,80,138,130,110,90,47,60,236,170,177,166,166,143,45,250,28,15,25,20,36,45,40,NR,40,85,604,58,72,32,95,40,49,27,15,48,,,2025-03-30
Punjab,Fatehgarh Sahib,NR,,NR,NR,NR,NR,NR,NR,NR,NR,NR,NR,NR,NR,NR,NR,NR,NR,NR,NR,NR,NR,NR,NR,NR,NR,NR,NR,NR,NR,NR,NR,NR,NR,NR,NR,NR,NR,NR,,,2025-03-30
Punjab,Ferozepur,41,,32,35,83,137,132,114,90,45,61,218,161,176,142,177,138,50,270,30,17,28,17,33,45,40,67,40,100,615,60,93,32,94,40,40,26,13,50,,,2025-03-30
Punjab,Kapurthala,45,,33,40,86,137,132,115,93,46,61,223,166,178,155,179,144,55,283,26,15,30,20,40,56,40,66,39,98,622,52,78,35,93,39,42,31,11,45,,,2025-03-30
Uttar Pradesh,Lucknow,38,,30,36,76,115,110,105,79,45,58,189,160,148,146,153,137,45,260,20,20,30,11,35,42,39,51,39,97,591,58,75,30,85,38,45,30,15,50,,,2025-03-30
Uttar Pradesh,Kanpur,35,,28,32,85,145,115,100,85,42,60,180,138,122,115,128,110,56,234,26,20,35,22,35,40,45,NR,30,90,580,55,72,40,100,22,40,35,19,50,,,2025-03-30
Uttar Pradesh,Varanasi,41,,30,36,85,127,121,109,82,47,65,212,166,165,163,176,151,61,280,21,20,30,19,40,58,39,NR,41,99,699,58,78,32,99,49,60,37,17,60,,,2025-03-30
Uttar Pradesh,Agra,42,,29,36,79,115,85,90,75,45,66,189,167,170,160,167,159,49,250,26,17,29,16,27,34,39,NR,41,95,705,60,96,21,92,49,39,31,15,41,,,2025-03-30
Uttar Pradesh,Jhansi,44,,25,35,83,129,110,104,83,45,55,190,162,149,144,154,111,47,225,16,20,27,13,33,37,39,53,41,92,622,57,74,27,81,32,39,27,13,38,,,2025-03-30
Uttar Pradesh,Meerut,36,,29,36,83,134,122,84,84,48,58,154,144,140,147,153,140,46,250,18,15,26,15,35,38,40,65,43,95,596,58,50,35,75,23,25,23,17,41,,,2025-03-30
Uttar Pradesh,Allahabad,NR,,NR,NR,NR,NR,NR,NR,NR,NR,NR,NR,NR,NR,NR,NR,NR,NR,NR,NR,NR,NR,NR,NR,NR,NR,NR,NR,NR,NR,NR,NR,NR,NR,NR,NR,NR,NR,NR,,,2025-03-30
Uttar Pradesh,Gorakhpur,37,,27,33,83,119,117,111,78,43,55,188,166,144,148,140,135,51,224,22,24,32,16,35,33,34,50,34,92,586,58,73,34,79,30,38,24,16,44,,,2025-03-30
Uttar Pradesh,Saharanpur,37,,31,33,85,124,109,111,89,43,57,NR,137,134,130,137,110,49,245,21,16,28,17,32,NR,36,NR,34,90,510,56,72,20,81,34,37,28,14,58,,,2025-03-30
Uttar Pradesh,Bareilly,37,,25,34,90,119,125,113,90,44,70,212,159,176,154,171,141,50,330,24,19,21,10,24,37,36,50,36,90,705,60,79,16,82,40,41,32,15,60,,,2025-03-30
Uttar Pradesh,Ayodhya,36,,32,30,85,135,118,115,90,45,55,176,146,135,137,155,99,50,200,22,20,30,20,39,39,45,68,42,90,650,63,72,30,80,30,40,30,18,70,,,2025-03-30
Uttar Pradesh,Moradabad,37,,27,33,83,124,113,106,83,42,56,197,162,139,133,146,120,48,239,23,16,28,15,34,63,34,56,40,79,574,55,68,30,96,27,49,29,21,59,,,2025-03-30
Uttar Pradesh,Aligarh,40,,30,35,85,129,117,109,85,43,56,187,165,144,139,151,131,51,247,20,19,29,18,33,NR,38,NR,42,96,613,54,77,33,85,34,45,29,17,45,,,2025-03-30
Uttar Pradesh,Mirzapur (Vindhyanchal),35,,28,34,89,122,117,110,85,45,45,170,145,127,125,128,101,55,226,20,20,31,15,26,40,35,52,33,92,633,58,70,18,86,51,50,33,15,45,,,2025-03-30
Uttar Pradesh,Banda,34,,26,37,87,123,116,99,81,44,55,215,161,153,130,173,113,52,152,18,15,28,11,32,42,39,81,41,96,553,55,68,27,81,27,36,28,18,52,,,2025-03-30
Uttar Pradesh,Azamgarh,NR,,NR,NR,NR,NR,NR,NR,NR,NR,NR,NR,NR,NR,NR,NR,NR,NR,NR,NR,NR,NR,NR,NR,NR,NR,NR,NR,NR,NR,NR,NR,NR,NR,NR,NR,NR,NR,NR,,,2025-03-30
Uttar Pradesh,Gonda (Devipatan),35,,27,35,89,127,125,116,90,44,58,180,166,133,144,139,134,49,271,20,18,31,12,36,34,35,65,38,98,625,54,84,30,79,25,43,27,18,46,,,2025-03-30
Uttar Pradesh,Amethi,38,,27,35,80,142,120,110,80,46,58,193,160,146,140,139,120,52,259,23,21,30,27,43,32,42,39,46,107,693,57,81,41,84,37,56,27,18,58,,,2025-03-30
Uttar Pradesh,Barabanki,38,,27,35,86,123,120,110,83,45,58,200,156,141,137,126,115,50,218,22,17,27,20,32,36,36,43,36,108,563,58,80,28,88,41,42,30,14,45,,,2025-03-30
Uttar Pradesh,Bhadohi,31,,28,35,85,120,140,120,80,45,60,209,139,132,137,159,115,60,230,10,20,27,19,35,42,36,51,36,80,692,52,74,35,90,25,40,33,20,50,,,2025-03-30
Uttar Pradesh,Chandauli,33,,29,35,76,113,107,109,75,42,55,194,159,132,136,138,106,46,247,19,15,26,10,32,53,39,62,37,89,633,56,63,15,88,35,44,31,17,41,,,2025-03-30
Uttar Pradesh,Farrukhabad,44,,29,34,80,130,120,110,90,44,64,212,174,158,154,169,142,45,258,20,11,35,20,27,NR,36,NR,37,94,656,60,84,25,84,55,46,32,19,52,,,2025-03-30
Uttar Pradesh,Ghazipur,45,,27,36,85,125,109,106,85,45,57,187,161,144,143,142,141,51,266,18,17,24,10,35,34,39,46,40,96,630,56,72,26,88,49,46,33,16,49,,,2025-03-30
Uttar Pradesh,Jaunpur,42,,30,35,87,119,121,110,81,45,59,197,175,146,148,147,135,55,259,22,16,29,15,31,38,35,56,34,89,581,54,77,16,85,38,55,31,16,48,,,2025-03-30
Uttar Pradesh,UP-Pratapgarh,NR,,NR,NR,NR,NR,NR,NR,NR,NR,NR,NR,NR,NR,NR,NR,NR,NR,NR,NR,NR,NR,NR,NR,NR,NR,NR,NR,NR,NR,NR,NR,NR,NR,NR,NR,NR,NR,NR,,,2025-03-30
Uttar Pradesh,Sambhal,40,,30,33,85,120,110,105,80,43,53,189,167,133,126,131,128,47,252,17,16,32,20,35,NR,38,NR,38,102,633,57,74,20,87,36,42,29,15,38,,,2025-03-30
Uttar Pradesh,Santkabir Nagar,40,,27,35,95,130,115,115,91,45,67,209,170,145,154,164,133,46,263,28,16,30,14,29,30,31,80,41,96,725,58,72,32,90,30,50,25,19,48,,,2025-03-30
Uttar Pradesh,Shahjahanpur,34,,30,35,74,135,100,100,90,43,57,195,187,169,166,161,156,39,243,20,11,24,16,24,32,38,52,40,97,560,56,93,20,91,28,42,30,17,35,,,2025-03-30
Uttar Pradesh,Sitapur,38,,29,32,82,128,110,110,82,43,58,186,156,142,145,146,123,50,227,17,13,25,12,24,27,35,45,40,98,586,58,80,30,80,30,40,25,15,46,,,2025-03-30
Uttar Pradesh,Sultanpur,42,,31,36,86,127,116,108,85,44,55,207,181,164,156,170,143,52,263,20,21,31,19,35,41,41,52,45,95,687,55,74,32,85,35,44,29,16,45,,,2025-03-30
Uttar Pradesh,Unnao,41,,30,36,87,118,117,108,87,44,57,189,163,148,144,154,135,50,253,20,20,28,15,35,40,40,51,40,95,567,57,71,28,85,35,40,29,16,49,,,2025-03-30
Uttar Pradesh,Ambedkar Nagar,45,,32,39,87,128,119,115,85,45,58,236,170,143,146,153,129,55,185,26,19,32,15,36,35,37,75,40,97,615,60,64,23,87,36,41,26,17,57,,,2025-03-30
Uttar Pradesh,Amroha,NR,,NR,NR,NR,NR,NR,NR,NR,NR,NR,NR,NR,NR,NR,NR,NR,NR,NR,NR,NR,NR,NR,NR,NR,NR,NR,NR,NR,NR,NR,NR,NR,NR,NR,NR,NR,NR,NR,,,2025-03-30
Uttar Pradesh,Baghpat,44,,NR,35,80,130,120,110,90,44,65,181,159,148,143,147,138,50,207,26,14,28,20,33,49,40,62,41,97,560,60,71,32,63,35,40,30,12,36,,,2025-03-30
Uttar Pradesh,Bijnor,NR,,NR,NR,NR,NR,NR,NR,NR,NR,NR,NR,NR,NR,NR,NR,NR,NR,NR,NR,NR,NR,NR,NR,NR,NR,NR,NR,NR,NR,NR,NR,NR,NR,NR,NR,NR,NR,NR,,,2025-03-30
Uttar Pradesh,Budaun,38,,26,30,95,135,115,95,88,45,60,207,161,165,145,164,128,50,276,21,12,30,19,25,47,38,67,38,95,605,58,78,34,81,32,36,32,12,45,,,2025-03-30
Uttar Pradesh,Etah,45,,27,35,80,132,110,112,90,44,58,207,176,148,148,148,113,53,270,22,16,30,20,22,NR,36,NR,38,90,679,60,72,30,97,32,40,35,18,40,,,2025-03-30
Uttar Pradesh,Fatehpur,42,,27,31,87,132,118,108,87,44,58,185,161,136,130,143,111,53,225,21,19,29,21,23,32,35,40,34,95,550,52,79,32,85,36,47,24,17,37,,,2025-03-30
Uttar Pradesh,Ghaziabad,37,,33,35,82,128,110,102,84,45,57,176,172,145,143,149,140,47,212,21,19,30,19,34,35,38,55,39,97,617,57,70,24,83,34,37,28,15,39,,,2025-03-30
Uttar Pradesh,Hardoi,42,,28,35,82,118,115,110,85,45,55,191,160,150,145,156,136,49,244,18,20,25,11,27,28,37,54,40,93,613,57,72,20,86,34,41,28,15,49,,,2025-03-30
Uttar Pradesh,Jalaun,37,,28,33,87,130,110,100,90,44,55,178,143,148,142,150,103,53,233,19,18,30,15,31,35,38,NR,38,90,580,53,73,26,76,25,47,28,15,36,,,2025-03-30
Uttar Pradesh,Kaushambi,42,,28,37,86,119,122,100,86,45,51,193,165,156,141,145,126,50,230,20,16,34,12,23,37,37,52,36,88,588,55,73,22,86,39,36,21,16,50,,,2025-03-30
Uttar Pradesh,Kushinagar,37,,30,38,80,122,120,118,80,45,67,179,166,145,166,137,108,47,204,25,19,31,20,43,43,38,52,40,102,647,52,75,24,88,29,41,33,16,44,,,2025-03-30
Uttar Pradesh,Lakhimpur Kheri,43,,30,33,82,128,105,115,80,44,57,192,150,126,137,137,106,55,224,17,18,33,17,27,32,34,62,38,68,648,58,79,26,81,30,41,32,15,47,,,2025-03-30
Uttar Pradesh,Pilibhit,37,,31,35,89,131,115,113,88,45,58,190,162,146,146,154,121,49,259,21,17,33,12,36,43,39,54,40,95,633,59,74,26,88,35,42,27,18,45,,,2025-03-30
Uttar Pradesh,Sharwasti,40,,28,36,80,118,118,110,80,45,50,180,179,156,161,NR,139,49,203,24,17,28,20,NR,NR,39,NR,40,98,567,59,78,20,88,38,45,30,15,33,,,2025-03-30
Uttar Pradesh,Siddharth Nagar,NR,,NR,NR,NR,NR,NR,NR,NR,NR,NR,NR,NR,NR,NR,NR,NR,NR,NR,NR,NR,NR,NR,NR,NR,NR,NR,NR,NR,NR,NR,NR,NR,NR,NR,NR,NR,NR,NR,,,2025-03-30
Uttar Pradesh,Sonbhadra,44,,29,34,82,110,110,110,78,45,55,187,143,121,117,122,98,55,213,22,20,32,20,25,40,32,34,36,90,549,58,70,23,75,30,28,24,15,45,,,2025-03-30
Uttar Pradesh,Rampur,42,,29,31,79,107,109,105,85,44,59,187,181,141,153,153,149,50,240,24,20,28,21,30,35,36,NR,35,98,608,59,66,21,74,39,34,29,14,58,,,2025-03-30
Uttar Pradesh,Bahraich,36,,28,34,95,123,122,115,90,42,45,176,165,130,137,142,125,45,250,27,19,29,12,36,34,33,65,32,106,615,56,80,23,74,25,37,23,19,53,,,2025-03-30
Uttar Pradesh,Basti,NR,,NR,NR,NR,NR,NR,NR,NR,NR,NR,NR,NR,NR,NR,NR,NR,NR,NR,NR,NR,NR,NR,NR,NR,NR,NR,NR,NR,NR,NR,NR,NR,NR,NR,NR,NR,NR,NR,,,2025-03-30
Uttar Pradesh,Etawah,40,,30,35,85,120,110,105,80,45,68,203,162,139,139,145,128,51,260,18,20,30,15,26,NR,40,28,42,95,620,58,75,25,85,33,40,30,16,50,,,2025-03-30
Uttar Pradesh,Muzzafarnagar,39,,26,30,80,119,118,111,87,44,57,174,164,159,150,144,142,49,243,20,12,28,15,35,44,37,NR,38,91,503,56,59,30,73,28,40,22,13,48,,,2025-03-30
Uttar Pradesh,Chitrakoot,40,,28,35,80,126,100,97,80,45,50,178,165,149,149,175,135,52,230,15,20,30,18,32,32,33,61,42,93,522,60,84,35,79,31,47,25,16,40,,,2025-03-30
Uttar Pradesh,Hamirpur-UP,37,,27,32,80,128,118,100,78,43,58,187,148,126,143,137,137,50,221,20,20,28,15,NR,NR,35,NR,34,90,560,52,89,26,82,41,50,26,16,45,,,2025-03-30
Uttar Pradesh,Deoria,30,,30,33,86,134,114,85,82,45,58,174,167,121,121,119,110,47,224,17,19,28,14,38,43,36,51,35,91,560,59,63,17,73,27,42,26,18,37,,,2025-03-30
Uttar Pradesh,Hapur,36,,34,36,75,130,110,105,90,45,62,198,172,160,161,160,NR,50,215,23,15,25,10,35,35,40,47,40,98,666,51,84,25,99,56,50,30,12,41,,,2025-03-30
Uttar Pradesh,Bulandshahr,40,,32,36,85,124,118,108,84,44,56,NR,156,141,142,139,177,43,240,18,18,22,15,29,39,33,55,35,97,542,53,72,23,85,30,47,27,15,32,,,2025-03-30
Uttar Pradesh,Kanpur Dehat,36,,25,33,82,105,117,93,83,44,53,190,146,114,139,135,107,49,188,19,14,25,10,28,35,35,52,35,95,601,56,76,28,83,40,35,28,15,37,,,2025-03-30
Uttar Pradesh,Hathras,40,,28,36,86,135,115,108,86,41,56,188,162,141,137,147,133,50,260,20,18,30,15,26,NR,37,NR,40,95,613,55,75,28,81,35,42,28,12,40,,,2025-03-30
Uttar Pradesh,Raebareli,41,,32,36,85,129,118,110,86,45,56,191,168,153,147,159,136,53,226,19,18,25,15,36,42,41,53,46,96,635,56,75,27,86,37,45,28,16,47,,,2025-03-30
Uttar Pradesh,Lalitpur,36,,28,29,85,130,100,90,88,42,56,183,145,142,137,126,118,40,255,20,20,29,10,33,38,33,55,28,92,600,57,78,28,78,27,43,27,18,28,,,2025-03-30
Uttar Pradesh,Mohaba,34,,24,30,93,120,100,97,88,45,50,141,141,130,152,156,125,41,185,20,22,27,10,32,35,34,47,34,93,622,56,62,25,75,32,43,30,17,47,,,2025-03-30
Uttar Pradesh,Gautam Budh Nagar,37,,30,35,78,125,112,106,82,44,56,193,173,147,148,169,132,46,218,17,13,24,15,35,41,37,51,40,92,591,54,67,25,84,35,37,28,13,40,,,2025-03-30
Uttar Pradesh,Auraiya,37,,27,34,79,123,104,106,79,45,57,167,141,135,135,141,128,46,214,20,16,31,12,29,29,38,51,40,92,612,57,70,24,83,33,29,28,15,55,,,2025-03-30
Uttar Pradesh,Maharajganj,35,,27,34,80,121,119,111,80,44,57,189,169,132,142,155,131,47,213,22,18,25,15,36,44,37,51,38,91,586,58,72,30,82,30,46,30,15,48,,,2025-03-30
Uttar Pradesh,Balrampur,35,,25,35,82,110,110,113,80,45,50,165,161,162,168,159,142,50,223,15,15,28,19,35,50,39,NR,40,97,619,57,70,25,82,29,38,25,15,36,,,2025-03-30
Uttar Pradesh,Kannauj,39,,27,33,89,118,118,111,90,45,58,184,139,118,123,143,108,51,240,22,23,30,16,32,39,32,NR,34,83,538,52,72,21,86,39,45,34,16,36,,,2025-03-30
Uttar Pradesh,Mathura,38,,30,33,85,133,117,108,85,44,60,210,153,120,121,145,125,59,263,28,19,35,15,33,43,40,47,40,120,600,55,88,33,83,37,65,42,15,38,,,2025-03-30
Uttar Pradesh,Firozabad,NR,,NR,NR,NR,NR,NR,NR,NR,NR,NR,NR,NR,NR,NR,NR,NR,NR,NR,NR,NR,NR,NR,NR,NR,NR,NR,NR,NR,NR,NR,NR,NR,NR,NR,NR,NR,NR,NR,,,2025-03-30
Uttar Pradesh,Kasganj,NR,,NR,NR,NR,NR,NR,NR,NR,NR,NR,NR,NR,NR,NR,NR,NR,NR,NR,NR,NR,NR,NR,NR,NR,NR,NR,NR,NR,NR,NR,NR,NR,NR,NR,NR,NR,NR,NR,,,2025-03-30
Uttar Pradesh,Mainpuri,NR,,NR,NR,NR,NR,NR,NR,NR,NR,NR,NR,NR,NR,NR,NR,NR,NR,NR,NR,NR,NR,NR,NR,NR,NR,NR,NR,NR,NR,NR,NR,NR,NR,NR,NR,NR,NR,NR,,,2025-03-30
Uttar Pradesh,Shamli,38,,29,33,80,132,118,108,83,44,55,190,154,150,141,146,126,49,243,15,16,27,20,25,55,35,52,35,85,520,60,66,35,85,31,47,25,12,48,,,2025-03-30
Uttar Pradesh,Ballia,38,,29,34,87,132,117,111,90,45,58,192,160,141,142,146,124,49,227,22,17,30,15,31,36,35,51,37,91,617,52,73,27,82,32,44,29,18,47,,,2025-03-30
Uttar Pradesh,Mau,37,,27,35,88,125,115,108,86,45,56,209,171,143,141,151,103,52,247,22,15,25,12,NR,NR,36,NR,38,92,731,55,79,25,82,34,41,30,16,43,,,2025-03-30
Uttarakhand,Dehradun,NR,,NR,NR,NR,NR,NR,NR,NR,NR,NR,NR,NR,NR,NR,NR,NR,NR,NR,NR,NR,NR,NR,NR,NR,NR,NR,NR,NR,NR,NR,NR,NR,NR,NR,NR,NR,NR,NR,,,2025-03-30
Uttarakhand,Haldwani,NR,,NR,NR,NR,NR,NR,NR,NR,NR,NR,NR,NR,NR,NR,NR,NR,NR,NR,NR,NR,NR,NR,NR,NR,NR,NR,NR,NR,NR,NR,NR,NR,NR,NR,NR,NR,NR,NR,,,2025-03-30
Uttarakhand,Rudrapur,NR,,NR,NR,NR,NR,NR,NR,NR,NR,NR,NR,NR,NR,NR,NR,NR,NR,NR,NR,NR,NR,NR,NR,NR,NR,NR,NR,NR,NR,NR,NR,NR,NR,NR,NR,NR,NR,NR,,,2025-03-30
Uttarakhand,Haridwar,NR,,NR,NR,NR,NR,NR,NR,NR,NR,NR,NR,NR,NR,NR,NR,NR,NR,NR,NR,NR,NR,NR,NR,NR,NR,NR,NR,NR,NR,NR,NR,NR,NR,NR,NR,NR,NR,NR,,,2025-03-30
WEST ZONE,WEST ZONE,,,,,,,,,,,,,,,,,,,,,,,,,,,,,,,,,,,,,,,,,,2025-03-30
Chhattisgarh,Raipur,33,,39,42,103,126,109,104,97,46,56,201,160,138,130,143,105,55,247,20,22,27,17,30,26,40,45,43,91,732,56,60,30,87,34,34,23,10,29,,,2025-03-30
Chhattisgarh,Durg,40,,40,35,80,130,110,115,80,46,55,190,161,159,163,167,165,53,223,15,22,30,10,43,42,43,61,48,106,923,58,73,24,80,53,46,35,16,47,,,2025-03-30
Chhattisgarh,Ambikapur,NR,,NR,NR,NR,NR,NR,NR,NR,NR,NR,NR,NR,NR,NR,NR,NR,NR,NR,NR,NR,NR,NR,NR,NR,NR,NR,NR,NR,NR,NR,NR,NR,NR,NR,NR,NR,NR,NR,,,2025-03-30
Chhattisgarh,Bilaspur-CG,NR,,NR,NR,NR,NR,NR,NR,NR,NR,NR,NR,NR,NR,NR,NR,NR,NR,NR,NR,NR,NR,NR,NR,NR,NR,NR,NR,NR,NR,NR,NR,NR,NR,NR,NR,NR,NR,NR,,,2025-03-30
Chhattisgarh,Jagdalpur,NR,,NR,NR,NR,NR,NR,NR,NR,NR,NR,NR,NR,NR,NR,NR,NR,NR,NR,NR,NR,NR,NR,NR,NR,NR,NR,NR,NR,NR,NR,NR,NR,NR,NR,NR,NR,NR,NR,,,2025-03-30
Chhattisgarh,Dantewada,39,,37,41,100,130,117,112,85,44,61,NR,188,152,143,155,134,58,249,17,30,39,16,40,NR,41,NR,46,112,643,59,68,41,95,50,48,21,17,56,,,2025-03-30
Chhattisgarh,Dhamtari,NR,,NR,NR,NR,NR,NR,NR,NR,NR,NR,NR,NR,NR,NR,NR,NR,NR,NR,NR,NR,NR,NR,NR,NR,NR,NR,NR,NR,NR,NR,NR,NR,NR,NR,NR,NR,NR,NR,,,2025-03-30
Chhattisgarh,Rajnandgaon,NR,,NR,NR,NR,NR,NR,NR,NR,NR,NR,NR,NR,NR,NR,NR,NR,NR,NR,NR,NR,NR,NR,NR,NR,NR,NR,NR,NR,NR,NR,NR,NR,NR,NR,NR,NR,NR,NR,,,2025-03-30
Chhattisgarh,Koriya,NR,,NR,NR,NR,NR,NR,NR,NR,NR,NR,NR,NR,NR,NR,NR,NR,NR,NR,NR,NR,NR,NR,NR,NR,NR,NR,NR,NR,NR,NR,NR,NR,NR,NR,NR,NR,NR,NR,,,2025-03-30
DNH and DD,Silvasa,51,,39,40,90,127,124,119,86,43,68,184,181,187,170,168,142,63,235,29,19,27,20,43,58,52,60,62,121,676,59,84,53,107,64,44,38,22,30,,,2025-03-30
DNH and DD,Daman,50,,38,39,85,126,127,120,84,44,68,184,186,165,167,167,125,68,225,29,20,27,22,41,46,52,60,63,122,683,59,79,55,100,62,43,37,21,36,,,2025-03-30
DNH and DD,Diu,46,,40,55,84,145,155,125,100,46,64,211,211,192,179,192,135,71,400,30,21,29,18,40,39,59,NR,71,122,698,60,85,33,111,47,36,40,20,50,,,2025-03-30
Goa,Panaji,NR,,NR,NR,NR,NR,NR,NR,NR,NR,NR,NR,NR,NR,NR,NR,NR,NR,NR,NR,NR,NR,NR,NR,NR,NR,NR,NR,NR,NR,NR,NR,NR,NR,NR,NR,NR,NR,NR,,,2025-03-30
Goa,Margao,NR,,NR,NR,NR,NR,NR,NR,NR,NR,NR,NR,NR,NR,NR,NR,NR,NR,NR,NR,NR,NR,NR,NR,NR,NR,NR,NR,NR,NR,NR,NR,NR,NR,NR,NR,NR,NR,NR,,,2025-03-30
Gujarat,Ahmedabad,39,,33,35,98,123,125,105,85,43,66,185,167,150,154,161,157,57,205,18,30,30,35,31,32,41,55,42,89,632,56,69,44,79,28,34,34,20,40,,,2025-03-30
Gujarat,Rajkot,NR,,NR,NR,NR,NR,NR,NR,NR,NR,NR,NR,NR,NR,NR,NR,NR,NR,NR,NR,NR,NR,NR,NR,NR,NR,NR,NR,NR,NR,NR,NR,NR,NR,NR,NR,NR,NR,NR,,,2025-03-30
Gujarat,Surat,NR,,NR,NR,NR,NR,NR,NR,NR,NR,NR,NR,NR,NR,NR,NR,NR,NR,NR,NR,NR,NR,NR,NR,NR,NR,NR,NR,NR,NR,NR,NR,NR,NR,NR,NR,NR,NR,NR,,,2025-03-30
Gujarat,Bhuj,NR,,NR,NR,NR,NR,NR,NR,NR,NR,NR,NR,NR,NR,NR,NR,NR,NR,NR,NR,NR,NR,NR,NR,NR,NR,NR,NR,NR,NR,NR,NR,NR,NR,NR,NR,NR,NR,NR,,,2025-03-30
Gujarat,Selamba,42,,38,40,90,125,120,110,90,44,62,181,176,148,137,170,168,50,213,23,25,33,22,32,35,42,60,42,90,610,50,65,30,80,32,35,30,16,40,,,2025-03-30
Gujarat,Waghai,35,,35,43,89,125,118,116,89,45,64,192,162,140,145,138,142,53,209,21,29,34,25,31,42,39,45,45,95,619,55,70,38,68,29,35,22,16,38,,,2025-03-30
Gujarat,Bodeli,NR,,NR,NR,NR,NR,NR,NR,NR,NR,NR,NR,NR,NR,NR,NR,NR,NR,NR,NR,NR,NR,NR,NR,NR,NR,NR,NR,NR,NR,NR,NR,NR,NR,NR,NR,NR,NR,NR,,,2025-03-30
Gujarat,Vapi,38,,34,38,92,124,120,115,96,45,62,181,182,174,154,163,152,52,210,18,20,31,20,32,35,40,64,41,86,630,58,68,43,80,35,31,20,18,43,,,2025-03-30
Gujarat,Bilimora,NR,,NR,NR,NR,NR,NR,NR,NR,NR,NR,NR,NR,NR,NR,NR,NR,NR,NR,NR,NR,NR,NR,NR,NR,NR,NR,NR,NR,NR,NR,NR,NR,NR,NR,NR,NR,NR,NR,,,2025-03-30
Gujarat,Idar,NR,,NR,NR,NR,NR,NR,NR,NR,NR,NR,NR,NR,NR,NR,NR,NR,NR,NR,NR,NR,NR,NR,NR,NR,NR,NR,NR,NR,NR,NR,NR,NR,NR,NR,NR,NR,NR,NR,,,2025-03-30
Gujarat,Jhalod,NR,,NR,NR,NR,NR,NR,NR,NR,NR,NR,NR,NR,NR,NR,NR,NR,NR,NR,NR,NR,NR,NR,NR,NR,NR,NR,NR,NR,NR,NR,NR,NR,NR,NR,NR,NR,NR,NR,,,2025-03-30
Gujarat,Songash,NR,,NR,NR,NR,NR,NR,NR,NR,NR,NR,NR,NR,NR,NR,NR,NR,NR,NR,NR,NR,NR,NR,NR,NR,NR,NR,NR,NR,NR,NR,NR,NR,NR,NR,NR,NR,NR,NR,,,2025-03-30
Madhya Pradesh,Bhopal,36,,32,35,90,134,123,102,85,45,58,169,172,160,145,165,NR,50,227,10,22,30,13,38,40,40,52,38,96,637,57,84,25,90,38,38,30,15,39,,,2025-03-30
Madhya Pradesh,Indore,41,,29,36,85,116,118,105,81,43,60,169,161,144,142,142,140,54,267,15,22,20,15,34,34,38,NR,40,81,640,59,87,30,83,32,34,23,15,28,,,2025-03-30
Madhya Pradesh,Gwalior,38,,32,37,77,135,120,113,90,45,60,210,162,172,142,179,NR,50,222,12,17,35,11,28,32,39,61,40,88,619,55,71,25,82,35,35,26,15,36,,,2025-03-30
Madhya Pradesh,Jabalpur,40,,30,36,85,125,116,108,86,45,56,188,165,133,141,152,118,46,250,16,21,29,10,38,42,42,56,46,94,637,56,78,26,86,32,36,25,16,40,,,2025-03-30
Madhya Pradesh,Rewa,32,,26,35,86,131,112,98,85,43,55,177,147,123,155,148,NR,54,237,18,21,33,15,NR,NR,35,NR,35,85,654,58,76,25,70,28,45,30,12,41,,,2025-03-30
Madhya Pradesh,Sagar,40,,26,29,73,119,115,105,87,45,59,181,167,143,147,164,139,41,235,16,19,23,9,40,42,40,59,41,87,681,58,68,25,77,28,31,24,13,38,,,2025-03-30
Madhya Pradesh,Jhabua,42,,30,35,83,122,114,112,93,44,56,186,170,166,143,163,NR,56,255,15,14,17,10,32,35,45,57,43,95,640,NR,75,20,95,34,34,30,17,33,,,2025-03-30
Madhya Pradesh,Hoshangabad,42,,33,40,81,126,113,101,81,44,56,190,148,129,139,145,109,50,227,12,25,26,10,43,49,44,50,42,101,721,61,84,21,69,29,45,19,19,42,,,2025-03-30
Madhya Pradesh,Shahdol,35,,29,35,86,133,112,110,83,44,50,200,136,125,121,154,NR,52,210,18,20,25,10,37,33,35,50,40,95,601,58,70,30,90,30,40,27,18,35,,,2025-03-30
Madhya Pradesh,Ujjain,43,,30,36,88,133,119,112,88,NR,NR,NR,NR,NR,NR,NR,NR,NR,NR,NR,NR,NR,NR,NR,NR,NR,NR,NR,NR,NR,NR,NR,NR,NR,NR,NR,NR,NR,NR,,,2025-03-30
Madhya Pradesh,Morena,40,,31,36,95,136,120,118,100,45,65,209,156,143,145,143,103,45,240,14,16,30,10,27,NR,39,NR,40,99,593,58,80,15,82,36,35,28,14,40,,,2025-03-30
Madhya Pradesh,Anuppur,35,,25,38,80,110,120,120,83,45,50,213,154,154,148,148,143,45,230,30,20,25,8,41,39,38,40,46,80,714,55,79,10,120,25,30,22,13,27,,,2025-03-30
Madhya Pradesh,Bhind,40,,36,39,85,129,120,115,87,44,58,179,146,131,123,120,98,51,244,15,16,27,9,32,42,37,62,41,92,633,56,75,18,88,33,43,26,16,40,,,2025-03-30
Madhya Pradesh,Dhar,43,,28,35,85,125,120,109,95,42,56,170,175,164,148,171,91,45,215,15,25,25,13,35,34,38,53,40,99,688,55,77,24,100,29,34,18,18,30,,,2025-03-30
Madhya Pradesh,Harda,40,,30,35,80,120,120,110,90,44,57,176,176,154,149,156,NR,41,220,28,25,25,10,40,40,46,80,46,90,630,58,72,30,80,30,26,20,15,28,,,2025-03-30
Madhya Pradesh,Katni,31,,29,34,95,130,130,115,80,42,50,165,154,126,148,154,100,50,205,19,30,25,8,35,38,45,55,45,100,604,58,80,20,85,40,40,27,15,35,,,2025-03-30
Madhya Pradesh,Khandwa,38,,27,32,87,110,100,100,84,44,54,182,134,111,117,118,NR,50,215,22,16,30,10,36,36,35,40,40,85,560,60,72,35,75,25,35,26,16,35,,,2025-03-30
Madhya Pradesh,Mandla,39,,33,40,80,100,115,110,82,44,50,201,165,150,157,165,159,40,227,30,19,20,5,45,47,40,63,45,90,659,60,71,18,80,23,34,20,15,37,,,2025-03-30
Madhya Pradesh,Rajgarh,NR,,NR,NR,NR,NR,NR,NR,NR,NR,NR,NR,NR,NR,NR,NR,NR,NR,NR,NR,NR,NR,NR,NR,NR,NR,NR,NR,NR,NR,NR,NR,NR,NR,NR,NR,NR,NR,NR,,,2025-03-30
Madhya Pradesh,Sidhi,NR,,NR,NR,NR,NR,NR,NR,NR,NR,NR,NR,NR,NR,NR,NR,NR,NR,NR,NR,NR,NR,NR,NR,NR,NR,NR,NR,NR,NR,NR,NR,NR,NR,NR,NR,NR,NR,NR,,,2025-03-30
Madhya Pradesh,Chattarpur,35,,28,34,90,130,118,110,77,45,48,190,165,148,154,141,105,57,230,20,18,28,10,33,38,40,48,48,95,600,57,72,23,92,28,43,23,15,47,,,2025-03-30
Madhya Pradesh,Neemuch,41,,26,32,82,132,115,110,85,40,62,176,135,130,123,129,NR,42,297,10,20,20,15,55,50,41,68,41,94,551,60,77,35,75,25,42,30,15,40,,,2025-03-30
Madhya Pradesh,Burhanpur,45,,32,35,84,122,115,115,81,44,56,175,173,178,156,177,164,45,315,29,25,25,11,35,39,39,NR,44,95,703,59,58,30,84,29,37,25,14,20,,,2025-03-30
Madhya Pradesh,Narshinpur,41,,27,32,76,120,115,100,80,42,56,198,157,121,126,121,NR,40,232,12,20,25,10,39,39,50,52,50,98,634,55,76,40,80,30,35,25,15,38,,,2025-03-30
Madhya Pradesh,Raisen,39,,30,34,78,130,120,105,80,45,57,181,165,154,143,NR,NR,43,237,10,20,28,10,39,40,39,NR,40,89,681,60,76,20,77,36,35,24,14,30,,,2025-03-30
Madhya Pradesh,Sheopur,40,,26,32,85,118,115,107,80,45,60,187,159,156,143,154,NR,48,230,28,20,27,15,27,29,45,58,45,90,659,58,84,15,95,40,40,30,15,40,,,2025-03-30
Madhya Pradesh,Agar malwa,42,,25,32,87,130,105,99,85,43,59,181,164,144,143,135,NR,43,272,20,24,25,15,41,44,43,NR,49,100,625,55,77,20,89,37,30,20,15,49,,,2025-03-30
Madhya Pradesh,Umaria,34,,32,34,77,115,115,111,80,45,56,190,152,143,137,132,NR,40,217,15,20,25,10,35,NR,40,NR,47,93,615,60,74,20,83,28,47,25,15,40,,,2025-03-30
Madhya Pradesh,Shajapur,40,,29,34,82,122,115,105,87,43,55,165,159,148,139,154,NR,45,243,18,20,27,11,37,33,40,NR,44,88,663,58,60,20,78,28,35,26,14,38,,,2025-03-30
Madhya Pradesh,Dewas,41,,27,33,83,122,112,102,89,43,60,168,169,154,147,164,NR,41,226,10,24,26,15,35,39,41,60,43,93,663,61,76,25,89,38,38,24,15,34,,,2025-03-30
Madhya Pradesh,Khargone,39,,31,38,95,115,122,110,85,43,50,186,156,136,126,132,NR,49,225,16,20,25,15,40,40,40,65,40,95,640,55,84,35,85,35,40,30,15,25,,,2025-03-30
Madhya Pradesh,Singrauli,38,,28,36,98,111,112,114,81,48,59,173,162,141,144,136,119,49,235,13,21,30,15,NR,41,37,NR,42,90,661,55,72,19,83,23,39,23,15,37,,,2025-03-30
Madhya Pradesh,Chhindwara,NR,,NR,NR,NR,NR,NR,NR,NR,NR,NR,NR,NR,NR,NR,NR,NR,NR,NR,NR,NR,NR,NR,NR,NR,NR,NR,NR,NR,NR,NR,NR,NR,NR,NR,NR,NR,NR,NR,,,2025-03-30
Madhya Pradesh,Sehore,40,,25,32,79,120,110,100,85,44,50,170,165,154,146,174,NR,48,200,10,20,20,6,NR,NR,49,NR,47,85,633,60,72,20,85,30,35,26,12,41,,,2025-03-30
Madhya Pradesh,MP-Ashoknagar,36,,30,32,86,123,110,100,90,44,55,176,150,150,143,142,NR,41,207,10,30,35,15,37,40,37,NR,38,90,639,55,90,30,90,38,45,25,15,32,,,2025-03-30
Madhya Pradesh,Balaghat,NR,,NR,NR,NR,NR,NR,NR,NR,NR,NR,NR,NR,NR,NR,NR,NR,NR,NR,NR,NR,NR,NR,NR,NR,NR,NR,NR,NR,NR,NR,NR,NR,NR,NR,NR,NR,NR,NR,,,2025-03-30
Madhya Pradesh,Guna,39,,24,30,78,122,112,100,80,44,57,194,165,174,156,178,137,40,200,20,18,22,10,31,39,55,82,55,87,659,60,71,28,83,33,40,28,15,33,,,2025-03-30
Madhya Pradesh,Ratlam,NR,,NR,NR,NR,NR,NR,NR,NR,NR,NR,NR,NR,NR,NR,NR,NR,NR,NR,NR,NR,NR,NR,NR,NR,NR,NR,NR,NR,NR,NR,NR,NR,NR,NR,NR,NR,NR,NR,,,2025-03-30
Madhya Pradesh,Satna,33,,29,35,90,120,90,85,82,48,60,220,172,163,159,170,117,52,230,22,26,35,15,35,42,35,60,37,83,600,58,70,24,70,45,50,20,13,44,,,2025-03-30
Madhya Pradesh,Vidisha,41,,33,35,78,120,118,112,86,44,60,174,168,156,150,166,NR,47,207,10,17,25,10,39,40,39,67,41,82,586,59,88,15,82,35,32,28,15,40,,,2025-03-30
Madhya Pradesh,Alirajpur,34,,28,38,95,130,110,110,90,42,55,178,134,130,118,123,NR,39,280,10,27,27,12,33,32,43,NR,46,96,599,57,96,16,80,39,47,30,17,30,,,2025-03-30
Madhya Pradesh,Betul,39,,27,30,80,115,105,105,80,44,55,178,178,141,148,170,NR,46,245,14,22,25,10,46,50,40,65,40,100,648,54,82,28,90,38,36,25,15,40,,,2025-03-30
Madhya Pradesh,Damoh,45,,30,35,80,120,118,110,80,43,60,187,170,141,140,153,NR,48,220,12,20,29,10,41,43,44,55,45,91,585,58,73,20,80,25,43,25,15,41,,,2025-03-30
Madhya Pradesh,Dindori,42,,35,37,85,115,110,100,90,44,66,176,187,126,147,165,NR,49,232,14,25,30,10,38,43,45,53,49,85,621,55,80,27,83,33,36,29,15,40,,,2025-03-30
Madhya Pradesh,Niwari,NR,,NR,NR,NR,NR,NR,NR,NR,NR,NR,NR,NR,NR,NR,NR,NR,NR,NR,NR,NR,NR,NR,NR,NR,NR,NR,NR,NR,NR,NR,NR,NR,NR,NR,NR,NR,NR,NR,,,2025-03-30
Madhya Pradesh,Seoni,NR,,NR,NR,NR,NR,NR,NR,NR,NR,NR,NR,NR,NR,NR,NR,NR,NR,NR,NR,NR,NR,NR,NR,NR,NR,NR,NR,NR,NR,NR,NR,NR,NR,NR,NR,NR,NR,NR,,,2025-03-30
Madhya Pradesh,Panna,NR,,NR,NR,NR,NR,NR,NR,NR,NR,NR,NR,NR,NR,NR,NR,NR,NR,NR,NR,NR,NR,NR,NR,NR,NR,NR,NR,NR,NR,NR,NR,NR,NR,NR,NR,NR,NR,NR,,,2025-03-30
Madhya Pradesh,Tikamgarh,35,,26,30,90,125,127,95,90,44,50,205,165,143,143,150,NR,50,200,20,20,25,10,30,35,40,31,44,110,653,58,70,20,85,29,42,20,17,40,,,2025-03-30
Madhya Pradesh,Datia,NR,,NR,NR,NR,NR,NR,NR,NR,NR,NR,NR,NR,NR,NR,NR,NR,NR,NR,NR,NR,NR,NR,NR,NR,NR,NR,NR,NR,NR,NR,NR,NR,NR,NR,NR,NR,NR,NR,,,2025-03-30
Madhya Pradesh,Maihar,NR,,NR,NR,NR,NR,NR,NR,NR,NR,NR,NR,NR,NR,NR,NR,NR,NR,NR,NR,NR,NR,NR,NR,NR,NR,NR,NR,NR,NR,NR,NR,NR,NR,NR,NR,NR,NR,NR,,,2025-03-30
Maharashtra,Mumbai,44,,47,56,94,144,138,132,99,50,58,221,180,169,162,177,141,87,310,28,32,32,25,42,56,57,66,55,134,679,58,74,70,112,77,53,59,19,45,,,2025-03-30
Maharashtra,Nagpur,47,,44,54,91,131,129,119,96,49,62,211,205,166,161,155,125,68,283,27,37,36,29,38,48,48,75,48,110,665,56,93,39,88,35,48,28,18,49,,,2025-03-30
Maharashtra,Pune,41,,44,54,86,139,113,115,86,49,72,195,178,155,152,163,150,53,326,31,40,39,24,39,42,38,40,41,99,505,59,86,42,84,34,32,33,15,43,,,2025-03-30
Maharashtra,Nashik,42,,43,44,85,135,124,115,92,42,56,180,212,168,151,165,154,54,317,27,32,32,23,44,55,52,55,51,104,643,58,70,68,103,55,40,31,15,37,,,2025-03-30
Maharashtra,Mangaon-Raigad,46,,41,50,91,125,133,118,92,43,55,217,174,192,153,164,148,59,353,29,29,26,36,43,52,44,55,46,97,732,60,68,38,92,58,48,28,17,62,,,2025-03-30
Maharashtra,Dharni,40,,30,40,80,118,106,116,84,45,57,184,176,158,156,181,NR,45,317,13,35,31,22,32,25,42,NR,44,93,767,60,71,38,68,44,42,22,18,36,,,2025-03-30
Maharashtra,Latur,53,,37,40,90,135,127,120,91,40,63,171,179,145,142,151,147,45,215,24,35,30,23,36,36,38,61,35,92,712,62,61,48,97,39,36,25,18,43,,,2025-03-30
Maharashtra,Akluj,50,,36,43,65,117,123,112,85,43,52,200,174,148,154,165,141,40,338,30,25,28,20,32,45,42,60,41,90,659,55,NR,40,90,31,43,19,12,25,,,2025-03-30
Maharashtra,Arni Yavatmal,46,,34,36,100,135,125,114,90,41,63,170,155,125,147,122,NR,57,300,10,30,31,20,35,32,47,70,55,103,783,55,72,30,99,45,42,40,15,40,,,2025-03-30
Maharashtra,Chandrapur,43,,36,41,82,122,127,117,98,43,69,188,182,167,147,157,NR,62,223,30,27,20,13,54,51,58,52,52,102,616,64,61,17,103,47,43,42,20,68,,,2025-03-30
Maharashtra,Karad Satara,38,,38,51,83,125,113,121,94,43,70,188,189,152,161,164,156,50,292,30,30,31,23,39,38,42,58,43,116,637,55,60,45,94,65,43,36,19,38,,,2025-03-30
Maharashtra,Ahemednagar,53,,44,49,89,124,124,119,99,43,53,169,186,153,158,164,153,46,249,30,24,21,19,31,35,37,44,39,108,567,58,55,42,79,29,59,29,18,25,,,2025-03-30
Maharashtra,Khultabad,53,,32,35,81,139,119,109,80,44,45,181,NR,136,143,146,131,55,296,20,38,34,31,33,35,49,NR,46,84,702,58,81,43,77,38,34,36,17,31,,,2025-03-30
Maharashtra,Islampur,48,,40,48,83,131,128,112,90,42,67,201,181,116,151,153,118,51,333,27,40,30,28,35,39,38,43,38,106,641,52,75,41,98,59,39,35,27,41,,,2025-03-30
Maharashtra,Kankavli,47,,44,47,97,120,127,117,98,45,58,209,197,157,157,161,153,53,342,20,29,28,20,40,39,46,47,46,114,667,54,72,30,72,43,42,27,16,67,,,2025-03-30
Maharashtra,Partur,50,,34,40,81,120,120,110,88,43,56,205,187,151,154,164,164,49,401,10,26,25,15,31,32,43,NR,47,87,775,NR,84,29,92,50,43,21,15,43,,,2025-03-30
Maharashtra,Gondia,51,,37,39,74,111,99,104,81,45,56,178,186,156,149,172,159,62,220,25,21,23,13,36,37,38,61,39,75,820,58,67,20,89,50,41,29,17,33,,,2025-03-30
Maharashtra,Jalgaon,47,,35,43,86,128,127,114,98,43,64,176,183,176,149,164,165,56,458,28,27,22,28,39,40,56,50,56,107,701,59,66,38,113,43,39,27,20,35,,,2025-03-30
Maharashtra,Akola,43,,36,45,83,127,128,115,97,43,65,191,192,155,151,159,139,56,307,26,30,30,23,39,40,46,65,47,112,723,55,72,40,90,45,55,22,17,33,,,2025-03-30
Rajasthan,Jaipur,NR,,NR,NR,NR,NR,NR,NR,NR,NR,NR,NR,NR,NR,NR,NR,NR,NR,NR,NR,NR,NR,NR,NR,NR,NR,NR,NR,NR,NR,NR,NR,NR,NR,NR,NR,NR,NR,NR,,,2025-03-30
Rajasthan,Jodhpur,NR,,NR,NR,NR,NR,NR,NR,NR,NR,NR,NR,NR,NR,NR,NR,NR,NR,NR,NR,NR,NR,NR,NR,NR,NR,NR,NR,NR,NR,NR,NR,NR,NR,NR,NR,NR,NR,NR,,,2025-03-30
Rajasthan,Kota,NR,,NR,NR,NR,NR,NR,NR,NR,NR,NR,NR,NR,NR,NR,NR,NR,NR,NR,NR,NR,NR,NR,NR,NR,NR,NR,NR,NR,NR,NR,NR,NR,NR,NR,NR,NR,NR,NR,,,2025-03-30
Rajasthan,Udaipur,NR,,NR,NR,NR,NR,NR,NR,NR,NR,NR,NR,NR,NR,NR,NR,NR,NR,NR,NR,NR,NR,NR,NR,NR,NR,NR,NR,NR,NR,NR,NR,NR,NR,NR,NR,NR,NR,NR,,,2025-03-30
Rajasthan,Bharatpur,NR,,NR,NR,NR,NR,NR,NR,NR,NR,NR,NR,NR,NR,NR,NR,NR,NR,NR,NR,NR,NR,NR,NR,NR,NR,NR,NR,NR,NR,NR,NR,NR,NR,NR,NR,NR,NR,NR,,,2025-03-30
Rajasthan,Ajmer,NR,,NR,NR,NR,NR,NR,NR,NR,NR,NR,NR,NR,NR,NR,NR,NR,NR,NR,NR,NR,NR,NR,NR,NR,NR,NR,NR,NR,NR,NR,NR,NR,NR,NR,NR,NR,NR,NR,,,2025-03-30
Rajasthan,Bikaner,40,,30,34,86,140,130,120,95,45,44,163,159,157,162,144,NR,52,282,15,35,35,33,33,33,49,58,49,106,540,54,70,54,78,68,49,25,13,45,,,2025-03-30
Rajasthan,Bundi,NR,,NR,NR,NR,NR,NR,NR,NR,NR,NR,NR,NR,NR,NR,NR,NR,NR,NR,NR,NR,NR,NR,NR,NR,NR,NR,NR,NR,NR,NR,NR,NR,NR,NR,NR,NR,NR,NR,,,2025-03-30
Rajasthan,Rajsamand,NR,,NR,NR,NR,NR,NR,NR,NR,NR,NR,NR,NR,NR,NR,NR,NR,NR,NR,NR,NR,NR,NR,NR,NR,NR,NR,NR,NR,NR,NR,NR,NR,NR,NR,NR,NR,NR,NR,,,2025-03-30
Rajasthan,Alwar,NR,,NR,NR,NR,NR,NR,NR,NR,NR,NR,NR,NR,NR,NR,NR,NR,NR,NR,NR,NR,NR,NR,NR,NR,NR,NR,NR,NR,NR,NR,NR,NR,NR,NR,NR,NR,NR,NR,,,2025-03-30
Rajasthan,Banswara,38,,26,33,96,143,126,118,90,41,53,170,146,112,106,150,NR,46,355,24,37,40,37,34,37,46,49,47,97,512,57,85,36,73,46,51,30,NR,38,,,2025-03-30
Rajasthan,Baran,NR,,NR,NR,NR,NR,NR,NR,NR,NR,NR,NR,NR,NR,NR,NR,NR,NR,NR,NR,NR,NR,NR,NR,NR,NR,NR,NR,NR,NR,NR,NR,NR,NR,NR,NR,NR,NR,NR,,,2025-03-30
Rajasthan,Barmer,NR,,NR,NR,NR,NR,NR,NR,NR,NR,NR,NR,NR,NR,NR,NR,NR,NR,NR,NR,NR,NR,NR,NR,NR,NR,NR,NR,NR,NR,NR,NR,NR,NR,NR,NR,NR,NR,NR,,,2025-03-30
Rajasthan,Bhilwara,NR,,NR,NR,NR,NR,NR,NR,NR,NR,NR,NR,NR,NR,NR,NR,NR,NR,NR,NR,NR,NR,NR,NR,NR,NR,NR,NR,NR,NR,NR,NR,NR,NR,NR,NR,NR,NR,NR,,,2025-03-30
Rajasthan,Chhitorgarh,NR,,NR,NR,NR,NR,NR,NR,NR,NR,NR,NR,NR,NR,NR,NR,NR,NR,NR,NR,NR,NR,NR,NR,NR,NR,NR,NR,NR,NR,NR,NR,NR,NR,NR,NR,NR,NR,NR,,,2025-03-30
Rajasthan,Churu,NR,,NR,NR,NR,NR,NR,NR,NR,NR,NR,NR,NR,NR,NR,NR,NR,NR,NR,NR,NR,NR,NR,NR,NR,NR,NR,NR,NR,NR,NR,NR,NR,NR,NR,NR,NR,NR,NR,,,2025-03-30
Rajasthan,Dholapur,NR,,NR,NR,NR,NR,NR,NR,NR,NR,NR,NR,NR,NR,NR,NR,NR,NR,NR,NR,NR,NR,NR,NR,NR,NR,NR,NR,NR,NR,NR,NR,NR,NR,NR,NR,NR,NR,NR,,,2025-03-30
Rajasthan,Dungarpur,NR,,NR,NR,NR,NR,NR,NR,NR,NR,NR,NR,NR,NR,NR,NR,NR,NR,NR,NR,NR,NR,NR,NR,NR,NR,NR,NR,NR,NR,NR,NR,NR,NR,NR,NR,NR,NR,NR,,,2025-03-30
Rajasthan,Hanumangarh,NR,,NR,NR,NR,NR,NR,NR,NR,NR,NR,NR,NR,NR,NR,NR,NR,NR,NR,NR,NR,NR,NR,NR,NR,NR,NR,NR,NR,NR,NR,NR,NR,NR,NR,NR,NR,NR,NR,,,2025-03-30
Rajasthan,Jaisalmer,NR,,NR,NR,NR,NR,NR,NR,NR,NR,NR,NR,NR,NR,NR,NR,NR,NR,NR,NR,NR,NR,NR,NR,NR,NR,NR,NR,NR,NR,NR,NR,NR,NR,NR,NR,NR,NR,NR,,,2025-03-30
Rajasthan,Jalore,39,,33,34,95,110,125,110,90,42,54,197,138,127,137,150,NR,42,310,15,34,34,23,30,40,41,NR,50,69,545,60,78,73,98,41,40,40,17,43,,,2025-03-30
Rajasthan,Jhalawar,NR,,NR,NR,NR,NR,NR,NR,NR,NR,NR,NR,NR,NR,NR,NR,NR,NR,NR,NR,NR,NR,NR,NR,NR,NR,NR,NR,NR,NR,NR,NR,NR,NR,NR,NR,NR,NR,NR,,,2025-03-30
Rajasthan,Jhunjhunu,NR,,NR,NR,NR,NR,NR,NR,NR,NR,NR,NR,NR,NR,NR,NR,NR,NR,NR,NR,NR,NR,NR,NR,NR,NR,NR,NR,NR,NR,NR,NR,NR,NR,NR,NR,NR,NR,NR,,,2025-03-30
Rajasthan,Karauli,NR,,NR,NR,NR,NR,NR,NR,NR,NR,NR,NR,NR,NR,NR,NR,NR,NR,NR,NR,NR,NR,NR,NR,NR,NR,NR,NR,NR,NR,NR,NR,NR,NR,NR,NR,NR,NR,NR,,,2025-03-30
Rajasthan,Nagaur,NR,,NR,NR,NR,NR,NR,NR,NR,NR,NR,NR,NR,NR,NR,NR,NR,NR,NR,NR,NR,NR,NR,NR,NR,NR,NR,NR,NR,NR,NR,NR,NR,NR,NR,NR,NR,NR,NR,,,2025-03-30
Rajasthan,Pali,NR,,NR,NR,NR,NR,NR,NR,NR,NR,NR,NR,NR,NR,NR,NR,NR,NR,NR,NR,NR,NR,NR,NR,NR,NR,NR,NR,NR,NR,NR,NR,NR,NR,NR,NR,NR,NR,NR,,,2025-03-30
Rajasthan,RJ-Pratapgarh,NR,,NR,NR,NR,NR,NR,NR,NR,NR,NR,NR,NR,NR,NR,NR,NR,NR,NR,NR,NR,NR,NR,NR,NR,NR,NR,NR,NR,NR,NR,NR,NR,NR,NR,NR,NR,NR,NR,,,2025-03-30
Rajasthan,Sikar,NR,,NR,NR,NR,NR,NR,NR,NR,NR,NR,NR,NR,NR,NR,NR,NR,NR,NR,NR,NR,NR,NR,NR,NR,NR,NR,NR,NR,NR,NR,NR,NR,NR,NR,NR,NR,NR,NR,,,2025-03-30
Rajasthan,Sirohi,43,,35,38,85,150,120,95,80,42,51,203,148,127,128,130,115,49,250,17,21,30,20,26,35,42,105,43,92,520,60,94,41,70,60,30,22,10,37,,,2025-03-30
Rajasthan,Sri Ganganagar,NR,,NR,NR,NR,NR,NR,NR,NR,NR,NR,NR,NR,NR,NR,NR,NR,NR,NR,NR,NR,NR,NR,NR,NR,NR,NR,NR,NR,NR,NR,NR,NR,NR,NR,NR,NR,NR,NR,,,2025-03-30
Rajasthan,Tonk,NR,,NR,NR,NR,NR,NR,NR,NR,NR,NR,NR,NR,NR,NR,NR,NR,NR,NR,NR,NR,NR,NR,NR,NR,NR,NR,NR,NR,NR,NR,NR,NR,NR,NR,NR,NR,NR,NR,,,2025-03-30
Rajasthan,Sawai Madhopur,NR,,NR,NR,NR,NR,NR,NR,NR,NR,NR,NR,NR,NR,NR,NR,NR,NR,NR,NR,NR,NR,NR,NR,NR,NR,NR,NR,NR,NR,NR,NR,NR,NR,NR,NR,NR,NR,NR,,,2025-03-30
EAST ZONE,EAST ZONE,,,,,,,,,,,,,,,,,,,,,,,,,,,,,,,,,,,,,,,,,,2025-03-30
Bihar,Patna,39,,31,37,80,130,118,105,80,47,56,NR,159,177,178,186,177,44,278,26,20,32,12,NR,NR,39,NR,40,100,600,56,84,28,90,40,40,25,15,41,,,2025-03-30
Bihar,Bhagalpur,NR,,NR,NR,NR,NR,NR,NR,NR,NR,NR,NR,NR,NR,NR,NR,NR,NR,NR,NR,NR,NR,NR,NR,NR,NR,NR,NR,NR,NR,NR,NR,NR,NR,NR,NR,NR,NR,NR,,,2025-03-30
Bihar,Purnia,38,,35,41,75,107,109,107,77,48,51,NR,169,160,162,NR,145,43,324,14,19,25,22,44,35,44,67,44,112,692,55,82,24,122,24,52,41,17,45,,,2025-03-30
Bihar,Darbhanga,NR,,NR,NR,NR,NR,NR,NR,NR,NR,NR,NR,NR,NR,NR,NR,NR,NR,NR,NR,NR,NR,NR,NR,NR,NR,NR,NR,NR,NR,NR,NR,NR,NR,NR,NR,NR,NR,NR,,,2025-03-30
Bihar,Gaya,NR,,NR,NR,NR,NR,NR,NR,NR,NR,NR,NR,NR,NR,NR,NR,NR,NR,NR,NR,NR,NR,NR,NR,NR,NR,NR,NR,NR,NR,NR,NR,NR,NR,NR,NR,NR,NR,NR,,,2025-03-30
Bihar,Muzzafarpur,37,,29,35,81,126,121,119,81,46,57,NR,171,155,166,195,145,44,287,25,16,27,14,47,59,39,53,40,103,666,57,81,25,92,36,39,26,15,51,,,2025-03-30
Bihar,Saran,NR,,NR,NR,NR,NR,NR,NR,NR,NR,NR,NR,NR,NR,NR,NR,NR,NR,NR,NR,NR,NR,NR,NR,NR,NR,NR,NR,NR,NR,NR,NR,NR,NR,NR,NR,NR,NR,NR,,,2025-03-30
Bihar,Munger,NR,,NR,NR,NR,NR,NR,NR,NR,NR,NR,NR,NR,NR,NR,NR,NR,NR,NR,NR,NR,NR,NR,NR,NR,NR,NR,NR,NR,NR,NR,NR,NR,NR,NR,NR,NR,NR,NR,,,2025-03-30
Bihar,Saharsa,NR,,NR,NR,NR,NR,NR,NR,NR,NR,NR,NR,NR,NR,NR,NR,NR,NR,NR,NR,NR,NR,NR,NR,NR,NR,NR,NR,NR,NR,NR,NR,NR,NR,NR,NR,NR,NR,NR,,,2025-03-30
Bihar,Madhubani,40,,30,35,85,140,120,112,80,44,53,215,166,157,158,169,125,46,273,21,18,30,21,NR,NR,34,48,35,112,619,55,71,22,84,32,34,26,12,45,,,2025-03-30
Bihar,Rohtas (Sasaram),33,,35,42,82,120,103,92,81,48,62,207,170,150,167,183,153,46,210,25,18,29,14,38,64,34,54,37,106,674,60,82,19,88,26,49,35,14,29,,,2025-03-30
Bihar,Motihari,47,,35,39,87,125,119,107,80,46,57,213,169,185,169,191,147,50,284,19,21,30,20,NR,NR,36,NR,34,110,602,52,76,33,81,31,50,25,18,32,,,2025-03-30
Bihar,Samastipur,NR,,NR,NR,NR,NR,NR,NR,NR,NR,NR,NR,NR,NR,NR,NR,NR,NR,NR,NR,NR,NR,NR,NR,NR,NR,NR,NR,NR,NR,NR,NR,NR,NR,NR,NR,NR,NR,NR,,,2025-03-30
Bihar,Katihar,40,,32,35,93,127,128,109,79,46,59,NR,183,128,133,146,NR,48,305,20,23,34,27,NR,NR,33,NR,34,110,593,NR,72,38,98,22,50,20,13,NR,,,2025-03-30
Bihar,Araria,36,,28,35,85,150,130,115,80,45,55,NR,169,137,137,165,110,50,300,20,18,32,20,55,60,40,70,40,100,608,58,80,15,95,46,55,37,16,41,,,2025-03-30
Bihar,Nawada,NR,,NR,NR,NR,NR,NR,NR,NR,NR,NR,NR,NR,NR,NR,NR,NR,NR,NR,NR,NR,NR,NR,NR,NR,NR,NR,NR,NR,NR,NR,NR,NR,NR,NR,NR,NR,NR,NR,,,2025-03-30
Bihar,Khagaria,NR,,NR,NR,NR,NR,NR,NR,NR,NR,NR,NR,NR,NR,NR,NR,NR,NR,NR,NR,NR,NR,NR,NR,NR,NR,NR,NR,NR,NR,NR,NR,NR,NR,NR,NR,NR,NR,NR,,,2025-03-30
Bihar,Banka,NR,,NR,NR,NR,NR,NR,NR,NR,NR,NR,NR,NR,NR,NR,NR,NR,NR,NR,NR,NR,NR,NR,NR,NR,NR,NR,NR,NR,NR,NR,NR,NR,NR,NR,NR,NR,NR,NR,,,2025-03-30
Bihar,Arwal,NR,,NR,NR,NR,NR,NR,NR,NR,NR,NR,NR,NR,NR,NR,NR,NR,NR,NR,NR,NR,NR,NR,NR,NR,NR,NR,NR,NR,NR,NR,NR,NR,NR,NR,NR,NR,NR,NR,,,2025-03-30
Bihar,Aurangabad,NR,,NR,NR,NR,NR,NR,NR,NR,NR,NR,NR,NR,NR,NR,NR,NR,NR,NR,NR,NR,NR,NR,NR,NR,NR,NR,NR,NR,NR,NR,NR,NR,NR,NR,NR,NR,NR,NR,,,2025-03-30
Bihar,Begusarai,37,,29,35,92,158,124,105,81,45,55,239,171,168,160,159,139,46,262,14,22,24,24,52,42,35,52,37,108,623,58,78,39,77,26,56,34,17,35,,,2025-03-30
Bihar,Bhojpur Ara,NR,,NR,NR,NR,NR,NR,NR,NR,NR,NR,NR,NR,NR,NR,NR,NR,NR,NR,NR,NR,NR,NR,NR,NR,NR,NR,NR,NR,NR,NR,NR,NR,NR,NR,NR,NR,NR,NR,,,2025-03-30
Bihar,Buxar,NR,,NR,NR,NR,NR,NR,NR,NR,NR,NR,NR,NR,NR,NR,NR,NR,NR,NR,NR,NR,NR,NR,NR,NR,NR,NR,NR,NR,NR,NR,NR,NR,NR,NR,NR,NR,NR,NR,,,2025-03-30
Bihar,Gopalganj,NR,,NR,NR,NR,NR,NR,NR,NR,NR,NR,NR,NR,NR,NR,NR,NR,NR,NR,NR,NR,NR,NR,NR,NR,NR,NR,NR,NR,NR,NR,NR,NR,NR,NR,NR,NR,NR,NR,,,2025-03-30
Bihar,Jamui,NR,,NR,NR,NR,NR,NR,NR,NR,NR,NR,NR,NR,NR,NR,NR,NR,NR,NR,NR,NR,NR,NR,NR,NR,NR,NR,NR,NR,NR,NR,NR,NR,NR,NR,NR,NR,NR,NR,,,2025-03-30
Bihar,Jehanabad,37,,28,35,94,154,129,113,71,42,55,NR,190,169,168,NR,NR,47,247,24,18,37,16,NR,NR,37,NR,40,100,650,56,100,28,77,25,41,24,20,52,,,2025-03-30
Bihar,Kaimur,NR,,NR,NR,NR,NR,NR,NR,NR,NR,NR,NR,NR,NR,NR,NR,NR,NR,NR,NR,NR,NR,NR,NR,NR,NR,NR,NR,NR,NR,NR,NR,NR,NR,NR,NR,NR,NR,NR,,,2025-03-30
Bihar,Kishanganj,NR,,NR,NR,NR,NR,NR,NR,NR,NR,NR,NR,NR,NR,NR,NR,NR,NR,NR,NR,NR,NR,NR,NR,NR,NR,NR,NR,NR,NR,NR,NR,NR,NR,NR,NR,NR,NR,NR,,,2025-03-30
Bihar,Lakhisarai,40,,30,36,74,145,114,115,90,47,59,NR,154,129,142,NR,129,45,257,27,20,31,21,51,53,51,51,49,100,603,59,95,31,79,39,40,31,14,31,,,2025-03-30
Bihar,Medhepura,39,,29,37,81,121,113,109,79,47,56,NR,169,155,161,164,144,47,308,16,19,29,21,NR,NR,36,NR,37,99,614,57,89,31,79,27,46,34,15,43,,,2025-03-30
Bihar,Nalanda,NR,,NR,NR,NR,NR,NR,NR,NR,NR,NR,NR,NR,NR,NR,NR,NR,NR,NR,NR,NR,NR,NR,NR,NR,NR,NR,NR,NR,NR,NR,NR,NR,NR,NR,NR,NR,NR,NR,,,2025-03-30
Bihar,Sheikhpura,NR,,NR,NR,NR,NR,NR,NR,NR,NR,NR,NR,NR,NR,NR,NR,NR,NR,NR,NR,NR,NR,NR,NR,NR,NR,NR,NR,NR,NR,NR,NR,NR,NR,NR,NR,NR,NR,NR,,,2025-03-30
Bihar,Sheohar,39,,29,38,82,130,134,117,81,45,58,178,171,155,166,178,138,51,232,24,20,32,19,NR,NR,37,41,39,106,670,46,75,18,82,27,45,22,13,57,,,2025-03-30
Bihar,Sitamarhi,NR,,NR,NR,NR,NR,NR,NR,NR,NR,NR,NR,NR,NR,NR,NR,NR,NR,NR,NR,NR,NR,NR,NR,NR,NR,NR,NR,NR,NR,NR,NR,NR,NR,NR,NR,NR,NR,NR,,,2025-03-30
Bihar,Siwan,NR,,NR,NR,NR,NR,NR,NR,NR,NR,NR,NR,NR,NR,NR,NR,NR,NR,NR,NR,NR,NR,NR,NR,NR,NR,NR,NR,NR,NR,NR,NR,NR,NR,NR,NR,NR,NR,NR,,,2025-03-30
Bihar,Supaul,36,,28,32,91,132,121,114,76,45,55,NR,174,129,NR,NR,115,46,265,12,15,29,20,NR,NR,35,NR,35,110,580,58,84,30,80,26,56,35,15,55,,,2025-03-30
Bihar,Vaishali,37,,32,35,75,122,117,102,76,48,50,181,156,132,169,176,146,45,207,29,15,35,17,49,49,35,40,39,85,659,55,94,26,76,26,34,18,12,38,,,2025-03-30
Bihar,West Champaran,NR,,NR,NR,NR,NR,NR,NR,NR,NR,NR,NR,NR,NR,NR,NR,NR,NR,NR,NR,NR,NR,NR,NR,NR,NR,NR,NR,NR,NR,NR,NR,NR,NR,NR,NR,NR,NR,NR,,,2025-03-30
Jharkhand,Ranchi,43,,37,41,82,123,120,110,80,46,58,251,169,150,169,169,142,51,237,28,15,33,13,NR,NR,40,NR,48,114,586,59,76,23,95,50,55,37,15,50,,,2025-03-30
Jharkhand,Gumla,NR,,NR,NR,NR,NR,NR,NR,NR,NR,NR,NR,NR,NR,NR,NR,NR,NR,NR,NR,NR,NR,NR,NR,NR,NR,NR,NR,NR,NR,NR,NR,NR,NR,NR,NR,NR,NR,NR,,,2025-03-30
Jharkhand,Sahibganj,NR,,NR,NR,NR,NR,NR,NR,NR,NR,NR,NR,NR,NR,NR,NR,NR,NR,NR,NR,NR,NR,NR,NR,NR,NR,NR,NR,NR,NR,NR,NR,NR,NR,NR,NR,NR,NR,NR,,,2025-03-30
Jharkhand,Bokaro,34,,35,36,87,153,98,106,86,46,57,189,172,160,164,182,145,51,322,25,23,29,23,NR,NR,33,NR,40,100,709,55,89,25,81,28,42,25,13,60,,,2025-03-30
Jharkhand,Lohardaga,35,,32,36,85,160,125,110,80,45,61,NR,151,129,140,152,127,44,203,26,20,25,9,NR,NR,37,29,40,90,650,56,73,25,80,42,30,33,11,38,,,2025-03-30
Jharkhand,Simdega,NR,,NR,NR,NR,NR,NR,NR,NR,NR,NR,NR,NR,NR,NR,NR,NR,NR,NR,NR,NR,NR,NR,NR,NR,NR,NR,NR,NR,NR,NR,NR,NR,NR,NR,NR,NR,NR,NR,,,2025-03-30
Jharkhand,Dhanbad,40,,36,38,75,119,118,110,80,45,58,242,168,152,170,181,132,50,250,25,19,35,13,35,51,40,50,40,95,714,56,80,30,88,35,42,33,18,45,,,2025-03-30
Jharkhand,Jamshedpur (East Singbhum),40,,35,38,100,135,125,120,90,45,58,219,176,165,154,165,132,56,200,27,22,33,15,32,30,40,59,50,100,604,58,81,40,85,30,34,28,12,50,,,2025-03-30
Jharkhand,Giridhi,NR,,NR,NR,NR,NR,NR,NR,NR,NR,NR,NR,NR,NR,NR,NR,NR,NR,NR,NR,NR,NR,NR,NR,NR,NR,NR,NR,NR,NR,NR,NR,NR,NR,NR,NR,NR,NR,NR,,,2025-03-30
Jharkhand,Seraikella,NR,,NR,NR,NR,NR,NR,NR,NR,NR,NR,NR,NR,NR,NR,NR,NR,NR,NR,NR,NR,NR,NR,NR,NR,NR,NR,NR,NR,NR,NR,NR,NR,NR,NR,NR,NR,NR,NR,,,2025-03-30
Jharkhand,West Singhbhum,NR,,NR,NR,NR,NR,NR,NR,NR,NR,NR,NR,NR,NR,NR,NR,NR,NR,NR,NR,NR,NR,NR,NR,NR,NR,NR,NR,NR,NR,NR,NR,NR,NR,NR,NR,NR,NR,NR,,,2025-03-30
Jharkhand,Daltonganj,34,,24,35,92,128,110,114,83,45,60,NR,169,139,151,NR,134,50,254,25,19,25,9,NR,NR,36,49,37,116,605,61,91,17,82,46,49,27,15,31,,,2025-03-30
Jharkhand,Deoghar,45,,38,39,100,130,140,110,80,50,60,176,165,176,165,187,154,50,300,30,20,30,10,60,50,45,100,55,100,769,60,80,30,90,40,40,30,18,40,,,2025-03-30
Jharkhand,Ramgarh,37,,36,38,NR,120,115,110,78,48,NR,NR,176,165,170,209,159,45,280,25,20,30,10,NR,NR,NR,NR,NR,NR,NR,NR,NR,NR,NR,NR,NR,NR,NR,NR,,,2025-03-30
Jharkhand,Pakur,43,,37,41,86,125,120,93,87,48,61,NR,172,157,146,179,148,62,313,28,15,24,12,40,41,45,43,60,112,637,60,69,21,72,23,34,24,14,41,,,2025-03-30
Jharkhand,Jamtara,NR,,NR,NR,NR,NR,NR,NR,NR,NR,NR,NR,NR,NR,NR,NR,NR,NR,NR,NR,NR,NR,NR,NR,NR,NR,NR,NR,NR,NR,NR,NR,NR,NR,NR,NR,NR,NR,NR,,,2025-03-30
Jharkhand,Latehar,NR,,NR,NR,NR,NR,NR,NR,NR,NR,NR,NR,NR,NR,NR,NR,NR,NR,NR,NR,NR,NR,NR,NR,NR,NR,NR,NR,NR,NR,NR,NR,NR,NR,NR,NR,NR,NR,NR,,,2025-03-30
Jharkhand,Godda,NR,,NR,NR,NR,NR,NR,NR,NR,NR,NR,NR,NR,NR,NR,NR,NR,NR,NR,NR,NR,NR,NR,NR,NR,NR,NR,NR,NR,NR,NR,NR,NR,NR,NR,NR,NR,NR,NR,,,2025-03-30
Jharkhand,Koderma,39,,33,38,80,120,119,110,80,46,60,198,170,154,170,197,141,51,200,28,20,25,19,46,NR,41,50,41,101,681,60,80,24,85,44,42,21,19,40,,,2025-03-30
Odisha,Bhubaneshwar,42,,39,46,80,115,106,115,80,48,52,NR,171,152,NR,165,137,55,230,27,19,30,20,NR,NR,42,54,44,90,NR,NR,80,33,83,35,30,20,15,50,,,2025-03-30
Odisha,Cuttack,41,,37,46,81,115,110,111,79,47,52,NR,175,154,NR,166,141,54,260,29,18,31,21,41,42,43,45,45,100,743,NR,72,32,86,NR,33,21,14,58,,,2025-03-30
Odisha,Sambalpur,40,,40,45,76,110,103,100,76,47,52,NR,174,154,NR,165,140,45,240,28,15,25,15,40,45,41,50,42,90,671,NR,72,32,90,37,37,30,18,60,,,2025-03-30
Odisha,Rourkela,35,,38,40,80,112,105,105,77,46,52,NR,180,153,145,165,146,51,180,26,20,26,8,35,40,40,40,42,105,529,58,85,22,81,30,36,26,15,41,,,2025-03-30
Odisha,Berhampur,NR,,NR,NR,NR,NR,NR,NR,NR,NR,NR,NR,NR,NR,NR,NR,NR,NR,NR,NR,NR,NR,NR,NR,NR,NR,NR,NR,NR,NR,NR,NR,NR,NR,NR,NR,NR,NR,NR,,,2025-03-30
Odisha,Jeypore,45,,40,40,80,115,108,107,80,46,52,NR,174,158,154,165,137,50,237,29,20,26,15,40,40,40,45,44,80,736,60,60,30,78,30,35,21,12,47,,,2025-03-30
Odisha,Balasore,NR,,NR,NR,NR,NR,NR,NR,NR,NR,NR,NR,NR,NR,NR,NR,NR,NR,NR,NR,NR,NR,NR,NR,NR,NR,NR,NR,NR,NR,NR,NR,NR,NR,NR,NR,NR,NR,NR,,,2025-03-30
Odisha,Baripada,37,,36,45,83,132,115,112,83,45,52,NR,190,160,NR,160,143,56,246,26,15,27,21,35,NR,40,45,42,100,607,58,75,31,93,26,43,30,12,61,,,2025-03-30
Odisha,Balangir,39,,39,41,80,116,109,109,82,46,52,NR,184,152,NR,163,141,50,NR,29,20,30,10,NR,NR,45,NR,47,87,703,60,65,23,77,30,35,26,15,40,,,2025-03-30
Odisha,Angul,NR,,NR,NR,NR,NR,NR,NR,NR,NR,NR,NR,NR,NR,NR,NR,NR,NR,NR,NR,NR,NR,NR,NR,NR,NR,NR,NR,NR,NR,NR,NR,NR,NR,NR,NR,NR,NR,NR,,,2025-03-30
Odisha,Boudhgarh,32,,NR,NR,80,155,125,120,90,42,55,NR,179,110,NR,163,NR,48,NR,27,35,35,20,NR,NR,NR,NR,45,75,650,58,84,25,100,40,88,NR,NR,40,,,2025-03-30
Odisha,Dhenkanal,NR,,NR,NR,NR,NR,NR,NR,NR,NR,NR,NR,NR,NR,NR,NR,NR,NR,NR,NR,NR,NR,NR,NR,NR,NR,NR,NR,NR,NR,NR,NR,NR,NR,NR,NR,NR,NR,NR,,,2025-03-30
Odisha,Jagatsinghpur,33,,40,45,80,115,120,108,80,46,56,NR,176,181,NR,165,138,45,240,25,16,25,17,NR,NR,44,NR,45,105,600,58,72,40,81,38,35,25,13,60,,,2025-03-30
Odisha,Kandhamal,NR,,NR,NR,NR,NR,NR,NR,NR,NR,NR,NR,NR,NR,NR,NR,NR,NR,NR,NR,NR,NR,NR,NR,NR,NR,NR,NR,NR,NR,NR,NR,NR,NR,NR,NR,NR,NR,NR,,,2025-03-30
Odisha,Keonjhar,40,,40,45,85,120,115,112,80,46,52,NR,176,154,NR,163,141,49,NR,28,16,30,20,47,45,43,50,47,102,711,60,70,40,85,40,39,25,14,50,,,2025-03-30
Odisha,Malkangiri,40,,35,43,100,125,120,115,85,44,60,NR,179,158,NR,169,149,60,340,22,20,30,20,NR,NR,38,35,40,76,699,57,80,30,80,34,56,22,14,45,,,2025-03-30
Odisha,Nabarangpur,NR,,NR,NR,NR,NR,NR,NR,NR,NR,NR,NR,NR,NR,NR,NR,NR,NR,NR,NR,NR,NR,NR,NR,NR,NR,NR,NR,NR,NR,NR,NR,NR,NR,NR,NR,NR,NR,NR,,,2025-03-30
Odisha,Nayagarh,40,,NR,42,85,120,120,110,85,45,52,NR,177,178,NR,165,144,57,340,26,18,30,19,NR,NR,38,43,43,85,651,57,84,31,85,31,44,26,14,40,,,2025-03-30
Odisha,Nuapada,NR,,NR,NR,NR,NR,NR,NR,NR,NR,NR,NR,NR,NR,NR,NR,NR,NR,NR,NR,NR,NR,NR,NR,NR,NR,NR,NR,NR,NR,NR,NR,NR,NR,NR,NR,NR,NR,NR,,,2025-03-30
Odisha,Paralakhemundi Gajapati,41,,NR,41,NR,136,NR,121,87,45,NR,NR,171,149,NR,156,NR,51,185,25,22,39,20,44,73,45,52,45,70,633,50,71,23,118,44,57,39,21,46,,,2025-03-30
Odisha,Puri,39,,NR,45,78,121,113,109,80,46,58,NR,176,156,NR,163,139,59,279,23,18,27,22,NR,NR,41,NR,44,85,672,58,67,38,99,41,40,25,17,48,,,2025-03-30
Odisha,Rayagada,40,,35,49,83,115,118,110,80,47,56,176,177,160,NR,166,143,50,NR,27,19,28,20,NR,NR,48,35,49,85,697,55,72,33,82,38,39,31,13,40,,,2025-03-30
Odisha,Sonepur,NR,,NR,NR,NR,NR,NR,NR,NR,NR,NR,NR,NR,NR,NR,NR,NR,NR,NR,NR,NR,NR,NR,NR,NR,NR,NR,NR,NR,NR,NR,NR,NR,NR,NR,NR,NR,NR,NR,,,2025-03-30
Odisha,Bhadrak,NR,,NR,NR,NR,NR,NR,NR,NR,NR,NR,NR,NR,NR,NR,NR,NR,NR,NR,NR,NR,NR,NR,NR,NR,NR,NR,NR,NR,NR,NR,NR,NR,NR,NR,NR,NR,NR,NR,,,2025-03-30
Odisha,Jharsuguda,NR,,NR,NR,NR,NR,NR,NR,NR,NR,NR,NR,NR,NR,NR,NR,NR,NR,NR,NR,NR,NR,NR,NR,NR,NR,NR,NR,NR,NR,NR,NR,NR,NR,NR,NR,NR,NR,NR,,,2025-03-30
Odisha,Kendrapara,39,,40,46,85,125,108,104,85,45,52,NR,NR,NR,NR,NR,NR,51,260,28,17,30,18,NR,NR,41,59,45,87,690,60,74,35,85,31,36,24,14,50,,,2025-03-30
Odisha,Jajpur,NR,,NR,NR,NR,NR,NR,NR,NR,NR,NR,NR,NR,NR,NR,NR,NR,NR,NR,NR,NR,NR,NR,NR,NR,NR,NR,NR,NR,NR,NR,NR,NR,NR,NR,NR,NR,NR,NR,,,2025-03-30
Odisha,Kalahandi,40,,37,49,82,113,113,111,81,46,52,NR,178,159,NR,166,143,50,393,28,19,27,15,NR,NR,40,37,49,100,628,NR,68,28,82,27,31,22,11,50,,,2025-03-30
West Bengal,Kolkata,NR,,NR,NR,NR,NR,NR,NR,NR,NR,NR,NR,NR,NR,NR,NR,NR,NR,NR,NR,NR,NR,NR,NR,NR,NR,NR,NR,NR,NR,NR,NR,NR,NR,NR,NR,NR,NR,NR,,,2025-03-30
West Bengal,Siliguri,34,,32,35,81,135,124,109,94,44,56,200,170,141,134,154,114,58,174,25,12,29,10,33,41,39,55,50,97,590,55,88,15,89,47,39,29,11,50,,,2025-03-30
West Bengal,Purulia,26,,NR,42,90,172,126,120,100,47,59,178,183,178,151,155,147,54,292,29,13,25,15,NR,NR,45,NR,53,108,687,56,69,20,105,33,53,37,30,42,,,2025-03-30
West Bengal,Kharagpur,61,,40,45,84,165,132,122,108,45,59,214,176,150,155,152,147,35,248,28,15,36,12,NR,NR,45,NR,41,NR,621,62,83,30,70,49,47,30,16,43,,,2025-03-30
West Bengal,Rampurhat,NR,,NR,NR,NR,NR,NR,NR,NR,NR,NR,NR,NR,NR,NR,NR,NR,NR,NR,NR,NR,NR,NR,NR,NR,NR,NR,NR,NR,NR,NR,NR,NR,NR,NR,NR,NR,NR,NR,,,2025-03-30
West Bengal,Malda,NR,,NR,NR,NR,NR,NR,NR,NR,NR,NR,NR,NR,NR,NR,NR,NR,NR,NR,NR,NR,NR,NR,NR,NR,NR,NR,NR,NR,NR,NR,NR,NR,NR,NR,NR,NR,NR,NR,,,2025-03-30
West Bengal,Raiganj,39,,28,35,81,168,123,105,91,44,46,195,181,113,145,136,117,56,248,10,23,38,22,NR,NR,30,NR,42,63,569,49,104,44,105,21,52,30,13,58,,,2025-03-30
West Bengal,Alipurduar,39,,NR,44,80,140,131,119,107,48,60,NR,190,172,159,137,123,51,237,10,19,30,15,NR,NR,42,NR,45,93,573,62,79,29,55,24,63,35,24,NR,,,2025-03-30
West Bengal,Asansol,NR,,NR,NR,NR,NR,NR,NR,NR,NR,NR,NR,NR,NR,NR,NR,NR,NR,NR,NR,NR,NR,NR,NR,NR,NR,NR,NR,NR,NR,NR,NR,NR,NR,NR,NR,NR,NR,NR,,,2025-03-30
West Bengal,Balurghat,NR,,NR,NR,NR,NR,NR,NR,NR,NR,NR,NR,NR,NR,NR,NR,NR,NR,NR,NR,NR,NR,NR,NR,NR,NR,NR,NR,NR,NR,NR,NR,NR,NR,NR,NR,NR,NR,NR,,,2025-03-30
West Bengal,Bankura,35,,NR,38,78,142,121,113,85,48,62,NR,180,136,149,172,147,49,262,18,12,25,10,NR,NR,36,NR,50,77,527,58,66,18,95,35,33,25,9,48,,,2025-03-30
West Bengal,Barasat,46,,31,41,93,143,109,111,89,45,54,178,171,171,146,168,144,55,238,20,16,21,11,56,55,40,65,52,65,611,57,65,53,79,32,27,22,10,37,,,2025-03-30
West Bengal,Bardhaman,62,,NR,40,80,120,111,110,105,47,56,223,166,163,139,170,145,49,277,27,14,30,11,NR,NR,40,NR,45,60,672,59,66,35,79,35,29,23,14,71,,,2025-03-30
West Bengal,Baruipur,NR,,NR,NR,NR,NR,NR,NR,NR,NR,NR,NR,NR,NR,NR,NR,NR,NR,NR,NR,NR,NR,NR,NR,NR,NR,NR,NR,NR,NR,NR,NR,NR,NR,NR,NR,NR,NR,NR,,,2025-03-30
West Bengal,Berhampore,48,,29,39,90,146,125,114,96,47,58,NR,180,154,149,159,137,55,247,22,15,29,14,NR,NR,35,NR,48,NR,567,58,72,20,87,38,29,25,13,33,,,2025-03-30
West Bengal,Chinsurah,NR,,NR,NR,NR,NR,NR,NR,NR,NR,NR,NR,NR,NR,NR,NR,NR,NR,NR,NR,NR,NR,NR,NR,NR,NR,NR,NR,NR,NR,NR,NR,NR,NR,NR,NR,NR,NR,NR,,,2025-03-30
West Bengal,Cooch behar,NR,,NR,NR,NR,NR,NR,NR,NR,NR,NR,NR,NR,NR,NR,NR,NR,NR,NR,NR,NR,NR,NR,NR,NR,NR,NR,NR,NR,NR,NR,NR,NR,NR,NR,NR,NR,NR,NR,,,2025-03-30
West Bengal,Howrah,59,,NR,40,85,162,126,121,88,51,58,NR,174,149,152,188,NR,60,285,27,16,35,20,NR,NR,NR,NR,52,81,670,56,66,51,81,31,50,28,17,55,,,2025-03-30
West Bengal,Jalapiguri,37,,28,45,96,130,130,110,95,46,54,NR,159,132,137,149,103,60,300,25,15,30,12,NR,NR,32,NR,50,75,440,55,80,18,100,50,40,28,15,60,,,2025-03-30
West Bengal,Jhargram,NR,,NR,NR,NR,NR,NR,NR,NR,NR,NR,NR,NR,NR,NR,NR,NR,NR,NR,NR,NR,NR,NR,NR,NR,NR,NR,NR,NR,NR,NR,NR,NR,NR,NR,NR,NR,NR,NR,,,2025-03-30
West Bengal,Kalimpong,NR,,NR,NR,NR,NR,NR,NR,NR,NR,NR,NR,NR,NR,NR,NR,NR,NR,NR,NR,NR,NR,NR,NR,NR,NR,NR,NR,NR,NR,NR,NR,NR,NR,NR,NR,NR,NR,NR,,,2025-03-30
West Bengal,Krishnagar,NR,,NR,NR,NR,NR,NR,NR,NR,NR,NR,NR,NR,NR,NR,NR,NR,NR,NR,NR,NR,NR,NR,NR,NR,NR,NR,NR,NR,NR,NR,NR,NR,NR,NR,NR,NR,NR,NR,,,2025-03-30
West Bengal,Tamluk,NR,,NR,NR,NR,NR,NR,NR,NR,NR,NR,NR,NR,NR,NR,NR,NR,NR,NR,NR,NR,NR,NR,NR,NR,NR,NR,NR,NR,NR,NR,NR,NR,NR,NR,NR,NR,NR,NR,,,2025-03-30
NORTH EAST ZONE,NORTH EAST ZONE,,,,,,,,,,,,,,,,,,,,,,,,,,,,,,,,,,,,,,,,,,2025-03-30
Andaman and Nicobar,Port Blair,NR,,NR,NR,NR,NR,NR,NR,NR,NR,NR,NR,NR,NR,NR,NR,NR,NR,NR,NR,NR,NR,NR,NR,NR,NR,NR,NR,NR,NR,NR,NR,NR,NR,NR,NR,NR,NR,NR,,,2025-03-30
Andaman and Nicobar,Mayabunder,NR,,NR,NR,NR,NR,NR,NR,NR,NR,NR,NR,NR,NR,NR,NR,NR,NR,NR,NR,NR,NR,NR,NR,NR,NR,NR,NR,NR,NR,NR,NR,NR,NR,NR,NR,NR,NR,NR,,,2025-03-30
Andaman and Nicobar,Car Nicobar,NR,,NR,NR,NR,NR,NR,NR,NR,NR,NR,NR,NR,NR,NR,NR,NR,NR,NR,NR,NR,NR,NR,NR,NR,NR,NR,NR,NR,NR,NR,NR,NR,NR,NR,NR,NR,NR,NR,,,2025-03-30
Arunachal pradesh,Itanagar,38,,NR,45,100,160,130,120,90,50,74,NR,198,176,154,181,NR,75,400,17,20,35,37,NR,NR,45,NR,50,99,702,57,83,40,79,57,53,30,15,69,,,2025-03-30
Arunachal pradesh,Namsai,35,,NR,36,110,160,120,120,100,50,74,NR,187,NR,145,154,NR,80,280,20,20,45,20,NR,NR,40,NR,60,120,660,59,96,25,70,50,30,50,17,30,,,2025-03-30
Arunachal pradesh,Pasighat,50,,NR,50,100,130,133,100,100,60,78,176,220,165,172,167,NR,80,400,20,27,50,43,NR,NR,50,NR,53,73,692,59,97,47,100,75,83,43,15,60,,,2025-03-30
Arunachal pradesh,Tawang,NR,,NR,NR,NR,NR,NR,NR,NR,NR,NR,NR,NR,NR,NR,NR,NR,NR,NR,NR,NR,NR,NR,NR,NR,NR,NR,NR,NR,NR,NR,NR,NR,NR,NR,NR,NR,NR,NR,,,2025-03-30
Assam,Guwahati,41,,33,40,80,125,100,105,85,49,70,231,181,159,148,159,148,60,200,14,18,35,20,NR,NR,37,NR,40,NR,NR,NR,77,20,NR,NR,NR,NR,18,75,,,2025-03-30
Assam,Barpeta,35,,36,40,82,115,95,105,82,49,74,200,183,143,155,166,125,66,259,11,14,26,12,52,46,42,97,51,83,664,63,78,18,83,34,33,28,17,63,,,2025-03-30
Assam,Tinsukia,NR,,NR,NR,NR,NR,NR,NR,NR,NR,NR,NR,NR,NR,NR,NR,NR,NR,NR,NR,NR,NR,NR,NR,NR,NR,NR,NR,NR,NR,NR,NR,NR,NR,NR,NR,NR,NR,NR,,,2025-03-30
Assam,Dhubri,35,,NR,40,84,140,NR,105,85,47,74,NR,192,176,156,167,148,55,180,10,15,30,20,50,80,42,65,52,110,747,60,84,12,70,30,40,20,12,67,,,2025-03-30
Assam,Goalpara,45,,33,40,98,128,117,120,88,45,60,181,159,162,154,166,146,52,150,10,15,28,15,52,46,42,44,60,87,659,65,80,14,66,75,49,33,18,60,,,2025-03-30
Assam,Golaghat,NR,,NR,NR,NR,NR,NR,NR,NR,NR,NR,NR,NR,NR,NR,NR,NR,NR,NR,NR,NR,NR,NR,NR,NR,NR,NR,NR,NR,NR,NR,NR,NR,NR,NR,NR,NR,NR,NR,,,2025-03-30
Assam,Mangaldai,45,,33,42,80,116,95,110,85,48,70,NR,160,144,141,160,154,60,269,12,19,30,20,NR,NR,40,NR,43,NR,NR,NR,84,15,NR,NR,NR,NR,18,53,,,2025-03-30
Assam,Mushalpur,39,,40,40,90,128,93,120,90,47,73,NR,181,144,146,146,150,52,240,10,15,29,15,NR,NR,39,NR,50,82,773,60,74,31,75,30,NR,23,15,55,,,2025-03-30
Assam,Udalguri,41,,NR,41,99,151,97,107,85,45,75,NR,184,NR,145,172,145,58,257,11,16,33,17,NR,NR,38,NR,37,72,687,NR,79,22,80,42,NR,48,13,52,,,2025-03-30
Assam,Bajali,35,,33,42,90,140,150,120,90,47,70,164,154,NR,152,174,174,59,360,10,15,30,12,NR,NR,36,102,45,70,787,45,120,12,90,61,60,32,25,60,,,2025-03-30
Assam,Hojai,36,,NR,42,90,110,101,100,82,46,75,NR,170,126,140,170,NR,70,230,10,15,29,20,NR,NR,35,NR,41,80,666,57,75,18,101,33,40,31,11,51,,,2025-03-30
Assam,Jorhat,36,,39,43,80,119,97,109,95,50,74,179,190,165,154,159,107,60,207,12,14,28,23,NR,NR,55,NR,54,76,624,53,97,24,80,40,52,35,12,52,,,2025-03-30
Assam,Bongaigaon,44,,NR,40,90,132,95,110,90,46,70,NR,176,152,149,165,NR,50,340,10,15,29,10,NR,NR,40,NR,55,60,NR,NR,80,20,NR,NR,NR,NR,18,55,,,2025-03-30
Assam,Morigaon,NR,,NR,NR,NR,NR,NR,NR,NR,NR,NR,NR,NR,NR,NR,NR,NR,NR,NR,NR,NR,NR,NR,NR,NR,NR,NR,NR,NR,NR,NR,NR,NR,NR,NR,NR,NR,NR,NR,,,2025-03-30
Assam,Sonari,NR,,NR,NR,NR,NR,NR,NR,NR,NR,NR,NR,NR,NR,NR,NR,NR,NR,NR,NR,NR,NR,NR,NR,NR,NR,NR,NR,NR,NR,NR,NR,NR,NR,NR,NR,NR,NR,NR,,,2025-03-30
Assam,Tamulpur,37,,40,39,87,132,122,111,87,48,73,NR,165,146,132,NR,137,51,247,10,20,30,20,NR,NR,40,NR,60,87,762,NR,72,10,NR,NR,NR,24,10,38,,,2025-03-30
Assam,Sivasagar,48,,58,50,97,150,118,115,95,48,75,NR,175,209,173,184,153,55,260,10,18,35,26,65,59,51,80,55,125,644,60,90,30,76,48,60,34,12,62,,,2025-03-30
Assam,Biswanath Chariali,35,,NR,39,88,133,NR,110,90,48,74,NR,143,NR,148,NR,NR,60,240,10,17,30,18,NR,NR,40,NR,42,100,NR,NR,70,30,70,70,30,55,20,60,,,2025-03-30
Assam,Dibrugarh,41,,NR,40,81,118,111,110,83,49,74,NR,182,164,170,188,NR,58,242,14,15,25,19,NR,NR,42,NR,57,NR,NR,NR,71,27,NR,NR,NR,NR,13,67,,,2025-03-30
Assam,Karimganj,39,,NR,43,83,123,125,105,82,48,72,NR,179,NR,144,191,NR,58,233,14,20,30,20,NR,NR,42,NR,62,130,NR,58,73,40,NR,NR,NR,NR,15,45,,,2025-03-30
Assam,Majuli,50,,NR,36,102,130,91,118,97,50,70,NR,165,NR,131,NR,NR,60,260,15,19,34,20,NR,NR,40,NR,42,120,NR,NR,72,40,70,50,NR,32,15,40,,,2025-03-30
Assam,Sonitpur Tezpur,35,,30,41,90,120,100,115,85,47,69,163,147,167,142,162,120,49,310,10,13,26,10,NR,NR,NR,NR,NR,NR,NR,NR,NR,NR,NR,NR,NR,NR,NR,NR,,,2025-03-30
Assam,Haflong,34,,NR,46,95,140,NR,120,95,50,74,NR,176,NR,154,153,NR,80,260,15,20,40,30,NR,NR,45,NR,50,90,651,60,90,30,100,42,50,30,19,80,,,2025-03-30
Assam,AS-Lakhimpur,39,,NR,41,84,122,94,113,88,48,72,NR,175,155,155,157,NR,55,175,15,16,28,21,NR,NR,43,NR,43,71,603,49,76,20,81,31,71,31,11,45,,,2025-03-30
Assam,Diphu,40,,NR,39,90,120,112,116,92,48,74,NR,164,NR,158,NR,154,78,238,14,19,35,22,45,50,42,60,65,80,625,58,96,20,80,67,65,32,15,65,,,2025-03-30
Assam,Nalbari,NR,,NR,NR,NR,NR,NR,NR,NR,NR,NR,NR,NR,NR,NR,NR,NR,NR,NR,NR,NR,NR,NR,NR,NR,NR,NR,NR,NR,NR,NR,NR,NR,NR,NR,NR,NR,NR,NR,,,2025-03-30
Assam,South Salmara Mankachar,NR,,NR,NR,NR,NR,NR,NR,NR,NR,NR,NR,NR,NR,NR,NR,NR,NR,NR,NR,NR,NR,NR,NR,NR,NR,NR,NR,NR,NR,NR,NR,NR,NR,NR,NR,NR,NR,NR,,,2025-03-30
Assam,Kamrup,38,,NR,40,83,130,100,104,82,47,72,NR,181,NR,157,174,148,53,209,16,15,30,20,NR,NR,38,NR,49,69,NR,44,72,20,NR,NR,NR,24,15,53,,,2025-03-30
Manipur,Imphal,NR,,NR,NR,NR,NR,NR,NR,NR,NR,NR,NR,NR,NR,NR,NR,NR,NR,NR,NR,NR,NR,NR,NR,NR,NR,NR,NR,NR,NR,NR,NR,NR,NR,NR,NR,NR,NR,NR,,,2025-03-30
Manipur,Chandel,NR,,NR,NR,NR,NR,NR,NR,NR,NR,NR,NR,NR,NR,NR,NR,NR,NR,NR,NR,NR,NR,NR,NR,NR,NR,NR,NR,NR,NR,NR,NR,NR,NR,NR,NR,NR,NR,NR,,,2025-03-30
Manipur,Jiribam,NR,,NR,NR,NR,NR,NR,NR,NR,NR,NR,NR,NR,NR,NR,NR,NR,NR,NR,NR,NR,NR,NR,NR,NR,NR,NR,NR,NR,NR,NR,NR,NR,NR,NR,NR,NR,NR,NR,,,2025-03-30
Manipur,Kangpokpi,NR,,NR,NR,NR,NR,NR,NR,NR,NR,NR,NR,NR,NR,NR,NR,NR,NR,NR,NR,NR,NR,NR,NR,NR,NR,NR,NR,NR,NR,NR,NR,NR,NR,NR,NR,NR,NR,NR,,,2025-03-30
Manipur,Senapati,NR,,NR,NR,NR,NR,NR,NR,NR,NR,NR,NR,NR,NR,NR,NR,NR,NR,NR,NR,NR,NR,NR,NR,NR,NR,NR,NR,NR,NR,NR,NR,NR,NR,NR,NR,NR,NR,NR,,,2025-03-30
Manipur,Tamenglong,NR,,NR,NR,NR,NR,NR,NR,NR,NR,NR,NR,NR,NR,NR,NR,NR,NR,NR,NR,NR,NR,NR,NR,NR,NR,NR,NR,NR,NR,NR,NR,NR,NR,NR,NR,NR,NR,NR,,,2025-03-30
Manipur,Thoubal,NR,,NR,NR,NR,NR,NR,NR,NR,NR,NR,NR,NR,NR,NR,NR,NR,NR,NR,NR,NR,NR,NR,NR,NR,NR,NR,NR,NR,NR,NR,NR,NR,NR,NR,NR,NR,NR,NR,,,2025-03-30
Manipur,Ukhrul,NR,,NR,NR,NR,NR,NR,NR,NR,NR,NR,NR,NR,NR,NR,NR,NR,NR,NR,NR,NR,NR,NR,NR,NR,NR,NR,NR,NR,NR,NR,NR,NR,NR,NR,NR,NR,NR,NR,,,2025-03-30
Meghalaya,Shillong,39,,44,42,100,150,130,120,88,48,74,NR,176,167,154,NR,NR,67,320,30,22,33,28,NR,NR,44,NR,44,117,680,60,80,43,80,47,53,27,21,87,,,2025-03-30
Meghalaya,Tura,NR,,NR,NR,NR,NR,NR,NR,NR,NR,NR,NR,NR,NR,NR,NR,NR,NR,NR,NR,NR,NR,NR,NR,NR,NR,NR,NR,NR,NR,NR,NR,NR,NR,NR,NR,NR,NR,NR,,,2025-03-30
Meghalaya,Jowai,38,,44,43,100,NR,NR,120,87,49,74,NR,165,NR,154,NR,NR,80,360,15,20,37,30,NR,NR,44,NR,44,90,650,60,74,47,80,50,50,30,16,57,,,2025-03-30
Meghalaya,Sohra,NR,,NR,NR,NR,NR,NR,NR,NR,NR,NR,NR,NR,NR,NR,NR,NR,NR,NR,NR,NR,NR,NR,NR,NR,NR,NR,NR,NR,NR,NR,NR,NR,NR,NR,NR,NR,NR,NR,,,2025-03-30
Meghalaya,Mairang,NR,,NR,NR,NR,NR,NR,NR,NR,NR,NR,NR,NR,NR,NR,NR,NR,NR,NR,NR,NR,NR,NR,NR,NR,NR,NR,NR,NR,NR,NR,NR,NR,NR,NR,NR,NR,NR,NR,,,2025-03-30
Meghalaya,Nongpoh,NR,,NR,NR,NR,NR,NR,NR,NR,NR,NR,NR,NR,NR,NR,NR,NR,NR,NR,NR,NR,NR,NR,NR,NR,NR,NR,NR,NR,NR,NR,NR,NR,NR,NR,NR,NR,NR,NR,,,2025-03-30
Meghalaya,Khliehriat,37,,44,42,110,140,NR,117,80,48,75,NR,154,NR,154,NR,NR,NR,307,30,20,38,30,NR,NR,45,NR,52,73,647,60,75,43,80,73,67,39,15,93,,,2025-03-30
Meghalaya,Williamnagar,NR,,NR,NR,NR,NR,NR,NR,NR,NR,NR,NR,NR,NR,NR,NR,NR,NR,NR,NR,NR,NR,NR,NR,NR,NR,NR,NR,NR,NR,NR,NR,NR,NR,NR,NR,NR,NR,NR,,,2025-03-30
Meghalaya,Nongstoin,NR,,NR,NR,NR,NR,NR,NR,NR,NR,NR,NR,NR,NR,NR,NR,NR,NR,NR,NR,NR,NR,NR,NR,NR,NR,NR,NR,NR,NR,NR,NR,NR,NR,NR,NR,NR,NR,NR,,,2025-03-30
Meghalaya,Mawkyrwat,NR,,NR,NR,NR,NR,NR,NR,NR,NR,NR,NR,NR,NR,NR,NR,NR,NR,NR,NR,NR,NR,NR,NR,NR,NR,NR,NR,NR,NR,NR,NR,NR,NR,NR,NR,NR,NR,NR,,,2025-03-30
Mizoram,Aizawl,50,,40,50,90,160,140,140,95,50,80,173,190,160,135,161,142,93,520,30,60,62,72,NR,NR,83,NR,70,90,650,58,90,87,92,NR,90,62,40,88,,,2025-03-30
Mizoram,Lunglei,50,,42,50,93,143,143,143,93,50,80,132,224,165,128,143,110,100,520,30,40,63,60,NR,NR,50,NR,80,90,604,60,100,65,157,122,67,50,20,78,,,2025-03-30
Mizoram,Kolasib,45,,40,40,96,160,130,120,95,50,78,NR,203,NR,111,147,107,98,427,28,40,50,70,NR,40,40,NR,78,145,655,59,92,57,100,NR,100,63,36,43,,,2025-03-30
Mizoram,Mamit,NR,,NR,NR,NR,NR,NR,NR,NR,NR,NR,NR,NR,NR,NR,NR,NR,NR,NR,NR,NR,NR,NR,NR,NR,NR,NR,NR,NR,NR,NR,NR,NR,NR,NR,NR,NR,NR,NR,,,2025-03-30
Mizoram,Champhai,45,,35,45,NR,NR,NR,NR,95,60,80,NR,185,NR,165,NR,NR,93,520,30,53,60,83,NR,NR,45,NR,80,100,574,60,108,57,100,70,30,69,45,60,,,2025-03-30
Mizoram,Serchhip,45,,NR,50,100,NR,NR,150,100,50,78,NR,143,103,112,NR,137,100,520,30,35,60,90,NR,NR,55,NR,40,160,630,NR,96,53,150,NR,90,39,30,50,,,2025-03-30
Mizoram,Siaha,NR,,NR,NR,NR,NR,NR,NR,NR,NR,NR,NR,NR,NR,NR,NR,NR,NR,NR,NR,NR,NR,NR,NR,NR,NR,NR,NR,NR,NR,NR,NR,NR,NR,NR,NR,NR,NR,NR,,,2025-03-30
Mizoram,Lawngtlai,50,,45,50,100,160,140,140,100,50,80,NR,143,NR,132,NR,121,120,480,30,40,60,90,NR,NR,80,NR,80,140,660,60,100,80,160,60,100,60,40,100,,,2025-03-30
Mizoram,Hnahthial,47,,45,45,NR,163,150,133,100,50,80,NR,NR,121,150,NR,NR,130,520,30,50,77,80,NR,NR,47,NR,90,130,620,NR,100,60,78,50,90,60,30,80,,,2025-03-30
Mizoram,Khawzawl,50,,40,45,100,160,130,130,95,53,78,NR,187,141,158,145,112,98,493,30,42,63,67,NR,42,47,NR,72,107,608,60,98,72,107,NR,95,53,48,87,,,2025-03-30
Mizoram,Saitual,54,,45,56,100,NR,140,NR,100,55,80,NR,NR,NR,143,NR,NR,NR,513,30,45,60,80,NR,NR,50,NR,90,85,NR,58,95,80,NR,NR,90,58,NR,90,,,2025-03-30
Nagaland,Kohima,NR,,NR,NR,NR,NR,NR,NR,NR,NR,NR,NR,NR,NR,NR,NR,NR,NR,NR,NR,NR,NR,NR,NR,NR,NR,NR,NR,NR,NR,NR,NR,NR,NR,NR,NR,NR,NR,NR,,,2025-03-30
Nagaland,Dimapur,NR,,NR,NR,NR,NR,NR,NR,NR,NR,NR,NR,NR,NR,NR,NR,NR,NR,NR,NR,NR,NR,NR,NR,NR,NR,NR,NR,NR,NR,NR,NR,NR,NR,NR,NR,NR,NR,NR,,,2025-03-30
Nagaland,Tuensang,NR,,NR,NR,NR,NR,NR,NR,NR,NR,NR,NR,NR,NR,NR,NR,NR,NR,NR,NR,NR,NR,NR,NR,NR,NR,NR,NR,NR,NR,NR,NR,NR,NR,NR,NR,NR,NR,NR,,,2025-03-30
Nagaland,Mokochung,NR,,NR,NR,NR,NR,NR,NR,NR,NR,NR,NR,NR,NR,NR,NR,NR,NR,NR,NR,NR,NR,NR,NR,NR,NR,NR,NR,NR,NR,NR,NR,NR,NR,NR,NR,NR,NR,NR,,,2025-03-30
Nagaland,Chumukedima,NR,,NR,NR,NR,NR,NR,NR,NR,NR,NR,NR,NR,NR,NR,NR,NR,NR,NR,NR,NR,NR,NR,NR,NR,NR,NR,NR,NR,NR,NR,NR,NR,NR,NR,NR,NR,NR,NR,,,2025-03-30
Nagaland,Mon,NR,,NR,NR,NR,NR,NR,NR,NR,NR,NR,NR,NR,NR,NR,NR,NR,NR,NR,NR,NR,NR,NR,NR,NR,NR,NR,NR,NR,NR,NR,NR,NR,NR,NR,NR,NR,NR,NR,,,2025-03-30
Nagaland,Peren,NR,,NR,NR,NR,NR,NR,NR,NR,NR,NR,NR,NR,NR,NR,NR,NR,NR,NR,NR,NR,NR,NR,NR,NR,NR,NR,NR,NR,NR,NR,NR,NR,NR,NR,NR,NR,NR,NR,,,2025-03-30
Nagaland,Phek,NR,,NR,NR,NR,NR,NR,NR,NR,NR,NR,NR,NR,NR,NR,NR,NR,NR,NR,NR,NR,NR,NR,NR,NR,NR,NR,NR,NR,NR,NR,NR,NR,NR,NR,NR,NR,NR,NR,,,2025-03-30
Nagaland,Tseminyu,NR,,NR,NR,NR,NR,NR,NR,NR,NR,NR,NR,NR,NR,NR,NR,NR,NR,NR,NR,NR,NR,NR,NR,NR,NR,NR,NR,NR,NR,NR,NR,NR,NR,NR,NR,NR,NR,NR,,,2025-03-30
Nagaland,Wokha,NR,,NR,NR,NR,NR,NR,NR,NR,NR,NR,NR,NR,NR,NR,NR,NR,NR,NR,NR,NR,NR,NR,NR,NR,NR,NR,NR,NR,NR,NR,NR,NR,NR,NR,NR,NR,NR,NR,,,2025-03-30
Nagaland,Zunheboto,NR,,NR,NR,NR,NR,NR,NR,NR,NR,NR,NR,NR,NR,NR,NR,NR,NR,NR,NR,NR,NR,NR,NR,NR,NR,NR,NR,NR,NR,NR,NR,NR,NR,NR,NR,NR,NR,NR,,,2025-03-30
Nagaland,Kiphire,NR,,NR,NR,NR,NR,NR,NR,NR,NR,NR,NR,NR,NR,NR,NR,NR,NR,NR,NR,NR,NR,NR,NR,NR,NR,NR,NR,NR,NR,NR,NR,NR,NR,NR,NR,NR,NR,NR,,,2025-03-30
Nagaland,Longleng,NR,,NR,NR,NR,NR,NR,NR,NR,NR,NR,NR,NR,NR,NR,NR,NR,NR,NR,NR,NR,NR,NR,NR,NR,NR,NR,NR,NR,NR,NR,NR,NR,NR,NR,NR,NR,NR,NR,,,2025-03-30
Nagaland,Niuland,NR,,NR,NR,NR,NR,NR,NR,NR,NR,NR,NR,NR,NR,NR,NR,NR,NR,NR,NR,NR,NR,NR,NR,NR,NR,NR,NR,NR,NR,NR,NR,NR,NR,NR,NR,NR,NR,NR,,,2025-03-30
Nagaland,Shamator,NR,,NR,NR,NR,NR,NR,NR,NR,NR,NR,NR,NR,NR,NR,NR,NR,NR,NR,NR,NR,NR,NR,NR,NR,NR,NR,NR,NR,NR,NR,NR,NR,NR,NR,NR,NR,NR,NR,,,2025-03-30
Nagaland,Noklak,NR,,NR,NR,NR,NR,NR,NR,NR,NR,NR,NR,NR,NR,NR,NR,NR,NR,NR,NR,NR,NR,NR,NR,NR,NR,NR,NR,NR,NR,NR,NR,NR,NR,NR,NR,NR,NR,NR,,,2025-03-30
Sikkim,Gangtok,NR,,NR,NR,NR,NR,NR,NR,NR,NR,NR,NR,NR,NR,NR,NR,NR,NR,NR,NR,NR,NR,NR,NR,NR,NR,NR,NR,NR,NR,NR,NR,NR,NR,NR,NR,NR,NR,NR,,,2025-03-30
Sikkim,Gyalshing,NR,,NR,NR,NR,NR,NR,NR,NR,NR,NR,NR,NR,NR,NR,NR,NR,NR,NR,NR,NR,NR,NR,NR,NR,NR,NR,NR,NR,NR,NR,NR,NR,NR,NR,NR,NR,NR,NR,,,2025-03-30
Sikkim,Namchi,NR,,NR,NR,NR,NR,NR,NR,NR,NR,NR,NR,NR,NR,NR,NR,NR,NR,NR,NR,NR,NR,NR,NR,NR,NR,NR,NR,NR,NR,NR,NR,NR,NR,NR,NR,NR,NR,NR,,,2025-03-30
Sikkim,Soreng,NR,,NR,NR,NR,NR,NR,NR,NR,NR,NR,NR,NR,NR,NR,NR,NR,NR,NR,NR,NR,NR,NR,NR,NR,NR,NR,NR,NR,NR,NR,NR,NR,NR,NR,NR,NR,NR,NR,,,2025-03-30
Sikkim,Mangan,NR,,NR,NR,NR,NR,NR,NR,NR,NR,NR,NR,NR,NR,NR,NR,NR,NR,NR,NR,NR,NR,NR,NR,NR,NR,NR,NR,NR,NR,NR,NR,NR,NR,NR,NR,NR,NR,NR,,,2025-03-30
Sikkim,Pakyong,NR,,NR,NR,NR,NR,NR,NR,NR,NR,NR,NR,NR,NR,NR,NR,NR,NR,NR,NR,NR,NR,NR,NR,NR,NR,NR,NR,NR,NR,NR,NR,NR,NR,NR,NR,NR,NR,NR,,,2025-03-30
Tripura,Agartala,NR,,NR,NR,NR,NR,NR,NR,NR,NR,NR,NR,NR,NR,NR,NR,NR,NR,NR,NR,NR,NR,NR,NR,NR,NR,NR,NR,NR,NR,NR,NR,NR,NR,NR,NR,NR,NR,NR,,,2025-03-30
Tripura,Dharmanagar,NR,,NR,NR,NR,NR,NR,NR,NR,NR,NR,NR,NR,NR,NR,NR,NR,NR,NR,NR,NR,NR,NR,NR,NR,NR,NR,NR,NR,NR,NR,NR,NR,NR,NR,NR,NR,NR,NR,,,2025-03-30
Tripura,Belonia,NR,,NR,NR,NR,NR,NR,NR,NR,NR,NR,NR,NR,NR,NR,NR,NR,NR,NR,NR,NR,NR,NR,NR,NR,NR,NR,NR,NR,NR,NR,NR,NR,NR,NR,NR,NR,NR,NR,,,2025-03-30
Tripura,TR-Udaipur,NR,,NR,NR,NR,NR,NR,NR,NR,NR,NR,NR,NR,NR,NR,NR,NR,NR,NR,NR,NR,NR,NR,NR,NR,NR,NR,NR,NR,NR,NR,NR,NR,NR,NR,NR,NR,NR,NR,,,2025-03-30
SOUTH ZONE,SOUTH ZONE,,,,,,,,,,,,,,,,,,,,,,,,,,,,,,,,,,,,,,,,,,2025-03-30
Andhra Pradesh,Vijaywada,NR,,NR,NR,NR,NR,NR,NR,NR,NR,NR,NR,NR,NR,NR,NR,NR,NR,NR,NR,NR,NR,NR,NR,NR,NR,NR,NR,NR,NR,NR,NR,NR,NR,NR,NR,NR,NR,NR,,,2025-03-30
Andhra Pradesh,Visakhapatnam,48,,45,46,90,123,125,115,85,45,54,178,179,154,NR,162,143,58,280,15,21,30,19,43,43,47,46,46,99,600,55,50,40,90,44,47,33,15,43,,,2025-03-30
Andhra Pradesh,Kurnool,58,,42,44,85,120,115,125,92,43,58,170,186,135,179,162,134,56,333,17,35,28,18,38,39,44,63,43,98,729,61,59,18,88,47,53,25,13,32,,,2025-03-30
Andhra Pradesh,Tirupathi,54,,40,42,86,141,129,120,94,43,49,198,191,154,139,152,143,62,320,23,29,30,17,39,43,39,42,48,88,603,51,63,63,85,23,40,39,25,42,,,2025-03-30
Andhra Pradesh,Jammalamadugu,NR,,NR,NR,NR,NR,NR,NR,NR,NR,NR,NR,NR,NR,NR,NR,NR,NR,NR,NR,NR,NR,NR,NR,NR,NR,NR,NR,NR,NR,NR,NR,NR,NR,NR,NR,NR,NR,NR,,,2025-03-30
Andhra Pradesh,Dharmavaram,NR,,NR,NR,NR,NR,NR,NR,NR,NR,NR,NR,NR,NR,NR,NR,NR,NR,NR,NR,NR,NR,NR,NR,NR,NR,NR,NR,NR,NR,NR,NR,NR,NR,NR,NR,NR,NR,NR,,,2025-03-30
Andhra Pradesh,Ongole,NR,,NR,NR,NR,NR,NR,NR,NR,NR,NR,NR,NR,NR,NR,NR,NR,NR,NR,NR,NR,NR,NR,NR,NR,NR,NR,NR,NR,NR,NR,NR,NR,NR,NR,NR,NR,NR,NR,,,2025-03-30
Karnataka,Bengaluru,48,,47,46,82,120,120,110,88,48,54,159,183,156,155,166,142,54,243,17,22,18,11,40,42,42,44,42,97,644,60,66,30,65,34,34,32,13,90,,,2025-03-30
Karnataka,Dharwad,51,,40,43,88,125,123,108,86,42,50,178,173,123,120,150,143,45,268,26,30,30,15,53,50,53,58,48,92,630,58,72,60,75,34,47,36,15,45,,,2025-03-30
Karnataka,Mangalore,52,,42,43,84,134,123,106,91,42,55,192,177,143,159,140,146,49,210,16,34,29,22,41,59,43,47,45,98,611,55,78,58,80,25,36,25,15,68,,,2025-03-30
Karnataka,Mysore,53,,47,55,77,114,115,110,91,44,45,173,190,197,170,162,146,67,317,21,31,30,11,47,55,54,50,45,89,599,57,57,26,127,58,49,38,15,84,,,2025-03-30
Karnataka,Bengaluru (East Range),46,,43,44,87,127,114,111,88,48,52,156,176,152,161,159,145,58,255,19,28,24,17,49,40,42,44,41,92,666,60,61,40,83,30,52,31,19,50,,,2025-03-30
Karnataka,Belagavi,48,,35,44,79,106,109,105,84,48,54,181,178,112,164,167,142,42,258,16,24,20,18,55,34,39,38,40,82,460,54,66,32,80,29,63,19,11,42,,,2025-03-30
Karnataka,Kalaburagi,55,,35,42,88,120,122,118,86,44,60,174,152,124,130,152,133,48,186,15,33,21,13,41,42,38,48,40,98,720,60,60,36,65,21,58,20,16,35,,,2025-03-30
Karnataka,Tumakuru,47,,42,43,80,120,115,113,85,41,52,198,192,158,165,165,148,53,227,21,25,20,8,40,52,41,47,43,85,603,58,61,14,88,27,48,26,15,44,,,2025-03-30
Karnataka,Bellary,50,,42,41,82,116,110,105,89,41,48,204,191,151,150,161,144,58,308,24,29,18,10,38,40,38,47,43,97,693,62,57,21,82,23,27,26,18,56,,,2025-03-30
Karnataka,Dhavanagere,55,,42,50,82,115,117,109,86,44,54,187,205,155,148,166,148,60,293,28,27,24,10,51,56,49,54,46,97,600,57,70,40,88,41,45,31,16,35,,,2025-03-30
Karnataka,Shivamogga,54,,42,40,88,128,128,110,98,44,50,217,198,159,154,158,148,50,240,28,20,23,10,47,52,46,45,52,109,630,58,72,31,80,33,45,28,15,45,,,2025-03-30
Karnataka,Vijayapur,50,,45,40,90,120,133,120,95,42,54,209,229,158,170,176,138,42,242,12,30,27,18,32,37,40,48,38,71,600,61,62,57,77,28,26,38,12,52,,,2025-03-30
Karnataka,Ramanagara,57,,44,46,100,130,123,100,90,44,48,202,194,139,141,162,146,51,188,15,42,33,20,45,44,47,42,43,100,613,65,75,40,90,33,50,21,15,50,,,2025-03-30
Karnataka,Raichur,51,,43,47,87,134,129,109,85,42,58,177,184,103,164,166,147,53,206,15,25,28,15,47,46,43,44,42,99,551,53,73,37,56,51,43,35,17,47,,,2025-03-30
Karnataka,Chamarajanagar,NR,,NR,NR,NR,NR,NR,NR,NR,NR,NR,NR,NR,NR,NR,NR,NR,NR,NR,NR,NR,NR,NR,NR,NR,NR,NR,NR,NR,NR,NR,NR,NR,NR,NR,NR,NR,NR,NR,,,2025-03-30
Karnataka,Kolar,42,,39,41,92,126,114,108,97,44,52,180,169,155,151,154,118,53,218,12,24,33,17,43,47,45,46,42,88,720,61,75,39,92,35,44,35,17,47,,,2025-03-30
Karnataka,Haveri,50,,45,45,90,110,140,120,90,42,61,176,198,155,165,159,145,43,248,13,26,30,11,40,40,45,40,45,85,714,70,72,30,80,30,45,30,15,32,,,2025-03-30
Karnataka,Bagalkot,NR,,NR,NR,NR,NR,NR,NR,NR,NR,NR,NR,NR,NR,NR,NR,NR,NR,NR,NR,NR,NR,NR,NR,NR,NR,NR,NR,NR,NR,NR,NR,NR,NR,NR,NR,NR,NR,NR,,,2025-03-30
Karnataka,Bidar,48,,41,44,85,153,130,115,86,42,54,189,164,122,121,159,109,59,313,12,30,35,10,43,58,52,53,52,103,603,56,84,78,117,23,51,50,16,69,,,2025-03-30
Karnataka,Koppal,42,,36,42,81,112,99,94,84,42,52,175,148,130,137,157,150,45,233,15,32,20,20,37,50,42,45,45,98,579,55,70,34,58,30,28,30,14,65,,,2025-03-30
Karnataka,Mandya,41,,40,42,82,118,121,108,88,44,48,162,130,110,128,142,129,51,255,15,31,21,10,39,41,40,40,42,103,612,52,71,25,83,25,39,18,19,44,,,2025-03-30
Karnataka,Yadgir,NR,,NR,NR,NR,NR,NR,NR,NR,NR,NR,NR,NR,NR,NR,NR,NR,NR,NR,NR,NR,NR,NR,NR,NR,NR,NR,NR,NR,NR,NR,NR,NR,NR,NR,NR,NR,NR,NR,,,2025-03-30
Karnataka,Chikkamagalur,44,,36,42,91,121,123,111,91,43,49,195,192,147,145,155,137,47,197,15,25,31,19,43,46,47,43,46,96,613,51,70,38,94,39,85,28,16,42,,,2025-03-30
Karnataka,Bangalore Rural,NR,,NR,NR,NR,NR,NR,NR,NR,NR,NR,NR,NR,NR,NR,NR,NR,NR,NR,NR,NR,NR,NR,NR,NR,NR,NR,NR,NR,NR,NR,NR,NR,NR,NR,NR,NR,NR,NR,,,2025-03-30
Karnataka,Chikkaballapur,46,,47,42,86,115,125,110,86,43,52,215,181,153,138,168,151,52,293,14,33,32,17,42,43,44,42,45,93,643,64,72,34,78,16,42,20,14,37,,,2025-03-30
Karnataka,Chitradurga,NR,,NR,NR,NR,NR,NR,NR,NR,NR,NR,NR,NR,NR,NR,NR,NR,NR,NR,NR,NR,NR,NR,NR,NR,NR,NR,NR,NR,NR,NR,NR,NR,NR,NR,NR,NR,NR,NR,,,2025-03-30
Karnataka,Gadag,NR,,NR,NR,NR,NR,NR,NR,NR,NR,NR,NR,NR,NR,NR,NR,NR,NR,NR,NR,NR,NR,NR,NR,NR,NR,NR,NR,NR,NR,NR,NR,NR,NR,NR,NR,NR,NR,NR,,,2025-03-30
Karnataka,Hassan,51,,47,60,85,137,132,120,90,47,54,223,195,157,158,167,140,59,238,23,21,25,13,44,41,51,40,53,97,692,60,60,28,99,45,35,31,18,90,,,2025-03-30
Karnataka,Kodagu,45,,36,43,89,133,124,111,90,44,53,190,170,145,147,149,135,52,241,18,31,31,15,38,40,41,49,44,101,621,55,69,41,62,44,43,41,15,47,,,2025-03-30
Karnataka,Udupi,52,,47,47,97,136,135,120,95,44,50,180,185,145,148,172,121,55,155,16,27,36,25,30,41,42,43,43,85,516,50,74,40,72,73,71,35,19,73,,,2025-03-30
Karnataka,Uttara Kannada,47,,47,46,101,132,129,124,101,44,49,225,173,161,156,166,152,51,263,20,32,29,19,45,51,47,49,46,123,666,55,57,39,84,34,40,20,17,60,,,2025-03-30
Karnataka,Vijayanagara,50,,44,48,95,118,125,115,100,43,49,186,181,142,127,151,139,46,208,13,25,20,9,34,37,42,44,44,69,575,57,69,25,60,47,41,23,19,42,,,2025-03-30
Kerala,T.Puram,NR,,NR,NR,NR,NR,NR,NR,NR,NR,NR,NR,NR,NR,NR,NR,NR,NR,NR,NR,NR,NR,NR,NR,NR,NR,NR,NR,NR,NR,NR,NR,NR,NR,NR,NR,NR,NR,NR,,,2025-03-30
Kerala,Ernakulam,NR,,NR,NR,NR,NR,NR,NR,NR,NR,NR,NR,NR,NR,NR,NR,NR,NR,NR,NR,NR,NR,NR,NR,NR,NR,NR,NR,NR,NR,NR,NR,NR,NR,NR,NR,NR,NR,NR,,,2025-03-30
Kerala,Kozhikode,NR,,NR,NR,NR,NR,NR,NR,NR,NR,NR,NR,NR,NR,NR,NR,NR,NR,NR,NR,NR,NR,NR,NR,NR,NR,NR,NR,NR,NR,NR,NR,NR,NR,NR,NR,NR,NR,NR,,,2025-03-30
Kerala,Thrissur,NR,,NR,NR,NR,NR,NR,NR,NR,NR,NR,NR,NR,NR,NR,NR,NR,NR,NR,NR,NR,NR,NR,NR,NR,NR,NR,NR,NR,NR,NR,NR,NR,NR,NR,NR,NR,NR,NR,,,2025-03-30
Kerala,Palakkad,NR,,NR,NR,NR,NR,NR,NR,NR,NR,NR,NR,NR,NR,NR,NR,NR,NR,NR,NR,NR,NR,NR,NR,NR,NR,NR,NR,NR,NR,NR,NR,NR,NR,NR,NR,NR,NR,NR,,,2025-03-30
Kerala,Wayanad,NR,,NR,NR,NR,NR,NR,NR,NR,NR,NR,NR,NR,NR,NR,NR,NR,NR,NR,NR,NR,NR,NR,NR,NR,NR,NR,NR,NR,NR,NR,NR,NR,NR,NR,NR,NR,NR,NR,,,2025-03-30
Kerala,Kasargod,NR,,NR,NR,NR,NR,NR,NR,NR,NR,NR,NR,NR,NR,NR,NR,NR,NR,NR,NR,NR,NR,NR,NR,NR,NR,NR,NR,NR,NR,NR,NR,NR,NR,NR,NR,NR,NR,NR,,,2025-03-30
Kerala,Kottayam,NR,,NR,NR,NR,NR,NR,NR,NR,NR,NR,NR,NR,NR,NR,NR,NR,NR,NR,NR,NR,NR,NR,NR,NR,NR,NR,NR,NR,NR,NR,NR,NR,NR,NR,NR,NR,NR,NR,,,2025-03-30
Kerala,Pathanamthitta,NR,,NR,NR,NR,NR,NR,NR,NR,NR,NR,NR,NR,NR,NR,NR,NR,NR,NR,NR,NR,NR,NR,NR,NR,NR,NR,NR,NR,NR,NR,NR,NR,NR,NR,NR,NR,NR,NR,,,2025-03-30
Kerala,Alapuzha,NR,,NR,NR,NR,NR,NR,NR,NR,NR,NR,NR,NR,NR,NR,NR,NR,NR,NR,NR,NR,NR,NR,NR,NR,NR,NR,NR,NR,NR,NR,NR,NR,NR,NR,NR,NR,NR,NR,,,2025-03-30
Kerala,Kollam,NR,,NR,NR,NR,NR,NR,NR,NR,NR,NR,NR,NR,NR,NR,NR,NR,NR,NR,NR,NR,NR,NR,NR,NR,NR,NR,NR,NR,NR,NR,NR,NR,NR,NR,NR,NR,NR,NR,,,2025-03-30
Kerala,Idukki,NR,,NR,NR,NR,NR,NR,NR,NR,NR,NR,NR,NR,NR,NR,NR,NR,NR,NR,NR,NR,NR,NR,NR,NR,NR,NR,NR,NR,NR,NR,NR,NR,NR,NR,NR,NR,NR,NR,,,2025-03-30
Kerala,Kannur,NR,,NR,NR,NR,NR,NR,NR,NR,NR,NR,NR,NR,NR,NR,NR,NR,NR,NR,NR,NR,NR,NR,NR,NR,NR,NR,NR,NR,NR,NR,NR,NR,NR,NR,NR,NR,NR,NR,,,2025-03-30
Kerala,Malapuram,NR,,NR,NR,NR,NR,NR,NR,NR,NR,NR,NR,NR,NR,NR,NR,NR,NR,NR,NR,NR,NR,NR,NR,NR,NR,NR,NR,NR,NR,NR,NR,NR,NR,NR,NR,NR,NR,NR,,,2025-03-30
Puducherry,Puducherry,65,,52,51,129,180,145,115,120,45,48,NR,155,157,NR,144,133,56,348,26,33,35,16,46,87,86,51,91,121,689,62,84,32,102,32,48,37,33,73,,,2025-03-30
Tamil Nadu,Chennai,NR,,NR,NR,NR,NR,NR,NR,NR,NR,NR,NR,NR,NR,NR,NR,NR,NR,NR,NR,NR,NR,NR,NR,NR,NR,NR,NR,NR,NR,NR,NR,NR,NR,NR,NR,NR,NR,NR,,,2025-03-30
Tamil Nadu,Madurai,NR,,NR,NR,NR,NR,NR,NR,NR,NR,NR,NR,NR,NR,NR,NR,NR,NR,NR,NR,NR,NR,NR,NR,NR,NR,NR,NR,NR,NR,NR,NR,NR,NR,NR,NR,NR,NR,NR,,,2025-03-30
Tamil Nadu,Dindigul,NR,,NR,NR,NR,NR,NR,NR,NR,NR,NR,NR,NR,NR,NR,NR,NR,NR,NR,NR,NR,NR,NR,NR,NR,NR,NR,NR,NR,NR,NR,NR,NR,NR,NR,NR,NR,NR,NR,,,2025-03-30
Tamil Nadu,Thiruchirapalli,NR,,NR,NR,NR,NR,NR,NR,NR,NR,NR,NR,NR,NR,NR,NR,NR,NR,NR,NR,NR,NR,NR,NR,NR,NR,NR,NR,NR,NR,NR,NR,NR,NR,NR,NR,NR,NR,NR,,,2025-03-30
Tamil Nadu,Coimbatore,NR,,NR,NR,NR,NR,NR,NR,NR,NR,NR,NR,NR,NR,NR,NR,NR,NR,NR,NR,NR,NR,NR,NR,NR,NR,NR,NR,NR,NR,NR,NR,NR,NR,NR,NR,NR,NR,NR,,,2025-03-30
Tamil Nadu,Tirunelveli,NR,,NR,NR,NR,NR,NR,NR,NR,NR,NR,NR,NR,NR,NR,NR,NR,NR,NR,NR,NR,NR,NR,NR,NR,NR,NR,NR,NR,NR,NR,NR,NR,NR,NR,NR,NR,NR,NR,,,2025-03-30
Tamil Nadu,Cuddalore,NR,,NR,NR,NR,NR,NR,NR,NR,NR,NR,NR,NR,NR,NR,NR,NR,NR,NR,NR,NR,NR,NR,NR,NR,NR,NR,NR,NR,NR,NR,NR,NR,NR,NR,NR,NR,NR,NR,,,2025-03-30
Tamil Nadu,Dharmapuri,55,,46,44,81,120,120,110,88,45,43,217,NR,146,NR,167,147,54,270,25,30,33,12,40,52,50,42,49,110,690,66,62,17,82,36,45,29,13,55,,,2025-03-30
Tamil Nadu,Vellore,NR,,NR,NR,NR,NR,NR,NR,NR,NR,NR,NR,NR,NR,NR,NR,NR,NR,NR,NR,NR,NR,NR,NR,NR,NR,NR,NR,NR,NR,NR,NR,NR,NR,NR,NR,NR,NR,NR,,,2025-03-30
Tamil Nadu,Ramanathapuram,63,,46,56,76,111,116,106,99,46,44,203,NR,182,NR,169,147,54,278,28,46,39,24,36,46,51,47,61,117,787,69,59,41,104,37,NR,NR,NR,46,,,2025-03-30
Tamil Nadu,Erode,NR,,NR,NR,NR,NR,NR,NR,NR,NR,NR,NR,NR,NR,NR,NR,NR,NR,NR,NR,NR,NR,NR,NR,NR,NR,NR,NR,NR,NR,NR,NR,NR,NR,NR,NR,NR,NR,NR,,,2025-03-30
Tamil Nadu,Karur,NR,,NR,NR,NR,NR,NR,NR,NR,NR,NR,NR,NR,NR,NR,NR,NR,NR,NR,NR,NR,NR,NR,NR,NR,NR,NR,NR,NR,NR,NR,NR,NR,NR,NR,NR,NR,NR,NR,,,2025-03-30
Tamil Nadu,Perambalur,45,,NR,64,97,122,119,111,89,45,44,201,181,163,NR,160,153,56,NR,29,27,31,18,41,71,55,48,57,102,700,62,56,32,97,33,40,20,13,62,,,2025-03-30
Tamil Nadu,Pudukkottai,51,,50,65,91,127,127,118,NR,47,45,216,NR,202,NR,162,146,56,NR,28,40,30,20,43,51,42,50,53,115,708,61,62,32,95,26,42,19,14,60,,,2025-03-30
Tamil Nadu,Sivagangai,54,,47,65,94,128,131,121,89,46,44,199,NR,205,NR,167,155,56,290,27,40,35,20,39,55,54,53,61,110,760,65,58,30,79,30,37,21,14,58,,,2025-03-30
Tamil Nadu,Thanjavur,53,,45,48,92,130,128,120,85,45,44,210,198,179,NR,162,141,50,265,27,32,32,16,37,65,48,48,48,132,781,67,60,62,96,46,69,33,13,51,,,2025-03-30
Tamil Nadu,The nilgiris,NR,,NR,NR,NR,NR,NR,NR,NR,NR,NR,NR,NR,NR,NR,NR,NR,NR,NR,NR,NR,NR,NR,NR,NR,NR,NR,NR,NR,NR,NR,NR,NR,NR,NR,NR,NR,NR,NR,,,2025-03-30
Tamil Nadu,Thoothukudi,51,,48,62,85,120,125,114,85,46,52,229,198,181,NR,159,147,55,320,11,33,34,15,35,64,60,55,64,113,757,61,64,40,96,48,50,30,12,50,,,2025-03-30
Tamil Nadu,Viluppuram,NR,,NR,NR,NR,NR,NR,NR,NR,NR,NR,NR,NR,NR,NR,NR,NR,NR,NR,NR,NR,NR,NR,NR,NR,NR,NR,NR,NR,NR,NR,NR,NR,NR,NR,NR,NR,NR,NR,,,2025-03-30
Tamil Nadu,Virudhunagar,61,,50,65,83,119,118,112,85,49,45,205,206,197,NR,164,165,56,293,28,37,42,22,41,49,54,49,55,107,693,57,53,37,81,34,39,14,13,62,,,2025-03-30
Tamil Nadu,Kanniyakumari,60,,40,53,80,110,111,105,78,46,41,192,187,159,NR,157,150,55,259,25,27,26,15,32,39,37,52,40,109,500,60,60,24,79,24,28,15,13,41,,,2025-03-30
Tamil Nadu,Namakkal,NR,,NR,NR,NR,NR,NR,NR,NR,NR,NR,NR,NR,NR,NR,NR,NR,NR,NR,NR,NR,NR,NR,NR,NR,NR,NR,NR,NR,NR,NR,NR,NR,NR,NR,NR,NR,NR,NR,,,2025-03-30
Tamil Nadu,Tiruvannamalai,NR,,NR,NR,NR,NR,NR,NR,NR,NR,NR,NR,NR,NR,NR,NR,NR,NR,NR,NR,NR,NR,NR,NR,NR,NR,NR,NR,NR,NR,NR,NR,NR,NR,NR,NR,NR,NR,NR,,,2025-03-30
Tamil Nadu,Tiruvarur,NR,,NR,NR,NR,NR,NR,NR,NR,NR,NR,NR,NR,NR,NR,NR,NR,NR,NR,NR,NR,NR,NR,NR,NR,NR,NR,NR,NR,NR,NR,NR,NR,NR,NR,NR,NR,NR,NR,,,2025-03-30
Tamil Nadu,Tiruppur,NR,,NR,NR,NR,NR,NR,NR,NR,NR,NR,NR,NR,NR,NR,NR,NR,NR,NR,NR,NR,NR,NR,NR,NR,NR,NR,NR,NR,NR,NR,NR,NR,NR,NR,NR,NR,NR,NR,,,2025-03-30
Tamil Nadu,Tenkasi,56,,46,59,88,122,133,115,NR,45,66,223,NR,174,NR,159,147,56,275,22,38,32,20,36,52,55,58,57,105,737,64,68,28,95,50,54,28,13,57,,,2025-03-30
Tamil Nadu,Nagapattinam,58,,44,60,88,135,130,122,95,45,50,200,190,196,NR,158,148,59,NR,25,21,20,10,45,50,45,51,59,114,732,68,72,37,99,50,64,33,15,60,,,2025-03-30
Tamil Nadu,Krishnagiri,56,,46,41,87,123,126,117,89,45,44,202,194,152,NR,164,143,55,315,26,29,29,14,38,40,42,46,43,87,640,55,60,38,96,26,54,29,12,60,,,2025-03-30
Tamil Nadu,Ariyalur,NR,,NR,NR,NR,NR,NR,NR,NR,NR,NR,NR,NR,NR,NR,NR,NR,NR,NR,NR,NR,NR,NR,NR,NR,NR,NR,NR,NR,NR,NR,NR,NR,NR,NR,NR,NR,NR,NR,,,2025-03-30
Tamil Nadu,Kallakurichi,49,,49,65,84,118,108,114,82,46,47,192,195,172,NR,165,142,56,NR,28,25,28,15,45,50,48,47,49,93,647,68,57,27,78,27,36,20,13,53,,,2025-03-30
Tamil Nadu,Kancheepuram,55,,50,59,87,133,122,122,95,45,44,186,187,179,NR,163,143,65,NR,27,35,33,20,39,58,49,53,49,120,720,52,66,40,82,31,43,19,13,53,,,2025-03-30
Tamil Nadu,Salem,NR,,NR,NR,NR,NR,NR,NR,NR,NR,NR,NR,NR,NR,NR,NR,NR,NR,NR,NR,NR,NR,NR,NR,NR,NR,NR,NR,NR,NR,NR,NR,NR,NR,NR,NR,NR,NR,NR,,,2025-03-30
Tamil Nadu,Theni,57,,54,58,84,118,124,118,85,47,49,218,187,156,NR,142,137,58,276,14,39,39,16,39,52,50,51,76,99,686,69,65,25,89,36,55,26,13,55,,,2025-03-30
Tamil Nadu,Chengalpattu,NR,,NR,NR,NR,NR,NR,NR,NR,NR,NR,NR,NR,NR,NR,NR,NR,NR,NR,NR,NR,NR,NR,NR,NR,NR,NR,NR,NR,NR,NR,NR,NR,NR,NR,NR,NR,NR,NR,,,2025-03-30
Tamil Nadu,Mayiladuthurai,59,,50,65,98,137,117,122,NR,46,45,214,192,209,NR,157,145,60,340,27,30,33,20,45,45,46,50,63,123,846,65,60,37,103,53,60,30,14,60,,,2025-03-30
Tamil Nadu,Ranipet,NR,,NR,NR,NR,NR,NR,NR,NR,NR,NR,NR,NR,NR,NR,NR,NR,NR,NR,NR,NR,NR,NR,NR,NR,NR,NR,NR,NR,NR,NR,NR,NR,NR,NR,NR,NR,NR,NR,,,2025-03-30
Tamil Nadu,Tirupattur,55,,42,45,87,129,124,117,88,45,69,200,NR,174,NR,162,142,55,275,19,35,30,15,37,58,47,43,46,118,729,60,61,29,100,60,58,38,15,50,,,2025-03-30
Tamil Nadu,Tiruvallur,55,,44,65,91,135,120,101,95,44,40,200,176,155,NR,165,143,70,300,27,35,35,15,38,65,60,45,70,100,703,60,60,40,75,29,41,20,14,45,,,2025-03-30
Telangana,Hyderabad,59,,39,39,84,133,114,107,85,39,52,151,178,144,146,148,138,51,274,20,25,35,23,32,53,41,50,42,96,554,56,66,38,105,34,39,30,24,49,,,2025-03-30
Telangana,Karimnagar,NR,,NR,NR,NR,NR,NR,NR,NR,NR,NR,NR,NR,NR,NR,NR,NR,NR,NR,NR,NR,NR,NR,NR,NR,NR,NR,NR,NR,NR,NR,NR,NR,NR,NR,NR,NR,NR,NR,,,2025-03-30
Telangana,Warangal,NR,,NR,NR,NR,NR,NR,NR,NR,NR,NR,NR,NR,NR,NR,NR,NR,NR,NR,NR,NR,NR,NR,NR,NR,NR,NR,NR,NR,NR,NR,NR,NR,NR,NR,NR,NR,NR,NR,,,2025-03-30
Telangana,Adilabad,NR,,NR,NR,NR,NR,NR,NR,NR,NR,NR,NR,NR,NR,NR,NR,NR,NR,NR,NR,NR,NR,NR,NR,NR,NR,NR,NR,NR,NR,NR,NR,NR,NR,NR,NR,NR,NR,NR,,,2025-03-30
Telangana,Suryapet,NR,,NR,NR,NR,NR,NR,NR,NR,NR,NR,NR,NR,NR,NR,NR,NR,NR,NR,NR,NR,NR,NR,NR,NR,NR,NR,NR,NR,NR,NR,NR,NR,NR,NR,NR,NR,NR,NR,,,2025-03-30
Telangana,Jadcherla,NR,,NR,NR,NR,NR,NR,NR,NR,NR,NR,NR,NR,NR,NR,NR,NR,NR,NR,NR,NR,NR,NR,NR,NR,NR,NR,NR,NR,NR,NR,NR,NR,NR,NR,NR,NR,NR,NR,,,2025-03-30
Telangana,Khammam,NR,,NR,NR,NR,NR,NR,NR,NR,NR,NR,NR,NR,NR,NR,NR,NR,NR,NR,NR,NR,NR,NR,NR,NR,NR,NR,NR,NR,NR,NR,NR,NR,NR,NR,NR,NR,NR,NR,,,2025-03-30
Telangana,Medchal,NR,,NR,NR,NR,NR,NR,NR,NR,NR,NR,NR,NR,NR,NR,NR,NR,NR,NR,NR,NR,NR,NR,NR,NR,NR,NR,NR,NR,NR,NR,NR,NR,NR,NR,NR,NR,NR,NR,,,2025-03-30
Telangana,Nizamabad,NR,,NR,NR,NR,NR,NR,NR,NR,NR,NR,NR,NR,NR,NR,NR,NR,NR,NR,NR,NR,NR,NR,NR,NR,NR,NR,NR,NR,NR,NR,NR,NR,NR,NR,NR,NR,NR,NR,,,2025-03-30
Telangana,Sangareddy,NR,,NR,NR,NR,NR,NR,NR,NR,NR,NR,NR,NR,NR,NR,NR,NR,NR,NR,NR,NR,NR,NR,NR,NR,NR,NR,NR,NR,NR,NR,NR,NR,NR,NR,NR,NR,NR,NR,,,2025-03-30
Ladakh,Leh,NR,,NR,NR,NR,NR,NR,NR,NR,NR,NR,NR,NR,NR,NR,NR,NR,NR,NR,NR,NR,NR,NR,NR,NR,NR,NR,NR,NR,NR,NR,NR,NR,NR,NR,NR,NR,NR,NR,,,2025-03-30
Ladakh,Kargil,NR,,NR,NR,NR,NR,NR,NR,NR,NR,NR,NR,NR,NR,NR,NR,NR,NR,NR,NR,NR,NR,NR,NR,NR,NR,NR,NR,NR,NR,NR,NR,NR,NR,NR,NR,NR,NR,NR,,,2025-03-30
Commodity Name,Commodity Name,Rice,Rice,Wheat,Atta (Wheat),Gram Dal,Tur/Arhar Dal,Urad Dal,Moong Dal,Masoor Dal,Sugar,Milk @,Groundnut Oil (Packed),Mustard Oil (Packed),Vanaspati (Packed),Soya Oil (Packed),Sunflower Oil (Packed),Palm Oil (Packed),Gur,Tea Loose,Salt Pack (Iodised),Potato,Onion,Tomato,Bajra(whole),Jowar(whole),Maida(wheat),Ragi(whole),Suji(whole),Besan,Desi Ghee,Butter(Pasteurised),Eggs,Brinjal,Black Pepper(whole),Coriander(whole),Cummin Seed(whole),Red Chillies(whole),Turmeric(powder),Banana,GInger,Garlic,2025-03-30
Average Price1,Average Price1,42.17,,32.42,38.06,86.31,128.93,118.77,111.16,87.18,45.39,58.15,188.94,170.36,152.17,147.87,159.56,139.22,53.43,264.84,21.28,22.47,30.5,19.2,37.13,43.22,41.79,54.05,45.1,96.57,638.02,57.67,75.19,31.89,86.55,38.09,44.35,29.58,16.23,48.36,,,2025-03-30
Maximum Price1,Maximum Price1,65,,58,65,129,180,155,150,120,60,80,251,229,209,179,209,177,130,520,31,60,77,90,65,87,86,105,91,160,923,70,120,87,160,122,100,69,48,115,,,2025-03-30
Minimum Price1,Minimum Price1,26,,24,29,65,100,85,84,71,39,40,132,130,103,106,118,91,35,150,10,11,17,5,22,25,30,28,28,60,440,44,50,10,55,16,25,14,9,20,,,2025-03-30
Modal Price1,Modal Price1,40,,30,35,85,120,120,110,90,45,58,176,170.5,154,154,165,143,50,240,28,20,30,20,35,40,40,51,40,90,600,60,72,30,80,30,40,30,15,40,,,2025-03-30
,,,,,,,,,,,,,,,,,,,,,,,,,,,,,,,,,,,,,,,,,,,2025-03-30
"Department of Consumer Affairs ( Price Monitoring Division)Date 30/03/2025 Daily Retail Prices Of Essential Commodities  StateCentreRiceBroken RiceWheatAtta (Wheat)Gram DalTur/Arhar DalUrad DalMoong DalMasoor DalSugarMilk @Groundnut Oil (Packed)Mustard Oil (Packed)Vanaspati (Packed)Soya Oil (Packed)Sunflower Oil (Packed)Palm Oil (Packed)GurTea LooseSalt Pack (Iodised)PotatoOnionTomatoBajra (whole)Jowar (whole)Maida (wheat)Ragi (whole)Suji (whole)BesanDesi GheeButter (Pasteurised)Eggs BrinjalBlack Pepper (whole)Coriander (whole)Cummin Seed (whole)Red Chillies (whole)Turmeric (powder)BananaGingerGarlic  UnitQty1 Kg1 Kg1 Kg1 Kg1 Kg1 Kg1 Kg1 Kg1 Kg1 Kg1 ltr1 Kg1 Kg1 Kg1 Kg1 Kg1 Kg1 Kg1 Kg1 Kg1 Kg1 Kg1 Kg1 Kg1 Kg1 Kg1 Kg1 Kg1 Kg1 Kg100 gmDozen1 Kg100 gm250 gm100 gm100 gm50 gm1 Kg100 gm100 gm  Average PriceAverage Price42.17 32.4238.0686.31128.93118.77111.1687.1845.3958.15188.94170.36152.17147.87159.56139.2253.43264.8421.2822.4730.519.237.1343.2241.7954.0545.196.57638.0257.6775.1931.8986.5538.0944.3529.5816.2348.36 Maximum PriceMaximum Price65 58651291801551501206080251229209179209177130520316077906587861059116092370120871601221006948115 Minimum PriceMinimum Price26 24296510085847139401321301031061189135150101117522253028286044044501055162514920 Modal PriceModal Price40 303585120120110904558176170.51541541651435024028203020354040514090600607230803040301540 NORTH ZONENORTH ZONE  ChandigarhChandigarh44 31369016512511690456018313912411912010055269282040202738554860125527487236905050322040 DelhiDelhi39 34378912312011888455620716817416517614558240271931203137415442112517587744924138351532 HaryanaHisar40 2936871391081038045602161651581561691354924328193221273739564091580607440834439351558 KarnalNR NRNRNRNRNRNRNRNRNRNRNRNRNRNRNRNRNRNRNRNRNRNRNRNRNRNRNRNRNRNRNRNRNRNRNRNRNR PanchkulaNR NRNRNRNRNRNRNRNRNRNRNRNRNRNRNRNRNRNRNRNRNRNRNRNRNRNRNRNRNRNRNRNRNRNRNRNRNR GurgaonNR NRNRNRNRNRNRNRNRNRNRNRNRNRNRNRNRNRNRNRNRNRNRNRNRNRNRNRNRNRNRNRNRNRNRNRNRNR Himachal PradeshShimla44 NR3793137128113804860NR198170154NRNR532232820302038NR38NR40108644587230904346251763 Mandi43 NR3786140130114804849231195166153161NR502703016352833NR36NR34107676607230854543281658 Dharamshala30 NR2986138132122894740NR187159165NRNR512302821352532NR345540995905990401034945341560 Solan41 NR3886140123109844757220193165143176NR5024030183020353741NR41110600598232875637332058 Una42 NR3581117113111834669NR166186146NRNR552373019292536NR37NR3899659598528994832311558 Bilaspur-hp46 NR3782132139115864862NR165180156NRNR463442815353032NR39584093696608430833233301250 Chamba38 NR3583140120110845055NR193174152NRNR5224029254130415838723790645588430735851422363 Hamirpur-HP41 NR3676120114113854765NR189176156NRNR4726528232823374838NR3897495607830853938301555 Kullu40 NR3885130120110854940NR192168144137NR4324030274030NRNR41NR41118703608040893635291566 SirmourNR NRNRNRNRNRNRNRNRNRNRNRNRNRNRNRNRNRNRNRNRNRNRNRNRNRNRNRNRNRNRNRNRNRNRNRNRNR KinnaurNR NRNRNRNRNRNRNRNRNRNRNRNRNRNRNRNRNRNRNRNRNRNRNRNRNRNRNRNRNRNRNRNRNRNRNRNRNR Lahaul & Spiti45 NR42951681351201055451NR198165NRNRNR5748028405043NRNR36NR3683600558355873036261578 Jammu and KashmirSrinagar44 4046861751401201155150NR192144146170NR5729528304634NRNR47NR45117663606942854967311687 JammuNR NRNRNRNRNRNRNRNRNRNRNRNRNRNRNRNRNRNRNRNRNRNRNRNRNRNRNRNRNRNRNRNRNRNRNRNRNR PoonchNR NRNRNRNRNRNRNRNRNRNRNRNRNRNRNRNRNRNRNRNRNRNRNRNRNRNRNRNRNRNRNRNRNRNRNRNRNR KupwaraNR NRNRNRNRNRNRNRNRNRNRNRNRNRNRNRNRNRNRNRNRNRNRNRNRNRNRNRNRNRNRNRNRNRNRNRNRNR UdhampurNR NRNRNRNRNRNRNRNRNRNRNRNRNRNRNRNRNRNRNRNRNRNRNRNRNRNRNRNRNRNRNRNRNRNRNRNRNR ShopianNR NRNRNRNRNRNRNRNRNRNRNRNRNRNRNRNRNRNRNRNRNRNRNRNRNRNRNRNRNRNRNRNRNRNRNRNRNR SambaNR NRNRNRNRNRNRNRNRNRNRNRNRNRNRNRNRNRNRNRNRNRNRNRNRNRNRNRNRNRNRNRNRNRNRNRNRNR RambanNR NRNRNRNRNRNRNRNRNRNRNRNRNRNRNRNRNRNRNRNRNRNRNRNRNRNRNRNRNRNRNRNRNRNRNRNRNR RajouriNR NRNRNRNRNRNRNRNRNRNRNRNRNRNRNRNRNRNRNRNRNRNRNRNRNRNRNRNRNRNRNRNRNRNRNRNRNR KishtwarNR NRNRNRNRNRNRNRNRNRNRNRNRNRNRNRNRNRNRNRNRNRNRNRNRNRNRNRNRNRNRNRNRNRNRNRNRNR DodaNR NRNRNRNRNRNRNRNRNRNRNRNRNRNRNRNRNRNRNRNRNRNRNRNRNRNRNRNRNRNRNRNRNRNRNRNRNR Baramulla36 3545951501201201005048NR197178NR1941405037728384039NRNR42NR491256816080419841553420115 ReasiNR NRNRNRNRNRNRNRNRNRNRNRNRNRNRNRNRNRNRNRNRNRNRNRNRNRNRNRNRNRNRNRNRNRNRNRNRNR KathuaNR NRNRNRNRNRNRNRNRNRNRNRNRNRNRNRNRNRNRNRNRNRNRNRNRNRNRNRNRNRNRNRNRNRNRNRNRNR PunjabAmritsar40 303583137132118874655231176178162181NR5028028162822404041604193604597340934440311448 Ludhiana40 273585138128118954662218178175172183NR53285281128203748426242102560577130793742232043 Bathinda40 3035801331321189045552201761771591821485227029153020403840584090637607337924038291348 Barnala40 3134931371201139347642161591761431791454531030153120334340NR4298672606830984239271549 HoshiarpurNR NRNRNRNRNRNRNRNRNRNRNRNRNRNRNRNRNRNRNRNRNRNRNRNRNRNRNRNRNRNRNRNRNRNRNRNRNR FaridkotNR NRNRNRNRNRNRNRNRNRNRNRNRNRNRNRNRNRNRNRNRNRNRNRNRNRNRNRNRNRNRNRNRNRNRNRNRNR Mansa40 313585140135115904664NR1671741591781454827329163124415040674295633607433924541311650 Sri Muktsar Sahib40 3034851331301109045632051521701431741414827728193325295240824087597607150903433261350 Dera BassiNR NRNRNRNRNRNRNRNRNRNRNRNRNRNRNRNRNRNRNRNRNRNRNRNRNRNRNRNRNRNRNRNRNRNRNRNRNR Sangrur40 2832781351251088546602321691701561691534626327142520354040624088557587131894046321550 Ropar40 313582138132118904560222168177159NR1485226729153023404540634192639597340924441311548 Amargarh40 2832801381301109047602361701771661661434525028152520364540NR4085604587232954049271548 Fatehgarh SahibNR NRNRNRNRNRNRNRNRNRNRNRNRNRNRNRNRNRNRNRNRNRNRNRNRNRNRNRNRNRNRNRNRNRNRNRNRNR Ferozepur41 32358313713211490456121816117614217713850270301728173345406740100615609332944040261350 Kapurthala45 3340861371321159346612231661781551791445528326153020405640663998622527835933942311145 Uttar PradeshLucknow38 3036761151101057945581891601481461531374526020203011354239513997591587530853845301550 Kanpur35 2832851451151008542601801381221151281105623426203522354045NR30905805572401002240351950 Varanasi41 3036851271211098247652121661651631761516128021203019405839NR4199699587832994960371760 Agra42 29367911585907545661891671701601671594925026172916273439NR4195705609621924939311541 Jhansi44 2535831291101048345551901621491441541114722516202713333739534192622577427813239271338 Meerut36 293683134122848448581541441401471531404625018152615353840654395596585035752325231741 AllahabadNR NRNRNRNRNRNRNRNRNRNRNRNRNRNRNRNRNRNRNRNRNRNRNRNRNRNRNRNRNRNRNRNRNRNRNRNRNR Gorakhpur37 2733831191171117843551881661441481401355122422243216353334503492586587334793038241644 Saharanpur37 313385124109111894357NR137134130137110492452116281732NR36NR3490510567220813437281458 Bareilly37 2534901191251139044702121591761541711415033024192110243736503690705607916824041321560 Ayodhya36 323085135118115904555176146135137155995020022203020393945684290650637230803040301870 Moradabad37 2733831241131068342561971621391331461204823923162815346334564079574556830962749292159 Aligarh40 303585129117109854356187165144139151131512472019291833NR38NR4296613547733853445291745 Mirzapur (Vindhyanchal)35 2834891221171108545451701451271251281015522620203115264035523392633587018865150331545 Banda34 263787123116998144552151611531301731135215218152811324239814196553556827812736281852 AzamgarhNR NRNRNRNRNRNRNRNRNRNRNRNRNRNRNRNRNRNRNRNRNRNRNRNRNRNRNRNRNRNRNRNRNRNRNRNRNR Gonda (Devipatan)35 2735891271251169044581801661331441391344927120183112363435653898625548430792543271846 Amethi38 27358014212011080465819316014614013912052259232130274332423946107693578141843756271858 Barabanki38 27358612312011083455820015614113712611550218221727203236364336108563588028884142301445 Bhadohi31 2835851201401208045602091391321371591156023010202719354236513680692527435902540332050 Chandauli33 2935761131071097542551941591321361381064624719152610325339623789633566315883544311741 Farrukhabad44 293480130120110904464212174158154169142452582011352027NR36NR3794656608425845546321952 Ghazipur45 2736851251091068545571871611441431421415126618172410353439464096630567226884946331649 Jaunpur42 3035871191211108145591971751461481471355525922162915313835563489581547716853855311648 UP-PratapgarhNR NRNRNRNRNRNRNRNRNRNRNRNRNRNRNRNRNRNRNRNRNRNRNRNRNRNRNRNRNRNRNRNRNRNRNRNRNR Sambhal40 303385120110105804353189167133126131128472521716322035NR38NR38102633577420873642291538 Santkabir Nagar40 2735951301151159145672091701451541641334626328163014293031804196725587232903050251948 Shahjahanpur34 3035741351001009043571951871691661611563924320112416243238524097560569320912842301735 Sitapur38 2932821281101108243581861561421451461235022717132512242735454098586588030803040251546 Sultanpur42 3136861271161088544552071811641561701435226320213119354141524595687557432853544291645 Unnao41 3036871181171088744571891631481441541355025320202815354040514095567577128853540291649 Ambedkar Nagar45 3239871281191158545582361701431461531295518526193215363537754097615606423873641261757 AmrohaNR NRNRNRNRNRNRNRNRNRNRNRNRNRNRNRNRNRNRNRNRNRNRNRNRNRNRNRNRNRNRNRNRNRNRNRNRNR Baghpat44 NR35801301201109044651811591481431471385020726142820334940624197560607132633540301236 BijnorNR NRNRNRNRNRNRNRNRNRNRNRNRNRNRNRNRNRNRNRNRNRNRNRNRNRNRNRNRNRNRNRNRNRNRNRNRNR Budaun38 263095135115958845602071611651451641285027621123019254738673895605587834813236321245 Etah45 273580132110112904458207176148148148113532702216302022NR36NR3890679607230973240351840 Fatehpur42 2731871321181088744581851611361301431115322521192921233235403495550527932853647241737 Ghaziabad37 3335821281101028445571761721451431491404721221193019343538553997617577024833437281539 Hardoi42 2835821181151108545551911601501451561364924418202511272837544093613577220863441281549 Jalaun37 2833871301101009044551781431481421501035323319183015313538NR3890580537326762547281536 Kaushambi42 2837861191221008645511931651561411451265023020163412233737523688588557322863936211650 Kushinagar37 30388012212011880456717916614516613710847204251931204343385240102647527524882941331644 Lakhimpur Kheri43 3033821281051158044571921501261371371065522417183317273234623868648587926813041321547 Pilibhit37 3135891311151138845581901621461461541214925921173312364339544095633597426883542271845 Sharwasti40 283680118118110804550180179156161NR1394920324172820NRNR39NR4098567597820883845301533 Siddharth NagarNR NRNRNRNRNRNRNRNRNRNRNRNRNRNRNRNRNRNRNRNRNRNRNRNRNRNRNRNRNRNRNRNRNRNRNRNRNR Sonbhadra44 293482110110110784555187143121117122985521322203220254032343690549587023753028241545 Rampur42 2931791071091058544591871811411531531495024024202821303536NR3598608596621743934291458 Bahraich36 28349512312211590424517616513013714212545250271929123634336532106615568023742537231953 BastiNR NRNRNRNRNRNRNRNRNRNRNRNRNRNRNRNRNRNRNRNRNRNRNRNRNRNRNRNRNRNRNRNRNRNRNRNRNR Etawah40 303585120110105804568203162139139145128512601820301526NR40284295620587525853340301650 Muzzafarnagar39 2630801191181118744571741641591501441424924320122815354437NR3891503565930732840221348 Chitrakoot40 283580126100978045501781651491491751355223015203018323233614293522608435793147251640 Hamirpur-UP37 2732801281181007843581871481261431371375022120202815NRNR35NR3490560528926824150261645 Deoria30 303386134114858245581741671211211191104722417192814384336513591560596317732742261837 Hapur36 343675130110105904562198172160161160NR5021523152510353540474098666518425995650301241 Bulandshahr40 323685124118108844456NR1561411421391774324018182215293933553597542537223853047271532 Kanpur Dehat36 253382105117938344531901461141391351074918819142510283535523595601567628834035281537 Hathras40 283686135115108864156188162141137147133502602018301526NR37NR4095613557528813542281240 Raebareli41 3236851291181108645561911681531471591365322619182515364241534696635567527863745281647 Lalitpur36 282985130100908842561831451421371261184025520202910333833552892600577828782743271828 Mohaba34 243093120100978845501411411301521561254118520222710323534473493622566225753243301747 Gautam Budh Nagar37 3035781251121068244561931731471481691324621817132415354137514092591546725843537281340 Auraiya37 2734791231041067945571671411351351411284621420163112292938514092612577024833329281555 Maharajganj35 2734801211191118044571891691321421551314721322182515364437513891586587230823046301548 Balrampur35 2535821101101138045501651611621681591425022315152819355039NR4097619577025822938251536 Kannauj39 2733891181181119045581841391181231431085124022233016323932NR3483538527221863945341636 Mathura38 30338513311710885446021015312012114512559263281935153343404740120600558833833765421538 FirozabadNR NRNRNRNRNRNRNRNRNRNRNRNRNRNRNRNRNRNRNRNRNRNRNRNRNRNRNRNRNRNRNRNRNRNRNRNRNR KasganjNR NRNRNRNRNRNRNRNRNRNRNRNRNRNRNRNRNRNRNRNRNRNRNRNRNRNRNRNRNRNRNRNRNRNRNRNRNR MainpuriNR NRNRNRNRNRNRNRNRNRNRNRNRNRNRNRNRNRNRNRNRNRNRNRNRNRNRNRNRNRNRNRNRNRNRNRNRNR Shamli38 2933801321181088344551901541501411461264924315162720255535523585520606635853147251248 Ballia38 2934871321171119045581921601411421461244922722173015313635513791617527327823244291847 Mau37 2735881251151088645562091711431411511035224722152512NRNR36NR3892731557925823441301643 UttarakhandDehradunNR NRNRNRNRNRNRNRNRNRNRNRNRNRNRNRNRNRNRNRNRNRNRNRNRNRNRNRNRNRNRNRNRNRNRNRNRNR HaldwaniNR NRNRNRNRNRNRNRNRNRNRNRNRNRNRNRNRNRNRNRNRNRNRNRNRNRNRNRNRNRNRNRNRNRNRNRNRNR RudrapurNR NRNRNRNRNRNRNRNRNRNRNRNRNRNRNRNRNRNRNRNRNRNRNRNRNRNRNRNRNRNRNRNRNRNRNRNRNR HaridwarNR NRNRNRNRNRNRNRNRNRNRNRNRNRNRNRNRNRNRNRNRNRNRNRNRNRNRNRNRNRNRNRNRNRNRNRNRNR WEST ZONEWEST ZONE  ChhattisgarhRaipur33 39421031261091049746562011601381301431055524720222717302640454391732566030873434231029 Durg40 40358013011011580465519016115916316716553223152230104342436148106923587324805346351647 AmbikapurNR NRNRNRNRNRNRNRNRNRNRNRNRNRNRNRNRNRNRNRNRNRNRNRNRNRNRNRNRNRNRNRNRNRNRNRNRNR Bilaspur-CGNR NRNRNRNRNRNRNRNRNRNRNRNRNRNRNRNRNRNRNRNRNRNRNRNRNRNRNRNRNRNRNRNRNRNRNRNRNR JagdalpurNR NRNRNRNRNRNRNRNRNRNRNRNRNRNRNRNRNRNRNRNRNRNRNRNRNRNRNRNRNRNRNRNRNRNRNRNRNR Dantewada39 3741100130117112854461NR188152143155134582491730391640NR41NR46112643596841955048211756 DhamtariNR NRNRNRNRNRNRNRNRNRNRNRNRNRNRNRNRNRNRNRNRNRNRNRNRNRNRNRNRNRNRNRNRNRNRNRNRNR RajnandgaonNR NRNRNRNRNRNRNRNRNRNRNRNRNRNRNRNRNRNRNRNRNRNRNRNRNRNRNRNRNRNRNRNRNRNRNRNRNR KoriyaNR NRNRNRNRNRNRNRNRNRNRNRNRNRNRNRNRNRNRNRNRNRNRNRNRNRNRNRNRNRNRNRNRNRNRNRNRNR DNH and DDSilvasa51 394090127124119864368184181187170168142632352919272043585260621216765984531076444382230 Daman50 383985126127120844468184186165167167125682252920272241465260631226835979551006243372136 Diu46 40558414515512510046642112111921791921357140030212918403959NR711226986085331114736402050 GoaPanajiNR NRNRNRNRNRNRNRNRNRNRNRNRNRNRNRNRNRNRNRNRNRNRNRNRNRNRNRNRNRNRNRNRNRNRNRNRNR MargaoNR NRNRNRNRNRNRNRNRNRNRNRNRNRNRNRNRNRNRNRNRNRNRNRNRNRNRNRNRNRNRNRNRNRNRNRNRNR GujaratAhmedabad39 3335981231251058543661851671501541611575720518303035313241554289632566944792834342040 RajkotNR NRNRNRNRNRNRNRNRNRNRNRNRNRNRNRNRNRNRNRNRNRNRNRNRNRNRNRNRNRNRNRNRNRNRNRNRNR SuratNR NRNRNRNRNRNRNRNRNRNRNRNRNRNRNRNRNRNRNRNRNRNRNRNRNRNRNRNRNRNRNRNRNRNRNRNRNR BhujNR NRNRNRNRNRNRNRNRNRNRNRNRNRNRNRNRNRNRNRNRNRNRNRNRNRNRNRNRNRNRNRNRNRNRNRNRNR Selamba42 3840901251201109044621811761481371701685021323253322323542604290610506530803235301640 Waghai35 3543891251181168945641921621401451381425320921293425314239454595619557038682935221638 BodeliNR NRNRNRNRNRNRNRNRNRNRNRNRNRNRNRNRNRNRNRNRNRNRNRNRNRNRNRNRNRNRNRNRNRNRNRNRNR Vapi38 3438921241201159645621811821741541631525221018203120323540644186630586843803531201843 BilimoraNR NRNRNRNRNRNRNRNRNRNRNRNRNRNRNRNRNRNRNRNRNRNRNRNRNRNRNRNRNRNRNRNRNRNRNRNRNR IdarNR NRNRNRNRNRNRNRNRNRNRNRNRNRNRNRNRNRNRNRNRNRNRNRNRNRNRNRNRNRNRNRNRNRNRNRNRNR JhalodNR NRNRNRNRNRNRNRNRNRNRNRNRNRNRNRNRNRNRNRNRNRNRNRNRNRNRNRNRNRNRNRNRNRNRNRNRNR SongashNR NRNRNRNRNRNRNRNRNRNRNRNRNRNRNRNRNRNRNRNRNRNRNRNRNRNRNRNRNRNRNRNRNRNRNRNRNR Madhya PradeshBhopal36 323590134123102854558169172160145165NR5022710223013384040523896637578425903838301539 Indore41 2936851161181058143601691611441421421405426715222015343438NR4081640598730833234231528 Gwalior38 323777135120113904560210162172142179NR5022212173511283239614088619557125823535261536 Jabalpur40 3036851251161088645561881651331411521184625016212910384242564694637567826863236251640 Rewa32 26358613111298854355177147123155148NR5423718213315NRNR35NR3585654587625702845301241 Sagar40 262973119115105874559181167143147164139412351619239404240594187681586825772831241338 Jhabua42 303583122114112934456186170166143163NR5625515141710323545574395640NR7520953434301733 Hoshangabad42 33408112611310181445619014812913914510950227122526104349445042101721618421692945191942 Shahdol35 293586133112110834450200136125121154NR5221018202510373335504095601587030903040271835 Ujjain43 30368813311911288NRNRNRNRNRNRNRNRNRNRNRNRNRNRNRNRNRNRNRNRNRNRNRNRNRNRNRNRNRNR Morena40 3136951361201181004565209156143145143103452401416301027NR39NR4099593588015823635281440 Anuppur35 2538801101201208345502131541541481481434523030202584139384046807145579101202530221327 Bhind40 36398512912011587445817914613112312098512441516279324237624192633567518883343261640 Dhar43 2835851251201099542561701751641481719145215152525133534385340996885577241002934181830 Harda40 303580120120110904457176176154149156NR4122028252510404046804690630587230803026201528 Katni31 2934951301301158042501651541261481541005020519302583538455545100604588020854040271535 Khandwa38 273287110100100844454182134111117118NR5021522163010363635404085560607235752535261635 Mandla39 334080100115110824450201165150157165159402273019205454740634590659607118802334201537 RajgarhNR NRNRNRNRNRNRNRNRNRNRNRNRNRNRNRNRNRNRNRNRNRNRNRNRNRNRNRNRNRNRNRNRNRNRNRNRNR SidhiNR NRNRNRNRNRNRNRNRNRNRNRNRNRNRNRNRNRNRNRNRNRNRNRNRNRNRNRNRNRNRNRNRNRNRNRNRNR Chattarpur35 2834901301181107745481901651481541411055723020182810333840484895600577223922843231547 Neemuch41 263282132115110854062176135130123129NR4229710202015555041684194551607735752542301540 Burhanpur45 3235841221151158144561751731781561771644531529252511353939NR4495703595830842937251420 Narshinpur41 273276120115100804256198157121126121NR4023212202510393950525098634557640803035251538 Raisen39 303478130120105804557181165154143NRNR4323710202810394039NR4089681607620773635241430 Sheopur40 263285118115107804560187159156143154NR4823028202715272945584590659588415954040301540 Agar malwa42 25328713010599854359181164144143135NR4327220242515414443NR49100625557720893730201549 Umaria34 323477115115111804556190152143137132NR402171520251035NR40NR4793615607420832847251540 Shajapur40 293482122115105874355165159148139154NR4524318202711373340NR4488663586020782835261438 Dewas41 273383122112102894360168169154147164NR4122610242615353941604393663617625893838241534 Khargone39 313895115122110854350186156136126132NR4922516202515404040654095640558435853540301525 Singrauli38 2836981111121148148591731621411441361194923513213015NR4137NR4290661557219832339231537 ChhindwaraNR NRNRNRNRNRNRNRNRNRNRNRNRNRNRNRNRNRNRNRNRNRNRNRNRNRNRNRNRNRNRNRNRNRNRNRNRNR Sehore40 253279120110100854450170165154146174NR482001020206NRNR49NR4785633607220853035261241 MP-Ashoknagar36 303286123110100904455176150150143142NR4120710303515374037NR3890639559030903845251532 BalaghatNR NRNRNRNRNRNRNRNRNRNRNRNRNRNRNRNRNRNRNRNRNRNRNRNRNRNRNRNRNRNRNRNRNRNRNRNRNR Guna39 2430781221121008044571941651741561781374020020182210313955825587659607128833340281533 RatlamNR NRNRNRNRNRNRNRNRNRNRNRNRNRNRNRNRNRNRNRNRNRNRNRNRNRNRNRNRNRNRNRNRNRNRNRNRNR Satna33 29359012090858248602201721631591701175223022263515354235603783600587024704550201344 Vidisha41 333578120118112864460174168156150166NR4720710172510394039674182586598815823532281540 Alirajpur34 283895130110110904255178134130118123NR3928010272712333243NR4696599579616803947301730 Betul39 273080115105105804455178178141148170NR46245142225104650406540100648548228903836251540 Damoh45 303580120118110804360187170141140153NR4822012202910414344554591585587320802543251541 Dindori42 353785115110100904466176187126147165NR4923214253010384345534985621558027833336291540 NiwariNR NRNRNRNRNRNRNRNRNRNRNRNRNRNRNRNRNRNRNRNRNRNRNRNRNRNRNRNRNRNRNRNRNRNRNRNRNR SeoniNR NRNRNRNRNRNRNRNRNRNRNRNRNRNRNRNRNRNRNRNRNRNRNRNRNRNRNRNRNRNRNRNRNRNRNRNRNR PannaNR NRNRNRNRNRNRNRNRNRNRNRNRNRNRNRNRNRNRNRNRNRNRNRNRNRNRNRNRNRNRNRNRNRNRNRNRNR Tikamgarh35 26309012512795904450205165143143150NR50200202025103035403144110653587020852942201740 DatiaNR NRNRNRNRNRNRNRNRNRNRNRNRNRNRNRNRNRNRNRNRNRNRNRNRNRNRNRNRNRNRNRNRNRNRNRNRNR MaiharNR NRNRNRNRNRNRNRNRNRNRNRNRNRNRNRNRNRNRNRNRNRNRNRNRNRNRNRNRNRNRNRNRNRNRNRNRNR MaharashtraMumbai44 475694144138132995058221180169162177141873102832322542565766551346795874701127753591945 Nagpur47 44549113112911996496221120516616115512568283273736293848487548110665569339883548281849 Pune41 4454861391131158649721951781551521631505332631403924394238404199505598642843432331543 Nashik42 434485135124115924256180212168151165154543172732322344555255511046435870681035540311537 Mangaon-Raigad46 4150911251331189243552171741921531641485935329292636435244554697732606838925848281762 Dharni40 304080118106116844557184176158156181NR4531713353122322542NR4493767607138684442221836 Latur53 3740901351271209140631711791451421511474521524353023363638613592712626148973936251843 Akluj50 364365117123112854352200174148154165141403383025282032454260419065955NR40903143191225 Arni Yavatmal46 3436100135125114904163170155125147122NR57300103031203532477055103783557230994542401540 Chandrapur43 364182122127117984369188182167147157NR622233027201354515852521026166461171034743422068 Karad Satara38 38518312511312194437018818915216116415650292303031233938425843116637556045946543361938 Ahemednagar53 44498912412411999435316918615315816415346249302421193135374439108567585542792959291825 Khultabad53 323581139119109804445181NR1361431461315529620383431333549NR4684702588143773834361731 Islampur48 40488313112811290426720118111615115311851333274030283539384338106641527541985939352741 Kankavli47 44479712012711798455820919715715716115353342202928204039464746114667547230724342271667 Partur50 3440811201201108843562051871511541641644940110262515313243NR4787775NR8429925043211543 Gondia51 373974111991048145561781861561491721596222025212313363738613975820586720895041291733 Jalgaon47 354386128127114984364176183176149164165564582827222839405650561077015966381134339272035 Akola43 36458312712811597436519119215515115913956307263030233940466547112723557240904555221733 RajasthanJaipurNR NRNRNRNRNRNRNRNRNRNRNRNRNRNRNRNRNRNRNRNRNRNRNRNRNRNRNRNRNRNRNRNRNRNRNRNRNR JodhpurNR NRNRNRNRNRNRNRNRNRNRNRNRNRNRNRNRNRNRNRNRNRNRNRNRNRNRNRNRNRNRNRNRNRNRNRNRNR KotaNR NRNRNRNRNRNRNRNRNRNRNRNRNRNRNRNRNRNRNRNRNRNRNRNRNRNRNRNRNRNRNRNRNRNRNRNRNR UdaipurNR NRNRNRNRNRNRNRNRNRNRNRNRNRNRNRNRNRNRNRNRNRNRNRNRNRNRNRNRNRNRNRNRNRNRNRNRNR BharatpurNR NRNRNRNRNRNRNRNRNRNRNRNRNRNRNRNRNRNRNRNRNRNRNRNRNRNRNRNRNRNRNRNRNRNRNRNRNR AjmerNR NRNRNRNRNRNRNRNRNRNRNRNRNRNRNRNRNRNRNRNRNRNRNRNRNRNRNRNRNRNRNRNRNRNRNRNRNR Bikaner40 303486140130120954544163159157162144NR52282153535333333495849106540547054786849251345 BundiNR NRNRNRNRNRNRNRNRNRNRNRNRNRNRNRNRNRNRNRNRNRNRNRNRNRNRNRNRNRNRNRNRNRNRNRNRNR RajsamandNR NRNRNRNRNRNRNRNRNRNRNRNRNRNRNRNRNRNRNRNRNRNRNRNRNRNRNRNRNRNRNRNRNRNRNRNRNR AlwarNR NRNRNRNRNRNRNRNRNRNRNRNRNRNRNRNRNRNRNRNRNRNRNRNRNRNRNRNRNRNRNRNRNRNRNRNRNR Banswara38 263396143126118904153170146112106150NR463552437403734374649479751257853673465130NR38 BaranNR NRNRNRNRNRNRNRNRNRNRNRNRNRNRNRNRNRNRNRNRNRNRNRNRNRNRNRNRNRNRNRNRNRNRNRNRNR BarmerNR NRNRNRNRNRNRNRNRNRNRNRNRNRNRNRNRNRNRNRNRNRNRNRNRNRNRNRNRNRNRNRNRNRNRNRNRNR BhilwaraNR NRNRNRNRNRNRNRNRNRNRNRNRNRNRNRNRNRNRNRNRNRNRNRNRNRNRNRNRNRNRNRNRNRNRNRNRNR ChhitorgarhNR NRNRNRNRNRNRNRNRNRNRNRNRNRNRNRNRNRNRNRNRNRNRNRNRNRNRNRNRNRNRNRNRNRNRNRNRNR ChuruNR NRNRNRNRNRNRNRNRNRNRNRNRNRNRNRNRNRNRNRNRNRNRNRNRNRNRNRNRNRNRNRNRNRNRNRNRNR DholapurNR NRNRNRNRNRNRNRNRNRNRNRNRNRNRNRNRNRNRNRNRNRNRNRNRNRNRNRNRNRNRNRNRNRNRNRNRNR DungarpurNR NRNRNRNRNRNRNRNRNRNRNRNRNRNRNRNRNRNRNRNRNRNRNRNRNRNRNRNRNRNRNRNRNRNRNRNRNR HanumangarhNR NRNRNRNRNRNRNRNRNRNRNRNRNRNRNRNRNRNRNRNRNRNRNRNRNRNRNRNRNRNRNRNRNRNRNRNRNR JaisalmerNR NRNRNRNRNRNRNRNRNRNRNRNRNRNRNRNRNRNRNRNRNRNRNRNRNRNRNRNRNRNRNRNRNRNRNRNRNR Jalore39 333495110125110904254197138127137150NR4231015343423304041NR5069545607873984140401743 JhalawarNR NRNRNRNRNRNRNRNRNRNRNRNRNRNRNRNRNRNRNRNRNRNRNRNRNRNRNRNRNRNRNRNRNRNRNRNRNR JhunjhunuNR NRNRNRNRNRNRNRNRNRNRNRNRNRNRNRNRNRNRNRNRNRNRNRNRNRNRNRNRNRNRNRNRNRNRNRNRNR KarauliNR NRNRNRNRNRNRNRNRNRNRNRNRNRNRNRNRNRNRNRNRNRNRNRNRNRNRNRNRNRNRNRNRNRNRNRNRNR NagaurNR NRNRNRNRNRNRNRNRNRNRNRNRNRNRNRNRNRNRNRNRNRNRNRNRNRNRNRNRNRNRNRNRNRNRNRNRNR PaliNR NRNRNRNRNRNRNRNRNRNRNRNRNRNRNRNRNRNRNRNRNRNRNRNRNRNRNRNRNRNRNRNRNRNRNRNRNR RJ-PratapgarhNR NRNRNRNRNRNRNRNRNRNRNRNRNRNRNRNRNRNRNRNRNRNRNRNRNRNRNRNRNRNRNRNRNRNRNRNRNR SikarNR NRNRNRNRNRNRNRNRNRNRNRNRNRNRNRNRNRNRNRNRNRNRNRNRNRNRNRNRNRNRNRNRNRNRNRNRNR Sirohi43 3538851501209580425120314812712813011549250172130202635421054392520609441706030221037 Sri GanganagarNR NRNRNRNRNRNRNRNRNRNRNRNRNRNRNRNRNRNRNRNRNRNRNRNRNRNRNRNRNRNRNRNRNRNRNRNRNR TonkNR NRNRNRNRNRNRNRNRNRNRNRNRNRNRNRNRNRNRNRNRNRNRNRNRNRNRNRNRNRNRNRNRNRNRNRNRNR Sawai MadhopurNR NRNRNRNRNRNRNRNRNRNRNRNRNRNRNRNRNRNRNRNRNRNRNRNRNRNRNRNRNRNRNRNRNRNRNRNRNR EAST ZONEEAST ZONE  BiharPatna39 313780130118105804756NR1591771781861774427826203212NRNR39NR40100600568428904040251541 BhagalpurNR NRNRNRNRNRNRNRNRNRNRNRNRNRNRNRNRNRNRNRNRNRNRNRNRNRNRNRNRNRNRNRNRNRNRNRNRNR Purnia38 354175107109107774851NR169160162NR145433241419252244354467441126925582241222452411745 DarbhangaNR NRNRNRNRNRNRNRNRNRNRNRNRNRNRNRNRNRNRNRNRNRNRNRNRNRNRNRNRNRNRNRNRNRNRNRNRNR GayaNR NRNRNRNRNRNRNRNRNRNRNRNRNRNRNRNRNRNRNRNRNRNRNRNRNRNRNRNRNRNRNRNRNRNRNRNRNR Muzzafarpur37 293581126121119814657NR17115516619514544287251627144759395340103666578125923639261551 SaranNR NRNRNRNRNRNRNRNRNRNRNRNRNRNRNRNRNRNRNRNRNRNRNRNRNRNRNRNRNRNRNRNRNRNRNRNRNR MungerNR NRNRNRNRNRNRNRNRNRNRNRNRNRNRNRNRNRNRNRNRNRNRNRNRNRNRNRNRNRNRNRNRNRNRNRNRNR SaharsaNR NRNRNRNRNRNRNRNRNRNRNRNRNRNRNRNRNRNRNRNRNRNRNRNRNRNRNRNRNRNRNRNRNRNRNRNRNR Madhubani40 3035851401201128044532151661571581691254627321183021NRNR344835112619557122843234261245 Rohtas (Sasaram)33 3542821201039281486220717015016718315346210251829143864345437106674608219882649351429 Motihari47 3539871251191078046572131691851691911475028419213020NRNR36NR34110602527633813150251832 SamastipurNR NRNRNRNRNRNRNRNRNRNRNRNRNRNRNRNRNRNRNRNRNRNRNRNRNRNRNRNRNRNRNRNRNRNRNRNRNR Katihar40 323593127128109794659NR183128133146NR4830520233427NRNR33NR34110593NR72389822502013NR Araria36 283585150130115804555NR16913713716511050300201832205560407040100608588015954655371641 NawadaNR NRNRNRNRNRNRNRNRNRNRNRNRNRNRNRNRNRNRNRNRNRNRNRNRNRNRNRNRNRNRNRNRNRNRNRNRNR KhagariaNR NRNRNRNRNRNRNRNRNRNRNRNRNRNRNRNRNRNRNRNRNRNRNRNRNRNRNRNRNRNRNRNRNRNRNRNRNR BankaNR NRNRNRNRNRNRNRNRNRNRNRNRNRNRNRNRNRNRNRNRNRNRNRNRNRNRNRNRNRNRNRNRNRNRNRNRNR ArwalNR NRNRNRNRNRNRNRNRNRNRNRNRNRNRNRNRNRNRNRNRNRNRNRNRNRNRNRNRNRNRNRNRNRNRNRNRNR AurangabadNR NRNRNRNRNRNRNRNRNRNRNRNRNRNRNRNRNRNRNRNRNRNRNRNRNRNRNRNRNRNRNRNRNRNRNRNRNR Begusarai37 29359215812410581455523917116816015913946262142224245242355237108623587839772656341735 Bhojpur AraNR NRNRNRNRNRNRNRNRNRNRNRNRNRNRNRNRNRNRNRNRNRNRNRNRNRNRNRNRNRNRNRNRNRNRNRNRNR BuxarNR NRNRNRNRNRNRNRNRNRNRNRNRNRNRNRNRNRNRNRNRNRNRNRNRNRNRNRNRNRNRNRNRNRNRNRNRNR GopalganjNR NRNRNRNRNRNRNRNRNRNRNRNRNRNRNRNRNRNRNRNRNRNRNRNRNRNRNRNRNRNRNRNRNRNRNRNRNR JamuiNR NRNRNRNRNRNRNRNRNRNRNRNRNRNRNRNRNRNRNRNRNRNRNRNRNRNRNRNRNRNRNRNRNRNRNRNRNR Jehanabad37 283594154129113714255NR190169168NRNR4724724183716NRNR37NR401006505610028772541242052 KaimurNR NRNRNRNRNRNRNRNRNRNRNRNRNRNRNRNRNRNRNRNRNRNRNRNRNRNRNRNRNRNRNRNRNRNRNRNRNR KishanganjNR NRNRNRNRNRNRNRNRNRNRNRNRNRNRNRNRNRNRNRNRNRNRNRNRNRNRNRNRNRNRNRNRNRNRNRNRNR Lakhisarai40 303674145114115904759NR154129142NR12945257272031215153515149100603599531793940311431 Medhepura39 293781121113109794756NR1691551611641444730816192921NRNR36NR3799614578931792746341543 NalandaNR NRNRNRNRNRNRNRNRNRNRNRNRNRNRNRNRNRNRNRNRNRNRNRNRNRNRNRNRNRNRNRNRNRNRNRNRNR SheikhpuraNR NRNRNRNRNRNRNRNRNRNRNRNRNRNRNRNRNRNRNRNRNRNRNRNRNRNRNRNRNRNRNRNRNRNRNRNRNR Sheohar39 2938821301341178145581781711551661781385123224203219NRNR374139106670467518822745221357 SitamarhiNR NRNRNRNRNRNRNRNRNRNRNRNRNRNRNRNRNRNRNRNRNRNRNRNRNRNRNRNRNRNRNRNRNRNRNRNRNR SiwanNR NRNRNRNRNRNRNRNRNRNRNRNRNRNRNRNRNRNRNRNRNRNRNRNRNRNRNRNRNRNRNRNRNRNRNRNRNR Supaul36 283291132121114764555NR174129NRNR1154626512152920NRNR35NR35110580588430802656351555 Vaishali37 3235751221171027648501811561321691761464520729153517494935403985659559426762634181238 West ChamparanNR NRNRNRNRNRNRNRNRNRNRNRNRNRNRNRNRNRNRNRNRNRNRNRNRNRNRNRNRNRNRNRNRNRNRNRNRNR JharkhandRanchi43 3741821231201108046582511691501691691425123728153313NRNR40NR48114586597623955055371550 GumlaNR NRNRNRNRNRNRNRNRNRNRNRNRNRNRNRNRNRNRNRNRNRNRNRNRNRNRNRNRNRNRNRNRNRNRNRNRNR SahibganjNR NRNRNRNRNRNRNRNRNRNRNRNRNRNRNRNRNRNRNRNRNRNRNRNRNRNRNRNRNRNRNRNRNRNRNRNRNR Bokaro34 353687153981068646571891721601641821455132225232923NRNR33NR40100709558925812842251360 Lohardaga35 323685160125110804561NR151129140152127442032620259NRNR37294090650567325804230331138 SimdegaNR NRNRNRNRNRNRNRNRNRNRNRNRNRNRNRNRNRNRNRNRNRNRNRNRNRNRNRNRNRNRNRNRNRNRNRNRNR Dhanbad40 3638751191181108045582421681521701811325025025193513355140504095714568030883542331845 Jamshedpur (East Singbhum) 40 353810013512512090455821917616515416513256200272233153230405950100604588140853034281250 GiridhiNR NRNRNRNRNRNRNRNRNRNRNRNRNRNRNRNRNRNRNRNRNRNRNRNRNRNRNRNRNRNRNRNRNRNRNRNRNR SeraikellaNR NRNRNRNRNRNRNRNRNRNRNRNRNRNRNRNRNRNRNRNRNRNRNRNRNRNRNRNRNRNRNRNRNRNRNRNRNR West SinghbhumNR NRNRNRNRNRNRNRNRNRNRNRNRNRNRNRNRNRNRNRNRNRNRNRNRNRNRNRNRNRNRNRNRNRNRNRNRNR Daltonganj34 243592128110114834560NR169139151NR134502542519259NRNR364937116605619117824649271531 Deoghar45 3839100130140110805060176165176165187154503003020301060504510055100769608030904040301840 Ramgarh37 3638NR1201151107848NRNR1761651702091594528025203010NRNRNRNRNRNRNRNRNRNRNRNRNRNRNRNR Pakur43 37418612512093874861NR17215714617914862313281524124041454360112637606921722334241441 JamtaraNR NRNRNRNRNRNRNRNRNRNRNRNRNRNRNRNRNRNRNRNRNRNRNRNRNRNRNRNRNRNRNRNRNRNRNRNRNR LateharNR NRNRNRNRNRNRNRNRNRNRNRNRNRNRNRNRNRNRNRNRNRNRNRNRNRNRNRNRNRNRNRNRNRNRNRNRNR GoddaNR NRNRNRNRNRNRNRNRNRNRNRNRNRNRNRNRNRNRNRNRNRNRNRNRNRNRNRNRNRNRNRNRNRNRNRNRNR Koderma39 333880120119110804660198170154170197141512002820251946NR415041101681608024854442211940 OdishaBhubaneshwar42 394680115106115804852NR171152NR1651375523027193020NRNR42544490NRNR8033833530201550 Cuttack41 374681115110111794752NR175154NR16614154260291831214142434545100743NR723286NR33211458 Sambalpur40 404576110103100764752NR174154NR1651404524028152515404541504290671NR7232903737301860 Rourkela35 384080112105105774652NR1801531451651465118026202683540404042105529588522813036261541 BerhampurNR NRNRNRNRNRNRNRNRNRNRNRNRNRNRNRNRNRNRNRNRNRNRNRNRNRNRNRNRNRNRNRNRNRNRNRNRNR Jeypore45 404080115108107804652NR1741581541651375023729202615404040454480736606030783035211247 BalasoreNR NRNRNRNRNRNRNRNRNRNRNRNRNRNRNRNRNRNRNRNRNRNRNRNRNRNRNRNRNRNRNRNRNRNRNRNRNR Baripada37 364583132115112834552NR190160NR160143562462615272135NR404542100607587531932643301261 Balangir39 394180116109109824652NR184152NR16314150NR29203010NRNR45NR4787703606523773035261540 AngulNR NRNRNRNRNRNRNRNRNRNRNRNRNRNRNRNRNRNRNRNRNRNRNRNRNRNRNRNRNRNRNRNRNRNRNRNRNR Boudhgarh32 NRNR80155125120904255NR179110NR163NR48NR27353520NRNRNRNR45756505884251004088NRNR40 DhenkanalNR NRNRNRNRNRNRNRNRNRNRNRNRNRNRNRNRNRNRNRNRNRNRNRNRNRNRNRNRNRNRNRNRNRNRNRNRNR Jagatsinghpur33 404580115120108804656NR176181NR1651384524025162517NRNR44NR45105600587240813835251360 KandhamalNR NRNRNRNRNRNRNRNRNRNRNRNRNRNRNRNRNRNRNRNRNRNRNRNRNRNRNRNRNRNRNRNRNRNRNRNRNR Keonjhar40 404585120115112804652NR176154NR16314149NR281630204745435047102711607040854039251450 Malkangiri40 3543100125120115854460NR179158NR1691496034022203020NRNR38354076699578030803456221445 NabarangpurNR NRNRNRNRNRNRNRNRNRNRNRNRNRNRNRNRNRNRNRNRNRNRNRNRNRNRNRNRNRNRNRNRNRNRNRNRNR Nayagarh40 NR4285120120110854552NR177178NR1651445734026183019NRNR38434385651578431853144261440 NuapadaNR NRNRNRNRNRNRNRNRNRNRNRNRNRNRNRNRNRNRNRNRNRNRNRNRNRNRNRNRNRNRNRNRNRNRNRNRNR Paralakhemundi Gajapati41 NR41NR136NR1218745NRNR171149NR156NR51185252239204473455245706335071231184457392146 Puri39 NR4578121113109804658NR176156NR1631395927923182722NRNR41NR4485672586738994140251748 Rayagada40 354983115118110804756176177160NR16614350NR27192820NRNR48354985697557233823839311340 SonepurNR NRNRNRNRNRNRNRNRNRNRNRNRNRNRNRNRNRNRNRNRNRNRNRNRNRNRNRNRNRNRNRNRNRNRNRNRNR BhadrakNR NRNRNRNRNRNRNRNRNRNRNRNRNRNRNRNRNRNRNRNRNRNRNRNRNRNRNRNRNRNRNRNRNRNRNRNRNR JharsugudaNR NRNRNRNRNRNRNRNRNRNRNRNRNRNRNRNRNRNRNRNRNRNRNRNRNRNRNRNRNRNRNRNRNRNRNRNRNR Kendrapara39 404685125108104854552NRNRNRNRNRNR5126028173018NRNR41594587690607435853136241450 JajpurNR NRNRNRNRNRNRNRNRNRNRNRNRNRNRNRNRNRNRNRNRNRNRNRNRNRNRNRNRNRNRNRNRNRNRNRNRNR Kalahandi40 374982113113111814652NR178159NR1661435039328192715NRNR403749100628NR6828822731221150 West BengalKolkataNR NRNRNRNRNRNRNRNRNRNRNRNRNRNRNRNRNRNRNRNRNRNRNRNRNRNRNRNRNRNRNRNRNRNRNRNRNR Siliguri34 3235811351241099444562001701411341541145817425122910334139555097590558815894739291150 Purulia26 NR429017212612010047591781831781511551475429229132515NRNR45NR531086875669201053353373042 Kharagpur61 40458416513212210845592141761501551521473524828153612NRNR45NR41NR621628330704947301643 RampurhatNR NRNRNRNRNRNRNRNRNRNRNRNRNRNRNRNRNRNRNRNRNRNRNRNRNRNRNRNRNRNRNRNRNRNRNRNRNR MaldaNR NRNRNRNRNRNRNRNRNRNRNRNRNRNRNRNRNRNRNRNRNRNRNRNRNRNRNRNRNRNRNRNRNRNRNRNRNR Raiganj39 2835811681231059144461951811131451361175624810233822NRNR30NR426356949104441052152301358 Alipurduar39 NR44801401311191074860NR1901721591371235123710193015NRNR42NR45935736279295524633524NR AsansolNR NRNRNRNRNRNRNRNRNRNRNRNRNRNRNRNRNRNRNRNRNRNRNRNRNRNRNRNRNRNRNRNRNRNRNRNRNR BalurghatNR NRNRNRNRNRNRNRNRNRNRNRNRNRNRNRNRNRNRNRNRNRNRNRNRNRNRNRNRNRNRNRNRNRNRNRNRNR Bankura35 NR3878142121113854862NR1801361491721474926218122510NRNR36NR507752758661895353325948 Barasat46 3141931431091118945541781711711461681445523820162111565540655265611576553793227221037 Bardhaman62 NR408012011111010547562231661631391701454927727143011NRNR40NR4560672596635793529231471 BaruipurNR NRNRNRNRNRNRNRNRNRNRNRNRNRNRNRNRNRNRNRNRNRNRNRNRNRNRNRNRNRNRNRNRNRNRNRNRNR Berhampore48 293990146125114964758NR1801541491591375524722152914NRNR35NR48NR567587220873829251333 ChinsurahNR NRNRNRNRNRNRNRNRNRNRNRNRNRNRNRNRNRNRNRNRNRNRNRNRNRNRNRNRNRNRNRNRNRNRNRNRNR Cooch beharNR NRNRNRNRNRNRNRNRNRNRNRNRNRNRNRNRNRNRNRNRNRNRNRNRNRNRNRNRNRNRNRNRNRNRNRNRNR Howrah59 NR4085162126121885158NR174149152188NR6028527163520NRNRNRNR5281670566651813150281755 Jalapiguri37 284596130130110954654NR1591321371491036030025153012NRNR32NR50754405580181005040281560 JhargramNR NRNRNRNRNRNRNRNRNRNRNRNRNRNRNRNRNRNRNRNRNRNRNRNRNRNRNRNRNRNRNRNRNRNRNRNRNR KalimpongNR NRNRNRNRNRNRNRNRNRNRNRNRNRNRNRNRNRNRNRNRNRNRNRNRNRNRNRNRNRNRNRNRNRNRNRNRNR KrishnagarNR NRNRNRNRNRNRNRNRNRNRNRNRNRNRNRNRNRNRNRNRNRNRNRNRNRNRNRNRNRNRNRNRNRNRNRNRNR TamlukNR NRNRNRNRNRNRNRNRNRNRNRNRNRNRNRNRNRNRNRNRNRNRNRNRNRNRNRNRNRNRNRNRNRNRNRNRNR NORTH EAST ZONENORTH EAST ZONE  Andaman and NicobarPort BlairNR NRNRNRNRNRNRNRNRNRNRNRNRNRNRNRNRNRNRNRNRNRNRNRNRNRNRNRNRNRNRNRNRNRNRNRNRNR MayabunderNR NRNRNRNRNRNRNRNRNRNRNRNRNRNRNRNRNRNRNRNRNRNRNRNRNRNRNRNRNRNRNRNRNRNRNRNRNR Car NicobarNR NRNRNRNRNRNRNRNRNRNRNRNRNRNRNRNRNRNRNRNRNRNRNRNRNRNRNRNRNRNRNRNRNRNRNRNRNR Arunachal pradeshItanagar38 NR45100160130120905074NR198176154181NR7540017203537NRNR45NR5099702578340795753301569 Namsai35 NR361101601201201005074NR187NR145154NR8028020204520NRNR40NR60120660599625705030501730 Pasighat50 NR501001301331001006078176220165172167NR8040020275043NRNR50NR53736925997471007583431560 TawangNR NRNRNRNRNRNRNRNRNRNRNRNRNRNRNRNRNRNRNRNRNRNRNRNRNRNRNRNRNRNRNRNRNRNRNRNRNR AssamGuwahati41 3340801251001058549702311811591481591486020014183520NRNR37NR40NRNRNR7720NRNRNRNR1875 Barpeta35 364082115951058249742001831431551661256625911142612524642975183664637818833433281763 TinsukiaNR NRNRNRNRNRNRNRNRNRNRNRNRNRNRNRNRNRNRNRNRNRNRNRNRNRNRNRNRNRNRNRNRNRNRNRNRNR Dhubri35 NR4084140NR105854774NR19217615616714855180101530205080426552110747608412703040201267 Goalpara45 3340981281171208845601811591621541661465215010152815524642446087659658014667549331860 GolaghatNR NRNRNRNRNRNRNRNRNRNRNRNRNRNRNRNRNRNRNRNRNRNRNRNRNRNRNRNRNRNRNRNRNRNRNRNRNR Mangaldai45 33428011695110854870NR1601441411601546026912193020NRNR40NR43NRNRNR8415NRNRNRNR1853 Mushalpur39 40409012893120904773NR1811441461461505224010152915NRNR39NR50827736074317530NR231555 Udalguri41 NR419915197107854575NR184NR1451721455825711163317NRNR38NR3772687NR79228042NR481352 Bajali35 334290140150120904770164154NR1521741745936010153012NRNR3610245707874512012906160322560 Hojai36 NR4290110101100824675NR170126140170NR7023010152920NRNR35NR41806665775181013340311151 Jorhat36 394380119971099550741791901651541591076020712142823NRNR55NR5476624539724804052351252 Bongaigaon44 NR409013295110904670NR176152149165NR5034010152910NRNR40NR5560NRNR8020NRNRNRNR1855 MorigaonNR NRNRNRNRNRNRNRNRNRNRNRNRNRNRNRNRNRNRNRNRNRNRNRNRNRNRNRNRNRNRNRNRNRNRNRNRNR SonariNR NRNRNRNRNRNRNRNRNRNRNRNRNRNRNRNRNRNRNRNRNRNRNRNRNRNRNRNRNRNRNRNRNRNRNRNRNR Tamulpur37 403987132122111874873NR165146132NR1375124710203020NRNR40NR6087762NR7210NRNRNR241038 Sivasagar48 585097150118115954875NR17520917318415355260101835266559518055125644609030764860341262 Biswanath Chariali35 NR3988133NR110904874NR143NR148NRNR6024010173018NRNR40NR42100NRNR7030707030552060 Dibrugarh41 NR4081118111110834974NR182164170188NR5824214152519NRNR42NR57NRNRNR7127NRNRNRNR1367 Karimganj39 NR4383123125105824872NR179NR144191NR5823314203020NRNR42NR62130NR587340NRNRNRNR1545 Majuli50 NR3610213091118975070NR165NR131NRNR6026015193420NRNR40NR42120NRNR72407050NR321540 Sonitpur Tezpur35 3041901201001158547691631471671421621204931010132610NRNRNRNRNRNRNRNRNRNRNRNRNRNRNRNR Haflong34 NR4695140NR120955074NR176NR154153NR8026015204030NRNR45NR50906516090301004250301980 AS-Lakhimpur39 NR418412294113884872NR175155155157NR5517515162821NRNR43NR4371603497620813171311145 Diphu40 NR3990120112116924874NR164NR158NR1547823814193522455042606580625589620806765321565 NalbariNR NRNRNRNRNRNRNRNRNRNRNRNRNRNRNRNRNRNRNRNRNRNRNRNRNRNRNRNRNRNRNRNRNRNRNRNRNR South Salmara MankacharNR NRNRNRNRNRNRNRNRNRNRNRNRNRNRNRNRNRNRNRNRNRNRNRNRNRNRNRNRNRNRNRNRNRNRNRNRNR Kamrup38 NR4083130100104824772NR181NR1571741485320916153020NRNR38NR4969NR447220NRNRNR241553 ManipurImphalNR NRNRNRNRNRNRNRNRNRNRNRNRNRNRNRNRNRNRNRNRNRNRNRNRNRNRNRNRNRNRNRNRNRNRNRNRNR ChandelNR NRNRNRNRNRNRNRNRNRNRNRNRNRNRNRNRNRNRNRNRNRNRNRNRNRNRNRNRNRNRNRNRNRNRNRNRNR JiribamNR NRNRNRNRNRNRNRNRNRNRNRNRNRNRNRNRNRNRNRNRNRNRNRNRNRNRNRNRNRNRNRNRNRNRNRNRNR KangpokpiNR NRNRNRNRNRNRNRNRNRNRNRNRNRNRNRNRNRNRNRNRNRNRNRNRNRNRNRNRNRNRNRNRNRNRNRNRNR SenapatiNR NRNRNRNRNRNRNRNRNRNRNRNRNRNRNRNRNRNRNRNRNRNRNRNRNRNRNRNRNRNRNRNRNRNRNRNRNR TamenglongNR NRNRNRNRNRNRNRNRNRNRNRNRNRNRNRNRNRNRNRNRNRNRNRNRNRNRNRNRNRNRNRNRNRNRNRNRNR ThoubalNR NRNRNRNRNRNRNRNRNRNRNRNRNRNRNRNRNRNRNRNRNRNRNRNRNRNRNRNRNRNRNRNRNRNRNRNRNR UkhrulNR NRNRNRNRNRNRNRNRNRNRNRNRNRNRNRNRNRNRNRNRNRNRNRNRNRNRNRNRNRNRNRNRNRNRNRNRNR MeghalayaShillong39 4442100150130120884874NR176167154NRNR6732030223328NRNR44NR44117680608043804753272187 TuraNR NRNRNRNRNRNRNRNRNRNRNRNRNRNRNRNRNRNRNRNRNRNRNRNRNRNRNRNRNRNRNRNRNRNRNRNRNR Jowai38 4443100NRNR120874974NR165NR154NRNR8036015203730NRNR44NR4490650607447805050301657 SohraNR NRNRNRNRNRNRNRNRNRNRNRNRNRNRNRNRNRNRNRNRNRNRNRNRNRNRNRNRNRNRNRNRNRNRNRNRNR MairangNR NRNRNRNRNRNRNRNRNRNRNRNRNRNRNRNRNRNRNRNRNRNRNRNRNRNRNRNRNRNRNRNRNRNRNRNRNR NongpohNR NRNRNRNRNRNRNRNRNRNRNRNRNRNRNRNRNRNRNRNRNRNRNRNRNRNRNRNRNRNRNRNRNRNRNRNRNR Khliehriat37 4442110140NR117804875NR154NR154NRNRNR30730203830NRNR45NR5273647607543807367391593 WilliamnagarNR NRNRNRNRNRNRNRNRNRNRNRNRNRNRNRNRNRNRNRNRNRNRNRNRNRNRNRNRNRNRNRNRNRNRNRNRNR NongstoinNR NRNRNRNRNRNRNRNRNRNRNRNRNRNRNRNRNRNRNRNRNRNRNRNRNRNRNRNRNRNRNRNRNRNRNRNRNR MawkyrwatNR NRNRNRNRNRNRNRNRNRNRNRNRNRNRNRNRNRNRNRNRNRNRNRNRNRNRNRNRNRNRNRNRNRNRNRNRNR MizoramAizawl50 4050901601401409550801731901601351611429352030606272NRNR83NR709065058908792NR90624088 Lunglei50 42509314314314393508013222416512814311010052030406360NRNR50NR8090604601006515712267502078 Kolasib45 404096160130120955078NR203NR1111471079842728405070NR4040NR78145655599257100NR100633643 MamitNR NRNRNRNRNRNRNRNRNRNRNRNRNRNRNRNRNRNRNRNRNRNRNRNRNRNRNRNRNRNRNRNRNRNRNRNRNR Champhai45 3545NRNRNRNR956080NR185NR165NRNR9352030536083NRNR45NR8010057460108571007030694560 Serchhip45 NR50100NRNR1501005078NR143103112NR13710052030356090NRNR55NR40160630NR9653150NR90393050 SiahaNR NRNRNRNRNRNRNRNRNRNRNRNRNRNRNRNRNRNRNRNRNRNRNRNRNRNRNRNRNRNRNRNRNRNRNRNRNR Lawngtlai50 45501001601401401005080NR143NR132NR12112048030406090NRNR80NR801406606010080160601006040100 Hnahthial47 4545NR1631501331005080NRNR121150NRNR13052030507780NRNR47NR90130620NR10060785090603080 Khawzawl50 4045100160130130955378NR1871411581451129849330426367NR4247NR72107608609872107NR95534887 Saitual54 4556100NR140NR1005580NRNRNR143NRNRNR51330456080NRNR50NR9085NR589580NRNR9058NR90 NagalandKohimaNR NRNRNRNRNRNRNRNRNRNRNRNRNRNRNRNRNRNRNRNRNRNRNRNRNRNRNRNRNRNRNRNRNRNRNRNRNR DimapurNR NRNRNRNRNRNRNRNRNRNRNRNRNRNRNRNRNRNRNRNRNRNRNRNRNRNRNRNRNRNRNRNRNRNRNRNRNR TuensangNR NRNRNRNRNRNRNRNRNRNRNRNRNRNRNRNRNRNRNRNRNRNRNRNRNRNRNRNRNRNRNRNRNRNRNRNRNR MokochungNR NRNRNRNRNRNRNRNRNRNRNRNRNRNRNRNRNRNRNRNRNRNRNRNRNRNRNRNRNRNRNRNRNRNRNRNRNR ChumukedimaNR NRNRNRNRNRNRNRNRNRNRNRNRNRNRNRNRNRNRNRNRNRNRNRNRNRNRNRNRNRNRNRNRNRNRNRNRNR MonNR NRNRNRNRNRNRNRNRNRNRNRNRNRNRNRNRNRNRNRNRNRNRNRNRNRNRNRNRNRNRNRNRNRNRNRNRNR PerenNR NRNRNRNRNRNRNRNRNRNRNRNRNRNRNRNRNRNRNRNRNRNRNRNRNRNRNRNRNRNRNRNRNRNRNRNRNR PhekNR NRNRNRNRNRNRNRNRNRNRNRNRNRNRNRNRNRNRNRNRNRNRNRNRNRNRNRNRNRNRNRNRNRNRNRNRNR TseminyuNR NRNRNRNRNRNRNRNRNRNRNRNRNRNRNRNRNRNRNRNRNRNRNRNRNRNRNRNRNRNRNRNRNRNRNRNRNR WokhaNR NRNRNRNRNRNRNRNRNRNRNRNRNRNRNRNRNRNRNRNRNRNRNRNRNRNRNRNRNRNRNRNRNRNRNRNRNR ZunhebotoNR NRNRNRNRNRNRNRNRNRNRNRNRNRNRNRNRNRNRNRNRNRNRNRNRNRNRNRNRNRNRNRNRNRNRNRNRNR KiphireNR NRNRNRNRNRNRNRNRNRNRNRNRNRNRNRNRNRNRNRNRNRNRNRNRNRNRNRNRNRNRNRNRNRNRNRNRNR LonglengNR NRNRNRNRNRNRNRNRNRNRNRNRNRNRNRNRNRNRNRNRNRNRNRNRNRNRNRNRNRNRNRNRNRNRNRNRNR NiulandNR NRNRNRNRNRNRNRNRNRNRNRNRNRNRNRNRNRNRNRNRNRNRNRNRNRNRNRNRNRNRNRNRNRNRNRNRNR ShamatorNR NRNRNRNRNRNRNRNRNRNRNRNRNRNRNRNRNRNRNRNRNRNRNRNRNRNRNRNRNRNRNRNRNRNRNRNRNR NoklakNR NRNRNRNRNRNRNRNRNRNRNRNRNRNRNRNRNRNRNRNRNRNRNRNRNRNRNRNRNRNRNRNRNRNRNRNRNR SikkimGangtokNR NRNRNRNRNRNRNRNRNRNRNRNRNRNRNRNRNRNRNRNRNRNRNRNRNRNRNRNRNRNRNRNRNRNRNRNRNR GyalshingNR NRNRNRNRNRNRNRNRNRNRNRNRNRNRNRNRNRNRNRNRNRNRNRNRNRNRNRNRNRNRNRNRNRNRNRNRNR NamchiNR NRNRNRNRNRNRNRNRNRNRNRNRNRNRNRNRNRNRNRNRNRNRNRNRNRNRNRNRNRNRNRNRNRNRNRNRNR SorengNR NRNRNRNRNRNRNRNRNRNRNRNRNRNRNRNRNRNRNRNRNRNRNRNRNRNRNRNRNRNRNRNRNRNRNRNRNR ManganNR NRNRNRNRNRNRNRNRNRNRNRNRNRNRNRNRNRNRNRNRNRNRNRNRNRNRNRNRNRNRNRNRNRNRNRNRNR PakyongNR NRNRNRNRNRNRNRNRNRNRNRNRNRNRNRNRNRNRNRNRNRNRNRNRNRNRNRNRNRNRNRNRNRNRNRNRNR TripuraAgartalaNR NRNRNRNRNRNRNRNRNRNRNRNRNRNRNRNRNRNRNRNRNRNRNRNRNRNRNRNRNRNRNRNRNRNRNRNRNR DharmanagarNR NRNRNRNRNRNRNRNRNRNRNRNRNRNRNRNRNRNRNRNRNRNRNRNRNRNRNRNRNRNRNRNRNRNRNRNRNR BeloniaNR NRNRNRNRNRNRNRNRNRNRNRNRNRNRNRNRNRNRNRNRNRNRNRNRNRNRNRNRNRNRNRNRNRNRNRNRNR TR-UdaipurNR NRNRNRNRNRNRNRNRNRNRNRNRNRNRNRNRNRNRNRNRNRNRNRNRNRNRNRNRNRNRNRNRNRNRNRNRNR SOUTH ZONESOUTH ZONE  Andhra PradeshVijaywadaNR NRNRNRNRNRNRNRNRNRNRNRNRNRNRNRNRNRNRNRNRNRNRNRNRNRNRNRNRNRNRNRNRNRNRNRNRNR Visakhapatnam48 454690123125115854554178179154NR1621435828015213019434347464699600555040904447331543 Kurnool58 4244851201151259243581701861351791621345633317352818383944634398729615918884753251332 Tirupathi54 4042861411291209443491981911541391521436232023293017394339424888603516363852340392542 JammalamaduguNR NRNRNRNRNRNRNRNRNRNRNRNRNRNRNRNRNRNRNRNRNRNRNRNRNRNRNRNRNRNRNRNRNRNRNRNRNR DharmavaramNR NRNRNRNRNRNRNRNRNRNRNRNRNRNRNRNRNRNRNRNRNRNRNRNRNRNRNRNRNRNRNRNRNRNRNRNRNR OngoleNR NRNRNRNRNRNRNRNRNRNRNRNRNRNRNRNRNRNRNRNRNRNRNRNRNRNRNRNRNRNRNRNRNRNRNRNRNR KarnatakaBengaluru48 4746821201201108848541591831561551661425424317221811404242444297644606630653434321390 Dharwad51 4043881251231088642501781731231201501434526826303015535053584892630587260753447361545 Mangalore52 4243841341231069142551921771431591401464921016342922415943474598611557858802536251568 Mysore53 47557711411511091444517319019717016214667317213130114755545045895995757261275849381584 Bengaluru (East Range)46 4344871271141118848521561761521611591455825519282417494042444192666606140833052311950 Belagavi48 3544791061091058448541811781121641671424225816242018553439384082460546632802963191142 Kalaburagi55 3542881201221188644601741521241301521334818615332113414238484098720606036652158201635 Tumakuru47 424380120115113854152198192158165165148532272125208405241474385603586114882748261544 Bellary50 4241821161101058941482041911511501611445830824291810384038474397693625721822327261856 Dhavanagere55 4250821151171098644541872051551481661486029328272410515649544697600577040884145311635 Shivamogga54 42408812812811098445021719815915415814850240282023104752464552109630587231803345281545 Vijayapur50 4540901201331209542542092291581701761384224212302718323740483871600616257772826381252 Ramanagara57 444610013012310090444820219413914116214651188154233204544474243100613657540903350211550 Raichur51 4347871341291098542581771841031641661475320615252815474643444299551537337565143351747 ChamarajanagarNR NRNRNRNRNRNRNRNRNRNRNRNRNRNRNRNRNRNRNRNRNRNRNRNRNRNRNRNRNRNRNRNRNRNRNRNRNR Kolar42 3941921261141089744521801691551511541185321812243317434745464288720617539923544351747 Haveri50 4545901101401209042611761981551651591454324813263011404045404585714707230803045301532 BagalkotNR NRNRNRNRNRNRNRNRNRNRNRNRNRNRNRNRNRNRNRNRNRNRNRNRNRNRNRNRNRNRNRNRNRNRNRNRNR Bidar48 414485153130115864254189164122121159109593131230351043585253521036035684781172351501669 Koppal42 36428111299948442521751481301371571504523315322020375042454598579557034583028301465 Mandya41 40428211812110888444816213011012814212951255153121103941404042103612527125832539181944 YadgirNR NRNRNRNRNRNRNRNRNRNRNRNRNRNRNRNRNRNRNRNRNRNRNRNRNRNRNRNRNRNRNRNRNRNRNRNRNR Chikkamagalur44 3642911211231119143491951921471451551374719715253119434647434696613517038943985281642 Bangalore RuralNR NRNRNRNRNRNRNRNRNRNRNRNRNRNRNRNRNRNRNRNRNRNRNRNRNRNRNRNRNRNRNRNRNRNRNRNRNR Chikkaballapur46 4742861151251108643522151811531381681515229314333217424344424593643647234781642201437 ChitradurgaNR NRNRNRNRNRNRNRNRNRNRNRNRNRNRNRNRNRNRNRNRNRNRNRNRNRNRNRNRNRNRNRNRNRNRNRNRNR GadagNR NRNRNRNRNRNRNRNRNRNRNRNRNRNRNRNRNRNRNRNRNRNRNRNRNRNRNRNRNRNRNRNRNRNRNRNRNR Hassan51 4760851371321209047542231951571581671405923823212513444151405397692606028994535311890 Kodagu45 36438913312411190445319017014514714913552241183131153840414944101621556941624443411547 Udupi52 4747971361351209544501801851451481721215515516273625304142434385516507440727371351973 Uttara Kannada47 4746101132129124101444922517316115616615251263203229194551474946123666555739843440201760 Vijayanagara50 4448951181251151004349186181142127151139462081325209343742444469575576925604741231942 KeralaT.PuramNR NRNRNRNRNRNRNRNRNRNRNRNRNRNRNRNRNRNRNRNRNRNRNRNRNRNRNRNRNRNRNRNRNRNRNRNRNR ErnakulamNR NRNRNRNRNRNRNRNRNRNRNRNRNRNRNRNRNRNRNRNRNRNRNRNRNRNRNRNRNRNRNRNRNRNRNRNRNR KozhikodeNR NRNRNRNRNRNRNRNRNRNRNRNRNRNRNRNRNRNRNRNRNRNRNRNRNRNRNRNRNRNRNRNRNRNRNRNRNR ThrissurNR NRNRNRNRNRNRNRNRNRNRNRNRNRNRNRNRNRNRNRNRNRNRNRNRNRNRNRNRNRNRNRNRNRNRNRNRNR PalakkadNR NRNRNRNRNRNRNRNRNRNRNRNRNRNRNRNRNRNRNRNRNRNRNRNRNRNRNRNRNRNRNRNRNRNRNRNRNR WayanadNR NRNRNRNRNRNRNRNRNRNRNRNRNRNRNRNRNRNRNRNRNRNRNRNRNRNRNRNRNRNRNRNRNRNRNRNRNR KasargodNR NRNRNRNRNRNRNRNRNRNRNRNRNRNRNRNRNRNRNRNRNRNRNRNRNRNRNRNRNRNRNRNRNRNRNRNRNR KottayamNR NRNRNRNRNRNRNRNRNRNRNRNRNRNRNRNRNRNRNRNRNRNRNRNRNRNRNRNRNRNRNRNRNRNRNRNRNR PathanamthittaNR NRNRNRNRNRNRNRNRNRNRNRNRNRNRNRNRNRNRNRNRNRNRNRNRNRNRNRNRNRNRNRNRNRNRNRNRNR AlapuzhaNR NRNRNRNRNRNRNRNRNRNRNRNRNRNRNRNRNRNRNRNRNRNRNRNRNRNRNRNRNRNRNRNRNRNRNRNRNR KollamNR NRNRNRNRNRNRNRNRNRNRNRNRNRNRNRNRNRNRNRNRNRNRNRNRNRNRNRNRNRNRNRNRNRNRNRNRNR IdukkiNR NRNRNRNRNRNRNRNRNRNRNRNRNRNRNRNRNRNRNRNRNRNRNRNRNRNRNRNRNRNRNRNRNRNRNRNRNR KannurNR NRNRNRNRNRNRNRNRNRNRNRNRNRNRNRNRNRNRNRNRNRNRNRNRNRNRNRNRNRNRNRNRNRNRNRNRNR MalapuramNR NRNRNRNRNRNRNRNRNRNRNRNRNRNRNRNRNRNRNRNRNRNRNRNRNRNRNRNRNRNRNRNRNRNRNRNRNR PuducherryPuducherry65 52511291801451151204548NR155157NR144133563482633351646878651911216896284321023248373373 Tamil NaduChennaiNR NRNRNRNRNRNRNRNRNRNRNRNRNRNRNRNRNRNRNRNRNRNRNRNRNRNRNRNRNRNRNRNRNRNRNRNRNR MaduraiNR NRNRNRNRNRNRNRNRNRNRNRNRNRNRNRNRNRNRNRNRNRNRNRNRNRNRNRNRNRNRNRNRNRNRNRNRNR DindigulNR NRNRNRNRNRNRNRNRNRNRNRNRNRNRNRNRNRNRNRNRNRNRNRNRNRNRNRNRNRNRNRNRNRNRNRNRNR ThiruchirapalliNR NRNRNRNRNRNRNRNRNRNRNRNRNRNRNRNRNRNRNRNRNRNRNRNRNRNRNRNRNRNRNRNRNRNRNRNRNR CoimbatoreNR NRNRNRNRNRNRNRNRNRNRNRNRNRNRNRNRNRNRNRNRNRNRNRNRNRNRNRNRNRNRNRNRNRNRNRNRNR TirunelveliNR NRNRNRNRNRNRNRNRNRNRNRNRNRNRNRNRNRNRNRNRNRNRNRNRNRNRNRNRNRNRNRNRNRNRNRNRNR CuddaloreNR NRNRNRNRNRNRNRNRNRNRNRNRNRNRNRNRNRNRNRNRNRNRNRNRNRNRNRNRNRNRNRNRNRNRNRNRNR Dharmapuri55 464481120120110884543217NR146NR16714754270253033124052504249110690666217823645291355 VelloreNR NRNRNRNRNRNRNRNRNRNRNRNRNRNRNRNRNRNRNRNRNRNRNRNRNRNRNRNRNRNRNRNRNRNRNRNRNR Ramanathapuram63 465676111116106994644203NR182NR1691475427828463924364651476111778769594110437NRNRNR46 ErodeNR NRNRNRNRNRNRNRNRNRNRNRNRNRNRNRNRNRNRNRNRNRNRNRNRNRNRNRNRNRNRNRNRNRNRNRNRNR KarurNR NRNRNRNRNRNRNRNRNRNRNRNRNRNRNRNRNRNRNRNRNRNRNRNRNRNRNRNRNRNRNRNRNRNRNRNRNR Perambalur45 NR6497122119111894544201181163NR16015356NR292731184171554857102700625632973340201362 Pudukkottai51 506591127127118NR4745216NR202NR16214656NR284030204351425053115708616232952642191460 Sivagangai54 476594128131121894644199NR205NR16715556290274035203955545361110760655830793037211458 Thanjavur53 454892130128120854544210198179NR16214150265273232163765484848132781676062964669331351 The nilgirisNR NRNRNRNRNRNRNRNRNRNRNRNRNRNRNRNRNRNRNRNRNRNRNRNRNRNRNRNRNRNRNRNRNRNRNRNRNR Thoothukudi51 486285120125114854652229198181NR15914755320113334153564605564113757616440964850301250 ViluppuramNR NRNRNRNRNRNRNRNRNRNRNRNRNRNRNRNRNRNRNRNRNRNRNRNRNRNRNRNRNRNRNRNRNRNRNRNRNR Virudhunagar61 506583119118112854945205206197NR16416556293283742224149544955107693575337813439141362 Kanniyakumari60 405380110111105784641192187159NR15715055259252726153239375240109500606024792428151341 NamakkalNR NRNRNRNRNRNRNRNRNRNRNRNRNRNRNRNRNRNRNRNRNRNRNRNRNRNRNRNRNRNRNRNRNRNRNRNRNR TiruvannamalaiNR NRNRNRNRNRNRNRNRNRNRNRNRNRNRNRNRNRNRNRNRNRNRNRNRNRNRNRNRNRNRNRNRNRNRNRNRNR TiruvarurNR NRNRNRNRNRNRNRNRNRNRNRNRNRNRNRNRNRNRNRNRNRNRNRNRNRNRNRNRNRNRNRNRNRNRNRNRNR TiruppurNR NRNRNRNRNRNRNRNRNRNRNRNRNRNRNRNRNRNRNRNRNRNRNRNRNRNRNRNRNRNRNRNRNRNRNRNRNR Tenkasi56 465988122133115NR4566223NR174NR15914756275223832203652555857105737646828955054281357 Nagapattinam58 446088135130122954550200190196NR15814859NR252120104550455159114732687237995064331560 Krishnagiri56 464187123126117894544202194152NR1641435531526292914384042464387640556038962654291260 AriyalurNR NRNRNRNRNRNRNRNRNRNRNRNRNRNRNRNRNRNRNRNRNRNRNRNRNRNRNRNRNRNRNRNRNRNRNRNRNR Kallakurichi49 496584118108114824647192195172NR16514256NR28252815455048474993647685727782736201353 Kancheepuram55 505987133122122954544186187179NR16314365NR273533203958495349120720526640823143191353 SalemNR NRNRNRNRNRNRNRNRNRNRNRNRNRNRNRNRNRNRNRNRNRNRNRNRNRNRNRNRNRNRNRNRNRNRNRNRNR Theni57 545884118124118854749218187156NR1421375827614393916395250517699686696525893655261355 ChengalpattuNR NRNRNRNRNRNRNRNRNRNRNRNRNRNRNRNRNRNRNRNRNRNRNRNRNRNRNRNRNRNRNRNRNRNRNRNRNR Mayiladuthurai59 506598137117122NR4645214192209NR157145603402730332045454650631238466560371035360301460 RanipetNR NRNRNRNRNRNRNRNRNRNRNRNRNRNRNRNRNRNRNRNRNRNRNRNRNRNRNRNRNRNRNRNRNRNRNRNRNR Tirupattur55 424587129124117884569200NR174NR162142552751935301537584743461187296061291006058381550 Tiruvallur55 446591135120101954440200176155NR16514370300273535153865604570100703606040752941201445 TelanganaHyderabad59 39398413311410785395215117814414614813851274202535233253415042965545666381053439302449 KarimnagarNR NRNRNRNRNRNRNRNRNRNRNRNRNRNRNRNRNRNRNRNRNRNRNRNRNRNRNRNRNRNRNRNRNRNRNRNRNR WarangalNR NRNRNRNRNRNRNRNRNRNRNRNRNRNRNRNRNRNRNRNRNRNRNRNRNRNRNRNRNRNRNRNRNRNRNRNRNR AdilabadNR NRNRNRNRNRNRNRNRNRNRNRNRNRNRNRNRNRNRNRNRNRNRNRNRNRNRNRNRNRNRNRNRNRNRNRNRNR SuryapetNR NRNRNRNRNRNRNRNRNRNRNRNRNRNRNRNRNRNRNRNRNRNRNRNRNRNRNRNRNRNRNRNRNRNRNRNRNR JadcherlaNR NRNRNRNRNRNRNRNRNRNRNRNRNRNRNRNRNRNRNRNRNRNRNRNRNRNRNRNRNRNRNRNRNRNRNRNRNR KhammamNR NRNRNRNRNRNRNRNRNRNRNRNRNRNRNRNRNRNRNRNRNRNRNRNRNRNRNRNRNRNRNRNRNRNRNRNRNR MedchalNR NRNRNRNRNRNRNRNRNRNRNRNRNRNRNRNRNRNRNRNRNRNRNRNRNRNRNRNRNRNRNRNRNRNRNRNRNR NizamabadNR NRNRNRNRNRNRNRNRNRNRNRNRNRNRNRNRNRNRNRNRNRNRNRNRNRNRNRNRNRNRNRNRNRNRNRNRNR SangareddyNR NRNRNRNRNRNRNRNRNRNRNRNRNRNRNRNRNRNRNRNRNRNRNRNRNRNRNRNRNRNRNRNRNRNRNRNRNR LadakhLehNR NRNRNRNRNRNRNRNRNRNRNRNRNRNRNRNRNRNRNRNRNRNRNRNRNRNRNRNRNRNRNRNRNRNRNRNRNR KargilNR NRNRNRNRNRNRNRNRNRNRNRNRNRNRNRNRNRNRNRNRNRNRNRNRNRNRNRNRNRNRNRNRNRNRNRNRNR Commodity NameCommodity NameRiceRiceWheatAtta (Wheat)Gram DalTur/Arhar DalUrad DalMoong DalMasoor DalSugarMilk @Groundnut Oil (Packed)Mustard Oil (Packed)Vanaspati (Packed)Soya Oil (Packed)Sunflower Oil (Packed)Palm Oil (Packed)GurTea LooseSalt Pack (Iodised)PotatoOnionTomatoBajra(whole)Jowar(whole)Maida(wheat)Ragi(whole)Suji(whole)BesanDesi GheeButter(Pasteurised)EggsBrinjalBlack Pepper(whole)Coriander(whole)Cummin Seed(whole)Red Chillies(whole)Turmeric(powder)BananaGIngerGarlic  Average Price1Average Price142.17 32.4238.0686.31128.93118.77111.1687.1845.3958.15188.94170.36152.17147.87159.56139.2253.43264.8421.2822.4730.519.237.1343.2241.7954.0545.196.57638.0257.6775.1931.8986.5538.0944.3529.5816.2348.36 Maximum Price1Maximum Price165 58651291801551501206080251229209179209177130520316077906587861059116092370120871601221006948115 Minimum Price1Minimum Price126 24296510085847139401321301031061189135150101117522253028286044044501055162514920 Modal Price1Modal Price140 303585120120110904558176170.51541541651435024028203020354040514090600607230803040301540 Source:- State civil supplies Dept.Note:- All India Consumption Weighted Average Prices of Oils w.e.f 23-Feb-2022 and Wheat and Atta w.e.f 25-Feb-2023 NR -> Not Reported Unit for Black Pepper (powder),Coriander (powder),Cummin Seed (powder),Red Chillies (powder),Turmeric (powder),Butter (Pasteurised) - Rs/100gm Unit for Eggs - Rs/Dozen Developed by:- National Informatics Centre(NIC)",,,,,,,,,,,,,,,,,,,,,,,,,,,,,,,,,,,,,,,,,,,2025-03-30
"Source:- State civil supplies Dept.Note:- All India Consumption Weighted Average Prices of Oils w.e.f 23-Feb-2022 and Wheat and Atta w.e.f 25-Feb-2023 NR -> Not Reported Unit for Black Pepper (powder),Coriander (powder),Cummin Seed (powder),Red Chillies (powder),Turmeric (powder),Butter (Pasteurised) - Rs/100gm Unit for Eggs - Rs/Dozen Developed by:- National Informatics Centre(NIC)",,,,,,,,,,,,,,,,,,,,,,,,,,,,,,,,,,,,,,,,,,,2025-03-30
Source:- State civil supplies Dept.,Note:- All India Consumption Weighted Average Prices of Oils w.e.f 23-Feb-2022 and Wheat and Atta w.e.f 25-Feb-2023,NR -> Not Reported,,,,,,,,,,,,,,,,,,,,,,,,,,,,,,,,,,,,,,,,,2025-03-30
"Unit for Black Pepper (powder),Coriander (powder),Cummin Seed (powder),Red Chillies (powder),Turmeric (powder),Butter (Pasteurised) - Rs/100gm","Unit for Black Pepper (powder),Coriander (powder),Cummin Seed (powder),Red Chillies (powder),Turmeric (powder),Butter (Pasteurised) - Rs/100gm",,,,,,,,,,,,,,,,,,,,,,,,,,,,,,,,,,,,,,,,,,2025-03-30
,Unit for Eggs - Rs/Dozen,,,,,,,,,,,,,,,,,,,,,,,,,,,,,,,,,,,,,,,,,,2025-03-30
Developed by:- National Informatics Centre(NIC),Developed by:- National Informatics Centre(NIC),,,,,,,,,,,,,,,,,,,,,,,,,,,,,,,,,,,,,,,,,,2025-03-30
,,,,,,,,,,,,,,,,,,,,,,,,,,,,,,,,,,,,,,,,,,,2025-03-30
