State,Centre,Rice,Broken Rice,Wheat,Atta (Wheat),Gram Dal,Tur/Arhar Dal,Urad Dal,Moong Dal,Masoor Dal,Sugar,Milk @,Groundnut Oil (Packed),Mustard Oil (Packed),Vanaspati (Packed),Soya Oil (Packed),Sunflower Oil (Packed),Palm Oil (Packed),Gur,Tea Loose,Salt Pack (Iodised),Potato,Onion,Tomato,Bajra (whole),Jowar (whole),Maida (wheat),Ragi (whole),Suji (whole),Besan,Desi Ghee,Butter (Pasteurised),Eggs,Brinjal,Black Pepper (whole),Coriander (whole),Cummin Seed (whole),Red Chillies (whole),Turmeric (powder),Banana,Ginger,Garlic,Date
Unit,Qty,1 Kg,1 Kg,1 Kg,1 Kg,1 Kg,1 Kg,1 Kg,1 Kg,1 Kg,1 Kg,1 ltr,1 Kg,1 Kg,1 Kg,1 Kg,1 Kg,1 Kg,1 Kg,1 Kg,1 Kg,1 Kg,1 Kg,1 Kg,1 Kg,1 Kg,1 Kg,1 Kg,1 Kg,1 Kg,1 Kg,100 gm,Dozen,1 Kg,100 gm,250 gm,100 gm,100 gm,50 gm,1 Kg,100 gm,100 gm,2025-08-27
Average Price,Average Price,42.25,,31.21,36.64,87.13,117.45,114.17,110.31,89.4,46.4,59.46,188.97,188.16,156.07,146.52,161.8,132.54,56.94,271.4,21.29,24.86,28.55,54.75,37.71,42.69,41.38,53.62,47.07,97.07,664.47,59.3,77.51,42.24,87.13,37.2,42.61,28.27,16.34,50.28,,,2025-08-27
Maximum Price,Maximum Price,63,,54,69,140,183,157,148,133,60,85,254,249,231,190,253,190,128,520,33,60,60,120,83,85,70,103,100,160,916,75,120,100,120,100,95,68,42,100,,,2025-08-27
Minimum Price,Minimum Price,28,,23,28,70,90,82,82,70,39,40,150,136,103,113,125,94,40,163,10,13,15,18,20,22,31,30,30,65,506,51,49,18,62,22,23,13,10,25,,,2025-08-27
Modal Price,Modal Price,40,,28,35,90,115,120,110,90,45,60,192.5,192,148,154,167.5,143,55,240,24,20,25,60,35,40,40,52,40,90,659,60,72,40,85,30,40,30,15,50,,,2025-08-27
NORTH ZONE,NORTH ZONE,,,,,,,,,,,,,,,,,,,,,,,,,,,,,,,,,,,,,,,,,,2025-08-27
Chandigarh,Chandigarh,42,,33,39,86,125,116,111,88,46,59,211,205,169,163,176,147,55,270,28,25,30,70,37,43,41,54,46,96,714,58,77,38,87,37,45,28,16,49,,,2025-08-27
Delhi,Delhi,39,,32,35,87,113,130,117,88,45,57,203,198,169,157,176,154,60,263,27,28,33,55,33,41,39,55,40,98,560,58,74,50,90,36,35,30,14,37,,,2025-08-27
Haryana,Hisar,40,,29,33,85,124,109,108,81,45,61,209,181,161,149,182,128,50,243,28,25,30,73,27,37,39,62,40,90,626,60,76,50,82,41,39,34,15,72,,,2025-08-27
Haryana,Karnal,39,,29,32,78,108,98,105,98,44,70,207,192,177,121,182,116,51,265,26,18,30,75,30,42,35,51,35,85,687,60,60,45,75,30,23,18,10,65,,,2025-08-27
Haryana,Panchkula,41,,32,44,92,139,126,120,94,49,66,200,160,134,133,139,124,56,217,27,32,39,83,26,38,32,55,40,85,607,54,70,30,80,35,40,35,20,51,,,2025-08-27
Haryana,Gurgaon,39,,32,34,81,144,122,119,86,45,57,186,201,180,153,191,119,55,300,26,23,25,65,NR,NR,NR,NR,NR,NR,NR,NR,NR,NR,NR,NR,NR,NR,NR,NR,,,2025-08-27
Himachal Pradesh,Shimla,40,,NR,32,83,117,130,110,83,49,60,236,220,176,154,NR,NR,52,250,30,37,37,63,38,NR,39,NR,40,108,703,58,70,50,87,40,46,26,17,57,,,2025-08-27
Himachal Pradesh,Mandi,38,,NR,34,84,112,123,109,83,48,50,222,213,174,155,171,NR,52,270,30,28,35,70,37,NR,35,NR,35,100,676,60,71,40,89,45,43,30,16,60,,,2025-08-27
Himachal Pradesh,Dharamshala,32,,NR,29,84,128,124,119,89,47,40,NR,219,175,170,NR,NR,51,230,28,20,30,60,32,NR,34,55,40,93,590,59,70,40,97,49,42,34,15,60,,,2025-08-27
Himachal Pradesh,Solan,37,,NR,33,81,113,119,107,84,47,57,203,209,172,150,181,NR,52,240,30,27,30,50,32,35,37,NR,37,102,630,60,80,43,87,40,37,33,19,53,,,2025-08-27
Himachal Pradesh,Una,40,,NR,29,87,117,110,105,91,47,69,NR,186,166,131,NR,NR,55,221,29,19,35,51,34,NR,34,NR,34,88,676,59,83,28,89,44,35,31,14,54,,,2025-08-27
Himachal Pradesh,Bilaspur-hp,35,,NR,34,86,113,124,113,85,47,64,NR,187,166,136,NR,NR,47,235,29,27,31,60,30,NR,37,58,35,84,694,60,84,42,86,32,29,28,12,50,,,2025-08-27
Himachal Pradesh,Chamba,NR,,NR,NR,NR,NR,NR,NR,NR,NR,NR,NR,NR,NR,NR,NR,NR,NR,NR,NR,NR,NR,NR,NR,NR,NR,NR,NR,NR,NR,NR,NR,NR,NR,NR,NR,NR,NR,NR,,,2025-08-27
Himachal Pradesh,Hamirpur-HP,40,,NR,32,82,112,117,108,86,48,66,NR,211,167,149,NR,NR,52,265,30,32,29,58,37,45,36,NR,35,83,573,60,75,42,87,40,37,30,15,49,,,2025-08-27
Himachal Pradesh,Kullu,40,,NR,35,81,120,118,113,86,48,40,NR,209,165,132,NR,NR,48,260,30,30,37,50,NR,NR,35,NR,35,103,711,61,78,50,90,35,34,25,15,60,,,2025-08-27
Himachal Pradesh,Sirmour,40,,30,30,78,119,107,108,86,44,50,212,176,174,146,146,108,48,273,28,25,28,70,35,NR,35,NR,36,100,610,58,70,43,91,33,45,32,20,58,,,2025-08-27
Himachal Pradesh,Kinnaur,38,,NR,35,79,115,110,103,80,49,50,NR,208,172,148,NR,NR,50,290,29,30,40,80,NR,NR,40,NR,42,87,559,58,90,60,81,47,38,37,14,57,,,2025-08-27
Himachal Pradesh,Lahaul & Spiti,NR,,NR,NR,NR,NR,NR,NR,NR,NR,NR,NR,NR,NR,NR,NR,NR,NR,NR,NR,NR,NR,NR,NR,NR,NR,NR,NR,NR,NR,NR,NR,NR,NR,NR,NR,NR,NR,NR,,,2025-08-27
Jammu and Kashmir,Srinagar,NR,,NR,NR,NR,NR,NR,NR,NR,NR,NR,NR,NR,NR,NR,NR,NR,NR,NR,NR,NR,NR,NR,NR,NR,NR,NR,NR,NR,NR,NR,NR,NR,NR,NR,NR,NR,NR,NR,,,2025-08-27
Jammu and Kashmir,Jammu,NR,,NR,NR,NR,NR,NR,NR,NR,NR,NR,NR,NR,NR,NR,NR,NR,NR,NR,NR,NR,NR,NR,NR,NR,NR,NR,NR,NR,NR,NR,NR,NR,NR,NR,NR,NR,NR,NR,,,2025-08-27
Jammu and Kashmir,Poonch,NR,,NR,NR,NR,NR,NR,NR,NR,NR,NR,NR,NR,NR,NR,NR,NR,NR,NR,NR,NR,NR,NR,NR,NR,NR,NR,NR,NR,NR,NR,NR,NR,NR,NR,NR,NR,NR,NR,,,2025-08-27
Jammu and Kashmir,Kupwara,NR,,NR,NR,NR,NR,NR,NR,NR,NR,NR,NR,NR,NR,NR,NR,NR,NR,NR,NR,NR,NR,NR,NR,NR,NR,NR,NR,NR,NR,NR,NR,NR,NR,NR,NR,NR,NR,NR,,,2025-08-27
Jammu and Kashmir,Udhampur,NR,,NR,NR,NR,NR,NR,NR,NR,NR,NR,NR,NR,NR,NR,NR,NR,NR,NR,NR,NR,NR,NR,NR,NR,NR,NR,NR,NR,NR,NR,NR,NR,NR,NR,NR,NR,NR,NR,,,2025-08-27
Jammu and Kashmir,Shopian,NR,,NR,NR,NR,NR,NR,NR,NR,NR,NR,NR,NR,NR,NR,NR,NR,NR,NR,NR,NR,NR,NR,NR,NR,NR,NR,NR,NR,NR,NR,NR,NR,NR,NR,NR,NR,NR,NR,,,2025-08-27
Jammu and Kashmir,Samba,NR,,NR,NR,NR,NR,NR,NR,NR,NR,NR,NR,NR,NR,NR,NR,NR,NR,NR,NR,NR,NR,NR,NR,NR,NR,NR,NR,NR,NR,NR,NR,NR,NR,NR,NR,NR,NR,NR,,,2025-08-27
Jammu and Kashmir,Ramban,NR,,NR,NR,NR,NR,NR,NR,NR,NR,NR,NR,NR,NR,NR,NR,NR,NR,NR,NR,NR,NR,NR,NR,NR,NR,NR,NR,NR,NR,NR,NR,NR,NR,NR,NR,NR,NR,NR,,,2025-08-27
Jammu and Kashmir,Rajouri,NR,,NR,NR,NR,NR,NR,NR,NR,NR,NR,NR,NR,NR,NR,NR,NR,NR,NR,NR,NR,NR,NR,NR,NR,NR,NR,NR,NR,NR,NR,NR,NR,NR,NR,NR,NR,NR,NR,,,2025-08-27
Jammu and Kashmir,Kishtwar,NR,,NR,NR,NR,NR,NR,NR,NR,NR,NR,NR,NR,NR,NR,NR,NR,NR,NR,NR,NR,NR,NR,NR,NR,NR,NR,NR,NR,NR,NR,NR,NR,NR,NR,NR,NR,NR,NR,,,2025-08-27
Jammu and Kashmir,Doda,NR,,NR,NR,NR,NR,NR,NR,NR,NR,NR,NR,NR,NR,NR,NR,NR,NR,NR,NR,NR,NR,NR,NR,NR,NR,NR,NR,NR,NR,NR,NR,NR,NR,NR,NR,NR,NR,NR,,,2025-08-27
Jammu and Kashmir,Baramulla,NR,,NR,NR,NR,NR,NR,NR,NR,NR,NR,NR,NR,NR,NR,NR,NR,NR,NR,NR,NR,NR,NR,NR,NR,NR,NR,NR,NR,NR,NR,NR,NR,NR,NR,NR,NR,NR,NR,,,2025-08-27
Jammu and Kashmir,Reasi,NR,,NR,NR,NR,NR,NR,NR,NR,NR,NR,NR,NR,NR,NR,NR,NR,NR,NR,NR,NR,NR,NR,NR,NR,NR,NR,NR,NR,NR,NR,NR,NR,NR,NR,NR,NR,NR,NR,,,2025-08-27
Jammu and Kashmir,Kathua,NR,,NR,NR,NR,NR,NR,NR,NR,NR,NR,NR,NR,NR,NR,NR,NR,NR,NR,NR,NR,NR,NR,NR,NR,NR,NR,NR,NR,NR,NR,NR,NR,NR,NR,NR,NR,NR,NR,,,2025-08-27
Punjab,Amritsar,40,,28,32,88,122,132,115,92,46,55,220,196,165,154,183,NR,55,275,29,20,29,50,37,40,40,58,39,93,639,61,70,40,95,35,31,29,13,50,,,2025-08-27
Punjab,Ludhiana,37,,28,36,85,132,127,118,98,45,62,212,205,167,161,189,NR,55,290,28,22,28,80,37,48,39,62,42,97,560,57,64,48,88,37,42,23,20,47,,,2025-08-27
Punjab,Bathinda,40,,28,32,88,120,132,115,92,45,55,220,200,165,154,187,132,57,267,29,20,27,52,35,38,40,57,40,93,639,60,70,37,97,40,33,28,13,47,,,2025-08-27
Punjab,Barnala,40,,26,31,92,113,117,108,98,47,65,216,179,159,126,167,124,50,293,30,24,30,59,31,40,40,NR,41,92,674,60,68,40,93,37,37,29,15,50,,,2025-08-27
Punjab,Hoshiarpur,36,,29,35,85,116,109,113,104,51,66,222,191,183,138,136,141,57,288,25,20,31,73,41,30,42,63,42,97,625,56,66,35,99,49,45,34,15,59,,,2025-08-27
Punjab,Faridkot,40,,28,32,88,120,132,117,93,46,55,227,205,167,132,183,134,57,283,29,19,28,50,36,42,39,55,39,90,650,60,70,39,95,37,35,28,14,48,,,2025-08-27
Punjab,Mansa,40,,27,33,90,122,128,117,92,46,65,NR,183,172,152,176,135,60,277,29,25,30,70,35,41,39,62,38,93,637,60,68,55,90,40,38,28,16,53,,,2025-08-27
Punjab,Sri Muktsar Sahib,40,,26,32,83,125,128,118,93,45,63,209,183,161,137,174,126,53,283,29,21,29,73,31,55,38,72,39,92,602,60,71,33,90,35,37,25,13,48,,,2025-08-27
Punjab,Dera Bassi,40,,27,31,88,125,130,120,93,46,60,NR,192,170,159,NR,NR,57,257,28,19,30,70,40,38,35,63,40,88,637,60,72,40,97,42,38,37,17,50,,,2025-08-27
Punjab,Sangrur,40,,27,31,83,129,129,110,89,45,60,223,197,160,150,164,142,48,263,28,20,25,68,35,45,40,67,40,88,611,58,70,45,89,40,46,32,15,50,,,2025-08-27
Punjab,Ropar,40,,28,33,88,122,130,117,93,46,61,213,190,166,155,NR,137,58,277,29,22,30,70,37,42,40,57,41,93,630,60,71,53,92,39,39,31,15,50,,,2025-08-27
Punjab,Amargarh,40,,27,32,85,130,130,110,90,45,60,225,192,159,145,154,134,48,250,28,18,25,65,36,45,40,NR,40,85,604,60,66,45,95,40,49,27,15,45,,,2025-08-27
Punjab,Fatehgarh Sahib,NR,,NR,NR,NR,NR,NR,NR,NR,NR,NR,NR,NR,NR,NR,NR,NR,NR,NR,NR,NR,NR,NR,NR,NR,NR,NR,NR,NR,NR,NR,NR,NR,NR,NR,NR,NR,NR,NR,,,2025-08-27
Punjab,Ferozepur,40,,28,33,90,120,118,112,90,45,62,220,186,165,137,194,137,59,275,30,19,25,55,31,41,39,58,39,99,615,59,73,35,87,47,35,25,15,50,,,2025-08-27
Punjab,Kapurthala,43,,30,35,87,121,125,117,92,45,63,219,192,167,154,177,154,55,277,28,15,30,53,44,55,39,61,38,97,633,62,70,43,92,35,39,35,15,48,,,2025-08-27
Uttar Pradesh,Lucknow,38,,29,35,80,105,100,100,80,45,60,203,176,148,143,152,143,55,250,20,20,25,53,35,38,38,53,38,90,615,59,76,40,87,34,40,28,15,40,,,2025-08-27
Uttar Pradesh,Kanpur,35,,28,32,80,120,110,90,80,42,60,198,187,132,121,132,115,56,234,26,20,25,65,35,40,41,NR,34,81,580,55,72,36,100,24,40,35,19,50,,,2025-08-27
Uttar Pradesh,Varanasi,42,,28,37,85,110,122,106,84,45,66,215,186,159,168,180,147,63,255,21,21,21,67,42,60,38,NR,44,103,720,59,77,39,78,36,50,28,17,60,,,2025-08-27
Uttar Pradesh,Agra,42,,30,32,79,114,82,85,76,45,67,201,199,175,160,186,156,51,251,26,20,36,65,27,37,38,NR,41,97,711,62,84,40,96,41,39,31,16,30,,,2025-08-27
Uttar Pradesh,Jhansi,47,,29,34,79,107,112,107,80,47,60,200,178,162,124,179,124,55,227,15,22,28,60,35,39,35,60,39,88,NR,60,72,50,88,30,30,22,11,37,,,2025-08-27
Uttar Pradesh,Meerut,36,,29,39,82,125,122,82,81,47,61,160,159,150,150,157,146,47,253,18,18,28,53,41,38,41,63,39,93,637,61,74,22,75,32,34,29,15,47,,,2025-08-27
Uttar Pradesh,Allahabad,37,,31,34,85,113,127,115,92,47,53,193,196,161,154,174,130,55,265,24,24,27,52,26,37,42,43,45,92,621,62,72,40,74,31,39,31,19,62,,,2025-08-27
Uttar Pradesh,Gorakhpur,37,,25,33,82,114,116,111,78,43,55,190,177,144,152,143,126,52,225,22,22,25,62,35,33,34,49,34,92,586,58,73,31,79,31,38,24,16,46,,,2025-08-27
Uttar Pradesh,Saharanpur,38,,30,32,84,118,109,111,90,43,59,NR,154,141,137,138,113,51,243,21,24,27,44,30,NR,35,NR,35,90,579,56,72,21,81,33,36,28,15,59,,,2025-08-27
Uttar Pradesh,Bareilly,34,,26,32,90,118,123,112,107,45,70,199,185,159,148,170,122,50,343,25,20,23,58,27,38,36,51,36,89,714,60,71,27,86,41,41,32,16,60,,,2025-08-27
Uttar Pradesh,Ayodhya,42,,30,32,85,115,118,120,87,50,55,NR,163,163,163,163,137,55,240,24,25,30,80,35,35,40,53,46,90,681,60,72,30,80,40,36,30,16,70,,,2025-08-27
Uttar Pradesh,Moradabad,36,,25,31,80,117,110,104,82,40,54,193,162,139,153,151,138,46,237,21,19,24,59,42,45,34,56,37,76,615,54,67,30,83,27,42,27,20,56,,,2025-08-27
Uttar Pradesh,Aligarh,39,,29,33,84,115,111,106,84,43,56,183,184,152,142,156,128,52,247,20,23,25,52,40,39,38,48,42,91,613,54,74,34,85,34,41,27,16,47,,,2025-08-27
Uttar Pradesh,Mirzapur (Vindhyanchal),35,,26,32,80,101,111,100,80,45,45,180,162,141,126,145,111,52,221,22,19,20,51,29,40,35,52,39,91,652,62,73,53,85,31,37,26,15,45,,,2025-08-27
Uttar Pradesh,Banda,36,,27,37,81,111,106,95,79,46,56,211,159,152,127,164,115,57,163,16,18,18,55,31,45,35,68,39,90,560,60,71,30,82,25,33,24,19,48,,,2025-08-27
Uttar Pradesh,Azamgarh,39,,29,32,84,117,115,111,82,45,61,NR,184,136,136,137,106,55,277,23,19,24,67,37,45,42,51,43,104,653,56,67,43,76,27,50,29,18,45,,,2025-08-27
Uttar Pradesh,Gonda (Devipatan),35,,26,32,90,112,128,113,90,44,57,194,194,135,156,165,134,50,257,20,20,25,50,37,35,34,62,42,98,626,57,71,37,80,33,40,27,19,47,,,2025-08-27
Uttar Pradesh,Amethi,34,,27,34,90,110,118,118,90,45,60,199,189,161,148,178,110,55,238,22,18,25,58,40,36,41,42,45,105,676,61,81,38,83,36,51,28,18,53,,,2025-08-27
Uttar Pradesh,Barabanki,40,,29,35,85,113,120,118,85,45,60,200,186,176,167,176,130,55,225,22,22,25,60,36,39,37,45,36,98,563,58,80,39,85,31,42,30,15,46,,,2025-08-27
Uttar Pradesh,Bhadohi,35,,28,35,85,95,130,120,84,47,60,212,192,176,159,176,122,65,207,10,20,25,60,35,43,36,52,40,90,763,62,72,35,92,31,38,27,16,57,,,2025-08-27
Uttar Pradesh,Chandauli,33,,27,33,79,105,114,105,79,45,55,205,187,171,131,161,111,53,247,19,16,24,55,34,51,36,60,37,85,634,56,79,37,86,34,42,29,17,45,,,2025-08-27
Uttar Pradesh,Farrukhabad,42,,27,31,79,100,110,110,90,45,62,220,192,159,159,181,132,51,220,18,13,17,58,28,NR,36,NR,38,90,630,60,80,33,80,30,40,31,18,42,,,2025-08-27
Uttar Pradesh,Ghazipur,41,,29,37,81,104,107,105,86,46,60,188,179,157,145,175,128,55,281,22,19,22,52,36,42,43,54,46,92,648,61,75,34,89,43,39,27,19,45,,,2025-08-27
Uttar Pradesh,Jaunpur,41,,29,35,84,104,125,106,82,45,59,212,188,169,150,153,121,55,259,22,19,22,59,32,38,35,55,34,88,584,54,76,35,85,35,36,29,17,53,,,2025-08-27
Uttar Pradesh,UP-Pratapgarh,39,,28,32,79,99,117,113,79,45,49,188,181,149,148,146,118,57,255,20,16,22,54,33,29,37,39,37,94,547,58,74,29,85,33,38,28,17,39,,,2025-08-27
Uttar Pradesh,Sambhal,36,,27,31,85,117,108,95,87,42,57,189,164,139,133,139,131,52,248,18,19,20,51,34,NR,35,NR,34,93,634,57,72,32,75,28,42,29,16,52,,,2025-08-27
Uttar Pradesh,Santkabir Nagar,49,,27,37,90,112,135,118,98,45,67,222,196,159,163,170,134,49,265,28,23,23,53,29,30,34,78,43,98,734,61,84,40,100,30,52,29,20,48,,,2025-08-27
Uttar Pradesh,Shahjahanpur,32,,26,32,74,110,102,107,90,44,57,185,173,150,136,162,133,43,222,20,14,18,56,26,32,35,52,37,88,544,55,92,30,86,29,30,20,13,41,,,2025-08-27
Uttar Pradesh,Sitapur,38,,30,35,82,130,112,112,83,44,59,192,176,148,145,146,136,53,228,17,20,28,55,29,31,36,49,40,92,600,59,72,38,80,34,40,29,15,49,,,2025-08-27
Uttar Pradesh,Sultanpur,42,,30,35,84,114,111,108,86,44,56,NR,NR,NR,NR,NR,NR,54,267,20,24,26,51,36,41,38,52,43,94,656,57,75,38,85,35,39,27,15,49,,,2025-08-27
Uttar Pradesh,Unnao,41,,28,31,85,117,115,108,87,45,57,209,178,150,141,157,124,57,253,20,20,27,60,35,40,38,52,38,90,554,59,69,38,87,34,39,26,15,48,,,2025-08-27
Uttar Pradesh,Ambedkar Nagar,40,,28,39,85,112,131,134,89,43,60,212,187,158,159,163,132,60,194,28,20,25,59,41,41,40,79,41,87,707,60,71,31,84,36,42,31,20,69,,,2025-08-27
Uttar Pradesh,Amroha,41,,27,34,82,122,105,95,93,45,54,180,177,149,133,176,108,51,215,22,21,27,65,38,45,38,44,39,95,648,58,74,35,85,25,39,28,17,37,,,2025-08-27
Uttar Pradesh,Baghpat,45,,NR,32,82,127,120,110,90,44,70,190,181,165,148,148,124,53,210,28,22,28,63,34,50,35,67,40,92,599,60,78,33,80,33,35,24,12,39,,,2025-08-27
Uttar Pradesh,Bijnor,40,,26,35,82,103,92,93,80,44,55,196,180,141,143,154,143,50,245,17,16,25,55,32,40,37,57,40,107,604,57,60,35,85,30,45,30,10,30,,,2025-08-27
Uttar Pradesh,Budaun,38,,26,30,85,115,102,100,91,44,61,199,163,169,150,170,130,48,280,21,20,25,59,25,47,36,67,37,94,609,59,71,30,90,30,38,26,11,44,,,2025-08-27
Uttar Pradesh,Etah,45,,29,35,80,130,110,110,90,45,58,207,178,152,156,165,113,53,270,22,15,27,48,23,NR,35,NR,38,92,679,60,72,30,97,32,40,35,18,40,,,2025-08-27
Uttar Pradesh,Fatehpur,43,,28,34,90,108,113,103,90,46,58,184,173,138,132,143,112,55,225,21,16,22,48,20,35,35,41,35,100,NR,60,78,30,80,33,41,22,15,35,,,2025-08-27
Uttar Pradesh,Ghaziabad,41,,31,34,80,117,112,106,87,46,57,191,179,161,156,165,140,52,232,20,20,24,52,33,39,39,52,42,92,633,58,70,33,84,37,38,28,16,42,,,2025-08-27
Uttar Pradesh,Hardoi,42,,26,35,80,111,107,105,85,45,57,202,180,156,147,160,130,56,245,18,20,25,56,30,33,37,53,39,87,610,57,75,36,86,35,41,27,14,48,,,2025-08-27
Uttar Pradesh,Jalaun,47,,30,31,85,112,99,99,92,45,57,169,169,133,130,144,108,55,225,20,16,25,50,34,39,34,NR,37,99,571,59,75,30,90,27,40,25,16,40,,,2025-08-27
Uttar Pradesh,Kaushambi,42,,27,38,87,114,119,107,87,46,58,192,181,157,152,160,127,54,235,21,21,25,58,26,38,37,55,37,85,597,57,73,38,88,40,41,27,15,26,,,2025-08-27
Uttar Pradesh,Kushinagar,37,,28,37,83,112,115,115,80,45,67,182,182,145,166,137,134,47,204,26,18,26,55,43,43,38,52,40,102,647,61,61,48,88,25,41,33,16,46,,,2025-08-27
Uttar Pradesh,Lakhimpur Kheri,42,,29,33,82,117,103,107,80,45,57,189,166,130,137,143,106,56,227,17,20,25,56,28,34,34,63,38,88,652,58,79,33,81,33,42,32,16,49,,,2025-08-27
Uttar Pradesh,Pilibhit,37,,27,31,87,115,114,113,95,45,58,192,173,154,151,165,131,49,260,20,18,25,54,38,48,36,60,39,95,652,59,78,40,87,36,40,28,15,45,,,2025-08-27
Uttar Pradesh,Sharwasti,39,,27,38,80,108,118,117,85,46,55,183,196,145,159,NR,121,57,218,24,17,22,70,NR,NR,39,NR,40,98,569,59,78,28,85,25,30,20,15,33,,,2025-08-27
Uttar Pradesh,Siddharth Nagar,42,,28,35,80,108,107,105,80,46,60,188,192,152,158,162,121,51,227,23,20,28,53,50,50,35,70,38,81,601,60,84,35,72,35,45,28,17,40,,,2025-08-27
Uttar Pradesh,Sonbhadra,35,,27,32,80,100,105,105,78,45,45,176,163,145,126,157,110,52,210,22,18,25,56,28,40,34,50,38,88,608,62,70,34,82,30,30,25,15,45,,,2025-08-27
Uttar Pradesh,Rampur,49,,28,31,80,111,114,100,83,45,62,187,188,148,154,153,130,50,241,27,20,27,65,31,34,34,NR,35,98,618,61,72,28,85,30,35,31,15,52,,,2025-08-27
Uttar Pradesh,Bahraich,35,,25,30,90,121,120,114,90,42,45,176,191,130,137,142,125,44,250,25,20,28,42,36,34,33,65,32,106,615,56,80,22,72,27,36,23,19,53,,,2025-08-27
Uttar Pradesh,Basti,35,,23,31,72,120,108,105,82,40,58,187,169,155,145,158,118,44,239,22,23,30,57,49,55,35,56,39,93,558,57,76,32,87,23,57,31,18,43,,,2025-08-27
Uttar Pradesh,Etawah,40,,27,32,85,115,110,105,85,46,55,200,187,146,140,151,130,55,260,20,25,25,52,26,NR,40,60,42,94,622,62,88,37,85,39,40,30,16,50,,,2025-08-27
Uttar Pradesh,Muzzafarnagar,39,,27,31,81,118,114,108,87,45,57,181,168,148,143,155,130,52,238,19,18,28,50,33,43,35,NR,35,87,506,55,59,31,75,32,40,23,13,51,,,2025-08-27
Uttar Pradesh,Chitrakoot,45,,28,34,82,108,94,94,82,45,50,181,192,159,159,182,137,55,227,15,25,30,63,30,30,35,58,45,90,604,60,72,36,81,31,45,25,15,50,,,2025-08-27
Uttar Pradesh,Hamirpur-UP,40,,30,35,76,131,119,100,78,46,58,203,181,137,154,148,143,50,222,20,25,20,55,NR,NR,35,NR,35,90,615,55,89,30,82,38,50,26,16,50,,,2025-08-27
Uttar Pradesh,Deoria,35,,27,30,83,115,110,95,91,45,59,225,188,153,134,213,130,51,218,19,21,25,75,37,42,37,51,35,90,595,60,68,52,77,29,41,27,19,38,,,2025-08-27
Uttar Pradesh,Hapur,36,,29,35,77,113,108,101,92,46,62,189,179,160,159,167,143,50,215,23,20,25,57,40,38,36,47,36,97,674,62,72,29,96,45,50,30,10,53,,,2025-08-27
Uttar Pradesh,Bulandshahr,41,,29,34,81,121,120,117,87,44,61,NR,165,158,160,155,159,43,240,19,20,30,58,29,39,35,55,35,93,542,53,72,23,91,30,42,29,15,30,,,2025-08-27
Uttar Pradesh,Kanpur Dehat,38,,27,31,81,105,108,93,83,44,55,190,200,126,139,135,107,49,197,11,21,23,53,30,37,35,50,35,85,601,58,76,30,82,27,33,24,15,45,,,2025-08-27
Uttar Pradesh,Hathras,40,,30,34,82,114,113,106,85,44,57,186,182,152,143,155,129,54,248,20,23,26,52,26,NR,35,NR,40,95,626,55,75,31,87,37,37,29,12,40,,,2025-08-27
Uttar Pradesh,Raebareli,40,,29,36,83,113,112,110,86,45,58,187,176,156,146,161,131,55,228,19,20,23,41,36,40,39,53,40,92,641,58,75,29,81,32,42,27,15,45,,,2025-08-27
Uttar Pradesh,Lalitpur,36,,28,29,85,110,100,90,88,45,56,183,167,142,132,194,118,48,255,20,15,18,39,33,38,32,59,34,92,600,57,78,28,84,31,43,27,18,29,,,2025-08-27
Uttar Pradesh,Mohaba,36,,26,30,80,103,105,102,87,48,57,171,168,153,155,181,129,53,182,25,20,17,48,31,33,34,40,35,92,604,55,67,32,78,31,44,28,16,48,,,2025-08-27
Uttar Pradesh,Gautam Budh Nagar,39,,30,35,73,116,109,103,83,45,58,188,172,135,131,165,120,50,232,15,17,29,59,30,40,36,55,39,88,617,55,72,31,88,35,37,28,14,41,,,2025-08-27
Uttar Pradesh,Auraiya,40,,27,36,77,109,101,98,75,45,57,177,166,144,143,144,131,49,231,21,20,26,55,28,26,44,50,41,96,632,57,76,34,79,39,37,30,14,47,,,2025-08-27
Uttar Pradesh,Maharajganj,35,,28,33,81,117,117,109,80,44,57,189,178,132,142,155,126,47,213,22,18,23,51,36,44,34,51,36,91,593,58,72,37,82,34,41,30,15,50,,,2025-08-27
Uttar Pradesh,Balrampur,35,,26,36,80,102,117,115,85,45,53,167,186,148,137,159,123,57,225,15,19,24,58,35,45,36,NR,39,97,622,59,71,37,89,32,42,28,15,33,,,2025-08-27
Uttar Pradesh,Kannauj,40,,28,33,83,119,113,107,86,45,61,188,177,148,143,155,126,53,238,21,20,25,48,31,39,38,NR,38,93,613,55,72,25,84,30,45,28,17,43,,,2025-08-27
Uttar Pradesh,Mathura,38,,30,33,90,119,123,115,90,44,63,207,168,135,131,145,121,58,263,27,20,35,59,34,43,40,47,40,98,601,55,76,38,87,48,34,31,15,40,,,2025-08-27
Uttar Pradesh,Firozabad,38,,35,37,82,113,98,112,98,41,65,190,174,126,142,182,111,45,301,26,27,26,80,23,25,33,39,35,99,717,52,69,40,85,33,40,30,15,35,,,2025-08-27
Uttar Pradesh,Kasganj,44,,30,36,86,122,117,112,87,46,59,206,195,166,155,176,142,55,263,21,21,30,57,23,NR,36,NR,38,98,542,54,73,37,85,38,47,28,13,42,,,2025-08-27
Uttar Pradesh,Mainpuri,38,,30,34,88,132,120,113,88,42,63,203,187,168,158,176,144,51,260,24,22,23,60,24,25,39,40,38,105,700,55,70,35,85,47,43,25,21,36,,,2025-08-27
Uttar Pradesh,Shamli,37,,28,31,80,115,112,108,85,44,55,187,172,150,141,148,126,50,230,15,22,28,58,27,40,35,50,34,86,533,60,72,32,82,35,35,25,13,50,,,2025-08-27
Uttar Pradesh,Ballia,40,,29,33,86,109,115,111,89,46,58,192,171,146,146,147,126,55,232,22,21,25,70,31,37,37,52,39,94,633,54,73,35,84,33,42,26,16,51,,,2025-08-27
Uttar Pradesh,Mau,39,,27,34,83,115,114,108,86,45,56,191,167,145,143,148,120,56,232,22,22,25,56,NR,NR,35,NR,37,92,659,55,76,29,81,31,40,29,15,41,,,2025-08-27
Uttarakhand,Dehradun,36,,28,38,98,136,117,125,98,45,67,181,173,160,190,164,NR,57,280,30,20,25,65,34,43,40,52,40,110,692,60,70,41,110,40,45,39,15,52,,,2025-08-27
Uttarakhand,Haldwani,38,,36,33,93,122,112,121,92,45,57,195,192,174,163,175,148,52,261,28,20,30,70,30,43,52,45,41,102,600,58,80,30,100,40,53,38,15,50,,,2025-08-27
Uttarakhand,Rudrapur,NR,,NR,NR,NR,NR,NR,NR,NR,NR,NR,NR,NR,NR,NR,NR,NR,NR,NR,NR,NR,NR,NR,NR,NR,NR,NR,NR,NR,NR,NR,NR,NR,NR,NR,NR,NR,NR,NR,,,2025-08-27
Uttarakhand,Haridwar,44,,32,38,90,136,120,113,90,44,64,211,201,161,159,165,NR,64,290,27,16,31,75,37,NR,44,53,40,102,641,56,76,42,97,46,42,37,16,61,,,2025-08-27
WEST ZONE,WEST ZONE,,,,,,,,,,,,,,,,,,,,,,,,,,,,,,,,,,,,,,,,,,2025-08-27
Chhattisgarh,Raipur,33,,31,42,88,113,110,109,99,45,57,195,165,139,138,148,114,51,253,25,24,25,57,31,26,40,45,45,85,724,56,79,38,91,37,31,25,11,32,,,2025-08-27
Chhattisgarh,Durg,35,,40,35,83,100,95,100,83,NR,NR,NR,NR,NR,NR,NR,NR,NR,NR,NR,NR,NR,NR,NR,NR,NR,NR,NR,NR,NR,NR,NR,NR,NR,NR,NR,NR,NR,NR,,,2025-08-27
Chhattisgarh,Ambikapur,34,,30,34,92,115,112,108,82,41,41,194,157,174,159,159,NR,48,251,15,33,30,39,NR,NR,40,NR,32,70,598,52,80,40,78,30,60,33,15,47,,,2025-08-27
Chhattisgarh,Bilaspur-CG,NR,,NR,NR,NR,NR,NR,NR,NR,NR,NR,NR,NR,NR,NR,NR,NR,NR,NR,NR,NR,NR,NR,NR,NR,NR,NR,NR,NR,NR,NR,NR,NR,NR,NR,NR,NR,NR,NR,,,2025-08-27
Chhattisgarh,Jagdalpur,NR,,NR,NR,NR,NR,NR,NR,NR,NR,NR,NR,NR,NR,NR,NR,NR,NR,NR,NR,NR,NR,NR,NR,NR,NR,NR,NR,NR,NR,NR,NR,NR,NR,NR,NR,NR,NR,NR,,,2025-08-27
Chhattisgarh,Dantewada,38,,38,41,99,131,113,105,84,44,62,NR,188,151,143,155,133,57,247,21,29,36,47,42,NR,40,NR,45,102,652,58,68,42,97,50,49,22,18,63,,,2025-08-27
Chhattisgarh,Dhamtari,35,,26,42,95,132,100,95,95,44,65,187,179,126,137,150,129,60,223,26,27,33,52,50,45,43,53,46,108,740,58,74,45,93,32,35,23,17,43,,,2025-08-27
Chhattisgarh,Rajnandgaon,NR,,NR,NR,NR,NR,NR,NR,NR,NR,NR,NR,NR,NR,NR,NR,NR,NR,NR,NR,NR,NR,NR,NR,NR,NR,NR,NR,NR,NR,NR,NR,NR,NR,NR,NR,NR,NR,NR,,,2025-08-27
Chhattisgarh,Koriya,39,,35,39,85,127,102,112,83,42,75,206,162,154,148,168,190,47,195,25,30,28,48,35,34,46,32,58,82,693,58,83,47,78,27,38,28,17,42,,,2025-08-27
DNH and DD,Silvasa,NR,,NR,NR,NR,NR,NR,NR,NR,NR,NR,NR,NR,NR,NR,NR,NR,NR,NR,NR,NR,NR,NR,NR,NR,NR,NR,NR,NR,NR,NR,NR,NR,NR,NR,NR,NR,NR,NR,,,2025-08-27
DNH and DD,Daman,NR,,NR,NR,NR,NR,NR,NR,NR,NR,NR,NR,NR,NR,NR,NR,NR,NR,NR,NR,NR,NR,NR,NR,NR,NR,NR,NR,NR,NR,NR,NR,NR,NR,NR,NR,NR,NR,NR,,,2025-08-27
DNH and DD,Diu,49,,39,55,91,135,140,122,100,46,64,196,223,194,185,198,141,62,400,30,25,30,78,39,57,59,85,66,112,703,62,83,48,105,48,35,39,21,58,,,2025-08-27
Goa,Panaji,NR,,NR,NR,NR,NR,NR,NR,NR,NR,NR,NR,NR,NR,NR,NR,NR,NR,NR,NR,NR,NR,NR,NR,NR,NR,NR,NR,NR,NR,NR,NR,NR,NR,NR,NR,NR,NR,NR,,,2025-08-27
Goa,Margao,NR,,NR,NR,NR,NR,NR,NR,NR,NR,NR,NR,NR,NR,NR,NR,NR,NR,NR,NR,NR,NR,NR,NR,NR,NR,NR,NR,NR,NR,NR,NR,NR,NR,NR,NR,NR,NR,NR,,,2025-08-27
Gujarat,Ahmedabad,NR,,NR,NR,NR,NR,NR,NR,NR,NR,NR,NR,NR,NR,NR,NR,NR,NR,NR,NR,NR,NR,NR,NR,NR,NR,NR,NR,NR,NR,NR,NR,NR,NR,NR,NR,NR,NR,NR,,,2025-08-27
Gujarat,Rajkot,NR,,NR,NR,NR,NR,NR,NR,NR,NR,NR,NR,NR,NR,NR,NR,NR,NR,NR,NR,NR,NR,NR,NR,NR,NR,NR,NR,NR,NR,NR,NR,NR,NR,NR,NR,NR,NR,NR,,,2025-08-27
Gujarat,Surat,34,,32,34,88,112,113,98,92,44,68,166,174,136,139,156,137,56,205,18,25,25,44,37,39,39,68,44,91,632,55,67,32,76,28,34,39,15,37,,,2025-08-27
Gujarat,Bhuj,NR,,NR,NR,NR,NR,NR,NR,NR,NR,NR,NR,NR,NR,NR,NR,NR,NR,NR,NR,NR,NR,NR,NR,NR,NR,NR,NR,NR,NR,NR,NR,NR,NR,NR,NR,NR,NR,NR,,,2025-08-27
Gujarat,Selamba,35,,33,36,93,113,113,102,91,44,64,167,170,139,146,159,138,55,210,19,26,24,50,36,37,38,67,42,92,632,53,70,38,76,31,33,32,17,45,,,2025-08-27
Gujarat,Waghai,35,,34,35,93,119,117,101,94,45,67,167,171,136,146,158,136,55,209,20,31,31,46,35,36,40,60,44,96,631,55,70,36,75,30,34,24,17,40,,,2025-08-27
Gujarat,Bodeli,34,,32,34,93,112,113,98,92,44,66,167,170,136,146,158,136,56,205,18,26,25,42,37,39,39,68,44,91,632,55,71,32,76,28,34,39,15,37,,,2025-08-27
Gujarat,Vapi,36,,34,36,92,112,112,96,90,44,63,168,173,135,148,159,137,52,210,18,25,25,45,39,39,39,64,45,91,630,56,68,36,77,29,35,39,17,43,,,2025-08-27
Gujarat,Bilimora,35,,34,37,89,113,113,101,91,44,64,168,159,138,155,153,149,53,202,19,33,31,42,35,37,40,62,45,95,629,54,69,33,68,31,35,25,17,39,,,2025-08-27
Gujarat,Idar,NR,,NR,NR,NR,NR,NR,NR,NR,NR,NR,NR,NR,NR,NR,NR,NR,NR,NR,NR,NR,NR,NR,NR,NR,NR,NR,NR,NR,NR,NR,NR,NR,NR,NR,NR,NR,NR,NR,,,2025-08-27
Gujarat,Jhalod,34,,33,35,90,113,113,98,92,44,66,167,171,136,146,158,136,56,205,18,37,31,54,37,39,39,68,44,91,632,55,71,35,76,28,34,39,15,37,,,2025-08-27
Gujarat,Songash,33,,33,35,87,117,117,105,87,42,63,166,159,137,151,157,143,51,205,22,30,28,36,35,39,35,60,42,88,633,56,57,35,73,31,34,30,15,42,,,2025-08-27
Madhya Pradesh,Bhopal,35,,28,32,88,112,110,106,86,46,62,171,211,176,136,176,NR,52,255,10,20,20,50,40,40,40,60,42,94,662,60,90,20,100,55,40,34,14,39,,,2025-08-27
Madhya Pradesh,Indore,41,,29,33,84,103,115,102,79,46,61,174,197,152,140,153,143,59,268,15,20,15,60,35,34,39,NR,40,80,643,60,81,38,84,34,34,23,15,40,,,2025-08-27
Madhya Pradesh,Gwalior,40,,31,34,74,126,119,110,90,45,63,210,160,172,142,178,NR,50,222,12,20,25,63,28,32,39,61,40,88,624,55,71,24,82,35,35,26,15,40,,,2025-08-27
Madhya Pradesh,Jabalpur,38,,29,34,84,110,109,108,82,44,55,185,178,143,142,165,124,48,250,18,25,20,46,36,40,40,55,40,90,626,58,76,30,85,35,36,25,15,38,,,2025-08-27
Madhya Pradesh,Rewa,32,,28,34,76,101,91,88,79,45,55,177,154,148,147,147,NR,55,237,18,14,20,58,NR,NR,35,NR,35,85,654,58,76,23,90,30,45,30,12,40,,,2025-08-27
Madhya Pradesh,Sagar,39,,28,30,81,105,105,98,86,45,59,181,190,138,142,168,136,52,245,16,23,18,40,40,41,40,59,40,88,698,63,78,23,84,29,30,23,14,37,,,2025-08-27
Madhya Pradesh,Jhabua,39,,29,35,86,100,105,104,82,45,58,192,205,180,142,185,NR,57,289,15,23,17,55,33,38,45,53,48,98,663,NR,72,26,90,40,38,27,20,29,,,2025-08-27
Madhya Pradesh,Hoshangabad,43,,32,36,81,112,113,99,84,46,55,186,144,130,133,145,103,54,225,12,26,26,56,45,52,42,49,41,93,652,60,87,42,90,28,46,19,18,52,,,2025-08-27
Madhya Pradesh,Shahdol,35,,29,35,86,123,112,110,83,44,50,200,136,125,121,154,NR,52,210,18,20,20,58,37,33,35,50,40,95,604,58,70,30,90,30,40,27,18,35,,,2025-08-27
Madhya Pradesh,Ujjain,38,,37,42,89,103,101,102,99,46,60,155,204,170,135,175,NR,71,262,13,23,20,50,31,38,45,62,48,96,665,59,73,28,100,41,38,28,16,37,,,2025-08-27
Madhya Pradesh,Morena,40,,28,34,90,115,113,105,100,46,66,220,187,146,147,148,110,46,242,14,15,25,60,29,NR,39,NR,39,100,615,66,81,40,81,36,31,28,14,32,,,2025-08-27
Madhya Pradesh,Anuppur,35,,25,38,80,100,110,115,89,46,50,198,198,137,143,176,154,55,240,15,20,20,40,40,40,35,40,45,87,718,60,79,29,90,25,35,22,13,35,,,2025-08-27
Madhya Pradesh,Bhind,40,,30,33,84,116,118,114,84,43,60,181,146,131,123,140,115,44,245,16,18,20,49,34,42,38,62,37,90,640,61,75,25,77,31,35,25,17,40,,,2025-08-27
Madhya Pradesh,Dhar,42,,28,36,87,114,113,111,96,45,59,159,187,165,137,171,94,55,212,15,25,21,47,34,35,39,51,40,91,683,58,72,29,84,31,36,20,17,41,,,2025-08-27
Madhya Pradesh,Harda,40,,31,35,84,100,120,110,90,45,58,179,198,170,148,165,NR,60,220,20,20,20,50,40,40,45,70,45,91,659,60,72,40,84,28,28,17,18,33,,,2025-08-27
Madhya Pradesh,Katni,35,,29,34,86,120,120,115,80,42,50,165,154,126,132,154,100,50,205,19,14,20,40,35,38,45,55,45,100,604,58,75,20,80,40,40,27,15,35,,,2025-08-27
Madhya Pradesh,Khandwa,38,,30,35,80,102,103,100,85,45,52,209,187,173,148,170,NR,50,238,15,30,20,43,35,35,40,47,40,88,659,55,84,38,100,26,32,24,15,40,,,2025-08-27
Madhya Pradesh,Mandla,36,,34,39,80,95,100,110,82,45,50,187,183,132,154,173,143,60,227,29,25,24,29,45,48,45,67,47,93,601,62,75,25,82,28,34,21,15,34,,,2025-08-27
Madhya Pradesh,Rajgarh,40,,27,30,82,112,120,100,90,45,40,174,200,176,143,178,NR,50,240,10,20,20,63,NR,NR,43,NR,45,90,681,NR,80,40,87,40,37,22,15,30,,,2025-08-27
Madhya Pradesh,Sidhi,35,,28,35,70,110,100,100,80,48,60,181,179,159,143,126,115,50,250,17,20,25,60,30,41,35,54,50,92,633,57,85,40,82,32,50,25,15,50,,,2025-08-27
Madhya Pradesh,Chattarpur,40,,28,37,90,117,120,97,80,45,50,192,176,165,154,148,121,57,250,20,17,20,50,35,47,40,58,53,98,600,60,72,20,85,34,45,31,15,41,,,2025-08-27
Madhya Pradesh,Neemuch,45,,26,34,72,115,103,100,70,45,64,181,143,132,130,137,NR,55,292,10,25,20,42,42,41,41,65,41,87,562,63,70,40,75,25,42,30,15,45,,,2025-08-27
Madhya Pradesh,Burhanpur,44,,32,38,79,104,104,104,78,45,56,169,170,158,133,170,131,49,315,29,19,19,40,35,35,36,NR,49,95,709,60,72,35,81,29,34,21,14,33,,,2025-08-27
Madhya Pradesh,Narshinpur,40,,29,35,85,115,110,107,85,44,53,203,187,137,137,170,NR,45,239,12,20,20,50,41,39,45,60,48,90,638,55,79,35,87,39,35,25,16,35,,,2025-08-27
Madhya Pradesh,Raisen,40,,30,33,80,103,120,107,85,46,57,187,189,143,137,NR,NR,55,230,10,20,20,50,40,41,39,NR,42,87,694,62,74,37,88,31,31,25,18,37,,,2025-08-27
Madhya Pradesh,Sheopur,NR,,NR,NR,NR,NR,NR,NR,NR,NR,NR,NR,NR,NR,NR,NR,NR,NR,NR,NR,NR,NR,NR,NR,NR,NR,NR,NR,NR,NR,NR,NR,NR,NR,NR,NR,NR,NR,NR,,,2025-08-27
Madhya Pradesh,Agar malwa,35,,28,33,76,126,112,108,95,43,58,175,168,153,150,142,NR,48,282,20,24,21,39,45,47,47,NR,47,78,679,58,70,34,92,31,27,24,15,31,,,2025-08-27
Madhya Pradesh,Umaria,34,,33,35,85,107,110,110,85,48,56,183,159,137,137,154,NR,50,220,15,20,20,50,40,NR,45,NR,47,97,622,60,78,40,83,28,47,27,15,40,,,2025-08-27
Madhya Pradesh,Shajapur,40,,28,33,85,113,111,105,87,43,60,167,187,156,143,161,NR,50,250,18,22,23,50,35,32,37,NR,45,92,670,59,80,33,83,33,31,25,15,30,,,2025-08-27
Madhya Pradesh,Dewas,41,,29,34,86,112,107,103,91,45,61,179,190,153,147,166,NR,55,229,12,21,24,51,37,39,40,56,44,98,676,60,75,35,90,38,35,26,15,36,,,2025-08-27
Madhya Pradesh,Khargone,39,,31,38,78,115,122,110,85,43,50,186,156,136,126,132,NR,49,225,16,30,20,40,40,40,40,65,40,90,640,55,84,35,85,35,40,30,15,35,,,2025-08-27
Madhya Pradesh,Singrauli,37,,26,33,83,91,112,114,81,47,59,183,191,151,140,139,116,53,239,14,23,19,66,NR,40,36,NR,44,90,671,55,72,35,85,25,40,21,14,33,,,2025-08-27
Madhya Pradesh,Chhindwara,49,,32,37,85,126,118,121,83,44,54,191,179,137,142,160,137,44,200,10,28,20,48,37,37,38,39,43,88,718,59,73,35,98,37,37,37,19,50,,,2025-08-27
Madhya Pradesh,Sehore,38,,27,33,85,110,110,100,90,45,58,165,192,154,143,165,NR,50,210,12,20,19,50,NR,NR,49,NR,49,92,635,60,71,29,85,30,35,24,15,48,,,2025-08-27
Madhya Pradesh,MP-Ashoknagar,41,,27,31,73,120,110,100,92,43,60,188,168,157,141,147,NR,42,210,12,21,20,60,37,40,40,NR,40,91,639,57,87,40,89,38,45,25,15,38,,,2025-08-27
Madhya Pradesh,Balaghat,NR,,NR,NR,NR,NR,NR,NR,NR,NR,NR,NR,NR,NR,NR,NR,NR,NR,NR,NR,NR,NR,NR,NR,NR,NR,NR,NR,NR,NR,NR,NR,NR,NR,NR,NR,NR,NR,NR,,,2025-08-27
Madhya Pradesh,Guna,39,,26,30,79,100,103,100,85,45,58,196,191,170,143,175,134,48,217,20,17,20,42,33,41,50,69,50,88,692,60,74,45,84,37,38,27,15,28,,,2025-08-27
Madhya Pradesh,Ratlam,40,,30,34,80,107,111,106,85,45,61,173,170,153,138,157,131,49,240,10,25,16,52,30,40,41,62,43,88,619,58,72,27,75,28,28,21,15,33,,,2025-08-27
Madhya Pradesh,Satna,35,,28,37,87,105,85,90,82,45,60,198,141,146,130,181,110,50,260,20,20,30,50,40,43,34,60,35,65,692,55,65,47,75,27,33,30,15,50,,,2025-08-27
Madhya Pradesh,Vidisha,39,,30,35,81,105,115,110,87,44,57,175,194,139,147,170,NR,52,247,11,14,17,38,40,40,38,68,39,88,648,60,83,23,92,32,30,25,14,40,,,2025-08-27
Madhya Pradesh,Alirajpur,35,,28,35,84,120,95,111,91,43,55,185,148,139,136,144,NR,48,242,10,23,22,72,31,35,45,NR,47,93,619,57,73,21,77,40,43,29,17,32,,,2025-08-27
Madhya Pradesh,Betul,39,,27,34,79,98,103,100,81,46,59,176,203,137,142,176,NR,50,251,12,27,25,49,44,45,43,65,45,104,690,60,80,28,80,30,31,20,17,40,,,2025-08-27
Madhya Pradesh,Damoh,41,,29,32,78,111,109,107,83,45,62,198,167,137,144,164,NR,48,211,13,20,20,57,37,39,37,56,39,86,575,57,73,29,81,31,39,31,15,43,,,2025-08-27
Madhya Pradesh,Dindori,NR,,NR,NR,NR,NR,NR,NR,NR,NR,NR,NR,NR,NR,NR,NR,NR,NR,NR,NR,NR,NR,NR,NR,NR,NR,NR,NR,NR,NR,NR,NR,NR,NR,NR,NR,NR,NR,NR,,,2025-08-27
Madhya Pradesh,Niwari,36,,26,32,78,111,94,96,84,46,60,199,193,188,138,149,NR,46,215,30,20,19,53,NR,NR,40,NR,40,97,720,60,81,28,92,33,40,27,19,35,,,2025-08-27
Madhya Pradesh,Seoni,NR,,NR,NR,NR,NR,NR,NR,NR,NR,NR,NR,NR,NR,NR,NR,NR,NR,NR,NR,NR,NR,NR,NR,NR,NR,NR,NR,NR,NR,NR,NR,NR,NR,NR,NR,NR,NR,NR,,,2025-08-27
Madhya Pradesh,Panna,38,,26,36,75,125,100,95,90,45,52,178,173,128,133,130,112,53,210,11,20,17,59,40,48,35,60,45,97,651,56,75,37,72,25,35,31,12,47,,,2025-08-27
Madhya Pradesh,Tikamgarh,35,,26,30,90,125,125,95,90,44,50,205,167,142,149,147,NR,50,200,20,20,30,42,30,35,40,40,45,100,651,58,70,22,85,29,41,20,17,40,,,2025-08-27
Madhya Pradesh,Datia,47,,28,31,83,122,111,93,78,45,58,215,168,147,156,186,124,51,223,26,30,31,53,41,35,40,78,40,93,685,62,85,38,86,39,38,26,15,40,,,2025-08-27
Madhya Pradesh,Maihar,39,,29,35,90,100,95,95,82,48,55,220,164,143,148,165,113,50,205,12,20,18,60,NR,NR,40,NR,45,100,725,58,72,39,97,29,40,38,12,40,,,2025-08-27
Maharashtra,Mumbai,42,,41,54,92,115,131,126,100,46,58,226,214,190,153,168,130,83,310,28,32,32,58,42,51,53,63,52,120,679,58,80,80,105,69,42,48,19,45,,,2025-08-27
Maharashtra,Nagpur,52,,48,53,91,127,125,119,93,51,64,219,201,167,162,176,131,69,283,27,41,35,46,39,48,50,75,50,110,681,61,94,41,92,35,48,28,18,60,,,2025-08-27
Maharashtra,Pune,38,,44,51,89,125,112,116,85,45,74,190,187,155,151,160,149,56,337,33,36,35,46,37,39,41,42,41,89,530,60,80,55,95,41,41,27,17,43,,,2025-08-27
Maharashtra,Nashik,41,,42,40,93,110,116,111,96,44,58,178,213,174,141,163,138,55,317,28,30,28,48,43,59,50,55,50,101,640,58,67,65,107,53,37,29,14,37,,,2025-08-27
Maharashtra,Mangaon-Raigad,49,,44,47,95,114,123,116,100,48,60,186,207,196,139,179,121,62,353,30,31,31,41,45,50,47,57,48,112,769,60,72,54,115,62,41,35,19,60,,,2025-08-27
Maharashtra,Dharni,42,,31,37,92,112,108,115,90,46,53,196,186,160,156,180,NR,52,325,13,29,21,53,34,30,40,NR,43,92,743,61,80,48,93,32,40,22,17,48,,,2025-08-27
Maharashtra,Latur,56,,39,47,88,113,112,122,87,44,63,181,204,133,139,152,137,49,228,24,32,28,45,34,44,39,61,39,96,732,56,72,72,94,47,36,21,18,46,,,2025-08-27
Maharashtra,Akluj,49,,34,38,83,102,102,100,89,45,54,200,196,137,143,155,118,50,335,30,25,25,35,32,42,39,60,38,93,659,52,49,43,98,30,38,20,12,28,,,2025-08-27
Maharashtra,Arni Yavatmal,44,,34,36,99,123,125,114,90,43,63,170,192,154,144,157,NR,57,300,10,30,31,50,35,32,47,70,55,103,784,55,72,40,99,45,42,20,15,40,,,2025-08-27
Maharashtra,Chandrapur,34,,35,48,89,112,111,114,100,47,59,185,186,198,148,166,NR,66,249,30,30,37,30,52,55,57,53,54,121,611,60,68,22,96,32,34,31,20,73,,,2025-08-27
Maharashtra,Karad Satara,43,,37,49,89,122,117,118,94,44,70,185,182,167,152,168,149,50,293,30,29,24,42,39,39,40,57,41,111,670,58,72,67,102,37,41,25,20,43,,,2025-08-27
Maharashtra,Ahemednagar,53,,44,47,89,129,124,119,99,43,53,153,161,164,147,153,142,49,259,30,26,21,36,31,38,39,44,39,108,567,58,60,47,99,29,39,24,18,25,,,2025-08-27
Maharashtra,Khultabad,49,,34,36,79,110,111,106,80,45,45,179,NR,142,139,147,128,56,322,20,38,31,50,35,35,49,NR,46,88,702,60,80,48,87,32,24,21,16,41,,,2025-08-27
Maharashtra,Islampur,39,,42,48,91,123,129,120,90,44,72,208,199,147,156,167,136,51,343,27,30,22,47,36,39,39,43,43,109,653,60,77,40,103,59,53,35,27,41,,,2025-08-27
Maharashtra,Kankavli,47,,38,49,99,127,119,121,100,44,60,184,194,164,146,162,130,53,352,20,38,29,62,40,39,45,46,44,108,666,54,79,44,77,47,44,24,18,58,,,2025-08-27
Maharashtra,Partur,50,,32,40,80,115,120,110,88,43,56,181,204,151,149,156,148,49,401,10,30,20,52,32,34,43,NR,47,87,775,NR,84,78,92,40,42,19,15,47,,,2025-08-27
Maharashtra,Gondia,49,,34,36,80,106,100,102,82,46,58,175,208,138,142,169,150,62,250,29,22,25,43,37,37,37,50,38,90,809,59,65,30,105,49,54,28,19,34,,,2025-08-27
Maharashtra,Jalgaon,46,,37,47,91,115,126,111,104,46,65,174,205,174,146,162,155,61,463,28,23,23,32,44,40,57,52,56,107,707,59,69,43,117,45,41,28,15,43,,,2025-08-27
Maharashtra,Akola,43,,34,44,85,119,125,116,97,45,68,176,198,165,144,162,NR,58,320,29,27,27,57,38,40,48,65,48,103,747,60,83,53,88,42,44,21,16,33,,,2025-08-27
Rajasthan,Jaipur,45,,31,37,77,102,98,89,81,47,51,179,196,157,154,152,NR,51,303,14,14,20,58,24,28,45,NR,49,80,600,58,81,23,72,29,48,39,22,36,,,2025-08-27
Rajasthan,Jodhpur,41,,32,34,79,127,123,101,89,43,54,217,182,NR,NR,169,NR,51,272,22,20,24,35,29,52,52,52,47,105,672,55,91,27,69,73,33,29,17,42,,,2025-08-27
Rajasthan,Kota,NR,,NR,NR,NR,NR,NR,NR,NR,NR,NR,NR,NR,NR,NR,NR,NR,NR,NR,NR,NR,NR,NR,NR,NR,NR,NR,NR,NR,NR,NR,NR,NR,NR,NR,NR,NR,NR,NR,,,2025-08-27
Rajasthan,Udaipur,46,,31,35,85,127,113,119,85,47,50,196,211,159,137,170,149,63,324,26,24,23,71,38,43,35,53,54,87,604,58,76,40,93,35,35,23,14,40,,,2025-08-27
Rajasthan,Bharatpur,45,,27,34,91,117,109,111,90,44,58,198,176,137,152,NR,NR,47,297,28,20,29,53,27,30,40,65,44,82,637,60,75,25,90,37,38,25,12,40,,,2025-08-27
Rajasthan,Ajmer,NR,,NR,NR,NR,NR,NR,NR,NR,NR,NR,NR,NR,NR,NR,NR,NR,NR,NR,NR,NR,NR,NR,NR,NR,NR,NR,NR,NR,NR,NR,NR,NR,NR,NR,NR,NR,NR,NR,,,2025-08-27
Rajasthan,Bikaner,49,,33,38,82,112,112,108,85,51,53,150,153,129,146,141,146,48,240,10,21,22,38,36,40,50,NR,50,80,699,55,90,50,80,30,31,23,22,34,,,2025-08-27
Rajasthan,Bundi,43,,29,36,97,114,108,94,82,48,69,187,200,129,177,183,NR,43,377,30,38,30,68,36,41,37,78,47,90,732,60,78,52,85,41,48,31,21,54,,,2025-08-27
Rajasthan,Rajsamand,NR,,NR,NR,NR,NR,NR,NR,NR,NR,NR,NR,NR,NR,NR,NR,NR,NR,NR,NR,NR,NR,NR,NR,NR,NR,NR,NR,NR,NR,NR,NR,NR,NR,NR,NR,NR,NR,NR,,,2025-08-27
Rajasthan,Alwar,52,,31,35,91,128,118,105,103,46,58,195,165,144,150,170,NR,51,333,26,24,26,42,31,40,46,59,45,88,563,57,69,21,88,41,43,26,16,41,,,2025-08-27
Rajasthan,Banswara,40,,27,33,94,129,123,100,87,41,53,170,149,148,NR,150,NR,46,277,24,31,23,46,34,37,46,49,46,96,538,57,85,36,86,47,37,36,11,40,,,2025-08-27
Rajasthan,Baran,40,,31,36,80,132,117,110,80,41,50,195,144,122,123,127,NR,41,NR,NR,22,22,72,28,32,40,37,45,89,667,55,67,40,90,35,31,34,11,37,,,2025-08-27
Rajasthan,Barmer,38,,34,34,86,125,114,95,90,43,NR,NR,153,122,132,NR,NR,44,NR,19,19,34,67,29,36,39,55,45,89,628,60,80,44,83,27,60,27,20,43,,,2025-08-27
Rajasthan,Bhilwara,52,,30,37,96,117,111,98,94,43,51,196,175,145,157,176,156,44,287,11,31,23,47,29,33,40,53,41,75,605,53,60,37,91,37,36,20,19,NR,,,2025-08-27
Rajasthan,Chhitorgarh,NR,,NR,NR,NR,NR,NR,NR,NR,NR,NR,NR,NR,NR,NR,NR,NR,NR,NR,NR,NR,NR,NR,NR,NR,NR,NR,NR,NR,NR,NR,NR,NR,NR,NR,NR,NR,NR,NR,,,2025-08-27
Rajasthan,Churu,35,,28,28,90,NR,110,NR,82,42,46,173,151,145,113,NR,NR,40,305,15,20,30,40,28,40,32,35,50,80,700,55,84,40,100,NR,33,40,15,40,,,2025-08-27
Rajasthan,Dholapur,41,,25,31,81,125,102,98,90,46,56,222,194,154,146,NR,NR,49,232,16,27,28,60,29,NR,44,NR,44,92,633,62,81,40,78,32,32,20,14,40,,,2025-08-27
Rajasthan,Dungarpur,44,,28,34,94,126,111,103,90,45,56,174,172,163,165,170,152,46,288,22,33,32,58,41,36,44,80,52,90,630,61,91,45,80,37,41,40,26,42,,,2025-08-27
Rajasthan,Hanumangarh,34,,27,35,84,127,112,106,85,44,46,216,167,187,129,129,NR,40,318,21,32,34,35,NR,NR,NR,NR,NR,NR,NR,NR,NR,NR,NR,NR,NR,NR,NR,NR,,,2025-08-27
Rajasthan,Jaisalmer,40,,32,35,84,115,120,95,82,45,55,194,179,145,132,152,NR,52,260,19,30,26,41,31,34,43,64,45,97,602,62,120,39,84,39,30,24,13,42,,,2025-08-27
Rajasthan,Jalore,44,,34,34,91,113,120,105,90,42,54,200,154,127,154,157,NR,42,310,15,34,34,32,30,40,41,NR,50,96,545,60,78,47,98,41,40,29,17,43,,,2025-08-27
Rajasthan,Jhalawar,42,,29,33,84,130,114,98,85,43,55,193,163,144,148,158,NR,43,287,19,21,23,49,28,33,42,51,45,90,674,58,80,33,78,31,39,30,18,40,,,2025-08-27
Rajasthan,Jhunjhunu,NR,,NR,NR,NR,NR,NR,NR,NR,NR,NR,NR,NR,NR,NR,NR,NR,NR,NR,NR,NR,NR,NR,NR,NR,NR,NR,NR,NR,NR,NR,NR,NR,NR,NR,NR,NR,NR,NR,,,2025-08-27
Rajasthan,Karauli,40,,24,32,84,132,115,105,94,45,52,190,141,128,129,133,101,40,312,22,19,28,NR,25,22,40,37,50,106,612,60,88,38,94,33,46,22,18,39,,,2025-08-27
Rajasthan,Nagaur,NR,,NR,NR,NR,NR,NR,NR,NR,NR,NR,NR,NR,NR,NR,NR,NR,NR,NR,NR,NR,NR,NR,NR,NR,NR,NR,NR,NR,NR,NR,NR,NR,NR,NR,NR,NR,NR,NR,,,2025-08-27
Rajasthan,Pali,NR,,NR,NR,NR,NR,NR,NR,NR,NR,NR,NR,NR,NR,NR,NR,NR,NR,NR,NR,NR,NR,NR,NR,NR,NR,NR,NR,NR,NR,NR,NR,NR,NR,NR,NR,NR,NR,NR,,,2025-08-27
Rajasthan,RJ-Pratapgarh,41,,29,32,70,133,107,97,83,43,45,178,172,150,154,NR,NR,44,298,19,25,25,40,34,36,40,NR,42,103,707,60,60,39,69,46,36,25,15,40,,,2025-08-27
Rajasthan,Sikar,63,,31,33,87,130,120,106,100,44,52,161,198,130,133,132,NR,60,246,29,34,30,45,30,30,31,30,30,106,566,63,71,33,91,30,30,29,29,32,,,2025-08-27
Rajasthan,Sirohi,NR,,NR,NR,NR,NR,NR,NR,NR,NR,NR,NR,NR,NR,NR,NR,NR,NR,NR,NR,NR,NR,NR,NR,NR,NR,NR,NR,NR,NR,NR,NR,NR,NR,NR,NR,NR,NR,NR,,,2025-08-27
Rajasthan,Sri Ganganagar,49,,29,35,85,112,119,115,79,45,53,188,179,140,139,NR,NR,43,265,NR,20,21,53,NR,NR,39,NR,35,90,709,NR,NR,25,79,30,30,29,27,40,,,2025-08-27
Rajasthan,Tonk,NR,,NR,NR,NR,NR,NR,NR,NR,NR,NR,NR,NR,NR,NR,NR,NR,NR,NR,NR,NR,NR,NR,NR,NR,NR,NR,NR,NR,NR,NR,NR,NR,NR,NR,NR,NR,NR,NR,,,2025-08-27
Rajasthan,Sawai Madhopur,NR,,NR,NR,NR,NR,NR,NR,NR,NR,NR,NR,NR,NR,NR,NR,NR,NR,NR,NR,NR,NR,NR,NR,NR,NR,NR,NR,NR,NR,NR,NR,NR,NR,NR,NR,NR,NR,NR,,,2025-08-27
EAST ZONE,EAST ZONE,,,,,,,,,,,,,,,,,,,,,,,,,,,,,,,,,,,,,,,,,,2025-08-27
Bihar,Patna,40,,28,36,84,99,105,103,83,49,58,NR,187,148,NR,180,167,52,278,26,22,30,52,NR,NR,40,NR,40,100,604,56,84,30,90,40,40,25,15,44,,,2025-08-27
Bihar,Bhagalpur,38,,28,33,81,107,110,98,79,47,57,NR,180,123,123,169,117,46,320,28,17,27,58,49,61,34,NR,35,104,635,58,84,35,96,29,34,21,18,NR,,,2025-08-27
Bihar,Purnia,38,,31,36,78,96,106,104,79,49,57,NR,197,142,158,NR,120,44,324,18,18,21,54,58,58,42,61,44,108,703,55,82,35,97,36,34,25,17,48,,,2025-08-27
Bihar,Darbhanga,39,,28,38,79,95,112,108,88,45,56,NR,200,185,163,NR,119,46,193,28,18,22,58,56,56,32,44,33,108,703,60,72,29,99,25,44,23,29,50,,,2025-08-27
Bihar,Gaya,33,,26,38,81,126,106,108,82,45,60,NR,180,135,144,142,120,55,340,25,23,24,60,NR,NR,35,NR,39,110,675,59,80,33,84,33,37,23,16,43,,,2025-08-27
Bihar,Muzzafarpur,38,,27,32,83,116,117,111,81,47,57,NR,193,152,155,199,123,52,287,27,21,23,67,46,48,38,52,39,99,600,57,83,32,89,37,39,26,14,49,,,2025-08-27
Bihar,Saran,NR,,NR,NR,NR,NR,NR,NR,NR,NR,NR,NR,NR,NR,NR,NR,NR,NR,NR,NR,NR,NR,NR,NR,NR,NR,NR,NR,NR,NR,NR,NR,NR,NR,NR,NR,NR,NR,NR,,,2025-08-27
Bihar,Munger,38,,27,34,91,136,112,121,81,44,57,NR,168,154,154,125,113,46,240,28,14,34,25,NR,NR,34,NR,40,100,584,60,79,29,92,54,40,39,16,55,,,2025-08-27
Bihar,Saharsa,40,,30,35,92,137,115,107,83,45,56,NR,168,136,137,NR,NR,52,275,21,20,31,67,NR,NR,40,NR,37,93,684,55,74,40,95,52,47,37,11,40,,,2025-08-27
Bihar,Madhubani,38,,29,34,86,137,115,109,82,46,55,209,164,161,162,171,127,45,273,24,23,27,45,NR,NR,31,48,33,107,619,57,69,29,82,32,32,24,11,50,,,2025-08-27
Bihar,Rohtas (Sasaram),34,,36,39,84,105,100,92,85,51,66,201,199,178,164,189,137,54,220,28,19,25,47,38,59,37,54,40,99,690,60,82,46,77,24,30,19,12,36,,,2025-08-27
Bihar,Motihari,46,,30,34,84,106,114,106,84,44,55,204,193,182,160,204,138,45,265,18,19,20,59,32,31,34,49,33,108,592,53,76,26,78,29,44,24,19,31,,,2025-08-27
Bihar,Samastipur,39,,28,35,85,140,117,114,78,45,54,165,194,137,124,150,137,53,303,26,19,21,68,30,38,34,73,37,95,617,57,92,40,97,25,76,25,11,52,,,2025-08-27
Bihar,Katihar,40,,32,35,93,128,129,109,80,46,59,NR,183,127,133,146,NR,48,305,20,23,32,57,NR,NR,34,NR,34,110,590,NR,72,38,98,23,50,20,13,NR,,,2025-08-27
Bihar,Araria,31,,26,31,81,141,121,114,84,46,58,NR,187,156,167,198,132,50,330,20,20,20,60,60,60,35,65,50,100,604,60,76,42,90,25,40,30,13,45,,,2025-08-27
Bihar,Nawada,44,,32,36,88,113,110,107,83,49,60,NR,179,159,182,181,151,53,280,30,24,32,59,50,48,42,57,45,103,718,61,84,74,87,35,37,28,13,64,,,2025-08-27
Bihar,Khagaria,42,,28,34,81,105,128,110,84,47,42,NR,193,143,154,161,147,42,370,28,22,21,57,NR,NR,40,NR,40,115,611,54,78,28,90,26,50,30,16,30,,,2025-08-27
Bihar,Banka,NR,,NR,NR,NR,NR,NR,NR,NR,NR,NR,NR,NR,NR,NR,NR,NR,NR,NR,NR,NR,NR,NR,NR,NR,NR,NR,NR,NR,NR,NR,NR,NR,NR,NR,NR,NR,NR,NR,,,2025-08-27
Bihar,Arwal,37,,31,36,82,116,116,118,80,44,59,NR,207,184,177,183,122,48,280,26,21,30,41,NR,NR,32,NR,36,100,659,55,106,39,80,25,40,24,15,47,,,2025-08-27
Bihar,Aurangabad,37,,29,33,84,114,107,105,82,47,55,173,183,159,156,170,115,57,220,28,19,23,58,50,NR,36,NR,38,108,769,58,78,50,89,29,43,30,15,50,,,2025-08-27
Bihar,Begusarai,37,,29,35,74,104,110,105,75,45,55,239,171,168,160,159,139,46,262,14,16,21,45,52,42,35,52,37,108,623,58,78,39,96,25,32,20,17,35,,,2025-08-27
Bihar,Bhojpur Ara,43,,24,28,82,98,115,100,78,46,52,203,214,137,145,151,NR,56,362,30,20,25,70,NR,NR,31,NR,33,100,681,60,80,33,80,45,45,32,14,47,,,2025-08-27
Bihar,Buxar,33,,28,33,80,100,100,101,80,46,60,202,201,171,168,178,142,47,327,25,21,25,58,41,51,32,55,32,88,703,60,84,36,81,39,30,24,20,49,,,2025-08-27
Bihar,Gopalganj,37,,27,35,80,119,107,107,80,44,55,189,174,148,145,151,114,51,238,29,24,24,64,43,44,39,43,40,117,659,56,64,31,86,43,40,35,11,57,,,2025-08-27
Bihar,Jamui,39,,28,33,78,103,112,113,75,45,60,NR,165,148,161,NR,129,46,242,28,18,23,40,39,58,41,48,43,101,623,60,90,20,86,26,36,26,16,50,,,2025-08-27
Bihar,Jehanabad,28,,30,32,81,113,111,108,75,45,55,NR,194,185,164,NR,NR,51,244,24,18,22,53,NR,NR,39,NR,40,97,660,54,100,24,83,24,40,21,15,55,,,2025-08-27
Bihar,Kaimur,39,,27,33,82,109,110,109,79,47,57,NR,194,173,165,183,120,54,214,20,16,24,45,39,39,37,NR,39,86,714,61,77,35,82,30,32,20,15,52,,,2025-08-27
Bihar,Kishanganj,NR,,NR,NR,NR,NR,NR,NR,NR,NR,NR,NR,NR,NR,NR,NR,NR,NR,NR,NR,NR,NR,NR,NR,NR,NR,NR,NR,NR,NR,NR,NR,NR,NR,NR,NR,NR,NR,NR,,,2025-08-27
Bihar,Lakhisarai,40,,30,40,78,124,129,115,85,47,59,NR,225,174,167,NR,152,52,283,27,20,27,57,55,60,45,43,45,103,674,60,95,40,83,35,39,29,15,40,,,2025-08-27
Bihar,Medhepura,37,,29,35,81,114,114,109,81,47,58,NR,188,160,170,186,143,48,275,22,22,26,61,NR,NR,36,NR,35,103,634,59,80,41,87,34,38,31,14,43,,,2025-08-27
Bihar,Nalanda,35,,32,34,87,138,123,116,83,44,62,213,145,125,118,159,NR,48,390,28,19,24,NR,50,60,45,60,45,95,NR,60,82,40,75,25,30,18,21,60,,,2025-08-27
Bihar,Sheikhpura,38,,30,35,93,124,114,115,80,44,56,NR,148,130,136,137,122,50,245,27,16,25,34,45,NR,38,51,40,110,640,58,70,25,95,30,30,41,13,40,,,2025-08-27
Bihar,Sheohar,39,,27,33,80,117,119,113,77,45,58,170,172,156,171,181,127,50,232,24,22,24,60,NR,NR,36,41,39,109,670,55,75,30,82,27,40,19,13,57,,,2025-08-27
Bihar,Sitamarhi,34,,30,33,80,100,108,103,81,47,58,NR,195,163,158,168,147,48,223,28,18,23,57,42,51,35,35,35,103,711,58,82,44,96,32,36,23,10,48,,,2025-08-27
Bihar,Siwan,34,,28,32,82,96,102,98,77,47,60,167,196,151,153,151,129,54,210,27,19,22,35,47,43,33,51,35,88,742,61,66,26,76,31,41,27,14,48,,,2025-08-27
Bihar,Supaul,39,,29,37,79,116,116,116,76,48,55,NR,192,141,NR,NR,121,54,263,12,19,24,63,NR,NR,36,NR,36,112,580,58,84,43,80,26,56,35,15,55,,,2025-08-27
Bihar,Vaishali,35,,29,34,80,103,117,102,79,46,50,220,180,151,154,203,141,54,207,29,20,25,60,49,49,35,39,39,85,659,55,94,25,77,26,34,17,12,38,,,2025-08-27
Bihar,West Champaran,38,,28,34,81,120,120,110,81,44,56,205,188,167,155,178,113,45,260,20,22,22,49,35,41,33,45,39,105,567,54,76,37,90,51,55,27,17,47,,,2025-08-27
Jharkhand,Ranchi,43,,37,37,82,112,113,111,81,47,58,236,199,145,157,166,129,53,237,28,21,25,65,35,35,39,35,48,110,597,60,84,68,92,43,40,30,14,57,,,2025-08-27
Jharkhand,Gumla,NR,,NR,NR,NR,NR,NR,NR,NR,NR,NR,NR,NR,NR,NR,NR,NR,NR,NR,NR,NR,NR,NR,NR,NR,NR,NR,NR,NR,NR,NR,NR,NR,NR,NR,NR,NR,NR,NR,,,2025-08-27
Jharkhand,Sahibganj,NR,,NR,NR,NR,NR,NR,NR,NR,NR,NR,NR,NR,NR,NR,NR,NR,NR,NR,NR,NR,NR,NR,NR,NR,NR,NR,NR,NR,NR,NR,NR,NR,NR,NR,NR,NR,NR,NR,,,2025-08-27
Jharkhand,Bokaro,34,,35,37,86,132,100,110,86,46,57,189,172,160,164,182,145,51,322,25,28,30,57,NR,NR,33,NR,40,100,709,55,89,29,81,28,42,25,13,60,,,2025-08-27
Jharkhand,Lohardaga,36,,31,36,85,110,125,110,80,45,61,NR,155,129,140,152,127,44,203,26,20,25,40,NR,NR,38,31,40,90,651,56,73,25,80,42,30,27,11,38,,,2025-08-27
Jharkhand,Simdega,NR,,NR,NR,NR,NR,NR,NR,NR,NR,NR,NR,NR,NR,NR,NR,NR,NR,NR,NR,NR,NR,NR,NR,NR,NR,NR,NR,NR,NR,NR,NR,NR,NR,NR,NR,NR,NR,NR,,,2025-08-27
Jharkhand,Dhanbad,40,,35,36,80,106,111,110,81,46,59,242,192,151,170,187,132,53,245,26,20,29,59,35,51,37,51,40,96,718,57,75,47,88,30,41,33,18,49,,,2025-08-27
Jharkhand,Jamshedpur (East Singbhum),40,,35,39,100,121,125,120,90,47,58,220,192,165,154,168,132,58,200,29,21,33,63,32,30,40,59,52,110,604,58,80,75,90,30,32,28,12,50,,,2025-08-27
Jharkhand,Giridhi,NR,,NR,NR,NR,NR,NR,NR,NR,NR,NR,NR,NR,NR,NR,NR,NR,NR,NR,NR,NR,NR,NR,NR,NR,NR,NR,NR,NR,NR,NR,NR,NR,NR,NR,NR,NR,NR,NR,,,2025-08-27
Jharkhand,Seraikella,35,,31,39,80,108,109,108,78,47,60,187,192,155,158,166,113,55,207,28,19,24,60,38,NR,41,NR,43,92,600,60,84,42,80,30,33,25,14,52,,,2025-08-27
Jharkhand,West Singhbhum,NR,,NR,NR,NR,NR,NR,NR,NR,NR,NR,NR,NR,NR,NR,NR,NR,NR,NR,NR,NR,NR,NR,NR,NR,NR,NR,NR,NR,NR,NR,NR,NR,NR,NR,NR,NR,NR,NR,,,2025-08-27
Jharkhand,Daltonganj,NR,,NR,NR,NR,NR,NR,NR,NR,48,60,NR,192,156,162,NR,140,58,285,26,15,20,55,NR,NR,41,56,46,106,644,63,102,50,86,32,38,26,16,46,,,2025-08-27
Jharkhand,Deoghar,40,,35,36,90,110,120,110,80,48,60,176,192,176,170,176,132,50,300,30,18,25,80,50,50,45,60,55,100,769,60,80,30,90,40,40,30,18,40,,,2025-08-27
Jharkhand,Ramgarh,NR,,NR,NR,NR,NR,NR,NR,NR,NR,NR,NR,NR,NR,NR,NR,NR,NR,NR,NR,NR,NR,NR,NR,NR,NR,NR,NR,NR,NR,NR,NR,NR,NR,NR,NR,NR,NR,NR,,,2025-08-27
Jharkhand,Pakur,41,,39,41,79,107,93,95,92,48,60,200,192,172,143,183,152,60,300,27,20,27,65,41,41,48,51,60,95,644,60,80,50,96,25,33,22,15,43,,,2025-08-27
Jharkhand,Jamtara,34,,28,35,85,104,109,111,99,51,60,156,197,144,166,170,148,59,348,28,21,29,79,NR,NR,37,NR,51,89,655,61,83,59,99,49,51,39,15,49,,,2025-08-27
Jharkhand,Latehar,42,,28,35,83,114,108,107,79,52,61,174,209,166,170,NR,138,49,196,32,26,26,71,NR,NR,41,NR,56,113,724,61,89,40,85,46,37,29,16,66,,,2025-08-27
Jharkhand,Godda,NR,,NR,NR,NR,NR,NR,NR,NR,NR,NR,NR,NR,NR,NR,NR,NR,NR,NR,NR,NR,NR,NR,NR,NR,NR,NR,NR,NR,NR,NR,NR,NR,NR,NR,NR,NR,NR,NR,,,2025-08-27
Jharkhand,Koderma,39,,33,36,84,103,108,105,80,46,63,204,202,138,165,189,138,59,197,29,25,25,67,NR,NR,36,NR,38,90,707,64,80,60,82,39,34,20,10,59,,,2025-08-27
Odisha,Bhubaneshwar,40,,36,46,82,100,100,110,80,48,54,NR,200,127,NR,165,147,55,230,27,20,29,50,NR,NR,38,49,44,90,NR,NR,80,50,85,34,30,20,12,50,,,2025-08-27
Odisha,Cuttack,NR,,NR,NR,NR,NR,NR,NR,NR,NR,NR,NR,NR,NR,NR,NR,NR,NR,NR,NR,NR,NR,NR,NR,NR,NR,NR,NR,NR,NR,NR,NR,NR,NR,NR,NR,NR,NR,NR,,,2025-08-27
Odisha,Sambalpur,NR,,NR,NR,NR,NR,NR,NR,NR,NR,NR,NR,NR,NR,NR,NR,NR,NR,NR,NR,NR,NR,NR,NR,NR,NR,NR,NR,NR,NR,NR,NR,NR,NR,NR,NR,NR,NR,NR,,,2025-08-27
Odisha,Rourkela,36,,36,36,83,99,97,97,79,47,54,NR,201,131,130,165,141,54,190,26,21,24,50,37,37,40,40,42,91,529,58,76,47,81,30,32,23,15,50,,,2025-08-27
Odisha,Berhampur,44,,40,40,80,96,99,100,71,50,54,NR,215,153,NR,179,143,55,245,21,20,24,53,NR,NR,38,49,50,84,703,53,70,60,84,35,45,29,14,46,,,2025-08-27
Odisha,Jeypore,45,,40,38,86,100,98,97,81,47,54,NR,201,132,137,166,138,58,237,28,20,25,50,40,40,38,45,42,80,736,60,70,40,75,30,35,20,12,42,,,2025-08-27
Odisha,Balasore,38,,41,45,82,102,98,93,76,46,54,NR,203,163,NR,166,124,59,240,28,20,29,63,NR,NR,42,NR,43,93,620,59,84,62,93,28,40,28,11,45,,,2025-08-27
Odisha,Baripada,37,,37,42,85,107,109,96,80,47,54,NR,189,160,NR,166,143,55,245,26,18,25,49,35,NR,48,44,51,116,687,61,78,57,91,29,42,30,14,61,,,2025-08-27
Odisha,Balangir,39,,37,38,83,100,98,95,80,46,54,NR,207,127,NR,163,121,60,NR,29,23,20,58,NR,NR,38,NR,43,90,714,60,80,48,77,27,35,20,15,40,,,2025-08-27
Odisha,Angul,NR,,NR,NR,NR,NR,NR,NR,NR,NR,NR,NR,NR,NR,NR,NR,NR,NR,NR,NR,NR,NR,NR,NR,NR,NR,NR,NR,NR,NR,NR,NR,NR,NR,NR,NR,NR,NR,NR,,,2025-08-27
Odisha,Boudhgarh,NR,,NR,NR,NR,NR,NR,NR,NR,NR,NR,NR,NR,NR,NR,NR,NR,NR,NR,NR,NR,NR,NR,NR,NR,NR,NR,NR,NR,NR,NR,NR,NR,NR,NR,NR,NR,NR,NR,,,2025-08-27
Odisha,Dhenkanal,40,,35,44,82,100,98,98,84,49,54,NR,207,141,NR,165,143,57,430,29,20,28,70,50,NR,36,50,45,86,696,58,84,60,82,40,30,20,12,50,,,2025-08-27
Odisha,Jagatsinghpur,NR,,NR,NR,NR,NR,NR,NR,NR,NR,NR,NR,NR,NR,NR,NR,NR,NR,NR,NR,NR,NR,NR,NR,NR,NR,NR,NR,NR,NR,NR,NR,NR,NR,NR,NR,NR,NR,NR,,,2025-08-27
Odisha,Kandhamal,NR,,NR,NR,NR,NR,NR,NR,NR,NR,NR,NR,NR,NR,NR,NR,NR,NR,NR,NR,NR,NR,NR,NR,NR,NR,NR,NR,NR,NR,NR,NR,NR,NR,NR,NR,NR,NR,NR,,,2025-08-27
Odisha,Keonjhar,NR,,NR,NR,NR,NR,NR,NR,NR,NR,NR,NR,NR,NR,NR,NR,NR,NR,NR,NR,NR,NR,NR,NR,NR,NR,NR,NR,NR,NR,NR,NR,NR,NR,NR,NR,NR,NR,NR,,,2025-08-27
Odisha,Malkangiri,NR,,NR,NR,NR,NR,NR,NR,NR,NR,NR,NR,NR,NR,NR,NR,NR,NR,NR,NR,NR,NR,NR,NR,NR,NR,NR,NR,NR,NR,NR,NR,NR,NR,NR,NR,NR,NR,NR,,,2025-08-27
Odisha,Nabarangpur,NR,,NR,NR,NR,NR,NR,NR,NR,NR,NR,NR,NR,NR,NR,NR,NR,NR,NR,NR,NR,NR,NR,NR,NR,NR,NR,NR,NR,NR,NR,NR,NR,NR,NR,NR,NR,NR,NR,,,2025-08-27
Odisha,Nayagarh,39,,NR,42,85,117,118,110,85,46,53,NR,205,169,NR,160,134,58,340,26,19,27,57,NR,NR,38,43,43,85,651,58,84,40,85,33,44,24,14,42,,,2025-08-27
Odisha,Nuapada,45,,35,50,90,120,110,120,80,45,54,NR,208,165,NR,170,143,55,240,30,25,25,50,NR,NR,45,40,48,80,769,60,84,50,90,30,30,24,18,50,,,2025-08-27
Odisha,Paralakhemundi Gajapati,NR,,NR,NR,NR,NR,NR,NR,NR,NR,NR,NR,NR,NR,NR,NR,NR,NR,NR,NR,NR,NR,NR,NR,NR,NR,NR,NR,NR,NR,NR,NR,NR,NR,NR,NR,NR,NR,NR,,,2025-08-27
Odisha,Puri,38,,NR,43,85,105,103,99,79,46,55,NR,190,152,NR,164,131,56,279,26,20,25,49,NR,NR,41,NR,43,94,671,60,75,43,86,36,42,26,13,47,,,2025-08-27
Odisha,Rayagada,42,,43,50,87,105,108,106,80,49,56,184,206,140,NR,166,127,55,NR,30,23,27,60,NR,NR,48,39,50,90,731,62,76,43,82,34,35,26,12,48,,,2025-08-27
Odisha,Sonepur,NR,,NR,NR,NR,NR,NR,NR,NR,NR,NR,NR,NR,NR,NR,NR,NR,NR,NR,NR,NR,NR,NR,NR,NR,NR,NR,NR,NR,NR,NR,NR,NR,NR,NR,NR,NR,NR,NR,,,2025-08-27
Odisha,Bhadrak,NR,,NR,NR,NR,NR,NR,NR,NR,NR,NR,NR,NR,NR,NR,NR,NR,NR,NR,NR,NR,NR,NR,NR,NR,NR,NR,NR,NR,NR,NR,NR,NR,NR,NR,NR,NR,NR,NR,,,2025-08-27
Odisha,Jharsuguda,NR,,NR,NR,NR,NR,NR,NR,NR,NR,NR,NR,NR,NR,NR,NR,NR,NR,NR,NR,NR,NR,NR,NR,NR,NR,NR,NR,NR,NR,NR,NR,NR,NR,NR,NR,NR,NR,NR,,,2025-08-27
Odisha,Kendrapara,39,,38,45,85,105,102,100,82,45,54,NR,198,154,NR,159,138,51,280,28,19,25,40,NR,NR,40,56,43,87,692,60,71,35,85,29,36,23,14,50,,,2025-08-27
Odisha,Jajpur,37,,40,43,80,101,107,90,79,46,56,NR,199,177,NR,159,116,55,NR,25,18,25,60,NR,NR,36,NR,41,100,659,54,92,60,85,38,40,22,13,60,,,2025-08-27
Odisha,Kalahandi,41,,37,49,82,111,111,109,84,47,55,NR,210,159,NR,167,129,52,395,29,22,27,67,NR,NR,41,37,49,101,753,NR,84,40,84,27,32,26,13,50,,,2025-08-27
West Bengal,Kolkata,55,,NR,39,88,113,122,113,121,49,58,NR,199,169,150,169,120,67,267,29,20,32,77,NR,NR,40,NR,59,105,775,62,80,70,88,36,29,22,19,55,,,2025-08-27
West Bengal,Siliguri,41,,31,45,90,122,118,113,101,43,64,NR,193,NR,162,165,NR,69,222,13,20,30,72,NR,NR,40,NR,49,94,716,62,86,NR,98,58,36,23,12,41,,,2025-08-27
West Bengal,Purulia,37,,NR,38,84,118,111,105,99,45,57,177,192,158,149,170,141,53,281,27,16,25,62,NR,NR,46,NR,58,111,651,61,75,53,84,31,44,37,20,42,,,2025-08-27
West Bengal,Kharagpur,49,,35,39,85,117,115,118,113,53,65,212,196,141,128,167,121,59,280,30,25,27,58,NR,NR,45,NR,43,97,753,59,84,67,87,35,40,21,16,67,,,2025-08-27
West Bengal,Rampurhat,58,,33,42,87,126,122,110,95,46,56,198,194,154,159,169,111,54,290,26,16,24,60,NR,NR,41,NR,45,78,714,60,71,40,95,36,39,40,14,50,,,2025-08-27
West Bengal,Malda,44,,29,41,91,142,117,120,100,48,58,NR,194,NR,148,177,131,60,318,20,19,27,59,NR,NR,38,NR,61,91,593,60,84,55,100,42,35,30,15,60,,,2025-08-27
West Bengal,Raiganj,41,,27,33,85,118,122,107,110,46,48,187,198,144,136,167,121,57,263,12,17,22,72,NR,NR,37,NR,67,98,630,58,80,48,85,42,28,24,17,62,,,2025-08-27
West Bengal,Alipurduar,39,,NR,42,81,130,109,111,98,48,65,NR,189,NR,150,180,120,61,240,12,17,28,54,NR,NR,44,NR,47,84,673,62,79,26,99,27,34,28,12,47,,,2025-08-27
West Bengal,Asansol,53,,NR,39,88,109,114,111,93,48,67,NR,188,153,146,165,151,53,338,28,18,30,77,NR,NR,38,NR,48,98,713,58,82,55,75,46,40,40,16,45,,,2025-08-27
West Bengal,Balurghat,50,,29,37,92,123,123,111,108,48,50,NR,201,155,135,170,124,45,351,29,20,25,77,NR,NR,54,NR,55,81,650,59,84,60,98,39,31,25,15,60,,,2025-08-27
West Bengal,Bankura,40,,NR,37,90,121,121,117,98,48,61,NR,198,NR,132,176,126,59,283,22,17,25,64,NR,NR,35,NR,61,97,577,62,80,67,90,30,35,28,13,43,,,2025-08-27
West Bengal,Barasat,51,,32,41,93,128,115,111,117,46,55,195,199,189,153,167,146,60,270,26,19,28,63,56,55,38,65,54,75,632,57,74,64,85,37,33,23,12,34,,,2025-08-27
West Bengal,Bardhaman,54,,NR,41,83,115,115,118,124,47,58,227,194,150,130,169,133,51,309,27,17,26,60,NR,NR,37,NR,44,95,730,59,79,52,95,35,32,23,13,58,,,2025-08-27
West Bengal,Baruipur,NR,,NR,NR,NR,NR,NR,NR,NR,NR,NR,NR,NR,NR,NR,NR,NR,NR,NR,NR,NR,NR,NR,NR,NR,NR,NR,NR,NR,NR,NR,NR,NR,NR,NR,NR,NR,NR,NR,,,2025-08-27
West Bengal,Berhampore,46,,30,40,87,111,112,116,99,49,60,NR,189,160,153,175,144,49,273,24,19,25,58,NR,NR,36,NR,62,87,617,58,78,47,88,30,31,25,13,38,,,2025-08-27
West Bengal,Chinsurah,55,,NR,41,85,115,125,115,103,49,57,NR,181,146,159,183,109,55,291,28,18,29,61,NR,NR,35,NR,61,83,578,61,78,48,88,38,37,26,14,61,,,2025-08-27
West Bengal,Cooch behar,50,,NR,40,96,138,116,115,104,48,60,NR,203,164,153,181,132,70,300,30,19,31,79,57,54,40,50,40,139,659,60,80,42,109,50,39,39,15,59,,,2025-08-27
West Bengal,Howrah,57,,NR,38,101,129,110,129,125,50,62,NR,198,199,155,173,NR,70,240,28,19,34,68,NR,NR,NR,NR,60,110,714,59,72,99,115,36,36,28,15,63,,,2025-08-27
West Bengal,Jalapiguri,44,,35,47,92,130,142,112,132,53,78,NR,200,145,161,176,122,62,300,28,24,30,78,NR,NR,36,NR,60,102,707,61,84,42,100,55,33,29,15,62,,,2025-08-27
West Bengal,Jhargram,41,,NR,37,101,121,116,121,113,46,61,NR,189,148,148,170,128,51,292,28,17,21,62,NR,NR,35,NR,59,90,672,61,84,62,81,37,38,25,15,46,,,2025-08-27
West Bengal,Kalimpong,45,,35,35,81,150,125,118,100,46,67,NR,174,136,141,181,NR,62,387,16,25,33,74,NR,NR,39,44,41,99,723,NR,91,59,101,70,50,31,19,46,,,2025-08-27
West Bengal,Krishnagar,45,,NR,40,97,130,108,110,107,44,54,NR,174,155,146,155,138,47,255,27,22,28,63,NR,NR,35,NR,55,NR,557,55,80,90,82,25,31,31,17,40,,,2025-08-27
West Bengal,Tamluk,54,,NR,48,98,120,120,122,133,51,58,NR,197,NR,143,166,NR,60,297,28,19,30,80,NR,NR,38,NR,60,113,729,61,80,80,98,37,35,28,14,39,,,2025-08-27
NORTH EAST ZONE,NORTH EAST ZONE,,,,,,,,,,,,,,,,,,,,,,,,,,,,,,,,,,,,,,,,,,2025-08-27
Andaman and Nicobar,Port Blair,NR,,NR,NR,NR,NR,NR,NR,NR,NR,NR,NR,NR,NR,NR,NR,NR,NR,NR,NR,NR,NR,NR,NR,NR,NR,NR,NR,NR,NR,NR,NR,NR,NR,NR,NR,NR,NR,NR,,,2025-08-27
Andaman and Nicobar,Mayabunder,NR,,NR,NR,NR,NR,NR,NR,NR,NR,NR,NR,NR,NR,NR,NR,NR,NR,NR,NR,NR,NR,NR,NR,NR,NR,NR,NR,NR,NR,NR,NR,NR,NR,NR,NR,NR,NR,NR,,,2025-08-27
Andaman and Nicobar,Car Nicobar,NR,,NR,NR,NR,NR,NR,NR,NR,NR,NR,NR,NR,NR,NR,NR,NR,NR,NR,NR,NR,NR,NR,NR,NR,NR,NR,NR,NR,NR,NR,NR,NR,NR,NR,NR,NR,NR,NR,,,2025-08-27
Arunachal pradesh,Itanagar,39,,NR,44,91,143,130,120,90,50,74,NR,NR,176,149,NR,NR,75,400,17,26,36,35,NR,NR,45,NR,52,99,702,57,83,42,79,57,53,30,17,69,,,2025-08-27
Arunachal pradesh,Namsai,36,,NR,42,90,120,120,120,93,50,76,NR,165,NR,187,165,NR,80,277,15,25,30,60,NR,NR,50,NR,60,120,660,59,96,23,80,50,30,28,18,50,,,2025-08-27
Arunachal pradesh,Pasighat,50,,NR,50,100,130,130,100,100,60,78,176,220,165,172,169,NR,90,400,20,30,40,67,NR,NR,50,NR,53,73,692,59,100,70,100,75,83,43,15,60,,,2025-08-27
Arunachal pradesh,Tawang,45,,45,45,100,142,140,137,98,57,73,NR,208,120,137,165,NR,100,340,20,41,42,52,NR,NR,42,NR,53,93,684,57,92,50,98,28,83,30,28,62,,,2025-08-27
Assam,Guwahati,39,,33,40,81,108,95,100,90,49,70,223,210,165,154,170,143,60,220,13,22,33,63,NR,NR,42,NR,44,NR,NR,NR,81,40,NR,37,NR,22,19,80,,,2025-08-27
Assam,Barpeta,35,,41,39,85,113,95,102,82,49,74,198,213,139,154,164,132,62,252,10,21,29,39,49,43,42,97,52,83,705,63,79,33,83,38,33,28,18,57,,,2025-08-27
Assam,Tinsukia,34,,34,40,86,110,85,105,90,50,77,NR,220,187,170,181,NR,65,200,10,18,30,55,NR,NR,45,NR,45,95,736,64,84,35,80,35,35,25,20,40,,,2025-08-27
Assam,Dhubri,NR,,NR,NR,NR,NR,NR,NR,NR,NR,NR,NR,NR,NR,NR,NR,NR,NR,NR,NR,NR,NR,NR,NR,NR,NR,NR,NR,NR,NR,NR,NR,NR,NR,NR,NR,NR,NR,NR,,,2025-08-27
Assam,Goalpara,42,,32,39,91,136,120,111,88,48,59,NR,184,161,151,164,158,51,258,10,18,30,38,NR,NR,38,NR,54,97,677,60,80,40,97,41,31,31,18,57,,,2025-08-27
Assam,Golaghat,47,,34,42,90,130,90,110,95,50,NR,NR,156,146,148,146,145,73,283,14,21,30,47,NR,NR,NR,NR,NR,NR,NR,NR,94,48,70,45,NR,25,16,62,,,2025-08-27
Assam,Mangaldai,45,,33,38,78,107,95,110,87,48,70,NR,189,145,141,160,164,60,269,12,19,35,50,NR,NR,39,NR,42,NR,NR,NR,84,30,NR,NR,NR,30,17,65,,,2025-08-27
Assam,Mushalpur,40,,38,36,91,129,95,118,90,49,73,NR,211,144,152,148,144,50,243,10,20,30,73,NR,NR,37,NR,50,82,817,60,80,36,87,29,NR,23,15,57,,,2025-08-27
Assam,Udalguri,41,,NR,41,99,129,97,107,85,45,75,NR,213,NR,145,172,145,58,260,11,19,33,46,NR,NR,38,NR,38,73,687,NR,79,27,80,42,NR,21,13,52,,,2025-08-27
Assam,Bajali,36,,33,40,90,130,105,115,90,48,70,164,209,NR,159,183,137,59,363,10,20,33,55,NR,NR,36,103,45,85,802,60,102,33,90,61,60,32,25,65,,,2025-08-27
Assam,Hojai,36,,NR,39,88,110,102,100,90,49,62,NR,199,146,136,173,152,70,240,12,20,30,63,NR,NR,39,NR,42,82,672,57,84,30,101,33,40,30,11,48,,,2025-08-27
Assam,Jorhat,40,,36,38,85,115,115,108,106,50,74,181,213,161,154,161,132,60,208,12,20,27,50,NR,NR,55,NR,54,78,NR,NR,92,40,NR,NR,NR,NR,12,53,,,2025-08-27
Assam,Bongaigaon,44,,NR,35,82,112,97,110,90,47,70,NR,184,152,150,165,NR,60,322,10,20,30,56,NR,NR,37,NR,60,76,NR,NR,84,40,NR,40,NR,30,18,55,,,2025-08-27
Assam,Morigaon,40,,40,40,85,125,119,110,95,47,74,187,200,168,159,170,143,60,240,10,23,30,67,50,NR,41,NR,50,105,674,60,80,58,75,45,40,25,15,70,,,2025-08-27
Assam,Sonari,40,,38,40,95,115,NR,115,100,48,77,NR,197,NR,154,NR,NR,71,220,12,19,30,57,NR,NR,37,NR,60,95,NR,NR,81,45,75,43,42,30,15,52,,,2025-08-27
Assam,Tamulpur,37,,38,39,88,122,105,111,89,49,77,NR,192,148,145,NR,115,60,263,10,20,35,40,NR,NR,38,NR,52,80,741,NR,85,30,NR,NR,NR,22,10,58,,,2025-08-27
Assam,Sivasagar,49,,41,50,90,127,118,108,105,48,77,NR,212,202,176,192,153,58,253,11,24,27,62,33,63,54,NR,58,90,679,62,93,40,83,37,56,33,11,50,,,2025-08-27
Assam,Biswanath Chariali,NR,,NR,NR,NR,NR,NR,NR,NR,NR,NR,NR,NR,NR,NR,NR,NR,NR,NR,NR,NR,NR,NR,NR,NR,NR,NR,NR,NR,NR,NR,NR,NR,NR,NR,NR,NR,NR,NR,,,2025-08-27
Assam,Dibrugarh,37,,NR,38,93,119,118,109,103,49,74,NR,211,152,175,187,NR,60,253,15,22,32,67,NR,NR,41,NR,57,93,775,60,95,55,82,39,43,30,13,65,,,2025-08-27
Assam,Karimganj,37,,NR,40,82,118,120,103,81,48,75,NR,207,NR,126,183,NR,70,235,14,20,28,60,NR,NR,40,NR,65,130,NR,60,90,50,NR,37,NR,26,15,48,,,2025-08-27
Assam,Majuli,47,,NR,36,102,130,91,118,97,50,70,NR,187,NR,131,NR,NR,60,260,15,25,34,46,NR,NR,40,NR,42,113,NR,NR,84,40,70,45,NR,35,15,40,,,2025-08-27
Assam,Sonitpur Tezpur,37,,30,41,87,115,100,112,85,47,69,163,147,167,142,162,120,49,310,10,20,25,47,NR,NR,40,NR,45,80,749,62,84,40,96,50,60,30,17,80,,,2025-08-27
Assam,Haflong,35,,NR,45,90,130,NR,115,90,50,74,NR,187,NR,137,198,NR,80,270,15,25,40,40,NR,NR,44,NR,45,90,758,60,90,40,110,40,40,25,19,80,,,2025-08-27
Assam,AS-Lakhimpur,39,,NR,41,86,112,105,112,92,49,72,NR,181,156,156,161,NR,56,188,15,19,28,48,NR,NR,41,NR,42,88,606,59,76,48,81,37,58,32,13,48,,,2025-08-27
Assam,Diphu,39,,NR,39,90,112,110,111,90,49,74,NR,189,NR,137,NR,124,80,242,13,20,35,57,45,60,40,65,63,110,714,62,90,27,88,55,40,29,14,60,,,2025-08-27
Assam,Nalbari,38,,NR,40,85,130,94,110,85,48,72,NR,211,145,165,176,156,56,303,10,20,30,40,NR,NR,40,NR,44,78,820,62,84,40,80,43,50,30,15,62,,,2025-08-27
Assam,South Salmara Mankachar,38,,39,39,81,142,NR,116,80,47,73,NR,199,181,170,181,143,60,230,11,30,31,NR,83,85,41,NR,61,NR,807,59,84,40,75,41,47,38,21,56,,,2025-08-27
Assam,Kamrup,38,,NR,38,86,119,89,104,85,47,70,NR,218,NR,174,190,122,53,213,15,20,31,42,NR,NR,38,NR,45,80,NR,58,84,35,NR,42,NR,24,15,53,,,2025-08-27
Manipur,Imphal,51,,47,44,103,128,127,118,97,57,NR,152,209,219,174,198,160,93,270,25,29,41,63,52,66,47,72,79,79,765,NR,95,74,82,36,34,18,14,54,,,2025-08-27
Manipur,Chandel,NR,,NR,NR,NR,NR,NR,NR,NR,NR,NR,NR,NR,NR,NR,NR,NR,NR,NR,NR,NR,NR,NR,NR,NR,NR,NR,NR,NR,NR,NR,NR,NR,NR,NR,NR,NR,NR,NR,,,2025-08-27
Manipur,Jiribam,NR,,NR,NR,NR,NR,NR,NR,NR,NR,NR,NR,NR,NR,NR,NR,NR,NR,NR,NR,NR,NR,NR,NR,NR,NR,NR,NR,NR,NR,NR,NR,NR,NR,NR,NR,NR,NR,NR,,,2025-08-27
Manipur,Kangpokpi,NR,,NR,NR,NR,NR,NR,NR,NR,NR,NR,NR,NR,NR,NR,NR,NR,NR,NR,NR,NR,NR,NR,NR,NR,NR,NR,NR,NR,NR,NR,NR,NR,NR,NR,NR,NR,NR,NR,,,2025-08-27
Manipur,Senapati,NR,,NR,NR,NR,NR,NR,NR,NR,NR,NR,NR,NR,NR,NR,NR,NR,NR,NR,NR,NR,NR,NR,NR,NR,NR,NR,NR,NR,NR,NR,NR,NR,NR,NR,NR,NR,NR,NR,,,2025-08-27
Manipur,Tamenglong,NR,,NR,NR,NR,NR,NR,NR,NR,NR,NR,NR,NR,NR,NR,NR,NR,NR,NR,NR,NR,NR,NR,NR,NR,NR,NR,NR,NR,NR,NR,NR,NR,NR,NR,NR,NR,NR,NR,,,2025-08-27
Manipur,Thoubal,NR,,NR,NR,NR,NR,NR,NR,NR,NR,NR,NR,NR,NR,NR,NR,NR,NR,NR,NR,NR,NR,NR,NR,NR,NR,NR,NR,NR,NR,NR,NR,NR,NR,NR,NR,NR,NR,NR,,,2025-08-27
Manipur,Ukhrul,NR,,NR,NR,NR,NR,NR,NR,NR,NR,NR,NR,NR,NR,NR,NR,NR,NR,NR,NR,NR,NR,NR,NR,NR,NR,NR,NR,NR,NR,NR,NR,NR,NR,NR,NR,NR,NR,NR,,,2025-08-27
Meghalaya,Shillong,38,,40,39,93,143,127,120,88,49,77,NR,187,187,139,NR,NR,67,320,30,25,40,53,NR,NR,40,NR,40,117,680,60,81,53,80,47,53,27,21,87,,,2025-08-27
Meghalaya,Tura,36,,NR,42,100,137,NR,118,90,49,77,NR,183,NR,174,189,132,80,293,18,27,40,53,NR,NR,42,NR,60,90,714,58,84,50,73,50,53,27,20,70,,,2025-08-27
Meghalaya,Jowai,37,,40,40,90,NR,NR,120,87,49,74,NR,154,NR,152,NR,NR,80,360,15,25,38,53,NR,NR,40,NR,40,88,651,62,78,50,80,50,40,30,16,73,,,2025-08-27
Meghalaya,Sohra,NR,,NR,NR,NR,NR,NR,NR,NR,NR,NR,NR,NR,NR,NR,NR,NR,NR,NR,NR,NR,NR,NR,NR,NR,NR,NR,NR,NR,NR,NR,NR,NR,NR,NR,NR,NR,NR,NR,,,2025-08-27
Meghalaya,Mairang,38,,45,43,NR,NR,NR,120,90,50,74,NR,159,NR,154,NR,NR,NR,380,17,25,40,50,NR,NR,45,NR,45,110,NR,60,84,70,84,60,60,31,20,98,,,2025-08-27
Meghalaya,Nongpoh,35,,NR,42,88,140,NR,122,88,52,77,NR,156,NR,154,NR,NR,70,353,15,25,40,57,NR,NR,40,NR,43,95,651,62,88,57,83,50,65,32,19,77,,,2025-08-27
Meghalaya,Khliehriat,39,,41,40,93,137,NR,115,84,49,75,NR,156,NR,154,NR,NR,NR,320,30,28,38,47,NR,NR,41,NR,44,77,NR,60,78,43,78,58,43,28,15,77,,,2025-08-27
Meghalaya,Williamnagar,35,,40,35,110,150,NR,120,90,50,70,NR,197,NR,186,NR,164,80,320,15,25,45,60,NR,NR,38,NR,65,90,749,57,84,55,80,40,70,20,20,80,,,2025-08-27
Meghalaya,Nongstoin,35,,42,42,NR,NR,NR,120,87,50,73,NR,154,NR,154,NR,NR,NR,347,15,25,40,50,NR,NR,43,NR,45,107,651,62,80,52,80,52,55,26,15,82,,,2025-08-27
Meghalaya,Mawkyrwat,35,,45,45,NR,NR,NR,120,80,50,74,NR,143,NR,137,NR,NR,NR,370,16,26,38,66,NR,NR,35,NR,45,107,703,60,88,60,91,50,40,40,16,77,,,2025-08-27
Mizoram,Aizawl,50,,42,50,107,153,130,133,93,50,80,254,242,231,143,231,137,100,520,30,47,45,77,NR,NR,50,NR,70,90,703,60,90,78,90,100,90,60,40,78,,,2025-08-27
Mizoram,Lunglei,55,,40,50,117,NR,153,140,100,55,85,NR,231,220,143,253,NR,97,460,30,37,60,90,NR,NR,50,NR,92,107,681,60,100,60,100,100,67,42,20,90,,,2025-08-27
Mizoram,Kolasib,49,,40,43,95,160,130,128,92,55,80,NR,204,NR,135,164,143,100,470,30,40,40,80,NR,40,43,NR,78,137,659,60,90,70,92,100,83,40,35,50,,,2025-08-27
Mizoram,Mamit,48,,NR,46,105,154,NR,108,95,50,80,NR,207,NR,143,NR,NR,128,420,30,28,50,100,NR,NR,45,NR,93,95,537,59,95,44,98,NR,88,53,40,68,,,2025-08-27
Mizoram,Champhai,45,,35,45,90,140,NR,127,100,57,80,NR,167,209,159,NR,NR,93,520,30,60,58,70,NR,NR,45,NR,80,90,576,60,108,55,97,NR,NR,68,40,70,,,2025-08-27
Mizoram,Serchhip,45,,NR,49,107,NR,NR,130,100,50,80,NR,242,NR,143,NR,143,100,520,30,37,50,100,NR,NR,55,NR,80,160,633,60,96,53,107,80,90,30,23,60,,,2025-08-27
Mizoram,Siaha,55,,NR,50,103,157,138,148,102,55,80,NR,242,219,147,NR,110,100,250,30,40,52,NR,NR,NR,50,100,95,110,631,60,100,100,80,NR,60,60,40,93,,,2025-08-27
Mizoram,Lawngtlai,50,,45,50,100,160,140,140,100,50,80,NR,242,NR,143,NR,121,110,480,30,40,60,90,NR,NR,50,NR,80,140,660,60,100,80,100,NR,90,60,40,100,,,2025-08-27
Mizoram,Hnahthial,53,,45,50,NR,153,157,133,103,52,84,NR,231,NR,139,NR,NR,125,500,30,40,50,113,NR,NR,50,NR,90,140,620,60,100,60,90,NR,90,50,20,85,,,2025-08-27
Mizoram,Khawzawl,52,,35,48,93,NR,132,122,100,50,82,NR,218,148,154,143,132,127,452,30,45,53,87,NR,NR,47,NR,78,100,615,60,98,53,98,NR,85,58,42,83,,,2025-08-27
Mizoram,Saitual,54,,45,50,100,NR,140,NR,100,55,80,NR,209,NR,147,NR,NR,120,513,30,35,50,120,NR,NR,50,NR,90,100,NR,58,95,80,100,NR,90,50,22,80,,,2025-08-27
Nagaland,Kohima,50,,45,45,100,170,130,120,90,50,76,NR,154,198,165,NR,NR,NR,340,20,30,50,80,NR,NR,45,NR,90,90,703,60,86,55,100,80,65,50,15,70,,,2025-08-27
Nagaland,Dimapur,45,,44,50,70,160,112,120,90,55,80,209,165,220,187,209,169,80,350,20,25,35,43,NR,NR,45,NR,100,160,769,67,80,35,75,75,80,50,15,80,,,2025-08-27
Nagaland,Tuensang,37,,38,55,100,NR,NR,120,95,50,NR,NR,176,NR,181,NR,NR,NR,NR,20,20,40,40,NR,NR,50,NR,50,100,NR,58,92,42,100,35,90,50,30,60,,,2025-08-27
Nagaland,Mokochung,46,,NR,58,120,160,140,120,90,50,74,NR,154,181,165,209,NR,80,340,15,30,50,70,NR,NR,60,NR,70,120,714,60,90,40,100,70,70,40,20,52,,,2025-08-27
Nagaland,Chumukedima,40,,NR,36,90,143,120,112,92,50,70,NR,249,202,187,198,NR,78,318,18,22,48,50,NR,NR,40,NR,83,127,657,70,112,48,93,NR,77,37,32,52,,,2025-08-27
Nagaland,Mon,40,,NR,60,100,NR,NR,125,100,50,70,NR,154,NR,165,NR,NR,80,340,18,20,50,65,NR,NR,60,NR,70,NR,NR,60,80,50,NR,NR,65,45,20,50,,,2025-08-27
Nagaland,Peren,38,,45,45,90,NR,120,120,90,50,70,NR,148,NR,164,NR,NR,90,320,20,25,50,60,NR,NR,57,NR,70,113,651,60,96,47,85,40,70,43,20,50,,,2025-08-27
Nagaland,Phek,40,,50,50,100,150,140,130,100,50,72,NR,163,NR,165,NR,NR,80,350,20,NR,50,57,NR,NR,50,NR,100,100,630,68,NR,60,100,60,63,56,30,40,,,2025-08-27
Nagaland,Tseminyu,50,,NR,57,NR,NR,NR,137,100,55,70,NR,161,NR,163,NR,NR,NR,377,15,30,43,66,NR,NR,53,NR,80,90,714,60,87,50,NR,NR,90,42,19,NR,,,2025-08-27
Nagaland,Wokha,53,,NR,68,98,NR,NR,120,98,50,74,NR,158,NR,158,NR,NR,NR,300,15,30,40,70,NR,NR,70,NR,80,100,692,60,84,50,100,60,65,40,15,70,,,2025-08-27
Nagaland,Zunheboto,55,,NR,50,NR,140,NR,110,90,45,75,NR,165,NR,154,NR,NR,60,240,18,30,50,60,NR,NR,55,NR,75,NR,703,NR,82,60,120,30,70,40,25,60,,,2025-08-27
Nagaland,Kiphire,38,,NR,60,120,150,140,120,90,55,70,NR,148,NR,165,NR,NR,75,345,18,28,45,45,NR,NR,45,NR,85,95,648,65,80,55,90,80,75,55,15,40,,,2025-08-27
Nagaland,Longleng,38,,40,50,NR,150,NR,120,100,50,75,NR,163,NR,165,NR,NR,80,350,20,25,48,50,NR,NR,62,NR,72,120,720,60,96,70,120,40,75,50,17,50,,,2025-08-27
Nagaland,Niuland,38,,NR,40,NR,145,120,120,85,50,65,NR,154,NR,154,NR,NR,NR,330,15,25,40,60,NR,NR,40,NR,60,90,NR,60,84,35,NR,40,55,40,15,30,,,2025-08-27
Nagaland,Shamator,40,,50,60,107,150,NR,100,100,50,80,NR,165,NR,165,NR,NR,80,357,20,30,45,75,NR,NR,60,NR,80,127,688,60,90,45,100,NR,95,50,20,60,,,2025-08-27
Nagaland,Noklak,40,,50,63,120,NR,NR,140,100,55,80,NR,165,NR,176,NR,132,80,NR,20,30,60,77,NR,NR,60,NR,82,130,769,59,91,58,100,62,73,35,20,50,,,2025-08-27
Sikkim,Gangtok,45,,38,40,100,NR,NR,120,90,50,65,NR,209,142,137,198,NR,60,280,20,30,35,70,NR,NR,45,NR,70,120,680,62,96,60,77,50,60,30,23,70,,,2025-08-27
Sikkim,Gyalshing,45,,36,38,90,NR,NR,120,95,50,68,NR,220,143,165,187,NR,60,300,20,30,35,80,NR,NR,40,NR,70,120,680,62,86,70,85,55,35,25,15,60,,,2025-08-27
Sikkim,Namchi,45,,40,40,90,NR,NR,120,100,50,68,NR,220,165,148,192,NR,60,360,23,30,30,80,NR,NR,40,NR,80,120,747,62,80,70,90,50,60,30,15,70,,,2025-08-27
Sikkim,Soreng,45,,40,45,90,NR,NR,120,100,55,68,NR,220,159,165,NR,NR,60,350,20,30,40,80,NR,NR,45,40,80,120,651,62,96,70,100,70,50,30,19,70,,,2025-08-27
Sikkim,Mangan,45,,38,40,100,NR,NR,130,90,55,68,NR,220,154,170,NR,NR,60,460,20,30,40,90,NR,NR,40,NR,70,120,792,62,96,60,90,42,50,30,23,70,,,2025-08-27
Sikkim,Pakyong,54,,40,40,110,NR,NR,130,95,55,68,NR,220,148,176,176,NR,NR,300,24,30,40,80,NR,NR,45,NR,70,120,747,62,96,70,90,50,60,30,23,80,,,2025-08-27
Tripura,Agartala,39,,NR,40,87,111,114,100,117,51,75,NR,203,170,168,198,153,70,237,10,20,30,57,NR,NR,40,NR,50,90,674,61,90,60,97,45,41,27,13,70,,,2025-08-27
Tripura,Dharmanagar,37,,NR,43,87,116,117,103,119,52,75,NR,187,NR,137,NR,128,64,240,10,22,30,52,NR,NR,42,NR,45,95,710,60,92,53,93,43,40,26,14,68,,,2025-08-27
Tripura,Belonia,41,,NR,42,90,115,118,105,120,54,80,NR,205,NR,170,200,155,75,245,13,22,32,60,NR,NR,44,NR,52,95,681,62,92,65,100,46,44,31,15,80,,,2025-08-27
Tripura,TR-Udaipur,40,,NR,42,90,113,116,102,119,52,76,NR,205,174,172,200,154,75,239,10,23,32,63,NR,NR,42,NR,50,95,687,63,92,65,100,46,42,32,14,73,,,2025-08-27
SOUTH ZONE,SOUTH ZONE,,,,,,,,,,,,,,,,,,,,,,,,,,,,,,,,,,,,,,,,,,2025-08-27
Andhra Pradesh,Vijaywada,46,,43,45,85,105,107,108,89,46,60,170,156,148,NR,160,126,54,287,16,31,23,39,41,43,42,52,45,95,586,58,68,23,88,22,39,23,18,48,,,2025-08-27
Andhra Pradesh,Visakhapatnam,45,,40,42,82,104,104,105,84,45,58,169,187,146,141,158,121,52,280,15,23,25,52,40,40,41,45,43,89,659,57,70,33,83,31,36,20,15,45,,,2025-08-27
Andhra Pradesh,Kurnool,48,,41,43,81,101,102,107,89,44,58,166,196,125,130,162,118,53,313,19,27,21,29,38,37,41,51,42,89,765,61,67,35,84,34,37,21,13,31,,,2025-08-27
Andhra Pradesh,Tirupathi,NR,,NR,NR,NR,NR,NR,NR,NR,NR,NR,NR,NR,NR,NR,NR,NR,NR,NR,NR,NR,NR,NR,NR,NR,NR,NR,NR,NR,NR,NR,NR,NR,NR,NR,NR,NR,NR,NR,,,2025-08-27
Andhra Pradesh,Jammalamadugu,NR,,NR,NR,NR,NR,NR,NR,NR,NR,NR,NR,NR,NR,NR,NR,NR,NR,NR,NR,NR,NR,NR,NR,NR,NR,NR,NR,NR,NR,NR,NR,NR,NR,NR,NR,NR,NR,NR,,,2025-08-27
Andhra Pradesh,Dharmavaram,NR,,NR,NR,NR,NR,NR,NR,NR,NR,NR,NR,NR,NR,NR,NR,NR,NR,NR,NR,NR,NR,NR,NR,NR,NR,NR,NR,NR,NR,NR,NR,NR,NR,NR,NR,NR,NR,NR,,,2025-08-27
Andhra Pradesh,Ongole,NR,,NR,NR,NR,NR,NR,NR,NR,NR,NR,NR,NR,NR,NR,NR,NR,NR,NR,NR,NR,NR,NR,NR,NR,NR,NR,NR,NR,NR,NR,NR,NR,NR,NR,NR,NR,NR,NR,,,2025-08-27
Andhra Pradesh,Bapatla,NR,,NR,NR,NR,NR,NR,NR,NR,NR,NR,NR,NR,NR,NR,NR,NR,NR,NR,NR,NR,NR,NR,NR,NR,NR,NR,NR,NR,NR,NR,NR,NR,NR,NR,NR,NR,NR,NR,,,2025-08-27
Andhra Pradesh,Rajahmundry,48,,43,43,82,100,94,103,86,45,50,170,190,135,NR,162,124,53,296,20,24,25,37,43,45,42,45,44,92,534,51,66,43,87,34,34,16,13,43,,,2025-08-27
Andhra Pradesh,Eluru,NR,,NR,NR,NR,NR,NR,NR,NR,NR,NR,NR,NR,NR,NR,NR,NR,NR,NR,NR,NR,NR,NR,NR,NR,NR,NR,NR,NR,NR,NR,NR,NR,NR,NR,NR,NR,NR,NR,,,2025-08-27
Andhra Pradesh,Guntur,NR,,NR,NR,NR,NR,NR,NR,NR,NR,NR,NR,NR,NR,NR,NR,NR,NR,NR,NR,NR,NR,NR,NR,NR,NR,NR,NR,NR,NR,NR,NR,NR,NR,NR,NR,NR,NR,NR,,,2025-08-27
Andhra Pradesh,Amalapuram,NR,,NR,NR,NR,NR,NR,NR,NR,NR,NR,NR,NR,NR,NR,NR,NR,NR,NR,NR,NR,NR,NR,NR,NR,NR,NR,NR,NR,NR,NR,NR,NR,NR,NR,NR,NR,NR,NR,,,2025-08-27
Andhra Pradesh,Nandyala,49,,42,41,83,101,105,109,86,45,58,172,187,147,154,164,132,55,262,15,25,25,34,33,35,41,43,41,86,714,64,71,25,79,28,37,16,16,27,,,2025-08-27
Andhra Pradesh,Parvathipuram,NR,,NR,NR,NR,NR,NR,NR,NR,NR,NR,NR,NR,NR,NR,NR,NR,NR,NR,NR,NR,NR,NR,NR,NR,NR,NR,NR,NR,NR,NR,NR,NR,NR,NR,NR,NR,NR,NR,,,2025-08-27
Andhra Pradesh,Sri Sathya Sai,NR,,NR,NR,NR,NR,NR,NR,NR,NR,NR,NR,NR,NR,NR,NR,NR,NR,NR,NR,NR,NR,NR,NR,NR,NR,NR,NR,NR,NR,NR,NR,NR,NR,NR,NR,NR,NR,NR,,,2025-08-27
Andhra Pradesh,Nellore,NR,,NR,NR,NR,NR,NR,NR,NR,NR,NR,NR,NR,NR,NR,NR,NR,NR,NR,NR,NR,NR,NR,NR,NR,NR,NR,NR,NR,NR,NR,NR,NR,NR,NR,NR,NR,NR,NR,,,2025-08-27
Andhra Pradesh,Srikakulam,NR,,NR,NR,NR,NR,NR,NR,NR,NR,NR,NR,NR,NR,NR,NR,NR,NR,NR,NR,NR,NR,NR,NR,NR,NR,NR,NR,NR,NR,NR,NR,NR,NR,NR,NR,NR,NR,NR,,,2025-08-27
Andhra Pradesh,Vizianagaram,NR,,NR,NR,NR,NR,NR,NR,NR,NR,NR,NR,NR,NR,NR,NR,NR,NR,NR,NR,NR,NR,NR,NR,NR,NR,NR,NR,NR,NR,NR,NR,NR,NR,NR,NR,NR,NR,NR,,,2025-08-27
Andhra Pradesh,Anakapalli,NR,,NR,NR,NR,NR,NR,NR,NR,NR,NR,NR,NR,NR,NR,NR,NR,NR,NR,NR,NR,NR,NR,NR,NR,NR,NR,NR,NR,NR,NR,NR,NR,NR,NR,NR,NR,NR,NR,,,2025-08-27
Andhra Pradesh,Bhimavaram,NR,,NR,NR,NR,NR,NR,NR,NR,NR,NR,NR,NR,NR,NR,NR,NR,NR,NR,NR,NR,NR,NR,NR,NR,NR,NR,NR,NR,NR,NR,NR,NR,NR,NR,NR,NR,NR,NR,,,2025-08-27
Andhra Pradesh,Chittoor,NR,,NR,NR,NR,NR,NR,NR,NR,NR,NR,NR,NR,NR,NR,NR,NR,NR,NR,NR,NR,NR,NR,NR,NR,NR,NR,NR,NR,NR,NR,NR,NR,NR,NR,NR,NR,NR,NR,,,2025-08-27
Andhra Pradesh,Kakinada,NR,,NR,NR,NR,NR,NR,NR,NR,NR,NR,NR,NR,NR,NR,NR,NR,NR,NR,NR,NR,NR,NR,NR,NR,NR,NR,NR,NR,NR,NR,NR,NR,NR,NR,NR,NR,NR,NR,,,2025-08-27
Andhra Pradesh,Machilipatnam,NR,,NR,NR,NR,NR,NR,NR,NR,NR,NR,NR,NR,NR,NR,NR,NR,NR,NR,NR,NR,NR,NR,NR,NR,NR,NR,NR,NR,NR,NR,NR,NR,NR,NR,NR,NR,NR,NR,,,2025-08-27
Andhra Pradesh,Narasaraopeta,NR,,NR,NR,NR,NR,NR,NR,NR,NR,NR,NR,NR,NR,NR,NR,NR,NR,NR,NR,NR,NR,NR,NR,NR,NR,NR,NR,NR,NR,NR,NR,NR,NR,NR,NR,NR,NR,NR,,,2025-08-27
Andhra Pradesh,Paderu,NR,,NR,NR,NR,NR,NR,NR,NR,NR,NR,NR,NR,NR,NR,NR,NR,NR,NR,NR,NR,NR,NR,NR,NR,NR,NR,NR,NR,NR,NR,NR,NR,NR,NR,NR,NR,NR,NR,,,2025-08-27
Andhra Pradesh,Rayachoti,NR,,NR,NR,NR,NR,NR,NR,NR,NR,NR,NR,NR,NR,NR,NR,NR,NR,NR,NR,NR,NR,NR,NR,NR,NR,NR,NR,NR,NR,NR,NR,NR,NR,NR,NR,NR,NR,NR,,,2025-08-27
Andhra Pradesh,Anantapuramu,42,,44,41,78,95,96,95,85,43,60,170,203,143,157,159,126,53,328,13,30,25,36,36,40,41,45,42,92,624,58,72,30,86,25,36,20,16,52,,,2025-08-27
Andhra Pradesh,YSR Kadapa,NR,,NR,NR,NR,NR,NR,NR,NR,NR,NR,NR,NR,NR,NR,NR,NR,NR,NR,NR,NR,NR,NR,NR,NR,NR,NR,NR,NR,NR,NR,NR,NR,NR,NR,NR,NR,NR,NR,,,2025-08-27
Karnataka,Bengaluru,47,,43,44,82,97,105,105,87,48,54,157,200,132,152,158,122,57,242,17,24,30,33,47,42,42,45,43,92,698,60,73,39,82,33,NR,29,17,50,,,2025-08-27
Karnataka,Dharwad,41,,40,40,81,90,110,108,86,42,54,162,158,103,142,137,130,45,268,26,28,25,28,53,45,53,58,48,88,630,58,72,60,75,34,47,36,15,45,,,2025-08-27
Karnataka,Mangalore,52,,43,44,82,113,129,112,91,42,54,192,174,143,159,148,134,52,200,15,36,30,40,39,59,44,45,46,90,640,58,78,50,84,33,36,23,17,68,,,2025-08-27
Karnataka,Mysore,48,,48,55,87,101,102,111,89,44,48,179,199,190,167,159,144,61,358,21,35,27,38,47,57,52,49,44,81,659,60,67,38,82,34,33,26,18,93,,,2025-08-27
Karnataka,Bengaluru (East Range),47,,46,40,87,117,117,117,91,48,50,177,NR,145,178,169,140,58,255,20,37,25,35,49,42,42,46,42,92,698,60,73,58,83,32,52,28,19,50,,,2025-08-27
Karnataka,Belagavi,40,,39,45,83,101,100,101,84,51,54,178,175,118,159,175,141,42,258,16,24,23,30,55,35,37,41,37,87,721,54,62,38,80,29,60,17,11,48,,,2025-08-27
Karnataka,Kalaburagi,53,,33,40,81,106,120,117,83,43,56,171,162,167,128,150,126,48,186,15,28,20,44,41,41,39,47,39,97,699,60,58,30,69,25,57,19,15,50,,,2025-08-27
Karnataka,Tumakuru,47,,42,43,77,96,105,105,85,45,54,192,198,132,163,162,130,53,227,21,29,20,32,40,52,41,47,43,85,637,59,69,20,83,26,48,22,15,49,,,2025-08-27
Karnataka,Bellary,40,,40,39,72,97,100,102,88,41,54,198,192,141,150,162,140,53,308,24,29,24,30,38,40,38,47,43,97,693,57,66,27,77,25,27,26,18,56,,,2025-08-27
Karnataka,Dhavanagere,55,,43,50,84,106,115,109,85,46,53,197,203,132,144,168,145,61,293,28,30,29,27,49,53,43,53,46,91,603,56,72,40,72,39,43,22,16,30,,,2025-08-27
Karnataka,Shivamogga,49,,41,41,90,111,122,110,98,44,54,198,180,145,140,144,126,50,240,28,20,23,28,48,52,44,49,52,102,630,58,76,38,80,32,40,28,15,45,,,2025-08-27
Karnataka,Vijayapur,52,,46,44,91,115,128,122,90,45,54,221,219,135,169,175,151,52,242,14,32,28,33,34,39,42,54,44,93,556,61,70,87,97,44,46,38,12,60,,,2025-08-27
Karnataka,Ramanagara,42,,42,41,87,103,118,103,93,44,48,182,192,149,140,158,130,51,188,15,41,29,47,45,44,47,42,43,100,613,62,75,40,90,33,50,21,15,50,,,2025-08-27
Karnataka,Raichur,NR,,NR,NR,NR,NR,NR,NR,NR,NR,NR,NR,NR,NR,NR,NR,NR,NR,NR,NR,NR,NR,NR,NR,NR,NR,NR,NR,NR,NR,NR,NR,NR,NR,NR,NR,NR,NR,NR,,,2025-08-27
Karnataka,Chamarajanagar,50,,42,43,93,95,95,98,85,42,48,191,176,132,121,165,121,40,177,18,27,20,18,48,54,54,47,58,92,516,54,60,45,75,35,68,45,16,48,,,2025-08-27
Karnataka,Kolar,47,,39,43,90,121,111,109,91,45,55,179,168,156,144,156,123,55,227,15,25,26,19,44,45,44,44,41,90,724,60,75,40,91,32,41,32,18,44,,,2025-08-27
Karnataka,Haveri,45,,45,45,90,100,130,120,90,44,64,170,220,159,165,165,121,45,252,13,30,30,30,42,42,40,46,40,80,769,60,70,30,80,30,42,30,15,40,,,2025-08-27
Karnataka,Bagalkot,49,,44,44,82,108,136,113,93,42,56,194,178,118,152,134,116,44,245,20,40,31,42,52,46,37,48,39,76,632,58,64,48,62,30,34,32,21,58,,,2025-08-27
Karnataka,Bidar,53,,41,39,82,112,125,115,88,44,61,190,175,130,143,160,144,53,277,12,28,22,32,32,41,44,60,45,93,793,66,75,58,97,37,35,24,16,55,,,2025-08-27
Karnataka,Koppal,NR,,NR,NR,NR,NR,NR,NR,NR,NR,NR,NR,NR,NR,NR,NR,NR,NR,NR,NR,NR,NR,NR,NR,NR,NR,NR,NR,NR,NR,NR,NR,NR,NR,NR,NR,NR,NR,NR,,,2025-08-27
Karnataka,Mandya,37,,42,45,86,101,122,109,100,45,46,189,179,134,150,145,109,51,251,15,30,25,40,41,43,45,42,43,100,610,60,67,40,81,29,38,17,15,43,,,2025-08-27
Karnataka,Yadgir,41,,40,36,77,95,97,98,82,45,59,192,181,158,148,159,148,47,185,11,30,30,40,40,52,44,46,43,100,663,59,70,41,102,52,38,26,21,45,,,2025-08-27
Karnataka,Chikkamagalur,46,,41,46,86,113,125,113,89,45,52,177,192,148,145,153,124,51,198,16,34,30,33,45,46,48,45,51,95,606,65,74,47,87,39,49,29,15,50,,,2025-08-27
Karnataka,Bangalore Rural,45,,37,51,87,129,121,106,82,45,50,199,158,116,144,150,105,55,254,17,31,25,36,54,38,48,41,52,98,653,60,73,31,81,36,50,24,20,49,,,2025-08-27
Karnataka,Chikkaballapur,46,,46,43,87,103,112,108,84,46,54,225,217,144,160,160,136,51,291,14,25,26,34,41,41,44,41,46,99,681,61,69,26,79,31,39,19,15,33,,,2025-08-27
Karnataka,Chitradurga,NR,,NR,NR,NR,NR,NR,NR,NR,NR,NR,NR,NR,NR,NR,NR,NR,NR,NR,NR,NR,NR,NR,NR,NR,NR,NR,NR,NR,NR,NR,NR,NR,NR,NR,NR,NR,NR,NR,,,2025-08-27
Karnataka,Gadag,52,,43,53,89,107,123,125,86,44,63,219,174,134,144,141,128,45,226,17,37,24,37,43,45,45,44,44,109,636,64,72,60,88,45,47,35,19,33,,,2025-08-27
Karnataka,Hassan,45,,45,47,87,115,125,114,93,47,54,223,208,153,164,158,115,60,232,21,29,25,39,49,51,44,51,54,95,672,60,76,39,96,47,37,31,15,40,,,2025-08-27
Karnataka,Kodagu,44,,41,46,90,107,116,112,93,47,54,186,172,146,142,147,122,55,249,19,28,29,48,37,41,46,47,47,99,628,59,67,42,68,30,37,19,15,53,,,2025-08-27
Karnataka,Udupi,54,,46,47,93,122,125,113,92,46,55,191,193,146,148,141,126,53,219,16,32,33,31,37,44,48,49,52,97,705,64,79,51,91,57,70,33,22,75,,,2025-08-27
Karnataka,Uttara Kannada,44,,46,44,97,114,120,115,98,46,48,227,196,175,187,179,122,53,287,20,30,30,43,45,43,43,46,44,98,685,59,65,57,87,35,39,21,18,93,,,2025-08-27
Karnataka,Vijayanagara,50,,42,44,81,107,117,103,89,44,53,186,191,128,131,156,121,47,191,13,30,25,30,36,45,43,46,44,96,648,61,68,25,84,31,35,20,14,63,,,2025-08-27
Kerala,T.Puram,56,,44,44,92,119,121,123,90,47,52,242,220,198,144,176,132,78,260,14,38,28,53,45,55,48,50,49,100,NR,65,72,43,NR,32,50,25,17,60,,,2025-08-27
Kerala,Ernakulam,51,,41,43,103,126,124,128,96,47,56,233,223,187,NR,170,149,63,228,15,43,30,55,50,60,48,59,NR,108,753,69,71,43,80,38,39,20,16,50,,,2025-08-27
Kerala,Kozhikode,47,,49,44,107,125,133,140,97,47,53,236,227,159,NR,171,154,62,240,15,27,28,49,NR,NR,46,52,47,108,721,NR,73,43,82,29,37,16,13,55,,,2025-08-27
Kerala,Thrissur,50,,47,50,101,119,108,121,101,47,54,NR,196,191,NR,166,141,61,244,16,47,30,51,49,48,49,56,51,115,761,58,71,42,85,31,43,16,15,65,,,2025-08-27
Kerala,Palakkad,41,,47,44,94,108,110,117,86,46,50,214,206,194,NR,164,147,57,200,14,44,28,45,53,50,48,46,48,95,698,60,71,43,78,30,39,19,15,51,,,2025-08-27
Kerala,Wayanad,46,,52,48,105,131,132,133,105,47,52,NR,228,209,NR,174,149,59,230,18,32,29,47,NR,NR,50,61,51,120,785,62,73,43,83,29,50,16,19,44,,,2025-08-27
Kerala,Kasargod,NR,,NR,NR,NR,NR,NR,NR,NR,NR,NR,NR,NR,NR,NR,NR,NR,NR,NR,NR,NR,NR,NR,NR,NR,NR,NR,NR,NR,NR,NR,NR,NR,NR,NR,NR,NR,NR,NR,,,2025-08-27
Kerala,Kottayam,56,,44,47,98,138,121,115,96,46,56,NR,234,190,NR,169,140,69,227,16,35,24,48,NR,NR,49,57,52,116,707,63,66,53,85,39,42,30,15,49,,,2025-08-27
Kerala,Pathanamthitta,56,,38,46,110,131,123,136,97,47,53,NR,NR,212,NR,177,161,72,247,15,38,28,63,NR,NR,51,57,NR,140,692,62,69,57,80,31,46,24,18,70,,,2025-08-27
Kerala,Alapuzha,NR,,NR,NR,NR,NR,NR,NR,NR,NR,NR,NR,NR,NR,NR,NR,NR,NR,NR,NR,NR,NR,NR,NR,NR,NR,NR,NR,NR,NR,NR,NR,NR,NR,NR,NR,NR,NR,NR,,,2025-08-27
Kerala,Kollam,44,,44,44,98,129,123,128,90,47,52,NR,225,183,NR,175,141,65,240,15,40,30,60,52,53,47,53,53,90,673,64,71,53,92,40,42,19,17,52,,,2025-08-27
Kerala,Idukki,54,,43,45,97,130,NR,120,90,45,60,NR,209,194,NR,170,150,70,213,14,38,32,70,NR,NR,49,57,43,103,747,62,72,57,80,32,38,20,16,55,,,2025-08-27
Kerala,Kannur,50,,51,48,109,131,130,141,99,46,56,NR,NR,191,NR,164,148,58,273,18,29,26,35,45,45,47,52,48,113,738,58,67,47,82,35,51,25,17,64,,,2025-08-27
Kerala,Malapuram,49,,NR,44,93,125,134,129,97,45,56,242,220,188,NR,172,148,57,233,13,34,29,47,55,55,47,47,48,110,747,62,72,48,81,27,37,17,15,50,,,2025-08-27
Puducherry,Puducherry,NR,,NR,NR,NR,NR,NR,NR,NR,NR,NR,NR,NR,NR,NR,NR,NR,NR,NR,NR,NR,NR,NR,NR,NR,NR,NR,NR,NR,NR,NR,NR,NR,NR,NR,NR,NR,NR,NR,,,2025-08-27
Tamil Nadu,Chennai,59,,44,42,87,118,113,117,89,46,40,176,225,157,NR,164,135,77,290,27,43,35,60,41,52,46,49,49,93,916,62,77,43,81,29,35,20,13,50,,,2025-08-27
Tamil Nadu,Madurai,NR,,NR,NR,NR,NR,NR,NR,NR,NR,NR,NR,NR,NR,NR,NR,NR,NR,NR,NR,NR,NR,NR,NR,NR,NR,NR,NR,NR,NR,NR,NR,NR,NR,NR,NR,NR,NR,NR,,,2025-08-27
Tamil Nadu,Dindigul,NR,,NR,NR,NR,NR,NR,NR,NR,NR,NR,NR,NR,NR,NR,NR,NR,NR,NR,NR,NR,NR,NR,NR,NR,NR,NR,NR,NR,NR,NR,NR,NR,NR,NR,NR,NR,NR,NR,,,2025-08-27
Tamil Nadu,Thiruchirapalli,NR,,NR,NR,NR,NR,NR,NR,NR,NR,NR,NR,NR,NR,NR,NR,NR,NR,NR,NR,NR,NR,NR,NR,NR,NR,NR,NR,NR,NR,NR,NR,NR,NR,NR,NR,NR,NR,NR,,,2025-08-27
Tamil Nadu,Coimbatore,49,,44,43,89,114,113,113,86,44,40,214,206,166,NR,166,140,62,275,27,41,29,47,39,49,50,49,53,109,738,61,70,55,83,33,36,17,14,54,,,2025-08-27
Tamil Nadu,Tirunelveli,NR,,NR,NR,NR,NR,NR,NR,NR,NR,NR,NR,NR,NR,NR,NR,NR,NR,NR,NR,NR,NR,NR,NR,NR,NR,NR,NR,NR,NR,NR,NR,NR,NR,NR,NR,NR,NR,NR,,,2025-08-27
Tamil Nadu,Cuddalore,NR,,NR,NR,NR,NR,NR,NR,NR,NR,NR,NR,NR,NR,NR,NR,NR,NR,NR,NR,NR,NR,NR,NR,NR,NR,NR,NR,NR,NR,NR,NR,NR,NR,NR,NR,NR,NR,NR,,,2025-08-27
Tamil Nadu,Dharmapuri,52,,46,42,88,108,108,107,86,46,43,217,NR,144,NR,164,140,60,270,25,30,28,38,40,51,48,44,49,110,690,69,70,30,92,36,45,29,13,55,,,2025-08-27
Tamil Nadu,Vellore,NR,,NR,NR,NR,NR,NR,NR,NR,NR,NR,NR,NR,NR,NR,NR,NR,NR,NR,NR,NR,NR,NR,NR,NR,NR,NR,NR,NR,NR,NR,NR,NR,NR,NR,NR,NR,NR,NR,,,2025-08-27
Tamil Nadu,Ramanathapuram,61,,39,49,86,99,111,106,91,46,44,197,NR,169,NR,164,139,56,281,31,46,41,71,40,51,41,52,56,117,831,74,73,51,78,34,32,17,14,50,,,2025-08-27
Tamil Nadu,Erode,NR,,NR,NR,NR,NR,NR,NR,NR,NR,NR,NR,NR,NR,NR,NR,NR,NR,NR,NR,NR,NR,NR,NR,NR,NR,NR,NR,NR,NR,NR,NR,NR,NR,NR,NR,NR,NR,NR,,,2025-08-27
Tamil Nadu,Karur,54,,54,66,90,108,120,110,92,46,47,220,210,165,NR,166,130,63,297,17,37,32,53,39,47,58,52,58,113,700,65,71,43,91,31,44,28,23,75,,,2025-08-27
Tamil Nadu,Perambalur,49,,NR,64,96,110,115,109,86,47,44,198,204,167,NR,168,147,56,NR,29,35,38,60,42,61,55,50,56,113,681,60,64,62,86,32,38,19,14,63,,,2025-08-27
Tamil Nadu,Pudukkottai,50,,48,65,96,112,117,116,NR,48,45,225,NR,172,NR,164,132,59,NR,28,40,30,60,43,51,42,50,53,115,709,61,66,18,95,26,42,19,14,60,,,2025-08-27
Tamil Nadu,Sivagangai,53,,46,66,94,116,119,118,92,47,44,208,NR,203,NR,167,144,59,292,28,50,30,60,38,53,56,52,61,119,763,75,66,60,81,30,40,20,14,51,,,2025-08-27
Tamil Nadu,Thanjavur,53,,47,50,87,122,122,119,90,47,44,201,231,162,NR,162,135,58,280,27,37,27,52,37,50,48,48,48,125,861,70,72,63,92,36,43,23,13,60,,,2025-08-27
Tamil Nadu,The nilgiris,NR,,NR,NR,NR,NR,NR,NR,NR,NR,NR,NR,NR,NR,NR,NR,NR,NR,NR,NR,NR,NR,NR,NR,NR,NR,NR,NR,NR,NR,NR,NR,NR,NR,NR,NR,NR,NR,NR,,,2025-08-27
Tamil Nadu,Thoothukudi,51,,45,65,90,110,115,110,90,47,46,209,214,176,NR,156,143,60,320,10,30,35,40,35,50,60,50,65,115,NR,61,72,57,88,27,38,17,12,50,,,2025-08-27
Tamil Nadu,Viluppuram,55,,48,41,89,114,99,107,91,46,48,172,213,153,NR,164,142,61,NR,27,38,25,35,33,40,45,48,45,98,765,63,66,41,81,28,33,20,12,60,,,2025-08-27
Tamil Nadu,Virudhunagar,61,,49,65,86,103,110,109,83,49,45,225,209,203,NR,167,165,58,293,28,47,37,47,43,56,59,54,57,107,693,57,63,42,81,34,35,13,13,62,,,2025-08-27
Tamil Nadu,Kanniyakumari,60,,39,53,84,100,106,104,78,47,41,198,203,154,NR,159,137,55,258,25,30,25,40,32,39,37,52,40,109,699,58,72,40,79,24,26,15,13,41,,,2025-08-27
Tamil Nadu,Namakkal,63,,47,61,93,112,117,117,98,46,44,198,189,167,NR,161,137,56,NR,26,42,32,55,41,40,51,49,47,120,664,70,64,50,77,34,39,25,12,58,,,2025-08-27
Tamil Nadu,Tiruvannamalai,NR,,NR,NR,NR,NR,NR,NR,NR,NR,NR,NR,NR,NR,NR,NR,NR,NR,NR,NR,NR,NR,NR,NR,NR,NR,NR,NR,NR,NR,NR,NR,NR,NR,NR,NR,NR,NR,NR,,,2025-08-27
Tamil Nadu,Tiruvarur,63,,48,65,84,119,113,112,NR,43,44,240,146,183,NR,157,141,52,NR,25,35,36,40,46,50,48,51,62,122,863,65,60,30,89,49,37,22,16,83,,,2025-08-27
Tamil Nadu,Tiruppur,NR,,NR,NR,NR,NR,NR,NR,NR,NR,NR,NR,NR,NR,NR,NR,NR,NR,NR,NR,NR,NR,NR,NR,NR,NR,NR,NR,NR,NR,NR,NR,NR,NR,NR,NR,NR,NR,NR,,,2025-08-27
Tamil Nadu,Tenkasi,56,,46,59,96,114,115,112,NR,47,46,219,NR,171,NR,156,143,61,275,30,35,30,40,36,52,57,58,58,98,795,66,72,40,88,32,42,22,13,57,,,2025-08-27
Tamil Nadu,Nagapattinam,51,,50,66,96,123,121,125,96,47,44,200,205,177,NR,164,123,59,NR,25,35,25,50,48,50,49,53,51,115,846,66,71,45,94,34,57,23,15,57,,,2025-08-27
Tamil Nadu,Krishnagiri,55,,46,41,90,113,113,115,89,46,44,202,202,155,NR,164,141,59,315,28,29,25,44,38,40,43,48,43,89,652,55,66,40,96,26,47,29,12,55,,,2025-08-27
Tamil Nadu,Ariyalur,NR,,NR,NR,NR,NR,NR,NR,NR,NR,NR,NR,NR,NR,NR,NR,NR,NR,NR,NR,NR,NR,NR,NR,NR,NR,NR,NR,NR,NR,NR,NR,NR,NR,NR,NR,NR,NR,NR,,,2025-08-27
Tamil Nadu,Kallakurichi,53,,49,65,92,110,102,112,88,46,45,227,198,161,NR,166,131,58,NR,29,35,27,38,40,50,48,47,49,100,890,74,68,45,84,28,36,19,13,45,,,2025-08-27
Tamil Nadu,Kancheepuram,55,,51,65,90,121,116,117,96,46,44,183,209,175,NR,163,132,67,NR,28,40,40,50,42,57,51,53,50,103,786,62,72,52,82,31,39,18,13,57,,,2025-08-27
Tamil Nadu,Salem,NR,,NR,NR,NR,NR,NR,NR,NR,NR,NR,NR,NR,NR,NR,NR,NR,NR,NR,NR,NR,NR,NR,NR,NR,NR,NR,NR,NR,NR,NR,NR,NR,NR,NR,NR,NR,NR,NR,,,2025-08-27
Tamil Nadu,Theni,61,,41,61,86,107,113,111,85,45,46,219,199,157,NR,152,128,54,277,NR,37,37,47,39,52,52,50,77,91,722,71,66,37,87,34,49,26,12,59,,,2025-08-27
Tamil Nadu,Chengalpattu,NR,,NR,NR,NR,NR,NR,NR,NR,NR,NR,NR,NR,NR,NR,NR,NR,NR,NR,NR,NR,NR,NR,NR,NR,NR,NR,NR,NR,NR,NR,NR,NR,NR,NR,NR,NR,NR,NR,,,2025-08-27
Tamil Nadu,Mayiladuthurai,59,,50,65,95,132,117,113,NR,45,45,179,231,209,NR,157,126,60,340,27,33,33,50,45,45,46,50,63,123,850,65,66,53,107,53,60,30,14,60,,,2025-08-27
Tamil Nadu,Ranipet,NR,,NR,NR,NR,NR,NR,NR,NR,NR,NR,NR,NR,NR,NR,NR,NR,NR,NR,NR,NR,NR,NR,NR,NR,NR,NR,NR,NR,NR,NR,NR,NR,NR,NR,NR,NR,NR,NR,,,2025-08-27
Tamil Nadu,Tirupattur,51,,43,47,87,118,111,119,91,44,40,187,209,169,NR,166,123,58,305,28,38,30,40,31,47,46,38,46,93,805,60,65,47,89,30,40,20,14,50,,,2025-08-27
Tamil Nadu,Tiruvallur,54,,42,69,86,125,115,115,90,45,40,195,186,156,NR,159,121,61,298,27,40,35,60,36,60,59,44,70,92,740,60,72,40,81,30,45,23,13,60,,,2025-08-27
Telangana,Hyderabad,55,,38,39,74,103,105,106,80,39,52,174,185,152,152,159,126,50,278,18,40,30,45,32,48,38,50,40,97,544,58,66,38,96,47,30,18,14,46,,,2025-08-27
Telangana,Karimnagar,NR,,NR,NR,NR,NR,NR,NR,NR,NR,NR,NR,NR,NR,NR,NR,NR,NR,NR,NR,NR,NR,NR,NR,NR,NR,NR,NR,NR,NR,NR,NR,NR,NR,NR,NR,NR,NR,NR,,,2025-08-27
Telangana,Warangal,NR,,NR,NR,NR,NR,NR,NR,NR,NR,NR,NR,NR,NR,NR,NR,NR,NR,NR,NR,NR,NR,NR,NR,NR,NR,NR,NR,NR,NR,NR,NR,NR,NR,NR,NR,NR,NR,NR,,,2025-08-27
Telangana,Adilabad,NR,,NR,NR,NR,NR,NR,NR,NR,NR,NR,NR,NR,NR,NR,NR,NR,NR,NR,NR,NR,NR,NR,NR,NR,NR,NR,NR,NR,NR,NR,NR,NR,NR,NR,NR,NR,NR,NR,,,2025-08-27
Telangana,Suryapet,NR,,NR,NR,NR,NR,NR,NR,NR,NR,NR,NR,NR,NR,NR,NR,NR,NR,NR,NR,NR,NR,NR,NR,NR,NR,NR,NR,NR,NR,NR,NR,NR,NR,NR,NR,NR,NR,NR,,,2025-08-27
Telangana,Jadcherla,NR,,NR,NR,NR,NR,NR,NR,NR,NR,NR,NR,NR,NR,NR,NR,NR,NR,NR,NR,NR,NR,NR,NR,NR,NR,NR,NR,NR,NR,NR,NR,NR,NR,NR,NR,NR,NR,NR,,,2025-08-27
Telangana,Khammam,NR,,NR,NR,NR,NR,NR,NR,NR,NR,NR,NR,NR,NR,NR,NR,NR,NR,NR,NR,NR,NR,NR,NR,NR,NR,NR,NR,NR,NR,NR,NR,NR,NR,NR,NR,NR,NR,NR,,,2025-08-27
Telangana,Medchal,NR,,NR,NR,NR,NR,NR,NR,NR,NR,NR,NR,NR,NR,NR,NR,NR,NR,NR,NR,NR,NR,NR,NR,NR,NR,NR,NR,NR,NR,NR,NR,NR,NR,NR,NR,NR,NR,NR,,,2025-08-27
Telangana,Nizamabad,NR,,NR,NR,NR,NR,NR,NR,NR,NR,NR,NR,NR,NR,NR,NR,NR,NR,NR,NR,NR,NR,NR,NR,NR,NR,NR,NR,NR,NR,NR,NR,NR,NR,NR,NR,NR,NR,NR,,,2025-08-27
Telangana,Sangareddy,NR,,NR,NR,NR,NR,NR,NR,NR,NR,NR,NR,NR,NR,NR,NR,NR,NR,NR,NR,NR,NR,NR,NR,NR,NR,NR,NR,NR,NR,NR,NR,NR,NR,NR,NR,NR,NR,NR,,,2025-08-27
Ladakh,Leh,52,,NR,NR,140,183,150,128,130,50,60,NR,220,NR,NR,NR,NR,80,480,30,50,53,62,NR,NR,68,NR,44,122,721,58,80,63,103,37,61,39,18,90,,,2025-08-27
Ladakh,Kargil,50,,NR,45,120,180,130,120,110,NR,NR,NR,NR,NR,NR,NR,NR,NR,NR,NR,NR,NR,NR,NR,NR,NR,NR,NR,NR,NR,NR,NR,NR,NR,NR,NR,NR,NR,NR,,,2025-08-27
Commodity Name,Commodity Name,Rice,Rice,Wheat,Atta (Wheat),Gram Dal,Tur/Arhar Dal,Urad Dal,Moong Dal,Masoor Dal,Sugar,Milk @,Groundnut Oil (Packed),Mustard Oil (Packed),Vanaspati (Packed),Soya Oil (Packed),Sunflower Oil (Packed),Palm Oil (Packed),Gur,Tea Loose,Salt Pack (Iodised),Potato,Onion,Tomato,Bajra(whole),Jowar(whole),Maida(wheat),Ragi(whole),Suji(whole),Besan,Desi Ghee,Butter(Pasteurised),Eggs,Brinjal,Black Pepper(whole),Coriander(whole),Cummin Seed(whole),Red Chillies(whole),Turmeric(powder),Banana,GInger,Garlic,2025-08-27
Average Price1,Average Price1,42.25,,31.21,36.64,87.13,117.45,114.17,110.31,89.4,46.4,59.46,188.97,188.16,156.07,146.52,161.8,132.54,56.94,271.4,21.29,24.86,28.55,54.75,37.71,42.69,41.38,53.62,47.07,97.07,664.47,59.3,77.51,42.24,87.13,37.2,42.61,28.27,16.34,50.28,,,2025-08-27
Maximum Price1,Maximum Price1,63,,54,69,140,183,157,148,133,60,85,254,249,231,190,253,190,128,520,33,60,60,120,83,85,70,103,100,160,916,75,120,100,120,100,95,68,42,100,,,2025-08-27
Minimum Price1,Minimum Price1,28,,23,28,70,90,82,82,70,39,40,150,136,103,113,125,94,40,163,10,13,15,18,20,22,31,30,30,65,506,51,49,18,62,22,23,13,10,25,,,2025-08-27
Modal Price1,Modal Price1,40,,28,35,90,115,120,110,90,45,60,192.5,192,148,154,167.5,143,55,240,24,20,25,60,35,40,40,52,40,90,659,60,72,40,85,30,40,30,15,50,,,2025-08-27
,,,,,,,,,,,,,,,,,,,,,,,,,,,,,,,,,,,,,,,,,,,2025-08-27
"Department of Consumer Affairs ( Price Monitoring Division)Date 27/08/2025 Daily Retail Prices Of Essential Commodities  StateCentreRiceBroken RiceWheatAtta (Wheat)Gram DalTur/Arhar DalUrad DalMoong DalMasoor DalSugarMilk @Groundnut Oil (Packed)Mustard Oil (Packed)Vanaspati (Packed)Soya Oil (Packed)Sunflower Oil (Packed)Palm Oil (Packed)GurTea LooseSalt Pack (Iodised)PotatoOnionTomatoBajra (whole)Jowar (whole)Maida (wheat)Ragi (whole)Suji (whole)BesanDesi GheeButter (Pasteurised)Eggs BrinjalBlack Pepper (whole)Coriander (whole)Cummin Seed (whole)Red Chillies (whole)Turmeric (powder)BananaGingerGarlic  UnitQty1 Kg1 Kg1 Kg1 Kg1 Kg1 Kg1 Kg1 Kg1 Kg1 Kg1 ltr1 Kg1 Kg1 Kg1 Kg1 Kg1 Kg1 Kg1 Kg1 Kg1 Kg1 Kg1 Kg1 Kg1 Kg1 Kg1 Kg1 Kg1 Kg1 Kg100 gmDozen1 Kg100 gm250 gm100 gm100 gm50 gm1 Kg100 gm100 gm  Average PriceAverage Price42.25 31.2136.6487.13117.45114.17110.3189.446.459.46188.97188.16156.07146.52161.8132.5456.94271.421.2924.8628.5554.7537.7142.6941.3853.6247.0797.07664.4759.377.5142.2487.1337.242.6128.2716.3450.28 Maximum PriceMaximum Price63 5469140183157148133608525424923119025319012852033606012083857010310016091675120100120100956842100 Minimum PriceMinimum Price28 232870908282703940150136103113125944016310131518202231303065506514918622223131025 Modal PriceModal Price40 283590115120110904560192.5192148154167.51435524024202560354040524090659607240853040301550 NORTH ZONENORTH ZONE  ChandigarhChandigarh42 3339861251161118846592112051691631761475527028253070374341544696714587738873745281649 DelhiDelhi39 3235871131301178845572031981691571761546026327283355334139554098560587450903635301437 HaryanaHisar40 2933851241091088145612091811611491821285024328253073273739624090626607650824139341572 Karnal39 293278108981059844702071921771211821165126526183075304235513585687606045753023181065 Panchkula41 3244921391261209449662001601341331391245621727323983263832554085607547030803540352051 Gurgaon39 3234811441221198645571862011801531911195530026232565NRNRNRNRNRNRNRNRNRNRNRNRNRNRNRNR Himachal PradeshShimla40 NR3283117130110834960236220176154NRNR522503037376338NR39NR40108703587050874046261757 Mandi38 NR3484112123109834850222213174155171NR522703028357037NR35NR35100676607140894543301660 Dharamshala32 NR2984128124119894740NR219175170NRNR512302820306032NR34554093590597040974942341560 Solan37 NR3381113119107844757203209172150181NR5224030273050323537NR37102630608043874037331953 Una40 NR2987117110105914769NR186166131NRNR552212919355134NR34NR3488676598328894435311454 Bilaspur-hp35 NR3486113124113854764NR187166136NRNR472352927316030NR37583584694608442863229281250 ChambaNR NRNRNRNRNRNRNRNRNRNRNRNRNRNRNRNRNRNRNRNRNRNRNRNRNRNRNRNRNRNRNRNRNRNRNRNRNR Hamirpur-HP40 NR3282112117108864866NR211167149NRNR5226530322958374536NR3583573607542874037301549 Kullu40 NR3581120118113864840NR209165132NRNR4826030303750NRNR35NR35103711617850903534251560 Sirmour40 303078119107108864450212176174146146108482732825287035NR35NR36100610587043913345322058 Kinnaur38 NR3579115110103804950NR208172148NRNR5029029304080NRNR40NR4287559589060814738371457 Lahaul & SpitiNR NRNRNRNRNRNRNRNRNRNRNRNRNRNRNRNRNRNRNRNRNRNRNRNRNRNRNRNRNRNRNRNRNRNRNRNRNR Jammu and KashmirSrinagarNR NRNRNRNRNRNRNRNRNRNRNRNRNRNRNRNRNRNRNRNRNRNRNRNRNRNRNRNRNRNRNRNRNRNRNRNRNR JammuNR NRNRNRNRNRNRNRNRNRNRNRNRNRNRNRNRNRNRNRNRNRNRNRNRNRNRNRNRNRNRNRNRNRNRNRNRNR PoonchNR NRNRNRNRNRNRNRNRNRNRNRNRNRNRNRNRNRNRNRNRNRNRNRNRNRNRNRNRNRNRNRNRNRNRNRNRNR KupwaraNR NRNRNRNRNRNRNRNRNRNRNRNRNRNRNRNRNRNRNRNRNRNRNRNRNRNRNRNRNRNRNRNRNRNRNRNRNR UdhampurNR NRNRNRNRNRNRNRNRNRNRNRNRNRNRNRNRNRNRNRNRNRNRNRNRNRNRNRNRNRNRNRNRNRNRNRNRNR ShopianNR NRNRNRNRNRNRNRNRNRNRNRNRNRNRNRNRNRNRNRNRNRNRNRNRNRNRNRNRNRNRNRNRNRNRNRNRNR SambaNR NRNRNRNRNRNRNRNRNRNRNRNRNRNRNRNRNRNRNRNRNRNRNRNRNRNRNRNRNRNRNRNRNRNRNRNRNR RambanNR NRNRNRNRNRNRNRNRNRNRNRNRNRNRNRNRNRNRNRNRNRNRNRNRNRNRNRNRNRNRNRNRNRNRNRNRNR RajouriNR NRNRNRNRNRNRNRNRNRNRNRNRNRNRNRNRNRNRNRNRNRNRNRNRNRNRNRNRNRNRNRNRNRNRNRNRNR KishtwarNR NRNRNRNRNRNRNRNRNRNRNRNRNRNRNRNRNRNRNRNRNRNRNRNRNRNRNRNRNRNRNRNRNRNRNRNRNR DodaNR NRNRNRNRNRNRNRNRNRNRNRNRNRNRNRNRNRNRNRNRNRNRNRNRNRNRNRNRNRNRNRNRNRNRNRNRNR BaramullaNR NRNRNRNRNRNRNRNRNRNRNRNRNRNRNRNRNRNRNRNRNRNRNRNRNRNRNRNRNRNRNRNRNRNRNRNRNR ReasiNR NRNRNRNRNRNRNRNRNRNRNRNRNRNRNRNRNRNRNRNRNRNRNRNRNRNRNRNRNRNRNRNRNRNRNRNRNR KathuaNR NRNRNRNRNRNRNRNRNRNRNRNRNRNRNRNRNRNRNRNRNRNRNRNRNRNRNRNRNRNRNRNRNRNRNRNRNR PunjabAmritsar40 283288122132115924655220196165154183NR5527529202950374040583993639617040953531291350 Ludhiana37 283685132127118984562212205167161189NR5529028222880374839624297560576448883742232047 Bathinda40 2832881201321159245552202001651541871325726729202752353840574093639607037974033281347 Barnala40 2631921131171089847652161791591261671245029330243059314040NR4192674606840933737291550 Hoshiarpur36 29358511610911310451662221911831381361415728825203173413042634297625566635994945341559 Faridkot40 2832881201321179346552272051671321831345728329192850364239553990650607039953735281448 Mansa40 273390122128117924665NR1831721521761356027729253070354139623893637606855904038281653 Sri Muktsar Sahib40 2632831251281189345632091831611371741265328329212973315538723992602607133903537251348 Dera Bassi40 273188125130120934660NR192170159NRNR5725728193070403835634088637607240974238371750 Sangrur40 2731831291291108945602231971601501641424826328202568354540674088611587045894046321550 Ropar40 283388122130117934661213190166155NR1375827729223070374240574193630607153923939311550 Amargarh40 2732851301301109045602251921591451541344825028182565364540NR4085604606645954049271545 Fatehgarh SahibNR NRNRNRNRNRNRNRNRNRNRNRNRNRNRNRNRNRNRNRNRNRNRNRNRNRNRNRNRNRNRNRNRNRNRNRNRNR Ferozepur40 2833901201181129045622201861651371941375927530192555314139583999615597335874735251550 Kapurthala43 3035871211251179245632191921671541771545527728153053445539613897633627043923539351548 Uttar PradeshLucknow38 2935801051001008045602031761481431521435525020202553353838533890615597640873440281540 Kanpur35 283280120110908042601981871321211321155623426202565354041NR34815805572361002440351950 Varanasi42 2837851101221068445662151861591681801476325521212167426038NR44103720597739783650281760 Agra42 30327911482857645672011991751601861565125126203665273738NR4197711628440964139311630 Jhansi47 2934791071121078047602001781621241791245522715222860353935603988NR607250883030221137 Meerut36 293982125122828147611601591501501571464725318182853413841633993637617422753234291547 Allahabad37 3134851131271159247531931961611541741305526524242752263742434592621627240743139311962 Gorakhpur37 2533821141161117843551901771441521431265222522222562353334493492586587331793138241646 Saharanpur38 303284118109111904359NR154141137138113512432124274430NR35NR3590579567221813336281559 Bareilly34 26329011812311210745701991851591481701225034325202358273836513689714607127864141321660 Ayodhya42 303285115118120875055NR1631631631631375524024253080353540534690681607230804036301670 Moradabad36 2531801171101048240541931621391531511384623721192459424534563776615546730832742272056 Aligarh39 2933841151111068443561831841521421561285224720232552403938484291613547434853441271647 Mirzapur (Vindhyanchal)35 2632801011111008045451801621411261451115222122192051294035523991652627353853137261545 Banda36 273781111106957946562111591521271641155716316181855314535683990560607130822533241948 Azamgarh39 293284117115111824561NR18413613613710655277231924673745425143104653566743762750291845 Gonda (Devipatan)35 2632901121281139044571941941351561651345025720202550373534624298626577137803340271947 Amethi34 27349011011811890456019918916114817811055238221825584036414245105676618138833651281853 Barabanki40 2935851131201188545602001861761671761305522522222560363937453698563588039853142301546 Bhadohi35 283585951301208447602121921761591761226520710202560354336524090763627235923138271657 Chandauli33 2733791051141057945552051871711311611115324719162455345136603785634567937863442291745 Farrukhabad42 273179100110110904562220192159159181132512201813175828NR36NR3890630608033803040311842 Ghazipur41 2937811041071058646601881791571451751285528122192252364243544692648617534894339271945 Jaunpur41 2935841041251068245592121881691501531215525922192259323835553488584547635853536291753 UP-Pratapgarh39 283279991171137945491881811491481461185725520162254332937393794547587429853338281739 Sambhal36 27318511710895874257189164139133139131522481819205134NR35NR3493634577232752842291652 Santkabir Nagar49 27379011213511898456722219615916317013449265282323532930347843987346184401003052292048 Shahjahanpur32 2632741101021079044571851731501361621334322220141856263235523788544559230862930201341 Sitapur38 3035821301121128344591921761481451461365322817202855293136494092600597238803440291549 Sultanpur42 303584114111108864456NRNRNRNRNRNR5426720242651364138524394656577538853539271549 Unnao41 2831851171151088745572091781501411571245725320202760354038523890554596938873439261548 Ambedkar Nagar40 2839851121311348943602121871581591631326019428202559414140794187707607131843642312069 Amroha41 273482122105959345541801771491331761085121522212765384538443995648587435852539281737 Baghpat45 NR32821271201109044701901811651481481245321028222863345035674092599607833803335241239 Bijnor40 263582103929380445519618014114315414350245171625553240375740107604576035853045301030 Budaun38 2630851151021009144611991631691501701304828021202559254736673794609597130903038261144 Etah45 293580130110110904558207178152156165113532702215274823NR35NR3892679607230973240351840 Fatehpur43 28349010811310390465818417313813214311255225211622482035354135100NR607830803341221535 Ghaziabad41 3134801171121068746571911791611561651405223220202452333939524292633587033843738281642 Hardoi42 2635801111071058545572021801561471601305624518202556303337533987610577536863541271448 Jalaun47 30318511299999245571691691331301441085522520162550343934NR3799571597530902740251640 Kaushambi42 2738871141191078746581921811571521601275423521212558263837553785597577338884041271526 Kushinagar37 28378311211511580456718218214516613713447204261826554343385240102647616148882541331646 Lakhimpur Kheri42 2933821171031078045571891661301371431065622717202556283434633888652587933813342321649 Pilibhit37 2731871151141139545581921731541511651314926020182554384836603995652597840873640281545 Sharwasti39 273880108118117854655183196145159NR1215721824172270NRNR39NR4098569597828852530201533 Siddharth Nagar42 2835801081071058046601881921521581621215122723202853505035703881601608435723545281740 Sonbhadra35 2732801001051057845451761631451261571105221022182556284034503888608627034823030251545 Rampur49 2831801111141008345621871881481541531305024127202765313434NR3598618617228853035311552 Bahraich35 25309012112011490424517619113013714212544250252028423634336532106615568022722736231953 Basti35 2331721201081058240581871691551451581184423922233057495535563993558577632872357311843 Etawah40 273285115110105854655200187146140151130552602025255226NR40604294622628837853940301650 Muzzafarnagar39 2731811181141088745571811681481431551305223819182850334335NR3587506555931753240231351 Chitrakoot45 28348210894948245501811921591591821375522715253063303035584590604607236813145251550 Hamirpur-UP40 3035761311191007846582031811371541481435022220252055NRNR35NR3590615558930823850261650 Deoria35 273083115110959145592251881531342131305121819212575374237513590595606852772941271938 Hapur36 2935771131081019246621891791601591671435021523202557403836473697674627229964550301053 Bulandshahr41 293481121120117874461NR1651581601551594324019203058293935553593542537223913042291530 Kanpur Dehat38 273181105108938344551902001261391351074919711212353303735503585601587630822733241545 Hathras40 303482114113106854457186182152143155129542482023265226NR35NR4095626557531873737291240 Raebareli40 2936831131121108645581871761561461611315522819202341364039534092641587529813242271545 Lalitpur36 282985110100908845561831671421321941184825520151839333832593492600577828843143271829 Mohaba36 2630801031051028748571711681531551811295318225201748313334403592604556732783144281648 Gautam Budh Nagar39 3035731161091038345581881721351311651205023215172959304036553988617557231883537281441 Auraiya40 273677109101987545571771661441431441314923121202655282644504196632577634793937301447 Maharajganj35 2833811171171098044571891781321421551264721322182351364434513691593587237823441301550 Balrampur35 2636801021171158545531671861481371591235722515192458354536NR3997622597137893242281533 Kannauj40 2833831191131078645611881771481431551265323821202548313938NR3893613557225843045281743 Mathura38 3033901191231159044632071681351311451215826327203559344340474098601557638874834311540 Firozabad38 353782113981129841651901741261421821114530126272680232533393599717526940853340301535 Kasganj44 303686122117112874659206195166155176142552632121305723NR36NR3898542547337853847281342 Mainpuri38 30348813212011388426320318716815817614451260242223602425394038105700557035854743252136 Shamli37 2831801151121088544551871721501411481265023015222858274035503486533607232823535251350 Ballia40 2933861091151118946581921711461461471265523222212570313737523994633547335843342261651 Mau39 2734831151141088645561911671451431481205623222222556NRNR35NR3792659557629813140291541 UttarakhandDehradun36 283898136117125984567181173160190164NR572803020256534434052401106926070411104045391552 Haldwani38 363393122112121924557195192174163175148522612820307030435245411026005880301004053381550 RudrapurNR NRNRNRNRNRNRNRNRNRNRNRNRNRNRNRNRNRNRNRNRNRNRNRNRNRNRNRNRNRNRNRNRNRNRNRNRNR Haridwar44 323890136120113904464211201161159165NR642902716317537NR445340102641567642974642371661 WEST ZONEWEST ZONE  ChhattisgarhRaipur33 3142881131101099945571951651391381481145125325242557312640454585724567938913731251132 Durg35 4035831009510083NRNRNRNRNRNRNRNRNRNRNRNRNRNRNRNRNRNRNRNRNRNRNRNRNRNRNRNRNRNR Ambikapur34 303492115112108824141194157174159159NR4825115333039NRNR40NR3270598528040783060331547 Bilaspur-CGNR NRNRNRNRNRNRNRNRNRNRNRNRNRNRNRNRNRNRNRNRNRNRNRNRNRNRNRNRNRNRNRNRNRNRNRNRNR JagdalpurNR NRNRNRNRNRNRNRNRNRNRNRNRNRNRNRNRNRNRNRNRNRNRNRNRNRNRNRNRNRNRNRNRNRNRNRNRNR Dantewada38 384199131113105844462NR188151143155133572472129364742NR40NR45102652586842975049221863 Dhamtari35 2642951321009595446518717912613715012960223262733525045435346108740587445933235231743 RajnandgaonNR NRNRNRNRNRNRNRNRNRNRNRNRNRNRNRNRNRNRNRNRNRNRNRNRNRNRNRNRNRNRNRNRNRNRNRNRNR Koriya39 3539851271021128342752061621541481681904719525302848353446325882693588347782738281742 DNH and DDSilvasaNR NRNRNRNRNRNRNRNRNRNRNRNRNRNRNRNRNRNRNRNRNRNRNRNRNRNRNRNRNRNRNRNRNRNRNRNRNR DamanNR NRNRNRNRNRNRNRNRNRNRNRNRNRNRNRNRNRNRNRNRNRNRNRNRNRNRNRNRNRNRNRNRNRNRNRNRNR Diu49 3955911351401221004664196223194185198141624003025307839575985661127036283481054835392158 GoaPanajiNR NRNRNRNRNRNRNRNRNRNRNRNRNRNRNRNRNRNRNRNRNRNRNRNRNRNRNRNRNRNRNRNRNRNRNRNRNR MargaoNR NRNRNRNRNRNRNRNRNRNRNRNRNRNRNRNRNRNRNRNRNRNRNRNRNRNRNRNRNRNRNRNRNRNRNRNRNR GujaratAhmedabadNR NRNRNRNRNRNRNRNRNRNRNRNRNRNRNRNRNRNRNRNRNRNRNRNRNRNRNRNRNRNRNRNRNRNRNRNRNR RajkotNR NRNRNRNRNRNRNRNRNRNRNRNRNRNRNRNRNRNRNRNRNRNRNRNRNRNRNRNRNRNRNRNRNRNRNRNRNR Surat34 323488112113989244681661741361391561375620518252544373939684491632556732762834391537 BhujNR NRNRNRNRNRNRNRNRNRNRNRNRNRNRNRNRNRNRNRNRNRNRNRNRNRNRNRNRNRNRNRNRNRNRNRNRNR Selamba35 3336931131131029144641671701391461591385521019262450363738674292632537038763133321745 Waghai35 3435931191171019445671671711361461581365520920313146353640604496631557036753034241740 Bodeli34 323493112113989244661671701361461581365620518262542373939684491632557132762834391537 Vapi36 343692112112969044631681731351481591375221018252545393939644591630566836772935391743 Bilimora35 3437891131131019144641681591381551531495320219333142353740624595629546933683135251739 IdarNR NRNRNRNRNRNRNRNRNRNRNRNRNRNRNRNRNRNRNRNRNRNRNRNRNRNRNRNRNRNRNRNRNRNRNRNRNR Jhalod34 333590113113989244661671711361461581365620518373154373939684491632557135762834391537 Songash33 3335871171171058742631661591371511571435120522302836353935604288633565735733134301542 Madhya PradeshBhopal35 283288112110106864662171211176136176NR52255102020504040406042946626090201005540341439 Indore41 2933841031151027946611741971521401531435926815201560353439NR4080643608138843434231540 Gwalior40 313474126119110904563210160172142178NR5022212202563283239614088624557124823535261540 Jabalpur38 2934841101091088244551851781431421651244825018252046364040554090626587630853536251538 Rewa32 2834761019188794555177154148147147NR5523718142058NRNR35NR3585654587623903045301240 Sagar39 283081105105988645591811901381421681365224516231840404140594088698637823842930231437 Jhabua39 293586100105104824558192205180142185NR5728915231755333845534898663NR7226904038272029 Hoshangabad43 323681112113998446551861441301331451035422512262656455242494193652608742902846191852 Shahdol35 293586123112110834450200136125121154NR5221018202058373335504095604587030903040271835 Ujjain38 374289103101102994660155204170135175NR71262132320503138456248966655973281004138281637 Morena40 2834901151131051004666220187146147148110462421415256029NR39NR39100615668140813631281432 Anuppur35 2538801001101158946501981981371431761545524015202040404035404587718607929902535221335 Bhind40 3033841161181148443601811461311231401154424516182049344238623790640617525773135251740 Dhar42 283687114113111964559159187165137171945521215252147343539514091683587229843136201741 Harda40 313584100120110904558179198170148165NR6022020202050404045704591659607240842828171833 Katni35 29348612012011580425016515412613215410050205191420403538455545100604587520804040271535 Khandwa38 303580102103100854552209187173148170NR50238153020433535404740886595584381002632241540 Mandla36 343980951001108245501871831321541731436022729252429454845674793601627525822834211534 Rajgarh40 273082112120100904540174200176143178NR5024010202063NRNR43NR4590681NR8040874037221530 Sidhi35 2835701101001008048601811791591431261155025017202560304135545092633578540823250251550 Chattarpur40 283790117120978045501921761651541481215725020172050354740585398600607220853445311541 Neemuch45 263472115103100704564181143132130137NR5529210252042424141654187562637040752542301545 Burhanpur44 3238791041041047845561691701581331701314931529191940353536NR4995709607235812934211433 Narshinpur40 293585115110107854453203187137137170NR4523912202050413945604890638557935873935251635 Raisen40 303380103120107854657187189143137NRNR5523010202050404139NR4287694627437883131251837 SheopurNR NRNRNRNRNRNRNRNRNRNRNRNRNRNRNRNRNRNRNRNRNRNRNRNRNRNRNRNRNRNRNRNRNRNRNRNRNR Agar malwa35 283376126112108954358175168153150142NR4828220242139454747NR4778679587034923127241531 Umaria34 333585107110110854856183159137137154NR502201520205040NR45NR4797622607840832847271540 Shajapur40 283385113111105874360167187156143161NR5025018222350353237NR4592670598033833331251530 Dewas41 293486112107103914561179190153147166NR5522912212451373940564498676607535903835261536 Khargone39 313878115122110854350186156136126132NR4922516302040404040654090640558435853540301535 Singrauli37 263383911121148147591831911511401391165323914231966NR4036NR4490671557235852540211433 Chhindwara49 3237851261181218344541911791371421601374420010282048373738394388718597335983737371950 Sehore38 273385110110100904558165192154143165NR5021012201950NRNR49NR4992635607129853035241548 MP-Ashoknagar41 273173120110100924360188168157141147NR4221012212060374040NR4091639578740893845251538 BalaghatNR NRNRNRNRNRNRNRNRNRNRNRNRNRNRNRNRNRNRNRNRNRNRNRNRNRNRNRNRNRNRNRNRNRNRNRNRNR Guna39 2630791001031008545581961911701431751344821720172042334150695088692607445843738271528 Ratlam40 3034801071111068545611731701531381571314924010251652304041624388619587227752828211533 Satna35 28378710585908245601981411461301811105026020203050404334603565692556547752733301550 Vidisha39 303581105115110874457175194139147170NR5224711141738404038683988648608323923230251440 Alirajpur35 28358412095111914355185148139136144NR4824210232272313545NR4793619577321774043291732 Betul39 27347998103100814659176203137142176NR50251122725494445436545104690608028803031201740 Damoh41 293278111109107834562198167137144164NR4821113202057373937563986575577329813139311543 DindoriNR NRNRNRNRNRNRNRNRNRNRNRNRNRNRNRNRNRNRNRNRNRNRNRNRNRNRNRNRNRNRNRNRNRNRNRNRNR Niwari36 2632781119496844660199193188138149NR4621530201953NRNR40NR4097720608128923340271935 SeoniNR NRNRNRNRNRNRNRNRNRNRNRNRNRNRNRNRNRNRNRNRNRNRNRNRNRNRNRNRNRNRNRNRNRNRNRNRNR Panna38 263675125100959045521781731281331301125321011201759404835604597651567537722535311247 Tikamgarh35 26309012512595904450205167142149147NR50200202030423035404045100651587022852941201740 Datia47 283183122111937845582151681471561861245122326303153413540784093685628538863938261540 Maihar39 29359010095958248552201641431481651135020512201860NRNR40NR45100725587239972940381240 MaharashtraMumbai42 4154921151311261004658226214190153168130833102832325842515363521206795880801056942481945 Nagpur52 48539112712511993516421920116716217613169283274135463948507550110681619441923548281860 Pune38 4451891251121168545741901871551511601495633733363546373941424189530608055954141271743 Nashik41 424093110116111964458178213174141163138553172830284843595055501016405867651075337291437 Mangaon-Raigad49 4447951141231161004860186207196139179121623533031314145504757481127696072541156241351960 Dharni42 313792112108115904653196186160156180NR5232513292153343040NR4392743618048933240221748 Latur56 3947881131121228744631812041331391521374922824322845344439613996732567272944736211846 Akluj49 3438831021021008945542001961371431551185033530252535324239603893659524943983038201228 Arni Yavatmal44 343699123125114904363170192154144157NR57300103031503532477055103784557240994542201540 Chandrapur34 3548891121111141004759185186198148166NR66249303037305255575354121611606822963234312073 Karad Satara43 374989122117118944470185182167152168149502933029244239394057411116705872671023741252043 Ahemednagar53 44478912912411999435315316116414715314249259302621363138394439108567586047992939241825 Khultabad49 343679110111106804545179NR1421391471285632220383150353549NR4688702608048873224211641 Islampur39 424891123129120904472208199147156167136513432730224736393943431096536077401035953352741 Kankavli47 384999127119121100446018419416414616213053352203829624039454644108666547944774744241858 Partur50 3240801151201108843561812041511491561484940110302052323443NR4787775NR8478924042191547 Gondia49 34368010610010282465817520813814216915062250292225433737375038908095965301054954281934 Jalgaon46 3747911151261111044665174205174146162155614632823233244405752561077075969431174541281543 Akola43 344485119125116974568176198165144162NR58320292727573840486548103747608353884244211633 RajasthanJaipur45 3137771029889814751179196157154152NR5130314142058242845NR4980600588123722948392236 Jodhpur41 323479127123101894354217182NRNR169NR51272222024352952525247105672559127697333291742 KotaNR NRNRNRNRNRNRNRNRNRNRNRNRNRNRNRNRNRNRNRNRNRNRNRNRNRNRNRNRNRNRNRNRNRNRNRNRNR Udaipur46 3135851271131198547501962111591371701496332426242371384335535487604587640933535231440 Bharatpur45 273491117109111904458198176137152NRNR4729728202953273040654482637607525903738251240 AjmerNR NRNRNRNRNRNRNRNRNRNRNRNRNRNRNRNRNRNRNRNRNRNRNRNRNRNRNRNRNRNRNRNRNRNRNRNRNR Bikaner49 3338821121121088551531501531291461411464824010212238364050NR5080699559050803031232234 Bundi43 29369711410894824869187200129177183NR4337730383068364137784790732607852854148312154 RajsamandNR NRNRNRNRNRNRNRNRNRNRNRNRNRNRNRNRNRNRNRNRNRNRNRNRNRNRNRNRNRNRNRNRNRNRNRNRNR Alwar52 3135911281181051034658195165144150170NR5133326242642314046594588563576921884143261641 Banswara40 273394129123100874153170149148NR150NR4627724312346343746494696538578536864737361140 Baran40 313680132117110804150195144122123127NR41NRNR222272283240374589667556740903531341137 Barmer38 343486125114959043NRNR153122132NRNR44NR19193467293639554589628608044832760272043 Bhilwara52 3037961171119894435119617514515717615644287113123472933405341756055360379137362019NR ChhitorgarhNR NRNRNRNRNRNRNRNRNRNRNRNRNRNRNRNRNRNRNRNRNRNRNRNRNRNRNRNRNRNRNRNRNRNRNRNRNR Churu35 282890NR110NR824246173151145113NRNR4030515203040284032355080700558440100NR33401540 Dholapur41 25318112510298904656222194154146NRNR492321627286029NR44NR4492633628140783232201440 Dungarpur44 2834941261111039045561741721631651701524628822333258413644805290630619145803741402642 Hanumangarh34 273584127112106854446216167187129129NR4031821323435NRNRNRNRNRNRNRNRNRNRNRNRNRNRNRNR Jaisalmer40 32358411512095824555194179145132152NR52260193026413134436445976026212039843930241342 Jalore44 343491113120105904254200154127154157NR4231015343432304041NR5096545607847984140291743 Jhalawar42 29338413011498854355193163144148158NR4328719212349283342514590674588033783139301840 JhunjhunuNR NRNRNRNRNRNRNRNRNRNRNRNRNRNRNRNRNRNRNRNRNRNRNRNRNRNRNRNRNRNRNRNRNRNRNRNRNR Karauli40 24328413211510594455219014112812913310140312221928NR2522403750106612608838943346221839 NagaurNR NRNRNRNRNRNRNRNRNRNRNRNRNRNRNRNRNRNRNRNRNRNRNRNRNRNRNRNRNRNRNRNRNRNRNRNRNR PaliNR NRNRNRNRNRNRNRNRNRNRNRNRNRNRNRNRNRNRNRNRNRNRNRNRNRNRNRNRNRNRNRNRNRNRNRNRNR RJ-Pratapgarh41 29327013310797834345178172150154NRNR4429819252540343640NR42103707606039694636251540 Sikar63 3133871301201061004452161198130133132NR60246293430453030313030106566637133913030292932 SirohiNR NRNRNRNRNRNRNRNRNRNRNRNRNRNRNRNRNRNRNRNRNRNRNRNRNRNRNRNRNRNRNRNRNRNRNRNRNR Sri Ganganagar49 293585112119115794553188179140139NRNR43265NR202153NRNR39NR3590709NRNR25793030292740 TonkNR NRNRNRNRNRNRNRNRNRNRNRNRNRNRNRNRNRNRNRNRNRNRNRNRNRNRNRNRNRNRNRNRNRNRNRNRNR Sawai MadhopurNR NRNRNRNRNRNRNRNRNRNRNRNRNRNRNRNRNRNRNRNRNRNRNRNRNRNRNRNRNRNRNRNRNRNRNRNRNR EAST ZONEEAST ZONE  BiharPatna40 28368499105103834958NR187148NR1801675227826223052NRNR40NR40100604568430904040251544 Bhagalpur38 28338110711098794757NR1801231231691174632028172758496134NR351046355884359629342118NR Purnia38 31367896106104794957NR197142158NR12044324181821545858426144108703558235973634251748 Darbhanga39 28387995112108884556NR200185163NR11946193281822585656324433108703607229992544232950 Gaya33 263881126106108824560NR1801351441421205534025232460NRNR35NR39110675598033843337231643 Muzzafarpur38 273283116117111814757NR1931521551991235228727212367464838523999600578332893739261449 SaranNR NRNRNRNRNRNRNRNRNRNRNRNRNRNRNRNRNRNRNRNRNRNRNRNRNRNRNRNRNRNRNRNRNRNRNRNRNR Munger38 273491136112121814457NR1681541541251134624028143425NRNR34NR40100584607929925440391655 Saharsa40 303592137115107834556NR168136137NRNR5227521203167NRNR40NR3793684557440955247371140 Madhubani38 2934861371151098246552091641611621711274527324232745NRNR314833107619576929823232241150 Rohtas (Sasaram)34 363984105100928551662011991781641891375422028192547385937544099690608246772430191236 Motihari46 30348410611410684445520419318216020413845265181920593231344933108592537626782944241931 Samastipur39 2835851401171147845541651941371241501375330326192168303834733795617579240972576251152 Katihar40 323593128129109804659NR183127133146NR4830520233257NRNR34NR34110590NR72389823502013NR Araria31 263181141121114844658NR18715616719813250330202020606060356550100604607642902540301345 Nawada44 323688113110107834960NR17915918218115153280302432595048425745103718618474873537281364 Khagaria42 283481105128110844742NR1931431541611474237028222157NRNR40NR40115611547828902650301630 BankaNR NRNRNRNRNRNRNRNRNRNRNRNRNRNRNRNRNRNRNRNRNRNRNRNRNRNRNRNRNRNRNRNRNRNRNRNRNR Arwal37 313682116116118804459NR2071841771831224828026213041NRNR32NR361006595510639802540241547 Aurangabad37 293384114107105824755173183159156170115572202819235850NR36NR38108769587850892943301550 Begusarai37 29357410411010575455523917116816015913946262141621455242355237108623587839962532201735 Bhojpur Ara43 24288298115100784652203214137145151NR5636230202570NRNR31NR33100681608033804545321447 Buxar33 2833801001001018046602022011711681781424732725212558415132553288703608436813930242049 Gopalganj37 27358011910710780445518917414814515111451238292424644344394340117659566431864340351157 Jamui39 283378103112113754560NR165148161NR12946242281823403958414843101623609020862636261650 Jehanabad28 303281113111108754555NR194185164NRNR5124424182253NRNR39NR40976605410024832440211555 Kaimur39 273382109110109794757NR1941731651831205421420162445393937NR3986714617735823032201552 KishanganjNR NRNRNRNRNRNRNRNRNRNRNRNRNRNRNRNRNRNRNRNRNRNRNRNRNRNRNRNRNRNRNRNRNRNRNRNRNR Lakhisarai40 304078124129115854759NR225174167NR15252283272027575560454345103674609540833539291540 Medhepura37 293581114114109814758NR1881601701861434827522222661NRNR36NR35103634598041873438311443 Nalanda35 323487138123116834462213145125118159NR48390281924NR506045604595NR608240752530182160 Sheikhpura38 303593124114115804456NR148130136137122502452716253445NR385140110640587025953030411340 Sheohar39 2733801171191137745581701721561711811275023224222460NRNR364139109670557530822740191357 Sitamarhi34 303380100108103814758NR19516315816814748223281823574251353535103711588244963236231048 Siwan34 28328296102987747601671961511531511295421027192235474333513588742616626763141271448 Supaul39 293779116116116764855NR192141NRNR1215426312192463NRNR36NR36112580588443802656351555 Vaishali35 2934801031171027946502201801511542031415420729202560494935393985659559425772634171238 West Champaran38 28348112012011081445620518816715517811345260202222493541334539105567547637905155271747 JharkhandRanchi43 37378211211311181475823619914515716612953237282125653535393548110597608468924340301457 GumlaNR NRNRNRNRNRNRNRNRNRNRNRNRNRNRNRNRNRNRNRNRNRNRNRNRNRNRNRNRNRNRNRNRNRNRNRNRNR SahibganjNR NRNRNRNRNRNRNRNRNRNRNRNRNRNRNRNRNRNRNRNRNRNRNRNRNRNRNRNRNRNRNRNRNRNRNRNRNR Bokaro34 3537861321001108646571891721601641821455132225283057NRNR33NR40100709558929812842251360 Lohardaga36 313685110125110804561NR1551291401521274420326202540NRNR38314090651567325804230271138 SimdegaNR NRNRNRNRNRNRNRNRNRNRNRNRNRNRNRNRNRNRNRNRNRNRNRNRNRNRNRNRNRNRNRNRNRNRNRNRNR Dhanbad40 3536801061111108146592421921511701871325324526202959355137514096718577547883041331849 Jamshedpur (East Singbhum) 40 353910012112512090475822019216515416813258200292133633230405952110604588075903032281250 GiridhiNR NRNRNRNRNRNRNRNRNRNRNRNRNRNRNRNRNRNRNRNRNRNRNRNRNRNRNRNRNRNRNRNRNRNRNRNRNR Seraikella35 313980108109108784760187192155158166113552072819246038NR41NR4392600608442803033251452 West SinghbhumNR NRNRNRNRNRNRNRNRNRNRNRNRNRNRNRNRNRNRNRNRNRNRNRNRNRNRNRNRNRNRNRNRNRNRNRNRNR DaltonganjNR NRNRNRNRNRNRNR4860NR192156162NR1405828526152055NRNR4156461066446310250863238261646 Deoghar40 35369011012011080486017619217617017613250300301825805050456055100769608030904040301840 RamgarhNR NRNRNRNRNRNRNRNRNRNRNRNRNRNRNRNRNRNRNRNRNRNRNRNRNRNRNRNRNRNRNRNRNRNRNRNRNR Pakur41 39417910793959248602001921721431831526030027202765414148516095644608050962533221543 Jamtara34 2835851041091119951601561971441661701485934828212979NRNR37NR5189655618359994951391549 Latehar42 283583114108107795261174209166170NR1384919632262671NRNR41NR56113724618940854637291666 GoddaNR NRNRNRNRNRNRNRNRNRNRNRNRNRNRNRNRNRNRNRNRNRNRNRNRNRNRNRNRNRNRNRNRNRNRNRNRNR Koderma39 3336841031081058046632042021381651891385919729252567NRNR36NR3890707648060823934201059 OdishaBhubaneshwar40 364682100100110804854NR200127NR1651475523027202950NRNR38494490NRNR8050853430201250 CuttackNR NRNRNRNRNRNRNRNRNRNRNRNRNRNRNRNRNRNRNRNRNRNRNRNRNRNRNRNRNRNRNRNRNRNRNRNRNR SambalpurNR NRNRNRNRNRNRNRNRNRNRNRNRNRNRNRNRNRNRNRNRNRNRNRNRNRNRNRNRNRNRNRNRNRNRNRNRNR Rourkela36 363683999797794754NR2011311301651415419026212450373740404291529587647813032231550 Berhampur44 4040809699100715054NR215153NR1791435524521202453NRNR38495084703537060843545291446 Jeypore45 4038861009897814754NR2011321371661385823728202550404038454280736607040753035201242 Balasore38 4145821029893764654NR203163NR1661245924028202963NRNR42NR4393620598462932840281145 Baripada37 37428510710996804754NR189160NR166143552452618254935NR484451116687617857912942301461 Balangir39 3738831009895804654NR207127NR16312160NR29232058NRNR38NR4390714608048772735201540 AngulNR NRNRNRNRNRNRNRNRNRNRNRNRNRNRNRNRNRNRNRNRNRNRNRNRNRNRNRNRNRNRNRNRNRNRNRNRNR BoudhgarhNR NRNRNRNRNRNRNRNRNRNRNRNRNRNRNRNRNRNRNRNRNRNRNRNRNRNRNRNRNRNRNRNRNRNRNRNRNR Dhenkanal40 3544821009898844954NR207141NR165143574302920287050NR36504586696588460824030201250 JagatsinghpurNR NRNRNRNRNRNRNRNRNRNRNRNRNRNRNRNRNRNRNRNRNRNRNRNRNRNRNRNRNRNRNRNRNRNRNRNRNR KandhamalNR NRNRNRNRNRNRNRNRNRNRNRNRNRNRNRNRNRNRNRNRNRNRNRNRNRNRNRNRNRNRNRNRNRNRNRNRNR KeonjharNR NRNRNRNRNRNRNRNRNRNRNRNRNRNRNRNRNRNRNRNRNRNRNRNRNRNRNRNRNRNRNRNRNRNRNRNRNR MalkangiriNR NRNRNRNRNRNRNRNRNRNRNRNRNRNRNRNRNRNRNRNRNRNRNRNRNRNRNRNRNRNRNRNRNRNRNRNRNR NabarangpurNR NRNRNRNRNRNRNRNRNRNRNRNRNRNRNRNRNRNRNRNRNRNRNRNRNRNRNRNRNRNRNRNRNRNRNRNRNR Nayagarh39 NR4285117118110854653NR205169NR1601345834026192757NRNR38434385651588440853344241442 Nuapada45 355090120110120804554NR208165NR1701435524030252550NRNR45404880769608450903030241850 Paralakhemundi GajapatiNR NRNRNRNRNRNRNRNRNRNRNRNRNRNRNRNRNRNRNRNRNRNRNRNRNRNRNRNRNRNRNRNRNRNRNRNRNR Puri38 NR438510510399794655NR190152NR1641315627926202549NRNR41NR4394671607543863642261347 Rayagada42 435087105108106804956184206140NR16612755NR30232760NRNR48395090731627643823435261248 SonepurNR NRNRNRNRNRNRNRNRNRNRNRNRNRNRNRNRNRNRNRNRNRNRNRNRNRNRNRNRNRNRNRNRNRNRNRNRNR BhadrakNR NRNRNRNRNRNRNRNRNRNRNRNRNRNRNRNRNRNRNRNRNRNRNRNRNRNRNRNRNRNRNRNRNRNRNRNRNR JharsugudaNR NRNRNRNRNRNRNRNRNRNRNRNRNRNRNRNRNRNRNRNRNRNRNRNRNRNRNRNRNRNRNRNRNRNRNRNRNR Kendrapara39 384585105102100824554NR198154NR1591385128028192540NRNR40564387692607135852936231450 Jajpur37 40438010110790794656NR199177NR15911655NR25182560NRNR36NR41100659549260853840221360 Kalahandi41 374982111111109844755NR210159NR1671295239529222767NRNR413749101753NR8440842732261350 West BengalKolkata55 NR39881131221131214958NR1991691501691206726729203277NRNR40NR59105775628070883629221955 Siliguri41 3145901221181131014364NR193NR162165NR6922213203072NRNR40NR49947166286NR985836231241 Purulia37 NR38841181111059945571771921581491701415328127162562NRNR46NR58111651617553843144372042 Kharagpur49 35398511711511811353652121961411281671215928030252758NRNR45NR4397753598467873540211667 Rampurhat58 3342871261221109546561981941541591691115429026162460NRNR41NR4578714607140953639401450 Malda44 2941911421171201004858NR194NR1481771316031820192759NRNR38NR61915936084551004235301560 Raiganj41 27338511812210711046481871981441361671215726312172272NRNR37NR6798630588048854228241762 Alipurduar39 NR4281130109111984865NR189NR1501801206124012172854NRNR44NR4784673627926992734281247 Asansol53 NR3988109114111934867NR1881531461651515333828183077NRNR38NR4898713588255754640401645 Balurghat50 2937921231231111084850NR2011551351701244535129202577NRNR54NR5581650598460983931251560 Bankura40 NR3790121121117984861NR198NR1321761265928322172564NRNR35NR6197577628067903035281343 Barasat51 32419312811511111746551951991891531671466027026192863565538655475632577464853733231234 Bardhaman54 NR418311511511812447582271941501301691335130927172660NRNR37NR4495730597952953532231358 BaruipurNR NRNRNRNRNRNRNRNRNRNRNRNRNRNRNRNRNRNRNRNRNRNRNRNRNRNRNRNRNRNRNRNRNRNRNRNRNR Berhampore46 304087111112116994960NR1891601531751444927324192558NRNR36NR6287617587847883031251338 Chinsurah55 NR41851151251151034957NR1811461591831095529128182961NRNR35NR6183578617848883837261461 Cooch behar50 NR40961381161151044860NR203164153181132703003019317957544050401396596080421095039391559 Howrah57 NR381011291101291255062NR198199155173NR7024028193468NRNRNRNR601107145972991153636281563 Jalapiguri44 3547921301421121325378NR2001451611761226230028243078NRNR36NR601027076184421005533291562 Jhargram41 NR371011211161211134661NR1891481481701285129228172162NRNR35NR5990672618462813738251546 Kalimpong45 3535811501251181004667NR174136141181NR6238716253374NRNR39444199723NR91591017050311946 Krishnagar45 NR40971301081101074454NR1741551461551384725527222863NRNR35NR55NR557558090822531311740 Tamluk54 NR48981201201221335158NR197NR143166NR6029728193080NRNR38NR60113729618080983735281439 NORTH EAST ZONENORTH EAST ZONE  Andaman and NicobarPort BlairNR NRNRNRNRNRNRNRNRNRNRNRNRNRNRNRNRNRNRNRNRNRNRNRNRNRNRNRNRNRNRNRNRNRNRNRNRNR MayabunderNR NRNRNRNRNRNRNRNRNRNRNRNRNRNRNRNRNRNRNRNRNRNRNRNRNRNRNRNRNRNRNRNRNRNRNRNRNR Car NicobarNR NRNRNRNRNRNRNRNRNRNRNRNRNRNRNRNRNRNRNRNRNRNRNRNRNRNRNRNRNRNRNRNRNRNRNRNRNR Arunachal pradeshItanagar39 NR4491143130120905074NRNR176149NRNR7540017263635NRNR45NR5299702578342795753301769 Namsai36 NR4290120120120935076NR165NR187165NR8027715253060NRNR50NR60120660599623805030281850 Pasighat50 NR501001301301001006078176220165172169NR9040020304067NRNR50NR537369259100701007583431560 Tawang45 4545100142140137985773NR208120137165NR10034020414252NRNR42NR5393684579250982883302862 AssamGuwahati39 334081108951009049702232101651541701436022013223363NRNR42NR44NRNRNR8140NR37NR221980 Barpeta35 413985113951028249741982131391541641326225210212939494342975283705637933833833281857 Tinsukia34 34408611085105905077NR220187170181NR6520010183055NRNR45NR4595736648435803535252040 DhubriNR NRNRNRNRNRNRNRNRNRNRNRNRNRNRNRNRNRNRNRNRNRNRNRNRNRNRNRNRNRNRNRNRNRNRNRNRNR Goalpara42 323991136120111884859NR1841611511641585125810183038NRNR38NR5497677608040974131311857 Golaghat47 344290130901109550NRNR1561461481461457328314213047NRNRNRNRNRNRNRNR94487045NR251662 Mangaldai45 33387810795110874870NR1891451411601646026912193550NRNR39NR42NRNRNR8430NRNRNR301765 Mushalpur40 38369112995118904973NR2111441521481445024310203073NRNR37NR50828176080368729NR231557 Udalguri41 NR419912997107854575NR213NR1451721455826011193346NRNR38NR3873687NR79278042NR211352 Bajali36 334090130105115904870164209NR1591831375936310203355NRNR3610345858026010233906160322565 Hojai36 NR3988110102100904962NR1991461361731527024012203063NRNR39NR42826725784301013340301148 Jorhat40 36388511511510810650741812131611541611326020812202750NRNR55NR5478NRNR9240NRNRNRNR1253 Bongaigaon44 NR358211297110904770NR184152150165NR6032210203056NRNR37NR6076NRNR8440NR40NR301855 Morigaon40 404085125119110954774187200168159170143602401023306750NR41NR50105674608058754540251570 Sonari40 384095115NR1151004877NR197NR154NRNR7122012193057NRNR37NR6095NRNR8145754342301552 Tamulpur37 383988122105111894977NR192148145NR1156026310203540NRNR38NR5280741NR8530NRNRNR221058 Sivasagar49 4150901271181081054877NR2122021761921535825311242762336354NR5890679629340833756331150 Biswanath CharialiNR NRNRNRNRNRNRNRNRNRNRNRNRNRNRNRNRNRNRNRNRNRNRNRNRNRNRNRNRNRNRNRNRNRNRNRNRNR Dibrugarh37 NR38931191181091034974NR211152175187NR6025315223267NRNR41NR5793775609555823943301365 Karimganj37 NR4082118120103814875NR207NR126183NR7023514202860NRNR40NR65130NR609050NR37NR261548 Majuli47 NR3610213091118975070NR187NR131NRNR6026015253446NRNR40NR42113NRNR84407045NR351540 Sonitpur Tezpur37 3041871151001128547691631471671421621204931010202547NRNR40NR4580749628440965060301780 Haflong35 NR4590130NR115905074NR187NR137198NR8027015254040NRNR44NR45907586090401104040251980 AS-Lakhimpur39 NR4186112105112924972NR181156156161NR5618815192848NRNR41NR4288606597648813758321348 Diphu39 NR3990112110111904974NR189NR137NR12480242132035574560406563110714629027885540291460 Nalbari38 NR408513094110854872NR2111451651761565630310203040NRNR40NR4478820628440804350301562 South Salmara Mankachar38 393981142NR116804773NR19918117018114360230113031NR838541NR61NR807598440754147382156 Kamrup38 NR388611989104854770NR218NR1741901225321315203142NRNR38NR4580NR588435NR42NR241553 ManipurImphal51 47441031281271189757NR1522092191741981609327025294163526647727979765NR9574823634181454 ChandelNR NRNRNRNRNRNRNRNRNRNRNRNRNRNRNRNRNRNRNRNRNRNRNRNRNRNRNRNRNRNRNRNRNRNRNRNRNR JiribamNR NRNRNRNRNRNRNRNRNRNRNRNRNRNRNRNRNRNRNRNRNRNRNRNRNRNRNRNRNRNRNRNRNRNRNRNRNR KangpokpiNR NRNRNRNRNRNRNRNRNRNRNRNRNRNRNRNRNRNRNRNRNRNRNRNRNRNRNRNRNRNRNRNRNRNRNRNRNR SenapatiNR NRNRNRNRNRNRNRNRNRNRNRNRNRNRNRNRNRNRNRNRNRNRNRNRNRNRNRNRNRNRNRNRNRNRNRNRNR TamenglongNR NRNRNRNRNRNRNRNRNRNRNRNRNRNRNRNRNRNRNRNRNRNRNRNRNRNRNRNRNRNRNRNRNRNRNRNRNR ThoubalNR NRNRNRNRNRNRNRNRNRNRNRNRNRNRNRNRNRNRNRNRNRNRNRNRNRNRNRNRNRNRNRNRNRNRNRNRNR UkhrulNR NRNRNRNRNRNRNRNRNRNRNRNRNRNRNRNRNRNRNRNRNRNRNRNRNRNRNRNRNRNRNRNRNRNRNRNRNR MeghalayaShillong38 403993143127120884977NR187187139NRNR6732030254053NRNR40NR40117680608153804753272187 Tura36 NR42100137NR118904977NR183NR1741891328029318274053NRNR42NR6090714588450735053272070 Jowai37 404090NRNR120874974NR154NR152NRNR8036015253853NRNR40NR4088651627850805040301673 SohraNR NRNRNRNRNRNRNRNRNRNRNRNRNRNRNRNRNRNRNRNRNRNRNRNRNRNRNRNRNRNRNRNRNRNRNRNRNR Mairang38 4543NRNRNR120905074NR159NR154NRNRNR38017254050NRNR45NR45110NR608470846060312098 Nongpoh35 NR4288140NR122885277NR156NR154NRNR7035315254057NRNR40NR4395651628857835065321977 Khliehriat39 414093137NR115844975NR156NR154NRNRNR32030283847NRNR41NR4477NR607843785843281577 Williamnagar35 4035110150NR120905070NR197NR186NR1648032015254560NRNR38NR6590749578455804070202080 Nongstoin35 4242NRNRNR120875073NR154NR154NRNRNR34715254050NRNR43NR45107651628052805255261582 Mawkyrwat35 4545NRNRNR120805074NR143NR137NRNRNR37016263866NRNR35NR45107703608860915040401677 MizoramAizawl50 425010715313013393508025424223114323113710052030474577NRNR50NR70907036090789010090604078 Lunglei55 4050117NR1531401005585NR231220143253NR9746030376090NRNR50NR92107681601006010010067422090 Kolasib49 404395160130128925580NR204NR13516414310047030404080NR4043NR781376596090709210083403550 Mamit48 NR46105154NR108955080NR207NR143NRNR128420302850100NRNR45NR939553759954498NR88534068 Champhai45 354590140NR1271005780NR167209159NRNR9352030605870NRNR45NR8090576601085597NRNR684070 Serchhip45 NR49107NRNR1301005080NR242NR143NR143100520303750100NRNR55NR801606336096531078090302360 Siaha55 NR501031571381481025580NR242219147NR110100250304052NRNRNR50100951106316010010080NR60604093 Lawngtlai50 45501001601401401005080NR242NR143NR12111048030406090NRNR50NR801406606010080100NR906040100 Hnahthial53 4550NR1531571331035284NR231NR139NRNR125500304050113NRNR50NR90140620601006090NR90502085 Khawzawl52 354893NR1321221005082NR21814815414313212745230455387NRNR47NR7810061560985398NR85584283 Saitual54 4550100NR140NR1005580NR209NR147NRNR120513303550120NRNR50NR90100NR589580100NR90502280 NagalandKohima50 4545100170130120905076NR154198165NRNRNR34020305080NRNR45NR90907036086551008065501570 Dimapur45 4450701601121209055802091652201872091698035020253543NRNR45NR100160769678035757580501580 Tuensang37 3855100NRNR1209550NRNR176NR181NRNRNRNR20204040NRNR50NR50100NR5892421003590503060 Mokochung46 NR58120160140120905074NR154181165209NR8034015305070NRNR60NR701207146090401007070402052 Chumukedima40 NR3690143120112925070NR249202187198NR7831818224850NRNR40NR83127657701124893NR77373252 Mon40 NR60100NRNR1251005070NR154NR165NRNR8034018205065NRNR60NR70NRNR608050NRNR65452050 Peren38 454590NR120120905070NR148NR164NRNR9032020255060NRNR57NR70113651609647854070432050 Phek40 50501001501401301005072NR163NR165NRNR8035020NR5057NRNR50NR10010063068NR601006063563040 Tseminyu50 NR57NRNRNR1371005570NR161NR163NRNRNR37715304366NRNR53NR8090714608750NRNR904219NR Wokha53 NR6898NRNR120985074NR158NR158NRNRNR30015304070NRNR70NR801006926084501006065401570 Zunheboto55 NR50NR140NR110904575NR165NR154NRNR6024018305060NRNR55NR75NR703NR82601203070402560 Kiphire38 NR60120150140120905570NR148NR165NRNR7534518284545NRNR45NR8595648658055908075551540 Longleng38 4050NR150NR1201005075NR163NR165NRNR8035020254850NRNR62NR721207206096701204075501750 Niuland38 NR40NR145120120855065NR154NR154NRNRNR33015254060NRNR40NR6090NR608435NR4055401530 Shamator40 5060107150NR1001005080NR165NR165NRNR8035720304575NRNR60NR80127688609045100NR95502060 Noklak40 5063120NRNR1401005580NR165NR176NR13280NR20306077NRNR60NR821307695991581006273352050 SikkimGangtok45 3840100NRNR120905065NR209142137198NR6028020303570NRNR45NR70120680629660775060302370 Gyalshing45 363890NRNR120955068NR220143165187NR6030020303580NRNR40NR70120680628670855535251560 Namchi45 404090NRNR1201005068NR220165148192NR6036023303080NRNR40NR80120747628070905060301570 Soreng45 404590NRNR1201005568NR220159165NRNR6035020304080NRNR4540801206516296701007050301970 Mangan45 3840100NRNR130905568NR220154170NRNR6046020304090NRNR40NR70120792629660904250302370 Pakyong54 4040110NRNR130955568NR220148176176NRNR30024304080NRNR45NR70120747629670905060302380 TripuraAgartala39 NR40871111141001175175NR2031701681981537023710203057NRNR40NR5090674619060974541271370 Dharmanagar37 NR43871161171031195275NR187NR137NR1286424010223052NRNR42NR4595710609253934340261468 Belonia41 NR42901151181051205480NR205NR1702001557524513223260NRNR44NR52956816292651004644311580 TR-Udaipur40 NR42901131161021195276NR2051741722001547523910233263NRNR42NR50956876392651004642321473 SOUTH ZONESOUTH ZONE  Andhra PradeshVijaywada46 434585105107108894660170156148NR1601265428716312339414342524595586586823882239231848 Visakhapatnam45 4042821041041058445581691871461411581215228015232552404041454389659577033833136201545 Kurnool48 4143811011021078944581661961251301621185331319272129383741514289765616735843437211331 TirupathiNR NRNRNRNRNRNRNRNRNRNRNRNRNRNRNRNRNRNRNRNRNRNRNRNRNRNRNRNRNRNRNRNRNRNRNRNRNR JammalamaduguNR NRNRNRNRNRNRNRNRNRNRNRNRNRNRNRNRNRNRNRNRNRNRNRNRNRNRNRNRNRNRNRNRNRNRNRNRNR DharmavaramNR NRNRNRNRNRNRNRNRNRNRNRNRNRNRNRNRNRNRNRNRNRNRNRNRNRNRNRNRNRNRNRNRNRNRNRNRNR OngoleNR NRNRNRNRNRNRNRNRNRNRNRNRNRNRNRNRNRNRNRNRNRNRNRNRNRNRNRNRNRNRNRNRNRNRNRNRNR BapatlaNR NRNRNRNRNRNRNRNRNRNRNRNRNRNRNRNRNRNRNRNRNRNRNRNRNRNRNRNRNRNRNRNRNRNRNRNRNR Rajahmundry48 43438210094103864550170190135NR1621245329620242537434542454492534516643873434161343 EluruNR NRNRNRNRNRNRNRNRNRNRNRNRNRNRNRNRNRNRNRNRNRNRNRNRNRNRNRNRNRNRNRNRNRNRNRNRNR GunturNR NRNRNRNRNRNRNRNRNRNRNRNRNRNRNRNRNRNRNRNRNRNRNRNRNRNRNRNRNRNRNRNRNRNRNRNRNR AmalapuramNR NRNRNRNRNRNRNRNRNRNRNRNRNRNRNRNRNRNRNRNRNRNRNRNRNRNRNRNRNRNRNRNRNRNRNRNRNR Nandyala49 4241831011051098645581721871471541641325526215252534333541434186714647125792837161627 ParvathipuramNR NRNRNRNRNRNRNRNRNRNRNRNRNRNRNRNRNRNRNRNRNRNRNRNRNRNRNRNRNRNRNRNRNRNRNRNRNR Sri Sathya SaiNR NRNRNRNRNRNRNRNRNRNRNRNRNRNRNRNRNRNRNRNRNRNRNRNRNRNRNRNRNRNRNRNRNRNRNRNRNR NelloreNR NRNRNRNRNRNRNRNRNRNRNRNRNRNRNRNRNRNRNRNRNRNRNRNRNRNRNRNRNRNRNRNRNRNRNRNRNR SrikakulamNR NRNRNRNRNRNRNRNRNRNRNRNRNRNRNRNRNRNRNRNRNRNRNRNRNRNRNRNRNRNRNRNRNRNRNRNRNR VizianagaramNR NRNRNRNRNRNRNRNRNRNRNRNRNRNRNRNRNRNRNRNRNRNRNRNRNRNRNRNRNRNRNRNRNRNRNRNRNR AnakapalliNR NRNRNRNRNRNRNRNRNRNRNRNRNRNRNRNRNRNRNRNRNRNRNRNRNRNRNRNRNRNRNRNRNRNRNRNRNR BhimavaramNR NRNRNRNRNRNRNRNRNRNRNRNRNRNRNRNRNRNRNRNRNRNRNRNRNRNRNRNRNRNRNRNRNRNRNRNRNR ChittoorNR NRNRNRNRNRNRNRNRNRNRNRNRNRNRNRNRNRNRNRNRNRNRNRNRNRNRNRNRNRNRNRNRNRNRNRNRNR KakinadaNR NRNRNRNRNRNRNRNRNRNRNRNRNRNRNRNRNRNRNRNRNRNRNRNRNRNRNRNRNRNRNRNRNRNRNRNRNR MachilipatnamNR NRNRNRNRNRNRNRNRNRNRNRNRNRNRNRNRNRNRNRNRNRNRNRNRNRNRNRNRNRNRNRNRNRNRNRNRNR NarasaraopetaNR NRNRNRNRNRNRNRNRNRNRNRNRNRNRNRNRNRNRNRNRNRNRNRNRNRNRNRNRNRNRNRNRNRNRNRNRNR PaderuNR NRNRNRNRNRNRNRNRNRNRNRNRNRNRNRNRNRNRNRNRNRNRNRNRNRNRNRNRNRNRNRNRNRNRNRNRNR RayachotiNR NRNRNRNRNRNRNRNRNRNRNRNRNRNRNRNRNRNRNRNRNRNRNRNRNRNRNRNRNRNRNRNRNRNRNRNRNR Anantapuramu42 4441789596958543601702031431571591265332813302536364041454292624587230862536201652 YSR KadapaNR NRNRNRNRNRNRNRNRNRNRNRNRNRNRNRNRNRNRNRNRNRNRNRNRNRNRNRNRNRNRNRNRNRNRNRNRNR KarnatakaBengaluru47 4344829710510587485415720013215215812257242172430334742424543926986073398233NR291750 Dharwad41 404081901101088642541621581031421371304526826282528534553584888630587260753447361545 Mangalore52 4344821131291129142541921741431591481345220015363040395944454690640587850843336231768 Mysore48 4855871011021118944481791991901671591446135821352738475752494481659606738823433261893 Bengaluru (East Range)47 464087117117117914850177NR1451781691405825520372535494242464292698607358833252281950 Belagavi40 3945831011001018451541781751181591751414225816242330553537413787721546238802960171148 Kalaburagi53 3340811061201178343561711621671281501264818615282044414139473997699605830692557191550 Tumakuru47 424377961051058545541921981321631621305322721292032405241474385637596920832648221549 Bellary40 403972971001028841541981921411501621405330824292430384038474397693576627772527261856 Dhavanagere55 4350841061151098546531972031321441681456129328302927495343534691603567240723943221630 Shivamogga49 41419011112211098445419818014514014412650240282023284852444952102630587638803240281545 Vijayapur52 4644911151281229045542212191351691751515224214322833343942544493556617087974446381260 Ramanagara42 42418710311810393444818219214914015813051188154129474544474243100613627540903350211550 RaichurNR NRNRNRNRNRNRNRNRNRNRNRNRNRNRNRNRNRNRNRNRNRNRNRNRNRNRNRNRNRNRNRNRNRNRNRNRNR Chamarajanagar50 4243939595988542481911761321211651214017718272018485454475892516546045753568451648 Kolar47 3943901211111099145551791681561441561235522715252619444544444190724607540913241321844 Haveri45 4545901001301209044641702201591651651214525213303030424240464080769607030803042301540 Bagalkot49 4444821081361139342561941781181521341164424520403142524637483976632586448623034322158 Bidar53 4139821121251158844611901751301431601445327712282232324144604593793667558973735241655 KoppalNR NRNRNRNRNRNRNRNRNRNRNRNRNRNRNRNRNRNRNRNRNRNRNRNRNRNRNRNRNRNRNRNRNRNRNRNRNR Mandya37 424586101122109100454618917913415014510951251153025404143454243100610606740812938171543 Yadgir41 403677959798824559192181158148159148471851130304040524446431006635970411025238262145 Chikkamagalur46 4146861131251138945521771921481451531245119816343033454648455195606657447873949291550 Bangalore Rural45 3751871291211068245501991581161441501055525417312536543848415298653607331813650242049 Chikkaballapur46 4643871031121088446542252171441601601365129114252634414144414699681616926793139191533 ChitradurgaNR NRNRNRNRNRNRNRNRNRNRNRNRNRNRNRNRNRNRNRNRNRNRNRNRNRNRNRNRNRNRNRNRNRNRNRNRNR Gadag52 43538910712312586446321917413414414112845226173724374345454444109636647260884547351933 Hassan45 4547871151251149347542232081531641581156023221292539495144515495672607639964737311540 Kodagu44 4146901071161129347541861721461421471225524919282948374146474799628596742683037191553 Udupi54 4647931221251139246551911931461481411265321916323331374448495297705647951915770332275 Uttara Kannada44 4644971141201159846482271961751871791225328720303043454343464498685596557873539211893 Vijayanagara50 4244811071171038944531861911281311561214719113302530364543464496648616825843135201463 KeralaT.Puram56 44449211912112390475224222019814417613278260143828534555485049100NR657243NR3250251760 Ernakulam51 4143103126124128964756233223187NR170149632281543305550604859NR108753697143803839201650 Kozhikode47 4944107125133140974753236227159NR1711546224015272849NRNR465247108721NR7343822937161355 Thrissur50 47501011191081211014754NR196191NR16614161244164730514948495651115761587142853143161565 Palakkad41 474494108110117864650214206194NR1641475720014442845535048464895698607143783039191551 Wayanad46 52481051311321331054752NR228209NR1741495923018322947NRNR506151120785627343832950161944 KasargodNR NRNRNRNRNRNRNRNRNRNRNRNRNRNRNRNRNRNRNRNRNRNRNRNRNRNRNRNRNRNRNRNRNRNRNRNRNR Kottayam56 444798138121115964656NR234190NR1691406922716352448NRNR495752116707636653853942301549 Pathanamthitta56 3846110131123136974753NRNR212NR1771617224715382863NRNR5157NR140692626957803146241870 AlapuzhaNR NRNRNRNRNRNRNRNRNRNRNRNRNRNRNRNRNRNRNRNRNRNRNRNRNRNRNRNRNRNRNRNRNRNRNRNRNR Kollam44 444498129123128904752NR225183NR1751416524015403060525347535390673647153924042191752 Idukki54 434597130NR120904560NR209194NR1701507021314383270NRNR495743103747627257803238201655 Kannur50 5148109131130141994656NRNR191NR16414858273182926354545475248113738586747823551251764 Malapuram49 NR4493125134129974556242220188NR17214857233133429475555474748110747627248812737171550 PuducherryPuducherryNR NRNRNRNRNRNRNRNRNRNRNRNRNRNRNRNRNRNRNRNRNRNRNRNRNRNRNRNRNRNRNRNRNRNRNRNRNR Tamil NaduChennai59 444287118113117894640176225157NR1641357729027433560415246494993916627743812935201350 MaduraiNR NRNRNRNRNRNRNRNRNRNRNRNRNRNRNRNRNRNRNRNRNRNRNRNRNRNRNRNRNRNRNRNRNRNRNRNRNR DindigulNR NRNRNRNRNRNRNRNRNRNRNRNRNRNRNRNRNRNRNRNRNRNRNRNRNRNRNRNRNRNRNRNRNRNRNRNRNR ThiruchirapalliNR NRNRNRNRNRNRNRNRNRNRNRNRNRNRNRNRNRNRNRNRNRNRNRNRNRNRNRNRNRNRNRNRNRNRNRNRNR Coimbatore49 444389114113113864440214206166NR16614062275274129473949504953109738617055833336171454 TirunelveliNR NRNRNRNRNRNRNRNRNRNRNRNRNRNRNRNRNRNRNRNRNRNRNRNRNRNRNRNRNRNRNRNRNRNRNRNRNR CuddaloreNR NRNRNRNRNRNRNRNRNRNRNRNRNRNRNRNRNRNRNRNRNRNRNRNRNRNRNRNRNRNRNRNRNRNRNRNRNR Dharmapuri52 464288108108107864643217NR144NR16414060270253028384051484449110690697030923645291355 VelloreNR NRNRNRNRNRNRNRNRNRNRNRNRNRNRNRNRNRNRNRNRNRNRNRNRNRNRNRNRNRNRNRNRNRNRNRNRNR Ramanathapuram61 39498699111106914644197NR169NR16413956281314641714051415256117831747351783432171450 ErodeNR NRNRNRNRNRNRNRNRNRNRNRNRNRNRNRNRNRNRNRNRNRNRNRNRNRNRNRNRNRNRNRNRNRNRNRNRNR Karur54 546690108120110924647220210165NR16613063297173732533947585258113700657143913144282375 Perambalur49 NR6496110115109864744198204167NR16814756NR293538604261555056113681606462863238191463 Pudukkottai50 486596112117116NR4845225NR172NR16413259NR284030604351425053115709616618952642191460 Sivagangai53 466694116119118924744208NR203NR16714459292285030603853565261119763756660813040201451 Thanjavur53 475087122122119904744201231162NR16213558280273727523750484848125861707263923643231360 The nilgirisNR NRNRNRNRNRNRNRNRNRNRNRNRNRNRNRNRNRNRNRNRNRNRNRNRNRNRNRNRNRNRNRNRNRNRNRNRNR Thoothukudi51 456590110115110904746209214176NR15614360320103035403550605065115NR617257882738171250 Viluppuram55 48418911499107914648172213153NR16414261NR27382535334045484598765636641812833201260 Virudhunagar61 496586103110109834945225209203NR16716558293284737474356595457107693576342813435131362 Kanniyakumari60 395384100106104784741198203154NR15913755258253025403239375240109699587240792426151341 Namakkal63 476193112117117984644198189167NR16113756NR264232554140514947120664706450773439251258 TiruvannamalaiNR NRNRNRNRNRNRNRNRNRNRNRNRNRNRNRNRNRNRNRNRNRNRNRNRNRNRNRNRNRNRNRNRNRNRNRNRNR Tiruvarur63 486584119113112NR4344240146183NR15714152NR253536404650485162122863656030894937221683 TiruppurNR NRNRNRNRNRNRNRNRNRNRNRNRNRNRNRNRNRNRNRNRNRNRNRNRNRNRNRNRNRNRNRNRNRNRNRNRNR Tenkasi56 465996114115112NR4746219NR171NR1561436127530353040365257585898795667240883242221357 Nagapattinam51 506696123121125964744200205177NR16412359NR253525504850495351115846667145943457231557 Krishnagiri55 464190113113115894644202202155NR1641415931528292544384043484389652556640962647291255 AriyalurNR NRNRNRNRNRNRNRNRNRNRNRNRNRNRNRNRNRNRNRNRNRNRNRNRNRNRNRNRNRNRNRNRNRNRNRNRNR Kallakurichi53 496592110102112884645227198161NR16613158NR293527384050484749100890746845842836191345 Kancheepuram55 516590121116117964644183209175NR16313267NR284040504257515350103786627252823139181357 SalemNR NRNRNRNRNRNRNRNRNRNRNRNRNRNRNRNRNRNRNRNRNRNRNRNRNRNRNRNRNRNRNRNRNRNRNRNRNR Theni61 416186107113111854546219199157NR15212854277NR373747395252507791722716637873449261259 ChengalpattuNR NRNRNRNRNRNRNRNRNRNRNRNRNRNRNRNRNRNRNRNRNRNRNRNRNRNRNRNRNRNRNRNRNRNRNRNRNR Mayiladuthurai59 506595132117113NR4545179231209NR157126603402733335045454650631238506566531075360301460 RanipetNR NRNRNRNRNRNRNRNRNRNRNRNRNRNRNRNRNRNRNRNRNRNRNRNRNRNRNRNRNRNRNRNRNRNRNRNRNR Tirupattur51 434787118111119914440187209169NR1661235830528383040314746384693805606547893040201450 Tiruvallur54 426986125115115904540195186156NR1591216129827403560366059447092740607240813045231360 TelanganaHyderabad55 3839741031051068039521741851521521591265027818403045324838504097544586638964730181446 KarimnagarNR NRNRNRNRNRNRNRNRNRNRNRNRNRNRNRNRNRNRNRNRNRNRNRNRNRNRNRNRNRNRNRNRNRNRNRNRNR WarangalNR NRNRNRNRNRNRNRNRNRNRNRNRNRNRNRNRNRNRNRNRNRNRNRNRNRNRNRNRNRNRNRNRNRNRNRNRNR AdilabadNR NRNRNRNRNRNRNRNRNRNRNRNRNRNRNRNRNRNRNRNRNRNRNRNRNRNRNRNRNRNRNRNRNRNRNRNRNR SuryapetNR NRNRNRNRNRNRNRNRNRNRNRNRNRNRNRNRNRNRNRNRNRNRNRNRNRNRNRNRNRNRNRNRNRNRNRNRNR JadcherlaNR NRNRNRNRNRNRNRNRNRNRNRNRNRNRNRNRNRNRNRNRNRNRNRNRNRNRNRNRNRNRNRNRNRNRNRNRNR KhammamNR NRNRNRNRNRNRNRNRNRNRNRNRNRNRNRNRNRNRNRNRNRNRNRNRNRNRNRNRNRNRNRNRNRNRNRNRNR MedchalNR NRNRNRNRNRNRNRNRNRNRNRNRNRNRNRNRNRNRNRNRNRNRNRNRNRNRNRNRNRNRNRNRNRNRNRNRNR NizamabadNR NRNRNRNRNRNRNRNRNRNRNRNRNRNRNRNRNRNRNRNRNRNRNRNRNRNRNRNRNRNRNRNRNRNRNRNRNR SangareddyNR NRNRNRNRNRNRNRNRNRNRNRNRNRNRNRNRNRNRNRNRNRNRNRNRNRNRNRNRNRNRNRNRNRNRNRNRNR LadakhLeh52 NRNR1401831501281305060NR220NRNRNRNR8048030505362NRNR68NR441227215880631033761391890 Kargil50 NR45120180130120110NRNRNRNRNRNRNRNRNRNRNRNRNRNRNRNRNRNRNRNRNRNRNRNRNRNRNRNRNRNR Commodity NameCommodity NameRiceRiceWheatAtta (Wheat)Gram DalTur/Arhar DalUrad DalMoong DalMasoor DalSugarMilk @Groundnut Oil (Packed)Mustard Oil (Packed)Vanaspati (Packed)Soya Oil (Packed)Sunflower Oil (Packed)Palm Oil (Packed)GurTea LooseSalt Pack (Iodised)PotatoOnionTomatoBajra(whole)Jowar(whole)Maida(wheat)Ragi(whole)Suji(whole)BesanDesi GheeButter(Pasteurised)EggsBrinjalBlack Pepper(whole)Coriander(whole)Cummin Seed(whole)Red Chillies(whole)Turmeric(powder)BananaGIngerGarlic  Average Price1Average Price142.25 31.2136.6487.13117.45114.17110.3189.446.459.46188.97188.16156.07146.52161.8132.5456.94271.421.2924.8628.5554.7537.7142.6941.3853.6247.0797.07664.4759.377.5142.2487.1337.242.6128.2716.3450.28 Maximum Price1Maximum Price163 5469140183157148133608525424923119025319012852033606012083857010310016091675120100120100956842100 Minimum Price1Minimum Price128 232870908282703940150136103113125944016310131518202231303065506514918622223131025 Modal Price1Modal Price140 283590115120110904560192.5192148154167.51435524024202560354040524090659607240853040301550 Source:- State civil supplies Dept.Note:- All India Consumption Weighted Average Prices of Oils w.e.f 23-Feb-2022 and Wheat and Atta w.e.f 25-Feb-2023 NR -> Not Reported Unit for Black Pepper (powder),Coriander (powder),Cummin Seed (powder),Red Chillies (powder),Turmeric (powder),Butter (Pasteurised) - Rs/100gm Unit for Eggs - Rs/Dozen Developed by:- National Informatics Centre(NIC)",,,,,,,,,,,,,,,,,,,,,,,,,,,,,,,,,,,,,,,,,,,2025-08-27
"Source:- State civil supplies Dept.Note:- All India Consumption Weighted Average Prices of Oils w.e.f 23-Feb-2022 and Wheat and Atta w.e.f 25-Feb-2023 NR -> Not Reported Unit for Black Pepper (powder),Coriander (powder),Cummin Seed (powder),Red Chillies (powder),Turmeric (powder),Butter (Pasteurised) - Rs/100gm Unit for Eggs - Rs/Dozen Developed by:- National Informatics Centre(NIC)",,,,,,,,,,,,,,,,,,,,,,,,,,,,,,,,,,,,,,,,,,,2025-08-27
Source:- State civil supplies Dept.,Note:- All India Consumption Weighted Average Prices of Oils w.e.f 23-Feb-2022 and Wheat and Atta w.e.f 25-Feb-2023,NR -> Not Reported,,,,,,,,,,,,,,,,,,,,,,,,,,,,,,,,,,,,,,,,,2025-08-27
"Unit for Black Pepper (powder),Coriander (powder),Cummin Seed (powder),Red Chillies (powder),Turmeric (powder),Butter (Pasteurised) - Rs/100gm","Unit for Black Pepper (powder),Coriander (powder),Cummin Seed (powder),Red Chillies (powder),Turmeric (powder),Butter (Pasteurised) - Rs/100gm",,,,,,,,,,,,,,,,,,,,,,,,,,,,,,,,,,,,,,,,,,2025-08-27
,Unit for Eggs - Rs/Dozen,,,,,,,,,,,,,,,,,,,,,,,,,,,,,,,,,,,,,,,,,,2025-08-27
Developed by:- National Informatics Centre(NIC),Developed by:- National Informatics Centre(NIC),,,,,,,,,,,,,,,,,,,,,,,,,,,,,,,,,,,,,,,,,,2025-08-27
,,,,,,,,,,,,,,,,,,,,,,,,,,,,,,,,,,,,,,,,,,,2025-08-27
