State,Centre,Rice,Broken Rice,Wheat,Atta (Wheat),Gram Dal,Tur/Arhar Dal,Urad Dal,Moong Dal,Masoor Dal,Sugar,Milk @,Groundnut Oil (Packed),Mustard Oil (Packed),Vanaspati (Packed),Soya Oil (Packed),Sunflower Oil (Packed),Palm Oil (Packed),Gur,Tea Loose,Salt Pack (Iodised),Potato,Onion,Tomato,Bajra (whole),Jowar (whole),Maida (wheat),Ragi (whole),Suji (whole),Besan,Desi Ghee,Butter (Pasteurised),Eggs,Brinjal,Black Pepper (whole),Coriander (whole),Cummin Seed (whole),Red Chillies (whole),Turmeric (powder),Banana,Ginger,Garlic,Date
Unit,Qty,1 Kg,1 Kg,1 Kg,1 Kg,1 Kg,1 Kg,1 Kg,1 Kg,1 Kg,1 Kg,1 ltr,1 Kg,1 Kg,1 Kg,1 Kg,1 Kg,1 Kg,1 Kg,1 Kg,1 Kg,1 Kg,1 Kg,1 Kg,1 Kg,1 Kg,1 Kg,1 Kg,1 Kg,1 Kg,1 Kg,100 gm,Dozen,1 Kg,100 gm,250 gm,100 gm,100 gm,50 gm,1 Kg,100 gm,100 gm,2025-04-22
Average Price,Average Price,42.94,,31.33,37.19,87.34,129.28,119.09,112.05,88.29,45.71,58.77,190.31,168.99,154,145.84,160.31,137.99,54.44,270.84,21.41,23.76,28.83,21.81,37.4,43.15,41.95,54.15,46.32,97.4,645.98,58.19,75.06,34.78,87.34,37.71,45.37,29.48,16.73,49.89,,,2025-04-22
Maximum Price,Maximum Price,64,,55,71,140,185,155,150,130,60,80,279,234,209,192,211,182,120,523,31,55,67,100,92,90,80,103,100,140,930,75,120,100,175,122,105,69,47,118,,,2025-04-22
Minimum Price,Minimum Price,27,,22,27,70,95,85,74,72,37,40,138,130,103,101,115,91,37,150,10,10,11,6,23,22,30,28,28,59,440,45,48,10,50,20,25,14,9,24,,,2025-04-22
Modal Price,Modal Price,40,,28,35,90,120,120,110,90,45,56,176,165,176,154,165,140,50,240,20,20,25,20,37.5,40,40,50,40,100,600,60,72,30,80,35,40,30,15,40,,,2025-04-22
NORTH ZONE,NORTH ZONE,,,,,,,,,,,,,,,,,,,,,,,,,,,,,,,,,,,,,,,,,,2025-04-22
Chandigarh,Chandigarh,42,,32,38,86,129,118,110,88,46,58,211,189,132,163,170,141,52,268,28,20,30,21,36,42,41,54,46,98,651,58,76,35,87,38,46,30,17,50,,,2025-04-22
Delhi,Delhi,37,,33,35,88,127,118,118,90,45,56,205,167,176,161,178,137,58,240,27,18,32,25,30,37,38,53,40,111,528,58,72,38,89,38,35,33,15,36,,,2025-04-22
Haryana,Hisar,40,,27,35,85,132,110,105,80,45,60,214,163,158,157,171,136,49,243,28,19,22,20,26,37,39,56,40,91,588,60,75,40,81,44,39,35,15,58,,,2025-04-22
Haryana,Karnal,41,,24,34,80,140,120,115,85,43,70,192,165,176,137,165,134,50,260,28,15,17,16,23,38,37,69,36,80,611,62,96,30,75,44,38,35,12,70,,,2025-04-22
Haryana,Panchkula,41,,30,42,87,135,122,115,92,47,63,196,154,118,128,133,100,54,211,27,25,40,30,26,38,32,55,40,85,607,54,70,30,80,35,40,35,20,51,,,2025-04-22
Haryana,Gurgaon,NR,,NR,NR,NR,NR,NR,NR,NR,NR,NR,NR,NR,NR,NR,NR,NR,NR,NR,NR,NR,NR,NR,NR,NR,NR,NR,NR,NR,NR,NR,NR,NR,NR,NR,NR,NR,NR,NR,,,2025-04-22
Himachal Pradesh,Shimla,44,,NR,37,90,138,133,113,80,48,60,214,194,170,154,NR,NR,53,223,28,20,30,30,38,NR,39,NR,41,108,644,58,72,30,90,40,44,26,17,53,,,2025-04-22
Himachal Pradesh,Mandi,43,,NR,35,84,140,133,117,84,48,49,231,195,166,155,165,NR,48,270,30,18,31,35,33,NR,36,NR,32,105,676,60,72,35,85,43,43,28,16,60,,,2025-04-22
Himachal Pradesh,Dharamshala,30,,NR,29,86,138,132,118,89,47,40,NR,192,165,170,NR,NR,51,230,28,20,30,25,32,NR,34,55,40,99,590,59,90,40,103,49,45,34,15,60,,,2025-04-22
Himachal Pradesh,Solan,41,,NR,37,84,133,125,111,84,47,57,203,191,169,145,181,NR,51,235,30,18,27,28,35,37,40,NR,40,107,608,60,82,35,88,57,37,34,20,58,,,2025-04-22
Himachal Pradesh,Una,43,,NR,35,79,117,113,111,83,46,69,NR,160,186,146,NR,NR,55,242,29,15,27,27,36,NR,37,NR,38,99,681,59,85,26,99,48,32,31,15,58,,,2025-04-22
Himachal Pradesh,Bilaspur-hp,46,,NR,35,83,132,139,114,86,48,62,NR,163,182,156,NR,NR,46,344,29,15,25,35,32,NR,39,58,40,93,699,60,84,30,80,32,33,30,12,48,,,2025-04-22
Himachal Pradesh,Chamba,38,,NR,35,83,140,120,110,84,50,55,NR,191,180,152,NR,NR,52,240,29,21,32,32,42,56,38,69,37,89,648,58,83,30,73,56,51,41,23,61,,,2025-04-22
Himachal Pradesh,Hamirpur-HP,41,,NR,33,77,118,114,112,82,47,65,NR,189,182,153,NR,NR,47,265,28,22,25,28,37,48,38,NR,38,97,495,60,78,29,85,39,37,30,15,55,,,2025-04-22
Himachal Pradesh,Kullu,40,,NR,36,81,138,126,115,85,49,40,NR,191,168,144,137,NR,43,240,30,25,37,40,NR,NR,40,NR,40,118,703,60,80,40,90,36,34,29,15,61,,,2025-04-22
Himachal Pradesh,Sirmour,47,,30,39,91,141,129,107,91,47,50,212,183,154,150,146,108,45,273,28,23,42,30,35,NR,35,NR,36,100,627,58,70,39,91,33,45,32,20,52,,,2025-04-22
Himachal Pradesh,Kinnaur,38,,NR,43,97,126,133,117,80,48,50,NR,180,172,148,186,NR,43,257,27,30,35,37,NR,NR,42,NR,45,97,559,58,80,45,93,47,42,33,14,57,,,2025-04-22
Himachal Pradesh,Lahaul & Spiti,43,,NR,45,100,162,132,102,98,54,51,NR,198,165,NR,NR,NR,54,480,28,40,50,44,NR,NR,36,NR,36,82,600,55,77,58,87,29,35,27,15,71,,,2025-04-22
Jammu and Kashmir,Srinagar,44,,40,46,86,172,142,118,115,51,50,NR,194,144,148,170,NR,57,295,28,30,40,42,NR,NR,47,NR,44,117,663,60,64,50,89,49,66,30,16,93,,,2025-04-22
Jammu and Kashmir,Jammu,48,,35,38,88,118,115,118,92,49,51,NR,183,168,164,152,118,56,302,30,20,27,22,36,58,57,68,60,103,564,60,84,41,87,47,46,34,18,52,,,2025-04-22
Jammu and Kashmir,Poonch,56,,35,46,115,185,125,120,115,50,73,NR,206,192,192,NR,NR,50,333,30,28,35,41,NR,NR,45,NR,55,122,683,60,84,49,85,51,31,27,15,118,,,2025-04-22
Jammu and Kashmir,Kupwara,46,,35,43,100,NR,130,120,100,58,50,NR,187,176,152,178,126,51,347,30,29,41,43,NR,NR,35,NR,48,117,660,60,73,48,83,25,49,31,14,98,,,2025-04-22
Jammu and Kashmir,Udhampur,NR,,NR,NR,NR,NR,NR,NR,NR,NR,NR,NR,NR,NR,NR,NR,NR,NR,NR,NR,NR,NR,NR,NR,NR,NR,NR,NR,NR,NR,NR,NR,NR,NR,NR,NR,NR,NR,NR,,,2025-04-22
Jammu and Kashmir,Shopian,40,,NR,46,110,163,130,125,97,49,47,NR,187,139,137,NR,NR,49,333,28,34,34,40,NR,NR,46,NR,60,123,690,58,75,37,100,56,50,44,15,76,,,2025-04-22
Jammu and Kashmir,Samba,60,,30,35,78,127,123,120,95,46,55,NR,165,187,154,194,148,55,300,30,19,28,37,35,60,40,65,40,100,637,60,70,40,90,42,40,30,14,58,,,2025-04-22
Jammu and Kashmir,Ramban,NR,,NR,NR,NR,NR,NR,NR,NR,NR,NR,NR,NR,NR,NR,NR,NR,NR,NR,NR,NR,NR,NR,NR,NR,NR,NR,NR,NR,NR,NR,NR,NR,NR,NR,NR,NR,NR,NR,,,2025-04-22
Jammu and Kashmir,Rajouri,NR,,NR,NR,NR,NR,NR,NR,NR,NR,NR,NR,NR,NR,NR,NR,NR,NR,NR,NR,NR,NR,NR,NR,NR,NR,NR,NR,NR,NR,NR,NR,NR,NR,NR,NR,NR,NR,NR,,,2025-04-22
Jammu and Kashmir,Kishtwar,NR,,NR,NR,NR,NR,NR,NR,NR,NR,NR,NR,NR,NR,NR,NR,NR,NR,NR,NR,NR,NR,NR,NR,NR,NR,NR,NR,NR,NR,NR,NR,NR,NR,NR,NR,NR,NR,NR,,,2025-04-22
Jammu and Kashmir,Doda,NR,,NR,NR,NR,NR,NR,NR,NR,NR,NR,NR,NR,NR,NR,NR,NR,NR,NR,NR,NR,NR,NR,NR,NR,NR,NR,NR,NR,NR,NR,NR,NR,NR,NR,NR,NR,NR,NR,,,2025-04-22
Jammu and Kashmir,Baramulla,38,,35,45,95,150,120,115,95,50,48,NR,194,181,NR,194,140,50,377,28,33,38,33,NR,NR,43,NR,49,127,674,60,81,41,94,42,53,33,20,112,,,2025-04-22
Jammu and Kashmir,Reasi,NR,,NR,NR,NR,NR,NR,NR,NR,NR,NR,NR,NR,NR,NR,NR,NR,NR,NR,NR,NR,NR,NR,NR,NR,NR,NR,NR,NR,NR,NR,NR,NR,NR,NR,NR,NR,NR,NR,,,2025-04-22
Jammu and Kashmir,Kathua,NR,,NR,NR,NR,NR,NR,NR,NR,NR,NR,NR,NR,NR,NR,NR,NR,NR,NR,NR,NR,NR,NR,NR,NR,NR,NR,NR,NR,NR,NR,NR,NR,NR,NR,NR,NR,NR,NR,,,2025-04-22
Punjab,Amritsar,40,,27,33,82,137,133,118,87,45,55,229,176,178,162,181,NR,50,280,28,16,27,28,39,40,40,60,40,92,634,59,67,38,90,40,39,30,14,48,,,2025-04-22
Punjab,Ludhiana,37,,27,35,83,133,128,118,94,46,62,223,174,175,172,183,NR,57,285,27,12,23,20,37,48,42,62,42,97,560,57,71,30,83,37,42,23,20,43,,,2025-04-22
Punjab,Bathinda,40,,27,32,82,135,132,118,90,45,55,220,176,176,159,181,148,51,270,29,15,25,28,35,40,40,58,40,88,634,60,67,37,95,40,37,27,14,48,,,2025-04-22
Punjab,Barnala,40,,30,35,84,140,122,110,90,45,65,216,156,176,147,179,143,45,310,30,15,29,31,31,43,43,NR,41,88,644,60,70,38,92,45,40,28,15,50,,,2025-04-22
Punjab,Hoshiarpur,36,,28,34,85,120,110,110,91,48,65,209,159,176,137,132,135,49,275,21,15,21,23,36,32,41,65,35,101,606,55,81,24,99,51,46,35,16,53,,,2025-04-22
Punjab,Faridkot,42,,28,32,85,135,132,118,90,45,55,223,176,178,159,183,148,52,283,30,17,27,30,40,40,39,63,39,88,637,60,67,39,95,40,42,31,14,49,,,2025-04-22
Punjab,Mansa,40,,28,33,85,140,135,115,90,45,65,NR,167,174,159,178,145,52,273,29,15,25,32,41,50,40,67,42,95,633,60,70,32,92,45,41,31,16,50,,,2025-04-22
Punjab,Sri Muktsar Sahib,40,,29,32,82,133,132,115,90,45,63,203,154,165,150,174,139,49,280,28,17,27,26,30,52,38,82,39,88,589,60,71,36,90,35,35,26,13,50,,,2025-04-22
Punjab,Dera Bassi,40,,30,35,85,135,130,115,90,46,60,NR,167,176,159,NR,NR,53,257,28,20,25,30,30,38,35,50,40,97,550,55,72,40,97,42,55,37,17,43,,,2025-04-22
Punjab,Sangrur,40,,27,31,78,130,125,109,85,46,60,232,169,170,156,169,153,46,263,27,12,19,28,35,40,40,62,40,88,557,58,71,30,89,40,46,32,15,50,,,2025-04-22
Punjab,Ropar,40,,28,34,82,138,132,118,90,45,60,222,169,177,159,NR,148,51,267,30,16,25,30,40,45,40,63,40,88,641,59,70,38,92,39,41,31,15,48,,,2025-04-22
Punjab,Amargarh,40,,27,31,80,135,130,110,90,47,60,236,170,177,166,166,143,45,250,28,15,20,30,36,45,40,NR,40,85,604,58,72,30,95,40,49,27,15,48,,,2025-04-22
Punjab,Fatehgarh Sahib,44,,35,40,85,135,120,120,99,43,60,214,170,168,152,176,109,53,287,27,18,25,26,34,45,33,65,40,85,551,53,73,36,97,47,50,33,15,48,,,2025-04-22
Punjab,Ferozepur,41,,26,33,85,135,131,113,90,45,61,218,162,176,143,181,138,50,270,30,19,25,26,33,46,39,65,39,101,615,59,90,25,96,46,41,25,15,50,,,2025-04-22
Punjab,Kapurthala,45,,30,38,86,136,131,117,94,46,62,223,166,178,156,177,149,57,270,25,16,20,20,41,56,39,66,39,97,626,52,77,35,94,38,43,31,14,48,,,2025-04-22
Uttar Pradesh,Lucknow,38,,28,33,79,115,110,109,80,45,58,190,160,148,147,153,138,45,260,20,20,20,12,35,42,39,51,39,95,593,58,75,26,85,35,43,29,15,48,,,2025-04-22
Uttar Pradesh,Kanpur,35,,28,32,80,125,110,90,80,42,60,180,138,122,115,127,110,56,234,26,20,30,18,35,40,45,NR,30,90,580,55,72,36,100,22,40,35,19,50,,,2025-04-22
Uttar Pradesh,Varanasi,42,,26,35,83,123,123,109,80,47,63,213,163,165,161,178,152,59,272,21,18,23,18,40,58,38,NR,41,99,699,56,79,32,88,31,48,26,17,55,,,2025-04-22
Uttar Pradesh,Agra,42,,28,33,78,115,85,92,75,44,66,192,164,176,157,170,153,49,250,26,19,30,17,26,34,39,NR,40,96,705,60,96,29,93,43,37,31,16,41,,,2025-04-22
Uttar Pradesh,Jhansi,43,,26,34,82,122,110,103,82,45,57,188,160,149,142,154,111,48,225,16,20,25,14,33,37,38,52,41,92,622,57,72,25,83,33,39,27,13,38,,,2025-04-22
Uttar Pradesh,Meerut,37,,30,37,80,127,122,84,83,48,60,154,141,138,141,144,143,45,247,19,15,18,16,38,39,36,63,42,93,608,57,NR,28,74,32,34,30,17,45,,,2025-04-22
Uttar Pradesh,Allahabad,34,,36,38,85,143,119,114,89,45,54,171,184,130,135,162,111,51,260,22,21,32,23,26,31,39,39,40,88,608,58,78,35,78,30,40,28,18,57,,,2025-04-22
Uttar Pradesh,Gorakhpur,38,,26,33,83,119,117,111,78,43,55,188,166,144,148,140,135,51,224,22,24,32,18,35,33,34,50,34,92,586,58,73,34,79,31,38,24,16,46,,,2025-04-22
Uttar Pradesh,Saharanpur,37,,31,33,85,124,109,111,89,43,57,NR,137,134,130,137,110,49,245,21,16,26,17,31,NR,36,NR,35,89,507,56,72,21,80,33,37,29,14,57,,,2025-04-22
Uttar Pradesh,Bareilly,35,,25,30,89,118,122,112,97,44,70,204,162,176,154,171,139,50,330,24,19,20,9,26,38,35,51,34,90,698,60,61,16,80,37,39,29,14,55,,,2025-04-22
Uttar Pradesh,Ayodhya,40,,30,33,80,122,118,115,85,45,55,176,146,135,137,155,99,50,180,22,20,30,15,40,40,45,68,43,90,651,63,72,30,77,35,39,30,18,70,,,2025-04-22
Uttar Pradesh,Moradabad,37,,25,32,82,121,112,105,83,41,55,193,162,139,153,151,136,47,238,22,16,25,15,34,45,35,57,38,76,600,54,67,31,83,27,44,28,20,57,,,2025-04-22
Uttar Pradesh,Aligarh,39,,29,34,83,126,115,109,83,43,56,186,165,147,142,153,131,51,247,20,19,25,18,33,NR,38,NR,42,96,613,54,77,33,85,34,45,29,17,45,,,2025-04-22
Uttar Pradesh,Mirzapur (Vindhyanchal),35,,27,34,89,121,117,110,85,45,45,170,145,127,125,128,101,55,226,20,20,31,15,28,40,35,52,39,92,634,58,70,20,85,35,45,31,15,45,,,2025-04-22
Uttar Pradesh,Banda,34,,27,37,85,115,109,98,80,45,55,215,161,153,132,173,113,51,152,17,15,20,11,31,43,35,77,39,90,545,57,69,18,81,26,36,27,18,52,,,2025-04-22
Uttar Pradesh,Azamgarh,38,,28,33,85,125,115,110,79,45,61,235,172,133,130,129,98,55,277,23,17,24,12,37,45,42,51,43,104,653,56,67,29,76,27,50,29,18,45,,,2025-04-22
Uttar Pradesh,Gonda (Devipatan),35,,26,35,89,127,122,113,90,44,58,180,166,133,144,139,134,48,271,20,18,26,15,36,34,35,60,38,98,625,54,69,30,79,31,43,27,18,46,,,2025-04-22
Uttar Pradesh,Amethi,38,,27,35,80,136,120,110,80,46,58,193,160,146,140,139,120,52,259,23,21,27,27,40,35,41,42,45,106,693,57,80,38,84,36,51,28,17,53,,,2025-04-22
Uttar Pradesh,Barabanki,40,,26,35,85,120,120,110,85,45,58,200,156,141,137,126,115,50,218,22,NR,NR,NR,32,36,36,43,36,107,563,58,80,28,85,31,42,30,15,45,,,2025-04-22
Uttar Pradesh,Bhadohi,31,,28,35,85,120,140,120,80,45,60,205,136,132,137,159,115,60,230,10,20,27,19,35,42,36,51,36,80,692,52,74,35,90,25,40,33,20,50,,,2025-04-22
Uttar Pradesh,Chandauli,33,,28,35,77,113,107,109,75,42,55,194,159,132,136,138,106,46,247,19,16,26,10,32,53,39,62,37,89,633,56,69,27,86,33,42,29,17,43,,,2025-04-22
Uttar Pradesh,Farrukhabad,42,,28,34,80,125,120,110,93,44,64,212,175,158,154,169,142,45,253,20,11,28,20,27,NR,36,NR,37,94,656,60,84,25,84,55,45,30,18,47,,,2025-04-22
Uttar Pradesh,Ghazipur,47,,25,36,85,114,113,110,88,46,57,188,163,146,146,145,141,54,278,18,18,22,13,32,38,41,46,41,100,639,57,78,27,81,32,37,31,18,43,,,2025-04-22
Uttar Pradesh,Jaunpur,42,,30,35,88,125,122,110,82,45,59,198,175,146,148,147,135,55,259,22,17,29,19,31,38,35,56,34,89,581,54,77,15,85,39,55,31,16,48,,,2025-04-22
Uttar Pradesh,UP-Pratapgarh,39,,28,32,85,113,120,115,84,45,49,186,166,145,145,146,131,53,255,20,17,25,10,33,29,38,39,38,99,547,58,74,19,83,33,39,29,15,39,,,2025-04-22
Uttar Pradesh,Sambhal,38,,28,32,85,120,110,105,80,43,53,189,167,133,126,131,128,47,252,17,16,20,20,35,NR,38,NR,38,102,634,57,74,20,87,36,42,29,15,38,,,2025-04-22
Uttar Pradesh,Santkabir Nagar,40,,27,35,95,130,115,115,91,45,67,209,170,145,154,164,133,46,263,28,19,25,17,29,30,31,80,41,96,725,58,84,32,90,30,50,25,19,48,,,2025-04-22
Uttar Pradesh,Shahjahanpur,34,,25,31,74,135,100,100,90,43,57,195,187,169,166,161,156,39,243,20,14,26,14,24,32,38,52,40,97,560,56,93,20,91,28,42,30,17,40,,,2025-04-22
Uttar Pradesh,Sitapur,38,,26,31,82,128,110,110,82,43,58,186,156,142,145,146,123,52,223,17,15,25,11,24,27,35,45,40,98,586,58,79,30,80,35,40,25,15,46,,,2025-04-22
Uttar Pradesh,Sultanpur,41,,30,35,84,124,115,108,85,NR,NR,NR,NR,NR,NR,NR,NR,NR,NR,NR,NR,NR,NR,NR,NR,NR,NR,NR,NR,NR,NR,NR,NR,NR,NR,NR,NR,NR,NR,,,2025-04-22
Uttar Pradesh,Unnao,41,,30,34,87,118,117,108,87,45,57,189,165,148,144,154,137,52,253,20,19,27,15,35,40,40,50,40,95,567,57,71,27,85,34,41,29,16,45,,,2025-04-22
Uttar Pradesh,Ambedkar Nagar,44,,31,37,85,122,118,115,83,45,59,231,166,149,150,150,129,52,187,27,17,27,15,37,37,37,72,39,97,641,59,64,32,82,36,40,26,17,57,,,2025-04-22
Uttar Pradesh,Amroha,38,,25,30,79,121,105,96,85,45,53,180,152,136,129,176,102,44,196,22,16,21,21,32,42,40,31,40,105,567,57,76,33,80,24,43,25,16,35,,,2025-04-22
Uttar Pradesh,Baghpat,44,,NR,31,82,130,120,110,90,44,65,179,158,152,143,145,139,50,207,26,16,26,20,32,51,39,66,41,97,560,60,71,31,69,35,40,27,12,35,,,2025-04-22
Uttar Pradesh,Bijnor,38,,26,35,80,120,100,100,80,45,52,183,170,143,146,152,142,48,253,17,16,21,20,30,40,35,60,40,100,600,50,61,25,87,30,50,32,10,40,,,2025-04-22
Uttar Pradesh,Budaun,38,,24,29,86,135,115,102,90,45,60,207,160,165,147,164,131,48,277,21,13,25,19,25,47,38,67,38,95,605,58,78,31,81,32,36,32,12,45,,,2025-04-22
Uttar Pradesh,Etah,45,,28,35,80,128,110,112,90,45,58,207,174,152,156,NR,113,53,270,22,16,30,20,23,NR,35,NR,38,92,679,60,72,30,97,32,40,35,18,40,,,2025-04-22
Uttar Pradesh,Fatehpur,44,,25,33,90,135,115,105,90,44,58,185,161,136,130,143,111,53,225,21,19,29,21,23,32,35,40,34,95,550,52,79,32,85,36,47,24,17,37,,,2025-04-22
Uttar Pradesh,Ghaziabad,38,,28,33,82,126,114,104,84,46,57,179,164,157,152,158,141,46,208,19,17,24,19,32,36,37,55,39,92,623,57,66,22,89,35,36,28,15,41,,,2025-04-22
Uttar Pradesh,Hardoi,42,,26,35,80,116,112,107,84,45,56,190,163,151,146,158,137,51,245,18,20,21,13,27,29,38,54,39,91,615,57,72,24,86,34,41,28,16,45,,,2025-04-22
Uttar Pradesh,Jalaun,37,,28,33,87,130,110,100,90,44,55,178,143,148,142,150,103,53,233,19,18,22,13,31,35,38,NR,38,90,580,53,73,26,76,32,47,28,15,36,,,2025-04-22
Uttar Pradesh,Kaushambi,40,,26,37,88,116,124,102,83,46,55,193,167,159,139,144,126,51,231,20,15,29,11,24,36,38,53,36,89,592,55,71,26,87,37,39,22,16,47,,,2025-04-22
Uttar Pradesh,Kushinagar,37,,28,37,82,115,118,116,80,45,67,179,166,145,166,137,134,47,204,25,18,26,17,43,43,38,52,40,102,647,52,75,27,88,25,41,33,16,44,,,2025-04-22
Uttar Pradesh,Lakhimpur Kheri,42,,27,33,80,125,105,115,80,44,55,192,151,126,138,138,105,56,225,17,18,33,18,28,33,33,60,38,68,643,58,79,27,81,34,42,33,16,47,,,2025-04-22
Uttar Pradesh,Pilibhit,36,,27,31,88,128,110,110,88,45,58,190,159,146,148,154,121,49,259,21,17,25,12,36,43,38,54,40,95,630,59,70,25,88,35,42,30,18,45,,,2025-04-22
Uttar Pradesh,Sharwasti,38,,25,35,79,117,120,103,80,45,50,181,179,156,161,NR,139,49,203,24,17,27,17,NR,NR,39,NR,40,98,567,59,78,20,87,25,30,20,15,33,,,2025-04-22
Uttar Pradesh,Siddharth Nagar,42,,28,32,80,130,120,110,85,45,59,176,162,142,142,161,132,51,233,21,19,26,20,50,50,35,70,35,90,547,60,96,28,73,30,48,27,19,39,,,2025-04-22
Uttar Pradesh,Sonbhadra,44,,27,31,82,110,110,110,78,45,55,187,143,121,117,122,98,55,213,22,20,32,20,25,40,32,34,36,90,549,58,70,23,75,33,28,24,15,45,,,2025-04-22
Uttar Pradesh,Rampur,44,,28,30,78,114,111,105,85,45,62,185,178,143,149,152,142,50,240,24,21,22,15,30,39,33,NR,35,95,602,59,62,23,79,37,34,30,13,53,,,2025-04-22
Uttar Pradesh,Bahraich,35,,25,30,90,121,120,114,90,42,45,176,165,130,137,142,125,44,250,25,NR,NR,NR,36,34,33,65,33,108,600,56,81,20,72,26,31,24,18,50,,,2025-04-22
Uttar Pradesh,Basti,36,,22,30,72,120,108,105,82,40,58,155,140,133,130,148,98,44,239,22,23,30,22,49,51,35,51,38,92,558,57,76,27,80,24,52,29,16,43,,,2025-04-22
Uttar Pradesh,Etawah,40,,30,35,85,120,108,103,80,45,68,203,162,139,139,145,128,52,260,18,20,30,15,26,NR,40,28,42,95,620,58,71,25,85,33,40,30,16,50,,,2025-04-22
Uttar Pradesh,Muzzafarnagar,38,,26,30,77,118,114,107,85,45,57,177,158,148,144,145,135,49,239,20,12,25,15,35,44,35,NR,38,90,503,56,59,30,72,27,40,22,13,51,,,2025-04-22
Uttar Pradesh,Chitrakoot,NR,,NR,NR,NR,NR,NR,NR,NR,NR,NR,NR,NR,NR,NR,NR,NR,NR,NR,NR,NR,NR,NR,NR,NR,NR,NR,NR,NR,NR,NR,NR,NR,NR,NR,NR,NR,NR,NR,,,2025-04-22
Uttar Pradesh,Hamirpur-UP,37,,27,32,80,128,118,100,78,43,58,187,148,126,143,137,137,50,221,20,22,30,15,NR,NR,35,NR,34,90,560,52,89,26,82,38,50,26,16,45,,,2025-04-22
Uttar Pradesh,Deoria,33,,26,28,84,117,110,91,83,45,58,192,163,126,130,NR,116,48,224,16,21,24,24,38,42,37,51,35,90,566,58,63,23,72,27,42,26,18,36,,,2025-04-22
Uttar Pradesh,Hapur,36,,27,32,72,123,107,102,90,45,62,193,165,156,152,157,151,50,215,23,17,23,15,37,35,40,48,40,98,670,51,72,25,99,54,50,30,13,46,,,2025-04-22
Uttar Pradesh,Bulandshahr,44,,32,40,93,136,NR,NR,NR,45,56,NR,151,137,142,137,170,43,240,18,NR,NR,NR,29,39,33,55,35,97,542,53,72,25,83,31,47,27,15,32,,,2025-04-22
Uttar Pradesh,Kanpur Dehat,31,,24,34,77,105,117,92,83,45,53,190,146,114,139,135,107,49,188,19,15,22,15,29,35,35,51,35,85,601,58,76,26,79,27,28,25,15,39,,,2025-04-22
Uttar Pradesh,Hathras,40,,26,29,86,125,115,108,86,41,56,188,162,141,137,147,133,50,260,20,18,28,16,26,NR,37,NR,40,95,613,55,75,40,81,35,42,28,12,40,,,2025-04-22
Uttar Pradesh,Raebareli,41,,26,35,86,125,117,109,86,45,57,189,169,153,146,160,137,52,228,18,19,25,16,34,41,41,52,44,94,631,56,75,26,84,35,44,28,16,47,,,2025-04-22
Uttar Pradesh,Lalitpur,36,,28,29,85,130,100,90,88,42,56,183,145,142,137,126,118,40,255,20,20,25,12,33,38,33,55,28,92,600,57,78,28,78,31,43,27,18,28,,,2025-04-22
Uttar Pradesh,Mohaba,35,,22,30,90,117,97,93,83,45,50,148,144,137,152,152,128,41,185,20,21,22,11,32,35,34,47,34,93,622,56,62,25,75,32,43,30,17,47,,,2025-04-22
Uttar Pradesh,Gautam Budh Nagar,38,,30,33,78,126,111,102,80,44,56,NR,NR,NR,NR,NR,NR,47,228,18,15,23,15,31,36,36,52,40,91,602,55,64,24,82,35,37,29,14,41,,,2025-04-22
Uttar Pradesh,Auraiya,38,,25,35,77,113,109,103,78,45,60,166,140,134,136,140,129,47,219,22,18,26,15,34,33,35,46,35,83,613,57,74,19,81,36,35,29,14,47,,,2025-04-22
Uttar Pradesh,Maharajganj,35,,28,35,81,121,119,112,80,44,57,189,169,132,142,155,131,47,213,22,20,23,18,36,44,36,51,38,91,593,58,72,30,82,34,45,30,15,48,,,2025-04-22
Uttar Pradesh,Balrampur,32,,25,34,80,110,105,110,80,45,50,165,164,148,136,159,134,50,225,15,19,27,19,34,42,35,NR,39,95,619,57,70,23,85,30,40,25,15,35,,,2025-04-22
Uttar Pradesh,Kannauj,40,,27,33,88,118,118,110,90,45,58,184,139,118,123,143,108,51,240,22,23,30,15,32,39,32,NR,34,83,538,52,72,24,86,39,45,34,16,36,,,2025-04-22
Uttar Pradesh,Mathura,38,,30,33,85,133,117,108,85,44,60,210,153,120,121,145,125,59,263,28,19,35,15,33,43,40,47,40,120,601,55,76,28,83,32,65,42,15,38,,,2025-04-22
Uttar Pradesh,Firozabad,38,,35,37,82,110,86,112,90,40,65,190,158,117,142,182,111,45,300,21,22,34,19,23,25,33,39,35,99,717,52,69,35,85,30,40,30,15,30,,,2025-04-22
Uttar Pradesh,Kasganj,45,,26,35,85,125,115,115,85,44,59,211,167,143,144,154,145,55,237,22,22,30,10,23,NR,36,NR,38,98,542,54,74,36,85,38,47,28,13,41,,,2025-04-22
Uttar Pradesh,Mainpuri,38,,30,34,88,132,120,113,88,42,63,180,139,123,121,116,100,51,260,24,22,23,21,24,25,39,40,38,105,700,55,70,35,85,47,43,25,21,36,,,2025-04-22
Uttar Pradesh,Shamli,38,,25,28,80,128,117,108,85,44,55,190,154,150,141,146,126,49,243,15,16,18,19,25,45,35,52,35,85,520,60,66,30,85,30,47,25,12,48,,,2025-04-22
Uttar Pradesh,Ballia,37,,26,31,87,125,117,112,90,45,58,192,160,141,142,146,124,49,225,22,17,24,15,31,36,35,51,37,91,617,52,73,29,82,34,44,29,17,47,,,2025-04-22
Uttar Pradesh,Mau,38,,25,32,87,125,114,108,88,45,56,192,160,143,143,147,110,55,241,22,15,24,9,NR,NR,36,NR,37,91,721,55,79,25,82,35,41,31,16,41,,,2025-04-22
Uttarakhand,Dehradun,36,,26,38,98,136,115,115,98,45,67,181,181,157,142,164,NR,57,280,30,20,31,20,34,43,40,52,41,110,681,60,76,50,110,41,50,39,15,60,,,2025-04-22
Uttarakhand,Haldwani,38,,36,33,95,138,124,113,100,44,57,179,189,153,138,166,149,52,259,28,20,27,15,30,43,52,84,59,93,600,58,80,40,100,40,60,38,15,50,,,2025-04-22
Uttarakhand,Rudrapur,36,,27,36,90,130,122,112,90,45,56,196,160,145,138,165,104,55,230,27,20,30,20,32,68,40,60,40,60,644,60,65,33,88,37,43,38,27,60,,,2025-04-22
Uttarakhand,Haridwar,42,,30,38,90,138,120,113,91,43,64,203,179,160,159,163,NR,62,289,28,15,27,21,37,NR,44,53,40,102,634,56,76,25,98,57,41,37,16,60,,,2025-04-22
WEST ZONE,WEST ZONE,,,,,,,,,,,,,,,,,,,,,,,,,,,,,,,,,,,,,,,,,,2025-04-22
Chhattisgarh,Raipur,34,,39,43,92,119,105,100,95,46,56,199,159,136,130,143,105,55,247,20,22,24,19,30,26,41,45,43,91,732,56,58,31,87,34,34,23,10,29,,,2025-04-22
Chhattisgarh,Durg,NR,,NR,NR,NR,NR,NR,NR,NR,NR,NR,NR,NR,NR,NR,NR,NR,NR,NR,NR,NR,NR,NR,NR,NR,NR,NR,NR,NR,NR,NR,NR,NR,NR,NR,NR,NR,NR,NR,,,2025-04-22
Chhattisgarh,Ambikapur,34,,30,33,98,130,112,109,109,41,41,200,157,113,159,162,NR,38,249,15,31,30,10,NR,NR,40,NR,32,62,598,50,70,40,55,70,60,50,25,47,,,2025-04-22
Chhattisgarh,Bilaspur-CG,NR,,NR,NR,NR,NR,NR,NR,NR,NR,NR,NR,NR,NR,NR,NR,NR,NR,NR,NR,NR,NR,NR,NR,NR,NR,NR,NR,NR,NR,NR,NR,NR,NR,NR,NR,NR,NR,NR,,,2025-04-22
Chhattisgarh,Jagdalpur,NR,,NR,NR,NR,NR,NR,NR,NR,NR,NR,NR,NR,NR,NR,NR,NR,NR,NR,NR,NR,NR,NR,NR,NR,NR,NR,NR,NR,NR,NR,NR,NR,NR,NR,NR,NR,NR,NR,,,2025-04-22
Chhattisgarh,Dantewada,39,,37,41,99,130,117,110,83,45,61,NR,187,152,144,156,134,57,247,17,26,39,19,40,NR,41,NR,46,112,648,59,68,41,97,50,47,21,17,64,,,2025-04-22
Chhattisgarh,Dhamtari,34,,26,40,98,145,110,110,98,44,66,194,183,132,128,124,137,55,223,24,27,27,20,43,43,43,53,45,120,753,55,71,38,77,35,33,25,20,38,,,2025-04-22
Chhattisgarh,Rajnandgaon,NR,,NR,NR,NR,NR,NR,NR,NR,NR,NR,NR,NR,NR,NR,NR,NR,NR,NR,NR,NR,NR,NR,NR,NR,NR,NR,NR,NR,NR,NR,NR,NR,NR,NR,NR,NR,NR,NR,,,2025-04-22
Chhattisgarh,Koriya,39,,35,39,85,127,102,112,83,42,75,206,162,154,148,168,173,47,195,25,33,33,10,35,34,46,32,58,82,693,58,83,22,78,27,38,28,17,42,,,2025-04-22
DNH and DD,Silvasa,51,,39,40,90,127,119,119,86,43,68,184,181,187,170,168,142,63,235,29,20,27,23,43,58,52,60,62,121,676,59,84,53,102,64,44,38,22,30,,,2025-04-22
DNH and DD,Daman,53,,37,39,86,127,127,120,84,44,68,184,185,166,166,167,125,67,225,29,23,28,22,41,48,52,60,63,122,683,59,79,57,92,62,43,35,21,34,,,2025-04-22
DNH and DD,Diu,46,,39,55,85,142,152,123,99,45,64,211,211,192,181,196,135,70,400,30,19,32,14,41,39,58,NR,70,118,698,60,81,41,109,44,37,37,19,48,,,2025-04-22
Goa,Panaji,58,,48,48,103,125,147,125,103,45,58,239,190,204,168,171,148,60,325,30,38,33,28,40,60,50,60,50,130,651,60,70,60,108,45,63,52,17,45,,,2025-04-22
Goa,Margao,54,,49,52,98,130,140,125,95,45,62,224,189,196,178,176,157,62,340,27,36,30,28,40,57,45,54,49,115,732,63,72,55,85,43,58,27,16,43,,,2025-04-22
Gujarat,Ahmedabad,NR,,NR,NR,NR,NR,NR,NR,NR,NR,NR,NR,NR,NR,NR,NR,NR,NR,NR,NR,NR,NR,NR,NR,NR,NR,NR,NR,NR,NR,NR,NR,NR,NR,NR,NR,NR,NR,NR,,,2025-04-22
Gujarat,Rajkot,34,,32,34,78,117,116,104,78,44,62,178,163,138,140,156,149,56,205,18,30,30,30,38,32,40,68,44,93,620,53,67,37,76,28,34,37,15,42,,,2025-04-22
Gujarat,Surat,41,,37,37,87,168,124,111,82,43,68,171,155,139,127,126,124,55,226,18,31,39,24,30,37,36,81,37,89,603,60,71,55,64,46,33,35,17,40,,,2025-04-22
Gujarat,Bhuj,38,,34,35,89,118,127,107,88,44,64,196,181,148,148,155,149,58,218,19,22,32,19,39,36,44,67,38,91,651,51,68,38,67,29,39,20,15,40,,,2025-04-22
Gujarat,Selamba,40,,33,39,90,120,120,107,90,44,62,181,176,148,137,168,167,50,212,23,27,29,30,32,36,41,60,42,90,610,50,65,30,77,32,35,31,16,50,,,2025-04-22
Gujarat,Waghai,36,,34,45,91,126,121,119,90,45,64,197,177,150,148,159,147,55,209,21,29,36,31,31,42,39,45,45,95,619,55,70,35,66,29,35,23,16,40,,,2025-04-22
Gujarat,Bodeli,32,,33,35,95,120,120,110,85,42,64,187,179,152,159,157,154,55,205,20,25,33,25,35,32,42,NR,42,90,600,60,70,20,80,42,40,25,15,40,,,2025-04-22
Gujarat,Vapi,37,,34,38,92,124,120,115,87,44,63,181,175,156,154,167,150,51,210,18,20,31,21,32,35,40,64,41,85,627,58,68,42,80,35,31,20,18,43,,,2025-04-22
Gujarat,Bilimora,44,,NR,NR,90,101,124,95,92,37,53,187,189,174,136,177,145,39,207,14,22,26,30,38,37,37,44,48,94,659,60,70,33,66,28,28,20,17,32,,,2025-04-22
Gujarat,Idar,NR,,NR,NR,NR,NR,NR,NR,NR,NR,NR,NR,NR,NR,NR,NR,NR,NR,NR,NR,NR,NR,NR,NR,NR,NR,NR,NR,NR,NR,NR,NR,NR,NR,NR,NR,NR,NR,NR,,,2025-04-22
Gujarat,Jhalod,55,,51,52,75,100,100,100,80,45,62,189,166,166,156,166,166,56,200,NR,17,17,18,40,35,40,70,44,96,670,56,70,40,77,35,37,22,16,40,,,2025-04-22
Gujarat,Songash,NR,,NR,NR,NR,NR,NR,NR,NR,NR,NR,NR,NR,NR,NR,NR,NR,NR,NR,NR,NR,NR,NR,NR,NR,NR,NR,NR,NR,NR,NR,NR,NR,NR,NR,NR,NR,NR,NR,,,2025-04-22
Madhya Pradesh,Bhopal,39,,31,33,90,114,113,102,85,45,59,179,167,153,153,171,NR,49,229,10,20,28,16,39,41,40,50,39,94,688,58,86,24,88,38,40,30,15,40,,,2025-04-22
Madhya Pradesh,Indore,42,,29,36,85,118,120,106,83,43,60,170,161,144,142,142,141,55,268,15,20,20,17,34,34,38,NR,40,81,640,59,86,30,83,32,33,21,15,28,,,2025-04-22
Madhya Pradesh,Gwalior,38,,32,37,77,132,120,113,90,45,60,210,162,172,142,179,NR,50,222,12,16,28,11,28,32,39,61,40,88,619,55,71,23,82,35,35,26,15,36,,,2025-04-22
Madhya Pradesh,Jabalpur,NR,,NR,NR,NR,NR,NR,NR,NR,NR,NR,NR,NR,NR,NR,NR,NR,NR,NR,NR,NR,NR,NR,NR,NR,NR,NR,NR,NR,NR,NR,NR,NR,NR,NR,NR,NR,NR,NR,,,2025-04-22
Madhya Pradesh,Rewa,32,,26,35,86,131,112,98,85,43,55,177,147,123,155,146,NR,54,237,18,21,33,15,NR,NR,35,NR,35,85,655,57,76,25,70,27,45,30,12,41,,,2025-04-22
Madhya Pradesh,Sagar,39,,27,29,83,120,112,104,85,45,58,178,167,143,147,171,139,42,235,16,18,18,13,40,41,40,59,41,88,681,59,67,28,78,28,31,23,13,38,,,2025-04-22
Madhya Pradesh,Jhabua,39,,30,33,85,120,117,100,89,45,56,193,178,178,145,162,NR,58,257,15,15,12,10,31,38,43,58,41,99,645,NR,70,17,82,34,35,29,18,34,,,2025-04-22
Madhya Pradesh,Hoshangabad,42,,29,36,81,124,115,103,83,44,56,188,150,128,140,145,109,51,223,12,21,22,11,43,49,44,50,42,97,655,59,80,19,73,31,46,19,18,42,,,2025-04-22
Madhya Pradesh,Shahdol,35,,29,35,86,123,112,110,83,44,50,200,136,125,121,154,NR,52,210,18,20,20,10,37,33,35,50,40,95,604,58,70,30,90,30,40,27,18,35,,,2025-04-22
Madhya Pradesh,Ujjain,40,,32,36,92,125,110,112,95,45,60,160,159,167,141,174,93,45,250,25,25,25,20,40,40,38,51,40,100,659,60,72,38,100,22,51,30,15,41,,,2025-04-22
Madhya Pradesh,Morena,40,,31,36,90,130,120,120,100,45,65,209,158,142,144,144,104,46,247,14,20,24,20,28,NR,40,NR,40,96,604,60,80,15,83,36,32,29,14,40,,,2025-04-22
Madhya Pradesh,Anuppur,34,,25,37,80,110,120,115,85,45,50,216,150,159,148,148,143,47,230,30,20,20,10,41,39,38,40,46,80,721,55,78,14,120,25,31,22,13,30,,,2025-04-22
Madhya Pradesh,Bhind,40,,31,34,85,123,120,115,87,44,58,179,146,131,123,120,98,49,244,15,16,25,9,32,42,37,61,41,92,633,56,75,19,81,33,43,25,16,40,,,2025-04-22
Madhya Pradesh,Dhar,42,,27,34,84,124,115,104,93,42,57,164,168,170,147,170,91,47,209,15,22,19,20,35,35,37,51,41,90,687,55,74,15,80,27,35,18,16,30,,,2025-04-22
Madhya Pradesh,Harda,40,,30,34,80,119,119,110,90,44,59,176,175,159,149,159,NR,45,220,28,23,23,20,40,40,44,80,46,90,637,58,72,30,80,30,30,20,15,28,,,2025-04-22
Madhya Pradesh,Katni,31,,29,34,86,125,130,115,80,42,50,165,154,126,148,154,100,50,205,19,19,18,8,35,38,45,55,45,100,604,58,80,20,80,40,40,27,15,35,,,2025-04-22
Madhya Pradesh,Khandwa,38,,27,32,87,110,100,100,84,43,53,181,134,110,115,118,NR,48,219,21,NR,NR,NR,36,36,34,40,40,85,562,55,72,35,75,25,35,26,16,33,,,2025-04-22
Madhya Pradesh,Mandla,36,,28,35,80,100,115,112,82,44,50,194,165,154,154,167,159,48,240,30,23,18,17,43,43,40,60,45,90,659,60,71,18,87,25,35,17,12,35,,,2025-04-22
Madhya Pradesh,Rajgarh,40,,25,31,80,130,113,102,88,44,40,168,172,172,152,181,NR,50,240,10,30,20,20,NR,NR,40,NR,43,87,655,NR,80,30,93,38,42,30,15,40,,,2025-04-22
Madhya Pradesh,Sidhi,35,,26,35,80,125,110,100,80,50,60,174,165,148,148,115,98,50,250,18,20,25,16,28,40,40,53,45,90,635,56,80,27,80,35,46,25,15,50,,,2025-04-22
Madhya Pradesh,Chattarpur,37,,29,33,90,127,120,103,80,45,48,190,165,150,154,141,106,53,230,20,18,17,10,33,38,40,48,50,100,600,63,72,22,88,28,40,23,15,42,,,2025-04-22
Madhya Pradesh,Neemuch,41,,25,32,80,128,110,105,81,40,63,176,135,130,123,129,NR,38,298,10,19,20,15,44,41,41,65,41,94,551,60,70,35,72,25,42,30,15,40,,,2025-04-22
Madhya Pradesh,Burhanpur,44,,25,32,82,118,113,109,80,43,57,184,174,176,157,176,164,44,315,29,20,18,16,33,27,39,NR,44,92,703,59,74,25,88,33,35,30,14,25,,,2025-04-22
Madhya Pradesh,Narshinpur,41,,26,30,73,115,113,100,80,42,56,201,157,121,126,121,NR,40,232,12,15,20,10,40,39,50,52,50,98,634,55,76,20,80,30,35,25,15,35,,,2025-04-22
Madhya Pradesh,Raisen,39,,30,31,75,130,118,108,80,46,57,176,163,157,137,NR,NR,45,237,10,20,20,10,40,41,39,NR,40,89,674,60,76,21,77,35,36,23,14,28,,,2025-04-22
Madhya Pradesh,Sheopur,40,,26,32,75,115,112,102,80,45,60,181,165,167,148,154,NR,48,240,28,20,20,12,27,29,44,63,45,80,659,58,80,15,95,40,40,30,15,40,,,2025-04-22
Madhya Pradesh,Agar malwa,40,,24,30,80,125,107,97,84,43,59,180,166,141,146,133,NR,43,275,20,23,21,19,41,44,41,NR,45,86,628,55,72,22,87,30,29,20,15,41,,,2025-04-22
Madhya Pradesh,Umaria,34,,32,34,77,115,115,111,80,45,56,190,159,143,148,143,NR,40,217,15,20,20,12,35,NR,40,NR,47,93,615,60,78,20,78,28,47,25,15,40,,,2025-04-22
Madhya Pradesh,Shajapur,40,,27,33,83,120,113,107,85,43,57,167,159,152,143,157,NR,45,240,18,19,22,15,35,32,38,NR,41,85,670,58,70,22,83,25,32,25,15,38,,,2025-04-22
Madhya Pradesh,Dewas,43,,26,33,83,116,115,105,91,43,60,167,169,153,146,164,NR,45,226,10,24,26,17,36,39,43,57,44,91,667,62,73,26,88,39,38,25,16,35,,,2025-04-22
Madhya Pradesh,Khargone,NR,,NR,NR,NR,NR,NR,NR,NR,NR,NR,NR,NR,NR,NR,NR,NR,NR,NR,NR,NR,NR,NR,NR,NR,NR,NR,NR,NR,NR,NR,NR,NR,NR,NR,NR,NR,NR,NR,,,2025-04-22
Madhya Pradesh,Singrauli,39,,27,34,92,109,112,113,81,48,59,176,165,141,143,136,119,49,237,13,20,16,14,NR,40,37,NR,43,90,661,55,72,21,83,24,39,22,15,37,,,2025-04-22
Madhya Pradesh,Chhindwara,46,,30,36,77,120,116,116,86,45,50,198,180,143,149,176,143,44,200,10,30,25,14,NR,NR,NR,NR,NR,NR,NR,NR,NR,NR,NR,NR,NR,NR,NR,NR,,,2025-04-22
Madhya Pradesh,Sehore,40,,25,32,79,115,110,100,84,44,50,170,165,154,146,170,NR,48,190,10,20,20,10,NR,NR,49,NR,47,90,633,60,72,20,90,30,35,25,15,50,,,2025-04-22
Madhya Pradesh,MP-Ashoknagar,35,,26,28,85,124,110,100,90,44,55,176,150,150,143,142,NR,42,210,10,27,27,18,37,40,37,NR,38,90,639,55,90,30,90,38,45,25,15,31,,,2025-04-22
Madhya Pradesh,Balaghat,35,,35,40,73,117,120,110,90,44,51,175,175,148,141,156,NR,50,220,15,20,20,15,40,42,42,58,42,101,640,58,60,23,100,25,41,20,15,28,,,2025-04-22
Madhya Pradesh,Guna,42,,24,30,77,123,112,100,79,44,58,194,163,175,149,176,138,45,200,20,17,17,10,31,43,43,63,43,82,677,60,71,30,80,34,38,28,15,32,,,2025-04-22
Madhya Pradesh,Ratlam,38,,31,37,81,125,125,110,84,42,63,179,172,162,147,173,145,46,240,10,19,11,13,32,42,45,70,47,80,615,59,64,27,81,51,43,26,15,37,,,2025-04-22
Madhya Pradesh,Satna,33,,28,35,90,120,90,85,82,48,60,220,172,163,159,170,117,52,230,22,26,35,15,35,42,35,60,37,83,600,58,70,24,70,45,50,20,13,44,,,2025-04-22
Madhya Pradesh,Vidisha,39,,33,35,74,118,120,113,85,43,60,176,170,154,148,170,NR,47,207,10,22,14,10,39,40,36,67,38,82,633,59,81,13,83,35,32,28,15,43,,,2025-04-22
Madhya Pradesh,Alirajpur,34,,27,35,93,125,93,110,90,42,55,178,134,130,118,123,NR,38,280,10,24,24,12,33,32,43,NR,46,94,599,57,73,15,76,39,47,30,17,31,,,2025-04-22
Madhya Pradesh,Betul,NR,,NR,NR,NR,NR,NR,NR,NR,NR,NR,NR,NR,NR,NR,NR,NR,NR,NR,NR,NR,NR,NR,NR,NR,NR,NR,NR,NR,NR,NR,NR,NR,NR,NR,NR,NR,NR,NR,,,2025-04-22
Madhya Pradesh,Damoh,48,,32,34,82,118,120,112,82,43,60,192,176,151,148,155,NR,45,210,13,20,22,8,39,44,45,57,45,95,586,57,73,20,82,27,40,26,15,39,,,2025-04-22
Madhya Pradesh,Dindori,NR,,NR,NR,NR,NR,NR,NR,NR,NR,NR,NR,NR,NR,NR,NR,NR,NR,NR,NR,NR,NR,NR,NR,NR,NR,NR,NR,NR,NR,NR,NR,NR,NR,NR,NR,NR,NR,NR,,,2025-04-22
Madhya Pradesh,Niwari,36,,24,31,76,123,96,101,79,46,60,199,160,177,155,149,NR,41,215,30,16,21,11,NR,NR,40,NR,40,97,687,60,90,30,92,33,40,27,19,35,,,2025-04-22
Madhya Pradesh,Seoni,38,,38,40,90,130,110,105,86,47,55,194,145,108,110,129,NR,47,215,11,22,23,10,40,40,36,68,42,100,650,57,81,17,78,48,36,21,15,41,,,2025-04-22
Madhya Pradesh,Panna,38,,26,36,75,125,100,95,90,42,52,178,173,128,133,124,112,53,210,11,20,30,13,40,67,35,60,45,97,651,56,75,38,70,24,48,31,12,47,,,2025-04-22
Madhya Pradesh,Tikamgarh,35,,26,30,90,125,125,95,90,44,50,205,165,143,143,150,NR,50,200,20,20,25,10,30,35,40,31,44,110,654,58,70,20,85,29,42,20,17,40,,,2025-04-22
Madhya Pradesh,Datia,43,,25,27,92,131,121,111,87,44,56,228,169,144,158,181,123,51,209,28,21,23,15,41,43,41,69,41,99,674,59,93,16,81,39,38,28,15,39,,,2025-04-22
Madhya Pradesh,Maihar,40,,30,35,90,120,100,100,85,45,53,220,176,148,150,165,115,50,205,10,17,32,10,NR,NR,40,NR,45,100,725,58,72,39,97,29,40,40,12,40,,,2025-04-22
Maharashtra,Mumbai,44,,47,56,97,141,138,127,101,50,58,214,181,170,154,172,127,87,310,28,37,26,25,42,56,53,66,55,130,679,58,70,60,112,73,53,59,19,45,,,2025-04-22
Maharashtra,Nagpur,47,,44,51,91,123,129,119,96,49,62,211,205,166,161,155,125,68,283,27,37,36,26,38,48,48,75,48,110,663,56,94,38,88,35,48,28,18,49,,,2025-04-22
Maharashtra,Pune,41,,45,54,86,143,113,117,86,47,74,190,183,156,154,163,149,54,326,31,34,28,23,41,43,38,43,40,99,505,59,84,42,84,37,38,33,15,43,,,2025-04-22
Maharashtra,Nashik,41,,39,43,84,130,123,116,94,42,56,180,212,168,151,165,155,54,317,27,32,27,23,43,57,52,55,51,103,644,58,70,68,103,54,38,31,15,37,,,2025-04-22
Maharashtra,Mangaon-Raigad,47,,40,49,89,125,133,118,96,45,55,203,174,207,148,176,150,59,355,29,28,27,29,43,52,43,55,45,97,762,59,68,40,92,58,40,28,17,58,,,2025-04-22
Maharashtra,Dharni,41,,29,39,79,122,104,116,89,45,57,184,181,156,156,181,NR,46,320,13,32,29,27,32,27,43,NR,44,91,767,62,70,35,73,44,43,22,18,24,,,2025-04-22
Maharashtra,Latur,52,,32,37,90,128,128,123,92,39,63,171,178,145,141,151,147,45,213,24,27,22,32,35,34,38,61,35,93,738,64,61,52,95,38,34,22,18,38,,,2025-04-22
Maharashtra,Akluj,50,,36,42,79,115,123,110,85,43,52,200,174,148,154,165,139,40,335,30,26,21,17,31,43,41,60,41,90,659,55,NR,40,90,30,42,19,12,25,,,2025-04-22
Maharashtra,Arni Yavatmal,46,,34,36,100,135,125,114,90,41,63,170,155,125,147,122,NR,57,300,10,30,31,20,35,32,47,70,55,103,784,55,72,30,99,45,42,40,15,40,,,2025-04-22
Maharashtra,Chandrapur,43,,33,41,90,123,127,117,96,44,68,185,179,167,153,156,NR,70,238,30,30,20,15,53,52,60,52,53,99,616,63,63,17,106,36,39,39,20,67,,,2025-04-22
Maharashtra,Karad Satara,39,,38,50,86,124,112,120,91,44,70,188,189,153,158,165,156,50,293,30,32,28,20,38,36,42,59,43,112,637,55,60,40,94,60,43,37,19,39,,,2025-04-22
Maharashtra,Ahemednagar,53,,44,49,84,129,127,119,99,43,53,169,186,153,158,164,153,46,249,30,26,19,19,31,35,37,44,39,108,567,58,54,39,79,29,59,29,18,25,,,2025-04-22
Maharashtra,Khultabad,52,,32,36,82,138,117,109,82,44,44,181,NR,136,143,146,131,55,296,20,35,31,31,31,34,49,NR,47,82,702,58,81,43,77,38,34,37,17,30,,,2025-04-22
Maharashtra,Islampur,50,,40,48,83,131,128,112,90,42,67,201,181,116,151,154,118,51,333,27,30,22,28,35,39,39,43,42,106,642,52,75,41,98,59,39,35,27,41,,,2025-04-22
Maharashtra,Kankavli,45,,41,47,91,121,127,118,97,45,58,209,197,157,157,161,153,53,342,20,30,29,18,40,39,45,46,44,108,667,54,72,32,72,47,42,24,16,65,,,2025-04-22
Maharashtra,Partur,50,,31,40,80,120,120,110,88,43,56,205,187,151,154,164,164,49,401,10,29,25,15,33,34,43,NR,47,87,775,NR,84,29,92,40,43,20,15,43,,,2025-04-22
Maharashtra,Gondia,51,,35,37,78,113,97,103,81,44,57,171,186,156,147,169,158,62,220,29,20,20,15,36,37,38,61,39,75,820,58,62,25,89,43,41,29,16,29,,,2025-04-22
Maharashtra,Jalgaon,47,,35,41,88,125,131,116,99,45,64,176,184,177,151,164,165,57,458,28,29,18,32,44,38,57,51,57,109,701,59,66,62,115,44,40,28,19,36,,,2025-04-22
Maharashtra,Akola,42,,34,44,85,125,128,117,97,44,65,174,182,163,149,159,139,58,307,26,28,23,22,38,39,48,65,48,112,723,55,72,40,90,45,55,21,16,33,,,2025-04-22
Rajasthan,Jaipur,45,,31,36,76,112,104,99,81,47,52,181,181,176,167,165,NR,45,320,15,15,19,15,24,27,45,NR,49,77,601,58,81,16,60,28,50,42,21,40,,,2025-04-22
Rajasthan,Jodhpur,NR,,NR,NR,NR,NR,NR,NR,NR,NR,NR,NR,NR,NR,NR,NR,NR,NR,NR,NR,NR,NR,NR,NR,NR,NR,NR,NR,NR,NR,NR,NR,NR,NR,NR,NR,NR,NR,NR,,,2025-04-22
Rajasthan,Kota,44,,30,32,90,140,130,112,92,44,59,182,150,118,151,139,109,52,284,22,23,23,17,32,47,47,55,50,89,646,60,66,56,80,30,38,46,13,40,,,2025-04-22
Rajasthan,Udaipur,35,,28,30,90,140,110,105,95,44,56,183,153,132,130,NR,122,51,335,22,NR,NR,NR,35,40,35,60,35,97,500,64,81,39,85,20,32,30,16,33,,,2025-04-22
Rajasthan,Bharatpur,NR,,NR,NR,NR,NR,NR,NR,NR,NR,NR,NR,NR,NR,NR,NR,NR,NR,NR,NR,NR,NR,NR,NR,NR,NR,NR,NR,NR,NR,NR,NR,NR,NR,NR,NR,NR,NR,NR,,,2025-04-22
Rajasthan,Ajmer,42,,34,34,80,107,105,102,85,40,53,178,181,159,141,148,NR,43,303,20,10,13,6,26,29,34,NR,36,94,567,56,94,43,76,36,35,NR,16,39,,,2025-04-22
Rajasthan,Bikaner,NR,,NR,NR,NR,NR,NR,NR,NR,NR,NR,NR,NR,NR,NR,NR,NR,NR,NR,NR,NR,NR,NR,NR,NR,NR,NR,NR,NR,NR,NR,NR,NR,NR,NR,NR,NR,NR,NR,,,2025-04-22
Rajasthan,Bundi,57,,30,34,83,157,123,110,103,44,57,185,165,165,147,165,NR,50,333,22,22,33,15,29,38,35,73,33,110,641,60,93,37,80,21,40,33,25,40,,,2025-04-22
Rajasthan,Rajsamand,41,,29,36,90,140,121,106,78,42,56,176,NR,123,148,126,NR,48,290,26,20,34,20,29,29,40,59,43,94,522,59,77,43,71,40,35,26,15,36,,,2025-04-22
Rajasthan,Alwar,NR,,NR,NR,NR,NR,NR,NR,NR,NR,NR,NR,NR,NR,NR,NR,NR,NR,NR,NR,NR,NR,NR,NR,NR,NR,NR,NR,NR,NR,NR,NR,NR,NR,NR,NR,NR,NR,NR,,,2025-04-22
Rajasthan,Banswara,38,,26,33,96,134,126,118,90,41,53,170,146,112,106,150,NR,46,355,24,37,40,37,34,37,46,49,47,97,512,57,85,36,73,46,51,30,NR,38,,,2025-04-22
Rajasthan,Baran,NR,,NR,NR,NR,NR,NR,NR,NR,NR,NR,NR,NR,NR,NR,NR,NR,NR,NR,NR,NR,NR,NR,NR,NR,NR,NR,NR,NR,NR,NR,NR,NR,NR,NR,NR,NR,NR,NR,,,2025-04-22
Rajasthan,Barmer,38,,34,34,90,135,125,100,90,43,NR,NR,153,120,132,NR,NR,44,NR,19,18,37,20,29,36,39,55,45,93,617,55,81,44,82,28,58,28,22,43,,,2025-04-22
Rajasthan,Bhilwara,NR,,NR,NR,NR,NR,NR,NR,NR,NR,NR,NR,NR,NR,NR,NR,NR,NR,NR,NR,NR,NR,NR,NR,NR,NR,NR,NR,NR,NR,NR,NR,NR,NR,NR,NR,NR,NR,NR,,,2025-04-22
Rajasthan,Chhitorgarh,43,,30,33,93,164,120,107,87,43,56,202,158,134,135,137,114,46,270,20,30,27,15,28,36,39,57,44,95,572,55,77,45,89,36,54,35,23,40,,,2025-04-22
Rajasthan,Churu,35,,28,30,90,155,130,123,82,42,46,173,151,145,117,NR,NR,39,305,15,25,30,25,28,40,50,35,50,110,700,55,NR,40,100,NR,60,40,15,40,,,2025-04-22
Rajasthan,Dholapur,NR,,NR,NR,NR,NR,NR,NR,NR,NR,NR,NR,NR,NR,NR,NR,NR,NR,NR,NR,NR,NR,NR,NR,NR,NR,NR,NR,NR,NR,NR,NR,NR,NR,NR,NR,NR,NR,NR,,,2025-04-22
Rajasthan,Dungarpur,46,,29,35,90,155,122,109,86,48,65,226,191,NR,158,NR,NR,51,284,21,31,30,26,36,37,45,84,44,86,608,58,81,39,62,32,46,38,20,42,,,2025-04-22
Rajasthan,Hanumangarh,35,,27,35,83,174,112,105,85,43,46,215,138,108,129,130,96,40,318,20,33,36,33,NR,NR,NR,NR,NR,NR,NR,NR,NR,NR,NR,NR,NR,NR,NR,NR,,,2025-04-22
Rajasthan,Jaisalmer,NR,,NR,NR,NR,NR,NR,NR,NR,NR,NR,NR,NR,NR,NR,NR,NR,NR,NR,NR,NR,NR,NR,NR,NR,NR,NR,NR,NR,NR,NR,NR,NR,NR,NR,NR,NR,NR,NR,,,2025-04-22
Rajasthan,Jalore,39,,33,34,95,110,125,110,90,42,54,197,138,127,137,151,NR,42,310,15,34,34,24,30,40,41,NR,50,69,545,60,78,73,98,41,40,40,17,43,,,2025-04-22
Rajasthan,Jhalawar,42,,29,32,81,167,119,107,86,40,55,176,146,117,126,149,NR,40,298,19,25,30,24,NR,NR,43,NR,50,90,633,59,83,30,70,21,40,30,28,40,,,2025-04-22
Rajasthan,Jhunjhunu,43,,26,32,90,161,123,113,90,44,52,199,142,118,106,123,NR,52,NR,18,33,37,25,23,NR,41,48,44,103,565,56,84,50,100,38,42,25,20,40,,,2025-04-22
Rajasthan,Karauli,40,,24,32,83,145,114,104,94,46,54,190,141,128,129,133,101,40,320,23,19,28,19,23,22,40,36,50,106,610,60,88,45,99,33,51,22,20,40,,,2025-04-22
Rajasthan,Nagaur,NR,,NR,NR,NR,NR,NR,NR,NR,NR,NR,NR,NR,NR,NR,NR,NR,NR,NR,NR,NR,NR,NR,NR,NR,NR,NR,NR,NR,NR,NR,NR,NR,NR,NR,NR,NR,NR,NR,,,2025-04-22
Rajasthan,Pali,55,,33,32,91,129,128,93,75,NR,NR,NR,NR,NR,NR,NR,NR,NR,NR,NR,NR,NR,NR,NR,NR,NR,NR,NR,NR,NR,NR,NR,NR,NR,NR,NR,NR,NR,NR,,,2025-04-22
Rajasthan,RJ-Pratapgarh,41,,28,32,70,168,106,97,85,42,44,155,148,120,130,NR,NR,44,298,19,24,38,15,NR,36,39,NR,42,103,659,47,60,39,70,46,36,25,14,40,,,2025-04-22
Rajasthan,Sikar,40,,26,32,86,145,123,102,92,45,52,170,155,117,135,151,NR,45,305,21,NR,NR,NR,23,30,41,47,45,106,558,56,56,55,90,31,44,37,22,48,,,2025-04-22
Rajasthan,Sirohi,43,,35,38,85,150,120,95,80,42,51,203,148,127,128,130,115,49,250,17,21,30,20,26,35,42,NR,43,92,520,60,94,41,70,60,30,22,10,37,,,2025-04-22
Rajasthan,Sri Ganganagar,38,,28,35,NR,139,101,74,72,44,51,197,154,138,133,NR,NR,48,264,NR,24,23,27,NR,NR,NR,NR,35,71,720,NR,NR,40,86,30,94,43,26,50,,,2025-04-22
Rajasthan,Tonk,45,,27,33,90,168,120,109,82,45,54,194,132,NR,110,NR,98,44,267,14,23,35,15,25,40,40,NR,48,110,520,58,75,35,85,65,40,35,18,40,,,2025-04-22
Rajasthan,Sawai Madhopur,48,,27,31,77,140,120,120,98,45,55,203,137,126,126,134,NR,45,292,26,30,35,30,32,35,50,50,50,110,550,67,72,40,90,25,54,25,25,40,,,2025-04-22
EAST ZONE,EAST ZONE,,,,,,,,,,,,,,,,,,,,,,,,,,,,,,,,,,,,,,,,,,2025-04-22
Bihar,Patna,NR,,NR,NR,NR,NR,NR,NR,NR,NR,NR,NR,NR,NR,NR,NR,NR,NR,NR,NR,NR,NR,NR,NR,NR,NR,NR,NR,NR,NR,NR,NR,NR,NR,NR,NR,NR,NR,NR,,,2025-04-22
Bihar,Bhagalpur,38,,30,33,77,129,124,106,78,47,57,NR,164,123,123,169,117,46,320,28,14,24,9,49,64,34,NR,35,104,635,58,90,35,96,29,34,21,18,NR,,,2025-04-22
Bihar,Purnia,39,,32,37,79,107,110,107,79,48,51,NR,169,164,167,NR,136,43,324,14,19,20,17,44,35,44,67,44,112,699,55,82,24,NR,24,52,41,17,45,,,2025-04-22
Bihar,Darbhanga,40,,28,40,76,95,110,110,80,48,53,NR,177,187,170,NR,137,50,198,14,20,24,6,56,56,33,44,33,101,659,60,65,20,95,29,36,26,18,50,,,2025-04-22
Bihar,Gaya,33,,26,38,81,160,106,108,82,45,60,NR,180,134,144,142,109,55,340,24,21,28,10,NR,NR,35,NR,39,110,675,59,84,20,76,29,37,25,15,52,,,2025-04-22
Bihar,Muzzafarpur,38,,27,34,81,121,122,121,81,48,57,NR,168,155,166,198,145,45,287,25,17,29,13,46,57,37,52,39,106,666,56,80,26,93,37,40,25,14,50,,,2025-04-22
Bihar,Saran,38,,27,37,82,125,116,116,82,45,55,NR,168,167,166,169,NR,47,292,27,18,25,12,43,68,36,68,35,100,648,55,67,38,78,23,52,33,16,35,,,2025-04-22
Bihar,Munger,39,,27,34,92,145,112,121,81,44,57,NR,135,124,121,120,NR,46,240,28,14,34,18,NR,NR,34,NR,40,100,584,62,79,30,88,54,40,39,16,55,,,2025-04-22
Bihar,Saharsa,40,,30,35,92,145,118,110,90,46,55,NR,168,NR,134,NR,NR,52,257,23,18,31,25,NR,NR,40,NR,37,93,684,55,74,40,95,52,47,37,11,40,,,2025-04-22
Bihar,Madhubani,37,,29,34,84,138,117,109,79,44,53,215,166,157,158,169,126,46,273,21,19,29,22,NR,NR,34,48,34,113,619,55,71,23,85,32,34,26,11,48,,,2025-04-22
Bihar,Rohtas (Sasaram),36,,34,39,82,119,108,94,80,48,62,199,177,150,169,183,149,54,210,25,19,23,11,38,64,34,54,37,106,674,60,82,22,88,26,49,35,14,29,,,2025-04-22
Bihar,Motihari,45,,28,38,80,115,114,107,77,46,57,224,169,185,165,187,147,50,284,19,20,26,20,NR,NR,36,NR,34,110,602,52,76,33,81,31,50,25,18,32,,,2025-04-22
Bihar,Samastipur,38,,28,35,85,140,117,114,75,46,55,165,168,130,124,149,116,50,300,25,15,30,15,30,38,33,73,38,95,600,58,96,20,100,25,77,25,11,50,,,2025-04-22
Bihar,Katihar,40,,32,35,93,128,129,109,80,46,59,NR,183,127,133,146,NR,48,305,20,23,34,26,NR,NR,33,NR,34,110,593,NR,72,38,98,22,50,20,13,NR,,,2025-04-22
Bihar,Araria,33,,26,35,85,149,129,115,80,45,55,NR,165,137,137,165,110,50,300,20,20,30,20,55,60,40,70,40,100,652,58,80,10,95,46,55,37,16,41,,,2025-04-22
Bihar,Nawada,NR,,NR,NR,NR,NR,NR,NR,NR,NR,NR,NR,NR,NR,NR,NR,NR,NR,NR,NR,NR,NR,NR,NR,NR,NR,NR,NR,NR,NR,NR,NR,NR,NR,NR,NR,NR,NR,NR,,,2025-04-22
Bihar,Khagaria,42,,28,35,85,125,128,113,84,47,42,NR,164,152,165,161,156,42,370,28,23,26,28,NR,NR,40,NR,40,108,617,55,76,26,90,25,50,30,14,30,,,2025-04-22
Bihar,Banka,42,,32,38,85,125,105,105,75,46,60,NR,178,159,170,137,121,41,240,16,15,28,15,NR,NR,35,NR,40,100,651,55,80,40,85,35,40,30,9,40,,,2025-04-22
Bihar,Arwal,37,,30,35,82,146,115,111,79,43,56,NR,179,176,170,178,117,48,280,26,20,30,15,NR,NR,32,NR,36,100,659,55,95,32,80,25,40,24,15,41,,,2025-04-22
Bihar,Aurangabad,38,,27,35,87,145,112,110,77,45,58,218,168,145,136,160,93,58,205,30,20,23,11,52,NR,36,NR,37,110,518,55,92,15,92,31,45,29,14,55,,,2025-04-22
Bihar,Begusarai,37,,29,35,92,158,124,105,81,45,55,239,171,168,160,159,139,46,262,14,22,24,24,52,42,35,52,37,108,623,58,78,39,77,26,56,34,17,35,,,2025-04-22
Bihar,Bhojpur Ara,NR,,NR,NR,NR,NR,NR,NR,NR,NR,NR,NR,NR,NR,NR,NR,NR,NR,NR,NR,NR,NR,NR,NR,NR,NR,NR,NR,NR,NR,NR,NR,NR,NR,NR,NR,NR,NR,NR,,,2025-04-22
Bihar,Buxar,32,,28,32,80,110,117,110,80,45,62,208,179,146,159,188,131,49,297,25,16,18,9,33,42,36,55,39,103,703,60,86,19,88,49,44,35,16,55,,,2025-04-22
Bihar,Gopalganj,37,,29,33,85,125,112,108,82,43,55,NR,167,140,142,147,121,50,228,29,24,30,20,43,44,40,43,39,110,648,56,79,25,89,42,41,35,11,46,,,2025-04-22
Bihar,Jamui,40,,33,35,90,145,115,110,78,46,62,NR,139,117,141,NR,152,38,268,26,25,34,25,39,64,45,50,46,107,623,60,90,21,83,26,36,26,16,50,,,2025-04-22
Bihar,Jehanabad,38,,28,35,95,155,130,115,72,42,55,NR,190,169,168,NR,NR,47,247,24,18,37,16,NR,NR,37,NR,40,100,650,56,100,25,76,25,41,24,20,52,,,2025-04-22
Bihar,Kaimur,NR,,NR,NR,NR,NR,NR,NR,NR,NR,NR,NR,NR,NR,NR,NR,NR,NR,NR,NR,NR,NR,NR,NR,NR,NR,NR,NR,NR,NR,NR,NR,NR,NR,NR,NR,NR,NR,NR,,,2025-04-22
Bihar,Kishanganj,38,,32,36,85,110,118,115,85,44,62,NR,141,117,115,135,NR,52,342,24,20,38,26,38,60,40,NR,38,97,498,NR,80,22,85,26,68,37,14,55,,,2025-04-22
Bihar,Lakhisarai,40,,30,36,74,145,114,115,90,47,59,NR,154,129,142,NR,129,45,257,27,20,31,21,51,53,51,51,49,100,603,59,95,31,79,39,40,31,14,31,,,2025-04-22
Bihar,Medhepura,39,,29,35,81,123,115,109,76,47,56,NR,164,151,155,164,142,45,298,19,19,31,19,NR,NR,35,NR,36,105,614,57,82,31,81,27,46,34,15,43,,,2025-04-22
Bihar,Nalanda,35,,32,34,88,155,125,116,83,42,61,215,138,119,115,158,NR,48,387,28,27,29,23,NR,NR,NR,NR,NR,NR,NR,NR,NR,NR,NR,NR,NR,NR,NR,NR,,,2025-04-22
Bihar,Sheikhpura,37,,29,34,90,120,110,115,84,44,56,NR,145,130,136,137,95,50,245,27,16,25,16,45,NR,38,51,40,110,640,58,70,26,95,30,30,41,13,40,,,2025-04-22
Bihar,Sheohar,39,,29,38,82,130,134,117,81,45,58,171,171,151,166,178,134,51,232,24,20,32,19,NR,NR,37,41,39,106,670,46,75,18,82,27,45,22,13,57,,,2025-04-22
Bihar,Sitamarhi,27,,24,27,75,118,106,100,79,46,55,NR,163,154,170,179,143,42,223,28,15,17,17,38,40,32,39,32,115,711,58,95,20,76,24,39,14,10,29,,,2025-04-22
Bihar,Siwan,34,,27,31,74,107,104,104,74,47,59,176,162,154,167,157,NR,47,210,27,21,25,15,48,39,34,49,37,98,742,61,71,29,69,29,39,29,13,43,,,2025-04-22
Bihar,Supaul,38,,28,34,91,132,121,118,76,45,55,NR,175,129,NR,NR,115,46,265,12,14,22,19,NR,NR,35,NR,35,110,580,58,84,30,80,26,56,35,15,52,,,2025-04-22
Bihar,Vaishali,NR,,NR,NR,NR,NR,NR,NR,NR,NR,NR,NR,NR,NR,NR,NR,NR,NR,NR,NR,NR,NR,NR,NR,NR,NR,NR,NR,NR,NR,NR,NR,NR,NR,NR,NR,NR,NR,NR,,,2025-04-22
Bihar,West Champaran,NR,,NR,NR,NR,NR,NR,NR,NR,NR,NR,NR,NR,NR,NR,NR,NR,NR,NR,NR,NR,NR,NR,NR,NR,NR,NR,NR,NR,NR,NR,NR,NR,NR,NR,NR,NR,NR,NR,,,2025-04-22
Jharkhand,Ranchi,43,,37,40,80,122,120,110,80,46,58,251,169,150,169,168,142,51,237,28,16,28,17,35,35,40,30,49,112,586,59,73,33,95,50,55,37,15,50,,,2025-04-22
Jharkhand,Gumla,42,,29,34,80,160,105,105,78,45,56,220,135,123,119,133,100,48,217,15,28,25,10,NR,NR,NR,NR,NR,NR,NR,NR,NR,NR,NR,NR,NR,NR,NR,NR,,,2025-04-22
Jharkhand,Sahibganj,NR,,NR,NR,NR,NR,NR,NR,NR,NR,NR,NR,NR,NR,NR,NR,NR,NR,NR,NR,NR,NR,NR,NR,NR,NR,NR,NR,NR,NR,NR,NR,NR,NR,NR,NR,NR,NR,NR,,,2025-04-22
Jharkhand,Bokaro,34,,35,37,86,155,100,110,86,46,57,189,172,160,164,182,145,51,322,25,25,30,22,NR,NR,33,NR,40,100,709,55,89,25,81,28,42,25,13,60,,,2025-04-22
Jharkhand,Lohardaga,35,,32,36,85,160,125,110,80,45,61,NR,151,129,140,152,127,44,203,26,20,25,9,NR,NR,37,29,40,90,650,56,73,25,80,42,30,33,11,38,,,2025-04-22
Jharkhand,Simdega,46,,NR,39,93,137,123,120,81,49,60,NR,181,149,170,159,143,49,258,27,29,29,15,NR,NR,NR,NR,NR,NR,NR,NR,NR,NR,NR,NR,NR,NR,NR,NR,,,2025-04-22
Jharkhand,Dhanbad,40,,36,38,76,118,117,110,80,46,58,242,169,152,169,180,132,50,250,25,20,26,19,35,51,40,50,40,95,714,56,77,37,88,35,42,33,18,47,,,2025-04-22
Jharkhand,Jamshedpur (East Singbhum),40,,35,38,100,135,125,120,90,45,58,219,176,165,154,165,132,56,200,28,24,30,15,32,30,39,59,49,100,606,58,81,46,86,30,33,28,12,50,,,2025-04-22
Jharkhand,Giridhi,34,,32,36,83,113,102,111,78,43,55,NR,178,159,144,164,137,40,300,19,22,27,15,40,35,37,100,46,90,600,60,96,29,90,29,41,25,15,57,,,2025-04-22
Jharkhand,Seraikella,38,,31,38,86,126,125,118,78,46,60,187,168,155,140,145,102,53,207,25,17,30,10,42,NR,35,NR,36,96,600,59,96,36,79,32,33,25,13,52,,,2025-04-22
Jharkhand,West Singhbhum,37,,29,36,84,158,124,116,75,46,60,202,178,166,154,169,117,53,243,24,19,35,17,42,50,33,49,34,94,625,58,89,41,77,30,31,24,10,50,,,2025-04-22
Jharkhand,Daltonganj,35,,24,36,94,130,109,113,84,45,60,NR,172,133,145,NR,126,50,252,20,21,24,10,NR,NR,36,47,36,112,603,62,91,25,79,46,46,27,15,35,,,2025-04-22
Jharkhand,Deoghar,45,,38,39,100,130,140,110,80,50,60,176,165,176,165,187,154,50,300,30,15,20,10,60,50,45,100,55,100,769,60,80,30,90,40,40,30,18,40,,,2025-04-22
Jharkhand,Ramgarh,37,,36,38,NR,118,114,111,79,47,NR,NR,176,162,168,211,158,46,279,25,20,30,11,NR,NR,31,NR,40,108,590,58,77,18,83,28,58,27,12,39,,,2025-04-22
Jharkhand,Pakur,44,,40,42,80,117,112,87,83,48,61,218,167,157,145,180,145,60,300,28,16,23,14,40,41,45,43,63,113,637,60,70,34,72,24,35,23,15,43,,,2025-04-22
Jharkhand,Jamtara,NR,,NR,NR,NR,NR,NR,NR,NR,NR,NR,NR,NR,NR,NR,NR,NR,NR,NR,NR,NR,NR,NR,NR,NR,NR,NR,NR,NR,NR,NR,NR,NR,NR,NR,NR,NR,NR,NR,,,2025-04-22
Jharkhand,Latehar,40,,25,36,74,119,103,101,74,50,61,170,166,165,169,NR,146,47,195,31,26,31,20,NR,NR,43,NR,52,112,723,65,79,22,83,47,47,33,20,52,,,2025-04-22
Jharkhand,Godda,40,,31,40,90,130,125,125,85,48,63,198,168,161,165,165,143,60,280,30,17,21,19,NR,NR,40,NR,45,100,659,60,74,22,100,40,38,32,17,38,,,2025-04-22
Jharkhand,Koderma,38,,32,36,83,114,115,110,80,47,60,197,169,157,167,197,143,52,198,28,21,22,16,48,NR,41,50,40,94,687,60,81,29,90,44,42,21,17,41,,,2025-04-22
Odisha,Bhubaneshwar,42,,38,48,80,110,104,110,80,48,52,NR,174,152,NR,165,131,55,230,27,22,25,29,NR,NR,38,54,40,80,NR,NR,80,40,80,35,30,20,17,50,,,2025-04-22
Odisha,Cuttack,41,,35,45,80,113,110,108,79,48,52,NR,175,155,NR,166,137,55,260,28,21,25,23,41,42,41,45,42,100,743,NR,74,33,86,NR,35,23,15,58,,,2025-04-22
Odisha,Sambalpur,40,,40,45,76,108,100,100,76,48,52,NR,171,155,NR,NR,137,45,240,28,20,20,15,40,45,41,50,42,90,671,NR,72,20,90,37,37,30,18,60,,,2025-04-22
Odisha,Rourkela,36,,37,41,80,112,105,105,77,46,52,NR,178,155,145,165,146,51,180,26,23,23,15,35,40,40,40,42,105,529,58,85,23,81,30,35,22,15,44,,,2025-04-22
Odisha,Berhampur,37,,35,40,95,123,122,105,75,47,53,NR,188,169,NR,179,169,49,245,27,26,33,21,NR,NR,38,48,50,62,477,53,70,48,84,35,48,29,14,46,,,2025-04-22
Odisha,Jeypore,45,,40,37,82,113,108,107,80,46,52,NR,174,154,154,165,132,50,237,29,22,22,20,40,40,38,45,40,80,736,60,60,30,80,30,35,21,12,49,,,2025-04-22
Odisha,Balasore,38,,41,45,77,111,108,104,76,46,52,NR,185,161,NR,160,137,56,240,27,20,29,20,NR,NR,41,NR,42,63,620,57,83,35,93,28,41,28,23,45,,,2025-04-22
Odisha,Baripada,36,,36,45,82,115,110,110,82,45,52,NR,189,162,NR,160,143,55,246,26,19,25,23,35,NR,40,45,42,100,607,58,78,31,89,26,43,27,14,61,,,2025-04-22
Odisha,Balangir,39,,38,39,82,114,109,107,82,46,52,NR,184,154,NR,165,136,50,NR,29,23,22,20,NR,NR,40,NR,45,85,714,60,65,30,77,27,35,20,15,40,,,2025-04-22
Odisha,Angul,NR,,NR,NR,NR,NR,NR,NR,NR,NR,NR,NR,NR,NR,NR,NR,NR,NR,NR,NR,NR,NR,NR,NR,NR,NR,NR,NR,NR,NR,NR,NR,NR,NR,NR,NR,NR,NR,NR,,,2025-04-22
Odisha,Boudhgarh,NR,,NR,NR,NR,NR,NR,NR,NR,NR,NR,NR,NR,NR,NR,NR,NR,NR,NR,NR,NR,NR,NR,NR,NR,NR,NR,NR,NR,NR,NR,NR,NR,NR,NR,NR,NR,NR,NR,,,2025-04-22
Odisha,Dhenkanal,40,,38,45,78,108,102,98,79,50,52,NR,176,156,NR,166,144,53,393,29,20,25,20,50,NR,40,49,45,95,696,58,84,40,83,35,35,22,13,45,,,2025-04-22
Odisha,Jagatsinghpur,33,,40,44,80,117,114,109,80,46,56,NR,176,181,NR,165,138,45,240,25,20,20,20,NR,NR,45,NR,45,105,600,58,72,40,81,38,35,25,13,60,,,2025-04-22
Odisha,Kandhamal,35,,40,48,82,120,115,110,76,46,58,NR,172,176,NR,156,137,51,NR,27,18,25,18,NR,NR,43,44,45,63,689,58,70,25,90,35,33,29,10,50,,,2025-04-22
Odisha,Keonjhar,40,,40,45,85,120,115,115,80,46,52,NR,176,157,NR,170,142,49,NR,28,20,25,20,47,45,43,50,47,100,711,60,70,30,85,40,35,22,14,50,,,2025-04-22
Odisha,Malkangiri,NR,,NR,NR,NR,NR,NR,NR,NR,NR,NR,NR,NR,NR,NR,NR,NR,NR,NR,NR,NR,NR,NR,NR,NR,NR,NR,NR,NR,NR,NR,NR,NR,NR,NR,NR,NR,NR,NR,,,2025-04-22
Odisha,Nabarangpur,54,,38,47,90,125,115,111,76,44,63,148,173,154,133,154,NR,60,392,27,19,24,19,55,58,48,40,60,120,755,60,59,20,110,38,45,41,20,60,,,2025-04-22
Odisha,Nayagarh,40,,NR,42,85,120,120,110,85,46,52,NR,177,178,NR,165,144,57,340,26,20,24,20,NR,NR,38,43,43,85,651,57,84,20,85,31,44,24,14,40,,,2025-04-22
Odisha,Nuapada,NR,,NR,NR,NR,NR,NR,NR,NR,NR,NR,NR,NR,NR,NR,NR,NR,NR,NR,NR,NR,NR,NR,NR,NR,NR,NR,NR,NR,NR,NR,NR,NR,NR,NR,NR,NR,NR,NR,,,2025-04-22
Odisha,Paralakhemundi Gajapati,51,,NR,41,NR,116,NR,104,78,42,NR,NR,178,149,NR,156,NR,54,186,25,20,26,18,46,74,44,54,47,68,634,55,70,19,102,30,40,19,15,47,,,2025-04-22
Odisha,Puri,39,,NR,45,79,119,112,108,80,46,57,NR,176,158,NR,166,140,56,279,23,20,24,28,NR,NR,41,NR,43,87,671,58,68,38,93,39,40,23,15,48,,,2025-04-22
Odisha,Rayagada,40,,35,48,85,115,120,110,80,47,56,176,170,160,NR,166,138,50,NR,27,21,26,20,NR,NR,48,35,49,80,725,55,72,33,82,38,37,26,13,40,,,2025-04-22
Odisha,Sonepur,NR,,NR,NR,NR,NR,NR,NR,NR,NR,NR,NR,NR,NR,NR,NR,NR,NR,NR,NR,NR,NR,NR,NR,NR,NR,NR,NR,NR,NR,NR,NR,NR,NR,NR,NR,NR,NR,NR,,,2025-04-22
Odisha,Bhadrak,37,,NR,45,88,122,117,110,78,45,56,NR,176,181,NR,159,139,50,282,28,18,23,20,44,NR,40,63,42,82,740,60,70,25,80,35,33,24,15,42,,,2025-04-22
Odisha,Jharsuguda,40,,44,41,85,122,110,111,80,46,52,NR,177,154,148,169,138,50,NR,30,20,27,20,38,44,44,80,46,100,692,59,72,33,80,50,40,31,22,60,,,2025-04-22
Odisha,Kendrapara,39,,40,45,85,125,108,104,85,45,52,NR,176,139,NR,157,139,51,260,28,20,28,24,NR,NR,41,59,45,87,690,60,71,30,85,31,36,24,14,50,,,2025-04-22
Odisha,Jajpur,38,,40,45,90,137,115,110,80,45,56,NR,181,181,NR,150,146,55,NR,25,20,21,20,NR,NR,33,NR,50,115,659,54,84,32,90,36,45,26,20,63,,,2025-04-22
Odisha,Kalahandi,40,,37,49,82,113,111,111,84,47,52,NR,177,159,NR,167,143,51,393,28,21,25,22,NR,NR,40,37,49,100,628,NR,68,37,82,27,31,24,13,50,,,2025-04-22
West Bengal,Kolkata,59,,NR,40,87,122,130,113,103,48,56,NR,168,181,164,173,137,61,263,29,20,32,24,NR,NR,37,NR,59,103,791,60,76,53,85,37,31,25,20,59,,,2025-04-22
West Bengal,Siliguri,34,,32,35,80,135,125,108,93,44,56,200,170,141,134,154,114,57,174,25,13,20,10,33,41,39,55,50,97,590,55,88,17,89,47,39,29,11,50,,,2025-04-22
West Bengal,Purulia,29,,NR,45,93,175,129,124,108,46,59,179,182,179,153,158,150,53,292,29,17,29,11,NR,NR,46,NR,53,108,687,56,70,27,105,34,53,38,32,42,,,2025-04-22
West Bengal,Kharagpur,58,,39,43,82,164,135,120,107,46,58,211,170,154,145,169,141,37,247,28,16,35,14,NR,NR,45,NR,42,NR,618,60,83,31,80,49,45,33,17,43,,,2025-04-22
West Bengal,Rampurhat,46,,29,38,87,156,123,118,97,45,56,199,164,135,135,147,110,52,271,22,17,28,12,NR,NR,41,NR,47,70,634,59,70,30,90,34,39,40,14,36,,,2025-04-22
West Bengal,Malda,NR,,NR,NR,NR,NR,NR,NR,NR,NR,NR,NR,NR,NR,NR,NR,NR,NR,NR,NR,NR,NR,NR,NR,NR,NR,NR,NR,NR,NR,NR,NR,NR,NR,NR,NR,NR,NR,NR,,,2025-04-22
West Bengal,Raiganj,39,,28,35,81,168,123,104,91,44,46,195,181,113,145,136,117,56,248,10,18,38,22,NR,NR,30,NR,42,63,569,49,104,44,105,35,52,30,13,58,,,2025-04-22
West Bengal,Alipurduar,38,,NR,45,79,141,131,121,111,48,61,NR,197,173,159,143,121,51,243,10,21,29,16,NR,NR,41,NR,45,95,578,62,82,39,55,24,63,35,24,NR,,,2025-04-22
West Bengal,Asansol,NR,,NR,NR,NR,NR,NR,NR,NR,NR,NR,NR,NR,NR,NR,NR,NR,NR,NR,NR,NR,NR,NR,NR,NR,NR,NR,NR,NR,NR,NR,NR,NR,NR,NR,NR,NR,NR,NR,,,2025-04-22
West Bengal,Balurghat,49,,29,41,90,131,125,115,95,47,50,NR,182,163,159,171,151,45,350,29,14,23,19,NR,NR,54,NR,51,81,586,59,72,44,83,71,70,27,14,60,,,2025-04-22
West Bengal,Bankura,35,,NR,38,78,142,121,113,85,48,62,NR,180,136,149,172,147,49,262,18,13,25,10,NR,NR,36,NR,50,77,527,58,57,18,95,35,33,25,9,48,,,2025-04-22
West Bengal,Barasat,NR,,NR,NR,NR,NR,NR,NR,NR,NR,NR,NR,NR,NR,NR,NR,NR,NR,NR,NR,NR,NR,NR,NR,NR,NR,NR,NR,NR,NR,NR,NR,NR,NR,NR,NR,NR,NR,NR,,,2025-04-22
West Bengal,Bardhaman,61,,NR,40,80,120,119,110,105,47,56,223,170,163,137,173,145,49,277,27,17,24,16,NR,NR,39,NR,45,60,672,59,66,36,83,35,31,23,13,71,,,2025-04-22
West Bengal,Baruipur,44,,NR,37,82,145,124,113,89,47,56,NR,163,146,147,152,120,55,256,28,20,20,20,NR,NR,36,NR,37,NR,597,57,61,45,71,36,51,25,14,35,,,2025-04-22
West Bengal,Berhampore,48,,29,40,90,146,125,115,97,48,58,NR,182,160,156,170,142,55,247,22,18,30,16,NR,NR,35,NR,58,NR,571,58,72,25,88,30,30,25,13,32,,,2025-04-22
West Bengal,Chinsurah,59,,NR,41,109,150,140,121,115,50,51,260,166,151,152,155,128,50,196,28,16,36,12,57,59,41,60,51,59,493,55,62,31,117,31,60,40,18,59,,,2025-04-22
West Bengal,Cooch behar,48,,NR,44,73,144,122,112,98,48,56,NR,135,113,112,142,106,49,290,24,20,35,15,49,49,40,49,44,80,560,55,81,35,50,20,25,25,10,57,,,2025-04-22
West Bengal,Howrah,58,,NR,40,85,162,126,122,88,50,57,NR,174,149,153,188,NR,60,285,27,22,31,25,NR,NR,NR,NR,52,81,670,57,61,50,81,31,50,28,17,53,,,2025-04-22
West Bengal,Jalapiguri,37,,28,45,96,128,130,110,95,46,54,NR,159,132,138,149,103,60,300,25,15,30,10,NR,NR,32,NR,50,75,440,55,80,26,100,50,40,28,15,60,,,2025-04-22
West Bengal,Jhargram,49,,NR,45,107,167,133,109,90,48,54,NR,171,141,149,152,142,39,273,29,18,35,15,44,54,38,72,42,109,523,56,73,20,115,30,55,31,23,47,,,2025-04-22
West Bengal,Kalimpong,38,,32,34,82,160,120,114,100,NR,NR,NR,NR,NR,NR,NR,NR,NR,NR,NR,NR,NR,NR,NR,NR,NR,NR,NR,NR,NR,NR,NR,NR,NR,NR,NR,NR,NR,NR,,,2025-04-22
West Bengal,Krishnagar,43,,NR,37,102,156,107,105,103,45,54,NR,170,155,149,151,144,44,246,26,22,37,19,NR,NR,35,NR,55,NR,557,55,75,52,79,25,31,31,16,40,,,2025-04-22
West Bengal,Tamluk,51,,NR,45,104,134,123,127,108,49,57,NR,173,NR,142,165,NR,58,297,28,19,35,20,NR,NR,41,NR,46,77,662,58,70,39,85,28,35,26,14,40,,,2025-04-22
NORTH EAST ZONE,NORTH EAST ZONE,,,,,,,,,,,,,,,,,,,,,,,,,,,,,,,,,,,,,,,,,,2025-04-22
Andaman and Nicobar,Port Blair,55,,NR,50,95,127,134,124,95,55,72,NR,176,187,NR,167,158,75,323,20,55,55,63,70,70,50,70,70,120,824,60,84,100,90,50,50,35,15,60,,,2025-04-22
Andaman and Nicobar,Mayabunder,54,,NR,68,95,127,137,128,98,56,74,254,194,183,NR,178,172,72,370,21,50,60,65,NR,NR,62,100,93,137,769,61,120,60,97,42,42,26,15,40,,,2025-04-22
Andaman and Nicobar,Car Nicobar,54,,NR,71,122,170,155,131,101,55,73,279,NR,182,NR,170,148,78,323,20,50,60,65,NR,NR,70,64,82,119,930,60,108,NR,94,43,47,38,22,78,,,2025-04-22
Arunachal pradesh,Itanagar,38,,NR,45,98,159,129,118,90,50,74,NR,197,175,154,181,NR,75,400,17,21,34,32,NR,NR,45,NR,50,99,702,57,83,40,79,57,53,30,15,69,,,2025-04-22
Arunachal pradesh,Namsai,NR,,NR,NR,NR,NR,NR,NR,NR,NR,NR,NR,NR,NR,NR,NR,NR,NR,NR,NR,NR,NR,NR,NR,NR,40,NR,60,120,660,59,96,26,80,50,30,30,17,NR,,,2025-04-22
Arunachal pradesh,Pasighat,50,,NR,50,100,130,130,100,100,60,78,176,220,165,172,167,NR,80,400,20,28,50,43,NR,NR,50,NR,53,73,692,59,97,47,100,75,83,43,15,60,,,2025-04-22
Arunachal pradesh,Tawang,45,,45,45,100,160,130,120,110,57,73,NR,NR,120,137,165,NR,100,340,20,41,59,50,NR,NR,42,NR,53,93,683,57,92,50,98,28,83,30,28,62,,,2025-04-22
Assam,Guwahati,41,,33,40,80,125,100,105,85,49,70,236,181,170,159,159,148,60,200,14,18,26,20,NR,NR,37,NR,40,NR,NR,NR,77,20,NR,63,NR,21,18,75,,,2025-04-22
Assam,Barpeta,35,,38,40,82,117,97,107,83,49,74,200,183,141,145,167,141,67,258,10,17,25,17,49,43,42,97,52,83,698,63,78,18,83,37,33,28,18,63,,,2025-04-22
Assam,Tinsukia,34,,35,42,80,120,90,110,85,48,74,NR,187,194,167,179,NR,60,200,10,18,24,19,NR,NR,45,NR,45,90,NR,60,74,24,82,40,35,25,20,40,,,2025-04-22
Assam,Dhubri,35,,NR,38,83,130,NR,115,85,NR,NR,NR,NR,NR,NR,NR,NR,NR,NR,NR,NR,NR,NR,NR,NR,NR,NR,NR,NR,NR,NR,NR,NR,NR,NR,NR,NR,NR,NR,,,2025-04-22
Assam,Goalpara,45,,33,40,98,128,117,120,88,45,60,181,159,163,159,170,146,52,150,10,15,27,17,NR,NR,42,NR,60,88,659,65,80,16,51,43,32,32,17,60,,,2025-04-22
Assam,Golaghat,47,,34,42,90,140,90,110,95,50,NR,NR,156,146,148,146,145,66,283,14,16,30,30,NR,NR,NR,NR,NR,NR,NR,NR,94,48,70,45,NR,25,16,62,,,2025-04-22
Assam,Mangaldai,45,,33,42,80,116,95,110,85,48,70,NR,160,144,141,160,154,60,269,12,19,30,20,NR,NR,39,NR,42,NR,NR,NR,72,30,NR,NR,NR,30,17,55,,,2025-04-22
Assam,Mushalpur,39,,40,38,90,129,95,119,90,48,73,NR,183,144,145,145,150,51,240,10,15,31,15,NR,NR,40,NR,50,82,795,60,72,26,87,30,NR,21,15,55,,,2025-04-22
Assam,Udalguri,41,,NR,41,99,136,97,107,85,45,75,NR,184,NR,145,172,145,58,257,11,16,33,17,NR,NR,38,NR,37,72,687,NR,79,22,80,42,NR,21,13,52,,,2025-04-22
Assam,Bajali,35,,33,42,90,140,150,120,90,47,70,164,154,NR,152,174,174,59,360,10,16,28,13,NR,NR,36,103,45,70,787,45,120,18,90,61,60,32,25,60,,,2025-04-22
Assam,Hojai,36,,NR,42,90,110,100,100,82,47,75,NR,168,126,136,170,132,70,228,10,18,26,11,NR,NR,35,NR,42,82,670,57,75,30,101,33,40,30,11,51,,,2025-04-22
Assam,Jorhat,36,,39,43,83,120,125,109,95,50,74,179,190,165,154,159,110,60,207,12,19,27,25,NR,NR,55,NR,54,76,632,53,96,25,80,40,50,38,12,52,,,2025-04-22
Assam,Bongaigaon,44,,NR,40,90,123,95,110,90,48,70,NR,176,152,150,165,NR,55,340,10,15,28,12,NR,NR,40,NR,60,70,NR,NR,84,25,NR,40,NR,30,18,55,,,2025-04-22
Assam,Morigaon,40,,40,40,86,127,122,115,90,48,74,192,167,156,152,168,143,60,240,10,18,27,22,48,NR,44,NR,58,83,659,60,80,30,73,27,35,25,15,70,,,2025-04-22
Assam,Sonari,40,,38,40,95,132,NR,115,100,48,72,NR,187,NR,154,NR,NR,71,220,12,14,28,20,NR,NR,37,NR,60,95,NR,NR,83,31,75,43,42,30,15,50,,,2025-04-22
Assam,Tamulpur,39,,39,39,85,133,133,111,86,48,73,NR,166,150,140,NR,140,51,257,10,20,30,20,NR,NR,39,NR,60,78,776,NR,76,15,NR,NR,NR,24,10,43,,,2025-04-22
Assam,Sivasagar,48,,40,50,93,NR,119,112,92,48,74,NR,175,208,173,183,153,55,253,10,18,30,24,33,60,53,NR,54,108,652,60,90,34,76,42,57,30,10,56,,,2025-04-22
Assam,Biswanath Chariali,36,,NR,39,90,130,NR,110,90,48,74,NR,143,NR,154,NR,NR,60,233,10,17,27,17,NR,NR,45,NR,45,107,NR,NR,70,30,90,58,40,30,17,58,,,2025-04-22
Assam,Dibrugarh,40,,NR,38,83,118,122,110,86,48,74,NR,186,169,170,188,NR,58,258,14,17,24,19,NR,NR,42,NR,57,87,769,60,72,30,82,35,45,30,13,63,,,2025-04-22
Assam,Karimganj,38,,NR,43,84,120,125,103,81,47,72,NR,179,NR,137,191,NR,58,233,14,NR,NR,NR,NR,NR,42,NR,62,130,NR,58,73,40,NR,33,NR,26,15,45,,,2025-04-22
Assam,Majuli,50,,NR,36,102,130,91,118,97,50,70,NR,165,NR,131,NR,NR,60,260,15,25,25,30,NR,NR,40,NR,42,110,NR,NR,84,40,87,55,NR,35,15,40,,,2025-04-22
Assam,Sonitpur Tezpur,35,,30,41,90,120,100,115,85,47,69,163,147,167,142,162,120,49,310,10,15,27,10,NR,NR,NR,NR,NR,NR,NR,NR,NR,NR,NR,NR,NR,NR,NR,NR,,,2025-04-22
Assam,Haflong,36,,NR,45,90,135,NR,120,90,50,74,NR,176,NR,154,153,NR,80,260,15,20,35,25,NR,NR,45,NR,50,90,651,60,90,30,100,42,50,30,19,80,,,2025-04-22
Assam,AS-Lakhimpur,39,,NR,41,84,122,93,113,88,48,72,NR,175,155,155,157,NR,55,175,15,NR,NR,NR,NR,NR,43,NR,43,71,603,49,76,21,81,31,71,31,11,45,,,2025-04-22
Assam,Diphu,42,,NR,40,90,120,114,117,92,49,74,NR,164,NR,158,NR,154,78,238,13,20,33,25,43,50,42,58,51,90,626,60,93,30,87,67,62,36,11,70,,,2025-04-22
Assam,Nalbari,40,,NR,45,83,130,98,110,84,48,73,NR,176,145,161,176,146,52,297,10,16,22,20,NR,NR,45,NR,44,78,637,60,84,28,80,43,50,30,14,60,,,2025-04-22
Assam,South Salmara Mankachar,35,,42,41,91,NR,NR,115,79,47,75,NR,185,157,154,159,113,50,205,11,21,33,33,92,90,44,99,45,64,901,62,75,20,73,50,49,38,17,49,,,2025-04-22
Assam,Kamrup,39,,NR,40,83,125,99,103,83,47,72,NR,181,NR,157,174,148,53,209,16,15,30,20,NR,NR,38,NR,49,69,NR,59,72,20,NR,42,NR,24,15,53,,,2025-04-22
Manipur,Imphal,52,,49,45,102,158,128,127,92,54,NR,167,NR,NR,178,NR,174,75,250,25,25,32,47,50,60,49,60,57,62,707,NR,78,55,175,50,NR,44,20,48,,,2025-04-22
Manipur,Chandel,NR,,NR,NR,NR,NR,NR,NR,NR,NR,NR,NR,NR,NR,NR,NR,NR,NR,NR,NR,NR,NR,NR,NR,NR,NR,NR,NR,NR,NR,NR,NR,NR,NR,NR,NR,NR,NR,NR,,,2025-04-22
Manipur,Jiribam,NR,,NR,NR,NR,NR,NR,NR,NR,NR,NR,NR,NR,NR,NR,NR,NR,NR,NR,NR,NR,NR,NR,NR,NR,NR,NR,NR,NR,NR,NR,NR,NR,NR,NR,NR,NR,NR,NR,,,2025-04-22
Manipur,Kangpokpi,NR,,NR,NR,NR,NR,NR,NR,NR,NR,NR,NR,NR,NR,NR,NR,NR,NR,NR,NR,NR,NR,NR,NR,NR,NR,NR,NR,NR,NR,NR,NR,NR,NR,NR,NR,NR,NR,NR,,,2025-04-22
Manipur,Senapati,NR,,NR,NR,NR,NR,NR,NR,NR,NR,NR,NR,NR,NR,NR,NR,NR,NR,NR,NR,NR,NR,NR,NR,NR,NR,NR,NR,NR,NR,NR,NR,NR,NR,NR,NR,NR,NR,NR,,,2025-04-22
Manipur,Tamenglong,NR,,NR,NR,NR,NR,NR,NR,NR,NR,NR,NR,NR,NR,NR,NR,NR,NR,NR,NR,NR,NR,NR,NR,NR,NR,NR,NR,NR,NR,NR,NR,NR,NR,NR,NR,NR,NR,NR,,,2025-04-22
Manipur,Thoubal,NR,,NR,NR,NR,NR,NR,NR,NR,NR,NR,NR,NR,NR,NR,NR,NR,NR,NR,NR,NR,NR,NR,NR,NR,NR,NR,NR,NR,NR,NR,NR,NR,NR,NR,NR,NR,NR,NR,,,2025-04-22
Manipur,Ukhrul,NR,,NR,NR,NR,NR,NR,NR,NR,NR,NR,NR,NR,NR,NR,NR,NR,NR,NR,NR,NR,NR,NR,NR,NR,NR,NR,NR,NR,NR,NR,NR,NR,NR,NR,NR,NR,NR,NR,,,2025-04-22
Meghalaya,Shillong,39,,44,42,100,150,130,120,88,48,74,NR,176,167,154,NR,NR,67,320,30,22,33,28,NR,NR,44,NR,44,117,680,60,80,43,80,47,53,27,21,87,,,2025-04-22
Meghalaya,Tura,36,,NR,44,97,160,NR,120,90,49,74,NR,179,NR,178,187,146,78,493,18,20,35,30,NR,NR,45,NR,70,90,820,58,72,40,77,50,53,27,20,70,,,2025-04-22
Meghalaya,Jowai,38,,42,41,90,NR,NR,120,87,49,74,NR,165,NR,154,NR,NR,80,360,15,20,33,30,NR,NR,42,NR,42,88,650,60,73,47,80,50,50,30,16,60,,,2025-04-22
Meghalaya,Sohra,36,,45,43,NR,NR,NR,130,90,50,74,NR,161,NR,148,NR,NR,NR,360,18,27,40,30,NR,NR,42,NR,42,108,651,58,77,42,80,58,50,35,20,92,,,2025-04-22
Meghalaya,Mairang,38,,45,43,NR,NR,NR,120,85,50,74,NR,161,NR,159,NR,NR,NR,367,17,20,35,30,NR,NR,45,NR,45,110,NR,60,84,50,80,60,53,30,20,92,,,2025-04-22
Meghalaya,Nongpoh,35,,NR,40,92,140,NR,115,87,49,74,NR,154,152,154,206,NR,73,360,15,20,35,27,NR,NR,40,NR,43,95,651,60,86,40,80,47,72,32,19,90,,,2025-04-22
Meghalaya,Khliehriat,37,,44,42,97,143,NR,113,82,48,75,NR,154,NR,154,NR,NR,NR,303,30,20,35,30,NR,NR,45,NR,52,73,677,60,68,43,78,82,47,24,15,77,,,2025-04-22
Meghalaya,Williamnagar,NR,,NR,NR,NR,NR,NR,NR,NR,NR,NR,NR,NR,NR,NR,NR,NR,NR,NR,NR,NR,NR,NR,NR,NR,NR,NR,NR,NR,NR,NR,NR,NR,NR,NR,NR,NR,NR,NR,,,2025-04-22
Meghalaya,Nongstoin,35,,40,40,NR,NR,NR,120,90,50,73,NR,165,165,161,NR,NR,NR,347,15,20,35,28,NR,NR,42,NR,41,107,651,60,98,42,82,52,55,30,15,90,,,2025-04-22
Meghalaya,Mawkyrwat,35,,45,45,NR,NR,NR,120,80,50,74,NR,159,NR,150,NR,NR,NR,350,16,18,40,30,NR,NR,35,NR,36,107,714,60,88,47,82,77,40,37,20,77,,,2025-04-22
Mizoram,Aizawl,50,,40,50,90,160,140,140,95,50,80,173,190,160,135,161,142,93,520,30,53,55,68,NR,NR,50,NR,70,87,650,59,90,73,91,NR,88,60,40,83,,,2025-04-22
Mizoram,Lunglei,50,,42,50,93,143,143,140,100,50,80,138,227,165,136,138,121,100,523,30,48,67,62,NR,NR,50,NR,80,90,608,60,100,65,160,122,67,50,20,80,,,2025-04-22
Mizoram,Kolasib,48,,40,40,90,160,130,127,95,50,80,NR,203,NR,121,156,117,100,450,30,45,50,70,NR,40,40,NR,75,140,659,60,90,60,100,NR,95,60,38,45,,,2025-04-22
Mizoram,Mamit,47,,NR,40,NR,NR,NR,NR,95,50,80,NR,195,NR,117,NR,NR,120,420,30,30,50,62,NR,NR,45,NR,88,87,537,59,95,52,92,48,88,61,40,73,,,2025-04-22
Mizoram,Champhai,45,,35,45,NR,NR,NR,NR,100,58,80,NR,180,209,165,NR,NR,93,520,30,47,60,83,NR,NR,45,NR,80,97,574,60,108,57,97,70,30,69,45,60,,,2025-04-22
Mizoram,Serchhip,45,,NR,50,100,NR,NR,150,100,50,78,NR,143,117,112,NR,137,100,520,30,35,47,40,NR,NR,55,NR,70,140,633,NR,96,53,147,NR,85,39,25,50,,,2025-04-22
Mizoram,Siaha,55,,NR,49,100,155,140,145,100,50,80,NR,NR,187,154,NR,110,100,450,30,45,60,97,NR,NR,50,100,100,120,630,60,100,92,127,50,88,60,40,95,,,2025-04-22
Mizoram,Lawngtlai,50,,45,50,100,160,140,140,100,50,80,NR,143,NR,132,NR,121,110,480,30,40,60,80,NR,NR,80,NR,80,140,660,60,100,80,160,60,100,60,40,100,,,2025-04-22
Mizoram,Hnahthial,47,,45,45,NR,147,147,130,100,50,80,NR,NR,NR,147,NR,NR,120,500,30,38,40,80,NR,NR,47,NR,90,130,620,60,100,60,92,NR,90,60,30,80,,,2025-04-22
Mizoram,Khawzawl,48,,37,45,100,160,130,133,100,50,75,NR,194,137,163,145,112,100,460,30,45,60,73,NR,40,43,NR,65,103,610,60,97,68,105,NR,97,53,47,98,,,2025-04-22
Mizoram,Saitual,54,,45,56,100,NR,140,NR,100,55,80,NR,NR,NR,143,NR,NR,120,513,30,45,60,100,NR,NR,50,NR,90,85,NR,58,95,80,NR,25,90,58,22,90,,,2025-04-22
Nagaland,Kohima,50,,45,49,100,170,130,130,90,50,74,NR,154,176,154,NR,NR,NR,320,20,23,40,35,NR,NR,50,NR,90,100,692,60,80,50,150,100,90,50,15,60,,,2025-04-22
Nagaland,Dimapur,NR,,NR,NR,NR,NR,NR,NR,NR,NR,NR,NR,NR,NR,NR,NR,NR,NR,NR,NR,NR,NR,NR,NR,NR,NR,NR,NR,NR,NR,NR,NR,NR,NR,NR,NR,NR,NR,NR,,,2025-04-22
Nagaland,Tuensang,37,,38,55,100,NR,NR,120,100,50,NR,NR,176,NR,181,NR,NR,NR,NR,20,20,45,35,NR,NR,50,NR,50,100,NR,58,92,45,140,30,90,50,30,60,,,2025-04-22
Nagaland,Mokochung,47,,NR,58,110,160,140,120,100,50,74,NR,154,143,165,198,NR,80,320,15,30,45,30,NR,NR,60,NR,70,100,714,60,96,45,90,55,70,38,18,52,,,2025-04-22
Nagaland,Chumukedima,40,,NR,35,90,153,122,103,91,50,78,NR,163,170,175,168,NR,79,318,18,25,40,34,NR,NR,40,NR,83,127,660,71,110,44,107,NR,78,36,32,52,,,2025-04-22
Nagaland,Mon,40,,NR,60,100,NR,NR,125,100,50,70,NR,165,NR,170,NR,NR,80,340,18,20,40,40,NR,NR,60,NR,70,NR,NR,60,90,50,NR,NR,65,50,20,50,,,2025-04-22
Nagaland,Peren,38,,40,40,90,NR,120,120,100,50,70,NR,131,NR,120,NR,NR,90,320,20,23,50,20,NR,NR,57,NR,70,120,650,60,96,45,160,40,88,56,22,50,,,2025-04-22
Nagaland,Phek,40,,50,50,100,NR,140,NR,100,50,72,NR,160,NR,170,NR,NR,NR,350,20,40,60,60,NR,NR,NR,NR,NR,NR,NR,NR,NR,NR,NR,NR,NR,NR,NR,NR,,,2025-04-22
Nagaland,Tseminyu,50,,NR,50,NR,NR,NR,130,100,52,70,NR,165,NR,165,NR,NR,NR,380,15,30,47,33,NR,NR,53,NR,58,100,660,60,84,65,NR,NR,105,47,20,NR,,,2025-04-22
Nagaland,Wokha,50,,NR,60,100,NR,NR,120,100,50,74,NR,160,NR,165,NR,NR,NR,290,15,30,40,30,NR,NR,70,NR,80,80,630,58,84,50,80,35,90,50,30,70,,,2025-04-22
Nagaland,Zunheboto,55,,NR,50,NR,150,NR,120,100,45,75,NR,165,NR,154,NR,NR,60,240,18,30,40,50,NR,NR,55,NR,75,140,650,NR,82,60,157,40,95,55,NR,60,,,2025-04-22
Nagaland,Kiphire,38,,NR,60,120,160,140,130,100,50,75,NR,143,NR,156,NR,NR,70,350,20,30,50,40,NR,NR,47,NR,90,100,651,60,80,50,100,90,70,50,15,40,,,2025-04-22
Nagaland,Longleng,38,,40,50,NR,150,NR,120,100,NR,NR,NR,NR,NR,NR,NR,NR,NR,NR,NR,NR,NR,NR,NR,NR,NR,NR,NR,NR,NR,NR,NR,NR,NR,NR,NR,NR,NR,NR,,,2025-04-22
Nagaland,Niuland,40,,NR,40,NR,150,100,120,90,50,70,NR,154,NR,153,NR,NR,45,280,15,25,40,20,NR,NR,40,NR,50,105,NR,60,80,30,110,40,40,30,20,30,,,2025-04-22
Nagaland,Shamator,41,,40,60,100,150,NR,100,110,50,80,NR,165,NR,166,NR,NR,82,368,20,25,50,53,NR,NR,60,NR,75,127,655,60,90,45,NR,33,NR,50,20,53,,,2025-04-22
Nagaland,Noklak,40,,50,68,100,NR,NR,120,100,50,NR,NR,165,NR,165,NR,NR,80,NR,20,NR,NR,NR,NR,NR,65,NR,82,140,NR,59,91,60,NR,63,100,35,20,50,,,2025-04-22
Sikkim,Gangtok,45,,38,40,100,NR,NR,120,90,50,65,NR,187,165,135,192,NR,60,280,20,30,30,25,NR,NR,45,NR,70,120,680,60,96,50,77,50,60,30,23,70,,,2025-04-22
Sikkim,Gyalshing,45,,38,40,90,NR,NR,120,90,50,65,NR,187,165,165,176,NR,60,300,20,25,30,25,NR,NR,45,NR,70,120,680,60,84,60,85,55,35,27,15,60,,,2025-04-22
Sikkim,Namchi,45,,40,40,90,NR,NR,120,95,50,65,NR,187,165,145,176,NR,60,360,23,30,30,25,NR,NR,40,NR,80,110,749,58,80,70,90,50,60,30,15,70,,,2025-04-22
Sikkim,Soreng,45,,35,35,90,NR,NR,120,90,50,65,NR,181,159,165,NR,NR,60,350,20,30,40,25,NR,NR,40,35,70,80,651,58,90,80,100,70,70,30,19,70,,,2025-04-22
Sikkim,Mangan,45,,38,38,95,NR,NR,130,90,50,60,NR,187,176,176,NR,NR,60,460,20,NR,NR,NR,NR,NR,40,NR,70,123,792,57,96,80,90,42,50,30,23,70,,,2025-04-22
Sikkim,Pakyong,54,,40,40,110,NR,NR,130,90,55,65,NR,198,137,176,176,NR,NR,300,24,30,40,25,NR,NR,45,NR,70,120,747,60,96,45,90,50,60,30,23,80,,,2025-04-22
Tripura,Agartala,39,,NR,41,83,123,119,99,96,50,75,NR,179,170,173,179,148,60,223,10,24,30,22,NR,NR,41,NR,49,99,714,59,72,53,100,39,35,23,10,60,,,2025-04-22
Tripura,Dharmanagar,35,,NR,45,85,129,124,105,102,50,74,NR,165,NR,155,NR,151,70,237,10,21,32,26,NR,NR,45,NR,45,98,710,60,80,48,88,39,40,25,14,62,,,2025-04-22
Tripura,Belonia,41,,NR,43,86,128,121,101,100,50,78,NR,183,NR,176,181,156,65,240,10,25,35,22,NR,NR,45,NR,50,100,714,59,75,55,102,42,39,28,12,63,,,2025-04-22
Tripura,TR-Udaipur,40,,NR,45,84,124,119,99,98,51,76,NR,181,174,175,179,154,66,224,10,26,35,24,NR,NR,42,NR,50,102,691,60,80,60,100,40,35,25,12,60,,,2025-04-22
SOUTH ZONE,SOUTH ZONE,,,,,,,,,,,,,,,,,,,,,,,,,,,,,,,,,,,,,,,,,,2025-04-22
Andhra Pradesh,Vijaywada,NR,,NR,NR,NR,NR,NR,NR,NR,NR,NR,NR,NR,NR,NR,NR,NR,NR,NR,NR,NR,NR,NR,NR,NR,NR,NR,NR,NR,NR,NR,NR,NR,NR,NR,NR,NR,NR,NR,,,2025-04-22
Andhra Pradesh,Visakhapatnam,46,,44,44,93,122,123,115,85,44,54,174,179,154,NR,165,142,59,280,15,22,24,19,41,42,46,45,45,107,600,55,57,40,86,44,53,33,15,44,,,2025-04-22
Andhra Pradesh,Kurnool,58,,42,44,82,120,117,127,92,43,58,170,186,135,179,163,135,56,333,17,35,28,19,38,39,44,63,43,98,729,61,58,19,88,47,53,25,13,32,,,2025-04-22
Andhra Pradesh,Tirupathi,54,,40,42,86,143,129,120,94,43,50,208,204,163,150,164,158,63,323,24,29,30,18,39,43,39,42,48,88,659,51,63,63,85,23,40,39,25,42,,,2025-04-22
Andhra Pradesh,Jammalamadugu,NR,,NR,NR,NR,NR,NR,NR,NR,NR,NR,NR,NR,NR,NR,NR,NR,NR,NR,NR,NR,NR,NR,NR,NR,NR,NR,NR,NR,NR,NR,NR,NR,NR,NR,NR,NR,NR,NR,,,2025-04-22
Andhra Pradesh,Dharmavaram,NR,,NR,NR,NR,NR,NR,NR,NR,NR,NR,NR,NR,NR,NR,NR,NR,NR,NR,NR,NR,NR,NR,NR,NR,NR,NR,NR,NR,NR,NR,NR,NR,NR,NR,NR,NR,NR,NR,,,2025-04-22
Andhra Pradesh,Ongole,NR,,NR,NR,NR,NR,NR,NR,NR,NR,NR,NR,NR,NR,NR,NR,NR,NR,NR,NR,NR,NR,NR,NR,NR,NR,NR,NR,NR,NR,NR,NR,NR,NR,NR,NR,NR,NR,NR,,,2025-04-22
Karnataka,Bengaluru,44,,44,45,80,114,112,100,84,47,54,159,183,156,155,166,145,58,253,17,22,18,15,40,39,42,45,41,93,636,60,67,28,63,35,33,32,13,47,,,2025-04-22
Karnataka,Dharwad,51,,40,43,88,117,119,108,86,42,54,178,173,123,120,150,143,45,268,26,30,25,15,53,45,53,58,48,88,630,58,72,60,75,34,47,36,15,45,,,2025-04-22
Karnataka,Mangalore,52,,43,44,82,122,130,112,90,42,55,192,175,146,166,146,146,53,202,16,36,29,26,40,60,44,47,46,93,611,56,78,51,79,31,36,25,17,68,,,2025-04-22
Karnataka,Mysore,45,,47,55,79,120,113,115,91,44,48,172,191,197,170,162,149,67,322,21,28,25,19,48,56,57,50,43,79,593,59,56,41,92,56,45,35,15,83,,,2025-04-22
Karnataka,Bengaluru (East Range),48,,46,36,88,130,115,112,92,48,56,156,176,155,161,162,145,58,255,19,28,24,18,49,40,42,44,41,92,666,60,66,40,83,32,52,31,19,50,,,2025-04-22
Karnataka,Belagavi,45,,34,44,79,102,106,106,84,48,54,181,178,112,165,167,141,42,258,16,24,27,17,55,32,37,38,37,85,460,54,66,29,80,29,60,18,11,42,,,2025-04-22
Karnataka,Kalaburagi,55,,35,42,85,120,122,118,84,44,60,174,152,124,130,152,133,48,186,15,33,22,18,41,42,38,48,40,98,699,60,59,36,70,21,58,20,16,35,,,2025-04-22
Karnataka,Tumakuru,47,,42,43,80,120,115,113,85,45,54,198,192,158,165,165,147,53,227,21,24,20,10,40,52,41,47,43,85,603,59,61,17,83,26,48,22,15,47,,,2025-04-22
Karnataka,Bellary,50,,42,41,82,116,110,105,89,41,54,202,191,152,150,161,143,58,308,24,29,19,17,38,40,38,47,43,97,693,62,57,19,82,25,27,26,18,56,,,2025-04-22
Karnataka,Dhavanagere,55,,42,50,82,114,117,110,86,45,53,187,206,155,148,166,148,60,293,28,30,20,17,51,56,49,54,46,97,600,57,69,40,87,41,45,31,16,33,,,2025-04-22
Karnataka,Shivamogga,54,,42,45,88,128,128,110,98,44,54,198,180,145,140,144,135,50,240,28,20,23,15,47,52,46,45,52,109,630,58,72,31,80,33,45,28,15,45,,,2025-04-22
Karnataka,Vijayapur,50,,46,43,90,117,132,120,95,43,57,210,207,158,170,180,138,43,242,13,30,23,17,34,39,41,49,38,71,625,61,62,59,87,28,27,38,12,51,,,2025-04-22
Karnataka,Ramanagara,56,,44,46,100,120,122,100,90,44,48,202,194,139,141,160,147,51,188,15,42,33,20,45,44,47,42,43,100,613,65,75,40,90,33,50,21,15,50,,,2025-04-22
Karnataka,Raichur,52,,44,48,87,130,130,109,86,42,62,177,184,103,164,166,147,53,213,15,27,25,19,47,46,43,44,42,99,561,53,73,37,56,51,43,35,17,47,,,2025-04-22
Karnataka,Chamarajanagar,NR,,NR,NR,NR,NR,NR,NR,NR,NR,NR,NR,NR,NR,NR,NR,NR,NR,NR,NR,NR,NR,NR,NR,NR,NR,NR,NR,NR,NR,NR,NR,NR,NR,NR,NR,NR,NR,NR,,,2025-04-22
Karnataka,Kolar,45,,37,41,90,126,116,108,94,45,54,178,165,153,151,153,116,54,217,12,25,29,18,44,46,45,46,43,92,720,63,76,39,90,36,48,34,17,47,,,2025-04-22
Karnataka,Haveri,50,,45,45,100,110,135,120,90,42,63,170,198,154,170,165,145,44,248,13,35,35,17,40,38,45,46,45,90,714,60,65,30,85,32,40,35,15,35,,,2025-04-22
Karnataka,Bagalkot,50,,44,44,82,109,136,113,93,42,56,194,178,118,152,134,116,44,245,20,40,31,20,NR,NR,NR,NR,NR,NR,NR,NR,NR,NR,NR,NR,NR,NR,NR,NR,,,2025-04-22
Karnataka,Bidar,44,,37,43,78,108,130,115,85,41,52,189,164,122,123,159,109,39,284,12,27,27,10,43,58,52,53,52,103,603,56,84,37,117,23,51,50,16,69,,,2025-04-22
Karnataka,Koppal,41,,34,40,81,97,98,90,85,42,55,174,148,130,137,157,150,45,233,15,33,23,19,37,44,42,44,43,97,579,60,70,32,90,29,28,29,14,63,,,2025-04-22
Karnataka,Mandya,40,,40,42,81,117,120,106,87,44,46,162,130,110,128,147,129,51,255,15,30,21,10,41,42,45,43,45,103,612,52,71,30,88,30,38,17,15,45,,,2025-04-22
Karnataka,Yadgir,40,,39,35,76,100,105,104,82,44,58,203,192,169,153,166,146,44,190,11,30,20,10,39,53,45,47,45,104,670,60,70,40,103,51,35,25,17,46,,,2025-04-22
Karnataka,Chikkamagalur,42,,35,41,91,115,123,109,89,43,52,192,190,146,145,154,136,47,195,15,23,25,15,43,46,46,43,46,95,614,51,68,39,89,39,79,25,16,42,,,2025-04-22
Karnataka,Bangalore Rural,43,,36,50,85,130,122,105,80,45,49,200,154,NR,140,148,105,55,254,17,30,24,12,54,38,48,41,52,124,606,58,73,23,64,35,51,26,20,48,,,2025-04-22
Karnataka,Chikkaballapur,44,,46,42,88,112,118,112,87,45,53,225,179,150,139,162,142,52,293,15,19,29,18,44,42,43,40,44,95,666,66,77,36,80,33,37,18,16,38,,,2025-04-22
Karnataka,Chitradurga,53,,37,48,82,95,116,106,86,43,62,187,200,153,146,145,146,64,285,26,30,21,11,42,45,52,45,54,90,571,65,62,70,56,32,55,25,22,65,,,2025-04-22
Karnataka,Gadag,54,,42,44,83,117,126,88,78,42,55,161,146,136,140,147,133,43,224,15,35,24,15,37,37,41,43,43,83,619,60,61,49,85,38,39,31,20,31,,,2025-04-22
Karnataka,Hassan,49,,48,58,83,123,129,116,89,45,54,222,192,155,155,165,138,63,237,21,21,23,22,45,43,44,41,54,95,692,65,70,31,85,41,38,30,16,70,,,2025-04-22
Karnataka,Kodagu,43,,36,41,89,122,122,109,89,43,55,190,170,144,147,149,135,52,245,18,30,30,15,38,41,41,47,44,101,621,53,71,37,59,31,39,36,15,45,,,2025-04-22
Karnataka,Udupi,52,,45,45,95,129,133,117,93,44,50,181,186,146,150,174,121,55,154,17,26,35,23,30,42,43,44,39,86,515,50,73,39,73,68,69,36,19,72,,,2025-04-22
Karnataka,Uttara Kannada,46,,46,46,93,125,139,124,101,45,48,225,184,164,156,172,149,50,273,20,37,28,26,45,49,45,45,45,115,677,58,54,52,88,36,40,20,19,68,,,2025-04-22
Karnataka,Vijayanagara,55,,44,48,94,117,124,115,97,43,54,184,180,141,126,151,139,46,207,14,21,20,10,34,37,43,44,44,69,582,58,67,30,62,46,41,21,19,47,,,2025-04-22
Kerala,T.Puram,55,,44,44,92,129,128,128,90,48,52,242,209,187,144,172,154,68,260,15,NR,NR,NR,45,56,48,54,92,100,NR,65,57,38,110,32,50,25,18,60,,,2025-04-22
Kerala,Ernakulam,52,,45,47,108,140,130,137,98,46,56,220,198,190,NR,170,152,61,217,15,37,25,27,50,60,45,57,46,102,712,55,60,33,80,38,40,22,16,68,,,2025-04-22
Kerala,Kozhikode,47,,53,46,107,142,137,138,97,46,53,240,205,192,NR,166,156,64,243,15,30,29,26,NR,NR,47,49,49,107,721,NR,66,41,82,29,38,14,13,70,,,2025-04-22
Kerala,Thrissur,49,,47,53,105,129,126,125,98,45,54,NR,194,192,NR,168,154,58,243,16,32,26,30,46,45,48,57,50,121,761,58,64,45,85,31,44,17,15,76,,,2025-04-22
Kerala,Palakkad,44,,49,48,91,107,109,118,84,46,50,216,190,194,NR,165,147,56,200,14,31,24,22,52,50,48,45,47,92,698,60,52,38,89,32,40,18,14,68,,,2025-04-22
Kerala,Wayanad,48,,55,49,108,142,134,131,104,46,52,NR,222,209,NR,173,156,65,245,18,32,28,25,NR,NR,50,61,54,113,785,73,64,37,85,30,50,18,18,65,,,2025-04-22
Kerala,Kasargod,48,,52,45,127,157,153,130,115,45,NR,NR,NR,209,NR,167,144,65,250,14,32,24,21,NR,NR,48,53,49,115,797,56,60,35,82,33,44,34,18,70,,,2025-04-22
Kerala,Kottayam,56,,46,48,99,141,120,125,101,47,56,NR,234,194,NR,173,150,68,235,16,37,26,35,NR,NR,51,53,44,112,707,64,66,47,86,41,45,29,15,64,,,2025-04-22
Kerala,Pathanamthitta,56,,38,46,120,139,133,138,103,47,53,NR,NR,209,NR,182,166,70,247,15,NR,NR,NR,NR,NR,51,57,NR,140,692,58,62,60,69,31,48,24,18,80,,,2025-04-22
Kerala,Alapuzha,NR,,NR,NR,NR,NR,NR,NR,NR,NR,NR,NR,NR,NR,NR,NR,NR,NR,NR,NR,NR,NR,NR,NR,NR,NR,NR,NR,NR,NR,NR,NR,NR,NR,NR,NR,NR,NR,NR,,,2025-04-22
Kerala,Kollam,46,,46,45,103,140,133,123,90,46,52,NR,224,189,NR,170,154,66,238,15,42,27,32,58,48,49,50,60,85,791,65,56,53,90,42,55,22,18,65,,,2025-04-22
Kerala,Idukki,55,,47,50,97,132,NR,118,90,46,60,NR,198,200,NR,166,146,70,232,14,40,26,40,NR,NR,49,53,47,107,749,60,68,49,80,33,38,21,16,69,,,2025-04-22
Kerala,Kannur,50,,51,48,108,143,141,140,101,45,56,NR,NR,185,NR,164,147,64,273,18,35,24,19,45,45,47,52,48,113,738,58,52,39,87,35,51,25,17,74,,,2025-04-22
Kerala,Malapuram,49,,NR,44,99,140,144,130,99,44,56,253,209,192,NR,172,157,65,233,13,35,25,20,55,55,46,46,50,114,747,63,66,40,80,27,41,20,12,70,,,2025-04-22
Puducherry,Puducherry,NR,,NR,NR,NR,NR,NR,NR,NR,NR,NR,NR,NR,NR,NR,NR,NR,NR,NR,NR,NR,NR,NR,NR,NR,NR,NR,NR,NR,NR,NR,NR,NR,NR,NR,NR,NR,NR,NR,,,2025-04-22
Tamil Nadu,Chennai,58,,44,43,83,123,120,114,87,45,40,177,203,176,NR,166,140,70,310,28,30,28,27,43,48,48,47,48,92,808,65,60,40,91,29,37,20,13,47,,,2025-04-22
Tamil Nadu,Madurai,58,,47,66,83,124,125,109,92,49,45,193,188,193,NR,169,182,59,263,30,37,31,20,43,36,59,51,51,133,809,67,92,22,77,37,48,21,12,62,,,2025-04-22
Tamil Nadu,Dindigul,57,,46,68,87,126,120,113,90,45,62,NR,194,177,NR,164,149,59,297,19,25,25,13,38,47,52,48,48,101,764,63,66,17,97,31,45,22,12,63,,,2025-04-22
Tamil Nadu,Thiruchirapalli,61,,49,64,84,124,118,113,98,46,43,203,197,178,NR,167,140,58,NR,28,32,28,20,38,50,43,45,56,94,710,57,51,31,81,23,46,29,23,60,,,2025-04-22
Tamil Nadu,Coimbatore,45,,47,47,89,125,116,114,83,46,40,198,175,168,NR,162,168,61,284,27,24,22,21,39,47,50,51,52,111,719,61,60,30,76,35,33,18,15,53,,,2025-04-22
Tamil Nadu,Tirunelveli,NR,,NR,NR,NR,NR,NR,NR,NR,NR,NR,NR,NR,NR,NR,NR,NR,NR,NR,NR,NR,NR,NR,NR,NR,NR,NR,NR,NR,NR,NR,NR,NR,NR,NR,NR,NR,NR,NR,,,2025-04-22
Tamil Nadu,Cuddalore,57,,51,47,95,133,121,123,99,42,48,179,183,172,NR,164,142,54,293,27,32,32,14,37,51,44,48,46,125,691,61,48,22,78,25,48,18,16,52,,,2025-04-22
Tamil Nadu,Dharmapuri,53,,46,43,84,118,117,109,86,45,43,217,NR,146,NR,169,145,54,270,25,30,29,14,41,53,50,44,49,110,690,66,58,20,90,36,45,29,13,55,,,2025-04-22
Tamil Nadu,Vellore,NR,,NR,NR,NR,NR,NR,NR,NR,NR,NR,NR,NR,NR,NR,NR,NR,NR,NR,NR,NR,NR,NR,NR,NR,NR,NR,NR,NR,NR,NR,NR,NR,NR,NR,NR,NR,NR,NR,,,2025-04-22
Tamil Nadu,Ramanathapuram,62,,42,54,79,115,116,111,98,46,44,203,NR,182,NR,170,132,53,278,28,46,41,31,39,44,49,49,55,117,787,69,61,41,104,37,NR,NR,NR,46,,,2025-04-22
Tamil Nadu,Erode,58,,50,47,91,120,122,119,85,46,45,209,223,173,NR,164,174,54,288,25,34,25,14,41,45,53,54,51,110,742,68,59,21,81,32,36,18,12,54,,,2025-04-22
Tamil Nadu,Karur,57,,54,55,87,122,127,111,91,45,47,220,190,179,NR,163,151,57,297,17,42,33,16,39,NR,55,52,56,113,700,65,57,30,86,31,44,32,23,52,,,2025-04-22
Tamil Nadu,Perambalur,45,,NR,64,97,121,119,113,88,45,44,197,182,163,NR,165,153,59,NR,29,27,25,20,40,65,55,48,57,102,700,62,50,19,97,33,38,20,13,61,,,2025-04-22
Tamil Nadu,Pudukkottai,51,,49,65,88,120,123,118,NR,47,45,211,NR,202,NR,166,146,60,NR,28,40,25,20,43,51,42,50,53,115,708,61,NR,18,95,26,42,19,14,60,,,2025-04-22
Tamil Nadu,Sivagangai,53,,46,65,92,127,126,119,89,46,44,202,NR,205,NR,169,151,56,290,27,40,40,25,39,53,54,53,61,110,763,75,56,40,82,30,40,18,14,58,,,2025-04-22
Tamil Nadu,Thanjavur,53,,47,50,88,125,121,120,85,46,44,205,198,179,NR,168,141,59,265,27,32,28,16,37,55,48,48,48,128,806,67,54,32,98,46,69,31,13,53,,,2025-04-22
Tamil Nadu,The nilgiris,NR,,NR,NR,NR,NR,NR,NR,NR,NR,NR,NR,NR,NR,NR,NR,NR,NR,NR,NR,NR,NR,NR,NR,NR,NR,NR,NR,NR,NR,NR,NR,NR,NR,NR,NR,NR,NR,NR,,,2025-04-22
Tamil Nadu,Thoothukudi,51,,48,63,86,120,120,114,87,46,52,219,203,181,NR,162,151,60,320,11,33,30,22,35,60,60,52,62,110,756,61,60,41,100,49,50,30,12,50,,,2025-04-22
Tamil Nadu,Viluppuram,48,,52,42,88,128,105,113,84,47,50,172,187,170,NR,166,153,59,NR,27,30,23,15,50,54,46,50,48,105,765,63,51,20,88,26,34,19,12,52,,,2025-04-22
Tamil Nadu,Virudhunagar,61,,43,65,88,117,117,112,84,49,45,205,206,198,NR,166,165,56,293,28,37,37,22,41,49,54,49,55,107,693,57,53,37,81,34,34,14,13,62,,,2025-04-22
Tamil Nadu,Kanniyakumari,60,,40,53,82,110,111,105,78,46,41,192,187,159,NR,157,140,55,258,25,28,24,15,32,39,37,52,40,109,500,60,59,24,79,24,28,15,13,41,,,2025-04-22
Tamil Nadu,Namakkal,63,,47,61,93,123,122,117,98,46,44,210,193,178,NR,158,142,55,NR,26,37,33,23,41,40,51,49,47,120,664,70,59,27,77,34,39,25,12,58,,,2025-04-22
Tamil Nadu,Tiruvannamalai,52,,51,62,88,138,130,113,88,45,65,189,183,161,NR,161,135,60,310,27,32,27,17,41,54,47,46,43,107,762,NR,48,50,85,34,47,19,12,49,,,2025-04-22
Tamil Nadu,Tiruvarur,64,,48,65,84,119,125,112,NR,43,52,240,146,183,NR,157,141,52,NR,25,35,40,22,46,50,48,51,62,122,863,65,60,25,89,49,37,22,16,83,,,2025-04-22
Tamil Nadu,Tiruppur,NR,,NR,NR,NR,NR,NR,NR,NR,NR,NR,NR,NR,NR,NR,NR,NR,NR,NR,NR,NR,NR,NR,NR,NR,NR,NR,NR,NR,NR,NR,NR,NR,NR,NR,NR,NR,NR,NR,,,2025-04-22
Tamil Nadu,Tenkasi,56,,46,59,88,120,129,115,NR,45,66,223,NR,174,NR,159,145,58,275,22,32,30,20,36,52,55,58,57,105,737,64,62,34,95,50,54,28,13,57,,,2025-04-22
Tamil Nadu,Nagapattinam,59,,46,64,91,137,132,127,99,45,50,197,190,196,NR,158,148,63,NR,25,25,20,24,40,50,45,48,50,120,791,68,66,40,99,50,60,33,15,56,,,2025-04-22
Tamil Nadu,Krishnagiri,55,,46,41,86,119,121,117,89,45,44,202,194,152,NR,164,144,55,315,26,28,26,12,38,40,43,48,43,89,640,55,59,38,96,26,54,29,12,60,,,2025-04-22
Tamil Nadu,Ariyalur,55,,NR,63,90,119,120,111,90,47,44,207,194,176,NR,170,137,60,293,26,37,25,20,50,49,58,57,62,122,795,65,54,31,89,29,40,18,14,55,,,2025-04-22
Tamil Nadu,Kallakurichi,NR,,NR,NR,NR,NR,NR,NR,NR,NR,NR,NR,NR,NR,NR,NR,NR,NR,NR,NR,NR,NR,NR,NR,NR,NR,NR,NR,NR,NR,NR,NR,NR,NR,NR,NR,NR,NR,NR,,,2025-04-22
Tamil Nadu,Kancheepuram,55,,52,61,87,130,121,120,93,45,44,183,187,179,NR,164,141,65,NR,27,35,32,20,42,59,50,52,49,120,720,52,66,39,84,31,42,19,13,53,,,2025-04-22
Tamil Nadu,Salem,52,,45,45,90,120,140,130,98,44,45,187,157,135,NR,NR,97,48,280,NR,35,28,14,37,68,46,44,44,88,667,62,55,33,93,21,64,29,24,42,,,2025-04-22
Tamil Nadu,Theni,59,,53,58,83,118,118,114,85,46,49,218,187,156,NR,143,138,58,279,14,31,30,16,39,52,50,50,76,97,687,69,65,32,84,33,52,27,12,55,,,2025-04-22
Tamil Nadu,Chengalpattu,NR,,NR,NR,NR,NR,NR,NR,NR,NR,NR,NR,NR,NR,NR,NR,NR,NR,NR,NR,NR,NR,NR,NR,NR,NR,NR,NR,NR,NR,NR,NR,NR,NR,NR,NR,NR,NR,NR,,,2025-04-22
Tamil Nadu,Mayiladuthurai,59,,50,65,98,137,117,122,NR,46,45,214,192,209,NR,157,143,60,340,27,30,33,20,45,45,46,50,63,123,846,65,60,33,103,53,60,30,14,60,,,2025-04-22
Tamil Nadu,Ranipet,NR,,NR,NR,NR,NR,NR,NR,NR,NR,NR,NR,NR,NR,NR,NR,NR,NR,NR,NR,NR,NR,NR,NR,NR,NR,NR,NR,NR,NR,NR,NR,NR,NR,NR,NR,NR,NR,NR,,,2025-04-22
Tamil Nadu,Tirupattur,54,,42,45,86,130,125,119,89,45,69,199,NR,178,NR,166,142,55,275,21,34,29,15,37,53,48,40,46,121,778,58,61,39,102,60,58,38,15,50,,,2025-04-22
Tamil Nadu,Tiruvallur,55,,43,64,84,137,125,110,95,45,40,199,175,155,NR,161,141,61,298,27,39,35,16,37,60,59,45,70,96,700,60,66,40,76,30,41,23,15,41,,,2025-04-22
Telangana,Hyderabad,59,,39,39,84,108,114,109,84,39,52,165,176,159,165,165,143,51,274,21,28,38,25,33,52,42,50,44,97,567,57,67,39,105,39,37,19,22,49,,,2025-04-22
Telangana,Karimnagar,51,,36,41,81,125,121,106,81,42,59,161,183,137,NR,163,135,53,299,20,31,23,18,41,42,42,50,42,98,577,55,69,45,84,25,35,19,22,40,,,2025-04-22
Telangana,Warangal,59,,42,42,92,129,120,110,87,40,60,180,192,114,121,147,136,55,274,17,30,35,23,37,39,40,55,38,82,560,55,65,37,117,22,47,18,26,28,,,2025-04-22
Telangana,Adilabad,47,,40,42,82,113,115,110,85,41,60,154,160,145,150,148,124,52,287,20,25,20,17,32,29,39,45,35,79,567,55,65,47,110,53,25,21,21,33,,,2025-04-22
Telangana,Suryapet,52,,43,43,91,128,128,122,95,38,56,156,154,143,151,139,143,52,269,20,32,29,25,33,52,41,47,38,71,577,52,62,35,103,25,40,19,25,41,,,2025-04-22
Telangana,Jadcherla,55,,36,50,88,126,127,117,95,39,57,177,148,155,123,149,137,55,292,18,36,33,12,33,36,34,53,36,78,528,53,63,31,90,43,46,18,23,34,,,2025-04-22
Telangana,Khammam,57,,41,41,90,125,130,115,95,38,58,155,152,116,107,154,137,49,282,20,35,31,17,33,35,35,49,33,71,517,50,66,30,103,43,44,20,25,37,,,2025-04-22
Telangana,Medchal,45,,43,45,86,131,115,116,85,40,59,165,181,137,139,165,144,47,245,18,NR,23,17,37,35,38,50,38,80,540,55,67,38,112,30,47,22,20,46,,,2025-04-22
Telangana,Nizamabad,56,,39,42,88,123,123,121,87,38,56,169,160,105,101,149,134,51,276,20,34,31,18,37,35,38,52,38,80,626,49,62,72,112,26,58,19,27,35,,,2025-04-22
Telangana,Sangareddy,60,,41,41,91,126,124,111,90,40,60,164,160,134,113,155,146,54,273,20,35,38,13,34,41,40,50,42,94,554,55,67,35,115,24,47,19,27,47,,,2025-04-22
Ladakh,Leh,55,,NR,NR,140,185,150,130,130,50,60,NR,220,NR,NR,NR,NR,80,480,29,47,55,65,NR,NR,68,NR,44,122,480,58,78,65,103,37,61,39,18,90,,,2025-04-22
Ladakh,Kargil,50,,NR,50,120,180,130,120,130,NR,NR,NR,NR,NR,NR,NR,NR,NR,NR,NR,NR,NR,NR,NR,NR,NR,NR,NR,NR,NR,NR,NR,NR,NR,NR,NR,NR,NR,NR,,,2025-04-22
Commodity Name,Commodity Name,Rice,Rice,Wheat,Atta (Wheat),Gram Dal,Tur/Arhar Dal,Urad Dal,Moong Dal,Masoor Dal,Sugar,Milk @,Groundnut Oil (Packed),Mustard Oil (Packed),Vanaspati (Packed),Soya Oil (Packed),Sunflower Oil (Packed),Palm Oil (Packed),Gur,Tea Loose,Salt Pack (Iodised),Potato,Onion,Tomato,Bajra(whole),Jowar(whole),Maida(wheat),Ragi(whole),Suji(whole),Besan,Desi Ghee,Butter(Pasteurised),Eggs,Brinjal,Black Pepper(whole),Coriander(whole),Cummin Seed(whole),Red Chillies(whole),Turmeric(powder),Banana,GInger,Garlic,2025-04-22
Average Price1,Average Price1,42.94,,31.33,37.19,87.34,129.28,119.09,112.05,88.29,45.71,58.77,190.31,168.99,154,145.84,160.31,137.99,54.44,270.84,21.41,23.76,28.83,21.81,37.4,43.15,41.95,54.15,46.32,97.4,645.98,58.19,75.06,34.78,87.34,37.71,45.37,29.48,16.73,49.89,,,2025-04-22
Maximum Price1,Maximum Price1,64,,55,71,140,185,155,150,130,60,80,279,234,209,192,211,182,120,523,31,55,67,100,92,90,80,103,100,140,930,75,120,100,175,122,105,69,47,118,,,2025-04-22
Minimum Price1,Minimum Price1,27,,22,27,70,95,85,74,72,37,40,138,130,103,101,115,91,37,150,10,10,11,6,23,22,30,28,28,59,440,45,48,10,50,20,25,14,9,24,,,2025-04-22
Modal Price1,Modal Price1,40,,28,35,90,120,120,110,90,45,56,176,165,176,154,165,140,50,240,20,20,25,20,37.5,40,40,50,40,100,600,60,72,30,80,35,40,30,15,40,,,2025-04-22
,,,,,,,,,,,,,,,,,,,,,,,,,,,,,,,,,,,,,,,,,,,2025-04-22
"Department of Consumer Affairs ( Price Monitoring Division)Date 22/04/2025 Daily Retail Prices Of Essential Commodities  StateCentreRiceBroken RiceWheatAtta (Wheat)Gram DalTur/Arhar DalUrad DalMoong DalMasoor DalSugarMilk @Groundnut Oil (Packed)Mustard Oil (Packed)Vanaspati (Packed)Soya Oil (Packed)Sunflower Oil (Packed)Palm Oil (Packed)GurTea LooseSalt Pack (Iodised)PotatoOnionTomatoBajra (whole)Jowar (whole)Maida (wheat)Ragi (whole)Suji (whole)BesanDesi GheeButter (Pasteurised)Eggs BrinjalBlack Pepper (whole)Coriander (whole)Cummin Seed (whole)Red Chillies (whole)Turmeric (powder)BananaGingerGarlic  UnitQty1 Kg1 Kg1 Kg1 Kg1 Kg1 Kg1 Kg1 Kg1 Kg1 Kg1 ltr1 Kg1 Kg1 Kg1 Kg1 Kg1 Kg1 Kg1 Kg1 Kg1 Kg1 Kg1 Kg1 Kg1 Kg1 Kg1 Kg1 Kg1 Kg1 Kg100 gmDozen1 Kg100 gm250 gm100 gm100 gm50 gm1 Kg100 gm100 gm  Average PriceAverage Price42.94 31.3337.1987.34129.28119.09112.0588.2945.7158.77190.31168.99154145.84160.31137.9954.44270.8421.4123.7628.8321.8137.443.1541.9554.1546.3297.4645.9858.1975.0634.7887.3437.7145.3729.4816.7349.89 Maximum PriceMaximum Price64 55711401851551501306080279234209192211182120523315567100929080103100140930751201001751221056947118 Minimum PriceMinimum Price27 2227709585747237401381301031011159137150101011623223028285944045481050202514924 Modal PriceModal Price40 283590120120110904556176165176154165140502402020252037.540405040100600607230803540301540 NORTH ZONENORTH ZONE  ChandigarhChandigarh42 3238861291181108846582111891321631701415226828203021364241544698651587635873846301750 DelhiDelhi37 33358812711811890455620516717616117813758240271832253037385340111528587238893835331536 HaryanaHisar40 2735851321101058045602141631581571711364924328192220263739564091588607540814439351558 Karnal41 2434801401201158543701921651761371651345026028151716233837693680611629630754438351270 Panchkula41 3042871351221159247631961541181281331005421127254030263832554085607547030803540352051 GurgaonNR NRNRNRNRNRNRNRNRNRNRNRNRNRNRNRNRNRNRNRNRNRNRNRNRNRNRNRNRNRNRNRNRNRNRNRNRNR Himachal PradeshShimla44 NR3790138133113804860214194170154NRNR532232820303038NR39NR41108644587230904044261753 Mandi43 NR3584140133117844849231195166155165NR482703018313533NR36NR32105676607235854343281660 Dharamshala30 NR2986138132118894740NR192165170NRNR512302820302532NR345540995905990401034945341560 Solan41 NR3784133125111844757203191169145181NR5123530182728353740NR40107608608235885737342058 Una43 NR3579117113111834669NR160186146NRNR552422915272736NR37NR3899681598526994832311558 Bilaspur-hp46 NR3583132139114864862NR163182156NRNR463442915253532NR39584093699608430803233301248 Chamba38 NR3583140120110845055NR191180152NRNR5224029213232425638693789648588330735651412361 Hamirpur-HP41 NR3377118114112824765NR189182153NRNR4726528222528374838NR3897495607829853937301555 Kullu40 NR3681138126115854940NR191168144137NR4324030253740NRNR40NR40118703608040903634291561 Sirmour47 303991141129107914750212183154150146108452732823423035NR35NR36100627587039913345322052 Kinnaur38 NR4397126133117804850NR180172148186NR4325727303537NRNR42NR4597559588045934742331457 Lahaul & Spiti43 NR45100162132102985451NR198165NRNRNR5448028405044NRNR36NR3682600557758872935271571 Jammu and KashmirSrinagar44 4046861721421181155150NR194144148170NR5729528304042NRNR47NR44117663606450894966301693 Jammu48 353888118115118924951NR18316816415211856302302027223658576860103564608441874746341852 Poonch56 35461151851251201155073NR206192192NRNR5033330283541NRNR45NR551226836084498551312715118 Kupwara46 3543100NR1301201005850NR1871761521781265134730294143NRNR35NR48117660607348832549311498 UdhampurNR NRNRNRNRNRNRNRNRNRNRNRNRNRNRNRNRNRNRNRNRNRNRNRNRNRNRNRNRNRNRNRNRNRNRNRNRNR Shopian40 NR46110163130125974947NR187139137NRNR4933328343440NRNR46NR601236905875371005650441576 Samba60 303578127123120954655NR16518715419414855300301928373560406540100637607040904240301458 RambanNR NRNRNRNRNRNRNRNRNRNRNRNRNRNRNRNRNRNRNRNRNRNRNRNRNRNRNRNRNRNRNRNRNRNRNRNRNR RajouriNR NRNRNRNRNRNRNRNRNRNRNRNRNRNRNRNRNRNRNRNRNRNRNRNRNRNRNRNRNRNRNRNRNRNRNRNRNR KishtwarNR NRNRNRNRNRNRNRNRNRNRNRNRNRNRNRNRNRNRNRNRNRNRNRNRNRNRNRNRNRNRNRNRNRNRNRNRNR DodaNR NRNRNRNRNRNRNRNRNRNRNRNRNRNRNRNRNRNRNRNRNRNRNRNRNRNRNRNRNRNRNRNRNRNRNRNRNR Baramulla38 354595150120115955048NR194181NR1941405037728333833NRNR43NR491276746081419442533320112 ReasiNR NRNRNRNRNRNRNRNRNRNRNRNRNRNRNRNRNRNRNRNRNRNRNRNRNRNRNRNRNRNRNRNRNRNRNRNRNR KathuaNR NRNRNRNRNRNRNRNRNRNRNRNRNRNRNRNRNRNRNRNRNRNRNRNRNRNRNRNRNRNRNRNRNRNRNRNRNR PunjabAmritsar40 273382137133118874555229176178162181NR5028028162728394040604092634596738904039301448 Ludhiana37 273583133128118944662223174175172183NR5728527122320374842624297560577130833742232043 Bathinda40 2732821351321189045552201761761591811485127029152528354040584088634606737954037271448 Barnala40 3035841401221109045652161561761471791434531030152931314343NR4188644607038924540281550 Hoshiarpur36 28348512011011091486520915917613713213549275211521233632416535101606558124995146351653 Faridkot42 2832851351321189045552231761781591831485228330172730404039633988637606739954042311449 Mansa40 283385140135115904565NR1671741591781455227329152532415040674295633607032924541311650 Sri Muktsar Sahib40 2932821331321159045632031541651501741394928028172726305238823988589607136903535261350 Dera Bassi40 303585135130115904660NR167176159NRNR5325728202530303835504097550557240974255371743 Sangrur40 2731781301251098546602321691701561691534626327121928354040624088557587130894046321550 Ropar40 283482138132118904560222169177159NR1485126730162530404540634088641597038923941311548 Amargarh40 2731801351301109047602361701771661661434525028152030364540NR4085604587230954049271548 Fatehgarh Sahib44 3540851351201209943602141701681521761095328727182526344533654085551537336974750331548 Ferozepur41 26338513513111390456121816217614318113850270301925263346396539101615599025964641251550 Kapurthala45 3038861361311179446622231661781561771495727025162020415639663997626527735943843311448 Uttar PradeshLucknow38 2833791151101098045581901601481471531384526020202012354239513995593587526853543291548 Kanpur35 283280125110908042601801381221151271105623426203018354045NR30905805572361002240351950 Varanasi42 2635831231231098047632131631651611781525927221182318405838NR4199699567932883148261755 Agra42 28337811585927544661921641761571701534925026193017263439NR4096705609629934337311641 Jhansi43 2634821221101038245571881601491421541114822516202514333738524192622577225833339271338 Meerut37 30378012712284834860154141138141144143452471915181638393663429360857NR28743234301745 Allahabad34 3638851431191148945541711841301351621115126022213223263139394088608587835783040281857 Gorakhpur38 2633831191171117843551881661441481401355122422243218353334503492586587334793138241646 Saharanpur37 313385124109111894357NR137134130137110492452116261731NR36NR3589507567221803337291457 Bareilly35 253089118122112974470204162176154171139503302419209263835513490698606116803739291455 Ayodhya40 303380122118115854555176146135137155995018022203015404045684390651637230773539301870 Moradabad37 2532821211121058341551931621391531511364723822162515344535573876600546731832744282057 Aligarh39 293483126115109834356186165147142153131512472019251833NR38NR4296613547733853445291745 Mirzapur (Vindhyanchal)35 2734891211171108545451701451271251281015522620203115284035523992634587020853545311545 Banda34 273785115109988045552151611531321731135115217152011314335773990545576918812636271852 Azamgarh38 2833851251151107945612351721331301299855277231724123745425143104653566729762750291845 Gonda (Devipatan)35 2635891271221139044581801661331441391344827120182615363435603898625546930793143271846 Amethi38 27358013612011080465819316014614013912052259232127274035414245106693578038843651281753 Barabanki40 2635851201201108545582001561411371261155021822NRNRNR3236364336107563588028853142301545 Bhadohi31 2835851201401208045602051361321371591156023010202719354236513680692527435902540332050 Chandauli33 2835771131071097542551941591321361381064624719162610325339623789633566927863342291743 Farrukhabad42 283480125120110934464212175158154169142452532011282027NR36NR3794656608425845545301847 Ghazipur47 25368511411311088465718816314614614514154278181822133238414641100639577827813237311843 Jaunpur42 3035881251221108245591981751461481471355525922172919313835563489581547715853955311648 UP-Pratapgarh39 2832851131201158445491861661451451461315325520172510332938393899547587419833339291539 Sambhal38 283285120110105804353189167133126131128472521716202035NR38NR38102634577420873642291538 Santkabir Nagar40 2735951301151159145672091701451541641334626328192517293031804196725588432903050251948 Shahjahanpur34 2531741351001009043571951871691661611563924320142614243238524097560569320912842301740 Sitapur38 2631821281101108243581861561421451461235222317152511242735454098586587930803540251546 Sultanpur41 30358412411510885NRNRNRNRNRNRNRNRNRNRNRNRNRNRNRNRNRNRNRNRNRNRNRNRNRNRNRNRNRNR Unnao41 3034871181171088745571891651481441541375225320192715354040504095567577127853441291645 Ambedkar Nagar44 3137851221181158345592311661491501501295218727172715373737723997641596432823640261757 Amroha38 2530791211059685455318015213612917610244196221621213242403140105567577633802443251635 Baghpat44 NR31821301201109044651791581521431451395020726162620325139664197560607131693540271235 Bijnor38 26358012010010080455218317014314615214248253171621203040356040100600506125873050321040 Budaun38 2429861351151029045602071601651471641314827721132519254738673895605587831813236321245 Etah45 283580128110112904558207174152156NR113532702216302023NR35NR3892679607230973240351840 Fatehpur44 2533901351151059044581851611361301431115322521192921233235403495550527932853647241737 Ghaziabad38 2833821261141048446571791641571521581414620819172419323637553992623576622893536281541 Hardoi42 2635801161121078445561901631511461581375124518202113272938543991615577224863441281645 Jalaun37 2833871301101009044551781431481421501035323319182213313538NR3890580537326763247281536 Kaushambi40 2637881161241028346551931671591391441265123120152911243638533689592557126873739221647 Kushinagar37 28378211511811680456717916614516613713447204251826174343385240102647527527882541331644 Lakhimpur Kheri42 2733801251051158044551921511261381381055622517183318283333603868643587927813442331647 Pilibhit36 2731881281101108845581901591461481541214925921172512364338544095630597025883542301845 Sharwasti38 253579117120103804550181179156161NR1394920324172717NRNR39NR4098567597820872530201533 Siddharth Nagar42 2832801301201108545591761621421421611325123321192620505035703590547609628733048271939 Sonbhadra44 273182110110110784555187143121117122985521322203220254032343690549587023753328241545 Rampur44 2830781141111058545621851781431491521425024024212215303933NR3595602596223793734301353 Bahraich35 2530901211201149042451761651301371421254425025NRNRNR3634336533108600568120722631241850 Basti36 223072120108105824058155140133130148984423922233022495135513892558577627802452291643 Etawah40 303585120108103804568203162139139145128522601820301526NR40284295620587125853340301650 Muzzafarnagar38 2630771181141078545571771581481441451354923920122515354435NR3890503565930722740221351 ChitrakootNR NRNRNRNRNRNRNRNRNRNRNRNRNRNRNRNRNRNRNRNRNRNRNRNRNRNRNRNRNRNRNRNRNRNRNRNRNR Hamirpur-UP37 2732801281181007843581871481261431371375022120223015NRNR35NR3490560528926823850261645 Deoria33 26288411711091834558192163126130NR1164822416212424384237513590566586323722742261836 Hapur36 2732721231071029045621931651561521571515021523172315373540484098670517225995450301346 Bulandshahr44 324093136NRNRNR4556NR1511371421371704324018NRNRNR293933553597542537225833147271532 Kanpur Dehat31 243477105117928345531901461141391351074918819152215293535513585601587626792728251539 Hathras40 262986125115108864156188162141137147133502602018281626NR37NR4095613557540813542281240 Raebareli41 2635861251171098645571891691531461601375222818192516344141524494631567526843544281647 Lalitpur36 282985130100908842561831451421371261184025520202512333833552892600577828783143271828 Mohaba35 22309011797938345501481441371521521284118520212211323534473493622566225753243301747 Gautam Budh Nagar38 303378126111102804456NRNRNRNRNRNR4722818152315313636524091602556424823537291441 Auraiya38 2535771131091037845601661401341361401294721922182615343335463583613577419813635291447 Maharajganj35 2835811211191128044571891691321421551314721322202318364436513891593587230823445301548 Balrampur32 2534801101051108045501651641481361591345022515192719344235NR3995619577023853040251535 Kannauj40 2733881181181109045581841391181231431085124022233015323932NR3483538527224863945341636 Mathura38 30338513311710885446021015312012114512559263281935153343404740120601557628833265421538 Firozabad38 353782110861129040651901581171421821114530021223419232533393599717526935853040301530 Kasganj45 263585125115115854459211167143144154145552372222301023NR36NR3898542547436853847281341 Mainpuri38 30348813212011388426318013912312111610051260242223212425394038105700557035854743252136 Shamli38 2528801281171088544551901541501411461264924315161819254535523585520606630853047251248 Ballia37 2631871251171129045581921601411421461244922522172415313635513791617527329823444291747 Mau38 253287125114108884556192160143143147110552412215249NRNR36NR3791721557925823541311641 UttarakhandDehradun36 263898136115115984567181181157142164NR572803020312034434052411106816076501104150391560 Haldwani38 363395138124113100445717918915313816614952259282027153043528459936005880401004060381550 Rudrapur36 2736901301221129045561961601451381651045523027203020326840604060644606533883743382760 Haridwar42 303890138120113914364203179160159163NR622892815272137NR445340102634567625985741371660 WEST ZONEWEST ZONE  ChhattisgarhRaipur34 3943921191051009546561991591361301431055524720222419302641454391732565831873434231029 DurgNR NRNRNRNRNRNRNRNRNRNRNRNRNRNRNRNRNRNRNRNRNRNRNRNRNRNRNRNRNRNRNRNRNRNRNRNRNR Ambikapur34 3033981301121091094141200157113159162NR3824915313010NRNR40NR3262598507040557060502547 Bilaspur-CGNR NRNRNRNRNRNRNRNRNRNRNRNRNRNRNRNRNRNRNRNRNRNRNRNRNRNRNRNRNRNRNRNRNRNRNRNRNR JagdalpurNR NRNRNRNRNRNRNRNRNRNRNRNRNRNRNRNRNRNRNRNRNRNRNRNRNRNRNRNRNRNRNRNRNRNRNRNRNR Dantewada39 374199130117110834561NR187152144156134572471726391940NR41NR46112648596841975047211764 Dhamtari34 26409814511011098446619418313212812413755223242727204343435345120753557138773533252038 RajnandgaonNR NRNRNRNRNRNRNRNRNRNRNRNRNRNRNRNRNRNRNRNRNRNRNRNRNRNRNRNRNRNRNRNRNRNRNRNRNR Koriya39 3539851271021128342752061621541481681734719525333310353446325882693588322782738281742 DNH and DDSilvasa51 394090127119119864368184181187170168142632352920272343585260621216765984531026444382230 Daman53 37398612712712084446818418516616616712567225292328224148526063122683597957926243352134 Diu46 3955851421521239945642112111921811961357040030193214413958NR701186986081411094437371948 GoaPanaji58 48481031251471251034558239190204168171148603253038332840605060501306516070601084563521745 Margao54 49529813014012595456222418919617817615762340273630284057455449115732637255854358271643 GujaratAhmedabadNR NRNRNRNRNRNRNRNRNRNRNRNRNRNRNRNRNRNRNRNRNRNRNRNRNRNRNRNRNRNRNRNRNRNRNRNRNR Rajkot34 3234781171161047844621781631381401561495620518303030383240684493620536737762834371542 Surat41 3737871681241118243681711551391271261245522618313924303736813789603607155644633351740 Bhuj38 3435891181271078844641961811481481551495821819223219393644673891651516838672939201540 Selamba40 3339901201201079044621811761481371681675021223272930323641604290610506530773235311650 Waghai36 3445911261211199045641971771501481591475520921293631314239454595619557035662935231640 Bodeli32 3335951201201108542641871791521591571545520520253325353242NR4290600607020804240251540 Vapi37 3438921241201158744631811751561541671505121018203121323540644185627586842803531201843 Bilimora44 NRNR90101124959237531871891741361771453920714222630383737444894659607033662828201732 IdarNR NRNRNRNRNRNRNRNRNRNRNRNRNRNRNRNRNRNRNRNRNRNRNRNRNRNRNRNRNRNRNRNRNRNRNRNRNR Jhalod55 51527510010010080456218916616615616616656200NR171718403540704496670567040773537221640 SongashNR NRNRNRNRNRNRNRNRNRNRNRNRNRNRNRNRNRNRNRNRNRNRNRNRNRNRNRNRNRNRNRNRNRNRNRNRNR Madhya PradeshBhopal39 313390114113102854559179167153153171NR4922910202816394140503994688588624883840301540 Indore42 2936851181201068343601701611441421421415526815202017343438NR4081640598630833233211528 Gwalior38 323777132120113904560210162172142179NR5022212162811283239614088619557123823535261536 JabalpurNR NRNRNRNRNRNRNRNRNRNRNRNRNRNRNRNRNRNRNRNRNRNRNRNRNRNRNRNRNRNRNRNRNRNRNRNRNR Rewa32 26358613111298854355177147123155146NR5423718213315NRNR35NR3585655577625702745301241 Sagar39 2729831201121048545581781671431471711394223516181813404140594188681596728782831231338 Jhabua39 303385120117100894556193178178145162NR5825715151210313843584199645NR7017823435291834 Hoshangabad42 2936811241151038344561881501281401451095122312212211434944504297655598019733146191842 Shahdol35 293586123112110834450200136125121154NR5221018202010373335504095604587030903040271835 Ujjain40 32369212511011295456016015916714117493452502525252040403851401006596072381002251301541 Morena40 3136901301201201004565209158142144144104462471420242028NR40NR4096604608015833632291440 Anuppur34 25378011012011585455021615015914814814347230302020104139384046807215578141202531221330 Bhind40 31348512312011587445817914613112312098492441516259324237614192633567519813343251640 Dhar42 273484124115104934257164168170147170914720915221920353537514190687557415802735181630 Harda40 303480119119110904459176175159149159NR4522028232320404044804690637587230803030201528 Katni31 2934861251301158042501651541261481541005020519191883538455545100604588020804040271535 Khandwa38 273287110100100844353181134110115118NR4821921NRNRNR363634404085562557235752535261633 Mandla36 2835801001151128244501941651541541671594824030231817434340604590659607118872535171235 Rajgarh40 253180130113102884440168172172152181NR5024010302020NRNR40NR4387655NR8030933842301540 Sidhi35 263580125110100805060174165148148115985025018202516284040534590635568027803546251550 Chattarpur37 29339012712010380454819016515015414110653230201817103338404850100600637222882840231542 Neemuch41 253280128110105814063176135130123129NR3829810192015444141654194551607035722542301540 Burhanpur44 2532821181131098043571841741761571761644431529201816332739NR4492703597425883335301425 Narshinpur41 263073115113100804256201157121126121NR4023212152010403950525098634557620803035251535 Raisen39 303175130118108804657176163157137NRNR4523710202010404139NR4089674607621773536231428 Sheopur40 263275115112102804560181165167148154NR4824028202012272944634580659588015954040301540 Agar malwa40 24308012510797844359180166141146133NR4327520232119414441NR4586628557222873029201541 Umaria34 323477115115111804556190159143148143NR402171520201235NR40NR4793615607820782847251540 Shajapur40 273383120113107854357167159152143157NR4524018192215353238NR4185670587022832532251538 Dewas43 263383116115105914360167169153146164NR4522610242617363943574491667627326883938251635 KhargoneNR NRNRNRNRNRNRNRNRNRNRNRNRNRNRNRNRNRNRNRNRNRNRNRNRNRNRNRNRNRNRNRNRNRNRNRNRNR Singrauli39 2734921091121138148591761651411431361194923713201614NR4037NR4390661557221832439221537 Chhindwara46 3036771201161168645501981801431491761434420010302514NRNRNRNRNRNRNRNRNRNRNRNRNRNRNRNR Sehore40 253279115110100844450170165154146170NR4819010202010NRNR49NR4790633607220903035251550 MP-Ashoknagar35 262885124110100904455176150150143142NR4221010272718374037NR3890639559030903845251531 Balaghat35 354073117120110904451175175148141156NR502201520201540424258421016405860231002541201528 Guna42 2430771231121007944581941631751491761384520020171710314343634382677607130803438281532 Ratlam38 3137811251251108442631791721621471731454624010191113324245704780615596427815143261537 Satna33 28359012090858248602201721631591701175223022263515354235603783600587024704550201344 Vidisha39 333574118120113854360176170154148170NR4720710221410394036673882633598113833532281543 Alirajpur34 27359312593110904255178134130118123NR3828010242412333243NR4694599577315763947301731 BetulNR NRNRNRNRNRNRNRNRNRNRNRNRNRNRNRNRNRNRNRNRNRNRNRNRNRNRNRNRNRNRNRNRNRNRNRNRNR Damoh48 323482118120112824360192176151148155NR452101320228394445574595586577320822740261539 DindoriNR NRNRNRNRNRNRNRNRNRNRNRNRNRNRNRNRNRNRNRNRNRNRNRNRNRNRNRNRNRNRNRNRNRNRNRNRNR Niwari36 24317612396101794660199160177155149NR4121530162111NRNR40NR4097687609030923340271935 Seoni38 384090130110105864755194145108110129NR47215112223104040366842100650578117784836211541 Panna38 263675125100959042521781731281331241125321011203013406735604597651567538702448311247 Tikamgarh35 26309012512595904450205165143143150NR50200202025103035403144110654587020852942201740 Datia43 2527921311211118744562281691441581811235120928212315414341694199674599316813938281539 Maihar40 3035901201001008545532201761481501651155020510173210NRNR40NR45100725587239972940401240 MaharashtraMumbai44 4756971411381271015058214181170154172127873102837262542565366551306795870601127353591945 Nagpur47 44519112312911996496221120516616115512568283273736263848487548110663569438883548281849 Pune41 4554861431131178647741901831561541631495432631342823414338434099505598442843738331543 Nashik41 394384130123116944256180212168151165155543172732272343575255511036445870681035438311537 Mangaon-Raigad47 4049891251331189645552031742071481761505935529282729435243554597762596840925840281758 Dharni41 293979122104116894557184181156156181NR4632013322927322743NR4491767627035734443221824 Latur52 3237901281281239239631711781451411511474521324272232353438613593738646152953834221838 Akluj50 364279115123110854352200174148154165139403353026211731434160419065955NR40903042191225 Arni Yavatmal46 3436100135125114904163170155125147122NR57300103031203532477055103784557230994542401540 Chandrapur43 334190123127117964468185179167153156NR70238303020155352605253996166363171063639392067 Karad Satara39 38508612411212091447018818915315816515650293303228203836425943112637556040946043371939 Ahemednagar53 44498412912711999435316918615315816415346249302619193135374439108567585439792959291825 Khultabad52 323682138117109824444181NR1361431461315529620353131313449NR4782702588143773834371730 Islampur50 40488313112811290426720118111615115411851333273022283539394342106642527541985939352741 Kankavli45 41479112112711897455820919715715716115353342203029184039454644108667547232724742241665 Partur50 3140801201201108843562051871511541641644940110292515333443NR4787775NR8429924043201543 Gondia51 353778113971038144571711861561471691586222029202015363738613975820586225894341291629 Jalgaon47 354188125131116994564176184177151164165574582829183244385751571097015966621154440281936 Akola42 34448512512811797446517418216314915913958307262823223839486548112723557240904555211633 RajasthanJaipur45 31367611210499814752181181176167165NR4532015151915242745NR4977601588116602850422140 JodhpurNR NRNRNRNRNRNRNRNRNRNRNRNRNRNRNRNRNRNRNRNRNRNRNRNRNRNRNRNRNRNRNRNRNRNRNRNRNR Kota44 3032901401301129244591821501181511391095228422232317324747555089646606656803038461340 Udaipur35 283090140110105954456183153132130NR1225133522NRNRNR354035603597500648139852032301633 BharatpurNR NRNRNRNRNRNRNRNRNRNRNRNRNRNRNRNRNRNRNRNRNRNRNRNRNRNRNRNRNRNRNRNRNRNRNRNRNR Ajmer42 343480107105102854053178181159141148NR433032010136262934NR3694567569443763635NR1639 BikanerNR NRNRNRNRNRNRNRNRNRNRNRNRNRNRNRNRNRNRNRNRNRNRNRNRNRNRNRNRNRNRNRNRNRNRNRNRNR Bundi57 3034831571231101034457185165165147165NR50333222233152938357333110641609337802140332540 Rajsamand41 293690140121106784256176NR123148126NR4829026203420292940594394522597743714035261536 AlwarNR NRNRNRNRNRNRNRNRNRNRNRNRNRNRNRNRNRNRNRNRNRNRNRNRNRNRNRNRNRNRNRNRNRNRNRNRNR Banswara38 263396134126118904153170146112106150NR463552437403734374649479751257853673465130NR38 BaranNR NRNRNRNRNRNRNRNRNRNRNRNRNRNRNRNRNRNRNRNRNRNRNRNRNRNRNRNRNRNRNRNRNRNRNRNRNR Barmer38 3434901351251009043NRNR153120132NRNR44NR19183720293639554593617558144822858282243 BhilwaraNR NRNRNRNRNRNRNRNRNRNRNRNRNRNRNRNRNRNRNRNRNRNRNRNRNRNRNRNRNRNRNRNRNRNRNRNRNR Chhitorgarh43 3033931641201078743562021581341351371144627020302715283639574495572557745893654352340 Churu35 283090155130123824246173151145117NRNR3930515253025284050355011070055NR40100NR60401540 DholapurNR NRNRNRNRNRNRNRNRNRNRNRNRNRNRNRNRNRNRNRNRNRNRNRNRNRNRNRNRNRNRNRNRNRNRNRNRNR Dungarpur46 293590155122109864865226191NR158NRNR5128421313026363745844486608588139623246382042 Hanumangarh35 273583174112105854346215138108129130964031820333633NRNRNRNRNRNRNRNRNRNRNRNRNRNRNRNR JaisalmerNR NRNRNRNRNRNRNRNRNRNRNRNRNRNRNRNRNRNRNRNRNRNRNRNRNRNRNRNRNRNRNRNRNRNRNRNRNR Jalore39 333495110125110904254197138127137151NR4231015343424304041NR5069545607873984140401743 Jhalawar42 293281167119107864055176146117126149NR4029819253024NRNR43NR5090633598330702140302840 Jhunjhunu43 263290161123113904452199142118106123NR52NR1833372523NR4148441035655684501003842252040 Karauli40 24328314511410494465419014112812913310140320231928192322403650106610608845993351222040 NagaurNR NRNRNRNRNRNRNRNRNRNRNRNRNRNRNRNRNRNRNRNRNRNRNRNRNRNRNRNRNRNRNRNRNRNRNRNRNR Pali55 3332911291289375NRNRNRNRNRNRNRNRNRNRNRNRNRNRNRNRNRNRNRNRNRNRNRNRNRNRNRNRNRNR RJ-Pratapgarh41 28327016810697854244155148120130NRNR4429819243815NR3639NR42103659476039704636251440 Sikar40 263286145123102924552170155117135151NR4530521NRNRNR2330414745106558565655903144372248 Sirohi43 353885150120958042512031481271281301154925017213020263542NR4392520609441706030221037 Sri Ganganagar38 2835NR13910174724451197154138133NRNR48264NR242327NRNRNRNR3571720NRNR40863094432650 Tonk45 273390168120109824554194132NR110NR984426714233515254040NR48110520587535856540351840 Sawai Madhopur48 273177140120120984555203137126126134NR45292263035303235505050110550677240902554252540 EAST ZONEEAST ZONE  BiharPatnaNR NRNRNRNRNRNRNRNRNRNRNRNRNRNRNRNRNRNRNRNRNRNRNRNRNRNRNRNRNRNRNRNRNRNRNRNRNR Bhagalpur38 303377129124106784757NR164123123169117463202814249496434NR351046355890359629342118NR Purnia39 323779107110107794851NR169164167NR13643324141920174435446744112699558224NR2452411745 Darbhanga40 28407695110110804853NR177187170NR1375019814202465656334433101659606520952936261850 Gaya33 263881160106108824560NR1801341441421095534024212810NRNR35NR39110675598420762937251552 Muzzafarpur38 273481121122121814857NR16815516619814545287251729134657375239106666568026933740251450 Saran38 273782125116116824555NR168167166169NR47292271825124368366835100648556738782352331635 Munger39 273492145112121814457NR135124121120NR4624028143418NRNR34NR40100584627930885440391655 Saharsa40 303592145118110904655NR168NR134NRNR5225723183125NRNR40NR3793684557440955247371140 Madhubani37 2934841381171097944532151661571581691264627321192922NRNR344834113619557123853234261148 Rohtas (Sasaram)36 3439821191089480486219917715016918314954210251923113864345437106674608222882649351429 Motihari45 2838801151141077746572241691851651871475028419202620NRNR36NR34110602527633813150251832 Samastipur38 28358514011711475465516516813012414911650300251530153038337338956005896201002577251150 Katihar40 323593128129109804659NR183127133146NR4830520233426NRNR33NR34110593NR72389822502013NR Araria33 263585149129115804555NR16513713716511050300202030205560407040100652588010954655371641 NawadaNR NRNRNRNRNRNRNRNRNRNRNRNRNRNRNRNRNRNRNRNRNRNRNRNRNRNRNRNRNRNRNRNRNRNRNRNRNR Khagaria42 283585125128113844742NR1641521651611564237028232628NRNR40NR40108617557626902550301430 Banka42 323885125105105754660NR1781591701371214124016152815NRNR35NR4010065155804085354030940 Arwal37 303582146115111794356NR1791761701781174828026203015NRNR32NR36100659559532802540241541 Aurangabad38 27358714511211077455821816814513616093582053020231152NR36NR37110518559215923145291455 Begusarai37 29359215812410581455523917116816015913946262142224245242355237108623587839772656341735 Bhojpur AraNR NRNRNRNRNRNRNRNRNRNRNRNRNRNRNRNRNRNRNRNRNRNRNRNRNRNRNRNRNRNRNRNRNRNRNRNRNR Buxar32 2832801101171108045622081791461591881314929725161893342365539103703608619884944351655 Gopalganj37 293385125112108824355NR16714014214712150228292430204344404339110648567925894241351146 Jamui40 333590145115110784662NR139117141NR15238268262534253964455046107623609021832636261650 Jehanabad38 283595155130115724255NR190169168NRNR4724724183716NRNR37NR401006505610025762541242052 KaimurNR NRNRNRNRNRNRNRNRNRNRNRNRNRNRNRNRNRNRNRNRNRNRNRNRNRNRNRNRNRNRNRNRNRNRNRNRNR Kishanganj38 323685110118115854462NR141117115135NR5234224203826386040NR3897498NR8022852668371455 Lakhisarai40 303674145114115904759NR154129142NR12945257272031215153515149100603599531793940311431 Medhepura39 293581123115109764756NR1641511551641424529819193119NRNR35NR36105614578231812746341543 Nalanda35 323488155125116834261215138119115158NR4838728272923NRNRNRNRNRNRNRNRNRNRNRNRNRNRNRNR Sheikhpura37 293490120110115844456NR14513013613795502452716251645NR385140110640587026953030411340 Sheohar39 2938821301341178145581711711511661781345123224203219NRNR374139106670467518822745221357 Sitamarhi27 242775118106100794655NR16315417017914342223281517173840323932115711589520762439141029 Siwan34 273174107104104744759176162154167157NR4721027212515483934493798742617129692939291343 Supaul38 283491132121118764555NR175129NRNR1154626512142219NRNR35NR35110580588430802656351552 VaishaliNR NRNRNRNRNRNRNRNRNRNRNRNRNRNRNRNRNRNRNRNRNRNRNRNRNRNRNRNRNRNRNRNRNRNRNRNRNR West ChamparanNR NRNRNRNRNRNRNRNRNRNRNRNRNRNRNRNRNRNRNRNRNRNRNRNRNRNRNRNRNRNRNRNRNRNRNRNRNR JharkhandRanchi43 37408012212011080465825116915016916814251237281628173535403049112586597333955055371550 Gumla42 2934801601051057845562201351231191331004821715282510NRNRNRNRNRNRNRNRNRNRNRNRNRNRNRNR SahibganjNR NRNRNRNRNRNRNRNRNRNRNRNRNRNRNRNRNRNRNRNRNRNRNRNRNRNRNRNRNRNRNRNRNRNRNRNRNR Bokaro34 3537861551001108646571891721601641821455132225253022NRNR33NR40100709558925812842251360 Lohardaga35 323685160125110804561NR151129140152127442032620259NRNR37294090650567325804230331138 Simdega46 NR3993137123120814960NR1811491701591434925827292915NRNRNRNRNRNRNRNRNRNRNRNRNRNRNRNR Dhanbad40 3638761181171108046582421691521691801325025025202619355140504095714567737883542331847 Jamshedpur (East Singbhum) 40 353810013512512090455821917616515416513256200282430153230395949100606588146863033281250 Giridhi34 323683113102111784355NR17815914416413740300192227154035371004690600609629902941251557 Seraikella38 313886126125118784660187168155140145102532072517301042NR35NR3696600599636793233251352 West Singhbhum37 2936841581241167546602021781661541691175324324193517425033493494625588941773031241050 Daltonganj35 243694130109113844560NR172133145NR1265025220212410NRNR364736112603629125794646271535 Deoghar45 3839100130140110805060176165176165187154503003015201060504510055100769608030904040301840 Ramgarh37 3638NR1181141117947NRNR1761621682111584627925203011NRNR31NR40108590587718832858271239 Pakur44 4042801171128783486121816715714518014560300281623144041454363113637607034722435231543 JamtaraNR NRNRNRNRNRNRNRNRNRNRNRNRNRNRNRNRNRNRNRNRNRNRNRNRNRNRNRNRNRNRNRNRNRNRNRNRNR Latehar40 253674119103101745061170166165169NR1464719531263120NRNR43NR52112723657922834747332052 Godda40 3140901301251258548631981681611651651436028030172119NRNR40NR451006596074221004038321738 Koderma38 323683114115110804760197169157167197143521982821221648NR41504094687608129904442211741 OdishaBhubaneshwar42 384880110104110804852NR174152NR1651315523027222529NRNR38544080NRNR8040803530201750 Cuttack41 354580113110108794852NR175155NR16613755260282125234142414542100743NR743386NR35231558 Sambalpur40 404576108100100764852NR171155NRNR1374524028202015404541504290671NR7220903737301860 Rourkela36 374180112105105774652NR17815514516514651180262323153540404042105529588523813035221544 Berhampur37 354095123122105754753NR188169NR1791694924527263321NRNR38485062477537048843548291446 Jeypore45 403782113108107804652NR1741541541651325023729222220404038454080736606030803035211249 Balasore38 414577111108104764652NR185161NR1601375624027202920NRNR41NR4263620578335932841282345 Baripada36 364582115110110824552NR189162NR160143552462619252335NR404542100607587831892643271461 Balangir39 383982114109107824652NR184154NR16513650NR29232220NRNR40NR4585714606530772735201540 AngulNR NRNRNRNRNRNRNRNRNRNRNRNRNRNRNRNRNRNRNRNRNRNRNRNRNRNRNRNRNRNRNRNRNRNRNRNRNR BoudhgarhNR NRNRNRNRNRNRNRNRNRNRNRNRNRNRNRNRNRNRNRNRNRNRNRNRNRNRNRNRNRNRNRNRNRNRNRNRNR Dhenkanal40 38457810810298795052NR176156NR166144533932920252050NR40494595696588440833535221345 Jagatsinghpur33 404480117114109804656NR176181NR1651384524025202020NRNR45NR45105600587240813835251360 Kandhamal35 404882120115110764658NR172176NR15613751NR27182518NRNR43444563689587025903533291050 Keonjhar40 404585120115115804652NR176157NR17014249NR282025204745435047100711607030854035221450 MalkangiriNR NRNRNRNRNRNRNRNRNRNRNRNRNRNRNRNRNRNRNRNRNRNRNRNRNRNRNRNRNRNRNRNRNRNRNRNRNR Nabarangpur54 384790125115111764463148173154133154NR603922719241955584840601207556059201103845412060 Nayagarh40 NR4285120120110854652NR177178NR1651445734026202420NRNR38434385651578420853144241440 NuapadaNR NRNRNRNRNRNRNRNRNRNRNRNRNRNRNRNRNRNRNRNRNRNRNRNRNRNRNRNRNRNRNRNRNRNRNRNRNR Paralakhemundi Gajapati51 NR41NR116NR1047842NRNR178149NR156NR54186252026184674445447686345570191023040191547 Puri39 NR4579119112108804657NR176158NR1661405627923202428NRNR41NR4387671586838933940231548 Rayagada40 354885115120110804756176170160NR16613850NR27212620NRNR48354980725557233823837261340 SonepurNR NRNRNRNRNRNRNRNRNRNRNRNRNRNRNRNRNRNRNRNRNRNRNRNRNRNRNRNRNRNRNRNRNRNRNRNRNR Bhadrak37 NR4588122117110784556NR176181NR159139502822818232044NR40634282740607025803533241542 Jharsuguda40 444185122110111804652NR17715414816913850NR302027203844448046100692597233805040312260 Kendrapara39 404585125108104854552NR176139NR1571395126028202824NRNR41594587690607130853136241450 Jajpur38 404590137115110804556NR181181NR15014655NR25202120NRNR33NR50115659548432903645262063 Kalahandi40 374982113111111844752NR177159NR1671435139328212522NRNR403749100628NR6837822731241350 West BengalKolkata59 NR40871221301131034856NR1681811641731376126329203224NRNR37NR59103791607653853731252059 Siliguri34 3235801351251089344562001701411341541145717425132010334139555097590558817894739291150 Purulia29 NR459317512912410846591791821791531581505329229172911NRNR46NR531086875670271053453383242 Kharagpur58 39438216413512010746582111701541451691413724728163514NRNR45NR42NR618608331804945331743 Rampurhat46 2938871561231189745561991641351351471105227122172812NRNR41NR4770634597030903439401436 MaldaNR NRNRNRNRNRNRNRNRNRNRNRNRNRNRNRNRNRNRNRNRNRNRNRNRNRNRNRNRNRNRNRNRNRNRNRNRNR Raiganj39 2835811681231049144461951811131451361175624810183822NRNR30NR426356949104441053552301358 Alipurduar38 NR45791411311211114861NR1971731591431215124310212916NRNR41NR45955786282395524633524NR AsansolNR NRNRNRNRNRNRNRNRNRNRNRNRNRNRNRNRNRNRNRNRNRNRNRNRNRNRNRNRNRNRNRNRNRNRNRNRNR Balurghat49 294190131125115954750NR1821631591711514535029142319NRNR54NR5181586597244837170271460 Bankura35 NR3878142121113854862NR1801361491721474926218132510NRNR36NR507752758571895353325948 BarasatNR NRNRNRNRNRNRNRNRNRNRNRNRNRNRNRNRNRNRNRNRNRNRNRNRNRNRNRNRNRNRNRNRNRNRNRNRNR Bardhaman61 NR408012011911010547562231701631371731454927727172416NRNR39NR4560672596636833531231371 Baruipur44 NR3782145124113894756NR1631461471521205525628202020NRNR36NR37NR597576145713651251435 Berhampore48 294090146125115974858NR1821601561701425524722183016NRNR35NR58NR571587225883030251332 Chinsurah59 NR41109150140121115505126016615115215512850196281636125759416051594935562311173160401859 Cooch behar48 NR4473144122112984856NR1351131121421064929024203515494940494480560558135502025251057 Howrah58 NR4085162126122885057NR174149153188NR6028527223125NRNRNRNR5281670576150813150281753 Jalapiguri37 284596128130110954654NR1591321381491036030025153010NRNR32NR50754405580261005040281560 Jhargram49 NR45107167133109904854NR171141149152142392732918351544543872421095235673201153055312347 Kalimpong38 323482160120114100NRNRNRNRNRNRNRNRNRNRNRNRNRNRNRNRNRNRNRNRNRNRNRNRNRNRNRNRNRNR Krishnagar43 NR371021561071051034554NR1701551491511444424626223719NRNR35NR55NR557557552792531311640 Tamluk51 NR451041341231271084957NR173NR142165NR5829728193520NRNR41NR4677662587039852835261440 NORTH EAST ZONENORTH EAST ZONE  Andaman and NicobarPort Blair55 NR5095127134124955572NR176187NR167158753232055556370705070701208246084100905050351560 Mayabunder54 NR6895127137128985674254194183NR1781727237021506065NRNR62100931377696112060974242261540 Car Nicobar54 NR711221701551311015573279NR182NR1701487832320506065NRNR70648211993060108NR944347382278 Arunachal pradeshItanagar38 NR4598159129118905074NR197175154181NR7540017213432NRNR45NR5099702578340795753301569 NamsaiNR NRNRNRNRNRNRNRNRNRNRNRNRNRNRNRNRNRNRNRNRNRNRNR40NR601206605996268050303017NR Pasighat50 NR501001301301001006078176220165172167NR8040020285043NRNR50NR53736925997471007583431560 Tawang45 45451001601301201105773NRNR120137165NR10034020415950NRNR42NR5393683579250982883302862 AssamGuwahati41 3340801251001058549702361811701591591486020014182620NRNR37NR40NRNRNR7720NR63NR211875 Barpeta35 384082117971078349742001831411451671416725810172517494342975283698637818833733281863 Tinsukia34 35428012090110854874NR187194167179NR6020010182419NRNR45NR4590NR607424824035252040 Dhubri35 NR3883130NR11585NRNRNRNRNRNRNRNRNRNRNRNRNRNRNRNRNRNRNRNRNRNRNRNRNRNRNRNRNRNR Goalpara45 3340981281171208845601811591631591701465215010152717NRNR42NR6088659658016514332321760 Golaghat47 344290140901109550NRNR1561461481461456628314163030NRNRNRNRNRNRNRNR94487045NR251662 Mangaldai45 33428011695110854870NR1601441411601546026912193020NRNR39NR42NRNRNR7230NRNRNR301755 Mushalpur39 40389012995119904873NR1831441451451505124010153115NRNR40NR50827956072268730NR211555 Udalguri41 NR419913697107854575NR184NR1451721455825711163317NRNR38NR3772687NR79228042NR211352 Bajali35 334290140150120904770164154NR1521741745936010162813NRNR3610345707874512018906160322560 Hojai36 NR4290110100100824775NR1681261361701327022810182611NRNR35NR42826705775301013340301151 Jorhat36 3943831201251099550741791901651541591106020712192725NRNR55NR5476632539625804050381252 Bongaigaon44 NR409012395110904870NR176152150165NR5534010152812NRNR40NR6070NRNR8425NR40NR301855 Morigaon40 404086127122115904874192167156152168143602401018272248NR44NR5883659608030732735251570 Sonari40 384095132NR1151004872NR187NR154NRNR7122012142820NRNR37NR6095NRNR8331754342301550 Tamulpur39 393985133133111864873NR166150140NR1405125710203020NRNR39NR6078776NR7615NRNRNR241043 Sivasagar48 405093NR119112924874NR1752081731831535525310183024336053NR54108652609034764257301056 Biswanath Chariali36 NR3990130NR110904874NR143NR154NRNR6023310172717NRNR45NR45107NRNR7030905840301758 Dibrugarh40 NR3883118122110864874NR186169170188NR5825814172419NRNR42NR5787769607230823545301363 Karimganj38 NR4384120125103814772NR179NR137191NR5823314NRNRNRNRNR42NR62130NR587340NR33NR261545 Majuli50 NR3610213091118975070NR165NR131NRNR6026015252530NRNR40NR42110NRNR84408755NR351540 Sonitpur Tezpur35 3041901201001158547691631471671421621204931010152710NRNRNRNRNRNRNRNRNRNRNRNRNRNRNRNR Haflong36 NR4590135NR120905074NR176NR154153NR8026015203525NRNR45NR50906516090301004250301980 AS-Lakhimpur39 NR418412293113884872NR175155155157NR5517515NRNRNRNRNR43NR4371603497621813171311145 Diphu42 NR4090120114117924974NR164NR158NR1547823813203325435042585190626609330876762361170 Nalbari40 NR458313098110844873NR1761451611761465229710162220NRNR45NR4478637608428804350301460 South Salmara Mankachar35 424191NRNR115794775NR1851571541591135020511213333929044994564901627520735049381749 Kamrup39 NR408312599103834772NR181NR1571741485320916153020NRNR38NR4969NR597220NR42NR241553 ManipurImphal52 49451021581281279254NR167NRNR178NR1747525025253247506049605762707NR785517550NR442048 ChandelNR NRNRNRNRNRNRNRNRNRNRNRNRNRNRNRNRNRNRNRNRNRNRNRNRNRNRNRNRNRNRNRNRNRNRNRNRNR JiribamNR NRNRNRNRNRNRNRNRNRNRNRNRNRNRNRNRNRNRNRNRNRNRNRNRNRNRNRNRNRNRNRNRNRNRNRNRNR KangpokpiNR NRNRNRNRNRNRNRNRNRNRNRNRNRNRNRNRNRNRNRNRNRNRNRNRNRNRNRNRNRNRNRNRNRNRNRNRNR SenapatiNR NRNRNRNRNRNRNRNRNRNRNRNRNRNRNRNRNRNRNRNRNRNRNRNRNRNRNRNRNRNRNRNRNRNRNRNRNR TamenglongNR NRNRNRNRNRNRNRNRNRNRNRNRNRNRNRNRNRNRNRNRNRNRNRNRNRNRNRNRNRNRNRNRNRNRNRNRNR ThoubalNR NRNRNRNRNRNRNRNRNRNRNRNRNRNRNRNRNRNRNRNRNRNRNRNRNRNRNRNRNRNRNRNRNRNRNRNRNR UkhrulNR NRNRNRNRNRNRNRNRNRNRNRNRNRNRNRNRNRNRNRNRNRNRNRNRNRNRNRNRNRNRNRNRNRNRNRNRNR MeghalayaShillong39 4442100150130120884874NR176167154NRNR6732030223328NRNR44NR44117680608043804753272187 Tura36 NR4497160NR120904974NR179NR1781871467849318203530NRNR45NR7090820587240775053272070 Jowai38 424190NRNR120874974NR165NR154NRNR8036015203330NRNR42NR4288650607347805050301660 Sohra36 4543NRNRNR130905074NR161NR148NRNRNR36018274030NRNR42NR42108651587742805850352092 Mairang38 4543NRNRNR120855074NR161NR159NRNRNR36717203530NRNR45NR45110NR608450806053302092 Nongpoh35 NR4092140NR115874974NR154152154206NR7336015203527NRNR40NR4395651608640804772321990 Khliehriat37 444297143NR113824875NR154NR154NRNRNR30330203530NRNR45NR5273677606843788247241577 WilliamnagarNR NRNRNRNRNRNRNRNRNRNRNRNRNRNRNRNRNRNRNRNRNRNRNRNRNRNRNRNRNRNRNRNRNRNRNRNRNR Nongstoin35 4040NRNRNR120905073NR165165161NRNRNR34715203528NRNR42NR41107651609842825255301590 Mawkyrwat35 4545NRNRNR120805074NR159NR150NRNRNR35016184030NRNR35NR36107714608847827740372077 MizoramAizawl50 4050901601401409550801731901601351611429352030535568NRNR50NR708765059907391NR88604083 Lunglei50 425093143143140100508013822716513613812110052330486762NRNR50NR8090608601006516012267502080 Kolasib48 404090160130127955080NR203NR12115611710045030455070NR4040NR75140659609060100NR95603845 Mamit47 NR40NRNRNRNR955080NR195NR117NRNR12042030305062NRNR45NR8887537599552924888614073 Champhai45 3545NRNRNRNR1005880NR180209165NRNR9352030476083NRNR45NR80975746010857977030694560 Serchhip45 NR50100NRNR1501005078NR143117112NR13710052030354740NRNR55NR70140633NR9653147NR85392550 Siaha55 NR491001551401451005080NRNR187154NR11010045030456097NRNR5010010012063060100921275088604095 Lawngtlai50 45501001601401401005080NR143NR132NR12111048030406080NRNR80NR801406606010080160601006040100 Hnahthial47 4545NR1471471301005080NRNRNR147NRNR12050030384080NRNR47NR90130620601006092NR90603080 Khawzawl48 37451001601301331005075NR19413716314511210046030456073NR4043NR65103610609768105NR97534798 Saitual54 4556100NR140NR1005580NRNRNR143NRNR120513304560100NRNR50NR9085NR589580NR2590582290 NagalandKohima50 4549100170130130905074NR154176154NRNRNR32020234035NRNR50NR9010069260805015010090501560 DimapurNR NRNRNRNRNRNRNRNRNRNRNRNRNRNRNRNRNRNRNRNRNRNRNRNRNRNRNRNRNRNRNRNRNRNRNRNRNR Tuensang37 3855100NRNR12010050NRNR176NR181NRNRNRNR20204535NRNR50NR50100NR5892451403090503060 Mokochung47 NR581101601401201005074NR154143165198NR8032015304530NRNR60NR70100714609645905570381852 Chumukedima40 NR3590153122103915078NR163170175168NR7931818254034NRNR40NR831276607111044107NR78363252 Mon40 NR60100NRNR1251005070NR165NR170NRNR8034018204040NRNR60NR70NRNR609050NRNR65502050 Peren38 404090NR1201201005070NR131NR120NRNR9032020235020NRNR57NR701206506096451604088562250 Phek40 5050100NR140NR1005072NR160NR170NRNRNR35020406060NRNRNRNRNRNRNRNRNRNRNRNRNRNRNRNR Tseminyu50 NR50NRNRNR1301005270NR165NR165NRNRNR38015304733NRNR53NR58100660608465NRNR1054720NR Wokha50 NR60100NRNR1201005074NR160NR165NRNRNR29015304030NRNR70NR8080630588450803590503070 Zunheboto55 NR50NR150NR1201004575NR165NR154NRNR6024018304050NRNR55NR75140650NR8260157409555NR60 Kiphire38 NR601201601401301005075NR143NR156NRNR7035020305040NRNR47NR901006516080501009070501540 Longleng38 4050NR150NR120100NRNRNRNRNRNRNRNRNRNRNRNRNRNRNRNRNRNRNRNRNRNRNRNRNRNRNRNRNRNR Niuland40 NR40NR150100120905070NR154NR153NRNR4528015254020NRNR40NR50105NR6080301104040302030 Shamator41 4060100150NR1001105080NR165NR166NRNR8236820255053NRNR60NR75127655609045NR33NR502053 Noklak40 5068100NRNR12010050NRNR165NR165NRNR80NR20NRNRNRNRNR65NR82140NR599160NR63100352050 SikkimGangtok45 3840100NRNR120905065NR187165135192NR6028020303025NRNR45NR70120680609650775060302370 Gyalshing45 384090NRNR120905065NR187165165176NR6030020253025NRNR45NR70120680608460855535271560 Namchi45 404090NRNR120955065NR187165145176NR6036023303025NRNR40NR80110749588070905060301570 Soreng45 353590NRNR120905065NR181159165NRNR6035020304025NRNR403570806515890801007070301970 Mangan45 383895NRNR130905060NR187176176NRNR6046020NRNRNRNRNR40NR70123792579680904250302370 Pakyong54 4040110NRNR130905565NR198137176176NRNR30024304025NRNR45NR70120747609645905060302380 TripuraAgartala39 NR418312311999965075NR1791701731791486022310243022NRNR41NR49997145972531003935231060 Dharmanagar35 NR45851291241051025074NR165NR155NR1517023710213226NRNR45NR4598710608048883940251462 Belonia41 NR43861281211011005078NR183NR1761811566524010253522NRNR45NR501007145975551024239281263 TR-Udaipur40 NR458412411999985176NR1811741751791546622410263524NRNR42NR501026916080601004035251260 SOUTH ZONESOUTH ZONE  Andhra PradeshVijaywadaNR NRNRNRNRNRNRNRNRNRNRNRNRNRNRNRNRNRNRNRNRNRNRNRNRNRNRNRNRNRNRNRNRNRNRNRNRNR Visakhapatnam46 444493122123115854454174179154NR16514259280152224194142464545107600555740864453331544 Kurnool58 4244821201171279243581701861351791631355633317352819383944634398729615819884753251332 Tirupathi54 4042861431291209443502082041631501641586332324293018394339424888659516363852340392542 JammalamaduguNR NRNRNRNRNRNRNRNRNRNRNRNRNRNRNRNRNRNRNRNRNRNRNRNRNRNRNRNRNRNRNRNRNRNRNRNRNR DharmavaramNR NRNRNRNRNRNRNRNRNRNRNRNRNRNRNRNRNRNRNRNRNRNRNRNRNRNRNRNRNRNRNRNRNRNRNRNRNR OngoleNR NRNRNRNRNRNRNRNRNRNRNRNRNRNRNRNRNRNRNRNRNRNRNRNRNRNRNRNRNRNRNRNRNRNRNRNRNR KarnatakaBengaluru44 4445801141121008447541591831561551661455825317221815403942454193636606728633533321347 Dharwad51 4043881171191088642541781731231201501434526826302515534553584888630587260753447361545 Mangalore52 4344821221301129042551921751461661461465320216362926406044474693611567851793136251768 Mysore45 4755791201131159144481721911971701621496732221282519485657504379593595641925645351583 Bengaluru (East Range)48 4636881301151129248561561761551611621455825519282418494042444192666606640833252311950 Belagavi45 3444791021061068448541811781121651671414225816242717553237383785460546629802960181142 Kalaburagi55 3542851201221188444601741521241301521334818615332218414238484098699605936702158201635 Tumakuru47 4243801201151138545541981921581651651475322721242010405241474385603596117832648221547 Bellary50 4241821161101058941542021911521501611435830824291917384038474397693625719822527261856 Dhavanagere55 4250821141171108645531872061551481661486029328302017515649544697600576940874145311633 Shivamogga54 42458812812811098445419818014514014413550240282023154752464552109630587231803345281545 Vijayapur50 4643901171321209543572102071581701801384324213302317343941493871625616259872827381251 Ramanagara56 444610012012210090444820219413914116014751188154233204544474243100613657540903350211550 Raichur52 4448871301301098642621771841031641661475321315272519474643444299561537337565143351747 ChamarajanagarNR NRNRNRNRNRNRNRNRNRNRNRNRNRNRNRNRNRNRNRNRNRNRNRNRNRNRNRNRNRNRNRNRNRNRNRNRNR Kolar45 3741901261161089445541781651531511531165421712252918444645464392720637639903648341747 Haveri50 45451001101351209042631701981541701651454424813353517403845464590714606530853240351535 Bagalkot50 4444821091361139342561941781181521341164424520403120NRNRNRNRNRNRNRNRNRNRNRNRNRNRNRNR Bidar44 374378108130115854152189164122123159109392841227271043585253521036035684371172351501669 Koppal41 3440819798908542551741481301371571504523315332319374442444397579607032902928291463 Mandya40 40428111712010687444616213011012814712951255153021104142454345103612527130883038171545 Yadgir40 393576100105104824458203192169153166146441901130201039534547451046706070401035135251746 Chikkamagalur42 3541911151231098943521921901461451541364719515232515434646434695614516839893979251642 Bangalore Rural43 365085130122105804549200154NR14014810555254173024125438484152124606587323643551262048 Chikkaballapur44 4642881121181128745532251791501391621425229315192918444243404495666667736803337181638 Chitradurga53 374882951161068643621872001531461451466428526302111424552455490571656270563255252265 Gadag54 424483117126887842551611461361401471334322415352415373741434383619606149853839312031 Hassan49 4858831231291168945542221921551551651386323721212322454344415495692657031854138301670 Kodagu43 36418912212210989435519017014414714913552245183030153841414744101621537137593139361545 Udupi52 4545951291331179344501811861461501741215515417263523304243443986515507339736869361972 Uttara Kannada46 464693125139124101454822518416415617214950273203728264549454545115677585452883640201968 Vijayanagara55 4448941171241159743541841801411261511394620714212010343743444469582586730624641211947 KeralaT.Puram55 4444921291281289048522422091871441721546826015NRNRNR4556485492100NR6557381103250251860 Ernakulam52 4547108140130137984656220198190NR17015261217153725275060455746102712556033803840221668 Kozhikode47 5346107142137138974653240205192NR1661566424315302926NRNR474949107721NR6641822938141370 Thrissur49 4753105129126125984554NR194192NR16815458243163226304645485750121761586445853144171576 Palakkad44 494891107109118844650216190194NR1651475620014312422525048454792698605238893240181468 Wayanad48 55491081421341311044652NR222209NR1731566524518322825NRNR506154113785736437853050181865 Kasargod48 524512715715313011545NRNRNR209NR1671446525014322421NRNR485349115797566035823344341870 Kottayam56 4648991411201251014756NR234194NR1731506823516372635NRNR515344112707646647864145291564 Pathanamthitta56 38461201391331381034753NRNR209NR1821667024715NRNRNRNRNR5157NR140692586260693148241880 AlapuzhaNR NRNRNRNRNRNRNRNRNRNRNRNRNRNRNRNRNRNRNRNRNRNRNRNRNRNRNRNRNRNRNRNRNRNRNRNRNR Kollam46 4645103140133123904652NR224189NR1701546623815422732584849506085791655653904255221865 Idukki55 475097132NR118904660NR198200NR1661467023214402640NRNR495347107749606849803338211669 Kannur50 51481081431411401014556NRNR185NR16414764273183524194545475248113738585239873551251774 Malapuram49 NR4499140144130994456253209192NR17215765233133525205555464650114747636640802741201270 PuducherryPuducherryNR NRNRNRNRNRNRNRNRNRNRNRNRNRNRNRNRNRNRNRNRNRNRNRNRNRNRNRNRNRNRNRNRNRNRNRNRNR Tamil NaduChennai58 444383123120114874540177203176NR1661407031028302827434848474892808656040912937201347 Madurai58 476683124125109924945193188193NR16918259263303731204336595151133809679222773748211262 Dindigul57 466887126120113904562NR194177NR16414959297192525133847524848101764636617973145221263 Thiruchirapalli61 496484124118113984643203197178NR16714058NR28322820385043455694710575131812346292360 Coimbatore45 474789125116114834640198175168NR16216861284272422213947505152111719616030763533181553 TirunelveliNR NRNRNRNRNRNRNRNRNRNRNRNRNRNRNRNRNRNRNRNRNRNRNRNRNRNRNRNRNRNRNRNRNRNRNRNRNR Cuddalore57 514795133121123994248179183172NR16414254293273232143751444846125691614822782548181652 Dharmapuri53 464384118117109864543217NR146NR16914554270253029144153504449110690665820903645291355 VelloreNR NRNRNRNRNRNRNRNRNRNRNRNRNRNRNRNRNRNRNRNRNRNRNRNRNRNRNRNRNRNRNRNRNRNRNRNRNR Ramanathapuram62 425479115116111984644203NR182NR1701325327828464131394449495511778769614110437NRNRNR46 Erode58 504791120122119854645209223173NR16417454288253425144145535451110742685921813236181254 Karur57 545587122127111914547220190179NR163151572971742331639NR555256113700655730863144322352 Perambalur45 NR6497121119113884544197182163NR16515359NR292725204065554857102700625019973338201361 Pudukkottai51 496588120123118NR4745211NR202NR16614660NR28402520435142505311570861NR18952642191460 Sivagangai53 466592127126119894644202NR205NR16915156290274040253953545361110763755640823040181458 Thanjavur53 475088125121120854644205198179NR16814159265273228163755484848128806675432984669311353 The nilgirisNR NRNRNRNRNRNRNRNRNRNRNRNRNRNRNRNRNRNRNRNRNRNRNRNRNRNRNRNRNRNRNRNRNRNRNRNRNR Thoothukudi51 486386120120114874652219203181NR162151603201133302235606052621107566160411004950301250 Viluppuram48 524288128105113844750172187170NR16615359NR273023155054465048105765635120882634191252 Virudhunagar61 436588117117112844945205206198NR16616556293283737224149544955107693575337813434141362 Kanniyakumari60 405382110111105784641192187159NR15714055258252824153239375240109500605924792428151341 Namakkal63 476193123122117984644210193178NR15814255NR263733234140514947120664705927773439251258 Tiruvannamalai52 516288138130113884565189183161NR16113560310273227174154474643107762NR4850853447191249 Tiruvarur64 486584119125112NR4352240146183NR15714152NR253540224650485162122863656025894937221683 TiruppurNR NRNRNRNRNRNRNRNRNRNRNRNRNRNRNRNRNRNRNRNRNRNRNRNRNRNRNRNRNRNRNRNRNRNRNRNRNR Tenkasi56 465988120129115NR4566223NR174NR15914558275223230203652555857105737646234955054281357 Nagapattinam59 466491137132127994550197190196NR15814863NR252520244050454850120791686640995060331556 Krishnagiri55 464186119121117894544202194152NR1641445531526282612384043484389640555938962654291260 Ariyalur55 NR6390119120111904744207194176NR17013760293263725205049585762122795655431892940181455 KallakurichiNR NRNRNRNRNRNRNRNRNRNRNRNRNRNRNRNRNRNRNRNRNRNRNRNRNRNRNRNRNRNRNRNRNRNRNRNRNR Kancheepuram55 526187130121120934544183187179NR16414165NR273532204259505249120720526639843142191353 Salem52 454590120140130984445187157135NRNR9748280NR352814376846444488667625533932164292442 Theni59 535883118118114854649218187156NR1431385827914313016395250507697687696532843352271255 ChengalpattuNR NRNRNRNRNRNRNRNRNRNRNRNRNRNRNRNRNRNRNRNRNRNRNRNRNRNRNRNRNRNRNRNRNRNRNRNRNR Mayiladuthurai59 506598137117122NR4645214192209NR157143603402730332045454650631238466560331035360301460 RanipetNR NRNRNRNRNRNRNRNRNRNRNRNRNRNRNRNRNRNRNRNRNRNRNRNRNRNRNRNRNRNRNRNRNRNRNRNRNR Tirupattur54 424586130125119894569199NR178NR166142552752134291537534840461217785861391026058381550 Tiruvallur55 436484137125110954540199175155NR1611416129827393516376059457096700606640763041231541 TelanganaHyderabad59 39398410811410984395216517615916516514351274212838253352425044975675767391053937192249 Karimnagar51 364181125121106814259161183137NR1631355329920312318414242504298577556945842535192240 Warangal59 42429212912011087406018019211412114713655274173035233739405538825605565371172247182628 Adilabad47 40428211311511085416015416014515014812452287202520173229394535795675565471105325212133 Suryapet52 43439112812812295385615615414315113914352269203229253352414738715775262351032540192541 Jadcherla55 3650881261271179539571771481551231491375529218363312333634533678528536331904346182334 Khammam57 41419012513011595385815515211610715413749282203531173335354933715175066301034344202537 Medchal45 4345861311151168540591651811371391651444724518NR23173735385038805405567381123047222046 Nizamabad56 39428812312312187385616916010510114913451276203431183735385238806264962721122658192735 Sangareddy60 41419112612411190406016416013411315514654273203538133441405042945545567351152447192747 LadakhLeh55 NRNR1401851501301305060NR220NRNRNRNR8048029475565NRNR68NR441224805878651033761391890 Kargil50 NR50120180130120130NRNRNRNRNRNRNRNRNRNRNRNRNRNRNRNRNRNRNRNRNRNRNRNRNRNRNRNRNRNR Commodity NameCommodity NameRiceRiceWheatAtta (Wheat)Gram DalTur/Arhar DalUrad DalMoong DalMasoor DalSugarMilk @Groundnut Oil (Packed)Mustard Oil (Packed)Vanaspati (Packed)Soya Oil (Packed)Sunflower Oil (Packed)Palm Oil (Packed)GurTea LooseSalt Pack (Iodised)PotatoOnionTomatoBajra(whole)Jowar(whole)Maida(wheat)Ragi(whole)Suji(whole)BesanDesi GheeButter(Pasteurised)EggsBrinjalBlack Pepper(whole)Coriander(whole)Cummin Seed(whole)Red Chillies(whole)Turmeric(powder)BananaGIngerGarlic  Average Price1Average Price142.94 31.3337.1987.34129.28119.09112.0588.2945.7158.77190.31168.99154145.84160.31137.9954.44270.8421.4123.7628.8321.8137.443.1541.9554.1546.3297.4645.9858.1975.0634.7887.3437.7145.3729.4816.7349.89 Maximum Price1Maximum Price164 55711401851551501306080279234209192211182120523315567100929080103100140930751201001751221056947118 Minimum Price1Minimum Price127 2227709585747237401381301031011159137150101011623223028285944045481050202514924 Modal Price1Modal Price140 283590120120110904556176165176154165140502402020252037.540405040100600607230803540301540 Source:- State civil supplies Dept.Note:- All India Consumption Weighted Average Prices of Oils w.e.f 23-Feb-2022 and Wheat and Atta w.e.f 25-Feb-2023 NR -> Not Reported Unit for Black Pepper (powder),Coriander (powder),Cummin Seed (powder),Red Chillies (powder),Turmeric (powder),Butter (Pasteurised) - Rs/100gm Unit for Eggs - Rs/Dozen Developed by:- National Informatics Centre(NIC)",,,,,,,,,,,,,,,,,,,,,,,,,,,,,,,,,,,,,,,,,,,2025-04-22
"Source:- State civil supplies Dept.Note:- All India Consumption Weighted Average Prices of Oils w.e.f 23-Feb-2022 and Wheat and Atta w.e.f 25-Feb-2023 NR -> Not Reported Unit for Black Pepper (powder),Coriander (powder),Cummin Seed (powder),Red Chillies (powder),Turmeric (powder),Butter (Pasteurised) - Rs/100gm Unit for Eggs - Rs/Dozen Developed by:- National Informatics Centre(NIC)",,,,,,,,,,,,,,,,,,,,,,,,,,,,,,,,,,,,,,,,,,,2025-04-22
Source:- State civil supplies Dept.,Note:- All India Consumption Weighted Average Prices of Oils w.e.f 23-Feb-2022 and Wheat and Atta w.e.f 25-Feb-2023,NR -> Not Reported,,,,,,,,,,,,,,,,,,,,,,,,,,,,,,,,,,,,,,,,,2025-04-22
"Unit for Black Pepper (powder),Coriander (powder),Cummin Seed (powder),Red Chillies (powder),Turmeric (powder),Butter (Pasteurised) - Rs/100gm","Unit for Black Pepper (powder),Coriander (powder),Cummin Seed (powder),Red Chillies (powder),Turmeric (powder),Butter (Pasteurised) - Rs/100gm",,,,,,,,,,,,,,,,,,,,,,,,,,,,,,,,,,,,,,,,,,2025-04-22
,Unit for Eggs - Rs/Dozen,,,,,,,,,,,,,,,,,,,,,,,,,,,,,,,,,,,,,,,,,,2025-04-22
Developed by:- National Informatics Centre(NIC),Developed by:- National Informatics Centre(NIC),,,,,,,,,,,,,,,,,,,,,,,,,,,,,,,,,,,,,,,,,,2025-04-22
,,,,,,,,,,,,,,,,,,,,,,,,,,,,,,,,,,,,,,,,,,,2025-04-22
