State,Centre,Rice,Broken Rice,Wheat,Atta (Wheat),Gram Dal,Tur/Arhar Dal,Urad Dal,Moong Dal,Masoor Dal,Sugar,Milk @,Groundnut Oil (Packed),Mustard Oil (Packed),Vanaspati (Packed),Soya Oil (Packed),Sunflower Oil (Packed),Palm Oil (Packed),Gur,Tea Loose,Salt Pack (Iodised),Potato,Onion,Tomato,Bajra (whole),Jowar (whole),Maida (wheat),Ragi (whole),Suji (whole),Besan,Desi Ghee,Butter (Pasteurised),Eggs,Brinjal,Black Pepper (whole),Coriander (whole),Cummin Seed (whole),Red Chillies (whole),Turmeric (powder),Banana,Ginger,Garlic,Date
Unit,Qty,1 Kg,1 Kg,1 Kg,1 Kg,1 Kg,1 Kg,1 Kg,1 Kg,1 Kg,1 Kg,1 ltr,1 Kg,1 Kg,1 Kg,1 Kg,1 Kg,1 Kg,1 Kg,1 Kg,1 Kg,1 Kg,1 Kg,1 Kg,1 Kg,1 Kg,1 Kg,1 Kg,1 Kg,1 Kg,1 Kg,100 gm,Dozen,1 Kg,100 gm,250 gm,100 gm,100 gm,50 gm,1 Kg,100 gm,100 gm,2025-07-03
Average Price,Average Price,42.75,,31.3,36.66,86.31,121.69,115.76,110.83,88.14,45.94,58.92,188.94,173.8,156.01,146.49,159.94,130.94,55.5,271.84,21.48,25.65,28.13,38.41,37.48,42.83,41.51,53.49,46.48,97.16,658.76,58.94,78.01,40.84,87.03,37.35,42.99,28.09,16.24,49.63,,,2025-07-03
Maximum Price,Maximum Price,63,,55,71,140,183,157,148,130,62,82,279,242,231,187,231,177,133,600,32,60,75,120,83,85,70,103,100,160,930,75,120,150,120,100,95,68,42,120,,,2025-07-03
Minimum Price,Minimum Price,23,,22,27,70,92,84,81,71,38,40,152,135,103,113,122,88,35,152,10,11,11,15,23,22,30,31,30,63,495,52,45,16,63,22,24,13,9,23,,,2025-07-03
Modal Price,Modal Price,40,,28,35,80,120,120,110,90,45,60,195,170.5,152,148,159,132,50,240,20,20,25,40,35,40,40,50,40,90,714,60,72,40,90,30,40,30,15,40,,,2025-07-03
NORTH ZONE,NORTH ZONE,,,,,,,,,,,,,,,,,,,,,,,,,,,,,,,,,,,,,,,,,,2025-07-03
Chandigarh,Chandigarh,42,,33,39,86,125,116,111,88,46,59,211,189,169,163,176,147,55,270,28,20,27,40,37,43,41,54,46,96,714,58,77,38,87,37,46,28,16,49,,,2025-07-03
Delhi,Delhi,39,,33,36,87,130,125,120,90,45,57,201,182,166,157,172,146,60,257,27,23,33,53,29,39,39,52,42,98,549,58,74,52,87,36,35,31,15,39,,,2025-07-03
Haryana,Hisar,40,,28,33,85,133,114,110,80,45,61,212,164,158,158,177,136,49,243,28,20,24,41,26,37,39,59,40,91,626,60,76,40,81,43,39,35,15,62,,,2025-07-03
Haryana,Karnal,45,,25,32,80,143,120,110,90,46,70,187,172,170,142,176,137,50,265,29,22,25,44,24,38,35,70,34,90,700,60,96,40,84,40,39,24,13,66,,,2025-07-03
Haryana,Panchkula,40,,30,41,87,135,122,116,93,47,63,196,156,129,130,136,100,54,211,27,27,40,30,26,38,32,55,40,85,607,54,70,30,80,35,40,35,20,51,,,2025-07-03
Haryana,Gurgaon,36,,29,32,86,165,115,116,80,42,56,222,153,123,129,142,104,55,227,20,17,26,20,25,37,35,37,36,92,550,58,96,35,70,37,32,26,15,65,,,2025-07-03
Himachal Pradesh,Shimla,42,,NR,35,84,130,138,115,85,48,60,220,192,170,154,NR,NR,52,230,30,30,33,40,38,NR,39,NR,40,108,666,58,66,40,85,38,42,26,17,55,,,2025-07-03
Himachal Pradesh,Mandi,38,,NR,34,81,120,130,109,82,48,50,222,193,168,152,169,NR,50,270,30,24,32,32,36,NR,35,NR,35,100,676,60,72,35,87,43,43,28,16,57,,,2025-07-03
Himachal Pradesh,Dharamshala,32,,NR,29,84,128,126,119,89,47,40,NR,192,175,170,NR,NR,51,230,28,20,30,40,32,NR,34,55,40,93,590,59,70,30,97,49,42,34,15,60,,,2025-07-03
Himachal Pradesh,Solan,36,,NR,33,79,119,125,108,81,47,57,203,191,172,148,176,NR,52,230,30,22,28,37,33,35,36,NR,37,100,611,60,80,37,87,42,37,33,19,53,,,2025-07-03
Himachal Pradesh,Una,43,,NR,30,81,117,109,101,86,46,69,NR,166,163,137,NR,NR,55,232,29,22,30,37,34,NR,34,NR,33,92,677,59,85,35,97,53,36,29,15,48,,,2025-07-03
Himachal Pradesh,Bilaspur-hp,35,,NR,34,82,120,124,113,85,47,64,NR,167,170,142,NR,NR,47,235,29,28,38,40,30,NR,35,58,35,84,692,60,84,47,86,32,32,29,12,49,,,2025-07-03
Himachal Pradesh,Chamba,35,,NR,35,81,129,120,110,84,50,55,NR,188,179,159,NR,NR,52,240,29,25,30,50,43,57,38,68,37,89,650,58,83,27,67,48,45,40,20,59,,,2025-07-03
Himachal Pradesh,Hamirpur-HP,40,,NR,33,78,119,116,109,81,47,67,NR,190,169,146,NR,NR,52,265,30,26,30,38,37,45,35,NR,35,88,495,60,75,38,85,39,37,30,15,51,,,2025-07-03
Himachal Pradesh,Kullu,40,,NR,34,83,123,117,111,87,50,40,NR,191,177,138,139,NR,46,257,30,30,30,43,NR,NR,35,NR,35,118,703,60,80,43,90,35,34,25,15,63,,,2025-07-03
Himachal Pradesh,Sirmour,40,,30,30,78,119,107,108,86,44,50,212,176,174,146,146,108,48,273,28,22,27,38,35,NR,35,NR,36,100,615,58,70,39,91,33,45,32,20,57,,,2025-07-03
Himachal Pradesh,Kinnaur,38,,NR,38,80,119,110,111,88,49,50,NR,205,175,148,NR,NR,48,290,29,30,33,48,NR,NR,40,NR,42,87,559,58,90,50,81,47,38,37,14,57,,,2025-07-03
Himachal Pradesh,Lahaul & Spiti,44,,NR,44,96,156,128,126,98,54,52,NR,197,175,NR,NR,NR,54,480,28,39,45,48,NR,NR,36,NR,36,80,600,55,73,59,85,27,33,26,15,69,,,2025-07-03
Jammu and Kashmir,Srinagar,44,,40,46,87,170,142,115,100,53,50,NR,198,150,155,175,NR,56,300,28,29,34,48,NR,NR,47,NR,44,117,663,60,70,42,88,49,67,38,16,97,,,2025-07-03
Jammu and Kashmir,Jammu,48,,31,33,84,118,115,118,92,49,51,NR,187,174,164,155,118,56,302,30,23,28,46,36,58,57,68,60,102,575,60,83,41,87,47,46,34,18,52,,,2025-07-03
Jammu and Kashmir,Poonch,50,,35,47,113,170,120,120,119,55,73,NR,196,189,187,NR,NR,50,338,31,30,34,60,NR,NR,48,NR,57,121,685,60,84,54,83,49,31,28,15,120,,,2025-07-03
Jammu and Kashmir,Kupwara,46,,38,45,103,NR,130,120,108,62,50,NR,187,176,156,178,136,52,373,30,30,40,42,NR,NR,35,NR,48,117,664,62,75,45,79,24,49,31,14,97,,,2025-07-03
Jammu and Kashmir,Udhampur,NR,,NR,NR,NR,NR,NR,NR,NR,NR,NR,NR,NR,NR,NR,NR,NR,NR,NR,NR,NR,NR,NR,NR,NR,NR,NR,NR,NR,NR,NR,NR,NR,NR,NR,NR,NR,NR,NR,,,2025-07-03
Jammu and Kashmir,Shopian,40,,44,46,107,162,123,127,102,46,46,NR,187,139,137,NR,NR,49,333,28,25,40,52,NR,NR,46,NR,58,123,690,58,73,35,100,55,50,44,15,76,,,2025-07-03
Jammu and Kashmir,Samba,60,,30,34,75,123,123,118,95,46,55,NR,176,176,154,196,132,55,300,30,23,30,50,35,60,40,65,40,100,637,62,80,50,90,42,40,30,14,58,,,2025-07-03
Jammu and Kashmir,Ramban,40,,NR,36,90,163,110,102,100,50,60,NR,209,187,165,NR,NR,55,320,30,25,30,50,40,NR,45,NR,45,100,637,60,84,45,86,60,46,31,13,60,,,2025-07-03
Jammu and Kashmir,Rajouri,NR,,NR,NR,NR,NR,NR,NR,NR,NR,NR,NR,NR,NR,NR,NR,NR,NR,NR,NR,NR,NR,NR,NR,NR,NR,NR,NR,NR,NR,NR,NR,NR,NR,NR,NR,NR,NR,NR,,,2025-07-03
Jammu and Kashmir,Kishtwar,NR,,NR,NR,NR,NR,NR,NR,NR,NR,NR,NR,NR,NR,NR,NR,NR,NR,NR,NR,NR,NR,NR,NR,NR,NR,NR,NR,NR,NR,NR,NR,NR,NR,NR,NR,NR,NR,NR,,,2025-07-03
Jammu and Kashmir,Doda,NR,,NR,NR,NR,NR,NR,NR,NR,NR,NR,NR,NR,NR,NR,NR,NR,NR,NR,NR,NR,NR,NR,NR,NR,NR,NR,NR,NR,NR,NR,NR,NR,NR,NR,NR,NR,NR,NR,,,2025-07-03
Jammu and Kashmir,Baramulla,NR,,NR,NR,NR,NR,NR,NR,NR,NR,NR,NR,NR,NR,NR,NR,NR,NR,NR,NR,NR,NR,NR,NR,NR,NR,NR,NR,NR,NR,NR,NR,NR,NR,NR,NR,NR,NR,NR,,,2025-07-03
Jammu and Kashmir,Reasi,NR,,NR,NR,NR,NR,NR,NR,NR,NR,NR,NR,NR,NR,NR,NR,NR,NR,NR,NR,NR,NR,NR,NR,NR,NR,NR,NR,NR,NR,NR,NR,NR,NR,NR,NR,NR,NR,NR,,,2025-07-03
Jammu and Kashmir,Kathua,NR,,NR,NR,NR,NR,NR,NR,NR,NR,NR,NR,NR,NR,NR,NR,NR,NR,NR,NR,NR,NR,NR,NR,NR,NR,NR,NR,NR,NR,NR,NR,NR,NR,NR,NR,NR,NR,NR,,,2025-07-03
Punjab,Amritsar,40,,28,32,83,122,130,117,92,45,55,222,180,164,154,183,NR,57,272,29,19,27,38,37,41,40,58,40,92,639,60,70,50,95,40,35,27,13,47,,,2025-07-03
Punjab,Ludhiana,38,,27,36,80,133,128,118,95,46,62,212,183,167,161,178,NR,57,285,27,19,28,30,37,48,41,62,42,97,560,57,64,38,88,37,42,23,20,47,,,2025-07-03
Punjab,Bathinda,40,,28,32,83,120,132,117,92,44,55,220,185,163,154,182,133,57,267,29,19,27,35,35,38,40,56,40,88,635,60,65,47,95,40,34,27,13,47,,,2025-07-03
Punjab,Barnala,40,,26,32,87,128,115,108,90,47,65,216,168,157,139,165,130,51,293,30,19,27,41,35,44,41,NR,40,90,663,60,67,37,92,38,37,26,15,45,,,2025-07-03
Punjab,Hoshiarpur,35,,28,34,77,116,100,106,95,49,65,210,165,173,130,133,130,53,273,25,18,19,38,40,34,40,64,41,91,611,55,69,21,101,51,45,35,15,59,,,2025-07-03
Punjab,Faridkot,40,,28,32,82,123,132,117,92,45,55,223,186,167,156,183,134,57,283,29,19,25,38,36,41,39,55,39,88,643,60,67,53,92,37,35,28,14,48,,,2025-07-03
Punjab,Mansa,40,,27,33,85,127,128,117,92,45,65,NR,165,172,152,174,134,56,277,29,20,27,38,35,41,39,62,38,93,637,60,67,40,90,41,39,28,16,50,,,2025-07-03
Punjab,Sri Muktsar Sahib,40,,27,32,80,120,122,113,92,44,63,207,160,157,134,174,128,51,280,28,21,30,40,30,52,39,73,39,87,595,60,71,50,88,35,34,24,12,49,,,2025-07-03
Punjab,Dera Bassi,40,,27,31,85,125,130,120,90,46,60,NR,164,170,159,NR,NR,53,257,28,19,23,37,40,38,35,63,40,88,637,60,72,40,97,42,39,37,17,50,,,2025-07-03
Punjab,Sangrur,40,,27,31,79,129,129,110,88,45,60,222,162,159,149,163,142,48,263,28,20,21,34,35,40,40,67,40,88,611,58,70,30,89,40,46,32,15,50,,,2025-07-03
Punjab,Ropar,40,,28,32,85,123,130,117,92,45,61,222,166,166,155,NR,137,57,273,29,20,27,37,37,42,39,57,40,88,630,60,65,40,93,40,36,27,15,48,,,2025-07-03
Punjab,Amargarh,40,,27,31,80,130,130,110,90,47,60,225,165,159,146,154,132,46,250,28,18,19,34,36,45,40,NR,40,85,604,58,72,30,95,40,49,27,15,50,,,2025-07-03
Punjab,Fatehgarh Sahib,45,,35,40,84,135,120,120,99,43,60,212,170,178,152,176,109,53,287,27,15,25,20,34,45,33,65,40,85,551,53,73,36,97,47,50,33,15,48,,,2025-07-03
Punjab,Ferozepur,42,,29,32,79,117,111,110,89,45,63,224,167,166,133,194,138,59,280,30,20,27,33,34,48,41,64,41,93,614,59,70,40,86,43,38,29,14,50,,,2025-07-03
Punjab,Kapurthala,44,,30,36,81,127,125,115,94,46,61,224,159,166,158,175,148,55,277,26,19,30,47,42,56,39,64,39,96,633,59,72,50,94,38,47,33,14,49,,,2025-07-03
Uttar Pradesh,Lucknow,38,,28,35,80,105,105,92,80,45,60,188,165,142,137,152,134,55,250,20,25,24,38,35,38,37,53,37,89,615,58,75,40,87,34,41,27,14,40,,,2025-07-03
Uttar Pradesh,Kanpur,35,,28,32,80,120,110,90,80,42,60,180,138,122,115,127,110,56,234,26,20,22,19,35,40,41,NR,30,81,580,55,72,36,100,22,40,35,19,50,,,2025-07-03
Uttar Pradesh,Varanasi,45,,27,37,83,114,121,109,80,46,66,214,177,164,170,178,148,61,260,21,22,23,59,40,59,39,NR,42,95,703,56,77,35,79,31,49,26,19,60,,,2025-07-03
Uttar Pradesh,Agra,43,,28,32,77,114,84,85,75,43,67,186,186,168,145,172,131,51,251,26,26,30,53,26,35,38,NR,40,96,712,62,88,38,94,48,39,31,16,35,,,2025-07-03
Uttar Pradesh,Jhansi,43,,27,33,83,118,109,103,83,44,57,186,167,151,132,155,111,48,223,16,22,27,35,35,38,39,52,41,92,597,57,72,35,82,33,42,30,12,40,,,2025-07-03
Uttar Pradesh,Meerut,38,,28,37,82,128,123,83,82,48,59,159,148,144,145,159,141,48,256,19,19,26,26,41,40,43,64,39,97,634,60,71,21,72,33,34,28,16,45,,,2025-07-03
Uttar Pradesh,Allahabad,35,,36,38,88,146,122,118,91,45,54,171,183,130,134,163,110,51,258,22,25,30,33,25,31,41,37,41,87,615,59,78,36,76,29,39,28,19,57,,,2025-07-03
Uttar Pradesh,Gorakhpur,37,,25,33,82,118,116,111,78,43,55,191,169,144,148,143,134,52,225,22,22,25,35,35,33,34,50,34,92,586,58,73,34,79,31,38,24,16,46,,,2025-07-03
Uttar Pradesh,Saharanpur,37,,29,32,84,123,109,111,90,43,58,NR,145,137,133,134,113,51,243,21,18,22,21,31,NR,36,NR,35,89,507,56,72,23,81,32,35,29,14,57,,,2025-07-03
Uttar Pradesh,Bareilly,33,,26,31,86,115,118,108,98,44,70,201,165,165,148,175,121,50,337,25,20,20,32,24,37,36,51,36,89,714,60,60,24,82,41,40,30,18,53,,,2025-07-03
Uttar Pradesh,Ayodhya,40,,35,28,87,118,111,116,85,45,55,170,154,152,148,161,102,50,180,22,35,40,30,40,40,42,57,48,90,651,60,72,40,85,35,32,32,18,60,,,2025-07-03
Uttar Pradesh,Moradabad,36,,25,30,80,117,110,104,82,40,54,193,162,139,153,151,138,46,237,21,19,24,31,33,45,34,56,37,76,615,54,67,30,83,27,42,27,20,56,,,2025-07-03
Uttar Pradesh,Aligarh,39,,29,33,82,117,111,106,83,43,56,183,165,148,142,153,129,51,247,20,23,25,34,40,39,38,48,42,91,613,54,74,34,85,34,41,27,16,47,,,2025-07-03
Uttar Pradesh,Mirzapur (Vindhyanchal),35,,26,32,80,107,117,109,80,45,45,170,145,127,125,128,101,55,226,20,20,20,35,28,40,35,52,39,91,636,58,77,21,85,35,45,30,15,43,,,2025-07-03
Uttar Pradesh,Banda,35,,29,36,81,109,105,96,79,46,55,209,154,154,127,167,114,52,152,17,17,16,35,30,43,34,70,37,86,551,60,69,32,89,25,36,25,17,53,,,2025-07-03
Uttar Pradesh,Azamgarh,39,,28,32,84,117,115,111,82,45,61,NR,169,133,130,129,98,55,277,23,19,20,37,37,45,42,51,43,104,653,56,67,29,76,27,50,29,18,45,,,2025-07-03
Uttar Pradesh,Gonda (Devipatan),35,,26,32,90,117,123,114,87,44,57,174,185,134,145,137,135,51,272,20,20,23,39,37,35,34,62,39,100,630,57,71,37,79,33,41,27,19,45,,,2025-07-03
Uttar Pradesh,Amethi,35,,26,35,87,127,115,105,82,46,59,183,168,156,146,143,120,53,252,24,25,25,40,40,36,41,42,45,105,676,61,81,38,80,36,51,28,18,53,,,2025-07-03
Uttar Pradesh,Barabanki,39,,28,35,85,115,120,110,85,46,58,192,156,141,137,126,115,50,218,22,21,25,34,32,36,36,43,36,107,563,58,80,39,85,29,41,30,15,45,,,2025-07-03
Uttar Pradesh,Bhadohi,31,,28,35,85,120,120,120,80,45,60,205,139,134,137,159,115,60,230,10,20,25,40,35,43,36,52,35,83,692,62,74,35,90,25,40,33,20,50,,,2025-07-03
Uttar Pradesh,Chandauli,33,,27,33,73,109,111,109,76,44,55,205,165,170,128,148,112,48,247,19,18,22,30,32,53,35,62,35,81,634,56,70,30,86,33,42,29,17,43,,,2025-07-03
Uttar Pradesh,Farrukhabad,41,,26,30,79,115,111,105,90,44,65,209,170,155,152,169,137,51,243,20,11,20,37,27,NR,35,NR,35,94,659,60,83,33,82,39,45,28,18,42,,,2025-07-03
Uttar Pradesh,Ghazipur,47,,27,36,83,111,117,115,86,46,60,188,171,153,148,158,137,52,266,18,19,22,43,36,47,42,49,41,94,663,62,77,33,85,35,31,24,20,48,,,2025-07-03
Uttar Pradesh,Jaunpur,41,,30,36,89,120,124,110,83,45,59,197,182,151,150,148,135,55,259,22,18,26,39,32,38,35,56,34,89,581,54,68,39,85,38,53,29,16,48,,,2025-07-03
Uttar Pradesh,UP-Pratapgarh,39,,28,32,85,109,120,115,84,45,49,186,166,145,145,146,131,53,255,20,19,23,NR,33,29,38,39,38,99,547,58,74,19,83,33,39,29,15,39,,,2025-07-03
Uttar Pradesh,Sambhal,38,,28,32,85,120,110,105,80,43,53,189,167,133,126,131,128,47,252,17,20,25,37,35,NR,35,NR,35,92,634,57,74,27,87,28,42,29,15,50,,,2025-07-03
Uttar Pradesh,Santkabir Nagar,40,,26,35,95,130,115,115,91,45,67,209,170,145,154,164,133,46,263,28,25,25,30,29,30,31,70,41,96,725,58,84,32,90,30,50,25,19,48,,,2025-07-03
Uttar Pradesh,Shahjahanpur,34,,26,32,74,137,102,100,90,43,57,195,188,170,168,163,156,40,242,20,13,22,32,24,32,38,52,40,97,560,55,93,20,91,28,42,30,17,43,,,2025-07-03
Uttar Pradesh,Sitapur,36,,29,35,82,129,111,110,82,44,59,188,157,144,146,148,124,53,228,17,22,28,36,25,29,36,49,40,93,591,59,72,34,80,35,40,27,15,48,,,2025-07-03
Uttar Pradesh,Sultanpur,42,,30,35,85,120,114,110,86,44,58,186,185,150,146,157,134,54,267,20,25,26,33,36,41,39,52,44,95,656,57,76,36,85,36,42,28,16,49,,,2025-07-03
Uttar Pradesh,Unnao,41,,28,31,85,118,117,108,87,45,57,188,168,152,146,157,130,53,253,20,23,23,30,35,40,39,51,40,88,554,57,71,32,85,34,40,26,16,47,,,2025-07-03
Uttar Pradesh,Ambedkar Nagar,47,,32,38,85,122,123,120,85,46,59,196,174,153,153,155,128,54,185,27,27,30,40,37,41,37,76,40,95,672,59,68,40,80,35,42,28,18,65,,,2025-07-03
Uttar Pradesh,Amroha,38,,26,33,82,123,105,96,85,47,54,176,165,142,134,173,104,50,197,22,20,21,23,35,44,40,33,41,105,639,58,76,35,81,24,43,25,17,35,,,2025-07-03
Uttar Pradesh,Baghpat,44,,NR,31,82,130,120,110,90,44,68,179,157,147,150,147,126,53,210,26,21,25,35,33,51,35,70,38,95,564,61,72,38,77,35,40,26,12,39,,,2025-07-03
Uttar Pradesh,Bijnor,38,,26,35,81,115,100,97,80,45,52,192,181,148,145,152,148,47,253,17,16,23,38,30,40,35,57,40,100,604,55,60,35,85,30,50,30,10,30,,,2025-07-03
Uttar Pradesh,Budaun,38,,26,30,85,115,102,99,90,44,61,216,155,169,150,170,131,48,279,21,15,20,33,25,47,36,67,36,93,609,59,73,30,90,30,38,25,11,44,,,2025-07-03
Uttar Pradesh,Etah,45,,29,35,80,128,110,110,90,45,58,207,170,152,156,165,113,53,270,22,16,25,25,23,NR,35,NR,38,92,679,60,72,30,97,32,40,35,18,40,,,2025-07-03
Uttar Pradesh,Fatehpur,43,,28,34,90,135,115,105,90,46,58,184,162,138,132,143,112,55,225,21,19,22,35,23,32,35,40,34,95,550,61,79,32,85,36,43,24,17,37,,,2025-07-03
Uttar Pradesh,Ghaziabad,40,,30,34,84,126,112,105,86,46,57,182,167,153,147,161,143,51,216,20,19,22,35,34,40,37,53,40,95,624,57,70,35,96,39,38,28,16,44,,,2025-07-03
Uttar Pradesh,Hardoi,42,,27,36,79,115,111,104,85,45,57,189,163,152,146,159,131,56,242,19,20,25,35,28,31,38,54,40,89,607,57,72,26,86,33,42,28,15,48,,,2025-07-03
Uttar Pradesh,Jalaun,37,,28,33,87,130,110,100,90,43,55,178,143,148,142,150,103,53,232,19,20,20,40,31,35,38,NR,38,90,580,53,73,30,76,32,47,28,15,39,,,2025-07-03
Uttar Pradesh,Kaushambi,41,,28,37,86,114,121,110,85,46,55,189,170,163,143,147,126,51,238,21,23,25,41,25,38,37,55,36,86,602,55,67,37,88,37,39,22,17,46,,,2025-07-03
Uttar Pradesh,Kushinagar,37,,28,37,82,112,115,115,80,45,67,179,165,145,163,137,134,47,204,26,18,21,41,43,43,38,52,40,102,647,61,61,41,88,25,41,33,16,46,,,2025-07-03
Uttar Pradesh,Lakhimpur Kheri,45,,28,34,84,132,110,118,80,45,57,192,156,132,138,145,108,56,226,17,21,33,33,28,34,34,63,38,88,652,58,79,33,81,34,42,32,16,49,,,2025-07-03
Uttar Pradesh,Pilibhit,36,,27,31,87,124,111,112,90,45,58,190,162,151,154,159,127,49,260,20,18,22,27,38,42,37,52,40,95,655,61,74,27,83,35,38,29,17,40,,,2025-07-03
Uttar Pradesh,Sharwasti,38,,25,35,77,102,110,117,80,45,50,181,185,156,161,NR,121,49,203,25,17,22,33,NR,NR,39,NR,40,98,567,59,78,20,87,25,30,20,15,33,,,2025-07-03
Uttar Pradesh,Siddharth Nagar,42,,28,32,80,130,119,110,85,45,59,182,169,146,145,161,132,51,233,21,17,23,NR,49,49,35,70,35,90,564,60,96,28,72,30,48,27,19,39,,,2025-07-03
Uttar Pradesh,Sonbhadra,44,,27,30,80,105,110,110,78,45,55,188,144,124,119,125,104,55,210,22,19,20,24,25,36,32,33,35,85,560,58,70,22,75,31,28,25,15,50,,,2025-07-03
Uttar Pradesh,Rampur,47,,27,30,77,114,110,105,82,45,62,189,186,142,147,154,134,50,239,24,21,24,36,30,35,33,NR,34,98,616,61,69,27,84,30,35,30,15,58,,,2025-07-03
Uttar Pradesh,Bahraich,35,,25,30,90,121,120,114,90,42,45,176,165,130,137,142,125,44,250,25,20,28,28,36,34,33,65,32,106,615,56,80,22,72,27,36,23,19,53,,,2025-07-03
Uttar Pradesh,Basti,36,,22,30,72,120,108,105,82,40,58,170,154,145,132,148,108,44,239,22,23,30,22,49,51,35,51,38,92,558,57,76,28,80,24,52,29,16,43,,,2025-07-03
Uttar Pradesh,Etawah,40,,27,32,82,120,110,105,85,45,55,203,162,139,139,145,128,55,260,18,25,28,37,26,NR,40,60,42,92,620,59,85,37,85,33,40,29,16,50,,,2025-07-03
Uttar Pradesh,Muzzafarnagar,39,,27,30,82,119,114,108,86,45,57,180,164,148,143,154,128,50,238,19,16,25,33,33,43,35,NR,35,87,506,55,59,32,76,32,40,22,13,51,,,2025-07-03
Uttar Pradesh,Chitrakoot,43,,28,35,80,107,95,95,82,46,50,177,168,159,159,171,137,54,230,15,25,30,45,27,28,35,57,42,94,597,60,84,39,81,35,46,24,15,45,,,2025-07-03
Uttar Pradesh,Hamirpur-UP,37,,27,32,76,130,118,100,77,43,58,187,148,126,143,137,137,50,221,20,25,25,39,NR,NR,35,NR,34,90,560,55,89,28,82,38,50,26,16,50,,,2025-07-03
Uttar Pradesh,Deoria,35,,26,29,79,121,111,99,82,45,58,178,161,126,134,183,120,47,223,18,25,25,43,37,42,37,51,35,90,595,60,69,37,73,29,41,27,18,38,,,2025-07-03
Uttar Pradesh,Hapur,36,,28,33,76,113,106,100,92,46,62,192,167,157,154,161,152,50,215,23,20,23,30,40,38,40,48,40,98,681,62,72,23,96,53,50,30,13,44,,,2025-07-03
Uttar Pradesh,Bulandshahr,41,,29,34,81,121,120,117,88,44,59,NR,165,159,163,155,161,43,240,19,20,30,39,29,39,35,55,35,90,542,53,72,23,91,30,42,29,15,30,,,2025-07-03
Uttar Pradesh,Kanpur Dehat,37,,27,31,79,105,107,81,83,44,57,190,152,114,139,135,107,49,195,19,19,19,33,30,37,35,50,35,84,601,58,76,33,77,30,34,27,15,37,,,2025-07-03
Uttar Pradesh,Hathras,40,,28,31,82,117,112,106,84,41,55,186,166,147,141,153,130,50,240,20,22,23,30,26,NR,37,NR,40,95,613,55,75,37,87,38,38,28,12,40,,,2025-07-03
Uttar Pradesh,Raebareli,40,,28,35,84,119,115,108,86,45,58,187,172,156,145,159,132,54,228,18,20,21,35,35,41,40,53,42,92,635,56,75,29,83,32,42,28,14,47,,,2025-07-03
Uttar Pradesh,Lalitpur,36,,28,29,85,120,100,90,88,42,56,183,145,142,137,126,118,40,255,20,20,20,44,33,38,33,55,33,92,600,57,78,28,78,31,43,27,18,32,,,2025-07-03
Uttar Pradesh,Mohaba,35,,25,31,88,100,107,98,95,45,50,176,168,154,159,192,143,35,173,21,25,11,38,33,35,32,46,33,88,NR,55,68,30,75,31,42,28,16,50,,,2025-07-03
Uttar Pradesh,Gautam Budh Nagar,38,,30,34,77,117,109,106,82,45,58,182,165,142,132,154,119,50,231,16,18,21,39,30,36,36,52,39,91,619,55,70,27,84,34,37,28,14,38,,,2025-07-03
Uttar Pradesh,Auraiya,38,,28,34,82,122,119,105,81,44,60,175,159,141,138,141,131,48,225,22,20,17,35,26,27,37,46,37,89,624,57,76,35,77,38,38,28,14,46,,,2025-07-03
Uttar Pradesh,Maharajganj,35,,28,33,81,118,117,109,80,44,57,189,169,132,142,155,131,47,213,22,20,23,35,36,44,34,51,36,91,593,58,72,37,82,34,41,30,15,50,,,2025-07-03
Uttar Pradesh,Balrampur,35,,26,35,78,105,115,110,80,45,53,167,176,145,135,154,132,57,225,15,19,25,40,35,44,34,NR,38,97,619,59,70,39,88,30,40,26,15,40,,,2025-07-03
Uttar Pradesh,Kannauj,39,,28,33,83,119,113,107,86,45,66,189,161,143,141,152,124,53,238,21,21,25,36,32,39,37,NR,35,93,579,54,72,33,84,30,47,30,18,43,,,2025-07-03
Uttar Pradesh,Mathura,38,,30,33,85,133,117,108,85,45,63,210,153,120,121,145,125,59,263,28,26,40,45,33,43,40,47,40,120,601,55,76,33,83,32,42,42,15,40,,,2025-07-03
Uttar Pradesh,Firozabad,38,,35,37,82,110,98,112,90,40,65,190,158,117,142,182,111,45,300,21,22,20,29,23,25,33,39,35,99,717,52,69,35,85,30,40,30,15,30,,,2025-07-03
Uttar Pradesh,Kasganj,44,,28,36,85,123,118,112,87,44,59,205,179,166,156,168,146,55,257,21,23,24,37,23,NR,36,NR,38,98,542,54,73,37,85,38,47,28,13,42,,,2025-07-03
Uttar Pradesh,Mainpuri,38,,30,34,88,132,120,113,88,42,63,203,188,168,158,176,144,51,260,24,22,23,21,24,25,39,40,38,105,700,55,70,35,85,47,43,25,21,36,,,2025-07-03
Uttar Pradesh,Shamli,37,,25,29,80,125,117,108,85,44,55,189,156,150,141,148,126,49,240,15,20,23,38,25,40,35,50,34,85,533,60,66,35,82,37,35,25,13,50,,,2025-07-03
Uttar Pradesh,Ballia,39,,28,34,85,119,115,109,88,45,58,191,160,143,142,146,123,50,226,22,23,24,39,31,37,36,51,37,93,624,54,72,32,82,35,44,29,17,48,,,2025-07-03
Uttar Pradesh,Mau,38,,27,33,83,120,114,109,86,45,56,192,158,145,143,147,114,54,235,22,19,23,37,NR,NR,35,NR,36,93,681,55,78,26,82,32,39,30,16,41,,,2025-07-03
Uttarakhand,Dehradun,36,,28,38,98,136,115,115,98,45,67,181,180,160,142,164,NR,57,280,30,20,25,40,34,43,40,52,40,110,692,60,76,45,110,40,45,39,15,60,,,2025-07-03
Uttarakhand,Haldwani,38,,36,33,92,132,111,109,93,44,57,195,198,180,162,174,149,52,260,28,26,29,49,30,43,52,45,41,102,600,58,80,29,100,40,53,38,15,50,,,2025-07-03
Uttarakhand,Rudrapur,38,,27,35,93,127,120,117,88,48,58,224,170,154,154,179,137,50,222,29,20,30,47,30,50,35,62,35,100,681,60,78,42,93,28,39,33,17,60,,,2025-07-03
Uttarakhand,Haridwar,43,,31,38,90,136,120,113,90,43,64,206,179,156,159,165,NR,62,290,28,14,25,36,37,NR,44,53,40,102,641,56,76,26,97,58,41,37,16,60,,,2025-07-03
WEST ZONE,WEST ZONE,,,,,,,,,,,,,,,,,,,,,,,,,,,,,,,,,,,,,,,,,,2025-07-03
Chhattisgarh,Raipur,32,,32,40,95,113,119,112,103,48,57,198,162,137,133,144,113,51,248,25,32,30,36,30,26,41,45,45,87,724,56,79,31,91,37,34,25,11,30,,,2025-07-03
Chhattisgarh,Durg,41,,41,36,82,113,103,108,82,46,55,185,154,154,163,156,150,53,223,15,25,25,31,45,45,41,60,49,100,709,57,73,32,84,51,45,32,15,48,,,2025-07-03
Chhattisgarh,Ambikapur,34,,30,33,92,117,112,109,82,41,41,200,157,174,159,159,NR,48,249,15,31,30,20,NR,NR,40,NR,32,70,598,52,80,40,78,30,60,33,15,47,,,2025-07-03
Chhattisgarh,Bilaspur-CG,51,,34,40,92,111,96,105,86,42,55,193,165,141,165,173,149,51,217,25,28,22,38,35,39,41,47,41,90,679,58,79,42,102,28,54,25,14,57,,,2025-07-03
Chhattisgarh,Jagdalpur,NR,,NR,NR,NR,NR,NR,NR,NR,NR,NR,NR,NR,NR,NR,NR,NR,NR,NR,NR,NR,NR,NR,NR,NR,NR,NR,NR,NR,NR,NR,NR,NR,NR,NR,NR,NR,NR,NR,,,2025-07-03
Chhattisgarh,Dantewada,39,,38,41,100,130,114,109,85,44,60,NR,187,152,143,156,133,57,246,20,29,30,37,42,NR,41,NR,46,103,652,59,68,41,97,49,49,21,17,61,,,2025-07-03
Chhattisgarh,Dhamtari,36,,26,42,95,135,102,107,95,45,66,198,190,130,134,134,128,55,217,24,23,27,30,52,45,41,57,45,107,751,58,73,39,84,32,35,23,15,40,,,2025-07-03
Chhattisgarh,Rajnandgaon,42,,31,38,86,122,115,110,88,44,60,205,189,170,160,176,133,55,270,22,24,26,27,30,30,38,50,38,96,680,60,70,27,79,44,42,28,16,50,,,2025-07-03
Chhattisgarh,Koriya,39,,35,39,85,127,102,112,83,42,75,206,162,154,148,168,177,47,195,25,33,33,41,35,34,46,32,58,82,693,58,83,27,78,27,38,28,17,42,,,2025-07-03
DNH and DD,Silvasa,60,,42,38,96,140,135,130,95,44,68,NR,NR,NR,NR,NR,NR,65,245,29,NR,NR,NR,NR,NR,NR,NR,NR,NR,NR,NR,NR,NR,NR,NR,NR,NR,NR,NR,,,2025-07-03
DNH and DD,Daman,55,,36,38,85,125,130,120,85,43,68,178,181,170,165,167,126,65,230,29,23,28,40,40,42,50,60,60,125,681,58,80,60,90,65,42,35,20,35,,,2025-07-03
DNH and DD,Diu,50,,39,55,87,133,133,122,100,46,65,198,214,192,187,198,142,61,400,30,24,32,42,40,46,57,75,66,111,703,62,82,55,117,42,36,40,21,52,,,2025-07-03
Goa,Panaji,58,,48,48,103,125,135,125,103,45,56,225,189,211,167,167,126,55,315,28,37,33,35,39,55,48,53,48,103,751,61,82,53,83,45,43,30,16,42,,,2025-07-03
Goa,Margao,54,,48,51,95,130,135,125,95,45,62,236,190,196,174,174,128,60,347,27,38,33,38,40,57,45,57,49,115,732,61,83,55,102,43,58,27,16,43,,,2025-07-03
Gujarat,Ahmedabad,36,,34,35,90,114,116,96,94,45,68,168,157,138,155,163,150,53,206,19,31,31,35,36,36,41,62,43,88,630,56,67,35,72,27,33,31,19,40,,,2025-07-03
Gujarat,Rajkot,34,,32,34,91,117,116,103,87,43,66,168,163,136,148,159,136,56,205,18,26,26,30,37,39,39,68,44,91,632,55,71,33,76,28,34,39,15,37,,,2025-07-03
Gujarat,Surat,34,,32,34,91,117,116,105,87,43,68,168,163,136,148,159,138,56,205,18,26,28,30,37,39,39,68,44,91,632,55,71,33,76,28,34,39,15,37,,,2025-07-03
Gujarat,Bhuj,36,,33,34,88,115,115,102,87,43,63,166,155,134,152,155,140,56,208,18,26,28,32,38,36,41,67,42,91,632,53,69,39,72,28,35,38,15,42,,,2025-07-03
Gujarat,Selamba,35,,33,36,88,118,116,106,87,44,63,168,163,137,148,160,142,55,210,19,29,28,34,36,37,38,67,42,92,634,53,67,38,76,31,33,32,17,45,,,2025-07-03
Gujarat,Waghai,35,,33,34,91,121,120,103,89,45,67,175,165,135,155,157,146,55,209,20,27,30,32,35,36,40,60,44,96,631,55,70,36,70,30,34,24,17,40,,,2025-07-03
Gujarat,Bodeli,34,,32,34,91,117,116,105,87,43,66,166,163,136,148,159,138,56,205,18,26,28,33,37,39,39,68,44,91,632,55,73,34,76,28,34,39,15,37,,,2025-07-03
Gujarat,Vapi,34,,33,34,92,118,116,104,86,43,63,167,158,134,154,158,145,52,210,18,26,28,30,38,38,38,64,44,90,627,56,68,35,76,28,34,38,17,43,,,2025-07-03
Gujarat,Bilimora,34,,35,36,87,111,111,101,89,44,64,168,159,137,155,153,149,54,205,20,31,32,31,35,37,39,62,45,95,629,54,70,35,68,31,35,25,17,41,,,2025-07-03
Gujarat,Idar,NR,,NR,NR,NR,NR,NR,NR,NR,NR,NR,NR,NR,NR,NR,NR,NR,NR,NR,NR,NR,NR,NR,NR,NR,NR,NR,NR,NR,NR,NR,NR,NR,NR,NR,NR,NR,NR,NR,,,2025-07-03
Gujarat,Jhalod,33,,32,34,90,118,116,104,87,42,66,168,163,135,148,158,138,55,203,18,26,28,32,37,37,39,67,44,90,631,54,69,33,76,28,34,38,17,37,,,2025-07-03
Gujarat,Songash,33,,33,35,87,117,117,105,87,42,63,166,159,137,151,157,143,51,205,22,30,28,31,35,39,35,60,42,87,636,56,57,35,73,31,34,30,15,42,,,2025-07-03
Madhya Pradesh,Bhopal,31,,28,32,84,112,112,106,86,44,62,171,189,187,125,178,NR,46,250,10,22,18,38,40,40,38,60,40,88,665,60,82,38,100,56,40,34,14,48,,,2025-07-03
Madhya Pradesh,Indore,42,,28,33,84,119,118,107,80,43,60,175,164,148,142,147,142,56,268,15,20,12,40,34,34,39,NR,40,82,648,60,84,40,84,34,33,21,15,32,,,2025-07-03
Madhya Pradesh,Gwalior,40,,32,35,74,126,119,110,90,45,63,210,160,172,142,178,NR,50,222,12,16,25,27,28,32,39,61,40,88,624,55,71,23,82,35,35,26,15,36,,,2025-07-03
Madhya Pradesh,Jabalpur,41,,30,36,82,115,116,110,84,44,55,186,164,137,140,156,126,48,242,16,25,22,26,35,40,42,54,45,96,643,58,75,28,86,36,37,25,15,38,,,2025-07-03
Madhya Pradesh,Rewa,32,,25,33,86,129,111,98,84,43,55,177,147,123,153,146,NR,53,237,18,21,20,NR,NR,NR,35,NR,35,85,655,57,76,25,92,27,45,30,12,41,,,2025-07-03
Madhya Pradesh,Sagar,38,,28,30,76,105,106,102,84,44,59,182,162,145,136,166,131,49,245,16,23,18,38,43,48,40,59,40,83,688,59,83,42,80,27,29,21,14,33,,,2025-07-03
Madhya Pradesh,Jhabua,39,,30,35,83,117,120,105,91,45,58,180,185,188,139,173,NR,58,284,15,28,14,39,37,45,42,57,43,89,671,NR,73,32,83,37,36,28,16,33,,,2025-07-03
Madhya Pradesh,Hoshangabad,47,,33,40,80,118,115,99,85,45,55,188,144,128,136,143,104,55,218,14,25,24,36,45,48,44,47,42,93,650,60,90,35,79,28,46,19,18,49,,,2025-07-03
Madhya Pradesh,Shahdol,35,,29,35,86,123,112,110,83,44,50,200,136,125,121,154,NR,52,210,18,20,20,40,37,33,35,50,40,95,604,58,70,30,90,30,40,27,18,35,,,2025-07-03
Madhya Pradesh,Ujjain,45,,34,37,100,125,115,109,98,48,60,166,180,175,135,178,101,45,301,29,23,20,40,41,41,40,52,40,101,714,60,71,45,110,27,53,32,18,40,,,2025-07-03
Madhya Pradesh,Morena,40,,29,34,76,118,114,114,100,46,65,220,162,146,150,148,106,46,241,14,20,20,36,29,NR,39,NR,40,90,604,61,80,28,81,36,31,28,14,40,,,2025-07-03
Madhya Pradesh,Anuppur,33,,25,34,80,100,115,115,90,46,50,220,170,150,143,141,137,52,240,14,20,20,40,41,39,36,40,47,90,736,60,80,34,90,25,34,20,13,30,,,2025-07-03
Madhya Pradesh,Bhind,40,,30,33,83,117,119,114,85,44,59,179,145,131,123,140,114,45,245,15,18,21,47,33,42,37,62,39,90,631,60,75,27,78,31,40,24,17,40,,,2025-07-03
Madhya Pradesh,Dhar,42,,26,34,86,120,117,110,96,44,58,163,172,163,137,175,88,51,210,15,20,13,38,35,35,38,51,41,90,687,58,73,27,79,29,35,19,16,36,,,2025-07-03
Madhya Pradesh,Harda,40,,29,33,81,105,119,105,90,43,60,181,187,159,148,167,NR,55,223,30,21,20,50,40,40,43,76,45,92,670,60,72,40,83,28,27,15,20,31,,,2025-07-03
Madhya Pradesh,Katni,31,,29,34,86,120,130,115,80,42,50,165,154,126,132,154,100,50,205,19,18,12,30,35,38,45,55,45,100,604,58,75,20,80,40,40,27,15,35,,,2025-07-03
Madhya Pradesh,Khandwa,38,,27,32,87,110,100,100,84,43,53,NR,NR,NR,NR,NR,NR,48,219,21,16,30,45,36,36,34,40,40,85,562,55,72,35,75,25,35,26,16,33,,,2025-07-03
Madhya Pradesh,Mandla,35,,29,38,79,108,110,108,82,44,50,197,170,137,143,176,143,50,233,30,30,27,28,45,48,44,67,45,93,601,62,80,42,93,30,40,21,12,33,,,2025-07-03
Madhya Pradesh,Rajgarh,40,,26,31,78,120,110,100,90,43,40,174,181,176,137,179,NR,50,240,10,20,18,50,NR,NR,50,NR,50,88,659,NR,80,60,82,42,38,24,15,40,,,2025-07-03
Madhya Pradesh,Sidhi,35,,27,35,75,117,100,100,80,50,60,185,176,154,143,126,115,50,250,17,20,25,50,28,40,35,54,50,90,633,54,80,40,81,31,50,25,15,50,,,2025-07-03
Madhya Pradesh,Chattarpur,37,,30,37,92,117,120,100,80,46,53,187,176,165,143,154,119,60,240,20,20,20,40,35,42,40,57,60,107,600,60,72,33,90,38,42,30,15,40,,,2025-07-03
Madhya Pradesh,Neemuch,44,,26,34,75,115,105,100,71,45,65,178,137,130,123,131,NR,50,295,10,20,20,37,44,41,41,65,41,90,564,63,72,38,75,25,42,30,15,43,,,2025-07-03
Madhya Pradesh,Burhanpur,45,,31,35,80,110,100,104,79,43,59,178,178,171,154,165,148,42,315,29,22,19,34,35,33,42,NR,49,92,709,59,83,38,89,30,39,30,14,30,,,2025-07-03
Madhya Pradesh,Narshinpur,40,,25,35,75,105,110,113,80,42,56,209,159,130,137,165,NR,40,232,12,25,20,40,40,39,50,52,50,95,634,55,75,40,80,40,35,25,15,41,,,2025-07-03
Madhya Pradesh,Raisen,40,,30,32,80,118,117,107,80,45,57,176,176,156,143,NR,NR,50,230,10,23,20,52,40,42,36,NR,44,85,687,62,77,40,90,35,33,24,19,38,,,2025-07-03
Madhya Pradesh,Sheopur,42,,26,31,80,102,105,104,80,45,60,201,174,167,126,163,NR,55,245,28,25,22,50,30,35,40,70,40,85,659,60,80,25,95,40,40,30,15,40,,,2025-07-03
Madhya Pradesh,Agar malwa,36,,25,32,73,126,110,101,92,42,58,172,166,149,147,135,NR,47,276,20,27,13,35,42,45,42,NR,45,77,636,55,68,35,88,24,26,23,15,42,,,2025-07-03
Madhya Pradesh,Umaria,34,,33,35,75,105,110,110,75,45,56,179,159,137,137,145,NR,50,233,15,20,30,40,40,NR,47,NR,47,83,602,60,74,30,83,28,47,25,15,50,,,2025-07-03
Madhya Pradesh,Shajapur,38,,28,35,83,115,112,106,85,43,57,165,172,154,143,159,NR,50,253,19,23,22,40,33,35,36,NR,45,92,670,58,80,40,85,33,33,25,15,40,,,2025-07-03
Madhya Pradesh,Dewas,41,,28,33,84,110,108,106,90,43,62,174,180,160,146,164,NR,54,225,12,28,21,36,36,39,37,57,44,92,679,59,63,36,86,39,35,25,15,39,,,2025-07-03
Madhya Pradesh,Khargone,39,,31,38,78,115,122,110,85,43,50,186,156,136,126,132,NR,49,225,16,20,20,40,40,40,40,65,40,90,640,55,84,35,85,35,40,30,15,NR,,,2025-07-03
Madhya Pradesh,Singrauli,39,,26,33,81,100,113,115,81,48,59,175,170,147,140,137,116,53,237,13,25,16,47,NR,40,35,NR,43,88,674,55,72,32,84,26,40,21,14,35,,,2025-07-03
Madhya Pradesh,Chhindwara,45,,30,34,77,122,117,118,88,44,49,191,174,138,142,161,139,43,200,10,28,18,28,37,37,38,39,43,83,731,59,72,38,94,37,37,37,19,52,,,2025-07-03
Madhya Pradesh,Sehore,40,,26,31,80,110,109,100,84,43,55,170,176,154,140,170,NR,47,185,10,25,19,19,NR,NR,48,NR,48,90,632,60,72,30,85,30,35,24,15,48,,,2025-07-03
Madhya Pradesh,MP-Ashoknagar,40,,27,28,73,122,111,99,92,43,55,177,153,156,146,146,NR,42,210,10,21,19,45,37,40,39,NR,39,90,638,56,101,41,89,38,45,25,15,38,,,2025-07-03
Madhya Pradesh,Balaghat,35,,35,40,78,100,120,112,83,45,51,176,170,159,137,159,NR,55,219,15,24,28,32,45,45,45,59,44,108,652,62,79,22,95,35,29,19,15,29,,,2025-07-03
Madhya Pradesh,Guna,40,,26,30,73,108,107,100,85,43,60,192,171,170,138,175,139,45,218,20,20,17,47,31,39,50,60,50,90,695,60,73,50,85,35,38,25,15,30,,,2025-07-03
Madhya Pradesh,Ratlam,39,,28,34,77,98,115,101,91,43,62,165,163,160,131,159,128,48,245,10,26,15,33,31,42,40,63,43,82,648,58,72,32,77,36,30,20,15,33,,,2025-07-03
Madhya Pradesh,Satna,36,,27,38,90,108,90,92,82,45,60,198,141,146,130,176,110,50,243,20,20,15,30,40,43,33,60,33,70,692,56,65,32,72,25,30,30,14,51,,,2025-07-03
Madhya Pradesh,Vidisha,40,,30,34,76,110,116,110,90,43,57,174,179,148,142,172,NR,49,217,12,20,16,43,40,40,34,67,37,85,652,60,81,40,85,30,35,28,13,40,,,2025-07-03
Madhya Pradesh,Alirajpur,35,,25,35,84,120,95,111,91,43,55,185,148,139,136,144,NR,38,242,10,23,22,47,31,32,45,NR,47,93,619,57,73,19,77,40,43,29,17,31,,,2025-07-03
Madhya Pradesh,Betul,NR,,NR,NR,NR,NR,NR,NR,NR,NR,NR,NR,NR,NR,NR,NR,NR,NR,NR,NR,NR,NR,NR,NR,NR,NR,NR,NR,NR,NR,NR,NR,NR,NR,NR,NR,NR,NR,NR,,,2025-07-03
Madhya Pradesh,Damoh,50,,30,34,81,114,108,106,82,44,61,204,164,147,150,156,NR,46,213,13,21,17,35,37,41,40,56,39,86,573,55,71,34,86,31,43,33,14,43,,,2025-07-03
Madhya Pradesh,Dindori,42,,35,37,86,102,105,100,85,44,66,209,176,152,143,154,NR,49,232,14,25,20,33,38,43,45,53,49,85,621,55,90,30,98,30,36,29,15,40,,,2025-07-03
Madhya Pradesh,Niwari,36,,25,31,76,106,86,94,78,46,60,199,171,177,149,149,NR,40,215,30,20,20,52,NR,NR,40,NR,40,97,720,60,81,27,92,33,40,27,19,35,,,2025-07-03
Madhya Pradesh,Seoni,38,,38,40,90,130,110,105,86,47,55,194,145,116,120,129,NR,47,215,11,25,25,31,40,40,36,68,42,100,651,57,81,17,78,48,36,21,15,41,,,2025-07-03
Madhya Pradesh,Panna,38,,26,36,75,125,100,95,90,42,52,178,173,128,133,124,112,53,210,11,20,17,35,40,51,35,60,45,97,651,56,75,37,70,24,35,31,12,47,,,2025-07-03
Madhya Pradesh,Tikamgarh,35,,26,30,90,125,125,95,90,44,50,205,167,142,149,147,NR,50,200,20,20,25,38,30,35,40,35,45,110,651,58,70,22,85,29,41,20,17,40,,,2025-07-03
Madhya Pradesh,Datia,45,,26,30,80,115,107,102,75,45,60,222,159,145,153,185,119,51,217,29,28,31,31,40,36,38,72,38,90,679,61,85,26,87,38,36,27,15,40,,,2025-07-03
Madhya Pradesh,Maihar,39,,29,35,90,100,95,95,82,45,55,220,164,143,148,165,113,50,205,10,20,15,35,NR,NR,40,NR,45,100,725,58,72,39,97,29,40,40,12,40,,,2025-07-03
Maharashtra,Mumbai,44,,43,56,97,132,130,125,99,50,58,216,194,185,150,160,125,84,310,28,32,32,45,42,55,51,66,55,128,679,58,75,60,112,73,53,59,19,45,,,2025-07-03
Maharashtra,Nagpur,52,,47,54,92,132,132,122,97,50,63,213,200,167,164,175,131,70,283,27,40,39,48,39,48,50,75,50,110,671,61,94,48,96,35,48,28,18,59,,,2025-07-03
Maharashtra,Pune,41,,45,54,88,141,114,115,85,45,74,193,183,167,153,163,155,54,333,32,29,27,37,41,42,39,43,40,87,525,60,83,49,78,35,42,28,17,45,,,2025-07-03
Maharashtra,Nashik,40,,39,41,85,119,119,115,95,44,56,179,209,168,146,167,145,55,317,28,32,27,30,44,57,51,56,51,98,644,58,65,63,105,53,39,30,15,37,,,2025-07-03
Maharashtra,Mangaon-Raigad,43,,42,48,90,115,125,117,96,45,56,191,174,200,133,166,141,61,355,30,31,30,40,45,50,45,54,47,103,813,60,79,60,98,55,45,31,17,67,,,2025-07-03
Maharashtra,Dharni,40,,30,36,79,114,108,118,92,44,52,192,183,164,149,186,NR,52,323,13,29,22,58,32,29,41,NR,44,92,767,61,78,38,94,30,43,21,17,45,,,2025-07-03
Maharashtra,Latur,54,,34,38,93,117,124,123,87,44,63,170,191,132,129,146,128,47,224,25,28,28,40,33,40,39,61,39,96,729,56,77,60,96,45,36,19,18,44,,,2025-07-03
Maharashtra,Akluj,49,,32,38,76,109,107,107,90,43,52,200,180,144,143,157,118,50,335,30,30,25,25,31,43,36,60,41,88,659,52,45,37,98,30,38,17,12,26,,,2025-07-03
Maharashtra,Arni Yavatmal,44,,34,36,100,135,125,114,90,41,63,170,155,125,147,122,NR,57,300,10,30,31,40,35,32,47,70,55,103,784,55,72,40,99,45,42,20,15,40,,,2025-07-03
Maharashtra,Chandrapur,36,,33,41,81,113,123,119,100,44,66,181,186,190,140,158,NR,62,244,30,30,28,28,53,57,61,52,60,105,611,59,77,22,96,36,36,33,20,70,,,2025-07-03
Maharashtra,Karad Satara,36,,37,49,87,120,118,118,92,44,70,186,182,158,150,162,146,50,293,30,NR,NR,NR,39,36,40,58,40,113,637,55,78,60,94,38,40,24,20,38,,,2025-07-03
Maharashtra,Ahemednagar,53,,44,45,84,129,124,119,99,43,53,153,158,164,147,153,142,49,249,30,31,23,29,31,35,39,44,39,108,567,58,72,44,99,29,39,24,18,25,,,2025-07-03
Maharashtra,Khultabad,51,,34,36,80,119,111,107,80,43,45,181,NR,142,135,145,135,56,303,20,32,30,36,35,34,49,NR,47,87,702,60,80,40,83,32,24,21,17,35,,,2025-07-03
Maharashtra,Islampur,NR,,40,48,85,127,129,120,90,42,70,198,181,126,143,149,121,51,343,27,38,29,20,36,39,39,43,43,106,653,60,77,NR,98,59,39,35,27,43,,,2025-07-03
Maharashtra,Kankavli,43,,38,45,91,120,119,118,97,44,58,191,194,156,146,151,130,53,342,20,29,26,37,40,39,45,46,44,98,666,54,79,48,72,47,42,22,16,58,,,2025-07-03
Maharashtra,Partur,50,,32,40,80,115,120,110,88,43,56,205,187,151,150,159,148,49,401,10,30,20,56,33,34,43,NR,47,87,775,NR,84,82,92,40,42,19,15,43,,,2025-07-03
Maharashtra,Gondia,47,,34,36,72,102,89,98,82,42,57,169,190,145,142,167,139,62,250,29,23,23,37,37,37,36,50,37,78,820,59,79,33,98,49,54,28,19,27,,,2025-07-03
Maharashtra,Jalgaon,44,,36,45,86,117,129,115,99,43,64,174,186,181,144,156,151,62,448,28,27,21,38,44,38,56,52,56,103,707,59,80,67,120,47,42,28,16,37,,,2025-07-03
Maharashtra,Akola,44,,35,45,85,116,128,115,97,44,65,181,193,165,148,160,139,58,320,26,27,27,43,38,38,47,65,48,110,723,60,72,43,87,43,48,22,16,33,,,2025-07-03
Rajasthan,Jaipur,45,,31,34,71,107,94,92,79,45,51,179,190,157,152,152,NR,44,303,14,19,23,38,26,28,45,NR,49,77,600,58,81,21,72,29,48,39,22,33,,,2025-07-03
Rajasthan,Jodhpur,41,,31,33,81,124,115,97,83,42,54,195,171,NR,NR,151,NR,48,255,22,31,30,29,NR,NR,NR,NR,NR,NR,NR,NR,NR,NR,NR,NR,NR,NR,NR,NR,,,2025-07-03
Rajasthan,Kota,44,,30,32,83,135,118,106,94,44,57,186,151,124,144,146,109,50,284,22,23,23,35,32,44,47,55,50,89,663,60,68,53,80,30,38,31,13,40,,,2025-07-03
Rajasthan,Udaipur,45,,30,35,79,105,107,103,81,47,50,187,191,159,143,159,144,47,313,25,23,18,50,35,39,35,60,39,90,569,56,77,41,89,33,32,24,14,40,,,2025-07-03
Rajasthan,Bharatpur,45,,27,33,93,120,110,109,90,44,58,198,165,133,154,NR,NR,47,297,28,20,28,28,27,30,40,65,44,82,637,60,75,21,90,37,38,25,12,40,,,2025-07-03
Rajasthan,Ajmer,42,,34,34,75,135,120,95,85,40,52,170,163,154,147,148,159,43,303,20,18,16,26,26,29,34,NR,36,94,567,56,94,43,76,36,35,NR,16,39,,,2025-07-03
Rajasthan,Bikaner,42,,32,36,88,120,120,110,80,46,51,157,157,135,145,148,153,51,240,10,23,23,26,36,40,50,NR,50,80,699,55,90,49,80,30,30,22,22,34,,,2025-07-03
Rajasthan,Bundi,57,,29,34,83,121,124,117,101,45,58,189,178,125,144,168,NR,50,340,22,20,27,25,29,38,35,73,34,110,641,60,93,37,80,34,40,33,24,40,,,2025-07-03
Rajasthan,Rajsamand,41,,28,35,88,129,114,103,78,42,56,228,159,120,131,124,NR,46,290,26,20,22,25,29,29,40,59,43,94,522,59,77,43,71,40,35,26,15,36,,,2025-07-03
Rajasthan,Alwar,44,,30,35,84,125,116,102,93,47,57,193,158,145,147,163,NR,44,326,25,24,24,28,30,40,45,56,44,84,565,56,69,30,86,41,40,25,15,46,,,2025-07-03
Rajasthan,Banswara,38,,26,33,94,132,124,101,88,41,53,170,144,143,NR,148,NR,46,277,24,34,22,30,34,37,46,49,47,97,512,57,85,36,88,48,38,36,10,38,,,2025-07-03
Rajasthan,Baran,40,,32,37,80,135,117,107,80,41,50,195,144,122,123,127,NR,41,NR,NR,22,22,15,28,32,40,37,45,89,667,55,67,40,90,35,31,34,11,37,,,2025-07-03
Rajasthan,Barmer,38,,34,34,86,125,114,95,90,43,NR,NR,153,120,132,NR,NR,44,NR,19,19,35,29,29,36,39,55,45,93,617,55,81,44,82,28,58,28,22,43,,,2025-07-03
Rajasthan,Bhilwara,51,,29,36,95,117,111,98,94,43,51,195,175,145,156,175,156,44,287,11,32,38,21,29,33,40,53,41,75,605,53,60,36,90,36,36,20,19,NR,,,2025-07-03
Rajasthan,Chhitorgarh,42,,30,33,93,119,119,107,86,43,56,202,158,134,134,137,115,45,270,20,26,25,20,29,35,40,56,45,96,582,55,78,45,90,36,55,36,24,41,,,2025-07-03
Rajasthan,Churu,35,,28,28,90,NR,110,NR,82,42,46,173,151,145,113,NR,NR,40,305,15,25,30,25,28,40,32,35,50,80,700,55,84,40,100,NR,33,40,15,40,,,2025-07-03
Rajasthan,Dholapur,41,,27,33,89,120,107,102,87,46,57,222,170,163,151,NR,NR,48,215,17,27,28,35,28,NR,38,NR,41,98,633,62,81,35,81,30,32,23,15,40,,,2025-07-03
Rajasthan,Dungarpur,44,,33,32,89,134,116,105,86,45,55,166,170,145,145,149,NR,45,275,21,32,30,27,38,38,45,80,46,90,618,55,81,42,74,34,41,36,22,43,,,2025-07-03
Rajasthan,Hanumangarh,35,,27,35,83,127,112,105,85,43,46,215,167,167,129,129,NR,40,318,21,30,34,34,NR,NR,NR,NR,NR,NR,NR,NR,NR,NR,NR,NR,NR,NR,NR,NR,,,2025-07-03
Rajasthan,Jaisalmer,40,,32,33,81,118,123,96,82,45,50,194,179,152,137,152,NR,50,260,19,40,30,45,30,34,45,62,46,97,570,62,120,38,83,37,34,23,13,42,,,2025-07-03
Rajasthan,Jalore,44,,34,34,91,113,120,105,90,42,54,198,154,127,154,157,NR,42,310,15,34,34,24,30,40,41,NR,50,96,545,60,78,47,98,41,40,29,17,43,,,2025-07-03
Rajasthan,Jhalawar,42,,29,33,84,129,114,98,85,43,55,193,163,144,148,158,NR,43,287,19,25,28,31,28,33,42,51,45,90,665,58,80,30,78,31,39,30,18,40,,,2025-07-03
Rajasthan,Jhunjhunu,43,,26,32,84,NR,NR,108,88,44,52,199,142,NR,NR,123,NR,52,NR,18,33,35,25,24,NR,41,48,44,103,565,56,76,50,100,38,42,25,20,40,,,2025-07-03
Rajasthan,Karauli,40,,24,32,84,144,115,105,94,45,52,190,141,128,129,133,101,40,312,22,19,28,19,23,22,40,37,50,106,612,60,88,38,94,33,51,22,18,39,,,2025-07-03
Rajasthan,Nagaur,35,,34,33,95,121,91,94,92,43,52,175,157,156,157,158,146,45,309,17,23,30,25,27,28,30,NR,41,93,744,NR,92,NR,101,NR,35,25,23,34,,,2025-07-03
Rajasthan,Pali,55,,33,32,91,129,128,90,75,44,57,201,167,167,163,162,NR,43,236,25,31,26,33,30,38,38,NR,47,108,507,NR,62,53,85,59,35,26,21,41,,,2025-07-03
Rajasthan,RJ-Pratapgarh,41,,28,32,70,132,107,97,83,42,45,172,167,146,152,NR,NR,45,298,19,24,26,25,33,36,39,NR,42,103,674,60,60,39,70,46,36,25,14,40,,,2025-07-03
Rajasthan,Sikar,40,,26,32,86,145,123,102,92,45,52,170,155,117,135,151,NR,45,305,21,25,33,34,24,30,41,47,44,106,558,56,56,55,90,30,43,37,22,48,,,2025-07-03
Rajasthan,Sirohi,43,,30,38,73,117,118,100,80,42,51,203,148,127,128,130,NR,49,250,17,21,28,50,26,NR,43,NR,47,92,604,62,110,55,96,26,26,25,11,47,,,2025-07-03
Rajasthan,Sri Ganganagar,45,,28,35,82,142,112,102,75,46,53,192,150,135,135,NR,NR,44,263,24,20,21,35,NR,NR,34,NR,32,78,692,NR,NR,33,81,30,31,30,24,46,,,2025-07-03
Rajasthan,Tonk,45,,27,33,77,138,100,100,80,45,54,198,159,110,NR,NR,NR,44,267,14,23,35,15,25,40,40,NR,48,110,520,58,75,35,85,40,40,35,18,40,,,2025-07-03
Rajasthan,Sawai Madhopur,48,,27,31,77,140,120,NR,98,45,55,227,156,143,143,148,NR,45,292,26,30,35,30,32,35,50,50,50,110,551,NR,72,40,90,25,54,25,25,40,,,2025-07-03
EAST ZONE,EAST ZONE,,,,,,,,,,,,,,,,,,,,,,,,,,,,,,,,,,,,,,,,,,2025-07-03
Bihar,Patna,38,,28,32,82,108,109,106,80,48,58,NR,170,151,163,176,159,47,277,26,17,26,40,NR,NR,39,NR,40,100,600,56,84,28,90,40,40,25,15,41,,,2025-07-03
Bihar,Bhagalpur,NR,,NR,NR,NR,NR,NR,NR,NR,NR,NR,NR,NR,NR,NR,NR,NR,NR,NR,NR,NR,NR,NR,NR,NR,NR,NR,NR,NR,NR,NR,NR,NR,NR,NR,NR,NR,NR,NR,,,2025-07-03
Bihar,Purnia,38,,31,36,73,102,109,104,77,48,51,NR,171,158,160,NR,116,44,324,18,18,19,33,58,60,42,61,44,110,630,55,82,32,97,36,34,25,17,48,,,2025-07-03
Bihar,Darbhanga,40,,27,42,78,92,115,110,80,46,58,NR,187,170,159,NR,121,46,200,30,22,25,50,54,55,30,42,32,100,659,60,72,30,90,32,38,26,25,40,,,2025-07-03
Bihar,Gaya,33,,26,38,81,126,106,108,82,45,60,NR,181,135,144,142,120,55,340,25,23,23,40,NR,NR,35,NR,39,110,675,59,81,25,84,33,37,23,16,53,,,2025-07-03
Bihar,Muzzafarpur,40,,29,33,81,111,116,111,81,47,57,NR,181,164,166,197,138,52,287,27,21,21,36,49,47,33,45,35,101,600,57,83,29,89,36,40,25,14,47,,,2025-07-03
Bihar,Saran,39,,26,36,80,106,108,108,82,45,58,NR,178,174,173,185,NR,46,306,26,22,22,45,44,58,38,61,38,103,660,58,67,41,81,36,43,29,17,39,,,2025-07-03
Bihar,Munger,38,,27,34,91,145,112,121,81,44,57,NR,135,NR,NR,NR,NR,46,240,28,14,34,18,NR,NR,34,NR,40,100,584,60,79,29,92,54,40,39,16,55,,,2025-07-03
Bihar,Saharsa,40,,30,35,92,143,115,107,83,45,55,NR,168,136,137,NR,NR,52,272,21,19,31,29,NR,NR,40,NR,37,93,684,55,74,40,95,52,47,37,11,40,,,2025-07-03
Bihar,Madhubani,39,,29,34,83,138,116,111,82,46,55,216,166,160,160,169,128,45,273,21,21,28,23,NR,NR,33,48,35,109,619,57,69,24,82,32,33,24,11,47,,,2025-07-03
Bihar,Rohtas (Sasaram),32,,35,38,81,105,102,98,85,51,66,199,188,178,159,185,131,54,220,28,23,27,51,38,59,37,54,40,100,696,60,82,47,79,27,35,17,14,36,,,2025-07-03
Bihar,Motihari,42,,29,33,81,110,111,108,82,44,55,192,168,186,180,191,159,45,265,18,20,18,44,32,31,34,49,33,108,592,53,75,25,79,29,43,24,19,31,,,2025-07-03
Bihar,Samastipur,38,,28,35,85,140,117,114,77,45,54,165,176,130,124,150,117,53,303,26,21,24,29,30,38,34,73,37,95,617,57,93,40,97,25,76,25,11,50,,,2025-07-03
Bihar,Katihar,40,,32,35,93,128,129,109,80,46,59,NR,183,127,133,146,NR,48,305,20,23,34,26,NR,NR,33,NR,34,110,593,NR,72,38,98,22,50,20,13,NR,,,2025-07-03
Bihar,Araria,32,,25,35,80,140,120,110,80,46,60,NR,176,154,165,198,132,50,320,20,17,20,40,60,60,35,65,50,100,604,60,75,30,90,25,40,30,13,45,,,2025-07-03
Bihar,Nawada,NR,,NR,NR,NR,NR,NR,NR,NR,NR,NR,NR,NR,NR,NR,NR,NR,NR,NR,NR,NR,NR,NR,NR,NR,NR,NR,NR,NR,NR,NR,NR,NR,NR,NR,NR,NR,NR,NR,,,2025-07-03
Bihar,Khagaria,42,,28,34,81,105,128,110,84,47,42,NR,164,152,167,161,153,42,375,29,22,20,43,NR,NR,40,NR,40,110,617,55,76,28,90,25,50,30,14,30,,,2025-07-03
Bihar,Banka,40,,31,37,85,125,104,105,74,45,58,NR,176,157,167,168,123,41,218,15,17,30,17,NR,NR,35,NR,39,99,640,55,80,40,83,35,40,30,10,40,,,2025-07-03
Bihar,Arwal,36,,30,35,81,144,115,111,79,43,56,NR,179,176,170,178,117,48,280,26,20,30,29,NR,NR,32,NR,36,100,659,55,95,32,80,25,40,24,15,41,,,2025-07-03
Bihar,Aurangabad,NR,,NR,NR,NR,NR,NR,NR,NR,NR,NR,NR,NR,NR,NR,NR,NR,NR,NR,NR,NR,NR,NR,NR,NR,NR,NR,NR,NR,NR,NR,NR,NR,NR,NR,NR,NR,NR,NR,,,2025-07-03
Bihar,Begusarai,37,,29,35,74,104,110,105,75,45,55,239,171,168,160,159,139,46,262,14,16,21,35,52,42,35,52,37,108,623,58,78,39,96,25,32,20,17,35,,,2025-07-03
Bihar,Bhojpur Ara,43,,24,28,80,100,105,95,77,46,52,203,198,142,145,151,NR,56,362,30,20,23,35,NR,NR,31,NR,33,100,681,60,80,22,80,45,45,32,14,47,,,2025-07-03
Bihar,Buxar,29,,27,31,80,102,100,102,80,44,60,198,180,172,168,177,142,40,340,25,18,19,35,41,51,31,55,32,82,703,60,84,23,84,39,30,24,20,40,,,2025-07-03
Bihar,Gopalganj,37,,26,35,81,120,108,106,80,43,55,187,167,150,145,152,114,48,233,29,21,20,39,43,44,39,43,40,118,659,56,66,33,86,43,40,36,11,54,,,2025-07-03
Bihar,Jamui,39,,28,33,78,103,112,113,75,45,60,NR,165,148,161,NR,129,46,242,28,18,23,29,39,58,41,48,43,101,623,60,90,20,86,26,36,26,16,50,,,2025-07-03
Bihar,Jehanabad,28,,29,32,81,113,111,108,75,45,55,NR,196,185,164,NR,NR,51,244,24,18,23,37,NR,NR,39,NR,40,97,660,54,100,19,83,24,40,21,15,55,,,2025-07-03
Bihar,Kaimur,35,,27,32,79,109,110,109,79,47,57,222,189,183,165,167,126,53,214,20,17,25,45,39,39,35,NR,39,87,714,60,81,37,82,30,32,20,15,67,,,2025-07-03
Bihar,Kishanganj,42,,30,36,80,120,120,110,80,45,59,NR,156,161,154,170,126,58,300,24,24,23,49,38,60,36,NR,45,95,598,60,83,33,90,34,30,18,12,52,,,2025-07-03
Bihar,Lakhisarai,40,,30,36,74,145,114,115,90,47,59,NR,154,129,142,NR,129,45,257,27,20,28,22,55,60,45,42,45,105,611,60,95,16,85,35,38,29,15,40,,,2025-07-03
Bihar,Medhepura,39,,29,36,81,111,113,109,81,47,57,NR,166,159,164,166,133,47,293,19,23,27,31,NR,NR,35,NR,35,103,619,57,80,33,85,33,37,29,14,43,,,2025-07-03
Bihar,Nalanda,35,,32,34,87,138,123,116,83,43,61,213,145,125,118,159,NR,47,385,28,21,24,30,50,70,32,60,36,110,604,58,82,40,90,35,48,41,NR,NR,,,2025-07-03
Bihar,Sheikhpura,38,,30,35,93,124,114,115,80,44,56,NR,145,130,136,137,122,50,245,27,16,25,30,45,NR,38,51,40,110,640,58,70,25,95,30,30,40,13,40,,,2025-07-03
Bihar,Sheohar,39,,27,32,79,118,121,112,76,45,58,170,172,156,171,181,127,50,232,24,22,24,29,NR,NR,36,41,39,109,670,55,75,18,82,27,40,19,13,57,,,2025-07-03
Bihar,Sitamarhi,23,,26,27,71,100,103,101,77,47,62,NR,165,154,170,179,138,46,223,28,20,20,57,42,51,33,35,31,95,711,58,74,37,79,29,25,13,10,47,,,2025-07-03
Bihar,Siwan,32,,26,30,74,94,102,94,73,47,60,174,163,155,168,157,146,52,210,27,23,20,21,47,43,33,51,35,88,742,61,66,26,76,31,41,27,14,48,,,2025-07-03
Bihar,Supaul,39,,29,36,79,121,115,111,76,46,55,NR,174,128,NR,NR,119,46,265,12,17,18,29,NR,NR,35,NR,35,108,580,58,84,28,80,26,56,35,15,53,,,2025-07-03
Bihar,Vaishali,NR,,NR,NR,NR,NR,NR,NR,NR,NR,NR,NR,NR,NR,NR,NR,NR,NR,NR,NR,NR,NR,NR,NR,NR,NR,NR,NR,NR,NR,NR,NR,NR,NR,NR,NR,NR,NR,NR,,,2025-07-03
Bihar,West Champaran,38,,28,34,81,120,120,110,81,44,56,205,188,167,155,178,113,45,260,20,22,22,49,35,41,33,45,39,105,567,54,76,38,91,51,55,27,17,47,,,2025-07-03
Jharkhand,Ranchi,43,,37,35,80,114,114,109,80,46,58,250,182,152,159,168,132,51,237,28,22,24,47,35,35,38,35,49,113,595,59,84,40,90,50,50,30,15,52,,,2025-07-03
Jharkhand,Gumla,40,,26,36,83,100,98,105,80,48,57,176,176,187,132,154,110,47,213,15,19,16,25,NR,NR,NR,NR,NR,NR,NR,NR,NR,NR,NR,NR,NR,NR,NR,NR,,,2025-07-03
Jharkhand,Sahibganj,45,,38,40,100,145,130,105,90,48,60,165,181,161,170,159,121,55,250,20,18,25,45,40,NR,45,60,40,108,659,56,80,30,70,30,33,27,13,40,,,2025-07-03
Jharkhand,Bokaro,34,,35,37,86,155,100,110,86,46,57,189,172,160,164,182,145,51,322,25,24,28,38,NR,NR,33,NR,40,100,709,55,89,25,81,28,42,25,13,60,,,2025-07-03
Jharkhand,Lohardaga,36,,31,36,85,110,125,110,80,45,61,NR,155,129,140,152,127,44,203,26,20,25,30,NR,NR,38,31,40,90,651,56,73,25,80,42,30,27,11,38,,,2025-07-03
Jharkhand,Simdega,48,,NR,39,93,96,98,100,76,48,60,NR,182,166,184,171,158,50,255,27,30,25,34,NR,NR,NR,NR,NR,NR,NR,NR,NR,NR,NR,NR,NR,NR,NR,NR,,,2025-07-03
Jharkhand,Dhanbad,40,,34,36,78,109,115,107,81,46,59,242,175,152,167,181,132,51,250,25,20,24,43,35,51,37,50,40,94,714,57,76,42,89,34,41,33,18,46,,,2025-07-03
Jharkhand,Jamshedpur (East Singbhum),40,,35,38,100,135,125,120,90,NR,NR,NR,NR,NR,NR,NR,NR,NR,NR,NR,NR,NR,NR,NR,NR,NR,NR,NR,NR,NR,NR,NR,NR,NR,NR,NR,NR,NR,NR,,,2025-07-03
Jharkhand,Giridhi,34,,31,36,82,106,102,105,75,43,55,NR,192,165,144,164,137,40,300,19,25,28,55,41,35,38,37,46,90,600,60,96,33,90,29,41,25,15,55,,,2025-07-03
Jharkhand,Seraikella,38,,31,39,79,114,121,113,75,46,60,187,174,155,140,145,109,53,207,25,19,25,30,42,NR,37,NR,40,97,600,60,86,31,85,31,37,28,13,52,,,2025-07-03
Jharkhand,West Singhbhum,37,,29,36,84,119,124,116,79,46,60,202,178,166,154,169,117,53,242,24,21,35,NR,42,50,33,49,34,94,625,58,89,41,77,30,31,24,10,50,,,2025-07-03
Jharkhand,Daltonganj,36,,26,37,98,111,116,114,101,48,57,NR,178,145,158,NR,136,56,270,20,NR,NR,NR,NR,NR,42,54,41,115,622,61,98,38,93,36,39,27,16,35,,,2025-07-03
Jharkhand,Deoghar,40,,35,36,90,110,120,110,80,48,60,176,175,176,154,176,132,50,300,30,18,25,30,50,50,45,60,55,100,769,60,80,30,90,40,40,30,18,40,,,2025-07-03
Jharkhand,Ramgarh,38,,36,38,NR,118,114,112,79,47,NR,NR,176,162,168,201,157,46,279,25,20,25,38,NR,NR,31,NR,40,108,590,58,77,27,83,28,58,27,12,39,,,2025-07-03
Jharkhand,Pakur,56,,41,45,80,117,105,102,89,48,61,236,178,165,148,185,163,65,290,30,20,23,45,41,41,49,46,62,115,622,60,79,53,99,24,34,24,15,50,,,2025-07-03
Jharkhand,Jamtara,NR,,NR,NR,NR,NR,NR,NR,NR,NR,NR,NR,NR,NR,NR,NR,NR,NR,NR,NR,NR,NR,NR,NR,NR,NR,NR,NR,NR,NR,NR,NR,NR,NR,NR,NR,NR,NR,NR,,,2025-07-03
Jharkhand,Latehar,39,,26,36,79,109,108,99,77,52,60,175,173,164,163,NR,130,46,193,30,26,31,57,NR,NR,37,NR,53,108,719,57,79,33,82,43,33,25,14,62,,,2025-07-03
Jharkhand,Godda,41,,29,36,90,130,128,123,90,48,63,198,181,161,165,165,143,60,280,30,20,25,50,NR,NR,40,NR,45,100,677,60,90,40,100,38,38,30,19,43,,,2025-07-03
Jharkhand,Koderma,39,,31,34,82,105,112,108,80,46,65,203,179,147,160,193,133,55,203,29,24,21,49,NR,NR,37,NR,38,92,715,65,81,57,82,34,37,20,13,63,,,2025-07-03
Odisha,Bhubaneshwar,38,,36,46,78,102,100,102,80,48,54,NR,189,127,NR,160,140,55,230,27,20,30,40,NR,NR,38,49,42,90,NR,NR,80,60,85,34,30,20,17,50,,,2025-07-03
Odisha,Cuttack,41,,36,46,76,97,101,91,77,49,54,NR,186,133,NR,162,116,59,260,28,21,26,42,41,42,39,51,42,100,743,NR,80,52,86,NR,39,24,15,57,,,2025-07-03
Odisha,Sambalpur,40,,40,45,75,98,95,97,75,48,54,NR,188,132,NR,159,116,48,240,28,20,25,40,40,45,36,50,37,90,671,NR,72,40,90,35,35,30,15,60,,,2025-07-03
Odisha,Rourkela,36,,36,36,78,101,99,100,78,46,54,NR,181,137,130,164,138,51,180,26,23,24,40,37,37,40,40,42,91,529,58,76,48,81,30,36,22,15,48,,,2025-07-03
Odisha,Berhampur,37,,35,40,95,123,122,105,75,47,53,NR,188,169,NR,170,157,49,245,27,24,26,NR,NR,NR,38,48,50,NR,703,53,70,60,84,35,48,29,14,46,,,2025-07-03
Odisha,Jeypore,45,,38,38,80,100,98,100,80,46,54,NR,184,137,137,163,130,50,237,29,20,25,40,40,40,38,45,42,80,736,60,75,40,75,30,35,20,12,49,,,2025-07-03
Odisha,Balasore,38,,41,45,76,102,98,93,76,46,54,NR,185,159,NR,158,118,56,240,28,18,27,30,NR,NR,41,NR,42,93,620,57,83,47,93,28,40,28,11,45,,,2025-07-03
Odisha,Baripada,37,,37,42,82,107,109,96,78,47,52,NR,167,159,NR,166,132,54,245,26,19,25,30,35,NR,41,44,42,102,630,58,78,39,89,28,45,28,14,61,,,2025-07-03
Odisha,Balangir,39,,37,38,80,102,100,102,80,46,54,NR,187,135,NR,159,114,55,NR,29,23,25,50,NR,NR,38,NR,43,90,714,60,80,77,77,27,35,20,15,40,,,2025-07-03
Odisha,Angul,40,,NR,46,77,120,107,107,78,45,52,NR,171,176,NR,163,146,42,337,28,20,30,40,NR,56,43,50,44,103,714,58,82,38,81,41,42,31,15,40,,,2025-07-03
Odisha,Boudhgarh,32,,38,45,79,153,125,117,90,42,55,NR,187,119,NR,172,163,48,NR,27,30,30,24,NR,NR,NR,NR,43,73,651,57,84,25,100,40,32,NR,NR,40,,,2025-07-03
Odisha,Dhenkanal,40,,35,44,78,100,92,90,78,48,54,NR,187,143,NR,165,143,53,393,29,19,26,28,50,NR,36,49,44,87,696,58,84,40,81,34,32,20,12,45,,,2025-07-03
Odisha,Jagatsinghpur,33,,35,38,80,100,110,110,80,46,56,NR,181,175,NR,162,115,45,240,25,17,25,40,NR,NR,38,NR,38,105,600,58,72,57,81,38,32,21,13,60,,,2025-07-03
Odisha,Kandhamal,35,,40,48,82,120,115,110,76,47,58,NR,172,176,NR,156,137,52,NR,27,20,25,20,NR,NR,43,44,45,90,689,58,70,25,90,35,33,29,10,50,,,2025-07-03
Odisha,Keonjhar,NR,,NR,NR,NR,NR,NR,NR,NR,NR,NR,NR,NR,NR,NR,NR,NR,NR,NR,NR,NR,NR,NR,NR,NR,NR,NR,NR,NR,NR,NR,NR,NR,NR,NR,NR,NR,NR,NR,,,2025-07-03
Odisha,Malkangiri,43,,35,40,88,115,115,110,83,45,55,NR,196,154,NR,156,126,56,374,22,22,32,20,NR,NR,38,35,40,76,699,57,80,35,80,34,41,22,14,45,,,2025-07-03
Odisha,Nabarangpur,55,,35,50,90,110,119,114,87,45,65,152,174,161,128,144,130,57,400,27,19,23,32,40,40,48,40,60,120,762,61,71,30,107,25,27,21,15,60,,,2025-07-03
Odisha,Nayagarh,40,,NR,42,85,117,118,110,85,46,52,NR,179,181,NR,164,133,58,340,26,20,25,42,NR,NR,38,43,43,85,651,57,84,67,85,33,44,24,14,40,,,2025-07-03
Odisha,Nuapada,NR,,NR,NR,NR,NR,NR,NR,NR,NR,NR,NR,NR,NR,NR,NR,NR,NR,NR,NR,NR,NR,NR,NR,NR,NR,NR,NR,NR,NR,NR,NR,NR,NR,NR,NR,NR,NR,NR,,,2025-07-03
Odisha,Paralakhemundi Gajapati,54,,NR,43,NR,116,NR,106,NR,44,NR,NR,181,148,NR,149,NR,54,188,25,20,25,31,42,59,45,54,45,63,637,61,70,30,104,31,40,20,16,56,,,2025-07-03
Odisha,Puri,39,,NR,42,81,109,106,100,79,47,54,NR,176,169,NR,157,131,58,280,24,19,24,33,NR,NR,41,NR,43,91,675,61,75,50,89,36,42,25,15,48,,,2025-07-03
Odisha,Rayagada,42,,35,49,83,104,110,105,80,NR,NR,176,177,143,NR,165,122,NR,NR,NR,22,27,40,NR,NR,48,35,49,88,734,61,78,53,83,34,35,26,11,45,,,2025-07-03
Odisha,Sonepur,36,,NR,41,80,110,101,105,80,46,44,NR,188,165,NR,166,117,50,NR,10,18,18,30,NR,NR,40,NR,51,101,718,60,84,29,88,29,28,18,9,50,,,2025-07-03
Odisha,Bhadrak,36,,NR,41,87,110,112,110,79,47,58,NR,179,176,NR,162,139,55,288,28,18,23,40,44,NR,37,63,39,85,740,60,74,60,80,37,32,24,15,42,,,2025-07-03
Odisha,Jharsuguda,40,,44,41,85,107,103,111,80,46,54,NR,181,143,127,169,119,50,NR,30,25,27,50,39,44,44,58,46,100,692,60,72,60,92,38,39,27,21,43,,,2025-07-03
Odisha,Kendrapara,37,,36,44,84,105,104,100,85,44,54,NR,171,150,NR,154,133,51,278,28,18,23,40,NR,NR,40,59,43,87,690,60,71,55,84,29,36,22,14,50,,,2025-07-03
Odisha,Jajpur,38,,40,48,80,100,108,90,80,48,56,NR,176,181,NR,152,121,55,NR,25,19,25,40,NR,NR,36,NR,41,110,659,54,84,58,85,36,40,22,13,60,,,2025-07-03
Odisha,Kalahandi,40,,37,49,82,114,115,110,84,46,53,NR,176,159,NR,166,139,51,393,28,21,24,47,NR,NR,40,37,49,100,628,NR,84,38,82,26,31,23,13,50,,,2025-07-03
West Bengal,Kolkata,52,,NR,38,82,117,120,115,105,49,58,NR,179,169,155,169,114,70,267,29,20,32,59,NR,NR,37,NR,59,102,775,62,86,85,86,37,30,23,19,59,,,2025-07-03
West Bengal,Siliguri,38,,35,41,89,136,149,112,92,46,61,202,176,154,146,168,127,57,194,15,23,32,36,36,42,44,55,49,96,679,55,92,37,89,51,41,21,13,46,,,2025-07-03
West Bengal,Purulia,37,,NR,38,85,118,111,105,92,45,57,177,174,158,149,173,145,53,281,27,16,22,45,NR,NR,48,NR,58,114,651,61,73,52,84,34,46,37,20,55,,,2025-07-03
West Bengal,Kharagpur,44,,34,42,84,112,108,118,100,53,61,221,183,148,139,173,117,59,268,28,22,26,25,NR,NR,44,NR,42,94,743,56,81,36,84,33,40,21,15,68,,,2025-07-03
West Bengal,Rampurhat,46,,32,40,87,145,123,115,97,45,56,199,163,148,151,154,110,52,271,22,18,29,36,NR,NR,41,NR,47,82,637,60,72,38,95,37,40,40,14,36,,,2025-07-03
West Bengal,Malda,45,,30,44,94,142,119,120,100,48,58,NR,171,NR,137,146,121,62,318,20,19,26,53,NR,NR,39,NR,60,102,594,62,84,53,100,45,36,31,15,60,,,2025-07-03
West Bengal,Raiganj,NR,,NR,NR,NR,NR,NR,NR,NR,NR,NR,NR,NR,NR,NR,NR,NR,NR,NR,NR,NR,NR,NR,NR,NR,NR,NR,NR,NR,NR,NR,NR,NR,NR,NR,NR,NR,NR,NR,,,2025-07-03
West Bengal,Alipurduar,37,,NR,46,91,132,105,109,88,46,64,NR,167,NR,142,179,117,67,237,12,18,33,38,NR,NR,37,NR,41,85,665,63,81,32,88,34,36,24,12,47,,,2025-07-03
West Bengal,Asansol,51,,NR,38,77,109,115,112,77,47,65,NR,167,152,154,163,150,51,300,26,18,25,27,NR,NR,37,NR,48,97,712,58,77,42,73,42,32,33,13,43,,,2025-07-03
West Bengal,Balurghat,47,,29,39,90,123,123,103,97,46,51,NR,175,159,147,173,128,46,350,28,19,22,50,NR,NR,52,NR,45,82,586,59,84,42,93,39,34,24,15,60,,,2025-07-03
West Bengal,Bankura,40,,NR,35,85,124,121,115,93,47,60,NR,186,144,134,170,132,58,285,18,16,25,33,NR,NR,35,NR,58,91,577,62,79,41,92,31,32,25,12,39,,,2025-07-03
West Bengal,Barasat,52,,33,41,94,124,116,113,96,46,53,179,178,180,153,165,141,58,260,26,19,28,50,56,55,39,65,53,69,624,56,81,73,81,32,28,23,12,33,,,2025-07-03
West Bengal,Bardhaman,52,,NR,40,81,108,112,105,105,47,58,224,180,164,133,169,135,49,277,27,16,24,46,NR,NR,37,NR,43,71,699,59,84,60,92,35,31,24,12,58,,,2025-07-03
West Bengal,Baruipur,36,,NR,37,80,144,122,112,88,46,56,NR,162,144,146,152,119,53,257,28,21,25,47,NR,NR,37,NR,36,NR,598,57,72,45,71,36,51,25,13,32,,,2025-07-03
West Bengal,Berhampore,48,,30,40,90,135,124,115,98,48,60,NR,181,160,156,170,142,55,250,24,21,29,51,NR,NR,35,NR,58,90,571,58,72,60,88,30,31,25,13,33,,,2025-07-03
West Bengal,Chinsurah,54,,NR,37,82,114,125,113,103,48,56,212,158,147,152,159,110,52,266,28,17,24,28,55,54,36,56,62,84,577,60,72,40,90,31,34,28,18,56,,,2025-07-03
West Bengal,Cooch behar,48,,NR,39,99,143,120,116,100,48,60,NR,181,154,142,166,137,70,300,30,20,35,35,55,55,39,49,40,119,659,60,80,25,84,44,33,30,15,55,,,2025-07-03
West Bengal,Howrah,57,,NR,39,100,116,120,116,108,51,62,NR,191,200,170,177,NR,65,265,30,18,25,41,NR,NR,NR,NR,55,117,690,58,84,80,83,31,33,31,16,57,,,2025-07-03
West Bengal,Jalapiguri,40,,32,45,89,128,135,111,103,55,78,NR,178,143,161,179,108,58,300,28,22,31,49,NR,NR,33,NR,53,102,707,59,72,38,100,52,36,27,15,62,,,2025-07-03
West Bengal,Jhargram,47,,NR,39,95,129,121,120,98,46,60,NR,170,164,155,175,131,48,281,28,19,25,41,NR,NR,35,NR,60,70,671,59,84,52,80,48,55,29,14,64,,,2025-07-03
West Bengal,Kalimpong,44,,35,35,81,151,125,118,99,46,67,NR,174,136,141,181,NR,62,387,16,26,33,51,NR,NR,39,44,41,99,722,NR,90,66,101,70,50,31,19,46,,,2025-07-03
West Bengal,Krishnagar,43,,NR,37,95,157,107,108,103,45,54,NR,174,156,151,151,144,45,246,26,21,30,53,NR,NR,35,NR,55,NR,557,55,77,65,79,25,31,31,17,40,,,2025-07-03
West Bengal,Tamluk,53,,NR,48,100,128,122,123,109,49,58,NR,177,NR,139,168,NR,56,297,28,22,33,52,NR,NR,38,NR,59,113,729,62,78,73,89,35,35,28,14,50,,,2025-07-03
NORTH EAST ZONE,NORTH EAST ZONE,,,,,,,,,,,,,,,,,,,,,,,,,,,,,,,,,,,,,,,,,,2025-07-03
Andaman and Nicobar,Port Blair,55,,NR,50,92,122,130,125,95,55,72,NR,183,198,NR,165,154,75,330,20,45,50,65,70,70,60,70,70,110,747,60,96,150,100,49,40,30,15,60,,,2025-07-03
Andaman and Nicobar,Mayabunder,53,,NR,68,97,122,131,122,100,57,74,213,189,220,NR,165,154,77,370,21,60,65,95,NR,NR,62,99,90,140,769,60,120,130,92,40,37,25,15,40,,,2025-07-03
Andaman and Nicobar,Car Nicobar,54,,NR,71,122,170,155,131,101,55,73,279,NR,182,NR,170,148,78,323,20,55,60,70,NR,NR,70,64,82,119,930,60,108,NR,94,43,47,38,22,78,,,2025-07-03
Arunachal pradesh,Itanagar,39,,NR,44,95,152,130,118,90,50,74,NR,198,176,153,184,NR,74,400,16,25,35,33,NR,NR,45,NR,52,99,702,57,83,40,79,57,53,30,17,69,,,2025-07-03
Arunachal pradesh,Namsai,37,,NR,45,90,140,120,120,97,50,74,NR,154,NR,186,154,NR,80,280,15,30,35,60,NR,NR,40,NR,60,120,660,59,96,20,80,50,30,30,18,NR,,,2025-07-03
Arunachal pradesh,Pasighat,50,,NR,50,100,130,130,100,100,60,78,176,220,165,172,169,NR,88,400,20,30,50,70,NR,NR,50,NR,53,73,692,59,93,70,100,75,83,43,15,60,,,2025-07-03
Arunachal pradesh,Tawang,45,,45,45,100,142,143,138,98,57,73,NR,208,120,137,165,NR,100,340,20,41,42,52,NR,NR,42,NR,53,93,684,57,92,50,98,28,83,30,28,62,,,2025-07-03
Assam,Guwahati,41,,33,41,80,115,95,100,85,48,70,231,188,165,148,165,143,60,200,13,21,31,62,NR,NR,39,NR,41,NR,NR,NR,83,40,NR,62,NR,21,18,75,,,2025-07-03
Assam,Barpeta,35,,39,39,82,115,95,82,82,47,74,198,183,139,145,165,132,67,255,10,20,29,53,49,43,42,97,52,83,705,63,79,33,83,40,33,28,18,60,,,2025-07-03
Assam,Tinsukia,33,,34,41,80,110,90,105,87,49,74,NR,203,198,170,181,NR,60,200,10,18,30,43,NR,NR,45,NR,45,95,NR,63,90,30,80,35,35,25,20,40,,,2025-07-03
Assam,Dhubri,34,,NR,35,78,114,NR,109,85,47,74,NR,214,162,153,167,143,60,180,10,20,25,40,50,65,37,65,50,110,747,60,84,30,70,30,40,20,15,60,,,2025-07-03
Assam,Goalpara,42,,32,39,91,137,120,112,91,48,59,NR,164,160,153,164,144,51,380,10,20,30,45,NR,NR,38,NR,57,97,714,60,80,40,97,41,31,31,18,57,,,2025-07-03
Assam,Golaghat,NR,,NR,NR,NR,NR,NR,NR,NR,NR,NR,NR,NR,NR,NR,NR,NR,NR,NR,NR,NR,NR,NR,NR,NR,NR,NR,NR,NR,NR,NR,NR,NR,NR,NR,NR,NR,NR,NR,,,2025-07-03
Assam,Mangaldai,45,,33,38,78,106,95,113,87,48,70,NR,165,145,141,160,164,60,269,12,25,35,20,NR,NR,39,NR,42,NR,NR,NR,84,30,NR,NR,NR,30,17,55,,,2025-07-03
Assam,Mushalpur,40,,40,35,95,129,96,118,90,48,73,NR,193,144,145,145,137,50,243,10,20,35,57,NR,NR,40,NR,50,82,817,60,83,41,87,30,NR,21,15,57,,,2025-07-03
Assam,Udalguri,41,,NR,41,99,129,97,107,85,45,75,NR,192,NR,145,172,145,58,257,11,16,33,17,NR,NR,38,NR,37,72,687,NR,79,22,80,42,NR,21,13,52,,,2025-07-03
Assam,Bajali,35,,33,40,90,138,105,120,90,47,70,164,166,NR,152,174,137,59,360,10,20,32,33,NR,NR,36,103,45,85,787,60,120,35,90,61,60,32,25,60,,,2025-07-03
Assam,Hojai,37,,NR,40,90,110,100,99,82,49,75,NR,170,126,136,170,132,70,228,11,21,28,45,NR,NR,35,NR,42,82,672,57,78,30,101,33,40,30,11,51,,,2025-07-03
Assam,Jorhat,40,,37,39,83,119,115,108,93,50,74,181,209,161,148,161,126,60,208,12,20,26,40,NR,NR,55,NR,54,80,NR,NR,92,40,NR,NR,NR,NR,12,52,,,2025-07-03
Assam,Bongaigaon,44,,NR,35,82,114,97,110,90,47,70,NR,176,152,150,165,NR,60,325,10,20,30,50,NR,NR,37,NR,60,76,NR,NR,84,40,NR,40,NR,30,18,55,,,2025-07-03
Assam,Morigaon,40,,40,40,85,125,120,112,90,48,74,192,167,159,152,168,143,60,240,10,20,30,37,48,NR,41,NR,48,98,659,60,80,38,75,29,35,25,15,70,,,2025-07-03
Assam,Sonari,40,,38,40,95,115,NR,115,100,48,72,NR,197,NR,154,NR,NR,71,220,12,18,26,40,NR,NR,37,NR,60,95,NR,NR,81,40,75,43,42,30,15,50,,,2025-07-03
Assam,Tamulpur,37,,37,36,86,125,108,113,89,48,73,NR,179,144,139,NR,116,59,267,10,21,35,45,NR,NR,37,NR,50,78,740,NR,81,38,NR,NR,NR,23,10,57,,,2025-07-03
Assam,Sivasagar,48,,40,50,93,123,119,117,92,48,74,NR,193,208,165,192,157,58,253,11,24,27,37,33,63,50,NR,57,90,758,61,93,47,77,42,56,32,11,50,,,2025-07-03
Assam,Biswanath Chariali,35,,NR,37,93,122,NR,110,92,49,73,NR,148,NR,145,NR,NR,61,233,10,19,32,32,NR,NR,40,NR,45,120,NR,NR,80,30,100,50,40,30,20,70,,,2025-07-03
Assam,Dibrugarh,37,,NR,39,86,119,114,109,89,49,74,NR,196,156,167,186,NR,58,258,14,22,29,42,NR,NR,41,NR,57,90,769,60,84,53,82,35,45,30,13,67,,,2025-07-03
Assam,Karimganj,37,,NR,40,81,118,120,105,81,48,72,NR,195,NR,129,181,NR,60,233,14,23,29,50,NR,NR,40,NR,65,130,NR,59,90,50,NR,37,NR,26,15,48,,,2025-07-03
Assam,Majuli,47,,NR,36,102,130,91,118,97,50,70,NR,165,NR,131,NR,NR,60,260,15,25,28,44,NR,NR,40,NR,42,120,NR,NR,81,40,70,45,NR,32,15,40,,,2025-07-03
Assam,Sonitpur Tezpur,37,,30,41,90,120,100,115,85,47,69,163,147,167,142,162,120,49,310,10,21,24,37,NR,NR,40,NR,45,80,749,NR,84,40,96,NR,60,30,17,80,,,2025-07-03
Assam,Haflong,35,,NR,43,90,130,NR,120,90,50,74,NR,176,NR,132,198,NR,80,270,15,25,35,40,NR,NR,45,NR,50,90,758,60,90,40,110,42,40,25,19,80,,,2025-07-03
Assam,AS-Lakhimpur,39,,NR,41,84,122,99,113,88,48,72,NR,175,155,155,157,NR,56,178,15,21,29,50,NR,NR,43,NR,43,88,603,59,76,58,81,31,71,31,11,45,,,2025-07-03
Assam,Diphu,40,,NR,39,85,120,110,111,90,48,74,NR,158,NR,155,NR,137,80,237,13,21,34,30,44,50,39,60,59,103,714,62,90,20,103,57,42,26,17,65,,,2025-07-03
Assam,Nalbari,39,,NR,40,85,129,95,110,85,48,73,NR,178,145,165,176,156,56,303,10,20,30,40,NR,NR,40,NR,44,78,813,62,84,40,80,43,50,30,15,62,,,2025-07-03
Assam,South Salmara Mankachar,38,,39,39,81,141,NR,116,80,47,72,NR,192,181,170,181,143,60,230,11,32,30,NR,83,85,41,NR,61,NR,807,59,84,32,75,49,47,38,21,64,,,2025-07-03
Assam,Kamrup,39,,NR,39,82,123,91,103,83,47,72,NR,194,NR,173,190,158,53,209,10,18,27,42,NR,NR,38,NR,45,80,NR,59,78,20,NR,42,NR,24,15,53,,,2025-07-03
Manipur,Imphal,51,,48,47,103,145,127,127,94,56,NR,154,191,219,178,193,168,95,255,25,33,42,66,49,57,47,58,63,76,714,NR,94,78,85,51,33,16,14,48,,,2025-07-03
Manipur,Chandel,NR,,NR,NR,NR,NR,NR,NR,NR,NR,NR,NR,NR,NR,NR,NR,NR,NR,NR,NR,NR,NR,NR,NR,NR,NR,NR,NR,NR,NR,NR,NR,NR,NR,NR,NR,NR,NR,NR,,,2025-07-03
Manipur,Jiribam,NR,,NR,NR,NR,NR,NR,NR,NR,NR,NR,NR,NR,NR,NR,NR,NR,NR,NR,NR,NR,NR,NR,NR,NR,NR,NR,NR,NR,NR,NR,NR,NR,NR,NR,NR,NR,NR,NR,,,2025-07-03
Manipur,Kangpokpi,NR,,NR,NR,NR,NR,NR,NR,NR,NR,NR,NR,NR,NR,NR,NR,NR,NR,NR,NR,NR,NR,NR,NR,NR,NR,NR,NR,NR,NR,NR,NR,NR,NR,NR,NR,NR,NR,NR,,,2025-07-03
Manipur,Senapati,NR,,NR,NR,NR,NR,NR,NR,NR,NR,NR,NR,NR,NR,NR,NR,NR,NR,NR,NR,NR,NR,NR,NR,NR,NR,NR,NR,NR,NR,NR,NR,NR,NR,NR,NR,NR,NR,NR,,,2025-07-03
Manipur,Tamenglong,NR,,NR,NR,NR,NR,NR,NR,NR,NR,NR,NR,NR,NR,NR,NR,NR,NR,NR,NR,NR,NR,NR,NR,NR,NR,NR,NR,NR,NR,NR,NR,NR,NR,NR,NR,NR,NR,NR,,,2025-07-03
Manipur,Thoubal,NR,,NR,NR,NR,NR,NR,NR,NR,NR,NR,NR,NR,NR,NR,NR,NR,NR,NR,NR,NR,NR,NR,NR,NR,NR,NR,NR,NR,NR,NR,NR,NR,NR,NR,NR,NR,NR,NR,,,2025-07-03
Manipur,Ukhrul,NR,,NR,NR,NR,NR,NR,NR,NR,NR,NR,NR,NR,NR,NR,NR,NR,NR,NR,NR,NR,NR,NR,NR,NR,NR,NR,NR,NR,NR,NR,NR,NR,NR,NR,NR,NR,NR,NR,,,2025-07-03
Meghalaya,Shillong,38,,40,40,100,147,127,120,88,49,74,NR,165,168,141,NR,NR,67,320,30,25,32,50,NR,NR,40,NR,40,117,680,60,81,47,80,47,53,27,21,87,,,2025-07-03
Meghalaya,Tura,36,,NR,43,97,143,NR,120,90,49,74,NR,165,NR,176,187,136,80,293,18,27,38,60,NR,NR,43,NR,70,90,714,58,84,50,73,50,53,27,20,70,,,2025-07-03
Meghalaya,Jowai,37,,39,39,90,NR,NR,120,87,49,74,NR,154,NR,154,NR,NR,80,360,15,25,38,33,NR,NR,39,NR,39,88,651,62,83,47,80,50,45,30,16,70,,,2025-07-03
Meghalaya,Sohra,NR,,NR,NR,NR,NR,NR,NR,NR,NR,NR,NR,NR,NR,NR,NR,NR,NR,NR,NR,NR,NR,NR,NR,NR,NR,NR,NR,NR,NR,NR,NR,NR,NR,NR,NR,NR,NR,NR,,,2025-07-03
Meghalaya,Mairang,38,,40,38,NR,NR,NR,120,85,50,74,NR,154,NR,148,NR,NR,NR,367,17,25,38,50,NR,NR,40,NR,45,100,NR,60,84,60,84,50,50,31,20,98,,,2025-07-03
Meghalaya,Nongpoh,34,,NR,39,88,145,NR,117,87,50,74,NR,155,164,152,206,NR,73,360,15,25,38,50,NR,NR,39,NR,42,97,651,62,84,43,87,50,65,32,19,77,,,2025-07-03
Meghalaya,Khliehriat,39,,45,40,97,137,NR,117,85,49,75,NR,155,NR,155,NR,NR,NR,320,30,28,35,42,NR,NR,45,NR,52,83,696,60,76,50,78,57,47,28,15,77,,,2025-07-03
Meghalaya,Williamnagar,35,,40,35,110,170,NR,120,90,50,70,NR,197,NR,186,NR,164,80,320,15,25,43,60,NR,NR,38,NR,65,90,749,57,84,55,80,40,70,20,20,80,,,2025-07-03
Meghalaya,Nongstoin,35,,43,43,NR,NR,NR,120,88,50,73,NR,163,165,161,NR,NR,NR,347,15,25,37,45,NR,NR,43,NR,43,107,651,60,80,60,80,52,55,28,15,90,,,2025-07-03
Meghalaya,Mawkyrwat,35,,45,45,NR,NR,NR,120,80,50,74,NR,148,NR,143,NR,NR,NR,350,16,25,37,50,NR,NR,35,NR,NR,107,703,60,88,60,91,50,40,40,16,77,,,2025-07-03
Mizoram,Aizawl,50,,42,50,107,153,130,133,93,50,80,254,242,231,143,231,137,100,520,30,43,45,68,NR,NR,50,NR,70,88,703,60,90,65,90,100,90,60,40,68,,,2025-07-03
Mizoram,Lunglei,50,,43,50,97,137,138,132,100,50,80,NR,231,165,143,NR,NR,97,460,30,40,75,107,NR,NR,50,NR,86,93,604,60,100,110,113,100,67,50,20,83,,,2025-07-03
Mizoram,Kolasib,49,,40,43,95,160,130,128,92,55,80,NR,204,NR,128,164,143,100,470,30,40,46,78,NR,40,43,NR,78,137,659,60,90,70,92,100,83,40,35,45,,,2025-07-03
Mizoram,Mamit,50,,NR,45,99,149,NR,105,95,50,80,NR,207,NR,143,NR,NR,128,420,30,28,50,120,NR,NR,45,NR,93,95,537,59,95,44,98,NR,88,53,40,72,,,2025-07-03
Mizoram,Champhai,45,,35,45,90,140,NR,130,100,57,80,NR,176,209,165,NR,NR,93,520,30,50,53,80,NR,NR,45,NR,80,90,576,60,108,52,97,NR,NR,68,40,60,,,2025-07-03
Mizoram,Serchhip,45,,NR,49,107,NR,NR,130,100,50,80,NR,242,NR,141,NR,143,110,520,30,38,50,90,NR,NR,55,NR,80,160,633,60,96,53,107,80,90,30,23,53,,,2025-07-03
Mizoram,Siaha,55,,NR,50,103,157,138,148,102,55,80,NR,242,219,156,NR,110,100,250,30,40,60,100,NR,NR,50,100,95,110,631,60,100,90,80,NR,60,60,40,93,,,2025-07-03
Mizoram,Lawngtlai,50,,45,50,100,160,140,140,100,50,80,NR,242,NR,143,NR,121,110,480,30,40,60,80,NR,NR,50,NR,80,140,660,60,100,80,100,NR,90,60,40,100,,,2025-07-03
Mizoram,Hnahthial,50,,45,48,NR,153,157,133,100,50,80,NR,220,NR,147,NR,NR,120,500,30,38,50,107,NR,NR,50,NR,90,140,620,60,96,70,88,NR,90,50,20,80,,,2025-07-03
Mizoram,Khawzawl,53,,35,45,93,143,152,130,98,52,82,NR,216,148,156,147,136,133,460,30,37,60,90,NR,NR,43,NR,82,110,610,60,98,60,93,NR,90,57,42,90,,,2025-07-03
Mizoram,Saitual,54,,45,50,100,NR,140,NR,100,55,80,NR,209,NR,154,NR,NR,120,513,30,32,50,100,NR,NR,50,NR,90,100,NR,58,95,80,100,NR,90,50,22,90,,,2025-07-03
Nagaland,Kohima,50,,45,50,100,170,140,130,90,50,74,NR,154,176,154,NR,NR,NR,340,20,30,40,60,NR,NR,50,NR,90,100,692,60,84,50,110,90,70,50,15,60,,,2025-07-03
Nagaland,Dimapur,45,,44,50,70,160,112,120,90,55,80,209,165,220,187,209,169,80,350,20,30,40,60,NR,NR,45,NR,100,160,769,67,80,35,75,75,80,50,15,80,,,2025-07-03
Nagaland,Tuensang,37,,38,55,100,NR,NR,120,95,50,NR,NR,176,NR,181,NR,NR,NR,NR,20,20,40,40,NR,NR,50,NR,50,100,NR,58,92,42,NR,30,90,50,30,60,,,2025-07-03
Nagaland,Mokochung,50,,NR,58,110,160,140,120,90,50,74,NR,154,176,165,209,NR,80,340,15,30,40,35,NR,NR,60,NR,70,120,714,60,90,50,100,50,70,38,20,52,,,2025-07-03
Nagaland,Chumukedima,40,,NR,35,90,150,122,115,90,50,70,NR,156,169,178,165,NR,78,317,18,22,40,50,NR,NR,40,NR,83,127,657,70,110,47,95,NR,77,37,32,48,,,2025-07-03
Nagaland,Mon,40,,NR,60,100,NR,NR,125,97,50,70,NR,154,NR,165,NR,NR,80,340,18,25,50,50,NR,NR,60,NR,70,NR,NR,60,80,50,NR,NR,65,50,20,50,,,2025-07-03
Nagaland,Peren,38,,40,40,90,NR,120,120,90,50,70,NR,148,NR,164,NR,NR,90,320,20,27,43,60,NR,NR,57,NR,70,113,651,60,96,47,90,35,70,43,20,50,,,2025-07-03
Nagaland,Phek,40,,50,50,100,NR,140,NR,100,50,72,NR,160,NR,170,NR,NR,NR,350,20,40,60,60,NR,NR,NR,NR,NR,NR,NR,NR,NR,NR,NR,NR,NR,NR,NR,NR,,,2025-07-03
Nagaland,Tseminyu,50,,NR,57,NR,NR,NR,137,100,55,70,NR,161,NR,163,NR,NR,NR,377,15,30,47,53,NR,NR,53,NR,80,90,714,60,88,50,NR,NR,90,42,19,NR,,,2025-07-03
Nagaland,Wokha,52,,NR,67,97,NR,NR,120,97,50,74,NR,158,NR,158,NR,NR,NR,300,15,30,40,50,NR,NR,70,NR,80,100,692,60,84,50,100,60,65,40,15,70,,,2025-07-03
Nagaland,Zunheboto,55,,NR,50,NR,140,NR,110,90,45,75,NR,165,NR,154,NR,NR,60,240,18,30,50,60,NR,NR,55,NR,75,NR,703,NR,82,60,120,30,70,40,25,60,,,2025-07-03
Nagaland,Kiphire,38,,NR,60,125,155,150,125,100,53,73,NR,148,NR,165,NR,NR,73,347,19,27,47,43,NR,NR,47,NR,85,95,648,65,80,55,95,95,75,55,15,40,,,2025-07-03
Nagaland,Longleng,38,,40,50,NR,150,NR,120,100,50,75,NR,163,NR,165,NR,NR,80,350,20,25,48,60,NR,NR,62,NR,72,120,720,60,96,60,NR,NR,75,50,15,50,,,2025-07-03
Nagaland,Niuland,40,,NR,40,NR,145,110,120,85,50,65,NR,154,NR,165,NR,NR,NR,280,15,25,40,50,NR,NR,40,NR,55,90,NR,60,80,30,NR,40,60,40,15,25,,,2025-07-03
Nagaland,Shamator,40,,40,60,100,150,NR,100,100,50,80,NR,154,NR,154,NR,NR,82,357,20,30,50,50,NR,NR,60,NR,77,127,688,60,90,40,100,35,95,50,20,45,,,2025-07-03
Nagaland,Noklak,40,,50,63,120,NR,NR,140,100,55,80,NR,165,NR,165,NR,132,80,NR,20,30,60,57,NR,NR,60,NR,82,130,769,59,91,60,100,62,80,35,20,50,,,2025-07-03
Sikkim,Gangtok,45,,38,40,100,NR,NR,120,90,50,65,NR,186,165,135,192,NR,60,280,20,30,35,50,NR,NR,45,NR,70,120,680,62,96,60,77,50,60,30,23,70,,,2025-07-03
Sikkim,Gyalshing,45,,35,36,90,NR,NR,120,90,50,68,NR,198,165,165,176,NR,60,300,20,25,35,50,NR,NR,42,NR,70,120,680,62,84,60,85,55,35,25,15,45,,,2025-07-03
Sikkim,Namchi,45,,40,40,90,NR,NR,120,95,50,68,NR,198,165,148,176,NR,60,360,23,30,35,45,NR,NR,40,NR,80,120,747,62,80,70,90,50,60,30,15,70,,,2025-07-03
Sikkim,Soreng,45,,40,45,90,NR,NR,120,90,55,68,NR,198,159,165,NR,NR,60,350,20,30,40,50,NR,NR,45,40,80,120,651,62,96,80,100,70,70,30,19,70,,,2025-07-03
Sikkim,Mangan,45,,38,42,100,NR,NR,130,90,55,64,NR,187,176,176,NR,NR,60,460,20,25,40,50,NR,NR,40,NR,70,120,792,60,96,60,90,42,50,30,23,70,,,2025-07-03
Sikkim,Pakyong,54,,40,40,110,NR,NR,130,90,55,68,NR,198,137,176,176,NR,NR,300,24,30,45,50,NR,NR,45,NR,70,120,747,62,96,45,90,50,60,30,23,80,,,2025-07-03
Tripura,Agartala,39,,NR,41,83,111,114,109,101,50,75,NR,190,170,170,187,149,70,233,10,25,29,60,NR,NR,41,NR,49,92,670,61,90,53,92,41,38,29,11,70,,,2025-07-03
Tripura,Dharmanagar,38,,NR,43,83,115,118,110,105,51,74,NR,165,NR,154,NR,148,62,237,10,24,30,50,NR,NR,43,NR,45,95,710,60,82,48,85,39,40,25,15,60,,,2025-07-03
Tripura,Belonia,41,,NR,43,85,113,118,111,103,50,78,NR,192,NR,174,188,153,70,243,13,25,30,58,NR,NR,45,NR,51,98,676,61,92,60,97,45,41,29,12,72,,,2025-07-03
Tripura,TR-Udaipur,NR,,NR,NR,NR,NR,NR,NR,NR,NR,NR,NR,NR,NR,NR,NR,NR,NR,NR,NR,NR,NR,NR,NR,NR,NR,NR,NR,NR,NR,NR,NR,NR,NR,NR,NR,NR,NR,NR,,,2025-07-03
SOUTH ZONE,SOUTH ZONE,,,,,,,,,,,,,,,,,,,,,,,,,,,,,,,,,,,,,,,,,,2025-07-03
Andhra Pradesh,Vijaywada,46,,43,45,81,112,113,106,87,46,60,175,156,148,NR,167,126,54,287,16,31,22,30,41,43,42,57,45,103,586,58,68,32,88,22,47,23,23,50,,,2025-07-03
Andhra Pradesh,Visakhapatnam,49,,39,42,88,109,111,113,85,46,57,174,189,151,139,165,139,59,308,22,23,28,27,41,43,39,45,43,92,710,57,72,31,88,34,39,23,15,50,,,2025-07-03
Andhra Pradesh,Kurnool,58,,43,45,84,118,115,123,92,43,58,165,191,149,178,158,114,55,332,19,36,21,22,39,39,43,60,43,93,799,61,73,32,92,42,48,25,13,33,,,2025-07-03
Andhra Pradesh,Tirupathi,54,,43,45,86,128,121,120,91,44,58,200,203,163,152,165,156,63,308,24,29,25,NR,39,43,39,42,47,88,659,55,63,60,85,23,40,34,25,42,,,2025-07-03
Andhra Pradesh,Jammalamadugu,NR,,NR,NR,NR,NR,NR,NR,NR,NR,NR,NR,NR,NR,NR,NR,NR,NR,NR,NR,NR,NR,NR,NR,NR,NR,NR,NR,NR,NR,NR,NR,NR,NR,NR,NR,NR,NR,NR,,,2025-07-03
Andhra Pradesh,Dharmavaram,NR,,NR,NR,NR,NR,NR,NR,NR,NR,NR,NR,NR,NR,NR,NR,NR,NR,NR,NR,NR,NR,NR,NR,NR,NR,NR,NR,NR,NR,NR,NR,NR,NR,NR,NR,NR,NR,NR,,,2025-07-03
Andhra Pradesh,Ongole,NR,,NR,NR,NR,NR,NR,NR,NR,NR,NR,NR,NR,NR,NR,NR,NR,NR,NR,NR,NR,NR,NR,NR,NR,NR,NR,NR,NR,NR,NR,NR,NR,NR,NR,NR,NR,NR,NR,,,2025-07-03
Andhra Pradesh,Bapatla,NR,,NR,NR,NR,NR,NR,NR,NR,NR,NR,NR,NR,NR,NR,NR,NR,NR,NR,NR,NR,NR,NR,NR,NR,NR,NR,NR,NR,NR,NR,NR,NR,NR,NR,NR,NR,NR,NR,,,2025-07-03
Andhra Pradesh,Rajahmundry,NR,,NR,NR,NR,NR,NR,NR,NR,NR,NR,NR,NR,NR,NR,NR,NR,NR,NR,NR,NR,NR,NR,NR,NR,NR,NR,NR,NR,NR,NR,NR,NR,NR,NR,NR,NR,NR,NR,,,2025-07-03
Andhra Pradesh,Eluru,43,,45,53,94,118,103,119,98,48,65,166,168,159,NR,163,124,52,250,25,30,28,29,40,45,45,54,46,100,722,60,63,25,90,33,37,20,13,31,,,2025-07-03
Andhra Pradesh,Guntur,50,,47,62,77,110,120,110,85,44,62,166,185,154,NR,165,132,55,340,12,23,24,24,38,56,55,51,51,110,615,58,72,40,90,30,40,20,17,40,,,2025-07-03
Andhra Pradesh,Amalapuram,55,,45,48,87,105,116,109,87,47,65,173,186,158,176,163,120,54,280,30,30,25,30,34,34,45,45,49,97,658,60,77,35,90,35,39,20,20,35,,,2025-07-03
Andhra Pradesh,Nandyala,51,,43,40,81,112,110,112,84,44,58,175,187,153,154,162,135,65,373,16,25,25,25,32,34,41,45,42,85,714,64,75,30,90,28,39,15,17,26,,,2025-07-03
Andhra Pradesh,Parvathipuram,NR,,NR,NR,NR,NR,NR,NR,NR,NR,NR,NR,NR,NR,NR,NR,NR,NR,NR,NR,NR,NR,NR,NR,NR,NR,NR,NR,NR,NR,NR,NR,NR,NR,NR,NR,NR,NR,NR,,,2025-07-03
Andhra Pradesh,Sri Sathya Sai,NR,,NR,NR,NR,NR,NR,NR,NR,NR,NR,NR,NR,NR,NR,NR,NR,NR,NR,NR,NR,NR,NR,NR,NR,NR,NR,NR,NR,NR,NR,NR,NR,NR,NR,NR,NR,NR,NR,,,2025-07-03
Andhra Pradesh,Nellore,52,,48,45,85,110,100,107,102,45,58,165,188,143,NR,162,126,60,270,26,30,22,22,37,43,44,48,44,84,824,60,67,29,83,33,34,22,18,23,,,2025-07-03
Andhra Pradesh,Srikakulam,NR,,NR,NR,NR,NR,NR,NR,NR,NR,NR,NR,NR,NR,NR,NR,NR,NR,NR,NR,NR,NR,NR,NR,NR,NR,NR,NR,NR,NR,NR,NR,NR,NR,NR,NR,NR,NR,NR,,,2025-07-03
Andhra Pradesh,Vizianagaram,46,,45,42,72,95,95,99,76,45,60,164,186,131,NR,151,115,60,270,25,21,19,21,36,40,37,41,39,74,648,60,68,31,63,30,30,21,17,29,,,2025-07-03
Karnataka,Bengaluru,44,,41,42,79,97,100,102,84,50,54,159,177,135,152,162,130,57,242,19,18,19,16,40,42,44,44,41,93,636,59,77,42,80,34,34,34,14,37,,,2025-07-03
Karnataka,Dharwad,46,,40,43,82,100,114,108,86,42,54,162,158,103,142,137,130,45,268,26,35,22,30,53,45,53,58,48,88,630,58,72,60,75,34,47,36,15,45,,,2025-07-03
Karnataka,Mangalore,52,,43,44,82,113,129,112,91,42,55,192,175,139,163,150,133,53,202,15,33,29,28,39,59,44,46,46,90,640,57,78,50,84,32,36,23,17,68,,,2025-07-03
Karnataka,Mysore,47,,47,55,82,109,110,111,91,43,48,171,190,197,164,159,153,63,348,21,38,24,29,47,56,56,48,40,78,593,59,73,41,87,41,42,35,17,59,,,2025-07-03
Karnataka,Bengaluru (East Range),48,,46,36,88,122,116,113,91,48,50,152,176,148,163,167,135,58,255,20,35,27,22,49,40,42,44,40,92,666,60,80,57,83,32,52,31,19,40,,,2025-07-03
Karnataka,Belagavi,40,,34,41,80,99,100,102,84,50,54,176,177,118,152,173,133,42,258,16,27,26,25,55,32,35,38,37,80,721,54,62,34,80,29,60,17,11,36,,,2025-07-03
Karnataka,Kalaburagi,53,,33,40,83,112,120,117,83,43,60,171,150,167,128,150,133,48,186,15,32,20,16,41,41,39,47,39,97,699,60,58,35,69,25,57,19,15,35,,,2025-07-03
Karnataka,Tumakuru,47,,42,43,76,96,105,105,85,45,54,192,198,132,163,162,130,53,227,21,29,20,19,40,52,41,47,43,85,637,59,69,20,83,26,48,22,15,49,,,2025-07-03
Karnataka,Bellary,41,,42,41,76,98,106,103,88,41,54,200,176,136,150,156,131,58,308,24,29,19,28,38,40,38,47,43,97,693,57,66,29,82,25,27,26,18,56,,,2025-07-03
Karnataka,Dhavanagere,55,,43,50,82,108,115,109,86,45,53,196,203,146,147,165,131,61,293,28,31,28,15,51,56,45,54,46,94,603,57,72,41,74,39,43,23,16,29,,,2025-07-03
Karnataka,Shivamogga,50,,42,48,88,112,128,110,98,44,54,198,180,145,140,144,135,50,240,28,20,23,15,47,52,46,45,52,109,630,58,76,31,80,33,45,28,15,45,,,2025-07-03
Karnataka,Vijayapur,48,,42,42,88,109,120,120,90,42,54,215,209,130,159,172,141,48,240,14,31,21,23,34,40,41,50,41,75,553,60,69,64,90,49,47,39,12,49,,,2025-07-03
Karnataka,Ramanagara,56,,44,46,93,120,122,100,90,44,48,202,194,139,137,158,144,51,188,15,42,29,30,45,44,47,42,43,100,613,62,75,40,90,33,50,21,15,50,,,2025-07-03
Karnataka,Raichur,53,,43,45,80,109,112,105,86,44,62,184,185,178,162,159,130,53,213,15,28,22,21,48,49,45,46,46,91,603,52,71,37,112,50,49,40,17,45,,,2025-07-03
Karnataka,Chamarajanagar,50,,41,42,100,120,113,113,92,42,47,191,176,136,126,165,121,40,180,18,27,22,16,48,54,54,47,58,92,516,54,60,45,75,36,70,45,16,48,,,2025-07-03
Karnataka,Kolar,46,,37,42,89,120,111,108,89,45,55,181,170,155,145,158,122,55,227,15,25,26,18,46,45,44,42,42,90,724,60,75,40,90,33,41,32,18,45,,,2025-07-03
Karnataka,Haveri,45,,40,45,80,100,130,120,90,43,64,154,198,148,148,159,115,44,252,13,30,30,30,40,40,40,45,40,80,714,60,64,25,80,30,40,32,15,35,,,2025-07-03
Karnataka,Bagalkot,49,,44,44,82,108,136,113,93,42,56,194,178,118,152,134,116,44,245,20,40,31,20,NR,NR,NR,NR,NR,NR,NR,NR,NR,NR,NR,NR,NR,NR,NR,NR,,,2025-07-03
Karnataka,Bidar,50,,40,45,84,120,120,110,84,42,60,183,172,135,129,145,129,45,270,12,38,22,37,52,40,45,60,42,100,604,63,73,60,90,40,40,30,15,44,,,2025-07-03
Karnataka,Koppal,41,,34,40,86,109,117,110,93,42,55,176,152,134,144,157,150,45,230,15,45,25,29,33,35,42,46,43,95,610,60,70,45,90,35,36,22,15,67,,,2025-07-03
Karnataka,Mandya,37,,41,45,81,106,122,107,101,44,46,189,179,119,150,141,113,51,251,15,30,25,30,41,43,45,42,43,100,610,60,78,40,81,30,38,17,15,40,,,2025-07-03
Karnataka,Yadgir,40,,40,37,75,95,106,106,83,45,59,192,181,158,148,171,136,48,185,11,30,25,30,41,55,47,47,47,106,675,62,72,42,105,53,37,27,19,48,,,2025-07-03
Karnataka,Chikkamagalur,44,,39,45,91,111,125,113,89,44,52,184,188,147,144,153,127,53,207,17,31,23,16,45,46,47,44,51,95,606,64,72,42,87,39,51,24,15,40,,,2025-07-03
Karnataka,Bangalore Rural,43,,37,51,86,131,122,106,82,45,50,200,154,116,141,149,105,55,254,17,31,25,21,54,38,48,41,52,98,653,60,73,24,81,36,50,24,20,48,,,2025-07-03
Karnataka,Chikkaballapur,44,,45,43,84,113,113,112,87,45,55,224,182,150,142,159,131,52,293,15,22,26,29,41,41,45,40,45,93,689,61,77,28,80,31,36,19,15,36,,,2025-07-03
Karnataka,Chitradurga,54,,40,50,80,108,112,108,86,44,62,178,196,143,141,136,123,64,280,26,40,20,35,42,50,50,45,52,92,593,63,64,60,70,36,50,25,20,60,,,2025-07-03
Karnataka,Gadag,53,,39,44,75,108,127,92,74,43,57,163,157,133,137,141,125,44,225,14,35,25,22,39,40,45,44,44,96,629,62,68,39,86,39,36,33,18,32,,,2025-07-03
Karnataka,Hassan,41,,46,47,81,113,127,117,93,46,54,219,191,153,158,160,121,60,242,22,31,25,23,52,45,50,45,54,95,678,60,84,41,92,45,39,33,16,40,,,2025-07-03
Karnataka,Kodagu,39,,40,45,89,109,118,108,91,46,54,188,170,142,145,146,127,51,245,19,33,29,33,37,41,43,46,45,102,624,58,73,39,64,31,35,19,16,40,,,2025-07-03
Karnataka,Udupi,51,,46,46,96,130,134,118,94,45,50,180,185,145,148,172,122,56,154,17,28,34,26,32,43,44,45,40,87,579,56,70,40,81,52,51,28,20,74,,,2025-07-03
Karnataka,Uttara Kannada,45,,46,45,99,121,135,120,100,45,48,233,193,171,156,175,140,52,273,20,38,32,37,45,51,44,46,45,107,677,58,78,55,89,36,40,21,19,69,,,2025-07-03
Karnataka,Vijayanagara,52,,43,46,81,113,120,110,95,45,53,198,176,143,134,148,135,47,206,13,26,21,19,37,45,40,42,43,89,661,62,65,40,79,36,37,19,17,49,,,2025-07-03
Kerala,T.Puram,56,,44,44,92,121,124,128,90,47,52,242,209,200,144,176,132,73,260,15,38,31,30,45,55,48,50,42,100,NR,65,79,43,110,32,50,25,18,60,,,2025-07-03
Kerala,Ernakulam,51,,41,43,103,127,124,128,96,46,56,220,200,187,NR,170,140,63,228,15,43,30,44,50,60,47,59,NR,108,744,66,81,40,80,38,40,20,16,58,,,2025-07-03
Kerala,Kozhikode,47,,50,44,107,128,133,138,97,46,53,236,213,159,NR,165,140,58,240,15,30,28,38,NR,NR,46,50,47,103,721,NR,84,50,82,29,40,14,13,64,,,2025-07-03
Kerala,Thrissur,49,,47,53,104,123,121,122,96,45,54,NR,196,192,NR,167,141,58,243,16,40,29,35,49,48,49,58,52,115,761,58,78,43,85,32,43,15,15,70,,,2025-07-03
Kerala,Palakkad,42,,47,43,89,106,107,116,84,45,50,214,190,194,NR,159,136,53,200,14,40,30,38,53,50,47,46,48,88,698,60,80,39,79,30,41,15,15,59,,,2025-07-03
Kerala,Wayanad,47,,54,49,105,136,131,134,105,46,52,NR,228,212,NR,178,149,64,241,18,35,28,39,NR,NR,52,63,51,121,784,62,81,45,84,30,50,19,19,49,,,2025-07-03
Kerala,Kasargod,47,,55,58,136,145,144,131,116,44,62,NR,NR,209,NR,161,128,54,240,15,30,27,29,NR,NR,49,53,47,113,797,56,80,38,80,33,48,35,18,60,,,2025-07-03
Kerala,Kottayam,55,,44,46,102,145,121,118,96,46,56,NR,234,193,NR,169,135,66,238,16,35,25,43,NR,NR,51,58,51,116,707,63,78,55,84,39,41,30,15,50,,,2025-07-03
Kerala,Pathanamthitta,56,,38,46,110,131,123,138,97,47,53,NR,NR,212,NR,176,160,72,247,15,38,28,40,NR,NR,51,57,NR,140,692,62,79,60,80,31,48,24,18,70,,,2025-07-03
Kerala,Alapuzha,46,,49,68,116,145,133,145,125,46,52,NR,NR,198,NR,164,139,64,218,14,38,28,39,NR,NR,52,66,60,NR,767,65,85,53,101,29,45,17,18,60,,,2025-07-03
Kerala,Kollam,44,,46,45,93,130,129,130,90,47,52,NR,229,186,NR,168,132,63,240,15,42,30,49,55,48,48,55,53,73,716,64,80,53,93,40,45,19,17,60,,,2025-07-03
Kerala,Idukki,54,,45,45,92,130,NR,117,90,46,60,NR,192,197,NR,156,133,73,207,14,42,33,50,NR,NR,49,54,45,110,747,62,80,50,80,30,40,20,16,57,,,2025-07-03
Kerala,Kannur,50,,51,48,109,133,140,141,102,45,56,NR,NR,189,NR,164,146,59,273,18,36,29,31,45,45,47,52,48,113,738,58,74,48,87,35,51,25,17,64,,,2025-07-03
Kerala,Malapuram,49,,NR,44,91,130,134,129,97,44,56,237,207,192,NR,172,145,59,233,13,34,28,40,55,55,47,47,48,112,747,62,84,48,81,27,36,17,13,50,,,2025-07-03
Puducherry,Puducherry,NR,,NR,NR,NR,NR,NR,NR,NR,NR,NR,NR,NR,NR,NR,NR,NR,NR,NR,NR,NR,NR,NR,NR,NR,NR,NR,NR,NR,NR,NR,NR,NR,NR,NR,NR,NR,NR,NR,,,2025-07-03
Tamil Nadu,Chennai,60,,43,43,80,118,113,112,85,45,40,178,210,156,NR,160,123,69,300,27,40,37,40,44,55,47,46,46,90,885,62,84,60,83,29,36,19,14,50,,,2025-07-03
Tamil Nadu,Madurai,58,,47,68,84,121,119,111,92,47,45,193,NR,193,NR,169,NR,59,263,30,41,41,37,37,43,59,51,51,117,809,67,80,45,91,37,48,21,14,92,,,2025-07-03
Tamil Nadu,Dindigul,60,,47,62,82,116,112,117,82,48,45,205,211,167,NR,156,128,57,300,18,32,27,32,38,41,55,47,55,104,840,69,84,22,93,53,49,21,13,57,,,2025-07-03
Tamil Nadu,Thiruchirapalli,51,,48,55,90,121,112,121,97,47,47,195,220,167,NR,156,126,62,311,28,35,32,36,37,51,54,50,54,103,721,60,78,44,87,35,34,21,13,58,,,2025-07-03
Tamil Nadu,Coimbatore,46,,45,46,87,122,112,114,85,46,40,208,175,168,NR,164,140,64,280,27,43,28,31,39,52,52,51,54,103,724,61,77,48,88,34,36,17,14,50,,,2025-07-03
Tamil Nadu,Tirunelveli,48,,47,64,94,120,122,120,90,46,42,220,198,196,NR,159,120,59,255,27,34,31,35,43,60,62,60,62,102,798,62,76,58,85,33,36,17,13,50,,,2025-07-03
Tamil Nadu,Cuddalore,57,,50,40,85,121,117,115,99,42,47,190,183,189,NR,160,127,54,293,27,42,32,28,38,51,44,47,46,125,691,61,73,45,78,25,48,18,16,43,,,2025-07-03
Tamil Nadu,Dharmapuri,54,,47,43,84,113,115,110,88,45,43,220,NR,147,NR,167,138,58,270,25,35,33,31,42,54,50,45,50,111,690,69,79,36,94,38,47,31,14,58,,,2025-07-03
Tamil Nadu,Vellore,56,,46,46,82,120,113,116,88,45,40,181,208,174,NR,164,125,62,NR,28,29,30,34,41,46,47,49,49,109,769,60,78,60,90,30,39,19,13,NR,,,2025-07-03
Tamil Nadu,Ramanathapuram,61,,41,45,79,103,109,105,101,46,44,199,NR,166,NR,164,120,51,281,29,51,41,36,40,46,41,49,55,117,787,69,73,51,81,34,32,17,14,50,,,2025-07-03
Tamil Nadu,Erode,NR,,NR,NR,NR,NR,NR,NR,NR,NR,NR,NR,NR,NR,NR,NR,NR,NR,NR,NR,NR,NR,NR,NR,NR,NR,NR,NR,NR,NR,NR,NR,NR,NR,NR,NR,NR,NR,NR,,,2025-07-03
Tamil Nadu,Karur,57,,53,61,86,114,123,107,92,44,47,220,182,166,NR,162,132,60,297,17,42,32,35,39,47,58,52,56,113,700,65,79,40,86,31,44,29,23,60,,,2025-07-03
Tamil Nadu,Perambalur,48,,NR,64,88,112,112,108,86,47,44,188,189,158,NR,167,140,56,NR,29,37,36,42,42,61,55,50,58,113,676,60,72,41,87,31,39,18,14,68,,,2025-07-03
Tamil Nadu,Pudukkottai,51,,48,65,88,115,117,118,NR,48,45,224,NR,202,NR,163,132,58,NR,28,40,30,50,43,51,42,50,53,115,709,61,75,18,95,26,42,19,14,60,,,2025-07-03
Tamil Nadu,Sivagangai,53,,44,65,92,119,118,117,89,46,44,202,NR,203,NR,164,135,56,290,27,50,30,50,39,53,55,53,61,112,763,75,78,50,81,30,40,16,14,51,,,2025-07-03
Tamil Nadu,Thanjavur,53,,47,50,87,120,118,119,90,47,44,196,220,167,NR,159,124,58,280,27,35,32,38,37,50,48,48,48,127,868,68,78,55,89,41,43,23,13,67,,,2025-07-03
Tamil Nadu,The nilgiris,58,,48,48,95,127,128,128,92,47,54,220,209,165,NR,165,131,68,203,30,57,30,37,49,49,50,53,55,89,759,62,84,45,99,27,75,37,29,48,,,2025-07-03
Tamil Nadu,Thoothukudi,51,,45,65,85,115,115,110,90,45,46,214,198,181,NR,156,132,60,320,10,35,30,35,35,50,60,50,62,110,767,61,84,44,90,29,38,15,12,50,,,2025-07-03
Tamil Nadu,Viluppuram,50,,47,41,86,112,105,107,83,45,50,173,199,159,NR,161,135,57,NR,27,35,30,30,35,40,42,50,46,93,765,63,74,48,82,26,33,20,12,55,,,2025-07-03
Tamil Nadu,Virudhunagar,61,,47,65,79,102,102,108,83,50,45,223,206,203,NR,166,150,57,293,28,42,32,37,45,53,54,57,57,107,693,57,75,37,81,34,36,13,13,62,,,2025-07-03
Tamil Nadu,Kanniyakumari,60,,39,53,78,103,103,104,77,47,41,192,187,154,NR,159,126,55,258,25,30,25,35,32,39,37,52,40,109,500,60,81,38,79,24,28,15,13,41,,,2025-07-03
Tamil Nadu,Namakkal,63,,47,61,93,115,115,117,98,46,44,200,193,178,NR,159,126,56,NR,26,40,35,40,41,40,51,49,47,120,664,70,72,52,77,34,39,25,12,58,,,2025-07-03
Tamil Nadu,Tiruvannamalai,51,,51,61,85,122,118,114,88,46,44,188,182,183,NR,158,130,59,310,27,38,33,37,41,54,47,46,43,108,799,NR,74,55,87,32,46,19,12,53,,,2025-07-03
Tamil Nadu,Tiruvarur,63,,48,65,84,119,113,112,NR,43,44,240,146,183,NR,157,141,52,NR,25,35,40,22,46,50,48,51,62,122,863,65,60,35,89,49,37,22,16,83,,,2025-07-03
Tamil Nadu,Tiruppur,NR,,NR,NR,NR,NR,NR,NR,NR,NR,NR,NR,NR,NR,NR,NR,NR,NR,NR,NR,NR,NR,NR,NR,NR,NR,NR,NR,NR,NR,NR,NR,NR,NR,NR,NR,NR,NR,NR,,,2025-07-03
Tamil Nadu,Tenkasi,56,,46,59,86,112,114,107,NR,47,46,219,NR,171,NR,151,124,58,275,22,30,30,40,36,52,57,58,58,103,780,66,78,40,88,37,44,27,13,57,,,2025-07-03
Tamil Nadu,Nagapattinam,51,,46,66,96,123,121,125,96,47,44,194,200,188,NR,162,129,59,NR,25,40,25,40,48,50,49,53,51,115,846,66,81,45,94,37,57,26,15,60,,,2025-07-03
Tamil Nadu,Krishnagiri,55,,46,41,86,115,115,117,89,44,41,202,202,155,NR,159,138,59,315,28,29,29,34,38,40,43,48,43,89,652,55,78,40,96,26,50,29,12,55,,,2025-07-03
Tamil Nadu,Ariyalur,55,,NR,63,89,118,115,110,90,47,44,198,192,175,NR,162,130,60,293,26,45,38,37,56,55,60,60,65,119,839,65,72,40,89,30,49,15,14,55,,,2025-07-03
Tamil Nadu,Kallakurichi,53,,49,65,86,108,107,110,77,45,45,211,191,156,NR,160,128,57,NR,29,35,30,35,35,45,47,46,47,97,864,74,74,39,87,28,37,20,13,44,,,2025-07-03
Tamil Nadu,Kancheepuram,55,,51,66,86,123,118,120,96,45,44,187,187,177,NR,159,123,65,NR,27,35,35,32,40,60,51,49,50,112,776,60,78,48,83,32,40,19,14,52,,,2025-07-03
Tamil Nadu,Salem,NR,,NR,NR,NR,NR,NR,NR,NR,NR,NR,NR,NR,NR,NR,NR,NR,NR,NR,NR,NR,NR,NR,NR,NR,NR,NR,NR,NR,NR,NR,NR,NR,NR,NR,NR,NR,NR,NR,,,2025-07-03
Tamil Nadu,Theni,59,,44,59,87,110,113,108,84,46,48,219,199,149,NR,149,119,54,277,16,33,33,29,39,52,51,52,78,89,722,71,78,33,85,31,49,27,12,59,,,2025-07-03
Tamil Nadu,Chengalpattu,NR,,NR,NR,NR,NR,NR,NR,NR,NR,NR,NR,NR,NR,NR,NR,NR,NR,NR,NR,NR,NR,NR,NR,NR,NR,NR,NR,NR,NR,NR,NR,NR,NR,NR,NR,NR,NR,NR,,,2025-07-03
Tamil Nadu,Mayiladuthurai,59,,50,65,95,137,117,113,NR,45,45,179,231,209,NR,157,130,60,340,27,33,33,30,45,45,46,50,63,123,830,65,84,30,103,53,60,30,14,60,,,2025-07-03
Tamil Nadu,Ranipet,NR,,NR,NR,NR,NR,NR,NR,NR,NR,NR,NR,NR,NR,NR,NR,NR,NR,NR,NR,NR,NR,NR,NR,NR,NR,NR,NR,NR,NR,NR,NR,NR,NR,NR,NR,NR,NR,NR,,,2025-07-03
Tamil Nadu,Tirupattur,54,,42,45,85,117,109,114,87,45,40,180,NR,173,NR,166,121,57,285,28,35,25,28,36,47,46,39,46,93,819,60,69,43,88,33,39,23,14,50,,,2025-07-03
Tamil Nadu,Tiruvallur,54,,42,64,91,137,120,110,90,45,40,195,186,162,NR,164,132,59,298,27,40,35,30,36,60,59,44,70,92,718,60,83,55,89,30,45,23,13,49,,,2025-07-03
Telangana,Hyderabad,56,,38,40,75,104,109,108,79,39,52,159,183,146,150,159,122,51,275,20,28,30,30,33,50,39,50,42,96,559,58,67,35,103,48,32,18,14,48,,,2025-07-03
Telangana,Karimnagar,49,,35,42,81,119,120,107,81,41,60,165,182,144,NR,162,115,54,299,20,29,28,28,40,41,42,50,42,97,583,59,71,38,99,33,34,16,15,40,,,2025-07-03
Telangana,Warangal,62,,44,44,90,119,123,110,87,40,60,180,192,114,121,147,136,55,274,17,31,23,26,37,38,40,54,38,83,560,60,65,36,114,47,35,18,13,28,,,2025-07-03
Telangana,Adilabad,54,,39,41,75,107,109,107,83,42,60,162,153,147,161,159,124,58,290,23,25,25,38,33,32,39,45,35,79,584,55,65,48,103,50,35,21,15,33,,,2025-07-03
Telangana,Suryapet,51,,42,46,89,128,125,118,95,38,56,160,181,159,154,165,123,52,269,20,29,21,22,33,52,41,47,38,88,577,60,62,35,103,48,36,19,14,44,,,2025-07-03
Telangana,Jadcherla,55,,36,50,88,126,127,117,95,39,57,177,148,155,123,149,137,55,292,18,36,19,29,33,36,34,53,36,78,527,53,63,31,90,43,37,18,15,34,,,2025-07-03
Telangana,Khammam,57,,41,41,90,126,126,116,95,40,62,166,153,119,148,156,137,52,299,20,29,23,23,33,36,34,49,34,86,513,NR,64,32,99,43,45,20,15,36,,,2025-07-03
Telangana,Medchal,43,,42,43,84,129,113,114,82,40,57,162,179,134,136,162,141,44,242,17,27,18,24,33,34,35,46,35,79,536,55,64,36,110,46,34,21,13,44,,,2025-07-03
Telangana,Nizamabad,55,,38,41,87,122,121,119,86,40,55,178,178,171,148,159,138,50,275,19,31,26,27,32,40,35,46,35,80,621,61,60,32,96,47,31,18,16,40,,,2025-07-03
Telangana,Sangareddy,58,,41,41,90,119,124,110,90,43,60,167,159,133,NR,157,133,53,342,20,39,24,35,33,39,38,49,42,86,557,59,67,29,103,45,37,19,14,51,,,2025-07-03
Ladakh,Leh,55,,NR,NR,140,183,150,128,130,50,60,NR,220,NR,NR,NR,NR,80,480,30,48,53,63,NR,NR,68,NR,44,123,720,58,80,63,103,38,63,40,17,90,,,2025-07-03
Ladakh,Kargil,45,,NR,45,120,180,130,120,110,60,60,NR,220,187,187,NR,NR,60,600,30,40,50,60,60,NR,50,NR,50,120,659,60,72,60,100,68,79,48,16,97,,,2025-07-03
Commodity Name,Commodity Name,Rice,Rice,Wheat,Atta (Wheat),Gram Dal,Tur/Arhar Dal,Urad Dal,Moong Dal,Masoor Dal,Sugar,Milk @,Groundnut Oil (Packed),Mustard Oil (Packed),Vanaspati (Packed),Soya Oil (Packed),Sunflower Oil (Packed),Palm Oil (Packed),Gur,Tea Loose,Salt Pack (Iodised),Potato,Onion,Tomato,Bajra(whole),Jowar(whole),Maida(wheat),Ragi(whole),Suji(whole),Besan,Desi Ghee,Butter(Pasteurised),Eggs,Brinjal,Black Pepper(whole),Coriander(whole),Cummin Seed(whole),Red Chillies(whole),Turmeric(powder),Banana,GInger,Garlic,2025-07-03
Average Price1,Average Price1,42.75,,31.3,36.66,86.31,121.69,115.76,110.83,88.14,45.94,58.92,188.94,173.8,156.01,146.49,159.94,130.94,55.5,271.84,21.48,25.65,28.13,38.41,37.48,42.83,41.51,53.49,46.48,97.16,658.76,58.94,78.01,40.84,87.03,37.35,42.99,28.09,16.24,49.63,,,2025-07-03
Maximum Price1,Maximum Price1,63,,55,71,140,183,157,148,130,62,82,279,242,231,187,231,177,133,600,32,60,75,120,83,85,70,103,100,160,930,75,120,150,120,100,95,68,42,120,,,2025-07-03
Minimum Price1,Minimum Price1,23,,22,27,70,92,84,81,71,38,40,152,135,103,113,122,88,35,152,10,11,11,15,23,22,30,31,30,63,495,52,45,16,63,22,24,13,9,23,,,2025-07-03
Modal Price1,Modal Price1,40,,28,35,80,120,120,110,90,45,60,195,170.5,152,148,159,132,50,240,20,20,25,40,35,40,40,50,40,90,714,60,72,40,90,30,40,30,15,40,,,2025-07-03
,,,,,,,,,,,,,,,,,,,,,,,,,,,,,,,,,,,,,,,,,,,2025-07-03
"Department of Consumer Affairs ( Price Monitoring Division)Date 03/07/2025 Daily Retail Prices Of Essential Commodities  StateCentreRiceBroken RiceWheatAtta (Wheat)Gram DalTur/Arhar DalUrad DalMoong DalMasoor DalSugarMilk @Groundnut Oil (Packed)Mustard Oil (Packed)Vanaspati (Packed)Soya Oil (Packed)Sunflower Oil (Packed)Palm Oil (Packed)GurTea LooseSalt Pack (Iodised)PotatoOnionTomatoBajra (whole)Jowar (whole)Maida (wheat)Ragi (whole)Suji (whole)BesanDesi GheeButter (Pasteurised)Eggs BrinjalBlack Pepper (whole)Coriander (whole)Cummin Seed (whole)Red Chillies (whole)Turmeric (powder)BananaGingerGarlic  UnitQty1 Kg1 Kg1 Kg1 Kg1 Kg1 Kg1 Kg1 Kg1 Kg1 Kg1 ltr1 Kg1 Kg1 Kg1 Kg1 Kg1 Kg1 Kg1 Kg1 Kg1 Kg1 Kg1 Kg1 Kg1 Kg1 Kg1 Kg1 Kg1 Kg1 Kg100 gmDozen1 Kg100 gm250 gm100 gm100 gm50 gm1 Kg100 gm100 gm  Average PriceAverage Price42.75 31.336.6686.31121.69115.76110.8388.1445.9458.92188.94173.8156.01146.49159.94130.9455.5271.8421.4825.6528.1338.4137.4842.8341.5153.4946.4897.16658.7658.9478.0140.8487.0337.3542.9928.0916.2449.63 Maximum PriceMaximum Price63 5571140183157148130628227924223118723117713360032607512083857010310016093075120150120100956842120 Minimum PriceMinimum Price23 22277092848171384015213510311312288351521011111523223031306349552451663222413923 Modal PriceModal Price40 283580120120110904560195170.51521481591325024020202540354040504090714607240903040301540 NORTH ZONENORTH ZONE  ChandigarhChandigarh42 3339861251161118846592111891691631761475527028202740374341544696714587738873746281649 DelhiDelhi39 3336871301251209045572011821661571721466025727233353293939524298549587452873635311539 HaryanaHisar40 2833851331141108045612121641581581771364924328202441263739594091626607640814339351562 Karnal45 2532801431201109046701871721701421761375026529222544243835703490700609640844039241366 Panchkula40 3041871351221169347631961561291301361005421127274030263832554085607547030803540352051 Gurgaon36 2932861651151168042562221531231291421045522720172620253735373692550589635703732261565 Himachal PradeshShimla42 NR3584130138115854860220192170154NRNR522303030334038NR39NR40108666586640853842261755 Mandi38 NR3481120130109824850222193168152169NR502703024323236NR35NR35100676607235874343281657 Dharamshala32 NR2984128126119894740NR192175170NRNR512302820304032NR34554093590597030974942341560 Solan36 NR3379119125108814757203191172148176NR5223030222837333536NR37100611608037874237331953 Una43 NR3081117109101864669NR166163137NRNR552322922303734NR34NR3392677598535975336291548 Bilaspur-hp35 NR3482120124113854764NR167170142NRNR472352928384030NR35583584692608447863232291249 Chamba35 NR3581129120110845055NR188179159NRNR5224029253050435738683789650588327674845402059 Hamirpur-HP40 NR3378119116109814767NR190169146NRNR5226530263038374535NR3588495607538853937301551 Kullu40 NR3483123117111875040NR191177138139NR4625730303043NRNR35NR35118703608043903534251563 Sirmour40 303078119107108864450212176174146146108482732822273835NR35NR36100615587039913345322057 Kinnaur38 NR3880119110111884950NR205175148NRNR4829029303348NRNR40NR4287559589050814738371457 Lahaul & Spiti44 NR4496156128126985452NR197175NRNRNR5448028394548NRNR36NR3680600557359852733261569 Jammu and KashmirSrinagar44 4046871701421151005350NR198150155175NR5630028293448NRNR47NR44117663607042884967381697 Jammu48 313384118115118924951NR18717416415511856302302328463658576860102575608341874746341852 Poonch50 35471131701201201195573NR196189187NRNR5033831303460NRNR48NR571216856084548349312815120 Kupwara46 3845103NR1301201086250NR1871761561781365237330304042NRNR35NR48117664627545792449311497 UdhampurNR NRNRNRNRNRNRNRNRNRNRNRNRNRNRNRNRNRNRNRNRNRNRNRNRNRNRNRNRNRNRNRNRNRNRNRNRNR Shopian40 44461071621231271024646NR187139137NRNR4933328254052NRNR46NR581236905873351005550441576 Samba60 303475123123118954655NR17617615419613255300302330503560406540100637628050904240301458 Ramban40 NR36901631101021005060NR209187165NRNR553203025305040NR45NR45100637608445866046311360 RajouriNR NRNRNRNRNRNRNRNRNRNRNRNRNRNRNRNRNRNRNRNRNRNRNRNRNRNRNRNRNRNRNRNRNRNRNRNRNR KishtwarNR NRNRNRNRNRNRNRNRNRNRNRNRNRNRNRNRNRNRNRNRNRNRNRNRNRNRNRNRNRNRNRNRNRNRNRNRNR DodaNR NRNRNRNRNRNRNRNRNRNRNRNRNRNRNRNRNRNRNRNRNRNRNRNRNRNRNRNRNRNRNRNRNRNRNRNRNR BaramullaNR NRNRNRNRNRNRNRNRNRNRNRNRNRNRNRNRNRNRNRNRNRNRNRNRNRNRNRNRNRNRNRNRNRNRNRNRNR ReasiNR NRNRNRNRNRNRNRNRNRNRNRNRNRNRNRNRNRNRNRNRNRNRNRNRNRNRNRNRNRNRNRNRNRNRNRNRNR KathuaNR NRNRNRNRNRNRNRNRNRNRNRNRNRNRNRNRNRNRNRNRNRNRNRNRNRNRNRNRNRNRNRNRNRNRNRNRNR PunjabAmritsar40 283283122130117924555222180164154183NR5727229192738374140584092639607050954035271347 Ludhiana38 273680133128118954662212183167161178NR5728527192830374841624297560576438883742232047 Bathinda40 2832831201321179244552201851631541821335726729192735353840564088635606547954034271347 Barnala40 2632871281151089047652161681571391651305129330192741354441NR4090663606737923837261545 Hoshiarpur35 28347711610010695496521016517313013313053273251819384034406441916115569211015145351559 Faridkot40 2832821231321179245552231861671561831345728329192538364139553988643606753923735281448 Mansa40 273385127128117924565NR1651721521741345627729202738354139623893637606740904139281650 Sri Muktsar Sahib40 2732801201221139244632071601571341741285128028213040305239733987595607150883534241249 Dera Bassi40 273185125130120904660NR164170159NRNR5325728192337403835634088637607240974239371750 Sangrur40 2731791291291108845602221621591491631424826328202134354040674088611587030894046321550 Ropar40 283285123130117924561222166166155NR1375727329202737374239574088630606540934036271548 Amargarh40 2731801301301109047602251651591461541324625028181934364540NR4085604587230954049271550 Fatehgarh Sahib45 3540841351201209943602121701781521761095328727152520344533654085551537336974750331548 Ferozepur42 2932791171111108945632241671661331941385928030202733344841644193614597040864338291450 Kapurthala44 3036811271251159446612241591661581751485527726193047425639643996633597250943847331449 Uttar PradeshLucknow38 283580105105928045601881651421371521345525020252438353837533789615587540873441271440 Kanpur35 283280120110908042601801381221151271105623426202219354041NR30815805572361002240351950 Varanasi45 2737831141211098046662141771641701781486126021222359405939NR4295703567735793149261960 Agra43 28327711484857543671861861681451721315125126263053263538NR4096712628838944839311635 Jhansi43 2733831181091038344571861671511321551114822316222735353839524192597577235823342301240 Meerut38 283782128123838248591591481441451591414825619192626414043643997634607121723334281645 Allahabad35 3638881461221189145541711831301341631105125822253033253141374187615597836762939281957 Gorakhpur37 2533821181161117843551911691441481431345222522222535353334503492586587334793138241646 Saharanpur37 293284123109111904358NR145137133134113512432118222131NR36NR3589507567223813235291457 Bareilly33 2631861151181089844702011651651481751215033725202032243736513689714606024824140301853 Ayodhya40 3528871181111168545551701541521481611025018022354030404042574890651607240853532321860 Moradabad36 2530801171101048240541931621391531511384623721192431334534563776615546730832742272056 Aligarh39 2933821171111068343561831651481421531295124720232534403938484291613547434853441271647 Mirzapur (Vindhyanchal)35 2632801071171098045451701451271251281015522620202035284035523991636587721853545301543 Banda35 293681109105967946552091541541271671145215217171635304334703786551606932892536251753 Azamgarh39 283284117115111824561NR1691331301299855277231920373745425143104653566729762750291845 Gonda (Devipatan)35 26329011712311487445717418513414513713551272202023393735346239100630577137793341271945 Amethi35 26358712711510582465918316815614614312053252242525404036414245105676618138803651281853 Barabanki39 28358511512011085465819215614113712611550218222125343236364336107563588039852941301545 Bhadohi31 2835851201201208045602051391341371591156023010202540354336523583692627435902540332050 Chandauli33 2733731091111097644552051651701281481124824719182230325335623581634567030863342291743 Farrukhabad41 263079115111105904465209170155152169137512432011203727NR35NR3594659608333823945281842 Ghazipur47 2736831111171158646601881711531481581375226618192243364742494194663627733853531242048 Jaunpur41 3036891201241108345591971821511501481355525922182639323835563489581546839853853291648 UP-Pratapgarh39 28328510912011584454918616614514514613153255201923NR332938393899547587419833339291539 Sambhal38 283285120110105804353189167133126131128472521720253735NR35NR3592634577427872842291550 Santkabir Nagar40 2635951301151159145672091701451541641334626328252530293031704196725588432903050251948 Shahjahanpur34 2632741371021009043571951881701681631564024220132232243238524097560559320912842301743 Sitapur36 2935821291111108244591881571441461481245322817222836252936494093591597234803540271548 Sultanpur42 3035851201141108644581861851501461571345426720252633364139524495656577636853642281649 Unnao41 2831851181171088745571881681521461571305325320232330354039514088554577132853440261647 Ambedkar Nagar47 3238851221231208546591961741531531551285418527273040374137764095672596840803542281865 Amroha38 2633821231059685475417616514213417310450197222021233544403341105639587635812443251735 Baghpat44 NR31821301201109044681791571471501471265321026212535335135703895564617238773540261239 Bijnor38 2635811151009780455219218114814515214847253171623383040355740100604556035853050301030 Budaun38 263085115102999044612161551691501701314827921152033254736673693609597330903038251144 Etah45 293580128110110904558207170152156165113532702216252523NR35NR3892679607230973240351840 Fatehpur43 2834901351151059046581841621381321431125522521192235233235403495550617932853643241737 Ghaziabad40 3034841261121058646571821671531471611435121620192235344037534095624577035963938281644 Hardoi42 2736791151111048545571891631521461591315624219202535283138544089607577226863342281548 Jalaun37 2833871301101009043551781431481421501035323219202040313538NR3890580537330763247281539 Kaushambi41 2837861141211108546551891701631431471265123821232541253837553686602556737883739221746 Kushinagar37 28378211211511580456717916514516313713447204261821414343385240102647616141882541331646 Lakhimpur Kheri45 2834841321101188045571921561321381451085622617213333283434633888652587933813442321649 Pilibhit36 2731871241111129045581901621511541591274926020182227384237524095655617427833538291740 Sharwasti38 253577102110117804550181185156161NR1214920325172233NRNR39NR4098567597820872530201533 Siddharth Nagar42 28328013011911085455918216914614516113251233211723NR494935703590564609628723048271939 Sonbhadra44 2730801051101107845551881441241191251045521022192024253632333585560587022753128251550 Rampur47 2730771141101058245621891861421471541345023924212436303533NR3498616616927843035301558 Bahraich35 25309012112011490424517616513013714212544250252028283634336532106615568022722736231953 Basti36 2230721201081058240581701541451321481084423922233022495135513892558577628802452291643 Etawah40 273282120110105854555203162139139145128552601825283726NR40604292620598537853340291650 Muzzafarnagar39 2730821191141088645571801641481431541285023819162533334335NR3587506555932763240221351 Chitrakoot43 28358010795958246501771681591591711375423015253045272835574294597608439813546241545 Hamirpur-UP37 2732761301181007743581871481261431371375022120252539NRNR35NR3490560558928823850261650 Deoria35 262979121111998245581781611261341831204722318252543374237513590595606937732941271838 Hapur36 2833761131061009246621921671571541611525021523202330403840484098681627223965350301344 Bulandshahr41 293481121120117884459NR1651591631551614324019203039293935553590542537223913042291530 Kanpur Dehat37 273179105107818344571901521141391351074919519191933303735503584601587633773034271537 Hathras40 283182117112106844155186166147141153130502402022233026NR37NR4095613557537873838281240 Raebareli40 2835841191151088645581871721561451591325422818202135354140534292635567529833242281447 Lalitpur36 282985120100908842561831451421371261184025520202044333833553392600577828783143271832 Mohaba35 253188100107989545501761681541591921433517321251138333532463388NR556830753142281650 Gautam Budh Nagar38 3034771171091068245581821651421321541195023116182139303636523991619557027843437281438 Auraiya38 2834821221191058144601751591411381411314822522201735262737463789624577635773838281446 Maharajganj35 2833811181171098044571891691321421551314721322202335364434513691593587237823441301550 Balrampur35 2635781051151108045531671761451351541325722515192540354434NR3897619597039883040261540 Kannauj39 2833831191131078645661891611431411521245323821212536323937NR3593579547233843047301843 Mathura38 30338513311710885456321015312012114512559263282640453343404740120601557633833242421540 Firozabad38 353782110981129040651901581171421821114530021222029232533393599717526935853040301530 Kasganj44 283685123118112874459205179166156168146552572123243723NR36NR3898542547337853847281342 Mainpuri38 30348813212011388426320318816815817614451260242223212425394038105700557035854743252136 Shamli37 2529801251171088544551891561501411481264924015202338254035503485533606635823735251350 Ballia39 2834851191151098845581911601431421461235022622232439313736513793624547232823544291748 Mau38 2733831201141098645561921581451431471145423522192337NRNR35NR3693681557826823239301641 UttarakhandDehradun36 283898136115115984567181180160142164NR572803020254034434052401106926076451104045391560 Haldwani38 363392132111109934457195198180162174149522602826294930435245411026005880291004053381550 Rudrapur38 27359312712011788485822417015415417913750222292030473050356235100681607842932839331760 Haridwar43 313890136120113904364206179156159165NR622902814253637NR445340102641567626975841371660 WEST ZONEWEST ZONE  ChhattisgarhRaipur32 32409511311911210348571981621371331441135124825323036302641454587724567931913734251130 Durg41 41368211310310882465518515415416315615053223152525314545416049100709577332845145321548 Ambikapur34 303392117112109824141200157174159159NR4824915313020NRNR40NR3270598528040783060331547 Bilaspur-CG51 3440921119610586425519316514116517314951217252822383539414741906795879421022854251457 JagdalpurNR NRNRNRNRNRNRNRNRNRNRNRNRNRNRNRNRNRNRNRNRNRNRNRNRNRNRNRNRNRNRNRNRNRNRNRNRNR Dantewada39 3841100130114109854460NR187152143156133572462029303742NR41NR46103652596841974949211761 Dhamtari36 26429513510210795456619819013013413412855217242327305245415745107751587339843235231540 Rajnandgaon42 3138861221151108844602051891701601761335527022242627303038503896680607027794442281650 Koriya39 3539851271021128342752061621541481681774719525333341353446325882693588327782738281742 DNH and DDSilvasa60 423896140135130954468NRNRNRNRNRNR6524529NRNRNRNRNRNRNRNRNRNRNRNRNRNRNRNRNRNRNR Daman55 36388512513012085436817818117016516712665230292328404042506060125681588060906542352035 Diu50 3955871331331221004665198214192187198142614003024324240465775661117036282551174236402152 GoaPanaji58 4848103125135125103455622518921116716712655315283733353955485348103751618253834543301642 Margao54 485195130135125954562236190196174174128603472738333840574557491157326183551024358271643 GujaratAhmedabad36 343590114116969445681681571381551631505320619313135363641624388630566735722733311940 Rajkot34 3234911171161038743661681631361481591365620518262630373939684491632557133762834391537 Surat34 3234911171161058743681681631361481591385620518262830373939684491632557133762834391537 Bhuj36 3334881151151028743631661551341521551405620818262832383641674291632536939722835381542 Selamba35 3336881181161068744631681631371481601425521019292834363738674292634536738763133321745 Waghai35 3334911211201038945671751651351551571465520920273032353640604496631557036703034241740 Bodeli34 3234911171161058743661661631361481591385620518262833373939684491632557334762834391537 Vapi34 3334921181161048643631671581341541581455221018262830383838644490627566835762834381743 Bilimora34 3536871111111018944641681591371551531495420520313231353739624595629547035683135251741 IdarNR NRNRNRNRNRNRNRNRNRNRNRNRNRNRNRNRNRNRNRNRNRNRNRNRNRNRNRNRNRNRNRNRNRNRNRNRNR Jhalod33 3234901181161048742661681631351481581385520318262832373739674490631546933762834381737 Songash33 3335871171171058742631661591371511571435120522302831353935604287636565735733134301542 Madhya PradeshBhopal31 283284112112106864462171189187125178NR46250102218384040386040886656082381005640341448 Indore42 2833841191181078043601751641481421471425626815201240343439NR4082648608440843433211532 Gwalior40 323574126119110904563210160172142178NR5022212162527283239614088624557123823535261536 Jabalpur41 3036821151161108444551861641371401561264824216252226354042544596643587528863637251538 Rewa32 25338612911198844355177147123153146NR53237182120NRNRNR35NR3585655577625922745301241 Sagar38 2830761051061028444591821621451361661314924516231838434840594083688598342802729211433 Jhabua39 303583117120105914558180185188139173NR5828415281439374542574389671NR7332833736281633 Hoshangabad47 334080118115998545551881441281361431045521814252436454844474293650609035792846191849 Shahdol35 293586123112110834450200136125121154NR5221018202040373335504095604587030903040271835 Ujjain45 3437100125115109984860166180175135178101453012923204041414052401017146071451102753321840 Morena40 2934761181141141004665220162146150148106462411420203629NR39NR4090604618028813631281440 Anuppur33 2534801001151159046502201701501431411375224014202040413936404790736608034902534201330 Bhind40 3033831171191148544591791451311231401144524515182147334237623990631607527783140241740 Dhar42 263486120117110964458163172163137175885121015201338353538514190687587327792935191636 Harda40 293381105119105904360181187159148167NR5522330212050404043764592670607240832827152031 Katni31 29348612013011580425016515412613215410050205191812303538455545100604587520804040271535 Khandwa38 273287110100100844353NRNRNRNRNRNR4821921163045363634404085562557235752535261633 Mandla35 2938791081101088244501971701371431761435023330302728454844674593601628042933040211233 Rajgarh40 263178120110100904340174181176137179NR5024010201850NRNR50NR5088659NR8060824238241540 Sidhi35 2735751171001008050601851761541431261155025017202550284035545090633548040813150251550 Chattarpur37 30379211712010080465318717616514315411960240202020403542405760107600607233903842301540 Neemuch44 263475115105100714565178137130123131NR5029510202037444141654190564637238752542301543 Burhanpur45 3135801101001047943591781781711541651484231529221934353342NR4992709598338893039301430 Narshinpur40 253575105110113804256209159130137165NR4023212252040403950525095634557540804035251541 Raisen40 303280118117107804557176176156143NRNR5023010232052404236NR4485687627740903533241938 Sheopur42 263180102105104804560201174167126163NR5524528252250303540704085659608025954040301540 Agar malwa36 253273126110101924258172166149147135NR4727620271335424542NR4577636556835882426231542 Umaria34 333575105110110754556179159137137145NR502331520304040NR47NR4783602607430832847251550 Shajapur38 283583115112106854357165172154143159NR5025319232240333536NR4592670588040853333251540 Dewas41 283384110108106904362174180160146164NR5422512282136363937574492679596336863935251539 Khargone39 313878115122110854350186156136126132NR49225162020404040406540906405584358535403015NR Singrauli39 2633811001131158148591751701471401371165323713251647NR4035NR4388674557232842640211435 Chhindwara45 3034771221171188844491911741381421611394320010281828373738394383731597238943737371952 Sehore40 263180110109100844355170176154140170NR4718510251919NRNR48NR4890632607230853035241548 MP-Ashoknagar40 27287312211199924355177153156146146NR4221010211945374039NR39906385610141893845251538 Balaghat35 354078100120112834551176170159137159NR55219152428324545455944108652627922953529191529 Guna40 2630731081071008543601921711701381751394521820201747313950605090695607350853538251530 Ratlam39 283477981151019143621651631601311591284824510261533314240634382648587232773630201533 Satna36 27389010890928245601981411461301761105024320201530404333603370692566532722530301451 Vidisha40 303476110116110904357174179148142172NR4921712201643404034673785652608140853035281340 Alirajpur35 25358412095111914355185148139136144NR3824210232247313245NR4793619577319774043291731 BetulNR NRNRNRNRNRNRNRNRNRNRNRNRNRNRNRNRNRNRNRNRNRNRNRNRNRNRNRNRNRNRNRNRNRNRNRNRNR Damoh50 303481114108106824461204164147150156NR4621313211735374140563986573557134863143331443 Dindori42 353786102105100854466209176152143154NR4923214252033384345534985621559030983036291540 Niwari36 2531761068694784660199171177149149NR4021530202052NRNR40NR4097720608127923340271935 Seoni38 384090130110105864755194145116120129NR47215112525314040366842100651578117784836211541 Panna38 263675125100959042521781731281331241125321011201735405135604597651567537702435311247 Tikamgarh35 26309012512595904450205167142149147NR50200202025383035403545110651587022852941201740 Datia45 2630801151071027545602221591451531851195121729283131403638723890679618526873836271540 Maihar39 29359010095958245552201641431481651135020510201535NRNR40NR45100725587239972940401240 MaharashtraMumbai44 435697132130125995058216194185150160125843102832324542555166551286795875601127353591945 Nagpur52 47549213213212297506321320016716417513170283274039483948507550110671619448963548281859 Pune41 4554881411141158545741931831671531631555433332292737414239434087525608349783542281745 Nashik40 39418511911911595445617920916814616714555317283227304457515651986445865631055339301537 Mangaon-Raigad43 42489011512511796455619117420013316614161355303130404550455447103813607960985545311767 Dharni40 303679114108118924452192183164149186NR5232313292258322941NR4492767617838943043211745 Latur54 3438931171241238744631701911321291461284722425282840334039613996729567760964536191844 Akluj49 3238761091071079043522001801441431571185033530302525314336604188659524537983038171226 Arni Yavatmal44 3436100135125114904163170155125147122NR57300103031403532477055103784557240994542201540 Chandrapur36 3341811131231191004466181186190140158NR62244303028285357615260105611597722963636332070 Karad Satara36 3749871201181189244701861821581501621465029330NRNRNR3936405840113637557860943840242038 Ahemednagar53 44458412912411999435315315816414715314249249303123293135394439108567587244992939241825 Khultabad51 343680119111107804345181NR1421351451355630320323036353449NR4787702608040833224211735 IslampurNR 404885127129120904270198181126143149121513432738292036393943431066536077NR985939352743 Kankavli43 3845911201191189744581911941561461511305334220292637403945464498666547948724742221658 Partur50 3240801151201108843562051871511501591484940110302056333443NR4787775NR8482924042191543 Gondia47 34367210289988242571691901451421671396225029232337373736503778820597933984954281927 Jalgaon44 364586117129115994364174186181144156151624482827213844385652561037075980671204742281637 Akola44 35458511612811597446518119316514816013958320262727433838476548110723607243874348221633 RajasthanJaipur45 3134711079492794551179190157152152NR4430314192338262845NR4977600588121722948392233 Jodhpur41 31338112411597834254195171NRNR151NR4825522313029NRNRNRNRNRNRNRNRNRNRNRNRNRNRNRNR Kota44 3032831351181069444571861511241441461095028422232335324447555089663606853803038311340 Udaipur45 3035791051071038147501871911591431591444731325231850353935603990569567741893332241440 Bharatpur45 273393120110109904458198165133154NRNR4729728202828273040654482637607521903738251240 Ajmer42 343475135120958540521701631541471481594330320181626262934NR3694567569443763635NR1639 Bikaner42 3236881201201108046511571571351451481535124010232326364050NR5080699559049803030222234 Bundi57 2934831211241171014558189178125144168NR50340222027252938357334110641609337803440332440 Rajsamand41 283588129114103784256228159120131124NR4629026202225292940594394522597743714035261536 Alwar44 303584125116102934757193158145147163NR4432625242428304045564484565566930864140251546 Banswara38 263394132124101884153170144143NR148NR4627724342230343746494797512578536884838361038 Baran40 323780135117107804150195144122123127NR41NRNR222215283240374589667556740903531341137 Barmer38 343486125114959043NRNR153120132NRNR44NR19193529293639554593617558144822858282243 Bhilwara51 2936951171119894435119517514515617515644287113238212933405341756055360369036362019NR Chhitorgarh42 3033931191191078643562021581341341371154527020262520293540564596582557845903655362441 Churu35 282890NR110NR824246173151145113NRNR4030515253025284032355080700558440100NR33401540 Dholapur41 273389120107102874657222170163151NRNR482151727283528NR38NR4198633628135813032231540 Dungarpur44 333289134116105864555166170145145149NR4527521323027383845804690618558142743441362243 Hanumangarh35 273583127112105854346215167167129129NR4031821303434NRNRNRNRNRNRNRNRNRNRNRNRNRNRNRNR Jaisalmer40 32338111812396824550194179152137152NR50260194030453034456246975706212038833734231342 Jalore44 343491113120105904254198154127154157NR4231015343424304041NR5096545607847984140291743 Jhalawar42 29338412911498854355193163144148158NR4328719252831283342514590665588030783139301840 Jhunjhunu43 263284NRNR108884452199142NRNR123NR52NR1833352524NR4148441035655676501003842252040 Karauli40 24328414411510594455219014112812913310140312221928192322403750106612608838943351221839 Nagaur35 34339512191949243521751571561571581464530917233025272830NR4193744NR92NR101NR35252334 Pali55 33329112912890754457201167167163162NR4323625312633303838NR47108507NR6253855935262141 RJ-Pratapgarh41 28327013210797834245172167146152NRNR4529819242625333639NR42103674606039704636251440 Sikar40 263286145123102924552170155117135151NR45305212533342430414744106558565655903043372248 Sirohi43 303873117118100804251203148127128130NR492501721285026NR43NR47926046211055962626251147 Sri Ganganagar45 283582142112102754653192150135135NRNR4426324202135NRNR34NR3278692NRNR33813031302446 Tonk45 273377138100100804554198159110NRNRNR4426714233515254040NR48110520587535854040351840 Sawai Madhopur48 273177140120NR984555227156143143148NR45292263035303235505050110551NR7240902554252540 EAST ZONEEAST ZONE  BiharPatna38 283282108109106804858NR1701511631761594727726172640NRNR39NR40100600568428904040251541 BhagalpurNR NRNRNRNRNRNRNRNRNRNRNRNRNRNRNRNRNRNRNRNRNRNRNRNRNRNRNRNRNRNRNRNRNRNRNRNRNR Purnia38 313673102109104774851NR171158160NR11644324181819335860426144110630558232973634251748 Darbhanga40 27427892115110804658NR187170159NR12146200302225505455304232100659607230903238262540 Gaya33 263881126106108824560NR1811351441421205534025232340NRNR35NR39110675598125843337231653 Muzzafarpur40 293381111116111814757NR18116416619713852287272121364947334535101600578329893640251447 Saran39 263680106108108824558NR178174173185NR46306262222454458386138103660586741813643291739 Munger38 273491145112121814457NR135NRNRNRNR4624028143418NRNR34NR40100584607929925440391655 Saharsa40 303592143115107834555NR168136137NRNR5227221193129NRNR40NR3793684557440955247371140 Madhubani39 2934831381161118246552161661601601691284527321212823NRNR334835109619576924823233241147 Rohtas (Sasaram)32 3538811051029885516619918817815918513154220282327513859375440100696608247792735171436 Motihari42 29338111011110882445519216818618019115945265182018443231344933108592537525792943241931 Samastipur38 2835851401171147745541651761301241501175330326212429303834733795617579340972576251150 Katihar40 323593128129109804659NR183127133146NR4830520233426NRNR33NR34110593NR72389822502013NR Araria32 253580140120110804660NR17615416519813250320201720406060356550100604607530902540301345 NawadaNR NRNRNRNRNRNRNRNRNRNRNRNRNRNRNRNRNRNRNRNRNRNRNRNRNRNRNRNRNRNRNRNRNRNRNRNRNR Khagaria42 283481105128110844742NR1641521671611534237529222043NRNR40NR40110617557628902550301430 Banka40 313785125104105744558NR1761571671681234121815173017NRNR35NR3999640558040833540301040 Arwal36 303581144115111794356NR1791761701781174828026203029NRNR32NR36100659559532802540241541 AurangabadNR NRNRNRNRNRNRNRNRNRNRNRNRNRNRNRNRNRNRNRNRNRNRNRNRNRNRNRNRNRNRNRNRNRNRNRNRNR Begusarai37 29357410411010575455523917116816015913946262141621355242355237108623587839962532201735 Bhojpur Ara43 24288010010595774652203198142145151NR5636230202335NRNR31NR33100681608022804545321447 Buxar29 2731801021001028044601981801721681771424034025181935415131553282703608423843930242040 Gopalganj37 26358112010810680435518716715014515211448233292120394344394340118659566633864340361154 Jamui39 283378103112113754560NR165148161NR12946242281823293958414843101623609020862636261650 Jehanabad28 293281113111108754555NR196185164NRNR5124424182337NRNR39NR40976605410019832440211555 Kaimur35 2732791091101097947572221891831651671265321420172545393935NR3987714608137823032201567 Kishanganj42 303680120120110804559NR1561611541701265830024242349386036NR4595598608333903430181252 Lakhisarai40 303674145114115904759NR154129142NR12945257272028225560454245105611609516853538291540 Medhepura39 293681111113109814757NR1661591641661334729319232731NRNR35NR35103619578033853337291443 Nalanda35 323487138123116834361213145125118159NR4738528212430507032603611060458824090354841NRNR Sheikhpura38 303593124114115804456NR145130136137122502452716253045NR385140110640587025953030401340 Sheohar39 2732791181211127645581701721561711811275023224222429NRNR364139109670557518822740191357 Sitamarhi23 262771100103101774762NR1651541701791384622328202057425133353195711587437792925131047 Siwan32 26307494102947347601741631551681571465221027232021474333513588742616626763141271448 Supaul39 293679121115111764655NR174128NRNR1194626512171829NRNR35NR35108580588428802656351553 VaishaliNR NRNRNRNRNRNRNRNRNRNRNRNRNRNRNRNRNRNRNRNRNRNRNRNRNRNRNRNRNRNRNRNRNRNRNRNRNR West Champaran38 28348112012011081445620518816715517811345260202222493541334539105567547638915155271747 JharkhandRanchi43 37358011411410980465825018215215916813251237282224473535383549113595598440905050301552 Gumla40 263683100981058048571761761871321541104721315191625NRNRNRNRNRNRNRNRNRNRNRNRNRNRNRNR Sahibganj45 3840100145130105904860165181161170159121552502018254540NR456040108659568030703033271340 Bokaro34 3537861551001108646571891721601641821455132225242838NRNR33NR40100709558925812842251360 Lohardaga36 313685110125110804561NR1551291401521274420326202530NRNR38314090651567325804230271138 Simdega48 NR39939698100764860NR1821661841711585025527302534NRNRNRNRNRNRNRNRNRNRNRNRNRNRNRNR Dhanbad40 3436781091151078146592421751521671811325125025202443355137504094714577642893441331846 Jamshedpur (East Singbhum) 40 353810013512512090NRNRNRNRNRNRNRNRNRNRNRNRNRNRNRNRNRNRNRNRNRNRNRNRNRNRNRNRNRNR Giridhi34 313682106102105754355NR1921651441641374030019252855413538374690600609633902941251555 Seraikella38 313979114121113754660187174155140145109532072519253042NR37NR4097600608631853137281352 West Singhbhum37 29368411912411679466020217816615416911753242242135NR425033493494625588941773031241050 Daltonganj36 2637981111161141014857NR178145158NR1365627020NRNRNRNRNR425441115622619838933639271635 Deoghar40 35369011012011080486017617517615417613250300301825305050456055100769608030904040301840 Ramgarh38 3638NR1181141127947NRNR1761621682011574627925202538NRNR31NR40108590587727832858271239 Pakur56 41458011710510289486123617816514818516365290302023454141494662115622607953992434241550 JamtaraNR NRNRNRNRNRNRNRNRNRNRNRNRNRNRNRNRNRNRNRNRNRNRNRNRNRNRNRNRNRNRNRNRNRNRNRNRNR Latehar39 26367910910899775260175173164163NR1304619330263157NRNR37NR53108719577933824333251462 Godda41 2936901301281239048631981811611651651436028030202550NRNR40NR451006776090401003838301943 Koderma39 3134821051121088046652031791471601931335520329242149NRNR37NR3892715658157823437201363 OdishaBhubaneshwar38 364678102100102804854NR189127NR1601405523027203040NRNR38494290NRNR8060853430201750 Cuttack41 3646769710191774954NR186133NR16211659260282126424142395142100743NR805286NR39241557 Sambalpur40 404575989597754854NR188132NR1591164824028202540404536503790671NR7240903535301560 Rourkela36 36367810199100784654NR1811371301641385118026232440373740404291529587648813036221548 Berhampur37 354095123122105754753NR188169NR17015749245272426NRNRNR384850NR703537060843548291446 Jeypore45 38388010098100804654NR1841371371631305023729202540404038454280736607540753035201249 Balasore38 4145761029893764654NR185159NR1581185624028182730NRNR41NR4293620578347932840281145 Baripada37 37428210710996784752NR167159NR166132542452619253035NR414442102630587839892845281461 Balangir39 373880102100102804654NR187135NR15911455NR29232550NRNR38NR4390714608077772735201540 Angul40 NR4677120107107784552NR171176NR1631464233728203040NR56435044103714588238814142311540 Boudhgarh32 384579153125117904255NR187119NR17216348NR27303024NRNRNRNR43736515784251004032NRNR40 Dhenkanal40 3544781009290784854NR187143NR165143533932919262850NR36494487696588440813432201245 Jagatsinghpur33 353880100110110804656NR181175NR1621154524025172540NRNR38NR38105600587257813832211360 Kandhamal35 404882120115110764758NR172176NR15613752NR27202520NRNR43444590689587025903533291050 KeonjharNR NRNRNRNRNRNRNRNRNRNRNRNRNRNRNRNRNRNRNRNRNRNRNRNRNRNRNRNRNRNRNRNRNRNRNRNRNR Malkangiri43 354088115115110834555NR196154NR1561265637422223220NRNR38354076699578035803441221445 Nabarangpur55 355090110119114874565152174161128144130574002719233240404840601207626171301072527211560 Nayagarh40 NR4285117118110854652NR179181NR1641335834026202542NRNR38434385651578467853344241440 NuapadaNR NRNRNRNRNRNRNRNRNRNRNRNRNRNRNRNRNRNRNRNRNRNRNRNRNRNRNRNRNRNRNRNRNRNRNRNRNR Paralakhemundi Gajapati54 NR43NR116NR106NR44NRNR181148NR149NR54188252025314259455445636376170301043140201656 Puri39 NR4281109106100794754NR176169NR1571315828024192433NRNR41NR4391675617550893642251548 Rayagada42 35498310411010580NRNR176177143NR165122NRNRNR222740NRNR48354988734617853833435261145 Sonepur36 NR4180110101105804644NR188165NR16611750NR10181830NRNR40NR5110171860842988292818950 Bhadrak36 NR4187110112110794758NR179176NR162139552882818234044NR37633985740607460803732241542 Jharsuguda40 444185107103111804654NR18114312716911950NR302527503944445846100692607260923839272143 Kendrapara37 364484105104100854454NR171150NR1541335127828182340NRNR40594387690607155842936221450 Jajpur38 40488010010890804856NR176181NR15212155NR25192540NRNR36NR41110659548458853640221360 Kalahandi40 374982114115110844653NR176159NR1661395139328212447NRNR403749100628NR8438822631231350 West BengalKolkata52 NR38821171201151054958NR1791691551691147026729203259NRNR37NR59102775628685863730231959 Siliguri38 3541891361491129246612021761541461681275719415233236364244554996679559237895141211346 Purulia37 NR38851181111059245571771741581491731455328127162245NRNR48NR58114651617352843446372055 Kharagpur44 34428411210811810053612211831481391731175926828222625NRNR44NR4294743568136843340211568 Rampurhat46 3240871451231159745561991631481511541105227122182936NRNR41NR4782637607238953740401436 Malda45 3044941421191201004858NR171NR1371461216231820192653NRNR39NR601025946284531004536311560 RaiganjNR NRNRNRNRNRNRNRNRNRNRNRNRNRNRNRNRNRNRNRNRNRNRNRNRNRNRNRNRNRNRNRNRNRNRNRNRNR Alipurduar37 NR4691132105109884664NR167NR1421791176723712183338NRNR37NR4185665638132883436241247 Asansol51 NR3877109115112774765NR1671521541631505130026182527NRNR37NR4897712587742734232331343 Balurghat47 293990123123103974651NR1751591471731284635028192250NRNR52NR4582586598442933934241560 Bankura40 NR3585124121115934760NR1861441341701325828518162533NRNR35NR5891577627941923132251239 Barasat52 3341941241161139646531791781801531651415826026192850565539655369624568173813228231233 Bardhaman52 NR408110811210510547582241801641331691354927727162446NRNR37NR4371699598460923531241258 Baruipur36 NR3780144122112884656NR1621441461521195325728212547NRNR37NR36NR598577245713651251332 Berhampore48 304090135124115984860NR1811601561701425525024212951NRNR35NR5890571587260883031251333 Chinsurah54 NR378211412511310348562121581471521591105226628172428555436566284577607240903134281856 Cooch behar48 NR39991431201161004860NR18115414216613770300302035355555394940119659608025844433301555 Howrah57 NR391001161201161085162NR191200170177NR6526530182541NRNRNRNR55117690588480833133311657 Jalapiguri40 3245891281351111035578NR1781431611791085830028223149NRNR33NR531027075972381005236271562 Jhargram47 NR3995129121120984660NR1701641551751314828128192541NRNR35NR6070671598452804855291464 Kalimpong44 353581151125118994667NR174136141181NR6238716263351NRNR39444199722NR90661017050311946 Krishnagar43 NR37951571071081034554NR1741561511511444524626213053NRNR35NR55NR557557765792531311740 Tamluk53 NR481001281221231094958NR177NR139168NR5629728223352NRNR38NR59113729627873893535281450 NORTH EAST ZONENORTH EAST ZONE  Andaman and NicobarPort Blair55 NR5092122130125955572NR183198NR1651547533020455065707060707011074760961501004940301560 Mayabunder53 NR68971221311221005774213189220NR1651547737021606595NRNR62999014076960120130924037251540 Car Nicobar54 NR711221701551311015573279NR182NR1701487832320556070NRNR70648211993060108NR944347382278 Arunachal pradeshItanagar39 NR4495152130118905074NR198176153184NR7440016253533NRNR45NR5299702578340795753301769 Namsai37 NR4590140120120975074NR154NR186154NR8028015303560NRNR40NR601206605996208050303018NR Pasighat50 NR501001301301001006078176220165172169NR8840020305070NRNR50NR53736925993701007583431560 Tawang45 4545100142143138985773NR208120137165NR10034020414252NRNR42NR5393684579250982883302862 AssamGuwahati41 334180115951008548702311881651481651436020013213162NRNR39NR41NRNRNR8340NR62NR211875 Barpeta35 39398211595828247741981831391451651326725510202953494342975283705637933834033281860 Tinsukia33 34418011090105874974NR203198170181NR6020010183043NRNR45NR4595NR639030803535252040 Dhubri34 NR3578114NR109854774NR21416215316714360180102025405065376550110747608430703040201560 Goalpara42 323991137120112914859NR1641601531641445138010203045NRNR38NR5797714608040974131311857 GolaghatNR NRNRNRNRNRNRNRNRNRNRNRNRNRNRNRNRNRNRNRNRNRNRNRNRNRNRNRNRNRNRNRNRNRNRNRNRNR Mangaldai45 33387810695113874870NR1651451411601646026912253520NRNR39NR42NRNRNR8430NRNRNR301755 Mushalpur40 40359512996118904873NR1931441451451375024310203557NRNR40NR50828176083418730NR211557 Udalguri41 NR419912997107854575NR192NR1451721455825711163317NRNR38NR3772687NR79228042NR211352 Bajali35 334090138105120904770164166NR1521741375936010203233NRNR3610345857876012035906160322560 Hojai37 NR409011010099824975NR1701261361701327022811212845NRNR35NR42826725778301013340301151 Jorhat40 3739831191151089350741812091611481611266020812202640NRNR55NR5480NRNR9240NRNRNRNR1252 Bongaigaon44 NR358211497110904770NR176152150165NR6032510203050NRNR37NR6076NRNR8440NR40NR301855 Morigaon40 404085125120112904874192167159152168143602401020303748NR41NR4898659608038752935251570 Sonari40 384095115NR1151004872NR197NR154NRNR7122012182640NRNR37NR6095NRNR8140754342301550 Tamulpur37 373686125108113894873NR179144139NR1165926710213545NRNR37NR5078740NR8138NRNRNR231057 Sivasagar48 405093123119117924874NR1932081651921575825311242737336350NR5790758619347774256321150 Biswanath Chariali35 NR3793122NR110924973NR148NR145NRNR6123310193232NRNR40NR45120NRNR80301005040302070 Dibrugarh37 NR3986119114109894974NR196156167186NR5825814222942NRNR41NR5790769608453823545301367 Karimganj37 NR4081118120105814872NR195NR129181NR6023314232950NRNR40NR65130NR599050NR37NR261548 Majuli47 NR3610213091118975070NR165NR131NRNR6026015252844NRNR40NR42120NRNR81407045NR321540 Sonitpur Tezpur37 3041901201001158547691631471671421621204931010212437NRNR40NR4580749NR844096NR60301780 Haflong35 NR4390130NR120905074NR176NR132198NR8027015253540NRNR45NR50907586090401104240251980 AS-Lakhimpur39 NR418412299113884872NR175155155157NR5617815212950NRNR43NR4388603597658813171311145 Diphu40 NR3985120110111904874NR158NR155NR137802371321343044503960591037146290201035742261765 Nalbari39 NR408512995110854873NR1781451651761565630310203040NRNR40NR4478813628440804350301562 South Salmara Mankachar38 393981141NR116804772NR19218117018114360230113230NR838541NR61NR807598432754947382164 Kamrup39 NR398212391103834772NR194NR1731901585320910182742NRNR38NR4580NR597820NR42NR241553 ManipurImphal51 48471031451271279456NR1541912191781931689525525334266495747586376714NR9478855133161448 ChandelNR NRNRNRNRNRNRNRNRNRNRNRNRNRNRNRNRNRNRNRNRNRNRNRNRNRNRNRNRNRNRNRNRNRNRNRNRNR JiribamNR NRNRNRNRNRNRNRNRNRNRNRNRNRNRNRNRNRNRNRNRNRNRNRNRNRNRNRNRNRNRNRNRNRNRNRNRNR KangpokpiNR NRNRNRNRNRNRNRNRNRNRNRNRNRNRNRNRNRNRNRNRNRNRNRNRNRNRNRNRNRNRNRNRNRNRNRNRNR SenapatiNR NRNRNRNRNRNRNRNRNRNRNRNRNRNRNRNRNRNRNRNRNRNRNRNRNRNRNRNRNRNRNRNRNRNRNRNRNR TamenglongNR NRNRNRNRNRNRNRNRNRNRNRNRNRNRNRNRNRNRNRNRNRNRNRNRNRNRNRNRNRNRNRNRNRNRNRNRNR ThoubalNR NRNRNRNRNRNRNRNRNRNRNRNRNRNRNRNRNRNRNRNRNRNRNRNRNRNRNRNRNRNRNRNRNRNRNRNRNR UkhrulNR NRNRNRNRNRNRNRNRNRNRNRNRNRNRNRNRNRNRNRNRNRNRNRNRNRNRNRNRNRNRNRNRNRNRNRNRNR MeghalayaShillong38 4040100147127120884974NR165168141NRNR6732030253250NRNR40NR40117680608147804753272187 Tura36 NR4397143NR120904974NR165NR1761871368029318273860NRNR43NR7090714588450735053272070 Jowai37 393990NRNR120874974NR154NR154NRNR8036015253833NRNR39NR3988651628347805045301670 SohraNR NRNRNRNRNRNRNRNRNRNRNRNRNRNRNRNRNRNRNRNRNRNRNRNRNRNRNRNRNRNRNRNRNRNRNRNRNR Mairang38 4038NRNRNR120855074NR154NR148NRNRNR36717253850NRNR40NR45100NR608460845050312098 Nongpoh34 NR3988145NR117875074NR155164152206NR7336015253850NRNR39NR4297651628443875065321977 Khliehriat39 454097137NR117854975NR155NR155NRNRNR32030283542NRNR45NR5283696607650785747281577 Williamnagar35 4035110170NR120905070NR197NR186NR1648032015254360NRNR38NR6590749578455804070202080 Nongstoin35 4343NRNRNR120885073NR163165161NRNRNR34715253745NRNR43NR43107651608060805255281590 Mawkyrwat35 4545NRNRNR120805074NR148NR143NRNRNR35016253750NRNR35NRNR107703608860915040401677 MizoramAizawl50 425010715313013393508025424223114323113710052030434568NRNR50NR70887036090659010090604068 Lunglei50 4350971371381321005080NR231165143NRNR97460304075107NRNR50NR86936046010011011310067502083 Kolasib49 404395160130128925580NR204NR12816414310047030404678NR4043NR781376596090709210083403545 Mamit50 NR4599149NR105955080NR207NR143NRNR128420302850120NRNR45NR939553759954498NR88534072 Champhai45 354590140NR1301005780NR176209165NRNR9352030505380NRNR45NR8090576601085297NRNR684060 Serchhip45 NR49107NRNR1301005080NR242NR141NR14311052030385090NRNR55NR801606336096531078090302353 Siaha55 NR501031571381481025580NR242219156NR110100250304060100NRNR5010095110631601009080NR60604093 Lawngtlai50 45501001601401401005080NR242NR143NR12111048030406080NRNR50NR801406606010080100NR906040100 Hnahthial50 4548NR1531571331005080NR220NR147NRNR120500303850107NRNR50NR9014062060967088NR90502080 Khawzawl53 354593143152130985282NR21614815614713613346030376090NRNR43NR8211061060986093NR90574290 Saitual54 4550100NR140NR1005580NR209NR154NRNR120513303250100NRNR50NR90100NR589580100NR90502290 NagalandKohima50 4550100170140130905074NR154176154NRNRNR34020304060NRNR50NR901006926084501109070501560 Dimapur45 4450701601121209055802091652201872091698035020304060NRNR45NR100160769678035757580501580 Tuensang37 3855100NRNR1209550NRNR176NR181NRNRNRNR20204040NRNR50NR50100NR589242NR3090503060 Mokochung50 NR58110160140120905074NR154176165209NR8034015304035NRNR60NR701207146090501005070382052 Chumukedima40 NR3590150122115905070NR156169178165NR7831718224050NRNR40NR83127657701104795NR77373248 Mon40 NR60100NRNR125975070NR154NR165NRNR8034018255050NRNR60NR70NRNR608050NRNR65502050 Peren38 404090NR120120905070NR148NR164NRNR9032020274360NRNR57NR70113651609647903570432050 Phek40 5050100NR140NR1005072NR160NR170NRNRNR35020406060NRNRNRNRNRNRNRNRNRNRNRNRNRNRNRNR Tseminyu50 NR57NRNRNR1371005570NR161NR163NRNRNR37715304753NRNR53NR8090714608850NRNR904219NR Wokha52 NR6797NRNR120975074NR158NR158NRNRNR30015304050NRNR70NR801006926084501006065401570 Zunheboto55 NR50NR140NR110904575NR165NR154NRNR6024018305060NRNR55NR75NR703NR82601203070402560 Kiphire38 NR601251551501251005373NR148NR165NRNR7334719274743NRNR47NR8595648658055959575551540 Longleng38 4050NR150NR1201005075NR163NR165NRNR8035020254860NRNR62NR72120720609660NRNR75501550 Niuland40 NR40NR145110120855065NR154NR165NRNRNR28015254050NRNR40NR5590NR608030NR4060401525 Shamator40 4060100150NR1001005080NR154NR154NRNR8235720305050NRNR60NR771276886090401003595502045 Noklak40 5063120NRNR1401005580NR165NR165NR13280NR20306057NRNR60NR821307695991601006280352050 SikkimGangtok45 3840100NRNR120905065NR186165135192NR6028020303550NRNR45NR70120680629660775060302370 Gyalshing45 353690NRNR120905068NR198165165176NR6030020253550NRNR42NR70120680628460855535251545 Namchi45 404090NRNR120955068NR198165148176NR6036023303545NRNR40NR80120747628070905060301570 Soreng45 404590NRNR120905568NR198159165NRNR6035020304050NRNR4540801206516296801007070301970 Mangan45 3842100NRNR130905564NR187176176NRNR6046020254050NRNR40NR70120792609660904250302370 Pakyong54 4040110NRNR130905568NR198137176176NRNR30024304550NRNR45NR70120747629645905060302380 TripuraAgartala39 NR41831111141091015075NR1901701701871497023310252960NRNR41NR4992670619053924138291170 Dharmanagar38 NR43831151181101055174NR165NR154NR1486223710243050NRNR43NR4595710608248853940251560 Belonia41 NR43851131181111035078NR192NR1741881537024313253058NRNR45NR5198676619260974541291272 TR-UdaipurNR NRNRNRNRNRNRNRNRNRNRNRNRNRNRNRNRNRNRNRNRNRNRNRNRNRNRNRNRNRNRNRNRNRNRNRNRNR SOUTH ZONESOUTH ZONE  Andhra PradeshVijaywada46 434581112113106874660175156148NR16712654287163122304143425745103586586832882247232350 Visakhapatnam49 3942881091111138546571741891511391651395930822232827414339454392710577231883439231550 Kurnool58 4345841181151239243581651911491781581145533219362122393943604393799617332924248251333 Tirupathi54 43458612812112091445820020316315216515663308242925NR394339424788659556360852340342542 JammalamaduguNR NRNRNRNRNRNRNRNRNRNRNRNRNRNRNRNRNRNRNRNRNRNRNRNRNRNRNRNRNRNRNRNRNRNRNRNRNR DharmavaramNR NRNRNRNRNRNRNRNRNRNRNRNRNRNRNRNRNRNRNRNRNRNRNRNRNRNRNRNRNRNRNRNRNRNRNRNRNR OngoleNR NRNRNRNRNRNRNRNRNRNRNRNRNRNRNRNRNRNRNRNRNRNRNRNRNRNRNRNRNRNRNRNRNRNRNRNRNR BapatlaNR NRNRNRNRNRNRNRNRNRNRNRNRNRNRNRNRNRNRNRNRNRNRNRNRNRNRNRNRNRNRNRNRNRNRNRNRNR RajahmundryNR NRNRNRNRNRNRNRNRNRNRNRNRNRNRNRNRNRNRNRNRNRNRNRNRNRNRNRNRNRNRNRNRNRNRNRNRNR Eluru43 455394118103119984865166168159NR16312452250253028294045455446100722606325903337201331 Guntur50 476277110120110854462166185154NR16513255340122324243856555151110615587240903040201740 Amalapuram55 4548871051161098747651731861581761631205428030302530343445454997658607735903539202035 Nandyala51 4340811121101128444581751871531541621356537316252525323441454285714647530902839151726 ParvathipuramNR NRNRNRNRNRNRNRNRNRNRNRNRNRNRNRNRNRNRNRNRNRNRNRNRNRNRNRNRNRNRNRNRNRNRNRNRNR Sri Sathya SaiNR NRNRNRNRNRNRNRNRNRNRNRNRNRNRNRNRNRNRNRNRNRNRNRNRNRNRNRNRNRNRNRNRNRNRNRNRNR Nellore52 4845851101001071024558165188143NR1621266027026302222374344484484824606729833334221823 SrikakulamNR NRNRNRNRNRNRNRNRNRNRNRNRNRNRNRNRNRNRNRNRNRNRNRNRNRNRNRNRNRNRNRNRNRNRNRNRNR Vizianagaram46 454272959599764560164186131NR1511156027025211921364037413974648606831633030211729 KarnatakaBengaluru44 414279971001028450541591771351521621305724219181916404244444193636597742803434341437 Dharwad46 4043821001141088642541621581031421371304526826352230534553584888630587260753447361545 Mangalore52 4344821131291129142551921751391631501335320215332928395944464690640577850843236231768 Mysore47 4755821091101119143481711901971641591536334821382429475656484078593597341874142351759 Bengaluru (East Range)48 4636881221161139148501521761481631671355825520352722494042444092666608057833252311940 Belagavi40 344180991001028450541761771181521731334225816272625553235383780721546234802960171136 Kalaburagi53 3340831121201178343601711501671281501334818615322016414139473997699605835692557191535 Tumakuru47 424376961051058545541921981321631621305322721292019405241474385637596920832648221549 Bellary41 424176981061038841542001761361501561315830824291928384038474397693576629822527261856 Dhavanagere55 4350821081151098645531962031461471651316129328312815515645544694603577241743943231629 Shivamogga50 42488811212811098445419818014514014413550240282023154752464552109630587631803345281545 Vijayapur48 4242881091201209042542152091301591721414824014312123344041504175553606964904947391249 Ramanagara56 44469312012210090444820219413913715814451188154229304544474243100613627540903350211550 Raichur53 43458010911210586446218418517816215913053213152822214849454646916035271371125049401745 Chamarajanagar50 41421001201131139242471911761361261651214018018272216485454475892516546045753670451648 Kolar46 3742891201111088945551811701551451581225522715252618464544424290724607540903341321845 Haveri45 4045801001301209043641541981481481591154425213303030404040454080714606425803040321535 Bagalkot49 4444821081361139342561941781181521341164424520403120NRNRNRNRNRNRNRNRNRNRNRNRNRNRNRNR Bidar50 40458412012011084426018317213512914512945270123822375240456042100604637360904040301544 Koppal41 3440861091171109342551761521341441571504523015452529333542464395610607045903536221567 Mandya37 414581106122107101444618917911915014111351251153025304143454243100610607840813038171540 Yadgir40 40377595106106834559192181158148171136481851130253041554747471066756272421055337271948 Chikkamagalur44 3945911111251138944521841881471441531275320717312316454647445195606647242873951241540 Bangalore Rural43 3751861311221068245502001541161411491055525417312521543848415298653607324813650242048 Chikkaballapur44 4543841131131128745552241821501421591315229315222629414145404593689617728803136191536 Chitradurga54 4050801081121088644621781961431411361236428026402035425050455292593636460703650252060 Gadag53 394475108127927443571631571331371411254422514352522394045444496629626839863936331832 Hassan41 4647811131271179346542191911531581601216024222312523524550455495678608441924539331640 Kodagu39 40458910911810891465418817014214514612751245193329333741434645102624587339643135191640 Udupi51 4646961301341189445501801851451481721225615417283426324344454087579567040815251282074 Uttara Kannada45 464599121135120100454823319317115617514052273203832374551444645107677587855893640211969 Vijayanagara52 4346811131201109545531981761431341481354720613262119374540424389661626540793637191749 KeralaT.Puram56 44449212112412890475224220920014417613273260153831304555485042100NR6579431103250251860 Ernakulam51 4143103127124128964656220200187NR170140632281543304450604759NR108744668140803840201658 Kozhikode47 5044107128133138974653236213159NR1651405824015302838NRNR465047103721NR8450822940141364 Thrissur49 4753104123121122964554NR196192NR16714158243164029354948495852115761587843853243151570 Palakkad42 474389106107116844550214190194NR1591365320014403038535047464888698608039793041151559 Wayanad47 54491051361311341054652NR228212NR1781496424118352839NRNR526351121784628145843050191949 Kasargod47 55581361451441311164462NRNR209NR1611285424015302729NRNR495347113797568038803348351860 Kottayam55 4446102145121118964656NR234193NR1691356623816352543NRNR515851116707637855843941301550 Pathanamthitta56 3846110131123138974753NRNR212NR1761607224715382840NRNR5157NR140692627960803148241870 Alapuzha46 49681161451331451254652NRNR198NR1641396421814382839NRNR526660NR7676585531012945171860 Kollam44 464593130129130904752NR229186NR1681326324015423049554848555373716648053934045191760 Idukki54 454592130NR117904660NR192197NR1561337320714423350NRNR495445110747628050803040201657 Kannur50 51481091331401411024556NRNR189NR16414659273183629314545475248113738587448873551251764 Malapuram49 NR4491130134129974456237207192NR17214559233133428405555474748112747628448812736171350 PuducherryPuducherryNR NRNRNRNRNRNRNRNRNRNRNRNRNRNRNRNRNRNRNRNRNRNRNRNRNRNRNRNRNRNRNRNRNRNRNRNRNR Tamil NaduChennai60 434380118113112854540178210156NR1601236930027403740445547464690885628460832936191450 Madurai58 476884121119111924745193NR193NR169NR59263304141373743595151117809678045913748211492 Dindigul60 476282116112117824845205211167NR15612857300183227323841554755104840698422935349211357 Thiruchirapalli51 485590121112121974747195220167NR15612662311283532363751545054103721607844873534211358 Coimbatore46 454687122112114854640208175168NR16414064280274328313952525154103724617748883436171450 Tirunelveli48 476494120122120904642220198196NR15912059255273431354360626062102798627658853336171350 Cuddalore57 504085121117115994247190183189NR16012754293274232283851444746125691617345782548181643 Dharmapuri54 474384113115110884543220NR147NR16713858270253533314254504550111690697936943847311458 Vellore56 464682120113116884540181208174NR16412562NR2829303441464749491097696078609030391913NR Ramanathapuram61 4145791031091051014644199NR166NR16412051281295141364046414955117787697351813432171450 ErodeNR NRNRNRNRNRNRNRNRNRNRNRNRNRNRNRNRNRNRNRNRNRNRNRNRNRNRNRNRNRNRNRNRNRNRNRNRNR Karur57 536186114123107924447220182166NR16213260297174232353947585256113700657940863144292360 Perambalur48 NR6488112112108864744188189158NR16714056NR293736424261555058113676607241873139181468 Pudukkottai51 486588115117118NR4845224NR202NR16313258NR284030504351425053115709617518952642191460 Sivagangai53 446592119118117894644202NR203NR16413556290275030503953555361112763757850813040161451 Thanjavur53 475087120118119904744196220167NR15912458280273532383750484848127868687855894143231367 The nilgiris58 484895127128128924754220209165NR1651316820330573037494950535589759628445992775372948 Thoothukudi51 456585115115110904546214198181NR15613260320103530353550605062110767618444902938151250 Viluppuram50 474186112105107834550173199159NR16113557NR27353030354042504693765637448822633201255 Virudhunagar61 476579102102108835045223206203NR16615057293284232374553545757107693577537813436131362 Kanniyakumari60 395378103103104774741192187154NR15912655258253025353239375240109500608138792428151341 Namakkal63 476193115115117984644200193178NR15912656NR264035404140514947120664707252773439251258 Tiruvannamalai51 516185122118114884644188182183NR15813059310273833374154474643108799NR7455873246191253 Tiruvarur63 486584119113112NR4344240146183NR15714152NR253540224650485162122863656035894937221683 TiruppurNR NRNRNRNRNRNRNRNRNRNRNRNRNRNRNRNRNRNRNRNRNRNRNRNRNRNRNRNRNRNRNRNRNRNRNRNRNR Tenkasi56 465986112114107NR4746219NR171NR15112458275223030403652575858103780667840883744271357 Nagapattinam51 466696123121125964744194200188NR16212959NR254025404850495351115846668145943757261560 Krishnagiri55 464186115115117894441202202155NR1591385931528292934384043484389652557840962650291255 Ariyalur55 NR6389118115110904744198192175NR16213060293264538375655606065119839657240893049151455 Kallakurichi53 496586108107110774545211191156NR16012857NR29353035354547464797864747439872837201344 Kancheepuram55 516686123118120964544187187177NR15912365NR273535324060514950112776607848833240191452 SalemNR NRNRNRNRNRNRNRNRNRNRNRNRNRNRNRNRNRNRNRNRNRNRNRNRNRNRNRNRNRNRNRNRNRNRNRNRNR Theni59 445987110113108844648219199149NR1491195427716333329395251527889722717833853149271259 ChengalpattuNR NRNRNRNRNRNRNRNRNRNRNRNRNRNRNRNRNRNRNRNRNRNRNRNRNRNRNRNRNRNRNRNRNRNRNRNRNR Mayiladuthurai59 506595137117113NR4545179231209NR157130603402733333045454650631238306584301035360301460 RanipetNR NRNRNRNRNRNRNRNRNRNRNRNRNRNRNRNRNRNRNRNRNRNRNRNRNRNRNRNRNRNRNRNRNRNRNRNRNR Tirupattur54 424585117109114874540180NR173NR1661215728528352528364746394693819606943883339231450 Tiruvallur54 426491137120110904540195186162NR1641325929827403530366059447092718608355893045231349 TelanganaHyderabad56 38407510410910879395215918314615015912251275202830303350395042965595867351034832181448 Karimnagar49 354281119120107814160165182144NR1621155429920292828404142504297583597138993334161540 Warangal62 44449011912311087406018019211412114713655274173123263738405438835606065361144735181328 Adilabad54 39417510710910783426016215314716115912458290232525383332394535795845565481035035211533 Suryapet51 42468912812511895385616018115915416512352269202921223352414738885776062351034836191444 Jadcherla55 3650881261271179539571771481551231491375529218361929333634533678527536331904337181534 Khammam57 4141901261261169540621661531191481561375229920292323333634493486513NR6432994345201536 Medchal43 42438412911311482405716217913413616214144242172718243334354635795365564361104634211344 Nizamabad55 3841871221211198640551781781711481591385027519312627324035463580621616032964731181640 Sangareddy58 414190119124110904360167159133NR15713353342203924353339384942865575967291034537191451 LadakhLeh55 NRNR1401831501281305060NR220NRNRNRNR8048030485363NRNR68NR441237205880631033863401790 Kargil45 NR451201801301201106060NR220187187NRNR606003040506060NR50NR501206596072601006879481697 Commodity NameCommodity NameRiceRiceWheatAtta (Wheat)Gram DalTur/Arhar DalUrad DalMoong DalMasoor DalSugarMilk @Groundnut Oil (Packed)Mustard Oil (Packed)Vanaspati (Packed)Soya Oil (Packed)Sunflower Oil (Packed)Palm Oil (Packed)GurTea LooseSalt Pack (Iodised)PotatoOnionTomatoBajra(whole)Jowar(whole)Maida(wheat)Ragi(whole)Suji(whole)BesanDesi GheeButter(Pasteurised)EggsBrinjalBlack Pepper(whole)Coriander(whole)Cummin Seed(whole)Red Chillies(whole)Turmeric(powder)BananaGIngerGarlic  Average Price1Average Price142.75 31.336.6686.31121.69115.76110.8388.1445.9458.92188.94173.8156.01146.49159.94130.9455.5271.8421.4825.6528.1338.4137.4842.8341.5153.4946.4897.16658.7658.9478.0140.8487.0337.3542.9928.0916.2449.63 Maximum Price1Maximum Price163 5571140183157148130628227924223118723117713360032607512083857010310016093075120150120100956842120 Minimum Price1Minimum Price123 22277092848171384015213510311312288351521011111523223031306349552451663222413923 Modal Price1Modal Price140 283580120120110904560195170.51521481591325024020202540354040504090714607240903040301540 Source:- State civil supplies Dept.Note:- All India Consumption Weighted Average Prices of Oils w.e.f 23-Feb-2022 and Wheat and Atta w.e.f 25-Feb-2023 NR -> Not Reported Unit for Black Pepper (powder),Coriander (powder),Cummin Seed (powder),Red Chillies (powder),Turmeric (powder),Butter (Pasteurised) - Rs/100gm Unit for Eggs - Rs/Dozen Developed by:- National Informatics Centre(NIC)",,,,,,,,,,,,,,,,,,,,,,,,,,,,,,,,,,,,,,,,,,,2025-07-03
"Source:- State civil supplies Dept.Note:- All India Consumption Weighted Average Prices of Oils w.e.f 23-Feb-2022 and Wheat and Atta w.e.f 25-Feb-2023 NR -> Not Reported Unit for Black Pepper (powder),Coriander (powder),Cummin Seed (powder),Red Chillies (powder),Turmeric (powder),Butter (Pasteurised) - Rs/100gm Unit for Eggs - Rs/Dozen Developed by:- National Informatics Centre(NIC)",,,,,,,,,,,,,,,,,,,,,,,,,,,,,,,,,,,,,,,,,,,2025-07-03
Source:- State civil supplies Dept.,Note:- All India Consumption Weighted Average Prices of Oils w.e.f 23-Feb-2022 and Wheat and Atta w.e.f 25-Feb-2023,NR -> Not Reported,,,,,,,,,,,,,,,,,,,,,,,,,,,,,,,,,,,,,,,,,2025-07-03
"Unit for Black Pepper (powder),Coriander (powder),Cummin Seed (powder),Red Chillies (powder),Turmeric (powder),Butter (Pasteurised) - Rs/100gm","Unit for Black Pepper (powder),Coriander (powder),Cummin Seed (powder),Red Chillies (powder),Turmeric (powder),Butter (Pasteurised) - Rs/100gm",,,,,,,,,,,,,,,,,,,,,,,,,,,,,,,,,,,,,,,,,,2025-07-03
,Unit for Eggs - Rs/Dozen,,,,,,,,,,,,,,,,,,,,,,,,,,,,,,,,,,,,,,,,,,2025-07-03
Developed by:- National Informatics Centre(NIC),Developed by:- National Informatics Centre(NIC),,,,,,,,,,,,,,,,,,,,,,,,,,,,,,,,,,,,,,,,,,2025-07-03
,,,,,,,,,,,,,,,,,,,,,,,,,,,,,,,,,,,,,,,,,,,2025-07-03
