State,Centre,Rice,Broken Rice,Wheat,Atta (Wheat),Gram Dal,Tur/Arhar Dal,Urad Dal,Moong Dal,Masoor Dal,Sugar,Milk @,Groundnut Oil (Packed),Mustard Oil (Packed),Vanaspati (Packed),Soya Oil (Packed),Sunflower Oil (Packed),Palm Oil (Packed),Gur,Tea Loose,Salt Pack (Iodised),Potato,Onion,Tomato,Bajra (whole),Jowar (whole),Maida (wheat),Ragi (whole),Suji (whole),Besan,Desi Ghee,Butter (Pasteurised),Eggs,Brinjal,Black Pepper (whole),Coriander (whole),Cummin Seed (whole),Red Chillies (whole),Turmeric (powder),Banana,Ginger,Garlic,Date
Unit,Qty,1 Kg,1 Kg,1 Kg,1 Kg,1 Kg,1 Kg,1 Kg,1 Kg,1 Kg,1 Kg,1 ltr,1 Kg,1 Kg,1 Kg,1 Kg,1 Kg,1 Kg,1 Kg,1 Kg,1 Kg,1 Kg,1 Kg,1 Kg,1 Kg,1 Kg,1 Kg,1 Kg,1 Kg,1 Kg,1 Kg,100 gm,Dozen,1 Kg,100 gm,250 gm,100 gm,100 gm,50 gm,1 Kg,100 gm,100 gm,2025-09-12
Average Price,Average Price,43.08,,31.55,36.96,87.52,116.28,114.22,110.51,89.55,46.43,59.24,188.38,188.85,156.53,147.18,162.44,132.16,56.94,273.06,21.4,25.41,27.69,41.96,37.92,43.17,41.75,53.59,46.89,96.8,669.8,59.32,77.46,42.77,87.29,36.89,41.93,27.58,16.28,49.25,,,2025-09-12
Maximum Price,Maximum Price,64,,54,69,140,182,170,148,133,60,85,254,249,231,198,253,190,135,600,33,52,60,120,83,85,70,103,100,160,916,75,120,160,120,100,95,68,40,100,,,2025-09-12
Minimum Price,Minimum Price,28,,23,28,70,90,82,84,70,40,40,143,136,103,113,127,95,40,163,10,12,9,13,23,22,29,30,30,65,506,45,49,18,57,21,24,13,10,24,,,2025-09-12
Modal Price,Modal Price,40,,28,35,85,110,110,110,90,45,60,184,192,148,143,165,132,55,240,20,20,25,40,35,40,40,50,40,90,659,60,72,40,90,30,40,25,15,50,,,2025-09-12
NORTH ZONE,NORTH ZONE,,,,,,,,,,,,,,,,,,,,,,,,,,,,,,,,,,,,,,,,,,2025-09-12
Chandigarh,Chandigarh,42,,34,39,87,118,114,110,89,46,59,211,205,171,164,180,145,56,270,28,25,31,50,38,43,42,54,46,96,732,59,77,40,87,37,43,28,16,50,,,2025-09-12
Delhi,Delhi,39,,32,35,85,118,130,117,88,45,57,205,209,165,157,176,150,60,263,27,28,33,48,32,40,36,52,39,102,553,58,74,53,90,36,34,30,14,37,,,2025-09-12
Haryana,Hisar,40,,29,33,85,124,109,108,85,45,61,209,183,161,149,182,128,51,243,28,23,28,43,27,37,39,62,40,90,626,60,76,50,82,40,39,34,15,65,,,2025-09-12
Haryana,Karnal,40,,29,33,83,110,100,105,95,44,70,204,187,161,121,178,126,52,270,28,21,25,49,32,42,34,52,35,90,687,60,72,39,74,30,NR,20,12,60,,,2025-09-12
Haryana,Panchkula,41,,32,44,92,139,109,120,94,49,68,201,161,170,134,141,124,56,217,27,26,31,55,26,38,32,55,40,85,607,54,70,30,80,35,40,35,20,51,,,2025-09-12
Haryana,Gurgaon,NR,,NR,NR,NR,NR,NR,NR,NR,NR,NR,NR,NR,NR,NR,NR,NR,NR,NR,NR,NR,NR,NR,NR,NR,NR,NR,NR,NR,NR,NR,NR,NR,NR,NR,NR,NR,NR,NR,,,2025-09-12
Himachal Pradesh,Shimla,40,,NR,32,83,115,128,110,82,49,60,242,220,176,156,NR,NR,52,250,30,30,30,40,38,NR,39,NR,40,108,703,58,72,50,87,40,49,25,17,52,,,2025-09-12
Himachal Pradesh,Mandi,38,,NR,36,84,112,123,109,83,48,50,226,216,174,155,171,NR,52,270,30,30,35,47,37,NR,35,NR,35,100,676,60,71,45,89,45,43,30,16,60,,,2025-09-12
Himachal Pradesh,Dharamshala,32,,NR,29,84,128,124,119,89,47,40,NR,219,175,170,NR,NR,51,230,28,20,30,40,32,NR,34,55,40,93,590,59,70,40,97,49,42,34,15,60,,,2025-09-12
Himachal Pradesh,Solan,37,,NR,33,83,112,119,107,84,47,57,203,211,170,150,181,NR,52,240,30,28,30,37,32,35,37,NR,37,102,630,60,80,53,87,40,37,33,19,50,,,2025-09-12
Himachal Pradesh,Una,40,,NR,29,84,105,111,107,91,46,69,NR,180,172,132,NR,NR,54,229,29,20,30,41,34,NR,34,NR,34,88,676,59,83,44,89,44,35,31,14,54,,,2025-09-12
Himachal Pradesh,Bilaspur-hp,35,,NR,34,85,109,124,111,85,48,64,NR,187,166,136,NR,NR,47,235,29,30,32,40,30,NR,37,58,35,84,699,60,84,60,84,32,28,28,12,49,,,2025-09-12
Himachal Pradesh,Chamba,35,,NR,35,84,121,120,115,84,50,55,NR,187,166,157,NR,NR,55,235,29,27,37,49,42,57,38,68,37,89,652,58,84,50,84,43,38,39,19,56,,,2025-09-12
Himachal Pradesh,Hamirpur-HP,40,,NR,32,82,109,116,105,82,48,67,NR,212,164,146,NR,NR,52,265,30,29,28,38,37,45,36,NR,35,83,573,60,75,50,87,40,37,30,14,50,,,2025-09-12
Himachal Pradesh,Kullu,40,,NR,36,86,113,114,112,86,48,40,NR,218,167,132,NR,NR,48,260,30,28,40,40,NR,NR,35,NR,35,103,711,60,80,67,90,35,34,25,15,60,,,2025-09-12
Himachal Pradesh,Sirmour,NR,,NR,NR,NR,NR,NR,NR,NR,NR,NR,NR,NR,NR,NR,NR,NR,NR,NR,NR,NR,NR,NR,NR,NR,NR,NR,NR,NR,NR,NR,NR,NR,NR,NR,NR,NR,NR,NR,,,2025-09-12
Himachal Pradesh,Kinnaur,38,,NR,35,79,115,110,103,80,49,50,NR,208,172,148,NR,NR,50,290,29,30,40,63,NR,NR,40,NR,42,87,572,58,100,60,81,47,38,37,14,57,,,2025-09-12
Himachal Pradesh,Lahaul & Spiti,45,,NR,44,98,123,125,123,97,52,52,NR,197,175,NR,NR,NR,52,480,28,40,47,55,NR,NR,34,NR,36,79,600,55,73,55,82,26,32,26,15,68,,,2025-09-12
Jammu and Kashmir,Srinagar,NR,,NR,NR,NR,NR,NR,NR,NR,NR,NR,NR,NR,NR,NR,NR,NR,NR,NR,NR,NR,NR,NR,NR,NR,NR,NR,NR,NR,NR,NR,NR,NR,NR,NR,NR,NR,NR,NR,,,2025-09-12
Jammu and Kashmir,Jammu,NR,,NR,NR,NR,NR,NR,NR,NR,NR,NR,NR,NR,NR,NR,NR,NR,NR,NR,NR,NR,NR,NR,NR,NR,NR,NR,NR,NR,NR,NR,NR,NR,NR,NR,NR,NR,NR,NR,,,2025-09-12
Jammu and Kashmir,Poonch,51,,35,47,117,172,123,125,121,57,73,NR,222,194,189,NR,NR,60,340,31,30,38,57,NR,NR,50,NR,57,122,705,60,84,54,80,48,30,27,15,74,,,2025-09-12
Jammu and Kashmir,Kupwara,NR,,NR,NR,NR,NR,NR,NR,NR,NR,NR,NR,NR,NR,NR,NR,NR,NR,NR,NR,NR,NR,NR,NR,NR,NR,NR,NR,NR,NR,NR,NR,NR,NR,NR,NR,NR,NR,NR,,,2025-09-12
Jammu and Kashmir,Udhampur,NR,,NR,NR,NR,NR,NR,NR,NR,NR,NR,NR,NR,NR,NR,NR,NR,NR,NR,NR,NR,NR,NR,NR,NR,NR,NR,NR,NR,NR,NR,NR,NR,NR,NR,NR,NR,NR,NR,,,2025-09-12
Jammu and Kashmir,Shopian,NR,,NR,NR,NR,NR,NR,NR,NR,NR,NR,NR,NR,NR,NR,NR,NR,NR,NR,NR,NR,NR,NR,NR,NR,NR,NR,NR,NR,NR,NR,NR,NR,NR,NR,NR,NR,NR,NR,,,2025-09-12
Jammu and Kashmir,Samba,NR,,NR,NR,NR,NR,NR,NR,NR,NR,NR,NR,NR,NR,NR,NR,NR,NR,NR,NR,NR,NR,NR,NR,NR,NR,NR,NR,NR,NR,NR,NR,NR,NR,NR,NR,NR,NR,NR,,,2025-09-12
Jammu and Kashmir,Ramban,NR,,NR,NR,NR,NR,NR,NR,NR,NR,NR,NR,NR,NR,NR,NR,NR,NR,NR,NR,NR,NR,NR,NR,NR,NR,NR,NR,NR,NR,NR,NR,NR,NR,NR,NR,NR,NR,NR,,,2025-09-12
Jammu and Kashmir,Rajouri,NR,,NR,NR,NR,NR,NR,NR,NR,NR,NR,NR,NR,NR,NR,NR,NR,NR,NR,NR,NR,NR,NR,NR,NR,NR,NR,NR,NR,NR,NR,NR,NR,NR,NR,NR,NR,NR,NR,,,2025-09-12
Jammu and Kashmir,Kishtwar,NR,,NR,NR,NR,NR,NR,NR,NR,NR,NR,NR,NR,NR,NR,NR,NR,NR,NR,NR,NR,NR,NR,NR,NR,NR,NR,NR,NR,NR,NR,NR,NR,NR,NR,NR,NR,NR,NR,,,2025-09-12
Jammu and Kashmir,Doda,NR,,NR,NR,NR,NR,NR,NR,NR,NR,NR,NR,NR,NR,NR,NR,NR,NR,NR,NR,NR,NR,NR,NR,NR,NR,NR,NR,NR,NR,NR,NR,NR,NR,NR,NR,NR,NR,NR,,,2025-09-12
Jammu and Kashmir,Baramulla,38,,33,43,97,142,123,115,95,50,49,NR,205,192,174,204,NR,NR,375,28,30,30,48,NR,NR,42,NR,45,120,709,60,65,39,93,35,48,28,19,65,,,2025-09-12
Jammu and Kashmir,Reasi,NR,,NR,NR,NR,NR,NR,NR,NR,NR,NR,NR,NR,NR,NR,NR,NR,NR,NR,NR,NR,NR,NR,NR,NR,NR,NR,NR,NR,NR,NR,NR,NR,NR,NR,NR,NR,NR,NR,,,2025-09-12
Jammu and Kashmir,Kathua,NR,,NR,NR,NR,NR,NR,NR,NR,NR,NR,NR,NR,NR,NR,NR,NR,NR,NR,NR,NR,NR,NR,NR,NR,NR,NR,NR,NR,NR,NR,NR,NR,NR,NR,NR,NR,NR,NR,,,2025-09-12
Punjab,Amritsar,40,,28,32,88,120,132,115,92,45,55,220,196,165,154,183,NR,57,275,29,20,26,35,37,40,40,58,39,93,648,61,75,55,95,35,33,29,13,50,,,2025-09-12
Punjab,Ludhiana,37,,27,36,83,132,127,117,100,46,62,207,200,161,156,183,NR,58,280,27,19,30,40,37,48,39,62,42,97,560,57,64,57,88,37,42,23,20,47,,,2025-09-12
Punjab,Bathinda,40,,28,32,88,118,132,115,92,45,57,220,200,165,154,187,132,57,267,29,20,27,35,35,38,40,57,40,95,646,60,75,52,92,40,33,28,13,43,,,2025-09-12
Punjab,Barnala,40,,26,32,90,112,118,108,97,47,65,214,191,154,126,167,124,50,293,30,24,30,37,33,40,40,NR,41,92,688,60,69,60,93,37,36,28,15,50,,,2025-09-12
Punjab,Hoshiarpur,36,,28,35,81,111,110,112,112,52,70,220,194,179,134,137,131,57,283,25,19,28,37,43,29,45,63,44,99,626,56,69,53,99,49,45,34,15,64,,,2025-09-12
Punjab,Faridkot,40,,28,32,88,119,132,117,93,45,55,227,205,167,132,183,134,57,283,29,19,27,37,36,42,39,55,39,90,650,60,76,58,95,37,35,28,14,47,,,2025-09-12
Punjab,Mansa,40,,27,33,90,122,128,117,92,46,65,NR,185,172,152,176,135,60,278,29,25,28,37,35,41,39,62,38,93,637,60,68,55,90,40,38,28,16,53,,,2025-09-12
Punjab,Sri Muktsar Sahib,40,,28,32,82,122,125,113,93,44,63,211,176,161,128,174,128,55,280,28,22,26,40,31,52,39,68,40,90,615,60,71,47,88,34,34,25,13,42,,,2025-09-12
Punjab,Dera Bassi,40,,27,31,88,125,130,120,93,46,60,NR,192,170,159,NR,NR,57,257,28,19,30,42,40,38,35,63,40,88,637,60,72,40,97,42,38,37,17,50,,,2025-09-12
Punjab,Sangrur,40,,27,31,83,130,130,110,89,45,60,222,196,160,152,165,142,48,263,28,17,25,35,35,45,40,67,40,88,611,58,70,50,93,40,46,32,15,50,,,2025-09-12
Punjab,Ropar,40,,28,33,87,120,128,118,93,46,61,212,190,166,155,NR,137,58,277,29,21,27,38,37,42,40,57,41,92,630,60,71,50,92,39,37,31,15,50,,,2025-09-12
Punjab,Amargarh,40,,27,32,85,130,130,110,90,45,60,225,192,160,154,159,143,49,250,28,15,26,40,36,45,40,NR,40,85,604,60,66,50,95,40,49,27,15,45,,,2025-09-12
Punjab,Fatehgarh Sahib,45,,35,40,87,138,122,110,100,43,60,212,181,183,154,176,109,53,287,27,20,25,40,34,45,33,65,40,85,551,53,73,39,97,47,53,33,15,48,,,2025-09-12
Punjab,Ferozepur,42,,29,33,89,118,115,111,90,46,62,222,181,164,132,192,135,59,275,30,21,27,32,31,41,40,60,40,99,619,60,81,50,85,45,34,24,12,50,,,2025-09-12
Punjab,Kapurthala,41,,31,35,85,115,119,114,95,46,63,220,198,170,153,184,153,60,280,28,16,27,30,45,56,39,63,38,97,622,62,75,62,93,35,37,36,15,48,,,2025-09-12
Uttar Pradesh,Lucknow,38,,29,35,80,105,99,98,80,45,60,203,176,146,143,155,143,55,250,20,20,25,40,35,38,38,53,38,92,615,59,76,40,88,35,40,27,15,37,,,2025-09-12
Uttar Pradesh,Kanpur,35,,28,32,80,120,110,90,80,42,60,198,187,132,121,132,115,56,234,26,20,25,66,35,40,41,NR,34,81,580,55,72,36,100,24,40,35,19,50,,,2025-09-12
Uttar Pradesh,Varanasi,42,,28,37,87,108,122,106,84,46,65,212,187,159,169,179,149,64,257,21,21,21,42,42,61,38,NR,44,104,718,61,74,38,78,37,49,28,17,58,,,2025-09-12
Uttar Pradesh,Agra,42,,30,32,79,114,82,85,76,45,67,199,200,169,153,186,155,51,251,26,21,27,47,27,37,38,NR,41,97,713,62,84,40,91,40,31,26,16,30,,,2025-09-12
Uttar Pradesh,Jhansi,48,,29,34,82,113,117,110,80,48,60,198,179,165,126,185,126,58,233,14,23,28,40,30,35,38,60,43,90,637,60,82,50,90,33,35,22,15,30,,,2025-09-12
Uttar Pradesh,Meerut,36,,29,38,82,125,125,84,82,50,62,159,159,146,145,156,148,50,257,18,19,24,38,44,41,39,63,40,95,635,59,79,22,74,34,34,29,16,47,,,2025-09-12
Uttar Pradesh,Allahabad,38,,30,33,85,115,128,116,92,45,53,200,197,162,154,183,131,59,268,24,24,27,45,26,37,42,43,43,92,621,62,70,38,73,30,37,31,20,42,,,2025-09-12
Uttar Pradesh,Gorakhpur,37,,25,33,82,113,116,111,78,43,55,190,177,144,152,143,126,52,225,22,22,25,40,35,33,34,49,34,92,586,58,73,31,79,31,38,24,16,46,,,2025-09-12
Uttar Pradesh,Saharanpur,38,,30,32,84,113,109,109,89,43,59,NR,157,142,138,141,114,51,243,21,21,23,41,31,NR,36,NR,36,90,579,57,72,37,81,33,36,28,15,59,,,2025-09-12
Uttar Pradesh,Bareilly,37,,26,33,90,117,122,112,102,46,70,199,185,161,151,170,123,50,343,25,19,19,32,26,38,36,51,36,89,725,60,81,31,82,41,38,33,15,53,,,2025-09-12
Uttar Pradesh,Ayodhya,40,,28,30,88,120,115,118,90,50,55,181,163,163,163,163,137,55,240,24,25,30,45,35,35,40,53,46,90,681,60,72,30,80,40,36,30,16,50,,,2025-09-12
Uttar Pradesh,Moradabad,38,,27,32,81,111,110,105,84,41,56,193,162,139,153,151,138,50,237,21,18,23,48,42,45,34,56,37,76,615,54,67,30,83,27,42,27,20,56,,,2025-09-12
Uttar Pradesh,Aligarh,39,,29,33,84,115,111,106,84,43,56,183,184,152,142,156,128,52,247,20,23,25,39,36,39,38,48,42,91,613,54,74,34,85,34,39,25,15,47,,,2025-09-12
Uttar Pradesh,Mirzapur (Vindhyanchal),35,,26,32,80,101,111,100,80,45,45,180,162,141,126,145,111,52,221,22,19,20,41,29,40,35,52,39,91,652,62,73,53,85,31,37,26,15,45,,,2025-09-12
Uttar Pradesh,Banda,36,,28,37,81,111,107,95,79,46,59,217,160,153,127,164,115,57,163,16,18,19,34,31,45,35,68,39,91,560,60,71,27,82,25,33,25,19,48,,,2025-09-12
Uttar Pradesh,Azamgarh,39,,29,32,84,117,115,111,82,45,61,NR,184,136,136,137,106,55,277,23,19,24,59,37,45,42,51,43,104,653,56,67,43,76,27,50,29,18,45,,,2025-09-12
Uttar Pradesh,Gonda (Devipatan),35,,26,32,90,112,128,113,92,44,57,200,194,135,156,168,134,50,258,20,20,25,37,37,35,34,62,42,98,626,57,72,40,80,33,40,27,19,47,,,2025-09-12
Uttar Pradesh,Amethi,34,,27,34,90,110,118,118,90,45,60,199,189,161,148,178,110,55,238,22,18,25,58,40,36,41,42,45,105,676,61,81,38,83,36,51,28,18,53,,,2025-09-12
Uttar Pradesh,Barabanki,40,,29,35,85,108,118,117,85,45,60,200,185,174,167,175,130,55,225,22,22,22,48,36,42,37,45,36,98,563,58,80,38,85,31,42,30,15,46,,,2025-09-12
Uttar Pradesh,Bhadohi,35,,28,35,85,95,130,120,84,47,60,212,192,176,159,176,122,65,207,10,20,25,50,35,43,36,52,40,90,763,62,72,35,92,31,38,27,16,57,,,2025-09-12
Uttar Pradesh,Chandauli,33,,27,33,79,104,114,105,79,45,55,205,187,171,131,161,111,53,247,19,16,22,38,34,51,36,60,37,85,634,56,80,30,86,34,42,29,17,45,,,2025-09-12
Uttar Pradesh,Farrukhabad,43,,27,31,85,95,105,105,90,45,62,220,192,154,154,187,126,51,217,18,14,18,47,28,NR,36,NR,39,95,630,60,80,33,80,30,33,29,16,42,,,2025-09-12
Uttar Pradesh,Ghazipur,41,,28,36,84,107,111,107,87,46,60,186,173,155,143,175,126,54,281,21,17,21,35,35,35,41,54,45,92,643,60,74,31,89,45,39,25,17,36,,,2025-09-12
Uttar Pradesh,Jaunpur,41,,28,34,83,99,126,111,83,45,59,212,190,168,148,153,124,55,259,22,19,22,45,32,38,35,55,34,88,603,54,78,30,84,34,35,29,17,55,,,2025-09-12
Uttar Pradesh,UP-Pratapgarh,39,,28,32,79,99,117,113,79,45,49,188,181,149,148,146,118,57,255,20,16,22,39,33,29,37,39,37,94,547,58,74,29,85,33,38,28,17,39,,,2025-09-12
Uttar Pradesh,Sambhal,37,,27,31,85,115,108,95,87,43,57,190,165,140,133,139,129,52,250,18,20,20,42,34,NR,35,NR,34,93,634,57,72,37,75,28,42,29,16,38,,,2025-09-12
Uttar Pradesh,Santkabir Nagar,44,,25,35,82,102,128,112,81,45,67,203,189,145,141,170,111,49,265,28,23,23,42,29,30,34,78,43,98,734,61,96,40,100,30,52,29,20,48,,,2025-09-12
Uttar Pradesh,Shahjahanpur,32,,27,34,74,110,102,107,90,44,57,184,172,150,136,162,132,43,222,20,14,18,40,26,32,35,52,37,88,544,55,92,30,86,29,30,19,13,41,,,2025-09-12
Uttar Pradesh,Sitapur,37,,30,35,81,123,112,110,83,44,59,192,174,148,145,146,136,53,228,17,20,26,41,29,32,36,49,40,92,600,59,72,38,80,34,40,28,15,48,,,2025-09-12
Uttar Pradesh,Sultanpur,43,,30,35,84,114,112,108,86,44,56,186,185,151,145,160,130,54,268,20,24,26,46,36,41,38,52,43,94,656,57,75,38,85,35,39,27,15,49,,,2025-09-12
Uttar Pradesh,Unnao,40,,28,31,87,118,117,113,87,45,57,207,185,157,146,156,124,58,253,20,18,27,38,35,40,38,50,39,92,586,58,71,42,85,34,40,26,15,40,,,2025-09-12
Uttar Pradesh,Ambedkar Nagar,40,,28,36,80,100,125,132,90,44,60,217,192,159,161,160,132,61,195,28,20,25,54,40,41,41,79,42,85,707,60,71,29,80,36,41,30,20,68,,,2025-09-12
Uttar Pradesh,Amroha,41,,27,34,83,121,105,96,92,45,54,179,171,149,133,176,107,51,215,22,20,27,40,38,45,38,44,39,95,652,58,73,36,85,25,39,28,17,31,,,2025-09-12
Uttar Pradesh,Baghpat,45,,NR,32,82,127,120,110,90,44,70,189,183,161,153,149,124,53,210,28,22,28,40,34,50,35,67,40,92,599,60,79,32,80,33,35,24,12,39,,,2025-09-12
Uttar Pradesh,Bijnor,40,,27,35,80,95,90,95,80,44,55,196,185,141,145,154,143,50,245,17,16,25,30,32,40,37,57,40,107,604,57,60,35,85,30,45,30,10,30,,,2025-09-12
Uttar Pradesh,Budaun,38,,26,30,85,114,103,100,91,44,61,199,163,169,150,170,130,48,280,21,19,20,42,25,47,36,67,37,94,609,59,71,30,90,30,38,25,11,44,,,2025-09-12
Uttar Pradesh,Etah,45,,29,35,80,130,110,110,90,45,58,207,178,152,156,165,113,53,270,22,15,28,40,23,NR,35,NR,38,92,677,60,72,30,97,32,40,35,18,40,,,2025-09-12
Uttar Pradesh,Fatehpur,43,,27,34,88,110,113,103,88,45,58,185,172,136,130,143,111,53,225,21,16,22,48,23,32,35,40,34,95,606,61,79,32,85,36,43,24,17,37,,,2025-09-12
Uttar Pradesh,Ghaziabad,41,,30,33,81,117,112,106,86,46,57,189,181,161,156,165,134,51,232,20,20,22,38,33,39,39,52,42,92,633,58,70,38,84,37,38,28,16,39,,,2025-09-12
Uttar Pradesh,Hardoi,43,,26,35,81,108,105,105,86,45,56,203,185,156,147,161,131,55,242,19,20,25,39,30,32,37,54,39,89,607,57,75,32,86,35,41,27,14,47,,,2025-09-12
Uttar Pradesh,Jalaun,45,,30,32,82,107,98,98,90,45,57,169,169,133,130,144,108,55,223,20,16,21,39,35,39,35,NR,39,97,578,60,75,30,90,29,40,25,17,40,,,2025-09-12
Uttar Pradesh,Kaushambi,41,,27,37,86,111,117,107,86,45,59,195,178,155,154,161,124,54,233,21,20,22,41,27,37,38,56,38,87,595,58,66,38,86,40,39,27,16,31,,,2025-09-12
Uttar Pradesh,Kushinagar,37,,28,37,83,110,115,116,80,46,68,182,184,145,161,137,135,53,204,26,18,25,45,43,43,37,52,40,97,647,61,61,35,88,27,41,30,16,44,,,2025-09-12
Uttar Pradesh,Lakhimpur Kheri,41,,29,33,82,117,103,107,80,45,57,187,166,130,137,143,106,56,226,17,20,25,43,28,33,35,61,36,89,652,58,79,38,78,34,43,32,17,48,,,2025-09-12
Uttar Pradesh,Pilibhit,37,,27,31,87,115,115,115,97,45,58,192,176,154,151,165,131,49,260,20,20,25,38,38,48,36,60,39,95,655,59,82,38,87,36,40,28,15,45,,,2025-09-12
Uttar Pradesh,Sharwasti,39,,27,39,80,102,115,117,85,46,55,183,192,143,159,NR,121,57,218,24,17,23,37,NR,NR,39,NR,40,98,569,59,78,28,85,25,30,20,15,33,,,2025-09-12
Uttar Pradesh,Siddharth Nagar,42,,28,35,80,108,107,105,80,46,60,188,192,153,158,162,121,51,227,23,20,27,41,50,50,35,70,38,81,601,60,84,35,72,35,45,28,17,39,,,2025-09-12
Uttar Pradesh,Sonbhadra,34,,27,32,80,96,100,105,80,45,45,176,163,145,126,157,110,52,210,22,18,25,32,28,40,34,50,38,88,608,62,70,34,82,30,30,25,15,45,,,2025-09-12
Uttar Pradesh,Rampur,51,,28,31,82,110,114,99,82,45,63,185,188,148,154,155,127,51,241,27,19,25,43,31,35,34,NR,35,97,618,63,71,36,86,31,36,31,16,49,,,2025-09-12
Uttar Pradesh,Bahraich,35,,25,30,90,121,120,114,90,42,45,176,191,130,137,142,125,44,250,25,20,28,42,36,34,33,65,32,106,615,56,80,22,72,27,36,23,19,53,,,2025-09-12
Uttar Pradesh,Basti,34,,23,31,72,120,108,105,82,40,58,187,169,155,145,158,118,44,239,22,23,25,42,49,55,35,56,39,93,558,57,76,32,87,23,57,31,18,43,,,2025-09-12
Uttar Pradesh,Etawah,40,,27,32,85,113,110,105,85,46,55,200,187,146,140,151,130,55,260,20,25,25,42,27,NR,40,60,42,94,622,62,88,37,85,39,40,30,16,50,,,2025-09-12
Uttar Pradesh,Muzzafarnagar,39,,28,32,81,117,112,108,87,45,57,180,169,148,143,155,129,52,239,19,18,28,40,33,43,35,NR,35,87,506,55,59,31,75,32,40,23,13,51,,,2025-09-12
Uttar Pradesh,Chitrakoot,45,,28,35,86,109,94,92,85,45,50,178,198,165,159,183,137,55,227,15,25,30,48,31,30,35,59,45,90,604,60,78,41,80,31,45,25,15,50,,,2025-09-12
Uttar Pradesh,Hamirpur-UP,40,,28,32,80,106,119,100,80,46,60,207,185,143,143,152,129,55,221,19,25,25,40,NR,NR,37,NR,37,90,637,55,84,35,85,39,45,28,16,48,,,2025-09-12
Uttar Pradesh,Deoria,35,,27,30,82,111,109,95,90,45,59,225,183,153,134,212,126,51,218,19,19,24,46,37,42,37,51,35,90,595,59,63,40,74,29,41,27,19,38,,,2025-09-12
Uttar Pradesh,Hapur,36,,29,36,76,117,108,102,97,47,62,189,185,158,157,169,146,53,216,23,19,20,39,40,38,37,47,37,97,674,62,72,30,96,45,50,30,11,52,,,2025-09-12
Uttar Pradesh,Bulandshahr,41,,29,34,81,118,118,117,87,44,61,NR,165,158,160,155,159,43,240,19,20,25,30,29,39,35,55,35,93,542,53,72,26,94,30,42,29,15,30,,,2025-09-12
Uttar Pradesh,Kanpur Dehat,39,,27,31,81,105,108,93,83,44,55,190,200,126,139,135,107,49,197,15,21,22,38,30,38,35,50,35,85,601,58,76,27,82,27,33,24,15,45,,,2025-09-12
Uttar Pradesh,Hathras,40,,30,34,84,114,111,106,85,44,57,186,183,152,143,156,129,54,253,20,22,25,40,26,NR,35,NR,40,99,626,55,75,40,87,37,37,29,12,40,,,2025-09-12
Uttar Pradesh,Raebareli,41,,29,36,85,113,111,109,87,45,58,186,177,156,146,162,132,54,228,20,20,24,39,36,42,40,53,41,91,645,58,75,27,81,33,42,26,15,45,,,2025-09-12
Uttar Pradesh,Lalitpur,36,,28,29,80,110,105,95,80,45,56,183,167,142,132,194,118,48,255,20,16,15,30,33,38,32,59,34,92,578,57,72,28,84,31,43,24,18,29,,,2025-09-12
Uttar Pradesh,Mohaba,35,,26,30,82,99,107,100,82,46,57,164,171,154,155,180,126,52,180,25,20,15,40,32,33,35,39,35,94,604,54,69,28,81,33,44,28,15,48,,,2025-09-12
Uttar Pradesh,Gautam Budh Nagar,38,,30,35,74,117,109,103,82,46,58,188,175,137,132,165,120,50,232,15,19,21,31,30,41,36,55,39,89,617,55,72,28,90,35,39,28,14,39,,,2025-09-12
Uttar Pradesh,Auraiya,41,,28,38,77,116,121,101,77,46,52,183,170,140,139,141,135,54,235,20,23,28,41,28,27,44,54,44,103,624,51,76,37,84,37,37,28,15,49,,,2025-09-12
Uttar Pradesh,Maharajganj,35,,29,33,81,118,117,109,81,44,57,187,178,132,142,158,126,48,215,22,18,24,40,36,44,35,51,36,91,588,58,72,37,81,35,40,30,17,50,,,2025-09-12
Uttar Pradesh,Balrampur,35,,26,35,78,102,113,110,82,45,53,167,181,146,139,168,124,57,222,15,19,25,38,36,46,35,NR,39,95,619,59,71,37,87,32,42,30,15,30,,,2025-09-12
Uttar Pradesh,Kannauj,40,,28,33,83,119,113,107,86,45,61,188,177,148,143,155,126,53,238,21,20,21,33,31,39,38,NR,38,93,613,55,72,22,84,30,45,28,17,43,,,2025-09-12
Uttar Pradesh,Mathura,NR,,NR,NR,NR,NR,NR,NR,NR,NR,NR,NR,NR,NR,NR,NR,NR,NR,NR,NR,NR,NR,NR,NR,NR,NR,NR,NR,NR,NR,NR,NR,NR,NR,NR,NR,NR,NR,NR,,,2025-09-12
Uttar Pradesh,Firozabad,40,,27,29,81,112,112,117,92,45,66,221,197,155,163,216,124,46,270,20,19,20,35,23,25,35,39,35,93,717,54,72,40,85,33,36,27,15,33,,,2025-09-12
Uttar Pradesh,Kasganj,44,,30,36,86,122,117,112,87,46,59,203,190,166,159,176,146,55,263,21,21,30,47,23,NR,36,NR,38,98,542,54,73,37,85,38,47,28,13,42,,,2025-09-12
Uttar Pradesh,Mainpuri,38,,30,34,88,132,120,113,88,42,63,203,187,168,158,176,144,51,260,24,22,23,60,24,25,39,40,38,105,700,55,70,35,85,47,43,25,21,36,,,2025-09-12
Uttar Pradesh,Shamli,38,,29,32,80,115,112,108,85,44,50,187,174,150,141,150,126,50,230,15,20,25,35,28,40,35,50,35,85,533,60,78,35,82,35,35,25,13,48,,,2025-09-12
Uttar Pradesh,Ballia,39,,29,34,85,110,115,111,89,45,58,195,174,146,146,146,126,55,232,21,21,25,42,31,36,38,52,39,94,635,54,73,35,85,33,42,27,16,49,,,2025-09-12
Uttar Pradesh,Mau,40,,27,34,83,113,114,108,85,46,56,191,167,145,143,148,119,59,232,22,22,22,37,NR,NR,35,NR,37,92,659,55,74,29,81,31,40,29,15,33,,,2025-09-12
Uttarakhand,Dehradun,36,,28,38,98,136,117,125,98,45,67,181,173,160,190,164,NR,57,280,30,20,25,47,34,43,40,52,40,110,692,60,70,40,110,40,45,39,15,50,,,2025-09-12
Uttarakhand,Haldwani,38,,36,33,93,122,112,121,92,45,57,195,192,174,163,175,148,52,261,28,20,25,56,30,43,52,45,41,102,600,58,80,39,100,40,53,38,15,50,,,2025-09-12
Uttarakhand,Rudrapur,43,,27,36,93,123,116,115,93,46,56,220,199,161,165,177,135,52,220,30,20,20,38,31,54,35,60,37,100,692,60,83,40,95,34,40,26,14,57,,,2025-09-12
Uttarakhand,Haridwar,44,,32,38,90,136,120,113,90,44,64,211,201,161,159,165,NR,64,290,27,16,30,51,37,NR,44,53,40,102,641,56,76,42,97,46,42,37,16,61,,,2025-09-12
WEST ZONE,WEST ZONE,,,,,,,,,,,,,,,,,,,,,,,,,,,,,,,,,,,,,,,,,,2025-09-12
Chhattisgarh,Raipur,33,,31,42,88,113,110,109,99,46,57,195,165,139,138,148,114,51,253,25,24,25,25,31,26,40,45,42,84,724,56,80,35,91,37,31,25,11,32,,,2025-09-12
Chhattisgarh,Durg,36,,41,38,84,100,95,101,83,45,55,178,155,133,149,145,137,57,223,15,25,30,50,45,45,40,65,48,100,709,62,72,39,89,39,40,31,12,47,,,2025-09-12
Chhattisgarh,Ambikapur,34,,30,34,92,115,112,108,82,41,41,190,157,174,159,159,NR,48,251,15,33,30,45,NR,NR,40,NR,32,70,598,52,80,40,78,30,60,33,15,47,,,2025-09-12
Chhattisgarh,Bilaspur-CG,51,,34,40,92,111,96,105,86,42,55,193,165,141,165,173,149,51,217,25,28,22,40,35,39,41,47,41,90,679,58,79,46,92,28,64,25,14,57,,,2025-09-12
Chhattisgarh,Jagdalpur,41,,36,36,79,136,123,110,96,47,48,204,NR,169,144,149,NR,47,193,19,32,36,48,43,41,40,42,43,79,879,53,81,29,81,25,47,39,18,52,,,2025-09-12
Chhattisgarh,Dantewada,38,,39,41,100,130,113,104,85,44,61,NR,187,152,144,155,133,57,247,21,29,32,41,41,NR,40,NR,46,103,653,58,68,41,97,50,49,22,18,62,,,2025-09-12
Chhattisgarh,Dhamtari,35,,26,42,95,132,103,100,95,44,66,189,179,126,139,150,128,60,228,26,27,35,45,50,48,44,53,44,110,738,57,74,38,98,33,33,22,17,43,,,2025-09-12
Chhattisgarh,Rajnandgaon,NR,,NR,NR,NR,NR,NR,NR,NR,NR,NR,NR,NR,NR,NR,NR,NR,NR,NR,NR,NR,NR,NR,NR,NR,NR,NR,NR,NR,NR,NR,NR,NR,NR,NR,NR,NR,NR,NR,,,2025-09-12
Chhattisgarh,Koriya,39,,35,39,85,127,102,112,83,42,75,206,162,154,148,168,190,47,195,25,30,28,48,35,34,46,32,58,82,693,58,83,47,78,27,38,28,17,42,,,2025-09-12
DNH and DD,Silvasa,NR,,NR,NR,NR,NR,NR,NR,NR,NR,NR,NR,NR,NR,NR,NR,NR,NR,NR,NR,NR,NR,NR,NR,NR,NR,NR,NR,NR,NR,NR,NR,NR,NR,NR,NR,NR,NR,NR,,,2025-09-12
DNH and DD,Daman,NR,,NR,NR,NR,NR,NR,NR,NR,NR,NR,NR,NR,NR,NR,NR,NR,NR,NR,NR,NR,NR,NR,NR,NR,NR,NR,NR,NR,NR,NR,NR,NR,NR,NR,NR,NR,NR,NR,,,2025-09-12
DNH and DD,Diu,50,,41,55,94,135,140,122,100,46,64,197,240,194,186,196,143,62,400,30,25,25,40,39,58,60,85,69,112,703,62,83,40,107,46,35,40,21,50,,,2025-09-12
Goa,Panaji,58,,48,47,103,123,135,125,103,47,56,222,200,211,167,163,128,62,315,28,35,32,38,39,55,48,53,49,115,751,61,77,55,83,47,43,23,16,42,,,2025-09-12
Goa,Margao,53,,48,51,95,122,135,125,95,46,63,227,218,196,170,174,131,62,347,27,35,32,30,40,57,45,57,49,115,751,62,78,55,97,43,45,27,16,43,,,2025-09-12
Gujarat,Ahmedabad,34,,35,37,94,118,118,104,93,45,68,167,166,138,151,162,146,53,207,19,32,33,44,36,36,41,62,43,88,630,56,67,35,72,27,33,31,19,40,,,2025-09-12
Gujarat,Rajkot,34,,34,36,88,110,113,96,90,44,66,165,178,136,140,155,137,56,205,18,25,25,39,37,39,39,68,44,91,632,55,67,30,76,28,34,39,15,37,,,2025-09-12
Gujarat,Surat,34,,34,36,88,110,113,96,90,44,68,165,178,136,139,155,137,56,205,18,25,25,39,37,39,39,68,44,91,632,55,67,30,76,28,34,39,15,37,,,2025-09-12
Gujarat,Bhuj,36,,33,34,88,115,115,102,87,43,63,171,165,138,150,161,135,56,208,18,30,28,37,38,36,41,67,42,91,632,53,69,39,72,28,35,38,15,42,,,2025-09-12
Gujarat,Selamba,35,,34,36,90,110,113,100,90,44,64,166,177,138,143,156,138,55,210,19,24,27,40,36,37,38,67,42,92,632,53,69,38,77,31,33,32,17,45,,,2025-09-12
Gujarat,Waghai,35,,34,37,93,118,117,101,93,45,67,165,178,136,144,158,136,55,209,20,29,27,41,35,36,40,60,44,96,631,55,70,36,75,30,34,24,17,40,,,2025-09-12
Gujarat,Bodeli,34,,34,36,93,112,113,98,92,44,66,165,178,136,140,158,136,56,205,18,25,25,39,37,39,39,68,44,91,632,55,70,31,76,28,34,39,15,37,,,2025-09-12
Gujarat,Vapi,34,,32,34,94,114,114,98,92,44,63,167,180,134,138,158,138,52,210,18,26,26,36,38,38,38,64,44,90,627,56,68,35,76,28,34,38,17,43,,,2025-09-12
Gujarat,Bilimora,35,,33,36,89,113,113,101,91,44,64,168,161,138,155,153,149,53,202,19,29,29,39,35,37,40,62,45,95,629,54,69,34,68,31,35,25,17,39,,,2025-09-12
Gujarat,Idar,36,,37,35,95,117,118,110,95,45,66,160,160,152,154,159,151,47,196,18,34,27,45,38,37,37,65,46,93,634,55,64,38,76,36,34,36,15,45,,,2025-09-12
Gujarat,Jhalod,35,,33,35,90,113,114,97,90,44,66,166,176,136,141,155,138,56,207,18,30,27,45,38,40,40,68,44,92,633,55,69,32,76,28,34,39,16,38,,,2025-09-12
Gujarat,Songash,34,,32,34,87,115,115,98,89,42,63,166,159,137,151,157,143,51,205,22,29,27,39,35,39,35,60,42,88,633,56,57,35,73,31,34,30,15,42,,,2025-09-12
Madhya Pradesh,Bhopal,35,,28,32,88,112,110,105,86,46,62,171,209,174,138,176,NR,52,255,10,21,19,40,40,40,40,59,41,94,662,60,90,27,100,55,40,34,14,33,,,2025-09-12
Madhya Pradesh,Indore,42,,29,34,84,105,117,103,83,46,61,174,192,153,137,153,142,62,268,15,20,15,38,35,35,40,NR,40,81,643,60,77,38,84,34,34,23,15,40,,,2025-09-12
Madhya Pradesh,Gwalior,40,,31,34,74,117,119,110,90,45,63,210,160,172,142,178,NR,50,222,12,20,22,48,28,32,39,61,40,88,624,55,71,29,82,35,35,26,15,40,,,2025-09-12
Madhya Pradesh,Jabalpur,39,,29,35,85,110,108,108,84,44,56,185,178,138,140,165,120,50,240,18,20,22,39,36,42,40,56,44,90,621,58,75,28,85,35,36,25,15,38,,,2025-09-12
Madhya Pradesh,Rewa,32,,28,34,76,101,91,88,79,45,55,177,154,148,147,147,NR,55,237,18,12,19,33,NR,NR,35,NR,35,85,655,57,76,25,90,28,45,30,12,45,,,2025-09-12
Madhya Pradesh,Sagar,39,,28,30,83,101,105,105,86,45,58,181,188,140,142,169,136,52,248,16,19,19,35,38,40,40,60,40,88,698,63,77,38,82,29,32,24,14,37,,,2025-09-12
Madhya Pradesh,Jhabua,40,,29,36,86,110,113,108,90,45,58,201,208,180,140,181,NR,58,287,15,20,16,37,34,37,46,54,47,95,667,NR,71,27,89,39,36,24,19,28,,,2025-09-12
Madhya Pradesh,Hoshangabad,43,,31,36,81,108,114,101,84,46,55,184,153,135,135,145,106,54,222,11,20,23,32,43,48,41,49,41,94,655,60,88,42,90,29,44,19,19,47,,,2025-09-12
Madhya Pradesh,Shahdol,35,,29,35,86,123,112,110,83,44,50,200,136,125,121,154,NR,52,210,18,20,20,42,37,33,35,50,40,95,604,58,70,30,90,30,40,27,18,35,,,2025-09-12
Madhya Pradesh,Ujjain,39,,38,41,89,102,102,101,90,45,60,148,209,172,133,166,NR,61,268,13,20,15,32,32,35,45,62,55,95,690,59,73,30,102,48,40,28,16,37,,,2025-09-12
Madhya Pradesh,Morena,40,,28,34,90,115,113,105,100,46,66,220,187,145,146,148,110,46,242,14,15,24,40,29,NR,39,NR,39,100,615,66,81,40,81,36,31,28,14,32,,,2025-09-12
Madhya Pradesh,Anuppur,34,,26,36,80,100,110,120,89,46,50,198,198,137,143,176,154,55,230,15,20,20,25,40,40,37,40,48,90,742,60,78,30,90,25,34,23,13,30,,,2025-09-12
Madhya Pradesh,Bhind,41,,30,33,84,115,118,114,84,43,60,188,157,131,123,140,115,44,247,16,18,19,49,34,42,38,62,36,90,640,60,75,25,77,31,35,25,17,40,,,2025-09-12
Madhya Pradesh,Dhar,42,,28,36,85,114,111,109,95,44,59,159,188,166,136,167,95,56,214,15,21,18,36,36,36,39,52,42,88,686,59,71,24,84,31,36,21,18,43,,,2025-09-12
Madhya Pradesh,Harda,40,,30,35,85,99,120,111,89,45,60,181,198,170,148,166,NR,55,220,20,20,20,30,40,40,45,70,45,91,661,60,72,40,85,28,29,18,18,31,,,2025-09-12
Madhya Pradesh,Katni,35,,29,34,86,120,120,115,80,42,50,165,154,126,132,154,100,50,205,19,14,20,30,35,38,45,55,45,100,604,58,75,20,80,40,40,27,15,35,,,2025-09-12
Madhya Pradesh,Khandwa,38,,30,35,80,102,103,100,85,45,52,209,187,173,148,170,NR,50,238,17,25,15,35,35,35,40,47,40,88,659,55,84,38,100,26,32,24,15,40,,,2025-09-12
Madhya Pradesh,Mandla,36,,33,35,83,100,110,110,85,45,50,190,187,132,154,176,143,60,240,29,25,23,18,45,48,45,60,50,100,622,62,77,38,90,30,39,24,17,31,,,2025-09-12
Madhya Pradesh,Rajgarh,40,,28,32,82,110,113,103,88,45,40,165,190,172,143,176,NR,50,240,10,20,20,42,NR,NR,40,NR,40,90,648,NR,80,36,90,33,33,18,15,30,,,2025-09-12
Madhya Pradesh,Sidhi,NR,,NR,NR,NR,NR,NR,NR,NR,NR,NR,NR,NR,NR,NR,NR,NR,NR,NR,NR,NR,NR,NR,NR,NR,NR,NR,NR,NR,NR,NR,NR,NR,NR,NR,NR,NR,NR,NR,,,2025-09-12
Madhya Pradesh,Chattarpur,40,,28,37,88,117,120,100,80,48,50,198,176,167,148,154,123,60,250,20,15,20,37,35,42,40,57,60,100,600,60,72,20,90,33,40,31,15,38,,,2025-09-12
Madhya Pradesh,Neemuch,45,,26,34,70,115,100,100,70,45,64,181,143,132,130,137,NR,55,292,10,25,20,42,42,41,41,65,40,86,562,63,70,40,75,25,42,30,15,45,,,2025-09-12
Madhya Pradesh,Burhanpur,41,,32,38,81,101,100,101,84,45,56,168,170,144,134,168,132,50,315,29,22,19,42,37,35,41,NR,49,98,709,60,77,32,88,31,37,20,14,30,,,2025-09-12
Madhya Pradesh,Narshinpur,38,,28,35,84,123,110,112,86,44,53,203,187,137,137,171,NR,45,239,12,20,20,35,41,39,45,60,48,90,638,55,73,35,87,39,35,25,16,35,,,2025-09-12
Madhya Pradesh,Raisen,39,,30,35,82,112,120,105,85,47,57,187,192,143,137,NR,NR,55,230,10,20,20,40,40,41,39,NR,42,87,694,62,74,38,88,31,31,25,18,37,,,2025-09-12
Madhya Pradesh,Sheopur,43,,25,32,92,108,117,102,80,45,60,214,202,169,143,165,NR,60,241,28,25,25,42,33,37,40,60,40,95,659,60,82,20,95,42,40,30,15,40,,,2025-09-12
Madhya Pradesh,Agar malwa,32,,28,33,76,120,109,103,92,44,58,175,168,150,149,143,NR,48,285,20,20,18,25,45,47,47,NR,47,78,681,58,69,32,93,30,27,24,15,25,,,2025-09-12
Madhya Pradesh,Umaria,34,,33,36,80,100,107,107,82,46,56,179,157,135,138,152,NR,50,217,15,19,20,30,40,NR,45,NR,47,97,611,60,74,37,82,28,47,27,15,40,,,2025-09-12
Madhya Pradesh,Shajapur,40,,27,32,82,108,110,108,87,44,60,165,187,154,137,163,NR,52,253,18,23,22,38,35,32,40,NR,46,90,674,59,80,42,87,33,30,26,15,30,,,2025-09-12
Madhya Pradesh,Dewas,41,,29,34,84,114,110,106,89,46,61,179,190,154,147,167,NR,55,237,12,23,25,34,35,39,41,56,44,100,677,61,76,35,89,36,34,25,15,41,,,2025-09-12
Madhya Pradesh,Khargone,39,,31,38,78,115,122,110,85,43,50,186,156,136,126,132,NR,49,225,16,30,20,40,40,40,40,65,40,90,640,55,84,35,85,35,40,30,15,35,,,2025-09-12
Madhya Pradesh,Singrauli,37,,26,33,84,91,112,115,81,47,58,182,192,152,142,139,117,55,239,14,23,18,36,NR,40,36,NR,44,90,671,56,72,35,85,26,39,22,14,33,,,2025-09-12
Madhya Pradesh,Chhindwara,48,,30,38,85,125,117,122,83,44,52,191,176,136,141,156,136,45,200,10,23,19,22,38,37,38,39,42,91,714,59,71,30,97,37,37,37,19,43,,,2025-09-12
Madhya Pradesh,Sehore,40,,28,33,80,110,110,100,90,45,58,159,192,148,137,165,NR,52,220,12,20,19,20,NR,NR,49,NR,49,92,635,60,71,29,85,30,35,24,15,48,,,2025-09-12
Madhya Pradesh,MP-Ashoknagar,45,,28,31,73,120,110,100,92,44,60,188,168,157,141,147,NR,43,210,12,23,20,48,38,40,40,NR,41,91,639,57,87,44,90,38,45,25,15,39,,,2025-09-12
Madhya Pradesh,Balaghat,35,,35,37,80,100,100,100,90,46,51,176,187,132,143,159,NR,60,220,15,21,23,28,45,50,40,65,47,99,658,60,70,28,91,35,35,20,15,40,,,2025-09-12
Madhya Pradesh,Guna,40,,25,30,80,100,103,100,84,44,58,194,189,169,143,176,133,48,217,20,18,18,40,32,42,50,69,50,88,690,60,73,53,85,37,38,27,15,30,,,2025-09-12
Madhya Pradesh,Ratlam,40,,28,34,82,109,109,106,84,45,61,177,176,149,134,156,128,48,245,10,24,14,29,30,40,42,57,42,90,615,58,74,27,75,28,27,22,16,29,,,2025-09-12
Madhya Pradesh,Satna,35,,28,37,87,105,85,90,82,45,60,203,141,146,130,176,110,50,260,20,20,30,40,40,43,34,60,35,65,692,55,65,35,75,27,33,30,15,50,,,2025-09-12
Madhya Pradesh,Vidisha,41,,30,35,77,103,118,110,88,44,57,170,195,138,146,170,NR,52,240,11,15,17,25,40,40,38,68,39,87,659,60,83,33,87,33,31,24,14,40,,,2025-09-12
Madhya Pradesh,Alirajpur,36,,30,36,87,124,100,114,95,45,55,185,148,139,136,144,NR,48,240,10,24,24,57,31,35,45,NR,47,93,619,57,73,23,77,40,43,29,17,40,,,2025-09-12
Madhya Pradesh,Betul,39,,27,35,81,99,105,101,80,45,58,177,203,141,144,177,NR,49,251,13,23,25,30,43,45,42,65,45,103,685,60,81,30,81,30,32,21,15,40,,,2025-09-12
Madhya Pradesh,Damoh,41,,30,33,79,114,106,106,83,45,62,203,169,144,149,164,NR,49,205,13,19,19,40,36,38,37,57,37,90,575,55,73,24,81,31,40,31,14,44,,,2025-09-12
Madhya Pradesh,Dindori,37,,35,36,95,105,108,108,80,45,60,209,187,156,143,169,NR,50,233,13,25,30,50,38,43,40,55,49,82,621,55,85,38,90,32,36,29,15,40,,,2025-09-12
Madhya Pradesh,Niwari,36,,27,33,78,111,94,96,84,46,60,199,193,182,138,149,NR,46,215,30,20,19,38,NR,NR,40,NR,40,97,720,60,81,24,92,33,40,27,19,35,,,2025-09-12
Madhya Pradesh,Seoni,38,,35,37,90,125,110,105,86,47,55,203,176,148,137,170,NR,47,215,11,30,25,45,40,40,36,68,42,100,651,57,81,18,78,48,36,21,15,41,,,2025-09-12
Madhya Pradesh,Panna,38,,26,36,75,125,100,95,90,45,52,178,173,128,133,130,112,53,210,11,20,17,41,40,48,35,60,45,97,651,56,75,37,72,25,35,31,12,47,,,2025-09-12
Madhya Pradesh,Tikamgarh,35,,26,30,90,125,125,95,90,44,50,205,167,142,149,147,NR,50,200,20,20,30,50,30,35,40,40,45,100,651,58,70,22,85,29,41,20,17,40,,,2025-09-12
Madhya Pradesh,Datia,48,,27,30,90,122,110,93,76,47,62,215,168,146,140,187,125,52,227,27,31,31,52,42,35,39,81,39,97,690,62,85,34,88,38,39,27,15,39,,,2025-09-12
Madhya Pradesh,Maihar,39,,29,35,90,100,95,95,82,48,55,220,164,143,148,165,113,50,205,12,20,18,40,NR,NR,40,NR,45,100,725,58,72,39,97,29,40,38,12,40,,,2025-09-12
Maharashtra,Mumbai,43,,41,54,94,114,133,122,98,46,58,229,214,192,155,172,134,81,310,28,33,33,45,41,51,53,63,52,119,679,58,80,70,105,68,40,48,19,41,,,2025-09-12
Maharashtra,Nagpur,55,,48,53,92,128,123,119,93,51,65,219,201,167,162,178,132,69,283,27,40,35,42,39,48,50,75,50,110,681,61,94,38,92,35,48,29,19,62,,,2025-09-12
Maharashtra,Pune,39,,44,53,89,125,112,114,83,45,74,191,189,153,150,164,148,57,338,33,36,29,35,37,38,40,41,40,88,531,60,80,58,95,39,40,26,18,40,,,2025-09-12
Maharashtra,Nashik,41,,44,40,94,111,117,112,97,44,58,179,213,177,143,165,139,55,317,28,30,27,28,43,60,50,55,50,102,640,58,67,65,108,53,36,29,15,33,,,2025-09-12
Maharashtra,Mangaon-Raigad,48,,44,47,96,114,124,116,100,48,60,186,207,196,139,179,121,61,353,30,31,31,41,45,51,45,56,47,108,767,60,72,53,117,61,40,37,19,60,,,2025-09-12
Maharashtra,Dharni,41,,31,37,89,109,104,112,94,47,53,198,182,156,159,180,NR,53,325,13,30,21,38,34,28,41,NR,44,96,743,62,77,38,92,29,41,19,18,35,,,2025-09-12
Maharashtra,Latur,57,,41,47,87,114,109,121,86,44,61,181,204,133,137,155,138,49,232,24,27,27,28,33,46,39,61,39,99,744,56,71,68,97,48,39,21,18,43,,,2025-09-12
Maharashtra,Akluj,49,,34,38,82,102,98,102,86,44,54,200,196,137,146,160,128,50,335,30,25,23,22,32,41,39,60,38,89,659,52,49,35,98,30,38,20,12,30,,,2025-09-12
Maharashtra,Arni Yavatmal,44,,34,36,99,123,125,114,90,43,63,170,192,154,144,157,NR,57,300,10,30,31,40,35,32,47,70,55,103,784,55,72,40,99,45,42,20,15,40,,,2025-09-12
Maharashtra,Chandrapur,33,,35,51,91,110,118,110,98,46,59,185,193,206,147,168,NR,66,249,30,28,33,20,54,53,55,55,54,115,611,60,67,22,96,32,34,34,20,63,,,2025-09-12
Maharashtra,Karad Satara,43,,37,49,88,122,117,118,94,44,70,184,182,167,153,165,149,50,293,30,33,26,41,39,39,40,57,41,111,670,59,70,70,102,37,41,25,20,43,,,2025-09-12
Maharashtra,Ahemednagar,53,,44,47,89,129,124,119,99,43,53,153,164,164,147,153,142,49,259,30,24,22,21,31,40,39,44,39,108,567,58,66,47,99,29,39,24,18,25,,,2025-09-12
Maharashtra,Khultabad,49,,34,36,79,108,109,107,80,45,45,177,NR,142,137,147,129,56,322,20,37,27,45,35,34,49,NR,46,88,702,60,80,43,83,32,24,21,16,35,,,2025-09-12
Maharashtra,Islampur,39,,42,48,91,123,129,120,90,44,72,208,199,148,156,167,136,51,343,27,30,22,29,36,39,39,43,43,109,653,60,70,40,103,59,53,35,27,41,,,2025-09-12
Maharashtra,Kankavli,47,,38,49,99,125,119,121,100,44,60,184,194,164,146,168,130,53,357,20,33,29,47,42,42,45,50,44,108,666,54,79,42,77,47,44,25,18,65,,,2025-09-12
Maharashtra,Partur,50,,32,40,80,115,120,110,88,43,56,181,204,151,148,157,148,49,401,10,30,20,43,33,36,45,NR,48,85,775,NR,84,75,93,40,43,19,15,45,,,2025-09-12
Maharashtra,Gondia,49,,36,38,78,104,100,102,82,45,58,175,208,133,142,169,150,62,250,29,22,28,33,36,35,36,50,38,90,809,59,70,32,104,49,50,28,19,37,,,2025-09-12
Maharashtra,Jalgaon,46,,38,48,93,112,127,115,104,46,65,174,203,176,147,161,156,59,468,28,23,23,37,41,40,58,51,56,107,707,61,76,57,120,47,41,28,17,41,,,2025-09-12
Maharashtra,Akola,43,,34,45,85,122,125,117,97,45,68,176,200,165,145,165,NR,58,320,29,27,27,43,39,38,49,65,50,103,747,60,83,53,88,42,44,21,16,33,,,2025-09-12
Rajasthan,Jaipur,45,,31,36,77,104,99,94,81,46,51,179,196,168,157,168,NR,51,303,15,21,22,63,26,29,45,NR,49,80,600,58,81,23,72,29,48,39,22,36,,,2025-09-12
Rajasthan,Jodhpur,41,,32,34,80,127,123,102,89,42,54,223,180,NR,NR,169,NR,51,272,21,20,23,34,29,52,52,51,47,105,672,55,91,27,69,73,33,29,17,42,,,2025-09-12
Rajasthan,Kota,46,,33,34,83,135,119,100,96,45,59,184,153,126,146,152,110,54,284,22,27,25,46,33,48,51,55,44,95,685,62,76,45,76,34,38,31,15,41,,,2025-09-12
Rajasthan,Udaipur,47,,30,35,86,126,113,116,85,47,49,194,211,160,142,161,146,60,313,25,24,24,51,39,42,35,50,55,87,608,61,76,40,98,34,34,22,12,40,,,2025-09-12
Rajasthan,Bharatpur,45,,27,34,91,117,110,111,91,44,58,198,176,137,152,NR,NR,47,297,28,20,29,43,27,30,40,65,44,82,637,60,75,25,90,37,38,25,12,40,,,2025-09-12
Rajasthan,Ajmer,NR,,NR,NR,NR,NR,NR,NR,NR,NR,NR,NR,NR,NR,NR,NR,NR,NR,NR,NR,NR,NR,NR,NR,NR,NR,NR,NR,NR,NR,NR,NR,NR,NR,NR,NR,NR,NR,NR,,,2025-09-12
Rajasthan,Bikaner,NR,,NR,NR,NR,NR,NR,NR,NR,NR,NR,NR,NR,NR,NR,NR,NR,NR,NR,NR,NR,NR,NR,NR,NR,NR,NR,NR,NR,NR,NR,NR,NR,NR,NR,NR,NR,NR,NR,,,2025-09-12
Rajasthan,Bundi,43,,29,36,97,114,108,94,82,48,69,187,200,129,177,183,NR,43,377,30,38,30,46,36,41,37,78,47,90,732,60,78,51,85,41,48,31,21,54,,,2025-09-12
Rajasthan,Rajsamand,NR,,NR,NR,NR,NR,NR,NR,NR,NR,NR,NR,NR,NR,NR,NR,NR,NR,NR,NR,NR,NR,NR,NR,NR,NR,NR,NR,NR,NR,NR,NR,NR,NR,NR,NR,NR,NR,NR,,,2025-09-12
Rajasthan,Alwar,51,,31,34,94,133,118,111,103,45,59,195,169,144,157,174,NR,53,333,26,24,24,47,31,40,46,60,48,88,563,56,68,21,87,42,43,26,16,43,,,2025-09-12
Rajasthan,Banswara,40,,27,33,94,129,123,100,87,41,53,170,149,148,NR,150,NR,46,277,24,31,23,47,34,37,46,49,46,96,538,57,85,36,86,47,37,36,11,40,,,2025-09-12
Rajasthan,Baran,40,,31,36,80,132,117,110,80,41,50,195,144,122,123,127,NR,41,NR,NR,NR,NR,NR,28,32,40,37,45,89,667,55,67,40,90,35,31,34,11,37,,,2025-09-12
Rajasthan,Barmer,NR,,NR,NR,NR,NR,NR,NR,NR,NR,NR,NR,NR,NR,NR,NR,NR,NR,NR,NR,NR,NR,NR,NR,NR,NR,NR,NR,NR,NR,NR,NR,NR,NR,NR,NR,NR,NR,NR,,,2025-09-12
Rajasthan,Bhilwara,52,,30,37,96,117,111,98,94,43,51,196,175,145,157,176,156,44,287,11,31,23,47,29,33,40,53,41,75,605,53,60,37,91,37,36,20,19,NR,,,2025-09-12
Rajasthan,Chhitorgarh,42,,30,32,93,120,120,107,87,43,55,201,158,133,134,137,115,45,270,20,26,25,53,28,36,39,56,44,95,586,54,77,44,89,35,54,35,23,40,,,2025-09-12
Rajasthan,Churu,35,,28,28,90,NR,110,NR,82,42,46,173,151,145,113,NR,NR,40,305,15,20,30,40,28,40,32,35,50,80,700,55,84,40,100,NR,33,40,15,40,,,2025-09-12
Rajasthan,Dholapur,41,,25,31,81,125,102,98,90,46,56,224,194,154,146,NR,NR,51,240,16,27,28,45,29,NR,44,NR,44,92,633,62,81,45,78,32,32,21,14,40,,,2025-09-12
Rajasthan,Dungarpur,45,,27,33,95,125,109,104,90,44,55,178,175,166,173,176,163,49,287,22,34,32,54,42,36,43,80,52,89,628,63,91,45,81,37,43,41,26,43,,,2025-09-12
Rajasthan,Hanumangarh,34,,27,35,84,127,112,106,85,44,46,216,167,187,129,129,NR,40,318,21,32,34,36,NR,NR,NR,NR,NR,NR,NR,NR,NR,NR,NR,NR,NR,NR,NR,NR,,,2025-09-12
Rajasthan,Jaisalmer,41,,32,35,84,114,120,95,82,45,60,205,190,145,141,163,NR,52,260,19,26,25,40,31,34,43,64,45,97,602,62,120,37,84,39,30,24,13,38,,,2025-09-12
Rajasthan,Jalore,44,,34,34,91,113,120,105,90,42,54,200,154,127,154,157,NR,42,310,15,34,34,33,30,40,41,NR,50,96,545,60,78,47,98,41,40,29,17,43,,,2025-09-12
Rajasthan,Jhalawar,42,,29,33,84,130,114,98,85,43,55,193,163,144,148,158,NR,43,287,19,21,23,52,28,33,42,51,45,90,674,58,80,33,78,31,39,30,18,40,,,2025-09-12
Rajasthan,Jhunjhunu,NR,,NR,NR,NR,NR,NR,NR,NR,NR,NR,NR,NR,NR,NR,NR,NR,NR,NR,NR,NR,NR,NR,NR,NR,NR,NR,NR,NR,NR,NR,NR,NR,NR,NR,NR,NR,NR,NR,,,2025-09-12
Rajasthan,Karauli,40,,24,32,84,132,115,105,94,45,52,190,141,128,129,133,101,40,312,22,19,28,NR,25,22,40,37,50,106,612,60,88,38,94,33,46,22,18,39,,,2025-09-12
Rajasthan,Nagaur,41,,31,43,92,125,91,95,90,42,53,177,167,157,157,157,144,45,310,17,21,30,21,29,30,33,NR,46,92,743,NR,101,NR,101,NR,36,26,24,36,,,2025-09-12
Rajasthan,Pali,55,,33,32,91,129,128,90,75,44,57,201,167,167,163,162,NR,43,236,25,31,26,33,30,38,38,NR,47,108,507,NR,62,53,85,59,35,26,21,41,,,2025-09-12
Rajasthan,RJ-Pratapgarh,41,,29,32,70,133,107,97,83,43,45,180,174,154,158,NR,NR,44,298,19,25,25,44,34,36,41,NR,42,103,707,60,60,39,69,46,36,25,15,40,,,2025-09-12
Rajasthan,Sikar,53,,35,35,89,132,123,108,106,45,52,160,198,131,134,132,NR,60,243,30,33,33,42,29,30,31,30,30,106,566,63,70,32,89,30,31,29,29,32,,,2025-09-12
Rajasthan,Sirohi,43,,30,38,73,117,118,100,80,42,51,203,148,127,128,130,NR,49,250,17,21,28,60,26,NR,43,NR,47,92,604,62,96,55,96,26,26,25,11,47,,,2025-09-12
Rajasthan,Sri Ganganagar,48,,29,35,85,108,117,118,85,45,54,188,181,141,139,NR,NR,43,270,NR,19,20,49,NR,NR,39,NR,35,90,709,NR,NR,24,81,30,29,29,28,45,,,2025-09-12
Rajasthan,Tonk,NR,,NR,NR,NR,NR,NR,NR,NR,NR,NR,NR,NR,NR,NR,NR,NR,NR,NR,NR,NR,NR,NR,NR,NR,NR,NR,NR,NR,NR,NR,NR,NR,NR,NR,NR,NR,NR,NR,,,2025-09-12
Rajasthan,Sawai Madhopur,50,,28,31,77,139,100,95,97,45,55,226,156,143,143,148,NR,45,292,26,30,34,33,32,35,50,50,50,110,551,63,72,40,90,26,54,25,25,40,,,2025-09-12
EAST ZONE,EAST ZONE,,,,,,,,,,,,,,,,,,,,,,,,,,,,,,,,,,,,,,,,,,2025-09-12
Bihar,Patna,40,,28,36,84,99,105,103,83,49,58,NR,187,148,196,180,167,52,278,26,22,30,38,NR,NR,40,NR,40,100,604,56,84,30,90,40,40,25,15,44,,,2025-09-12
Bihar,Bhagalpur,38,,28,32,81,105,107,95,80,47,57,NR,186,129,123,169,117,46,320,28,19,27,49,49,61,34,NR,35,104,635,58,84,39,96,29,34,21,18,NR,,,2025-09-12
Bihar,Purnia,38,,31,36,79,96,109,104,79,49,57,NR,191,142,158,NR,120,44,324,18,20,23,70,58,58,42,61,44,108,703,55,82,35,97,36,34,25,17,48,,,2025-09-12
Bihar,Darbhanga,39,,27,38,77,90,112,108,88,44,56,NR,200,185,147,NR,119,48,193,28,14,20,38,56,56,29,44,32,108,703,60,72,34,99,25,44,23,29,50,,,2025-09-12
Bihar,Gaya,33,,26,38,81,126,106,108,82,45,60,NR,180,135,144,142,120,55,340,25,23,24,50,NR,NR,35,NR,39,110,675,59,80,34,84,33,37,23,16,43,,,2025-09-12
Bihar,Muzzafarpur,39,,28,33,84,107,116,107,81,47,57,NR,188,151,156,193,123,57,287,27,21,22,37,48,49,41,54,40,101,604,59,84,23,91,39,40,27,15,51,,,2025-09-12
Bihar,Saran,41,,26,36,80,101,108,107,82,48,58,NR,177,171,173,185,NR,48,302,27,22,24,40,42,60,35,60,35,102,677,57,67,42,80,37,43,28,17,41,,,2025-09-12
Bihar,Munger,NR,,NR,NR,NR,NR,NR,NR,NR,NR,NR,NR,NR,NR,NR,NR,NR,NR,NR,NR,NR,NR,NR,NR,NR,NR,NR,NR,NR,NR,NR,NR,NR,NR,NR,NR,NR,NR,NR,,,2025-09-12
Bihar,Saharsa,41,,30,35,92,135,118,103,92,45,56,NR,168,136,137,NR,NR,52,275,21,21,31,51,NR,NR,40,NR,37,93,684,55,74,40,95,52,47,37,11,40,,,2025-09-12
Bihar,Madhubani,38,,29,34,86,137,115,108,82,46,55,206,164,161,160,171,127,45,273,24,23,27,45,NR,NR,31,48,33,107,619,57,69,29,82,32,32,24,11,50,,,2025-09-12
Bihar,Rohtas (Sasaram),34,,36,39,82,105,101,92,84,51,66,194,196,178,164,184,137,54,220,28,19,23,34,38,59,37,54,40,99,690,60,82,45,77,24,30,19,12,36,,,2025-09-12
Bihar,Motihari,44,,28,32,82,108,114,106,82,45,56,211,218,205,160,206,141,46,265,19,20,22,46,34,33,36,50,36,108,593,54,76,27,80,30,43,26,19,32,,,2025-09-12
Bihar,Samastipur,41,,28,35,85,140,117,114,78,45,54,168,198,162,126,150,157,53,303,26,19,23,47,30,38,34,73,37,95,617,57,92,35,97,25,76,25,11,48,,,2025-09-12
Bihar,Katihar,41,,32,35,84,125,128,110,80,46,59,NR,183,127,133,146,NR,48,305,20,23,32,59,NR,NR,33,NR,34,110,593,NR,72,38,98,21,50,20,13,NR,,,2025-09-12
Bihar,Araria,33,,27,30,81,138,120,115,85,46,60,NR,189,152,163,196,132,50,330,20,20,20,58,60,60,35,65,50,100,604,60,76,40,90,26,40,30,13,45,,,2025-09-12
Bihar,Nawada,44,,32,36,89,112,110,107,83,50,60,NR,179,159,182,181,151,53,280,29,22,28,57,50,48,42,57,45,103,718,61,84,58,87,35,37,28,13,64,,,2025-09-12
Bihar,Khagaria,NR,,NR,NR,NR,NR,NR,NR,NR,NR,NR,NR,NR,NR,NR,NR,NR,NR,NR,NR,NR,NR,NR,NR,NR,NR,NR,NR,NR,NR,NR,NR,NR,NR,NR,NR,NR,NR,NR,,,2025-09-12
Bihar,Banka,40,,31,37,85,125,104,105,74,45,58,NR,176,157,167,168,123,41,218,15,18,30,49,NR,NR,35,NR,39,99,640,55,80,40,83,35,40,30,10,40,,,2025-09-12
Bihar,Arwal,37,,31,36,82,116,116,118,80,44,59,NR,207,184,177,183,122,48,280,26,21,30,49,NR,NR,32,NR,36,100,659,55,106,39,80,25,40,24,15,47,,,2025-09-12
Bihar,Aurangabad,37,,29,33,84,114,107,105,82,47,55,173,183,159,156,170,115,57,220,28,18,23,58,50,NR,35,NR,38,103,769,58,79,50,86,28,42,30,16,52,,,2025-09-12
Bihar,Begusarai,NR,,NR,NR,NR,NR,NR,NR,NR,NR,NR,NR,NR,NR,NR,NR,NR,NR,NR,NR,NR,NR,NR,NR,NR,NR,NR,NR,NR,NR,NR,NR,NR,NR,NR,NR,NR,NR,NR,,,2025-09-12
Bihar,Bhojpur Ara,43,,26,29,83,97,115,98,79,46,52,203,215,137,145,151,NR,50,362,30,20,25,40,NR,NR,35,NR,37,100,681,60,82,45,85,50,40,25,10,47,,,2025-09-12
Bihar,Buxar,33,,29,33,80,100,100,102,80,46,60,202,198,171,168,178,145,49,327,25,21,20,32,41,51,32,55,33,88,703,60,84,34,81,39,30,25,19,40,,,2025-09-12
Bihar,Gopalganj,37,,27,35,80,118,106,105,79,44,55,190,174,148,145,151,114,51,238,29,20,26,38,43,44,39,43,40,117,655,56,68,31,86,43,40,35,11,54,,,2025-09-12
Bihar,Jamui,39,,28,33,78,103,112,113,75,45,60,NR,165,148,161,NR,129,46,242,28,18,23,40,NR,NR,NR,NR,NR,NR,NR,NR,NR,NR,NR,NR,NR,NR,NR,NR,,,2025-09-12
Bihar,Jehanabad,28,,30,32,81,113,111,108,75,45,55,NR,194,185,164,NR,NR,51,244,24,18,22,41,NR,NR,39,NR,40,97,660,54,100,25,83,24,40,21,15,55,,,2025-09-12
Bihar,Kaimur,39,,27,33,80,109,110,109,79,47,57,NR,194,179,165,183,120,55,214,20,16,22,35,39,39,37,NR,39,86,714,61,77,37,82,30,32,20,15,55,,,2025-09-12
Bihar,Kishanganj,NR,,NR,NR,NR,NR,NR,NR,NR,NR,NR,NR,NR,NR,NR,NR,NR,NR,NR,NR,NR,NR,NR,NR,NR,NR,NR,NR,NR,NR,NR,NR,NR,NR,NR,NR,NR,NR,NR,,,2025-09-12
Bihar,Lakhisarai,40,,30,40,83,122,129,115,88,47,59,NR,218,167,170,NR,154,53,295,27,20,27,54,55,60,46,44,46,102,743,60,96,40,83,35,40,27,15,40,,,2025-09-12
Bihar,Medhepura,38,,29,35,81,114,113,109,80,46,58,NR,187,160,169,186,142,48,276,22,22,27,47,NR,NR,36,NR,35,103,635,59,80,36,87,35,38,31,14,42,,,2025-09-12
Bihar,Nalanda,35,,32,34,87,138,123,116,83,44,62,214,145,125,118,159,NR,48,390,28,19,24,NR,50,60,45,60,45,95,NR,60,82,40,75,25,30,18,21,60,,,2025-09-12
Bihar,Sheikhpura,38,,30,35,93,124,114,115,80,44,56,NR,148,130,136,137,122,50,245,27,16,25,32,45,NR,38,51,40,110,640,58,70,25,95,30,30,41,13,40,,,2025-09-12
Bihar,Sheohar,39,,27,33,80,117,119,113,77,45,58,170,172,156,171,181,127,50,232,24,22,24,60,NR,NR,36,43,39,106,676,58,75,33,84,28,43,21,13,59,,,2025-09-12
Bihar,Sitamarhi,35,,29,36,80,100,102,103,84,47,58,NR,192,163,158,168,147,48,223,28,18,20,37,42,51,35,35,34,93,711,58,82,43,95,31,39,24,10,48,,,2025-09-12
Bihar,Siwan,34,,28,32,80,96,102,98,77,47,60,167,196,151,153,151,129,54,210,27,18,24,32,47,43,33,51,35,88,742,61,66,26,76,31,41,27,14,48,,,2025-09-12
Bihar,Supaul,38,,30,35,78,104,115,117,77,46,55,NR,193,136,NR,NR,141,50,263,12,17,22,39,NR,NR,36,NR,36,112,580,58,84,30,80,26,56,35,15,55,,,2025-09-12
Bihar,Vaishali,35,,29,34,80,97,117,102,79,46,50,207,178,151,150,189,148,54,207,29,20,25,40,49,49,35,39,39,85,659,55,94,30,77,26,34,17,12,38,,,2025-09-12
Bihar,West Champaran,39,,29,35,81,120,120,110,81,44,56,205,188,167,155,178,113,45,260,20,22,22,44,35,41,33,45,39,105,567,54,76,37,90,47,50,27,17,47,,,2025-09-12
Jharkhand,Ranchi,44,,36,38,82,105,105,110,80,46,58,231,198,143,159,165,126,50,240,27,20,25,60,NR,NR,NR,NR,NR,NR,NR,NR,NR,NR,NR,NR,NR,NR,NR,NR,,,2025-09-12
Jharkhand,Gumla,40,,27,36,82,100,98,105,83,48,56,176,176,187,132,154,110,48,217,15,19,15,27,34,82,35,50,41,100,680,45,78,55,90,25,26,17,15,50,,,2025-09-12
Jharkhand,Sahibganj,40,,36,38,85,115,120,120,87,48,60,170,198,170,176,163,121,60,250,20,18,25,50,40,NR,40,60,50,105,659,58,84,30,73,35,32,27,14,40,,,2025-09-12
Jharkhand,Bokaro,34,,35,37,86,132,100,110,86,46,57,189,172,160,164,182,145,51,322,25,28,30,56,NR,NR,33,NR,40,100,709,55,89,29,81,28,42,25,13,60,,,2025-09-12
Jharkhand,Lohardaga,36,,31,36,85,110,125,110,80,45,61,NR,155,129,140,152,127,44,203,26,20,25,40,NR,NR,38,31,40,90,651,56,73,25,80,42,30,27,11,38,,,2025-09-12
Jharkhand,Simdega,NR,,NR,NR,NR,NR,NR,NR,NR,NR,NR,NR,NR,NR,NR,NR,NR,NR,NR,NR,NR,NR,NR,NR,NR,NR,NR,NR,NR,NR,NR,NR,NR,NR,NR,NR,NR,NR,NR,,,2025-09-12
Jharkhand,Dhanbad,40,,35,36,80,106,110,108,80,46,59,242,192,153,172,187,132,53,245,26,20,29,50,35,51,37,51,40,96,718,57,75,46,88,30,41,33,18,49,,,2025-09-12
Jharkhand,Jamshedpur (East Singbhum),44,,38,41,106,131,129,120,95,46,58,219,190,165,154,167,128,57,200,29,22,32,42,32,30,39,59,50,103,606,58,81,65,88,30,33,28,12,50,,,2025-09-12
Jharkhand,Giridhi,34,,32,36,81,106,102,105,75,47,55,NR,192,165,144,164,143,43,300,19,22,25,50,41,35,39,38,46,90,600,60,96,30,99,29,41,25,16,52,,,2025-09-12
Jharkhand,Seraikella,35,,31,39,80,108,109,108,78,47,60,187,191,155,158,166,113,55,207,28,19,24,50,38,NR,41,NR,43,92,600,60,84,42,80,30,33,25,14,52,,,2025-09-12
Jharkhand,West Singhbhum,37,,30,36,84,115,120,113,79,46,60,202,205,167,166,174,120,53,242,24,20,31,40,41,50,33,49,35,93,633,58,89,41,78,31,32,24,11,50,,,2025-09-12
Jharkhand,Daltonganj,41,,29,39,82,113,109,111,91,49,60,NR,181,160,167,NR,145,61,282,33,16,22,40,NR,NR,46,58,48,108,643,63,96,26,86,32,36,26,17,35,,,2025-09-12
Jharkhand,Deoghar,40,,35,36,90,110,120,110,80,48,60,176,192,176,170,176,132,50,300,30,20,20,50,50,50,45,60,55,100,769,60,80,30,90,40,40,30,18,40,,,2025-09-12
Jharkhand,Ramgarh,38,,36,38,NR,118,114,112,79,47,NR,NR,176,162,168,201,157,46,279,25,22,32,43,NR,NR,31,NR,40,108,590,58,77,42,83,28,58,27,12,42,,,2025-09-12
Jharkhand,Pakur,40,,39,41,80,105,92,96,84,48,60,200,194,172,143,185,148,60,307,22,18,24,38,41,41,48,51,61,97,637,61,79,40,96,25,33,21,15,43,,,2025-09-12
Jharkhand,Jamtara,34,,28,35,85,105,109,109,95,51,60,156,192,144,159,170,148,59,348,28,21,25,55,NR,NR,37,NR,51,89,655,61,83,59,99,49,51,39,15,49,,,2025-09-12
Jharkhand,Latehar,38,,27,37,81,113,106,106,81,51,60,174,206,160,170,NR,137,50,193,31,24,24,48,NR,NR,39,NR,53,109,724,59,84,41,83,47,35,28,15,63,,,2025-09-12
Jharkhand,Godda,40,,30,37,90,118,133,120,90,47,64,198,198,156,165,165,132,60,293,30,20,30,60,NR,NR,40,NR,40,100,714,62,83,53,100,37,38,28,20,40,,,2025-09-12
Jharkhand,Koderma,40,,33,35,87,102,110,105,80,47,65,198,198,137,156,192,125,60,207,29,21,24,48,NR,NR,37,NR,38,93,717,65,85,59,90,34,34,20,15,60,,,2025-09-12
Odisha,Bhubaneshwar,40,,36,46,82,100,100,110,80,48,54,NR,198,127,NR,165,147,55,230,27,20,25,33,NR,NR,38,49,44,90,NR,NR,80,50,85,34,30,20,12,50,,,2025-09-12
Odisha,Cuttack,41,,36,46,82,99,101,101,81,49,54,NR,199,132,NR,166,122,57,260,28,21,26,38,41,42,41,51,43,95,743,NR,82,48,87,NR,33,22,15,62,,,2025-09-12
Odisha,Sambalpur,40,,40,45,80,97,95,97,78,52,54,NR,196,129,NR,163,121,50,240,28,20,25,40,40,45,40,50,40,90,736,NR,72,40,90,35,32,30,15,60,,,2025-09-12
Odisha,Rourkela,36,,36,36,82,99,98,97,79,47,54,NR,201,131,128,165,141,54,190,26,21,23,35,36,36,40,40,42,91,529,58,76,40,81,30,32,23,15,50,,,2025-09-12
Odisha,Berhampur,44,,40,40,80,96,99,100,71,50,54,NR,215,153,NR,179,143,55,245,21,20,22,33,NR,NR,38,49,50,84,703,53,70,60,84,35,45,29,14,46,,,2025-09-12
Odisha,Jeypore,45,,40,38,86,100,98,97,80,47,54,NR,196,132,137,158,141,55,237,28,20,25,35,40,40,38,45,42,80,736,60,70,40,75,30,35,20,12,42,,,2025-09-12
Odisha,Balasore,38,,41,45,82,97,98,94,76,46,54,NR,203,163,NR,166,124,59,240,28,20,27,50,NR,NR,42,NR,43,93,620,59,84,62,93,28,40,28,11,45,,,2025-09-12
Odisha,Baripada,37,,37,42,85,101,109,96,80,48,54,NR,188,160,NR,166,143,55,245,26,18,25,49,35,NR,48,44,51,120,690,62,78,57,93,29,40,31,14,61,,,2025-09-12
Odisha,Balangir,39,,37,38,82,97,100,97,80,46,54,NR,205,127,NR,165,121,60,NR,29,23,23,37,NR,NR,38,NR,43,90,714,60,80,47,77,27,35,20,15,40,,,2025-09-12
Odisha,Angul,39,,NR,48,92,117,110,111,84,43,52,NR,186,178,NR,161,129,55,350,27,22,30,32,NR,58,40,53,47,98,718,59,84,49,87,45,30,31,15,41,,,2025-09-12
Odisha,Boudhgarh,NR,,NR,NR,NR,NR,NR,NR,NR,NR,NR,NR,NR,NR,NR,NR,NR,NR,NR,NR,NR,NR,NR,NR,NR,NR,NR,NR,NR,NR,NR,NR,NR,NR,NR,NR,NR,NR,NR,,,2025-09-12
Odisha,Dhenkanal,39,,35,44,82,98,98,98,85,49,54,NR,203,137,NR,165,143,57,430,29,20,26,40,50,NR,39,50,45,86,696,58,84,50,83,40,30,20,12,50,,,2025-09-12
Odisha,Jagatsinghpur,35,,35,38,80,100,110,100,85,48,58,NR,203,174,NR,159,121,50,240,25,20,25,40,NR,NR,38,NR,39,103,600,58,72,50,81,38,32,21,13,60,,,2025-09-12
Odisha,Kandhamal,NR,,NR,NR,NR,NR,NR,NR,NR,NR,NR,NR,NR,NR,NR,NR,NR,NR,NR,NR,NR,NR,NR,NR,NR,NR,NR,NR,NR,NR,NR,NR,NR,NR,NR,NR,NR,NR,NR,,,2025-09-12
Odisha,Keonjhar,NR,,NR,NR,NR,NR,NR,NR,NR,NR,NR,NR,NR,NR,NR,NR,NR,NR,NR,NR,NR,NR,NR,NR,NR,NR,NR,NR,NR,NR,NR,NR,NR,NR,NR,NR,NR,NR,NR,,,2025-09-12
Odisha,Malkangiri,44,,35,40,88,110,110,110,83,45,55,NR,203,146,150,156,126,58,374,22,22,29,48,NR,NR,38,35,40,76,699,57,80,40,80,34,41,22,14,47,,,2025-09-12
Odisha,Nabarangpur,50,,40,45,85,112,112,112,78,44,66,176,180,170,132,156,122,60,400,30,18,24,47,40,40,43,40,51,115,762,58,76,37,110,28,38,20,18,60,,,2025-09-12
Odisha,Nayagarh,39,,NR,42,85,117,118,110,85,46,53,NR,205,169,NR,160,134,60,340,26,19,24,43,NR,NR,38,43,43,85,651,58,84,40,85,33,44,24,14,42,,,2025-09-12
Odisha,Nuapada,45,,35,50,90,120,110,120,80,45,54,NR,208,165,NR,170,143,55,240,30,25,25,40,NR,NR,45,40,48,80,769,60,84,50,90,30,30,24,18,50,,,2025-09-12
Odisha,Paralakhemundi Gajapati,NR,,NR,NR,NR,NR,NR,NR,NR,NR,NR,NR,NR,NR,NR,NR,NR,NR,NR,NR,NR,NR,NR,NR,NR,NR,NR,NR,NR,NR,NR,NR,NR,NR,NR,NR,NR,NR,NR,,,2025-09-12
Odisha,Puri,39,,NR,43,84,106,104,101,80,47,56,NR,199,151,NR,162,130,57,282,26,18,24,37,NR,NR,41,NR,43,95,666,60,76,38,86,36,42,25,13,46,,,2025-09-12
Odisha,Rayagada,42,,43,50,87,105,108,106,80,50,56,184,198,140,NR,167,127,55,NR,30,23,25,40,NR,NR,48,39,50,88,731,62,81,47,82,34,35,26,12,50,,,2025-09-12
Odisha,Sonepur,36,,NR,43,85,110,100,108,80,46,46,NR,209,144,NR,167,121,53,NR,10,18,21,39,NR,NR,39,NR,51,100,725,60,84,45,89,30,26,22,10,50,,,2025-09-12
Odisha,Bhadrak,36,,NR,43,85,113,110,110,84,45,60,NR,207,176,NR,161,135,55,292,28,17,25,45,44,NR,38,63,39,85,769,60,75,55,80,38,32,24,15,40,,,2025-09-12
Odisha,Jharsuguda,41,,44,41,85,110,102,105,80,47,54,NR,203,143,127,169,121,50,NR,30,25,30,42,39,44,44,58,46,100,692,62,84,60,92,38,39,27,19,45,,,2025-09-12
Odisha,Kendrapara,39,,38,45,85,105,102,100,82,45,54,NR,203,154,NR,159,138,51,280,28,19,25,40,NR,NR,40,56,43,87,692,60,71,35,85,29,36,23,14,50,,,2025-09-12
Odisha,Jajpur,36,,40,43,80,101,107,90,79,46,56,NR,199,177,NR,159,118,55,NR,25,18,23,40,NR,NR,36,NR,41,100,659,54,92,48,85,38,40,22,13,60,,,2025-09-12
Odisha,Kalahandi,41,,37,49,82,111,111,109,84,48,56,NR,209,159,NR,165,126,54,395,29,21,25,40,NR,NR,41,37,49,101,753,NR,84,40,84,27,32,26,13,50,,,2025-09-12
West Bengal,Kolkata,55,,NR,38,85,113,122,113,121,49,58,NR,197,169,142,167,120,66,267,29,20,30,43,NR,NR,39,NR,60,102,775,62,84,67,87,36,29,23,19,55,,,2025-09-12
West Bengal,Siliguri,41,,30,45,97,133,114,112,101,43,64,NR,195,NR,166,166,NR,68,217,14,20,32,44,NR,NR,40,NR,46,94,716,63,85,78,99,58,41,23,12,39,,,2025-09-12
West Bengal,Purulia,37,,NR,38,84,118,111,105,99,45,57,177,194,158,149,174,141,53,281,27,16,25,42,NR,NR,46,NR,58,112,651,61,77,48,82,31,44,37,20,45,,,2025-09-12
West Bengal,Kharagpur,54,,35,39,81,118,115,115,111,54,65,202,196,139,128,165,121,65,282,30,24,27,40,NR,NR,45,NR,45,100,747,60,84,70,85,32,40,24,15,65,,,2025-09-12
West Bengal,Rampurhat,57,,33,42,84,122,121,112,95,46,52,198,201,154,159,171,111,54,292,27,15,20,46,NR,NR,42,NR,45,78,732,59,73,40,95,36,36,37,14,52,,,2025-09-12
West Bengal,Malda,44,,29,41,91,139,117,120,100,48,58,NR,194,NR,148,177,131,60,318,20,17,26,49,NR,NR,39,NR,61,91,593,60,84,54,100,40,35,28,14,60,,,2025-09-12
West Bengal,Raiganj,41,,27,35,85,123,130,110,110,47,48,176,192,148,126,165,121,55,260,12,15,23,52,NR,NR,35,NR,57,110,622,58,80,47,88,40,28,25,14,60,,,2025-09-12
West Bengal,Alipurduar,39,,NR,41,88,136,113,113,108,48,65,NR,189,NR,152,178,120,61,240,12,16,25,37,NR,NR,44,NR,47,84,674,62,84,22,99,27,34,28,12,46,,,2025-09-12
West Bengal,Asansol,54,,NR,39,84,105,109,109,97,49,67,NR,194,155,143,171,140,54,335,28,17,25,54,NR,NR,37,NR,47,97,714,61,84,49,74,35,34,32,17,42,,,2025-09-12
West Bengal,Balurghat,51,,31,40,95,125,128,115,107,48,60,NR,199,154,128,167,123,45,351,28,20,22,63,NR,NR,54,NR,55,83,655,59,86,52,95,39,35,25,15,60,,,2025-09-12
West Bengal,Bankura,40,,NR,38,90,121,121,117,99,48,61,NR,198,NR,132,176,126,59,285,22,17,25,45,NR,NR,37,NR,61,97,578,62,78,45,88,30,35,28,14,43,,,2025-09-12
West Bengal,Barasat,50,,31,39,94,125,107,109,113,46,56,199,193,190,150,166,137,63,274,27,22,28,40,56,55,39,65,54,75,632,57,76,58,84,37,35,25,14,36,,,2025-09-12
West Bengal,Bardhaman,55,,NR,41,89,112,114,116,125,47,58,227,193,152,128,164,129,51,310,27,16,25,40,NR,NR,38,NR,44,96,731,59,78,61,90,35,32,24,13,55,,,2025-09-12
West Bengal,Baruipur,42,,NR,39,82,144,123,113,90,46,56,NR,176,146,146,153,120,55,262,27,18,28,40,NR,NR,37,NR,37,110,598,60,76,67,71,38,51,27,13,33,,,2025-09-12
West Bengal,Berhampore,45,,30,41,78,110,111,102,96,48,60,NR,180,144,152,174,143,49,273,24,19,25,38,NR,NR,39,NR,62,69,617,62,78,45,97,30,31,25,15,37,,,2025-09-12
West Bengal,Chinsurah,56,,NR,40,86,115,125,116,104,49,58,NR,180,145,157,183,110,56,291,28,18,26,49,NR,NR,35,NR,61,83,581,62,81,50,89,36,37,25,15,61,,,2025-09-12
West Bengal,Cooch behar,50,,NR,40,91,137,119,119,111,48,60,NR,198,137,124,171,132,70,300,30,19,30,55,57,54,40,50,40,150,659,60,84,50,120,50,38,35,15,59,,,2025-09-12
West Bengal,Howrah,57,,NR,39,102,128,110,128,118,49,63,NR,202,200,156,177,NR,70,253,28,17,25,50,NR,NR,NR,NR,55,112,690,58,74,80,108,34,34,31,15,58,,,2025-09-12
West Bengal,Jalapiguri,44,,35,47,92,130,142,112,128,51,82,NR,201,145,167,177,122,60,300,28,21,30,70,NR,NR,36,NR,60,102,707,61,84,42,100,55,32,29,15,62,,,2025-09-12
West Bengal,Jhargram,41,,NR,37,101,124,111,125,111,46,60,NR,182,148,142,164,127,49,292,28,17,21,42,NR,NR,35,NR,59,93,671,61,84,53,81,37,38,25,15,43,,,2025-09-12
West Bengal,Kalimpong,45,,35,35,81,150,125,118,100,46,67,NR,174,136,142,181,NR,62,387,16,25,33,59,NR,NR,39,44,41,99,723,NR,91,58,101,70,50,31,19,46,,,2025-09-12
West Bengal,Krishnagar,49,,NR,40,109,130,109,139,119,44,57,NR,176,155,146,155,138,48,298,27,22,26,41,NR,NR,41,NR,95,90,571,61,82,90,103,26,32,33,18,40,,,2025-09-12
West Bengal,Tamluk,51,,NR,48,97,120,120,120,133,51,58,NR,198,NR,143,165,NR,60,307,28,19,25,50,NR,NR,39,NR,60,113,729,62,80,63,99,37,35,29,14,40,,,2025-09-12
NORTH EAST ZONE,NORTH EAST ZONE,,,,,,,,,,,,,,,,,,,,,,,,,,,,,,,,,,,,,,,,,,2025-09-12
Andaman and Nicobar,Port Blair,55,,NR,50,100,120,125,115,95,57,72,NR,198,203,NR,170,154,76,330,21,50,50,90,70,70,60,70,70,110,747,60,96,160,100,50,40,30,15,73,,,2025-09-12
Andaman and Nicobar,Mayabunder,53,,NR,69,106,114,129,123,102,59,74,230,212,220,NR,165,152,78,360,21,50,50,100,NR,NR,61,98,90,142,793,62,120,160,94,40,38,24,15,40,,,2025-09-12
Andaman and Nicobar,Car Nicobar,NR,,NR,NR,NR,NR,NR,NR,NR,NR,NR,NR,NR,NR,NR,NR,NR,NR,NR,NR,NR,NR,NR,NR,NR,NR,NR,NR,NR,NR,NR,NR,NR,NR,NR,NR,NR,NR,NR,,,2025-09-12
Arunachal pradesh,Itanagar,39,,NR,44,91,143,130,120,90,50,74,NR,209,176,149,208,NR,75,400,17,25,30,38,NR,NR,45,NR,52,99,702,57,84,42,79,57,53,30,17,69,,,2025-09-12
Arunachal pradesh,Namsai,36,,NR,42,90,120,120,120,93,50,76,NR,169,NR,187,165,NR,80,278,15,25,30,50,NR,NR,52,NR,60,120,660,59,96,26,80,50,30,30,18,55,,,2025-09-12
Arunachal pradesh,Pasighat,50,,NR,50,100,130,130,100,100,60,78,176,220,165,172,169,NR,90,400,20,30,40,68,NR,NR,50,NR,53,73,692,59,100,70,100,75,83,43,15,60,,,2025-09-12
Arunachal pradesh,Tawang,45,,45,45,100,142,140,137,98,57,73,NR,208,120,137,165,NR,100,340,20,41,42,52,NR,NR,42,NR,53,93,684,57,92,50,98,28,83,30,28,62,,,2025-09-12
Assam,Guwahati,39,,33,40,81,106,95,100,90,49,70,223,205,165,154,170,143,60,220,13,22,33,60,NR,NR,42,NR,44,NR,NR,NR,83,42,NR,37,NR,22,19,80,,,2025-09-12
Assam,Barpeta,35,,41,39,85,107,95,99,82,49,72,198,212,139,157,192,134,58,240,10,19,29,43,49,43,42,97,52,83,738,63,79,32,83,38,33,28,18,58,,,2025-09-12
Assam,Tinsukia,33,,34,40,85,108,85,105,89,50,77,NR,214,187,170,181,NR,60,190,10,18,28,50,NR,NR,44,NR,44,95,736,64,90,30,80,35,35,27,20,40,,,2025-09-12
Assam,Dhubri,35,,NR,35,80,112,NR,109,86,48,74,NR,214,162,154,165,121,60,180,10,20,27,50,50,65,38,65,50,110,747,60,84,30,70,30,40,20,15,60,,,2025-09-12
Assam,Goalpara,42,,32,39,91,136,120,111,88,48,59,NR,184,161,151,164,158,51,258,10,18,30,38,NR,NR,38,NR,54,97,659,60,80,40,97,41,31,31,18,57,,,2025-09-12
Assam,Golaghat,47,,34,42,90,121,90,110,97,50,NR,NR,156,146,148,146,145,73,283,14,21,30,47,NR,NR,NR,NR,NR,NR,NR,NR,94,48,70,45,NR,25,16,62,,,2025-09-12
Assam,Mangaldai,45,,33,38,78,100,95,110,87,48,70,NR,189,145,141,160,164,60,260,12,19,35,52,NR,NR,39,NR,42,NR,NR,NR,90,30,NR,NR,NR,30,17,65,,,2025-09-12
Assam,Mushalpur,39,,38,36,91,129,95,118,90,48,73,NR,212,144,152,148,144,50,243,10,20,30,68,NR,NR,37,NR,50,82,817,60,81,35,87,29,NR,23,15,57,,,2025-09-12
Assam,Udalguri,41,,NR,41,99,129,97,107,85,45,75,NR,213,NR,145,172,145,58,260,11,19,33,46,NR,NR,39,NR,39,75,687,NR,79,29,80,42,NR,21,13,53,,,2025-09-12
Assam,Bajali,36,,33,40,90,118,105,115,90,48,78,164,209,NR,159,183,137,59,363,10,20,30,50,NR,NR,36,103,45,85,916,60,102,28,90,61,60,32,25,70,,,2025-09-12
Assam,Hojai,36,,NR,40,88,110,102,100,90,49,62,NR,199,146,136,175,152,70,240,11,20,30,60,NR,NR,39,NR,42,80,672,57,82,30,101,33,40,30,11,48,,,2025-09-12
Assam,Jorhat,40,,36,38,85,110,114,107,105,50,74,181,209,160,148,160,132,60,208,12,20,26,60,NR,NR,55,NR,54,78,NR,NR,93,40,NR,NR,NR,NR,12,53,,,2025-09-12
Assam,Bongaigaon,44,,NR,35,82,112,97,110,90,47,70,NR,184,152,150,165,NR,60,322,10,20,30,59,NR,NR,37,NR,60,76,NR,NR,84,40,NR,40,NR,30,18,55,,,2025-09-12
Assam,Morigaon,40,,40,40,85,120,118,110,90,47,74,187,192,168,159,165,143,60,240,10,23,30,70,50,NR,41,NR,50,105,674,60,80,60,75,45,40,25,15,70,,,2025-09-12
Assam,Sonari,40,,41,41,97,115,NR,115,100,48,77,NR,199,NR,154,NR,NR,71,220,12,19,30,62,NR,NR,37,NR,60,95,NR,NR,81,45,75,43,42,30,15,52,,,2025-09-12
Assam,Tamulpur,38,,39,39,88,112,105,110,89,49,77,NR,190,140,134,NR,117,60,253,10,19,30,55,NR,NR,39,NR,50,80,736,NR,96,40,NR,NR,NR,22,10,50,,,2025-09-12
Assam,Sivasagar,49,,41,50,91,127,118,108,105,48,77,NR,212,202,176,192,153,58,253,11,24,27,62,33,63,54,NR,58,90,679,62,93,40,78,37,56,33,11,50,,,2025-09-12
Assam,Biswanath Chariali,NR,,NR,NR,NR,NR,NR,NR,NR,NR,NR,NR,NR,NR,NR,NR,NR,NR,NR,NR,NR,NR,NR,NR,NR,NR,NR,NR,NR,NR,NR,NR,NR,NR,NR,NR,NR,NR,NR,,,2025-09-12
Assam,Dibrugarh,36,,NR,38,91,119,118,109,103,49,74,NR,207,152,171,186,NR,60,250,15,23,30,57,NR,NR,41,NR,57,93,775,60,94,53,82,39,43,30,13,60,,,2025-09-12
Assam,Karimganj,37,,NR,40,83,115,120,102,81,49,75,NR,207,NR,126,183,NR,70,235,14,20,29,60,NR,NR,40,NR,65,130,NR,60,90,50,NR,37,NR,26,15,48,,,2025-09-12
Assam,Majuli,35,,38,45,90,120,91,115,100,50,70,NR,187,NR,136,NR,NR,60,260,15,22,32,46,NR,NR,40,NR,42,113,NR,NR,84,40,70,45,NR,35,15,40,,,2025-09-12
Assam,Sonitpur Tezpur,37,,30,41,87,115,100,112,85,47,69,163,NR,167,142,162,120,49,310,10,20,25,47,NR,NR,40,NR,45,80,749,62,84,40,96,50,60,30,17,80,,,2025-09-12
Assam,Haflong,35,,NR,45,90,120,NR,115,85,55,77,NR,187,NR,132,198,NR,80,270,15,25,35,45,NR,NR,44,NR,45,90,758,62,90,45,110,40,40,25,19,80,,,2025-09-12
Assam,AS-Lakhimpur,39,,NR,41,86,112,105,112,92,49,72,NR,181,156,156,161,NR,56,188,15,18,28,51,NR,NR,41,NR,42,88,606,59,76,47,81,37,59,32,13,48,,,2025-09-12
Assam,Diphu,40,,NR,39,90,112,110,111,90,50,74,NR,192,NR,143,NR,126,90,243,13,20,35,47,42,55,41,62,65,103,712,62,86,22,92,60,40,26,13,60,,,2025-09-12
Assam,Nalbari,38,,NR,40,85,130,94,110,85,48,72,NR,211,145,165,176,156,56,303,10,20,30,45,NR,NR,40,NR,44,78,820,62,84,40,80,43,50,30,15,62,,,2025-09-12
Assam,South Salmara Mankachar,38,,39,39,81,142,NR,116,80,47,73,NR,199,181,170,181,143,60,230,11,29,31,NR,83,85,41,NR,61,NR,807,59,84,41,74,42,48,39,21,58,,,2025-09-12
Assam,Kamrup,NR,,NR,NR,NR,NR,NR,NR,NR,NR,NR,NR,NR,NR,NR,NR,NR,NR,NR,NR,NR,NR,NR,NR,NR,NR,NR,NR,NR,NR,NR,NR,NR,NR,NR,NR,NR,NR,NR,,,2025-09-12
Manipur,Imphal,53,,NR,NR,103,128,127,118,97,56,NR,152,209,219,174,198,160,92,270,25,31,42,65,52,66,47,72,NR,79,765,NR,NR,71,NR,NR,NR,NR,NR,NR,,,2025-09-12
Manipur,Chandel,60,,NR,50,NR,170,170,140,100,60,75,143,181,NR,181,NR,NR,120,220,30,30,40,100,NR,NR,50,NR,37,90,637,63,91,NR,64,50,NR,26,15,70,,,2025-09-12
Manipur,Jiribam,NR,,NR,NR,NR,NR,NR,NR,NR,NR,NR,NR,NR,NR,NR,NR,NR,NR,NR,NR,NR,NR,NR,NR,NR,NR,NR,NR,NR,NR,NR,NR,NR,NR,NR,NR,NR,NR,NR,,,2025-09-12
Manipur,Kangpokpi,NR,,NR,NR,NR,NR,NR,NR,NR,NR,NR,NR,NR,NR,NR,NR,NR,NR,NR,NR,NR,NR,NR,NR,NR,NR,NR,NR,NR,NR,NR,NR,NR,NR,NR,NR,NR,NR,NR,,,2025-09-12
Manipur,Senapati,NR,,NR,NR,NR,NR,NR,NR,NR,NR,NR,NR,NR,NR,NR,NR,NR,NR,NR,NR,NR,NR,NR,NR,NR,NR,NR,NR,NR,NR,NR,NR,NR,NR,NR,NR,NR,NR,NR,,,2025-09-12
Manipur,Tamenglong,NR,,NR,NR,NR,NR,NR,NR,NR,NR,NR,NR,NR,NR,NR,NR,NR,NR,NR,NR,NR,NR,NR,NR,NR,NR,NR,NR,NR,NR,NR,NR,NR,NR,NR,NR,NR,NR,NR,,,2025-09-12
Manipur,Thoubal,NR,,NR,NR,NR,NR,NR,NR,NR,NR,NR,NR,NR,NR,NR,NR,NR,NR,NR,NR,NR,NR,NR,NR,NR,NR,NR,NR,NR,NR,NR,NR,NR,NR,NR,NR,NR,NR,NR,,,2025-09-12
Manipur,Ukhrul,NR,,NR,NR,NR,NR,NR,NR,NR,NR,NR,NR,NR,NR,NR,NR,NR,NR,NR,NR,NR,NR,NR,NR,NR,NR,NR,NR,NR,NR,NR,NR,NR,NR,NR,NR,NR,NR,NR,,,2025-09-12
Meghalaya,Shillong,37,,40,39,100,140,130,120,88,49,77,NR,190,183,141,NR,NR,70,320,30,25,37,50,NR,NR,40,NR,40,117,806,62,81,53,80,47,53,27,21,87,,,2025-09-12
Meghalaya,Tura,36,,NR,42,100,137,NR,118,90,49,77,NR,183,NR,174,189,132,80,293,18,27,40,60,NR,NR,42,NR,60,90,714,58,84,60,73,50,53,27,20,70,,,2025-09-12
Meghalaya,Jowai,37,,41,40,90,NR,NR,120,87,50,74,NR,154,NR,152,NR,NR,80,360,15,25,38,50,NR,NR,41,NR,40,88,651,62,80,50,80,50,40,30,16,73,,,2025-09-12
Meghalaya,Sohra,NR,,NR,NR,NR,NR,NR,NR,NR,NR,NR,NR,NR,NR,NR,NR,NR,NR,NR,NR,NR,NR,NR,NR,NR,NR,NR,NR,NR,NR,NR,NR,NR,NR,NR,NR,NR,NR,NR,,,2025-09-12
Meghalaya,Mairang,38,,45,43,NR,NR,NR,120,90,53,74,NR,159,NR,148,NR,NR,NR,393,17,25,40,50,NR,NR,45,NR,42,110,NR,60,96,70,84,60,60,27,20,97,,,2025-09-12
Meghalaya,Nongpoh,35,,NR,42,90,140,NR,122,90,52,77,NR,156,NR,154,NR,NR,70,353,15,25,37,50,NR,NR,40,NR,43,95,651,62,92,50,83,50,65,32,19,77,,,2025-09-12
Meghalaya,Khliehriat,39,,41,40,93,137,NR,115,84,49,75,NR,NR,NR,NR,NR,NR,NR,320,30,28,38,47,NR,NR,41,NR,44,77,NR,60,78,43,78,58,43,28,15,77,,,2025-09-12
Meghalaya,Williamnagar,35,,40,35,110,150,NR,120,90,50,70,NR,197,NR,186,NR,164,80,320,15,25,45,61,NR,NR,38,NR,65,90,749,57,84,55,80,40,70,20,20,80,,,2025-09-12
Meghalaya,Nongstoin,34,,42,42,NR,NR,NR,120,87,50,73,NR,154,NR,154,NR,NR,NR,347,15,25,40,52,NR,NR,43,NR,45,98,700,62,83,57,80,52,55,26,15,82,,,2025-09-12
Meghalaya,Mawkyrwat,35,,45,45,NR,NR,NR,120,85,50,74,NR,143,NR,137,NR,NR,NR,370,16,20,35,60,NR,NR,43,NR,45,107,703,60,90,60,90,50,40,40,16,77,,,2025-09-12
Mizoram,Aizawl,50,,42,50,107,153,130,133,93,50,80,254,242,231,143,231,137,100,520,30,42,45,77,NR,NR,50,NR,70,90,703,60,90,78,90,100,90,60,40,78,,,2025-09-12
Mizoram,Lunglei,55,,40,50,117,NR,153,140,100,55,85,NR,231,220,143,253,NR,97,460,30,40,60,105,NR,NR,50,NR,92,107,681,60,100,67,100,100,67,42,20,90,,,2025-09-12
Mizoram,Kolasib,49,,40,43,95,160,130,128,92,55,80,NR,204,NR,135,164,143,100,470,30,40,40,90,NR,40,43,NR,78,137,659,60,90,70,92,100,83,40,35,50,,,2025-09-12
Mizoram,Mamit,48,,NR,46,105,154,NR,108,95,50,80,NR,207,NR,143,NR,NR,128,420,30,28,50,120,NR,NR,45,NR,93,95,537,59,95,44,98,NR,88,53,40,68,,,2025-09-12
Mizoram,Champhai,45,,35,45,90,140,NR,127,100,57,80,NR,165,209,159,NR,NR,93,520,30,52,60,77,NR,NR,45,NR,80,90,576,60,108,55,97,NR,NR,68,40,70,,,2025-09-12
Mizoram,Serchhip,45,,NR,49,113,NR,NR,130,100,50,80,NR,242,NR,143,NR,143,100,520,30,38,50,100,NR,NR,55,NR,80,160,633,60,96,53,107,80,90,30,23,60,,,2025-09-12
Mizoram,Siaha,55,,NR,50,103,157,138,148,102,55,80,NR,242,219,143,NR,110,100,250,30,40,52,NR,NR,NR,50,100,95,110,631,60,100,100,80,NR,60,60,40,93,,,2025-09-12
Mizoram,Lawngtlai,50,,45,50,100,160,140,140,100,50,80,NR,242,NR,143,NR,121,110,480,30,40,60,NR,NR,NR,50,NR,80,140,660,60,100,80,100,NR,90,60,40,100,,,2025-09-12
Mizoram,Hnahthial,53,,45,50,NR,153,157,133,103,52,84,NR,231,NR,139,NR,NR,135,500,30,37,50,120,NR,NR,50,NR,90,140,620,60,100,70,90,NR,90,50,20,85,,,2025-09-12
Mizoram,Khawzawl,55,,35,47,95,NR,132,128,93,55,82,NR,212,146,152,143,132,127,453,30,38,48,83,NR,NR,47,NR,80,100,617,60,98,53,93,NR,87,53,40,78,,,2025-09-12
Mizoram,Saitual,54,,45,50,107,NR,140,NR,100,55,80,NR,209,NR,143,NR,NR,120,513,30,32,43,120,NR,NR,50,NR,90,100,NR,58,95,80,100,NR,90,50,22,80,,,2025-09-12
Nagaland,Kohima,50,,45,45,100,160,150,130,90,50,76,NR,154,198,165,NR,NR,NR,340,20,30,50,80,NR,NR,45,NR,90,90,703,60,86,55,100,80,70,50,15,70,,,2025-09-12
Nagaland,Dimapur,NR,,NR,NR,NR,NR,NR,NR,NR,NR,NR,NR,NR,NR,NR,NR,NR,NR,NR,NR,NR,NR,NR,NR,NR,NR,NR,NR,NR,NR,NR,NR,NR,NR,NR,NR,NR,NR,NR,,,2025-09-12
Nagaland,Tuensang,37,,38,55,100,NR,NR,120,95,50,NR,NR,176,NR,181,NR,NR,NR,NR,20,20,40,40,NR,NR,50,NR,50,100,NR,58,92,42,100,35,90,50,30,60,,,2025-09-12
Nagaland,Mokochung,46,,NR,58,110,160,140,120,90,50,74,NR,154,181,176,209,NR,80,340,15,30,50,60,NR,NR,60,NR,70,120,714,60,96,40,100,70,70,40,20,52,,,2025-09-12
Nagaland,Chumukedima,40,,NR,36,90,138,120,108,92,50,70,NR,249,202,187,198,NR,78,318,18,22,47,50,NR,NR,40,NR,83,127,656,70,113,48,93,NR,77,37,32,52,,,2025-09-12
Nagaland,Mon,40,,NR,60,100,NR,NR,125,100,50,70,NR,154,NR,165,NR,NR,80,340,18,20,50,70,NR,NR,60,NR,70,NR,NR,60,80,50,NR,NR,65,45,20,50,,,2025-09-12
Nagaland,Peren,38,,45,45,90,NR,120,120,90,50,70,NR,148,NR,164,NR,NR,90,320,20,30,50,50,NR,NR,55,NR,70,113,651,60,96,42,80,40,70,43,20,45,,,2025-09-12
Nagaland,Phek,40,,50,50,100,150,140,130,100,50,72,NR,163,NR,165,NR,NR,80,350,20,NR,50,57,NR,NR,50,NR,100,100,630,68,NR,60,100,60,63,56,30,40,,,2025-09-12
Nagaland,Tseminyu,50,,NR,57,NR,NR,NR,137,100,55,70,NR,161,NR,163,NR,NR,NR,377,15,30,43,60,NR,NR,53,NR,80,90,714,60,87,50,NR,NR,90,42,19,NR,,,2025-09-12
Nagaland,Wokha,53,,NR,68,98,NR,NR,120,98,50,74,NR,158,NR,158,NR,NR,NR,300,15,30,40,60,NR,NR,70,NR,80,100,692,60,84,50,100,60,65,40,15,70,,,2025-09-12
Nagaland,Zunheboto,55,,NR,50,NR,140,NR,110,90,45,75,NR,165,NR,154,NR,NR,60,240,18,30,50,60,NR,NR,55,NR,75,NR,703,NR,82,60,120,30,70,40,25,60,,,2025-09-12
Nagaland,Kiphire,38,,NR,60,120,150,140,120,90,55,70,NR,148,NR,165,NR,NR,75,345,18,28,45,45,NR,NR,45,NR,85,95,648,65,80,55,90,80,75,55,15,40,,,2025-09-12
Nagaland,Longleng,38,,40,50,NR,150,NR,120,100,50,75,NR,163,NR,165,NR,NR,80,350,20,25,48,50,NR,NR,62,NR,72,120,720,60,96,70,120,40,75,50,17,50,,,2025-09-12
Nagaland,Niuland,38,,NR,40,NR,145,125,120,90,50,70,NR,154,NR,154,NR,NR,NR,330,15,25,40,60,NR,NR,40,NR,60,90,NR,60,84,40,NR,40,60,40,15,30,,,2025-09-12
Nagaland,Shamator,42,,50,60,110,150,NR,120,100,50,80,NR,165,NR,165,NR,NR,80,350,20,30,40,70,NR,NR,60,NR,70,117,688,60,90,42,100,NR,95,50,20,60,,,2025-09-12
Nagaland,Noklak,40,,50,63,120,NR,NR,140,100,55,80,NR,165,NR,176,NR,132,80,NR,20,30,60,70,NR,NR,60,NR,82,130,769,59,91,60,100,62,73,35,20,50,,,2025-09-12
Sikkim,Gangtok,45,,38,40,100,NR,NR,120,90,50,65,NR,209,142,137,198,NR,60,280,20,30,35,50,NR,NR,45,NR,70,120,680,62,96,60,77,50,60,30,23,70,,,2025-09-12
Sikkim,Gyalshing,45,,36,40,90,NR,NR,120,95,50,68,NR,220,143,165,187,NR,60,300,20,30,35,50,NR,NR,43,NR,75,120,680,62,86,70,85,55,35,25,23,60,,,2025-09-12
Sikkim,Namchi,45,,40,40,100,NR,NR,120,100,50,68,NR,220,165,148,192,NR,60,360,23,30,30,55,NR,NR,40,NR,80,120,747,62,80,70,90,50,60,30,15,70,,,2025-09-12
Sikkim,Soreng,45,,40,45,90,NR,NR,120,100,55,68,NR,220,159,165,NR,NR,60,350,20,30,40,50,NR,NR,45,40,80,120,651,62,96,70,100,70,50,30,19,70,,,2025-09-12
Sikkim,Mangan,45,,38,40,100,NR,NR,130,90,55,68,NR,220,154,170,NR,NR,60,460,20,30,40,60,NR,NR,40,NR,70,120,792,62,96,60,90,42,50,30,23,70,,,2025-09-12
Sikkim,Pakyong,54,,40,40,110,NR,NR,130,95,55,68,NR,220,148,176,176,NR,NR,300,24,30,40,60,NR,NR,45,NR,70,120,747,62,96,70,90,50,60,30,23,80,,,2025-09-12
Tripura,Agartala,39,,NR,40,85,113,118,101,123,51,75,NR,201,170,169,198,153,70,237,10,25,29,58,NR,NR,40,NR,50,90,674,61,96,57,97,45,41,28,14,70,,,2025-09-12
Tripura,Dharmanagar,37,,NR,43,87,115,119,103,122,51,75,NR,183,NR,137,NR,128,65,240,10,22,30,55,NR,NR,42,NR,45,95,710,60,92,55,93,44,40,26,14,68,,,2025-09-12
Tripura,Belonia,41,,NR,42,88,115,120,103,125,53,80,NR,203,NR,170,199,155,75,245,13,27,35,58,NR,NR,44,NR,52,95,681,62,99,63,100,46,44,31,15,80,,,2025-09-12
Tripura,TR-Udaipur,40,,NR,42,87,115,118,103,124,52,76,NR,205,174,172,200,154,72,244,10,26,31,65,NR,NR,42,NR,50,95,685,63,95,65,100,46,42,32,15,73,,,2025-09-12
SOUTH ZONE,SOUTH ZONE,,,,,,,,,,,,,,,,,,,,,,,,,,,,,,,,,,,,,,,,,,2025-09-12
Andhra Pradesh,Vijaywada,46,,43,45,83,105,107,108,89,47,60,170,156,148,NR,160,126,54,287,16,31,23,25,41,43,42,52,45,95,586,58,68,40,88,22,39,23,18,48,,,2025-09-12
Andhra Pradesh,Visakhapatnam,46,,41,43,82,105,107,105,84,47,58,170,192,148,141,163,128,54,280,15,21,23,26,40,40,41,45,43,89,659,57,71,39,81,33,37,20,15,45,,,2025-09-12
Andhra Pradesh,Kurnool,48,,41,43,81,101,103,107,89,44,58,166,196,125,130,162,118,53,313,19,33,11,14,38,37,41,49,42,89,765,61,73,25,84,34,37,21,13,31,,,2025-09-12
Andhra Pradesh,Tirupathi,50,,44,45,83,108,105,109,90,43,58,172,183,134,168,162,124,61,308,20,30,32,47,39,43,41,43,45,87,641,55,71,44,85,24,40,20,17,48,,,2025-09-12
Andhra Pradesh,Jammalamadugu,NR,,NR,NR,NR,NR,NR,NR,NR,NR,NR,NR,NR,NR,NR,NR,NR,NR,NR,NR,NR,NR,NR,NR,NR,NR,NR,NR,NR,NR,NR,NR,NR,NR,NR,NR,NR,NR,NR,,,2025-09-12
Andhra Pradesh,Dharmavaram,NR,,NR,NR,NR,NR,NR,NR,NR,NR,NR,NR,NR,NR,NR,NR,NR,NR,NR,NR,NR,NR,NR,NR,NR,NR,NR,NR,NR,NR,NR,NR,NR,NR,NR,NR,NR,NR,NR,,,2025-09-12
Andhra Pradesh,Ongole,50,,43,44,84,102,104,106,89,45,58,166,177,137,NR,163,131,57,300,13,30,27,33,35,36,42,44,44,85,718,61,73,31,81,33,38,17,16,49,,,2025-09-12
Andhra Pradesh,Bapatla,48,,44,43,82,100,101,105,86,45,58,165,NR,NR,NR,159,118,55,280,15,32,25,39,34,45,41,45,44,93,714,59,73,36,83,30,35,22,16,50,,,2025-09-12
Andhra Pradesh,Rajahmundry,48,,43,43,82,100,94,103,86,45,50,170,192,134,NR,163,123,53,287,19,25,22,22,41,45,42,45,44,92,534,52,66,21,87,34,34,16,13,43,,,2025-09-12
Andhra Pradesh,Eluru,46,,42,44,86,106,93,109,90,46,60,166,202,141,167,164,132,56,217,24,32,27,35,39,47,45,50,45,93,744,59,61,34,79,31,29,18,16,30,,,2025-09-12
Andhra Pradesh,Guntur,42,,39,40,77,95,98,97,82,43,55,160,170,132,NR,157,118,50,250,11,20,21,23,32,38,39,42,38,75,566,50,60,27,70,22,31,16,13,29,,,2025-09-12
Andhra Pradesh,Amalapuram,45,,45,45,86,100,107,109,85,45,60,171,185,151,164,159,122,52,302,20,33,30,45,34,34,45,47,44,90,674,60,78,40,89,35,38,24,19,43,,,2025-09-12
Andhra Pradesh,Nandyala,49,,42,41,82,95,104,108,86,45,58,169,196,144,154,165,130,57,262,15,37,9,13,33,35,41,43,41,86,714,64,71,41,79,28,37,16,16,27,,,2025-09-12
Andhra Pradesh,Parvathipuram,50,,43,43,81,97,99,100,85,47,59,170,192,137,NR,163,125,54,272,12,22,20,29,40,44,44,49,44,80,791,65,65,36,86,35,38,21,17,36,,,2025-09-12
Andhra Pradesh,Sri Sathya Sai,44,,43,42,81,97,96,99,86,44,60,170,201,142,156,159,127,53,321,14,30,25,33,36,41,41,47,43,91,654,58,72,32,85,26,36,20,16,52,,,2025-09-12
Andhra Pradesh,Nellore,49,,43,45,81,104,100,104,86,47,58,165,212,150,NR,160,125,56,280,20,30,28,25,35,44,41,48,43,85,824,60,65,29,84,33,37,21,16,35,,,2025-09-12
Andhra Pradesh,Srikakulam,45,,39,45,77,99,103,105,83,44,56,170,195,128,132,159,117,55,323,11,28,25,28,NR,NR,40,50,44,75,652,55,84,40,82,34,37,17,17,50,,,2025-09-12
Andhra Pradesh,Vizianagaram,NR,,NR,NR,NR,NR,NR,NR,NR,NR,NR,NR,NR,NR,NR,NR,NR,NR,NR,NR,NR,NR,NR,NR,NR,NR,NR,NR,NR,NR,NR,NR,NR,NR,NR,NR,NR,NR,NR,,,2025-09-12
Andhra Pradesh,Anakapalli,48,,41,43,82,98,107,107,85,45,72,168,225,132,NR,161,118,52,240,17,35,27,30,42,44,39,42,39,110,677,65,78,42,76,33,40,23,17,62,,,2025-09-12
Andhra Pradesh,Bhimavaram,47,,43,53,84,105,98,106,85,45,65,171,189,150,160,168,127,56,278,21,29,25,34,36,44,42,46,43,89,873,61,70,34,86,33,36,21,17,45,,,2025-09-12
Andhra Pradesh,Chittoor,49,,44,49,82,105,112,112,93,45,55,180,198,154,NR,159,123,56,350,27,32,14,22,34,36,46,52,51,107,681,62,72,45,85,29,39,17,16,42,,,2025-09-12
Andhra Pradesh,Kakinada,49,,44,43,86,108,99,107,86,46,62,172,208,140,NR,163,131,55,297,25,35,29,34,35,42,44,43,44,97,610,64,66,35,85,41,39,21,15,61,,,2025-09-12
Andhra Pradesh,Machilipatnam,49,,42,43,82,103,91,106,88,44,63,163,184,NR,NR,161,125,49,344,15,29,15,23,32,43,44,42,45,90,694,61,58,24,88,31,29,17,12,24,,,2025-09-12
Andhra Pradesh,Narasaraopeta,46,,42,47,85,101,104,107,83,45,62,156,186,156,167,159,121,51,295,18,34,20,27,38,43,45,45,49,91,771,49,71,30,84,33,34,17,19,51,,,2025-09-12
Andhra Pradesh,Paderu,57,,40,43,85,110,120,117,85,50,60,201,203,152,NR,170,132,50,340,27,30,30,40,NR,NR,40,67,42,90,703,67,71,40,57,57,40,19,13,70,,,2025-09-12
Andhra Pradesh,Rayachoti,NR,,NR,NR,NR,NR,NR,NR,NR,NR,NR,NR,NR,NR,NR,NR,NR,NR,NR,NR,NR,NR,NR,NR,NR,NR,NR,NR,NR,NR,NR,NR,NR,NR,NR,NR,NR,NR,NR,,,2025-09-12
Andhra Pradesh,Anantapuramu,42,,42,42,79,96,97,96,86,43,60,171,199,142,156,161,126,53,327,13,27,25,25,36,40,41,45,42,91,628,57,72,32,85,25,35,18,15,52,,,2025-09-12
Andhra Pradesh,YSR Kadapa,49,,43,40,82,105,101,107,88,44,60,169,195,148,169,159,128,56,303,19,28,25,18,37,40,41,48,42,91,743,61,65,30,82,29,36,20,17,40,,,2025-09-12
Karnataka,Bengaluru,49,,41,44,82,105,110,105,92,51,54,157,201,130,152,162,139,58,242,17,28,28,24,47,42,42,45,43,92,698,60,73,40,82,33,43,29,17,52,,,2025-09-12
Karnataka,Dharwad,41,,40,40,81,90,110,108,86,42,54,162,158,103,142,137,130,45,268,26,28,25,26,53,45,53,58,48,88,630,58,72,60,75,34,47,36,15,45,,,2025-09-12
Karnataka,Mangalore,52,,43,44,82,113,129,112,91,42,55,192,175,139,163,150,133,53,202,15,35,30,40,39,59,44,46,46,90,640,57,78,50,84,32,36,23,17,68,,,2025-09-12
Karnataka,Mysore,48,,47,55,88,109,108,110,89,45,48,178,203,191,167,162,146,57,360,21,32,27,23,47,57,53,49,43,80,663,62,69,45,82,31,32,26,16,97,,,2025-09-12
Karnataka,Bengaluru (East Range),47,,46,40,87,117,117,117,91,48,50,177,NR,145,178,169,140,58,255,20,37,22,28,49,42,42,46,42,92,698,60,73,58,83,32,52,28,19,50,,,2025-09-12
Karnataka,Belagavi,44,,39,45,80,97,97,100,84,51,54,178,175,118,160,176,135,42,258,16,23,22,24,55,35,37,41,37,85,721,54,62,41,80,29,60,17,11,36,,,2025-09-12
Karnataka,Kalaburagi,53,,33,40,81,106,120,117,83,43,56,171,162,167,128,150,125,49,186,15,30,20,20,41,41,39,47,39,97,699,60,58,37,69,25,57,19,15,50,,,2025-09-12
Karnataka,Tumakuru,48,,42,43,77,93,105,105,85,45,54,190,198,132,163,162,130,53,227,21,31,25,31,40,52,41,47,43,85,637,59,69,20,83,26,48,22,15,49,,,2025-09-12
Karnataka,Bellary,40,,40,39,72,97,100,100,88,43,54,198,192,141,150,162,140,53,308,24,29,15,17,38,40,38,47,43,97,693,57,66,28,77,25,27,26,18,56,,,2025-09-12
Karnataka,Dhavanagere,55,,44,50,84,106,115,109,85,46,53,197,202,132,144,169,142,61,293,28,29,29,30,49,53,43,53,46,91,603,56,72,40,72,39,43,22,16,30,,,2025-09-12
Karnataka,Shivamogga,49,,41,41,90,111,122,110,98,44,54,198,180,145,140,144,126,50,240,28,20,23,20,48,52,44,49,52,102,630,58,76,38,80,32,40,28,15,45,,,2025-09-12
Karnataka,Vijayapur,54,,46,44,91,115,128,122,90,45,54,221,205,131,159,165,142,49,242,14,30,22,23,34,39,42,54,44,92,556,61,70,83,97,44,46,38,12,61,,,2025-09-12
Karnataka,Ramanagara,43,,41,41,87,103,118,103,95,42,48,182,203,143,140,158,130,51,188,15,40,29,29,45,44,47,42,43,100,613,62,75,40,90,33,50,21,15,50,,,2025-09-12
Karnataka,Raichur,54,,42,46,81,110,112,105,86,44,62,182,184,173,161,162,127,53,213,15,30,25,37,48,49,45,46,46,91,603,52,71,48,112,50,49,40,17,45,,,2025-09-12
Karnataka,Chamarajanagar,50,,42,43,90,95,90,88,83,42,48,194,176,132,115,165,128,40,177,18,30,20,18,48,54,54,47,58,92,516,54,60,45,75,35,67,45,16,48,,,2025-09-12
Karnataka,Kolar,47,,39,43,90,121,111,109,91,45,55,179,168,156,144,156,123,55,227,15,25,26,19,44,45,44,44,41,90,724,60,75,40,91,32,41,32,18,44,,,2025-09-12
Karnataka,Haveri,50,,45,45,90,100,130,120,90,44,64,170,220,154,165,165,121,45,252,13,30,30,20,40,40,45,48,42,90,769,60,72,34,75,30,45,30,15,40,,,2025-09-12
Karnataka,Bagalkot,49,,44,44,82,108,136,113,93,42,56,194,178,118,152,134,116,44,245,20,40,31,42,52,46,37,48,39,76,632,58,64,48,62,30,34,32,21,58,,,2025-09-12
Karnataka,Bidar,55,,39,39,78,98,112,100,82,44,59,203,191,135,146,164,150,48,263,12,29,24,28,34,41,42,53,41,88,NR,64,73,50,88,32,33,24,16,58,,,2025-09-12
Karnataka,Koppal,41,,35,40,90,113,117,112,93,42,55,181,154,135,146,157,141,45,237,15,40,20,24,33,35,42,46,43,95,610,60,70,33,90,35,36,23,15,67,,,2025-09-12
Karnataka,Mandya,37,,42,45,86,101,122,109,100,46,46,189,179,134,149,148,114,51,251,15,30,20,20,41,43,45,42,43,100,610,60,73,30,81,29,38,17,15,40,,,2025-09-12
Karnataka,Yadgir,41,,40,36,77,95,97,98,82,45,59,192,181,158,148,159,148,47,185,11,30,30,40,40,52,44,46,43,100,663,59,70,41,71,26,38,26,21,45,,,2025-09-12
Karnataka,Chikkamagalur,45,,39,45,89,109,125,113,89,45,52,177,192,148,146,153,124,49,193,17,32,23,21,45,46,48,44,51,95,606,63,74,53,87,39,51,26,15,43,,,2025-09-12
Karnataka,Bangalore Rural,45,,37,51,87,129,121,106,82,45,50,199,158,116,144,150,105,55,254,17,28,21,20,54,38,48,41,52,98,653,60,73,31,81,36,50,24,20,49,,,2025-09-12
Karnataka,Chikkaballapur,49,,47,42,88,107,112,115,91,46,54,225,214,145,158,167,142,53,291,15,26,27,29,40,40,44,41,45,99,681,61,68,27,80,31,38,19,15,34,,,2025-09-12
Karnataka,Chitradurga,55,,40,48,81,100,98,104,91,45,60,184,188,146,136,131,125,66,280,26,30,15,20,42,50,50,45,52,90,593,60,66,46,80,34,50,26,22,70,,,2025-09-12
Karnataka,Gadag,54,,41,45,87,98,131,124,92,47,52,218,177,135,141,142,132,47,237,15,36,26,30,43,41,43,44,42,104,641,63,72,62,87,45,47,34,17,32,,,2025-09-12
Karnataka,Hassan,48,,45,49,88,114,125,114,93,49,54,223,208,153,164,166,124,60,232,21,26,25,20,49,51,45,52,55,95,672,60,74,51,97,46,36,31,15,40,,,2025-09-12
Karnataka,Kodagu,44,,41,46,90,107,116,112,93,47,54,186,172,146,142,147,119,55,249,19,28,29,38,37,41,46,47,47,99,628,59,67,42,68,30,37,19,15,64,,,2025-09-12
Karnataka,Udupi,54,,46,47,93,121,124,111,91,46,50,198,190,148,NR,153,131,53,218,15,30,30,32,36,40,45,48,50,97,711,65,71,50,83,54,66,31,20,71,,,2025-09-12
Karnataka,Uttara Kannada,44,,46,45,95,109,121,115,98,45,48,227,196,175,187,181,127,52,287,20,30,31,41,45,42,43,45,44,95,685,59,70,56,87,33,39,22,19,52,,,2025-09-12
Karnataka,Vijayanagara,49,,43,44,83,105,115,108,88,44,53,184,192,133,131,157,123,48,200,14,30,25,25,34,44,43,46,45,98,648,62,70,35,83,34,36,19,15,63,,,2025-09-12
Kerala,T.Puram,56,,44,44,97,119,127,123,90,47,52,242,231,198,144,176,132,78,260,14,38,27,30,45,55,48,50,49,100,NR,65,72,50,NR,32,50,25,17,60,,,2025-09-12
Kerala,Ernakulam,50,,41,43,103,126,124,128,96,46,56,233,223,187,NR,170,149,65,228,15,38,26,33,50,60,48,59,NR,111,753,69,72,43,80,38,39,20,16,43,,,2025-09-12
Kerala,Kozhikode,47,,49,44,110,128,137,140,98,47,53,236,227,159,NR,171,154,62,240,15,27,25,29,NR,NR,46,52,47,110,721,NR,74,41,82,30,37,17,13,55,,,2025-09-12
Kerala,Thrissur,49,,47,48,99,121,113,123,102,47,54,NR,196,193,NR,174,145,64,240,18,46,30,37,49,49,50,51,53,124,761,58,76,49,86,30,42,17,15,58,,,2025-09-12
Kerala,Palakkad,41,,47,45,92,105,113,115,86,46,50,214,215,194,NR,164,145,56,198,14,39,25,23,53,50,48,45,48,93,698,60,73,39,79,30,38,19,15,47,,,2025-09-12
Kerala,Wayanad,46,,52,48,105,131,132,133,105,47,52,NR,228,209,NR,176,157,59,232,18,34,28,29,NR,NR,50,63,51,118,795,62,76,47,83,30,50,16,19,45,,,2025-09-12
Kerala,Kasargod,46,,53,60,136,128,137,130,115,45,62,NR,NR,207,NR,167,137,54,247,15,30,24,23,NR,NR,47,54,47,117,797,56,72,48,80,33,42,32,18,50,,,2025-09-12
Kerala,Kottayam,56,,44,47,98,138,121,115,97,47,56,NR,234,190,NR,167,139,69,227,16,36,23,34,NR,NR,49,57,52,116,707,63,70,55,85,39,41,30,15,41,,,2025-09-12
Kerala,Pathanamthitta,56,,38,46,110,131,123,136,97,47,53,NR,NR,212,NR,177,161,72,247,15,38,28,43,NR,NR,51,57,NR,140,692,62,70,57,80,31,46,24,18,70,,,2025-09-12
Kerala,Alapuzha,46,,50,69,116,128,127,142,125,46,52,NR,NR,198,NR,165,146,66,233,14,41,25,36,NR,NR,52,66,60,NR,762,65,79,57,94,30,43,17,15,48,,,2025-09-12
Kerala,Kollam,44,,44,44,98,127,123,130,90,47,52,NR,224,182,NR,175,141,65,237,15,40,30,35,52,53,47,55,53,87,673,64,74,57,103,42,40,19,16,50,,,2025-09-12
Kerala,Idukki,54,,45,45,97,130,NR,127,90,47,60,NR,215,193,NR,170,149,69,215,14,38,30,50,NR,NR,50,55,43,105,747,63,72,65,80,33,38,20,15,50,,,2025-09-12
Kerala,Kannur,50,,51,48,109,128,130,137,99,46,56,NR,NR,190,NR,165,149,57,273,18,29,26,22,45,45,47,52,48,113,738,58,68,41,83,35,42,25,17,64,,,2025-09-12
Kerala,Malapuram,49,,NR,44,95,125,133,126,97,45,56,242,220,188,NR,172,151,57,233,13,34,26,25,52,53,47,47,48,110,747,62,72,40,81,27,37,17,13,47,,,2025-09-12
Puducherry,Puducherry,54,,48,65,90,115,116,110,95,46,52,179,214,198,NR,165,137,64,NR,26,37,31,NR,37,60,44,52,77,120,894,60,71,41,88,30,35,21,15,67,,,2025-09-12
Tamil Nadu,Chennai,58,,44,43,88,118,113,122,87,46,40,176,225,158,NR,165,137,72,283,27,40,30,28,42,52,47,49,49,90,916,62,76,47,83,29,35,21,14,50,,,2025-09-12
Tamil Nadu,Madurai,58,,47,68,91,111,118,119,92,48,45,193,206,193,NR,169,149,59,263,30,41,41,23,37,43,59,51,51,117,809,67,74,41,87,37,48,21,14,52,,,2025-09-12
Tamil Nadu,Dindigul,64,,47,62,92,110,117,114,88,48,44,244,224,178,NR,172,145,58,275,28,45,35,30,42,57,57,52,82,92,798,70,76,45,88,35,50,27,14,60,,,2025-09-12
Tamil Nadu,Thiruchirapalli,56,,49,55,94,117,113,119,100,48,47,190,198,164,NR,163,134,62,305,28,33,24,24,38,49,54,49,54,100,743,60,71,41,89,36,34,23,14,50,,,2025-09-12
Tamil Nadu,Coimbatore,50,,44,44,89,114,115,113,85,45,40,214,205,166,NR,168,141,61,275,27,42,27,23,39,49,50,49,53,109,743,61,70,55,83,33,36,18,14,53,,,2025-09-12
Tamil Nadu,Tirunelveli,55,,43,64,96,115,120,120,90,45,43,220,220,165,NR,160,131,60,260,28,31,30,30,41,58,61,62,62,102,809,65,72,47,88,33,38,18,13,50,,,2025-09-12
Tamil Nadu,Cuddalore,57,,48,40,94,121,121,121,101,45,46,187,182,186,NR,165,132,60,293,27,37,32,19,45,55,48,50,49,118,691,63,65,48,84,28,33,17,12,43,,,2025-09-12
Tamil Nadu,Dharmapuri,54,,46,42,86,111,112,107,86,47,43,217,NR,144,NR,165,141,60,270,25,30,30,15,40,51,48,44,49,110,690,69,70,28,92,36,45,29,13,63,,,2025-09-12
Tamil Nadu,Vellore,60,,45,48,96,123,114,116,88,46,40,177,221,174,NR,166,140,71,NR,28,32,30,25,41,46,47,49,49,112,769,60,74,52,90,31,38,20,14,63,,,2025-09-12
Tamil Nadu,Ramanathapuram,61,,39,51,89,99,111,106,91,46,44,197,NR,162,NR,165,144,56,281,31,41,36,31,40,51,39,52,56,117,831,74,68,51,78,34,32,17,14,50,,,2025-09-12
Tamil Nadu,Erode,NR,,NR,NR,NR,NR,NR,NR,NR,NR,NR,NR,NR,NR,NR,NR,NR,NR,NR,NR,NR,NR,NR,NR,NR,NR,NR,NR,NR,NR,NR,NR,NR,NR,NR,NR,NR,NR,NR,,,2025-09-12
Tamil Nadu,Karur,54,,54,66,89,109,118,112,92,45,47,220,210,165,NR,166,135,63,297,17,37,32,22,39,47,58,52,58,111,700,65,72,42,96,33,40,28,23,67,,,2025-09-12
Tamil Nadu,Perambalur,48,,NR,64,92,107,116,109,87,47,44,195,208,167,NR,168,148,56,NR,29,37,37,32,42,61,55,50,56,113,681,60,65,42,86,32,38,21,14,58,,,2025-09-12
Tamil Nadu,Pudukkottai,50,,48,65,96,112,118,116,NR,48,45,227,NR,174,NR,166,134,57,NR,28,40,30,30,43,51,42,50,53,115,709,61,70,18,95,26,42,19,14,60,,,2025-09-12
Tamil Nadu,Sivagangai,53,,46,66,94,116,122,118,90,47,44,215,NR,207,NR,168,145,59,292,28,50,30,30,38,53,57,52,61,119,763,75,71,43,81,30,40,20,14,51,,,2025-09-12
Tamil Nadu,Thanjavur,53,,47,50,87,123,119,119,90,47,44,201,231,166,NR,166,136,59,280,27,32,27,25,37,50,48,48,48,125,861,70,72,43,92,36,43,23,13,62,,,2025-09-12
Tamil Nadu,The nilgiris,57,,49,48,100,127,127,128,92,49,54,224,220,164,NR,170,135,65,203,29,42,30,37,46,50,50,53,55,88,759,63,76,45,98,26,76,37,30,51,,,2025-09-12
Tamil Nadu,Thoothukudi,51,,45,65,90,110,120,110,90,47,46,209,214,176,NR,156,143,56,320,10,30,35,20,35,50,60,50,65,120,857,61,72,40,87,27,36,19,12,50,,,2025-09-12
Tamil Nadu,Viluppuram,55,,48,43,88,114,109,110,87,46,48,174,214,155,NR,165,143,60,NR,27,32,25,20,33,45,44,48,47,98,765,63,69,36,84,28,33,20,12,50,,,2025-09-12
Tamil Nadu,Virudhunagar,61,,48,65,85,104,110,111,83,49,45,220,209,203,NR,167,162,58,293,28,42,37,27,43,56,59,54,57,107,693,57,63,52,81,34,35,13,13,62,,,2025-09-12
Tamil Nadu,Kanniyakumari,60,,39,53,84,101,106,105,77,47,41,209,209,154,NR,161,139,55,258,25,30,25,18,32,39,37,52,40,109,699,60,72,45,79,24,26,15,13,41,,,2025-09-12
Tamil Nadu,Namakkal,63,,47,61,93,110,117,117,98,46,44,198,189,167,NR,161,137,56,NR,26,40,32,27,41,40,51,49,47,120,664,70,66,50,77,34,39,25,12,58,,,2025-09-12
Tamil Nadu,Tiruvannamalai,51,,51,61,85,122,115,114,89,46,44,187,194,174,NR,160,137,59,310,27,32,26,26,44,52,46,49,46,108,799,NR,69,53,87,34,47,19,12,50,,,2025-09-12
Tamil Nadu,Tiruvarur,NR,,NR,NR,NR,NR,NR,NR,NR,NR,NR,NR,NR,NR,NR,NR,NR,NR,NR,NR,NR,NR,NR,NR,NR,NR,NR,NR,NR,NR,NR,NR,NR,NR,NR,NR,NR,NR,NR,,,2025-09-12
Tamil Nadu,Tiruppur,NR,,NR,NR,NR,NR,NR,NR,NR,NR,NR,NR,NR,NR,NR,NR,NR,NR,NR,NR,NR,NR,NR,NR,NR,NR,NR,NR,NR,NR,NR,NR,NR,NR,NR,NR,NR,NR,NR,,,2025-09-12
Tamil Nadu,Tenkasi,56,,46,59,96,116,116,114,NR,47,46,219,NR,171,NR,156,142,58,275,30,35,30,20,36,52,57,58,58,98,795,66,72,40,88,32,42,19,13,57,,,2025-09-12
Tamil Nadu,Nagapattinam,51,,50,66,96,123,122,125,96,47,44,200,205,177,NR,164,123,59,NR,25,41,20,32,48,50,49,53,51,115,846,66,71,40,94,34,57,23,15,57,,,2025-09-12
Tamil Nadu,Krishnagiri,55,,46,41,90,113,113,115,89,45,44,202,202,155,NR,164,144,59,315,28,29,25,21,38,40,43,48,43,89,652,55,72,40,96,26,40,29,12,55,,,2025-09-12
Tamil Nadu,Ariyalur,55,,NR,64,89,111,119,118,90,46,44,205,192,175,NR,165,127,60,293,26,40,40,35,57,55,60,60,65,119,857,65,66,45,90,29,49,16,14,55,,,2025-09-12
Tamil Nadu,Kallakurichi,53,,49,65,90,109,105,112,89,46,45,218,205,163,NR,168,136,58,NR,29,38,25,22,40,50,48,47,48,100,890,74,68,35,82,27,32,19,13,45,,,2025-09-12
Tamil Nadu,Kancheepuram,55,,51,66,94,122,115,117,96,46,44,187,203,175,NR,163,133,68,NR,28,38,33,30,42,53,51,53,50,103,786,52,78,45,82,31,38,18,13,57,,,2025-09-12
Tamil Nadu,Salem,52,,45,45,90,120,112,130,98,44,45,187,157,NR,NR,163,NR,48,280,NR,39,39,45,43,63,44,51,44,83,732,60,NR,33,93,33,NR,29,24,42,,,2025-09-12
Tamil Nadu,Theni,61,,44,61,92,107,114,112,86,45,46,219,199,157,NR,152,128,55,277,28,37,32,24,39,53,54,50,79,91,722,71,72,43,87,34,49,26,12,59,,,2025-09-12
Tamil Nadu,Chengalpattu,NR,,NR,NR,NR,NR,NR,NR,NR,NR,NR,NR,NR,NR,NR,NR,NR,NR,NR,NR,NR,NR,NR,NR,NR,NR,NR,NR,NR,NR,NR,NR,NR,NR,NR,NR,NR,NR,NR,,,2025-09-12
Tamil Nadu,Mayiladuthurai,59,,50,65,98,132,117,113,NR,45,45,179,231,209,NR,157,126,60,340,27,37,33,37,45,45,46,50,63,123,850,65,72,53,107,53,60,30,14,60,,,2025-09-12
Tamil Nadu,Ranipet,NR,,NR,NR,NR,NR,NR,NR,NR,NR,NR,NR,NR,NR,NR,NR,NR,NR,NR,NR,NR,NR,NR,NR,NR,NR,NR,NR,NR,NR,NR,NR,NR,NR,NR,NR,NR,NR,NR,,,2025-09-12
Tamil Nadu,Tirupattur,49,,43,47,87,119,114,119,90,45,40,186,214,170,NR,165,122,58,310,29,33,28,25,31,47,46,38,46,93,817,60,65,42,90,30,40,20,14,50,,,2025-09-12
Tamil Nadu,Tiruvallur,54,,42,69,86,125,112,112,90,43,40,195,186,156,NR,159,121,61,298,27,40,30,30,36,60,59,44,70,92,753,60,78,45,81,30,45,23,13,45,,,2025-09-12
Telangana,Hyderabad,56,,38,40,78,107,102,109,82,40,52,175,190,151,154,163,132,51,275,20,33,24,39,33,49,39,50,44,95,NR,58,67,38,103,47,31,18,14,49,,,2025-09-12
Telangana,Karimnagar,48,,36,43,83,108,116,106,85,43,60,161,195,158,NR,160,122,55,299,20,29,25,24,41,42,42,50,42,97,583,59,72,43,101,33,33,16,15,42,,,2025-09-12
Telangana,Warangal,59,,44,44,88,119,123,110,87,41,60,180,192,114,121,147,136,55,274,17,30,28,32,37,38,40,54,38,83,560,60,65,36,114,47,35,18,13,28,,,2025-09-12
Telangana,Adilabad,57,,39,43,77,102,109,111,85,43,62,163,159,145,156,158,123,59,290,24,37,35,40,33,33,40,46,36,79,732,55,65,56,103,49,37,21,15,35,,,2025-09-12
Telangana,Suryapet,51,,42,46,89,127,125,118,95,40,56,160,181,159,154,165,123,52,269,20,30,30,30,33,52,41,47,38,88,577,60,62,37,103,48,36,19,14,44,,,2025-09-12
Telangana,Jadcherla,55,,36,50,88,121,127,117,95,42,57,177,148,155,123,149,137,55,292,18,36,19,32,33,36,34,53,38,78,527,53,63,31,90,43,37,18,15,34,,,2025-09-12
Telangana,Khammam,60,,44,44,90,125,128,118,93,42,65,167,154,121,149,158,137,53,296,20,34,33,37,33,35,35,49,33,85,517,55,66,30,103,43,44,20,15,37,,,2025-09-12
Telangana,Medchal,45,,40,45,85,117,120,115,85,43,64,165,NR,143,143,165,132,50,250,20,30,28,40,35,35,40,48,40,85,538,60,68,40,112,45,35,24,15,50,,,2025-09-12
Telangana,Nizamabad,56,,39,42,88,120,123,120,87,41,56,170,198,202,167,163,136,51,276,20,32,25,40,34,41,37,48,36,81,622,62,62,34,97,49,32,20,18,41,,,2025-09-12
Telangana,Sangareddy,59,,41,41,90,120,124,110,90,43,62,170,170,135,NR,169,128,53,384,20,37,24,39,33,39,38,49,42,86,588,59,67,36,103,45,37,19,14,58,,,2025-09-12
Ladakh,Leh,50,,NR,NR,140,182,150,127,130,50,60,NR,220,NR,NR,NR,NR,80,480,30,50,53,62,NR,NR,68,NR,44,122,721,58,80,63,103,37,61,39,18,90,,,2025-09-12
Ladakh,Kargil,50,,NR,45,120,180,130,120,110,60,60,NR,220,209,198,NR,NR,60,600,30,40,40,80,60,NR,50,NR,50,120,659,60,72,50,100,75,80,50,19,97,,,2025-09-12
Commodity Name,Commodity Name,Rice,Rice,Wheat,Atta (Wheat),Gram Dal,Tur/Arhar Dal,Urad Dal,Moong Dal,Masoor Dal,Sugar,Milk @,Groundnut Oil (Packed),Mustard Oil (Packed),Vanaspati (Packed),Soya Oil (Packed),Sunflower Oil (Packed),Palm Oil (Packed),Gur,Tea Loose,Salt Pack (Iodised),Potato,Onion,Tomato,Bajra(whole),Jowar(whole),Maida(wheat),Ragi(whole),Suji(whole),Besan,Desi Ghee,Butter(Pasteurised),Eggs,Brinjal,Black Pepper(whole),Coriander(whole),Cummin Seed(whole),Red Chillies(whole),Turmeric(powder),Banana,GInger,Garlic,2025-09-12
Average Price1,Average Price1,43.08,,31.55,36.96,87.52,116.28,114.22,110.51,89.55,46.43,59.24,188.38,188.85,156.53,147.18,162.44,132.16,56.94,273.06,21.4,25.41,27.69,41.96,37.92,43.17,41.75,53.59,46.89,96.8,669.8,59.32,77.46,42.77,87.29,36.89,41.93,27.58,16.28,49.25,,,2025-09-12
Maximum Price1,Maximum Price1,64,,54,69,140,182,170,148,133,60,85,254,249,231,198,253,190,135,600,33,52,60,120,83,85,70,103,100,160,916,75,120,160,120,100,95,68,40,100,,,2025-09-12
Minimum Price1,Minimum Price1,28,,23,28,70,90,82,84,70,40,40,143,136,103,113,127,95,40,163,10,12,9,13,23,22,29,30,30,65,506,45,49,18,57,21,24,13,10,24,,,2025-09-12
Modal Price1,Modal Price1,40,,28,35,85,110,110,110,90,45,60,184,192,148,143,165,132,55,240,20,20,25,40,35,40,40,50,40,90,659,60,72,40,90,30,40,25,15,50,,,2025-09-12
,,,,,,,,,,,,,,,,,,,,,,,,,,,,,,,,,,,,,,,,,,,2025-09-12
"Department of Consumer Affairs ( Price Monitoring Division)Date 12/09/2025 Daily Retail Prices Of Essential Commodities  StateCentreRiceBroken RiceWheatAtta (Wheat)Gram DalTur/Arhar DalUrad DalMoong DalMasoor DalSugarMilk @Groundnut Oil (Packed)Mustard Oil (Packed)Vanaspati (Packed)Soya Oil (Packed)Sunflower Oil (Packed)Palm Oil (Packed)GurTea LooseSalt Pack (Iodised)PotatoOnionTomatoBajra (whole)Jowar (whole)Maida (wheat)Ragi (whole)Suji (whole)BesanDesi GheeButter (Pasteurised)Eggs BrinjalBlack Pepper (whole)Coriander (whole)Cummin Seed (whole)Red Chillies (whole)Turmeric (powder)BananaGingerGarlic  UnitQty1 Kg1 Kg1 Kg1 Kg1 Kg1 Kg1 Kg1 Kg1 Kg1 Kg1 ltr1 Kg1 Kg1 Kg1 Kg1 Kg1 Kg1 Kg1 Kg1 Kg1 Kg1 Kg1 Kg1 Kg1 Kg1 Kg1 Kg1 Kg1 Kg1 Kg100 gmDozen1 Kg100 gm250 gm100 gm100 gm50 gm1 Kg100 gm100 gm  Average PriceAverage Price43.08 31.5536.9687.52116.28114.22110.5189.5546.4359.24188.38188.85156.53147.18162.44132.1656.94273.0621.425.4127.6941.9637.9243.1741.7553.5946.8996.8669.859.3277.4642.7787.2936.8941.9327.5816.2849.25 Maximum PriceMaximum Price64 5469140182170148133608525424923119825319013560033526012083857010310016091675120160120100956840100 Minimum PriceMinimum Price28 23287090828470404014313610311312795401631012913232229303065506454918572124131024 Modal PriceModal Price40 2835851101101109045601841921481431651325524020202540354040504090659607240903040251550 NORTH ZONENORTH ZONE  ChandigarhChandigarh42 3439871181141108946592112051711641801455627028253150384342544696732597740873743281650 DelhiDelhi39 32358511813011788455720520916515717615060263272833483240365239102553587453903634301437 HaryanaHisar40 2933851241091088545612091831611491821285124328232843273739624090626607650824039341565 Karnal40 29338311010010595447020418716112117812652270282125493242345235906876072397430NR201260 Panchkula41 3244921391091209449682011611701341411245621727263155263832554085607547030803540352051 GurgaonNR NRNRNRNRNRNRNRNRNRNRNRNRNRNRNRNRNRNRNRNRNRNRNRNRNRNRNRNRNRNRNRNRNRNRNRNRNR Himachal PradeshShimla40 NR3283115128110824960242220176156NRNR522503030304038NR39NR40108703587250874049251752 Mandi38 NR3684112123109834850226216174155171NR522703030354737NR35NR35100676607145894543301660 Dharamshala32 NR2984128124119894740NR219175170NRNR512302820304032NR34554093590597040974942341560 Solan37 NR3383112119107844757203211170150181NR5224030283037323537NR37102630608053874037331950 Una40 NR2984105111107914669NR180172132NRNR542292920304134NR34NR3488676598344894435311454 Bilaspur-hp35 NR3485109124111854864NR187166136NRNR472352930324030NR37583584699608460843228281249 Chamba35 NR3584121120115845055NR187166157NRNR5523529273749425738683789652588450844338391956 Hamirpur-HP40 NR3282109116105824867NR212164146NRNR5226530292838374536NR3583573607550874037301450 Kullu40 NR3686113114112864840NR218167132NRNR4826030284040NRNR35NR35103711608067903534251560 SirmourNR NRNRNRNRNRNRNRNRNRNRNRNRNRNRNRNRNRNRNRNRNRNRNRNRNRNRNRNRNRNRNRNRNRNRNRNRNR Kinnaur38 NR3579115110103804950NR208172148NRNR5029029304063NRNR40NR42875725810060814738371457 Lahaul & Spiti45 NR4498123125123975252NR197175NRNRNR5248028404755NRNR34NR3679600557355822632261568 Jammu and KashmirSrinagarNR NRNRNRNRNRNRNRNRNRNRNRNRNRNRNRNRNRNRNRNRNRNRNRNRNRNRNRNRNRNRNRNRNRNRNRNRNR JammuNR NRNRNRNRNRNRNRNRNRNRNRNRNRNRNRNRNRNRNRNRNRNRNRNRNRNRNRNRNRNRNRNRNRNRNRNRNR Poonch51 35471171721231251215773NR222194189NRNR6034031303857NRNR50NR57122705608454804830271574 KupwaraNR NRNRNRNRNRNRNRNRNRNRNRNRNRNRNRNRNRNRNRNRNRNRNRNRNRNRNRNRNRNRNRNRNRNRNRNRNR UdhampurNR NRNRNRNRNRNRNRNRNRNRNRNRNRNRNRNRNRNRNRNRNRNRNRNRNRNRNRNRNRNRNRNRNRNRNRNRNR ShopianNR NRNRNRNRNRNRNRNRNRNRNRNRNRNRNRNRNRNRNRNRNRNRNRNRNRNRNRNRNRNRNRNRNRNRNRNRNR SambaNR NRNRNRNRNRNRNRNRNRNRNRNRNRNRNRNRNRNRNRNRNRNRNRNRNRNRNRNRNRNRNRNRNRNRNRNRNR RambanNR NRNRNRNRNRNRNRNRNRNRNRNRNRNRNRNRNRNRNRNRNRNRNRNRNRNRNRNRNRNRNRNRNRNRNRNRNR RajouriNR NRNRNRNRNRNRNRNRNRNRNRNRNRNRNRNRNRNRNRNRNRNRNRNRNRNRNRNRNRNRNRNRNRNRNRNRNR KishtwarNR NRNRNRNRNRNRNRNRNRNRNRNRNRNRNRNRNRNRNRNRNRNRNRNRNRNRNRNRNRNRNRNRNRNRNRNRNR DodaNR NRNRNRNRNRNRNRNRNRNRNRNRNRNRNRNRNRNRNRNRNRNRNRNRNRNRNRNRNRNRNRNRNRNRNRNRNR Baramulla38 334397142123115955049NR205192174204NRNR37528303048NRNR42NR45120709606539933548281965 ReasiNR NRNRNRNRNRNRNRNRNRNRNRNRNRNRNRNRNRNRNRNRNRNRNRNRNRNRNRNRNRNRNRNRNRNRNRNRNR KathuaNR NRNRNRNRNRNRNRNRNRNRNRNRNRNRNRNRNRNRNRNRNRNRNRNRNRNRNRNRNRNRNRNRNRNRNRNRNR PunjabAmritsar40 283288120132115924555220196165154183NR5727529202635374040583993648617555953533291350 Ludhiana37 2736831321271171004662207200161156183NR5828027193040374839624297560576457883742232047 Bathinda40 2832881181321159245572202001651541871325726729202735353840574095646607552924033281343 Barnala40 2632901121181089747652141911541261671245029330243037334040NR4192688606960933736281550 Hoshiarpur36 28358111111011211252702201941791341371315728325192837432945634499626566953994945341564 Faridkot40 2832881191321179345552272051671321831345728329192737364239553990650607658953735281447 Mansa40 273390122128117924665NR1851721521761356027829252837354139623893637606855904038281653 Sri Muktsar Sahib40 2832821221251139344632111761611281741285528028222640315239684090615607147883434251342 Dera Bassi40 273188125130120934660NR192170159NRNR5725728193042403835634088637607240974238371750 Sangrur40 2731831301301108945602221961601521651424826328172535354540674088611587050934046321550 Ropar40 283387120128118934661212190166155NR1375827729212738374240574192630607150923937311550 Amargarh40 2732851301301109045602251921601541591434925028152640364540NR4085604606650954049271545 Fatehgarh Sahib45 35408713812211010043602121811831541761095328727202540344533654085551537339974753331548 Ferozepur42 2933891181151119046622221811641321921355927530212732314140604099619608150854534241250 Kapurthala41 3135851151191149546632201981701531841536028028162730455639633897622627562933537361548 Uttar PradeshLucknow38 29358010599988045602031761461431551435525020202540353838533892615597640883540271537 Kanpur35 283280120110908042601981871321211321155623426202566354041NR34815805572361002440351950 Varanasi42 2837871081221068446652121871591691791496425721212142426138NR44104718617438783749281758 Agra42 30327911482857645671992001691531861555125126212747273738NR4197713628440914031261630 Jhansi48 2934821131171108048601981791651261851265823314232840303538604390637608250903335221530 Meerut36 293882125125848250621591591461451561485025718192438444139634095635597922743434291647 Allahabad38 3033851151281169245532001971621541831315926824242745263742434392621627038733037312042 Gorakhpur37 2533821131161117843551901771441521431265222522222540353334493492586587331793138241646 Saharanpur38 303284113109109894359NR157142138141114512432121234131NR36NR3690579577237813336281559 Bareilly37 26339011712211210246701991851611511701235034325191932263836513689725608131824138331553 Ayodhya40 2830881201151189050551811631631631631375524024253045353540534690681607230804036301650 Moradabad38 2732811111101058441561931621391531511385023721182348424534563776615546730832742272056 Aligarh39 2933841151111068443561831841521421561285224720232539363938484291613547434853439251547 Mirzapur (Vindhyanchal)35 2632801011111008045451801621411261451115222122192041294035523991652627353853137261545 Banda36 283781111107957946592171601531271641155716316181934314535683991560607127822533251948 Azamgarh39 293284117115111824561NR18413613613710655277231924593745425143104653566743762750291845 Gonda (Devipatan)35 2632901121281139244572001941351561681345025820202537373534624298626577240803340271947 Amethi34 27349011011811890456019918916114817811055238221825584036414245105676618138833651281853 Barabanki40 2935851081181178545602001851741671751305522522222248364237453698563588038853142301546 Bhadohi35 283585951301208447602121921761591761226520710202550354336524090763627235923138271657 Chandauli33 2733791041141057945552051871711311611115324719162238345136603785634568030863442291745 Farrukhabad43 27318595105105904562220192154154187126512171814184728NR36NR3995630608033803033291642 Ghazipur41 2836841071111078746601861731551431751265428121172135353541544592643607431894539251736 Jaunpur41 283483991261118345592121901681481531245525922192245323835553488603547830843435291755 UP-Pratapgarh39 283279991171137945491881811491481461185725520162239332937393794547587429853338281739 Sambhal37 27318511510895874357190165140133139129522501820204234NR35NR3493634577237752842291638 Santkabir Nagar44 25358210212811281456720318914514117011149265282323422930347843987346196401003052292048 Shahjahanpur32 2734741101021079044571841721501361621324322220141840263235523788544559230862930191341 Sitapur37 3035811231121108344591921741481451461365322817202641293236494092600597238803440281548 Sultanpur43 3035841141121088644561861851511451601305426820242646364138524394656577538853539271549 Unnao40 2831871181171138745572071851571461561245825320182738354038503992586587142853440261540 Ambedkar Nagar40 2836801001251329044602171921591611601326119528202554404141794285707607129803641302068 Amroha41 273483121105969245541791711491331761075121522202740384538443995652587336852539281731 Baghpat45 NR32821271201109044701891831611531491245321028222840345035674092599607932803335241239 Bijnor40 27358095909580445519618514114515414350245171625303240375740107604576035853045301030 Budaun38 2630851141031009144611991631691501701304828021192042254736673794609597130903038251144 Etah45 293580130110110904558207178152156165113532702215284023NR35NR3892677607230973240351840 Fatehpur43 2734881101131038845581851721361301431115322521162248233235403495606617932853643241737 Ghaziabad41 3033811171121068646571891811611561651345123220202238333939524292633587038843738281639 Hardoi43 2635811081051058645562031851561471611315524219202539303237543989607577532863541271447 Jalaun45 30328210798989045571691691331301441085522320162139353935NR3997578607530902940251740 Kaushambi41 2737861111171078645591951781551541611245423321202241273738563887595586638864039271631 Kushinagar37 2837831101151168046681821841451611371355320426182545434337524097647616135882741301644 Lakhimpur Kheri41 2933821171031078045571871661301371431065622617202543283335613689652587938783443321748 Pilibhit37 2731871151151159745581921761541511651314926020202538384836603995655598238873640281545 Sharwasti39 273980102115117854655183192143159NR1215721824172337NRNR39NR4098569597828852530201533 Siddharth Nagar42 2835801081071058046601881921531581621215122723202741505035703881601608435723545281739 Sonbhadra34 273280961001058045451761631451261571105221022182532284034503888608627034823030251545 Rampur51 283182110114998245631851881481541551275124127192543313534NR3597618637136863136311649 Bahraich35 25309012112011490424517619113013714212544250252028423634336532106615568022722736231953 Basti34 2331721201081058240581871691551451581184423922232542495535563993558577632872357311843 Etawah40 273285113110105854655200187146140151130552602025254227NR40604294622628837853940301650 Muzzafarnagar39 2832811171121088745571801691481431551295223919182840334335NR3587506555931753240231351 Chitrakoot45 28358610994928545501781981651591831375522715253048313035594590604607841803145251550 Hamirpur-UP40 2832801061191008046602071851431431521295522119252540NRNR37NR3790637558435853945281648 Deoria35 273082111109959045592251831531342121265121819192446374237513590595596340742941271938 Hapur36 2936761171081029747621891851581571691465321623192039403837473797674627230964550301152 Bulandshahr41 293481118118117874461NR1651581601551594324019202530293935553593542537226943042291530 Kanpur Dehat39 273181105108938344551902001261391351074919715212238303835503585601587627822733241545 Hathras40 303484114111106854457186183152143156129542532022254026NR35NR4099626557540873737291240 Raebareli41 2936851131111098745581861771561461621325422820202439364240534191645587527813342261545 Lalitpur36 282980110105958045561831671421321941184825520161530333832593492578577228843143241829 Mohaba35 263082991071008246571641711541551801265218025201540323335393594604546928813344281548 Gautam Budh Nagar38 3035741171091038246581881751371321651205023215192131304136553989617557228903539281439 Auraiya41 28387711612110177465218317014013914113554235202328412827445444103624517637843737281549 Maharajganj35 2933811181171098144571871781321421581264821522182440364435513691588587237813540301750 Balrampur35 2635781021131108245531671811461391681245722215192538364635NR3995619597137873242301530 Kannauj40 2833831191131078645611881771481431551265323821202133313938NR3893613557222843045281743 MathuraNR NRNRNRNRNRNRNRNRNRNRNRNRNRNRNRNRNRNRNRNRNRNRNRNRNRNRNRNRNRNRNRNRNRNRNRNRNR Firozabad40 2729811121121179245662211971551632161244627020192035232535393593717547240853336271533 Kasganj44 303686122117112874659203190166159176146552632121304723NR36NR3898542547337853847281342 Mainpuri38 30348813212011388426320318716815817614451260242223602425394038105700557035854743252136 Shamli38 2932801151121088544501871741501411501265023015202535284035503585533607835823535251348 Ballia39 2934851101151118945581951741461461461265523221212542313638523994635547335853342271649 Mau40 2734831131141088546561911671451431481195923222222237NRNR35NR3792659557429813140291533 UttarakhandDehradun36 283898136117125984567181173160190164NR572803020254734434052401106926070401104045391550 Haldwani38 363393122112121924557195192174163175148522612820255630435245411026005880391004053381550 Rudrapur43 27369312311611593465622019916116517713552220302020383154356037100692608340953440261457 Haridwar44 323890136120113904464211201161159165NR642902716305137NR445340102641567642974642371661 WEST ZONEWEST ZONE  ChhattisgarhRaipur33 3142881131101099946571951651391381481145125325242525312640454284724568035913731251132 Durg36 4138841009510183455517815513314914513757223152530504545406548100709627239893940311247 Ambikapur34 303492115112108824141190157174159159NR4825115333045NRNR40NR3270598528040783060331547 Bilaspur-CG51 344092111961058642551931651411651731495121725282240353941474190679587946922864251457 Jagdalpur41 363679136123110964748204NR169144149NR4719319323648434140424379879538129812547391852 Dantewada38 3941100130113104854461NR187152144155133572472129324141NR40NR46103653586841975049221862 Dhamtari35 26429513210310095446618917912613915012860228262735455048445344110738577438983333221743 RajnandgaonNR NRNRNRNRNRNRNRNRNRNRNRNRNRNRNRNRNRNRNRNRNRNRNRNRNRNRNRNRNRNRNRNRNRNRNRNRNR Koriya39 3539851271021128342752061621541481681904719525302848353446325882693588347782738281742 DNH and DDSilvasaNR NRNRNRNRNRNRNRNRNRNRNRNRNRNRNRNRNRNRNRNRNRNRNRNRNRNRNRNRNRNRNRNRNRNRNRNRNR DamanNR NRNRNRNRNRNRNRNRNRNRNRNRNRNRNRNRNRNRNRNRNRNRNRNRNRNRNRNRNRNRNRNRNRNRNRNRNR Diu50 4155941351401221004664197240194186196143624003025254039586085691127036283401074635402150 GoaPanaji58 4847103123135125103475622220021116716312862315283532383955485349115751617755834743231642 Margao53 48519512213512595466322721819617017413162347273532304057455749115751627855974345271643 GujaratAhmedabad34 3537941181181049345681671661381511621465320719323344363641624388630566735722733311940 Rajkot34 343688110113969044661651781361401551375620518252539373939684491632556730762834391537 Surat34 343688110113969044681651781361391551375620518252539373939684491632556730762834391537 Bhuj36 3334881151151028743631711651381501611355620818302837383641674291632536939722835381542 Selamba35 3436901101131009044641661771381431561385521019242740363738674292632536938773133321745 Waghai35 3437931181171019345671651781361441581365520920292741353640604496631557036753034241740 Bodeli34 343693112113989244661651781361401581365620518252539373939684491632557031762834391537 Vapi34 323494114114989244631671801341381581385221018262636383838644490627566835762834381743 Bilimora35 3336891131131019144641681611381551531495320219292939353740624595629546934683135251739 Idar36 3735951171181109545661601601521541591514719618342745383737654693634556438763634361545 Jhalod35 333590113114979044661661761361411551385620718302745384040684492633556932762834391638 Songash34 323487115115988942631661591371511571435120522292739353935604288633565735733134301542 Madhya PradeshBhopal35 283288112110105864662171209174138176NR52255102119404040405941946626090271005540341433 Indore42 2934841051171038346611741921531371531426226815201538353540NR4081643607738843434231540 Gwalior40 313474117119110904563210160172142178NR5022212202248283239614088624557129823535261540 Jabalpur39 2935851101081088444561851781381401651205024018202239364240564490621587528853536251538 Rewa32 2834761019188794555177154148147147NR5523718121933NRNR35NR3585655577625902845301245 Sagar39 2830831011051058645581811881401421691365224816191935384040604088698637738822932241437 Jhabua40 293686110113108904558201208180140181NR5828715201637343746544795667NR7127893936241928 Hoshangabad43 3136811081141018446551841531351351451065422211202332434841494194655608842902944191947 Shahdol35 293586123112110834450200136125121154NR5221018202042373335504095604587030903040271835 Ujjain39 384189102102101904560148209172133166NR61268132015323235456255956905973301024840281637 Morena40 2834901151131051004666220187145146148110462421415244029NR39NR39100615668140813631281432 Anuppur34 2636801001101208946501981981371431761545523015202025404037404890742607830902534231330 Bhind41 3033841151181148443601881571311231401154424716181949344238623690640607525773135251740 Dhar42 283685114111109954459159188166136167955621415211836363639524288686597124843136211843 Harda40 30358599120111894560181198170148166NR5522020202030404045704591661607240852829181831 Katni35 29348612012011580425016515412613215410050205191420303538455545100604587520804040271535 Khandwa38 303580102103100854552209187173148170NR50238172515353535404740886595584381002632241540 Mandla36 33358310011011085455019018713215417614360240292523184548456050100622627738903039241731 Rajgarh40 283282110113103884540165190172143176NR5024010202042NRNR40NR4090648NR8036903333181530 SidhiNR NRNRNRNRNRNRNRNRNRNRNRNRNRNRNRNRNRNRNRNRNRNRNRNRNRNRNRNRNRNRNRNRNRNRNRNRNR Chattarpur40 28378811712010080485019817616714815412360250201520373542405760100600607220903340311538 Neemuch45 263470115100100704564181143132130137NR5529210252042424141654086562637040752542301545 Burhanpur41 3238811011001018445561681701441341681325031529221942373541NR4998709607732883137201430 Narshinpur38 283584123110112864453203187137137171NR4523912202035413945604890638557335873935251635 Raisen39 303582112120105854757187192143137NRNR5523010202040404139NR4287694627438883131251837 Sheopur43 253292108117102804560214202169143165NR6024128252542333740604095659608220954240301540 Agar malwa32 283376120109103924458175168150149143NR4828520201825454747NR4778681586932933027241525 Umaria34 333680100107107824656179157135138152NR502171519203040NR45NR4797611607437822847271540 Shajapur40 273282108110108874460165187154137163NR5225318232238353240NR4690674598042873330261530 Dewas41 293484114110106894661179190154147167NR55237122325343539415644100677617635893634251541 Khargone39 313878115122110854350186156136126132NR4922516302040404040654090640558435853540301535 Singrauli37 263384911121158147581821921521421391175523914231836NR4036NR4490671567235852639221433 Chhindwara48 3038851251171228344521911761361411561364520010231922383738394291714597130973737371943 Sehore40 283380110110100904558159192148137165NR5222012201920NRNR49NR4992635607129853035241548 MP-Ashoknagar45 283173120110100924460188168157141147NR4321012232048384040NR4191639578744903845251539 Balaghat35 353780100100100904651176187132143159NR6022015212328455040654799658607028913535201540 Guna40 2530801001031008444581941891691431761334821720181840324250695088690607353853738271530 Ratlam40 2834821091091068445611771761491341561284824510241429304042574290615587427752827221629 Satna35 28378710585908245602031411461301761105026020203040404334603565692556535752733301550 Vidisha41 303577103118110884457170195138146170NR5224011151725404038683987659608333873331241440 Alirajpur36 303687124100114954555185148139136144NR4824010242457313545NR4793619577323774043291740 Betul39 27358199105101804558177203141144177NR49251132325304345426545103685608130813032211540 Damoh41 303379114106106834562203169144149164NR4920513191940363837573790575557324813140311444 Dindori37 353695105108108804560209187156143169NR5023313253050384340554982621558538903236291540 Niwari36 2733781119496844660199193182138149NR4621530201938NRNR40NR4097720608124923340271935 Seoni38 353790125110105864755203176148137170NR47215113025454040366842100651578118784836211541 Panna38 263675125100959045521781731281331301125321011201741404835604597651567537722535311247 Tikamgarh35 26309012512595904450205167142149147NR50200202030503035404045100651587022852941201740 Datia48 273090122110937647622151681461401871255222727313152423539813997690628534883839271539 Maihar39 29359010095958248552201641431481651135020512201840NRNR40NR45100725587239972940381240 MaharashtraMumbai43 415494114133122984658229214192155172134813102833334541515363521196795880701056840481941 Nagpur55 48539212812311993516521920116716217813269283274035423948507550110681619438923548291962 Pune39 4453891251121148345741911891531501641485733833362935373840414088531608058953940261840 Nashik41 444094111117112974458179213177143165139553172830272843605055501026405867651085336291533 Mangaon-Raigad48 4447961141241161004860186207196139179121613533031314145514556471087676072531176140371960 Dharni41 313789109104112944753198182156159180NR5332513302138342841NR4496743627738922941191835 Latur57 4147871141091218644611812041331371551384923224272728334639613999744567168974839211843 Akluj49 343882102981028644542001961371461601285033530252322324139603889659524935983038201230 Arni Yavatmal44 343699123125114904363170192154144157NR57300103031403532477055103784557240994542201540 Chandrapur33 355191110118110984659185193206147168NR66249302833205453555554115611606722963234342063 Karad Satara43 374988122117118944470184182167153165149502933033264139394057411116705970701023741252043 Ahemednagar53 44478912912411999435315316416414715314249259302422213140394439108567586647992939241825 Khultabad49 343679108109107804545177NR1421371471295632220372745353449NR4688702608043833224211635 Islampur39 424891123129120904472208199148156167136513432730222936393943431096536070401035953352741 Kankavli47 384999125119121100446018419416414616813053357203329474242455044108666547942774744251865 Partur50 3240801151201108843561812041511481571484940110302043333645NR4885775NR8475934043191545 Gondia49 36387810410010282455817520813314216915062250292228333635365038908095970321044950281937 Jalgaon46 3848931121271151044665174203176147161156594682823233741405851561077076176571204741281741 Akola43 344585122125117974568176200165145165NR58320292727433938496550103747608353884244211633 RajasthanJaipur45 3136771049994814651179196168157168NR5130315212263262945NR4980600588123722948392236 Jodhpur41 323480127123102894254223180NRNR169NR51272212023342952525147105672559127697333291742 Kota46 3334831351191009645591841531261461521105428422272546334851554495685627645763438311541 Udaipur47 3035861261131168547491942111601421611466031325242451394235505587608617640983434221240 Bharatpur45 273491117110111914458198176137152NRNR4729728202943273040654482637607525903738251240 AjmerNR NRNRNRNRNRNRNRNRNRNRNRNRNRNRNRNRNRNRNRNRNRNRNRNRNRNRNRNRNRNRNRNRNRNRNRNRNR BikanerNR NRNRNRNRNRNRNRNRNRNRNRNRNRNRNRNRNRNRNRNRNRNRNRNRNRNRNRNRNRNRNRNRNRNRNRNRNR Bundi43 29369711410894824869187200129177183NR4337730383046364137784790732607851854148312154 RajsamandNR NRNRNRNRNRNRNRNRNRNRNRNRNRNRNRNRNRNRNRNRNRNRNRNRNRNRNRNRNRNRNRNRNRNRNRNRNR Alwar51 3134941331181111034559195169144157174NR5333326242447314046604888563566821874243261643 Banswara40 273394129123100874153170149148NR150NR4627724312347343746494696538578536864737361140 Baran40 313680132117110804150195144122123127NR41NRNRNRNRNR283240374589667556740903531341137 BarmerNR NRNRNRNRNRNRNRNRNRNRNRNRNRNRNRNRNRNRNRNRNRNRNRNRNRNRNRNRNRNRNRNRNRNRNRNRNR Bhilwara52 3037961171119894435119617514515717615644287113123472933405341756055360379137362019NR Chhitorgarh42 3032931201201078743552011581331341371154527020262553283639564495586547744893554352340 Churu35 282890NR110NR824246173151145113NRNR4030515203040284032355080700558440100NR33401540 Dholapur41 25318112510298904656224194154146NRNR512401627284529NR44NR4492633628145783232211440 Dungarpur45 2733951251091049044551781751661731761634928722343254423643805289628639145813743412643 Hanumangarh34 273584127112106854446216167187129129NR4031821323436NRNRNRNRNRNRNRNRNRNRNRNRNRNRNRNR Jaisalmer41 32358411412095824560205190145141163NR52260192625403134436445976026212037843930241338 Jalore44 343491113120105904254200154127154157NR4231015343433304041NR5096545607847984140291743 Jhalawar42 29338413011498854355193163144148158NR4328719212352283342514590674588033783139301840 JhunjhunuNR NRNRNRNRNRNRNRNRNRNRNRNRNRNRNRNRNRNRNRNRNRNRNRNRNRNRNRNRNRNRNRNRNRNRNRNRNR Karauli40 24328413211510594455219014112812913310140312221928NR2522403750106612608838943346221839 Nagaur41 31439212591959042531771671571571571444531017213021293033NR4692743NR101NR101NR36262436 Pali55 33329112912890754457201167167163162NR4323625312633303838NR47108507NR6253855935262141 RJ-Pratapgarh41 29327013310797834345180174154158NRNR4429819252544343641NR42103707606039694636251540 Sikar53 3535891321231081064552160198131134132NR60243303333422930313030106566637032893031292932 Sirohi43 303873117118100804251203148127128130NR492501721286026NR43NR4792604629655962626251147 Sri Ganganagar48 293585108117118854554188181141139NRNR43270NR192049NRNR39NR3590709NRNR24813029292845 TonkNR NRNRNRNRNRNRNRNRNRNRNRNRNRNRNRNRNRNRNRNRNRNRNRNRNRNRNRNRNRNRNRNRNRNRNRNRNR Sawai Madhopur50 28317713910095974555226156143143148NR45292263034333235505050110551637240902654252540 EAST ZONEEAST ZONE  BiharPatna40 28368499105103834958NR1871481961801675227826223038NRNR40NR40100604568430904040251544 Bhagalpur38 28328110510795804757NR1861291231691174632028192749496134NR351046355884399629342118NR Purnia38 31367996109104794957NR191142158NR12044324182023705858426144108703558235973634251748 Darbhanga39 27387790112108884456NR200185147NR11948193281420385656294432108703607234992544232950 Gaya33 263881126106108824560NR1801351441421205534025232450NRNR35NR39110675598034843337231643 Muzzafarpur39 283384107116107814757NR18815115619312357287272122374849415440101604598423913940271551 Saran41 263680101108107824858NR177171173185NR48302272224404260356035102677576742803743281741 MungerNR NRNRNRNRNRNRNRNRNRNRNRNRNRNRNRNRNRNRNRNRNRNRNRNRNRNRNRNRNRNRNRNRNRNRNRNRNR Saharsa41 303592135118103924556NR168136137NRNR5227521213151NRNR40NR3793684557440955247371140 Madhubani38 2934861371151088246552061641611601711274527324232745NRNR314833107619576929823232241150 Rohtas (Sasaram)34 363982105101928451661941961781641841375422028192334385937544099690608245772430191236 Motihari44 28328210811410682455621121820516020614146265192022463433365036108593547627803043261932 Samastipur41 2835851401171147845541681981621261501575330326192347303834733795617579235972576251148 Katihar41 323584125128110804659NR183127133146NR4830520233259NRNR33NR34110593NR72389821502013NR Araria33 273081138120115854660NR18915216319613250330202020586060356550100604607640902640301345 Nawada44 323689112110107835060NR17915918218115153280292228575048425745103718618458873537281364 KhagariaNR NRNRNRNRNRNRNRNRNRNRNRNRNRNRNRNRNRNRNRNRNRNRNRNRNRNRNRNRNRNRNRNRNRNRNRNRNR Banka40 313785125104105744558NR1761571671681234121815183049NRNR35NR3999640558040833540301040 Arwal37 313682116116118804459NR2071841771831224828026213049NRNR32NR361006595510639802540241547 Aurangabad37 293384114107105824755173183159156170115572202818235850NR35NR38103769587950862842301652 BegusaraiNR NRNRNRNRNRNRNRNRNRNRNRNRNRNRNRNRNRNRNRNRNRNRNRNRNRNRNRNRNRNRNRNRNRNRNRNRNR Bhojpur Ara43 2629839711598794652203215137145151NR5036230202540NRNR35NR37100681608245855040251047 Buxar33 2933801001001028046602021981711681781454932725212032415132553388703608434813930251940 Gopalganj37 27358011810610579445519017414814515111451238292026384344394340117655566831864340351154 Jamui39 283378103112113754560NR165148161NR1294624228182340NRNRNRNRNRNRNRNRNRNRNRNRNRNRNRNR Jehanabad28 303281113111108754555NR194185164NRNR5124424182241NRNR39NR40976605410025832440211555 Kaimur39 273380109110109794757NR1941791651831205521420162235393937NR3986714617737823032201555 KishanganjNR NRNRNRNRNRNRNRNRNRNRNRNRNRNRNRNRNRNRNRNRNRNRNRNRNRNRNRNRNRNRNRNRNRNRNRNRNR Lakhisarai40 304083122129115884759NR218167170NR15453295272027545560464446102743609640833540271540 Medhepura38 293581114113109804658NR1871601691861424827622222747NRNR36NR35103635598036873538311442 Nalanda35 323487138123116834462214145125118159NR48390281924NR506045604595NR608240752530182160 Sheikhpura38 303593124114115804456NR148130136137122502452716253245NR385140110640587025953030411340 Sheohar39 2733801171191137745581701721561711811275023224222460NRNR364339106676587533842843211359 Sitamarhi35 293680100102103844758NR1921631581681474822328182037425135353493711588243953139241048 Siwan34 28328096102987747601671961511531511295421027182432474333513588742616626763141271448 Supaul38 303578104115117774655NR193136NRNR1415026312172239NRNR36NR36112580588430802656351555 Vaishali35 293480971171027946502071781511501891485420729202540494935393985659559430772634171238 West Champaran39 29358112012011081445620518816715517811345260202222443541334539105567547637904750271747 JharkhandRanchi44 3638821051051108046582311981431591651265024027202560NRNRNRNRNRNRNRNRNRNRNRNRNRNRNRNR Gumla40 2736821009810583485617617618713215411048217151915273482355041100680457855902526171550 Sahibganj40 363885115120120874860170198170176163121602502018255040NR406050105659588430733532271440 Bokaro34 3537861321001108646571891721601641821455132225283056NRNR33NR40100709558929812842251360 Lohardaga36 313685110125110804561NR1551291401521274420326202540NRNR38314090651567325804230271138 SimdegaNR NRNRNRNRNRNRNRNRNRNRNRNRNRNRNRNRNRNRNRNRNRNRNRNRNRNRNRNRNRNRNRNRNRNRNRNRNR Dhanbad40 3536801061101088046592421921531721871325324526202950355137514096718577546883041331849 Jamshedpur (East Singbhum) 44 384110613112912095465821919016515416712857200292232423230395950103606588165883033281250 Giridhi34 323681106102105754755NR1921651441641434330019222550413539384690600609630992941251652 Seraikella35 313980108109108784760187191155158166113552072819245038NR41NR4392600608442803033251452 West Singhbhum37 3036841151201137946602022051671661741205324224203140415033493593633588941783132241150 Daltonganj41 293982113109111914960NR181160167NR1456128233162240NRNR465848108643639626863236261735 Deoghar40 35369011012011080486017619217617017613250300302020505050456055100769608030904040301840 Ramgarh38 3638NR1181141127947NRNR1761621682011574627925223243NRNR31NR40108590587742832858271242 Pakur40 39418010592968448602001941721431851486030722182438414148516197637617940962533211543 Jamtara34 2835851051091099551601561921441591701485934828212555NRNR37NR5189655618359994951391549 Latehar38 273781113106106815160174206160170NR1375019331242448NRNR39NR53109724598441834735281563 Godda40 3037901181331209047641981981561651651326029330203060NRNR40NR401007146283531003738282040 Koderma40 3335871021101058047651981981371561921256020729212448NRNR37NR3893717658559903434201560 OdishaBhubaneshwar40 364682100100110804854NR198127NR1651475523027202533NRNR38494490NRNR8050853430201250 Cuttack41 36468299101101814954NR199132NR1661225726028212638414241514395743NR824887NR33221562 Sambalpur40 404580979597785254NR196129NR1631215024028202540404540504090736NR7240903532301560 Rourkela36 363682999897794754NR2011311281651415419026212335363640404291529587640813032231550 Berhampur44 4040809699100715054NR215153NR1791435524521202233NRNR38495084703537060843545291446 Jeypore45 4038861009897804754NR1961321371581415523728202535404038454280736607040753035201242 Balasore38 414582979894764654NR203163NR1661245924028202750NRNR42NR4393620598462932840281145 Baripada37 37428510110996804854NR188160NR166143552452618254935NR484451120690627857932940311461 Balangir39 3738829710097804654NR205127NR16512160NR29232337NRNR38NR4390714608047772735201540 Angul39 NR4892117110111844352NR186178NR1611295535027223032NR5840534798718598449874530311541 BoudhgarhNR NRNRNRNRNRNRNRNRNRNRNRNRNRNRNRNRNRNRNRNRNRNRNRNRNRNRNRNRNRNRNRNRNRNRNRNRNR Dhenkanal39 354482989898854954NR203137NR165143574302920264050NR39504586696588450834030201250 Jagatsinghpur35 353880100110100854858NR203174NR1591215024025202540NRNR38NR39103600587250813832211360 KandhamalNR NRNRNRNRNRNRNRNRNRNRNRNRNRNRNRNRNRNRNRNRNRNRNRNRNRNRNRNRNRNRNRNRNRNRNRNRNR KeonjharNR NRNRNRNRNRNRNRNRNRNRNRNRNRNRNRNRNRNRNRNRNRNRNRNRNRNRNRNRNRNRNRNRNRNRNRNRNR Malkangiri44 354088110110110834555NR2031461501561265837422222948NRNR38354076699578040803441221447 Nabarangpur50 404585112112112784466176180170132156122604003018244740404340511157625876371102838201860 Nayagarh39 NR4285117118110854653NR205169NR1601346034026192443NRNR38434385651588440853344241442 Nuapada45 355090120110120804554NR208165NR1701435524030252540NRNR45404880769608450903030241850 Paralakhemundi GajapatiNR NRNRNRNRNRNRNRNRNRNRNRNRNRNRNRNRNRNRNRNRNRNRNRNRNRNRNRNRNRNRNRNRNRNRNRNRNR Puri39 NR4384106104101804756NR199151NR1621305728226182437NRNR41NR4395666607638863642251346 Rayagada42 435087105108106805056184198140NR16712755NR30232540NRNR48395088731628147823435261250 Sonepur36 NR4385110100108804646NR209144NR16712153NR10182139NRNR39NR51100725608445893026221050 Bhadrak36 NR4385113110110844560NR207176NR161135552922817254544NR38633985769607555803832241540 Jharsuguda41 444185110102105804754NR20314312716912150NR302530423944445846100692628460923839271945 Kendrapara39 384585105102100824554NR203154NR1591385128028192540NRNR40564387692607135852936231450 Jajpur36 40438010110790794656NR199177NR15911855NR25182340NRNR36NR41100659549248853840221360 Kalahandi41 374982111111109844856NR209159NR1651265439529212540NRNR413749101753NR8440842732261350 West BengalKolkata55 NR38851131221131214958NR1971691421671206626729203043NRNR39NR60102775628467873629231955 Siliguri41 3045971331141121014364NR195NR166166NR6821714203244NRNR40NR4694716638578995841231239 Purulia37 NR38841181111059945571771941581491741415328127162542NRNR46NR58112651617748823144372045 Kharagpur54 35398111811511511154652021961391281651216528230242740NRNR45NR45100747608470853240241565 Rampurhat57 3342841221211129546521982011541591711115429227152046NRNR42NR4578732597340953636371452 Malda44 2941911391171201004858NR194NR1481771316031820172649NRNR39NR61915936084541004035281460 Raiganj41 27358512313011011047481761921481261651215526012152352NRNR35NR57110622588047884028251460 Alipurduar39 NR41881361131131084865NR189NR1521781206124012162537NRNR44NR4784674628422992734281246 Asansol54 NR3984105109109974967NR1941551431711405433528172554NRNR37NR4797714618449743534321742 Balurghat51 3140951251281151074860NR1991541281671234535128202263NRNR54NR5583655598652953935251560 Bankura40 NR3890121121117994861NR198NR1321761265928522172545NRNR37NR6197578627845883035281443 Barasat50 31399412510710911346561991931901501661376327427222840565539655475632577658843735251436 Bardhaman55 NR418911211411612547582271931521281641295131027162540NRNR38NR4496731597861903532241355 Baruipur42 NR3982144123113904656NR1761461461531205526227182840NRNR37NR37110598607667713851271333 Berhampore45 304178110111102964860NR1801441521741434927324192538NRNR39NR6269617627845973031251537 Chinsurah56 NR40861151251161044958NR1801451571831105629128182649NRNR35NR6183581628150893637251561 Cooch behar50 NR40911371191191114860NR198137124171132703003019305557544050401506596084501205038351559 Howrah57 NR391021281101281184963NR202200156177NR7025328172550NRNRNRNR551126905874801083434311558 Jalapiguri44 3547921301421121285182NR2011451671771226030028213070NRNR36NR601027076184421005532291562 Jhargram41 NR371011241111251114660NR1821481421641274929228172142NRNR35NR5993671618453813738251543 Kalimpong45 3535811501251181004667NR174136142181NR6238716253359NRNR39444199723NR91581017050311946 Krishnagar49 NR401091301091391194457NR1761551461551384829827222641NRNR41NR95905716182901032632331840 Tamluk51 NR48971201201201335158NR198NR143165NR6030728192550NRNR39NR60113729628063993735291440 NORTH EAST ZONENORTH EAST ZONE  Andaman and NicobarPort Blair55 NR50100120125115955772NR198203NR1701547633021505090707060707011074760961601005040301573 Mayabunder53 NR691061141291231025974230212220NR16515278360215050100NRNR61989014279362120160944038241540 Car NicobarNR NRNRNRNRNRNRNRNRNRNRNRNRNRNRNRNRNRNRNRNRNRNRNRNRNRNRNRNRNRNRNRNRNRNRNRNRNR Arunachal pradeshItanagar39 NR4491143130120905074NR209176149208NR7540017253038NRNR45NR5299702578442795753301769 Namsai36 NR4290120120120935076NR169NR187165NR8027815253050NRNR52NR60120660599626805030301855 Pasighat50 NR501001301301001006078176220165172169NR9040020304068NRNR50NR537369259100701007583431560 Tawang45 4545100142140137985773NR208120137165NR10034020414252NRNR42NR5393684579250982883302862 AssamGuwahati39 334081106951009049702232051651541701436022013223360NRNR42NR44NRNRNR8342NR37NR221980 Barpeta35 41398510795998249721982121391571921345824010192943494342975283738637932833833281858 Tinsukia33 34408510885105895077NR214187170181NR6019010182850NRNR44NR4495736649030803535272040 Dhubri35 NR3580112NR109864874NR21416215416512160180102027505065386550110747608430703040201560 Goalpara42 323991136120111884859NR1841611511641585125810183038NRNR38NR5497659608040974131311857 Golaghat47 344290121901109750NRNR1561461481461457328314213047NRNRNRNRNRNRNRNR94487045NR251662 Mangaldai45 33387810095110874870NR1891451411601646026012193552NRNR39NR42NRNRNR9030NRNRNR301765 Mushalpur39 38369112995118904873NR2121441521481445024310203068NRNR37NR50828176081358729NR231557 Udalguri41 NR419912997107854575NR213NR1451721455826011193346NRNR39NR3975687NR79298042NR211353 Bajali36 334090118105115904878164209NR1591831375936310203050NRNR3610345859166010228906160322570 Hojai36 NR4088110102100904962NR1991461361751527024011203060NRNR39NR42806725782301013340301148 Jorhat40 36388511011410710550741812091601481601326020812202660NRNR55NR5478NRNR9340NRNRNRNR1253 Bongaigaon44 NR358211297110904770NR184152150165NR6032210203059NRNR37NR6076NRNR8440NR40NR301855 Morigaon40 404085120118110904774187192168159165143602401023307050NR41NR50105674608060754540251570 Sonari40 414197115NR1151004877NR199NR154NRNR7122012193062NRNR37NR6095NRNR8145754342301552 Tamulpur38 393988112105110894977NR190140134NR1176025310193055NRNR39NR5080736NR9640NRNRNR221050 Sivasagar49 4150911271181081054877NR2122021761921535825311242762336354NR5890679629340783756331150 Biswanath CharialiNR NRNRNRNRNRNRNRNRNRNRNRNRNRNRNRNRNRNRNRNRNRNRNRNRNRNRNRNRNRNRNRNRNRNRNRNRNR Dibrugarh36 NR38911191181091034974NR207152171186NR6025015233057NRNR41NR5793775609453823943301360 Karimganj37 NR4083115120102814975NR207NR126183NR7023514202960NRNR40NR65130NR609050NR37NR261548 Majuli35 384590120911151005070NR187NR136NRNR6026015223246NRNR40NR42113NRNR84407045NR351540 Sonitpur Tezpur37 304187115100112854769163NR1671421621204931010202547NRNR40NR4580749628440965060301780 Haflong35 NR4590120NR115855577NR187NR132198NR8027015253545NRNR44NR45907586290451104040251980 AS-Lakhimpur39 NR4186112105112924972NR181156156161NR5618815182851NRNR41NR4288606597647813759321348 Diphu40 NR3990112110111905074NR192NR143NR12690243132035474255416265103712628622926040261360 Nalbari38 NR408513094110854872NR2111451651761565630310203045NRNR40NR4478820628440804350301562 South Salmara Mankachar38 393981142NR116804773NR19918117018114360230112931NR838541NR61NR807598441744248392158 KamrupNR NRNRNRNRNRNRNRNRNRNRNRNRNRNRNRNRNRNRNRNRNRNRNRNRNRNRNRNRNRNRNRNRNRNRNRNRNR ManipurImphal53 NRNR1031281271189756NR152209219174198160922702531426552664772NR79765NRNR71NRNRNRNRNRNR Chandel60 NR50NR1701701401006075143181NR181NRNR120220303040100NRNR50NR37906376391NR6450NR261570 JiribamNR NRNRNRNRNRNRNRNRNRNRNRNRNRNRNRNRNRNRNRNRNRNRNRNRNRNRNRNRNRNRNRNRNRNRNRNRNR KangpokpiNR NRNRNRNRNRNRNRNRNRNRNRNRNRNRNRNRNRNRNRNRNRNRNRNRNRNRNRNRNRNRNRNRNRNRNRNRNR SenapatiNR NRNRNRNRNRNRNRNRNRNRNRNRNRNRNRNRNRNRNRNRNRNRNRNRNRNRNRNRNRNRNRNRNRNRNRNRNR TamenglongNR NRNRNRNRNRNRNRNRNRNRNRNRNRNRNRNRNRNRNRNRNRNRNRNRNRNRNRNRNRNRNRNRNRNRNRNRNR ThoubalNR NRNRNRNRNRNRNRNRNRNRNRNRNRNRNRNRNRNRNRNRNRNRNRNRNRNRNRNRNRNRNRNRNRNRNRNRNR UkhrulNR NRNRNRNRNRNRNRNRNRNRNRNRNRNRNRNRNRNRNRNRNRNRNRNRNRNRNRNRNRNRNRNRNRNRNRNRNR MeghalayaShillong37 4039100140130120884977NR190183141NRNR7032030253750NRNR40NR40117806628153804753272187 Tura36 NR42100137NR118904977NR183NR1741891328029318274060NRNR42NR6090714588460735053272070 Jowai37 414090NRNR120875074NR154NR152NRNR8036015253850NRNR41NR4088651628050805040301673 SohraNR NRNRNRNRNRNRNRNRNRNRNRNRNRNRNRNRNRNRNRNRNRNRNRNRNRNRNRNRNRNRNRNRNRNRNRNRNR Mairang38 4543NRNRNR120905374NR159NR148NRNRNR39317254050NRNR45NR42110NR609670846060272097 Nongpoh35 NR4290140NR122905277NR156NR154NRNR7035315253750NRNR40NR4395651629250835065321977 Khliehriat39 414093137NR115844975NRNRNRNRNRNRNR32030283847NRNR41NR4477NR607843785843281577 Williamnagar35 4035110150NR120905070NR197NR186NR1648032015254561NRNR38NR6590749578455804070202080 Nongstoin34 4242NRNRNR120875073NR154NR154NRNRNR34715254052NRNR43NR4598700628357805255261582 Mawkyrwat35 4545NRNRNR120855074NR143NR137NRNRNR37016203560NRNR43NR45107703609060905040401677 MizoramAizawl50 425010715313013393508025424223114323113710052030424577NRNR50NR70907036090789010090604078 Lunglei55 4050117NR1531401005585NR231220143253NR97460304060105NRNR50NR92107681601006710010067422090 Kolasib49 404395160130128925580NR204NR13516414310047030404090NR4043NR781376596090709210083403550 Mamit48 NR46105154NR108955080NR207NR143NRNR128420302850120NRNR45NR939553759954498NR88534068 Champhai45 354590140NR1271005780NR165209159NRNR9352030526077NRNR45NR8090576601085597NRNR684070 Serchhip45 NR49113NRNR1301005080NR242NR143NR143100520303850100NRNR55NR801606336096531078090302360 Siaha55 NR501031571381481025580NR242219143NR110100250304052NRNRNR50100951106316010010080NR60604093 Lawngtlai50 45501001601401401005080NR242NR143NR121110480304060NRNRNR50NR801406606010080100NR906040100 Hnahthial53 4550NR1531571331035284NR231NR139NRNR135500303750120NRNR50NR90140620601007090NR90502085 Khawzawl55 354795NR132128935582NR21214615214313212745330384883NRNR47NR8010061760985393NR87534078 Saitual54 4550107NR140NR1005580NR209NR143NRNR120513303243120NRNR50NR90100NR589580100NR90502280 NagalandKohima50 4545100160150130905076NR154198165NRNRNR34020305080NRNR45NR90907036086551008070501570 DimapurNR NRNRNRNRNRNRNRNRNRNRNRNRNRNRNRNRNRNRNRNRNRNRNRNRNRNRNRNRNRNRNRNRNRNRNRNRNR Tuensang37 3855100NRNR1209550NRNR176NR181NRNRNRNR20204040NRNR50NR50100NR5892421003590503060 Mokochung46 NR58110160140120905074NR154181176209NR8034015305060NRNR60NR701207146096401007070402052 Chumukedima40 NR3690138120108925070NR249202187198NR7831818224750NRNR40NR83127656701134893NR77373252 Mon40 NR60100NRNR1251005070NR154NR165NRNR8034018205070NRNR60NR70NRNR608050NRNR65452050 Peren38 454590NR120120905070NR148NR164NRNR9032020305050NRNR55NR70113651609642804070432045 Phek40 50501001501401301005072NR163NR165NRNR8035020NR5057NRNR50NR10010063068NR601006063563040 Tseminyu50 NR57NRNRNR1371005570NR161NR163NRNRNR37715304360NRNR53NR8090714608750NRNR904219NR Wokha53 NR6898NRNR120985074NR158NR158NRNRNR30015304060NRNR70NR801006926084501006065401570 Zunheboto55 NR50NR140NR110904575NR165NR154NRNR6024018305060NRNR55NR75NR703NR82601203070402560 Kiphire38 NR60120150140120905570NR148NR165NRNR7534518284545NRNR45NR8595648658055908075551540 Longleng38 4050NR150NR1201005075NR163NR165NRNR8035020254850NRNR62NR721207206096701204075501750 Niuland38 NR40NR145125120905070NR154NR154NRNRNR33015254060NRNR40NR6090NR608440NR4060401530 Shamator42 5060110150NR1201005080NR165NR165NRNR8035020304070NRNR60NR70117688609042100NR95502060 Noklak40 5063120NRNR1401005580NR165NR176NR13280NR20306070NRNR60NR821307695991601006273352050 SikkimGangtok45 3840100NRNR120905065NR209142137198NR6028020303550NRNR45NR70120680629660775060302370 Gyalshing45 364090NRNR120955068NR220143165187NR6030020303550NRNR43NR75120680628670855535252360 Namchi45 4040100NRNR1201005068NR220165148192NR6036023303055NRNR40NR80120747628070905060301570 Soreng45 404590NRNR1201005568NR220159165NRNR6035020304050NRNR4540801206516296701007050301970 Mangan45 3840100NRNR130905568NR220154170NRNR6046020304060NRNR40NR70120792629660904250302370 Pakyong54 4040110NRNR130955568NR220148176176NRNR30024304060NRNR45NR70120747629670905060302380 TripuraAgartala39 NR40851131181011235175NR2011701691981537023710252958NRNR40NR5090674619657974541281470 Dharmanagar37 NR43871151191031225175NR183NR137NR1286524010223055NRNR42NR4595710609255934440261468 Belonia41 NR42881151201031255380NR203NR1701991557524513273558NRNR44NR52956816299631004644311580 TR-Udaipur40 NR42871151181031245276NR2051741722001547224410263165NRNR42NR50956856395651004642321573 SOUTH ZONESOUTH ZONE  Andhra PradeshVijaywada46 434583105107108894760170156148NR1601265428716312325414342524595586586840882239231848 Visakhapatnam46 4143821051071058447581701921481411631285428015212326404041454389659577139813337201545 Kurnool48 4143811011031078944581661961251301621185331319331114383741494289765617325843437211331 Tirupathi50 4445831081051099043581721831341681621246130820303247394341434587641557144852440201748 JammalamaduguNR NRNRNRNRNRNRNRNRNRNRNRNRNRNRNRNRNRNRNRNRNRNRNRNRNRNRNRNRNRNRNRNRNRNRNRNRNR DharmavaramNR NRNRNRNRNRNRNRNRNRNRNRNRNRNRNRNRNRNRNRNRNRNRNRNRNRNRNRNRNRNRNRNRNRNRNRNRNR Ongole50 434484102104106894558166177137NR1631315730013302733353642444485718617331813338171649 Bapatla48 444382100101105864558165NRNRNR1591185528015322539344541454493714597336833035221650 Rajahmundry48 43438210094103864550170192134NR1631235328719252222414542454492534526621873434161343 Eluru46 424486106931099046601662021411671641325621724322735394745504593744596134793129181630 Guntur42 394077959897824355160170132NR1571185025011202123323839423875566506027702231161329 Amalapuram45 4545861001071098545601711851511641591225230220333045343445474490674607840893538241943 Nandyala49 42418295104108864558169196144154165130572621537913333541434186714647141792837161627 Parvathipuram50 4343819799100854759170192137NR1631255427212222029404444494480791656536863538211736 Sri Sathya Sai44 4342819796998644601702011421561591275332114302533364141474391654587232852636201652 Nellore49 434581104100104864758165212150NR1601255628020302825354441484385824606529843337211635 Srikakulam45 394577991031058344561701951281321591175532311282528NRNR40504475652558440823437171750 VizianagaramNR NRNRNRNRNRNRNRNRNRNRNRNRNRNRNRNRNRNRNRNRNRNRNRNRNRNRNRNRNRNRNRNRNRNRNRNRNR Anakapalli48 41438298107107854572168225132NR16111852240173527304244394239110677657842763340231762 Bhimavaram47 435384105981068545651711891501601681275627821292534364442464389873617034863336211745 Chittoor49 444982105112112934555180198154NR15912356350273214223436465251107681627245852939171642 Kakinada49 44438610899107864662172208140NR1631315529725352934354244434497610646635854139211561 Machilipatnam49 42438210391106884463163184NRNR1611254934415291523324344424590694615824883129171224 Narasaraopeta46 4247851011041078345621561861561671591215129518342027384345454991771497130843334171951 Paderu57 404385110120117855060201203152NR1701325034027303040NRNR40674290703677140575740191370 RayachotiNR NRNRNRNRNRNRNRNRNRNRNRNRNRNRNRNRNRNRNRNRNRNRNRNRNRNRNRNRNRNRNRNRNRNRNRNRNR Anantapuramu42 4242799697968643601711991421561611265332713272525364041454291628577232852535181552 YSR Kadapa49 4340821051011078844601691951481691591285630319282518374041484291743616530822936201740 KarnatakaBengaluru49 4144821051101059251541572011301521621395824217282824474242454392698607340823343291752 Dharwad41 404081901101088642541621581031421371304526826282526534553584888630587260753447361545 Mangalore52 4344821131291129142551921751391631501335320215353040395944464690640577850843236231768 Mysore48 4755881091081108945481782031911671621465736021322723475753494380663626945823132261697 Bengaluru (East Range)47 464087117117117914850177NR1451781691405825520372228494242464292698607358833252281950 Belagavi44 39458097971008451541781751181601761354225816232224553537413785721546241802960171136 Kalaburagi53 3340811061201178343561711621671281501254918615302020414139473997699605837692557191550 Tumakuru48 424377931051058545541901981321631621305322721312531405241474385637596920832648221549 Bellary40 403972971001008843541981921411501621405330824291517384038474397693576628772527261856 Dhavanagere55 4450841061151098546531972021321441691426129328292930495343534691603567240723943221630 Shivamogga49 41419011112211098445419818014514014412650240282023204852444952102630587638803240281545 Vijayapur54 4644911151281229045542212051311591651424924214302223343942544492556617083974446381261 Ramanagara43 41418710311810395424818220314314015813051188154029294544474243100613627540903350211550 Raichur54 42468111011210586446218218417316116212753213153025374849454646916035271481125049401745 Chamarajanagar50 4243909590888342481941761321151651284017718302018485454475892516546045753567451648 Kolar47 3943901211111099145551791681561441561235522715252619444544444190724607540913241321844 Haveri50 4545901001301209044641702201541651651214525213303020404045484290769607234753045301540 Bagalkot49 4444821081361139342561941781181521341164424520403142524637483976632586448623034322158 Bidar55 393978981121008244592031911351461641504826312292428344142534188NR647350883233241658 Koppal41 3540901131171129342551811541351461571414523715402024333542464395610607033903536231567 Mandya37 424586101122109100464618917913414914811451251153020204143454243100610607330812938171540 Yadgir41 40367795979882455919218115814815914847185113030404052444643100663597041712638262145 Chikkamagalur45 3945891091251138945521771921481461531244919317322321454648445195606637453873951261543 Bangalore Rural45 3751871291211068245501991581161441501055525417282120543848415298653607331813650242049 Chikkaballapur49 4742881071121159146542252141451581671425329115262729404044414599681616827803138191534 Chitradurga55 404881100981049145601841881461361311256628026301520425050455290593606646803450262270 Gadag54 4145879813112492475221817713514114213247237153626304341434442104641637262874547341732 Hassan48 4549881141251149349542232081531641661246023221262520495145525595672607451974636311540 Kodagu44 4146901071161129347541861721461421471195524919282938374146474799628596742683037191564 Udupi54 464793121124111914650198190148NR1531315321815303032364045485097711657150835466312071 Uttara Kannada44 4645951091211159845482271961751871811275228720303141454243454495685597056873339221952 Vijayanagara49 4344831051151088844531841921331311571234820014302525344443464598648627035833436191563 KeralaT.Puram56 44449711912712390475224223119814417613278260143827304555485049100NR657250NR3250251760 Ernakulam50 4143103126124128964656233223187NR170149652281538263350604859NR111753697243803839201643 Kozhikode47 4944110128137140984753236227159NR1711546224015272529NRNR465247110721NR7441823037171355 Thrissur49 4748991211131231024754NR196193NR17414564240184630374949505153124761587649863042171558 Palakkad41 474592105113115864650214215194NR1641455619814392523535048454893698607339793038191547 Wayanad46 52481051311321331054752NR228209NR1761575923218342829NRNR506351118795627647833050161945 Kasargod46 53601361281371301154562NRNR207NR1671375424715302423NRNR475447117797567248803342321850 Kottayam56 444798138121115974756NR234190NR1671396922716362334NRNR495752116707637055853941301541 Pathanamthitta56 3846110131123136974753NRNR212NR1771617224715382843NRNR5157NR140692627057803146241870 Alapuzha46 50691161281271421254652NRNR198NR1651466623314412536NRNR526660NR762657957943043171548 Kollam44 444498127123130904752NR224182NR17514165237154030355253475553876736474571034240191650 Idukki54 454597130NR127904760NR215193NR1701496921514383050NRNR505543105747637265803338201550 Kannur50 5148109128130137994656NRNR190NR16514957273182926224545475248113738586841833542251764 Malapuram49 NR4495125133126974556242220188NR17215157233133426255253474748110747627240812737171347 PuducherryPuducherry54 486590115116110954652179214198NR16513764NR263731NR3760445277120894607141883035211567 Tamil NaduChennai58 444388118113122874640176225158NR1651377228327403028425247494990916627647832935211450 Madurai58 476891111118119924845193206193NR16914959263304141233743595151117809677441873748211452 Dindigul64 476292110117114884844244224178NR1721455827528453530425757528292798707645883550271460 Thiruchirapalli56 4955941171131191004847190198164NR16313462305283324243849544954100743607141893634231450 Coimbatore50 444489114115113854540214205166NR16814161275274227233949504953109743617055833336181453 Tirunelveli55 436496115120120904543220220165NR16013160260283130304158616262102809657247883338181350 Cuddalore57 4840941211211211014546187182186NR16513260293273732194555485049118691636548842833171243 Dharmapuri54 464286111112107864743217NR144NR16514160270253030154051484449110690697028923645291363 Vellore60 454896123114116884640177221174NR16614071NR283230254146474949112769607452903138201463 Ramanathapuram61 39518999111106914644197NR162NR16514456281314136314051395256117831746851783432171450 ErodeNR NRNRNRNRNRNRNRNRNRNRNRNRNRNRNRNRNRNRNRNRNRNRNRNRNRNRNRNRNRNRNRNRNRNRNRNRNR Karur54 546689109118112924547220210165NR16613563297173732223947585258111700657242963340282367 Perambalur48 NR6492107116109874744195208167NR16814856NR293737324261555056113681606542863238211458 Pudukkottai50 486596112118116NR4845227NR174NR16613457NR284030304351425053115709617018952642191460 Sivagangai53 466694116122118904744215NR207NR16814559292285030303853575261119763757143813040201451 Thanjavur53 475087123119119904744201231166NR16613659280273227253750484848125861707243923643231362 The nilgiris57 4948100127127128924954224220164NR1701356520329423037465050535588759637645982676373051 Thoothukudi51 456590110120110904746209214176NR15614356320103035203550605065120857617240872736191250 Viluppuram55 484388114109110874648174214155NR16514360NR27322520334544484798765636936842833201250 Virudhunagar61 486585104110111834945220209203NR16716258293284237274356595457107693576352813435131362 Kanniyakumari60 395384101106105774741209209154NR16113955258253025183239375240109699607245792426151341 Namakkal63 476193110117117984644198189167NR16113756NR264032274140514947120664706650773439251258 Tiruvannamalai51 516185122115114894644187194174NR16013759310273226264452464946108799NR6953873447191250 TiruvarurNR NRNRNRNRNRNRNRNRNRNRNRNRNRNRNRNRNRNRNRNRNRNRNRNRNRNRNRNRNRNRNRNRNRNRNRNRNR TiruppurNR NRNRNRNRNRNRNRNRNRNRNRNRNRNRNRNRNRNRNRNRNRNRNRNRNRNRNRNRNRNRNRNRNRNRNRNRNR Tenkasi56 465996116116114NR4746219NR171NR1561425827530353020365257585898795667240883242191357 Nagapattinam51 506696123122125964744200205177NR16412359NR254120324850495351115846667140943457231557 Krishnagiri55 464190113113115894544202202155NR1641445931528292521384043484389652557240962640291255 Ariyalur55 NR6489111119118904644205192175NR16512760293264040355755606065119857656645902949161455 Kallakurichi53 496590109105112894645218205163NR16813658NR293825224050484748100890746835822732191345 Kancheepuram55 516694122115117964644187203175NR16313368NR283833304253515350103786527845823138181357 Salem52 454590120112130984445187157NRNR163NR48280NR39394543634451448373260NR339333NR292442 Theni61 446192107114112864546219199157NR1521285527728373224395354507991722717243873449261259 ChengalpattuNR NRNRNRNRNRNRNRNRNRNRNRNRNRNRNRNRNRNRNRNRNRNRNRNRNRNRNRNRNRNRNRNRNRNRNRNRNR Mayiladuthurai59 506598132117113NR4545179231209NR157126603402737333745454650631238506572531075360301460 RanipetNR NRNRNRNRNRNRNRNRNRNRNRNRNRNRNRNRNRNRNRNRNRNRNRNRNRNRNRNRNRNRNRNRNRNRNRNRNR Tirupattur49 434787119114119904540186214170NR1651225831029332825314746384693817606542903040201450 Tiruvallur54 426986125112112904340195186156NR1591216129827403030366059447092753607845813045231345 TelanganaHyderabad56 3840781071021098240521751901511541631325127520332439334939504495NR5867381034731181449 Karimnagar48 364383108116106854360161195158NR16012255299202925244142425042975835972431013333161542 Warangal59 44448811912311087416018019211412114713655274173028323738405438835606065361144735181328 Adilabad57 39437710210911185436216315914515615812359290243735403333404636797325565561034937211535 Suryapet51 42468912712511895405616018115915416512352269203030303352414738885776062371034836191444 Jadcherla55 3650881211271179542571771481551231491375529218361932333634533878527536331904337181534 Khammam60 44449012512811893426516715412114915813753296203433373335354933855175566301034344201537 Medchal45 404585117120115854364165NR14314316513250250203028403535404840855386068401124535241550 Nizamabad56 3942881201231208741561701982021671631365127620322540344137483681622626234974932201841 Sangareddy59 414190120124110904362170170135NR16912853384203724393339384942865885967361034537191458 LadakhLeh50 NRNR1401821501271305060NR220NRNRNRNR8048030505362NRNR68NR441227215880631033761391890 Kargil50 NR451201801301201106060NR220209198NRNR606003040408060NR50NR501206596072501007580501997 Commodity NameCommodity NameRiceRiceWheatAtta (Wheat)Gram DalTur/Arhar DalUrad DalMoong DalMasoor DalSugarMilk @Groundnut Oil (Packed)Mustard Oil (Packed)Vanaspati (Packed)Soya Oil (Packed)Sunflower Oil (Packed)Palm Oil (Packed)GurTea LooseSalt Pack (Iodised)PotatoOnionTomatoBajra(whole)Jowar(whole)Maida(wheat)Ragi(whole)Suji(whole)BesanDesi GheeButter(Pasteurised)EggsBrinjalBlack Pepper(whole)Coriander(whole)Cummin Seed(whole)Red Chillies(whole)Turmeric(powder)BananaGIngerGarlic  Average Price1Average Price143.08 31.5536.9687.52116.28114.22110.5189.5546.4359.24188.38188.85156.53147.18162.44132.1656.94273.0621.425.4127.6941.9637.9243.1741.7553.5946.8996.8669.859.3277.4642.7787.2936.8941.9327.5816.2849.25 Maximum Price1Maximum Price164 5469140182170148133608525424923119825319013560033526012083857010310016091675120160120100956840100 Minimum Price1Minimum Price128 23287090828470404014313610311312795401631012913232229303065506454918572124131024 Modal Price1Modal Price140 2835851101101109045601841921481431651325524020202540354040504090659607240903040251550 Source:- State civil supplies Dept.Note:- All India Consumption Weighted Average Prices of Oils w.e.f 23-Feb-2022 and Wheat and Atta w.e.f 25-Feb-2023 NR -> Not Reported Unit for Black Pepper (powder),Coriander (powder),Cummin Seed (powder),Red Chillies (powder),Turmeric (powder),Butter (Pasteurised) - Rs/100gm Unit for Eggs - Rs/Dozen Developed by:- National Informatics Centre(NIC)",,,,,,,,,,,,,,,,,,,,,,,,,,,,,,,,,,,,,,,,,,,2025-09-12
"Source:- State civil supplies Dept.Note:- All India Consumption Weighted Average Prices of Oils w.e.f 23-Feb-2022 and Wheat and Atta w.e.f 25-Feb-2023 NR -> Not Reported Unit for Black Pepper (powder),Coriander (powder),Cummin Seed (powder),Red Chillies (powder),Turmeric (powder),Butter (Pasteurised) - Rs/100gm Unit for Eggs - Rs/Dozen Developed by:- National Informatics Centre(NIC)",,,,,,,,,,,,,,,,,,,,,,,,,,,,,,,,,,,,,,,,,,,2025-09-12
Source:- State civil supplies Dept.,Note:- All India Consumption Weighted Average Prices of Oils w.e.f 23-Feb-2022 and Wheat and Atta w.e.f 25-Feb-2023,NR -> Not Reported,,,,,,,,,,,,,,,,,,,,,,,,,,,,,,,,,,,,,,,,,2025-09-12
"Unit for Black Pepper (powder),Coriander (powder),Cummin Seed (powder),Red Chillies (powder),Turmeric (powder),Butter (Pasteurised) - Rs/100gm","Unit for Black Pepper (powder),Coriander (powder),Cummin Seed (powder),Red Chillies (powder),Turmeric (powder),Butter (Pasteurised) - Rs/100gm",,,,,,,,,,,,,,,,,,,,,,,,,,,,,,,,,,,,,,,,,,2025-09-12
,Unit for Eggs - Rs/Dozen,,,,,,,,,,,,,,,,,,,,,,,,,,,,,,,,,,,,,,,,,,2025-09-12
Developed by:- National Informatics Centre(NIC),Developed by:- National Informatics Centre(NIC),,,,,,,,,,,,,,,,,,,,,,,,,,,,,,,,,,,,,,,,,,2025-09-12
,,,,,,,,,,,,,,,,,,,,,,,,,,,,,,,,,,,,,,,,,,,2025-09-12
