State,Centre,Rice,Broken Rice,Wheat,Atta (Wheat),Gram Dal,Tur/Arhar Dal,Urad Dal,Moong Dal,Masoor Dal,Sugar,Milk @,Groundnut Oil (Packed),Mustard Oil (Packed),Vanaspati (Packed),Soya Oil (Packed),Sunflower Oil (Packed),Palm Oil (Packed),Gur,Tea Loose,Salt Pack (Iodised),Potato,Onion,Tomato,Bajra (whole),Jowar (whole),Maida (wheat),Ragi (whole),Suji (whole),Besan,Desi Ghee,Butter (Pasteurised),Eggs,Brinjal,Black Pepper (whole),Coriander (whole),Cummin Seed (whole),Red Chillies (whole),Turmeric (powder),Banana,Ginger,Garlic,Date
Unit,Qty,1 Kg,1 Kg,1 Kg,1 Kg,1 Kg,1 Kg,1 Kg,1 Kg,1 Kg,1 Kg,1 ltr,1 Kg,1 Kg,1 Kg,1 Kg,1 Kg,1 Kg,1 Kg,1 Kg,1 Kg,1 Kg,1 Kg,1 Kg,1 Kg,1 Kg,1 Kg,1 Kg,1 Kg,1 Kg,1 Kg,100 gm,Dozen,1 Kg,100 gm,250 gm,100 gm,100 gm,50 gm,1 Kg,100 gm,100 gm,2025-09-14
Average Price,Average Price,42,,31.77,37.16,85.51,113.56,113.53,109.1,87.62,46.2,58.69,187.35,188.88,154.89,146.88,162.06,132.73,56.12,263.05,21.48,24.35,26.47,39.33,37.42,42.29,40.75,54.07,44.99,95.15,662.65,59.14,76.5,40.73,86.67,35.85,40.52,27.26,15.89,48.12,,,2025-09-14
Maximum Price,Maximum Price,63,,51,69,117,170,170,148,125,60,85,242,242,220,196,253,190,135,520,34,52,60,120,83,85,60,103,95,140,916,75,108,100,120,100,90,68,40,100,,,2025-09-14
Minimum Price,Minimum Price,32,,25,29,71,90,82,83,70,41,40,143,136,103,121,130,97,42,163,10,12,9,13,23,25,31,31,32,59,506,51,49,18,64,21,24,15,10,25,,,2025-09-14
Modal Price,Modal Price,40,,28,35,82,110,110,110,90,45,60,198,192,148,143,165,126,55,240,20,20,25,40,35,40,40,51,40,90,659,60,72,40,88.5,30,40,27.5,15,50,,,2025-09-14
NORTH ZONE,NORTH ZONE,,,,,,,,,,,,,,,,,,,,,,,,,,,,,,,,,,,,,,,,,,2025-09-14
Chandigarh,Chandigarh,42,,34,39,87,118,114,110,89,46,59,211,205,171,164,180,145,56,270,28,25,31,50,38,43,42,54,46,96,732,59,77,40,87,37,43,28,16,50,,,2025-09-14
Delhi,Delhi,39,,32,35,85,118,130,117,88,45,57,205,209,165,157,176,150,60,263,27,28,33,47,31,39,36,50,39,98,555,58,74,50,88,36,34,29,13,40,,,2025-09-14
Haryana,Hisar,40,,29,33,85,124,109,108,85,45,61,209,183,161,149,182,128,51,243,28,23,28,43,27,37,39,62,40,90,626,60,76,50,82,40,39,34,15,65,,,2025-09-14
Haryana,Karnal,NR,,NR,NR,NR,NR,NR,NR,NR,NR,NR,NR,NR,NR,NR,NR,NR,NR,NR,NR,NR,NR,NR,NR,NR,NR,NR,NR,NR,NR,NR,NR,NR,NR,NR,NR,NR,NR,NR,,,2025-09-14
Haryana,Panchkula,NR,,NR,NR,NR,NR,NR,NR,NR,NR,NR,NR,NR,NR,NR,NR,NR,NR,NR,NR,NR,NR,NR,NR,NR,NR,NR,NR,NR,NR,NR,NR,NR,NR,NR,NR,NR,NR,NR,,,2025-09-14
Haryana,Gurgaon,39,,32,34,81,144,122,119,86,45,57,186,201,180,153,191,119,55,300,26,23,25,65,25,28,35,37,45,59,534,60,52,25,90,36,50,30,16,70,,,2025-09-14
Himachal Pradesh,Shimla,40,,NR,32,83,115,128,110,82,49,60,242,220,176,156,NR,NR,52,250,30,30,30,40,38,NR,39,NR,40,108,703,58,72,50,87,40,49,25,17,52,,,2025-09-14
Himachal Pradesh,Mandi,38,,NR,36,84,112,123,109,83,48,50,226,216,174,155,171,NR,52,270,30,30,35,47,37,NR,35,NR,35,100,676,60,71,45,89,45,43,30,16,60,,,2025-09-14
Himachal Pradesh,Dharamshala,32,,NR,29,84,128,124,119,89,47,40,NR,219,175,170,NR,NR,51,230,28,20,30,40,32,NR,34,55,40,93,590,59,70,40,97,49,42,34,15,60,,,2025-09-14
Himachal Pradesh,Solan,37,,NR,33,83,112,119,107,84,47,57,203,211,170,150,181,NR,52,240,30,28,30,37,32,35,37,NR,37,102,630,60,80,53,87,40,37,33,19,50,,,2025-09-14
Himachal Pradesh,Una,40,,NR,29,84,105,111,107,91,46,69,NR,180,172,132,NR,NR,54,229,29,21,31,36,34,NR,34,NR,34,88,676,59,83,44,89,44,35,31,14,54,,,2025-09-14
Himachal Pradesh,Bilaspur-hp,35,,NR,34,85,109,124,111,85,48,64,NR,187,166,136,NR,NR,47,235,29,30,32,40,30,NR,37,58,35,84,699,60,84,60,84,32,28,28,12,49,,,2025-09-14
Himachal Pradesh,Chamba,35,,NR,35,84,121,120,115,84,50,55,NR,187,166,157,NR,NR,55,235,29,27,37,46,42,57,38,68,37,89,652,58,84,50,84,43,38,39,19,56,,,2025-09-14
Himachal Pradesh,Hamirpur-HP,40,,NR,32,82,109,116,105,82,48,67,NR,212,164,146,NR,NR,52,265,30,29,28,38,37,45,36,NR,35,83,573,60,75,50,87,40,37,30,14,50,,,2025-09-14
Himachal Pradesh,Kullu,40,,NR,36,86,113,114,112,86,48,40,NR,218,167,132,NR,NR,48,260,30,28,40,40,NR,NR,35,NR,35,103,711,60,80,67,90,35,34,25,15,60,,,2025-09-14
Himachal Pradesh,Sirmour,NR,,NR,NR,NR,NR,NR,NR,NR,NR,NR,NR,NR,NR,NR,NR,NR,NR,NR,NR,NR,NR,NR,NR,NR,NR,NR,NR,NR,NR,NR,NR,NR,NR,NR,NR,NR,NR,NR,,,2025-09-14
Himachal Pradesh,Kinnaur,38,,NR,35,79,115,110,103,80,49,50,NR,208,172,148,NR,NR,50,290,29,30,40,63,NR,NR,40,NR,42,87,572,58,100,60,81,47,38,37,14,57,,,2025-09-14
Himachal Pradesh,Lahaul & Spiti,45,,NR,44,98,123,125,123,97,52,52,NR,198,175,NR,NR,NR,52,480,28,40,47,55,NR,NR,34,NR,36,79,600,55,73,55,82,26,32,26,15,68,,,2025-09-14
Jammu and Kashmir,Srinagar,NR,,NR,NR,NR,NR,NR,NR,NR,NR,NR,NR,NR,NR,NR,NR,NR,NR,NR,NR,NR,NR,NR,NR,NR,NR,NR,NR,NR,NR,NR,NR,NR,NR,NR,NR,NR,NR,NR,,,2025-09-14
Jammu and Kashmir,Jammu,NR,,NR,NR,NR,NR,NR,NR,NR,NR,NR,NR,NR,NR,NR,NR,NR,NR,NR,NR,NR,NR,NR,NR,NR,NR,NR,NR,NR,NR,NR,NR,NR,NR,NR,NR,NR,NR,NR,,,2025-09-14
Jammu and Kashmir,Poonch,NR,,NR,NR,NR,NR,NR,NR,NR,NR,NR,NR,NR,NR,NR,NR,NR,NR,NR,NR,NR,NR,NR,NR,NR,NR,NR,NR,NR,NR,NR,NR,NR,NR,NR,NR,NR,NR,NR,,,2025-09-14
Jammu and Kashmir,Kupwara,NR,,NR,NR,NR,NR,NR,NR,NR,NR,NR,NR,NR,NR,NR,NR,NR,NR,NR,NR,NR,NR,NR,NR,NR,NR,NR,NR,NR,NR,NR,NR,NR,NR,NR,NR,NR,NR,NR,,,2025-09-14
Jammu and Kashmir,Udhampur,NR,,NR,NR,NR,NR,NR,NR,NR,NR,NR,NR,NR,NR,NR,NR,NR,NR,NR,NR,NR,NR,NR,NR,NR,NR,NR,NR,NR,NR,NR,NR,NR,NR,NR,NR,NR,NR,NR,,,2025-09-14
Jammu and Kashmir,Shopian,NR,,NR,NR,NR,NR,NR,NR,NR,NR,NR,NR,NR,NR,NR,NR,NR,NR,NR,NR,NR,NR,NR,NR,NR,NR,NR,NR,NR,NR,NR,NR,NR,NR,NR,NR,NR,NR,NR,,,2025-09-14
Jammu and Kashmir,Samba,NR,,NR,NR,NR,NR,NR,NR,NR,NR,NR,NR,NR,NR,NR,NR,NR,NR,NR,NR,NR,NR,NR,NR,NR,NR,NR,NR,NR,NR,NR,NR,NR,NR,NR,NR,NR,NR,NR,,,2025-09-14
Jammu and Kashmir,Ramban,NR,,NR,NR,NR,NR,NR,NR,NR,NR,NR,NR,NR,NR,NR,NR,NR,NR,NR,NR,NR,NR,NR,NR,NR,NR,NR,NR,NR,NR,NR,NR,NR,NR,NR,NR,NR,NR,NR,,,2025-09-14
Jammu and Kashmir,Rajouri,NR,,NR,NR,NR,NR,NR,NR,NR,NR,NR,NR,NR,NR,NR,NR,NR,NR,NR,NR,NR,NR,NR,NR,NR,NR,NR,NR,NR,NR,NR,NR,NR,NR,NR,NR,NR,NR,NR,,,2025-09-14
Jammu and Kashmir,Kishtwar,NR,,NR,NR,NR,NR,NR,NR,NR,NR,NR,NR,NR,NR,NR,NR,NR,NR,NR,NR,NR,NR,NR,NR,NR,NR,NR,NR,NR,NR,NR,NR,NR,NR,NR,NR,NR,NR,NR,,,2025-09-14
Jammu and Kashmir,Doda,NR,,NR,NR,NR,NR,NR,NR,NR,NR,NR,NR,NR,NR,NR,NR,NR,NR,NR,NR,NR,NR,NR,NR,NR,NR,NR,NR,NR,NR,NR,NR,NR,NR,NR,NR,NR,NR,NR,,,2025-09-14
Jammu and Kashmir,Baramulla,NR,,NR,NR,NR,NR,NR,NR,NR,NR,NR,NR,NR,NR,NR,NR,NR,NR,NR,NR,NR,NR,NR,NR,NR,NR,NR,NR,NR,NR,NR,NR,NR,NR,NR,NR,NR,NR,NR,,,2025-09-14
Jammu and Kashmir,Reasi,NR,,NR,NR,NR,NR,NR,NR,NR,NR,NR,NR,NR,NR,NR,NR,NR,NR,NR,NR,NR,NR,NR,NR,NR,NR,NR,NR,NR,NR,NR,NR,NR,NR,NR,NR,NR,NR,NR,,,2025-09-14
Jammu and Kashmir,Kathua,NR,,NR,NR,NR,NR,NR,NR,NR,NR,NR,NR,NR,NR,NR,NR,NR,NR,NR,NR,NR,NR,NR,NR,NR,NR,NR,NR,NR,NR,NR,NR,NR,NR,NR,NR,NR,NR,NR,,,2025-09-14
Punjab,Amritsar,40,,28,32,88,120,132,115,92,45,55,220,196,165,154,183,NR,57,275,29,20,26,35,37,40,40,58,39,93,648,61,75,55,95,35,33,29,13,50,,,2025-09-14
Punjab,Ludhiana,37,,27,36,83,132,127,117,100,46,62,207,200,161,156,183,NR,58,280,27,19,30,40,37,48,39,62,42,97,560,57,64,57,88,37,42,23,20,47,,,2025-09-14
Punjab,Bathinda,40,,28,32,88,118,132,115,92,45,57,220,200,165,154,187,132,57,267,29,20,27,35,35,38,40,57,40,95,646,60,75,57,92,40,33,28,13,43,,,2025-09-14
Punjab,Barnala,40,,26,32,90,112,118,108,97,47,65,214,191,154,126,167,124,50,293,30,24,30,36,33,40,40,NR,41,92,688,60,69,60,93,37,36,28,15,50,,,2025-09-14
Punjab,Hoshiarpur,36,,28,35,81,111,110,112,112,52,70,220,194,179,134,137,131,57,283,25,19,28,35,43,29,45,63,44,99,626,56,69,53,99,49,45,34,15,64,,,2025-09-14
Punjab,Faridkot,NR,,NR,NR,NR,NR,NR,NR,NR,NR,NR,NR,NR,NR,NR,NR,NR,NR,NR,NR,NR,NR,NR,NR,NR,NR,NR,NR,NR,NR,NR,NR,NR,NR,NR,NR,NR,NR,NR,,,2025-09-14
Punjab,Mansa,40,,27,33,90,122,128,117,92,46,65,NR,185,172,152,176,135,60,278,29,25,28,37,35,41,39,62,38,93,637,60,68,55,90,40,38,28,16,53,,,2025-09-14
Punjab,Sri Muktsar Sahib,40,,28,32,82,122,125,113,93,44,63,211,176,161,128,174,128,55,280,28,22,26,40,31,52,39,68,40,90,615,60,71,47,88,34,34,25,13,42,,,2025-09-14
Punjab,Dera Bassi,NR,,NR,NR,NR,NR,NR,NR,NR,NR,NR,NR,NR,NR,NR,NR,NR,NR,NR,NR,NR,NR,NR,NR,NR,NR,NR,NR,NR,NR,NR,NR,NR,NR,NR,NR,NR,NR,NR,,,2025-09-14
Punjab,Sangrur,40,,27,31,83,130,130,110,89,45,60,222,196,160,152,165,142,48,263,28,17,25,35,35,45,40,67,40,88,611,58,70,50,93,40,46,32,15,50,,,2025-09-14
Punjab,Ropar,NR,,NR,NR,NR,NR,NR,NR,NR,NR,NR,NR,NR,NR,NR,NR,NR,NR,NR,NR,NR,NR,NR,NR,NR,NR,NR,NR,NR,NR,NR,NR,NR,NR,NR,NR,NR,NR,NR,,,2025-09-14
Punjab,Amargarh,40,,27,32,85,130,130,110,90,45,60,225,192,160,154,159,143,49,250,28,15,26,40,36,45,40,NR,40,85,604,60,66,50,95,40,49,27,15,45,,,2025-09-14
Punjab,Fatehgarh Sahib,NR,,NR,NR,NR,NR,NR,NR,NR,NR,NR,NR,NR,NR,NR,NR,NR,NR,NR,NR,NR,NR,NR,NR,NR,NR,NR,NR,NR,NR,NR,NR,NR,NR,NR,NR,NR,NR,NR,,,2025-09-14
Punjab,Ferozepur,42,,29,33,89,118,115,111,90,46,62,222,181,164,132,192,135,59,275,30,21,27,32,31,41,40,60,40,99,619,60,81,50,85,45,34,24,12,50,,,2025-09-14
Punjab,Kapurthala,41,,31,35,85,117,118,111,94,46,62,220,190,172,155,184,153,61,273,28,16,30,30,43,55,39,63,38,96,637,62,73,62,92,34,37,34,14,49,,,2025-09-14
Uttar Pradesh,Lucknow,39,,29,35,80,105,100,99,80,45,60,203,176,146,143,155,143,55,250,20,20,25,40,35,38,38,53,38,92,615,59,76,40,88,35,40,27,15,37,,,2025-09-14
Uttar Pradesh,Kanpur,35,,28,32,80,120,110,90,80,42,60,198,187,132,121,132,115,56,234,26,20,25,66,35,40,41,NR,34,81,580,55,72,36,100,24,40,35,19,50,,,2025-09-14
Uttar Pradesh,Varanasi,42,,28,37,87,108,122,106,84,46,65,212,187,159,169,179,149,64,257,21,22,21,45,42,61,38,NR,44,104,718,61,74,38,78,37,49,28,17,58,,,2025-09-14
Uttar Pradesh,Agra,42,,30,33,79,114,82,85,76,45,67,199,200,169,153,186,155,54,251,26,23,26,45,27,37,38,NR,41,98,713,62,84,40,91,40,31,26,16,30,,,2025-09-14
Uttar Pradesh,Jhansi,48,,29,34,82,113,117,110,80,48,60,198,179,165,126,185,126,58,233,14,23,28,40,30,35,38,60,43,90,637,60,82,50,90,33,35,22,15,30,,,2025-09-14
Uttar Pradesh,Meerut,37,,29,38,83,127,124,83,82,48,61,160,158,147,145,156,151,50,255,19,19,27,38,42,40,38,65,40,90,639,59,77,22,74,34,33,28,16,50,,,2025-09-14
Uttar Pradesh,Allahabad,NR,,NR,NR,NR,NR,NR,NR,NR,NR,NR,NR,NR,NR,NR,NR,NR,NR,NR,NR,NR,NR,NR,NR,NR,NR,NR,NR,NR,NR,NR,NR,NR,NR,NR,NR,NR,NR,NR,,,2025-09-14
Uttar Pradesh,Gorakhpur,37,,25,33,82,113,116,111,78,43,55,190,177,144,152,143,126,52,225,22,22,23,40,35,33,34,49,34,92,586,58,73,31,79,31,38,24,16,46,,,2025-09-14
Uttar Pradesh,Saharanpur,38,,30,32,84,113,109,109,89,43,59,NR,157,142,138,141,114,51,243,21,21,23,41,31,NR,36,NR,36,90,579,57,72,38,81,33,36,28,15,59,,,2025-09-14
Uttar Pradesh,Bareilly,37,,26,33,90,117,122,112,102,46,70,199,184,161,148,170,123,50,343,25,19,19,32,26,38,36,51,36,89,725,60,81,31,82,41,38,33,15,53,,,2025-09-14
Uttar Pradesh,Ayodhya,40,,28,30,88,120,115,118,90,50,55,181,163,163,163,163,137,55,240,24,25,30,45,38,38,41,55,45,90,681,60,72,30,85,38,35,32,16,50,,,2025-09-14
Uttar Pradesh,Moradabad,NR,,NR,NR,NR,NR,NR,NR,NR,NR,NR,NR,NR,NR,NR,NR,NR,NR,NR,NR,NR,NR,NR,NR,NR,NR,NR,NR,NR,NR,NR,NR,NR,NR,NR,NR,NR,NR,NR,,,2025-09-14
Uttar Pradesh,Aligarh,39,,29,33,84,115,111,106,84,43,56,183,184,152,142,156,128,52,247,20,23,25,39,36,39,38,48,42,91,613,54,74,34,85,34,39,25,15,47,,,2025-09-14
Uttar Pradesh,Mirzapur (Vindhyanchal),35,,26,32,80,101,111,100,80,45,45,180,162,141,126,145,111,52,221,22,19,21,41,29,40,35,52,39,91,652,62,73,53,85,31,37,26,15,45,,,2025-09-14
Uttar Pradesh,Banda,36,,28,37,81,111,107,95,79,46,59,217,160,153,127,164,115,57,163,16,18,19,32,31,45,35,68,39,91,560,60,71,27,82,25,33,25,19,48,,,2025-09-14
Uttar Pradesh,Azamgarh,NR,,NR,NR,NR,NR,NR,NR,NR,NR,NR,NR,NR,NR,NR,NR,NR,NR,NR,NR,NR,NR,NR,NR,NR,NR,NR,NR,NR,NR,NR,NR,NR,NR,NR,NR,NR,NR,NR,,,2025-09-14
Uttar Pradesh,Gonda (Devipatan),35,,26,32,90,112,128,113,92,44,57,200,194,135,156,168,134,50,258,20,20,25,37,37,35,34,62,42,98,626,57,72,40,80,33,40,27,19,47,,,2025-09-14
Uttar Pradesh,Amethi,34,,27,34,90,110,118,118,90,45,60,199,189,161,148,178,110,55,238,22,18,20,40,40,36,41,42,45,105,676,61,81,38,83,36,51,28,18,53,,,2025-09-14
Uttar Pradesh,Barabanki,40,,29,35,85,108,118,117,85,45,60,200,185,174,167,175,130,55,225,22,22,22,45,36,42,37,45,36,98,563,58,80,38,85,31,42,30,15,46,,,2025-09-14
Uttar Pradesh,Bhadohi,NR,,NR,NR,NR,NR,NR,NR,NR,NR,NR,NR,NR,NR,NR,NR,NR,NR,NR,NR,NR,NR,NR,NR,NR,NR,NR,NR,NR,NR,NR,NR,NR,NR,NR,NR,NR,NR,NR,,,2025-09-14
Uttar Pradesh,Chandauli,33,,27,33,79,101,117,108,76,45,55,205,187,171,132,161,111,53,247,19,16,22,36,37,56,36,65,37,86,634,56,80,30,84,32,39,27,16,40,,,2025-09-14
Uttar Pradesh,Farrukhabad,43,,27,31,85,95,105,105,90,45,62,220,192,154,154,187,126,51,217,18,14,18,45,28,NR,36,NR,39,95,630,60,80,38,80,30,30,29,16,42,,,2025-09-14
Uttar Pradesh,Ghazipur,42,,28,36,84,108,111,107,87,46,60,186,173,155,142,175,128,54,279,21,17,21,34,35,35,41,54,45,95,647,61,74,34,89,45,39,25,17,38,,,2025-09-14
Uttar Pradesh,Jaunpur,41,,28,34,83,99,126,111,83,45,59,212,190,168,148,153,124,55,259,22,19,22,44,32,38,35,55,34,88,603,54,78,30,84,34,35,29,17,55,,,2025-09-14
Uttar Pradesh,UP-Pratapgarh,39,,28,32,79,99,117,113,79,45,49,188,181,149,148,146,118,57,255,20,16,22,39,33,29,37,39,37,94,547,58,74,29,85,33,38,28,17,39,,,2025-09-14
Uttar Pradesh,Sambhal,37,,27,31,85,115,108,95,87,43,57,190,165,140,133,139,129,52,250,18,20,20,40,34,NR,35,NR,34,93,634,57,72,37,75,28,42,29,16,38,,,2025-09-14
Uttar Pradesh,Santkabir Nagar,44,,25,35,82,102,122,107,79,45,67,203,189,145,141,170,111,49,265,28,23,23,37,29,30,34,78,43,98,734,61,96,40,100,30,52,29,20,48,,,2025-09-14
Uttar Pradesh,Shahjahanpur,32,,27,34,74,110,102,107,90,44,57,184,172,150,136,162,132,43,222,20,14,18,40,26,32,35,52,37,88,544,55,92,30,86,29,30,19,13,41,,,2025-09-14
Uttar Pradesh,Sitapur,37,,30,35,81,123,112,110,83,44,59,192,174,148,145,146,136,53,228,17,20,25,41,29,32,36,49,40,92,600,59,72,38,80,34,40,28,15,48,,,2025-09-14
Uttar Pradesh,Sultanpur,43,,30,35,84,114,112,108,86,44,56,186,185,151,145,160,130,54,268,20,24,26,46,36,41,38,52,43,94,656,57,75,38,85,35,39,27,15,49,,,2025-09-14
Uttar Pradesh,Unnao,40,,28,31,87,118,117,113,87,45,57,207,187,157,146,156,124,57,253,20,18,27,40,35,40,38,50,39,92,586,58,71,42,85,34,41,26,15,43,,,2025-09-14
Uttar Pradesh,Ambedkar Nagar,41,,29,36,80,100,125,132,90,45,60,220,192,159,161,160,132,61,195,28,20,24,54,40,41,41,79,42,85,709,60,70,30,80,36,41,30,20,69,,,2025-09-14
Uttar Pradesh,Amroha,NR,,NR,NR,NR,NR,NR,NR,NR,NR,NR,NR,NR,NR,NR,NR,NR,NR,NR,NR,NR,NR,NR,NR,NR,NR,NR,NR,NR,NR,NR,NR,NR,NR,NR,NR,NR,NR,NR,,,2025-09-14
Uttar Pradesh,Baghpat,45,,NR,32,82,127,120,110,90,44,70,189,183,161,153,149,124,53,210,28,22,28,40,34,50,35,67,40,92,599,60,79,32,80,33,35,24,12,39,,,2025-09-14
Uttar Pradesh,Bijnor,NR,,NR,NR,NR,NR,NR,NR,NR,NR,NR,NR,NR,NR,NR,NR,NR,NR,NR,NR,NR,NR,NR,NR,NR,NR,NR,NR,NR,NR,NR,NR,NR,NR,NR,NR,NR,NR,NR,,,2025-09-14
Uttar Pradesh,Budaun,38,,26,30,85,114,103,100,91,44,61,199,163,169,150,170,130,48,280,21,19,20,41,25,47,36,67,37,94,609,59,71,30,90,30,38,25,11,44,,,2025-09-14
Uttar Pradesh,Etah,45,,29,35,80,130,110,110,90,45,58,207,178,152,156,165,113,53,270,22,15,28,40,23,NR,35,NR,38,92,677,60,72,30,97,32,40,35,18,40,,,2025-09-14
Uttar Pradesh,Fatehpur,43,,27,34,88,110,113,103,88,45,58,185,172,136,130,143,111,53,225,21,16,22,48,23,32,35,40,34,95,606,61,79,32,85,36,43,24,17,37,,,2025-09-14
Uttar Pradesh,Ghaziabad,41,,30,33,81,117,112,106,86,46,57,189,181,161,156,165,134,51,232,20,21,22,38,33,39,39,52,42,93,633,58,68,38,84,37,38,28,16,39,,,2025-09-14
Uttar Pradesh,Hardoi,43,,26,35,80,109,106,104,87,46,55,203,184,156,147,161,131,55,241,19,20,25,39,30,32,37,54,39,89,607,57,75,36,87,35,42,27,14,47,,,2025-09-14
Uttar Pradesh,Jalaun,45,,30,31,82,107,98,98,90,45,57,169,169,133,130,144,108,55,223,20,17,20,40,35,39,35,NR,39,97,578,60,75,30,90,29,40,25,17,40,,,2025-09-14
Uttar Pradesh,Kaushambi,40,,27,38,86,111,118,109,86,45,59,195,177,155,154,161,124,55,232,21,20,22,42,27,37,38,57,38,88,595,58,66,39,87,40,39,27,15,27,,,2025-09-14
Uttar Pradesh,Kushinagar,37,,28,37,83,110,115,116,80,46,68,182,184,145,161,137,135,53,204,26,18,25,45,43,43,37,52,40,97,647,61,61,35,88,27,41,30,16,44,,,2025-09-14
Uttar Pradesh,Lakhimpur Kheri,41,,29,33,82,117,103,107,80,45,57,187,166,130,137,143,106,56,226,17,20,25,43,28,33,35,NR,NR,89,652,58,79,38,78,34,43,32,17,48,,,2025-09-14
Uttar Pradesh,Pilibhit,37,,27,31,87,115,115,115,97,45,58,192,176,154,151,165,131,49,260,20,20,25,38,38,48,36,60,39,95,655,59,82,38,87,36,40,28,15,45,,,2025-09-14
Uttar Pradesh,Sharwasti,39,,27,39,80,102,115,117,85,45,55,183,192,143,159,NR,121,57,218,24,17,23,28,NR,NR,39,NR,40,98,569,59,78,28,85,25,30,20,15,33,,,2025-09-14
Uttar Pradesh,Siddharth Nagar,NR,,NR,NR,NR,NR,NR,NR,NR,NR,NR,NR,NR,NR,NR,NR,NR,NR,NR,NR,NR,NR,NR,NR,NR,NR,NR,NR,NR,NR,NR,NR,NR,NR,NR,NR,NR,NR,NR,,,2025-09-14
Uttar Pradesh,Sonbhadra,34,,27,32,80,96,100,105,80,45,45,176,163,145,126,157,110,52,210,22,18,25,32,28,40,34,50,38,88,608,62,70,34,82,30,30,25,15,45,,,2025-09-14
Uttar Pradesh,Rampur,52,,28,31,82,111,114,99,82,45,63,186,188,148,154,155,127,51,241,27,22,24,38,31,35,34,NR,35,97,618,63,71,36,86,31,36,30,16,49,,,2025-09-14
Uttar Pradesh,Bahraich,35,,25,30,90,121,120,114,90,42,45,176,191,130,137,142,125,44,250,25,20,28,42,36,34,33,65,32,106,615,56,80,22,72,27,36,23,19,53,,,2025-09-14
Uttar Pradesh,Basti,NR,,NR,NR,NR,NR,NR,NR,NR,NR,NR,NR,NR,NR,NR,NR,NR,NR,NR,NR,NR,NR,NR,NR,NR,NR,NR,NR,NR,NR,NR,NR,NR,NR,NR,NR,NR,NR,NR,,,2025-09-14
Uttar Pradesh,Etawah,40,,27,32,85,113,110,105,85,46,55,200,187,146,140,151,130,55,260,20,25,25,41,27,NR,40,60,42,94,622,62,88,37,85,39,40,30,16,50,,,2025-09-14
Uttar Pradesh,Muzzafarnagar,39,,28,32,81,117,112,108,87,45,57,180,169,148,143,155,129,52,239,19,18,28,40,33,43,35,NR,35,87,506,55,59,31,75,32,40,23,13,51,,,2025-09-14
Uttar Pradesh,Chitrakoot,45,,28,35,86,109,94,92,85,46,50,179,198,165,159,183,134,55,225,15,25,30,42,31,30,35,59,45,90,604,60,78,40,80,31,45,25,15,50,,,2025-09-14
Uttar Pradesh,Hamirpur-UP,40,,28,32,80,106,119,100,80,46,60,207,185,143,143,152,129,55,221,19,25,25,40,NR,NR,37,NR,37,90,637,55,84,35,85,39,45,28,16,48,,,2025-09-14
Uttar Pradesh,Deoria,35,,27,30,82,109,109,95,90,45,59,225,185,153,134,212,126,51,218,19,19,24,38,37,42,37,51,35,90,595,59,63,40,74,29,41,27,19,38,,,2025-09-14
Uttar Pradesh,Hapur,36,,29,36,76,117,108,102,97,47,62,189,185,158,157,169,146,53,216,23,19,20,37,40,38,37,47,37,97,674,62,72,30,96,45,50,30,11,52,,,2025-09-14
Uttar Pradesh,Bulandshahr,41,,29,34,81,118,118,117,87,44,61,NR,165,158,160,155,159,43,240,19,20,25,30,29,39,35,55,35,93,542,53,72,26,94,30,42,29,15,30,,,2025-09-14
Uttar Pradesh,Kanpur Dehat,39,,26,31,82,105,108,93,83,44,55,190,200,126,139,135,107,49,197,17,21,22,38,32,38,35,50,35,85,601,58,76,27,82,27,33,24,15,45,,,2025-09-14
Uttar Pradesh,Hathras,40,,30,34,84,114,111,106,85,44,57,186,183,152,143,156,129,54,253,20,22,25,40,26,NR,35,NR,40,99,626,55,75,40,87,37,37,29,12,40,,,2025-09-14
Uttar Pradesh,Raebareli,41,,29,36,84,111,111,109,85,45,58,186,177,156,146,160,131,55,228,20,20,24,31,36,41,39,53,41,91,647,57,75,25,81,31,42,26,15,46,,,2025-09-14
Uttar Pradesh,Lalitpur,36,,28,29,80,110,105,95,80,45,56,183,167,142,132,194,118,48,255,20,14,16,30,33,38,32,59,34,92,578,57,72,28,84,31,43,24,18,29,,,2025-09-14
Uttar Pradesh,Mohaba,35,,26,30,82,99,107,100,82,46,57,164,171,154,155,180,126,52,180,25,20,15,40,32,33,35,39,35,94,604,54,69,28,81,33,44,28,15,48,,,2025-09-14
Uttar Pradesh,Gautam Budh Nagar,38,,30,35,77,118,109,102,82,46,58,189,174,137,132,167,120,50,232,15,18,20,28,30,41,36,55,39,89,617,55,72,28,88,35,38,28,14,40,,,2025-09-14
Uttar Pradesh,Auraiya,41,,28,37,78,116,121,102,77,46,52,183,170,140,139,141,136,53,235,20,23,28,37,28,27,44,54,44,103,624,51,76,36,84,37,37,28,15,49,,,2025-09-14
Uttar Pradesh,Maharajganj,35,,28,33,81,117,117,109,80,44,57,189,178,132,142,155,126,47,213,22,17,23,40,36,44,34,51,36,91,593,58,72,37,82,34,41,30,15,48,,,2025-09-14
Uttar Pradesh,Balrampur,35,,27,35,79,102,115,113,82,45,53,165,181,145,139,167,121,57,222,15,20,25,38,36,47,35,NR,38,95,619,59,71,35,87,32,42,29,15,29,,,2025-09-14
Uttar Pradesh,Kannauj,40,,28,33,83,119,113,107,86,45,61,188,177,148,143,155,126,53,238,21,20,21,33,31,39,38,NR,38,93,613,55,72,22,84,30,45,28,17,43,,,2025-09-14
Uttar Pradesh,Mathura,38,,30,33,90,119,123,115,90,44,63,205,174,138,135,145,121,58,263,27,20,31,45,34,43,40,47,40,98,601,55,76,38,87,48,34,31,15,40,,,2025-09-14
Uttar Pradesh,Firozabad,40,,27,29,78,105,112,110,89,45,66,NR,202,155,158,NR,135,46,232,18,19,20,32,23,25,34,41,34,90,702,55,72,40,81,31,30,23,15,30,,,2025-09-14
Uttar Pradesh,Kasganj,44,,30,36,86,122,117,112,87,46,59,203,190,166,159,176,146,55,263,21,21,30,47,23,NR,36,NR,38,98,542,54,73,37,85,38,47,28,13,42,,,2025-09-14
Uttar Pradesh,Mainpuri,NR,,NR,NR,NR,NR,NR,NR,NR,NR,NR,NR,NR,NR,NR,NR,NR,NR,NR,NR,NR,NR,NR,NR,NR,NR,NR,NR,NR,NR,NR,NR,NR,NR,NR,NR,NR,NR,NR,,,2025-09-14
Uttar Pradesh,Shamli,38,,29,32,80,115,112,108,85,44,50,187,174,150,141,150,126,50,230,15,20,25,35,28,40,35,50,35,85,533,60,78,35,82,35,35,25,13,48,,,2025-09-14
Uttar Pradesh,Ballia,40,,29,35,85,110,115,111,89,45,58,196,175,146,146,146,126,55,232,21,21,25,41,31,36,38,52,39,94,635,54,73,35,85,33,42,27,17,49,,,2025-09-14
Uttar Pradesh,Mau,40,,27,34,83,113,114,108,85,46,56,191,167,145,143,148,119,60,232,22,22,22,36,NR,NR,35,NR,37,92,659,55,74,29,81,31,40,29,15,37,,,2025-09-14
Uttarakhand,Dehradun,NR,,NR,NR,NR,NR,NR,NR,NR,NR,NR,NR,NR,NR,NR,NR,NR,NR,NR,NR,NR,NR,NR,NR,NR,NR,NR,NR,NR,NR,NR,NR,NR,NR,NR,NR,NR,NR,NR,,,2025-09-14
Uttarakhand,Haldwani,NR,,NR,NR,NR,NR,NR,NR,NR,NR,NR,NR,NR,NR,NR,NR,NR,NR,NR,NR,NR,NR,NR,NR,NR,NR,NR,NR,NR,NR,NR,NR,NR,NR,NR,NR,NR,NR,NR,,,2025-09-14
Uttarakhand,Rudrapur,NR,,NR,NR,NR,NR,NR,NR,NR,NR,NR,NR,NR,NR,NR,NR,NR,NR,NR,NR,NR,NR,NR,NR,NR,NR,NR,NR,NR,NR,NR,NR,NR,NR,NR,NR,NR,NR,NR,,,2025-09-14
Uttarakhand,Haridwar,NR,,NR,NR,NR,NR,NR,NR,NR,NR,NR,NR,NR,NR,NR,NR,NR,NR,NR,NR,NR,NR,NR,NR,NR,NR,NR,NR,NR,NR,NR,NR,NR,NR,NR,NR,NR,NR,NR,,,2025-09-14
WEST ZONE,WEST ZONE,,,,,,,,,,,,,,,,,,,,,,,,,,,,,,,,,,,,,,,,,,2025-09-14
Chhattisgarh,Raipur,33,,31,42,88,113,110,109,99,46,57,195,165,139,138,148,114,51,253,25,24,25,25,31,26,40,45,42,84,724,56,80,35,91,37,31,25,11,32,,,2025-09-14
Chhattisgarh,Durg,36,,41,38,84,100,95,101,83,NR,NR,NR,NR,NR,NR,NR,NR,NR,NR,NR,NR,NR,NR,NR,NR,NR,NR,NR,NR,NR,NR,NR,NR,NR,NR,NR,NR,NR,NR,,,2025-09-14
Chhattisgarh,Ambikapur,NR,,NR,NR,NR,NR,NR,NR,NR,NR,NR,NR,NR,NR,NR,NR,NR,NR,NR,NR,NR,NR,NR,NR,NR,NR,NR,NR,NR,NR,NR,NR,NR,NR,NR,NR,NR,NR,NR,,,2025-09-14
Chhattisgarh,Bilaspur-CG,NR,,NR,NR,NR,NR,NR,NR,NR,NR,NR,NR,NR,NR,NR,NR,NR,NR,NR,NR,NR,NR,NR,NR,NR,NR,NR,NR,NR,NR,NR,NR,NR,NR,NR,NR,NR,NR,NR,,,2025-09-14
Chhattisgarh,Jagdalpur,41,,36,36,79,136,123,110,96,47,48,204,NR,169,144,149,NR,47,193,19,32,36,48,43,41,40,42,43,79,879,53,81,29,81,25,47,39,18,52,,,2025-09-14
Chhattisgarh,Dantewada,38,,39,41,97,130,112,105,85,44,61,NR,187,152,144,155,133,57,248,21,29,31,42,41,NR,40,NR,46,103,653,58,68,41,97,50,49,22,18,61,,,2025-09-14
Chhattisgarh,Dhamtari,NR,,NR,NR,NR,NR,NR,NR,NR,NR,NR,NR,NR,NR,NR,NR,NR,NR,NR,NR,NR,NR,NR,NR,NR,NR,NR,NR,NR,NR,NR,NR,NR,NR,NR,NR,NR,NR,NR,,,2025-09-14
Chhattisgarh,Rajnandgaon,NR,,NR,NR,NR,NR,NR,NR,NR,NR,NR,NR,NR,NR,NR,NR,NR,NR,NR,NR,NR,NR,NR,NR,NR,NR,NR,NR,NR,NR,NR,NR,NR,NR,NR,NR,NR,NR,NR,,,2025-09-14
Chhattisgarh,Koriya,39,,35,39,85,127,102,112,83,42,75,206,162,154,148,168,190,47,195,25,30,28,37,35,34,45,33,60,81,690,58,83,40,77,28,39,29,17,43,,,2025-09-14
DNH and DD,Silvasa,NR,,NR,NR,NR,NR,NR,NR,NR,NR,NR,NR,NR,NR,NR,NR,NR,NR,NR,NR,NR,NR,NR,NR,NR,NR,NR,NR,NR,NR,NR,NR,NR,NR,NR,NR,NR,NR,NR,,,2025-09-14
DNH and DD,Daman,NR,,NR,NR,NR,NR,NR,NR,NR,NR,NR,NR,NR,NR,NR,NR,NR,NR,NR,NR,NR,NR,NR,NR,NR,NR,NR,NR,NR,NR,NR,NR,NR,NR,NR,NR,NR,NR,NR,,,2025-09-14
DNH and DD,Diu,50,,41,55,94,135,140,122,100,46,64,198,240,194,186,196,143,62,400,30,25,25,35,39,58,60,85,69,112,703,62,83,43,107,46,35,40,21,52,,,2025-09-14
Goa,Panaji,NR,,NR,NR,NR,NR,NR,NR,NR,NR,NR,NR,NR,NR,NR,NR,NR,NR,NR,NR,NR,NR,NR,NR,NR,NR,NR,NR,NR,NR,NR,NR,NR,NR,NR,NR,NR,NR,NR,,,2025-09-14
Goa,Margao,NR,,NR,NR,NR,NR,NR,NR,NR,NR,NR,NR,NR,NR,NR,NR,NR,NR,NR,NR,NR,NR,NR,NR,NR,NR,NR,NR,NR,NR,NR,NR,NR,NR,NR,NR,NR,NR,NR,,,2025-09-14
Gujarat,Ahmedabad,NR,,NR,NR,NR,NR,NR,NR,NR,NR,NR,NR,NR,NR,NR,NR,NR,NR,NR,NR,NR,NR,NR,NR,NR,NR,NR,NR,NR,NR,NR,NR,NR,NR,NR,NR,NR,NR,NR,,,2025-09-14
Gujarat,Rajkot,NR,,NR,NR,NR,NR,NR,NR,NR,NR,NR,NR,NR,NR,NR,NR,NR,NR,NR,NR,NR,NR,NR,NR,NR,NR,NR,NR,NR,NR,NR,NR,NR,NR,NR,NR,NR,NR,NR,,,2025-09-14
Gujarat,Surat,NR,,NR,NR,NR,NR,NR,NR,NR,NR,NR,NR,NR,NR,NR,NR,NR,NR,NR,NR,NR,NR,NR,NR,NR,NR,NR,NR,NR,NR,NR,NR,NR,NR,NR,NR,NR,NR,NR,,,2025-09-14
Gujarat,Bhuj,NR,,NR,NR,NR,NR,NR,NR,NR,NR,NR,NR,NR,NR,NR,NR,NR,NR,NR,NR,NR,NR,NR,NR,NR,NR,NR,NR,NR,NR,NR,NR,NR,NR,NR,NR,NR,NR,NR,,,2025-09-14
Gujarat,Selamba,35,,34,36,90,110,113,100,90,44,64,166,177,138,143,156,138,55,210,19,24,27,40,36,37,38,67,42,92,632,53,69,38,77,31,33,32,17,45,,,2025-09-14
Gujarat,Waghai,35,,34,37,93,118,117,101,93,45,67,165,178,136,144,158,136,55,209,20,29,27,41,35,36,40,60,44,96,631,55,70,36,75,30,34,24,17,40,,,2025-09-14
Gujarat,Bodeli,34,,34,36,93,112,113,98,92,44,66,165,178,136,140,158,136,56,205,18,25,25,39,37,39,39,68,44,91,632,55,70,31,76,28,34,39,15,37,,,2025-09-14
Gujarat,Vapi,34,,32,34,94,114,114,98,92,44,63,167,180,134,138,158,138,52,210,18,26,26,36,38,38,38,64,44,90,627,56,68,35,76,28,34,38,17,43,,,2025-09-14
Gujarat,Bilimora,35,,33,36,89,113,113,101,91,44,64,168,161,138,155,153,149,53,202,19,29,29,39,35,37,40,62,45,95,629,54,69,34,68,31,35,25,17,39,,,2025-09-14
Gujarat,Idar,NR,,NR,NR,NR,NR,NR,NR,NR,NR,NR,NR,NR,NR,NR,NR,NR,NR,NR,NR,NR,NR,NR,NR,NR,NR,NR,NR,NR,NR,NR,NR,NR,NR,NR,NR,NR,NR,NR,,,2025-09-14
Gujarat,Jhalod,35,,33,35,90,113,114,97,90,44,66,166,176,136,141,155,138,56,207,18,30,27,45,38,40,40,68,44,92,633,55,69,32,76,28,34,39,16,38,,,2025-09-14
Gujarat,Songash,34,,32,34,87,115,115,98,89,42,63,166,159,137,151,157,143,51,205,22,29,27,39,35,39,35,60,42,88,633,56,57,35,73,31,34,30,15,42,,,2025-09-14
Madhya Pradesh,Bhopal,35,,28,32,88,112,110,106,86,46,62,171,209,174,138,176,NR,52,255,10,21,19,40,40,40,40,59,41,94,662,60,90,27,100,55,40,34,14,33,,,2025-09-14
Madhya Pradesh,Indore,42,,29,34,84,107,117,103,83,46,61,174,190,153,137,153,142,62,267,15,20,15,32,35,35,40,NR,40,81,643,60,77,38,84,34,34,23,15,38,,,2025-09-14
Madhya Pradesh,Gwalior,40,,31,34,74,117,119,110,90,45,63,210,160,172,142,178,NR,50,222,12,20,22,48,28,32,39,61,40,88,624,55,71,29,82,35,35,26,15,40,,,2025-09-14
Madhya Pradesh,Jabalpur,39,,29,35,85,110,108,108,84,44,56,185,178,138,140,165,120,50,240,18,20,22,39,36,42,40,56,44,90,621,58,75,28,85,35,36,25,15,38,,,2025-09-14
Madhya Pradesh,Rewa,32,,28,34,76,101,91,88,79,45,55,177,154,148,147,147,NR,55,237,18,12,19,33,NR,NR,35,NR,35,85,655,57,76,25,90,28,45,30,12,45,,,2025-09-14
Madhya Pradesh,Sagar,40,,28,31,83,101,105,101,88,46,58,182,189,140,142,169,136,54,248,16,20,18,35,38,40,40,60,40,88,698,62,78,35,82,29,32,24,14,37,,,2025-09-14
Madhya Pradesh,Jhabua,40,,29,36,87,110,114,108,90,45,58,200,206,180,140,180,NR,55,286,15,20,15,35,34,37,46,54,47,95,667,NR,71,25,89,39,36,24,16,26,,,2025-09-14
Madhya Pradesh,Hoshangabad,43,,31,36,81,107,114,101,84,46,55,184,153,135,135,145,106,54,222,11,20,23,32,43,48,41,49,41,94,655,60,88,42,90,29,44,19,19,47,,,2025-09-14
Madhya Pradesh,Shahdol,35,,29,35,86,123,112,110,83,44,50,200,136,125,121,154,NR,52,210,18,20,20,42,37,33,35,50,40,95,604,58,70,30,90,30,40,27,18,35,,,2025-09-14
Madhya Pradesh,Ujjain,39,,38,41,89,102,101,101,90,45,60,148,209,172,133,166,NR,61,268,13,20,15,32,32,35,45,62,55,95,690,59,73,30,102,48,40,28,16,37,,,2025-09-14
Madhya Pradesh,Morena,NR,,NR,NR,NR,NR,NR,NR,NR,NR,NR,NR,NR,NR,NR,NR,NR,NR,NR,NR,NR,NR,NR,NR,NR,NR,NR,NR,NR,NR,NR,NR,NR,NR,NR,NR,NR,NR,NR,,,2025-09-14
Madhya Pradesh,Anuppur,35,,26,36,80,100,110,118,89,46,50,198,198,137,143,176,154,55,230,15,20,20,25,40,40,37,40,48,90,742,60,79,27,90,25,33,23,13,30,,,2025-09-14
Madhya Pradesh,Bhind,NR,,NR,NR,NR,NR,NR,NR,NR,NR,NR,NR,NR,NR,NR,NR,NR,NR,NR,NR,NR,NR,NR,NR,NR,NR,NR,NR,NR,NR,NR,NR,NR,NR,NR,NR,NR,NR,NR,,,2025-09-14
Madhya Pradesh,Dhar,42,,28,36,86,115,111,109,95,45,59,160,190,166,136,167,97,55,214,15,20,17,29,35,36,39,52,42,88,686,59,71,21,85,31,36,20,17,42,,,2025-09-14
Madhya Pradesh,Harda,40,,30,35,85,100,120,110,91,45,60,181,198,170,148,166,NR,55,220,20,20,20,30,40,40,45,70,45,92,663,60,72,40,85,28,29,18,18,30,,,2025-09-14
Madhya Pradesh,Katni,35,,29,34,86,120,120,115,80,42,50,165,154,126,132,154,100,50,205,19,14,20,30,35,38,45,55,45,100,604,58,75,20,80,40,40,27,15,35,,,2025-09-14
Madhya Pradesh,Khandwa,38,,30,35,80,102,103,100,85,45,52,209,187,173,148,170,NR,50,238,17,25,15,35,35,35,40,47,40,88,659,55,84,38,100,26,32,24,15,40,,,2025-09-14
Madhya Pradesh,Mandla,38,,33,39,83,102,108,110,85,45,50,190,186,128,154,172,143,58,223,29,22,23,23,40,48,40,60,49,98,633,62,77,38,87,31,38,25,17,34,,,2025-09-14
Madhya Pradesh,Rajgarh,40,,28,32,82,110,113,103,88,45,40,165,190,172,143,176,NR,50,240,10,20,20,42,NR,NR,40,NR,40,90,648,NR,80,35,90,33,33,18,15,30,,,2025-09-14
Madhya Pradesh,Sidhi,35,,28,35,75,110,100,100,80,45,60,181,179,159,143,130,115,50,250,17,20,25,40,30,41,35,54,50,92,633,57,85,40,82,32,50,25,15,50,,,2025-09-14
Madhya Pradesh,Chattarpur,40,,28,37,88,117,120,100,80,48,50,198,176,168,148,154,125,60,250,20,15,20,37,35,42,40,57,60,100,600,60,72,20,88,33,42,32,15,38,,,2025-09-14
Madhya Pradesh,Neemuch,45,,26,34,71,115,100,100,70,45,64,181,143,132,130,137,NR,55,292,10,25,20,42,42,41,41,65,40,86,562,63,70,40,75,25,42,30,15,45,,,2025-09-14
Madhya Pradesh,Burhanpur,41,,32,38,81,101,100,101,84,45,56,168,170,144,134,168,132,50,315,29,22,19,42,37,35,41,NR,49,98,709,60,77,32,88,31,37,20,14,30,,,2025-09-14
Madhya Pradesh,Narshinpur,38,,28,35,84,123,110,112,86,44,53,203,187,137,137,171,NR,45,239,12,20,20,35,41,39,45,60,48,90,638,56,73,35,87,39,35,25,16,35,,,2025-09-14
Madhya Pradesh,Raisen,40,,30,35,83,110,120,105,85,47,58,187,192,143,137,NR,NR,55,230,10,20,20,40,40,42,39,NR,42,88,695,62,75,40,90,30,30,25,19,33,,,2025-09-14
Madhya Pradesh,Sheopur,43,,25,32,92,108,117,102,80,45,60,214,202,169,143,165,NR,60,241,28,25,27,45,33,37,40,60,40,95,659,60,82,20,95,44,40,30,15,40,,,2025-09-14
Madhya Pradesh,Agar malwa,33,,28,33,76,120,109,103,92,44,58,175,168,150,149,143,NR,48,285,20,20,18,25,45,47,47,NR,47,78,681,58,69,32,93,30,27,24,15,25,,,2025-09-14
Madhya Pradesh,Umaria,35,,32,36,83,100,107,107,83,45,56,185,161,139,139,156,NR,50,227,15,19,20,30,37,NR,42,NR,47,93,622,60,74,32,87,32,42,27,15,40,,,2025-09-14
Madhya Pradesh,Shajapur,40,,27,33,82,108,110,107,88,44,60,165,187,154,138,163,NR,52,253,18,23,22,35,35,34,40,NR,46,92,674,59,78,42,87,33,30,26,15,30,,,2025-09-14
Madhya Pradesh,Dewas,41,,28,34,84,113,108,106,89,46,61,179,190,156,146,167,NR,55,237,12,21,24,33,35,39,39,56,45,101,677,61,74,32,89,37,35,26,15,39,,,2025-09-14
Madhya Pradesh,Khargone,NR,,NR,NR,NR,NR,NR,NR,NR,NR,NR,NR,NR,NR,NR,NR,NR,NR,NR,NR,NR,NR,NR,NR,NR,NR,NR,NR,NR,NR,NR,NR,NR,NR,NR,NR,NR,NR,NR,,,2025-09-14
Madhya Pradesh,Singrauli,37,,26,33,84,90,112,116,80,46,58,187,193,152,142,137,119,55,237,14,23,18,35,NR,NR,NR,NR,NR,NR,NR,NR,NR,NR,NR,NR,NR,NR,NR,NR,,,2025-09-14
Madhya Pradesh,Chhindwara,49,,30,38,85,125,117,122,84,44,52,191,176,136,141,156,136,45,200,10,23,19,22,38,37,38,39,42,91,714,59,71,30,97,37,37,37,19,43,,,2025-09-14
Madhya Pradesh,Sehore,40,,28,33,80,110,110,100,90,45,58,159,192,148,137,165,NR,52,220,12,20,19,20,NR,NR,49,NR,49,92,635,60,71,29,85,30,35,24,15,48,,,2025-09-14
Madhya Pradesh,MP-Ashoknagar,NR,,NR,NR,NR,NR,NR,NR,NR,NR,NR,NR,NR,NR,NR,NR,NR,NR,NR,NR,NR,NR,NR,NR,NR,NR,NR,NR,NR,NR,NR,NR,NR,NR,NR,NR,NR,NR,NR,,,2025-09-14
Madhya Pradesh,Balaghat,NR,,NR,NR,NR,NR,NR,NR,NR,NR,NR,NR,NR,NR,NR,NR,NR,NR,NR,NR,NR,NR,NR,NR,NR,NR,NR,NR,NR,NR,NR,NR,NR,NR,NR,NR,NR,NR,NR,,,2025-09-14
Madhya Pradesh,Guna,40,,26,31,80,100,103,100,84,44,58,194,189,169,143,176,133,48,217,20,17,18,38,32,42,48,69,50,88,690,60,73,52,85,37,38,27,15,28,,,2025-09-14
Madhya Pradesh,Ratlam,40,,28,34,82,109,109,106,84,45,61,177,175,148,133,156,129,48,245,10,22,17,27,30,40,41,57,42,90,615,58,74,28,75,28,26,22,15,28,,,2025-09-14
Madhya Pradesh,Satna,35,,27,37,87,105,85,90,82,45,60,203,141,146,130,176,110,50,260,20,20,30,40,40,43,34,60,35,65,692,55,65,35,75,27,33,30,15,50,,,2025-09-14
Madhya Pradesh,Vidisha,40,,30,35,77,103,118,110,88,44,57,172,196,138,146,170,NR,52,240,11,17,17,25,40,40,38,68,39,87,659,60,83,33,85,33,31,24,14,40,,,2025-09-14
Madhya Pradesh,Alirajpur,36,,30,36,87,124,100,114,95,45,55,185,148,139,136,144,NR,48,240,10,24,24,57,31,35,45,NR,47,93,619,57,73,23,77,40,43,29,17,40,,,2025-09-14
Madhya Pradesh,Betul,39,,27,35,81,99,105,101,80,45,58,177,203,141,144,177,NR,49,251,13,24,25,30,43,45,42,65,45,102,685,60,81,30,81,30,32,21,15,40,,,2025-09-14
Madhya Pradesh,Damoh,41,,30,33,79,114,106,106,83,45,62,203,169,144,149,164,NR,49,205,13,19,19,40,36,38,37,57,37,90,575,55,73,24,81,31,40,31,14,44,,,2025-09-14
Madhya Pradesh,Dindori,37,,35,36,95,105,108,108,80,45,60,209,187,156,143,169,NR,50,233,13,25,30,50,38,43,40,55,49,82,621,55,85,38,90,32,36,29,15,40,,,2025-09-14
Madhya Pradesh,Niwari,NR,,NR,NR,NR,NR,NR,NR,NR,NR,NR,NR,NR,NR,NR,NR,NR,NR,NR,NR,NR,NR,NR,NR,NR,NR,NR,NR,NR,NR,NR,NR,NR,NR,NR,NR,NR,NR,NR,,,2025-09-14
Madhya Pradesh,Seoni,NR,,NR,NR,NR,NR,NR,NR,NR,NR,NR,NR,NR,NR,NR,NR,NR,NR,NR,NR,NR,NR,NR,NR,NR,NR,NR,NR,NR,NR,NR,NR,NR,NR,NR,NR,NR,NR,NR,,,2025-09-14
Madhya Pradesh,Panna,NR,,NR,NR,NR,NR,NR,NR,NR,NR,NR,NR,NR,NR,NR,NR,NR,NR,NR,NR,NR,NR,NR,NR,NR,NR,NR,NR,NR,NR,NR,NR,NR,NR,NR,NR,NR,NR,NR,,,2025-09-14
Madhya Pradesh,Tikamgarh,35,,26,30,90,125,125,95,90,44,50,205,167,142,149,147,NR,50,200,20,20,30,50,30,35,40,40,45,100,651,58,70,22,85,29,41,20,17,40,,,2025-09-14
Madhya Pradesh,Datia,46,,28,32,90,122,110,95,78,47,60,216,166,148,141,184,125,52,227,27,28,28,48,42,35,39,79,39,97,690,62,85,37,87,38,39,27,15,41,,,2025-09-14
Madhya Pradesh,Maihar,NR,,NR,NR,NR,NR,NR,NR,NR,NR,NR,NR,NR,NR,NR,NR,NR,NR,NR,NR,NR,NR,NR,NR,NR,NR,NR,NR,NR,NR,NR,NR,NR,NR,NR,NR,NR,NR,NR,,,2025-09-14
Maharashtra,Mumbai,43,,41,54,94,114,133,122,98,46,58,229,214,192,155,172,134,81,310,28,33,33,45,41,51,53,63,52,118,679,58,80,70,105,68,40,48,19,40,,,2025-09-14
Maharashtra,Nagpur,55,,48,53,92,128,123,119,93,51,65,219,201,167,162,178,132,69,283,27,40,35,42,39,48,50,75,50,110,681,61,94,38,92,35,48,29,19,62,,,2025-09-14
Maharashtra,Pune,39,,44,52,89,125,111,113,83,45,74,190,188,153,150,164,148,57,338,34,36,29,34,37,38,40,41,40,88,531,60,80,58,94,39,40,26,18,40,,,2025-09-14
Maharashtra,Nashik,42,,44,40,94,111,116,112,97,44,58,179,213,177,143,165,139,55,317,28,30,27,27,43,60,50,55,50,102,640,58,67,65,108,53,37,29,15,33,,,2025-09-14
Maharashtra,Mangaon-Raigad,48,,44,47,96,114,124,116,100,48,60,186,207,196,139,179,121,61,353,30,31,31,41,45,51,45,56,47,108,767,60,72,53,117,61,40,37,19,60,,,2025-09-14
Maharashtra,Dharni,41,,30,37,90,112,104,114,93,47,53,198,182,156,157,180,NR,52,325,13,30,21,32,34,26,41,NR,44,96,743,62,78,37,92,29,42,20,18,34,,,2025-09-14
Maharashtra,Latur,57,,41,47,88,117,109,121,86,44,61,181,204,133,137,155,138,49,232,24,28,27,30,33,46,39,61,39,99,744,56,72,63,97,48,39,21,18,42,,,2025-09-14
Maharashtra,Akluj,49,,35,38,82,102,98,102,86,44,54,200,197,137,146,160,128,50,335,30,25,23,22,32,41,39,60,38,89,659,52,49,35,98,30,38,20,12,30,,,2025-09-14
Maharashtra,Arni Yavatmal,44,,34,36,99,123,125,114,90,43,63,170,192,154,144,157,NR,57,300,10,30,31,40,35,32,47,70,55,103,784,55,72,40,99,45,42,20,15,40,,,2025-09-14
Maharashtra,Chandrapur,33,,35,51,93,111,119,111,98,46,59,185,193,206,147,168,NR,66,249,30,28,33,20,53,53,55,55,54,115,611,60,67,22,97,32,34,34,20,63,,,2025-09-14
Maharashtra,Karad Satara,43,,37,49,88,122,117,118,94,44,70,184,182,167,153,165,149,50,293,30,33,26,41,39,39,40,57,41,111,670,59,70,70,102,37,41,25,20,43,,,2025-09-14
Maharashtra,Ahemednagar,53,,44,47,89,129,124,119,99,43,53,153,164,164,147,153,142,49,259,30,24,19,21,31,40,39,44,39,108,567,58,66,47,99,29,39,24,18,25,,,2025-09-14
Maharashtra,Khultabad,49,,34,36,79,108,109,107,80,45,45,177,NR,142,137,147,129,56,322,20,37,27,42,35,34,49,NR,46,88,702,60,80,43,83,32,24,21,16,35,,,2025-09-14
Maharashtra,Islampur,39,,42,48,91,123,129,120,90,44,72,208,199,149,156,167,136,51,343,27,30,22,29,36,39,39,43,43,109,653,60,71,40,103,59,53,35,27,41,,,2025-09-14
Maharashtra,Kankavli,47,,38,49,99,125,119,121,100,44,60,178,194,164,146,168,130,53,357,20,33,29,47,42,42,45,50,44,108,666,54,79,37,77,47,44,25,18,65,,,2025-09-14
Maharashtra,Partur,50,,32,40,80,115,120,110,88,43,56,181,204,151,148,157,148,49,401,10,30,20,43,32,34,43,NR,47,87,775,NR,84,73,92,40,42,19,15,47,,,2025-09-14
Maharashtra,Gondia,49,,36,38,78,104,100,102,82,45,58,175,208,133,142,169,150,62,250,29,22,28,33,36,35,36,50,38,90,809,59,70,32,104,49,50,28,19,37,,,2025-09-14
Maharashtra,Jalgaon,46,,38,48,93,112,127,115,104,46,65,174,203,176,147,161,156,59,468,28,23,23,37,41,40,58,51,56,107,707,61,76,57,120,47,41,28,17,41,,,2025-09-14
Maharashtra,Akola,43,,34,45,85,122,125,117,97,45,68,176,200,165,145,165,NR,58,320,29,27,27,43,39,38,49,65,50,103,747,60,83,53,88,42,44,21,16,33,,,2025-09-14
Rajasthan,Jaipur,NR,,NR,NR,NR,NR,NR,NR,NR,NR,NR,NR,NR,NR,NR,NR,NR,NR,NR,NR,NR,NR,NR,NR,NR,NR,NR,NR,NR,NR,NR,NR,NR,NR,NR,NR,NR,NR,NR,,,2025-09-14
Rajasthan,Jodhpur,NR,,NR,NR,NR,NR,NR,NR,NR,NR,NR,NR,NR,NR,NR,NR,NR,NR,NR,NR,NR,NR,NR,NR,NR,NR,NR,NR,NR,NR,NR,NR,NR,NR,NR,NR,NR,NR,NR,,,2025-09-14
Rajasthan,Kota,NR,,NR,NR,NR,NR,NR,NR,NR,NR,NR,NR,NR,NR,NR,NR,NR,NR,NR,NR,NR,NR,NR,NR,NR,NR,NR,NR,NR,NR,NR,NR,NR,NR,NR,NR,NR,NR,NR,,,2025-09-14
Rajasthan,Udaipur,NR,,NR,NR,NR,NR,NR,NR,NR,NR,NR,NR,NR,NR,NR,NR,NR,NR,NR,NR,NR,NR,NR,NR,NR,NR,NR,NR,NR,NR,NR,NR,NR,NR,NR,NR,NR,NR,NR,,,2025-09-14
Rajasthan,Bharatpur,NR,,NR,NR,NR,NR,NR,NR,NR,NR,NR,NR,NR,NR,NR,NR,NR,NR,NR,NR,NR,NR,NR,NR,NR,NR,NR,NR,NR,NR,NR,NR,NR,NR,NR,NR,NR,NR,NR,,,2025-09-14
Rajasthan,Ajmer,NR,,NR,NR,NR,NR,NR,NR,NR,NR,NR,NR,NR,NR,NR,NR,NR,NR,NR,NR,NR,NR,NR,NR,NR,NR,NR,NR,NR,NR,NR,NR,NR,NR,NR,NR,NR,NR,NR,,,2025-09-14
Rajasthan,Bikaner,NR,,NR,NR,NR,NR,NR,NR,NR,NR,NR,NR,NR,NR,NR,NR,NR,NR,NR,NR,NR,NR,NR,NR,NR,NR,NR,NR,NR,NR,NR,NR,NR,NR,NR,NR,NR,NR,NR,,,2025-09-14
Rajasthan,Bundi,NR,,NR,NR,NR,NR,NR,NR,NR,NR,NR,NR,NR,NR,NR,NR,NR,NR,NR,NR,NR,NR,NR,NR,NR,NR,NR,NR,NR,NR,NR,NR,NR,NR,NR,NR,NR,NR,NR,,,2025-09-14
Rajasthan,Rajsamand,NR,,NR,NR,NR,NR,NR,NR,NR,NR,NR,NR,NR,NR,NR,NR,NR,NR,NR,NR,NR,NR,NR,NR,NR,NR,NR,NR,NR,NR,NR,NR,NR,NR,NR,NR,NR,NR,NR,,,2025-09-14
Rajasthan,Alwar,NR,,NR,NR,NR,NR,NR,NR,NR,NR,NR,NR,NR,NR,NR,NR,NR,NR,NR,NR,NR,NR,NR,NR,NR,NR,NR,NR,NR,NR,NR,NR,NR,NR,NR,NR,NR,NR,NR,,,2025-09-14
Rajasthan,Banswara,NR,,NR,NR,NR,NR,NR,NR,NR,NR,NR,NR,NR,NR,NR,NR,NR,NR,NR,NR,NR,NR,NR,NR,NR,NR,NR,NR,NR,NR,NR,NR,NR,NR,NR,NR,NR,NR,NR,,,2025-09-14
Rajasthan,Baran,NR,,NR,NR,NR,NR,NR,NR,NR,NR,NR,NR,NR,NR,NR,NR,NR,NR,NR,NR,NR,NR,NR,NR,NR,NR,NR,NR,NR,NR,NR,NR,NR,NR,NR,NR,NR,NR,NR,,,2025-09-14
Rajasthan,Barmer,NR,,NR,NR,NR,NR,NR,NR,NR,NR,NR,NR,NR,NR,NR,NR,NR,NR,NR,NR,NR,NR,NR,NR,NR,NR,NR,NR,NR,NR,NR,NR,NR,NR,NR,NR,NR,NR,NR,,,2025-09-14
Rajasthan,Bhilwara,NR,,NR,NR,NR,NR,NR,NR,NR,NR,NR,NR,NR,NR,NR,NR,NR,NR,NR,NR,NR,NR,NR,NR,NR,NR,NR,NR,NR,NR,NR,NR,NR,NR,NR,NR,NR,NR,NR,,,2025-09-14
Rajasthan,Chhitorgarh,NR,,NR,NR,NR,NR,NR,NR,NR,NR,NR,NR,NR,NR,NR,NR,NR,NR,NR,NR,NR,NR,NR,NR,NR,NR,NR,NR,NR,NR,NR,NR,NR,NR,NR,NR,NR,NR,NR,,,2025-09-14
Rajasthan,Churu,NR,,NR,NR,NR,NR,NR,NR,NR,NR,NR,NR,NR,NR,NR,NR,NR,NR,NR,NR,NR,NR,NR,NR,NR,NR,NR,NR,NR,NR,NR,NR,NR,NR,NR,NR,NR,NR,NR,,,2025-09-14
Rajasthan,Dholapur,NR,,NR,NR,NR,NR,NR,NR,NR,NR,NR,NR,NR,NR,NR,NR,NR,NR,NR,NR,NR,NR,NR,NR,NR,NR,NR,NR,NR,NR,NR,NR,NR,NR,NR,NR,NR,NR,NR,,,2025-09-14
Rajasthan,Dungarpur,NR,,NR,NR,NR,NR,NR,NR,NR,NR,NR,NR,NR,NR,NR,NR,NR,NR,NR,NR,NR,NR,NR,NR,NR,NR,NR,NR,NR,NR,NR,NR,NR,NR,NR,NR,NR,NR,NR,,,2025-09-14
Rajasthan,Hanumangarh,NR,,NR,NR,NR,NR,NR,NR,NR,NR,NR,NR,NR,NR,NR,NR,NR,NR,NR,NR,NR,NR,NR,NR,NR,NR,NR,NR,NR,NR,NR,NR,NR,NR,NR,NR,NR,NR,NR,,,2025-09-14
Rajasthan,Jaisalmer,NR,,NR,NR,NR,NR,NR,NR,NR,NR,NR,NR,NR,NR,NR,NR,NR,NR,NR,NR,NR,NR,NR,NR,NR,NR,NR,NR,NR,NR,NR,NR,NR,NR,NR,NR,NR,NR,NR,,,2025-09-14
Rajasthan,Jalore,44,,34,34,91,113,120,105,90,42,54,200,154,127,154,157,NR,42,310,15,34,34,33,30,40,41,NR,50,96,545,60,78,47,98,41,40,29,17,43,,,2025-09-14
Rajasthan,Jhalawar,NR,,NR,NR,NR,NR,NR,NR,NR,NR,NR,NR,NR,NR,NR,NR,NR,NR,NR,NR,NR,NR,NR,NR,NR,NR,NR,NR,NR,NR,NR,NR,NR,NR,NR,NR,NR,NR,NR,,,2025-09-14
Rajasthan,Jhunjhunu,NR,,NR,NR,NR,NR,NR,NR,NR,NR,NR,NR,NR,NR,NR,NR,NR,NR,NR,NR,NR,NR,NR,NR,NR,NR,NR,NR,NR,NR,NR,NR,NR,NR,NR,NR,NR,NR,NR,,,2025-09-14
Rajasthan,Karauli,NR,,NR,NR,NR,NR,NR,NR,NR,NR,NR,NR,NR,NR,NR,NR,NR,NR,NR,NR,NR,NR,NR,NR,NR,NR,NR,NR,NR,NR,NR,NR,NR,NR,NR,NR,NR,NR,NR,,,2025-09-14
Rajasthan,Nagaur,NR,,NR,NR,NR,NR,NR,NR,NR,NR,NR,NR,NR,NR,NR,NR,NR,NR,NR,NR,NR,NR,NR,NR,NR,NR,NR,NR,NR,NR,NR,NR,NR,NR,NR,NR,NR,NR,NR,,,2025-09-14
Rajasthan,Pali,NR,,NR,NR,NR,NR,NR,NR,NR,NR,NR,NR,NR,NR,NR,NR,NR,NR,NR,NR,NR,NR,NR,NR,NR,NR,NR,NR,NR,NR,NR,NR,NR,NR,NR,NR,NR,NR,NR,,,2025-09-14
Rajasthan,RJ-Pratapgarh,NR,,NR,NR,NR,NR,NR,NR,NR,NR,NR,NR,NR,NR,NR,NR,NR,NR,NR,NR,NR,NR,NR,NR,NR,NR,NR,NR,NR,NR,NR,NR,NR,NR,NR,NR,NR,NR,NR,,,2025-09-14
Rajasthan,Sikar,NR,,NR,NR,NR,NR,NR,NR,NR,NR,NR,NR,NR,NR,NR,NR,NR,NR,NR,NR,NR,NR,NR,NR,NR,NR,NR,NR,NR,NR,NR,NR,NR,NR,NR,NR,NR,NR,NR,,,2025-09-14
Rajasthan,Sirohi,NR,,NR,NR,NR,NR,NR,NR,NR,NR,NR,NR,NR,NR,NR,NR,NR,NR,NR,NR,NR,NR,NR,NR,NR,NR,NR,NR,NR,NR,NR,NR,NR,NR,NR,NR,NR,NR,NR,,,2025-09-14
Rajasthan,Sri Ganganagar,NR,,NR,NR,NR,NR,NR,NR,NR,NR,NR,NR,NR,NR,NR,NR,NR,NR,NR,NR,NR,NR,NR,NR,NR,NR,NR,NR,NR,NR,NR,NR,NR,NR,NR,NR,NR,NR,NR,,,2025-09-14
Rajasthan,Tonk,NR,,NR,NR,NR,NR,NR,NR,NR,NR,NR,NR,NR,NR,NR,NR,NR,NR,NR,NR,NR,NR,NR,NR,NR,NR,NR,NR,NR,NR,NR,NR,NR,NR,NR,NR,NR,NR,NR,,,2025-09-14
Rajasthan,Sawai Madhopur,NR,,NR,NR,NR,NR,NR,NR,NR,NR,NR,NR,NR,NR,NR,NR,NR,NR,NR,NR,NR,NR,NR,NR,NR,NR,NR,NR,NR,NR,NR,NR,NR,NR,NR,NR,NR,NR,NR,,,2025-09-14
EAST ZONE,EAST ZONE,,,,,,,,,,,,,,,,,,,,,,,,,,,,,,,,,,,,,,,,,,2025-09-14
Bihar,Patna,40,,28,36,84,99,105,103,83,49,58,NR,187,148,196,180,167,52,278,26,22,30,38,NR,NR,40,NR,40,100,604,56,84,30,90,40,40,25,15,44,,,2025-09-14
Bihar,Bhagalpur,NR,,NR,NR,NR,NR,NR,NR,NR,NR,NR,NR,NR,NR,NR,NR,NR,NR,NR,NR,NR,NR,NR,NR,NR,NR,NR,NR,NR,NR,NR,NR,NR,NR,NR,NR,NR,NR,NR,,,2025-09-14
Bihar,Purnia,38,,31,36,79,96,109,104,79,49,57,NR,191,142,158,NR,120,44,324,18,20,23,70,58,58,42,61,44,108,703,55,82,35,97,36,34,25,17,48,,,2025-09-14
Bihar,Darbhanga,NR,,NR,NR,NR,NR,NR,NR,NR,NR,NR,NR,NR,NR,NR,NR,NR,NR,NR,NR,NR,NR,NR,NR,NR,NR,NR,NR,NR,NR,NR,NR,NR,NR,NR,NR,NR,NR,NR,,,2025-09-14
Bihar,Gaya,NR,,NR,NR,NR,NR,NR,NR,NR,NR,NR,NR,NR,NR,NR,NR,NR,NR,NR,NR,NR,NR,NR,NR,NR,NR,NR,NR,NR,NR,NR,NR,NR,NR,NR,NR,NR,NR,NR,,,2025-09-14
Bihar,Muzzafarpur,39,,28,33,84,107,116,107,81,47,57,NR,188,151,156,193,123,57,287,27,21,22,37,48,49,41,54,40,101,604,59,84,23,91,39,40,27,15,51,,,2025-09-14
Bihar,Saran,NR,,NR,NR,NR,NR,NR,NR,NR,NR,NR,NR,NR,NR,NR,NR,NR,NR,NR,NR,NR,NR,NR,NR,NR,NR,NR,NR,NR,NR,NR,NR,NR,NR,NR,NR,NR,NR,NR,,,2025-09-14
Bihar,Munger,NR,,NR,NR,NR,NR,NR,NR,NR,NR,NR,NR,NR,NR,NR,NR,NR,NR,NR,NR,NR,NR,NR,NR,NR,NR,NR,NR,NR,NR,NR,NR,NR,NR,NR,NR,NR,NR,NR,,,2025-09-14
Bihar,Saharsa,NR,,NR,NR,NR,NR,NR,NR,NR,NR,NR,NR,NR,NR,NR,NR,NR,NR,NR,NR,NR,NR,NR,NR,NR,NR,NR,NR,NR,NR,NR,NR,NR,NR,NR,NR,NR,NR,NR,,,2025-09-14
Bihar,Madhubani,38,,29,34,86,137,115,108,82,46,55,206,164,161,160,171,127,45,273,24,23,27,45,NR,NR,31,48,33,107,619,57,69,29,82,32,32,24,11,50,,,2025-09-14
Bihar,Rohtas (Sasaram),34,,36,39,82,105,101,92,84,49,66,201,196,178,164,184,137,56,220,28,19,23,36,38,59,37,54,40,99,690,60,82,45,77,24,30,19,12,36,,,2025-09-14
Bihar,Motihari,44,,28,32,82,108,114,106,82,45,56,211,218,205,160,206,141,46,265,19,20,22,46,34,33,36,50,36,108,593,54,76,27,80,30,43,26,19,32,,,2025-09-14
Bihar,Samastipur,41,,28,35,85,140,117,114,78,45,54,165,198,152,124,150,150,53,303,26,19,23,47,30,38,34,73,37,95,617,57,92,35,97,25,76,25,11,48,,,2025-09-14
Bihar,Katihar,41,,32,35,84,125,128,110,80,46,59,NR,183,127,133,146,NR,48,305,20,23,32,59,NR,NR,33,NR,34,110,593,NR,72,38,98,21,50,20,13,NR,,,2025-09-14
Bihar,Araria,33,,27,30,81,138,120,115,85,46,60,NR,189,152,163,196,132,50,330,20,20,20,58,60,60,35,65,50,100,604,60,76,40,90,26,40,30,13,45,,,2025-09-14
Bihar,Nawada,44,,32,36,89,112,110,107,83,50,60,NR,179,159,182,181,151,53,280,29,22,28,59,50,48,42,57,45,103,718,61,84,58,87,35,37,28,13,64,,,2025-09-14
Bihar,Khagaria,NR,,NR,NR,NR,NR,NR,NR,NR,NR,NR,NR,NR,NR,NR,NR,NR,NR,NR,NR,NR,NR,NR,NR,NR,NR,NR,NR,NR,NR,NR,NR,NR,NR,NR,NR,NR,NR,NR,,,2025-09-14
Bihar,Banka,NR,,NR,NR,NR,NR,NR,NR,NR,NR,NR,NR,NR,NR,NR,NR,NR,NR,NR,NR,NR,NR,NR,NR,NR,NR,NR,NR,NR,NR,NR,NR,NR,NR,NR,NR,NR,NR,NR,,,2025-09-14
Bihar,Arwal,NR,,NR,NR,NR,NR,NR,NR,NR,NR,NR,NR,NR,NR,NR,NR,NR,NR,NR,NR,NR,NR,NR,NR,NR,NR,NR,NR,NR,NR,NR,NR,NR,NR,NR,NR,NR,NR,NR,,,2025-09-14
Bihar,Aurangabad,NR,,NR,NR,NR,NR,NR,NR,NR,NR,NR,NR,NR,NR,NR,NR,NR,NR,NR,NR,NR,NR,NR,NR,NR,NR,NR,NR,NR,NR,NR,NR,NR,NR,NR,NR,NR,NR,NR,,,2025-09-14
Bihar,Begusarai,37,,29,35,74,104,110,105,75,45,55,239,171,168,160,159,139,46,262,14,16,21,47,52,42,35,52,37,108,623,58,78,39,96,25,32,20,17,35,,,2025-09-14
Bihar,Bhojpur Ara,NR,,NR,NR,NR,NR,NR,NR,NR,NR,NR,NR,NR,NR,NR,NR,NR,NR,NR,NR,NR,NR,NR,NR,NR,NR,NR,NR,NR,NR,NR,NR,NR,NR,NR,NR,NR,NR,NR,,,2025-09-14
Bihar,Buxar,33,,29,33,80,100,100,102,80,46,60,202,198,171,168,178,145,49,327,25,21,20,32,41,51,32,55,33,88,703,60,84,34,81,39,30,25,19,40,,,2025-09-14
Bihar,Gopalganj,37,,27,35,80,118,106,105,79,44,55,190,174,148,145,151,114,51,238,29,19,23,34,43,44,39,43,40,117,655,56,71,31,86,43,40,35,11,54,,,2025-09-14
Bihar,Jamui,NR,,NR,NR,NR,NR,NR,NR,NR,NR,NR,NR,NR,NR,NR,NR,NR,NR,NR,NR,NR,NR,NR,NR,NR,NR,NR,NR,NR,NR,NR,NR,NR,NR,NR,NR,NR,NR,NR,,,2025-09-14
Bihar,Jehanabad,NR,,NR,NR,NR,NR,NR,NR,NR,NR,NR,NR,NR,NR,NR,NR,NR,NR,NR,NR,NR,NR,NR,NR,NR,NR,NR,NR,NR,NR,NR,NR,NR,NR,NR,NR,NR,NR,NR,,,2025-09-14
Bihar,Kaimur,39,,27,33,80,109,110,109,79,47,57,NR,194,179,154,183,120,55,214,20,16,23,38,39,39,37,NR,39,86,714,61,77,37,82,30,32,20,15,55,,,2025-09-14
Bihar,Kishanganj,NR,,NR,NR,NR,NR,NR,NR,NR,NR,NR,NR,NR,NR,NR,NR,NR,NR,NR,NR,NR,NR,NR,NR,NR,NR,NR,NR,NR,NR,NR,NR,NR,NR,NR,NR,NR,NR,NR,,,2025-09-14
Bihar,Lakhisarai,NR,,NR,NR,NR,NR,NR,NR,NR,NR,NR,NR,NR,NR,NR,NR,NR,NR,NR,NR,NR,NR,NR,NR,NR,NR,NR,NR,NR,NR,NR,NR,NR,NR,NR,NR,NR,NR,NR,,,2025-09-14
Bihar,Medhepura,38,,29,35,81,114,113,109,80,46,58,NR,187,160,169,186,141,48,276,22,22,27,47,NR,NR,36,NR,35,103,635,59,80,36,87,35,38,31,14,42,,,2025-09-14
Bihar,Nalanda,NR,,NR,NR,NR,NR,NR,NR,NR,NR,NR,NR,NR,NR,NR,NR,NR,NR,NR,NR,NR,NR,NR,NR,NR,NR,NR,NR,NR,NR,NR,NR,NR,NR,NR,NR,NR,NR,NR,,,2025-09-14
Bihar,Sheikhpura,NR,,NR,NR,NR,NR,NR,NR,NR,NR,NR,NR,NR,NR,NR,NR,NR,NR,NR,NR,NR,NR,NR,NR,NR,NR,NR,NR,NR,NR,NR,NR,NR,NR,NR,NR,NR,NR,NR,,,2025-09-14
Bihar,Sheohar,39,,27,33,80,117,119,113,77,45,58,170,172,156,171,181,127,50,232,24,22,24,60,NR,NR,NR,NR,NR,NR,NR,NR,NR,NR,NR,NR,NR,NR,NR,NR,,,2025-09-14
Bihar,Sitamarhi,NR,,NR,NR,NR,NR,NR,NR,NR,NR,NR,NR,NR,NR,NR,NR,NR,NR,NR,NR,NR,NR,NR,NR,NR,NR,NR,NR,NR,NR,NR,NR,NR,NR,NR,NR,NR,NR,NR,,,2025-09-14
Bihar,Siwan,34,,28,32,80,96,102,98,77,47,60,167,196,151,153,151,129,54,210,27,18,24,32,47,43,33,51,35,88,742,61,66,26,76,31,41,27,14,48,,,2025-09-14
Bihar,Supaul,38,,30,35,78,104,115,117,77,46,55,NR,193,136,NR,NR,141,50,263,12,17,22,38,NR,NR,36,NR,36,112,580,58,84,30,80,26,56,35,15,55,,,2025-09-14
Bihar,Vaishali,35,,29,34,80,97,117,102,79,46,50,207,178,151,150,189,148,54,207,29,20,25,40,49,49,35,39,39,85,659,55,94,30,77,26,34,17,12,38,,,2025-09-14
Bihar,West Champaran,39,,29,35,81,120,120,110,81,44,56,205,188,167,155,178,113,45,260,20,22,22,44,35,40,32,45,38,105,576,54,77,38,90,48,50,28,18,50,,,2025-09-14
Jharkhand,Ranchi,43,,37,37,82,112,112,111,81,47,58,231,197,145,155,166,129,53,237,28,21,25,52,35,35,39,35,48,110,597,60,84,62,92,43,40,30,14,57,,,2025-09-14
Jharkhand,Gumla,NR,,NR,NR,NR,NR,NR,NR,NR,NR,NR,NR,NR,NR,NR,NR,NR,NR,NR,NR,NR,NR,NR,NR,NR,NR,NR,NR,NR,NR,NR,NR,NR,NR,NR,NR,NR,NR,NR,,,2025-09-14
Jharkhand,Sahibganj,NR,,NR,NR,NR,NR,NR,NR,NR,NR,NR,NR,NR,NR,NR,NR,NR,NR,NR,NR,NR,NR,NR,NR,NR,NR,NR,NR,NR,NR,NR,NR,NR,NR,NR,NR,NR,NR,NR,,,2025-09-14
Jharkhand,Bokaro,34,,35,37,86,132,100,110,86,46,57,189,172,160,164,182,145,51,322,25,28,30,53,NR,NR,33,NR,40,100,709,55,89,29,81,28,42,25,13,60,,,2025-09-14
Jharkhand,Lohardaga,36,,31,36,85,110,125,110,80,45,61,NR,155,129,140,152,127,44,203,26,20,25,40,NR,NR,38,31,40,90,651,56,73,25,80,42,30,27,11,38,,,2025-09-14
Jharkhand,Simdega,NR,,NR,NR,NR,NR,NR,NR,NR,NR,NR,NR,NR,NR,NR,NR,NR,NR,NR,NR,NR,NR,NR,NR,NR,NR,NR,NR,NR,NR,NR,NR,NR,NR,NR,NR,NR,NR,NR,,,2025-09-14
Jharkhand,Dhanbad,39,,35,36,80,106,109,108,80,46,59,242,192,153,172,187,139,53,245,26,18,29,48,35,51,37,51,41,96,718,57,75,46,88,30,41,33,18,48,,,2025-09-14
Jharkhand,Jamshedpur (East Singbhum),NR,,NR,NR,NR,NR,NR,NR,NR,NR,NR,NR,NR,NR,NR,NR,NR,NR,NR,NR,NR,NR,NR,NR,NR,NR,NR,NR,NR,NR,NR,NR,NR,NR,NR,NR,NR,NR,NR,,,2025-09-14
Jharkhand,Giridhi,NR,,NR,NR,NR,NR,NR,NR,NR,NR,NR,NR,NR,NR,NR,NR,NR,NR,NR,NR,NR,NR,NR,NR,NR,NR,NR,NR,NR,NR,NR,NR,NR,NR,NR,NR,NR,NR,NR,,,2025-09-14
Jharkhand,Seraikella,NR,,NR,NR,NR,NR,NR,NR,NR,NR,NR,NR,NR,NR,NR,NR,NR,NR,NR,NR,NR,NR,NR,NR,NR,NR,NR,NR,NR,NR,NR,NR,NR,NR,NR,NR,NR,NR,NR,,,2025-09-14
Jharkhand,West Singhbhum,NR,,NR,NR,NR,NR,NR,NR,NR,NR,NR,NR,NR,NR,NR,NR,NR,NR,NR,NR,NR,NR,NR,NR,NR,NR,NR,NR,NR,NR,NR,NR,NR,NR,NR,NR,NR,NR,NR,,,2025-09-14
Jharkhand,Daltonganj,41,,28,38,82,112,109,111,90,49,60,NR,181,161,167,NR,144,61,282,33,16,22,40,NR,NR,46,58,48,108,643,63,96,25,85,32,36,26,17,35,,,2025-09-14
Jharkhand,Deoghar,40,,35,36,90,110,120,110,80,48,60,176,192,176,170,176,132,50,300,30,20,20,50,50,50,45,60,55,100,769,60,80,30,90,40,40,30,18,40,,,2025-09-14
Jharkhand,Ramgarh,38,,36,38,NR,118,114,112,79,47,NR,NR,176,162,168,201,157,46,279,25,22,32,43,NR,NR,31,NR,40,108,590,58,77,42,83,28,58,27,12,42,,,2025-09-14
Jharkhand,Pakur,NR,,NR,NR,NR,NR,NR,NR,NR,NR,NR,NR,NR,NR,NR,NR,NR,NR,NR,NR,NR,NR,NR,NR,NR,NR,NR,NR,NR,NR,NR,NR,NR,NR,NR,NR,NR,NR,NR,,,2025-09-14
Jharkhand,Jamtara,NR,,NR,NR,NR,NR,NR,NR,NR,NR,NR,NR,NR,NR,NR,NR,NR,NR,NR,NR,NR,NR,NR,NR,NR,NR,NR,NR,NR,NR,NR,NR,NR,NR,NR,NR,NR,NR,NR,,,2025-09-14
Jharkhand,Latehar,NR,,NR,NR,NR,NR,NR,NR,NR,NR,NR,NR,NR,NR,NR,NR,NR,NR,NR,NR,NR,NR,NR,NR,NR,NR,NR,NR,NR,NR,NR,NR,NR,NR,NR,NR,NR,NR,NR,,,2025-09-14
Jharkhand,Godda,NR,,NR,NR,NR,NR,NR,NR,NR,NR,NR,NR,NR,NR,NR,NR,NR,NR,NR,NR,NR,NR,NR,NR,NR,NR,NR,NR,NR,NR,NR,NR,NR,NR,NR,NR,NR,NR,NR,,,2025-09-14
Jharkhand,Koderma,40,,33,35,87,104,110,106,80,48,65,203,197,137,155,192,126,60,208,29,25,25,44,NR,NR,37,NR,38,91,716,64,85,59,90,35,34,20,14,60,,,2025-09-14
Odisha,Bhubaneshwar,40,,36,46,82,100,100,110,80,48,54,NR,198,127,NR,165,147,55,230,27,20,25,33,NR,NR,38,49,44,90,NR,NR,80,50,85,34,30,20,12,50,,,2025-09-14
Odisha,Cuttack,41,,36,46,82,99,101,101,81,49,54,NR,199,132,NR,166,122,57,260,28,21,26,38,41,42,41,51,43,95,743,NR,82,48,87,NR,33,22,15,62,,,2025-09-14
Odisha,Sambalpur,NR,,NR,NR,NR,NR,NR,NR,NR,NR,NR,NR,NR,NR,NR,NR,NR,NR,NR,NR,NR,NR,NR,NR,NR,NR,NR,NR,NR,NR,NR,NR,NR,NR,NR,NR,NR,NR,NR,,,2025-09-14
Odisha,Rourkela,36,,36,36,82,99,98,97,79,47,54,NR,201,131,128,165,141,54,190,26,21,22,35,36,36,40,40,42,91,529,58,76,40,81,30,32,23,15,50,,,2025-09-14
Odisha,Berhampur,44,,40,40,80,96,99,100,71,50,54,NR,215,153,NR,179,143,55,245,21,20,22,33,NR,NR,38,49,50,84,703,53,70,60,84,35,45,29,14,46,,,2025-09-14
Odisha,Jeypore,45,,40,38,86,100,98,97,80,47,54,NR,196,132,137,158,141,55,237,28,20,25,35,40,40,38,45,42,80,736,60,70,40,75,30,35,20,12,42,,,2025-09-14
Odisha,Balasore,38,,41,45,82,97,98,94,76,46,54,NR,203,163,NR,166,124,59,240,28,20,27,50,NR,NR,42,NR,43,93,620,59,84,62,93,28,40,28,11,45,,,2025-09-14
Odisha,Baripada,37,,37,42,85,101,109,96,80,48,54,NR,188,160,NR,166,143,55,245,26,18,25,49,35,NR,48,44,51,120,690,62,78,57,93,29,40,31,14,61,,,2025-09-14
Odisha,Balangir,39,,37,38,82,97,100,97,80,46,54,NR,205,127,NR,165,121,60,NR,29,23,23,37,NR,NR,38,NR,43,90,714,60,80,47,77,27,35,20,15,40,,,2025-09-14
Odisha,Angul,NR,,NR,NR,NR,NR,NR,NR,NR,NR,NR,NR,NR,NR,NR,NR,NR,NR,NR,NR,NR,NR,NR,NR,NR,NR,NR,NR,NR,NR,NR,NR,NR,NR,NR,NR,NR,NR,NR,,,2025-09-14
Odisha,Boudhgarh,NR,,NR,NR,NR,NR,NR,NR,NR,NR,NR,NR,NR,NR,NR,NR,NR,NR,NR,NR,NR,NR,NR,NR,NR,NR,NR,NR,NR,NR,NR,NR,NR,NR,NR,NR,NR,NR,NR,,,2025-09-14
Odisha,Dhenkanal,39,,35,44,82,98,98,98,85,49,54,NR,203,137,NR,165,143,57,430,29,20,26,40,50,NR,39,50,45,86,696,58,84,50,83,40,30,20,12,50,,,2025-09-14
Odisha,Jagatsinghpur,35,,35,38,80,100,110,100,85,48,58,NR,203,174,NR,159,121,50,240,25,20,25,40,NR,NR,38,NR,39,103,600,58,72,50,81,38,32,21,13,60,,,2025-09-14
Odisha,Kandhamal,NR,,NR,NR,NR,NR,NR,NR,NR,NR,NR,NR,NR,NR,NR,NR,NR,NR,NR,NR,NR,NR,NR,NR,NR,NR,NR,NR,NR,NR,NR,NR,NR,NR,NR,NR,NR,NR,NR,,,2025-09-14
Odisha,Keonjhar,NR,,NR,NR,NR,NR,NR,NR,NR,NR,NR,NR,NR,NR,NR,NR,NR,NR,NR,NR,NR,NR,NR,NR,NR,NR,NR,NR,NR,NR,NR,NR,NR,NR,NR,NR,NR,NR,NR,,,2025-09-14
Odisha,Malkangiri,NR,,NR,NR,NR,NR,NR,NR,NR,NR,NR,NR,NR,NR,NR,NR,NR,NR,NR,NR,NR,NR,NR,NR,NR,NR,NR,NR,NR,NR,NR,NR,NR,NR,NR,NR,NR,NR,NR,,,2025-09-14
Odisha,Nabarangpur,NR,,NR,NR,NR,NR,NR,NR,NR,NR,NR,NR,NR,NR,NR,NR,NR,NR,NR,NR,NR,NR,NR,NR,NR,NR,NR,NR,NR,NR,NR,NR,NR,NR,NR,NR,NR,NR,NR,,,2025-09-14
Odisha,Nayagarh,NR,,NR,NR,NR,NR,NR,NR,NR,NR,NR,NR,NR,NR,NR,NR,NR,NR,NR,NR,NR,NR,NR,NR,NR,NR,NR,NR,NR,NR,NR,NR,NR,NR,NR,NR,NR,NR,NR,,,2025-09-14
Odisha,Nuapada,NR,,NR,NR,NR,NR,NR,NR,NR,NR,NR,NR,NR,NR,NR,NR,NR,NR,NR,NR,NR,NR,NR,NR,NR,NR,NR,NR,NR,NR,NR,NR,NR,NR,NR,NR,NR,NR,NR,,,2025-09-14
Odisha,Paralakhemundi Gajapati,50,,NR,NR,NR,107,NR,110,NR,44,NR,NR,177,143,NR,145,NR,53,234,26,20,25,58,40,51,41,55,49,67,661,66,70,53,105,30,36,20,12,56,,,2025-09-14
Odisha,Puri,39,,NR,43,84,106,105,101,80,47,56,NR,199,151,NR,162,131,57,282,26,19,24,37,NR,NR,41,NR,44,94,666,60,76,38,86,36,42,25,13,46,,,2025-09-14
Odisha,Rayagada,42,,43,50,88,105,109,106,80,50,56,184,200,140,NR,167,127,55,NR,30,23,24,40,NR,NR,48,39,50,88,731,62,81,47,82,34,35,26,12,50,,,2025-09-14
Odisha,Sonepur,NR,,NR,NR,NR,NR,NR,NR,NR,NR,NR,NR,NR,NR,NR,NR,NR,NR,NR,NR,NR,NR,NR,NR,NR,NR,NR,NR,NR,NR,NR,NR,NR,NR,NR,NR,NR,NR,NR,,,2025-09-14
Odisha,Bhadrak,36,,NR,43,87,112,110,110,84,45,60,NR,207,176,NR,161,135,55,292,28,17,25,40,44,NR,38,63,39,85,769,60,75,53,80,38,32,24,15,40,,,2025-09-14
Odisha,Jharsuguda,41,,44,41,85,110,102,105,80,46,54,NR,203,143,127,169,121,50,NR,30,25,30,40,39,44,44,58,46,100,692,62,84,60,92,38,39,27,19,45,,,2025-09-14
Odisha,Kendrapara,39,,38,45,85,105,102,100,82,45,54,NR,203,154,NR,159,138,51,280,28,19,25,40,NR,NR,40,56,43,87,692,60,71,35,85,29,36,23,14,50,,,2025-09-14
Odisha,Jajpur,NR,,NR,NR,NR,NR,NR,NR,NR,NR,NR,NR,NR,NR,NR,NR,NR,NR,NR,NR,NR,NR,NR,NR,NR,NR,NR,NR,NR,NR,NR,NR,NR,NR,NR,NR,NR,NR,NR,,,2025-09-14
Odisha,Kalahandi,41,,37,49,82,111,111,110,89,48,56,NR,210,159,NR,164,126,54,395,29,21,25,40,NR,NR,41,37,49,101,753,NR,84,40,84,27,32,26,13,50,,,2025-09-14
West Bengal,Kolkata,NR,,NR,NR,NR,NR,NR,NR,NR,NR,NR,NR,NR,NR,NR,NR,NR,NR,NR,NR,NR,NR,NR,NR,NR,NR,NR,NR,NR,NR,NR,NR,NR,NR,NR,NR,NR,NR,NR,,,2025-09-14
West Bengal,Siliguri,NR,,NR,NR,NR,NR,NR,NR,NR,NR,NR,NR,NR,NR,NR,NR,NR,NR,NR,NR,NR,NR,NR,NR,NR,NR,NR,NR,NR,NR,NR,NR,NR,NR,NR,NR,NR,NR,NR,,,2025-09-14
West Bengal,Purulia,37,,NR,38,84,118,111,105,99,45,57,177,194,158,149,174,141,53,281,27,16,25,42,NR,NR,46,NR,58,112,651,61,77,50,82,31,44,37,20,45,,,2025-09-14
West Bengal,Kharagpur,NR,,NR,NR,NR,NR,NR,NR,NR,NR,NR,NR,NR,NR,NR,NR,NR,NR,NR,NR,NR,NR,NR,NR,NR,NR,NR,NR,NR,NR,NR,NR,NR,NR,NR,NR,NR,NR,NR,,,2025-09-14
West Bengal,Rampurhat,NR,,NR,NR,NR,NR,NR,NR,NR,NR,NR,NR,NR,NR,NR,NR,NR,NR,NR,NR,NR,NR,NR,NR,NR,NR,NR,NR,NR,NR,NR,NR,NR,NR,NR,NR,NR,NR,NR,,,2025-09-14
West Bengal,Malda,NR,,NR,NR,NR,NR,NR,NR,NR,NR,NR,NR,NR,NR,NR,NR,NR,NR,NR,NR,NR,NR,NR,NR,NR,NR,NR,NR,NR,NR,NR,NR,NR,NR,NR,NR,NR,NR,NR,,,2025-09-14
West Bengal,Raiganj,NR,,NR,NR,NR,NR,NR,NR,NR,NR,NR,NR,NR,NR,NR,NR,NR,NR,NR,NR,NR,NR,NR,NR,NR,NR,NR,NR,NR,NR,NR,NR,NR,NR,NR,NR,NR,NR,NR,,,2025-09-14
West Bengal,Alipurduar,NR,,NR,NR,NR,NR,NR,NR,NR,NR,NR,NR,NR,NR,NR,NR,NR,NR,NR,NR,NR,NR,NR,NR,NR,NR,NR,NR,NR,NR,NR,NR,NR,NR,NR,NR,NR,NR,NR,,,2025-09-14
West Bengal,Asansol,NR,,NR,NR,NR,NR,NR,NR,NR,NR,NR,NR,NR,NR,NR,NR,NR,NR,NR,NR,NR,NR,NR,NR,NR,NR,NR,NR,NR,NR,NR,NR,NR,NR,NR,NR,NR,NR,NR,,,2025-09-14
West Bengal,Balurghat,NR,,NR,NR,NR,NR,NR,NR,NR,NR,NR,NR,NR,NR,NR,NR,NR,NR,NR,NR,NR,NR,NR,NR,NR,NR,NR,NR,NR,NR,NR,NR,NR,NR,NR,NR,NR,NR,NR,,,2025-09-14
West Bengal,Bankura,NR,,NR,NR,NR,NR,NR,NR,NR,NR,NR,NR,NR,NR,NR,NR,NR,NR,NR,NR,NR,NR,NR,NR,NR,NR,NR,NR,NR,NR,NR,NR,NR,NR,NR,NR,NR,NR,NR,,,2025-09-14
West Bengal,Barasat,50,,31,39,92,125,107,109,114,46,57,199,192,190,151,166,137,62,274,27,22,28,38,56,55,39,65,54,75,632,57,76,59,84,37,35,25,14,34,,,2025-09-14
West Bengal,Bardhaman,55,,NR,41,89,113,115,116,125,47,58,228,192,152,128,165,130,51,309,27,16,25,40,NR,NR,38,NR,45,96,731,60,78,61,90,35,32,24,13,54,,,2025-09-14
West Bengal,Baruipur,NR,,NR,NR,NR,NR,NR,NR,NR,NR,NR,NR,NR,NR,NR,NR,NR,NR,NR,NR,NR,NR,NR,NR,NR,NR,NR,NR,NR,NR,NR,NR,NR,NR,NR,NR,NR,NR,NR,,,2025-09-14
West Bengal,Berhampore,45,,30,41,78,110,111,102,96,48,60,NR,180,144,152,174,143,49,273,24,19,25,34,NR,NR,39,NR,62,69,617,62,78,43,97,30,31,25,15,33,,,2025-09-14
West Bengal,Chinsurah,NR,,NR,NR,NR,NR,NR,NR,NR,NR,NR,NR,NR,NR,NR,NR,NR,NR,NR,NR,NR,NR,NR,NR,NR,NR,NR,NR,NR,NR,NR,NR,NR,NR,NR,NR,NR,NR,NR,,,2025-09-14
West Bengal,Cooch behar,NR,,NR,NR,NR,NR,NR,NR,NR,NR,NR,NR,NR,NR,NR,NR,NR,NR,NR,NR,NR,NR,NR,NR,NR,NR,NR,NR,NR,NR,NR,NR,NR,NR,NR,NR,NR,NR,NR,,,2025-09-14
West Bengal,Howrah,57,,NR,39,103,128,110,129,118,50,62,NR,203,200,156,177,NR,68,252,29,16,25,50,NR,NR,NR,NR,55,112,687,58,75,80,108,34,35,31,15,53,,,2025-09-14
West Bengal,Jalapiguri,NR,,NR,NR,NR,NR,NR,NR,NR,NR,NR,NR,NR,NR,NR,NR,NR,NR,NR,NR,NR,NR,NR,NR,NR,NR,NR,NR,NR,NR,NR,NR,NR,NR,NR,NR,NR,NR,NR,,,2025-09-14
West Bengal,Jhargram,NR,,NR,NR,NR,NR,NR,NR,NR,NR,NR,NR,NR,NR,NR,NR,NR,NR,NR,NR,NR,NR,NR,NR,NR,NR,NR,NR,NR,NR,NR,NR,NR,NR,NR,NR,NR,NR,NR,,,2025-09-14
West Bengal,Kalimpong,NR,,NR,NR,NR,NR,NR,NR,NR,NR,NR,NR,NR,NR,NR,NR,NR,NR,NR,NR,NR,NR,NR,NR,NR,NR,NR,NR,NR,NR,NR,NR,NR,NR,NR,NR,NR,NR,NR,,,2025-09-14
West Bengal,Krishnagar,NR,,NR,NR,NR,NR,NR,NR,NR,NR,NR,NR,NR,NR,NR,NR,NR,NR,NR,NR,NR,NR,NR,NR,NR,NR,NR,NR,NR,NR,NR,NR,NR,NR,NR,NR,NR,NR,NR,,,2025-09-14
West Bengal,Tamluk,NR,,NR,NR,NR,NR,NR,NR,NR,NR,NR,NR,NR,NR,NR,NR,NR,NR,NR,NR,NR,NR,NR,NR,NR,NR,NR,NR,NR,NR,NR,NR,NR,NR,NR,NR,NR,NR,NR,,,2025-09-14
NORTH EAST ZONE,NORTH EAST ZONE,,,,,,,,,,,,,,,,,,,,,,,,,,,,,,,,,,,,,,,,,,2025-09-14
Andaman and Nicobar,Port Blair,NR,,NR,NR,NR,NR,NR,NR,NR,NR,NR,NR,NR,NR,NR,NR,NR,NR,NR,NR,NR,NR,NR,NR,NR,NR,NR,NR,NR,NR,NR,NR,NR,NR,NR,NR,NR,NR,NR,,,2025-09-14
Andaman and Nicobar,Mayabunder,NR,,NR,NR,NR,NR,NR,NR,NR,NR,NR,NR,NR,NR,NR,NR,NR,NR,NR,NR,NR,NR,NR,NR,NR,NR,NR,NR,NR,NR,NR,NR,NR,NR,NR,NR,NR,NR,NR,,,2025-09-14
Andaman and Nicobar,Car Nicobar,NR,,NR,NR,NR,NR,NR,NR,NR,NR,NR,NR,NR,NR,NR,NR,NR,NR,NR,NR,NR,NR,NR,NR,NR,NR,NR,NR,NR,NR,NR,NR,NR,NR,NR,NR,NR,NR,NR,,,2025-09-14
Arunachal pradesh,Itanagar,39,,NR,44,91,143,130,120,90,50,74,NR,209,176,149,208,NR,75,400,17,27,32,38,NR,NR,45,NR,52,99,702,57,84,42,79,57,53,30,17,69,,,2025-09-14
Arunachal pradesh,Namsai,36,,NR,42,90,120,120,120,93,50,76,NR,169,NR,187,165,NR,80,278,15,25,30,50,NR,NR,52,NR,60,120,660,59,96,26,80,50,30,30,18,55,,,2025-09-14
Arunachal pradesh,Pasighat,50,,NR,50,100,130,130,100,100,60,78,176,220,165,172,169,NR,90,400,20,30,40,70,NR,NR,50,NR,53,73,692,59,100,70,100,75,83,43,15,60,,,2025-09-14
Arunachal pradesh,Tawang,45,,45,45,100,142,140,137,98,57,73,NR,208,120,137,165,NR,100,340,20,41,42,52,NR,NR,42,NR,53,93,684,57,92,50,98,28,83,30,28,62,,,2025-09-14
Assam,Guwahati,39,,33,40,81,106,95,100,90,49,70,223,205,165,154,170,143,60,220,13,22,33,60,NR,NR,42,NR,44,NR,NR,NR,83,42,NR,37,NR,22,19,80,,,2025-09-14
Assam,Barpeta,35,,41,39,85,107,95,99,82,49,72,198,208,139,157,192,155,58,240,10,19,29,43,49,43,42,97,52,83,746,63,79,32,83,38,33,28,18,58,,,2025-09-14
Assam,Tinsukia,NR,,NR,NR,NR,NR,NR,NR,NR,NR,NR,NR,NR,NR,NR,NR,NR,NR,NR,NR,NR,NR,NR,NR,NR,NR,NR,NR,NR,NR,NR,NR,NR,NR,NR,NR,NR,NR,NR,,,2025-09-14
Assam,Dhubri,NR,,NR,NR,NR,NR,NR,NR,NR,NR,NR,NR,NR,NR,NR,NR,NR,NR,NR,NR,NR,NR,NR,NR,NR,NR,NR,NR,NR,NR,NR,NR,NR,NR,NR,NR,NR,NR,NR,,,2025-09-14
Assam,Goalpara,42,,32,39,91,136,120,111,88,48,59,NR,184,161,151,164,158,51,258,10,18,30,38,NR,NR,38,NR,54,97,659,60,80,40,97,41,31,31,18,57,,,2025-09-14
Assam,Golaghat,NR,,NR,NR,NR,NR,NR,NR,NR,NR,NR,NR,NR,NR,NR,NR,NR,NR,NR,NR,NR,NR,NR,NR,NR,NR,NR,NR,NR,NR,NR,NR,NR,NR,NR,NR,NR,NR,NR,,,2025-09-14
Assam,Mangaldai,45,,33,38,78,100,95,110,87,48,70,NR,189,145,141,160,164,60,260,12,19,35,50,NR,NR,39,NR,42,NR,NR,NR,90,30,NR,NR,NR,30,17,65,,,2025-09-14
Assam,Mushalpur,39,,38,36,91,129,95,118,90,48,73,NR,211,144,152,148,144,50,243,10,20,30,58,NR,NR,37,NR,50,82,817,60,81,35,87,29,NR,23,15,57,,,2025-09-14
Assam,Udalguri,41,,NR,41,99,129,97,107,85,45,75,NR,213,NR,145,172,145,58,260,11,19,33,46,NR,NR,39,NR,39,75,687,NR,79,29,80,42,NR,21,13,53,,,2025-09-14
Assam,Bajali,36,,33,40,90,118,105,115,90,48,78,164,209,NR,159,183,137,59,363,10,20,30,42,NR,NR,36,103,45,85,916,60,102,30,90,61,60,32,25,70,,,2025-09-14
Assam,Hojai,36,,NR,40,88,110,102,100,90,49,62,NR,199,146,136,175,152,70,242,11,20,30,47,NR,NR,39,NR,42,80,672,57,82,35,101,33,40,30,11,47,,,2025-09-14
Assam,Jorhat,40,,36,38,85,110,114,107,105,50,74,181,209,160,148,160,132,60,208,12,20,26,60,NR,NR,55,NR,54,78,NR,NR,93,40,NR,NR,NR,NR,12,53,,,2025-09-14
Assam,Bongaigaon,44,,NR,35,82,112,97,110,90,47,70,NR,184,152,150,165,NR,60,322,10,20,30,59,NR,NR,37,NR,60,76,NR,NR,84,40,NR,40,NR,30,18,55,,,2025-09-14
Assam,Morigaon,NR,,NR,NR,NR,NR,NR,NR,NR,NR,NR,NR,NR,NR,NR,NR,NR,NR,NR,NR,NR,NR,NR,NR,NR,NR,NR,NR,NR,NR,NR,NR,NR,NR,NR,NR,NR,NR,NR,,,2025-09-14
Assam,Sonari,40,,41,41,97,115,NR,115,100,48,77,NR,199,NR,154,NR,NR,71,220,12,19,30,62,NR,NR,37,NR,60,95,NR,NR,81,45,75,43,42,30,15,52,,,2025-09-14
Assam,Tamulpur,38,,39,39,88,112,105,110,89,49,77,NR,190,140,134,NR,117,60,253,10,19,30,60,NR,NR,39,NR,50,80,736,NR,96,40,NR,NR,NR,23,10,58,,,2025-09-14
Assam,Sivasagar,49,,41,50,91,127,118,108,105,48,77,NR,212,202,176,192,153,58,253,11,24,28,63,33,63,54,NR,58,90,679,62,93,40,78,37,56,33,11,50,,,2025-09-14
Assam,Biswanath Chariali,NR,,NR,NR,NR,NR,NR,NR,NR,NR,NR,NR,NR,NR,NR,NR,NR,NR,NR,NR,NR,NR,NR,NR,NR,NR,NR,NR,NR,NR,NR,NR,NR,NR,NR,NR,NR,NR,NR,,,2025-09-14
Assam,Dibrugarh,36,,NR,38,91,119,118,109,103,49,74,NR,207,152,171,186,NR,60,250,15,23,30,57,NR,NR,41,NR,57,93,775,60,94,53,82,39,43,30,13,60,,,2025-09-14
Assam,Karimganj,37,,NR,40,83,115,120,102,81,49,75,NR,207,NR,126,183,NR,70,235,14,20,29,60,NR,NR,40,NR,65,130,NR,60,90,50,NR,37,NR,26,15,48,,,2025-09-14
Assam,Majuli,35,,38,45,90,120,91,115,100,50,70,NR,187,NR,136,NR,NR,60,260,15,22,32,46,NR,NR,40,NR,42,113,NR,NR,84,40,70,45,NR,35,15,40,,,2025-09-14
Assam,Sonitpur Tezpur,37,,30,41,87,115,100,112,85,47,69,163,NR,167,142,162,120,49,310,10,20,25,47,NR,NR,40,NR,45,80,749,62,84,40,96,50,60,30,17,80,,,2025-09-14
Assam,Haflong,35,,NR,45,90,120,NR,115,85,55,77,NR,187,NR,132,198,NR,80,270,15,25,35,45,NR,NR,44,NR,45,90,758,62,90,45,110,40,40,25,19,80,,,2025-09-14
Assam,AS-Lakhimpur,39,,NR,41,86,112,105,112,92,49,72,NR,181,156,156,161,NR,56,188,15,18,28,51,NR,NR,41,NR,42,88,606,59,76,47,81,37,59,32,13,48,,,2025-09-14
Assam,Diphu,40,,NR,39,90,112,110,111,90,50,74,NR,192,NR,143,NR,126,90,243,13,20,35,47,42,55,41,62,65,103,712,62,86,22,92,60,40,26,13,60,,,2025-09-14
Assam,Nalbari,NR,,NR,NR,NR,NR,NR,NR,NR,NR,NR,NR,NR,NR,NR,NR,NR,NR,NR,NR,NR,NR,NR,NR,NR,NR,NR,NR,NR,NR,NR,NR,NR,NR,NR,NR,NR,NR,NR,,,2025-09-14
Assam,South Salmara Mankachar,38,,39,39,81,142,NR,116,80,47,73,NR,199,181,170,181,143,60,230,11,29,31,NR,83,85,41,NR,61,NR,807,59,84,41,74,42,48,39,21,58,,,2025-09-14
Assam,Kamrup,38,,NR,38,86,119,89,104,85,47,70,NR,218,NR,174,190,122,53,213,15,20,31,41,NR,NR,38,NR,45,80,NR,58,84,35,NR,42,NR,24,15,53,,,2025-09-14
Manipur,Imphal,NR,,NR,NR,NR,NR,NR,NR,NR,NR,NR,NR,NR,NR,NR,NR,NR,NR,NR,NR,NR,NR,NR,NR,NR,NR,NR,NR,NR,NR,NR,NR,NR,NR,NR,NR,NR,NR,NR,,,2025-09-14
Manipur,Chandel,60,,NR,50,NR,170,170,140,100,60,75,143,181,NR,181,NR,NR,120,220,30,30,40,100,NR,NR,50,NR,37,90,637,63,91,NR,64,50,NR,26,15,70,,,2025-09-14
Manipur,Jiribam,NR,,NR,NR,NR,NR,NR,NR,NR,NR,NR,NR,NR,NR,NR,NR,NR,NR,NR,NR,NR,NR,NR,NR,NR,NR,NR,NR,NR,NR,NR,NR,NR,NR,NR,NR,NR,NR,NR,,,2025-09-14
Manipur,Kangpokpi,NR,,NR,NR,NR,NR,NR,NR,NR,NR,NR,NR,NR,NR,NR,NR,NR,NR,NR,NR,NR,NR,NR,NR,NR,NR,NR,NR,NR,NR,NR,NR,NR,NR,NR,NR,NR,NR,NR,,,2025-09-14
Manipur,Senapati,NR,,NR,NR,NR,NR,NR,NR,NR,NR,NR,NR,NR,NR,NR,NR,NR,NR,NR,NR,NR,NR,NR,NR,NR,NR,NR,NR,NR,NR,NR,NR,NR,NR,NR,NR,NR,NR,NR,,,2025-09-14
Manipur,Tamenglong,NR,,NR,NR,NR,NR,NR,NR,NR,NR,NR,NR,NR,NR,NR,NR,NR,NR,NR,NR,NR,NR,NR,NR,NR,NR,NR,NR,NR,NR,NR,NR,NR,NR,NR,NR,NR,NR,NR,,,2025-09-14
Manipur,Thoubal,NR,,NR,NR,NR,NR,NR,NR,NR,NR,NR,NR,NR,NR,NR,NR,NR,NR,NR,NR,NR,NR,NR,NR,NR,NR,NR,NR,NR,NR,NR,NR,NR,NR,NR,NR,NR,NR,NR,,,2025-09-14
Manipur,Ukhrul,NR,,NR,NR,NR,NR,NR,NR,NR,NR,NR,NR,NR,NR,NR,NR,NR,NR,NR,NR,NR,NR,NR,NR,NR,NR,NR,NR,NR,NR,NR,NR,NR,NR,NR,NR,NR,NR,NR,,,2025-09-14
Meghalaya,Shillong,NR,,NR,NR,NR,NR,NR,NR,NR,NR,NR,NR,NR,NR,NR,NR,NR,NR,NR,NR,NR,NR,NR,NR,NR,NR,NR,NR,NR,NR,NR,NR,NR,NR,NR,NR,NR,NR,NR,,,2025-09-14
Meghalaya,Tura,NR,,NR,NR,NR,NR,NR,NR,NR,NR,NR,NR,NR,NR,NR,NR,NR,NR,NR,NR,NR,NR,NR,NR,NR,NR,NR,NR,NR,NR,NR,NR,NR,NR,NR,NR,NR,NR,NR,,,2025-09-14
Meghalaya,Jowai,37,,41,40,90,NR,NR,120,87,50,74,NR,154,NR,152,NR,NR,80,360,15,25,38,47,NR,NR,41,NR,40,88,651,62,80,50,80,50,40,30,16,73,,,2025-09-14
Meghalaya,Sohra,NR,,NR,NR,NR,NR,NR,NR,NR,NR,NR,NR,NR,NR,NR,NR,NR,NR,NR,NR,NR,NR,NR,NR,NR,NR,NR,NR,NR,NR,NR,NR,NR,NR,NR,NR,NR,NR,NR,,,2025-09-14
Meghalaya,Mairang,NR,,NR,NR,NR,NR,NR,NR,NR,NR,NR,NR,NR,NR,NR,NR,NR,NR,NR,NR,NR,NR,NR,NR,NR,NR,NR,NR,NR,NR,NR,NR,NR,NR,NR,NR,NR,NR,NR,,,2025-09-14
Meghalaya,Nongpoh,NR,,NR,NR,NR,NR,NR,NR,NR,NR,NR,NR,NR,NR,NR,NR,NR,NR,NR,NR,NR,NR,NR,NR,NR,NR,NR,NR,NR,NR,NR,NR,NR,NR,NR,NR,NR,NR,NR,,,2025-09-14
Meghalaya,Khliehriat,39,,41,40,93,137,NR,115,84,49,75,NR,156,NR,154,NR,NR,NR,320,30,28,38,47,NR,NR,41,NR,44,77,NR,60,78,43,78,58,43,28,15,77,,,2025-09-14
Meghalaya,Williamnagar,NR,,NR,NR,NR,NR,NR,NR,NR,NR,NR,NR,NR,NR,NR,NR,NR,NR,NR,NR,NR,NR,NR,NR,NR,NR,NR,NR,NR,NR,NR,NR,NR,NR,NR,NR,NR,NR,NR,,,2025-09-14
Meghalaya,Nongstoin,NR,,NR,NR,NR,NR,NR,NR,NR,NR,NR,NR,NR,NR,NR,NR,NR,NR,NR,NR,NR,NR,NR,NR,NR,NR,NR,NR,NR,NR,NR,NR,NR,NR,NR,NR,NR,NR,NR,,,2025-09-14
Meghalaya,Mawkyrwat,NR,,NR,NR,NR,NR,NR,NR,NR,NR,NR,NR,NR,NR,NR,NR,NR,NR,NR,NR,NR,NR,NR,NR,NR,NR,NR,NR,NR,NR,NR,NR,NR,NR,NR,NR,NR,NR,NR,,,2025-09-14
Mizoram,Aizawl,NR,,NR,NR,NR,NR,NR,NR,NR,NR,NR,NR,NR,NR,NR,NR,NR,NR,NR,NR,NR,NR,NR,NR,NR,NR,NR,NR,NR,NR,NR,NR,NR,NR,NR,NR,NR,NR,NR,,,2025-09-14
Mizoram,Lunglei,55,,40,50,117,NR,153,140,100,55,85,NR,231,220,143,253,NR,97,460,30,40,60,105,NR,NR,50,NR,92,107,681,60,100,67,100,100,67,42,20,90,,,2025-09-14
Mizoram,Kolasib,49,,40,43,95,160,130,128,92,55,80,NR,204,NR,135,164,143,100,470,30,40,40,90,NR,40,43,NR,78,137,659,60,90,70,92,100,83,40,35,50,,,2025-09-14
Mizoram,Mamit,NR,,NR,NR,NR,NR,NR,NR,NR,NR,NR,NR,NR,NR,NR,NR,NR,NR,NR,NR,NR,NR,NR,NR,NR,NR,NR,NR,NR,NR,NR,NR,NR,NR,NR,NR,NR,NR,NR,,,2025-09-14
Mizoram,Champhai,45,,35,45,90,140,NR,127,100,57,80,NR,165,209,159,NR,NR,93,520,30,52,60,77,NR,NR,45,NR,80,90,576,60,108,55,97,NR,NR,68,40,70,,,2025-09-14
Mizoram,Serchhip,NR,,NR,NR,NR,NR,NR,NR,NR,NR,NR,NR,NR,NR,NR,NR,NR,NR,NR,NR,NR,NR,NR,NR,NR,NR,NR,NR,NR,NR,NR,NR,NR,NR,NR,NR,NR,NR,NR,,,2025-09-14
Mizoram,Siaha,55,,NR,50,103,157,138,148,102,55,80,NR,242,219,143,NR,110,100,250,30,40,52,NR,NR,NR,50,100,95,110,631,60,100,100,80,NR,60,60,40,93,,,2025-09-14
Mizoram,Lawngtlai,50,,45,50,100,160,140,140,100,50,80,NR,242,NR,143,NR,121,110,480,30,40,60,NR,NR,NR,50,NR,80,140,660,60,100,80,100,NR,90,60,40,100,,,2025-09-14
Mizoram,Hnahthial,53,,45,50,NR,153,157,133,103,52,84,NR,231,NR,139,NR,NR,135,500,30,37,50,120,NR,NR,50,NR,90,140,620,60,100,70,90,NR,90,50,20,85,,,2025-09-14
Mizoram,Khawzawl,53,,35,47,95,NR,132,128,93,55,82,NR,212,146,152,143,132,127,453,30,38,50,83,NR,NR,47,NR,80,100,617,60,98,53,93,NR,87,53,40,78,,,2025-09-14
Mizoram,Saitual,NR,,NR,NR,NR,NR,NR,NR,NR,NR,NR,NR,NR,NR,NR,NR,NR,NR,NR,NR,NR,NR,NR,NR,NR,NR,NR,NR,NR,NR,NR,NR,NR,NR,NR,NR,NR,NR,NR,,,2025-09-14
Nagaland,Kohima,NR,,NR,NR,NR,NR,NR,NR,NR,NR,NR,NR,NR,NR,NR,NR,NR,NR,NR,NR,NR,NR,NR,NR,NR,NR,NR,NR,NR,NR,NR,NR,NR,NR,NR,NR,NR,NR,NR,,,2025-09-14
Nagaland,Dimapur,NR,,NR,NR,NR,NR,NR,NR,NR,NR,NR,NR,NR,NR,NR,NR,NR,NR,NR,NR,NR,NR,NR,NR,NR,NR,NR,NR,NR,NR,NR,NR,NR,NR,NR,NR,NR,NR,NR,,,2025-09-14
Nagaland,Tuensang,NR,,NR,NR,NR,NR,NR,NR,NR,NR,NR,NR,NR,NR,NR,NR,NR,NR,NR,NR,NR,NR,NR,NR,NR,NR,NR,NR,NR,NR,NR,NR,NR,NR,NR,NR,NR,NR,NR,,,2025-09-14
Nagaland,Mokochung,NR,,NR,NR,NR,NR,NR,NR,NR,NR,NR,NR,NR,NR,NR,NR,NR,NR,NR,NR,NR,NR,NR,NR,NR,NR,NR,NR,NR,NR,NR,NR,NR,NR,NR,NR,NR,NR,NR,,,2025-09-14
Nagaland,Chumukedima,NR,,NR,NR,NR,NR,NR,NR,NR,NR,NR,NR,NR,NR,NR,NR,NR,NR,NR,NR,NR,NR,NR,NR,NR,NR,NR,NR,NR,NR,NR,NR,NR,NR,NR,NR,NR,NR,NR,,,2025-09-14
Nagaland,Mon,NR,,NR,NR,NR,NR,NR,NR,NR,NR,NR,NR,NR,NR,NR,NR,NR,NR,NR,NR,NR,NR,NR,NR,NR,NR,NR,NR,NR,NR,NR,NR,NR,NR,NR,NR,NR,NR,NR,,,2025-09-14
Nagaland,Peren,NR,,NR,NR,NR,NR,NR,NR,NR,NR,NR,NR,NR,NR,NR,NR,NR,NR,NR,NR,NR,NR,NR,NR,NR,NR,NR,NR,NR,NR,NR,NR,NR,NR,NR,NR,NR,NR,NR,,,2025-09-14
Nagaland,Phek,NR,,NR,NR,NR,NR,NR,NR,NR,NR,NR,NR,NR,NR,NR,NR,NR,NR,NR,NR,NR,NR,NR,NR,NR,NR,NR,NR,NR,NR,NR,NR,NR,NR,NR,NR,NR,NR,NR,,,2025-09-14
Nagaland,Tseminyu,NR,,NR,NR,NR,NR,NR,NR,NR,NR,NR,NR,NR,NR,NR,NR,NR,NR,NR,NR,NR,NR,NR,NR,NR,NR,NR,NR,NR,NR,NR,NR,NR,NR,NR,NR,NR,NR,NR,,,2025-09-14
Nagaland,Wokha,NR,,NR,NR,NR,NR,NR,NR,NR,NR,NR,NR,NR,NR,NR,NR,NR,NR,NR,NR,NR,NR,NR,NR,NR,NR,NR,NR,NR,NR,NR,NR,NR,NR,NR,NR,NR,NR,NR,,,2025-09-14
Nagaland,Zunheboto,NR,,NR,NR,NR,NR,NR,NR,NR,NR,NR,NR,NR,NR,NR,NR,NR,NR,NR,NR,NR,NR,NR,NR,NR,NR,NR,NR,NR,NR,NR,NR,NR,NR,NR,NR,NR,NR,NR,,,2025-09-14
Nagaland,Kiphire,NR,,NR,NR,NR,NR,NR,NR,NR,NR,NR,NR,NR,NR,NR,NR,NR,NR,NR,NR,NR,NR,NR,NR,NR,NR,NR,NR,NR,NR,NR,NR,NR,NR,NR,NR,NR,NR,NR,,,2025-09-14
Nagaland,Longleng,NR,,NR,NR,NR,NR,NR,NR,NR,NR,NR,NR,NR,NR,NR,NR,NR,NR,NR,NR,NR,NR,NR,NR,NR,NR,NR,NR,NR,NR,NR,NR,NR,NR,NR,NR,NR,NR,NR,,,2025-09-14
Nagaland,Niuland,NR,,NR,NR,NR,NR,NR,NR,NR,NR,NR,NR,NR,NR,NR,NR,NR,NR,NR,NR,NR,NR,NR,NR,NR,NR,NR,NR,NR,NR,NR,NR,NR,NR,NR,NR,NR,NR,NR,,,2025-09-14
Nagaland,Shamator,NR,,NR,NR,NR,NR,NR,NR,NR,NR,NR,NR,NR,NR,NR,NR,NR,NR,NR,NR,NR,NR,NR,NR,NR,NR,NR,NR,NR,NR,NR,NR,NR,NR,NR,NR,NR,NR,NR,,,2025-09-14
Nagaland,Noklak,NR,,NR,NR,NR,NR,NR,NR,NR,NR,NR,NR,NR,NR,NR,NR,NR,NR,NR,NR,NR,NR,NR,NR,NR,NR,NR,NR,NR,NR,NR,NR,NR,NR,NR,NR,NR,NR,NR,,,2025-09-14
Sikkim,Gangtok,NR,,NR,NR,NR,NR,NR,NR,NR,NR,NR,NR,NR,NR,NR,NR,NR,NR,NR,NR,NR,NR,NR,NR,NR,NR,NR,NR,NR,NR,NR,NR,NR,NR,NR,NR,NR,NR,NR,,,2025-09-14
Sikkim,Gyalshing,NR,,NR,NR,NR,NR,NR,NR,NR,NR,NR,NR,NR,NR,NR,NR,NR,NR,NR,NR,NR,NR,NR,NR,NR,NR,NR,NR,NR,NR,NR,NR,NR,NR,NR,NR,NR,NR,NR,,,2025-09-14
Sikkim,Namchi,NR,,NR,NR,NR,NR,NR,NR,NR,NR,NR,NR,NR,NR,NR,NR,NR,NR,NR,NR,NR,NR,NR,NR,NR,NR,NR,NR,NR,NR,NR,NR,NR,NR,NR,NR,NR,NR,NR,,,2025-09-14
Sikkim,Soreng,NR,,NR,NR,NR,NR,NR,NR,NR,NR,NR,NR,NR,NR,NR,NR,NR,NR,NR,NR,NR,NR,NR,NR,NR,NR,NR,NR,NR,NR,NR,NR,NR,NR,NR,NR,NR,NR,NR,,,2025-09-14
Sikkim,Mangan,NR,,NR,NR,NR,NR,NR,NR,NR,NR,NR,NR,NR,NR,NR,NR,NR,NR,NR,NR,NR,NR,NR,NR,NR,NR,NR,NR,NR,NR,NR,NR,NR,NR,NR,NR,NR,NR,NR,,,2025-09-14
Sikkim,Pakyong,NR,,NR,NR,NR,NR,NR,NR,NR,NR,NR,NR,NR,NR,NR,NR,NR,NR,NR,NR,NR,NR,NR,NR,NR,NR,NR,NR,NR,NR,NR,NR,NR,NR,NR,NR,NR,NR,NR,,,2025-09-14
Tripura,Agartala,NR,,NR,NR,NR,NR,NR,NR,NR,NR,NR,NR,NR,NR,NR,NR,NR,NR,NR,NR,NR,NR,NR,NR,NR,NR,NR,NR,NR,NR,NR,NR,NR,NR,NR,NR,NR,NR,NR,,,2025-09-14
Tripura,Dharmanagar,NR,,NR,NR,NR,NR,NR,NR,NR,NR,NR,NR,NR,NR,NR,NR,NR,NR,NR,NR,NR,NR,NR,NR,NR,NR,NR,NR,NR,NR,NR,NR,NR,NR,NR,NR,NR,NR,NR,,,2025-09-14
Tripura,Belonia,NR,,NR,NR,NR,NR,NR,NR,NR,NR,NR,NR,NR,NR,NR,NR,NR,NR,NR,NR,NR,NR,NR,NR,NR,NR,NR,NR,NR,NR,NR,NR,NR,NR,NR,NR,NR,NR,NR,,,2025-09-14
Tripura,TR-Udaipur,NR,,NR,NR,NR,NR,NR,NR,NR,NR,NR,NR,NR,NR,NR,NR,NR,NR,NR,NR,NR,NR,NR,NR,NR,NR,NR,NR,NR,NR,NR,NR,NR,NR,NR,NR,NR,NR,NR,,,2025-09-14
SOUTH ZONE,SOUTH ZONE,,,,,,,,,,,,,,,,,,,,,,,,,,,,,,,,,,,,,,,,,,2025-09-14
Andhra Pradesh,Vijaywada,46,,43,45,83,105,107,108,89,47,60,170,156,148,NR,160,126,54,287,16,31,23,22,41,43,42,52,45,95,586,58,68,32,88,22,39,23,18,48,,,2025-09-14
Andhra Pradesh,Visakhapatnam,46,,41,43,82,105,107,105,84,47,58,170,192,148,141,163,128,54,280,15,20,23,25,40,40,41,45,43,89,659,57,70,37,81,33,37,20,15,45,,,2025-09-14
Andhra Pradesh,Kurnool,48,,41,43,81,101,103,107,89,44,58,166,196,125,130,162,118,53,313,19,33,11,13,38,37,41,49,42,89,765,61,73,22,84,34,37,21,13,31,,,2025-09-14
Andhra Pradesh,Tirupathi,NR,,NR,NR,NR,NR,NR,NR,NR,NR,NR,NR,NR,NR,NR,NR,NR,NR,NR,NR,NR,NR,NR,NR,NR,NR,NR,NR,NR,NR,NR,NR,NR,NR,NR,NR,NR,NR,NR,,,2025-09-14
Andhra Pradesh,Jammalamadugu,NR,,NR,NR,NR,NR,NR,NR,NR,NR,NR,NR,NR,NR,NR,NR,NR,NR,NR,NR,NR,NR,NR,NR,NR,NR,NR,NR,NR,NR,NR,NR,NR,NR,NR,NR,NR,NR,NR,,,2025-09-14
Andhra Pradesh,Dharmavaram,NR,,NR,NR,NR,NR,NR,NR,NR,NR,NR,NR,NR,NR,NR,NR,NR,NR,NR,NR,NR,NR,NR,NR,NR,NR,NR,NR,NR,NR,NR,NR,NR,NR,NR,NR,NR,NR,NR,,,2025-09-14
Andhra Pradesh,Ongole,NR,,NR,NR,NR,NR,NR,NR,NR,NR,NR,NR,NR,NR,NR,NR,NR,NR,NR,NR,NR,NR,NR,NR,NR,NR,NR,NR,NR,NR,NR,NR,NR,NR,NR,NR,NR,NR,NR,,,2025-09-14
Andhra Pradesh,Bapatla,NR,,NR,NR,NR,NR,NR,NR,NR,NR,NR,NR,NR,NR,NR,NR,NR,NR,NR,NR,NR,NR,NR,NR,NR,NR,NR,NR,NR,NR,NR,NR,NR,NR,NR,NR,NR,NR,NR,,,2025-09-14
Andhra Pradesh,Rajahmundry,NR,,NR,NR,NR,NR,NR,NR,NR,NR,NR,NR,NR,NR,NR,NR,NR,NR,NR,NR,NR,NR,NR,NR,NR,NR,NR,NR,NR,NR,NR,NR,NR,NR,NR,NR,NR,NR,NR,,,2025-09-14
Andhra Pradesh,Eluru,NR,,NR,NR,NR,NR,NR,NR,NR,NR,NR,NR,NR,NR,NR,NR,NR,NR,NR,NR,NR,NR,NR,NR,NR,NR,NR,NR,NR,NR,NR,NR,NR,NR,NR,NR,NR,NR,NR,,,2025-09-14
Andhra Pradesh,Guntur,NR,,NR,NR,NR,NR,NR,NR,NR,NR,NR,NR,NR,NR,NR,NR,NR,NR,NR,NR,NR,NR,NR,NR,NR,NR,NR,NR,NR,NR,NR,NR,NR,NR,NR,NR,NR,NR,NR,,,2025-09-14
Andhra Pradesh,Amalapuram,NR,,NR,NR,NR,NR,NR,NR,NR,NR,NR,NR,NR,NR,NR,NR,NR,NR,NR,NR,NR,NR,NR,NR,NR,NR,NR,NR,NR,NR,NR,NR,NR,NR,NR,NR,NR,NR,NR,,,2025-09-14
Andhra Pradesh,Nandyala,49,,42,41,82,95,104,108,86,45,58,169,196,144,154,165,130,57,262,15,37,9,13,33,35,41,43,41,86,714,64,71,41,79,28,37,16,16,27,,,2025-09-14
Andhra Pradesh,Parvathipuram,NR,,NR,NR,NR,NR,NR,NR,NR,NR,NR,NR,NR,NR,NR,NR,NR,NR,NR,NR,NR,NR,NR,NR,NR,NR,NR,NR,NR,NR,NR,NR,NR,NR,NR,NR,NR,NR,NR,,,2025-09-14
Andhra Pradesh,Sri Sathya Sai,NR,,NR,NR,NR,NR,NR,NR,NR,NR,NR,NR,NR,NR,NR,NR,NR,NR,NR,NR,NR,NR,NR,NR,NR,NR,NR,NR,NR,NR,NR,NR,NR,NR,NR,NR,NR,NR,NR,,,2025-09-14
Andhra Pradesh,Nellore,NR,,NR,NR,NR,NR,NR,NR,NR,NR,NR,NR,NR,NR,NR,NR,NR,NR,NR,NR,NR,NR,NR,NR,NR,NR,NR,NR,NR,NR,NR,NR,NR,NR,NR,NR,NR,NR,NR,,,2025-09-14
Andhra Pradesh,Srikakulam,NR,,NR,NR,NR,NR,NR,NR,NR,NR,NR,NR,NR,NR,NR,NR,NR,NR,NR,NR,NR,NR,NR,NR,NR,NR,NR,NR,NR,NR,NR,NR,NR,NR,NR,NR,NR,NR,NR,,,2025-09-14
Andhra Pradesh,Vizianagaram,NR,,NR,NR,NR,NR,NR,NR,NR,NR,NR,NR,NR,NR,NR,NR,NR,NR,NR,NR,NR,NR,NR,NR,NR,NR,NR,NR,NR,NR,NR,NR,NR,NR,NR,NR,NR,NR,NR,,,2025-09-14
Andhra Pradesh,Anakapalli,NR,,NR,NR,NR,NR,NR,NR,NR,NR,NR,NR,NR,NR,NR,NR,NR,NR,NR,NR,NR,NR,NR,NR,NR,NR,NR,NR,NR,NR,NR,NR,NR,NR,NR,NR,NR,NR,NR,,,2025-09-14
Andhra Pradesh,Bhimavaram,NR,,NR,NR,NR,NR,NR,NR,NR,NR,NR,NR,NR,NR,NR,NR,NR,NR,NR,NR,NR,NR,NR,NR,NR,NR,NR,NR,NR,NR,NR,NR,NR,NR,NR,NR,NR,NR,NR,,,2025-09-14
Andhra Pradesh,Chittoor,NR,,NR,NR,NR,NR,NR,NR,NR,NR,NR,NR,NR,NR,NR,NR,NR,NR,NR,NR,NR,NR,NR,NR,NR,NR,NR,NR,NR,NR,NR,NR,NR,NR,NR,NR,NR,NR,NR,,,2025-09-14
Andhra Pradesh,Kakinada,NR,,NR,NR,NR,NR,NR,NR,NR,NR,NR,NR,NR,NR,NR,NR,NR,NR,NR,NR,NR,NR,NR,NR,NR,NR,NR,NR,NR,NR,NR,NR,NR,NR,NR,NR,NR,NR,NR,,,2025-09-14
Andhra Pradesh,Machilipatnam,NR,,NR,NR,NR,NR,NR,NR,NR,NR,NR,NR,NR,NR,NR,NR,NR,NR,NR,NR,NR,NR,NR,NR,NR,NR,NR,NR,NR,NR,NR,NR,NR,NR,NR,NR,NR,NR,NR,,,2025-09-14
Andhra Pradesh,Narasaraopeta,NR,,NR,NR,NR,NR,NR,NR,NR,NR,NR,NR,NR,NR,NR,NR,NR,NR,NR,NR,NR,NR,NR,NR,NR,NR,NR,NR,NR,NR,NR,NR,NR,NR,NR,NR,NR,NR,NR,,,2025-09-14
Andhra Pradesh,Paderu,NR,,NR,NR,NR,NR,NR,NR,NR,NR,NR,NR,NR,NR,NR,NR,NR,NR,NR,NR,NR,NR,NR,NR,NR,NR,NR,NR,NR,NR,NR,NR,NR,NR,NR,NR,NR,NR,NR,,,2025-09-14
Andhra Pradesh,Rayachoti,NR,,NR,NR,NR,NR,NR,NR,NR,NR,NR,NR,NR,NR,NR,NR,NR,NR,NR,NR,NR,NR,NR,NR,NR,NR,NR,NR,NR,NR,NR,NR,NR,NR,NR,NR,NR,NR,NR,,,2025-09-14
Andhra Pradesh,Anantapuramu,NR,,NR,NR,NR,NR,NR,NR,NR,NR,NR,NR,NR,NR,NR,NR,NR,NR,NR,NR,NR,NR,NR,NR,NR,NR,NR,NR,NR,NR,NR,NR,NR,NR,NR,NR,NR,NR,NR,,,2025-09-14
Andhra Pradesh,YSR Kadapa,NR,,NR,NR,NR,NR,NR,NR,NR,NR,NR,NR,NR,NR,NR,NR,NR,NR,NR,NR,NR,NR,NR,NR,NR,NR,NR,NR,NR,NR,NR,NR,NR,NR,NR,NR,NR,NR,NR,,,2025-09-14
Karnataka,Bengaluru,49,,41,44,82,105,110,105,92,51,54,157,201,130,152,162,139,58,242,17,28,28,24,47,42,42,45,43,92,698,60,73,40,82,33,43,29,17,52,,,2025-09-14
Karnataka,Dharwad,41,,40,40,81,90,110,108,86,42,54,162,158,103,142,137,130,45,268,26,28,25,26,53,45,53,58,48,88,630,58,72,60,75,34,47,36,15,45,,,2025-09-14
Karnataka,Mangalore,52,,43,44,82,113,129,112,91,42,55,192,175,139,163,150,133,53,202,15,35,30,40,39,59,44,46,46,90,640,57,78,50,84,32,36,23,17,68,,,2025-09-14
Karnataka,Mysore,48,,47,55,88,109,109,110,89,45,48,178,203,191,167,162,146,57,360,21,32,27,23,47,57,53,49,43,80,663,62,69,42,82,31,32,26,16,97,,,2025-09-14
Karnataka,Bengaluru (East Range),47,,46,40,87,117,117,117,91,48,50,177,NR,145,178,169,140,58,255,20,37,22,28,49,42,42,46,42,92,698,60,73,58,83,32,52,28,19,50,,,2025-09-14
Karnataka,Belagavi,44,,39,45,80,97,97,100,84,51,54,178,175,118,160,176,135,42,258,16,23,22,24,55,35,37,41,37,85,721,54,62,41,80,29,60,17,11,36,,,2025-09-14
Karnataka,Kalaburagi,53,,33,40,81,106,120,117,83,43,56,171,162,167,128,150,125,49,186,15,30,20,20,41,41,39,47,39,97,699,60,58,37,69,25,57,19,15,50,,,2025-09-14
Karnataka,Tumakuru,47,,42,43,77,93,105,105,85,45,54,190,198,132,163,162,130,53,227,21,30,25,31,40,52,41,47,43,85,637,59,69,20,83,26,48,22,15,49,,,2025-09-14
Karnataka,Bellary,40,,40,39,72,97,100,100,88,43,54,198,192,141,150,162,140,53,308,24,29,NR,19,38,40,38,47,43,97,693,57,66,23,77,25,27,26,18,56,,,2025-09-14
Karnataka,Dhavanagere,55,,44,50,84,106,115,109,85,46,53,197,202,132,144,169,142,61,293,28,29,28,21,49,53,43,53,46,91,603,56,72,40,72,39,43,22,16,30,,,2025-09-14
Karnataka,Shivamogga,49,,41,41,90,111,122,110,98,44,54,198,180,145,140,144,126,50,240,28,20,23,20,48,52,44,49,52,102,630,58,76,38,80,32,40,28,15,45,,,2025-09-14
Karnataka,Vijayapur,54,,46,44,91,115,128,122,90,45,54,221,205,131,159,165,142,49,242,14,30,22,23,34,39,42,54,44,92,556,61,70,81,97,44,46,38,12,61,,,2025-09-14
Karnataka,Ramanagara,43,,41,41,87,103,118,103,95,42,48,182,203,143,140,158,130,51,188,15,40,29,29,45,44,47,42,43,100,613,62,75,40,90,33,50,21,15,50,,,2025-09-14
Karnataka,Raichur,54,,42,46,81,110,112,105,86,44,62,182,184,173,161,162,127,53,213,15,30,25,37,48,49,45,46,46,91,603,52,71,48,112,50,49,40,17,45,,,2025-09-14
Karnataka,Chamarajanagar,NR,,NR,NR,NR,NR,NR,NR,NR,NR,NR,NR,NR,NR,NR,NR,NR,NR,NR,NR,NR,NR,NR,NR,NR,NR,NR,NR,NR,NR,NR,NR,NR,NR,NR,NR,NR,NR,NR,,,2025-09-14
Karnataka,Kolar,47,,39,43,90,121,111,109,91,45,55,179,168,156,144,156,123,55,227,15,25,26,19,44,45,44,44,41,90,724,60,75,40,91,32,41,32,18,44,,,2025-09-14
Karnataka,Haveri,50,,45,45,90,100,130,120,90,44,64,170,220,154,165,165,121,45,252,13,30,30,20,40,40,45,48,42,90,769,60,72,34,75,30,45,30,15,40,,,2025-09-14
Karnataka,Bagalkot,NR,,NR,NR,NR,NR,NR,NR,NR,NR,NR,NR,NR,NR,NR,NR,NR,NR,NR,NR,NR,NR,NR,NR,NR,NR,NR,NR,NR,NR,NR,NR,NR,NR,NR,NR,NR,NR,NR,,,2025-09-14
Karnataka,Bidar,55,,40,39,78,98,112,102,80,44,59,203,191,135,145,164,149,49,267,12,27,23,27,34,42,43,52,42,88,NR,64,73,48,87,30,32,24,16,57,,,2025-09-14
Karnataka,Koppal,41,,35,40,90,113,117,112,93,42,55,181,154,135,146,157,141,45,237,15,40,20,24,33,35,42,46,43,95,610,60,70,33,90,35,36,23,15,67,,,2025-09-14
Karnataka,Mandya,37,,42,45,86,101,122,109,100,46,46,189,179,134,149,148,114,51,251,15,30,20,20,41,43,45,42,43,100,610,60,73,30,81,29,38,17,15,40,,,2025-09-14
Karnataka,Yadgir,41,,40,36,77,95,97,98,82,45,59,192,181,158,148,159,148,47,185,11,30,30,40,40,52,44,46,43,100,663,59,70,41,71,26,38,26,21,45,,,2025-09-14
Karnataka,Chikkamagalur,46,,39,45,85,109,123,113,89,45,52,177,192,148,146,154,124,49,198,17,29,22,21,45,46,48,44,51,95,606,65,74,52,87,39,51,26,15,43,,,2025-09-14
Karnataka,Bangalore Rural,45,,37,51,87,129,121,106,82,45,50,199,158,116,144,150,105,55,254,17,28,21,20,54,38,48,41,52,98,653,60,73,31,81,36,50,24,20,49,,,2025-09-14
Karnataka,Chikkaballapur,49,,47,42,88,107,112,115,91,46,54,225,214,145,158,167,142,53,291,15,26,27,27,40,40,44,41,45,99,681,61,68,27,80,31,38,19,15,34,,,2025-09-14
Karnataka,Chitradurga,NR,,NR,NR,NR,NR,NR,NR,NR,NR,NR,NR,NR,NR,NR,NR,NR,NR,NR,NR,NR,NR,NR,NR,NR,NR,NR,NR,NR,NR,NR,NR,NR,NR,NR,NR,NR,NR,NR,,,2025-09-14
Karnataka,Gadag,54,,41,45,87,98,131,124,92,47,52,218,177,135,141,142,132,47,237,15,36,26,30,43,41,43,44,42,104,641,63,72,62,87,45,47,34,17,32,,,2025-09-14
Karnataka,Hassan,48,,45,49,88,114,125,114,93,49,54,223,208,153,164,166,124,60,232,21,24,24,19,49,51,45,52,55,95,672,60,74,51,97,46,36,31,15,40,,,2025-09-14
Karnataka,Kodagu,44,,41,46,90,107,116,112,94,47,54,186,172,146,142,147,116,55,251,19,28,29,37,37,41,47,47,47,99,628,59,67,42,69,30,37,19,15,67,,,2025-09-14
Karnataka,Udupi,54,,46,47,93,121,124,112,91,46,50,198,190,148,NR,153,131,53,218,15,30,34,29,36,40,45,48,50,97,711,65,72,54,83,54,66,31,20,71,,,2025-09-14
Karnataka,Uttara Kannada,44,,46,45,95,109,121,115,98,45,48,227,196,175,187,181,127,52,287,20,30,31,41,45,42,43,45,44,95,685,59,71,56,87,33,39,22,19,52,,,2025-09-14
Karnataka,Vijayanagara,49,,43,44,83,105,115,107,88,44,53,184,192,133,131,157,123,48,200,14,30,20,25,34,44,43,46,45,98,648,62,70,31,83,34,36,20,15,65,,,2025-09-14
Kerala,T.Puram,NR,,NR,NR,NR,NR,NR,NR,NR,NR,NR,NR,NR,NR,NR,NR,NR,NR,NR,NR,NR,NR,NR,NR,NR,NR,NR,NR,NR,NR,NR,NR,NR,NR,NR,NR,NR,NR,NR,,,2025-09-14
Kerala,Ernakulam,NR,,NR,NR,NR,NR,NR,NR,NR,NR,NR,NR,NR,NR,NR,NR,NR,NR,NR,NR,NR,NR,NR,NR,NR,NR,NR,NR,NR,NR,NR,NR,NR,NR,NR,NR,NR,NR,NR,,,2025-09-14
Kerala,Kozhikode,NR,,NR,NR,NR,NR,NR,NR,NR,NR,NR,NR,NR,NR,NR,NR,NR,NR,NR,NR,NR,NR,NR,NR,NR,NR,NR,NR,NR,NR,NR,NR,NR,NR,NR,NR,NR,NR,NR,,,2025-09-14
Kerala,Thrissur,NR,,NR,NR,NR,NR,NR,NR,NR,NR,NR,NR,NR,NR,NR,NR,NR,NR,NR,NR,NR,NR,NR,NR,NR,NR,NR,NR,NR,NR,NR,NR,NR,NR,NR,NR,NR,NR,NR,,,2025-09-14
Kerala,Palakkad,NR,,NR,NR,NR,NR,NR,NR,NR,NR,NR,NR,NR,NR,NR,NR,NR,NR,NR,NR,NR,NR,NR,NR,NR,NR,NR,NR,NR,NR,NR,NR,NR,NR,NR,NR,NR,NR,NR,,,2025-09-14
Kerala,Wayanad,NR,,NR,NR,NR,NR,NR,NR,NR,NR,NR,NR,NR,NR,NR,NR,NR,NR,NR,NR,NR,NR,NR,NR,NR,NR,NR,NR,NR,NR,NR,NR,NR,NR,NR,NR,NR,NR,NR,,,2025-09-14
Kerala,Kasargod,NR,,NR,NR,NR,NR,NR,NR,NR,NR,NR,NR,NR,NR,NR,NR,NR,NR,NR,NR,NR,NR,NR,NR,NR,NR,NR,NR,NR,NR,NR,NR,NR,NR,NR,NR,NR,NR,NR,,,2025-09-14
Kerala,Kottayam,NR,,NR,NR,NR,NR,NR,NR,NR,NR,NR,NR,NR,NR,NR,NR,NR,NR,NR,NR,NR,NR,NR,NR,NR,NR,NR,NR,NR,NR,NR,NR,NR,NR,NR,NR,NR,NR,NR,,,2025-09-14
Kerala,Pathanamthitta,NR,,NR,NR,NR,NR,NR,NR,NR,NR,NR,NR,NR,NR,NR,NR,NR,NR,NR,NR,NR,NR,NR,NR,NR,NR,NR,NR,NR,NR,NR,NR,NR,NR,NR,NR,NR,NR,NR,,,2025-09-14
Kerala,Alapuzha,NR,,NR,NR,NR,NR,NR,NR,NR,NR,NR,NR,NR,NR,NR,NR,NR,NR,NR,NR,NR,NR,NR,NR,NR,NR,NR,NR,NR,NR,NR,NR,NR,NR,NR,NR,NR,NR,NR,,,2025-09-14
Kerala,Kollam,NR,,NR,NR,NR,NR,NR,NR,NR,NR,NR,NR,NR,NR,NR,NR,NR,NR,NR,NR,NR,NR,NR,NR,NR,NR,NR,NR,NR,NR,NR,NR,NR,NR,NR,NR,NR,NR,NR,,,2025-09-14
Kerala,Idukki,NR,,NR,NR,NR,NR,NR,NR,NR,NR,NR,NR,NR,NR,NR,NR,NR,NR,NR,NR,NR,NR,NR,NR,NR,NR,NR,NR,NR,NR,NR,NR,NR,NR,NR,NR,NR,NR,NR,,,2025-09-14
Kerala,Kannur,NR,,NR,NR,NR,NR,NR,NR,NR,NR,NR,NR,NR,NR,NR,NR,NR,NR,NR,NR,NR,NR,NR,NR,NR,NR,NR,NR,NR,NR,NR,NR,NR,NR,NR,NR,NR,NR,NR,,,2025-09-14
Kerala,Malapuram,NR,,NR,NR,NR,NR,NR,NR,NR,NR,NR,NR,NR,NR,NR,NR,NR,NR,NR,NR,NR,NR,NR,NR,NR,NR,NR,NR,NR,NR,NR,NR,NR,NR,NR,NR,NR,NR,NR,,,2025-09-14
Puducherry,Puducherry,54,,48,65,90,115,116,110,95,46,52,179,214,198,NR,165,137,64,NR,26,NR,31,NR,37,60,44,52,77,120,894,60,71,58,88,30,35,21,15,67,,,2025-09-14
Tamil Nadu,Chennai,58,,44,43,88,118,113,122,87,46,40,176,225,158,NR,165,137,72,283,27,40,30,28,42,52,47,49,49,90,916,62,76,47,83,29,35,21,14,50,,,2025-09-14
Tamil Nadu,Madurai,NR,,NR,NR,NR,NR,NR,NR,NR,NR,NR,NR,NR,NR,NR,NR,NR,NR,NR,NR,NR,NR,NR,NR,NR,NR,NR,NR,NR,NR,NR,NR,NR,NR,NR,NR,NR,NR,NR,,,2025-09-14
Tamil Nadu,Dindigul,NR,,NR,NR,NR,NR,NR,NR,NR,NR,NR,NR,NR,NR,NR,NR,NR,NR,NR,NR,NR,NR,NR,NR,NR,NR,NR,NR,NR,NR,NR,NR,NR,NR,NR,NR,NR,NR,NR,,,2025-09-14
Tamil Nadu,Thiruchirapalli,NR,,NR,NR,NR,NR,NR,NR,NR,NR,NR,NR,NR,NR,NR,NR,NR,NR,NR,NR,NR,NR,NR,NR,NR,NR,NR,NR,NR,NR,NR,NR,NR,NR,NR,NR,NR,NR,NR,,,2025-09-14
Tamil Nadu,Coimbatore,50,,44,44,89,114,115,113,85,45,40,214,205,166,NR,168,141,61,275,27,42,27,23,39,49,50,49,53,109,743,61,70,55,83,33,36,18,14,53,,,2025-09-14
Tamil Nadu,Tirunelveli,NR,,NR,NR,NR,NR,NR,NR,NR,NR,NR,NR,NR,NR,NR,NR,NR,NR,NR,NR,NR,NR,NR,NR,NR,NR,NR,NR,NR,NR,NR,NR,NR,NR,NR,NR,NR,NR,NR,,,2025-09-14
Tamil Nadu,Cuddalore,NR,,NR,NR,NR,NR,NR,NR,NR,NR,NR,NR,NR,NR,NR,NR,NR,NR,NR,NR,NR,NR,NR,NR,NR,NR,NR,NR,NR,NR,NR,NR,NR,NR,NR,NR,NR,NR,NR,,,2025-09-14
Tamil Nadu,Dharmapuri,NR,,NR,NR,NR,NR,NR,NR,NR,NR,NR,NR,NR,NR,NR,NR,NR,NR,NR,NR,NR,NR,NR,NR,NR,NR,NR,NR,NR,NR,NR,NR,NR,NR,NR,NR,NR,NR,NR,,,2025-09-14
Tamil Nadu,Vellore,NR,,NR,NR,NR,NR,NR,NR,NR,NR,NR,NR,NR,NR,NR,NR,NR,NR,NR,NR,NR,NR,NR,NR,NR,NR,NR,NR,NR,NR,NR,NR,NR,NR,NR,NR,NR,NR,NR,,,2025-09-14
Tamil Nadu,Ramanathapuram,61,,39,51,89,99,111,106,91,46,44,197,NR,162,NR,165,144,56,281,31,41,36,31,40,51,39,52,56,117,831,74,68,51,78,34,32,17,14,50,,,2025-09-14
Tamil Nadu,Erode,NR,,NR,NR,NR,NR,NR,NR,NR,NR,NR,NR,NR,NR,NR,NR,NR,NR,NR,NR,NR,NR,NR,NR,NR,NR,NR,NR,NR,NR,NR,NR,NR,NR,NR,NR,NR,NR,NR,,,2025-09-14
Tamil Nadu,Karur,NR,,NR,NR,NR,NR,NR,NR,NR,NR,NR,NR,NR,NR,NR,NR,NR,NR,NR,NR,NR,NR,NR,NR,NR,NR,NR,NR,NR,NR,NR,NR,NR,NR,NR,NR,NR,NR,NR,,,2025-09-14
Tamil Nadu,Perambalur,48,,NR,64,92,107,116,109,87,47,44,195,208,167,NR,168,148,56,NR,29,37,37,30,42,61,55,50,56,113,681,60,65,42,86,32,38,21,14,58,,,2025-09-14
Tamil Nadu,Pudukkottai,50,,48,65,96,112,118,116,NR,48,45,227,NR,174,NR,166,134,57,NR,28,40,30,30,43,51,42,50,53,115,709,61,70,18,95,26,42,19,14,60,,,2025-09-14
Tamil Nadu,Sivagangai,53,,46,66,94,116,122,118,90,47,44,215,NR,207,NR,168,145,59,292,28,50,30,30,38,53,57,52,61,119,763,75,71,43,81,30,40,20,14,51,,,2025-09-14
Tamil Nadu,Thanjavur,53,,47,50,87,123,119,119,90,47,44,201,231,166,NR,166,136,59,280,27,32,27,25,37,50,48,48,48,125,861,70,72,43,92,36,43,23,13,62,,,2025-09-14
Tamil Nadu,The nilgiris,NR,,NR,NR,NR,NR,NR,NR,NR,NR,NR,NR,NR,NR,NR,NR,NR,NR,NR,NR,NR,NR,NR,NR,NR,NR,NR,NR,NR,NR,NR,NR,NR,NR,NR,NR,NR,NR,NR,,,2025-09-14
Tamil Nadu,Thoothukudi,51,,45,65,90,110,120,110,90,47,46,209,214,176,NR,156,143,56,320,10,30,35,20,35,50,60,50,65,120,857,61,72,40,87,27,36,19,12,50,,,2025-09-14
Tamil Nadu,Viluppuram,NR,,NR,NR,NR,NR,NR,NR,NR,NR,NR,NR,NR,NR,NR,NR,NR,NR,NR,NR,NR,NR,NR,NR,NR,NR,NR,NR,NR,NR,NR,NR,NR,NR,NR,NR,NR,NR,NR,,,2025-09-14
Tamil Nadu,Virudhunagar,NR,,NR,NR,NR,NR,NR,NR,NR,NR,NR,NR,NR,NR,NR,NR,NR,NR,NR,NR,NR,NR,NR,NR,NR,NR,NR,NR,NR,NR,NR,NR,NR,NR,NR,NR,NR,NR,NR,,,2025-09-14
Tamil Nadu,Kanniyakumari,60,,39,53,84,101,106,105,77,47,41,209,209,154,NR,161,139,55,258,25,30,25,18,32,39,37,52,40,109,699,60,72,45,79,24,26,15,13,41,,,2025-09-14
Tamil Nadu,Namakkal,63,,47,61,93,110,117,117,98,46,44,198,189,167,NR,161,137,56,NR,26,40,32,27,41,40,51,49,47,120,664,70,66,50,77,34,39,25,12,58,,,2025-09-14
Tamil Nadu,Tiruvannamalai,NR,,NR,NR,NR,NR,NR,NR,NR,NR,NR,NR,NR,NR,NR,NR,NR,NR,NR,NR,NR,NR,NR,NR,NR,NR,NR,NR,NR,NR,NR,NR,NR,NR,NR,NR,NR,NR,NR,,,2025-09-14
Tamil Nadu,Tiruvarur,NR,,NR,NR,NR,NR,NR,NR,NR,NR,NR,NR,NR,NR,NR,NR,NR,NR,NR,NR,NR,NR,NR,NR,NR,NR,NR,NR,NR,NR,NR,NR,NR,NR,NR,NR,NR,NR,NR,,,2025-09-14
Tamil Nadu,Tiruppur,NR,,NR,NR,NR,NR,NR,NR,NR,NR,NR,NR,NR,NR,NR,NR,NR,NR,NR,NR,NR,NR,NR,NR,NR,NR,NR,NR,NR,NR,NR,NR,NR,NR,NR,NR,NR,NR,NR,,,2025-09-14
Tamil Nadu,Tenkasi,56,,46,59,96,116,116,114,NR,47,46,219,NR,171,NR,156,142,58,275,30,35,30,20,36,52,57,58,58,98,795,66,72,40,88,32,42,19,13,57,,,2025-09-14
Tamil Nadu,Nagapattinam,NR,,NR,NR,NR,NR,NR,NR,NR,NR,NR,NR,NR,NR,NR,NR,NR,NR,NR,NR,NR,NR,NR,NR,NR,NR,NR,NR,NR,NR,NR,NR,NR,NR,NR,NR,NR,NR,NR,,,2025-09-14
Tamil Nadu,Krishnagiri,55,,46,41,90,113,113,115,89,45,44,202,202,155,NR,164,144,59,315,28,29,25,21,38,40,43,48,43,89,652,55,72,40,96,26,40,29,12,55,,,2025-09-14
Tamil Nadu,Ariyalur,55,,NR,64,89,111,119,118,90,46,44,205,192,175,NR,165,127,60,293,26,40,40,35,57,55,60,60,65,119,857,65,66,45,90,29,49,16,14,55,,,2025-09-14
Tamil Nadu,Kallakurichi,53,,49,65,90,109,105,112,89,46,45,218,205,163,NR,168,136,58,NR,29,32,23,20,40,50,48,47,48,100,890,74,68,28,82,27,32,19,13,45,,,2025-09-14
Tamil Nadu,Kancheepuram,55,,51,66,94,122,115,117,96,46,44,187,203,175,NR,163,133,68,NR,28,38,33,30,42,53,51,53,50,103,786,52,78,45,82,31,38,18,13,57,,,2025-09-14
Tamil Nadu,Salem,NR,,NR,NR,NR,NR,NR,NR,NR,NR,NR,NR,NR,NR,NR,NR,NR,NR,NR,NR,NR,NR,NR,NR,NR,NR,NR,NR,NR,NR,NR,NR,NR,NR,NR,NR,NR,NR,NR,,,2025-09-14
Tamil Nadu,Theni,61,,44,61,92,107,114,112,86,45,46,219,199,157,NR,152,128,55,277,28,37,33,24,39,53,54,50,79,91,722,71,72,43,87,34,49,26,12,59,,,2025-09-14
Tamil Nadu,Chengalpattu,NR,,NR,NR,NR,NR,NR,NR,NR,NR,NR,NR,NR,NR,NR,NR,NR,NR,NR,NR,NR,NR,NR,NR,NR,NR,NR,NR,NR,NR,NR,NR,NR,NR,NR,NR,NR,NR,NR,,,2025-09-14
Tamil Nadu,Mayiladuthurai,59,,50,65,98,132,117,113,NR,45,45,179,231,209,NR,157,126,60,340,27,37,33,37,45,45,46,50,63,123,850,65,72,53,107,53,60,30,14,60,,,2025-09-14
Tamil Nadu,Ranipet,NR,,NR,NR,NR,NR,NR,NR,NR,NR,NR,NR,NR,NR,NR,NR,NR,NR,NR,NR,NR,NR,NR,NR,NR,NR,NR,NR,NR,NR,NR,NR,NR,NR,NR,NR,NR,NR,NR,,,2025-09-14
Tamil Nadu,Tirupattur,49,,43,47,87,119,114,119,90,45,40,186,214,170,NR,165,122,58,310,29,33,28,25,31,47,46,38,46,93,817,60,65,42,90,30,40,20,14,50,,,2025-09-14
Tamil Nadu,Tiruvallur,54,,42,69,86,125,112,112,90,43,40,195,186,156,NR,159,121,61,298,27,40,30,30,36,60,59,44,70,92,764,60,78,45,81,30,45,23,13,45,,,2025-09-14
Telangana,Hyderabad,56,,38,40,79,109,99,109,85,41,52,172,194,153,158,166,135,52,280,NR,35,26,37,35,49,39,51,45,95,NR,58,68,38,104,45,31,18,15,49,,,2025-09-14
Telangana,Karimnagar,NR,,NR,NR,NR,NR,NR,NR,NR,NR,NR,NR,NR,NR,NR,NR,NR,NR,NR,NR,NR,NR,NR,NR,NR,NR,NR,NR,NR,NR,NR,NR,NR,NR,NR,NR,NR,NR,NR,,,2025-09-14
Telangana,Warangal,NR,,NR,NR,NR,NR,NR,NR,NR,NR,NR,NR,NR,NR,NR,NR,NR,NR,NR,NR,NR,NR,NR,NR,NR,NR,NR,NR,NR,NR,NR,NR,NR,NR,NR,NR,NR,NR,NR,,,2025-09-14
Telangana,Adilabad,NR,,NR,NR,NR,NR,NR,NR,NR,NR,NR,NR,NR,NR,NR,NR,NR,NR,NR,NR,NR,NR,NR,NR,NR,NR,NR,NR,NR,NR,NR,NR,NR,NR,NR,NR,NR,NR,NR,,,2025-09-14
Telangana,Suryapet,NR,,NR,NR,NR,NR,NR,NR,NR,NR,NR,NR,NR,NR,NR,NR,NR,NR,NR,NR,NR,NR,NR,NR,NR,NR,NR,NR,NR,NR,NR,NR,NR,NR,NR,NR,NR,NR,NR,,,2025-09-14
Telangana,Jadcherla,NR,,NR,NR,NR,NR,NR,NR,NR,NR,NR,NR,NR,NR,NR,NR,NR,NR,NR,NR,NR,NR,NR,NR,NR,NR,NR,NR,NR,NR,NR,NR,NR,NR,NR,NR,NR,NR,NR,,,2025-09-14
Telangana,Khammam,NR,,NR,NR,NR,NR,NR,NR,NR,NR,NR,NR,NR,NR,NR,NR,NR,NR,NR,NR,NR,NR,NR,NR,NR,NR,NR,NR,NR,NR,NR,NR,NR,NR,NR,NR,NR,NR,NR,,,2025-09-14
Telangana,Medchal,NR,,NR,NR,NR,NR,NR,NR,NR,NR,NR,NR,NR,NR,NR,NR,NR,NR,NR,NR,NR,NR,NR,NR,NR,NR,NR,NR,NR,NR,NR,NR,NR,NR,NR,NR,NR,NR,NR,,,2025-09-14
Telangana,Nizamabad,NR,,NR,NR,NR,NR,NR,NR,NR,NR,NR,NR,NR,NR,NR,NR,NR,NR,NR,NR,NR,NR,NR,NR,NR,NR,NR,NR,NR,NR,NR,NR,NR,NR,NR,NR,NR,NR,NR,,,2025-09-14
Telangana,Sangareddy,NR,,NR,NR,NR,NR,NR,NR,NR,NR,NR,NR,NR,NR,NR,NR,NR,NR,NR,NR,NR,NR,NR,NR,NR,NR,NR,NR,NR,NR,NR,NR,NR,NR,NR,NR,NR,NR,NR,,,2025-09-14
Ladakh,Leh,NR,,NR,NR,NR,NR,NR,NR,NR,NR,NR,NR,NR,NR,NR,NR,NR,NR,NR,NR,NR,NR,NR,NR,NR,NR,NR,NR,NR,NR,NR,NR,NR,NR,NR,NR,NR,NR,NR,,,2025-09-14
Ladakh,Kargil,NR,,NR,NR,NR,NR,NR,NR,NR,NR,NR,NR,NR,NR,NR,NR,NR,NR,NR,NR,NR,NR,NR,NR,NR,NR,NR,NR,NR,NR,NR,NR,NR,NR,NR,NR,NR,NR,NR,,,2025-09-14
Commodity Name,Commodity Name,Rice,Rice,Wheat,Atta (Wheat),Gram Dal,Tur/Arhar Dal,Urad Dal,Moong Dal,Masoor Dal,Sugar,Milk @,Groundnut Oil (Packed),Mustard Oil (Packed),Vanaspati (Packed),Soya Oil (Packed),Sunflower Oil (Packed),Palm Oil (Packed),Gur,Tea Loose,Salt Pack (Iodised),Potato,Onion,Tomato,Bajra(whole),Jowar(whole),Maida(wheat),Ragi(whole),Suji(whole),Besan,Desi Ghee,Butter(Pasteurised),Eggs,Brinjal,Black Pepper(whole),Coriander(whole),Cummin Seed(whole),Red Chillies(whole),Turmeric(powder),Banana,GInger,Garlic,2025-09-14
Average Price1,Average Price1,42,,31.77,37.16,85.51,113.56,113.53,109.1,87.62,46.2,58.69,187.35,188.88,154.89,146.88,162.06,132.73,56.12,263.05,21.48,24.35,26.47,39.33,37.42,42.29,40.75,54.07,44.99,95.15,662.65,59.14,76.5,40.73,86.67,35.85,40.52,27.26,15.89,48.12,,,2025-09-14
Maximum Price1,Maximum Price1,63,,51,69,117,170,170,148,125,60,85,242,242,220,196,253,190,135,520,34,52,60,120,83,85,60,103,95,140,916,75,108,100,120,100,90,68,40,100,,,2025-09-14
Minimum Price1,Minimum Price1,32,,25,29,71,90,82,83,70,41,40,143,136,103,121,130,97,42,163,10,12,9,13,23,25,31,31,32,59,506,51,49,18,64,21,24,15,10,25,,,2025-09-14
Modal Price1,Modal Price1,40,,28,35,82,110,110,110,90,45,60,198,192,148,143,165,126,55,240,20,20,25,40,35,40,40,51,40,90,659,60,72,40,88.5,30,40,27.5,15,50,,,2025-09-14
,,,,,,,,,,,,,,,,,,,,,,,,,,,,,,,,,,,,,,,,,,,2025-09-14
"Department of Consumer Affairs ( Price Monitoring Division)Date 14/09/2025 Daily Retail Prices Of Essential Commodities  StateCentreRiceBroken RiceWheatAtta (Wheat)Gram DalTur/Arhar DalUrad DalMoong DalMasoor DalSugarMilk @Groundnut Oil (Packed)Mustard Oil (Packed)Vanaspati (Packed)Soya Oil (Packed)Sunflower Oil (Packed)Palm Oil (Packed)GurTea LooseSalt Pack (Iodised)PotatoOnionTomatoBajra (whole)Jowar (whole)Maida (wheat)Ragi (whole)Suji (whole)BesanDesi GheeButter (Pasteurised)Eggs BrinjalBlack Pepper (whole)Coriander (whole)Cummin Seed (whole)Red Chillies (whole)Turmeric (powder)BananaGingerGarlic  UnitQty1 Kg1 Kg1 Kg1 Kg1 Kg1 Kg1 Kg1 Kg1 Kg1 Kg1 ltr1 Kg1 Kg1 Kg1 Kg1 Kg1 Kg1 Kg1 Kg1 Kg1 Kg1 Kg1 Kg1 Kg1 Kg1 Kg1 Kg1 Kg1 Kg1 Kg100 gmDozen1 Kg100 gm250 gm100 gm100 gm50 gm1 Kg100 gm100 gm  Average PriceAverage Price42 31.7737.1685.51113.56113.53109.187.6246.258.69187.35188.88154.89146.88162.06132.7356.12263.0521.4824.3526.4739.3337.4242.2940.7554.0744.9995.15662.6559.1476.540.7386.6735.8540.5227.2615.8948.12 Maximum PriceMaximum Price63 516911717017014812560852422422201962531901355203452601208385601039514091675108100120100906840100 Minimum PriceMinimum Price32 25297190828370414014313610312113097421631012913232531313259506514918642124151025 Modal PriceModal Price40 283582110110110904560198192148143165126552402020254035404051409065960724088.5304027.51550 NORTH ZONENORTH ZONE  ChandigarhChandigarh42 3439871181141108946592112051711641801455627028253150384342544696732597740873743281650 DelhiDelhi39 3235851181301178845572052091651571761506026327283347313936503998555587450883634291340 HaryanaHisar40 2933851241091088545612091831611491821285124328232843273739624090626607650824039341565 KarnalNR NRNRNRNRNRNRNRNRNRNRNRNRNRNRNRNRNRNRNRNRNRNRNRNRNRNRNRNRNRNRNRNRNRNRNRNRNR PanchkulaNR NRNRNRNRNRNRNRNRNRNRNRNRNRNRNRNRNRNRNRNRNRNRNRNRNRNRNRNRNRNRNRNRNRNRNRNRNR Gurgaon39 3234811441221198645571862011801531911195530026232565252835374559534605225903650301670 Himachal PradeshShimla40 NR3283115128110824960242220176156NRNR522503030304038NR39NR40108703587250874049251752 Mandi38 NR3684112123109834850226216174155171NR522703030354737NR35NR35100676607145894543301660 Dharamshala32 NR2984128124119894740NR219175170NRNR512302820304032NR34554093590597040974942341560 Solan37 NR3383112119107844757203211170150181NR5224030283037323537NR37102630608053874037331950 Una40 NR2984105111107914669NR180172132NRNR542292921313634NR34NR3488676598344894435311454 Bilaspur-hp35 NR3485109124111854864NR187166136NRNR472352930324030NR37583584699608460843228281249 Chamba35 NR3584121120115845055NR187166157NRNR5523529273746425738683789652588450844338391956 Hamirpur-HP40 NR3282109116105824867NR212164146NRNR5226530292838374536NR3583573607550874037301450 Kullu40 NR3686113114112864840NR218167132NRNR4826030284040NRNR35NR35103711608067903534251560 SirmourNR NRNRNRNRNRNRNRNRNRNRNRNRNRNRNRNRNRNRNRNRNRNRNRNRNRNRNRNRNRNRNRNRNRNRNRNRNR Kinnaur38 NR3579115110103804950NR208172148NRNR5029029304063NRNR40NR42875725810060814738371457 Lahaul & Spiti45 NR4498123125123975252NR198175NRNRNR5248028404755NRNR34NR3679600557355822632261568 Jammu and KashmirSrinagarNR NRNRNRNRNRNRNRNRNRNRNRNRNRNRNRNRNRNRNRNRNRNRNRNRNRNRNRNRNRNRNRNRNRNRNRNRNR JammuNR NRNRNRNRNRNRNRNRNRNRNRNRNRNRNRNRNRNRNRNRNRNRNRNRNRNRNRNRNRNRNRNRNRNRNRNRNR PoonchNR NRNRNRNRNRNRNRNRNRNRNRNRNRNRNRNRNRNRNRNRNRNRNRNRNRNRNRNRNRNRNRNRNRNRNRNRNR KupwaraNR NRNRNRNRNRNRNRNRNRNRNRNRNRNRNRNRNRNRNRNRNRNRNRNRNRNRNRNRNRNRNRNRNRNRNRNRNR UdhampurNR NRNRNRNRNRNRNRNRNRNRNRNRNRNRNRNRNRNRNRNRNRNRNRNRNRNRNRNRNRNRNRNRNRNRNRNRNR ShopianNR NRNRNRNRNRNRNRNRNRNRNRNRNRNRNRNRNRNRNRNRNRNRNRNRNRNRNRNRNRNRNRNRNRNRNRNRNR SambaNR NRNRNRNRNRNRNRNRNRNRNRNRNRNRNRNRNRNRNRNRNRNRNRNRNRNRNRNRNRNRNRNRNRNRNRNRNR RambanNR NRNRNRNRNRNRNRNRNRNRNRNRNRNRNRNRNRNRNRNRNRNRNRNRNRNRNRNRNRNRNRNRNRNRNRNRNR RajouriNR NRNRNRNRNRNRNRNRNRNRNRNRNRNRNRNRNRNRNRNRNRNRNRNRNRNRNRNRNRNRNRNRNRNRNRNRNR KishtwarNR NRNRNRNRNRNRNRNRNRNRNRNRNRNRNRNRNRNRNRNRNRNRNRNRNRNRNRNRNRNRNRNRNRNRNRNRNR DodaNR NRNRNRNRNRNRNRNRNRNRNRNRNRNRNRNRNRNRNRNRNRNRNRNRNRNRNRNRNRNRNRNRNRNRNRNRNR BaramullaNR NRNRNRNRNRNRNRNRNRNRNRNRNRNRNRNRNRNRNRNRNRNRNRNRNRNRNRNRNRNRNRNRNRNRNRNRNR ReasiNR NRNRNRNRNRNRNRNRNRNRNRNRNRNRNRNRNRNRNRNRNRNRNRNRNRNRNRNRNRNRNRNRNRNRNRNRNR KathuaNR NRNRNRNRNRNRNRNRNRNRNRNRNRNRNRNRNRNRNRNRNRNRNRNRNRNRNRNRNRNRNRNRNRNRNRNRNR PunjabAmritsar40 283288120132115924555220196165154183NR5727529202635374040583993648617555953533291350 Ludhiana37 2736831321271171004662207200161156183NR5828027193040374839624297560576457883742232047 Bathinda40 2832881181321159245572202001651541871325726729202735353840574095646607557924033281343 Barnala40 2632901121181089747652141911541261671245029330243036334040NR4192688606960933736281550 Hoshiarpur36 28358111111011211252702201941791341371315728325192835432945634499626566953994945341564 FaridkotNR NRNRNRNRNRNRNRNRNRNRNRNRNRNRNRNRNRNRNRNRNRNRNRNRNRNRNRNRNRNRNRNRNRNRNRNRNR Mansa40 273390122128117924665NR1851721521761356027829252837354139623893637606855904038281653 Sri Muktsar Sahib40 2832821221251139344632111761611281741285528028222640315239684090615607147883434251342 Dera BassiNR NRNRNRNRNRNRNRNRNRNRNRNRNRNRNRNRNRNRNRNRNRNRNRNRNRNRNRNRNRNRNRNRNRNRNRNRNR Sangrur40 2731831301301108945602221961601521651424826328172535354540674088611587050934046321550 RoparNR NRNRNRNRNRNRNRNRNRNRNRNRNRNRNRNRNRNRNRNRNRNRNRNRNRNRNRNRNRNRNRNRNRNRNRNRNR Amargarh40 2732851301301109045602251921601541591434925028152640364540NR4085604606650954049271545 Fatehgarh SahibNR NRNRNRNRNRNRNRNRNRNRNRNRNRNRNRNRNRNRNRNRNRNRNRNRNRNRNRNRNRNRNRNRNRNRNRNRNR Ferozepur42 2933891181151119046622221811641321921355927530212732314140604099619608150854534241250 Kapurthala41 3135851171181119446622201901721551841536127328163030435539633896637627362923437341449 Uttar PradeshLucknow39 293580105100998045602031761461431551435525020202540353838533892615597640883540271537 Kanpur35 283280120110908042601981871321211321155623426202566354041NR34815805572361002440351950 Varanasi42 2837871081221068446652121871591691791496425721222145426138NR44104718617438783749281758 Agra42 30337911482857645671992001691531861555425126232645273738NR4198713628440914031261630 Jhansi48 2934821131171108048601981791651261851265823314232840303538604390637608250903335221530 Meerut37 293883127124838248611601581471451561515025519192738424038654090639597722743433281650 AllahabadNR NRNRNRNRNRNRNRNRNRNRNRNRNRNRNRNRNRNRNRNRNRNRNRNRNRNRNRNRNRNRNRNRNRNRNRNRNR Gorakhpur37 2533821131161117843551901771441521431265222522222340353334493492586587331793138241646 Saharanpur38 303284113109109894359NR157142138141114512432121234131NR36NR3690579577238813336281559 Bareilly37 26339011712211210246701991841611481701235034325191932263836513689725608131824138331553 Ayodhya40 2830881201151189050551811631631631631375524024253045383841554590681607230853835321650 MoradabadNR NRNRNRNRNRNRNRNRNRNRNRNRNRNRNRNRNRNRNRNRNRNRNRNRNRNRNRNRNRNRNRNRNRNRNRNRNR Aligarh39 2933841151111068443561831841521421561285224720232539363938484291613547434853439251547 Mirzapur (Vindhyanchal)35 2632801011111008045451801621411261451115222122192141294035523991652627353853137261545 Banda36 283781111107957946592171601531271641155716316181932314535683991560607127822533251948 AzamgarhNR NRNRNRNRNRNRNRNRNRNRNRNRNRNRNRNRNRNRNRNRNRNRNRNRNRNRNRNRNRNRNRNRNRNRNRNRNR Gonda (Devipatan)35 2632901121281139244572001941351561681345025820202537373534624298626577240803340271947 Amethi34 27349011011811890456019918916114817811055238221820404036414245105676618138833651281853 Barabanki40 2935851081181178545602001851741671751305522522222245364237453698563588038853142301546 BhadohiNR NRNRNRNRNRNRNRNRNRNRNRNRNRNRNRNRNRNRNRNRNRNRNRNRNRNRNRNRNRNRNRNRNRNRNRNRNR Chandauli33 2733791011171087645552051871711321611115324719162236375636653786634568030843239271640 Farrukhabad43 27318595105105904562220192154154187126512171814184528NR36NR3995630608038803030291642 Ghazipur42 2836841081111078746601861731551421751285427921172134353541544595647617434894539251738 Jaunpur41 283483991261118345592121901681481531245525922192244323835553488603547830843435291755 UP-Pratapgarh39 283279991171137945491881811491481461185725520162239332937393794547587429853338281739 Sambhal37 27318511510895874357190165140133139129522501820204034NR35NR3493634577237752842291638 Santkabir Nagar44 25358210212210779456720318914514117011149265282323372930347843987346196401003052292048 Shahjahanpur32 2734741101021079044571841721501361621324322220141840263235523788544559230862930191341 Sitapur37 3035811231121108344591921741481451461365322817202541293236494092600597238803440281548 Sultanpur43 3035841141121088644561861851511451601305426820242646364138524394656577538853539271549 Unnao40 2831871181171138745572071871571461561245725320182740354038503992586587142853441261543 Ambedkar Nagar41 2936801001251329045602201921591611601326119528202454404141794285709607030803641302069 AmrohaNR NRNRNRNRNRNRNRNRNRNRNRNRNRNRNRNRNRNRNRNRNRNRNRNRNRNRNRNRNRNRNRNRNRNRNRNRNR Baghpat45 NR32821271201109044701891831611531491245321028222840345035674092599607932803335241239 BijnorNR NRNRNRNRNRNRNRNRNRNRNRNRNRNRNRNRNRNRNRNRNRNRNRNRNRNRNRNRNRNRNRNRNRNRNRNRNR Budaun38 2630851141031009144611991631691501701304828021192041254736673794609597130903038251144 Etah45 293580130110110904558207178152156165113532702215284023NR35NR3892677607230973240351840 Fatehpur43 2734881101131038845581851721361301431115322521162248233235403495606617932853643241737 Ghaziabad41 3033811171121068646571891811611561651345123220212238333939524293633586838843738281639 Hardoi43 2635801091061048746552031841561471611315524119202539303237543989607577536873542271447 Jalaun45 30318210798989045571691691331301441085522320172040353935NR3997578607530902940251740 Kaushambi40 2738861111181098645591951771551541611245523221202242273738573888595586639874039271527 Kushinagar37 2837831101151168046681821841451611371355320426182545434337524097647616135882741301644 Lakhimpur Kheri41 2933821171031078045571871661301371431065622617202543283335NRNR89652587938783443321748 Pilibhit37 2731871151151159745581921761541511651314926020202538384836603995655598238873640281545 Sharwasti39 273980102115117854555183192143159NR1215721824172328NRNR39NR4098569597828852530201533 Siddharth NagarNR NRNRNRNRNRNRNRNRNRNRNRNRNRNRNRNRNRNRNRNRNRNRNRNRNRNRNRNRNRNRNRNRNRNRNRNRNR Sonbhadra34 273280961001058045451761631451261571105221022182532284034503888608627034823030251545 Rampur52 283182111114998245631861881481541551275124127222438313534NR3597618637136863136301649 Bahraich35 25309012112011490424517619113013714212544250252028423634336532106615568022722736231953 BastiNR NRNRNRNRNRNRNRNRNRNRNRNRNRNRNRNRNRNRNRNRNRNRNRNRNRNRNRNRNRNRNRNRNRNRNRNRNR Etawah40 273285113110105854655200187146140151130552602025254127NR40604294622628837853940301650 Muzzafarnagar39 2832811171121088745571801691481431551295223919182840334335NR3587506555931753240231351 Chitrakoot45 28358610994928546501791981651591831345522515253042313035594590604607840803145251550 Hamirpur-UP40 2832801061191008046602071851431431521295522119252540NRNR37NR3790637558435853945281648 Deoria35 273082109109959045592251851531342121265121819192438374237513590595596340742941271938 Hapur36 2936761171081029747621891851581571691465321623192037403837473797674627230964550301152 Bulandshahr41 293481118118117874461NR1651581601551594324019202530293935553593542537226943042291530 Kanpur Dehat39 263182105108938344551902001261391351074919717212238323835503585601587627822733241545 Hathras40 303484114111106854457186183152143156129542532022254026NR35NR4099626557540873737291240 Raebareli41 2936841111111098545581861771561461601315522820202431364139534191647577525813142261546 Lalitpur36 282980110105958045561831671421321941184825520141630333832593492578577228843143241829 Mohaba35 263082991071008246571641711541551801265218025201540323335393594604546928813344281548 Gautam Budh Nagar38 3035771181091028246581891741371321671205023215182028304136553989617557228883538281440 Auraiya41 28377811612110277465218317014013914113653235202328372827445444103624517636843737281549 Maharajganj35 2833811171171098044571891781321421551264721322172340364434513691593587237823441301548 Balrampur35 2735791021151138245531651811451391671215722215202538364735NR3895619597135873242291529 Kannauj40 2833831191131078645611881771481431551265323821202133313938NR3893613557222843045281743 Mathura38 3033901191231159044632051741381351451215826327203145344340474098601557638874834311540 Firozabad40 272978105112110894566NR202155158NR1354623218192032232534413490702557240813130231530 Kasganj44 303686122117112874659203190166159176146552632121304723NR36NR3898542547337853847281342 MainpuriNR NRNRNRNRNRNRNRNRNRNRNRNRNRNRNRNRNRNRNRNRNRNRNRNRNRNRNRNRNRNRNRNRNRNRNRNRNR Shamli38 2932801151121088544501871741501411501265023015202535284035503585533607835823535251348 Ballia40 2935851101151118945581961751461461461265523221212541313638523994635547335853342271749 Mau40 2734831131141088546561911671451431481196023222222236NRNR35NR3792659557429813140291537 UttarakhandDehradunNR NRNRNRNRNRNRNRNRNRNRNRNRNRNRNRNRNRNRNRNRNRNRNRNRNRNRNRNRNRNRNRNRNRNRNRNRNR HaldwaniNR NRNRNRNRNRNRNRNRNRNRNRNRNRNRNRNRNRNRNRNRNRNRNRNRNRNRNRNRNRNRNRNRNRNRNRNRNR RudrapurNR NRNRNRNRNRNRNRNRNRNRNRNRNRNRNRNRNRNRNRNRNRNRNRNRNRNRNRNRNRNRNRNRNRNRNRNRNR HaridwarNR NRNRNRNRNRNRNRNRNRNRNRNRNRNRNRNRNRNRNRNRNRNRNRNRNRNRNRNRNRNRNRNRNRNRNRNRNR WEST ZONEWEST ZONE  ChhattisgarhRaipur33 3142881131101099946571951651391381481145125325242525312640454284724568035913731251132 Durg36 4138841009510183NRNRNRNRNRNRNRNRNRNRNRNRNRNRNRNRNRNRNRNRNRNRNRNRNRNRNRNRNRNR AmbikapurNR NRNRNRNRNRNRNRNRNRNRNRNRNRNRNRNRNRNRNRNRNRNRNRNRNRNRNRNRNRNRNRNRNRNRNRNRNR Bilaspur-CGNR NRNRNRNRNRNRNRNRNRNRNRNRNRNRNRNRNRNRNRNRNRNRNRNRNRNRNRNRNRNRNRNRNRNRNRNRNR Jagdalpur41 363679136123110964748204NR169144149NR4719319323648434140424379879538129812547391852 Dantewada38 394197130112105854461NR187152144155133572482129314241NR40NR46103653586841975049221861 DhamtariNR NRNRNRNRNRNRNRNRNRNRNRNRNRNRNRNRNRNRNRNRNRNRNRNRNRNRNRNRNRNRNRNRNRNRNRNRNR RajnandgaonNR NRNRNRNRNRNRNRNRNRNRNRNRNRNRNRNRNRNRNRNRNRNRNRNRNRNRNRNRNRNRNRNRNRNRNRNRNR Koriya39 3539851271021128342752061621541481681904719525302837353445336081690588340772839291743 DNH and DDSilvasaNR NRNRNRNRNRNRNRNRNRNRNRNRNRNRNRNRNRNRNRNRNRNRNRNRNRNRNRNRNRNRNRNRNRNRNRNRNR DamanNR NRNRNRNRNRNRNRNRNRNRNRNRNRNRNRNRNRNRNRNRNRNRNRNRNRNRNRNRNRNRNRNRNRNRNRNRNR Diu50 4155941351401221004664198240194186196143624003025253539586085691127036283431074635402152 GoaPanajiNR NRNRNRNRNRNRNRNRNRNRNRNRNRNRNRNRNRNRNRNRNRNRNRNRNRNRNRNRNRNRNRNRNRNRNRNRNR MargaoNR NRNRNRNRNRNRNRNRNRNRNRNRNRNRNRNRNRNRNRNRNRNRNRNRNRNRNRNRNRNRNRNRNRNRNRNRNR GujaratAhmedabadNR NRNRNRNRNRNRNRNRNRNRNRNRNRNRNRNRNRNRNRNRNRNRNRNRNRNRNRNRNRNRNRNRNRNRNRNRNR RajkotNR NRNRNRNRNRNRNRNRNRNRNRNRNRNRNRNRNRNRNRNRNRNRNRNRNRNRNRNRNRNRNRNRNRNRNRNRNR SuratNR NRNRNRNRNRNRNRNRNRNRNRNRNRNRNRNRNRNRNRNRNRNRNRNRNRNRNRNRNRNRNRNRNRNRNRNRNR BhujNR NRNRNRNRNRNRNRNRNRNRNRNRNRNRNRNRNRNRNRNRNRNRNRNRNRNRNRNRNRNRNRNRNRNRNRNRNR Selamba35 3436901101131009044641661771381431561385521019242740363738674292632536938773133321745 Waghai35 3437931181171019345671651781361441581365520920292741353640604496631557036753034241740 Bodeli34 343693112113989244661651781361401581365620518252539373939684491632557031762834391537 Vapi34 323494114114989244631671801341381581385221018262636383838644490627566835762834381743 Bilimora35 3336891131131019144641681611381551531495320219292939353740624595629546934683135251739 IdarNR NRNRNRNRNRNRNRNRNRNRNRNRNRNRNRNRNRNRNRNRNRNRNRNRNRNRNRNRNRNRNRNRNRNRNRNRNR Jhalod35 333590113114979044661661761361411551385620718302745384040684492633556932762834391638 Songash34 323487115115988942631661591371511571435120522292739353935604288633565735733134301542 Madhya PradeshBhopal35 283288112110106864662171209174138176NR52255102119404040405941946626090271005540341433 Indore42 2934841071171038346611741901531371531426226715201532353540NR4081643607738843434231538 Gwalior40 313474117119110904563210160172142178NR5022212202248283239614088624557129823535261540 Jabalpur39 2935851101081088444561851781381401651205024018202239364240564490621587528853536251538 Rewa32 2834761019188794555177154148147147NR5523718121933NRNR35NR3585655577625902845301245 Sagar40 2831831011051018846581821891401421691365424816201835384040604088698627835822932241437 Jhabua40 293687110114108904558200206180140180NR5528615201535343746544795667NR7125893936241626 Hoshangabad43 3136811071141018446551841531351351451065422211202332434841494194655608842902944191947 Shahdol35 293586123112110834450200136125121154NR5221018202042373335504095604587030903040271835 Ujjain39 384189102101101904560148209172133166NR61268132015323235456255956905973301024840281637 MorenaNR NRNRNRNRNRNRNRNRNRNRNRNRNRNRNRNRNRNRNRNRNRNRNRNRNRNRNRNRNRNRNRNRNRNRNRNRNR Anuppur35 2636801001101188946501981981371431761545523015202025404037404890742607927902533231330 BhindNR NRNRNRNRNRNRNRNRNRNRNRNRNRNRNRNRNRNRNRNRNRNRNRNRNRNRNRNRNRNRNRNRNRNRNRNRNR Dhar42 283686115111109954559160190166136167975521415201729353639524288686597121853136201742 Harda40 303585100120110914560181198170148166NR5522020202030404045704592663607240852829181830 Katni35 29348612012011580425016515412613215410050205191420303538455545100604587520804040271535 Khandwa38 303580102103100854552209187173148170NR50238172515353535404740886595584381002632241540 Mandla38 3339831021081108545501901861281541721435822329222323404840604998633627738873138251734 Rajgarh40 283282110113103884540165190172143176NR5024010202042NRNR40NR4090648NR8035903333181530 Sidhi35 2835751101001008045601811791591431301155025017202540304135545092633578540823250251550 Chattarpur40 28378811712010080485019817616814815412560250201520373542405760100600607220883342321538 Neemuch45 263471115100100704564181143132130137NR5529210252042424141654086562637040752542301545 Burhanpur41 3238811011001018445561681701441341681325031529221942373541NR4998709607732883137201430 Narshinpur38 283584123110112864453203187137137171NR4523912202035413945604890638567335873935251635 Raisen40 303583110120105854758187192143137NRNR5523010202040404239NR4288695627540903030251933 Sheopur43 253292108117102804560214202169143165NR6024128252745333740604095659608220954440301540 Agar malwa33 283376120109103924458175168150149143NR4828520201825454747NR4778681586932933027241525 Umaria35 323683100107107834556185161139139156NR502271519203037NR42NR4793622607432873242271540 Shajapur40 273382108110107884460165187154138163NR5225318232235353440NR4692674597842873330261530 Dewas41 283484113108106894661179190156146167NR55237122124333539395645101677617432893735261539 KhargoneNR NRNRNRNRNRNRNRNRNRNRNRNRNRNRNRNRNRNRNRNRNRNRNRNRNRNRNRNRNRNRNRNRNRNRNRNRNR Singrauli37 263384901121168046581871931521421371195523714231835NRNRNRNRNRNRNRNRNRNRNRNRNRNRNRNR Chhindwara49 3038851251171228444521911761361411561364520010231922383738394291714597130973737371943 Sehore40 283380110110100904558159192148137165NR5222012201920NRNR49NR4992635607129853035241548 MP-AshoknagarNR NRNRNRNRNRNRNRNRNRNRNRNRNRNRNRNRNRNRNRNRNRNRNRNRNRNRNRNRNRNRNRNRNRNRNRNRNR BalaghatNR NRNRNRNRNRNRNRNRNRNRNRNRNRNRNRNRNRNRNRNRNRNRNRNRNRNRNRNRNRNRNRNRNRNRNRNRNR Guna40 2631801001031008444581941891691431761334821720171838324248695088690607352853738271528 Ratlam40 2834821091091068445611771751481331561294824510221727304041574290615587428752826221528 Satna35 27378710585908245602031411461301761105026020203040404334603565692556535752733301550 Vidisha40 303577103118110884457172196138146170NR5224011171725404038683987659608333853331241440 Alirajpur36 303687124100114954555185148139136144NR4824010242457313545NR4793619577323774043291740 Betul39 27358199105101804558177203141144177NR49251132425304345426545102685608130813032211540 Damoh41 303379114106106834562203169144149164NR4920513191940363837573790575557324813140311444 Dindori37 353695105108108804560209187156143169NR5023313253050384340554982621558538903236291540 NiwariNR NRNRNRNRNRNRNRNRNRNRNRNRNRNRNRNRNRNRNRNRNRNRNRNRNRNRNRNRNRNRNRNRNRNRNRNRNR SeoniNR NRNRNRNRNRNRNRNRNRNRNRNRNRNRNRNRNRNRNRNRNRNRNRNRNRNRNRNRNRNRNRNRNRNRNRNRNR PannaNR NRNRNRNRNRNRNRNRNRNRNRNRNRNRNRNRNRNRNRNRNRNRNRNRNRNRNRNRNRNRNRNRNRNRNRNRNR Tikamgarh35 26309012512595904450205167142149147NR50200202030503035404045100651587022852941201740 Datia46 283290122110957847602161661481411841255222727282848423539793997690628537873839271541 MaiharNR NRNRNRNRNRNRNRNRNRNRNRNRNRNRNRNRNRNRNRNRNRNRNRNRNRNRNRNRNRNRNRNRNRNRNRNRNR MaharashtraMumbai43 415494114133122984658229214192155172134813102833334541515363521186795880701056840481940 Nagpur55 48539212812311993516521920116716217813269283274035423948507550110681619438923548291962 Pune39 4452891251111138345741901881531501641485733834362934373840414088531608058943940261840 Nashik42 444094111116112974458179213177143165139553172830272743605055501026405867651085337291533 Mangaon-Raigad48 4447961141241161004860186207196139179121613533031314145514556471087676072531176140371960 Dharni41 303790112104114934753198182156157180NR5232513302132342641NR4496743627837922942201834 Latur57 4147881171091218644611812041331371551384923224282730334639613999744567263974839211842 Akluj49 353882102981028644542001971371461601285033530252322324139603889659524935983038201230 Arni Yavatmal44 343699123125114904363170192154144157NR57300103031403532477055103784557240994542201540 Chandrapur33 355193111119111984659185193206147168NR66249302833205353555554115611606722973234342063 Karad Satara43 374988122117118944470184182167153165149502933033264139394057411116705970701023741252043 Ahemednagar53 44478912912411999435315316416414715314249259302419213140394439108567586647992939241825 Khultabad49 343679108109107804545177NR1421371471295632220372742353449NR4688702608043833224211635 Islampur39 424891123129120904472208199149156167136513432730222936393943431096536071401035953352741 Kankavli47 384999125119121100446017819416414616813053357203329474242455044108666547937774744251865 Partur50 3240801151201108843561812041511481571484940110302043323443NR4787775NR8473924042191547 Gondia49 36387810410010282455817520813314216915062250292228333635365038908095970321044950281937 Jalgaon46 3848931121271151044665174203176147161156594682823233741405851561077076176571204741281741 Akola43 344585122125117974568176200165145165NR58320292727433938496550103747608353884244211633 RajasthanJaipurNR NRNRNRNRNRNRNRNRNRNRNRNRNRNRNRNRNRNRNRNRNRNRNRNRNRNRNRNRNRNRNRNRNRNRNRNRNR JodhpurNR NRNRNRNRNRNRNRNRNRNRNRNRNRNRNRNRNRNRNRNRNRNRNRNRNRNRNRNRNRNRNRNRNRNRNRNRNR KotaNR NRNRNRNRNRNRNRNRNRNRNRNRNRNRNRNRNRNRNRNRNRNRNRNRNRNRNRNRNRNRNRNRNRNRNRNRNR UdaipurNR NRNRNRNRNRNRNRNRNRNRNRNRNRNRNRNRNRNRNRNRNRNRNRNRNRNRNRNRNRNRNRNRNRNRNRNRNR BharatpurNR NRNRNRNRNRNRNRNRNRNRNRNRNRNRNRNRNRNRNRNRNRNRNRNRNRNRNRNRNRNRNRNRNRNRNRNRNR AjmerNR NRNRNRNRNRNRNRNRNRNRNRNRNRNRNRNRNRNRNRNRNRNRNRNRNRNRNRNRNRNRNRNRNRNRNRNRNR BikanerNR NRNRNRNRNRNRNRNRNRNRNRNRNRNRNRNRNRNRNRNRNRNRNRNRNRNRNRNRNRNRNRNRNRNRNRNRNR BundiNR NRNRNRNRNRNRNRNRNRNRNRNRNRNRNRNRNRNRNRNRNRNRNRNRNRNRNRNRNRNRNRNRNRNRNRNRNR RajsamandNR NRNRNRNRNRNRNRNRNRNRNRNRNRNRNRNRNRNRNRNRNRNRNRNRNRNRNRNRNRNRNRNRNRNRNRNRNR AlwarNR NRNRNRNRNRNRNRNRNRNRNRNRNRNRNRNRNRNRNRNRNRNRNRNRNRNRNRNRNRNRNRNRNRNRNRNRNR BanswaraNR NRNRNRNRNRNRNRNRNRNRNRNRNRNRNRNRNRNRNRNRNRNRNRNRNRNRNRNRNRNRNRNRNRNRNRNRNR BaranNR NRNRNRNRNRNRNRNRNRNRNRNRNRNRNRNRNRNRNRNRNRNRNRNRNRNRNRNRNRNRNRNRNRNRNRNRNR BarmerNR NRNRNRNRNRNRNRNRNRNRNRNRNRNRNRNRNRNRNRNRNRNRNRNRNRNRNRNRNRNRNRNRNRNRNRNRNR BhilwaraNR NRNRNRNRNRNRNRNRNRNRNRNRNRNRNRNRNRNRNRNRNRNRNRNRNRNRNRNRNRNRNRNRNRNRNRNRNR ChhitorgarhNR NRNRNRNRNRNRNRNRNRNRNRNRNRNRNRNRNRNRNRNRNRNRNRNRNRNRNRNRNRNRNRNRNRNRNRNRNR ChuruNR NRNRNRNRNRNRNRNRNRNRNRNRNRNRNRNRNRNRNRNRNRNRNRNRNRNRNRNRNRNRNRNRNRNRNRNRNR DholapurNR NRNRNRNRNRNRNRNRNRNRNRNRNRNRNRNRNRNRNRNRNRNRNRNRNRNRNRNRNRNRNRNRNRNRNRNRNR DungarpurNR NRNRNRNRNRNRNRNRNRNRNRNRNRNRNRNRNRNRNRNRNRNRNRNRNRNRNRNRNRNRNRNRNRNRNRNRNR HanumangarhNR NRNRNRNRNRNRNRNRNRNRNRNRNRNRNRNRNRNRNRNRNRNRNRNRNRNRNRNRNRNRNRNRNRNRNRNRNR JaisalmerNR NRNRNRNRNRNRNRNRNRNRNRNRNRNRNRNRNRNRNRNRNRNRNRNRNRNRNRNRNRNRNRNRNRNRNRNRNR Jalore44 343491113120105904254200154127154157NR4231015343433304041NR5096545607847984140291743 JhalawarNR NRNRNRNRNRNRNRNRNRNRNRNRNRNRNRNRNRNRNRNRNRNRNRNRNRNRNRNRNRNRNRNRNRNRNRNRNR JhunjhunuNR NRNRNRNRNRNRNRNRNRNRNRNRNRNRNRNRNRNRNRNRNRNRNRNRNRNRNRNRNRNRNRNRNRNRNRNRNR KarauliNR NRNRNRNRNRNRNRNRNRNRNRNRNRNRNRNRNRNRNRNRNRNRNRNRNRNRNRNRNRNRNRNRNRNRNRNRNR NagaurNR NRNRNRNRNRNRNRNRNRNRNRNRNRNRNRNRNRNRNRNRNRNRNRNRNRNRNRNRNRNRNRNRNRNRNRNRNR PaliNR NRNRNRNRNRNRNRNRNRNRNRNRNRNRNRNRNRNRNRNRNRNRNRNRNRNRNRNRNRNRNRNRNRNRNRNRNR RJ-PratapgarhNR NRNRNRNRNRNRNRNRNRNRNRNRNRNRNRNRNRNRNRNRNRNRNRNRNRNRNRNRNRNRNRNRNRNRNRNRNR SikarNR NRNRNRNRNRNRNRNRNRNRNRNRNRNRNRNRNRNRNRNRNRNRNRNRNRNRNRNRNRNRNRNRNRNRNRNRNR SirohiNR NRNRNRNRNRNRNRNRNRNRNRNRNRNRNRNRNRNRNRNRNRNRNRNRNRNRNRNRNRNRNRNRNRNRNRNRNR Sri GanganagarNR NRNRNRNRNRNRNRNRNRNRNRNRNRNRNRNRNRNRNRNRNRNRNRNRNRNRNRNRNRNRNRNRNRNRNRNRNR TonkNR NRNRNRNRNRNRNRNRNRNRNRNRNRNRNRNRNRNRNRNRNRNRNRNRNRNRNRNRNRNRNRNRNRNRNRNRNR Sawai MadhopurNR NRNRNRNRNRNRNRNRNRNRNRNRNRNRNRNRNRNRNRNRNRNRNRNRNRNRNRNRNRNRNRNRNRNRNRNRNR EAST ZONEEAST ZONE  BiharPatna40 28368499105103834958NR1871481961801675227826223038NRNR40NR40100604568430904040251544 BhagalpurNR NRNRNRNRNRNRNRNRNRNRNRNRNRNRNRNRNRNRNRNRNRNRNRNRNRNRNRNRNRNRNRNRNRNRNRNRNR Purnia38 31367996109104794957NR191142158NR12044324182023705858426144108703558235973634251748 DarbhangaNR NRNRNRNRNRNRNRNRNRNRNRNRNRNRNRNRNRNRNRNRNRNRNRNRNRNRNRNRNRNRNRNRNRNRNRNRNR GayaNR NRNRNRNRNRNRNRNRNRNRNRNRNRNRNRNRNRNRNRNRNRNRNRNRNRNRNRNRNRNRNRNRNRNRNRNRNR Muzzafarpur39 283384107116107814757NR18815115619312357287272122374849415440101604598423913940271551 SaranNR NRNRNRNRNRNRNRNRNRNRNRNRNRNRNRNRNRNRNRNRNRNRNRNRNRNRNRNRNRNRNRNRNRNRNRNRNR MungerNR NRNRNRNRNRNRNRNRNRNRNRNRNRNRNRNRNRNRNRNRNRNRNRNRNRNRNRNRNRNRNRNRNRNRNRNRNR SaharsaNR NRNRNRNRNRNRNRNRNRNRNRNRNRNRNRNRNRNRNRNRNRNRNRNRNRNRNRNRNRNRNRNRNRNRNRNRNR Madhubani38 2934861371151088246552061641611601711274527324232745NRNR314833107619576929823232241150 Rohtas (Sasaram)34 363982105101928449662011961781641841375622028192336385937544099690608245772430191236 Motihari44 28328210811410682455621121820516020614146265192022463433365036108593547627803043261932 Samastipur41 2835851401171147845541651981521241501505330326192347303834733795617579235972576251148 Katihar41 323584125128110804659NR183127133146NR4830520233259NRNR33NR34110593NR72389821502013NR Araria33 273081138120115854660NR18915216319613250330202020586060356550100604607640902640301345 Nawada44 323689112110107835060NR17915918218115153280292228595048425745103718618458873537281364 KhagariaNR NRNRNRNRNRNRNRNRNRNRNRNRNRNRNRNRNRNRNRNRNRNRNRNRNRNRNRNRNRNRNRNRNRNRNRNRNR BankaNR NRNRNRNRNRNRNRNRNRNRNRNRNRNRNRNRNRNRNRNRNRNRNRNRNRNRNRNRNRNRNRNRNRNRNRNRNR ArwalNR NRNRNRNRNRNRNRNRNRNRNRNRNRNRNRNRNRNRNRNRNRNRNRNRNRNRNRNRNRNRNRNRNRNRNRNRNR AurangabadNR NRNRNRNRNRNRNRNRNRNRNRNRNRNRNRNRNRNRNRNRNRNRNRNRNRNRNRNRNRNRNRNRNRNRNRNRNR Begusarai37 29357410411010575455523917116816015913946262141621475242355237108623587839962532201735 Bhojpur AraNR NRNRNRNRNRNRNRNRNRNRNRNRNRNRNRNRNRNRNRNRNRNRNRNRNRNRNRNRNRNRNRNRNRNRNRNRNR Buxar33 2933801001001028046602021981711681781454932725212032415132553388703608434813930251940 Gopalganj37 27358011810610579445519017414814515111451238291923344344394340117655567131864340351154 JamuiNR NRNRNRNRNRNRNRNRNRNRNRNRNRNRNRNRNRNRNRNRNRNRNRNRNRNRNRNRNRNRNRNRNRNRNRNRNR JehanabadNR NRNRNRNRNRNRNRNRNRNRNRNRNRNRNRNRNRNRNRNRNRNRNRNRNRNRNRNRNRNRNRNRNRNRNRNRNR Kaimur39 273380109110109794757NR1941791541831205521420162338393937NR3986714617737823032201555 KishanganjNR NRNRNRNRNRNRNRNRNRNRNRNRNRNRNRNRNRNRNRNRNRNRNRNRNRNRNRNRNRNRNRNRNRNRNRNRNR LakhisaraiNR NRNRNRNRNRNRNRNRNRNRNRNRNRNRNRNRNRNRNRNRNRNRNRNRNRNRNRNRNRNRNRNRNRNRNRNRNR Medhepura38 293581114113109804658NR1871601691861414827622222747NRNR36NR35103635598036873538311442 NalandaNR NRNRNRNRNRNRNRNRNRNRNRNRNRNRNRNRNRNRNRNRNRNRNRNRNRNRNRNRNRNRNRNRNRNRNRNRNR SheikhpuraNR NRNRNRNRNRNRNRNRNRNRNRNRNRNRNRNRNRNRNRNRNRNRNRNRNRNRNRNRNRNRNRNRNRNRNRNRNR Sheohar39 2733801171191137745581701721561711811275023224222460NRNRNRNRNRNRNRNRNRNRNRNRNRNRNRNR SitamarhiNR NRNRNRNRNRNRNRNRNRNRNRNRNRNRNRNRNRNRNRNRNRNRNRNRNRNRNRNRNRNRNRNRNRNRNRNRNR Siwan34 28328096102987747601671961511531511295421027182432474333513588742616626763141271448 Supaul38 303578104115117774655NR193136NRNR1415026312172238NRNR36NR36112580588430802656351555 Vaishali35 293480971171027946502071781511501891485420729202540494935393985659559430772634171238 West Champaran39 29358112012011081445620518816715517811345260202222443540324538105576547738904850281850 JharkhandRanchi43 37378211211211181475823119714515516612953237282125523535393548110597608462924340301457 GumlaNR NRNRNRNRNRNRNRNRNRNRNRNRNRNRNRNRNRNRNRNRNRNRNRNRNRNRNRNRNRNRNRNRNRNRNRNRNR SahibganjNR NRNRNRNRNRNRNRNRNRNRNRNRNRNRNRNRNRNRNRNRNRNRNRNRNRNRNRNRNRNRNRNRNRNRNRNRNR Bokaro34 3537861321001108646571891721601641821455132225283053NRNR33NR40100709558929812842251360 Lohardaga36 313685110125110804561NR1551291401521274420326202540NRNR38314090651567325804230271138 SimdegaNR NRNRNRNRNRNRNRNRNRNRNRNRNRNRNRNRNRNRNRNRNRNRNRNRNRNRNRNRNRNRNRNRNRNRNRNRNR Dhanbad39 3536801061091088046592421921531721871395324526182948355137514196718577546883041331848 Jamshedpur (East Singbhum) NR NRNRNRNRNRNRNRNRNRNRNRNRNRNRNRNRNRNRNRNRNRNRNRNRNRNRNRNRNRNRNRNRNRNRNRNRNR GiridhiNR NRNRNRNRNRNRNRNRNRNRNRNRNRNRNRNRNRNRNRNRNRNRNRNRNRNRNRNRNRNRNRNRNRNRNRNRNR SeraikellaNR NRNRNRNRNRNRNRNRNRNRNRNRNRNRNRNRNRNRNRNRNRNRNRNRNRNRNRNRNRNRNRNRNRNRNRNRNR West SinghbhumNR NRNRNRNRNRNRNRNRNRNRNRNRNRNRNRNRNRNRNRNRNRNRNRNRNRNRNRNRNRNRNRNRNRNRNRNRNR Daltonganj41 283882112109111904960NR181161167NR1446128233162240NRNR465848108643639625853236261735 Deoghar40 35369011012011080486017619217617017613250300302020505050456055100769608030904040301840 Ramgarh38 3638NR1181141127947NRNR1761621682011574627925223243NRNR31NR40108590587742832858271242 PakurNR NRNRNRNRNRNRNRNRNRNRNRNRNRNRNRNRNRNRNRNRNRNRNRNRNRNRNRNRNRNRNRNRNRNRNRNRNR JamtaraNR NRNRNRNRNRNRNRNRNRNRNRNRNRNRNRNRNRNRNRNRNRNRNRNRNRNRNRNRNRNRNRNRNRNRNRNRNR LateharNR NRNRNRNRNRNRNRNRNRNRNRNRNRNRNRNRNRNRNRNRNRNRNRNRNRNRNRNRNRNRNRNRNRNRNRNRNR GoddaNR NRNRNRNRNRNRNRNRNRNRNRNRNRNRNRNRNRNRNRNRNRNRNRNRNRNRNRNRNRNRNRNRNRNRNRNRNR Koderma40 3335871041101068048652031971371551921266020829252544NRNR37NR3891716648559903534201460 OdishaBhubaneshwar40 364682100100110804854NR198127NR1651475523027202533NRNR38494490NRNR8050853430201250 Cuttack41 36468299101101814954NR199132NR1661225726028212638414241514395743NR824887NR33221562 SambalpurNR NRNRNRNRNRNRNRNRNRNRNRNRNRNRNRNRNRNRNRNRNRNRNRNRNRNRNRNRNRNRNRNRNRNRNRNRNR Rourkela36 363682999897794754NR2011311281651415419026212235363640404291529587640813032231550 Berhampur44 4040809699100715054NR215153NR1791435524521202233NRNR38495084703537060843545291446 Jeypore45 4038861009897804754NR1961321371581415523728202535404038454280736607040753035201242 Balasore38 414582979894764654NR203163NR1661245924028202750NRNR42NR4393620598462932840281145 Baripada37 37428510110996804854NR188160NR166143552452618254935NR484451120690627857932940311461 Balangir39 3738829710097804654NR205127NR16512160NR29232337NRNR38NR4390714608047772735201540 AngulNR NRNRNRNRNRNRNRNRNRNRNRNRNRNRNRNRNRNRNRNRNRNRNRNRNRNRNRNRNRNRNRNRNRNRNRNRNR BoudhgarhNR NRNRNRNRNRNRNRNRNRNRNRNRNRNRNRNRNRNRNRNRNRNRNRNRNRNRNRNRNRNRNRNRNRNRNRNRNR Dhenkanal39 354482989898854954NR203137NR165143574302920264050NR39504586696588450834030201250 Jagatsinghpur35 353880100110100854858NR203174NR1591215024025202540NRNR38NR39103600587250813832211360 KandhamalNR NRNRNRNRNRNRNRNRNRNRNRNRNRNRNRNRNRNRNRNRNRNRNRNRNRNRNRNRNRNRNRNRNRNRNRNRNR KeonjharNR NRNRNRNRNRNRNRNRNRNRNRNRNRNRNRNRNRNRNRNRNRNRNRNRNRNRNRNRNRNRNRNRNRNRNRNRNR MalkangiriNR NRNRNRNRNRNRNRNRNRNRNRNRNRNRNRNRNRNRNRNRNRNRNRNRNRNRNRNRNRNRNRNRNRNRNRNRNR NabarangpurNR NRNRNRNRNRNRNRNRNRNRNRNRNRNRNRNRNRNRNRNRNRNRNRNRNRNRNRNRNRNRNRNRNRNRNRNRNR NayagarhNR NRNRNRNRNRNRNRNRNRNRNRNRNRNRNRNRNRNRNRNRNRNRNRNRNRNRNRNRNRNRNRNRNRNRNRNRNR NuapadaNR NRNRNRNRNRNRNRNRNRNRNRNRNRNRNRNRNRNRNRNRNRNRNRNRNRNRNRNRNRNRNRNRNRNRNRNRNR Paralakhemundi Gajapati50 NRNRNR107NR110NR44NRNR177143NR145NR53234262025584051415549676616670531053036201256 Puri39 NR4384106105101804756NR199151NR1621315728226192437NRNR41NR4494666607638863642251346 Rayagada42 435088105109106805056184200140NR16712755NR30232440NRNR48395088731628147823435261250 SonepurNR NRNRNRNRNRNRNRNRNRNRNRNRNRNRNRNRNRNRNRNRNRNRNRNRNRNRNRNRNRNRNRNRNRNRNRNRNR Bhadrak36 NR4387112110110844560NR207176NR161135552922817254044NR38633985769607553803832241540 Jharsuguda41 444185110102105804654NR20314312716912150NR302530403944445846100692628460923839271945 Kendrapara39 384585105102100824554NR203154NR1591385128028192540NRNR40564387692607135852936231450 JajpurNR NRNRNRNRNRNRNRNRNRNRNRNRNRNRNRNRNRNRNRNRNRNRNRNRNRNRNRNRNRNRNRNRNRNRNRNRNR Kalahandi41 374982111111110894856NR210159NR1641265439529212540NRNR413749101753NR8440842732261350 West BengalKolkataNR NRNRNRNRNRNRNRNRNRNRNRNRNRNRNRNRNRNRNRNRNRNRNRNRNRNRNRNRNRNRNRNRNRNRNRNRNR SiliguriNR NRNRNRNRNRNRNRNRNRNRNRNRNRNRNRNRNRNRNRNRNRNRNRNRNRNRNRNRNRNRNRNRNRNRNRNRNR Purulia37 NR38841181111059945571771941581491741415328127162542NRNR46NR58112651617750823144372045 KharagpurNR NRNRNRNRNRNRNRNRNRNRNRNRNRNRNRNRNRNRNRNRNRNRNRNRNRNRNRNRNRNRNRNRNRNRNRNRNR RampurhatNR NRNRNRNRNRNRNRNRNRNRNRNRNRNRNRNRNRNRNRNRNRNRNRNRNRNRNRNRNRNRNRNRNRNRNRNRNR MaldaNR NRNRNRNRNRNRNRNRNRNRNRNRNRNRNRNRNRNRNRNRNRNRNRNRNRNRNRNRNRNRNRNRNRNRNRNRNR RaiganjNR NRNRNRNRNRNRNRNRNRNRNRNRNRNRNRNRNRNRNRNRNRNRNRNRNRNRNRNRNRNRNRNRNRNRNRNRNR AlipurduarNR NRNRNRNRNRNRNRNRNRNRNRNRNRNRNRNRNRNRNRNRNRNRNRNRNRNRNRNRNRNRNRNRNRNRNRNRNR AsansolNR NRNRNRNRNRNRNRNRNRNRNRNRNRNRNRNRNRNRNRNRNRNRNRNRNRNRNRNRNRNRNRNRNRNRNRNRNR BalurghatNR NRNRNRNRNRNRNRNRNRNRNRNRNRNRNRNRNRNRNRNRNRNRNRNRNRNRNRNRNRNRNRNRNRNRNRNRNR BankuraNR NRNRNRNRNRNRNRNRNRNRNRNRNRNRNRNRNRNRNRNRNRNRNRNRNRNRNRNRNRNRNRNRNRNRNRNRNR Barasat50 31399212510710911446571991921901511661376227427222838565539655475632577659843735251434 Bardhaman55 NR418911311511612547582281921521281651305130927162540NRNR38NR4596731607861903532241354 BaruipurNR NRNRNRNRNRNRNRNRNRNRNRNRNRNRNRNRNRNRNRNRNRNRNRNRNRNRNRNRNRNRNRNRNRNRNRNRNR Berhampore45 304178110111102964860NR1801441521741434927324192534NRNR39NR6269617627843973031251533 ChinsurahNR NRNRNRNRNRNRNRNRNRNRNRNRNRNRNRNRNRNRNRNRNRNRNRNRNRNRNRNRNRNRNRNRNRNRNRNRNR Cooch beharNR NRNRNRNRNRNRNRNRNRNRNRNRNRNRNRNRNRNRNRNRNRNRNRNRNRNRNRNRNRNRNRNRNRNRNRNRNR Howrah57 NR391031281101291185062NR203200156177NR6825229162550NRNRNRNR551126875875801083435311553 JalapiguriNR NRNRNRNRNRNRNRNRNRNRNRNRNRNRNRNRNRNRNRNRNRNRNRNRNRNRNRNRNRNRNRNRNRNRNRNRNR JhargramNR NRNRNRNRNRNRNRNRNRNRNRNRNRNRNRNRNRNRNRNRNRNRNRNRNRNRNRNRNRNRNRNRNRNRNRNRNR KalimpongNR NRNRNRNRNRNRNRNRNRNRNRNRNRNRNRNRNRNRNRNRNRNRNRNRNRNRNRNRNRNRNRNRNRNRNRNRNR KrishnagarNR NRNRNRNRNRNRNRNRNRNRNRNRNRNRNRNRNRNRNRNRNRNRNRNRNRNRNRNRNRNRNRNRNRNRNRNRNR TamlukNR NRNRNRNRNRNRNRNRNRNRNRNRNRNRNRNRNRNRNRNRNRNRNRNRNRNRNRNRNRNRNRNRNRNRNRNRNR NORTH EAST ZONENORTH EAST ZONE  Andaman and NicobarPort BlairNR NRNRNRNRNRNRNRNRNRNRNRNRNRNRNRNRNRNRNRNRNRNRNRNRNRNRNRNRNRNRNRNRNRNRNRNRNR MayabunderNR NRNRNRNRNRNRNRNRNRNRNRNRNRNRNRNRNRNRNRNRNRNRNRNRNRNRNRNRNRNRNRNRNRNRNRNRNR Car NicobarNR NRNRNRNRNRNRNRNRNRNRNRNRNRNRNRNRNRNRNRNRNRNRNRNRNRNRNRNRNRNRNRNRNRNRNRNRNR Arunachal pradeshItanagar39 NR4491143130120905074NR209176149208NR7540017273238NRNR45NR5299702578442795753301769 Namsai36 NR4290120120120935076NR169NR187165NR8027815253050NRNR52NR60120660599626805030301855 Pasighat50 NR501001301301001006078176220165172169NR9040020304070NRNR50NR537369259100701007583431560 Tawang45 4545100142140137985773NR208120137165NR10034020414252NRNR42NR5393684579250982883302862 AssamGuwahati39 334081106951009049702232051651541701436022013223360NRNR42NR44NRNRNR8342NR37NR221980 Barpeta35 41398510795998249721982081391571921555824010192943494342975283746637932833833281858 TinsukiaNR NRNRNRNRNRNRNRNRNRNRNRNRNRNRNRNRNRNRNRNRNRNRNRNRNRNRNRNRNRNRNRNRNRNRNRNRNR DhubriNR NRNRNRNRNRNRNRNRNRNRNRNRNRNRNRNRNRNRNRNRNRNRNRNRNRNRNRNRNRNRNRNRNRNRNRNRNR Goalpara42 323991136120111884859NR1841611511641585125810183038NRNR38NR5497659608040974131311857 GolaghatNR NRNRNRNRNRNRNRNRNRNRNRNRNRNRNRNRNRNRNRNRNRNRNRNRNRNRNRNRNRNRNRNRNRNRNRNRNR Mangaldai45 33387810095110874870NR1891451411601646026012193550NRNR39NR42NRNRNR9030NRNRNR301765 Mushalpur39 38369112995118904873NR2111441521481445024310203058NRNR37NR50828176081358729NR231557 Udalguri41 NR419912997107854575NR213NR1451721455826011193346NRNR39NR3975687NR79298042NR211353 Bajali36 334090118105115904878164209NR1591831375936310203042NRNR3610345859166010230906160322570 Hojai36 NR4088110102100904962NR1991461361751527024211203047NRNR39NR42806725782351013340301147 Jorhat40 36388511011410710550741812091601481601326020812202660NRNR55NR5478NRNR9340NRNRNRNR1253 Bongaigaon44 NR358211297110904770NR184152150165NR6032210203059NRNR37NR6076NRNR8440NR40NR301855 MorigaonNR NRNRNRNRNRNRNRNRNRNRNRNRNRNRNRNRNRNRNRNRNRNRNRNRNRNRNRNRNRNRNRNRNRNRNRNRNR Sonari40 414197115NR1151004877NR199NR154NRNR7122012193062NRNR37NR6095NRNR8145754342301552 Tamulpur38 393988112105110894977NR190140134NR1176025310193060NRNR39NR5080736NR9640NRNRNR231058 Sivasagar49 4150911271181081054877NR2122021761921535825311242863336354NR5890679629340783756331150 Biswanath CharialiNR NRNRNRNRNRNRNRNRNRNRNRNRNRNRNRNRNRNRNRNRNRNRNRNRNRNRNRNRNRNRNRNRNRNRNRNRNR Dibrugarh36 NR38911191181091034974NR207152171186NR6025015233057NRNR41NR5793775609453823943301360 Karimganj37 NR4083115120102814975NR207NR126183NR7023514202960NRNR40NR65130NR609050NR37NR261548 Majuli35 384590120911151005070NR187NR136NRNR6026015223246NRNR40NR42113NRNR84407045NR351540 Sonitpur Tezpur37 304187115100112854769163NR1671421621204931010202547NRNR40NR4580749628440965060301780 Haflong35 NR4590120NR115855577NR187NR132198NR8027015253545NRNR44NR45907586290451104040251980 AS-Lakhimpur39 NR4186112105112924972NR181156156161NR5618815182851NRNR41NR4288606597647813759321348 Diphu40 NR3990112110111905074NR192NR143NR12690243132035474255416265103712628622926040261360 NalbariNR NRNRNRNRNRNRNRNRNRNRNRNRNRNRNRNRNRNRNRNRNRNRNRNRNRNRNRNRNRNRNRNRNRNRNRNRNR South Salmara Mankachar38 393981142NR116804773NR19918117018114360230112931NR838541NR61NR807598441744248392158 Kamrup38 NR388611989104854770NR218NR1741901225321315203141NRNR38NR4580NR588435NR42NR241553 ManipurImphalNR NRNRNRNRNRNRNRNRNRNRNRNRNRNRNRNRNRNRNRNRNRNRNRNRNRNRNRNRNRNRNRNRNRNRNRNRNR Chandel60 NR50NR1701701401006075143181NR181NRNR120220303040100NRNR50NR37906376391NR6450NR261570 JiribamNR NRNRNRNRNRNRNRNRNRNRNRNRNRNRNRNRNRNRNRNRNRNRNRNRNRNRNRNRNRNRNRNRNRNRNRNRNR KangpokpiNR NRNRNRNRNRNRNRNRNRNRNRNRNRNRNRNRNRNRNRNRNRNRNRNRNRNRNRNRNRNRNRNRNRNRNRNRNR SenapatiNR NRNRNRNRNRNRNRNRNRNRNRNRNRNRNRNRNRNRNRNRNRNRNRNRNRNRNRNRNRNRNRNRNRNRNRNRNR TamenglongNR NRNRNRNRNRNRNRNRNRNRNRNRNRNRNRNRNRNRNRNRNRNRNRNRNRNRNRNRNRNRNRNRNRNRNRNRNR ThoubalNR NRNRNRNRNRNRNRNRNRNRNRNRNRNRNRNRNRNRNRNRNRNRNRNRNRNRNRNRNRNRNRNRNRNRNRNRNR UkhrulNR NRNRNRNRNRNRNRNRNRNRNRNRNRNRNRNRNRNRNRNRNRNRNRNRNRNRNRNRNRNRNRNRNRNRNRNRNR MeghalayaShillongNR NRNRNRNRNRNRNRNRNRNRNRNRNRNRNRNRNRNRNRNRNRNRNRNRNRNRNRNRNRNRNRNRNRNRNRNRNR TuraNR NRNRNRNRNRNRNRNRNRNRNRNRNRNRNRNRNRNRNRNRNRNRNRNRNRNRNRNRNRNRNRNRNRNRNRNRNR Jowai37 414090NRNR120875074NR154NR152NRNR8036015253847NRNR41NR4088651628050805040301673 SohraNR NRNRNRNRNRNRNRNRNRNRNRNRNRNRNRNRNRNRNRNRNRNRNRNRNRNRNRNRNRNRNRNRNRNRNRNRNR MairangNR NRNRNRNRNRNRNRNRNRNRNRNRNRNRNRNRNRNRNRNRNRNRNRNRNRNRNRNRNRNRNRNRNRNRNRNRNR NongpohNR NRNRNRNRNRNRNRNRNRNRNRNRNRNRNRNRNRNRNRNRNRNRNRNRNRNRNRNRNRNRNRNRNRNRNRNRNR Khliehriat39 414093137NR115844975NR156NR154NRNRNR32030283847NRNR41NR4477NR607843785843281577 WilliamnagarNR NRNRNRNRNRNRNRNRNRNRNRNRNRNRNRNRNRNRNRNRNRNRNRNRNRNRNRNRNRNRNRNRNRNRNRNRNR NongstoinNR NRNRNRNRNRNRNRNRNRNRNRNRNRNRNRNRNRNRNRNRNRNRNRNRNRNRNRNRNRNRNRNRNRNRNRNRNR MawkyrwatNR NRNRNRNRNRNRNRNRNRNRNRNRNRNRNRNRNRNRNRNRNRNRNRNRNRNRNRNRNRNRNRNRNRNRNRNRNR MizoramAizawlNR NRNRNRNRNRNRNRNRNRNRNRNRNRNRNRNRNRNRNRNRNRNRNRNRNRNRNRNRNRNRNRNRNRNRNRNRNR Lunglei55 4050117NR1531401005585NR231220143253NR97460304060105NRNR50NR92107681601006710010067422090 Kolasib49 404395160130128925580NR204NR13516414310047030404090NR4043NR781376596090709210083403550 MamitNR NRNRNRNRNRNRNRNRNRNRNRNRNRNRNRNRNRNRNRNRNRNRNRNRNRNRNRNRNRNRNRNRNRNRNRNRNR Champhai45 354590140NR1271005780NR165209159NRNR9352030526077NRNR45NR8090576601085597NRNR684070 SerchhipNR NRNRNRNRNRNRNRNRNRNRNRNRNRNRNRNRNRNRNRNRNRNRNRNRNRNRNRNRNRNRNRNRNRNRNRNRNR Siaha55 NR501031571381481025580NR242219143NR110100250304052NRNRNR50100951106316010010080NR60604093 Lawngtlai50 45501001601401401005080NR242NR143NR121110480304060NRNRNR50NR801406606010080100NR906040100 Hnahthial53 4550NR1531571331035284NR231NR139NRNR135500303750120NRNR50NR90140620601007090NR90502085 Khawzawl53 354795NR132128935582NR21214615214313212745330385083NRNR47NR8010061760985393NR87534078 SaitualNR NRNRNRNRNRNRNRNRNRNRNRNRNRNRNRNRNRNRNRNRNRNRNRNRNRNRNRNRNRNRNRNRNRNRNRNRNR NagalandKohimaNR NRNRNRNRNRNRNRNRNRNRNRNRNRNRNRNRNRNRNRNRNRNRNRNRNRNRNRNRNRNRNRNRNRNRNRNRNR DimapurNR NRNRNRNRNRNRNRNRNRNRNRNRNRNRNRNRNRNRNRNRNRNRNRNRNRNRNRNRNRNRNRNRNRNRNRNRNR TuensangNR NRNRNRNRNRNRNRNRNRNRNRNRNRNRNRNRNRNRNRNRNRNRNRNRNRNRNRNRNRNRNRNRNRNRNRNRNR MokochungNR NRNRNRNRNRNRNRNRNRNRNRNRNRNRNRNRNRNRNRNRNRNRNRNRNRNRNRNRNRNRNRNRNRNRNRNRNR ChumukedimaNR NRNRNRNRNRNRNRNRNRNRNRNRNRNRNRNRNRNRNRNRNRNRNRNRNRNRNRNRNRNRNRNRNRNRNRNRNR MonNR NRNRNRNRNRNRNRNRNRNRNRNRNRNRNRNRNRNRNRNRNRNRNRNRNRNRNRNRNRNRNRNRNRNRNRNRNR PerenNR NRNRNRNRNRNRNRNRNRNRNRNRNRNRNRNRNRNRNRNRNRNRNRNRNRNRNRNRNRNRNRNRNRNRNRNRNR PhekNR NRNRNRNRNRNRNRNRNRNRNRNRNRNRNRNRNRNRNRNRNRNRNRNRNRNRNRNRNRNRNRNRNRNRNRNRNR TseminyuNR NRNRNRNRNRNRNRNRNRNRNRNRNRNRNRNRNRNRNRNRNRNRNRNRNRNRNRNRNRNRNRNRNRNRNRNRNR WokhaNR NRNRNRNRNRNRNRNRNRNRNRNRNRNRNRNRNRNRNRNRNRNRNRNRNRNRNRNRNRNRNRNRNRNRNRNRNR ZunhebotoNR NRNRNRNRNRNRNRNRNRNRNRNRNRNRNRNRNRNRNRNRNRNRNRNRNRNRNRNRNRNRNRNRNRNRNRNRNR KiphireNR NRNRNRNRNRNRNRNRNRNRNRNRNRNRNRNRNRNRNRNRNRNRNRNRNRNRNRNRNRNRNRNRNRNRNRNRNR LonglengNR NRNRNRNRNRNRNRNRNRNRNRNRNRNRNRNRNRNRNRNRNRNRNRNRNRNRNRNRNRNRNRNRNRNRNRNRNR NiulandNR NRNRNRNRNRNRNRNRNRNRNRNRNRNRNRNRNRNRNRNRNRNRNRNRNRNRNRNRNRNRNRNRNRNRNRNRNR ShamatorNR NRNRNRNRNRNRNRNRNRNRNRNRNRNRNRNRNRNRNRNRNRNRNRNRNRNRNRNRNRNRNRNRNRNRNRNRNR NoklakNR NRNRNRNRNRNRNRNRNRNRNRNRNRNRNRNRNRNRNRNRNRNRNRNRNRNRNRNRNRNRNRNRNRNRNRNRNR SikkimGangtokNR NRNRNRNRNRNRNRNRNRNRNRNRNRNRNRNRNRNRNRNRNRNRNRNRNRNRNRNRNRNRNRNRNRNRNRNRNR GyalshingNR NRNRNRNRNRNRNRNRNRNRNRNRNRNRNRNRNRNRNRNRNRNRNRNRNRNRNRNRNRNRNRNRNRNRNRNRNR NamchiNR NRNRNRNRNRNRNRNRNRNRNRNRNRNRNRNRNRNRNRNRNRNRNRNRNRNRNRNRNRNRNRNRNRNRNRNRNR SorengNR NRNRNRNRNRNRNRNRNRNRNRNRNRNRNRNRNRNRNRNRNRNRNRNRNRNRNRNRNRNRNRNRNRNRNRNRNR ManganNR NRNRNRNRNRNRNRNRNRNRNRNRNRNRNRNRNRNRNRNRNRNRNRNRNRNRNRNRNRNRNRNRNRNRNRNRNR PakyongNR NRNRNRNRNRNRNRNRNRNRNRNRNRNRNRNRNRNRNRNRNRNRNRNRNRNRNRNRNRNRNRNRNRNRNRNRNR TripuraAgartalaNR NRNRNRNRNRNRNRNRNRNRNRNRNRNRNRNRNRNRNRNRNRNRNRNRNRNRNRNRNRNRNRNRNRNRNRNRNR DharmanagarNR NRNRNRNRNRNRNRNRNRNRNRNRNRNRNRNRNRNRNRNRNRNRNRNRNRNRNRNRNRNRNRNRNRNRNRNRNR BeloniaNR NRNRNRNRNRNRNRNRNRNRNRNRNRNRNRNRNRNRNRNRNRNRNRNRNRNRNRNRNRNRNRNRNRNRNRNRNR TR-UdaipurNR NRNRNRNRNRNRNRNRNRNRNRNRNRNRNRNRNRNRNRNRNRNRNRNRNRNRNRNRNRNRNRNRNRNRNRNRNR SOUTH ZONESOUTH ZONE  Andhra PradeshVijaywada46 434583105107108894760170156148NR1601265428716312322414342524595586586832882239231848 Visakhapatnam46 4143821051071058447581701921481411631285428015202325404041454389659577037813337201545 Kurnool48 4143811011031078944581661961251301621185331319331113383741494289765617322843437211331 TirupathiNR NRNRNRNRNRNRNRNRNRNRNRNRNRNRNRNRNRNRNRNRNRNRNRNRNRNRNRNRNRNRNRNRNRNRNRNRNR JammalamaduguNR NRNRNRNRNRNRNRNRNRNRNRNRNRNRNRNRNRNRNRNRNRNRNRNRNRNRNRNRNRNRNRNRNRNRNRNRNR DharmavaramNR NRNRNRNRNRNRNRNRNRNRNRNRNRNRNRNRNRNRNRNRNRNRNRNRNRNRNRNRNRNRNRNRNRNRNRNRNR OngoleNR NRNRNRNRNRNRNRNRNRNRNRNRNRNRNRNRNRNRNRNRNRNRNRNRNRNRNRNRNRNRNRNRNRNRNRNRNR BapatlaNR NRNRNRNRNRNRNRNRNRNRNRNRNRNRNRNRNRNRNRNRNRNRNRNRNRNRNRNRNRNRNRNRNRNRNRNRNR RajahmundryNR NRNRNRNRNRNRNRNRNRNRNRNRNRNRNRNRNRNRNRNRNRNRNRNRNRNRNRNRNRNRNRNRNRNRNRNRNR EluruNR NRNRNRNRNRNRNRNRNRNRNRNRNRNRNRNRNRNRNRNRNRNRNRNRNRNRNRNRNRNRNRNRNRNRNRNRNR GunturNR NRNRNRNRNRNRNRNRNRNRNRNRNRNRNRNRNRNRNRNRNRNRNRNRNRNRNRNRNRNRNRNRNRNRNRNRNR AmalapuramNR NRNRNRNRNRNRNRNRNRNRNRNRNRNRNRNRNRNRNRNRNRNRNRNRNRNRNRNRNRNRNRNRNRNRNRNRNR Nandyala49 42418295104108864558169196144154165130572621537913333541434186714647141792837161627 ParvathipuramNR NRNRNRNRNRNRNRNRNRNRNRNRNRNRNRNRNRNRNRNRNRNRNRNRNRNRNRNRNRNRNRNRNRNRNRNRNR Sri Sathya SaiNR NRNRNRNRNRNRNRNRNRNRNRNRNRNRNRNRNRNRNRNRNRNRNRNRNRNRNRNRNRNRNRNRNRNRNRNRNR NelloreNR NRNRNRNRNRNRNRNRNRNRNRNRNRNRNRNRNRNRNRNRNRNRNRNRNRNRNRNRNRNRNRNRNRNRNRNRNR SrikakulamNR NRNRNRNRNRNRNRNRNRNRNRNRNRNRNRNRNRNRNRNRNRNRNRNRNRNRNRNRNRNRNRNRNRNRNRNRNR VizianagaramNR NRNRNRNRNRNRNRNRNRNRNRNRNRNRNRNRNRNRNRNRNRNRNRNRNRNRNRNRNRNRNRNRNRNRNRNRNR AnakapalliNR NRNRNRNRNRNRNRNRNRNRNRNRNRNRNRNRNRNRNRNRNRNRNRNRNRNRNRNRNRNRNRNRNRNRNRNRNR BhimavaramNR NRNRNRNRNRNRNRNRNRNRNRNRNRNRNRNRNRNRNRNRNRNRNRNRNRNRNRNRNRNRNRNRNRNRNRNRNR ChittoorNR NRNRNRNRNRNRNRNRNRNRNRNRNRNRNRNRNRNRNRNRNRNRNRNRNRNRNRNRNRNRNRNRNRNRNRNRNR KakinadaNR NRNRNRNRNRNRNRNRNRNRNRNRNRNRNRNRNRNRNRNRNRNRNRNRNRNRNRNRNRNRNRNRNRNRNRNRNR MachilipatnamNR NRNRNRNRNRNRNRNRNRNRNRNRNRNRNRNRNRNRNRNRNRNRNRNRNRNRNRNRNRNRNRNRNRNRNRNRNR NarasaraopetaNR NRNRNRNRNRNRNRNRNRNRNRNRNRNRNRNRNRNRNRNRNRNRNRNRNRNRNRNRNRNRNRNRNRNRNRNRNR PaderuNR NRNRNRNRNRNRNRNRNRNRNRNRNRNRNRNRNRNRNRNRNRNRNRNRNRNRNRNRNRNRNRNRNRNRNRNRNR RayachotiNR NRNRNRNRNRNRNRNRNRNRNRNRNRNRNRNRNRNRNRNRNRNRNRNRNRNRNRNRNRNRNRNRNRNRNRNRNR AnantapuramuNR NRNRNRNRNRNRNRNRNRNRNRNRNRNRNRNRNRNRNRNRNRNRNRNRNRNRNRNRNRNRNRNRNRNRNRNRNR YSR KadapaNR NRNRNRNRNRNRNRNRNRNRNRNRNRNRNRNRNRNRNRNRNRNRNRNRNRNRNRNRNRNRNRNRNRNRNRNRNR KarnatakaBengaluru49 4144821051101059251541572011301521621395824217282824474242454392698607340823343291752 Dharwad41 404081901101088642541621581031421371304526826282526534553584888630587260753447361545 Mangalore52 4344821131291129142551921751391631501335320215353040395944464690640577850843236231768 Mysore48 4755881091091108945481782031911671621465736021322723475753494380663626942823132261697 Bengaluru (East Range)47 464087117117117914850177NR1451781691405825520372228494242464292698607358833252281950 Belagavi44 39458097971008451541781751181601761354225816232224553537413785721546241802960171136 Kalaburagi53 3340811061201178343561711621671281501254918615302020414139473997699605837692557191550 Tumakuru47 424377931051058545541901981321631621305322721302531405241474385637596920832648221549 Bellary40 40397297100100884354198192141150162140533082429NR19384038474397693576623772527261856 Dhavanagere55 4450841061151098546531972021321441691426129328292821495343534691603567240723943221630 Shivamogga49 41419011112211098445419818014514014412650240282023204852444952102630587638803240281545 Vijayapur54 4644911151281229045542212051311591651424924214302223343942544492556617081974446381261 Ramanagara43 41418710311810395424818220314314015813051188154029294544474243100613627540903350211550 Raichur54 42468111011210586446218218417316116212753213153025374849454646916035271481125049401745 ChamarajanagarNR NRNRNRNRNRNRNRNRNRNRNRNRNRNRNRNRNRNRNRNRNRNRNRNRNRNRNRNRNRNRNRNRNRNRNRNRNR Kolar47 3943901211111099145551791681561441561235522715252619444544444190724607540913241321844 Haveri50 4545901001301209044641702201541651651214525213303020404045484290769607234753045301540 BagalkotNR NRNRNRNRNRNRNRNRNRNRNRNRNRNRNRNRNRNRNRNRNRNRNRNRNRNRNRNRNRNRNRNRNRNRNRNRNR Bidar55 403978981121028044592031911351451641494926712272327344243524288NR647348873032241657 Koppal41 3540901131171129342551811541351461571414523715402024333542464395610607033903536231567 Mandya37 424586101122109100464618917913414914811451251153020204143454243100610607330812938171540 Yadgir41 40367795979882455919218115814815914847185113030404052444643100663597041712638262145 Chikkamagalur46 3945851091231138945521771921481461541244919817292221454648445195606657452873951261543 Bangalore Rural45 3751871291211068245501991581161441501055525417282120543848415298653607331813650242049 Chikkaballapur49 4742881071121159146542252141451581671425329115262727404044414599681616827803138191534 ChitradurgaNR NRNRNRNRNRNRNRNRNRNRNRNRNRNRNRNRNRNRNRNRNRNRNRNRNRNRNRNRNRNRNRNRNRNRNRNRNR Gadag54 4145879813112492475221817713514114213247237153626304341434442104641637262874547341732 Hassan48 4549881141251149349542232081531641661246023221242419495145525595672607451974636311540 Kodagu44 4146901071161129447541861721461421471165525119282937374147474799628596742693037191567 Udupi54 464793121124112914650198190148NR1531315321815303429364045485097711657254835466312071 Uttara Kannada44 4645951091211159845482271961751871811275228720303141454243454495685597156873339221952 Vijayanagara49 4344831051151078844531841921331311571234820014302025344443464598648627031833436201565 KeralaT.PuramNR NRNRNRNRNRNRNRNRNRNRNRNRNRNRNRNRNRNRNRNRNRNRNRNRNRNRNRNRNRNRNRNRNRNRNRNRNR ErnakulamNR NRNRNRNRNRNRNRNRNRNRNRNRNRNRNRNRNRNRNRNRNRNRNRNRNRNRNRNRNRNRNRNRNRNRNRNRNR KozhikodeNR NRNRNRNRNRNRNRNRNRNRNRNRNRNRNRNRNRNRNRNRNRNRNRNRNRNRNRNRNRNRNRNRNRNRNRNRNR ThrissurNR NRNRNRNRNRNRNRNRNRNRNRNRNRNRNRNRNRNRNRNRNRNRNRNRNRNRNRNRNRNRNRNRNRNRNRNRNR PalakkadNR NRNRNRNRNRNRNRNRNRNRNRNRNRNRNRNRNRNRNRNRNRNRNRNRNRNRNRNRNRNRNRNRNRNRNRNRNR WayanadNR NRNRNRNRNRNRNRNRNRNRNRNRNRNRNRNRNRNRNRNRNRNRNRNRNRNRNRNRNRNRNRNRNRNRNRNRNR KasargodNR NRNRNRNRNRNRNRNRNRNRNRNRNRNRNRNRNRNRNRNRNRNRNRNRNRNRNRNRNRNRNRNRNRNRNRNRNR KottayamNR NRNRNRNRNRNRNRNRNRNRNRNRNRNRNRNRNRNRNRNRNRNRNRNRNRNRNRNRNRNRNRNRNRNRNRNRNR PathanamthittaNR NRNRNRNRNRNRNRNRNRNRNRNRNRNRNRNRNRNRNRNRNRNRNRNRNRNRNRNRNRNRNRNRNRNRNRNRNR AlapuzhaNR NRNRNRNRNRNRNRNRNRNRNRNRNRNRNRNRNRNRNRNRNRNRNRNRNRNRNRNRNRNRNRNRNRNRNRNRNR KollamNR NRNRNRNRNRNRNRNRNRNRNRNRNRNRNRNRNRNRNRNRNRNRNRNRNRNRNRNRNRNRNRNRNRNRNRNRNR IdukkiNR NRNRNRNRNRNRNRNRNRNRNRNRNRNRNRNRNRNRNRNRNRNRNRNRNRNRNRNRNRNRNRNRNRNRNRNRNR KannurNR NRNRNRNRNRNRNRNRNRNRNRNRNRNRNRNRNRNRNRNRNRNRNRNRNRNRNRNRNRNRNRNRNRNRNRNRNR MalapuramNR NRNRNRNRNRNRNRNRNRNRNRNRNRNRNRNRNRNRNRNRNRNRNRNRNRNRNRNRNRNRNRNRNRNRNRNRNR PuducherryPuducherry54 486590115116110954652179214198NR16513764NR26NR31NR3760445277120894607158883035211567 Tamil NaduChennai58 444388118113122874640176225158NR1651377228327403028425247494990916627647832935211450 MaduraiNR NRNRNRNRNRNRNRNRNRNRNRNRNRNRNRNRNRNRNRNRNRNRNRNRNRNRNRNRNRNRNRNRNRNRNRNRNR DindigulNR NRNRNRNRNRNRNRNRNRNRNRNRNRNRNRNRNRNRNRNRNRNRNRNRNRNRNRNRNRNRNRNRNRNRNRNRNR ThiruchirapalliNR NRNRNRNRNRNRNRNRNRNRNRNRNRNRNRNRNRNRNRNRNRNRNRNRNRNRNRNRNRNRNRNRNRNRNRNRNR Coimbatore50 444489114115113854540214205166NR16814161275274227233949504953109743617055833336181453 TirunelveliNR NRNRNRNRNRNRNRNRNRNRNRNRNRNRNRNRNRNRNRNRNRNRNRNRNRNRNRNRNRNRNRNRNRNRNRNRNR CuddaloreNR NRNRNRNRNRNRNRNRNRNRNRNRNRNRNRNRNRNRNRNRNRNRNRNRNRNRNRNRNRNRNRNRNRNRNRNRNR DharmapuriNR NRNRNRNRNRNRNRNRNRNRNRNRNRNRNRNRNRNRNRNRNRNRNRNRNRNRNRNRNRNRNRNRNRNRNRNRNR VelloreNR NRNRNRNRNRNRNRNRNRNRNRNRNRNRNRNRNRNRNRNRNRNRNRNRNRNRNRNRNRNRNRNRNRNRNRNRNR Ramanathapuram61 39518999111106914644197NR162NR16514456281314136314051395256117831746851783432171450 ErodeNR NRNRNRNRNRNRNRNRNRNRNRNRNRNRNRNRNRNRNRNRNRNRNRNRNRNRNRNRNRNRNRNRNRNRNRNRNR KarurNR NRNRNRNRNRNRNRNRNRNRNRNRNRNRNRNRNRNRNRNRNRNRNRNRNRNRNRNRNRNRNRNRNRNRNRNRNR Perambalur48 NR6492107116109874744195208167NR16814856NR293737304261555056113681606542863238211458 Pudukkottai50 486596112118116NR4845227NR174NR16613457NR284030304351425053115709617018952642191460 Sivagangai53 466694116122118904744215NR207NR16814559292285030303853575261119763757143813040201451 Thanjavur53 475087123119119904744201231166NR16613659280273227253750484848125861707243923643231362 The nilgirisNR NRNRNRNRNRNRNRNRNRNRNRNRNRNRNRNRNRNRNRNRNRNRNRNRNRNRNRNRNRNRNRNRNRNRNRNRNR Thoothukudi51 456590110120110904746209214176NR15614356320103035203550605065120857617240872736191250 ViluppuramNR NRNRNRNRNRNRNRNRNRNRNRNRNRNRNRNRNRNRNRNRNRNRNRNRNRNRNRNRNRNRNRNRNRNRNRNRNR VirudhunagarNR NRNRNRNRNRNRNRNRNRNRNRNRNRNRNRNRNRNRNRNRNRNRNRNRNRNRNRNRNRNRNRNRNRNRNRNRNR Kanniyakumari60 395384101106105774741209209154NR16113955258253025183239375240109699607245792426151341 Namakkal63 476193110117117984644198189167NR16113756NR264032274140514947120664706650773439251258 TiruvannamalaiNR NRNRNRNRNRNRNRNRNRNRNRNRNRNRNRNRNRNRNRNRNRNRNRNRNRNRNRNRNRNRNRNRNRNRNRNRNR TiruvarurNR NRNRNRNRNRNRNRNRNRNRNRNRNRNRNRNRNRNRNRNRNRNRNRNRNRNRNRNRNRNRNRNRNRNRNRNRNR TiruppurNR NRNRNRNRNRNRNRNRNRNRNRNRNRNRNRNRNRNRNRNRNRNRNRNRNRNRNRNRNRNRNRNRNRNRNRNRNR Tenkasi56 465996116116114NR4746219NR171NR1561425827530353020365257585898795667240883242191357 NagapattinamNR NRNRNRNRNRNRNRNRNRNRNRNRNRNRNRNRNRNRNRNRNRNRNRNRNRNRNRNRNRNRNRNRNRNRNRNRNR Krishnagiri55 464190113113115894544202202155NR1641445931528292521384043484389652557240962640291255 Ariyalur55 NR6489111119118904644205192175NR16512760293264040355755606065119857656645902949161455 Kallakurichi53 496590109105112894645218205163NR16813658NR293223204050484748100890746828822732191345 Kancheepuram55 516694122115117964644187203175NR16313368NR283833304253515350103786527845823138181357 SalemNR NRNRNRNRNRNRNRNRNRNRNRNRNRNRNRNRNRNRNRNRNRNRNRNRNRNRNRNRNRNRNRNRNRNRNRNRNR Theni61 446192107114112864546219199157NR1521285527728373324395354507991722717243873449261259 ChengalpattuNR NRNRNRNRNRNRNRNRNRNRNRNRNRNRNRNRNRNRNRNRNRNRNRNRNRNRNRNRNRNRNRNRNRNRNRNRNR Mayiladuthurai59 506598132117113NR4545179231209NR157126603402737333745454650631238506572531075360301460 RanipetNR NRNRNRNRNRNRNRNRNRNRNRNRNRNRNRNRNRNRNRNRNRNRNRNRNRNRNRNRNRNRNRNRNRNRNRNRNR Tirupattur49 434787119114119904540186214170NR1651225831029332825314746384693817606542903040201450 Tiruvallur54 426986125112112904340195186156NR1591216129827403030366059447092764607845813045231345 TelanganaHyderabad56 3840791099910985415217219415315816613552280NR352637354939514595NR5868381044531181549 KarimnagarNR NRNRNRNRNRNRNRNRNRNRNRNRNRNRNRNRNRNRNRNRNRNRNRNRNRNRNRNRNRNRNRNRNRNRNRNRNR WarangalNR NRNRNRNRNRNRNRNRNRNRNRNRNRNRNRNRNRNRNRNRNRNRNRNRNRNRNRNRNRNRNRNRNRNRNRNRNR AdilabadNR NRNRNRNRNRNRNRNRNRNRNRNRNRNRNRNRNRNRNRNRNRNRNRNRNRNRNRNRNRNRNRNRNRNRNRNRNR SuryapetNR NRNRNRNRNRNRNRNRNRNRNRNRNRNRNRNRNRNRNRNRNRNRNRNRNRNRNRNRNRNRNRNRNRNRNRNRNR JadcherlaNR NRNRNRNRNRNRNRNRNRNRNRNRNRNRNRNRNRNRNRNRNRNRNRNRNRNRNRNRNRNRNRNRNRNRNRNRNR KhammamNR NRNRNRNRNRNRNRNRNRNRNRNRNRNRNRNRNRNRNRNRNRNRNRNRNRNRNRNRNRNRNRNRNRNRNRNRNR MedchalNR NRNRNRNRNRNRNRNRNRNRNRNRNRNRNRNRNRNRNRNRNRNRNRNRNRNRNRNRNRNRNRNRNRNRNRNRNR NizamabadNR NRNRNRNRNRNRNRNRNRNRNRNRNRNRNRNRNRNRNRNRNRNRNRNRNRNRNRNRNRNRNRNRNRNRNRNRNR SangareddyNR NRNRNRNRNRNRNRNRNRNRNRNRNRNRNRNRNRNRNRNRNRNRNRNRNRNRNRNRNRNRNRNRNRNRNRNRNR LadakhLehNR NRNRNRNRNRNRNRNRNRNRNRNRNRNRNRNRNRNRNRNRNRNRNRNRNRNRNRNRNRNRNRNRNRNRNRNRNR KargilNR NRNRNRNRNRNRNRNRNRNRNRNRNRNRNRNRNRNRNRNRNRNRNRNRNRNRNRNRNRNRNRNRNRNRNRNRNR Commodity NameCommodity NameRiceRiceWheatAtta (Wheat)Gram DalTur/Arhar DalUrad DalMoong DalMasoor DalSugarMilk @Groundnut Oil (Packed)Mustard Oil (Packed)Vanaspati (Packed)Soya Oil (Packed)Sunflower Oil (Packed)Palm Oil (Packed)GurTea LooseSalt Pack (Iodised)PotatoOnionTomatoBajra(whole)Jowar(whole)Maida(wheat)Ragi(whole)Suji(whole)BesanDesi GheeButter(Pasteurised)EggsBrinjalBlack Pepper(whole)Coriander(whole)Cummin Seed(whole)Red Chillies(whole)Turmeric(powder)BananaGIngerGarlic  Average Price1Average Price142 31.7737.1685.51113.56113.53109.187.6246.258.69187.35188.88154.89146.88162.06132.7356.12263.0521.4824.3526.4739.3337.4242.2940.7554.0744.9995.15662.6559.1476.540.7386.6735.8540.5227.2615.8948.12 Maximum Price1Maximum Price163 516911717017014812560852422422201962531901355203452601208385601039514091675108100120100906840100 Minimum Price1Minimum Price132 25297190828370414014313610312113097421631012913232531313259506514918642124151025 Modal Price1Modal Price140 283582110110110904560198192148143165126552402020254035404051409065960724088.5304027.51550 Source:- State civil supplies Dept.Note:- All India Consumption Weighted Average Prices of Oils w.e.f 23-Feb-2022 and Wheat and Atta w.e.f 25-Feb-2023 NR -> Not Reported Unit for Black Pepper (powder),Coriander (powder),Cummin Seed (powder),Red Chillies (powder),Turmeric (powder),Butter (Pasteurised) - Rs/100gm Unit for Eggs - Rs/Dozen Developed by:- National Informatics Centre(NIC)",,,,,,,,,,,,,,,,,,,,,,,,,,,,,,,,,,,,,,,,,,,2025-09-14
"Source:- State civil supplies Dept.Note:- All India Consumption Weighted Average Prices of Oils w.e.f 23-Feb-2022 and Wheat and Atta w.e.f 25-Feb-2023 NR -> Not Reported Unit for Black Pepper (powder),Coriander (powder),Cummin Seed (powder),Red Chillies (powder),Turmeric (powder),Butter (Pasteurised) - Rs/100gm Unit for Eggs - Rs/Dozen Developed by:- National Informatics Centre(NIC)",,,,,,,,,,,,,,,,,,,,,,,,,,,,,,,,,,,,,,,,,,,2025-09-14
Source:- State civil supplies Dept.,Note:- All India Consumption Weighted Average Prices of Oils w.e.f 23-Feb-2022 and Wheat and Atta w.e.f 25-Feb-2023,NR -> Not Reported,,,,,,,,,,,,,,,,,,,,,,,,,,,,,,,,,,,,,,,,,2025-09-14
"Unit for Black Pepper (powder),Coriander (powder),Cummin Seed (powder),Red Chillies (powder),Turmeric (powder),Butter (Pasteurised) - Rs/100gm","Unit for Black Pepper (powder),Coriander (powder),Cummin Seed (powder),Red Chillies (powder),Turmeric (powder),Butter (Pasteurised) - Rs/100gm",,,,,,,,,,,,,,,,,,,,,,,,,,,,,,,,,,,,,,,,,,2025-09-14
,Unit for Eggs - Rs/Dozen,,,,,,,,,,,,,,,,,,,,,,,,,,,,,,,,,,,,,,,,,,2025-09-14
Developed by:- National Informatics Centre(NIC),Developed by:- National Informatics Centre(NIC),,,,,,,,,,,,,,,,,,,,,,,,,,,,,,,,,,,,,,,,,,2025-09-14
,,,,,,,,,,,,,,,,,,,,,,,,,,,,,,,,,,,,,,,,,,,2025-09-14
