State,Centre,Rice,Broken Rice,Wheat,Atta (Wheat),Gram Dal,Tur/Arhar Dal,Urad Dal,Moong Dal,Masoor Dal,Sugar,Milk @,Groundnut Oil (Packed),Mustard Oil (Packed),Vanaspati (Packed),Soya Oil (Packed),Sunflower Oil (Packed),Palm Oil (Packed),Gur,Tea Loose,Salt Pack (Iodised),Potato,Onion,Tomato,Bajra (whole),Jowar (whole),Maida (wheat),Ragi (whole),Suji (whole),Besan,Desi Ghee,Butter (Pasteurised),Eggs,Brinjal,Black Pepper (whole),Coriander (whole),Cummin Seed (whole),Red Chillies (whole),Turmeric (powder),Banana,Ginger,Garlic,Date
Unit,Qty,1 Kg,1 Kg,1 Kg,1 Kg,1 Kg,1 Kg,1 Kg,1 Kg,1 Kg,1 Kg,1 ltr,1 Kg,1 Kg,1 Kg,1 Kg,1 Kg,1 Kg,1 Kg,1 Kg,1 Kg,1 Kg,1 Kg,1 Kg,1 Kg,1 Kg,1 Kg,1 Kg,1 Kg,1 Kg,1 Kg,100 gm,Dozen,1 Kg,100 gm,250 gm,100 gm,100 gm,50 gm,1 Kg,100 gm,100 gm,2026-05-12
Average Price,Average Price,43.15,,30.85,36.73,85.1,122.45,118.03,111.36,89.78,46.57,59.86,200.9,189.01,161.2,159.3,185.56,144.31,57.9,274.62,21.72,20.86,25.36,34.85,37.77,43.96,41.86,54.86,46.84,95.54,685.94,59.09,78.92,40.17,87.48,38.76,41.01,28.68,16.48,48.04,26.64,36.88,2026-05-12
Maximum Price,Maximum Price,63,,53,71,140,182,180,150,132,60,82,289,264,256,218,244,200,140,698,41,60,60,120,82,86,70,103,100,160,930,85,120,117,130,103,95,60,40,100,100,100,2026-05-12
Minimum Price,Minimum Price,27,,22,28,65,90,88,81,69,40,40,156,142,119,121,126,100,35,155,10,5,10,10,15,22,30,31,31,65,507,45,49,17,58,21,26,15,10,24,14,16,2026-05-12
Modal Price,Modal Price,40,,27,35,80,120,120,110,90,45,60,198,203,148,154,187,132,55,260,28,20,25,30,40,40,40,55,40,90,769,60,84,40,80,40,40,30,15,40,20,40,2026-05-12
NORTH ZONE,NORTH ZONE,,,,,,,,,,,,,,,,,,,,,,,,,,,,,,,,,,,,,,,,,,2026-05-12
Chandigarh,Chandigarh,43,,34,40,83,121,116,111,89,46,59,209,203,170,167,190,148,57,263,28,10,25,50,37,44,41,55,46,95,633,59,72,38,87,37,40,28,16,48,24,30,2026-05-12
Delhi,Delhi,42,,32,34,88,130,127,110,90,47,57,223,195,187,196,217,164,57,235,28,16,28,33,34,39,39,55,41,95,641,58,72,48,93,36,30,30,14,45,35,47,2026-05-12
Haryana,Hisar,40,,30,34,85,127,112,110,88,45,61,216,183,165,161,183,132,55,252,28,20,23,32,27,38,39,62,40,90,628,60,76,50,82,40,39,34,15,68,28,50,2026-05-12
Haryana,Karnal,NR,,NR,NR,NR,NR,NR,NR,NR,NR,NR,NR,NR,NR,NR,NR,NR,NR,NR,NR,NR,NR,NR,NR,NR,NR,NR,NR,NR,NR,NR,NR,NR,NR,NR,NR,NR,NR,NR,NR,NR,2026-05-12
Haryana,Panchkula,NR,,NR,NR,NR,NR,NR,NR,NR,NR,NR,NR,NR,NR,NR,NR,NR,NR,NR,NR,NR,NR,NR,NR,NR,NR,NR,NR,NR,NR,NR,NR,NR,NR,NR,NR,NR,NR,NR,NR,NR,2026-05-12
Haryana,Gurgaon,NR,,NR,NR,NR,NR,NR,NR,NR,NR,NR,NR,NR,NR,NR,NR,NR,NR,NR,NR,NR,NR,NR,NR,NR,NR,NR,NR,NR,NR,NR,NR,NR,NR,NR,NR,NR,NR,NR,NR,NR,2026-05-12
Himachal Pradesh,Shimla,40,,NR,34,86,125,127,119,86,51,60,231,220,178,172,NR,NR,54,240,30,20,27,30,30,NR,39,NR,39,93,703,58,77,35,83,37,41,25,17,48,32,50,2026-05-12
Himachal Pradesh,Mandi,39,,NR,34,77,123,130,118,84,48,60,226,213,185,172,193,NR,50,260,30,17,25,30,34,NR,37,NR,38,95,682,58,84,35,85,40,43,28,16,54,30,40,2026-05-12
Himachal Pradesh,Dharamshala,35,,NR,29,84,125,123,118,85,48,44,NR,213,163,159,NR,NR,53,235,28,20,25,30,32,NR,34,55,40,93,590,59,70,40,97,49,42,34,15,60,30,40,2026-05-12
Himachal Pradesh,Solan,40,,NR,33,75,119,121,112,88,48,55,220,214,174,155,181,NR,51,230,30,15,25,25,35,37,37,NR,37,95,626,59,77,40,88,37,34,34,17,50,40,42,2026-05-12
Himachal Pradesh,Una,40,,NR,33,77,112,123,104,87,47,69,NR,180,188,182,NR,NR,52,231,29,15,27,23,34,NR,34,NR,35,98,692,59,82,23,95,44,34,29,15,55,31,29,2026-05-12
Himachal Pradesh,Bilaspur-hp,40,,NR,35,77,122,133,118,86,48,64,NR,175,187,185,NR,NR,47,200,29,15,25,27,33,55,37,59,37,79,727,58,84,33,85,39,31,33,13,52,37,40,2026-05-12
Himachal Pradesh,Chamba,37,,NR,38,84,117,121,117,88,51,55,NR,190,165,169,NR,NR,54,218,30,20,29,42,51,61,38,61,38,89,626,60,83,33,85,49,35,37,19,55,33,52,2026-05-12
Himachal Pradesh,Hamirpur-HP,38,,NR,32,75,117,119,118,82,48,70,NR,211,185,164,NR,NR,52,265,30,19,27,32,33,43,36,NR,35,83,619,58,86,32,87,39,37,28,14,48,30,37,2026-05-12
Himachal Pradesh,Kullu,40,,NR,34,82,125,119,109,82,48,40,NR,216,165,184,NR,NR,52,273,30,23,30,30,NR,NR,35,NR,36,101,699,59,90,47,90,32,30,21,13,55,40,57,2026-05-12
Himachal Pradesh,Sirmour,40,,29,30,78,117,114,109,86,48,50,212,184,174,146,146,104,48,273,28,22,30,42,36,NR,35,NR,36,100,610,58,70,45,92,33,45,32,18,56,31,35,2026-05-12
Himachal Pradesh,Kinnaur,37,,NR,37,78,128,127,111,85,50,60,NR,217,170,147,NR,NR,50,260,30,30,37,40,NR,NR,38,NR,42,83,875,58,90,50,93,50,45,40,15,52,30,50,2026-05-12
Himachal Pradesh,Lahaul & Spiti,39,,NR,39,97,119,117,112,100,50,52,NR,197,175,NR,NR,NR,49,480,28,33,47,57,NR,NR,35,NR,35,80,600,62,97,38,80,34,35,26,15,57,27,32,2026-05-12
Jammu and Kashmir,Srinagar,43,,41,46,92,148,127,118,102,55,50,NR,205,185,179,187,NR,60,320,30,25,25,25,NR,NR,58,NR,53,117,679,60,75,50,98,52,70,39,17,78,40,41,2026-05-12
Jammu and Kashmir,Jammu,50,,31,33,79,111,114,118,91,49,51,NR,210,172,167,158,118,54,303,30,19,25,33,36,58,57,68,60,102,615,60,85,37,92,54,47,32,19,52,30,39,2026-05-12
Jammu and Kashmir,Poonch,50,,35,47,114,180,125,121,122,55,73,NR,225,196,191,NR,NR,58,357,30,25,35,57,NR,NR,50,NR,57,121,705,60,84,57,84,48,30,30,15,75,41,52,2026-05-12
Jammu and Kashmir,Kupwara,NR,,NR,NR,NR,NR,NR,NR,NR,NR,NR,NR,NR,NR,NR,NR,NR,NR,NR,NR,NR,NR,NR,NR,NR,NR,NR,NR,NR,NR,NR,NR,NR,NR,NR,NR,NR,NR,NR,NR,NR,2026-05-12
Jammu and Kashmir,Udhampur,NR,,NR,NR,NR,NR,NR,NR,NR,NR,NR,NR,NR,NR,NR,NR,NR,NR,NR,NR,NR,NR,NR,NR,NR,NR,NR,NR,NR,NR,NR,NR,NR,NR,NR,NR,NR,NR,NR,NR,NR,2026-05-12
Jammu and Kashmir,Shopian,NR,,NR,NR,NR,NR,NR,NR,NR,NR,NR,NR,NR,NR,NR,NR,NR,NR,NR,NR,NR,NR,NR,NR,NR,NR,NR,NR,NR,NR,NR,NR,NR,NR,NR,NR,NR,NR,NR,NR,NR,2026-05-12
Jammu and Kashmir,Samba,NR,,NR,NR,NR,NR,NR,NR,NR,NR,NR,NR,NR,NR,NR,NR,NR,NR,NR,NR,NR,NR,NR,NR,NR,NR,NR,NR,NR,NR,NR,NR,NR,NR,NR,NR,NR,NR,NR,NR,NR,2026-05-12
Jammu and Kashmir,Ramban,NR,,NR,NR,NR,NR,NR,NR,NR,NR,NR,NR,NR,NR,NR,NR,NR,NR,NR,NR,NR,NR,NR,NR,NR,NR,NR,NR,NR,NR,NR,NR,NR,NR,NR,NR,NR,NR,NR,NR,NR,2026-05-12
Jammu and Kashmir,Rajouri,NR,,NR,NR,NR,NR,NR,NR,NR,NR,NR,NR,NR,NR,NR,NR,NR,NR,NR,NR,NR,NR,NR,NR,NR,NR,NR,NR,NR,NR,NR,NR,NR,NR,NR,NR,NR,NR,NR,NR,NR,2026-05-12
Jammu and Kashmir,Kishtwar,NR,,NR,NR,NR,NR,NR,NR,NR,NR,NR,NR,NR,NR,NR,NR,NR,NR,NR,NR,NR,NR,NR,NR,NR,NR,NR,NR,NR,NR,NR,NR,NR,NR,NR,NR,NR,NR,NR,NR,NR,2026-05-12
Jammu and Kashmir,Doda,NR,,NR,NR,NR,NR,NR,NR,NR,NR,NR,NR,NR,NR,NR,NR,NR,NR,NR,NR,NR,NR,NR,NR,NR,NR,NR,NR,NR,NR,NR,NR,NR,NR,NR,NR,NR,NR,NR,NR,NR,2026-05-12
Jammu and Kashmir,Baramulla,NR,,NR,NR,NR,NR,NR,NR,NR,NR,NR,NR,NR,NR,NR,NR,NR,NR,NR,NR,NR,NR,NR,NR,NR,NR,NR,NR,NR,NR,NR,NR,NR,NR,NR,NR,NR,NR,NR,NR,NR,2026-05-12
Jammu and Kashmir,Reasi,NR,,NR,NR,NR,NR,NR,NR,NR,NR,NR,NR,NR,NR,NR,NR,NR,NR,NR,NR,NR,NR,NR,NR,NR,NR,NR,NR,NR,NR,NR,NR,NR,NR,NR,NR,NR,NR,NR,NR,NR,2026-05-12
Jammu and Kashmir,Kathua,NR,,NR,NR,NR,NR,NR,NR,NR,NR,NR,NR,NR,NR,NR,NR,NR,NR,NR,NR,NR,NR,NR,NR,NR,NR,NR,NR,NR,NR,NR,NR,NR,NR,NR,NR,NR,NR,NR,NR,NR,2026-05-12
Punjab,Amritsar,40,,28,32,82,137,135,112,90,46,57,238,198,176,158,192,NR,58,273,29,13,23,23,35,38,40,60,39,92,670,60,70,38,95,41,31,28,12,40,25,29,2026-05-12
Punjab,Ludhiana,38,,28,36,80,135,132,118,103,46,62,229,194,172,161,189,NR,57,275,28,15,27,25,34,48,39,62,49,92,604,52,80,48,92,40,42,23,19,47,30,40,2026-05-12
Punjab,Bathinda,40,,28,32,80,137,132,117,90,46,57,242,194,170,156,192,141,60,273,28,14,23,25,32,38,38,60,38,93,679,60,74,37,93,40,31,28,12,42,25,33,2026-05-12
Punjab,Barnala,40,,27,32,82,130,120,113,97,48,64,238,190,172,146,185,121,55,280,30,15,25,22,30,38,40,NR,45,90,688,58,65,40,90,48,40,31,15,47,43,37,2026-05-12
Punjab,Hoshiarpur,NR,,NR,NR,NR,NR,NR,NR,NR,NR,NR,NR,NR,NR,NR,NR,NR,NR,NR,NR,NR,NR,NR,NR,NR,NR,NR,NR,NR,NR,NR,NR,NR,NR,NR,NR,NR,NR,NR,NR,NR,2026-05-12
Punjab,Faridkot,40,,28,32,82,130,133,112,92,47,62,223,174,170,145,190,131,60,282,30,20,20,25,30,45,39,63,39,83,667,58,72,40,89,48,35,28,13,40,37,42,2026-05-12
Punjab,Mansa,40,,27,33,87,133,130,118,92,45,62,NR,181,172,156,174,133,57,278,29,10,20,27,38,40,39,62,38,92,659,58,75,40,92,40,35,30,16,48,27,35,2026-05-12
Punjab,Sri Muktsar Sahib,41,,28,32,80,130,130,112,90,46,63,205,165,168,145,176,120,54,280,28,15,25,30,29,44,39,57,39,83,608,57,72,26,90,41,34,27,13,50,35,30,2026-05-12
Punjab,Dera Bassi,40,,27,32,87,130,133,120,93,45,61,NR,179,170,157,NR,NR,57,267,28,13,25,28,40,40,35,65,40,88,681,60,72,37,95,41,34,32,16,48,25,32,2026-05-12
Punjab,Sangrur,40,,28,32,80,130,129,110,88,47,60,244,192,192,187,192,172,52,263,30,10,20,25,35,45,40,67,40,90,710,60,78,30,90,50,45,30,15,45,40,30,2026-05-12
Punjab,Ropar,40,,27,33,83,133,133,117,92,46,61,236,180,175,159,NR,140,58,277,29,14,25,27,37,42,39,62,40,90,676,60,71,40,93,42,34,31,15,47,24,31,2026-05-12
Punjab,Amargarh,40,,28,32,80,130,125,110,85,47,60,243,192,189,188,194,178,52,250,28,10,20,30,35,45,40,NR,40,85,710,60,72,35,95,50,50,27,15,40,40,30,2026-05-12
Punjab,Fatehgarh Sahib,45,,31,35,90,130,113,113,113,44,60,213,176,183,148,178,110,57,293,30,18,25,47,28,45,31,65,40,90,604,58,78,45,95,45,48,38,19,50,23,32,2026-05-12
Punjab,Ferozepur,40,,30,34,88,130,120,120,100,46,65,NR,176,176,154,NR,143,60,360,28,15,30,21,40,50,39,60,39,90,659,59,65,24,90,50,32,30,15,45,55,55,2026-05-12
Punjab,Kapurthala,37,,30,38,72,128,120,108,92,44,60,225,196,176,148,179,150,57,287,30,10,27,20,37,47,40,58,40,92,681,60,82,30,95,33,36,35,13,48,30,28,2026-05-12
Uttar Pradesh,Lucknow,38,,29,33,75,115,120,90,75,46,60,203,180,154,176,181,150,60,260,20,13,20,19,30,35,36,55,36,90,613,59,80,35,88,38,40,26,15,40,25,30,2026-05-12
Uttar Pradesh,Kanpur,35,,28,32,80,120,110,90,80,42,60,198,187,132,121,132,115,56,234,26,16,25,16,35,40,41,NR,34,81,580,55,72,27,100,24,40,35,19,50,22,28,2026-05-12
Uttar Pradesh,Varanasi,45,,27,37,88,124,126,108,87,49,70,215,189,173,187,201,178,65,250,21,16,30,25,40,61,38,NR,39,107,731,64,79,41,82,35,34,27,22,58,26,34,2026-05-12
Uttar Pradesh,Agra,45,,29,32,74,113,93,91,75,45,68,217,197,175,196,208,190,55,251,27,11,28,29,15,39,40,NR,40,99,783,62,87,28,80,45,30,35,15,38,25,41,2026-05-12
Uttar Pradesh,Jhansi,48,,28,34,83,140,125,113,87,49,60,216,179,172,157,205,132,52,227,21,20,25,32,32,38,37,65,42,93,666,58,86,38,90,40,40,29,15,40,23,43,2026-05-12
Uttar Pradesh,Meerut,38,,28,35,83,115,114,82,83,49,63,166,160,161,164,164,159,51,280,19,11,21,19,39,38,36,64,35,93,646,61,76,39,75,35,34,32,16,54,31,30,2026-05-12
Uttar Pradesh,Allahabad,49,,27,33,83,115,129,125,90,44,55,220,191,161,169,199,131,45,322,28,14,22,28,31,36,32,40,37,96,655,60,70,43,85,32,35,29,16,50,18,33,2026-05-12
Uttar Pradesh,Gorakhpur,39,,28,37,80,121,119,113,79,45,55,195,187,150,152,154,123,55,225,22,18,24,28,36,34,34,49,35,92,599,56,80,37,78,30,38,24,16,55,25,28,2026-05-12
Uttar Pradesh,Saharanpur,38,,26,34,81,113,108,108,86,45,57,NR,175,150,146,157,126,55,243,21,12,19,22,31,NR,37,NR,40,90,582,57,75,35,81,33,36,25,14,46,21,35,2026-05-12
Uttar Pradesh,Bareilly,37,,25,33,85,120,127,118,102,45,70,221,168,167,161,187,155,52,317,28,11,17,20,26,41,34,57,34,89,703,60,77,22,81,44,34,34,16,52,21,21,2026-05-12
Uttar Pradesh,Ayodhya,45,,30,34,90,117,118,115,87,49,60,198,198,187,176,174,143,60,230,24,20,30,32,45,45,47,58,45,100,685,60,72,40,90,48,44,38,20,50,20,31,2026-05-12
Uttar Pradesh,Moradabad,37,,25,31,81,111,113,106,84,41,56,193,162,139,153,151,138,50,237,21,12,21,39,38,40,35,53,37,84,648,54,73,32,83,31,38,26,18,50,19,36,2026-05-12
Uttar Pradesh,Aligarh,39,,28,34,82,116,114,106,84,43,56,NR,NR,NR,NR,NR,NR,52,247,20,17,21,28,34,39,38,48,42,91,613,54,74,36,85,34,39,25,15,45,21,35,2026-05-12
Uttar Pradesh,Mirzapur (Vindhyanchal),35,,25,32,82,115,110,104,83,45,48,179,164,142,126,144,110,50,220,22,19,22,29,28,40,36,50,40,93,666,62,78,35,82,30,38,25,15,43,34,32,2026-05-12
Uttar Pradesh,Banda,28,,25,29,74,107,109,102,74,45,55,218,185,165,141,178,119,53,158,19,10,19,21,34,55,37,68,39,83,604,60,80,22,90,26,31,29,19,48,26,27,2026-05-12
Uttar Pradesh,Azamgarh,NR,,NR,NR,NR,NR,NR,NR,NR,NR,NR,NR,NR,NR,NR,NR,NR,NR,NR,NR,NR,NR,NR,NR,NR,NR,NR,NR,NR,NR,NR,NR,NR,NR,NR,NR,NR,NR,NR,NR,NR,2026-05-12
Uttar Pradesh,Gonda (Devipatan),36,,25,33,85,122,128,117,87,44,56,207,196,152,157,168,128,53,253,20,10,24,22,38,37,34,62,45,98,619,58,83,37,82,34,40,25,20,47,20,28,2026-05-12
Uttar Pradesh,Amethi,34,,27,34,90,110,115,115,90,45,60,199,189,161,148,178,110,55,238,22,18,20,40,40,36,41,42,45,105,676,61,81,38,83,36,51,28,18,53,25,50,2026-05-12
Uttar Pradesh,Barabanki,39,,26,35,85,118,118,117,85,45,60,200,182,168,167,175,130,55,225,22,15,20,25,36,42,37,45,36,98,563,58,80,31,85,31,42,30,15,46,21,26,2026-05-12
Uttar Pradesh,Bhadohi,35,,27,35,81,115,123,117,82,47,68,212,192,179,150,178,123,69,215,22,19,23,23,33,39,37,49,40,78,674,62,72,30,90,36,39,30,16,43,20,35,2026-05-12
Uttar Pradesh,Chandauli,31,,25,32,77,116,118,109,75,44,55,200,177,165,132,183,121,59,247,19,10,20,27,37,52,34,60,36,82,634,56,70,30,84,32,39,27,16,49,26,42,2026-05-12
Uttar Pradesh,Farrukhabad,42,,25,31,82,100,117,110,90,45,64,225,192,159,155,209,121,49,197,18,5,20,30,24,NR,35,NR,38,90,639,60,83,35,80,30,31,23,16,42,20,25,2026-05-12
Uttar Pradesh,Ghazipur,43,,26,35,85,126,119,114,91,47,59,192,180,148,155,174,141,57,276,23,13,24,23,31,39,43,57,45,95,698,58,83,36,84,40,41,27,17,54,24,31,2026-05-12
Uttar Pradesh,Jaunpur,43,,28,35,85,119,116,112,85,45,61,212,195,173,163,186,124,58,269,22,15,24,28,36,45,37,53,37,89,666,57,78,30,89,35,36,27,17,48,26,32,2026-05-12
Uttar Pradesh,UP-Pratapgarh,41,,30,34,81,112,120,119,89,46,49,207,191,162,158,162,125,59,255,20,11,19,29,35,31,39,40,39,97,546,58,73,38,88,36,36,27,16,39,21,39,2026-05-12
Uttar Pradesh,Sambhal,36,,26,30,86,107,98,100,87,45,57,192,176,152,137,146,137,50,250,18,10,20,22,31,NR,36,NR,36,96,646,57,79,27,81,31,43,29,16,35,30,30,2026-05-12
Uttar Pradesh,Santkabir Nagar,44,,24,35,82,108,103,102,77,45,67,200,200,123,146,178,116,49,265,30,10,14,20,29,30,34,78,43,98,734,61,84,33,100,30,52,29,20,48,22,25,2026-05-12
Uttar Pradesh,Shahjahanpur,32,,26,32,77,113,104,109,96,44,56,180,175,147,132,157,128,42,222,20,9,18,22,26,32,34,52,37,87,553,54,89,22,84,29,32,NR,11,39,18,30,2026-05-12
Uttar Pradesh,Sitapur,37,,28,32,81,112,105,103,83,44,59,187,169,148,143,151,132,53,230,17,10,16,19,29,32,36,53,40,91,630,59,72,36,80,35,40,29,15,48,17,34,2026-05-12
Uttar Pradesh,Sultanpur,41,,30,34,85,119,114,109,88,44,56,199,184,155,150,175,136,54,267,20,18,23,26,35,41,39,52,44,94,635,56,75,36,85,35,39,26,15,45,22,35,2026-05-12
Uttar Pradesh,Unnao,42,,27,30,83,122,117,110,88,45,60,201,190,157,161,181,141,58,257,20,14,23,20,38,42,41,53,43,93,586,59,53,33,88,35,40,27,16,50,23,33,2026-05-12
Uttar Pradesh,Ambedkar Nagar,38,,25,34,78,120,126,128,89,45,62,220,203,159,160,163,137,65,200,28,14,30,37,37,40,36,77,40,88,719,63,70,38,80,35,40,30,20,55,25,34,2026-05-12
Uttar Pradesh,Amroha,38,,25,32,81,123,111,83,82,46,54,176,176,152,139,174,103,49,215,22,14,24,30,32,45,37,44,38,94,666,58,75,33,84,25,39,27,17,35,30,39,2026-05-12
Uttar Pradesh,Baghpat,44,,NR,32,83,130,127,118,93,44,70,196,178,161,157,161,130,52,210,28,15,22,30,34,50,35,65,40,95,597,60,83,40,83,33,35,25,12,39,21,43,2026-05-12
Uttar Pradesh,Bijnor,45,,26,35,75,98,100,98,80,45,53,203,187,148,165,176,154,50,243,18,10,25,20,32,40,37,53,40,100,622,57,60,30,87,40,40,30,10,40,25,40,2026-05-12
Uttar Pradesh,Budaun,36,,25,30,84,112,103,99,93,44,64,201,168,168,154,170,126,53,280,21,9,20,29,25,46,38,65,37,93,613,59,70,30,90,30,39,25,11,42,24,25,2026-05-12
Uttar Pradesh,Etah,45,,27,35,80,120,110,110,90,45,58,207,178,152,156,165,113,55,270,22,18,25,26,25,NR,36,NR,39,90,677,60,72,30,97,32,40,33,18,40,22,42,2026-05-12
Uttar Pradesh,Fatehpur,43,,27,34,88,110,113,103,88,45,58,193,186,148,137,151,113,53,225,21,16,22,27,23,32,35,40,34,95,606,61,79,32,85,36,43,24,17,37,20,27,2026-05-12
Uttar Pradesh,Ghaziabad,37,,28,33,76,122,118,108,86,46,57,213,180,169,152,183,136,57,205,21,14,23,23,30,38,36,54,41,93,599,59,80,39,81,42,36,29,14,43,27,29,2026-05-12
Uttar Pradesh,Hardoi,42,,26,35,84,120,116,112,87,45,57,206,185,154,152,173,130,54,235,20,12,25,21,34,36,37,55,45,95,617,58,76,37,87,35,40,27,15,44,20,29,2026-05-12
Uttar Pradesh,Jalaun,45,,28,34,85,118,103,102,90,46,57,183,173,142,128,156,113,52,220,20,14,20,25,30,40,39,NR,42,98,583,60,80,30,90,38,42,30,20,30,23,35,2026-05-12
Uttar Pradesh,Kaushambi,42,,26,36,85,124,129,114,85,45,57,207,190,160,158,161,127,55,237,21,10,25,20,30,35,35,55,37,88,608,55,72,32,81,42,35,28,15,50,24,35,2026-05-12
Uttar Pradesh,Kushinagar,34,,26,36,81,121,113,119,83,47,68,180,189,147,162,141,135,50,221,26,10,19,31,39,39,38,45,40,93,642,60,61,40,86,26,39,28,16,43,24,24,2026-05-12
Uttar Pradesh,Lakhimpur Kheri,37,,26,35,82,116,105,101,85,46,59,183,177,132,145,163,106,61,228,16,10,21,28,29,35,36,61,37,92,654,58,74,37,79,34,44,32,18,43,16,41,2026-05-12
Uttar Pradesh,Pilibhit,37,,28,32,85,115,115,115,95,45,66,203,192,170,156,187,132,50,229,20,10,21,19,34,58,38,73,38,95,681,61,82,28,90,48,42,38,15,45,25,30,2026-05-12
Uttar Pradesh,Sharwasti,40,,25,39,77,118,110,120,80,46,60,176,200,159,167,NR,115,60,218,24,10,20,20,NR,NR,40,NR,40,98,569,59,78,20,85,39,38,20,15,33,27,20,2026-05-12
Uttar Pradesh,Siddharth Nagar,41,,28,33,79,116,125,118,78,45,61,195,190,157,154,165,126,53,227,23,14,21,29,49,50,33,70,35,78,621,60,89,35,70,34,30,27,18,40,23,30,2026-05-12
Uttar Pradesh,Sonbhadra,35,,26,31,75,108,105,102,80,45,45,176,165,152,132,154,121,55,210,24,15,18,16,27,40,33,50,34,80,621,60,68,35,85,33,32,25,14,45,20,25,2026-05-12
Uttar Pradesh,Rampur,53,,28,29,79,104,114,100,94,45,60,193,188,148,158,159,141,51,251,23,16,25,28,34,49,35,NR,36,94,632,65,71,36,94,33,32,27,13,49,27,26,2026-05-12
Uttar Pradesh,Bahraich,35,,25,31,90,128,120,114,90,42,56,193,188,157,154,161,124,44,250,25,21,21,21,36,34,33,65,32,106,580,56,80,21,72,27,36,23,19,53,21,37,2026-05-12
Uttar Pradesh,Basti,38,,28,30,78,115,130,115,80,44,53,194,185,154,150,146,125,45,239,22,15,25,35,47,57,34,57,38,91,575,55,83,40,83,24,41,27,18,32,21,30,2026-05-12
Uttar Pradesh,Etawah,41,,26,31,84,119,115,108,87,46,60,200,189,164,156,NR,137,55,260,20,10,24,29,29,NR,40,55,44,95,659,60,77,35,85,37,40,27,16,48,25,35,2026-05-12
Uttar Pradesh,Muzzafarnagar,40,,25,30,84,120,116,108,89,46,58,185,173,152,149,172,137,55,245,20,10,20,30,35,40,36,NR,36,90,525,57,61,35,80,34,35,24,11,45,45,40,2026-05-12
Uttar Pradesh,Chitrakoot,40,,26,35,82,105,102,101,82,47,50,178,201,161,162,179,137,55,219,15,15,25,30,32,30,40,57,48,89,637,58,84,40,80,25,41,21,15,40,27,40,2026-05-12
Uttar Pradesh,Hamirpur-UP,42,,25,32,85,111,113,106,82,46,61,187,187,154,170,181,134,55,205,18,12,25,20,NR,NR,39,NR,39,90,637,56,86,30,87,41,46,29,16,46,21,40,2026-05-12
Uttar Pradesh,Deoria,34,,25,28,91,118,113,99,97,45,59,224,181,143,132,220,121,53,220,20,16,20,22,37,40,36,43,35,93,566,58,57,39,78,29,39,27,18,36,27,28,2026-05-12
Uttar Pradesh,Hapur,36,,26,34,75,124,119,111,105,47,62,198,188,161,167,173,158,57,216,26,10,15,15,40,39,37,46,38,97,677,62,72,38,96,41,45,30,10,50,26,28,2026-05-12
Uttar Pradesh,Bulandshahr,42,,27,32,96,119,114,105,80,45,65,NR,184,160,167,158,156,49,242,19,20,21,20,31,39,35,56,35,101,575,56,78,23,87,30,47,27,15,31,23,41,2026-05-12
Uttar Pradesh,Kanpur Dehat,38,,24,31,79,100,112,93,86,44,64,189,189,150,149,168,124,49,196,19,12,19,21,31,36,35,48,35,85,593,58,76,30,71,27,32,24,15,37,20,33,2026-05-12
Uttar Pradesh,Hathras,40,,28,31,85,119,120,100,90,44,62,194,184,154,150,177,140,55,240,20,19,25,20,24,NR,35,NR,40,98,690,60,80,40,87,37,39,30,12,40,25,35,2026-05-12
Uttar Pradesh,Raebareli,40,,27,29,82,114,115,110,86,45,59,190,180,159,157,178,143,56,219,21,12,22,27,36,42,40,52,45,93,682,58,77,34,86,37,39,27,15,45,24,35,2026-05-12
Uttar Pradesh,Lalitpur,36,,28,31,75,109,110,105,80,45,58,174,167,144,138,178,122,50,235,20,15,20,30,30,38,32,59,34,90,578,56,82,20,80,30,40,24,18,40,20,30,2026-05-12
Uttar Pradesh,Mohaba,38,,23,30,82,105,102,95,82,49,60,175,172,145,150,181,119,35,182,21,13,19,17,27,35,35,48,35,97,596,54,72,22,83,30,39,27,15,36,21,27,2026-05-12
Uttar Pradesh,Gautam Budh Nagar,38,,28,34,81,119,115,111,90,46,57,214,186,169,149,186,130,57,220,18,9,25,21,30,35,34,55,46,88,624,55,70,39,82,36,38,31,15,38,21,25,2026-05-12
Uttar Pradesh,Auraiya,45,,26,36,82,112,117,99,87,46,66,184,175,167,163,167,135,54,211,23,13,24,24,25,29,41,56,43,94,653,54,75,31,86,28,27,21,21,59,19,39,2026-05-12
Uttar Pradesh,Maharajganj,36,,27,32,81,115,118,109,80,45,57,192,186,145,147,157,126,48,213,22,15,20,31,37,44,35,51,36,91,586,58,76,36,80,34,40,30,17,38,25,27,2026-05-12
Uttar Pradesh,Balrampur,35,,NR,35,77,118,110,112,83,46,55,176,181,141,141,196,123,57,207,15,12,22,35,34,46,34,NR,37,95,677,57,74,48,87,39,39,28,14,32,19,28,2026-05-12
Uttar Pradesh,Kannauj,40,,27,32,85,119,115,110,86,45,61,186,179,148,143,155,126,53,238,21,9,23,24,32,39,38,NR,38,93,613,55,72,21,84,30,45,28,17,38,19,24,2026-05-12
Uttar Pradesh,Mathura,34,,27,33,88,119,128,118,96,45,63,228,173,141,139,156,122,44,263,27,11,29,22,34,43,40,47,40,99,632,58,83,35,89,48,39,34,15,33,21,50,2026-05-12
Uttar Pradesh,Firozabad,37,,26,29,75,100,110,100,89,44,66,198,181,154,137,154,110,50,210,17,20,20,20,24,28,30,44,35,80,637,55,75,30,80,30,28,20,16,25,25,30,2026-05-12
Uttar Pradesh,Kasganj,44,,23,35,87,112,110,110,93,45,59,196,179,163,148,178,143,55,263,21,15,20,10,17,NR,39,NR,40,102,569,54,73,32,85,39,48,29,13,34,20,28,2026-05-12
Uttar Pradesh,Mainpuri,38,,28,32,88,132,120,113,88,42,63,203,187,168,158,176,144,51,260,24,18,23,29,24,25,39,40,38,105,700,55,70,35,85,47,43,25,21,36,20,26,2026-05-12
Uttar Pradesh,Shamli,39,,25,30,80,122,117,112,93,44,51,187,178,156,148,159,128,52,228,15,12,22,23,30,40,38,55,39,90,541,58,60,30,92,38,39,26,13,40,30,38,2026-05-12
Uttar Pradesh,Ballia,39,,27,33,85,119,115,113,90,47,58,196,181,152,150,165,130,58,248,19,12,21,23,31,39,37,53,39,96,623,55,76,32,85,34,40,28,17,45,23,29,2026-05-12
Uttar Pradesh,Mau,40,,25,34,82,115,112,107,85,46,55,191,175,148,147,148,119,65,223,22,14,19,35,NR,NR,35,NR,36,91,644,55,76,33,89,31,40,30,15,48,26,32,2026-05-12
Uttarakhand,Dehradun,36,,28,38,98,130,115,125,98,45,67,178,198,159,203,170,NR,57,280,30,15,30,40,33,43,40,52,40,110,692,60,90,40,110,40,45,39,15,60,25,30,2026-05-12
Uttarakhand,Haldwani,42,,31,33,90,138,121,120,90,47,60,230,191,153,191,194,167,58,272,30,10,21,15,49,43,38,45,41,91,700,60,73,21,100,40,45,33,18,50,24,37,2026-05-12
Uttarakhand,Rudrapur,38,,26,36,93,144,132,131,93,48,63,191,203,176,158,161,161,65,231,29,15,25,38,30,57,40,61,42,97,737,59,94,39,99,32,39,29,16,50,28,33,2026-05-12
Uttarakhand,Haridwar,45,,31,38,90,137,121,114,90,45,63,217,199,161,159,170,NR,64,290,28,13,26,34,39,NR,40,57,44,100,632,58,76,45,94,44,42,33,17,61,21,35,2026-05-12
WEST ZONE,WEST ZONE,,,,,,,,,,,,,,,,,,,,,,,,,,,,,,,,,,,,,,,,,,2026-05-12
Chhattisgarh,Raipur,36,,29,44,97,135,128,125,99,47,57,203,166,139,146,154,117,51,247,25,24,20,42,32,27,42,45,44,102,703,56,78,43,91,37,32,25,12,33,35,40,2026-05-12
Chhattisgarh,Durg,37,,41,41,78,110,117,108,88,49,52,214,182,155,166,186,155,51,222,17,20,20,10,45,45,39,47,45,100,773,63,73,35,80,42,37,26,11,47,29,40,2026-05-12
Chhattisgarh,Ambikapur,35,,30,35,93,115,112,106,102,40,41,172,157,174,159,165,NR,48,251,15,20,20,20,NR,NR,40,NR,32,70,598,52,93,30,78,30,60,33,15,47,20,25,2026-05-12
Chhattisgarh,Bilaspur-CG,52,,34,40,89,110,102,105,84,42,55,193,165,141,165,173,149,51,217,25,24,24,23,35,39,41,47,41,90,679,58,79,46,92,28,64,25,14,57,33,51,2026-05-12
Chhattisgarh,Jagdalpur,NR,,NR,NR,NR,NR,NR,NR,NR,NR,NR,NR,NR,NR,NR,NR,NR,NR,NR,NR,NR,NR,NR,NR,NR,NR,NR,NR,NR,NR,NR,NR,NR,NR,NR,NR,NR,NR,NR,NR,NR,2026-05-12
Chhattisgarh,Dantewada,40,,42,44,103,129,120,108,84,46,59,NR,198,174,159,184,146,58,251,21,26,31,36,42,NR,39,NR,44,103,654,58,60,43,101,47,49,22,19,64,24,48,2026-05-12
Chhattisgarh,Dhamtari,35,,31,41,80,125,108,108,107,45,58,203,194,135,172,178,132,58,232,26,22,32,35,47,46,43,52,45,120,736,62,84,42,91,30,33,25,17,42,38,58,2026-05-12
Chhattisgarh,Rajnandgaon,42,,31,36,84,122,117,110,88,44,60,219,207,171,171,201,143,55,270,22,20,24,30,30,30,38,50,38,96,680,60,70,27,79,44,42,28,16,50,24,35,2026-05-12
Chhattisgarh,Koriya,39,,35,39,81,108,97,102,81,45,75,205,163,153,151,168,NR,47,195,25,30,25,20,35,34,46,32,58,82,693,58,88,40,78,27,38,28,17,42,NR,NR,2026-05-12
DNH and DD,Silvasa,51,,40,39,95,137,137,127,99,43,68,180,195,189,162,185,122,62,223,29,19,20,30,44,53,58,58,62,109,657,60,84,50,120,61,45,35,24,32,20,40,2026-05-12
DNH and DD,Daman,53,,39,39,87,110,129,110,90,45,68,211,198,NR,167,193,121,58,212,29,20,21,35,39,42,62,56,60,98,648,58,72,57,110,60,40,40,23,34,20,42,2026-05-12
DNH and DD,Diu,48,,39,50,87,143,143,130,100,46,64,229,234,200,200,211,139,61,400,30,24,25,42,39,62,57,83,66,108,692,60,81,42,107,42,35,38,19,52,21,35,2026-05-12
Goa,Panaji,58,,48,47,103,127,135,135,103,46,63,222,200,203,167,172,NR,62,315,28,33,33,48,39,62,48,53,49,112,714,58,82,65,83,47,43,25,16,42,42,52,2026-05-12
Goa,Margao,53,,48,51,92,133,125,122,95,46,65,246,222,223,193,204,175,62,350,27,30,28,42,42,57,47,58,48,115,714,58,82,52,97,43,50,27,17,43,34,51,2026-05-12
Gujarat,Ahmedabad,33,,37,38,97,119,121,103,95,45,68,167,166,138,151,162,146,53,207,19,32,33,44,36,36,41,62,43,88,630,56,67,35,72,27,33,31,19,40,18,20,2026-05-12
Gujarat,Rajkot,34,,31,38,83,111,102,98,92,42,66,182,177,147,173,184,164,58,205,18,23,23,45,35,43,39,68,44,87,626,55,66,35,80,32,34,39,15,38,27,26,2026-05-12
Gujarat,Surat,34,,31,38,84,115,109,98,92,42,68,194,179,145,171,186,163,58,205,18,23,30,30,35,43,39,68,44,87,626,55,66,36,80,32,34,39,15,40,29,28,2026-05-12
Gujarat,Bhuj,37,,32,37,87,108,108,99,93,41,63,190,190,144,171,185,151,57,203,16,20,20,23,34,36,38,68,38,93,617,53,68,36,74,28,34,37,16,40,27,27,2026-05-12
Gujarat,Selamba,35,,34,39,87,112,113,103,90,44,64,191,176,147,164,178,156,55,210,19,25,25,30,40,40,41,67,41,90,636,55,84,40,79,31,32,35,16,45,30,30,2026-05-12
Gujarat,Waghai,38,,37,42,93,120,118,102,98,45,67,200,187,152,156,183,147,59,209,20,29,30,36,35,36,40,60,44,96,631,58,70,41,75,30,34,26,17,41,30,28,2026-05-12
Gujarat,Bodeli,34,,34,38,86,111,108,98,92,43,66,188,172,138,152,174,141,58,205,18,28,28,35,36,41,39,68,44,89,632,55,69,35,80,30,34,39,15,38,27,27,2026-05-12
Gujarat,Vapi,32,,32,34,90,114,114,101,94,44,66,187,169,138,145,169,145,56,205,18,28,28,36,38,46,40,66,36,96,692,56,68,38,78,31,32,32,15,38,28,30,2026-05-12
Gujarat,Bilimora,36,,35,38,88,124,112,100,94,45,68,201,179,141,155,172,151,53,202,18,29,30,33,37,38,40,62,45,96,626,54,69,36,71,31,35,26,17,33,28,26,2026-05-12
Gujarat,Idar,35,,34,37,90,123,125,99,90,45,69,204,186,148,154,181,147,60,217,17,24,27,25,39,37,37,68,48,98,688,59,67,20,97,37,28,40,17,38,26,27,2026-05-12
Gujarat,Jhalod,36,,36,37,93,115,120,98,99,50,65,192,187,154,161,167,155,62,205,22,30,30,30,40,37,40,69,46,92,667,55,74,43,72,28,33,37,18,40,21,21,2026-05-12
Gujarat,Songash,37,,30,37,82,119,113,111,89,45,60,205,189,169,175,191,158,55,212,20,20,18,33,36,39,37,55,43,92,678,53,69,29,79,33,34,29,16,45,24,28,2026-05-12
Madhya Pradesh,Bhopal,36,,25,31,80,116,106,104,91,46,62,189,203,178,153,196,NR,52,255,10,15,22,20,38,38,40,62,41,86,635,57,86,30,100,38,40,35,15,30,25,36,2026-05-12
Madhya Pradesh,Indore,41,,29,35,85,117,117,112,81,43,65,179,176,163,177,154,146,62,263,15,15,18,42,38,37,40,NR,40,85,645,59,96,38,82,34,32,24,15,32,27,22,2026-05-12
Madhya Pradesh,Gwalior,40,,29,33,77,115,118,110,90,45,63,208,164,172,169,177,NR,50,222,12,21,19,27,28,32,39,61,40,88,641,60,71,29,81,35,35,26,15,40,22,32,2026-05-12
Madhya Pradesh,Jabalpur,39,,29,34,80,118,114,108,86,44,55,198,187,148,152,180,120,50,245,16,18,20,22,38,40,40,55,45,92,626,58,80,38,85,38,36,26,15,40,22,38,2026-05-12
Madhya Pradesh,Rewa,35,,28,35,76,106,95,94,78,45,55,177,154,148,147,147,NR,55,237,18,15,15,19,NR,NR,35,NR,37,85,655,57,76,25,90,28,45,30,13,45,20,35,2026-05-12
Madhya Pradesh,Sagar,38,,26,28,75,118,119,102,87,45,60,207,184,143,169,186,164,52,258,17,13,18,23,40,48,39,65,40,84,676,55,75,23,82,41,30,27,15,35,20,25,2026-05-12
Madhya Pradesh,Jhabua,41,,26,35,80,131,125,110,93,44,60,216,222,202,162,205,NR,62,292,15,25,17,37,33,38,46,64,48,98,699,59,97,23,88,41,36,29,20,33,23,20,2026-05-12
Madhya Pradesh,Hoshangabad,44,,27,34,82,112,117,109,87,45,55,198,161,142,142,154,113,51,213,11,20,22,20,44,48,41,51,41,94,656,60,89,53,92,31,42,20,19,50,20,33,2026-05-12
Madhya Pradesh,Shahdol,35,,29,35,86,115,112,110,83,44,50,203,186,142,153,181,NR,52,210,18,20,20,25,37,33,35,50,40,95,604,58,70,30,90,30,40,27,18,35,30,25,2026-05-12
Madhya Pradesh,Ujjain,40,,40,42,91,118,106,100,90,43,62,176,192,189,150,191,NR,50,247,16,10,15,27,38,40,42,62,45,90,702,60,62,40,95,49,37,33,16,40,28,39,2026-05-12
Madhya Pradesh,Morena,40,,26,31,91,120,112,105,100,46,66,198,185,156,156,159,115,50,240,14,10,20,30,29,NR,38,NR,39,98,604,61,83,22,81,36,31,28,14,32,20,40,2026-05-12
Madhya Pradesh,Anuppur,35,,25,36,80,115,120,110,90,45,50,214,181,143,176,176,159,53,200,20,15,20,17,42,42,35,50,48,87,780,65,80,28,90,40,35,25,15,35,20,30,2026-05-12
Madhya Pradesh,Bhind,41,,29,34,85,113,116,114,84,46,62,180,162,138,133,146,120,50,250,15,15,20,16,34,43,39,65,39,89,650,62,77,24,81,29,35,25,16,39,26,29,2026-05-12
Madhya Pradesh,Dhar,44,,27,36,86,134,120,117,95,45,60,187,186,171,158,190,124,54,211,15,20,21,44,36,36,44,53,44,91,682,58,77,23,85,30,34,19,16,45,25,35,2026-05-12
Madhya Pradesh,Harda,40,,27,33,76,119,120,110,90,45,60,209,198,171,170,187,NR,55,200,20,20,20,30,40,40,45,70,45,90,696,60,96,30,90,40,30,24,15,34,25,30,2026-05-12
Madhya Pradesh,Katni,35,,29,34,79,117,107,107,80,42,50,165,154,126,143,154,100,50,205,19,14,12,16,35,38,45,55,45,100,604,58,100,20,80,40,40,27,15,32,20,40,2026-05-12
Madhya Pradesh,Khandwa,37,,32,34,78,105,113,110,87,44,55,203,185,172,154,165,NR,50,270,17,20,20,25,35,35,40,49,41,90,659,53,89,38,88,28,32,26,15,37,23,36,2026-05-12
Madhya Pradesh,Mandla,34,,29,34,77,102,117,107,80,44,50,211,189,147,177,210,NR,52,193,29,20,18,18,42,44,43,60,45,88,692,60,70,22,87,44,34,27,15,35,22,35,2026-05-12
Madhya Pradesh,Rajgarh,40,,25,29,75,130,112,100,90,45,50,187,189,181,159,176,NR,55,200,10,20,20,40,NR,NR,42,NR,47,85,663,58,80,25,88,50,40,20,20,40,27,40,2026-05-12
Madhya Pradesh,Sidhi,35,,27,35,75,120,100,95,83,50,60,181,187,165,154,137,116,55,263,20,15,25,29,30,40,35,54,50,90,634,56,84,33,82,32,50,25,15,46,25,35,2026-05-12
Madhya Pradesh,Chattarpur,40,,28,38,90,120,110,110,82,45,50,194,187,170,150,154,125,53,237,20,15,20,20,32,40,40,58,50,100,600,60,84,20,90,30,40,30,15,35,22,35,2026-05-12
Madhya Pradesh,Neemuch,50,,26,33,75,125,105,110,72,42,65,185,156,141,146,139,NR,45,297,10,15,20,30,42,40,41,65,40,87,593,63,68,40,80,25,42,30,15,48,23,30,2026-05-12
Madhya Pradesh,Burhanpur,39,,31,39,78,114,112,112,81,44,65,176,180,164,148,180,147,45,255,29,18,14,22,37,37,41,NR,50,90,709,55,84,31,85,44,39,29,14,30,24,30,2026-05-12
Madhya Pradesh,Narshinpur,40,,27,35,75,120,110,110,85,45,50,200,187,141,145,165,NR,45,233,12,15,20,12,40,40,45,60,48,85,637,58,85,45,90,37,35,25,15,35,20,40,2026-05-12
Madhya Pradesh,Raisen,40,,29,32,80,130,118,110,83,46,57,185,189,146,148,NR,NR,50,250,10,18,20,20,40,41,34,NR,40,85,692,60,77,30,89,41,32,32,19,30,22,30,2026-05-12
Madhya Pradesh,Sheopur,38,,24,32,85,114,110,105,82,45,60,214,190,165,154,165,NR,50,204,28,24,22,27,30,35,40,62,40,90,637,58,80,22,90,40,40,30,15,40,27,45,2026-05-12
Madhya Pradesh,Agar malwa,34,,22,28,80,138,130,109,101,43,60,199,177,154,155,144,NR,47,286,20,16,15,25,45,46,41,NR,46,85,683,60,71,27,98,26,29,28,16,37,21,19,2026-05-12
Madhya Pradesh,Umaria,32,,28,34,82,117,108,108,85,45,59,213,172,156,176,189,NR,50,217,15,20,19,20,40,NR,42,NR,47,87,622,59,78,28,83,32,42,27,15,40,28,27,2026-05-12
Madhya Pradesh,Shajapur,39,,26,31,83,121,115,107,87,43,60,187,185,157,159,185,NR,55,260,20,20,21,32,38,38,38,NR,44,92,663,58,80,38,85,35,37,27,15,42,23,37,2026-05-12
Madhya Pradesh,Dewas,42,,27,33,86,126,115,110,89,44,64,192,190,170,168,183,NR,54,236,12,25,24,35,35,41,39,58,43,95,698,58,81,33,89,41,35,26,16,34,24,43,2026-05-12
Madhya Pradesh,Khargone,39,,28,35,78,120,122,110,85,45,50,186,156,132,170,132,NR,50,225,16,30,21,35,40,40,40,65,40,90,640,55,84,35,85,35,40,30,15,35,20,45,2026-05-12
Madhya Pradesh,Singrauli,35,,26,35,85,93,109,112,82,48,59,179,194,138,153,145,117,57,236,13,16,19,21,NR,39,37,NR,44,91,681,56,75,31,84,25,40,21,14,30,25,44,2026-05-12
Madhya Pradesh,Chhindwara,NR,,NR,NR,NR,NR,NR,NR,NR,NR,NR,NR,NR,NR,NR,NR,NR,NR,NR,NR,NR,NR,NR,NR,NR,NR,NR,NR,NR,NR,NR,NR,NR,NR,NR,NR,NR,NR,NR,NR,NR,2026-05-12
Madhya Pradesh,Sehore,30,,30,28,70,110,110,100,80,43,60,181,176,159,170,192,NR,50,280,13,20,17,20,NR,NR,45,NR,43,84,659,60,79,42,85,30,35,24,15,50,19,30,2026-05-12
Madhya Pradesh,MP-Ashoknagar,48,,26,28,70,116,111,100,89,44,60,187,187,159,156,156,NR,45,211,12,20,23,28,41,40,41,NR,39,85,773,58,88,50,88,40,45,25,17,40,30,38,2026-05-12
Madhya Pradesh,Balaghat,35,,34,40,76,120,120,116,90,44,51,223,209,139,170,193,NR,63,200,28,NR,NR,NR,44,45,39,60,46,100,680,58,73,25,94,40,35,25,15,53,28,40,2026-05-12
Madhya Pradesh,Guna,NR,,NR,NR,NR,NR,NR,NR,NR,NR,NR,NR,NR,NR,NR,NR,NR,NR,NR,NR,NR,NR,NR,NR,NR,NR,NR,NR,NR,NR,NR,NR,NR,NR,NR,NR,NR,NR,NR,NR,NR,2026-05-12
Madhya Pradesh,Ratlam,41,,30,34,73,122,114,109,84,44,60,195,183,157,156,168,155,48,233,10,20,16,25,35,45,39,65,43,90,633,60,55,20,81,30,29,27,16,40,17,28,2026-05-12
Madhya Pradesh,Satna,32,,26,35,82,130,100,100,100,45,60,220,145,148,154,181,115,50,260,20,17,22,24,25,45,31,62,31,65,714,52,60,35,75,28,33,30,15,50,25,35,2026-05-12
Madhya Pradesh,Vidisha,39,,30,35,71,109,120,107,87,44,55,191,185,142,179,183,NR,50,240,11,11,17,22,40,40,34,68,34,80,659,60,84,18,83,33,30,25,15,37,20,30,2026-05-12
Madhya Pradesh,Alirajpur,38,,30,36,87,124,100,114,95,45,54,185,148,139,136,144,NR,48,240,10,27,19,29,31,35,45,NR,47,93,611,57,80,28,77,40,43,29,17,37,25,40,2026-05-12
Madhya Pradesh,Betul,39,,24,32,80,115,110,107,85,45,58,196,194,144,176,196,NR,51,244,12,20,20,27,42,43,40,69,41,95,670,60,85,31,91,39,40,22,15,40,30,40,2026-05-12
Madhya Pradesh,Damoh,38,,28,33,69,114,105,109,79,45,60,207,198,132,148,166,NR,47,205,12,15,18,13,41,41,39,58,38,85,563,60,76,20,89,39,37,34,15,45,20,39,2026-05-12
Madhya Pradesh,Dindori,37,,33,35,82,110,105,108,83,45,60,209,198,148,154,181,NR,50,220,12,15,27,20,40,49,45,55,45,80,630,55,80,25,90,35,35,28,15,35,20,40,2026-05-12
Madhya Pradesh,Niwari,36,,25,30,81,131,96,106,89,47,57,219,182,171,177,155,NR,40,215,30,16,20,22,NR,NR,40,NR,40,97,720,60,90,24,92,33,40,27,19,38,21,32,2026-05-12
Madhya Pradesh,Seoni,38,,35,37,86,115,110,105,86,47,55,198,214,170,154,187,NR,47,215,11,20,20,25,40,40,37,68,42,100,654,58,81,27,80,48,36,21,15,45,16,26,2026-05-12
Madhya Pradesh,Panna,38,,24,36,75,120,100,95,90,45,52,178,173,128,133,130,112,53,210,11,15,20,25,40,48,35,60,45,97,651,56,75,37,76,26,35,31,13,47,20,38,2026-05-12
Madhya Pradesh,Tikamgarh,35,,25,30,90,120,110,95,90,44,50,205,167,142,149,147,NR,50,200,20,15,20,15,30,35,40,40,45,100,659,58,70,25,85,29,41,20,17,30,20,30,2026-05-12
Madhya Pradesh,Datia,48,,26,29,85,122,108,98,77,47,57,222,188,159,156,191,123,57,230,27,23,24,21,48,32,44,75,47,96,703,60,90,23,85,42,48,28,15,37,24,48,2026-05-12
Madhya Pradesh,Maihar,39,,29,31,90,97,102,97,80,45,60,220,165,150,150,172,113,53,205,14,16,19,27,NR,NR,40,NR,45,97,721,58,72,37,97,30,39,35,13,37,20,40,2026-05-12
Madhya Pradesh,Shivpuri,39,,24,37,83,115,118,116,87,45,55,198,177,158,164,163,159,50,380,17,15,25,30,48,46,43,60,45,82,685,60,78,26,82,37,31,29,19,32,19,25,2026-05-12
Madhya Pradesh,Mandsaur,35,,30,40,105,114,115,114,105,45,56,193,192,192,166,194,148,60,297,22,40,25,35,45,48,67,95,55,95,747,45,110,33,59,25,44,29,20,42,16,29,2026-05-12
Maharashtra,Mumbai,40,,41,48,93,134,143,123,99,46,58,245,225,194,165,200,153,79,307,30,28,25,47,47,61,52,65,53,113,677,60,77,52,99,67,45,43,16,40,35,43,2026-05-12
Maharashtra,Nagpur,56,,46,52,96,132,131,118,104,52,66,233,211,168,169,189,140,69,283,27,26,23,32,42,48,52,80,52,110,777,59,94,31,96,41,48,32,21,65,42,68,2026-05-12
Maharashtra,Pune,37,,42,53,84,102,112,106,82,44,74,203,206,166,164,185,166,60,350,41,29,18,33,39,41,45,36,45,88,549,59,79,56,100,51,50,23,20,43,25,26,2026-05-12
Maharashtra,Nashik,41,,42,41,82,136,133,113,97,45,58,214,224,181,168,186,135,57,323,28,20,22,30,44,65,49,63,49,95,640,60,69,63,112,57,35,32,16,NR,27,27,2026-05-12
Maharashtra,Mangaon-Raigad,52,,43,50,89,130,132,123,99,45,57,220,244,178,164,198,137,62,356,30,22,24,44,48,53,42,59,45,100,816,60,76,42,120,63,39,48,22,55,40,42,2026-05-12
Maharashtra,Dharni,43,,29,39,78,121,107,116,90,45,55,216,190,150,178,204,NR,56,322,13,27,21,39,38,26,42,NR,47,94,743,66,82,39,85,34,41,22,18,39,29,31,2026-05-12
Maharashtra,Latur,57,,40,46,82,127,118,117,85,44,67,201,199,134,170,185,159,60,232,26,22,16,47,35,52,41,77,42,97,776,46,78,65,97,44,43,27,24,42,32,42,2026-05-12
Maharashtra,Akluj,46,,33,39,73,123,100,110,95,45,60,198,211,149,167,202,183,48,332,30,21,20,45,31,47,39,60,39,88,659,52,49,39,94,35,35,27,12,28,22,40,2026-05-12
Maharashtra,Arni Yavatmal,44,,34,36,99,123,125,114,90,43,63,192,170,154,144,159,NR,57,300,10,30,30,30,35,32,47,70,55,103,784,55,72,40,99,45,42,20,15,40,35,25,2026-05-12
Maharashtra,Chandrapur,49,,45,50,83,128,130,121,107,43,58,205,221,211,170,190,NR,68,275,30,20,27,28,51,54,60,58,59,109,676,58,73,25,100,37,38,21,20,67,40,57,2026-05-12
Maharashtra,Karad Satara,50,,34,45,81,139,129,121,92,44,71,208,188,164,178,191,168,57,293,27,27,20,37,38,42,40,61,40,107,674,59,72,43,118,45,39,32,19,40,20,36,2026-05-12
Maharashtra,Ahemednagar,53,,44,47,84,124,119,119,99,44,53,168,169,166,170,178,163,49,259,30,21,17,23,29,40,39,44,39,99,575,58,68,34,99,29,39,24,18,25,14,34,2026-05-12
Maharashtra,Khultabad,47,,32,35,80,111,111,106,84,44,47,181,NR,144,159,165,153,59,320,20,30,21,28,32,44,39,NR,42,86,702,60,84,37,81,32,NR,19,16,33,20,34,2026-05-12
Maharashtra,Islampur,40,,37,46,81,124,130,120,100,42,72,220,203,155,177,187,153,50,417,27,28,20,38,38,40,39,48,43,101,655,60,71,40,103,59,53,36,27,40,28,26,2026-05-12
Maharashtra,Kankavli,45,,34,51,84,127,131,131,87,46,60,184,200,164,152,172,135,53,378,20,32,25,47,53,49,45,50,46,104,688,56,85,82,77,47,41,35,18,63,30,53,2026-05-12
Maharashtra,Partur,50,,29,40,80,126,120,110,88,44,58,193,208,185,183,193,183,59,401,10,20,20,30,32,40,43,NR,47,87,775,NR,84,40,92,40,42,27,15,47,29,39,2026-05-12
Maharashtra,Gondia,50,,33,35,75,118,120,115,82,44,58,199,203,140,171,184,167,65,260,30,22,22,22,35,41,31,52,38,83,765,58,72,22,100,49,50,28,21,32,32,42,2026-05-12
Maharashtra,Jalgaon,47,,34,42,84,127,135,119,102,45,65,200,204,178,175,191,184,60,468,30,20,20,48,45,41,55,63,55,101,738,58,78,42,130,52,41,32,20,40,32,43,2026-05-12
Maharashtra,Akola,44,,35,45,84,128,120,119,97,44,69,182,211,163,172,182,NR,62,327,30,23,20,27,42,38,51,65,51,103,784,59,81,43,88,41,44,24,16,33,28,42,2026-05-12
Rajasthan,Jaipur,NR,,31,39,86,131,123,109,84,46,51,207,NR,174,185,180,130,51,303,13,20,23,37,31,31,49,76,49,88,630,58,84,53,95,43,35,37,17,38,28,38,2026-05-12
Rajasthan,Jodhpur,41,,32,34,80,111,106,101,86,42,54,220,187,NR,NR,166,NR,51,272,21,20,27,32,28,52,52,51,47,105,668,55,89,27,69,73,32,29,16,42,25,27,2026-05-12
Rajasthan,Kota,NR,,NR,NR,NR,NR,NR,NR,NR,NR,NR,NR,NR,NR,NR,NR,NR,NR,NR,NR,NR,NR,NR,NR,NR,NR,NR,NR,NR,NR,NR,NR,NR,NR,NR,NR,NR,NR,NR,NR,NR,2026-05-12
Rajasthan,Udaipur,51,,27,32,75,120,115,110,81,45,50,211,193,181,190,194,172,67,328,28,19,20,40,30,40,35,55,50,89,610,65,80,40,93,38,33,27,13,40,30,35,2026-05-12
Rajasthan,Bharatpur,46,,28,35,89,122,113,115,90,46,58,203,175,149,162,NR,NR,57,297,28,12,29,28,27,30,40,65,44,82,637,60,75,27,90,37,38,25,12,40,20,42,2026-05-12
Rajasthan,Ajmer,44,,36,36,88,123,108,83,88,41,53,184,162,145,151,151,173,45,300,20,18,23,26,26,29,34,NR,36,94,550,56,95,43,76,36,35,NR,16,40,20,26,2026-05-12
Rajasthan,Bikaner,43,,38,42,88,120,120,91,87,51,55,165,176,168,171,164,165,50,247,15,22,20,34,38,47,51,NR,52,82,701,60,90,48,78,32,34,24,21,35,23,41,2026-05-12
Rajasthan,Bundi,35,,26,29,65,90,95,95,71,42,60,203,178,136,166,167,121,45,440,20,20,20,23,31,36,34,61,41,73,604,59,65,45,79,41,39,29,18,40,25,35,2026-05-12
Rajasthan,Rajsamand,49,,37,40,74,107,99,91,89,45,73,163,177,138,135,177,NR,55,302,24,24,25,37,40,44,43,66,46,80,611,52,90,41,78,40,38,30,20,43,21,32,2026-05-12
Rajasthan,Alwar,52,,30,34,74,130,109,105,90,45,58,191,154,NR,153,179,NR,42,330,26,17,25,24,21,37,48,64,48,94,628,57,76,24,84,53,46,26,15,38,29,38,2026-05-12
Rajasthan,Banswara,NR,,NR,NR,NR,NR,NR,NR,NR,NR,NR,NR,NR,NR,NR,NR,NR,NR,NR,NR,NR,NR,NR,NR,NR,NR,NR,NR,NR,NR,NR,NR,NR,NR,NR,NR,NR,NR,NR,NR,NR,2026-05-12
Rajasthan,Baran,40,,31,36,80,132,117,110,80,41,50,195,144,122,123,127,115,41,345,22,22,22,40,28,32,40,37,45,89,667,55,67,40,90,35,31,34,11,37,30,32,2026-05-12
Rajasthan,Barmer,50,,32,34,90,130,110,95,95,NR,NR,NR,NR,NR,NR,NR,NR,NR,NR,NR,NR,NR,NR,NR,NR,NR,NR,NR,NR,NR,NR,NR,NR,NR,NR,NR,NR,NR,NR,NR,NR,2026-05-12
Rajasthan,Bhilwara,53,,30,37,91,118,110,98,94,42,55,195,175,145,156,175,156,44,286,NR,29,19,22,29,34,41,54,42,76,608,54,68,32,91,37,36,21,18,40,24,20,2026-05-12
Rajasthan,Chhitorgarh,38,,24,30,71,133,115,108,87,41,58,184,145,119,130,143,111,45,279,24,20,24,21,25,34,34,44,38,82,613,58,65,39,78,29,40,30,23,40,42,32,2026-05-12
Rajasthan,Churu,NR,,NR,NR,NR,NR,NR,NR,NR,NR,NR,NR,NR,NR,NR,NR,NR,NR,NR,NR,NR,NR,NR,NR,NR,NR,NR,NR,NR,NR,NR,NR,NR,NR,NR,NR,NR,NR,NR,NR,NR,2026-05-12
Rajasthan,Dholapur,45,,27,36,84,130,115,105,90,48,60,249,187,167,175,NR,NR,52,257,18,12,25,23,23,NR,46,NR,46,92,644,59,94,47,82,33,32,25,15,38,22,38,2026-05-12
Rajasthan,Dungarpur,40,,32,34,95,122,114,112,95,49,54,166,172,169,173,172,157,42,253,26,21,31,33,47,37,45,75,54,87,612,62,88,52,75,34,41,44,25,45,23,23,2026-05-12
Rajasthan,Hanumangarh,NR,,NR,NR,NR,NR,NR,NR,NR,NR,NR,NR,NR,NR,NR,NR,NR,NR,NR,NR,NR,NR,NR,NR,NR,NR,NR,NR,NR,NR,NR,NR,NR,NR,NR,NR,NR,NR,NR,NR,NR,2026-05-12
Rajasthan,Jaisalmer,40,,33,35,81,109,118,99,81,45,60,211,205,141,146,189,NR,51,253,20,20,25,32,30,33,45,64,47,93,652,62,120,33,84,41,30,24,13,37,30,44,2026-05-12
Rajasthan,Jalore,46,,34,35,86,113,119,104,91,46,55,211,176,164,179,190,NR,47,312,15,27,29,37,30,40,43,NR,52,96,545,60,78,47,98,41,40,29,17,43,28,37,2026-05-12
Rajasthan,Jhalawar,42,,27,32,85,129,118,104,88,42,56,188,176,NR,141,154,110,45,298,19,19,26,23,30,34,41,50,42,85,703,58,80,31,81,30,39,32,17,38,21,34,2026-05-12
Rajasthan,Jhunjhunu,42,,24,31,80,110,110,104,86,43,55,198,NR,NR,NR,NR,NR,51,240,18,32,32,27,23,NR,39,46,42,96,NR,57,74,50,101,38,42,25,21,41,26,26,2026-05-12
Rajasthan,Karauli,41,,24,32,85,127,115,110,94,44,53,187,142,131,132,131,101,40,313,22,20,28,33,24,22,41,37,50,104,610,60,88,38,94,33,46,22,18,39,22,37,2026-05-12
Rajasthan,Nagaur,41,,32,41,93,125,104,91,92,43,53,156,159,159,159,159,143,43,311,18,18,31,24,32,32,34,NR,46,94,742,NR,105,NR,102,NR,36,26,24,36,18,23,2026-05-12
Rajasthan,Pali,55,,33,33,91,128,128,90,74,44,56,201,167,168,163,162,123,43,234,24,30,25,33,29,39,38,35,47,102,507,62,68,52,85,57,35,26,21,41,37,17,2026-05-12
Rajasthan,RJ-Pratapgarh,42,,29,33,70,NR,111,106,83,44,47,198,178,154,158,NR,NR,47,300,19,20,24,31,34,36,43,NR,43,103,NR,60,60,39,70,46,36,25,15,40,25,26,2026-05-12
Rajasthan,Sikar,45,,31,35,85,137,116,120,95,44,53,186,198,157,121,165,NR,55,236,28,25,29,30,21,24,NR,35,NR,NR,520,52,54,22,80,32,33,25,17,30,23,23,2026-05-12
Rajasthan,Sirohi,42,,28,34,74,109,122,97,76,42,52,207,156,NR,159,NR,NR,49,253,17,20,22,38,28,NR,45,NR,48,95,632,59,98,45,88,NR,29,30,13,45,30,28,2026-05-12
Rajasthan,Sri Ganganagar,43,,28,36,89,118,112,110,91,45,52,179,NR,137,141,NR,NR,46,323,23,15,22,40,NR,NR,39,NR,38,91,NR,NR,NR,20,82,29,29,30,29,40,17,16,2026-05-12
Rajasthan,Tonk,53,,32,39,82,120,108,114,89,46,63,216,210,129,NR,NR,NR,54,278,18,28,33,36,25,41,41,NR,48,95,524,59,76,41,89,43,39,36,21,40,27,50,2026-05-12
Rajasthan,Sawai Madhopur,50,,30,33,81,131,115,114,93,48,59,232,179,145,145,148,NR,50,295,27,20,23,19,25,32,47,52,49,109,632,64,74,41,92,26,52,28,15,40,27,33,2026-05-12
EAST ZONE,EAST ZONE,,,,,,,,,,,,,,,,,,,,,,,,,,,,,,,,,,,,,,,,,,2026-05-12
Bihar,Patna,44,,27,30,77,115,119,105,80,50,58,NR,195,170,218,196,192,50,312,26,18,28,32,NR,NR,40,NR,40,100,604,56,84,35,85,40,40,25,15,40,20,36,2026-05-12
Bihar,Bhagalpur,39,,27,32,73,117,111,100,75,47,58,NR,184,147,155,173,128,45,320,28,11,17,35,49,61,34,NR,35,104,635,54,84,37,96,29,34,21,18,NR,20,29,2026-05-12
Bihar,Purnia,38,,32,33,71,112,116,102,76,49,57,NR,186,147,188,NR,120,54,324,17,11,19,34,58,58,40,54,47,102,692,55,88,40,94,36,32,24,16,50,28,18,2026-05-12
Bihar,Darbhanga,35,,29,39,78,99,118,102,85,44,57,NR,208,201,167,NR,118,54,193,28,9,21,29,54,54,33,43,35,108,681,60,86,40,89,34,38,28,19,49,20,25,2026-05-12
Bihar,Gaya,33,,27,38,81,123,109,109,81,45,60,NR,201,137,145,150,120,57,340,25,17,20,20,NR,NR,34,NR,39,110,677,59,83,30,84,33,37,23,16,48,28,27,2026-05-12
Bihar,Muzzafarpur,38,,27,32,77,126,124,116,76,47,59,NR,184,153,156,197,122,44,277,24,13,21,21,50,49,36,48,39,99,601,53,83,37,81,34,36,23,15,51,26,25,2026-05-12
Bihar,Saran,41,,26,36,81,NR,109,108,82,49,60,NR,200,197,198,213,NR,53,302,27,12,21,25,41,63,38,63,38,108,730,60,71,41,82,32,32,28,18,42,23,24,2026-05-12
Bihar,Munger,35,,25,32,91,131,108,118,79,44,57,NR,NR,NR,NR,NR,NR,46,240,29,13,33,21,NR,NR,34,NR,40,100,584,60,79,29,92,46,40,39,16,50,20,31,2026-05-12
Bihar,Saharsa,48,,27,29,77,113,115,110,75,47,55,NR,181,154,171,NR,NR,52,275,29,10,21,22,NR,NR,39,NR,37,93,710,55,74,40,95,52,47,37,11,40,28,29,2026-05-12
Bihar,Madhubani,37,,30,35,84,125,112,101,84,47,55,204,166,157,161,171,127,47,280,28,21,27,26,NR,NR,33,48,35,101,615,57,71,32,82,32,31,23,12,50,26,27,2026-05-12
Bihar,Rohtas (Sasaram),36,,34,39,73,108,112,81,80,48,66,183,189,171,185,190,157,52,237,30,14,25,28,39,57,33,58,37,90,721,60,89,39,82,32,28,23,14,58,25,31,2026-05-12
Bihar,Motihari,44,,26,32,82,110,116,106,82,48,56,NR,191,174,174,226,141,46,265,19,16,20,25,35,35,38,52,37,106,593,54,81,29,81,31,42,27,17,33,28,32,2026-05-12
Bihar,Samastipur,41,,25,34,84,114,114,114,85,45,54,NR,184,130,127,NR,129,54,317,29,11,21,20,30,39,40,73,49,99,698,61,92,40,83,32,75,25,10,39,27,25,2026-05-12
Bihar,Katihar,40,,31,30,72,128,127,109,69,46,59,NR,179,137,150,166,NR,55,311,19,10,23,29,NR,NR,31,NR,35,109,668,63,73,37,89,23,49,23,12,NR,23,22,2026-05-12
Bihar,Araria,35,,30,35,78,118,118,113,78,48,61,275,190,162,141,190,127,54,312,28,13,18,31,48,52,39,85,39,101,610,62,82,46,78,25,35,20,13,55,31,31,2026-05-12
Bihar,Nawada,30,,25,30,73,113,118,113,73,47,58,NR,190,161,180,NR,144,54,244,28,10,22,37,40,38,32,54,34,86,703,59,65,33,81,35,31,22,11,63,24,25,2026-05-12
Bihar,Khagaria,NR,,NR,NR,NR,NR,NR,NR,NR,NR,NR,NR,NR,NR,NR,NR,NR,NR,NR,NR,NR,NR,NR,NR,NR,NR,NR,NR,NR,NR,NR,NR,NR,NR,NR,NR,NR,NR,NR,NR,NR,2026-05-12
Bihar,Banka,37,,27,36,85,124,104,103,75,48,58,NR,NR,NR,NR,NR,NR,45,243,14,16,22,20,40,39,36,NR,39,99,635,53,80,43,80,37,40,30,10,40,30,33,2026-05-12
Bihar,Arwal,36,,23,35,81,129,129,89,81,46,57,NR,193,159,179,182,143,51,222,28,14,20,24,NR,NR,35,NR,36,90,748,58,76,39,80,33,35,25,19,45,25,30,2026-05-12
Bihar,Aurangabad,31,,26,31,76,117,111,99,79,47,54,220,195,188,142,189,123,56,210,27,14,19,17,50,NR,35,NR,38,103,769,58,79,44,86,28,42,30,16,52,21,25,2026-05-12
Bihar,Begusarai,36,,30,35,77,117,117,107,77,48,60,246,188,158,144,188,123,55,266,28,12,21,27,52,42,35,52,37,108,623,58,78,39,96,25,32,20,17,35,34,42,2026-05-12
Bihar,Bhojpur Ara,42,,28,33,75,115,115,110,80,46,57,231,174,143,137,176,NR,55,340,30,15,22,30,NR,NR,35,NR,37,105,681,60,85,40,85,50,40,25,10,47,35,25,2026-05-12
Bihar,Buxar,27,,24,32,84,120,117,119,78,46,62,202,186,173,170,198,121,52,255,29,14,20,30,34,54,34,71,35,90,769,48,95,38,87,46,31,23,17,43,26,25,2026-05-12
Bihar,Gopalganj,39,,27,35,82,117,112,107,80,45,50,182,174,150,189,156,139,57,250,29,14,24,38,42,44,40,43,40,114,666,56,81,36,87,47,44,36,12,53,26,29,2026-05-12
Bihar,Jamui,34,,28,31,74,118,116,108,75,46,59,NR,188,136,167,NR,137,53,268,29,11,20,30,39,58,41,48,43,101,623,60,90,20,86,26,36,26,16,50,20,25,2026-05-12
Bihar,Jehanabad,28,,29,33,79,114,112,109,74,45,54,NR,195,182,163,NR,NR,50,243,24,16,19,23,NR,NR,39,NR,41,90,660,50,100,24,81,24,40,20,14,55,20,33,2026-05-12
Bihar,Kaimur,38,,27,32,79,117,117,98,79,47,57,NR,191,174,167,193,130,51,212,20,12,19,22,32,31,34,NR,39,88,714,60,85,31,82,33,33,27,15,48,26,28,2026-05-12
Bihar,Kishanganj,38,,30,36,80,125,130,115,88,45,60,190,165,170,159,203,132,60,300,25,13,20,27,38,60,38,85,47,95,637,60,84,49,90,39,32,24,17,55,30,30,2026-05-12
Bihar,Lakhisarai,40,,30,40,82,112,122,118,87,49,59,NR,205,167,170,NR,154,53,298,27,15,25,17,50,60,45,44,40,110,754,60,96,22,85,35,40,27,15,40,23,23,2026-05-12
Bihar,Medhepura,39,,31,35,71,114,124,92,70,45,58,NR,197,147,159,187,124,43,284,22,11,25,36,NR,NR,35,NR,35,90,722,58,108,42,88,35,37,28,14,47,30,27,2026-05-12
Bihar,Nalanda,32,,31,33,73,114,112,103,77,46,64,NR,188,161,144,166,NR,53,324,30,15,19,26,60,60,34,62,37,88,680,58,85,35,78,28,34,21,15,51,30,21,2026-05-12
Bihar,Sheikhpura,NR,,NR,NR,NR,NR,NR,NR,NR,NR,NR,NR,NR,NR,NR,NR,NR,NR,NR,NR,NR,NR,NR,NR,NR,NR,NR,NR,NR,NR,NR,NR,NR,NR,NR,NR,NR,NR,NR,NR,NR,2026-05-12
Bihar,Sheohar,38,,26,37,82,120,118,116,77,45,58,176,203,167,174,197,133,48,232,26,13,24,24,50,54,38,41,40,114,720,57,78,30,81,34,38,24,16,56,29,25,2026-05-12
Bihar,Sitamarhi,36,,28,33,75,118,123,106,83,46,58,NR,191,174,154,182,155,55,233,29,10,18,18,53,50,36,48,36,110,793,58,94,48,79,37,46,26,14,43,18,20,2026-05-12
Bihar,Siwan,35,,26,30,72,109,89,87,72,47,57,266,186,178,184,187,134,52,202,27,12,19,22,47,44,33,49,34,85,709,61,66,29,84,34,41,29,14,44,24,23,2026-05-12
Bihar,Supaul,35,,27,33,76,115,112,100,77,47,55,NR,177,152,188,NR,164,50,NR,11,12,19,25,NR,NR,35,NR,35,122,576,54,91,31,79,26,56,35,15,55,25,23,2026-05-12
Bihar,Vaishali,34,,26,30,70,110,116,100,75,46,52,209,176,154,187,209,159,59,207,29,10,20,20,49,49,30,42,37,90,769,55,84,40,80,33,32,25,13,37,20,31,2026-05-12
Bihar,West Champaran,NR,,NR,NR,NR,NR,NR,NR,NR,NR,NR,NR,NR,NR,NR,NR,NR,NR,NR,NR,NR,NR,NR,NR,NR,NR,NR,NR,NR,NR,NR,NR,NR,NR,NR,NR,NR,NR,NR,NR,NR,2026-05-12
Jharkhand,Ranchi,41,,34,36,80,119,118,110,79,47,59,227,187,150,177,191,136,52,217,28,15,23,23,35,40,36,40,41,103,622,60,77,42,90,44,41,32,15,50,27,35,2026-05-12
Jharkhand,Gumla,40,,27,36,82,100,98,105,83,48,58,176,176,187,132,154,110,48,227,15,19,15,27,34,NR,35,50,42,100,680,NR,78,55,90,25,26,17,15,50,30,25,2026-05-12
Jharkhand,Sahibganj,35,,30,34,90,127,137,120,90,48,60,176,192,181,176,176,132,65,288,20,12,25,38,35,35,38,68,60,100,630,60,76,40,90,45,35,29,18,43,23,20,2026-05-12
Jharkhand,Bokaro,34,,35,37,86,132,100,110,86,46,57,189,172,160,164,182,145,54,322,25,23,24,34,NR,NR,33,NR,40,100,709,57,89,43,81,28,41,25,13,60,NR,NR,2026-05-12
Jharkhand,Lohardaga,37,,31,36,85,102,125,110,80,45,61,NR,147,130,135,166,116,44,203,26,20,25,10,NR,NR,38,31,40,90,673,56,73,25,80,42,30,27,11,38,41,23,2026-05-12
Jharkhand,Simdega,42,,34,38,90,114,110,100,86,50,62,176,181,152,162,154,147,48,250,22,20,22,30,42,NR,44,60,46,98,665,61,74,39,90,39,36,26,22,50,24,38,2026-05-12
Jharkhand,Dhanbad,39,,35,36,79,119,119,110,80,47,59,251,188,152,159,187,139,53,245,28,15,23,28,38,50,37,53,43,94,769,57,91,45,89,32,41,34,18,49,28,38,2026-05-12
Jharkhand,Jamshedpur (East Singbhum),46,,40,41,114,136,131,120,98,46,58,220,194,167,154,170,123,56,200,30,17,29,28,32,30,41,59,50,105,606,62,77,50,91,37,36,27,12,52,24,33,2026-05-12
Jharkhand,Giridhi,34,,33,36,75,109,102,105,75,44,55,NR,198,169,155,174,127,49,300,19,22,34,34,41,35,40,38,46,88,637,60,84,56,99,29,40,25,16,51,35,47,2026-05-12
Jharkhand,Seraikella,35,,31,40,78,123,114,105,75,48,60,188,179,155,158,166,122,53,207,28,14,21,24,37,NR,44,NR,44,92,600,60,76,32,80,33,31,25,14,50,28,35,2026-05-12
Jharkhand,West Singhbhum,37,,31,36,82,116,118,110,79,47,60,207,206,161,174,199,124,56,236,24,16,25,30,42,49,35,47,36,94,646,60,88,43,81,32,32,25,11,53,35,38,2026-05-12
Jharkhand,Daltonganj,35,,27,36,82,110,118,101,81,48,58,NR,176,148,162,NR,136,60,304,30,15,20,30,NR,NR,43,62,47,110,674,62,83,48,85,40,41,26,17,40,29,22,2026-05-12
Jharkhand,Deoghar,40,,32,35,80,110,120,110,100,48,60,176,186,176,148,176,132,60,300,25,15,25,30,50,50,40,60,50,90,769,60,85,30,80,40,35,25,15,40,20,20,2026-05-12
Jharkhand,Ramgarh,40,,37,39,NR,127,118,102,79,49,58,NR,184,159,171,199,157,46,279,25,23,27,28,NR,NR,31,NR,39,107,610,57,75,23,82,27,30,25,11,40,17,25,2026-05-12
Jharkhand,Pakur,37,,38,42,80,127,112,94,80,48,60,198,187,176,174,187,161,60,340,20,10,18,42,34,41,47,51,60,97,637,58,81,23,94,35,34,24,15,50,32,21,2026-05-12
Jharkhand,Jamtara,38,,27,31,80,121,125,107,91,49,59,NR,188,148,178,189,170,59,287,27,11,23,39,NR,NR,38,NR,47,85,897,57,81,27,87,47,29,28,18,42,28,31,2026-05-12
Jharkhand,Latehar,42,,26,39,81,121,120,107,81,51,59,174,192,157,157,NR,121,50,188,31,26,28,28,NR,NR,36,NR,51,105,725,59,85,37,80,43,44,26,12,49,25,25,2026-05-12
Jharkhand,Godda,39,,30,37,80,120,120,103,80,48,63,198,196,165,163,185,132,48,280,30,10,15,35,NR,NR,40,NR,47,100,709,62,80,77,100,35,35,25,15,47,28,30,2026-05-12
Jharkhand,Koderma,40,,30,35,80,120,120,106,80,48,63,197,191,149,184,194,125,60,203,28,15,20,32,NR,NR,36,NR,40,92,688,59,81,40,85,42,42,30,14,62,35,38,2026-05-12
Odisha,Bhubaneshwar,38,,35,45,78,110,110,115,80,48,58,NR,196,143,NR,191,165,65,230,27,16,25,40,NR,NR,35,45,38,90,NR,NR,72,40,90,30,30,20,10,50,40,50,2026-05-12
Odisha,Cuttack,40,,36,47,78,111,113,112,80,49,58,NR,197,143,NR,194,165,59,260,28,16,26,43,41,42,37,51,39,93,743,57,78,40,91,31,32,22,14,55,26,42,2026-05-12
Odisha,Sambalpur,40,,40,45,75,110,110,100,78,50,58,NR,198,143,NR,192,167,52,240,30,18,20,30,40,45,35,60,36,90,747,NR,72,30,90,40,35,30,15,60,25,35,2026-05-12
Odisha,Rourkela,36,,35,38,75,115,112,97,75,47,58,NR,202,142,148,199,165,57,190,28,15,21,36,35,36,38,40,39,91,518,56,78,40,88,36,32,29,15,42,25,38,2026-05-12
Odisha,Berhampur,NR,,NR,NR,NR,NR,NR,NR,NR,NR,NR,NR,NR,NR,NR,NR,NR,NR,NR,NR,NR,NR,NR,NR,NR,NR,NR,NR,NR,NR,NR,NR,NR,NR,NR,NR,NR,NR,NR,NR,NR,2026-05-12
Odisha,Jeypore,45,,38,35,80,108,120,97,82,44,58,181,198,149,NR,196,160,52,237,28,16,25,40,40,40,38,45,42,80,743,60,60,40,75,35,35,24,12,50,30,40,2026-05-12
Odisha,Balasore,38,,41,45,75,114,109,96,75,45,58,NR,197,174,NR,191,165,59,240,28,15,23,34,NR,NR,42,NR,43,93,617,56,66,28,93,28,40,28,11,45,24,30,2026-05-12
Odisha,Baripada,35,,33,42,77,115,115,98,77,49,55,NR,183,172,NR,187,167,60,239,28,15,23,40,35,NR,51,48,51,91,706,57,84,39,101,39,36,31,13,55,18,28,2026-05-12
Odisha,Balangir,35,,37,40,78,118,118,100,80,45,58,NR,203,141,NR,192,168,60,NR,30,18,25,38,NR,NR,40,NR,44,90,758,57,84,38,85,32,35,30,17,40,35,40,2026-05-12
Odisha,Angul,36,,NR,49,87,133,110,115,90,48,60,NR,201,176,NR,198,NR,50,NR,29,19,22,34,43,58,46,53,44,89,NR,59,78,35,92,56,33,30,15,52,20,20,2026-05-12
Odisha,Boudhgarh,NR,,NR,NR,NR,NR,NR,NR,NR,NR,NR,NR,NR,NR,NR,NR,NR,NR,NR,NR,NR,NR,NR,NR,NR,NR,NR,NR,NR,NR,NR,NR,NR,NR,NR,NR,NR,NR,NR,NR,NR,2026-05-12
Odisha,Dhenkanal,39,,35,44,75,110,107,99,75,46,58,NR,198,143,NR,198,143,60,347,29,15,25,30,50,NR,39,50,45,90,710,58,84,40,83,40,30,20,12,50,30,40,2026-05-12
Odisha,Jagatsinghpur,40,,40,42,80,120,100,105,85,50,58,NR,198,187,NR,182,119,60,240,29,15,30,50,NR,NR,38,NR,42,102,661,58,72,40,84,40,32,21,16,60,23,37,2026-05-12
Odisha,Kandhamal,NR,,NR,NR,NR,NR,NR,NR,NR,NR,NR,NR,NR,NR,NR,NR,NR,NR,NR,NR,NR,NR,NR,NR,NR,NR,NR,NR,NR,NR,NR,NR,NR,NR,NR,NR,NR,NR,NR,NR,NR,2026-05-12
Odisha,Keonjhar,40,,40,51,78,120,118,109,77,48,58,NR,192,137,NR,187,120,59,NR,30,15,24,40,40,40,40,50,43,105,736,58,96,33,90,40,35,25,15,50,30,38,2026-05-12
Odisha,Malkangiri,NR,,NR,NR,NR,NR,NR,NR,NR,NR,NR,NR,NR,NR,NR,NR,NR,NR,NR,NR,NR,NR,NR,NR,NR,NR,NR,NR,NR,NR,NR,NR,NR,NR,NR,NR,NR,NR,NR,NR,NR,2026-05-12
Odisha,Nabarangpur,47,,40,55,89,127,125,103,83,47,60,209,191,183,140,187,114,60,400,30,20,28,27,40,50,40,50,41,110,725,58,72,25,100,30,47,25,20,60,23,42,2026-05-12
Odisha,Nayagarh,40,,NR,43,83,113,118,112,85,46,54,NR,199,176,NR,199,166,63,NR,27,16,23,37,NR,NR,38,43,42,85,687,58,84,40,85,34,41,24,14,47,22,38,2026-05-12
Odisha,Nuapada,NR,,NR,NR,NR,NR,NR,NR,NR,NR,NR,NR,NR,NR,NR,NR,NR,NR,NR,NR,NR,NR,NR,NR,NR,NR,NR,NR,NR,NR,NR,NR,NR,NR,NR,NR,NR,NR,NR,NR,NR,2026-05-12
Odisha,Paralakhemundi Gajapati,50,,34,44,83,115,120,107,95,45,NR,196,204,163,141,158,122,57,260,28,20,30,36,51,55,41,60,47,81,703,60,69,41,93,21,33,22,14,55,27,28,2026-05-12
Odisha,Puri,39,,NR,42,80,117,112,105,83,47,58,NR,197,156,NR,190,143,57,278,25,16,24,38,NR,NR,39,NR,44,95,670,58,71,40,85,32,38,26,15,47,20,33,2026-05-12
Odisha,Rayagada,41,,43,50,85,120,120,109,80,48,60,209,203,150,NR,198,137,60,NR,30,19,25,40,NR,NR,45,40,49,80,690,58,78,40,82,34,35,24,13,50,30,43,2026-05-12
Odisha,Sonepur,35,,NR,43,80,121,116,112,80,46,50,NR,198,149,NR,198,123,56,NR,10,11,22,30,NR,NR,40,NR,47,91,714,60,96,30,88,40,28,28,19,55,30,30,2026-05-12
Odisha,Bhadrak,35,,NR,41,85,120,112,113,80,47,58,NR,210,176,NR,198,145,58,333,28,13,23,37,44,NR,37,63,39,82,769,58,72,40,81,40,30,24,15,40,20,32,2026-05-12
Odisha,Jharsuguda,NR,,NR,NR,NR,NR,NR,NR,NR,NR,NR,NR,NR,NR,NR,NR,NR,NR,NR,NR,NR,NR,NR,NR,NR,NR,NR,NR,NR,NR,NR,NR,NR,NR,NR,NR,NR,NR,NR,NR,NR,2026-05-12
Odisha,Kendrapara,39,,38,46,86,130,105,109,85,45,55,NR,200,144,NR,191,158,56,276,28,13,25,40,NR,NR,42,57,44,87,696,60,72,38,83,28,38,23,15,54,19,38,2026-05-12
Odisha,Jajpur,37,,40,48,77,124,106,114,81,45,56,NR,199,187,NR,192,122,55,NR,30,14,23,39,NR,NR,36,NR,48,100,659,54,84,33,85,21,27,21,13,51,20,27,2026-05-12
Odisha,Kalahandi,42,,37,49,86,121,118,110,85,48,54,NR,203,163,NR,184,133,54,430,30,18,21,38,NR,NR,41,37,49,101,753,NR,84,32,84,27,32,28,13,40,25,40,2026-05-12
West Bengal,Kolkata,57,,NR,37,83,123,133,118,118,48,58,NR,189,177,161,191,121,68,277,30,17,30,47,NR,NR,36,NR,59,102,714,61,80,70,84,38,30,30,20,60,30,41,2026-05-12
West Bengal,Siliguri,44,,31,41,84,120,127,119,119,47,59,NR,196,NR,146,166,NR,68,227,15,15,20,24,NR,NR,40,NR,50,102,727,60,87,41,84,33,29,22,16,45,25,40,2026-05-12
West Bengal,Purulia,37,,NR,35,82,127,NR,102,97,45,59,NR,190,155,145,178,NR,57,282,27,9,21,29,NR,NR,45,NR,57,95,679,59,71,38,82,31,44,34,19,42,24,31,2026-05-12
West Bengal,Kharagpur,59,,35,38,80,123,120,108,105,52,61,178,192,NR,132,179,120,56,275,30,11,23,28,NR,NR,37,NR,39,106,703,57,76,30,92,37,41,25,18,47,27,32,2026-05-12
West Bengal,Rampurhat,56,,35,48,90,127,122,115,103,47,56,202,194,173,174,184,127,54,322,28,11,20,36,NR,NR,41,NR,51,81,694,63,82,38,96,37,34,35,16,39,25,31,2026-05-12
West Bengal,Malda,50,,31,41,97,130,120,121,110,49,57,NR,201,NR,153,191,133,65,319,20,12,25,25,NR,NR,41,NR,65,95,589,63,80,27,94,38,31,29,15,59,24,32,2026-05-12
West Bengal,Raiganj,48,,29,38,80,132,122,108,107,47,60,158,190,143,154,187,139,60,257,15,10,24,45,NR,NR,35,NR,58,100,641,60,84,57,100,38,29,30,15,60,24,32,2026-05-12
West Bengal,Alipurduar,45,,NR,44,91,121,125,111,119,49,65,NR,197,NR,163,180,132,64,243,10,10,29,39,NR,NR,45,NR,45,81,652,60,81,49,95,37,35,25,12,50,19,39,2026-05-12
West Bengal,Asansol,51,,NR,36,77,124,121,120,96,49,67,NR,187,153,151,187,119,56,300,29,11,21,40,NR,NR,36,NR,47,97,789,59,80,48,93,40,35,29,15,42,24,38,2026-05-12
West Bengal,Balurghat,46,,29,39,83,123,122,109,102,48,71,NR,189,NR,151,189,136,45,350,28,13,19,42,NR,NR,52,NR,58,100,696,58,80,65,100,40,34,27,15,60,28,40,2026-05-12
West Bengal,Bankura,39,,NR,35,83,122,119,117,101,48,59,NR,188,NR,144,175,133,59,292,28,9,26,24,NR,NR,34,NR,59,87,608,58,71,41,85,33,36,26,15,41,24,42,2026-05-12
West Bengal,Barasat,54,,32,39,90,122,119,121,115,50,57,NR,191,177,161,175,140,66,310,29,12,15,20,NR,NR,38,NR,56,76,635,61,71,40,88,37,35,26,17,42,30,39,2026-05-12
West Bengal,Bardhaman,52,,NR,38,85,120,122,118,106,48,58,234,184,158,145,188,135,60,312,28,12,25,44,NR,NR,37,NR,42,95,707,61,76,48,88,47,31,30,14,58,24,32,2026-05-12
West Bengal,Baruipur,44,,NR,40,81,130,113,120,95,47,56,NR,200,178,178,181,NR,57,268,28,14,26,20,NR,NR,39,NR,42,95,724,58,77,35,76,39,30,25,13,33,23,38,2026-05-12
West Bengal,Berhampore,46,,25,37,79,122,111,117,107,51,63,NR,181,146,170,189,160,55,273,24,13,22,47,NR,NR,39,NR,61,75,605,58,84,63,90,30,31,27,15,38,29,29,2026-05-12
West Bengal,Chinsurah,52,,NR,38,90,121,121,121,105,49,60,NR,183,137,140,173,NR,55,305,28,9,20,18,NR,NR,38,NR,53,81,617,58,73,40,90,40,35,26,15,51,24,44,2026-05-12
West Bengal,Cooch behar,NR,,NR,NR,NR,NR,NR,NR,NR,NR,NR,NR,NR,NR,NR,NR,NR,NR,NR,NR,NR,NR,NR,NR,NR,NR,NR,NR,NR,NR,NR,NR,NR,NR,NR,NR,NR,NR,NR,NR,NR,2026-05-12
West Bengal,Howrah,57,,NR,38,91,120,120,115,110,49,62,NR,189,191,170,199,NR,65,260,29,20,37,33,NR,NR,NR,NR,57,109,721,59,74,57,102,35,35,31,14,53,32,35,2026-05-12
West Bengal,Jalapiguri,NR,,NR,NR,NR,NR,NR,NR,NR,NR,NR,NR,NR,NR,NR,NR,NR,NR,NR,NR,NR,NR,NR,NR,NR,NR,NR,NR,NR,NR,NR,NR,NR,NR,NR,NR,NR,NR,NR,NR,NR,2026-05-12
West Bengal,Jhargram,41,,NR,39,87,125,123,119,109,48,57,NR,177,136,136,176,NR,56,289,28,11,25,25,NR,NR,36,NR,56,82,669,58,71,40,85,40,35,26,15,43,23,39,2026-05-12
West Bengal,Kalimpong,44,,34,35,79,152,122,117,97,46,69,NR,NR,126,137,170,NR,62,394,16,25,31,38,NR,NR,40,44,42,99,715,NR,91,58,101,70,50,31,19,46,NR,40,2026-05-12
West Bengal,Krishnagar,55,,NR,40,90,124,118,121,114,50,58,NR,193,NR,161,181,NR,65,360,29,14,21,27,NR,NR,38,NR,54,80,613,61,66,50,94,38,35,28,17,46,25,37,2026-05-12
West Bengal,Tamluk,39,,NR,36,88,121,119,120,122,49,57,NR,182,NR,158,187,NR,58,307,28,13,25,35,NR,NR,37,NR,60,80,718,57,82,53,92,47,31,29,14,40,32,43,2026-05-12
NORTH EAST ZONE,NORTH EAST ZONE,,,,,,,,,,,,,,,,,,,,,,,,,,,,,,,,,,,,,,,,,,2026-05-12
Andaman and Nicobar,Port Blair,57,,NR,60,95,133,130,120,100,54,72,NR,220,211,NR,187,167,78,330,23,48,50,110,50,55,60,77,83,130,747,58,96,117,97,42,44,33,16,75,60,60,2026-05-12
Andaman and Nicobar,Mayabunder,53,,NR,70,90,130,142,127,100,58,75,289,216,236,NR,194,183,77,360,20,60,50,100,NR,NR,62,90,83,140,754,57,120,80,97,45,36,37,15,40,85,85,2026-05-12
Andaman and Nicobar,Car Nicobar,54,,NR,71,122,154,155,131,101,55,73,279,NR,182,NR,170,148,78,323,20,40,50,70,NR,NR,70,64,82,119,930,60,108,NR,94,43,47,38,22,78,100,100,2026-05-12
Arunachal pradesh,Itanagar,39,,40,42,91,133,140,120,90,50,74,NR,209,155,155,205,NR,76,400,16,22,34,46,NR,NR,43,60,50,93,712,57,90,49,87,60,45,30,19,69,41,56,2026-05-12
Arunachal pradesh,Namsai,NR,,NR,NR,NR,NR,NR,NR,NR,NR,NR,NR,NR,NR,NR,NR,NR,NR,NR,NR,NR,NR,NR,NR,NR,NR,NR,NR,NR,NR,NR,NR,NR,NR,NR,NR,NR,NR,NR,NR,NR,2026-05-12
Arunachal pradesh,Pasighat,53,,NR,50,93,113,97,93,113,60,80,176,235,172,176,183,NR,90,400,20,23,50,70,NR,NR,50,NR,57,83,723,59,100,60,100,70,78,43,15,60,48,67,2026-05-12
Arunachal pradesh,Tawang,45,,45,45,100,143,140,138,98,58,72,NR,208,120,137,165,NR,100,343,20,48,48,50,NR,NR,42,NR,53,93,684,57,112,70,98,28,83,30,28,73,31,43,2026-05-12
Arunachal pradesh,Tezu,37,,NR,40,90,140,110,120,90,50,70,NR,143,NR,165,NR,NR,70,220,20,15,30,60,NR,NR,45,NR,70,100,802,59,84,60,80,40,40,30,20,40,20,42,2026-05-12
Assam,Guwahati,39,,33,41,76,113,95,97,83,49,70,216,199,188,170,203,165,60,220,13,17,28,50,NR,NR,45,NR,47,NR,NR,NR,93,51,NR,40,NR,22,19,76,25,44,2026-05-12
Assam,Barpeta,34,,41,38,79,106,96,96,79,50,74,197,210,139,159,195,163,55,155,10,13,24,28,50,43,43,97,52,83,736,63,83,40,83,34,33,27,18,58,22,27,2026-05-12
Assam,Tinsukia,33,,32,38,78,125,88,105,85,50,77,NR,209,198,209,198,NR,65,190,10,12,25,50,NR,NR,44,NR,44,95,791,58,84,50,80,44,35,30,20,40,21,40,2026-05-12
Assam,Dhubri,33,,NR,33,76,130,NR,107,81,48,75,NR,220,162,159,176,130,60,180,12,10,20,40,50,65,34,65,50,110,747,60,84,30,70,30,40,20,15,50,20,30,2026-05-12
Assam,Goalpara,40,,31,36,86,125,120,112,89,48,60,NR,NR,161,156,167,157,57,217,10,13,25,24,NR,NR,40,NR,56,98,758,61,84,40,94,39,31,31,18,59,22,35,2026-05-12
Assam,Golaghat,NR,,NR,NR,NR,NR,NR,NR,NR,NR,NR,NR,NR,NR,NR,NR,NR,NR,NR,NR,NR,NR,NR,NR,NR,NR,NR,NR,NR,NR,NR,NR,NR,NR,NR,NR,NR,NR,NR,NR,NR,2026-05-12
Assam,Mangaldai,45,,33,34,78,110,95,103,85,47,70,NR,190,145,141,160,175,60,260,11,15,25,30,NR,NR,35,NR,35,NR,NR,NR,82,20,NR,NR,NR,30,17,65,23,40,2026-05-12
Assam,Mushalpur,39,,36,34,90,115,95,111,90,49,74,NR,212,149,181,181,132,53,247,10,11,29,45,NR,NR,35,NR,52,81,824,61,85,40,93,29,NR,25,25,57,29,30,2026-05-12
Assam,Udalguri,38,,NR,38,84,117,96,112,88,49,75,NR,207,NR,160,188,145,58,272,10,11,21,41,NR,NR,39,NR,40,75,687,NR,76,37,80,42,NR,21,13,53,30,40,2026-05-12
Assam,Bajali,34,,33,40,88,118,102,113,90,47,77,164,209,NR,159,183,137,67,363,10,15,26,39,NR,NR,36,103,45,85,795,62,98,48,90,61,60,32,25,70,22,27,2026-05-12
Assam,Hojai,35,,NR,37,79,111,98,94,80,48,62,NR,196,148,144,176,154,67,248,11,12,25,30,NR,NR,39,NR,42,70,670,58,84,40,78,33,40,28,11,43,22,34,2026-05-12
Assam,Jorhat,40,,36,40,80,115,115,105,100,50,74,181,203,160,154,160,132,60,208,12,16,28,40,NR,NR,55,NR,54,78,714,NR,102,40,80,42,42,30,12,57,20,35,2026-05-12
Assam,Bongaigaon,43,,NR,35,83,118,97,110,90,47,70,NR,184,152,150,165,NR,60,322,10,14,24,35,NR,NR,37,NR,60,76,NR,NR,90,32,NR,40,NR,30,18,55,20,40,2026-05-12
Assam,Morigaon,40,,40,40,83,129,120,110,100,48,65,195,190,159,154,159,137,60,233,10,14,25,40,50,NR,40,NR,50,105,725,60,89,46,80,45,37,25,15,70,25,40,2026-05-12
Assam,Sonari,41,,43,42,100,122,NR,110,98,49,78,NR,207,NR,176,NR,NR,74,220,12,14,31,35,NR,NR,36,NR,60,92,NR,NR,85,45,80,43,42,30,15,54,18,35,2026-05-12
Assam,Tamulpur,36,,36,36,85,127,110,112,88,48,76,NR,195,152,147,NR,133,67,250,10,12,29,50,NR,NR,36,NR,41,77,710,NR,76,30,NR,NR,NR,28,12,40,28,38,2026-05-12
Assam,Sivasagar,45,,40,50,90,114,113,117,97,49,76,NR,203,203,161,194,150,60,253,11,12,22,42,33,63,55,NR,58,95,685,61,90,40,80,37,56,36,12,50,22,45,2026-05-12
Assam,Biswanath Chariali,36,,NR,41,92,121,NR,120,102,49,77,NR,146,NR,140,NR,NR,61,233,11,21,26,54,NR,NR,41,NR,45,120,NR,NR,80,40,90,50,40,30,20,70,20,27,2026-05-12
Assam,Dibrugarh,35,,NR,34,81,126,125,106,101,48,75,NR,197,153,190,204,NR,58,203,12,15,31,57,NR,NR,36,NR,55,87,760,58,84,53,77,46,44,32,13,58,20,38,2026-05-12
Assam,Karimganj,38,,NR,40,80,112,118,103,80,48,75,NR,203,NR,153,208,NR,70,238,14,20,29,58,NR,NR,40,NR,63,130,NR,58,84,55,NR,38,NR,26,15,50,25,40,2026-05-12
Assam,Majuli,34,,38,42,92,125,91,110,100,50,70,NR,187,NR,146,NR,NR,60,260,15,16,28,42,NR,NR,40,NR,42,120,NR,NR,84,40,70,45,NR,32,15,40,30,40,2026-05-12
Assam,Sonitpur Tezpur,37,,30,41,85,115,100,110,85,47,69,NR,203,NR,186,208,NR,49,310,10,18,27,42,NR,NR,40,NR,45,80,749,62,84,40,96,50,60,30,17,80,20,40,2026-05-12
Assam,Haflong,36,,NR,45,90,120,NR,115,90,50,75,NR,168,NR,132,168,NR,80,270,15,20,30,40,NR,NR,45,NR,45,90,758,58,90,40,100,40,40,25,18,80,16,40,2026-05-12
Assam,AS-Lakhimpur,39,,NR,38,81,112,102,110,92,49,73,NR,192,156,156,161,NR,58,193,15,14,27,38,NR,NR,40,NR,42,88,613,59,84,57,81,37,59,32,13,48,25,38,2026-05-12
Assam,Diphu,35,,NR,38,80,110,112,110,85,49,75,NR,200,NR,153,NR,121,90,243,13,16,27,35,40,45,37,63,70,82,718,62,90,29,80,45,35,30,15,65,20,40,2026-05-12
Assam,Nalbari,38,,NR,40,85,125,95,110,85,48,70,NR,198,145,165,187,126,55,297,10,12,25,50,NR,NR,40,NR,40,80,820,58,90,40,80,43,50,30,15,73,33,22,2026-05-12
Assam,South Salmara Mankachar,38,,39,38,80,123,NR,113,83,47,75,NR,212,174,163,183,132,64,233,12,27,30,28,82,86,42,NR,58,NR,805,59,82,37,73,45,50,40,19,55,NR,NR,2026-05-12
Assam,Kamrup,39,,NR,39,79,117,91,103,86,48,70,NR,209,NR,169,203,137,57,217,15,14,24,33,NR,NR,38,NR,45,78,NR,58,90,24,NR,41,40,28,15,55,25,24,2026-05-12
Manipur,Imphal,51,,45,43,93,133,128,122,93,54,NR,NR,219,200,205,209,198,100,262,25,25,31,63,55,63,45,NR,62,72,721,64,91,73,95,35,34,20,17,43,16,35,2026-05-12
Manipur,Chandel,NR,,NR,NR,NR,NR,NR,NR,NR,NR,NR,NR,NR,NR,NR,NR,NR,NR,NR,NR,NR,NR,NR,NR,NR,NR,NR,NR,NR,NR,NR,NR,NR,NR,NR,NR,NR,NR,NR,,,2026-05-12
Manipur,Jiribam,NR,,NR,NR,NR,NR,NR,NR,NR,NR,NR,NR,NR,NR,NR,NR,NR,NR,NR,NR,NR,NR,NR,NR,NR,NR,NR,NR,NR,NR,NR,NR,NR,NR,NR,NR,NR,NR,NR,NR,NR,2026-05-12
Manipur,Kangpokpi,53,,NR,45,100,147,NR,140,100,55,77,172,165,NR,176,176,143,NR,273,15,30,47,100,NR,NR,45,NR,40,97,753,60,96,NR,120,45,52,44,20,50,NR,NR,2026-05-12
Manipur,Senapati,NR,,NR,NR,NR,NR,NR,NR,NR,NR,NR,NR,NR,NR,NR,NR,NR,NR,NR,NR,NR,NR,NR,NR,NR,NR,NR,NR,NR,NR,NR,NR,NR,NR,NR,NR,NR,NR,NR,NR,NR,2026-05-12
Manipur,Tamenglong,NR,,NR,NR,NR,NR,NR,NR,NR,NR,NR,NR,NR,NR,NR,NR,NR,NR,NR,NR,NR,NR,NR,NR,NR,NR,NR,NR,NR,NR,NR,NR,NR,NR,NR,NR,NR,NR,NR,,,2026-05-12
Manipur,Thoubal,NR,,NR,NR,NR,NR,NR,NR,NR,NR,NR,NR,NR,NR,NR,NR,NR,NR,NR,NR,NR,NR,NR,NR,NR,NR,NR,NR,NR,NR,NR,NR,NR,NR,NR,NR,NR,NR,NR,NR,NR,2026-05-12
Manipur,Ukhrul,NR,,NR,NR,NR,NR,NR,NR,NR,NR,NR,NR,NR,NR,NR,NR,NR,NR,NR,NR,NR,NR,NR,NR,NR,NR,NR,NR,NR,NR,NR,NR,NR,NR,NR,NR,NR,NR,NR,NR,NR,2026-05-12
Manipur,Churachandpur,NR,,NR,NR,NR,NR,NR,NR,NR,NR,NR,NR,NR,NR,NR,NR,NR,NR,NR,NR,NR,NR,NR,NR,NR,NR,NR,NR,NR,NR,NR,NR,NR,NR,NR,NR,NR,NR,NR,NR,NR,2026-05-12
Manipur,Kakching,NR,,NR,NR,NR,NR,NR,NR,NR,NR,NR,NR,NR,NR,NR,NR,NR,NR,NR,NR,NR,NR,NR,NR,NR,NR,NR,NR,NR,NR,NR,NR,NR,NR,NR,NR,NR,NR,NR,NR,NR,2026-05-12
Meghalaya,Shillong,37,,40,39,90,130,130,120,88,49,77,NR,187,183,154,NR,NR,70,320,30,20,33,53,NR,NR,40,NR,40,103,791,60,94,60,80,47,55,28,22,87,28,57,2026-05-12
Meghalaya,Tura,36,,NR,40,90,140,NR,120,90,50,75,NR,191,NR,167,203,132,80,293,18,25,38,60,NR,NR,40,NR,60,89,692,59,84,60,80,40,53,27,20,70,30,40,2026-05-12
Meghalaya,Jowai,37,,39,39,90,NR,NR,120,87,50,77,NR,154,NR,154,NR,NR,80,360,15,20,33,50,NR,NR,39,NR,39,87,681,58,80,60,80,50,40,30,16,70,30,50,2026-05-12
Meghalaya,Sohra,NR,,NR,NR,NR,NR,NR,NR,NR,NR,NR,NR,NR,NR,NR,NR,NR,NR,NR,NR,NR,NR,NR,NR,NR,NR,NR,NR,NR,NR,NR,NR,NR,NR,NR,NR,NR,NR,NR,NR,NR,2026-05-12
Meghalaya,Mairang,39,,40,40,NR,NR,NR,120,90,50,75,NR,154,NR,154,NR,NR,NR,393,17,20,30,40,NR,NR,40,NR,40,98,NR,58,84,60,80,50,50,27,17,100,20,70,2026-05-12
Meghalaya,Nongpoh,35,,NR,39,90,145,NR,123,85,50,75,NR,154,NR,154,NR,NR,70,353,15,20,32,53,NR,NR,40,NR,43,98,703,60,96,60,83,50,57,33,20,73,27,57,2026-05-12
Meghalaya,Khliehriat,35,,39,39,93,128,NR,114,86,50,76,NR,152,NR,150,NR,NR,NR,313,30,20,30,38,NR,NR,39,NR,44,73,743,59,83,48,77,58,42,28,15,73,20,40,2026-05-12
Meghalaya,Williamnagar,35,,40,35,108,148,NR,118,88,50,70,NR,187,NR,161,NR,131,78,318,15,28,40,57,NR,NR,38,NR,62,87,747,57,84,68,80,40,70,20,20,80,20,45,2026-05-12
Meghalaya,Nongstoin,32,,41,41,NR,NR,NR,120,88,50,76,NR,154,NR,154,NR,NR,NR,360,15,19,37,57,NR,NR,43,NR,44,97,681,58,87,70,80,54,55,26,15,82,23,47,2026-05-12
Meghalaya,Mawkyrwat,35,,45,45,NR,NR,NR,120,85,50,75,NR,170,NR,165,NR,NR,NR,370,16,20,30,50,NR,NR,45,NR,45,98,703,60,90,80,95,50,40,40,20,77,35,53,2026-05-12
Mizoram,Aizawl,50,,42,50,107,153,130,133,93,55,80,271,260,256,161,244,152,100,520,30,47,50,75,NR,NR,50,NR,70,90,703,60,90,65,90,100,90,60,40,67,27,47,2026-05-12
Mizoram,Lunglei,50,,40,50,125,180,180,150,110,55,82,NR,240,209,121,201,132,100,486,30,40,45,90,NR,NR,50,NR,50,115,680,60,100,65,95,75,60,30,20,80,30,70,2026-05-12
Mizoram,Kolasib,50,,40,45,95,120,140,140,93,55,80,NR,242,NR,143,203,132,100,483,30,30,37,80,NR,40,45,NR,70,120,725,60,90,60,98,100,80,36,35,50,30,70,2026-05-12
Mizoram,Mamit,45,,NR,50,128,174,NR,128,98,53,80,165,NR,120,132,126,NR,140,434,30,30,53,100,NR,NR,45,NR,98,126,548,65,90,58,125,50,70,50,34,63,47,50,2026-05-12
Mizoram,Champhai,50,,50,52,100,133,147,140,107,55,80,NR,231,230,154,NR,NR,100,553,30,32,50,87,NR,NR,47,NR,100,160,745,60,96,50,97,103,80,42,20,77,25,73,2026-05-12
Mizoram,Serchhip,45,,NR,49,113,NR,NR,130,100,50,80,NR,264,NR,154,NR,143,100,520,30,30,50,60,NR,NR,55,NR,80,160,633,60,96,53,107,80,90,30,23,60,30,65,2026-05-12
Mizoram,Siaha,55,,NR,50,103,157,138,148,102,55,80,NR,253,219,143,NR,110,100,250,30,40,57,117,NR,NR,50,100,95,110,631,60,100,73,80,NR,60,60,40,88,30,70,2026-05-12
Mizoram,Lawngtlai,50,,45,50,100,160,140,140,100,50,80,NR,253,NR,143,NR,132,110,480,30,40,60,120,NR,NR,50,NR,80,140,660,60,100,80,100,NR,90,60,40,100,30,70,2026-05-12
Mizoram,Hnahthial,53,,45,50,NR,147,150,133,103,52,80,NR,257,NR,143,NR,NR,120,500,30,30,43,80,NR,NR,50,NR,90,140,659,60,96,65,93,NR,90,50,20,75,28,70,2026-05-12
Mizoram,Khawzawl,42,,40,50,93,135,135,130,95,50,82,NR,198,145,145,NR,132,137,472,30,42,52,83,NR,NR,50,NR,68,127,633,60,98,62,90,22,65,58,33,87,35,38,2026-05-12
Mizoram,Saitual,54,,45,50,107,NR,140,NR,100,55,80,NR,209,NR,157,NR,NR,120,513,30,32,47,80,NR,NR,50,NR,90,100,NR,58,95,80,100,NR,90,50,22,80,30,70,2026-05-12
Nagaland,Kohima,50,,45,45,103,150,130,130,90,55,77,NR,154,176,165,NR,NR,NR,350,20,25,40,60,NR,NR,45,NR,90,90,714,60,92,50,80,70,60,50,15,80,35,60,2026-05-12
Nagaland,Dimapur,NR,,NR,NR,NR,NR,NR,NR,NR,NR,NR,NR,NR,NR,NR,NR,NR,NR,NR,NR,NR,NR,NR,NR,NR,NR,NR,NR,NR,NR,NR,NR,NR,NR,NR,NR,NR,NR,NR,NR,NR,2026-05-12
Nagaland,Tuensang,37,,38,55,100,NR,NR,120,95,50,NR,NR,191,NR,200,NR,NR,NR,NR,20,25,50,50,NR,NR,50,NR,50,100,NR,58,92,42,100,35,90,50,30,60,35,70,2026-05-12
Nagaland,Mokochung,48,,NR,60,100,150,140,120,100,50,74,NR,154,170,154,NR,NR,75,340,15,20,40,50,NR,NR,60,NR,70,120,791,60,80,50,100,70,70,40,20,50,20,60,2026-05-12
Nagaland,Chumukedima,40,,NR,36,90,142,148,140,90,50,77,NR,255,198,187,198,NR,80,315,18,27,45,45,NR,NR,40,NR,85,125,650,70,115,47,90,NR,82,37,32,60,34,65,2026-05-12
Nagaland,Mon,40,,NR,60,100,NR,NR,125,100,60,70,NR,154,NR,165,NR,NR,80,340,18,20,40,50,NR,NR,60,NR,70,65,NR,60,80,50,NR,NR,65,45,20,50,20,50,2026-05-12
Nagaland,Peren,38,,45,45,90,NR,120,120,95,50,70,NR,154,NR,154,NR,NR,120,320,20,20,45,35,NR,NR,55,NR,70,113,651,60,96,38,80,40,70,47,20,85,27,40,2026-05-12
Nagaland,Phek,40,,50,50,100,150,140,130,100,50,72,NR,163,NR,165,NR,NR,80,350,20,NR,50,57,NR,NR,50,NR,100,100,630,68,NR,60,100,60,63,56,30,40,20,50,2026-05-12
Nagaland,Tseminyu,50,,NR,57,NR,NR,NR,137,97,55,70,NR,150,NR,152,NR,NR,NR,380,15,23,47,50,NR,NR,53,NR,80,90,714,60,87,50,NR,NR,90,42,19,NR,20,62,2026-05-12
Nagaland,Wokha,52,,NR,68,97,NR,NR,120,97,50,74,NR,158,NR,158,NR,NR,NR,300,15,30,40,40,NR,NR,70,NR,80,100,758,60,84,50,100,60,65,40,15,70,25,60,2026-05-12
Nagaland,Zunheboto,55,,NR,50,NR,163,NR,110,90,45,75,NR,142,NR,154,NR,NR,60,240,18,23,40,77,NR,NR,55,NR,75,NR,703,NR,82,60,120,30,70,40,25,60,33,58,2026-05-12
Nagaland,Kiphire,38,,NR,60,120,155,140,120,90,55,70,NR,154,NR,165,NR,NR,75,345,18,20,35,53,NR,NR,45,NR,85,95,648,65,85,58,90,80,75,55,15,40,20,70,2026-05-12
Nagaland,Longleng,38,,40,50,NR,150,NR,120,100,50,75,NR,163,NR,165,NR,NR,80,350,20,25,48,50,NR,NR,62,NR,72,120,720,60,96,70,120,40,75,50,17,50,30,75,2026-05-12
Nagaland,Niuland,38,,NR,45,NR,130,120,120,90,50,60,NR,143,NR,154,NR,NR,NR,320,15,20,30,45,NR,NR,40,NR,60,100,NR,65,84,30,NR,40,50,35,15,30,25,40,2026-05-12
Nagaland,Shamator,42,,50,60,110,150,NR,130,100,60,80,NR,165,NR,170,NR,NR,80,355,20,30,50,60,NR,NR,60,NR,65,120,692,60,108,50,100,NR,95,40,20,50,20,60,2026-05-12
Nagaland,Noklak,40,,50,63,120,NR,NR,140,100,55,80,NR,165,NR,165,NR,143,80,NR,20,25,50,50,NR,NR,60,NR,82,130,769,59,94,60,100,62,70,35,20,50,20,90,2026-05-12
Sikkim,Gangtok,45,,40,41,93,NR,NR,123,95,55,68,NR,209,143,137,198,NR,65,300,20,25,35,45,NR,NR,45,NR,60,110,769,58,96,60,100,49,53,30,23,60,30,50,2026-05-12
Sikkim,Gyalshing,45,,38,40,90,NR,NR,120,90,55,68,NR,209,143,170,192,NR,60,300,20,20,30,45,NR,NR,42,NR,65,110,640,58,84,60,100,50,45,25,23,65,20,50,2026-05-12
Sikkim,Namchi,45,,40,42,100,NR,NR,120,100,52,68,NR,220,154,143,192,NR,65,360,23,25,30,45,NR,NR,45,NR,80,120,681,58,80,70,90,50,53,30,20,70,20,50,2026-05-12
Sikkim,Soreng,45,,40,40,90,NR,NR,120,100,55,68,NR,220,142,165,NR,NR,60,190,20,25,30,50,NR,NR,40,40,70,110,714,62,96,80,100,35,40,20,20,70,20,50,2026-05-12
Sikkim,Mangan,45,,38,40,100,NR,NR,130,90,55,68,NR,220,154,170,NR,NR,60,460,20,25,30,50,NR,NR,40,NR,70,120,703,62,96,60,90,42,50,30,23,70,25,50,2026-05-12
Sikkim,Pakyong,45,,40,40,110,NR,NR,130,95,55,68,NR,209,148,165,187,NR,NR,300,24,20,30,50,NR,NR,45,NR,70,120,703,58,96,80,90,50,60,30,23,80,25,50,2026-05-12
Tripura,Agartala,37,,NR,40,79,123,119,90,130,49,79,NR,198,170,187,196,154,80,235,10,17,28,40,NR,NR,40,NR,50,80,747,65,88,50,93,47,37,29,15,70,30,29,2026-05-12
Tripura,Dharmanagar,38,,NR,42,83,124,117,97,130,50,75,NR,203,NR,189,NR,171,69,243,10,19,28,50,NR,NR,42,NR,48,90,710,62,88,38,92,45,42,27,14,75,26,36,2026-05-12
Tripura,Belonia,39,,NR,43,81,125,120,89,131,50,82,NR,199,NR,188,199,157,85,242,13,20,28,42,NR,NR,42,NR,52,82,747,65,90,52,95,48,40,32,17,88,30,30,2026-05-12
Tripura,TR-Udaipur,40,,NR,42,80,125,120,92,132,50,80,NR,200,171,189,198,156,82,236,10,20,30,45,NR,NR,45,NR,50,82,751,66,92,55,96,49,39,31,16,73,32,30,2026-05-12
Tripura,Ambassa,39,,NR,40,82,126,123,94,131,51,80,NR,201,175,190,198,157,82,242,10,19,30,42,NR,NR,40,NR,51,82,769,65,87,48,92,49,38,31,15,48,32,31,2026-05-12
SOUTH ZONE,SOUTH ZONE,,,,,,,,,,,,,,,,,,,,,,,,,,,,,,,,,,,,,,,,,,2026-05-12
Andhra Pradesh,Vijaywada,46,,44,47,78,140,123,104,90,47,60,200,156,142,NR,197,144,55,287,16,27,25,33,41,43,42,51,45,94,604,58,60,38,88,22,39,23,18,48,20,40,2026-05-12
Andhra Pradesh,Visakhapatnam,47,,42,43,82,121,125,111,83,48,58,192,193,152,NR,191,159,65,250,16,14,23,34,40,44,45,48,45,88,725,60,66,35,88,35,37,23,15,50,24,40,2026-05-12
Andhra Pradesh,Kurnool,50,,41,45,79,115,111,109,88,45,60,193,198,137,130,193,136,55,323,17,31,23,31,37,39,43,49,41,93,751,61,69,17,86,36,38,23,13,25,33,48,2026-05-12
Andhra Pradesh,Tirupathi,50,,44,45,83,108,105,109,90,43,58,172,183,134,168,162,124,61,308,20,32,32,27,39,43,41,43,45,87,641,55,71,44,85,24,40,20,17,48,31,33,2026-05-12
Andhra Pradesh,Jammalamadugu,NR,,NR,NR,NR,NR,NR,NR,NR,NR,NR,NR,NR,NR,NR,NR,NR,NR,NR,NR,NR,NR,NR,NR,NR,NR,NR,NR,NR,NR,NR,NR,NR,NR,NR,NR,NR,NR,NR,,,2026-05-12
Andhra Pradesh,Dharmavaram,NR,,NR,NR,NR,NR,NR,NR,NR,NR,NR,NR,NR,NR,NR,NR,NR,NR,NR,NR,NR,NR,NR,NR,NR,NR,NR,NR,NR,NR,NR,NR,NR,NR,NR,NR,NR,NR,NR,,,2026-05-12
Andhra Pradesh,Ongole,49,,43,45,82,119,117,109,88,46,58,180,180,142,NR,181,136,57,300,15,30,24,31,37,42,42,46,44,85,718,62,74,29,81,33,38,21,16,51,20,35,2026-05-12
Andhra Pradesh,Bapatla,48,,44,43,83,111,121,106,84,45,58,183,NR,NR,NR,181,137,52,287,15,31,21,30,33,42,41,45,43,90,763,59,65,31,82,30,35,22,16,50,22,31,2026-05-12
Andhra Pradesh,Rajahmundry,46,,44,45,76,118,106,106,85,44,60,196,209,136,NR,189,137,51,205,16,20,20,36,40,42,43,46,44,90,575,60,72,36,84,41,31,23,12,32,21,38,2026-05-12
Andhra Pradesh,Eluru,45,,41,43,74,118,101,107,86,44,60,192,213,139,164,191,141,54,207,19,26,25,39,39,44,39,50,44,86,813,58,62,42,79,30,30,23,16,30,25,43,2026-05-12
Andhra Pradesh,Guntur,44,,43,45,80,110,115,110,85,45,52,187,187,126,NR,181,137,50,195,11,23,23,22,35,35,40,40,40,77,552,48,60,30,58,NR,30,16,13,29,18,34,2026-05-12
Andhra Pradesh,Amalapuram,45,,44,45,84,115,110,109,85,46,60,187,195,137,148,198,138,55,292,19,35,28,20,32,32,45,47,47,85,679,60,68,48,86,35,37,25,19,48,25,25,2026-05-12
Andhra Pradesh,Nandyala,54,,44,39,78,116,107,108,92,44,61,197,216,146,154,191,147,57,277,15,31,19,27,33,38,39,51,42,83,743,64,71,31,85,43,38,30,18,26,16,40,2026-05-12
Andhra Pradesh,Parvathipuram,48,,44,43,85,114,115,105,87,47,60,191,195,141,NR,183,133,58,274,20,18,22,32,40,43,44,45,45,87,758,59,68,28,85,34,36,19,18,40,32,34,2026-05-12
Andhra Pradesh,Sri Sathya Sai,45,,42,41,75,108,104,102,83,44,60,188,197,137,156,177,137,55,320,15,30,20,29,35,41,41,47,43,88,672,58,75,30,83,26,35,20,16,52,25,33,2026-05-12
Andhra Pradesh,Nellore,49,,40,43,78,115,115,107,89,45,58,186,203,143,NR,192,151,55,260,18,30,25,23,35,40,45,49,43,80,815,60,67,29,81,35,37,21,16,35,20,30,2026-05-12
Andhra Pradesh,Srikakulam,46,,38,45,80,120,118,107,80,44,56,194,197,135,155,169,132,58,331,11,20,26,30,NR,NR,44,49,50,81,673,55,84,37,89,34,39,18,17,55,20,30,2026-05-12
Andhra Pradesh,Vizianagaram,46,,42,42,80,110,110,103,86,44,60,179,191,132,NR,182,125,55,275,19,19,20,23,37,40,43,42,41,80,659,60,63,34,80,29,31,21,16,32,20,38,2026-05-12
Andhra Pradesh,Anakapalli,55,,40,42,80,120,125,107,85,49,69,201,209,148,NR,203,145,52,247,19,15,30,41,40,41,40,40,40,113,714,62,72,35,76,34,33,22,17,45,20,29,2026-05-12
Andhra Pradesh,Bhimavaram,50,,40,41,83,120,111,105,86,45,60,196,203,146,148,191,133,55,285,19,28,24,37,32,38,44,45,44,88,791,54,67,36,88,38,38,19,17,35,26,36,2026-05-12
Andhra Pradesh,Chittoor,49,,43,47,84,105,108,109,95,46,54,181,198,154,NR,170,132,60,345,15,32,18,26,36,37,50,50,55,110,677,65,75,35,83,29,30,19,15,42,37,47,2026-05-12
Andhra Pradesh,Kakinada,47,,42,42,79,117,113,107,87,44,63,194,212,144,NR,194,139,55,293,18,25,25,24,36,40,42,44,44,91,640,63,67,39,84,33,37,21,15,49,19,31,2026-05-12
Andhra Pradesh,Machilipatnam,50,,43,45,84,115,100,107,88,44,63,169,179,133,168,169,114,50,338,15,23,18,31,32,43,44,42,44,90,NR,61,58,35,85,31,28,17,12,24,35,36,2026-05-12
Andhra Pradesh,Narasaraopeta,45,,44,44,83,102,104,104,84,44,63,160,189,154,161,170,120,50,266,17,33,20,37,34,44,42,43,43,92,772,49,71,34,82,33,33,18,18,50,25,41,2026-05-12
Andhra Pradesh,Paderu,55,,40,45,83,120,112,107,85,50,60,194,194,150,NR,198,126,50,300,19,30,25,42,NR,NR,40,47,42,90,674,60,72,35,62,33,34,19,13,52,20,32,2026-05-12
Andhra Pradesh,Rayachoti,NR,,NR,NR,NR,NR,NR,NR,NR,NR,NR,NR,NR,NR,NR,NR,NR,NR,NR,NR,NR,NR,NR,NR,NR,NR,NR,NR,NR,NR,NR,NR,NR,NR,NR,NR,NR,NR,NR,NR,NR,2026-05-12
Andhra Pradesh,Anantapuramu,NR,,NR,NR,NR,NR,NR,NR,NR,NR,NR,NR,NR,NR,NR,NR,NR,NR,NR,NR,NR,NR,NR,NR,NR,NR,NR,NR,NR,NR,NR,NR,NR,NR,NR,NR,NR,NR,NR,NR,NR,2026-05-12
Andhra Pradesh,YSR Kadapa,48,,42,41,81,104,102,107,87,44,61,174,189,145,164,179,125,56,301,19,30,25,27,38,40,42,48,42,91,743,62,69,30,83,29,36,20,17,39,28,30,2026-05-12
Karnataka,Bengaluru,48,,41,43,76,105,112,103,86,48,51,186,209,141,152,186,153,61,250,16,26,26,37,39,41,41,50,45,92,769,59,67,39,77,39,35,28,15,32,25,30,2026-05-12
Karnataka,Dharwad,44,,42,44,78,120,118,104,86,43,54,182,174,135,143,174,146,44,268,26,26,25,33,48,45,46,53,46,88,769,55,74,50,78,30,43,33,15,34,28,38,2026-05-12
Karnataka,Mangalore,52,,43,44,83,122,129,111,88,43,55,209,199,153,170,188,146,53,198,14,31,24,32,39,55,44,47,47,88,764,59,81,47,83,34,36,25,17,62,21,42,2026-05-12
Karnataka,Mysore,49,,45,54,75,117,117,108,90,44,48,209,213,190,170,190,156,56,360,22,25,24,46,47,51,41,52,40,66,717,59,73,45,107,40,35,32,19,72,30,43,2026-05-12
Karnataka,Bengaluru (East Range),48,,45,41,90,129,118,117,88,47,50,196,223,140,161,195,165,62,262,18,32,27,38,48,48,44,52,45,92,751,60,85,47,82,32,42,24,18,50,25,33,2026-05-12
Karnataka,Belagavi,46,,41,43,80,114,118,104,86,45,54,203,182,138,181,198,151,46,258,16,24,23,26,50,51,41,44,43,81,769,54,83,41,80,29,59,20,14,37,26,25,2026-05-12
Karnataka,Kalaburagi,52,,44,44,85,125,120,118,90,45,53,181,167,163,131,187,147,55,206,17,25,10,41,40,41,40,49,45,91,714,60,56,45,69,34,60,25,15,50,20,25,2026-05-12
Karnataka,Tumakuru,53,,45,41,85,123,130,110,108,45,55,204,216,145,160,190,143,50,232,21,25,25,45,47,53,46,50,45,77,732,59,81,30,85,29,42,23,17,50,30,40,2026-05-12
Karnataka,Bellary,50,,44,42,87,126,120,108,88,44,54,214,203,149,150,180,161,53,308,24,24,15,37,38,40,40,47,43,97,740,56,63,22,77,28,34,26,18,50,28,26,2026-05-12
Karnataka,Dhavanagere,52,,44,50,81,114,115,110,86,46,53,201,208,133,148,192,159,55,297,27,24,20,40,41,55,43,55,45,87,765,55,72,41,71,37,42,22,16,26,18,27,2026-05-12
Karnataka,Shivamogga,54,,41,46,93,131,128,123,122,44,54,204,202,150,148,200,148,50,238,24,21,19,21,48,52,47,49,52,98,745,59,77,23,86,32,40,28,15,32,19,21,2026-05-12
Karnataka,Vijayapur,52,,41,44,85,120,122,120,84,42,54,233,227,156,192,198,139,49,243,14,27,20,32,36,41,42,55,44,85,769,63,87,60,90,43,43,38,12,48,22,40,2026-05-12
Karnataka,Ramanagara,41,,43,44,87,114,118,105,90,44,48,177,214,133,142,180,147,50,193,15,28,29,40,45,44,47,42,43,90,745,62,79,40,90,33,50,21,15,50,27,32,2026-05-12
Karnataka,Raichur,51,,43,43,80,110,122,105,84,44,60,201,199,175,171,185,126,55,216,15,20,18,24,47,49,45,45,45,94,721,52,80,48,92,40,48,39,17,43,20,27,2026-05-12
Karnataka,Chamarajanagar,53,,42,46,82,122,117,107,98,43,48,217,209,148,122,189,139,41,190,18,27,26,42,47,56,56,48,56,91,714,57,67,40,94,37,73,43,19,69,32,43,2026-05-12
Karnataka,Kolar,45,,41,42,88,122,120,120,96,43,52,216,209,163,169,196,151,53,259,13,26,21,30,42,42,48,43,45,100,713,60,73,34,80,33,42,34,15,40,20,38,2026-05-12
Karnataka,Haveri,50,,42,45,85,120,120,120,90,NR,NR,187,176,165,187,192,137,NR,NR,NR,25,25,45,42,55,40,45,40,80,705,60,72,40,80,30,40,30,15,35,30,30,2026-05-12
Karnataka,Bagalkot,46,,44,44,84,114,103,118,95,44,53,194,178,126,152,140,126,47,245,20,31,27,28,52,46,39,52,43,76,756,58,80,48,58,27,37,35,23,58,26,27,2026-05-12
Karnataka,Bidar,59,,41,41,79,118,117,108,82,43,53,191,187,132,168,182,162,58,267,11,27,19,29,39,39,39,57,39,78,701,61,83,53,83,29,39,29,19,53,21,37,2026-05-12
Karnataka,Koppal,44,,43,43,88,115,120,111,93,45,54,188,176,138,153,181,154,45,235,15,35,15,20,35,43,42,46,43,92,704,58,80,32,90,35,35,24,15,49,25,25,2026-05-12
Karnataka,Mandya,45,,41,45,83,111,129,120,97,44,52,215,231,144,170,187,155,57,251,15,25,17,40,40,46,44,47,43,95,714,56,78,30,81,29,38,29,15,40,20,20,2026-05-12
Karnataka,Yadgir,47,,47,47,82,117,122,107,87,45,56,198,187,165,154,187,142,49,196,16,30,20,30,43,51,45,45,44,95,769,57,62,43,66,30,37,27,24,48,24,44,2026-05-12
Karnataka,Chikkamagalur,47,,41,45,85,117,123,111,89,45,54,182,201,153,155,168,134,51,203,16,26,21,39,45,46,47,48,46,95,715,61,82,57,87,36,43,24,16,43,31,34,2026-05-12
Karnataka,Bangalore Rural,46,,43,53,88,120,122,107,87,46,50,212,181,129,152,179,134,56,254,17,25,20,40,49,45,48,45,52,98,718,57,72,25,81,36,50,24,20,25,21,36,2026-05-12
Karnataka,Chikkaballapur,49,,46,44,82,112,118,117,88,44,51,229,209,145,170,198,154,54,288,15,29,24,28,40,42,45,43,44,97,740,59,76,28,87,30,41,21,15,31,31,43,2026-05-12
Karnataka,Chitradurga,54,,44,50,86,123,120,118,90,46,53,211,213,143,156,195,154,60,293,26,30,12,38,45,51,42,55,46,88,731,55,76,45,65,36,47,22,16,60,20,40,2026-05-12
Karnataka,Gadag,51,,43,45,79,118,124,106,88,44,53,208,184,133,135,156,143,46,236,19,31,21,32,37,42,40,48,43,88,711,60,72,68,87,38,37,39,19,28,24,32,2026-05-12
Karnataka,Hassan,50,,45,51,89,128,129,110,96,46,54,223,199,151,153,195,159,59,239,25,21,18,52,42,44,50,47,50,96,727,60,86,36,79,41,35,28,13,36,18,29,2026-05-12
Karnataka,Kodagu,49,,43,46,87,117,119,113,91,46,54,201,188,145,150,177,142,55,249,19,27,23,56,38,43,47,47,47,95,752,55,69,45,78,29,37,24,16,57,21,39,2026-05-12
Karnataka,Udupi,47,,46,51,96,117,113,114,97,46,49,201,210,164,180,169,175,51,224,22,30,26,33,45,43,46,46,47,92,704,62,77,45,83,38,59,34,22,61,33,33,2026-05-12
Karnataka,Uttara Kannada,47,,48,44,96,126,130,120,95,47,48,226,196,175,179,198,144,55,280,20,30,29,43,45,48,42,52,44,99,769,58,71,55,90,38,40,39,20,41,25,40,2026-05-12
Karnataka,Vijayanagara,51,,44,43,81,119,123,116,95,43,51,196,198,139,NR,187,137,48,221,15,25,17,24,34,51,46,51,45,100,729,59,62,30,86,36,34,30,14,46,19,27,2026-05-12
Kerala,T.Puram,56,,42,44,95,135,134,125,90,47,52,286,220,198,144,198,143,73,260,14,33,27,58,48,55,48,54,49,95,NR,61,72,48,90,32,45,27,17,40,20,50,2026-05-12
Kerala,Ernakulam,50,,40,43,100,138,130,132,92,48,56,233,231,196,NR,200,170,65,232,15,33,30,50,45,60,48,60,NR,105,786,65,78,47,80,50,41,29,16,50,45,45,2026-05-12
Kerala,Kozhikode,48,,50,45,103,140,140,130,100,46,53,NR,220,165,NR,200,175,62,250,15,24,25,40,NR,NR,43,56,47,107,725,NR,78,50,84,43,35,26,15,45,30,46,2026-05-12
Kerala,Thrissur,56,,48,48,95,141,133,135,86,47,54,NR,255,209,NR,204,172,68,271,18,34,33,54,53,57,49,56,57,116,738,57,78,50,82,37,49,25,15,53,22,44,2026-05-12
Kerala,Palakkad,42,,48,44,87,128,119,118,84,46,50,234,214,192,NR,191,168,55,225,12,31,24,37,53,50,48,49,49,87,707,58,74,38,84,46,43,30,15,48,36,40,2026-05-12
Kerala,Wayanad,49,,50,48,106,142,140,142,106,45,52,NR,243,213,NR,211,200,61,235,15,30,24,47,NR,NR,48,70,49,118,782,61,79,41,84,43,50,29,18,46,31,54,2026-05-12
Kerala,Kasargod,50,,50,60,109,140,142,133,105,44,62,NR,NR,214,NR,196,157,61,273,15,25,22,40,NR,NR,45,59,47,107,780,56,75,39,78,40,40,39,17,52,28,41,2026-05-12
Kerala,Kottayam,56,,44,51,100,137,119,105,95,47,56,NR,226,201,NR,196,163,67,239,16,32,21,49,NR,NR,52,55,52,112,727,61,74,49,82,45,40,34,15,45,35,45,2026-05-12
Kerala,Pathanamthitta,56,,41,46,107,126,128,135,93,47,53,NR,231,214,NR,206,187,76,260,15,36,27,67,NR,NR,51,57,NR,140,725,58,77,60,80,42,45,44,18,60,40,48,2026-05-12
Kerala,Alapuzha,50,,49,71,117,147,133,NR,123,46,52,NR,NR,193,NR,194,167,67,238,15,38,24,54,NR,NR,51,65,75,NR,736,62,81,61,83,42,45,28,17,48,31,44,2026-05-12
Kerala,Kollam,49,,45,44,95,128,128,127,90,47,52,NR,240,188,NR,200,175,65,228,15,37,27,55,60,55,47,57,53,92,673,61,77,58,107,46,41,20,15,50,40,40,2026-05-12
Kerala,Idukki,57,,45,45,95,133,NR,120,88,45,60,NR,217,208,NR,202,174,68,230,14,40,28,60,NR,NR,48,58,45,100,762,58,79,58,80,40,40,29,17,45,38,42,2026-05-12
Kerala,Kannur,52,,49,47,107,141,137,140,101,44,56,NR,NR,208,NR,196,157,63,273,18,30,24,40,45,45,47,52,48,117,NR,58,71,49,81,47,41,33,19,45,23,45,2026-05-12
Kerala,Malapuram,50,,50,44,90,132,133,120,100,45,56,270,233,195,NR,203,156,59,NR,13,30,25,43,50,50,46,52,47,103,747,59,78,47,80,41,37,27,14,50,42,55,2026-05-12
Puducherry,Puducherry,44,,52,58,85,131,124,120,101,46,50,209,224,166,126,188,156,64,525,25,36,32,23,42,55,45,55,68,120,923,66,65,54,90,34,37,22,15,69,25,31,2026-05-12
Tamil Nadu,Chennai,58,,44,41,77,122,118,108,86,46,40,207,227,165,NR,191,164,68,293,27,30,27,30,41,50,48,52,49,88,916,61,78,60,84,43,38,28,14,50,47,40,2026-05-12
Tamil Nadu,Madurai,58,,47,68,77,126,124,108,92,47,45,209,206,194,NR,197,171,64,263,30,31,27,35,34,37,59,53,51,117,759,67,80,31,87,37,43,26,14,42,23,37,2026-05-12
Tamil Nadu,Dindigul,NR,,NR,NR,NR,NR,NR,NR,NR,NR,NR,NR,NR,NR,NR,NR,NR,NR,NR,NR,NR,NR,NR,NR,NR,NR,NR,NR,NR,NR,NR,NR,NR,NR,NR,NR,NR,NR,NR,NR,NR,2026-05-12
Tamil Nadu,Thiruchirapalli,60,,49,53,98,139,132,127,99,49,47,227,NR,186,NR,192,149,69,305,30,29,25,35,41,55,55,54,55,104,795,69,71,40,95,44,36,35,16,50,30,41,2026-05-12
Tamil Nadu,Coimbatore,53,,43,44,81,126,121,113,78,45,40,232,192,167,NR,191,163,58,267,27,38,25,36,37,51,49,51,54,105,797,60,75,45,85,43,37,28,14,47,30,44,2026-05-12
Tamil Nadu,Tirunelveli,47,,52,54,89,122,123,108,82,44,44,236,209,177,NR,185,147,52,267,26,23,27,33,40,45,52,51,52,105,782,70,72,37,82,32,33,25,13,42,32,33,2026-05-12
Tamil Nadu,Cuddalore,54,,49,45,86,135,130,121,96,45,50,187,198,182,NR,192,139,60,293,27,30,28,27,35,52,48,50,50,101,691,58,72,37,83,39,33,26,13,41,20,37,2026-05-12
Tamil Nadu,Dharmapuri,54,,44,42,76,133,125,106,80,45,43,217,NR,143,NR,192,153,52,275,26,30,28,30,41,48,48,48,49,110,690,72,73,30,78,40,33,25,14,40,32,43,2026-05-12
Tamil Nadu,Vellore,60,,45,48,93,139,124,117,86,44,40,209,228,168,NR,192,158,60,NR,28,28,23,33,43,55,44,54,53,106,769,60,77,42,91,41,37,29,14,62,38,37,2026-05-12
Tamil Nadu,Ramanathapuram,61,,41,68,76,121,121,104,95,46,44,232,NR,177,NR,194,166,55,281,31,40,31,51,41,51,49,51,56,117,773,74,72,50,83,45,33,29,13,50,35,34,2026-05-12
Tamil Nadu,Erode,52,,48,43,85,119,122,108,84,45,44,221,222,174,NR,193,171,55,440,27,39,29,36,38,52,52,56,58,105,762,64,75,42,82,42,32,26,14,26,25,36,2026-05-12
Tamil Nadu,Karur,54,,53,67,84,129,128,112,90,45,47,236,211,175,NR,188,145,62,297,17,32,32,48,40,46,56,52,57,104,725,65,74,43,95,39,43,28,22,65,35,39,2026-05-12
Tamil Nadu,Perambalur,49,,NR,67,92,131,130,111,87,46,43,204,211,180,NR,200,169,56,NR,29,27,28,36,42,60,55,50,56,111,747,58,68,30,88,35,38,26,14,48,30,42,2026-05-12
Tamil Nadu,Pudukkottai,55,,45,66,83,127,130,118,NR,47,40,258,NR,179,NR,192,152,58,698,28,40,25,40,41,53,51,54,52,108,863,64,72,30,97,43,38,27,14,60,40,40,2026-05-12
Tamil Nadu,Sivagangai,51,,45,68,93,132,130,121,94,47,44,252,NR,219,NR,196,170,55,292,29,50,30,43,39,56,58,55,61,110,761,85,72,43,83,45,37,27,15,53,43,28,2026-05-12
Tamil Nadu,Thanjavur,53,,47,50,92,135,127,120,100,46,44,232,236,178,NR,195,155,51,300,27,29,29,33,41,50,48,51,48,124,894,77,78,47,90,39,39,28,14,52,28,36,2026-05-12
Tamil Nadu,The nilgiris,57,,49,52,99,140,139,135,93,48,54,240,238,165,NR,198,154,65,203,29,43,28,45,47,50,52,52,53,84,808,71,75,45,95,27,72,39,30,47,28,35,2026-05-12
Tamil Nadu,Thoothukudi,50,,43,65,81,121,125,110,90,46,46,220,219,181,NR,195,165,55,320,10,30,25,30,35,50,60,55,62,113,868,61,78,35,87,43,36,27,13,45,35,37,2026-05-12
Tamil Nadu,Viluppuram,51,,47,44,84,130,110,111,88,46,48,198,203,169,NR,191,167,60,NR,28,30,27,30,35,50,45,50,48,90,835,68,75,30,86,45,34,31,12,38,40,42,2026-05-12
Tamil Nadu,Virudhunagar,58,,46,66,84,125,121,109,78,47,45,238,233,183,NR,197,172,59,293,28,37,32,51,37,53,53,55,53,107,729,57,61,32,81,41,32,15,13,62,23,24,2026-05-12
Tamil Nadu,Kanniyakumari,60,,37,53,80,123,124,107,76,45,41,220,220,179,NR,196,159,57,258,25,25,24,40,32,39,37,52,40,103,769,60,72,40,82,35,28,23,13,35,35,35,2026-05-12
Tamil Nadu,Namakkal,63,,47,61,90,130,130,118,90,45,44,198,215,167,NR,195,158,56,NR,26,35,27,37,41,40,51,49,47,113,664,71,70,40,79,44,39,31,12,60,38,60,2026-05-12
Tamil Nadu,Tiruvannamalai,53,,45,48,85,139,128,118,88,46,43,227,201,172,NR,190,157,60,310,28,32,22,34,44,58,47,51,56,113,839,62,72,44,89,39,47,29,13,48,24,36,2026-05-12
Tamil Nadu,Tiruvarur,62,,48,65,89,119,119,119,NR,44,44,242,186,185,NR,162,140,53,NR,20,35,33,37,46,51,48,51,62,122,714,65,60,40,90,39,49,18,20,45,24,25,2026-05-12
Tamil Nadu,Tiruppur,58,,48,54,101,143,135,121,81,47,43,230,223,168,NR,191,159,60,265,28,29,26,43,44,52,60,55,60,94,725,60,75,28,83,47,41,22,18,57,24,22,2026-05-12
Tamil Nadu,Tenkasi,56,,46,59,78,118,119,111,NR,45,46,233,NR,166,NR,182,162,60,275,30,30,30,40,36,52,56,58,55,98,795,64,78,40,88,41,41,26,13,49,30,40,2026-05-12
Tamil Nadu,Nagapattinam,52,,49,67,96,129,128,123,101,47,44,231,240,178,NR,193,156,56,NR,25,31,25,35,48,50,49,53,51,117,875,64,72,50,94,39,50,34,15,57,24,32,2026-05-12
Tamil Nadu,Krishnagiri,55,,46,41,86,130,129,116,89,45,44,208,202,155,NR,192,157,59,315,28,29,24,30,38,40,43,48,45,100,615,50,78,36,96,26,40,29,12,53,19,37,2026-05-12
Tamil Nadu,Ariyalur,53,,NR,65,90,128,125,107,90,47,44,231,209,172,NR,187,163,60,293,26,40,40,50,45,45,52,55,52,108,835,65,75,38,90,36,49,24,14,52,25,36,2026-05-12
Tamil Nadu,Kallakurichi,48,,49,67,85,128,113,115,87,46,45,236,218,174,NR,197,158,58,NR,28,35,23,33,40,50,49,48,47,103,883,74,71,27,87,45,35,30,14,40,37,44,2026-05-12
Tamil Nadu,Kancheepuram,55,,51,66,87,136,128,120,97,45,44,211,203,183,NR,192,154,70,NR,28,35,25,40,42,56,52,53,54,102,784,53,78,40,91,43,39,29,14,45,34,35,2026-05-12
Tamil Nadu,Salem,55,,48,48,95,128,121,133,99,44,45,212,NR,176,NR,174,152,48,280,NR,39,29,49,45,53,45,55,48,83,714,70,68,43,83,42,38,25,16,45,27,32,2026-05-12
Tamil Nadu,Theni,58,,45,61,79,131,125,109,85,44,45,223,220,161,NR,175,146,55,284,27,30,29,39,40,58,52,57,52,93,791,70,72,40,91,39,32,26,12,49,26,37,2026-05-12
Tamil Nadu,Chengalpattu,56,,47,56,96,124,121,126,90,46,44,210,204,175,NR,164,139,64,NR,28,32,32,47,41,49,51,47,53,113,784,52,73,47,85,31,40,19,13,43,19,30,2026-05-12
Tamil Nadu,Mayiladuthurai,60,,50,65,98,137,117,113,NR,45,45,201,203,198,NR,194,146,60,340,27,30,27,42,45,45,46,50,63,113,857,70,78,40,92,35,42,25,14,60,22,35,2026-05-12
Tamil Nadu,Ranipet,NR,,NR,NR,NR,NR,NR,NR,NR,NR,NR,NR,NR,NR,NR,NR,NR,NR,NR,NR,NR,NR,NR,NR,NR,NR,NR,NR,NR,NR,NR,NR,NR,NR,NR,NR,NR,NR,NR,NR,NR,2026-05-12
Tamil Nadu,Tirupattur,49,,43,47,85,121,119,119,89,43,40,212,236,171,NR,192,144,55,310,29,32,28,28,32,36,41,36,46,92,769,64,68,32,86,35,37,24,15,55,30,38,2026-05-12
Tamil Nadu,Tiruvallur,55,,44,66,86,128,121,119,90,44,40,208,208,169,NR,192,156,63,298,27,35,29,35,36,60,59,52,59,98,754,60,78,49,80,31,41,21,13,49,39,36,2026-05-12
Telangana,Hyderabad,50,,44,42,80,110,110,104,85,43,68,190,203,148,181,192,148,62,250,20,25,21,38,35,64,44,51,44,90,604,58,53,40,81,45,31,23,15,50,25,41,2026-05-12
Telangana,Karimnagar,48,,39,50,76,115,120,107,84,44,60,192,203,153,NR,195,153,56,298,25,23,22,36,46,45,40,54,42,86,637,58,70,44,104,37,34,24,16,39,21,31,2026-05-12
Telangana,Warangal,54,,42,49,84,122,121,106,87,44,60,194,203,143,153,198,144,56,275,18,27,24,26,37,41,40,54,41,85,560,60,65,36,117,45,35,24,13,35,25,38,2026-05-12
Telangana,Adilabad,60,,44,45,93,121,115,116,93,45,71,189,184,178,180,185,146,62,290,25,27,21,32,34,43,42,47,37,79,732,57,72,47,100,47,38,23,15,42,22,41,2026-05-12
Telangana,Suryapet,46,,42,45,85,120,119,109,97,44,65,190,183,179,182,194,141,63,265,20,24,24,36,37,57,41,47,36,87,590,60,65,40,100,46,38,23,15,46,26,45,2026-05-12
Telangana,Jadcherla,52,,38,48,85,118,123,113,90,44,60,190,159,148,143,187,143,55,292,18,37,19,24,33,40,39,53,41,82,527,53,68,31,90,43,37,22,15,34,25,42,2026-05-12
Telangana,Khammam,57,,47,50,89,125,128,117,95,43,66,183,166,126,161,183,142,53,297,20,32,24,22,35,46,35,51,34,87,517,58,69,30,102,43,43,23,16,42,25,42,2026-05-12
Telangana,Medchal,44,,45,47,75,131,128,114,78,45,64,190,216,155,159,198,145,50,250,20,27,20,25,40,44,44,53,44,90,538,61,78,35,115,43,35,26,17,45,36,40,2026-05-12
Telangana,Nizamabad,50,,42,44,80,123,123,111,85,46,60,202,202,199,170,194,141,58,249,23,31,23,37,38,49,42,47,41,82,625,65,72,36,102,45,34,25,19,43,30,40,2026-05-12
Telangana,Sangareddy,59,,48,52,82,123,123,110,92,45,64,187,189,139,NR,193,137,60,412,25,33,22,24,37,58,51,55,48,95,659,59,65,40,104,43,39,24,16,56,24,48,2026-05-12
Telangana,Kothagudem,49,,44,49,91,130,123,124,92,47,68,185,NR,142,NR,198,140,58,348,31,35,21,34,43,55,45,55,55,95,744,58,69,41,87,39,30,23,12,42,27,43,2026-05-12
Ladakh,Leh,50,,NR,NR,140,182,150,127,130,50,60,NR,242,NR,NR,NR,NR,80,640,30,50,50,82,NR,NR,68,NR,44,122,677,58,74,63,103,37,61,39,18,90,50,50,2026-05-12
Ladakh,Kargil,45,,NR,40,127,135,115,NR,90,48,66,NR,159,160,159,NR,NR,47,650,28,40,40,74,60,NR,50,NR,45,100,677,64,84,60,100,80,80,53,21,95,60,60,2026-05-12
Commodity Name,Commodity Name,Rice,Rice,Wheat,Atta (Wheat),Gram Dal,Tur/Arhar Dal,Urad Dal,Moong Dal,Masoor Dal,Sugar,Milk @,Groundnut Oil (Packed),Mustard Oil (Packed),Vanaspati (Packed),Soya Oil (Packed),Sunflower Oil (Packed),Palm Oil (Packed),Gur,Tea Loose,Salt Pack (Iodised),Potato,Onion,Tomato,Bajra(whole),Jowar(whole),Maida(wheat),Ragi(whole),Suji(whole),Besan,Desi Ghee,Butter(Pasteurised),Eggs,Brinjal,Black Pepper(whole),Coriander(whole),Cummin Seed(whole),Red Chillies(whole),Turmeric(powder),Banana,GInger,Garlic,2026-05-12
Average Price1,Average Price1,43.15,,30.85,36.73,85.1,122.45,118.03,111.36,89.78,46.57,59.86,200.9,189.01,161.2,159.3,185.56,144.31,57.9,274.62,21.72,20.86,25.36,34.85,37.77,43.96,41.86,54.86,46.84,95.54,685.94,59.09,78.92,40.17,87.48,38.76,41.01,28.68,16.48,48.04,26.64,36.88,2026-05-12
Maximum Price1,Maximum Price1,63,,53,71,140,182,180,150,132,60,82,289,264,256,218,244,200,140,698,41,60,60,120,82,86,70,103,100,160,930,85,120,117,130,103,95,60,40,100,100,100,2026-05-12
Minimum Price1,Minimum Price1,27,,22,28,65,90,88,81,69,40,40,156,142,119,121,126,100,35,155,10,5,10,10,15,22,30,31,31,65,507,45,49,17,58,21,26,15,10,24,14,16,2026-05-12
Modal Price1,Modal Price1,40,,27,35,80,120,120,110,90,45,60,198,203,148,154,187,132,55,260,28,20,25,30,40,40,40,55,40,90,769,60,84,40,80,40,40,30,15,40,20,40,2026-05-12
,,,,,,,,,,,,,,,,,,,,,,,,,,,,,,,,,,,,,,,,,,,2026-05-12
"Department of Consumer Affairs ( Price Monitoring Division)Date 12/05/2026 Daily Retail Prices Of Essential Commodities  StateCentreRiceBroken RiceWheatAtta (Wheat)Gram DalTur/Arhar DalUrad DalMoong DalMasoor DalSugarMilk @Groundnut Oil (Packed)Mustard Oil (Packed)Vanaspati (Packed)Soya Oil (Packed)Sunflower Oil (Packed)Palm Oil (Packed)GurTea LooseSalt Pack (Iodised)PotatoOnionTomatoBajra (whole)Jowar (whole)Maida (wheat)Ragi (whole)Suji (whole)BesanDesi GheeButter (Pasteurised)Eggs BrinjalBlack Pepper (whole)Coriander (whole)Cummin Seed (whole)Red Chillies (whole)Turmeric (powder)BananaGingerGarlic  UnitQty1 Kg1 Kg1 Kg1 Kg1 Kg1 Kg1 Kg1 Kg1 Kg1 Kg1 ltr1 Kg1 Kg1 Kg1 Kg1 Kg1 Kg1 Kg1 Kg1 Kg1 Kg1 Kg1 Kg1 Kg1 Kg1 Kg1 Kg1 Kg1 Kg1 Kg100 gmDozen1 Kg100 gm250 gm100 gm100 gm50 gm1 Kg100 gm100 gm  Average PriceAverage Price43.15 30.8536.7385.1122.45118.03111.3689.7846.5759.86200.9189.01161.2159.3185.56144.3157.9274.6221.7220.8625.3634.8537.7743.9641.8654.8646.8495.54685.9459.0978.9240.1787.4838.7641.0128.6816.4848.0426.6436.88  Maximum PriceMaximum Price63 5371140182180150132608228926425621824420014069841606012082867010310016093085120117130103956040100100100  Minimum PriceMinimum Price27 2228659088816940401561421191211261003515510510101522303131655074549175821261510241416  Modal PriceModal Price40 27358012012011090456019820314815418713255260282025304040405540907696084408040403015402040  NORTH ZONENORTH ZONE  ChandigarhChandigarh43 34408312111611189465920920317016719014857263281025503744415546956335972388737402816482430  DelhiDelhi42 32348813012711090475722319518719621716457235281628333439395541956415872489336303014453547  HaryanaHisar40 30348512711211088456121618316516118313255252282023322738396240906286076508240393415682850  KarnalNR NRNRNRNRNRNRNRNRNRNRNRNRNRNRNRNRNRNRNRNRNRNRNRNRNRNRNRNRNRNRNRNRNRNRNRNRNRNRNR  PanchkulaNR NRNRNRNRNRNRNRNRNRNRNRNRNRNRNRNRNRNRNRNRNRNRNRNRNRNRNRNRNRNRNRNRNRNRNRNRNRNRNR  GurgaonNR NRNRNRNRNRNRNRNRNRNRNRNRNRNRNRNRNRNRNRNRNRNRNRNRNRNRNRNRNRNRNRNRNRNRNRNRNRNRNR  Himachal PradeshShimla40 NR3486125127119865160231220178172NRNR542403020273030NR39NR39937035877358337412517483250  Mandi39 NR3477123130118844860226213185172193NR502603017253034NR37NR38956825884358540432816543040  Dharamshala35 NR2984125123118854844NR213163159NRNR532352820253032NR345540935905970409749423415603040  Solan40 NR3375119121112884855220214174155181NR5123030152525353737NR37956265977408837343417504042  Una40 NR3377112123104874769NR180188182NRNR522312915272334NR34NR35986925982239544342915553129  Bilaspur-hp40 NR3577122133118864864NR175187185NRNR47200291525273355375937797275884338539313313523740  Chamba37 NR3884117121117885155NR190165169NRNR54218302029425161386138896266083338549353719553352  Hamirpur-HP38 NR3275117119118824870NR211185164NRNR5226530192732334336NR35836195886328739372814483037  Kullu40 NR3482125119109824840NR216165184NRNR5227330233030NRNR35NR361016995990479032302113554057  Sirmour40 293078117114109864850212184174146146104482732822304236NR35NR361006105870459233453218563135  Kinnaur37 NR3778128127111855060NR217170147NRNR5026030303740NRNR38NR42838755890509350454015523050  Lahaul & Spiti39 NR39971191171121005052NR197175NRNRNR4948028334757NRNR35NR35806006297388034352615572732  Jammu and KashmirSrinagar43 4146921481271181025550NR205185179187NR6032030252525NRNR58NR531176796075509852703917784041  Jammu50 313379111114118914951NR210172167158118543033019253336585768601026156085379254473219523039  Poonch50 35471141801251211225573NR225196191NRNR5835730253557NRNR50NR571217056084578448303015754152  KupwaraNR NRNRNRNRNRNRNRNRNRNRNRNRNRNRNRNRNRNRNRNRNRNRNRNRNRNRNRNRNRNRNRNRNRNRNRNRNRNRNR  UdhampurNR NRNRNRNRNRNRNRNRNRNRNRNRNRNRNRNRNRNRNRNRNRNRNRNRNRNRNRNRNRNRNRNRNRNRNRNRNRNRNR  ShopianNR NRNRNRNRNRNRNRNRNRNRNRNRNRNRNRNRNRNRNRNRNRNRNRNRNRNRNRNRNRNRNRNRNRNRNRNRNRNRNR  SambaNR NRNRNRNRNRNRNRNRNRNRNRNRNRNRNRNRNRNRNRNRNRNRNRNRNRNRNRNRNRNRNRNRNRNRNRNRNRNRNR  RambanNR NRNRNRNRNRNRNRNRNRNRNRNRNRNRNRNRNRNRNRNRNRNRNRNRNRNRNRNRNRNRNRNRNRNRNRNRNRNRNR  RajouriNR NRNRNRNRNRNRNRNRNRNRNRNRNRNRNRNRNRNRNRNRNRNRNRNRNRNRNRNRNRNRNRNRNRNRNRNRNRNRNR  KishtwarNR NRNRNRNRNRNRNRNRNRNRNRNRNRNRNRNRNRNRNRNRNRNRNRNRNRNRNRNRNRNRNRNRNRNRNRNRNRNRNR  DodaNR NRNRNRNRNRNRNRNRNRNRNRNRNRNRNRNRNRNRNRNRNRNRNRNRNRNRNRNRNRNRNRNRNRNRNRNRNRNRNR  BaramullaNR NRNRNRNRNRNRNRNRNRNRNRNRNRNRNRNRNRNRNRNRNRNRNRNRNRNRNRNRNRNRNRNRNRNRNRNRNRNRNR  ReasiNR NRNRNRNRNRNRNRNRNRNRNRNRNRNRNRNRNRNRNRNRNRNRNRNRNRNRNRNRNRNRNRNRNRNRNRNRNRNRNR  KathuaNR NRNRNRNRNRNRNRNRNRNRNRNRNRNRNRNRNRNRNRNRNRNRNRNRNRNRNRNRNRNRNRNRNRNRNRNRNRNRNR  PunjabAmritsar40 283282137135112904657238198176158192NR58273291323233538406039926706070389541312812402529  Ludhiana38 2836801351321181034662229194172161189NR57275281527253448396249926045280489240422319473040  Bathinda40 28328013713211790465724219417015619214160273281423253238386038936796074379340312812422533  Barnala40 2732821301201139748642381901721461851215528030152522303840NR45906885865409048403115474337  HoshiarpurNR NRNRNRNRNRNRNRNRNRNRNRNRNRNRNRNRNRNRNRNRNRNRNRNRNRNRNRNRNRNRNRNRNRNRNRNRNRNRNR  Faridkot40 28328213013311292476222317417014519013160282302020253045396339836675872408948352813403742  Mansa40 273387133130118924562NR18117215617413357278291020273840396238926595875409240353016482735  Sri Muktsar Sahib41 28328013013011290466320516516814517612054280281525302944395739836085772269041342713503530  Dera Bassi40 273287130133120934561NR179170157NRNR57267281325284040356540886816072379541343216482532  Sangrur40 28328013012911088476024419219218719217252263301020253545406740907106078309050453015454030  Ropar40 273383133133117924661236180175159NR14058277291425273742396240906766071409342343115472431  Amargarh40 2832801301251108547602431921891881941785225028102030354540NR40857106072359550502715404030  Fatehgarh Sahib45 313590130113113113446021317618314817811057293301825472845316540906045878459545483819502332  Ferozepur40 3034881301201201004665NR176176154NR14360360281530214050396039906595965249050323015455555  Kapurthala37 30387212812010892446022519617614817915057287301027203747405840926816082309533363513483028  Uttar PradeshLucknow38 2933751151209075466020318015417618115060260201320193035365536906135980358838402615402530  Kanpur35 283280120110908042601981871321211321155623426162516354041NR348158055722710024403519502228  Varanasi45 2737881241261088749702151891731872011786525021163025406138NR391077316479418235342722582634  Agra45 29327411393917545682171971751962081905525127112829153940NR40997836287288045303515382541  Jhansi48 28348314012511387496021617917215720513252227212025323238376542936665886389040402915402343  Meerut38 2835831151148283496316616016116416415951280191121193938366435936466176397535343216543130  Allahabad49 27338311512912590445522019116116919913145322281422283136324037966556070438532352916501833  Gorakhpur39 28378012111911379455519518715015215412355225221824283634344935925995680377830382416552528  Saharanpur38 263481113108108864557NR175150146157126552432112192231NR37NR40905825775358133362514462135  Bareilly37 253385120127118102457022116816716118715552317281117202641345734897036077228144343416522121  Ayodhya45 303490117118115874960198198187176174143602302420303245454758451006856072409048443820502031  Moradabad37 25318111111310684415619316213915315113850237211221393840355337846485473328331382618501936  Aligarh39 283482116114106844356NRNRNRNRNRNR52247201721283439384842916135474368534392515452135  Mirzapur (Vindhyanchal)35 25328211511010483454817916414212614411050220221922292840365040936666278358230382515433432  Banda28 25297410710910274455521818516514117811953158191019213455376839836046080229026312919482627  AzamgarhNR NRNRNRNRNRNRNRNRNRNRNRNRNRNRNRNRNRNRNRNRNRNRNRNRNRNRNRNRNRNRNRNRNRNRNRNRNRNRNR  Gonda (Devipatan)36 25338512212811787445620719615215716812853253201024223837346245986195883378234402520472028  Amethi34 273490110115115904560199189161148178110552382218204040364142451056766181388336512818532550  Barabanki39 26358511811811785456020018216816717513055225221520253642374536985635880318531423015462126  Bhadohi35 27358111512311782476821219217915017812369215221923233339374940786746272309036393016432035  Chandauli31 25327711611810975445520017716513218312159247191020273752346036826345670308432392716492642  Farrukhabad42 25318210011711090456422519215915520912149197185203024NR35NR38906396083358030312316422025  Ghazipur43 26358512611911491475919218014815517414157276231324233139435745956985883368440412717542431  Jaunpur43 28358511911611285456121219517316318612458269221524283645375337896665778308935362717482632  UP-Pratapgarh41 30348111212011989464920719116215816212559255201119293531394039975465873388836362716392139  Sambhal36 26308610798100874557192176152137146137502501810202231NR36NR36966465779278131432916353030  Santkabir Nagar44 243582108103102774567200200123146178116492653010142029303478439873461843310030522920482225  Shahjahanpur32 263277113104109964456180175147132157128422222091822263234523787553548922842932NR11391830  Sitapur37 28328111210510383445918716914814315113253230171016192932365340916305972368035402915481734  Sultanpur41 30348511911410988445619918415515017513654267201823263541395244946355675368535392615452235  Unnao42 27308312211711088456020119015716118114158257201423203842415343935865953338835402716502333  Ambedkar Nagar38 25347812012612889456222020315916016313765200281430373740367740887196370388035403020552534  Amroha38 2532811231118382465417617615213917410349215221424303245374438946665875338425392717353039  Baghpat44 NR328313012711893447019617816115716113052210281522303450356540955976083408333352512392143  Bijnor45 2635759810098804553203187148165176154502431810252032403753401006225760308740403010402540  Budaun36 253084112103999344642011681681541701265328021920292546386537936135970309030392511422425  Etah45 273580120110110904558207178152156165113552702218252625NR36NR39906776072309732403318402242  Fatehpur43 27348811011310388455819318614813715111353225211622272332354034956066179328536432417372027  Ghaziabad37 28337612211810886465721318016915218313657205211423233038365441935995980398142362914432729  Hardoi42 26358412011611287455720618515415217313054235201225213436375545956175876378735402715442029  Jalaun45 2834851181031029046571831731421281561135222020142025304039NR42985836080309038423020302335  Kaushambi42 26368512412911485455720719016015816112755237211025203035355537886085572328142352815502435  Kushinagar34 26368112111311983476818018914716214113550221261019313939384540936426061408626392816432424  Lakhimpur Kheri37 26358211610510185465918317713214516310661228161021282935366137926545874377934443218431641  Pilibhit37 28328511511511595456620319217015618713250229201021193458387338956816182289048423815452530  Sharwasti40 253977118110120804660176200159167NR1156021824102020NRNR40NR40985695978208539382015332720  Siddharth Nagar41 28337911612511878456119519015715416512653227231421294950337035786216089357034302718402330  Sonbhadra35 26317510810510280454517616515213215412155210241518162740335034806216068358533322514452025  Rampur53 2829791041141009445601931881481581591415125123162528344935NR36946326571369433322713492726  Bahraich35 253190128120114904256193188157154161124442502521212136343365321065805680217227362319532137  Basti38 28307811513011580445319418515415014612545239221525354757345738915755583408324412718322130  Etawah41 263184119115108874660200189164156NR137552602010242929NR405544956596077358537402716482535  Muzzafarnagar40 2530841201161088946581851731521491721375524520102030354036NR36905255761358034352411454540  Chitrakoot40 26358210510210182475017820116116217913755219151525303230405748896375884408025412115402740  Hamirpur-UP42 2532851111131068246611871871541701811345520518122520NRNR39NR39906375686308741462916462140  Deoria34 2528911181139997455922418114313222012153220201620223740364335935665857397829392718362728  Hapur36 263475124119111105476219818816116717315857216261015154039374638976776272389641453010502628  Bulandshahr42 273296119114105804565NR184160167158156492421920212031393556351015755678238730472715312341  Kanpur Dehat38 2431791001129386446418918915014916812449196191219213136354835855935876307127322415372033  Hathras40 283185119120100904462194184154150177140552402019252024NR35NR40986906080408737393012402535  Raebareli40 27298211411511086455919018015915717814356219211222273642405245936825877348637392715452435  Lalitpur36 28317510911010580455817416714413817812250235201520303038325934905785682208030402418402030  Mohaba38 2330821051029582496017517214515018111935182211319172735354835975965472228330392715362127  Gautam Budh Nagar38 2834811191151119046572141861691491861305722018925213035345546886245570398236383115382125  Auraiya45 2636821121179987466618417516716316713554211231324242529415643946535475318628272121591939  Maharajganj36 27328111511810980455719218614514715712648213221520313744355136915865876368034403017382527  Balrampur35 NR35771181101128346551761811411411961235720715122235344634NR37956775774488739392814321928  Kannauj40 273285119115110864561186179148143155126532382192324323938NR38936135572218430452817381924  Mathura34 27338811912811896456322817314113915612244263271129223443404740996325883358948393415332150  Firozabad37 26297510011010089446619818115413715411050210172020202428304435806375575308030282016252530  Kasganj44 233587112110110934559196179163148178143552632115201017NR39NR401025695473328539482913342028  Mainpuri38 283288132120113884263203187168158176144512602418232924253940381057005570358547432521362026  Shamli39 25308012211711293445118717815614815912852228151222233040385539905415860309238392613403038  Ballia39 27338511911511390475819618115215016513058248191221233139375339966235576328534402817452329  Mau40 2534821151121078546551911751481471481196522322141935NRNR35NR36916445576338931403015482632  UttarakhandDehradun36 283898130115125984567178198159203170NR5728030153040334340524011069260904011040453915602530  Haldwani42 313390138121120904760230191153191194167582723010211549433845419170060732110040453318502437  Rudrapur38 26369314413213193486319120317615816116165231291525383057406142977375994399932392916502833  Haridwar45 313890137121114904563217199161159170NR642902813263439NR4057441006325876459444423317612135  WEST ZONEWEST ZONE  ChhattisgarhRaipur36 294497135128125994757203166139146154117512472524204232274245441027035678439137322512333540  Durg37 414178110117108884952214182155166186155512221720201045453947451007736373358042372611472940  Ambikapur35 3035931151121061024041172157174159165NR4825115202020NRNR40NR32705985293307830603315472025  Bilaspur-CG52 34408911010210584425519316514116517314951217252424233539414741906795879469228642514573351  JagdalpurNR NRNRNRNRNRNRNRNRNRNRNRNRNRNRNRNRNRNRNRNRNRNRNRNRNRNRNRNRNRNRNRNRNRNRNRNRNRNRNR  Dantewada40 4244103129120108844659NR198174159184146582512126313642NR39NR4410365458604310147492219642448  Dhamtari35 3141801251081081074558203194135172178132582322622323547464352451207366284429130332517423858  Rajnandgaon42 31368412211711088446021920717117120114355270222024303030385038966806070277944422816502435  Koriya39 35398110897102814575205163153151168NR4719525302520353446325882693588840782738281742NRNR  DNH and DDSilvasa51 4039951371371279943681801951891621851226222329192030445358586210965760845012061453524322040  Daman53 393987110129110904568211198NR167193121582122920213539426256609864858725711060404023342042  Diu48 39508714314313010046642292342002002111396140030242542396257836610869260814210742353819522135  GoaPanaji58 48471031271351351034663222200203167172NR623152833334839624853491127145882658347432516424252  Margao53 485192133125122954665246222223193204175623502730284242574758481157145882529743502717433451  GujaratAhmedabad33 37389711912110395456816716613815116214653207193233443636416243886305667357227333119401820  Rajkot34 3138831111029892426618217714717318416458205182323453543396844876265566358032343915382726  Surat34 3138841151099892426819417914517118616358205182330303543396844876265566368032343915402928  Bhuj37 3237871081089993416319019014417118515157203162020233436386838936175368367428343716402727  Selamba35 34398711211310390446419117614716417815655210192525304040416741906365584407931323516453030  Waghai38 37429312011810298456720018715215618314759209202930363536406044966315870417530342617413028  Bodeli34 3438861111089892436618817213815217414158205182828353641396844896325569358030343915382727  Vapi32 32349011411410194446618716913814516914556205182828363846406636966925668387831323215382830  Bilimora36 35388812411210094456820117914115517215153202182930333738406245966265469367131352617332826  Idar35 3437901231259990456920418614815418114760217172427253937376848986885967209737284017382627  Jhalod36 3637931151209899506519218715416116715562205223030304037406946926675574437228333718402121  Songash37 30378211911311189456020518916917519115855212202018333639375543926785369297933342916452428  Madhya PradeshBhopal36 253180116106104914662189203178153196NR522551015222038384062418663557863010038403515302536  Indore41 2935851171171128143651791761631771541466226315151842383740NR40856455996388234322415322722  Gwalior40 293377115118110904563208164172169177NR50222122119272832396140886416071298135352615402232  Jabalpur39 29348011811410886445519818714815218012050245161820223840405545926265880388538362615402238  Rewa35 2835761069594784555177154148147147NR5523718151519NRNR35NR37856555776259028453013452035  Sagar38 26287511811910287456020718414316918616452258171318234048396540846765575238241302715352025  Jhabua41 263580131125110934460216222202162205NR62292152517373338466448986995997238841362920332320  Hoshangabad44 27348211211710987455519816114214215411351213112022204448415141946566089539231422019502033  Shahdol35 293586115112110834450203186142153181NR52210182020253733355040956045870309030402718353025  Ujjain40 404291118106100904362176192189150191NR50247161015273840426245907026062409549373316402839  Morena40 2631911201121051004666198185156156159115502401410203029NR38NR39986046183228136312814322040  Anuppur35 25368011512011090455021418114317617615953200201520174242355048877806580289040352515352030  Bhind41 29348511311611484466218016213813314612050250151520163443396539896506277248129352516392629  Dhar44 27368613412011795456018718617115819012454211152021443636445344916825877238530341916452535  Harda40 273376119120110904560209198171170187NR55200202020304040457045906966096309040302415342530  Katni35 2934791171071078042501651541261431541005020519141216353845554510060458100208040402715322040  Khandwa37 323478105113110874455203185172154165NR50270172020253535404941906595389388828322615372336  Mandla34 293477102117107804450211189147177210NR52193292018184244436045886926070228744342715352235  Rajgarh40 252975130112100904550187189181159176NR5520010202040NRNR42NR47856635880258850402020402740  Sidhi35 2735751201009583506018118716515413711655263201525293040355450906345684338232502515462535  Chattarpur40 283890120110110824550194187170150154125532372015202032404058501006006084209030403015352235  Neemuch50 263375125105110724265185156141146139NR45297101520304240416540875936368408025423015482330  Burhanpur39 3139781141121128144651761801641481801474525529181422373741NR50907095584318544392914302430  Narshinpur40 273575120110110854550200187141145165NR45233121520124040456048856375885459037352515352040  Raisen40 293280130118110834657185189146148NRNR5025010182020404134NR40856926077308941323219302230  Sheopur38 243285114110105824560214190165154165NR50204282422273035406240906375880229040403015402745  Agar malwa34 2228801381301091014360199177154155144NR4728620161525454641NR46856836071279826292816372119  Umaria32 283482117108108854559213172156176189NR502171520192040NR42NR47876225978288332422715402827  Shajapur39 263183121115107874360187185157159185NR5526020202132383838NR44926635880388535372715422337  Dewas42 273386126115110894464192190170168183NR54236122524353541395843956985881338941352616342443  Khargone39 283578120122110854550186156132170132NR50225163021354040406540906405584358535403015352045  Singrauli35 263585931091128248591791941381531451175723613161921NR3937NR44916815675318425402114302544  ChhindwaraNR NRNRNRNRNRNRNRNRNRNRNRNRNRNRNRNRNRNRNRNRNRNRNRNRNRNRNRNRNRNRNRNRNRNRNRNRNRNRNR  Sehore30 302870110110100804360181176159170192NR5028013201720NRNR45NR43846596079428530352415501930  MP-Ashoknagar48 262870116111100894460187187159156156NR4521112202328414041NR39857735888508840452517403038  Balaghat35 344076120120116904451223209139170193NR6320028NRNRNR44453960461006805873259440352515532840  GunaNR NRNRNRNRNRNRNRNRNRNRNRNRNRNRNRNRNRNRNRNRNRNRNRNRNRNRNRNRNRNRNRNRNRNRNRNRNRNRNR  Ratlam41 30347312211410984446019518315715616815548233102016253545396543906336055208130292716401728  Satna32 263582130100100100456022014514815418111550260201722242545316231657145260357528333015502535  Vidisha39 303571109120107874455191185142179183NR50240111117224040346834806596084188333302515372030  Alirajpur38 303687124100114954554185148139136144NR4824010271929313545NR47936115780287740432917372540  Betul39 243280115110107854558196194144176196NR51244122020274243406941956706085319139402215403040  Damoh38 283369114105109794560207198132148166NR47205121518134141395838855636076208939373415452039  Dindori37 333582110105108834560209198148154181NR50220121527204049455545806305580259035352815352040  Niwari36 25308113196106894757219182171177155NR4021530162022NRNR40NR40977206090249233402719382132  Seoni38 353786115110105864755198214170154187NR472151120202540403768421006545881278048362115451626  Panna38 2436751201009590455217817312813313011253210111520254048356045976515675377626353113472038  Tikamgarh35 25309012011095904450205167142149147NR502002015201530354040451006595870258529412017302030  Datia48 2629851221089877475722218815915619112357230272324214832447547967036090238542482815372448  Maihar39 29319097102978045602201651501501721135320514161927NRNR40NR45977215872379730393513372040  Shivpuri39 24378311511811687455519817715816416315950380171525304846436045826856078268237312919321925  Mandsaur35 30401051141151141054556193192192166194148602972240253545486795559574745110335925442920421629  MaharashtraMumbai40 414893134143123994658245225194165200153793073028254747615265531136776077529967454316403543  Nagpur56 4652961321311181045266233211168169189140692832726233242485280521107775994319641483221654268  Pune37 425384102112106824474203206166164185166603504129183339414536458854959795610051502320432526  Nashik41 424182136133113974558214224181168186135573232820223044654963499564060696311257353216NR2727  Mangaon-Raigad52 4350891301321239945572202441781641981376235630222444485342594510081660764212063394822554042  Dharni43 293978121107116904555216190150178204NR5632213272139382642NR47947436682398534412218392931  Latur57 40468212711811785446720119913417018515960232262216473552417742977764678659744432724423242  Akluj46 33397312310011095456019821114916720218348332302120453147396039886595249399435352712282240  Arni Yavatmal44 343699123125114904363192170154144159NR573001030303035324770551037845572409945422015403525  Chandrapur49 4550831281301211074358205221211170190NR6827530202728515460585910967658732510037382120674057  Karad Satara50 3445811391291219244712081881641781911685729327272037384240614010767459724311845393219402036  Ahemednagar53 44478412411911999445316816916617017816349259302117232940394439995755868349929392418251434  Khultabad47 323580111111106844447181NR1441591651535932020302128324439NR42867026084378132NR1916332034  Islampur40 37468112413012010042722202031551771871535041727282038384039484310165560714010359533627402826  Kankavli45 345184127131131874660184200164152172135533782032254753494550461046885685827747413518633053  Partur50 2940801261201108844581932081851831931835940110202030324043NR4787775NR84409240422715472939  Gondia50 333575118120115824458199203140171184167652603022222235413152388376558722210049502821323242  Jalgaon47 34428412713511910245652002041781751911846046830202048454155635510173858784213052413220403243  Akola44 354584128120119974469182211163172182NR623273023202742385165511037845981438841442416332842  RajasthanJaipurNR 313986131123109844651207NR17418518013051303132023373131497649886305884539543353717382838  Jodhpur41 323480111106101864254220187NRNR166NR512722120273228525251471056685589276973322916422527  KotaNR NRNRNRNRNRNRNRNRNRNRNRNRNRNRNRNRNRNRNRNRNRNRNRNRNRNRNRNRNRNRNRNRNRNRNRNRNRNRNR  Udaipur51 27327512011511081455021119318119019417267328281920403040355550896106580409338332713403035  Bharatpur46 283589122113115904658203175149162NRNR57297281229282730406544826376075279037382512402042  Ajmer44 363688123108838841531841621451511511734530020182326262934NR3694550569543763635NR16402026  Bikaner43 384288120120918751551651761681711641655024715222034384751NR52827016090487832342421352341  Bundi35 26296590959571426020317813616616712145440202020233136346141736045965457941392918402535  Rajsamand49 3740741079991894573163177138135177NR55302242425374044436646806115290417840383020432132  Alwar52 303474130109105904558191154NR153179NR42330261725242137486448946285776248453462615382938  BanswaraNR NRNRNRNRNRNRNRNRNRNRNRNRNRNRNRNRNRNRNRNRNRNRNRNRNRNRNRNRNRNRNRNRNRNRNRNRNRNRNR  Baran40 31368013211711080415019514412212312711541345222222402832403745896675567409035313411373032  Barmer50 3234901301109595NRNRNRNRNRNRNRNRNRNRNRNRNRNRNRNRNRNRNRNRNRNRNRNRNRNRNRNRNRNRNRNR  Bhilwara53 3037911181109894425519517514515617515644286NR2919222934415442766085468329137362118402420  Chhitorgarh38 24307113311510887415818414511913014311145279242024212534344438826135865397829403023404232  ChuruNR NRNRNRNRNRNRNRNRNRNRNRNRNRNRNRNRNRNRNRNRNRNRNRNRNRNRNRNRNRNRNRNRNRNRNRNRNRNRNR  Dholapur45 273684130115105904860249187167175NRNR522571812252323NR46NR46926445994478233322515382238  Dungarpur40 32349512211411295495416617216917317215742253262131334737457554876126288527534414425452323  HanumangarhNR NRNRNRNRNRNRNRNRNRNRNRNRNRNRNRNRNRNRNRNRNRNRNRNRNRNRNRNRNRNRNRNRNRNRNRNRNRNRNR  Jaisalmer40 33358110911899814560211205141146189NR512532020253230334564479365262120338441302413373044  Jalore46 343586113119104914655211176164179190NR4731215272937304043NR52965456078479841402917432837  Jhalawar42 273285129118104884256188176NR14115411045298191926233034415042857035880318130393217382134  Jhunjhunu42 243180110110104864355198NRNRNRNRNR512401832322723NR39464296NR57745010138422521412626  Karauli41 243285127115110944453187142131132131101403132220283324224137501046106088389433462218392237  Nagaur41 324193125104919243531561591591591591434331118183124323234NR4694742NR105NR102NR362624361823  Pali55 33339112812890744456201167168163162123432342430253329393835471025076268528557352621413717  RJ-Pratapgarh42 293370NR111106834447198178154158NRNR4730019202431343643NR43103NR6060397046362515402526  Sikar45 313585137116120954453186198157121165NR55236282529302124NR35NRNR5205254228032332517302323  Sirohi42 28347410912297764252207156NR159NRNR492531720223828NR45NR489563259984588NR293013453028  Sri Ganganagar43 283689118112110914552179NR137141NRNR4632323152240NRNR39NR3891NRNRNR208229293029401716  Tonk53 323982120108114894663216210129NRNRNR5427818283336254141NR48955245976418943393621402750  Sawai Madhopur50 303381131115114934859232179145145148NR502952720231925324752491096326474419226522815402733  EAST ZONEEAST ZONE  BiharPatna44 273077115119105805058NR1951702181961925031226182832NRNR40NR401006045684358540402515402036  Bhagalpur39 273273117111100754758NR1841471551731284532028111735496134NR351046355484379629342118NR2029  Purnia38 323371112116102764957NR186147188NR120543241711193458584054471026925588409436322416502818  Darbhanga35 29397899118102854457NR208201167NR11854193289212954543343351086816086408934382819492025  Gaya33 273881123109109814560NR2011371451501205734025172020NRNR34NR391106775983308433372316482827  Muzzafarpur38 273277126124116764759NR18415315619712244277241321215049364839996015383378134362315512625  Saran41 263681NR109108824960NR200197198213NR533022712212541633863381087306071418232322818422324  Munger35 253291131108118794457NRNRNRNRNRNR4624029133321NRNR34NR401005846079299246403916502031  Saharsa48 272977113115110754755NR181154171NRNR5227529102122NRNR39NR37937105574409552473711402829  Madhubani37 3035841251121018447552041661571611711274728028212726NRNR3348351016155771328232312312502627  Rohtas (Sasaram)36 3439731081128180486618318917118519015752237301425283957335837907216089398232282314582531  Motihari44 263282110116106824856NR191174174226141462651916202535353852371065935481298131422717332832  Samastipur41 253484114114114854554NR184130127NR12954317291121203039407349996986192408332752510392725  Katihar40 313072128127109694659NR179137150166NR5531119102329NRNR31NR351096686373378923492312NR2322  Araria35 303578118118113784861275190162141190127543122813183148523985391016106282467825352013553131  Nawada30 253073113118113734758NR190161180NR14454244281022374038325434867035965338135312211632425  KhagariaNR NRNRNRNRNRNRNRNRNRNRNRNRNRNRNRNRNRNRNRNRNRNRNRNRNRNRNRNRNRNRNRNRNRNRNRNRNRNRNR  Banka37 273685124104103754858NRNRNRNRNRNR4524314162220403936NR39996355380438037403010403033  Arwal36 23358112912989814657NR1931591791821435122228142024NRNR35NR36907485876398033352519452530  Aurangabad31 26317611711199794754220195188142189123562102714191750NR35NR381037695879448628423016522125  Begusarai36 303577117117107774860246188158144188123552662812212752423552371086235878399625322017353442  Bhojpur Ara42 283375115115110804657231174143137176NR5534030152230NRNR35NR371056816085408550402510473525  Buxar27 24328412011711978466220218617317019812152255291420303454347135907694895388746312317432625  Gopalganj39 273582117112107804550182174150189156139572502914243842444043401146665681368747443612532629  Jamui34 283174118116108754659NR188136167NR137532682911203039584148431016236090208626362616502025  Jehanabad28 293379114112109744554NR195182163NRNR5024324161923NRNR39NR419066050100248124402014552033  Kaimur38 27327911711798794757NR1911741671931305121220121922323134NR39887146085318233332715482628  Kishanganj38 30368012513011588456019016517015920313260300251320273860388547956376084499039322417553030  Lakhisarai40 304082112122118874959NR205167170NR154532982715251750604544401107546096228535402715402323  Medhepura39 31357111412492704558NR1971471591871244328422112536NRNR35NR359072258108428835372814473027  Nalanda32 313373114112103774664NR188161144166NR53324301519266060346237886805885357828342115513021  SheikhpuraNR NRNRNRNRNRNRNRNRNRNRNRNRNRNRNRNRNRNRNRNRNRNRNRNRNRNRNRNRNRNRNRNRNRNRNRNRNRNRNR  Sheohar38 263782120118116774558176203167174197133482322613242450543841401147205778308134382416562925  Sitamarhi36 283375118123106834658NR191174154182155552332910181853503648361107935894487937462614431820  Siwan35 263072109898772475726618617818418713452202271219224744334934857096166298434412914442423  Supaul35 273376115112100774755NR177152188NR16450NR11121925NRNR35NR351225765491317926563515552523  Vaishali34 26307011011610075465220917615418720915959207291020204949304237907695584408033322513372031  West ChamparanNR NRNRNRNRNRNRNRNRNRNRNRNRNRNRNRNRNRNRNRNRNRNRNRNRNRNRNRNRNRNRNRNRNRNRNRNRNRNRNR  JharkhandRanchi41 343680119118110794759227187150177191136522172815232335403640411036226077429044413215502735  Gumla40 27368210098105834858176176187132154110482271519152734NR355042100680NR78559025261715503025  Sahibganj35 303490127137120904860176192181176176132652882012253835353868601006306076409045352918432320  Bokaro34 3537861321001108646571891721601641821455432225232434NRNR33NR40100709578943812841251360NRNR  Lohardaga37 313685102125110804561NR1471301351661164420326202510NRNR383140906735673258042302711384123  Simdega42 343890114110100865062176181152162154147482502220223042NR446046986656174399039362622502438  Dhanbad39 35367911911911080475925118815215918713953245281523283850375343947695791458932413418492838  Jamshedpur (East Singbhum) 46 4041114136131120984658220194167154170123562003017292832304159501056066277509137362712522433  Giridhi34 333675109102105754455NR19816915517412749300192234344135403846886376084569929402516513547  Seraikella35 314078123114105754860188179155158166122532072814212437NR44NR44926006076328033312514502835  West Singhbhum37 31368211611811079476020720616117419912456236241625304249354736946466088438132322511533538  Daltonganj35 273682110118101814858NR176148162NR1366030430152030NRNR4362471106746283488540412617402922  Deoghar40 323580110120110100486017618617614817613260300251525305050406050907696085308040352515402020  Ramgarh40 3739NR127118102794958NR1841591711991574627925232728NRNR31NR391076105775238227302511401725  Pakur37 3842801271129480486019818717617418716160340201018423441475160976375881239435342415503221  Jamtara38 273180121125107914959NR1881481781891705928727112339NRNR38NR47858975781278747292818422831  Latehar42 263981121120107815159174192157157NR1215018831262828NRNR36NR511057255985378043442612492525  Godda39 3037801201201038048631981961651631851324828030101535NRNR40NR4710070962807710035352515472830  Koderma40 3035801201201068048631971911491841941256020328152032NRNR36NR40926885981408542423014623538  OdishaBhubaneshwar38 354578110110115804858NR196143NR1911656523027162540NRNR35453890NRNR72409030302010504050  Cuttack40 364778111113112804958NR197143NR19416559260281626434142375139937435778409131322214552642  Sambalpur40 404575110110100785058NR198143NR1921675224030182030404535603690747NR72309040353015602535  Rourkela36 35387511511297754758NR20214214819916557190281521363536384039915185678408836322915422538  BerhampurNR NRNRNRNRNRNRNRNRNRNRNRNRNRNRNRNRNRNRNRNRNRNRNRNRNRNRNRNRNRNRNRNRNRNRNRNRNRNRNR  Jeypore45 38358010812097824458181198149NR19616052237281625404040384542807436060407535352412503040  Balasore38 41457511410996754558NR197174NR1911655924028152334NRNR42NR43936175666289328402811452430  Baripada35 33427711511598774955NR183172NR187167602392815234035NR5148519170657843910139363113551828  Balangir35 374078118118100804558NR203141NR19216860NR30182538NRNR40NR44907585784388532353017403540  Angul36 NR4987133110115904860NR201176NR198NR50NR29192234435846534489NR5978359256333015522020  BoudhgarhNR NRNRNRNRNRNRNRNRNRNRNRNRNRNRNRNRNRNRNRNRNRNRNRNRNRNRNRNRNRNRNRNRNRNRNRNRNRNRNR  Dhenkanal39 35447511010799754658NR198143NR198143603472915253050NR395045907105884408340302012503040  Jagatsinghpur40 404280120100105855058NR198187NR1821196024029153050NRNR38NR421026615872408440322116602337  KandhamalNR NRNRNRNRNRNRNRNRNRNRNRNRNRNRNRNRNRNRNRNRNRNRNRNRNRNRNRNRNRNRNRNRNRNRNRNRNRNRNR  Keonjhar40 405178120118109774858NR192137NR18712059NR3015244040404050431057365896339040352515503038  MalkangiriNR NRNRNRNRNRNRNRNRNRNRNRNRNRNRNRNRNRNRNRNRNRNRNRNRNRNRNRNRNRNRNRNRNRNRNRNRNRNRNR  Nabarangpur47 4055891271251038347602091911831401871146040030202827405040504111072558722510030472520602342  Nayagarh40 NR4383113118112854654NR199176NR19916663NR27162337NRNR384342856875884408534412414472238  NuapadaNR NRNRNRNRNRNRNRNRNRNRNRNRNRNRNRNRNRNRNRNRNRNRNRNRNRNRNRNRNRNRNRNRNRNRNRNRNRNRNR  Paralakhemundi Gajapati50 3444831151201079545NR19620416314115812257260282030365155416047817036069419321332214552728  Puri39 NR4280117112105834758NR197156NR1901435727825162438NRNR39NR44956705871408532382615472033  Rayagada41 435085120120109804860209203150NR19813760NR30192540NRNR454049806905878408234352413503043  Sonepur35 NR4380121116112804650NR198149NR19812356NR10112230NRNR40NR47917146096308840282819553030  Bhadrak35 NR4185120112113804758NR210176NR198145583332813233744NR376339827695872408140302415402032  JharsugudaNR NRNRNRNRNRNRNRNRNRNRNRNRNRNRNRNRNRNRNRNRNRNRNRNRNRNRNRNRNRNRNRNRNRNRNRNRNRNRNR  Kendrapara39 384686130105109854555NR200144NR1911585627628132540NRNR425744876966072388328382315541938  Jajpur37 404877124106114814556NR199187NR19212255NR30142339NRNR36NR481006595484338521272113512027  Kalahandi42 374986121118110854854NR203163NR1841335443030182138NRNR413749101753NR84328427322813402540  West BengalKolkata57 NR37831231331181184858NR1891771611911216827730173047NRNR36NR591027146180708438303020603041  Siliguri44 3141841201271191194759NR196NR146166NR6822715152024NRNR40NR501027276087418433292216452540  Purulia37 NR3582127NR102974559NR190155145178NR572822792129NRNR45NR57956795971388231443419422431  Kharagpur59 3538801231201081055261178192NR1321791205627530112328NRNR37NR391067035776309237412518472732  Rampurhat56 35489012712211510347562021941731741841275432228112036NRNR41NR51816946382389637343516392531  Malda50 3141971301201211104957NR201NR1531911336531920122525NRNR41NR65955896380279438312915592432  Raiganj48 29388013212210810747601581901431541871396025715102445NRNR35NR5810064160845710038293015602432  Alipurduar45 NR44911211251111194965NR197NR1631801326424310102939NRNR45NR45816526081499537352512501939  Asansol51 NR3677124121120964967NR1871531511871195630029112140NRNR36NR47977895980489340352915422438  Balurghat46 2939831231221091024871NR189NR1511891364535028131942NRNR52NR5810069658806510040342715602840  Bankura39 NR35831221191171014859NR188NR144175133592922892624NRNR34NR59876085871418533362615412442  Barasat54 3239901221191211155057NR1911771611751406631029121520NRNR38NR56766356171408837352617423039  Bardhaman52 NR388512012211810648582341841581451881356031228122544NRNR37NR42957076176488847313014582432  Baruipur44 NR4081130113120954756NR200178178181NR5726828142620NRNR39NR42957245877357639302513332338  Berhampore46 2537791221111171075163NR1811461701891605527324132247NRNR39NR61756055884639030312715382929  Chinsurah52 NR38901211211211054960NR183137140173NR553052892018NRNR38NR53816175873409040352615512444  Cooch beharNR NRNRNRNRNRNRNRNRNRNRNRNRNRNRNRNRNRNRNRNRNRNRNRNRNRNRNRNRNRNRNRNRNRNRNRNRNRNRNR  Howrah57 NR38911201201151104962NR189191170199NR6526029203733NRNRNRNR5710972159745710235353114533235  JalapiguriNR NRNRNRNRNRNRNRNRNRNRNRNRNRNRNRNRNRNRNRNRNRNRNRNRNRNRNRNRNRNRNRNRNRNRNRNRNRNRNR  Jhargram41 NR39871251231191094857NR177136136176NR5628928112525NRNR36NR56826695871408540352615432339  Kalimpong44 343579152122117974669NRNR126137170NR6239416253138NRNR40444299715NR91581017050311946NR40  Krishnagar55 NR40901241181211145058NR193NR161181NR6536029142127NRNR38NR54806136166509438352817462537  Tamluk39 NR36881211191201224957NR182NR158187NR5830728132535NRNR37NR60807185782539247312914403243  NORTH EAST ZONENORTH EAST ZONE  Andaman and NicobarPort Blair57 NR60951331301201005472NR220211NR18716778330234850110505560778313074758961179742443316756060  Mayabunder53 NR70901301421271005875289216236NR19418377360206050100NRNR62908314075457120809745363715408585  Car Nicobar54 NR711221541551311015573279NR182NR1701487832320405070NRNR70648211993060108NR944347382278100100  Arunachal pradeshItanagar39 404291133140120905074NR209155155205NR7640016223446NRNR436050937125790498760453019694156  NamsaiNR NRNRNRNRNRNRNRNRNRNRNRNRNRNRNRNRNRNRNRNRNRNRNRNRNRNRNRNRNRNRNRNRNRNRNRNRNRNRNR  Pasighat53 NR509311397931136080176235172176183NR9040020235070NRNR50NR5783723591006010070784315604867  Tawang45 4545100143140138985872NR208120137165NR10034320484850NRNR42NR539368457112709828833028733143  Tezu37 NR4090140110120905070NR143NR165NRNR7022020153060NRNR45NR701008025984608040403020402042  AssamGuwahati39 33417611395978349702161991881702031656022013172850NRNR45NR47NRNRNR9351NR40NR2219762544  Barpeta34 413879106969679507419721013915919516355155101324285043439752837366383408334332718582227  Tinsukia33 32387812588105855077NR209198209198NR6519010122550NRNR44NR44957915884508044353020402140  Dhubri33 NR3376130NR107814875NR220162159176130601801210204050653465501107476084307030402015502030  Goalpara40 313686125120112894860NRNR1611561671575721710132524NRNR40NR56987586184409439313118592235  GolaghatNR NRNRNRNRNRNRNRNRNRNRNRNRNRNRNRNRNRNRNRNRNRNRNRNRNRNRNRNRNRNRNRNRNRNRNRNRNRNRNR  Mangaldai45 33347811095103854770NR1901451411601756026011152530NRNR35NR35NRNRNR8220NRNRNR3017652340  Mushalpur39 36349011595111904974NR2121491811811325324710112945NRNR35NR52818246185409329NR2525572930  Udalguri38 NR388411796112884975NR207NR1601881455827210112141NRNR39NR4075687NR76378042NR2113533040  Bajali34 334088118102113904777164209NR1591831376736310152639NRNR3610345857956298489061603225702227  Hojai35 NR37791119894804862NR1961481441761546724811122530NRNR39NR42706705884407833402811432234  Jorhat40 36408011511510510050741812031601541601326020812162840NRNR55NR5478714NR102408042423012572035  Bongaigaon43 NR358311897110904770NR184152150165NR6032210142435NRNR37NR6076NRNR9032NR40NR3018552040  Morigaon40 4040831291201101004865195190159154159137602331014254050NR40NR501057256089468045372515702540  Sonari41 4342100122NR110984978NR207NR176NRNR7422012143135NRNR36NR6092NRNR85458043423015541835  Tamulpur36 363685127110112884876NR195152147NR1336725010122950NRNR36NR4177710NR7630NRNRNR2812402838  Sivasagar45 405090114113117974976NR2032031611941506025311122242336355NR58956856190408037563612502245  Biswanath Chariali36 NR4192121NR1201024977NR146NR140NRNR6123311212654NRNR41NR45120NRNR80409050403020702027  Dibrugarh35 NR34811261251061014875NR197153190204NR5820312153157NRNR36NR55877605884537746443213582038  Karimganj38 NR4080112118103804875NR203NR153208NR7023814202958NRNR40NR63130NR588455NR38NR2615502540  Majuli34 384292125911101005070NR187NR146NRNR6026015162842NRNR40NR42120NRNR84407045NR3215403040  Sonitpur Tezpur37 304185115100110854769NR203NR186208NR4931010182742NRNR40NR45807496284409650603017802040  Haflong36 NR4590120NR115905075NR168NR132168NR8027015203040NRNR45NR459075858904010040402518801640  AS-Lakhimpur39 NR3881112102110924973NR192156156161NR5819315142738NRNR40NR42886135984578137593213482538  Diphu35 NR3880110112110854975NR200NR153NR12190243131627354045376370827186290298045353015652040  Nalbari38 NR408512595110854870NR1981451651871265529710122550NRNR40NR40808205890408043503015733322  South Salmara Mankachar38 393880123NR113834775NR2121741631831326423312273028828642NR58NR805598237734550401955NRNR  Kamrup39 NR397911791103864870NR209NR1692031375721715142433NRNR38NR4578NR589024NR41402815552524  ManipurImphal51 4543931331281229354NRNR21920020520919810026225253163556345NR62727216491739535342017431635  ChandelNR NRNRNRNRNRNRNRNRNRNRNRNRNRNRNRNRNRNRNRNRNRNRNRNRNRNRNRNRNRNRNRNRNRNRNRNRNR JiribamNR NRNRNRNRNRNRNRNRNRNRNRNRNRNRNRNRNRNRNRNRNRNRNRNRNRNRNRNRNRNRNRNRNRNRNRNRNRNRNR  Kangpokpi53 NR45100147NR1401005577172165NR176176143NR273153047100NRNR45NR40977536096NR1204552442050NRNR  SenapatiNR NRNRNRNRNRNRNRNRNRNRNRNRNRNRNRNRNRNRNRNRNRNRNRNRNRNRNRNRNRNRNRNRNRNRNRNRNRNRNR  TamenglongNR NRNRNRNRNRNRNRNRNRNRNRNRNRNRNRNRNRNRNRNRNRNRNRNRNRNRNRNRNRNRNRNRNRNRNRNRNR ThoubalNR NRNRNRNRNRNRNRNRNRNRNRNRNRNRNRNRNRNRNRNRNRNRNRNRNRNRNRNRNRNRNRNRNRNRNRNRNRNRNR  UkhrulNR NRNRNRNRNRNRNRNRNRNRNRNRNRNRNRNRNRNRNRNRNRNRNRNRNRNRNRNRNRNRNRNRNRNRNRNRNRNRNR  ChurachandpurNR NRNRNRNRNRNRNRNRNRNRNRNRNRNRNRNRNRNRNRNRNRNRNRNRNRNRNRNRNRNRNRNRNRNRNRNRNRNRNR  KakchingNR NRNRNRNRNRNRNRNRNRNRNRNRNRNRNRNRNRNRNRNRNRNRNRNRNRNRNRNRNRNRNRNRNRNRNRNRNRNRNR  MeghalayaShillong37 403990130130120884977NR187183154NRNR7032030203353NRNR40NR401037916094608047552822872857  Tura36 NR4090140NR120905075NR191NR1672031328029318253860NRNR40NR60896925984608040532720703040  Jowai37 393990NRNR120875077NR154NR154NRNR8036015203350NRNR39NR39876815880608050403016703050  SohraNR NRNRNRNRNRNRNRNRNRNRNRNRNRNRNRNRNRNRNRNRNRNRNRNRNRNRNRNRNRNRNRNRNRNRNRNRNRNRNR  Mairang39 4040NRNRNR120905075NR154NR154NRNRNR39317203040NRNR40NR4098NR58846080505027171002070  Nongpoh35 NR3990145NR123855075NR154NR154NRNR7035315203253NRNR40NR43987036096608350573320732757  Khliehriat35 393993128NR114865076NR152NR150NRNRNR31330203038NRNR39NR44737435983487758422815732040  Williamnagar35 4035108148NR118885070NR187NR161NR1317831815284057NRNR38NR62877475784688040702020802045  Nongstoin32 4141NRNRNR120885076NR154NR154NRNRNR36015193757NRNR43NR44976815887708054552615822347  Mawkyrwat35 4545NRNRNR120855075NR170NR165NRNRNR37016203050NRNR45NR45987036090809550404020773553  MizoramAizawl50 425010715313013393558027126025616124415210052030475075NRNR50NR709070360906590100906040672747  Lunglei50 40501251801801501105582NR24020912120113210048630404590NRNR50NR5011568060100659575603020803070  Kolasib50 404595120140140935580NR242NR14320313210048330303780NR4045NR7012072560906098100803635503070  Mamit45 NR50128174NR128985380165NR120132126NR140434303053100NRNR45NR9812654865905812550705034634750  Champhai50 50521001331471401075580NR231230154NRNR10055330325087NRNR47NR10016074560965097103804220772573  Serchhip45 NR49113NRNR1301005080NR264NR154NR14310052030305060NRNR55NR8016063360965310780903023603065  Siaha55 NR501031571381481025580NR253219143NR110100250304057117NRNR5010095110631601007380NR606040883070  Lawngtlai50 45501001601401401005080NR253NR143NR132110480304060120NRNR50NR801406606010080100NR9060401003070  Hnahthial53 4550NR1471501331035280NR257NR143NRNR12050030304380NRNR50NR9014065960966593NR905020752870  Khawzawl42 405093135135130955082NR198145145NR13213747230425283NRNR50NR681276336098629022655833873538  Saitual54 4550107NR140NR1005580NR209NR157NRNR12051330324780NRNR50NR90100NR589580100NR905022803070  NagalandKohima50 4545103150130130905577NR154176165NRNRNR35020254060NRNR45NR90907146092508070605015803560  DimapurNR NRNRNRNRNRNRNRNRNRNRNRNRNRNRNRNRNRNRNRNRNRNRNRNRNRNRNRNRNRNRNRNRNRNRNRNRNRNRNR  Tuensang37 3855100NRNR1209550NRNR191NR200NRNRNRNR20255050NRNR50NR50100NR58924210035905030603570  Mokochung48 NR601001501401201005074NR154170154NRNR7534015204050NRNR60NR7012079160805010070704020502060  Chumukedima40 NR3690142148140905077NR255198187198NR8031518274545NRNR40NR85125650701154790NR823732603465  Mon40 NR60100NRNR1251006070NR154NR165NRNR8034018204050NRNR60NR7065NR608050NRNR654520502050  Peren38 454590NR120120955070NR154NR154NRNR12032020204535NRNR55NR701136516096388040704720852740  Phek40 50501001501401301005072NR163NR165NRNR8035020NR5057NRNR50NR10010063068NR6010060635630402050  Tseminyu50 NR57NRNRNR137975570NR150NR152NRNRNR38015234750NRNR53NR8090714608750NRNR904219NR2062  Wokha52 NR6897NRNR120975074NR158NR158NRNRNR30015304040NRNR70NR8010075860845010060654015702560  Zunheboto55 NR50NR163NR110904575NR142NR154NRNR6024018234077NRNR55NR75NR703NR826012030704025603358  Kiphire38 NR60120155140120905570NR154NR165NRNR7534518203553NRNR45NR85956486585589080755515402070  Longleng38 4050NR150NR1201005075NR163NR165NRNR8035020254850NRNR62NR7212072060967012040755017503075  Niuland38 NR45NR130120120905060NR143NR154NRNRNR32015203045NRNR40NR60100NR658430NR40503515302540  Shamator42 5060110150NR1301006080NR165NR170NRNR8035520305060NRNR60NR651206926010850100NR954020502060  Noklak40 5063120NRNR1401005580NR165NR165NR14380NR20255050NRNR60NR8213076959946010062703520502090  SikkimGangtok45 404193NRNR123955568NR209143137198NR6530020253545NRNR45NR6011076958966010049533023603050  Gyalshing45 384090NRNR120905568NR209143170192NR6030020203045NRNR42NR6511064058846010050452523652050  Namchi45 4042100NRNR1201005268NR220154143192NR6536023253045NRNR45NR801206815880709050533020702050  Soreng45 404090NRNR1201005568NR220142165NRNR6019020253050NRNR40407011071462968010035402020702050  Mangan45 3840100NRNR130905568NR220154170NRNR6046020253050NRNR40NR701207036296609042503023702550  Pakyong45 4040110NRNR130955568NR209148165187NRNR30024203050NRNR45NR701207035896809050603023802550  TripuraAgartala37 NR4079123119901304979NR1981701871961548023510172840NRNR40NR50807476588509347372915703029  Dharmanagar38 NR4283124117971305075NR203NR189NR1716924310192850NRNR42NR48907106288389245422714752636  Belonia39 NR4381125120891315082NR199NR1881991578524213202842NRNR42NR52827476590529548403217883030  TR-Udaipur40 NR4280125120921325080NR2001711891981568223610203045NRNR45NR50827516692559649393116733230  Ambassa39 NR4082126123941315180NR2011751901981578224210193042NRNR40NR51827696587489249383115483231  SOUTH ZONESOUTH ZONE  Andhra PradeshVijaywada46 444778140123104904760200156142NR19714455287162725334143425145946045860388822392318482040  Visakhapatnam47 424382121125111834858192193152NR19115965250161423344044454845887256066358835372315502440  Kurnool50 41457911511110988456019319813713019313655323173123313739434941937516169178636382313253348  Tirupathi50 44458310810510990435817218313416816212461308203232273943414345876415571448524402017483133  JammalamaduguNR NRNRNRNRNRNRNRNRNRNRNRNRNRNRNRNRNRNRNRNRNRNRNRNRNRNRNRNRNRNRNRNRNRNRNRNRNR DharmavaramNR NRNRNRNRNRNRNRNRNRNRNRNRNRNRNRNRNRNRNRNRNRNRNRNRNRNRNRNRNRNRNRNRNRNRNRNRNR Ongole49 434582119117109884658180180142NR18113657300153024313742424644857186274298133382116512035  Bapatla48 444383111121106844558183NRNRNR18113752287153121303342414543907635965318230352216502231  Rajahmundry46 444576118106106854460196209136NR18913751205162020364042434644905756072368441312312322138  Eluru45 41437411810110786446019221313916419114154207192625393944395044868135862427930302316302543  Guntur44 434580110115110854552187187126NR181137501951123232235354040407755248603058NR301613291834  Amalapuram45 44458411511010985466018719513714819813855292193528203232454747856796068488635372519482525  Nandyala54 44397811610710892446119721614615419114757277153119273338395142837436471318543383018261640  Parvathipuram48 444385114115105874760191195141NR18313358274201822324043444545877585968288534361918403234  Sri Sathya Sai45 42417510810410283446018819713715617713755320153020293541414743886725875308326352016522533  Nellore49 404378115115107894558186203143NR19215155260183025233540454943808156067298135372116352030  Srikakulam46 3845801201181078044561941971351551691325833111202630NRNR444950816735584378934391817552030  Vizianagaram46 424280110110103864460179191132NR18212555275191920233740434241806596063348029312116322038  Anakapalli55 404280120125107854969201209148NR203145522471915304140414040401137146272357634332217452029  Bhimavaram50 40418312011110586456019620314614819113355285192824373238444544887915467368838381917352636  Chittoor49 434784105108109954654181198154NR170132603451532182636375050551106776575358329301915423747  Kakinada47 424279117113107874463194212144NR19413955293182525243640424444916406367398433372115491931  Machilipatnam50 4345841151001078844631691791331681691145033815231831324344424490NR6158358531281712243536  Narasaraopeta45 44448310210410484446316018915416117012050266173320373444424343927724971348233331818502541  Paderu55 404583120112107855060194194150NR1981265030019302542NRNR404742906746072356233341913522032  RayachotiNR NRNRNRNRNRNRNRNRNRNRNRNRNRNRNRNRNRNRNRNRNRNRNRNRNRNRNRNRNRNRNRNRNRNRNRNRNRNRNR  AnantapuramuNR NRNRNRNRNRNRNRNRNRNRNRNRNRNRNRNRNRNRNRNRNRNRNRNRNRNRNRNRNRNRNRNRNRNRNRNRNRNRNR  YSR Kadapa48 42418110410210787446117418914516417912556301193025273840424842917436269308329362017392830  KarnatakaBengaluru48 41437610511210386485118620914115218615361250162626373941415045927695967397739352815322530  Dharwad44 42447812011810486435418217413514317414644268262625334845465346887695574507830433315342838  Mangalore52 43448312212911188435520919915317018814653198143124323955444747887645981478334362517622142  Mysore49 455475117117108904448209213190170190156563602225244647514152406671759734510740353219723043  Bengaluru (East Range)48 45419012911811788475019622314016119516562262183227384848445245927516085478232422418502533  Belagavi46 41438011411810486455420318213818119815146258162423265051414443817695483418029592014372625  Kalaburagi52 44448512512011890455318116716313118714755206172510414041404945917146056456934602515502025  Tumakuru53 454185123130110108455520421614516019014350232212525454753465045777325981308529422317503040  Bellary50 44428712612010888445421420314915018016153308242415373840404743977405663227728342618502826  Dhavanagere52 44508111411511086465320120813314819215955297272420404155435545877655572417137422216261827  Shivamogga54 414693131128123122445420420215014820014850238242119214852474952987455977238632402815321921  Vijayapur52 41448512012212084425423322715619219813949243142720323641425544857696387609043433812482240  Ramanagara41 43448711411810590444817721413314218014750193152829404544474243907456279409033502115502732  Raichur51 43438011012210584446020119917517118512655216152018244749454545947215280489240483917432027  Chamarajanagar53 42468212211710798434821720914812218913941190182726424756564856917145767409437734319693243  Kolar45 414288122120120964352216209163169196151532591326213042424843451007136073348033423415402038  Haveri50 42458512012012090NRNR187176165187192137NRNRNR2525454255404540807056072408030403015353030  Bagalkot46 44448411410311895445319417812615214012647245203127285246395243767565880485827373523582627  Bidar59 41417911811710882435319118713216818216258267112719293939395739787016183538329392919532137  Koppal44 43438811512011193455418817613815318115445235153515203543424643927045880329035352415492525  Mandya45 41458311112912097445221523114417018715557251152517404046444743957145678308129382915402020  Yadgir47 47478211712210787455619818716515418714249196163020304351454544957695762436630372724482444  Chikkamagalur47 41458511712311189455418220115315516813451203162621394546474846957156182578736432416433134  Bangalore Rural46 43538812012210787465021218112915217913456254172520404945484552987185772258136502420252136  Chikkaballapur49 46448211211811788445122920914517019815454288152924284042454344977405976288730412115313143  Chitradurga54 44508612312011890465321121314315619515460293263012384551425546887315576456536472216602040  Gadag51 43457911812410688445320818413313515614346236193121323742404843887116072688738373919282432  Hassan50 45518912812911096465422319915115319515959239252118524244504750967276086367941352813361829  Kodagu49 43468711711911391465420118814515017714255249192723563843474747957525569457829372416572139  Udupi47 46519611711311497464920121016418016917551224223026334543464647927046277458338593422613333  Uttara Kannada47 48449612613012095474822619617517919814455280203029434548425244997695871559038403920412540  Vijayanagara51 444381119123116954351196198139NR187137482211525172434514651451007295962308636343014461927  KeralaT.Puram56 4244951351341259047522862201981441981437326014332758485548544995NR6172489032452717402050  Ernakulam50 4043100138130132924856233231196NR200170652321533305045604860NR1057866578478050412916504545  Kozhikode48 50451031401401301004653NR220165NR2001756225015242540NRNR435647107725NR78508443352615453046  Thrissur56 484895141133135864754NR255209NR204172682711834335453574956571167385778508237492515532244  Palakkad42 484487128119118844650234214192NR19116855225123124375350484949877075874388446433015483640  Wayanad49 50481061421401421064552NR243213NR2112006123515302447NRNR4870491187826179418443502918463154  Kasargod50 50601091401421331054462NRNR214NR1961576127315252240NRNR4559471077805675397840403917522841  Kottayam56 4451100137119105954756NR226201NR1961636723916322149NRNR5255521127276174498245403415453545  Pathanamthitta56 4146107126128135934753NR231214NR2061877626015362767NRNR5157NR1407255877608042454418604048  Alapuzha50 4971117147133NR1234652NRNR193NR1941676723815382454NRNR516575NR7366281618342452817483144  Kollam49 454495128128127904752NR240188NR200175652281537275560554757539267361775810746412015504040  Idukki57 454595133NR120884560NR217208NR2021746823014402860NRNR4858451007625879588040402917453842  Kannur52 49471071411371401014456NRNR208NR19615763273183024404545475248117NR5871498147413319452345  Malapuram50 5044901321331201004556270233195NR20315659NR1330254350504652471037475978478041372714504255  PuducherryPuducherry44 5258851311241201014650209224166126188156645252536322342554555681209236665549034372215692531  Tamil NaduChennai58 444177122118108864640207227165NR19116468293273027304150485249889166178608443382814504740  Madurai58 476877126124108924745209206194NR197171642633031273534375953511177596780318737432614422337  DindigulNR NRNRNRNRNRNRNRNRNRNRNRNRNRNRNRNRNRNRNRNRNRNRNRNRNRNRNRNRNRNRNRNRNRNRNRNRNRNRNR  Thiruchirapalli60 495398139132127994947227NR186NR192149693053029253541555554551047956971409544363516503041  Coimbatore53 434481126121113784540232192167NR191163582672738253637514951541057976075458543372814473044  Tirunelveli47 525489122123108824444236209177NR185147522672623273340455251521057827072378232332513423233  Cuddalore54 494586135130121964550187198182NR192139602932730282735524850501016915872378339332613412037  Dharmapuri54 444276133125106804543217NR143NR192153522752630283041484848491106907273307840332514403243  Vellore60 454893139124117864440209228168NR19215860NR2828233343554454531067696077429141372914623837  Ramanathapuram61 416876121121104954644232NR177NR194166552813140315141514951561177737472508345332913503534  Erode52 484385119122108844544221222174NR193171554402739293638525256581057626475428242322614262536  Karur54 536784129128112904547236211175NR188145622971732324840465652571047256574439539432822653539  Perambalur49 NR6792131130111874643204211180NR20016956NR2927283642605550561117475868308835382614483042  Pudukkottai55 456683127130118NR4740258NR179NR192152586982840254041535154521088636472309743382714604040  Sivagangai51 456893132130121944744252NR219NR196170552922950304339565855611107618572438345372715534328  Thanjavur53 4750921351271201004644232236178NR195155513002729293341504851481248947778479039392814522836  The nilgiris57 495299140139135934854240238165NR19815465203294328454750525253848087175459527723930472835  Thoothukudi50 436581121125110904646220219181NR195165553201030253035506055621138686178358743362713453537  Viluppuram51 474484130110111884648198203169NR19116760NR283027303550455048908356875308645343112384042  Virudhunagar58 466684125121109784745238233183NR197172592932837325137535355531077295761328141321513622324  Kanniyakumari60 375380123124107764541220220179NR196159572582525244032393752401037696072408235282313353535  Namakkal63 476190130130118904544198215167NR19515856NR2635273741405149471136647170407944393112603860  Tiruvannamalai53 454885139128118884643227201172NR190157603102832223444584751561138396272448939472913482436  Tiruvarur62 486589119119119NR4444242186185NR16214053NR2035333746514851621227146560409039491820452425  Tiruppur58 4854101143135121814743230223168NR19115960265282926434452605560947256075288347412218572422  Tenkasi56 465978118119111NR4546233NR166NR18216260275303030403652565855987956478408841412613493040  Nagapattinam52 4967961291281231014744231240178NR19315656NR2531253548504953511178756472509439503415572432  Krishnagiri55 464186130129116894544208202155NR192157593152829243038404348451006155078369626402912531937  Ariyalur53 NR6590128125107904744231209172NR187163602932640405045455255521088356575389036492414522536  Kallakurichi48 496785128113115874645236218174NR19715858NR2835233340504948471038837471278745353014403744  Kancheepuram55 516687136128120974544211203183NR19215470NR2835254042565253541027845378409143392914453435  Salem55 484895128121133994445212NR176NR17415248280NR3929494553455548837147068438342382516452732  Theni58 456179131125109854445223220161NR17514655284273029394058525752937917072409139322612492637  Chengalpattu56 475696124121126904644210204175NR16413964NR2832324741495147531137845273478531401913431930  Mayiladuthurai60 506598137117113NR4545201203198NR194146603402730274245454650631138577078409235422514602235  RanipetNR NRNRNRNRNRNRNRNRNRNRNRNRNRNRNRNRNRNRNRNRNRNRNRNRNRNRNRNRNRNRNRNRNRNRNRNRNRNRNR  Tirupattur49 434785121119119894340212236171NR19214455310293228283236413646927696468328635372415553038  Tiruvallur55 446686128121119904440208208169NR19215663298273529353660595259987546078498031412113493936  TelanganaHyderabad50 44428011011010485436819020314818119214862250202521383564445144906045853408145312315502541  Karimnagar48 395076115120107844460192203153NR195153562982523223646454054428663758704410437342416392131  Warangal54 424984122121106874460194203143153198144562751827242637414054418556060653611745352413352538  Adilabad60 444593121115116934571189184178180185146622902527213234434247377973257724710047382315422241  Suryapet46 424585120119109974465190183179182194141632652024243637574147368759060654010046382315462645  Jadcherla52 38488511812311390446019015914814318714355292183719243340395341825275368319043372215342542  Khammam57 475089125128117954366183166126161183142532972032242235463551348751758693010243432316422542  Medchal44 454775131128114784564190216155159198145502502027202540444453449053861783511543352617453640  Nizamabad50 424480123123111854660202202199170194141582492331233738494247418262565723610245342519433040  Sangareddy59 485282123123110924564187189139NR193137604122533222437585155489565959654010443392416562448  Kothagudem49 444991130123124924768185NR142NR19814058348313521344355455555957445869418739302312422743  LadakhLeh50 NRNR1401821501271305060NR242NRNRNRNR8064030505082NRNR68NR4412267758746310337613918905050  Kargil45 NR40127135115NR904866NR159160159NRNR476502840407460NR50NR4510067764846010080805321956060  Commodity NameCommodity NameRiceRiceWheatAtta (Wheat)Gram DalTur/Arhar DalUrad DalMoong DalMasoor DalSugarMilk @Groundnut Oil (Packed)Mustard Oil (Packed)Vanaspati (Packed)Soya Oil (Packed)Sunflower Oil (Packed)Palm Oil (Packed)GurTea LooseSalt Pack (Iodised)PotatoOnionTomatoBajra(whole)Jowar(whole)Maida(wheat)Ragi(whole)Suji(whole)BesanDesi GheeButter(Pasteurised)EggsBrinjalBlack Pepper(whole)Coriander(whole)Cummin Seed(whole)Red Chillies(whole)Turmeric(powder)BananaGIngerGarlic  Average Price1Average Price143.15 30.8536.7385.1122.45118.03111.3689.7846.5759.86200.9189.01161.2159.3185.56144.3157.9274.6221.7220.8625.3634.8537.7743.9641.8654.8646.8495.54685.9459.0978.9240.1787.4838.7641.0128.6816.4848.0426.6436.88  Maximum Price1Maximum Price163 5371140182180150132608228926425621824420014069841606012082867010310016093085120117130103956040100100100  Minimum Price1Minimum Price127 2228659088816940401561421191211261003515510510101522303131655074549175821261510241416  Modal Price1Modal Price140 27358012012011090456019820314815418713255260282025304040405540907696084408040403015402040  Source:- State civil supplies Dept.Note:- All India Consumption Weighted Average Prices of Oils w.e.f 23-Feb-2022 and Wheat and Atta w.e.f 25-Feb-2023 NR -> Not Reported Unit for Black Pepper (powder),Coriander (powder),Cummin Seed (powder),Red Chillies (powder),Turmeric (powder),Butter (Pasteurised) - Rs/100gm Unit for Eggs - Rs/Dozen Developed by:- National Informatics Centre(NIC)",,,,,,,,,,,,,,,,,,,,,,,,,,,,,,,,,,,,,,,,,,,2026-05-12
"Source:- State civil supplies Dept.Note:- All India Consumption Weighted Average Prices of Oils w.e.f 23-Feb-2022 and Wheat and Atta w.e.f 25-Feb-2023 NR -> Not Reported Unit for Black Pepper (powder),Coriander (powder),Cummin Seed (powder),Red Chillies (powder),Turmeric (powder),Butter (Pasteurised) - Rs/100gm Unit for Eggs - Rs/Dozen Developed by:- National Informatics Centre(NIC)",,,,,,,,,,,,,,,,,,,,,,,,,,,,,,,,,,,,,,,,,,,2026-05-12
Source:- State civil supplies Dept.,Note:- All India Consumption Weighted Average Prices of Oils w.e.f 23-Feb-2022 and Wheat and Atta w.e.f 25-Feb-2023,NR -> Not Reported,,,,,,,,,,,,,,,,,,,,,,,,,,,,,,,,,,,,,,,,,2026-05-12
"Unit for Black Pepper (powder),Coriander (powder),Cummin Seed (powder),Red Chillies (powder),Turmeric (powder),Butter (Pasteurised) - Rs/100gm","Unit for Black Pepper (powder),Coriander (powder),Cummin Seed (powder),Red Chillies (powder),Turmeric (powder),Butter (Pasteurised) - Rs/100gm",,,,,,,,,,,,,,,,,,,,,,,,,,,,,,,,,,,,,,,,,,2026-05-12
,Unit for Eggs - Rs/Dozen,,,,,,,,,,,,,,,,,,,,,,,,,,,,,,,,,,,,,,,,,,2026-05-12
Developed by:- National Informatics Centre(NIC),Developed by:- National Informatics Centre(NIC),,,,,,,,,,,,,,,,,,,,,,,,,,,,,,,,,,,,,,,,,,2026-05-12
,,,,,,,,,,,,,,,,,,,,,,,,,,,,,,,,,,,,,,,,,,,2026-05-12
