State,Centre,Rice,Broken Rice,Wheat,Atta (Wheat),Gram Dal,Tur/Arhar Dal,Urad Dal,Moong Dal,Masoor Dal,Sugar,Milk @,Groundnut Oil (Packed),Mustard Oil (Packed),Vanaspati (Packed),Soya Oil (Packed),Sunflower Oil (Packed),Palm Oil (Packed),Gur,Tea Loose,Salt Pack (Iodised),Potato,Onion,Tomato,Bajra (whole),Jowar (whole),Maida (wheat),Ragi (whole),Suji (whole),Besan,Desi Ghee,Butter (Pasteurised),Eggs,Brinjal,Black Pepper (whole),Coriander (whole),Cummin Seed (whole),Red Chillies (whole),Turmeric (powder),Banana,Ginger,Garlic,Date
Unit,Qty,1 Kg,1 Kg,1 Kg,1 Kg,1 Kg,1 Kg,1 Kg,1 Kg,1 Kg,1 Kg,1 ltr,1 Kg,1 Kg,1 Kg,1 Kg,1 Kg,1 Kg,1 Kg,1 Kg,1 Kg,1 Kg,1 Kg,1 Kg,1 Kg,1 Kg,1 Kg,1 Kg,1 Kg,1 Kg,1 Kg,100 gm,Dozen,1 Kg,100 gm,250 gm,100 gm,100 gm,50 gm,1 Kg,100 gm,100 gm,2026-05-31
Average Price,Average Price,42.4,,31.12,37.16,83.58,121.52,117.88,110.65,88.23,46.3,59.51,202.25,190.22,160.69,161.24,186.09,146.88,56.86,263.3,21.97,20.25,24.37,35.51,38,44.02,40.88,55.3,44.93,94.53,687.83,59.09,78.51,39.3,86.92,38.43,40.14,28.9,16.23,47.46,27.78,36.11,2026-05-31
Maximum Price,Maximum Price,63,,51,68,125,180,180,150,137,60,83,277,260,256,200,244,187,137,698,41,50,60,120,82,86,60,103,100,160,905,85,108,95,126,100,90,60,40,100,57,72,2026-05-31
Minimum Price,Minimum Price,29,,23,27,70,97,89,83,70,41,40,164,147,123,121,136,100,35,155,10,9,8,10,15,25,31,31,33,70,518,47,49,18,58,23,29,16,10,23,16,16,2026-05-31
Modal Price,Modal Price,40,,28,35,80,120,119,110,90,45,60,187,203,170,154,187,132,55,250,30,20,25,40,35,40,40,55,40,90,769,60,84,40,90,30,40,30,15,40,22.5,40,2026-05-31
NORTH ZONE,NORTH ZONE,,,,,,,,,,,,,,,,,,,,,,,,,,,,,,,,,,,,,,,,,,2026-05-31
Chandigarh,Chandigarh,43,,34,40,84,122,116,111,89,46,59,209,203,170,167,190,148,57,264,28,10,25,35,37,44,41,55,46,95,633,59,72,38,87,37,40,28,16,48,24,30,2026-05-31
Delhi,Delhi,41,,33,35,88,130,128,113,90,47,59,219,195,187,196,224,172,60,235,28,14,28,25,34,39,39,56,41,95,641,58,72,50,93,36,30,30,14,50,43,43,2026-05-31
Haryana,Hisar,40,,30,34,85,127,112,110,88,45,61,216,183,165,161,183,132,55,252,28,20,22,23,27,38,39,62,40,90,628,60,76,50,82,40,39,34,15,68,28,50,2026-05-31
Haryana,Karnal,NR,,NR,NR,NR,NR,NR,NR,NR,NR,NR,NR,NR,NR,NR,NR,NR,NR,NR,NR,NR,NR,NR,NR,NR,NR,NR,NR,NR,NR,NR,NR,NR,NR,NR,NR,NR,NR,NR,NR,NR,2026-05-31
Haryana,Panchkula,NR,,NR,NR,NR,NR,NR,NR,NR,NR,NR,NR,NR,NR,NR,NR,NR,NR,NR,NR,NR,NR,NR,NR,NR,NR,NR,NR,NR,NR,NR,NR,NR,NR,NR,NR,NR,NR,NR,NR,NR,2026-05-31
Haryana,Gurgaon,39,,32,34,81,144,NR,119,86,45,57,NR,186,NR,153,185,119,55,300,26,12,25,35,25,28,35,37,45,85,534,60,62,25,90,36,50,30,16,70,50,50,2026-05-31
Himachal Pradesh,Shimla,40,,NR,34,85,125,127,118,85,51,60,231,220,179,172,NR,NR,54,240,30,20,30,30,30,NR,39,NR,39,93,703,58,76,38,83,37,41,25,17,50,33,50,2026-05-31
Himachal Pradesh,Mandi,39,,NR,36,77,123,130,118,87,50,62,226,213,185,172,193,NR,50,260,30,17,29,25,34,NR,37,NR,38,95,682,58,84,33,85,40,36,30,16,54,33,40,2026-05-31
Himachal Pradesh,Dharamshala,35,,NR,29,84,126,124,118,85,48,44,NR,213,163,159,NR,NR,53,235,28,20,25,25,32,NR,34,55,40,93,590,59,70,40,97,49,42,34,15,60,30,40,2026-05-31
Himachal Pradesh,Solan,40,,NR,33,74,121,122,116,91,48,55,220,214,176,157,181,NR,53,230,30,20,25,30,35,37,37,NR,37,93,630,59,77,50,89,39,35,34,17,52,40,42,2026-05-31
Himachal Pradesh,Una,40,,NR,33,77,112,123,104,87,47,69,NR,180,188,182,NR,NR,52,231,29,15,27,21,34,NR,34,NR,35,98,692,59,82,27,95,44,34,29,15,55,37,34,2026-05-31
Himachal Pradesh,Bilaspur-hp,41,,NR,35,80,122,133,118,86,48,64,NR,176,187,185,NR,NR,49,200,29,15,28,28,33,55,37,59,37,80,725,58,84,33,87,39,31,33,13,55,37,40,2026-05-31
Himachal Pradesh,Chamba,37,,NR,38,84,117,121,117,88,51,55,NR,190,165,169,NR,NR,54,218,30,20,29,30,51,61,38,61,38,89,626,60,83,33,85,49,35,37,19,55,33,52,2026-05-31
Himachal Pradesh,Hamirpur-HP,38,,NR,33,75,118,122,118,82,49,70,NR,211,181,167,NR,NR,52,265,30,19,27,22,33,43,36,NR,35,83,619,58,84,33,87,39,37,28,14,52,30,37,2026-05-31
Himachal Pradesh,Kullu,40,,NR,34,81,127,122,109,81,48,40,NR,213,165,184,NR,NR,52,220,30,23,30,30,NR,NR,35,NR,35,102,699,59,90,47,88,32,30,21,13,55,40,53,2026-05-31
Himachal Pradesh,Sirmour,40,,29,30,78,117,114,109,86,48,50,212,184,174,146,146,104,48,273,28,22,30,42,36,NR,35,NR,36,100,610,58,70,45,92,33,45,32,18,56,31,35,2026-05-31
Himachal Pradesh,Kinnaur,37,,NR,37,78,128,127,111,85,50,60,NR,217,170,147,NR,NR,50,260,30,30,35,40,NR,NR,38,NR,42,83,875,58,90,50,93,50,45,40,15,52,40,60,2026-05-31
Himachal Pradesh,Lahaul & Spiti,41,,NR,41,98,118,119,113,100,50,52,NR,197,175,NR,NR,NR,49,480,28,34,47,57,NR,NR,35,NR,35,80,600,62,97,38,80,34,35,26,15,57,27,32,2026-05-31
Jammu and Kashmir,Srinagar,NR,,NR,NR,NR,NR,NR,NR,NR,NR,NR,NR,NR,NR,NR,NR,NR,NR,NR,NR,NR,NR,NR,NR,NR,NR,NR,NR,NR,NR,NR,NR,NR,NR,NR,NR,NR,NR,NR,NR,NR,2026-05-31
Jammu and Kashmir,Jammu,NR,,NR,NR,NR,NR,NR,NR,NR,NR,NR,NR,NR,NR,NR,NR,NR,NR,NR,NR,NR,NR,NR,NR,NR,NR,NR,NR,NR,NR,NR,NR,NR,NR,NR,NR,NR,NR,NR,NR,NR,2026-05-31
Jammu and Kashmir,Poonch,NR,,NR,NR,NR,NR,NR,NR,NR,NR,NR,NR,NR,NR,NR,NR,NR,NR,NR,NR,NR,NR,NR,NR,NR,NR,NR,NR,NR,NR,NR,NR,NR,NR,NR,NR,NR,NR,NR,NR,NR,2026-05-31
Jammu and Kashmir,Kupwara,NR,,NR,NR,NR,NR,NR,NR,NR,NR,NR,NR,NR,NR,NR,NR,NR,NR,NR,NR,NR,NR,NR,NR,NR,NR,NR,NR,NR,NR,NR,NR,NR,NR,NR,NR,NR,NR,NR,NR,NR,2026-05-31
Jammu and Kashmir,Udhampur,NR,,NR,NR,NR,NR,NR,NR,NR,NR,NR,NR,NR,NR,NR,NR,NR,NR,NR,NR,NR,NR,NR,NR,NR,NR,NR,NR,NR,NR,NR,NR,NR,NR,NR,NR,NR,NR,NR,NR,NR,2026-05-31
Jammu and Kashmir,Shopian,NR,,NR,NR,NR,NR,NR,NR,NR,NR,NR,NR,NR,NR,NR,NR,NR,NR,NR,NR,NR,NR,NR,NR,NR,NR,NR,NR,NR,NR,NR,NR,NR,NR,NR,NR,NR,NR,NR,NR,NR,2026-05-31
Jammu and Kashmir,Samba,NR,,NR,NR,NR,NR,NR,NR,NR,NR,NR,NR,NR,NR,NR,NR,NR,NR,NR,NR,NR,NR,NR,NR,NR,NR,NR,NR,NR,NR,NR,NR,NR,NR,NR,NR,NR,NR,NR,NR,NR,2026-05-31
Jammu and Kashmir,Ramban,NR,,NR,NR,NR,NR,NR,NR,NR,NR,NR,NR,NR,NR,NR,NR,NR,NR,NR,NR,NR,NR,NR,NR,NR,NR,NR,NR,NR,NR,NR,NR,NR,NR,NR,NR,NR,NR,NR,NR,NR,2026-05-31
Jammu and Kashmir,Rajouri,NR,,NR,NR,NR,NR,NR,NR,NR,NR,NR,NR,NR,NR,NR,NR,NR,NR,NR,NR,NR,NR,NR,NR,NR,NR,NR,NR,NR,NR,NR,NR,NR,NR,NR,NR,NR,NR,NR,NR,NR,2026-05-31
Jammu and Kashmir,Kishtwar,NR,,NR,NR,NR,NR,NR,NR,NR,NR,NR,NR,NR,NR,NR,NR,NR,NR,NR,NR,NR,NR,NR,NR,NR,NR,NR,NR,NR,NR,NR,NR,NR,NR,NR,NR,NR,NR,NR,NR,NR,2026-05-31
Jammu and Kashmir,Doda,NR,,NR,NR,NR,NR,NR,NR,NR,NR,NR,NR,NR,NR,NR,NR,NR,NR,NR,NR,NR,NR,NR,NR,NR,NR,NR,NR,NR,NR,NR,NR,NR,NR,NR,NR,NR,NR,NR,NR,NR,2026-05-31
Jammu and Kashmir,Baramulla,NR,,NR,NR,NR,NR,NR,NR,NR,NR,NR,NR,NR,NR,NR,NR,NR,NR,NR,NR,NR,NR,NR,NR,NR,NR,NR,NR,NR,NR,NR,NR,NR,NR,NR,NR,NR,NR,NR,NR,NR,2026-05-31
Jammu and Kashmir,Reasi,NR,,NR,NR,NR,NR,NR,NR,NR,NR,NR,NR,NR,NR,NR,NR,NR,NR,NR,NR,NR,NR,NR,NR,NR,NR,NR,NR,NR,NR,NR,NR,NR,NR,NR,NR,NR,NR,NR,NR,NR,2026-05-31
Jammu and Kashmir,Kathua,NR,,NR,NR,NR,NR,NR,NR,NR,NR,NR,NR,NR,NR,NR,NR,NR,NR,NR,NR,NR,NR,NR,NR,NR,NR,NR,NR,NR,NR,NR,NR,NR,NR,NR,NR,NR,NR,NR,NR,NR,2026-05-31
Punjab,Amritsar,40,,28,32,82,137,135,112,90,46,59,238,198,176,158,192,NR,58,273,29,13,24,20,37,38,40,60,39,92,674,60,76,38,95,41,31,28,12,40,33,37,2026-05-31
Punjab,Ludhiana,38,,28,36,83,135,133,118,103,47,62,229,194,172,161,183,NR,57,280,28,15,27,25,34,48,39,62,49,92,604,52,80,48,92,40,42,23,19,47,42,40,2026-05-31
Punjab,Bathinda,40,,28,32,80,137,132,115,90,46,58,242,196,170,156,196,143,60,273,29,14,23,22,32,39,38,60,38,95,679,60,78,35,93,42,31,29,12,42,33,38,2026-05-31
Punjab,Barnala,NR,,NR,NR,NR,NR,NR,NR,NR,NR,NR,NR,NR,NR,NR,NR,NR,NR,NR,NR,NR,NR,NR,NR,NR,NR,NR,NR,NR,NR,NR,NR,NR,NR,NR,NR,NR,NR,NR,NR,NR,2026-05-31
Punjab,Hoshiarpur,36,,28,37,79,119,111,112,99,51,71,212,190,168,142,143,126,59,271,25,13,19,25,35,31,44,65,48,87,623,55,79,37,99,49,45,34,15,62,29,32,2026-05-31
Punjab,Faridkot,40,,28,32,80,130,135,110,90,47,61,223,174,170,148,193,132,58,280,30,20,22,20,32,44,40,65,40,80,667,57,72,45,89,48,36,27,14,50,40,40,2026-05-31
Punjab,Mansa,40,,27,33,87,133,130,118,92,46,62,NR,183,174,156,174,133,58,278,29,15,23,22,38,40,39,62,38,92,659,58,75,40,92,42,35,30,16,47,28,32,2026-05-31
Punjab,Sri Muktsar Sahib,41,,28,32,80,132,130,117,90,46,66,207,170,170,148,176,120,55,280,29,15,25,23,30,44,39,57,39,83,626,57,72,25,90,41,34,26,13,50,47,30,2026-05-31
Punjab,Dera Bassi,NR,,NR,NR,NR,NR,NR,NR,NR,NR,NR,NR,NR,NR,NR,NR,NR,NR,NR,NR,NR,NR,NR,NR,NR,NR,NR,NR,NR,NR,NR,NR,NR,NR,NR,NR,NR,NR,NR,NR,NR,2026-05-31
Punjab,Sangrur,40,,28,32,82,130,129,110,88,47,60,245,194,193,189,193,173,52,263,30,15,20,20,35,45,40,67,40,90,710,60,78,30,90,50,45,30,15,45,40,30,2026-05-31
Punjab,Ropar,NR,,NR,NR,NR,NR,NR,NR,NR,NR,NR,NR,NR,NR,NR,NR,NR,NR,NR,NR,NR,NR,NR,NR,NR,NR,NR,NR,NR,NR,NR,NR,NR,NR,NR,NR,NR,NR,NR,NR,NR,2026-05-31
Punjab,Amargarh,40,,28,32,80,130,125,110,85,47,60,244,192,190,192,195,178,52,250,28,13,20,20,35,45,40,NR,40,85,710,60,72,35,95,50,50,27,15,40,40,30,2026-05-31
Punjab,Fatehgarh Sahib,45,,30,35,90,130,113,113,113,44,60,216,179,186,150,178,110,57,293,30,12,25,47,28,45,32,65,40,93,604,58,78,45,95,45,48,38,19,50,23,32,2026-05-31
Punjab,Ferozepur,40,,30,34,90,130,120,120,100,46,65,236,177,176,154,198,132,60,365,30,15,25,23,40,50,40,60,40,90,714,60,60,20,100,55,34,32,15,35,45,45,2026-05-31
Punjab,Kapurthala,39,,30,39,70,127,120,110,92,45,65,231,198,176,148,187,154,57,293,30,10,20,20,43,48,40,58,43,93,681,60,80,32,95,32,35,35,13,48,35,25,2026-05-31
Uttar Pradesh,Lucknow,39,,29,35,75,120,119,90,75,46,60,203,181,154,176,181,154,60,260,20,18,20,30,30,35,36,56,36,90,613,59,79,35,88,38,40,26,15,40,29,30,2026-05-31
Uttar Pradesh,Kanpur,NR,,NR,NR,NR,NR,NR,NR,NR,NR,NR,NR,NR,NR,NR,NR,NR,NR,NR,NR,NR,NR,NR,NR,NR,NR,NR,NR,NR,NR,NR,NR,NR,NR,NR,NR,NR,NR,NR,NR,NR,2026-05-31
Uttar Pradesh,Varanasi,44,,27,37,90,123,127,107,85,49,72,213,189,179,187,205,179,65,248,21,17,22,28,40,61,37,NR,39,107,735,64,80,39,82,35,34,28,22,62,29,34,2026-05-31
Uttar Pradesh,Agra,45,,29,33,75,113,93,91,75,46,70,219,197,175,197,208,186,56,251,27,20,30,30,15,38,40,NR,40,98,788,62,85,40,80,45,30,35,15,38,25,41,2026-05-31
Uttar Pradesh,Jhansi,50,,28,34,83,138,128,112,87,49,60,218,181,172,157,207,132,53,228,21,20,25,37,32,38,39,67,43,93,670,58,80,37,89,41,40,30,15,40,23,43,2026-05-31
Uttar Pradesh,Meerut,36,,29,37,84,116,115,84,84,48,63,179,166,166,171,175,169,47,280,19,11,20,22,38,37,39,63,38,97,645,59,75,40,74,36,34,30,14,53,30,29,2026-05-31
Uttar Pradesh,Allahabad,49,,27,33,85,122,133,127,91,46,56,221,192,161,170,203,131,47,327,28,16,22,37,31,36,33,40,38,96,661,60,70,50,85,32,36,29,16,55,20,34,2026-05-31
Uttar Pradesh,Gorakhpur,39,,28,36,80,118,119,113,78,45,55,195,187,150,152,154,123,55,225,22,18,27,28,36,34,34,49,35,92,599,56,80,37,78,30,38,24,16,55,25,28,2026-05-31
Uttar Pradesh,Saharanpur,38,,25,31,82,116,112,108,88,45,58,NR,175,153,150,167,135,56,242,21,15,21,26,31,NR,37,NR,41,91,582,58,76,36,81,33,37,25,14,47,26,37,2026-05-31
Uttar Pradesh,Bareilly,36,,25,33,87,120,127,117,102,45,72,219,171,167,162,187,148,52,317,28,11,17,20,25,41,33,57,33,89,703,60,77,20,81,44,34,34,16,52,22,22,2026-05-31
Uttar Pradesh,Ayodhya,45,,30,34,90,117,118,115,87,49,60,198,198,187,176,174,143,60,230,24,20,30,32,45,45,47,58,45,100,685,60,72,40,90,48,44,38,20,50,20,31,2026-05-31
Uttar Pradesh,Moradabad,37,,25,31,81,114,113,106,84,41,56,193,162,139,153,151,138,51,236,21,12,24,39,38,39,35,53,37,86,648,54,72,32,83,32,38,26,18,50,19,36,2026-05-31
Uttar Pradesh,Aligarh,39,,28,34,82,116,114,106,84,43,56,191,184,152,149,178,137,52,247,20,17,21,29,34,39,38,48,42,91,613,54,74,36,85,34,39,25,15,45,21,35,2026-05-31
Uttar Pradesh,Mirzapur (Vindhyanchal),35,,25,32,82,115,110,104,83,45,48,185,170,150,137,149,111,50,220,22,20,25,31,29,40,36,50,40,93,666,62,83,35,82,30,38,25,15,45,35,34,2026-05-31
Uttar Pradesh,Banda,31,,27,29,75,107,111,102,75,48,55,224,180,168,145,182,119,58,158,19,11,19,29,34,55,35,68,39,78,582,60,80,22,88,29,31,28,21,48,32,35,2026-05-31
Uttar Pradesh,Azamgarh,NR,,NR,NR,NR,NR,NR,NR,NR,NR,NR,NR,NR,NR,NR,NR,NR,NR,NR,NR,NR,NR,NR,NR,NR,NR,NR,NR,NR,NR,NR,NR,NR,NR,NR,NR,NR,NR,NR,NR,NR,2026-05-31
Uttar Pradesh,Gonda (Devipatan),36,,25,33,85,122,128,117,87,44,56,207,196,156,163,172,128,53,253,20,13,23,25,38,37,34,62,45,98,619,58,82,37,82,34,40,25,20,47,20,27,2026-05-31
Uttar Pradesh,Amethi,34,,27,34,90,110,115,115,90,45,60,199,189,161,148,178,110,55,238,22,18,20,40,40,36,41,42,45,105,676,61,81,38,83,36,51,28,18,53,25,50,2026-05-31
Uttar Pradesh,Barabanki,39,,26,35,85,118,118,117,85,45,60,200,182,168,167,175,130,55,225,22,15,20,25,36,42,37,45,36,98,563,58,80,31,85,31,42,30,15,46,21,26,2026-05-31
Uttar Pradesh,Bhadohi,35,,27,35,81,115,123,117,82,47,68,212,192,179,150,178,123,69,215,22,19,23,23,33,39,37,49,40,78,674,62,72,30,90,36,39,30,16,43,20,35,2026-05-31
Uttar Pradesh,Chandauli,31,,25,32,76,112,118,108,75,44,55,200,176,165,131,179,121,59,247,19,12,24,24,37,52,34,60,37,82,634,56,80,30,84,32,39,27,16,49,25,39,2026-05-31
Uttar Pradesh,Farrukhabad,43,,26,31,82,100,117,110,90,45,66,225,192,159,155,209,121,49,195,19,13,18,24,24,25,35,NR,38,90,639,60,83,35,80,30,31,23,16,42,20,25,2026-05-31
Uttar Pradesh,Ghazipur,42,,26,36,85,129,119,114,90,47,63,191,179,147,154,174,140,61,269,24,13,23,32,31,39,45,56,47,98,698,58,84,33,86,39,41,27,17,51,23,28,2026-05-31
Uttar Pradesh,Jaunpur,43,,28,35,85,117,116,113,85,45,62,212,195,174,163,186,124,58,269,22,15,25,29,36,45,37,53,37,89,666,57,72,30,89,35,36,27,17,48,29,46,2026-05-31
Uttar Pradesh,UP-Pratapgarh,41,,30,34,81,115,118,117,89,46,51,212,192,167,164,167,128,59,255,20,11,24,31,35,31,39,40,39,97,546,58,73,38,88,36,36,27,16,39,21,39,2026-05-31
Uttar Pradesh,Sambhal,37,,26,30,86,107,98,100,87,45,57,197,177,153,140,152,139,51,252,18,10,20,20,30,NR,35,NR,35,96,650,58,79,23,79,31,43,29,16,35,33,30,2026-05-31
Uttar Pradesh,Santkabir Nagar,44,,24,35,82,108,103,102,77,45,67,200,200,123,146,178,116,49,265,30,12,21,25,29,30,34,78,43,98,734,61,84,33,100,30,52,29,20,48,26,27,2026-05-31
Uttar Pradesh,Shahjahanpur,32,,26,32,79,115,106,109,97,44,56,181,177,148,136,159,128,42,222,20,10,21,21,26,32,34,52,37,87,553,55,89,24,87,30,34,24,11,43,18,30,2026-05-31
Uttar Pradesh,Sitapur,37,,28,32,81,112,105,103,83,44,59,187,169,148,143,151,132,53,230,17,10,16,19,29,32,36,53,40,91,630,59,72,36,80,35,40,29,15,48,17,34,2026-05-31
Uttar Pradesh,Sultanpur,41,,30,35,85,120,114,109,88,44,56,199,186,160,156,181,142,55,267,20,18,23,32,35,41,39,52,44,94,635,57,76,36,85,35,39,26,15,45,25,35,2026-05-31
Uttar Pradesh,Unnao,42,,28,30,85,123,117,112,88,45,60,201,190,161,159,179,141,58,257,20,14,21,20,37,42,40,55,43,92,567,59,55,27,88,37,38,27,16,48,33,33,2026-05-31
Uttar Pradesh,Ambedkar Nagar,38,,25,35,78,119,127,128,88,45,63,220,203,159,160,162,139,64,200,28,12,25,30,38,39,35,76,40,88,720,61,71,37,80,35,40,30,20,57,25,35,2026-05-31
Uttar Pradesh,Amroha,NR,,NR,NR,NR,NR,NR,NR,NR,NR,NR,NR,NR,NR,NR,NR,NR,NR,NR,NR,NR,NR,NR,NR,NR,NR,NR,NR,NR,NR,NR,NR,NR,NR,NR,NR,NR,NR,NR,NR,NR,2026-05-31
Uttar Pradesh,Baghpat,44,,NR,31,83,130,127,118,95,44,70,196,178,161,157,161,130,52,210,28,15,22,30,34,50,35,67,40,95,604,60,85,40,83,33,35,25,12,40,21,43,2026-05-31
Uttar Pradesh,Bijnor,NR,,NR,NR,NR,NR,NR,NR,NR,NR,NR,NR,NR,NR,NR,NR,NR,NR,NR,NR,NR,NR,NR,NR,NR,NR,NR,NR,NR,NR,NR,NR,NR,NR,NR,NR,NR,NR,NR,NR,NR,2026-05-31
Uttar Pradesh,Budaun,36,,25,30,84,112,103,99,93,44,64,201,168,168,154,170,126,53,280,21,10,20,30,25,46,38,65,37,93,613,59,70,30,90,30,39,25,11,42,24,25,2026-05-31
Uttar Pradesh,Etah,45,,27,35,80,120,110,110,90,45,58,207,178,152,156,165,113,55,270,22,18,25,26,25,NR,36,NR,39,90,677,60,72,30,97,32,40,33,18,40,22,42,2026-05-31
Uttar Pradesh,Fatehpur,43,,27,34,88,110,113,103,88,45,63,193,186,148,137,151,113,53,225,21,16,22,27,23,32,35,40,34,95,606,61,79,32,85,36,43,24,17,37,20,27,2026-05-31
Uttar Pradesh,Ghaziabad,39,,28,34,77,118,118,108,86,46,58,212,180,169,155,180,136,55,206,21,14,23,19,30,39,36,54,42,94,599,59,80,38,81,42,36,29,15,45,28,33,2026-05-31
Uttar Pradesh,Hardoi,42,,26,34,85,121,116,111,88,46,58,207,185,156,154,174,132,54,239,19,11,23,19,33,35,36,55,45,97,620,58,75,38,87,34,39,26,15,46,21,29,2026-05-31
Uttar Pradesh,Jalaun,45,,28,34,85,118,103,102,90,46,57,183,173,142,128,156,113,52,220,20,13,20,27,30,40,39,NR,42,98,583,60,80,30,90,38,42,30,20,30,25,35,2026-05-31
Uttar Pradesh,Kaushambi,43,,26,36,87,121,128,114,86,45,57,206,190,161,159,161,127,52,234,21,14,20,30,30,34,35,55,35,87,610,57,71,33,85,39,35,28,14,47,25,29,2026-05-31
Uttar Pradesh,Kushinagar,34,,26,36,81,121,113,119,83,47,68,180,189,147,162,141,135,54,221,26,11,24,36,39,39,39,45,40,95,642,60,61,40,86,26,39,28,16,43,24,24,2026-05-31
Uttar Pradesh,Lakhimpur Kheri,37,,26,35,82,116,105,101,85,46,59,183,177,132,145,163,106,61,228,16,10,21,28,29,35,36,61,37,92,654,58,74,37,79,34,44,32,18,43,16,41,2026-05-31
Uttar Pradesh,Pilibhit,39,,28,32,85,115,115,115,95,45,66,203,192,170,159,187,132,50,229,20,10,21,22,35,58,38,75,38,95,681,61,82,28,90,49,42,38,15,43,23,28,2026-05-31
Uttar Pradesh,Sharwasti,40,,25,39,79,120,120,123,80,46,60,178,203,165,167,NR,119,60,218,24,10,20,28,NR,NR,40,NR,40,98,569,59,78,20,85,39,38,NR,15,33,28,25,2026-05-31
Uttar Pradesh,Siddharth Nagar,NR,,NR,NR,NR,NR,NR,NR,NR,NR,NR,NR,NR,NR,NR,NR,NR,NR,NR,NR,NR,NR,NR,NR,NR,NR,NR,NR,NR,NR,NR,NR,NR,NR,NR,NR,NR,NR,NR,NR,NR,2026-05-31
Uttar Pradesh,Sonbhadra,35,,26,31,75,108,105,102,80,45,45,176,165,152,132,154,121,55,210,24,15,18,16,27,40,33,50,34,80,621,60,68,35,85,33,32,25,14,45,20,25,2026-05-31
Uttar Pradesh,Rampur,53,,28,29,81,105,115,102,96,45,60,192,189,151,158,159,142,50,257,23,18,25,26,34,49,35,NR,35,96,633,65,71,38,95,34,34,28,14,51,29,32,2026-05-31
Uttar Pradesh,Bahraich,35,,25,31,90,128,120,114,90,42,56,193,193,157,154,161,124,44,250,25,21,21,21,36,34,33,65,33,106,580,56,80,21,72,27,36,23,19,53,21,37,2026-05-31
Uttar Pradesh,Basti,38,,28,30,78,117,130,117,80,45,55,199,186,158,154,148,125,46,239,22,19,25,37,48,57,35,58,38,92,577,55,84,40,83,24,41,27,19,34,23,32,2026-05-31
Uttar Pradesh,Etawah,41,,26,31,84,120,115,108,87,46,60,200,189,164,156,NR,137,55,260,20,10,24,29,29,NR,40,55,44,95,659,60,77,35,85,37,40,27,16,48,25,35,2026-05-31
Uttar Pradesh,Muzzafarnagar,40,,25,30,84,120,116,108,89,46,58,185,175,153,152,176,139,55,245,20,12,20,25,35,40,36,NR,36,90,525,57,65,35,80,34,35,24,11,45,57,44,2026-05-31
Uttar Pradesh,Chitrakoot,41,,25,33,80,105,104,103,82,46,50,179,203,163,163,179,137,55,220,15,12,25,30,30,30,40,56,48,89,637,58,84,40,80,25,40,21,15,40,25,35,2026-05-31
Uttar Pradesh,Hamirpur-UP,43,,27,35,86,113,115,107,83,49,70,189,190,157,174,184,136,58,209,18,20,25,30,NR,NR,40,NR,40,90,637,58,86,30,88,41,47,30,17,47,23,40,2026-05-31
Uttar Pradesh,Deoria,35,,25,28,91,120,113,99,97,46,61,224,190,143,132,220,121,55,222,19,19,23,32,38,40,35,43,35,94,569,59,61,39,78,29,39,27,18,40,28,28,2026-05-31
Uttar Pradesh,Hapur,36,,28,35,74,128,124,118,112,48,62,198,191,162,169,176,161,58,216,26,10,14,15,40,39,38,46,39,98,721,62,72,37,96,41,45,30,10,50,32,34,2026-05-31
Uttar Pradesh,Bulandshahr,42,,27,32,93,110,113,107,83,45,69,NR,184,160,167,158,156,49,242,19,20,25,20,35,43,36,56,36,102,575,56,79,28,87,30,47,27,15,31,39,41,2026-05-31
Uttar Pradesh,Kanpur Dehat,38,,24,31,79,100,112,93,86,44,64,189,189,150,149,168,124,49,196,19,13,17,27,31,36,35,48,35,85,595,58,76,31,71,27,32,24,15,38,20,33,2026-05-31
Uttar Pradesh,Hathras,NR,,NR,NR,NR,NR,NR,NR,NR,NR,NR,NR,NR,NR,NR,NR,NR,NR,NR,NR,NR,NR,NR,NR,NR,NR,NR,NR,NR,NR,NR,NR,NR,NR,NR,NR,NR,NR,NR,NR,NR,2026-05-31
Uttar Pradesh,Raebareli,40,,27,29,83,115,116,111,86,46,59,191,181,160,159,178,144,57,217,19,11,24,27,36,43,40,54,45,94,680,58,79,35,87,38,40,27,16,47,25,36,2026-05-31
Uttar Pradesh,Lalitpur,36,,28,31,75,109,110,105,80,45,58,174,167,144,138,178,122,50,235,20,15,20,28,30,38,32,59,34,90,578,56,80,25,80,30,40,24,18,40,25,35,2026-05-31
Uttar Pradesh,Mohaba,38,,24,30,80,107,100,97,83,49,61,175,175,148,154,183,119,35,183,21,15,20,28,27,35,35,48,35,97,596,54,72,22,83,30,39,27,15,36,24,27,2026-05-31
Uttar Pradesh,Gautam Budh Nagar,37,,28,35,81,122,118,115,91,47,59,216,189,171,154,184,132,57,217,18,11,22,23,32,35,35,55,46,87,639,57,70,34,82,36,40,31,15,41,26,35,2026-05-31
Uttar Pradesh,Auraiya,45,,26,34,79,116,121,101,82,46,64,181,177,162,160,163,135,64,214,25,16,24,22,31,43,39,54,39,103,657,56,76,41,83,33,29,21,19,59,22,41,2026-05-31
Uttar Pradesh,Maharajganj,36,,27,32,81,115,118,109,80,45,58,192,186,151,154,164,126,48,213,22,15,20,31,37,44,35,51,36,91,586,58,76,36,80,34,40,30,17,38,25,27,2026-05-31
Uttar Pradesh,Balrampur,35,,26,35,78,116,110,118,83,46,55,179,187,146,146,198,126,58,210,16,11,22,31,36,47,35,NR,39,90,676,57,72,50,88,39,40,27,15,38,20,27,2026-05-31
Uttar Pradesh,Kannauj,40,,26,32,85,119,115,110,86,45,61,186,180,148,143,155,126,53,238,21,9,21,21,32,39,38,NR,38,93,613,55,72,21,84,30,45,28,17,38,19,24,2026-05-31
Uttar Pradesh,Mathura,34,,27,33,88,119,128,118,96,45,63,228,173,141,139,156,122,44,263,27,11,29,22,34,43,40,47,40,99,632,58,83,35,89,48,39,34,15,33,25,56,2026-05-31
Uttar Pradesh,Firozabad,NR,,NR,NR,NR,NR,NR,NR,NR,NR,NR,NR,NR,NR,NR,NR,NR,NR,NR,NR,NR,NR,NR,NR,NR,NR,NR,NR,NR,NR,NR,NR,NR,NR,NR,NR,NR,NR,NR,NR,NR,2026-05-31
Uttar Pradesh,Kasganj,NR,,NR,NR,NR,NR,NR,NR,NR,NR,NR,NR,NR,NR,NR,NR,NR,NR,NR,NR,NR,NR,NR,NR,NR,NR,NR,NR,NR,NR,NR,NR,NR,NR,NR,NR,NR,NR,NR,NR,NR,2026-05-31
Uttar Pradesh,Mainpuri,NR,,NR,NR,NR,NR,NR,NR,NR,NR,NR,NR,NR,NR,NR,NR,NR,NR,NR,NR,NR,NR,NR,NR,NR,NR,NR,NR,NR,NR,NR,NR,NR,NR,NR,NR,NR,NR,NR,NR,NR,2026-05-31
Uttar Pradesh,Shamli,39,,25,30,80,120,117,112,93,45,51,187,179,156,146,159,128,53,228,15,16,20,20,27,40,38,58,39,90,541,59,72,33,92,39,38,27,13,40,40,40,2026-05-31
Uttar Pradesh,Ballia,40,,27,33,85,124,114,113,92,46,58,196,182,153,150,166,130,55,249,19,13,22,30,31,39,37,53,39,95,624,55,76,32,85,35,39,27,17,45,23,31,2026-05-31
Uttar Pradesh,Mau,39,,25,34,82,114,112,107,85,46,55,191,175,148,147,148,119,65,223,22,14,21,29,NR,NR,35,NR,36,91,644,55,76,33,89,31,40,30,15,48,26,32,2026-05-31
Uttarakhand,Dehradun,NR,,NR,NR,NR,NR,NR,NR,NR,NR,NR,NR,NR,NR,NR,NR,NR,NR,NR,NR,NR,NR,NR,NR,NR,NR,NR,NR,NR,NR,NR,NR,NR,NR,NR,NR,NR,NR,NR,NR,NR,2026-05-31
Uttarakhand,Haldwani,44,,31,33,94,139,125,127,90,48,62,232,199,155,192,195,167,62,272,30,21,22,15,49,42,38,45,41,91,700,60,84,25,100,40,45,33,18,54,27,37,2026-05-31
Uttarakhand,Rudrapur,NR,,NR,NR,NR,NR,NR,NR,NR,NR,NR,NR,NR,NR,NR,NR,NR,NR,NR,NR,NR,NR,NR,NR,NR,NR,NR,NR,NR,NR,NR,NR,NR,NR,NR,NR,NR,NR,NR,NR,NR,2026-05-31
Uttarakhand,Haridwar,NR,,NR,NR,NR,NR,NR,NR,NR,NR,NR,NR,NR,NR,NR,NR,NR,NR,NR,NR,NR,NR,NR,NR,NR,NR,NR,NR,NR,NR,NR,NR,NR,NR,NR,NR,NR,NR,NR,NR,NR,2026-05-31
WEST ZONE,WEST ZONE,,,,,,,,,,,,,,,,,,,,,,,,,,,,,,,,,,,,,,,,,,2026-05-31
Chhattisgarh,Raipur,36,,30,44,97,135,128,125,99,47,58,203,167,143,149,156,119,52,249,25,24,21,41,33,27,43,45,44,102,703,56,78,43,91,37,32,25,12,34,36,41,2026-05-31
Chhattisgarh,Durg,35,,39,41,75,115,116,108,82,47,52,201,181,149,171,186,155,51,222,17,20,24,39,45,45,39,47,45,100,773,63,73,35,80,42,37,26,11,47,30,40,2026-05-31
Chhattisgarh,Ambikapur,NR,,NR,NR,NR,NR,NR,NR,NR,NR,NR,NR,NR,NR,NR,NR,NR,NR,NR,NR,NR,NR,NR,NR,NR,NR,NR,NR,NR,NR,NR,NR,NR,NR,NR,NR,NR,NR,NR,NR,NR,2026-05-31
Chhattisgarh,Bilaspur-CG,52,,34,40,89,110,102,105,84,42,55,193,165,141,165,173,149,51,217,25,27,24,32,35,39,41,47,41,90,679,58,79,46,92,28,64,25,14,57,33,51,2026-05-31
Chhattisgarh,Jagdalpur,NR,,NR,NR,NR,NR,NR,NR,NR,NR,NR,NR,NR,NR,NR,NR,NR,NR,NR,NR,NR,NR,NR,NR,NR,NR,NR,NR,NR,NR,NR,NR,NR,NR,NR,NR,NR,NR,NR,NR,NR,2026-05-31
Chhattisgarh,Dantewada,40,,42,45,103,125,121,109,85,48,61,NR,199,175,157,181,144,58,251,22,26,37,42,42,NR,40,NR,44,103,653,58,61,45,101,48,49,22,18,65,25,48,2026-05-31
Chhattisgarh,Dhamtari,36,,31,43,85,127,110,107,110,45,58,203,195,135,NR,178,132,61,233,26,21,25,38,50,48,44,52,44,123,742,61,86,40,90,38,33,24,17,42,40,60,2026-05-31
Chhattisgarh,Rajnandgaon,NR,,NR,NR,NR,NR,NR,NR,NR,NR,NR,NR,NR,NR,NR,NR,NR,NR,NR,NR,NR,NR,NR,NR,NR,NR,NR,NR,NR,NR,NR,NR,NR,NR,NR,NR,NR,NR,NR,NR,NR,2026-05-31
Chhattisgarh,Koriya,39,,35,39,81,108,97,102,81,45,75,205,163,153,151,168,NR,47,195,25,30,23,20,35,34,46,35,58,82,693,58,88,40,78,27,38,28,17,48,NR,NR,2026-05-31
DNH and DD,Silvasa,NR,,NR,NR,NR,NR,NR,NR,NR,NR,NR,NR,NR,NR,NR,NR,NR,NR,NR,NR,NR,NR,NR,NR,NR,NR,NR,NR,NR,NR,NR,NR,NR,NR,NR,NR,NR,NR,NR,NR,NR,2026-05-31
DNH and DD,Daman,NR,,NR,NR,NR,NR,NR,NR,NR,NR,NR,NR,NR,NR,NR,NR,NR,NR,NR,NR,NR,NR,NR,NR,NR,NR,NR,NR,NR,NR,NR,NR,NR,NR,NR,NR,NR,NR,NR,NR,NR,2026-05-31
DNH and DD,Diu,48,,39,50,87,145,143,130,100,46,68,224,233,198,200,209,139,61,400,30,25,25,58,39,62,57,83,66,108,692,60,84,37,112,43,36,38,19,47,31,35,2026-05-31
Goa,Panaji,NR,,NR,NR,NR,NR,NR,NR,NR,NR,NR,NR,NR,NR,NR,NR,NR,NR,NR,NR,NR,NR,NR,NR,NR,NR,NR,NR,NR,NR,NR,NR,NR,NR,NR,NR,NR,NR,NR,NR,NR,2026-05-31
Goa,Margao,NR,,NR,NR,NR,NR,NR,NR,NR,NR,NR,NR,NR,NR,NR,NR,NR,NR,NR,NR,NR,NR,NR,NR,NR,NR,NR,NR,NR,NR,NR,NR,NR,NR,NR,NR,NR,NR,NR,NR,NR,2026-05-31
Gujarat,Ahmedabad,33,,37,38,97,119,121,103,95,45,68,167,166,138,151,162,146,53,207,19,32,33,44,36,36,41,62,43,88,630,56,67,35,72,27,33,31,19,40,18,20,2026-05-31
Gujarat,Rajkot,34,,31,38,83,110,102,98,92,42,68,182,182,148,172,184,162,58,205,18,20,22,45,35,43,39,68,44,87,626,55,66,35,80,32,34,39,15,38,27,26,2026-05-31
Gujarat,Surat,34,,31,38,83,110,102,98,92,42,68,183,184,149,175,185,162,58,205,18,20,22,45,35,43,39,68,44,87,626,55,66,35,80,32,34,39,15,38,27,26,2026-05-31
Gujarat,Bhuj,NR,,NR,NR,NR,NR,NR,NR,NR,NR,NR,NR,NR,NR,NR,NR,NR,NR,NR,NR,NR,NR,NR,NR,NR,NR,NR,NR,NR,NR,NR,NR,NR,NR,NR,NR,NR,NR,NR,NR,NR,2026-05-31
Gujarat,Selamba,35,,34,39,87,112,113,103,90,44,64,192,176,150,164,178,156,55,210,19,25,25,32,40,40,41,67,41,90,636,55,84,48,79,31,32,35,16,45,30,30,2026-05-31
Gujarat,Waghai,38,,37,42,93,120,118,102,98,45,68,200,187,152,156,183,147,59,209,20,29,30,36,35,36,40,60,44,96,631,58,70,41,75,30,34,26,17,41,30,28,2026-05-31
Gujarat,Bodeli,34,,34,38,86,111,108,98,92,43,66,188,172,138,152,174,141,58,205,18,28,28,35,36,41,39,68,44,89,632,55,69,35,80,30,34,39,15,38,27,27,2026-05-31
Gujarat,Vapi,32,,32,34,90,114,114,101,94,44,66,187,169,138,145,169,145,56,205,18,28,28,33,38,46,40,66,36,96,692,56,68,38,78,31,32,32,15,38,28,30,2026-05-31
Gujarat,Bilimora,36,,35,38,89,123,112,103,94,47,69,206,184,141,157,173,168,55,211,19,29,30,33,40,38,40,62,45,96,641,54,69,36,74,31,35,31,17,33,33,25,2026-05-31
Gujarat,Idar,35,,34,38,92,120,123,100,92,46,72,208,189,153,166,182,148,62,229,19,30,28,29,35,38,36,66,50,99,698,62,67,28,99,40,30,41,17,46,28,28,2026-05-31
Gujarat,Jhalod,36,,36,37,93,115,120,99,99,50,65,192,187,154,161,167,156,62,205,22,30,30,30,41,36,40,69,46,92,668,55,74,44,72,28,33,37,18,40,22,21,2026-05-31
Gujarat,Songash,39,,30,36,83,120,114,110,84,46,60,203,193,169,170,194,155,56,219,20,19,18,36,36,41,38,54,43,95,687,55,68,30,79,34,34,30,16,48,27,32,2026-05-31
Madhya Pradesh,Bhopal,36,,25,31,80,116,106,104,90,46,62,187,203,178,154,196,NR,52,250,10,19,22,40,38,38,40,62,41,86,643,57,82,38,98,38,40,33,15,32,25,38,2026-05-31
Madhya Pradesh,Indore,41,,28,35,86,117,118,112,81,43,64,181,175,164,177,154,147,61,262,15,15,17,40,37,37,40,NR,40,85,646,60,90,40,82,35,33,25,15,33,28,23,2026-05-31
Madhya Pradesh,Gwalior,43,,29,33,77,115,118,110,90,45,63,212,176,172,160,184,NR,50,222,12,17,19,27,28,30,40,65,40,88,652,60,71,29,84,35,35,26,15,40,22,35,2026-05-31
Madhya Pradesh,Jabalpur,39,,29,35,80,118,115,108,86,45,59,198,188,151,154,182,120,52,250,16,20,22,25,40,40,42,55,45,90,626,59,80,40,85,40,38,26,15,40,22,40,2026-05-31
Madhya Pradesh,Rewa,35,,28,35,76,106,95,94,78,45,55,177,154,148,147,147,NR,55,237,18,15,15,19,NR,NR,35,NR,37,85,655,57,76,25,90,28,45,30,13,45,20,35,2026-05-31
Madhya Pradesh,Sagar,38,,26,29,78,118,119,98,87,45,60,205,193,143,167,191,162,53,258,17,15,18,28,40,50,40,65,40,83,677,55,75,23,83,43,30,29,15,35,20,33,2026-05-31
Madhya Pradesh,Jhabua,42,,26,35,82,140,128,118,98,45,62,220,231,208,169,209,NR,68,304,15,30,19,43,37,40,49,67,48,100,703,61,98,27,98,47,38,29,20,38,23,22,2026-05-31
Madhya Pradesh,Hoshangabad,44,,27,35,82,116,113,103,89,45,55,212,156,141,153,NR,131,51,213,11,20,22,20,44,48,41,51,41,94,656,60,89,53,92,31,42,20,19,50,22,32,2026-05-31
Madhya Pradesh,Shahdol,35,,29,35,86,115,112,110,83,44,50,203,186,142,153,181,NR,52,210,18,20,20,30,37,33,35,50,40,95,604,58,70,30,90,30,40,27,18,35,30,25,2026-05-31
Madhya Pradesh,Ujjain,39,,39,40,87,119,110,100,95,43,65,171,192,191,150,182,NR,48,248,16,11,12,27,40,40,43,63,45,94,711,62,59,34,98,49,38,34,16,40,30,36,2026-05-31
Madhya Pradesh,Morena,NR,,NR,NR,NR,NR,NR,NR,NR,NR,NR,NR,NR,NR,NR,NR,NR,NR,NR,NR,NR,NR,NR,NR,NR,NR,NR,NR,NR,NR,NR,NR,NR,NR,NR,NR,NR,NR,NR,NR,NR,2026-05-31
Madhya Pradesh,Anuppur,35,,25,36,80,120,120,110,90,45,50,214,190,143,176,176,159,53,200,20,20,20,25,40,40,35,49,49,90,787,65,80,21,90,40,35,25,15,40,20,30,2026-05-31
Madhya Pradesh,Bhind,41,,29,34,85,112,116,114,85,46,62,188,163,144,136,136,115,50,250,15,15,20,17,34,43,39,65,39,90,650,62,77,26,81,29,35,25,16,40,27,30,2026-05-31
Madhya Pradesh,Dhar,45,,26,37,87,137,124,120,98,45,63,187,189,174,159,189,125,55,213,15,20,20,40,34,35,46,55,45,93,691,60,81,25,87,31,35,20,18,47,26,35,2026-05-31
Madhya Pradesh,Harda,40,,27,32,80,120,120,110,89,45,62,205,194,170,170,187,NR,55,200,20,20,20,40,40,40,45,70,45,90,707,60,96,30,89,40,29,24,15,35,28,37,2026-05-31
Madhya Pradesh,Katni,35,,29,34,79,117,107,107,80,42,50,165,154,126,143,154,100,50,205,19,14,12,16,35,38,45,55,45,100,604,58,100,20,80,40,40,27,15,32,20,40,2026-05-31
Madhya Pradesh,Khandwa,NR,,NR,NR,NR,NR,NR,NR,NR,NR,NR,NR,NR,NR,NR,NR,NR,NR,NR,NR,NR,NR,NR,NR,NR,NR,NR,NR,NR,NR,NR,NR,NR,NR,NR,NR,NR,NR,NR,NR,NR,2026-05-31
Madhya Pradesh,Mandla,35,,31,36,78,108,112,108,81,44,50,212,185,152,177,212,NR,57,192,29,20,20,34,45,45,41,60,47,88,692,60,78,30,90,43,37,28,16,36,28,38,2026-05-31
Madhya Pradesh,Rajgarh,NR,,NR,NR,NR,NR,NR,NR,NR,NR,NR,NR,NR,NR,NR,NR,NR,NR,NR,NR,NR,NR,NR,NR,NR,NR,NR,NR,NR,NR,NR,NR,NR,NR,NR,NR,NR,NR,NR,NR,NR,2026-05-31
Madhya Pradesh,Sidhi,35,,27,35,75,120,100,95,83,50,60,181,187,165,154,137,116,55,263,20,15,30,40,30,40,35,54,50,90,634,56,84,33,82,32,50,25,15,46,30,40,2026-05-31
Madhya Pradesh,Chattarpur,40,,29,38,90,122,120,113,83,45,50,198,187,170,154,154,128,60,240,20,16,20,25,32,40,40,58,50,100,600,60,84,19,90,30,40,30,15,35,25,37,2026-05-31
Madhya Pradesh,Neemuch,50,,26,33,75,125,105,110,72,44,65,185,156,141,146,139,NR,45,297,10,15,20,38,42,40,41,65,40,87,593,63,68,40,80,25,42,30,15,48,23,30,2026-05-31
Madhya Pradesh,Burhanpur,39,,32,35,75,119,117,117,75,45,65,187,177,155,152,195,144,54,255,29,18,18,38,34,34,39,NR,49,85,698,58,76,32,90,45,32,28,17,30,18,28,2026-05-31
Madhya Pradesh,Narshinpur,38,,28,35,75,120,108,110,85,45,52,200,187,141,148,165,NR,45,233,12,15,15,20,40,40,45,60,47,85,637,58,85,45,90,35,35,25,15,35,20,40,2026-05-31
Madhya Pradesh,Raisen,40,,29,32,80,130,120,110,90,46,58,187,195,148,148,NR,NR,50,250,10,20,20,35,40,41,33,NR,40,85,692,60,77,30,90,43,33,32,20,33,28,40,2026-05-31
Madhya Pradesh,Sheopur,38,,25,33,84,116,112,105,85,46,60,213,192,170,152,165,NR,50,204,28,24,20,34,30,35,40,62,40,90,637,58,80,20,90,40,40,30,15,40,25,40,2026-05-31
Madhya Pradesh,Agar malwa,34,,23,30,80,138,131,109,101,44,60,202,177,155,164,145,NR,48,286,20,15,8,22,46,47,41,NR,46,86,683,60,69,27,98,26,29,28,16,38,20,16,2026-05-31
Madhya Pradesh,Umaria,33,,30,35,85,112,112,117,90,45,60,207,172,150,176,189,NR,53,207,15,20,20,28,40,NR,42,NR,47,87,622,59,83,20,83,32,42,27,15,40,38,48,2026-05-31
Madhya Pradesh,Shajapur,40,,25,32,82,120,115,108,87,43,60,187,187,159,160,185,NR,52,257,20,20,20,33,38,39,38,NR,44,90,670,59,80,40,85,35,37,27,15,42,23,37,2026-05-31
Madhya Pradesh,Dewas,43,,28,34,86,126,114,111,90,44,64,195,191,174,172,185,NR,56,241,12,26,24,37,35,41,38,58,44,96,704,59,81,33,87,41,35,27,17,33,24,45,2026-05-31
Madhya Pradesh,Khargone,NR,,NR,NR,NR,NR,NR,NR,NR,NR,NR,NR,NR,NR,NR,NR,NR,NR,NR,NR,NR,NR,NR,NR,NR,NR,NR,NR,NR,NR,NR,NR,NR,NR,NR,NR,NR,NR,NR,NR,NR,2026-05-31
Madhya Pradesh,Singrauli,NR,,NR,NR,NR,NR,NR,NR,NR,NR,NR,NR,NR,NR,NR,NR,NR,NR,NR,NR,NR,NR,NR,NR,NR,NR,NR,NR,NR,NR,NR,NR,NR,NR,NR,NR,NR,NR,NR,NR,NR,2026-05-31
Madhya Pradesh,Chhindwara,NR,,NR,NR,NR,NR,NR,NR,NR,NR,NR,NR,NR,NR,NR,NR,NR,NR,NR,NR,NR,NR,NR,NR,NR,NR,NR,NR,NR,NR,NR,NR,NR,NR,NR,NR,NR,NR,NR,NR,NR,2026-05-31
Madhya Pradesh,Sehore,30,,28,31,80,120,110,100,80,45,60,187,181,176,165,187,NR,55,280,13,20,18,39,NR,NR,45,NR,43,84,659,60,79,42,85,30,35,24,15,50,20,35,2026-05-31
Madhya Pradesh,MP-Ashoknagar,NR,,NR,NR,NR,NR,NR,NR,NR,NR,NR,NR,NR,NR,NR,NR,NR,NR,NR,NR,NR,NR,NR,NR,NR,NR,NR,NR,NR,NR,NR,NR,NR,NR,NR,NR,NR,NR,NR,NR,NR,2026-05-31
Madhya Pradesh,Balaghat,NR,,NR,NR,NR,NR,NR,NR,NR,NR,NR,NR,NR,NR,NR,NR,NR,NR,NR,NR,NR,NR,NR,NR,NR,NR,NR,NR,NR,NR,NR,NR,NR,NR,NR,NR,NR,NR,NR,NR,NR,2026-05-31
Madhya Pradesh,Guna,40,,23,27,70,114,117,100,80,44,60,202,180,176,170,181,132,47,217,20,10,12,15,32,40,50,69,50,80,701,60,74,42,80,36,37,27,15,23,20,34,2026-05-31
Madhya Pradesh,Ratlam,40,,31,35,76,125,116,113,86,45,62,198,188,157,158,170,156,52,240,10,16,16,28,30,41,39,62,40,91,644,60,60,25,82,30,30,27,16,38,21,31,2026-05-31
Madhya Pradesh,Satna,NR,,NR,NR,NR,NR,NR,NR,NR,NR,NR,NR,NR,NR,NR,NR,NR,NR,NR,NR,NR,NR,NR,NR,NR,NR,NR,NR,NR,NR,NR,NR,NR,NR,NR,NR,NR,NR,NR,NR,NR,2026-05-31
Madhya Pradesh,Vidisha,39,,30,35,74,112,118,107,87,45,55,187,189,148,176,187,NR,50,240,11,10,17,28,40,40,33,68,35,83,659,60,84,18,85,33,30,25,15,43,20,30,2026-05-31
Madhya Pradesh,Alirajpur,38,,30,36,87,124,100,114,95,45,54,185,148,139,136,144,NR,48,240,10,27,19,29,31,35,45,NR,47,93,611,57,80,28,77,40,43,29,17,37,25,40,2026-05-31
Madhya Pradesh,Betul,39,,24,34,79,115,112,108,85,45,58,199,194,149,170,202,NR,51,244,12,20,21,32,41,43,40,69,42,96,668,60,85,31,91,41,39,22,15,40,30,40,2026-05-31
Madhya Pradesh,Damoh,41,,29,35,70,118,109,110,79,45,62,208,198,133,148,164,NR,49,209,12,18,19,31,43,41,39,60,39,85,570,59,77,19,87,39,35,34,14,47,18,39,2026-05-31
Madhya Pradesh,Dindori,NR,,NR,NR,NR,NR,NR,NR,NR,NR,NR,NR,NR,NR,NR,NR,NR,NR,NR,NR,NR,NR,NR,NR,NR,NR,NR,NR,NR,NR,NR,NR,NR,NR,NR,NR,NR,NR,NR,NR,NR,2026-05-31
Madhya Pradesh,Niwari,NR,,NR,NR,NR,NR,NR,NR,NR,NR,NR,NR,NR,NR,NR,NR,NR,NR,NR,NR,NR,NR,NR,NR,NR,NR,NR,NR,NR,NR,NR,NR,NR,NR,NR,NR,NR,NR,NR,NR,NR,2026-05-31
Madhya Pradesh,Seoni,38,,35,37,86,115,110,105,85,47,55,198,214,170,154,187,NR,47,215,11,20,20,30,40,40,37,68,42,100,654,58,81,27,80,48,36,21,15,45,25,40,2026-05-31
Madhya Pradesh,Panna,NR,,NR,NR,NR,NR,NR,NR,NR,NR,NR,NR,NR,NR,NR,NR,NR,NR,NR,NR,NR,NR,NR,NR,NR,NR,NR,NR,NR,NR,NR,NR,NR,NR,NR,NR,NR,NR,NR,NR,NR,2026-05-31
Madhya Pradesh,Tikamgarh,35,,25,30,90,120,110,95,90,44,50,205,167,142,149,147,NR,50,200,20,15,20,15,30,35,40,40,45,100,659,58,70,25,85,29,41,20,17,30,20,30,2026-05-31
Madhya Pradesh,Datia,48,,26,30,85,122,108,98,77,45,60,223,189,161,156,191,123,55,230,27,19,25,22,47,32,45,77,45,95,701,60,90,22,88,42,45,28,15,38,24,50,2026-05-31
Madhya Pradesh,Maihar,39,,29,31,90,97,102,97,80,45,60,220,187,154,154,172,113,53,205,14,16,21,50,NR,NR,40,NR,45,97,721,58,72,37,97,30,39,35,13,37,20,40,2026-05-31
Madhya Pradesh,Shivpuri,NR,,NR,NR,NR,NR,NR,NR,NR,NR,NR,NR,NR,NR,NR,NR,NR,NR,NR,NR,NR,NR,NR,NR,NR,NR,NR,NR,NR,NR,NR,NR,NR,NR,NR,NR,NR,NR,NR,NR,NR,2026-05-31
Madhya Pradesh,Mandsaur,NR,,NR,NR,NR,NR,NR,NR,NR,NR,NR,NR,NR,NR,NR,NR,NR,NR,NR,NR,NR,NR,NR,NR,NR,NR,NR,NR,NR,NR,NR,NR,NR,NR,NR,NR,NR,NR,NR,NR,NR,2026-05-31
Maharashtra,Mumbai,40,,41,48,93,136,143,123,99,46,60,244,222,194,165,200,154,79,307,30,25,23,43,47,61,52,65,53,113,681,60,77,77,99,67,45,43,16,41,33,43,2026-05-31
Maharashtra,Nagpur,56,,46,52,96,134,131,118,104,52,66,234,211,168,171,189,140,70,283,27,28,26,51,42,51,52,81,52,110,788,59,94,35,98,41,48,32,21,66,46,72,2026-05-31
Maharashtra,Pune,38,,46,54,85,106,116,105,86,44,75,204,207,168,169,186,172,60,351,41,30,19,42,42,44,47,36,48,89,549,59,80,58,100,52,51,26,20,42,27,30,2026-05-31
Maharashtra,Nashik,40,,42,41,84,136,133,113,95,45,60,214,224,183,169,184,134,57,323,28,20,22,32,43,67,49,63,49,95,640,60,69,67,115,60,38,33,16,23,27,30,2026-05-31
Maharashtra,Mangaon-Raigad,52,,43,50,87,130,135,118,99,45,57,220,244,178,164,198,137,62,356,30,22,22,40,47,53,44,60,45,100,816,60,76,42,120,63,39,48,22,55,35,46,2026-05-31
Maharashtra,Dharni,44,,29,38,81,122,108,118,90,44,55,217,191,156,176,205,NR,54,322,13,25,21,48,37,27,42,NR,49,96,743,66,78,38,85,34,42,21,18,40,29,39,2026-05-31
Maharashtra,Latur,56,,40,46,77,128,118,114,82,44,66,201,203,137,176,187,165,57,233,26,28,21,52,35,55,43,73,42,91,762,47,85,65,97,46,43,28,23,45,32,47,2026-05-31
Maharashtra,Akluj,46,,33,39,73,123,100,110,95,45,60,203,208,159,191,207,184,50,332,30,22,17,47,31,47,38,60,40,88,659,52,49,39,94,38,36,27,14,28,18,31,2026-05-31
Maharashtra,Arni Yavatmal,44,,34,36,99,123,125,114,90,43,63,192,170,154,144,159,NR,57,300,10,30,30,60,35,32,47,70,55,103,784,55,72,40,99,45,42,20,15,40,35,25,2026-05-31
Maharashtra,Chandrapur,43,,44,48,81,138,130,119,98,45,59,211,221,215,175,187,NR,70,275,30,20,25,30,49,56,60,56,58,109,676,58,77,20,100,38,37,21,20,65,38,58,2026-05-31
Maharashtra,Karad Satara,51,,34,45,81,139,130,121,92,44,74,212,188,164,178,193,168,57,293,27,27,27,43,38,42,40,61,40,107,674,59,72,43,121,51,41,29,19,40,25,31,2026-05-31
Maharashtra,Ahemednagar,53,,44,47,84,124,119,119,99,44,53,168,169,166,175,180,169,49,259,30,24,19,29,29,40,39,44,39,99,580,58,70,37,99,29,44,24,18,25,29,34,2026-05-31
Maharashtra,Khultabad,48,,32,36,79,111,111,106,85,45,46,181,NR,144,162,167,153,59,320,20,29,20,32,32,41,39,NR,42,86,702,60,83,38,81,32,35,19,16,34,20,34,2026-05-31
Maharashtra,Islampur,41,,37,46,82,124,130,120,100,42,72,223,206,159,186,197,156,50,417,27,27,20,45,38,40,39,48,43,101,655,60,75,40,103,59,53,36,27,40,30,27,2026-05-31
Maharashtra,Kankavli,45,,34,51,84,127,131,126,87,46,60,184,200,164,152,172,135,53,373,20,32,25,52,53,49,45,50,46,104,688,56,85,82,77,47,41,37,18,63,30,53,2026-05-31
Maharashtra,Partur,50,,29,40,80,126,120,110,88,44,58,193,208,185,181,193,181,59,401,10,25,20,35,31,35,43,NR,47,87,775,NR,84,39,92,40,42,28,15,50,30,39,2026-05-31
Maharashtra,Gondia,50,,33,35,80,120,120,115,77,45,58,201,207,142,169,188,166,65,260,30,20,20,35,35,43,33,52,39,83,765,58,75,25,100,49,50,28,21,33,29,42,2026-05-31
Maharashtra,Jalgaon,47,,35,44,85,134,132,118,102,44,65,200,204,180,175,190,187,60,468,30,20,20,52,42,43,55,62,54,102,753,58,69,45,126,52,42,34,20,41,28,43,2026-05-31
Maharashtra,Akola,44,,34,44,83,128,120,116,97,44,69,182,211,163,172,182,NR,62,327,30,25,17,53,42,38,49,65,49,103,784,59,81,40,88,43,44,24,16,33,28,42,2026-05-31
Rajasthan,Jaipur,NR,,NR,NR,NR,NR,NR,NR,NR,NR,NR,NR,NR,NR,NR,NR,NR,NR,NR,NR,NR,NR,NR,NR,NR,NR,NR,NR,NR,NR,NR,NR,NR,NR,NR,NR,NR,NR,NR,NR,NR,2026-05-31
Rajasthan,Jodhpur,NR,,NR,NR,NR,NR,NR,NR,NR,NR,NR,NR,NR,NR,NR,NR,NR,NR,NR,NR,NR,NR,NR,NR,NR,NR,NR,NR,NR,NR,NR,NR,NR,NR,NR,NR,NR,NR,NR,NR,NR,2026-05-31
Rajasthan,Kota,45,,35,36,86,128,119,104,98,49,61,184,157,126,157,165,111,57,286,22,22,23,31,33,48,52,55,45,95,686,63,77,46,77,34,38,31,16,37,25,34,2026-05-31
Rajasthan,Udaipur,NR,,NR,NR,NR,NR,NR,NR,NR,NR,NR,NR,NR,NR,NR,NR,NR,NR,NR,NR,NR,NR,NR,NR,NR,NR,NR,NR,NR,NR,NR,NR,NR,NR,NR,NR,NR,NR,NR,NR,NR,2026-05-31
Rajasthan,Bharatpur,NR,,NR,NR,NR,NR,NR,NR,NR,NR,NR,NR,NR,NR,NR,NR,NR,NR,NR,NR,NR,NR,NR,NR,NR,NR,NR,NR,NR,NR,NR,NR,NR,NR,NR,NR,NR,NR,NR,NR,NR,2026-05-31
Rajasthan,Ajmer,NR,,NR,NR,NR,NR,NR,NR,NR,NR,NR,NR,NR,NR,NR,NR,NR,NR,NR,NR,NR,NR,NR,NR,NR,NR,NR,NR,NR,NR,NR,NR,NR,NR,NR,NR,NR,NR,NR,NR,NR,2026-05-31
Rajasthan,Bikaner,NR,,NR,NR,NR,NR,NR,NR,NR,NR,NR,NR,NR,NR,NR,NR,NR,NR,NR,NR,NR,NR,NR,NR,NR,NR,NR,NR,NR,NR,NR,NR,NR,NR,NR,NR,NR,NR,NR,NR,NR,2026-05-31
Rajasthan,Bundi,NR,,NR,NR,NR,NR,NR,NR,NR,NR,NR,NR,NR,NR,NR,NR,NR,NR,NR,NR,NR,NR,NR,NR,NR,NR,NR,NR,NR,NR,NR,NR,NR,NR,NR,NR,NR,NR,NR,NR,NR,2026-05-31
Rajasthan,Rajsamand,NR,,NR,NR,NR,NR,NR,NR,NR,NR,NR,NR,NR,NR,NR,NR,NR,NR,NR,NR,NR,NR,NR,NR,NR,NR,NR,NR,NR,NR,NR,NR,NR,NR,NR,NR,NR,NR,NR,NR,NR,2026-05-31
Rajasthan,Alwar,NR,,NR,NR,NR,NR,NR,NR,NR,NR,NR,NR,NR,NR,NR,NR,NR,NR,NR,NR,NR,NR,NR,NR,NR,NR,NR,NR,NR,NR,NR,NR,NR,NR,NR,NR,NR,NR,NR,NR,NR,2026-05-31
Rajasthan,Banswara,NR,,NR,NR,NR,NR,NR,NR,NR,NR,NR,NR,NR,NR,NR,NR,NR,NR,NR,NR,NR,NR,NR,NR,NR,NR,NR,NR,NR,NR,NR,NR,NR,NR,NR,NR,NR,NR,NR,NR,NR,2026-05-31
Rajasthan,Baran,NR,,NR,NR,NR,NR,NR,NR,NR,NR,NR,NR,NR,NR,NR,NR,NR,NR,NR,NR,NR,NR,NR,NR,NR,NR,NR,NR,NR,NR,NR,NR,NR,NR,NR,NR,NR,NR,NR,NR,NR,2026-05-31
Rajasthan,Barmer,NR,,NR,NR,NR,NR,NR,NR,NR,NR,NR,NR,NR,NR,NR,NR,NR,NR,NR,NR,NR,NR,NR,NR,NR,NR,NR,NR,NR,NR,NR,NR,NR,NR,NR,NR,NR,NR,NR,NR,NR,2026-05-31
Rajasthan,Bhilwara,NR,,NR,NR,NR,NR,NR,NR,NR,NR,NR,NR,NR,NR,NR,NR,NR,NR,NR,NR,NR,NR,NR,NR,NR,NR,NR,NR,NR,NR,NR,NR,NR,NR,NR,NR,NR,NR,NR,NR,NR,2026-05-31
Rajasthan,Chhitorgarh,NR,,NR,NR,NR,NR,NR,NR,NR,NR,NR,NR,NR,NR,NR,NR,NR,NR,NR,NR,NR,NR,NR,NR,NR,NR,NR,NR,NR,NR,NR,NR,NR,NR,NR,NR,NR,NR,NR,NR,NR,2026-05-31
Rajasthan,Churu,NR,,NR,NR,NR,NR,NR,NR,NR,NR,NR,NR,NR,NR,NR,NR,NR,NR,NR,NR,NR,NR,NR,NR,NR,NR,NR,NR,NR,NR,NR,NR,NR,NR,NR,NR,NR,NR,NR,NR,NR,2026-05-31
Rajasthan,Dholapur,NR,,NR,NR,NR,NR,NR,NR,NR,NR,NR,NR,NR,NR,NR,NR,NR,NR,NR,NR,NR,NR,NR,NR,NR,NR,NR,NR,NR,NR,NR,NR,NR,NR,NR,NR,NR,NR,NR,NR,NR,2026-05-31
Rajasthan,Dungarpur,NR,,NR,NR,NR,NR,NR,NR,NR,NR,NR,NR,NR,NR,NR,NR,NR,NR,NR,NR,NR,NR,NR,NR,NR,NR,NR,NR,NR,NR,NR,NR,NR,NR,NR,NR,NR,NR,NR,NR,NR,2026-05-31
Rajasthan,Hanumangarh,NR,,NR,NR,NR,NR,NR,NR,NR,NR,NR,NR,NR,NR,NR,NR,NR,NR,NR,NR,NR,NR,NR,NR,NR,NR,NR,NR,NR,NR,NR,NR,NR,NR,NR,NR,NR,NR,NR,NR,NR,2026-05-31
Rajasthan,Jaisalmer,NR,,NR,NR,NR,NR,NR,NR,NR,NR,NR,NR,NR,NR,NR,NR,NR,NR,NR,NR,NR,NR,NR,NR,NR,NR,NR,NR,NR,NR,NR,NR,NR,NR,NR,NR,NR,NR,NR,NR,NR,2026-05-31
Rajasthan,Jalore,46,,34,35,86,113,119,104,91,46,55,213,180,165,179,191,NR,47,312,15,28,29,37,30,40,43,NR,52,96,545,60,78,47,98,41,40,29,17,43,28,37,2026-05-31
Rajasthan,Jhalawar,NR,,NR,NR,NR,NR,NR,NR,NR,NR,NR,NR,NR,NR,NR,NR,NR,NR,NR,NR,NR,NR,NR,NR,NR,NR,NR,NR,NR,NR,NR,NR,NR,NR,NR,NR,NR,NR,NR,NR,NR,2026-05-31
Rajasthan,Jhunjhunu,NR,,NR,NR,NR,NR,NR,NR,NR,NR,NR,NR,NR,NR,NR,NR,NR,NR,NR,NR,NR,NR,NR,NR,NR,NR,NR,NR,NR,NR,NR,NR,NR,NR,NR,NR,NR,NR,NR,NR,NR,2026-05-31
Rajasthan,Karauli,NR,,NR,NR,NR,NR,NR,NR,NR,NR,NR,NR,NR,NR,NR,NR,NR,NR,NR,NR,NR,NR,NR,NR,NR,NR,NR,NR,NR,NR,NR,NR,NR,NR,NR,NR,NR,NR,NR,NR,NR,2026-05-31
Rajasthan,Nagaur,NR,,NR,NR,NR,NR,NR,NR,NR,NR,NR,NR,NR,NR,NR,NR,NR,NR,NR,NR,NR,NR,NR,NR,NR,NR,NR,NR,NR,NR,NR,NR,NR,NR,NR,NR,NR,NR,NR,NR,NR,2026-05-31
Rajasthan,Pali,NR,,NR,NR,NR,NR,NR,NR,NR,NR,NR,NR,NR,NR,NR,NR,NR,NR,NR,NR,NR,NR,NR,NR,NR,NR,NR,NR,NR,NR,NR,NR,NR,NR,NR,NR,NR,NR,NR,NR,NR,2026-05-31
Rajasthan,RJ-Pratapgarh,NR,,NR,NR,NR,NR,NR,NR,NR,NR,NR,NR,NR,NR,NR,NR,NR,NR,NR,NR,NR,NR,NR,NR,NR,NR,NR,NR,NR,NR,NR,NR,NR,NR,NR,NR,NR,NR,NR,NR,NR,2026-05-31
Rajasthan,Sikar,NR,,NR,NR,NR,NR,NR,NR,NR,NR,NR,NR,NR,NR,NR,NR,NR,NR,NR,NR,NR,NR,NR,NR,NR,NR,NR,NR,NR,NR,NR,NR,NR,NR,NR,NR,NR,NR,NR,NR,NR,2026-05-31
Rajasthan,Sirohi,NR,,NR,NR,NR,NR,NR,NR,NR,NR,NR,NR,NR,NR,NR,NR,NR,NR,NR,NR,NR,NR,NR,NR,NR,NR,NR,NR,NR,NR,NR,NR,NR,NR,NR,NR,NR,NR,NR,NR,NR,2026-05-31
Rajasthan,Sri Ganganagar,NR,,NR,NR,NR,NR,NR,NR,NR,NR,NR,NR,NR,NR,NR,NR,NR,NR,NR,NR,NR,NR,NR,NR,NR,NR,NR,NR,NR,NR,NR,NR,NR,NR,NR,NR,NR,NR,NR,NR,NR,2026-05-31
Rajasthan,Tonk,NR,,NR,NR,NR,NR,NR,NR,NR,NR,NR,NR,NR,NR,NR,NR,NR,NR,NR,NR,NR,NR,NR,NR,NR,NR,NR,NR,NR,NR,NR,NR,NR,NR,NR,NR,NR,NR,NR,NR,NR,2026-05-31
Rajasthan,Sawai Madhopur,NR,,NR,NR,NR,NR,NR,NR,NR,NR,NR,NR,NR,NR,NR,NR,NR,NR,NR,NR,NR,NR,NR,NR,NR,NR,NR,NR,NR,NR,NR,NR,NR,NR,NR,NR,NR,NR,NR,NR,NR,2026-05-31
EAST ZONE,EAST ZONE,,,,,,,,,,,,,,,,,,,,,,,,,,,,,,,,,,,,,,,,,,2026-05-31
Bihar,Patna,NR,,NR,NR,NR,NR,NR,NR,NR,NR,NR,NR,NR,NR,NR,NR,NR,NR,NR,NR,NR,NR,NR,NR,NR,NR,NR,NR,NR,NR,NR,NR,NR,NR,NR,NR,NR,NR,NR,NR,NR,2026-05-31
Bihar,Bhagalpur,39,,27,32,73,119,111,101,75,47,58,NR,186,147,155,173,128,45,320,28,13,19,37,49,61,34,NR,35,104,635,54,84,37,96,29,34,21,18,NR,20,29,2026-05-31
Bihar,Purnia,38,,32,34,71,112,119,102,79,49,59,NR,189,149,189,NR,131,54,324,18,12,21,34,58,58,40,54,47,102,692,55,88,40,94,36,32,24,16,50,28,18,2026-05-31
Bihar,Darbhanga,NR,,NR,NR,NR,NR,NR,NR,NR,NR,NR,NR,NR,NR,NR,NR,NR,NR,NR,NR,NR,NR,NR,NR,NR,NR,NR,NR,NR,NR,NR,NR,NR,NR,NR,NR,NR,NR,NR,NR,NR,2026-05-31
Bihar,Gaya,NR,,NR,NR,NR,NR,NR,NR,NR,NR,NR,NR,NR,NR,NR,NR,NR,NR,NR,NR,NR,NR,NR,NR,NR,NR,NR,NR,NR,NR,NR,NR,NR,NR,NR,NR,NR,NR,NR,NR,NR,2026-05-31
Bihar,Muzzafarpur,40,,28,33,81,122,126,113,79,47,60,NR,188,156,158,202,126,43,288,23,13,21,24,48,51,37,46,41,101,606,55,84,33,83,35,38,26,16,49,25,24,2026-05-31
Bihar,Saran,NR,,NR,NR,NR,NR,NR,NR,NR,NR,NR,NR,NR,NR,NR,NR,NR,NR,NR,NR,NR,NR,NR,NR,NR,NR,NR,NR,NR,NR,NR,NR,NR,NR,NR,NR,NR,NR,NR,NR,NR,2026-05-31
Bihar,Munger,35,,25,32,91,131,108,118,79,44,57,NR,180,178,177,170,165,46,240,29,13,33,21,NR,NR,34,NR,40,100,584,60,79,29,92,46,40,39,16,50,20,31,2026-05-31
Bihar,Saharsa,NR,,NR,NR,NR,NR,NR,NR,NR,NR,NR,NR,NR,NR,NR,NR,NR,NR,NR,NR,NR,NR,NR,NR,NR,NR,NR,NR,NR,NR,NR,NR,NR,NR,NR,NR,NR,NR,NR,NR,NR,2026-05-31
Bihar,Madhubani,NR,,NR,NR,NR,NR,NR,NR,NR,NR,NR,NR,NR,NR,NR,NR,NR,NR,NR,NR,NR,NR,NR,NR,NR,NR,NR,NR,NR,NR,NR,NR,NR,NR,NR,NR,NR,NR,NR,NR,NR,2026-05-31
Bihar,Rohtas (Sasaram),36,,32,39,77,111,114,83,80,48,69,185,192,179,194,218,175,52,248,32,16,25,26,41,57,34,56,37,98,754,60,84,41,85,34,30,25,14,61,29,35,2026-05-31
Bihar,Motihari,48,,28,34,86,114,120,110,86,NR,NR,NR,196,178,178,231,145,NR,NR,NR,18,22,26,NR,NR,NR,NR,NR,NR,NR,NR,NR,NR,NR,NR,NR,NR,NR,NR,NR,NR,2026-05-31
Bihar,Samastipur,42,,25,35,84,115,116,116,82,45,58,NR,187,137,131,NR,134,55,323,30,11,20,31,30,39,38,73,47,99,710,65,92,40,83,32,73,25,10,38,27,25,2026-05-31
Bihar,Katihar,42,,31,30,70,127,128,108,77,46,60,NR,179,151,151,167,NR,55,311,19,10,23,30,NR,NR,31,NR,35,109,668,63,74,35,89,23,49,23,12,NR,23,22,2026-05-31
Bihar,Araria,35,,30,36,78,125,123,112,76,48,60,277,192,159,142,192,126,53,316,29,12,18,30,50,50,40,85,39,103,623,61,83,42,77,35,34,20,12,58,24,24,2026-05-31
Bihar,Nawada,30,,26,31,73,116,118,112,73,47,59,NR,190,161,173,NR,143,54,257,28,11,27,39,40,38,32,54,34,109,703,58,63,38,81,35,31,22,11,63,24,25,2026-05-31
Bihar,Khagaria,NR,,NR,NR,NR,NR,NR,NR,NR,NR,NR,NR,NR,NR,NR,NR,NR,NR,NR,NR,NR,NR,NR,NR,NR,NR,NR,NR,NR,NR,NR,NR,NR,NR,NR,NR,NR,NR,NR,NR,NR,2026-05-31
Bihar,Banka,NR,,NR,NR,NR,NR,NR,NR,NR,NR,NR,NR,NR,NR,NR,NR,NR,NR,NR,NR,NR,NR,NR,NR,NR,NR,NR,NR,NR,NR,NR,NR,NR,NR,NR,NR,NR,NR,NR,NR,NR,2026-05-31
Bihar,Arwal,36,,23,35,81,129,129,89,81,48,59,NR,193,159,179,182,143,55,222,28,15,22,24,NR,NR,35,NR,36,90,748,58,76,39,80,33,35,25,19,45,25,30,2026-05-31
Bihar,Aurangabad,31,,26,32,76,114,105,98,78,47,54,220,195,188,143,189,120,56,210,27,15,19,26,50,NR,35,NR,38,100,769,58,79,44,84,36,33,30,17,52,21,25,2026-05-31
Bihar,Begusarai,NR,,NR,NR,NR,NR,NR,NR,NR,NR,NR,NR,NR,NR,NR,NR,NR,NR,NR,NR,NR,NR,NR,NR,NR,NR,NR,NR,NR,NR,NR,NR,NR,NR,NR,NR,NR,NR,NR,NR,NR,2026-05-31
Bihar,Bhojpur Ara,NR,,NR,NR,NR,NR,NR,NR,NR,NR,NR,NR,NR,NR,NR,NR,NR,NR,NR,NR,NR,NR,NR,NR,NR,NR,NR,NR,NR,NR,NR,NR,NR,NR,NR,NR,NR,NR,NR,NR,NR,2026-05-31
Bihar,Buxar,29,,26,32,84,120,117,119,79,46,62,202,190,171,170,198,121,55,255,29,14,20,29,34,54,34,71,35,90,769,48,95,38,87,46,31,23,17,43,26,25,2026-05-31
Bihar,Gopalganj,NR,,NR,NR,NR,NR,NR,NR,NR,NR,NR,NR,NR,NR,NR,NR,NR,NR,NR,NR,NR,NR,NR,NR,NR,NR,NR,NR,NR,NR,NR,NR,NR,NR,NR,NR,NR,NR,NR,NR,NR,2026-05-31
Bihar,Jamui,NR,,NR,NR,NR,NR,NR,NR,NR,NR,NR,NR,NR,NR,NR,NR,NR,NR,NR,NR,NR,NR,NR,NR,NR,NR,NR,NR,NR,NR,NR,NR,NR,NR,NR,NR,NR,NR,NR,NR,NR,2026-05-31
Bihar,Jehanabad,NR,,NR,NR,NR,NR,NR,NR,NR,NR,NR,NR,NR,NR,NR,NR,NR,NR,NR,NR,NR,NR,NR,NR,NR,NR,NR,NR,NR,NR,NR,NR,NR,NR,NR,NR,NR,NR,NR,NR,NR,2026-05-31
Bihar,Kaimur,38,,27,32,79,117,117,98,79,47,57,NR,191,174,167,193,130,51,212,20,12,19,29,32,31,34,NR,39,88,714,60,85,36,82,33,33,27,15,53,26,28,2026-05-31
Bihar,Kishanganj,NR,,NR,NR,NR,NR,NR,NR,NR,NR,NR,NR,NR,NR,NR,NR,NR,NR,NR,NR,NR,NR,NR,NR,NR,NR,NR,NR,NR,NR,NR,NR,NR,NR,NR,NR,NR,NR,NR,NR,NR,2026-05-31
Bihar,Lakhisarai,NR,,NR,NR,NR,NR,NR,NR,NR,NR,NR,NR,NR,NR,NR,NR,NR,NR,NR,NR,NR,NR,NR,NR,NR,NR,NR,NR,NR,NR,NR,NR,NR,NR,NR,NR,NR,NR,NR,NR,NR,2026-05-31
Bihar,Medhepura,38,,31,35,73,115,125,94,77,48,58,NR,197,156,195,187,133,44,285,21,13,24,31,NR,NR,36,NR,35,90,722,58,108,37,90,35,37,28,14,40,27,23,2026-05-31
Bihar,Nalanda,NR,,NR,NR,NR,NR,NR,NR,NR,NR,NR,NR,NR,NR,NR,NR,NR,NR,NR,NR,NR,NR,NR,NR,NR,NR,NR,NR,NR,NR,NR,NR,NR,NR,NR,NR,NR,NR,NR,NR,NR,2026-05-31
Bihar,Sheikhpura,NR,,NR,NR,NR,NR,NR,NR,NR,NR,NR,NR,NR,NR,NR,NR,NR,NR,NR,NR,NR,NR,NR,NR,NR,NR,NR,NR,NR,NR,NR,NR,NR,NR,NR,NR,NR,NR,NR,NR,NR,2026-05-31
Bihar,Sheohar,41,,27,37,82,120,118,108,77,47,58,170,203,164,169,197,124,50,232,26,14,24,27,50,54,38,40,40,114,725,59,77,28,81,34,37,24,15,55,28,25,2026-05-31
Bihar,Sitamarhi,NR,,NR,NR,NR,NR,NR,NR,NR,NR,NR,NR,NR,NR,NR,NR,NR,NR,NR,NR,NR,NR,NR,NR,NR,NR,NR,NR,NR,NR,NR,NR,NR,NR,NR,NR,NR,NR,NR,NR,NR,2026-05-31
Bihar,Siwan,35,,26,30,72,109,89,87,70,47,59,268,186,178,184,187,134,52,202,27,13,21,26,47,44,33,49,34,81,709,61,66,29,84,34,41,29,14,41,24,25,2026-05-31
Bihar,Supaul,NR,,NR,NR,NR,NR,NR,NR,NR,NR,NR,NR,NR,NR,NR,NR,NR,NR,NR,NR,NR,NR,NR,NR,NR,NR,NR,NR,NR,NR,NR,NR,NR,NR,NR,NR,NR,NR,NR,NR,NR,2026-05-31
Bihar,Vaishali,35,,26,30,75,114,117,100,75,NR,NR,209,181,154,187,209,159,NR,NR,NR,12,24,35,48,48,33,40,36,90,769,55,84,40,80,33,30,25,12,35,20,30,2026-05-31
Bihar,West Champaran,38,,29,36,81,116,119,111,84,44,56,202,186,166,153,176,NR,45,260,20,17,23,30,35,41,33,45,39,105,567,54,76,37,90,47,50,27,17,47,24,21,2026-05-31
Jharkhand,Ranchi,41,,34,36,80,119,118,110,79,47,59,227,187,150,177,191,136,52,217,28,15,23,23,35,40,36,40,41,103,622,60,77,42,90,44,41,32,15,50,27,35,2026-05-31
Jharkhand,Gumla,NR,,NR,NR,NR,NR,NR,NR,NR,NR,NR,NR,NR,NR,NR,NR,NR,NR,NR,NR,NR,NR,NR,NR,NR,NR,NR,NR,NR,NR,NR,NR,NR,NR,NR,NR,NR,NR,NR,NR,NR,2026-05-31
Jharkhand,Sahibganj,NR,,NR,NR,NR,NR,NR,NR,NR,NR,NR,NR,NR,NR,NR,NR,NR,NR,NR,NR,NR,NR,NR,NR,NR,NR,NR,NR,NR,NR,NR,NR,NR,NR,NR,NR,NR,NR,NR,NR,NR,2026-05-31
Jharkhand,Bokaro,36,,35,37,86,132,107,110,83,48,57,NR,182,170,164,182,144,56,322,28,23,27,35,NR,NR,33,NR,40,100,709,57,89,43,81,28,41,25,13,60,NR,NR,2026-05-31
Jharkhand,Lohardaga,37,,31,36,85,102,125,110,80,45,61,NR,147,130,135,166,116,44,203,26,20,25,10,NR,NR,38,31,40,90,673,56,73,25,80,42,30,27,11,38,41,23,2026-05-31
Jharkhand,Simdega,NR,,NR,NR,NR,NR,NR,NR,NR,NR,NR,NR,NR,NR,NR,NR,NR,NR,NR,NR,NR,NR,NR,NR,NR,NR,NR,NR,NR,NR,NR,NR,NR,NR,NR,NR,NR,NR,NR,NR,NR,2026-05-31
Jharkhand,Dhanbad,39,,34,36,76,119,119,110,80,48,59,251,193,157,163,187,139,58,245,28,15,27,34,38,50,37,53,45,93,769,57,91,43,89,37,39,34,18,50,38,38,2026-05-31
Jharkhand,Jamshedpur (East Singbhum),NR,,NR,NR,NR,NR,NR,NR,NR,NR,NR,NR,NR,NR,NR,NR,NR,NR,NR,NR,NR,NR,NR,NR,NR,NR,NR,NR,NR,NR,NR,NR,NR,NR,NR,NR,NR,NR,NR,NR,NR,2026-05-31
Jharkhand,Giridhi,NR,,NR,NR,NR,NR,NR,NR,NR,NR,NR,NR,NR,NR,NR,NR,NR,NR,NR,NR,NR,NR,NR,NR,NR,NR,NR,NR,NR,NR,NR,NR,NR,NR,NR,NR,NR,NR,NR,NR,NR,2026-05-31
Jharkhand,Seraikella,NR,,NR,NR,NR,NR,NR,NR,NR,NR,NR,NR,NR,NR,NR,NR,NR,NR,NR,NR,NR,NR,NR,NR,NR,NR,NR,NR,NR,NR,NR,NR,NR,NR,NR,NR,NR,NR,NR,NR,NR,2026-05-31
Jharkhand,West Singhbhum,NR,,NR,NR,NR,NR,NR,NR,NR,NR,NR,NR,NR,NR,NR,NR,NR,NR,NR,NR,NR,NR,NR,NR,NR,NR,NR,NR,NR,NR,NR,NR,NR,NR,NR,NR,NR,NR,NR,NR,NR,2026-05-31
Jharkhand,Daltonganj,36,,28,37,86,115,123,107,87,49,60,NR,189,152,165,NR,137,60,305,30,21,24,26,NR,NR,44,59,45,121,686,68,90,45,92,40,41,26,18,40,37,28,2026-05-31
Jharkhand,Deoghar,40,,32,35,80,110,120,110,100,48,60,176,186,176,148,176,132,60,300,25,15,25,30,50,50,40,60,50,90,769,60,85,30,80,40,35,25,15,40,20,20,2026-05-31
Jharkhand,Ramgarh,NR,,NR,NR,NR,NR,NR,NR,NR,NR,NR,NR,NR,NR,NR,NR,NR,NR,NR,NR,NR,NR,NR,NR,NR,NR,NR,NR,NR,NR,NR,NR,NR,NR,NR,NR,NR,NR,NR,NR,NR,2026-05-31
Jharkhand,Pakur,NR,,NR,NR,NR,NR,NR,NR,NR,NR,NR,NR,NR,NR,NR,NR,NR,NR,NR,NR,NR,NR,NR,NR,NR,NR,NR,NR,NR,NR,NR,NR,NR,NR,NR,NR,NR,NR,NR,NR,NR,2026-05-31
Jharkhand,Jamtara,39,,27,31,76,120,115,107,87,48,59,NR,194,145,178,189,167,56,287,27,11,19,41,57,77,35,61,48,87,905,56,81,32,87,44,30,29,19,48,27,32,2026-05-31
Jharkhand,Latehar,NR,,NR,NR,NR,NR,NR,NR,NR,NR,NR,NR,NR,NR,NR,NR,NR,NR,NR,NR,NR,NR,NR,NR,NR,NR,NR,NR,NR,NR,NR,NR,NR,NR,NR,NR,NR,NR,NR,NR,NR,2026-05-31
Jharkhand,Godda,NR,,NR,NR,NR,NR,NR,NR,NR,NR,NR,NR,NR,NR,NR,NR,NR,NR,NR,NR,NR,NR,NR,NR,NR,NR,NR,NR,NR,NR,NR,NR,NR,NR,NR,NR,NR,NR,NR,NR,NR,2026-05-31
Jharkhand,Koderma,40,,32,35,80,120,120,104,80,48,63,199,192,152,180,198,125,60,208,28,19,20,32,NR,NR,36,NR,42,90,697,59,84,31,84,41,40,30,14,61,35,40,2026-05-31
Odisha,Bhubaneshwar,42,,36,46,80,115,115,115,80,48,58,NR,200,145,NR,192,167,65,230,27,16,29,40,NR,NR,35,45,38,90,NR,NR,72,33,90,30,35,25,12,50,40,50,2026-05-31
Odisha,Cuttack,40,,37,46,77,115,112,111,79,49,58,NR,198,143,NR,194,171,57,257,30,16,26,48,41,44,37,55,39,93,740,57,76,35,91,41,35,27,15,58,35,47,2026-05-31
Odisha,Sambalpur,40,,38,45,78,115,112,100,78,50,58,NR,200,143,NR,192,174,52,240,30,15,20,50,40,45,35,60,36,90,747,NR,72,40,90,40,35,30,15,60,30,40,2026-05-31
Odisha,Rourkela,36,,35,38,77,116,111,97,77,47,58,NR,202,144,149,197,167,57,190,28,16,22,42,35,36,38,40,39,91,518,56,74,32,88,36,32,30,15,47,30,55,2026-05-31
Odisha,Berhampur,44,,40,40,80,119,108,100,71,50,58,NR,202,166,NR,189,NR,55,245,21,20,22,42,NR,NR,38,49,50,85,690,53,70,60,84,35,45,29,14,46,19,41,2026-05-31
Odisha,Jeypore,NR,,NR,NR,NR,NR,NR,NR,NR,NR,NR,NR,NR,NR,NR,NR,NR,NR,NR,NR,NR,NR,NR,NR,NR,NR,NR,NR,NR,NR,NR,NR,NR,NR,NR,NR,NR,NR,NR,NR,NR,2026-05-31
Odisha,Balasore,38,,41,45,76,116,107,96,75,45,58,NR,197,176,NR,192,170,59,240,28,14,24,36,NR,NR,42,NR,43,93,617,56,66,30,93,41,40,28,11,45,25,32,2026-05-31
Odisha,Baripada,35,,33,42,78,115,115,98,79,49,58,NR,187,171,NR,187,169,60,239,28,15,24,47,35,NR,51,48,51,91,706,57,84,39,101,39,36,31,13,55,22,26,2026-05-31
Odisha,Balangir,35,,37,36,80,118,118,100,80,45,58,NR,202,143,NR,192,171,60,NR,30,18,22,40,NR,NR,40,NR,45,100,769,57,84,38,85,40,35,30,17,40,35,43,2026-05-31
Odisha,Angul,37,,NR,50,84,135,112,119,88,49,60,NR,198,176,NR,196,NR,55,NR,29,17,23,40,44,58,49,53,50,95,NR,59,78,39,92,55,33,30,15,53,25,25,2026-05-31
Odisha,Boudhgarh,NR,,NR,NR,NR,NR,NR,NR,NR,NR,NR,NR,NR,NR,NR,NR,NR,NR,NR,NR,NR,NR,NR,NR,NR,NR,NR,NR,NR,NR,NR,NR,NR,NR,NR,NR,NR,NR,NR,NR,NR,2026-05-31
Odisha,Dhenkanal,39,,35,44,75,120,107,100,75,46,58,NR,198,143,NR,198,143,60,315,29,15,25,40,50,NR,39,50,45,90,710,58,84,40,83,40,30,20,12,50,30,40,2026-05-31
Odisha,Jagatsinghpur,NR,,NR,NR,NR,NR,NR,NR,NR,NR,NR,NR,NR,NR,NR,NR,NR,NR,NR,NR,NR,NR,NR,NR,NR,NR,NR,NR,NR,NR,NR,NR,NR,NR,NR,NR,NR,NR,NR,NR,NR,2026-05-31
Odisha,Kandhamal,NR,,NR,NR,NR,NR,NR,NR,NR,NR,NR,NR,NR,NR,NR,NR,NR,NR,NR,NR,NR,NR,NR,NR,NR,NR,NR,NR,NR,NR,NR,NR,NR,NR,NR,NR,NR,NR,NR,NR,NR,2026-05-31
Odisha,Keonjhar,40,,40,51,80,120,116,110,77,48,58,NR,192,137,NR,187,120,59,NR,30,15,24,57,40,40,40,50,43,105,736,58,96,33,90,40,35,25,15,50,28,38,2026-05-31
Odisha,Malkangiri,NR,,NR,NR,NR,NR,NR,NR,NR,NR,NR,NR,NR,NR,NR,NR,NR,NR,NR,NR,NR,NR,NR,NR,NR,NR,NR,NR,NR,NR,NR,NR,NR,NR,NR,NR,NR,NR,NR,NR,NR,2026-05-31
Odisha,Nabarangpur,NR,,NR,NR,NR,NR,NR,NR,NR,NR,NR,NR,NR,NR,NR,NR,NR,NR,NR,NR,NR,NR,NR,NR,NR,NR,NR,NR,NR,NR,NR,NR,NR,NR,NR,NR,NR,NR,NR,NR,NR,2026-05-31
Odisha,Nayagarh,NR,,NR,NR,NR,NR,NR,NR,NR,NR,NR,NR,NR,NR,NR,NR,NR,NR,NR,NR,NR,NR,NR,NR,NR,NR,NR,NR,NR,NR,NR,NR,NR,NR,NR,NR,NR,NR,NR,NR,NR,2026-05-31
Odisha,Nuapada,NR,,NR,NR,NR,NR,NR,NR,NR,NR,NR,NR,NR,NR,NR,NR,NR,NR,NR,NR,NR,NR,NR,NR,NR,NR,NR,NR,NR,NR,NR,NR,NR,NR,NR,NR,NR,NR,NR,NR,NR,2026-05-31
Odisha,Paralakhemundi Gajapati,NR,,NR,NR,NR,NR,NR,NR,NR,NR,NR,NR,NR,NR,NR,NR,NR,NR,NR,NR,NR,NR,NR,NR,NR,NR,NR,NR,NR,NR,NR,NR,NR,NR,NR,NR,NR,NR,NR,NR,NR,2026-05-31
Odisha,Puri,40,,NR,42,80,119,115,106,86,48,59,NR,198,159,NR,191,145,58,277,26,15,22,42,NR,NR,40,NR,44,94,675,58,73,42,85,39,34,26,15,49,29,38,2026-05-31
Odisha,Rayagada,43,,41,50,85,120,120,109,80,48,60,209,203,150,NR,198,140,60,NR,30,19,25,40,NR,NR,45,40,49,80,690,58,82,40,82,34,35,24,13,50,30,43,2026-05-31
Odisha,Sonepur,36,,NR,40,80,120,118,104,80,46,50,NR,202,148,NR,196,126,57,NR,10,18,22,41,NR,NR,41,NR,46,96,747,57,84,35,95,42,32,30,19,45,35,35,2026-05-31
Odisha,Bhadrak,NR,,NR,NR,NR,NR,NR,NR,NR,NR,NR,NR,NR,NR,NR,NR,NR,NR,NR,NR,NR,NR,NR,NR,NR,NR,NR,NR,NR,NR,NR,NR,NR,NR,NR,NR,NR,NR,NR,NR,NR,2026-05-31
Odisha,Jharsuguda,NR,,NR,NR,NR,NR,NR,NR,NR,NR,NR,NR,NR,NR,NR,NR,NR,NR,NR,NR,NR,NR,NR,NR,NR,NR,NR,NR,NR,NR,NR,NR,NR,NR,NR,NR,NR,NR,NR,NR,NR,2026-05-31
Odisha,Kendrapara,39,,38,46,86,130,105,110,85,46,55,NR,200,144,NR,191,158,55,277,28,14,25,39,NR,NR,42,57,44,87,697,60,72,38,82,28,39,23,15,54,19,38,2026-05-31
Odisha,Jajpur,34,,40,47,77,121,105,111,81,45,56,NR,198,184,NR,189,120,55,NR,29,15,24,41,NR,NR,35,NR,46,100,659,54,84,30,85,39,29,23,13,51,22,27,2026-05-31
Odisha,Kalahandi,42,,37,49,85,120,118,110,85,47,54,NR,203,163,NR,185,133,54,430,30,18,21,38,NR,NR,40,37,50,101,753,NR,75,32,84,37,32,29,13,40,26,43,2026-05-31
West Bengal,Kolkata,NR,,NR,NR,NR,NR,NR,NR,NR,NR,NR,NR,NR,NR,NR,NR,NR,NR,NR,NR,NR,NR,NR,NR,NR,NR,NR,NR,NR,NR,NR,NR,NR,NR,NR,NR,NR,NR,NR,NR,NR,2026-05-31
West Bengal,Siliguri,NR,,NR,NR,NR,NR,NR,NR,NR,NR,NR,NR,NR,NR,NR,NR,NR,NR,NR,NR,NR,NR,NR,NR,NR,NR,NR,NR,NR,NR,NR,NR,NR,NR,NR,NR,NR,NR,NR,NR,NR,2026-05-31
West Bengal,Purulia,37,,NR,35,82,127,122,108,98,47,61,NR,190,155,145,178,NR,57,282,27,10,25,42,NR,NR,45,NR,58,96,679,59,73,38,82,31,44,34,19,42,27,34,2026-05-31
West Bengal,Kharagpur,NR,,NR,NR,NR,NR,NR,NR,NR,NR,NR,NR,NR,NR,NR,NR,NR,NR,NR,NR,NR,NR,NR,NR,NR,NR,NR,NR,NR,NR,NR,NR,NR,NR,NR,NR,NR,NR,NR,NR,NR,2026-05-31
West Bengal,Rampurhat,NR,,NR,NR,NR,NR,NR,NR,NR,NR,NR,NR,NR,NR,NR,NR,NR,NR,NR,NR,NR,NR,NR,NR,NR,NR,NR,NR,NR,NR,NR,NR,NR,NR,NR,NR,NR,NR,NR,NR,NR,2026-05-31
West Bengal,Malda,NR,,NR,NR,NR,NR,NR,NR,NR,NR,NR,NR,NR,NR,NR,NR,NR,NR,NR,NR,NR,NR,NR,NR,NR,NR,NR,NR,NR,NR,NR,NR,NR,NR,NR,NR,NR,NR,NR,NR,NR,2026-05-31
West Bengal,Raiganj,NR,,NR,NR,NR,NR,NR,NR,NR,NR,NR,NR,NR,NR,NR,NR,NR,NR,NR,NR,NR,NR,NR,NR,NR,NR,NR,NR,NR,NR,NR,NR,NR,NR,NR,NR,NR,NR,NR,NR,NR,2026-05-31
West Bengal,Alipurduar,NR,,NR,NR,NR,NR,NR,NR,NR,NR,NR,NR,NR,NR,NR,NR,NR,NR,NR,NR,NR,NR,NR,NR,NR,NR,NR,NR,NR,NR,NR,NR,NR,NR,NR,NR,NR,NR,NR,NR,NR,2026-05-31
West Bengal,Asansol,NR,,NR,NR,NR,NR,NR,NR,NR,NR,NR,NR,NR,NR,NR,NR,NR,NR,NR,NR,NR,NR,NR,NR,NR,NR,NR,NR,NR,NR,NR,NR,NR,NR,NR,NR,NR,NR,NR,NR,NR,2026-05-31
West Bengal,Balurghat,NR,,NR,NR,NR,NR,NR,NR,NR,NR,NR,NR,NR,NR,NR,NR,NR,NR,NR,NR,NR,NR,NR,NR,NR,NR,NR,NR,NR,NR,NR,NR,NR,NR,NR,NR,NR,NR,NR,NR,NR,2026-05-31
West Bengal,Bankura,NR,,NR,NR,NR,NR,NR,NR,NR,NR,NR,NR,NR,NR,NR,NR,NR,NR,NR,NR,NR,NR,NR,NR,NR,NR,NR,NR,NR,NR,NR,NR,NR,NR,NR,NR,NR,NR,NR,NR,NR,2026-05-31
West Bengal,Barasat,NR,,NR,NR,NR,NR,NR,NR,NR,NR,NR,NR,NR,NR,NR,NR,NR,NR,NR,NR,NR,NR,NR,NR,NR,NR,NR,NR,NR,NR,NR,NR,NR,NR,NR,NR,NR,NR,NR,NR,NR,2026-05-31
West Bengal,Bardhaman,50,,NR,38,83,120,121,119,109,48,58,234,191,158,148,197,140,63,313,28,13,25,46,NR,NR,37,NR,43,93,740,61,81,41,89,46,30,30,14,65,36,28,2026-05-31
West Bengal,Baruipur,NR,,NR,NR,NR,NR,NR,NR,NR,NR,NR,NR,NR,NR,NR,NR,NR,NR,NR,NR,NR,NR,NR,NR,NR,NR,NR,NR,NR,NR,NR,NR,NR,NR,NR,NR,NR,NR,NR,NR,NR,2026-05-31
West Bengal,Berhampore,46,,25,40,85,122,111,113,107,51,63,NR,189,146,174,195,166,55,273,24,15,21,47,NR,NR,40,NR,61,74,605,58,84,52,90,30,31,27,15,33,34,35,2026-05-31
West Bengal,Chinsurah,NR,,NR,NR,NR,NR,NR,NR,NR,NR,NR,NR,NR,NR,NR,NR,NR,NR,NR,NR,NR,NR,NR,NR,NR,NR,NR,NR,NR,NR,NR,NR,NR,NR,NR,NR,NR,NR,NR,NR,NR,2026-05-31
West Bengal,Cooch behar,NR,,NR,NR,NR,NR,NR,NR,NR,NR,NR,NR,NR,NR,NR,NR,NR,NR,NR,NR,NR,NR,NR,NR,NR,NR,NR,NR,NR,NR,NR,NR,NR,NR,NR,NR,NR,NR,NR,NR,NR,2026-05-31
West Bengal,Howrah,NR,,NR,NR,NR,NR,NR,NR,NR,NR,NR,NR,NR,NR,NR,NR,NR,NR,NR,NR,NR,NR,NR,NR,NR,NR,NR,NR,NR,NR,NR,NR,NR,NR,NR,NR,NR,NR,NR,NR,NR,2026-05-31
West Bengal,Jalapiguri,42,,NR,47,87,134,130,111,137,51,81,NR,195,132,168,198,148,67,300,29,11,27,42,NR,NR,38,NR,60,89,688,61,72,48,93,47,34,30,15,71,30,36,2026-05-31
West Bengal,Jhargram,41,,NR,40,87,125,124,120,109,48,61,NR,181,139,137,176,NR,58,289,28,11,25,31,NR,NR,36,NR,57,85,671,59,71,44,85,40,35,26,15,43,24,38,2026-05-31
West Bengal,Kalimpong,45,,36,37,80,153,130,124,93,46,69,NR,NR,127,137,170,NR,62,394,16,25,31,38,NR,NR,40,44,42,99,715,NR,91,58,101,70,50,31,19,46,NR,40,2026-05-31
West Bengal,Krishnagar,NR,,NR,NR,NR,NR,NR,NR,NR,NR,NR,NR,NR,NR,NR,NR,NR,NR,NR,NR,NR,NR,NR,NR,NR,NR,NR,NR,NR,NR,NR,NR,NR,NR,NR,NR,NR,NR,NR,NR,NR,2026-05-31
West Bengal,Tamluk,NR,,NR,NR,NR,NR,NR,NR,NR,NR,NR,NR,NR,NR,NR,NR,NR,NR,NR,NR,NR,NR,NR,NR,NR,NR,NR,NR,NR,NR,NR,NR,NR,NR,NR,NR,NR,NR,NR,NR,NR,2026-05-31
NORTH EAST ZONE,NORTH EAST ZONE,,,,,,,,,,,,,,,,,,,,,,,,,,,,,,,,,,,,,,,,,,2026-05-31
Andaman and Nicobar,Port Blair,NR,,NR,NR,NR,NR,NR,NR,NR,NR,NR,NR,NR,NR,NR,NR,NR,NR,NR,NR,NR,NR,NR,NR,NR,NR,NR,NR,NR,NR,NR,NR,NR,NR,NR,NR,NR,NR,NR,NR,NR,2026-05-31
Andaman and Nicobar,Mayabunder,NR,,NR,NR,NR,NR,NR,NR,NR,NR,NR,NR,NR,NR,NR,NR,NR,NR,NR,NR,NR,NR,NR,NR,NR,NR,NR,NR,NR,NR,NR,NR,NR,NR,NR,NR,NR,NR,NR,NR,NR,2026-05-31
Andaman and Nicobar,Car Nicobar,NR,,NR,NR,NR,NR,NR,NR,NR,NR,NR,NR,NR,NR,NR,NR,NR,NR,NR,NR,NR,NR,NR,NR,NR,NR,NR,NR,NR,NR,NR,NR,NR,NR,NR,NR,NR,NR,NR,NR,NR,2026-05-31
Arunachal pradesh,Itanagar,NR,,NR,NR,NR,NR,NR,NR,NR,NR,NR,NR,NR,NR,NR,NR,NR,NR,NR,NR,NR,NR,NR,NR,NR,NR,NR,NR,NR,NR,NR,NR,NR,NR,NR,NR,NR,NR,NR,NR,NR,2026-05-31
Arunachal pradesh,Namsai,NR,,NR,NR,NR,NR,NR,NR,NR,NR,NR,NR,NR,NR,NR,NR,NR,NR,NR,NR,NR,NR,NR,NR,NR,NR,NR,NR,NR,NR,NR,NR,NR,NR,NR,NR,NR,NR,NR,NR,NR,2026-05-31
Arunachal pradesh,Pasighat,53,,NR,50,93,113,97,93,113,60,80,176,235,172,176,183,NR,90,400,20,20,40,70,NR,NR,50,NR,57,83,723,59,100,60,100,70,78,43,15,60,48,67,2026-05-31
Arunachal pradesh,Tawang,NR,,NR,NR,NR,NR,NR,NR,NR,NR,NR,NR,NR,NR,NR,NR,NR,NR,NR,NR,NR,NR,NR,NR,NR,NR,NR,NR,NR,NR,NR,NR,NR,NR,NR,NR,NR,NR,NR,NR,NR,2026-05-31
Arunachal pradesh,Tezu,NR,,NR,NR,NR,NR,NR,NR,NR,NR,NR,NR,NR,NR,NR,NR,NR,NR,NR,NR,NR,NR,NR,NR,NR,NR,NR,NR,NR,NR,NR,NR,NR,NR,NR,NR,NR,NR,NR,NR,NR,2026-05-31
Assam,Guwahati,39,,33,40,76,113,95,97,81,49,71,216,200,188,176,203,165,60,220,13,17,30,43,NR,NR,45,NR,47,NR,NR,NR,93,42,NR,40,NR,22,19,76,31,44,2026-05-31
Assam,Barpeta,33,,39,37,79,106,96,96,80,50,74,197,213,139,159,195,163,54,155,10,13,29,37,50,43,39,97,52,83,736,63,81,40,83,34,33,27,18,58,24,25,2026-05-31
Assam,Tinsukia,NR,,NR,NR,NR,NR,NR,NR,NR,NR,NR,NR,NR,NR,NR,NR,NR,NR,NR,NR,NR,NR,NR,NR,NR,NR,NR,NR,NR,NR,NR,NR,NR,NR,NR,NR,NR,NR,NR,NR,NR,2026-05-31
Assam,Dhubri,31,,NR,33,76,130,NR,106,81,48,77,NR,220,158,154,176,126,60,180,12,10,25,35,50,65,35,65,50,110,747,60,84,30,70,30,40,25,15,50,25,30,2026-05-31
Assam,Goalpara,38,,31,36,86,125,120,110,89,48,60,NR,198,159,156,167,157,57,212,10,11,28,34,NR,NR,37,NR,55,98,787,61,90,40,95,39,31,31,18,60,25,35,2026-05-31
Assam,Golaghat,NR,,NR,NR,NR,NR,NR,NR,NR,NR,NR,NR,NR,NR,NR,NR,NR,NR,NR,NR,NR,NR,NR,NR,NR,NR,NR,NR,NR,NR,NR,NR,NR,NR,NR,NR,NR,NR,NR,NR,NR,2026-05-31
Assam,Mangaldai,45,,33,34,78,110,95,103,85,48,70,NR,191,142,NR,NR,160,60,260,11,15,34,38,NR,NR,35,NR,35,NR,NR,NR,84,35,NR,NR,NR,30,17,65,23,40,2026-05-31
Assam,Mushalpur,37,,36,35,88,115,95,111,90,49,75,NR,213,149,185,185,132,52,250,10,12,30,40,NR,NR,35,NR,51,81,831,60,83,40,93,29,NR,29,29,57,30,31,2026-05-31
Assam,Udalguri,38,,NR,38,84,117,96,112,88,49,77,NR,207,NR,160,188,145,58,272,10,11,32,45,NR,NR,39,NR,40,75,687,NR,78,37,80,42,NR,21,13,53,30,40,2026-05-31
Assam,Bajali,34,,33,40,88,118,102,113,90,47,78,164,211,NR,159,NR,137,67,363,10,15,33,32,NR,NR,36,103,45,85,795,62,96,42,90,61,60,32,25,70,23,29,2026-05-31
Assam,Hojai,34,,NR,38,79,110,98,94,80,48,62,NR,196,148,146,179,157,67,250,11,14,25,26,NR,NR,39,NR,42,70,670,58,84,38,78,33,40,28,11,42,24,35,2026-05-31
Assam,Jorhat,40,,36,40,82,115,115,105,101,50,78,181,203,160,159,160,132,60,208,12,18,28,35,NR,NR,55,NR,54,78,714,NR,102,40,80,42,42,30,12,60,20,40,2026-05-31
Assam,Bongaigaon,43,,NR,35,83,118,97,110,90,47,70,NR,184,152,150,165,NR,60,322,10,14,25,35,NR,NR,37,NR,60,76,NR,NR,90,32,NR,40,NR,30,18,55,20,40,2026-05-31
Assam,Morigaon,NR,,NR,NR,NR,NR,NR,NR,NR,NR,NR,NR,NR,NR,NR,NR,NR,NR,NR,NR,NR,NR,NR,NR,NR,NR,NR,NR,NR,NR,NR,NR,NR,NR,NR,NR,NR,NR,NR,NR,NR,2026-05-31
Assam,Sonari,41,,43,42,100,122,NR,110,98,49,78,NR,207,NR,176,NR,NR,74,220,12,13,31,35,NR,NR,36,NR,60,92,NR,NR,85,45,80,43,42,30,15,54,18,38,2026-05-31
Assam,Tamulpur,36,,36,36,85,127,110,111,90,49,77,NR,195,152,175,NR,160,70,267,10,12,30,40,NR,NR,36,NR,41,79,710,NR,84,30,NR,NR,NR,27,12,50,30,40,2026-05-31
Assam,Sivasagar,45,,40,50,87,114,113,117,97,49,76,NR,203,203,174,194,150,60,253,11,13,24,42,33,63,55,NR,58,95,681,61,90,40,80,37,56,36,12,50,22,43,2026-05-31
Assam,Biswanath Chariali,NR,,NR,NR,NR,NR,NR,NR,NR,NR,NR,NR,NR,NR,NR,NR,NR,NR,NR,NR,NR,NR,NR,NR,NR,NR,NR,NR,NR,NR,NR,NR,NR,NR,NR,NR,NR,NR,NR,NR,NR,2026-05-31
Assam,Dibrugarh,36,,NR,35,87,129,127,109,101,50,77,NR,205,158,190,204,NR,58,203,13,14,32,32,NR,NR,36,NR,55,89,784,58,84,47,79,49,42,34,13,57,42,45,2026-05-31
Assam,Karimganj,37,,NR,39,79,112,118,103,79,48,75,NR,203,NR,154,214,NR,70,238,14,20,30,40,NR,NR,39,NR,65,130,NR,58,90,50,NR,38,NR,27,15,50,27,40,2026-05-31
Assam,Majuli,35,,38,43,98,122,91,115,103,51,70,NR,189,NR,139,NR,NR,60,260,15,18,28,44,NR,NR,41,NR,42,113,NR,NR,84,40,70,45,NR,35,15,40,30,40,2026-05-31
Assam,Sonitpur Tezpur,37,,30,41,85,115,100,110,85,47,69,NR,203,NR,186,211,NR,49,310,10,14,27,42,NR,NR,40,NR,45,80,749,62,84,40,96,50,60,30,17,80,20,40,2026-05-31
Assam,Haflong,34,,NR,45,90,120,NR,120,90,50,77,NR,168,NR,132,168,NR,80,270,15,20,35,50,NR,NR,45,NR,45,90,679,58,90,40,95,40,32,30,19,80,20,50,2026-05-31
Assam,AS-Lakhimpur,39,,NR,38,81,112,102,110,92,49,73,NR,194,161,164,172,NR,58,193,15,14,27,45,NR,NR,40,NR,42,88,613,59,84,48,81,37,59,32,13,48,28,43,2026-05-31
Assam,Diphu,34,,NR,38,80,110,113,110,87,49,75,NR,201,NR,153,NR,121,90,245,13,16,34,35,40,45,37,63,70,82,718,62,95,30,80,45,35,30,15,60,20,40,2026-05-31
Assam,Nalbari,36,,NR,40,82,125,95,110,85,49,70,NR,198,145,165,187,126,58,297,10,10,30,40,NR,NR,40,NR,40,80,820,58,90,40,80,43,50,30,15,73,33,22,2026-05-31
Assam,South Salmara Mankachar,39,,39,38,80,123,NR,116,83,47,75,NR,212,176,170,183,132,64,233,12,25,30,28,82,86,42,NR,58,NR,805,59,82,37,73,45,50,40,19,55,NR,NR,2026-05-31
Assam,Kamrup,NR,,NR,NR,NR,NR,NR,NR,NR,NR,NR,NR,NR,NR,NR,NR,NR,NR,NR,NR,NR,NR,NR,NR,NR,NR,NR,NR,NR,NR,NR,NR,NR,NR,NR,NR,NR,NR,NR,NR,NR,2026-05-31
Manipur,Imphal,NR,,NR,NR,NR,NR,NR,NR,NR,NR,NR,NR,NR,NR,NR,NR,NR,NR,NR,NR,NR,NR,NR,NR,NR,NR,NR,NR,NR,NR,NR,NR,NR,NR,NR,NR,NR,NR,NR,NR,NR,2026-05-31
Manipur,Chandel,NR,,NR,NR,NR,NR,NR,NR,NR,NR,NR,NR,NR,NR,NR,NR,NR,NR,NR,NR,NR,NR,NR,NR,NR,NR,NR,NR,NR,NR,NR,NR,NR,NR,NR,NR,NR,NR,NR,,,2026-05-31
Manipur,Jiribam,NR,,NR,NR,NR,NR,NR,NR,NR,NR,NR,NR,NR,NR,NR,NR,NR,NR,NR,NR,NR,NR,NR,NR,NR,NR,NR,NR,NR,NR,NR,NR,NR,NR,NR,NR,NR,NR,NR,NR,NR,2026-05-31
Manipur,Kangpokpi,53,,NR,45,100,147,NR,140,100,55,77,172,165,NR,176,176,143,NR,273,15,30,47,100,NR,NR,45,NR,40,97,753,60,96,NR,120,45,52,44,20,50,NR,NR,2026-05-31
Manipur,Senapati,NR,,NR,NR,NR,NR,NR,NR,NR,NR,NR,NR,NR,NR,NR,NR,NR,NR,NR,NR,NR,NR,NR,NR,NR,NR,NR,NR,NR,NR,NR,NR,NR,NR,NR,NR,NR,NR,NR,NR,NR,2026-05-31
Manipur,Tamenglong,NR,,NR,NR,NR,NR,NR,NR,NR,NR,NR,NR,NR,NR,NR,NR,NR,NR,NR,NR,NR,NR,NR,NR,NR,NR,NR,NR,NR,NR,NR,NR,NR,NR,NR,NR,NR,NR,NR,,,2026-05-31
Manipur,Thoubal,NR,,NR,NR,NR,NR,NR,NR,NR,NR,NR,NR,NR,NR,NR,NR,NR,NR,NR,NR,NR,NR,NR,NR,NR,NR,NR,NR,NR,NR,NR,NR,NR,NR,NR,NR,NR,NR,NR,NR,NR,2026-05-31
Manipur,Ukhrul,NR,,NR,NR,NR,NR,NR,NR,NR,NR,NR,NR,NR,NR,NR,NR,NR,NR,NR,NR,NR,NR,NR,NR,NR,NR,NR,NR,NR,NR,NR,NR,NR,NR,NR,NR,NR,NR,NR,NR,NR,2026-05-31
Manipur,Churachandpur,NR,,NR,NR,NR,NR,NR,NR,NR,NR,NR,NR,NR,NR,NR,NR,NR,NR,NR,NR,NR,NR,NR,NR,NR,NR,NR,NR,NR,NR,NR,NR,NR,NR,NR,NR,NR,NR,NR,NR,NR,2026-05-31
Manipur,Kakching,NR,,NR,NR,NR,NR,NR,NR,NR,NR,NR,NR,NR,NR,NR,NR,NR,NR,NR,NR,NR,NR,NR,NR,NR,NR,NR,NR,NR,NR,NR,NR,NR,NR,NR,NR,NR,NR,NR,NR,NR,2026-05-31
Meghalaya,Shillong,NR,,NR,NR,NR,NR,NR,NR,NR,NR,NR,NR,NR,NR,NR,NR,NR,NR,NR,NR,NR,NR,NR,NR,NR,NR,NR,NR,NR,NR,NR,NR,NR,NR,NR,NR,NR,NR,NR,NR,NR,2026-05-31
Meghalaya,Tura,NR,,NR,NR,NR,NR,NR,NR,NR,NR,NR,NR,NR,NR,NR,NR,NR,NR,NR,NR,NR,NR,NR,NR,NR,NR,NR,NR,NR,NR,NR,NR,NR,NR,NR,NR,NR,NR,NR,NR,NR,2026-05-31
Meghalaya,Jowai,NR,,NR,NR,NR,NR,NR,NR,NR,NR,NR,NR,NR,NR,NR,NR,NR,NR,NR,NR,NR,NR,NR,NR,NR,NR,NR,NR,NR,NR,NR,NR,NR,NR,NR,NR,NR,NR,NR,NR,NR,2026-05-31
Meghalaya,Sohra,NR,,NR,NR,NR,NR,NR,NR,NR,NR,NR,NR,NR,NR,NR,NR,NR,NR,NR,NR,NR,NR,NR,NR,NR,NR,NR,NR,NR,NR,NR,NR,NR,NR,NR,NR,NR,NR,NR,NR,NR,2026-05-31
Meghalaya,Mairang,NR,,NR,NR,NR,NR,NR,NR,NR,NR,NR,NR,NR,NR,NR,NR,NR,NR,NR,NR,NR,NR,NR,NR,NR,NR,NR,NR,NR,NR,NR,NR,NR,NR,NR,NR,NR,NR,NR,NR,NR,2026-05-31
Meghalaya,Nongpoh,NR,,NR,NR,NR,NR,NR,NR,NR,NR,NR,NR,NR,NR,NR,NR,NR,NR,NR,NR,NR,NR,NR,NR,NR,NR,NR,NR,NR,NR,NR,NR,NR,NR,NR,NR,NR,NR,NR,NR,NR,2026-05-31
Meghalaya,Khliehriat,35,,39,39,92,128,NR,115,85,50,76,NR,150,NR,148,NR,NR,NR,313,30,20,33,38,NR,NR,39,NR,44,73,743,59,83,48,77,58,42,28,15,73,20,40,2026-05-31
Meghalaya,Williamnagar,NR,,NR,NR,NR,NR,NR,NR,NR,NR,NR,NR,NR,NR,NR,NR,NR,NR,NR,NR,NR,NR,NR,NR,NR,NR,NR,NR,NR,NR,NR,NR,NR,NR,NR,NR,NR,NR,NR,NR,NR,2026-05-31
Meghalaya,Nongstoin,NR,,NR,NR,NR,NR,NR,NR,NR,NR,NR,NR,NR,NR,NR,NR,NR,NR,NR,NR,NR,NR,NR,NR,NR,NR,NR,NR,NR,NR,NR,NR,NR,NR,NR,NR,NR,NR,NR,NR,NR,2026-05-31
Meghalaya,Mawkyrwat,NR,,NR,NR,NR,NR,NR,NR,NR,NR,NR,NR,NR,NR,NR,NR,NR,NR,NR,NR,NR,NR,NR,NR,NR,NR,NR,NR,NR,NR,NR,NR,NR,NR,NR,NR,NR,NR,NR,NR,NR,2026-05-31
Mizoram,Aizawl,50,,42,50,107,153,130,133,93,55,80,271,260,256,161,244,152,100,520,30,45,45,78,NR,NR,50,NR,70,90,703,60,90,65,90,100,90,60,40,65,25,48,2026-05-31
Mizoram,Lunglei,50,,40,50,125,180,180,150,110,55,82,NR,245,209,121,207,132,100,486,30,50,50,105,NR,NR,50,NR,50,115,680,60,100,65,95,75,60,30,20,80,30,70,2026-05-31
Mizoram,Kolasib,50,,40,45,95,120,140,140,93,55,80,NR,242,NR,143,203,132,100,483,30,30,37,80,NR,40,45,NR,70,120,725,60,90,60,98,100,80,36,35,50,30,70,2026-05-31
Mizoram,Mamit,NR,,NR,NR,NR,NR,NR,NR,NR,NR,NR,NR,NR,NR,NR,NR,NR,NR,NR,NR,NR,NR,NR,NR,NR,NR,NR,NR,NR,NR,NR,NR,NR,NR,NR,NR,NR,NR,NR,NR,NR,2026-05-31
Mizoram,Champhai,NR,,NR,NR,NR,NR,NR,NR,NR,NR,NR,NR,NR,NR,NR,NR,NR,NR,NR,NR,NR,NR,NR,NR,NR,NR,NR,NR,NR,NR,NR,NR,NR,NR,NR,NR,NR,NR,NR,NR,NR,2026-05-31
Mizoram,Serchhip,NR,,NR,NR,NR,NR,NR,NR,NR,NR,NR,NR,NR,NR,NR,NR,NR,NR,NR,NR,NR,NR,NR,NR,NR,NR,NR,NR,NR,NR,NR,NR,NR,NR,NR,NR,NR,NR,NR,NR,NR,2026-05-31
Mizoram,Siaha,55,,NR,50,103,157,138,148,102,55,80,170,253,219,143,NR,110,100,250,30,40,57,117,NR,NR,50,100,95,110,631,60,100,73,80,NR,60,60,40,88,30,70,2026-05-31
Mizoram,Lawngtlai,50,,45,50,100,160,140,140,100,50,80,NR,253,NR,143,NR,132,110,480,30,40,60,120,NR,NR,50,NR,80,140,660,60,100,80,100,NR,90,60,40,100,30,70,2026-05-31
Mizoram,Hnahthial,53,,45,50,NR,147,150,133,103,52,83,NR,257,NR,143,NR,NR,120,500,30,30,43,87,NR,NR,50,NR,90,140,659,60,96,65,93,NR,90,50,20,75,28,70,2026-05-31
Mizoram,Khawzawl,42,,40,47,92,132,133,130,97,50,83,NR,209,145,154,NR,132,137,470,30,38,52,77,NR,NR,48,NR,68,125,632,60,98,60,90,23,65,58,33,83,32,35,2026-05-31
Mizoram,Saitual,NR,,NR,NR,NR,NR,NR,NR,NR,NR,NR,NR,NR,NR,NR,NR,NR,NR,NR,NR,NR,NR,NR,NR,NR,NR,NR,NR,NR,NR,NR,NR,NR,NR,NR,NR,NR,NR,NR,NR,NR,2026-05-31
Nagaland,Kohima,NR,,NR,NR,NR,NR,NR,NR,NR,NR,NR,NR,NR,NR,NR,NR,NR,NR,NR,NR,NR,NR,NR,NR,NR,NR,NR,NR,NR,NR,NR,NR,NR,NR,NR,NR,NR,NR,NR,NR,NR,2026-05-31
Nagaland,Dimapur,45,,44,50,71,160,110,120,90,53,80,209,165,220,187,209,169,80,350,20,26,30,50,NR,NR,45,NR,100,160,769,67,80,36,75,75,80,50,15,80,26,55,2026-05-31
Nagaland,Tuensang,NR,,NR,NR,NR,NR,NR,NR,NR,NR,NR,NR,NR,NR,NR,NR,NR,NR,NR,NR,NR,NR,NR,NR,NR,NR,NR,NR,NR,NR,NR,NR,NR,NR,NR,NR,NR,NR,NR,NR,NR,2026-05-31
Nagaland,Mokochung,NR,,NR,NR,NR,NR,NR,NR,NR,NR,NR,NR,NR,NR,NR,NR,NR,NR,NR,NR,NR,NR,NR,NR,NR,NR,NR,NR,NR,NR,NR,NR,NR,NR,NR,NR,NR,NR,NR,NR,NR,2026-05-31
Nagaland,Chumukedima,NR,,NR,NR,NR,NR,NR,NR,NR,NR,NR,NR,NR,NR,NR,NR,NR,NR,NR,NR,NR,NR,NR,NR,NR,NR,NR,NR,NR,NR,NR,NR,NR,NR,NR,NR,NR,NR,NR,NR,NR,2026-05-31
Nagaland,Mon,NR,,NR,NR,NR,NR,NR,NR,NR,NR,NR,NR,NR,NR,NR,NR,NR,NR,NR,NR,NR,NR,NR,NR,NR,NR,NR,NR,NR,NR,NR,NR,NR,NR,NR,NR,NR,NR,NR,NR,NR,2026-05-31
Nagaland,Peren,NR,,NR,NR,NR,NR,NR,NR,NR,NR,NR,NR,NR,NR,NR,NR,NR,NR,NR,NR,NR,NR,NR,NR,NR,NR,NR,NR,NR,NR,NR,NR,NR,NR,NR,NR,NR,NR,NR,NR,NR,2026-05-31
Nagaland,Phek,NR,,NR,NR,NR,NR,NR,NR,NR,NR,NR,NR,NR,NR,NR,NR,NR,NR,NR,NR,NR,NR,NR,NR,NR,NR,NR,NR,NR,NR,NR,NR,NR,NR,NR,NR,NR,NR,NR,NR,NR,2026-05-31
Nagaland,Tseminyu,NR,,NR,NR,NR,NR,NR,NR,NR,NR,NR,NR,NR,NR,NR,NR,NR,NR,NR,NR,NR,NR,NR,NR,NR,NR,NR,NR,NR,NR,NR,NR,NR,NR,NR,NR,NR,NR,NR,NR,NR,2026-05-31
Nagaland,Wokha,NR,,NR,NR,NR,NR,NR,NR,NR,NR,NR,NR,NR,NR,NR,NR,NR,NR,NR,NR,NR,NR,NR,NR,NR,NR,NR,NR,NR,NR,NR,NR,NR,NR,NR,NR,NR,NR,NR,NR,NR,2026-05-31
Nagaland,Zunheboto,NR,,NR,NR,NR,NR,NR,NR,NR,NR,NR,NR,NR,NR,NR,NR,NR,NR,NR,NR,NR,NR,NR,NR,NR,NR,NR,NR,NR,NR,NR,NR,NR,NR,NR,NR,NR,NR,NR,NR,NR,2026-05-31
Nagaland,Kiphire,NR,,NR,NR,NR,NR,NR,NR,NR,NR,NR,NR,NR,NR,NR,NR,NR,NR,NR,NR,NR,NR,NR,NR,NR,NR,NR,NR,NR,NR,NR,NR,NR,NR,NR,NR,NR,NR,NR,NR,NR,2026-05-31
Nagaland,Longleng,NR,,NR,NR,NR,NR,NR,NR,NR,NR,NR,NR,NR,NR,NR,NR,NR,NR,NR,NR,NR,NR,NR,NR,NR,NR,NR,NR,NR,NR,NR,NR,NR,NR,NR,NR,NR,NR,NR,NR,NR,2026-05-31
Nagaland,Niuland,NR,,NR,NR,NR,NR,NR,NR,NR,NR,NR,NR,NR,NR,NR,NR,NR,NR,NR,NR,NR,NR,NR,NR,NR,NR,NR,NR,NR,NR,NR,NR,NR,NR,NR,NR,NR,NR,NR,NR,NR,2026-05-31
Nagaland,Shamator,NR,,NR,NR,NR,NR,NR,NR,NR,NR,NR,NR,NR,NR,NR,NR,NR,NR,NR,NR,NR,NR,NR,NR,NR,NR,NR,NR,NR,NR,NR,NR,NR,NR,NR,NR,NR,NR,NR,NR,NR,2026-05-31
Nagaland,Noklak,NR,,NR,NR,NR,NR,NR,NR,NR,NR,NR,NR,NR,NR,NR,NR,NR,NR,NR,NR,NR,NR,NR,NR,NR,NR,NR,NR,NR,NR,NR,NR,NR,NR,NR,NR,NR,NR,NR,NR,NR,2026-05-31
Sikkim,Gangtok,NR,,NR,NR,NR,NR,NR,NR,NR,NR,NR,NR,NR,NR,NR,NR,NR,NR,NR,NR,NR,NR,NR,NR,NR,NR,NR,NR,NR,NR,NR,NR,NR,NR,NR,NR,NR,NR,NR,NR,NR,2026-05-31
Sikkim,Gyalshing,NR,,NR,NR,NR,NR,NR,NR,NR,NR,NR,NR,NR,NR,NR,NR,NR,NR,NR,NR,NR,NR,NR,NR,NR,NR,NR,NR,NR,NR,NR,NR,NR,NR,NR,NR,NR,NR,NR,NR,NR,2026-05-31
Sikkim,Namchi,NR,,NR,NR,NR,NR,NR,NR,NR,NR,NR,NR,NR,NR,NR,NR,NR,NR,NR,NR,NR,NR,NR,NR,NR,NR,NR,NR,NR,NR,NR,NR,NR,NR,NR,NR,NR,NR,NR,NR,NR,2026-05-31
Sikkim,Soreng,NR,,NR,NR,NR,NR,NR,NR,NR,NR,NR,NR,NR,NR,NR,NR,NR,NR,NR,NR,NR,NR,NR,NR,NR,NR,NR,NR,NR,NR,NR,NR,NR,NR,NR,NR,NR,NR,NR,NR,NR,2026-05-31
Sikkim,Mangan,NR,,NR,NR,NR,NR,NR,NR,NR,NR,NR,NR,NR,NR,NR,NR,NR,NR,NR,NR,NR,NR,NR,NR,NR,NR,NR,NR,NR,NR,NR,NR,NR,NR,NR,NR,NR,NR,NR,NR,NR,2026-05-31
Sikkim,Pakyong,NR,,NR,NR,NR,NR,NR,NR,NR,NR,NR,NR,NR,NR,NR,NR,NR,NR,NR,NR,NR,NR,NR,NR,NR,NR,NR,NR,NR,NR,NR,NR,NR,NR,NR,NR,NR,NR,NR,NR,NR,2026-05-31
Tripura,Agartala,NR,,NR,NR,NR,NR,NR,NR,NR,NR,NR,NR,NR,NR,NR,NR,NR,NR,NR,NR,NR,NR,NR,NR,NR,NR,NR,NR,NR,NR,NR,NR,NR,NR,NR,NR,NR,NR,NR,NR,NR,2026-05-31
Tripura,Dharmanagar,NR,,NR,NR,NR,NR,NR,NR,NR,NR,NR,NR,NR,NR,NR,NR,NR,NR,NR,NR,NR,NR,NR,NR,NR,NR,NR,NR,NR,NR,NR,NR,NR,NR,NR,NR,NR,NR,NR,NR,NR,2026-05-31
Tripura,Belonia,NR,,NR,NR,NR,NR,NR,NR,NR,NR,NR,NR,NR,NR,NR,NR,NR,NR,NR,NR,NR,NR,NR,NR,NR,NR,NR,NR,NR,NR,NR,NR,NR,NR,NR,NR,NR,NR,NR,NR,NR,2026-05-31
Tripura,TR-Udaipur,NR,,NR,NR,NR,NR,NR,NR,NR,NR,NR,NR,NR,NR,NR,NR,NR,NR,NR,NR,NR,NR,NR,NR,NR,NR,NR,NR,NR,NR,NR,NR,NR,NR,NR,NR,NR,NR,NR,NR,NR,2026-05-31
Tripura,Ambassa,NR,,NR,NR,NR,NR,NR,NR,NR,NR,NR,NR,NR,NR,NR,NR,NR,NR,NR,NR,NR,NR,NR,NR,NR,NR,NR,NR,NR,NR,NR,NR,NR,NR,NR,NR,NR,NR,NR,NR,NR,2026-05-31
SOUTH ZONE,SOUTH ZONE,,,,,,,,,,,,,,,,,,,,,,,,,,,,,,,,,,,,,,,,,,2026-05-31
Andhra Pradesh,Vijaywada,46,,44,47,81,129,123,103,85,47,60,200,156,137,NR,200,148,55,287,16,28,25,40,44,43,42,51,45,94,604,58,60,42,89,30,39,24,19,48,20,42,2026-05-31
Andhra Pradesh,Visakhapatnam,50,,42,43,86,121,121,111,84,48,58,196,193,152,NR,190,159,65,250,16,16,25,35,40,44,45,49,45,90,725,60,72,36,88,35,37,23,15,50,31,40,2026-05-31
Andhra Pradesh,Kurnool,NR,,NR,NR,NR,NR,NR,NR,NR,NR,NR,NR,NR,NR,NR,NR,NR,NR,NR,NR,NR,NR,NR,NR,NR,NR,NR,NR,NR,NR,NR,NR,NR,NR,NR,NR,NR,NR,NR,NR,NR,2026-05-31
Andhra Pradesh,Tirupathi,NR,,NR,NR,NR,NR,NR,NR,NR,NR,NR,NR,NR,NR,NR,NR,NR,NR,NR,NR,NR,NR,NR,NR,NR,NR,NR,NR,NR,NR,NR,NR,NR,NR,NR,NR,NR,NR,NR,NR,NR,2026-05-31
Andhra Pradesh,Jammalamadugu,NR,,NR,NR,NR,NR,NR,NR,NR,NR,NR,NR,NR,NR,NR,NR,NR,NR,NR,NR,NR,NR,NR,NR,NR,NR,NR,NR,NR,NR,NR,NR,NR,NR,NR,NR,NR,NR,NR,,,2026-05-31
Andhra Pradesh,Dharmavaram,NR,,NR,NR,NR,NR,NR,NR,NR,NR,NR,NR,NR,NR,NR,NR,NR,NR,NR,NR,NR,NR,NR,NR,NR,NR,NR,NR,NR,NR,NR,NR,NR,NR,NR,NR,NR,NR,NR,,,2026-05-31
Andhra Pradesh,Ongole,NR,,NR,NR,NR,NR,NR,NR,NR,NR,NR,NR,NR,NR,NR,NR,NR,NR,NR,NR,NR,NR,NR,NR,NR,NR,NR,NR,NR,NR,NR,NR,NR,NR,NR,NR,NR,NR,NR,NR,NR,2026-05-31
Andhra Pradesh,Bapatla,48,,44,43,83,111,120,106,84,45,58,187,NR,NR,NR,185,138,52,287,15,31,21,34,33,42,41,45,43,90,763,59,68,31,82,30,35,22,16,50,22,31,2026-05-31
Andhra Pradesh,Rajahmundry,NR,,NR,NR,NR,NR,NR,NR,NR,NR,NR,NR,NR,NR,NR,NR,NR,NR,NR,NR,NR,NR,NR,NR,NR,NR,NR,NR,NR,NR,NR,NR,NR,NR,NR,NR,NR,NR,NR,NR,NR,2026-05-31
Andhra Pradesh,Eluru,NR,,NR,NR,NR,NR,NR,NR,NR,NR,NR,NR,NR,NR,NR,NR,NR,NR,NR,NR,NR,NR,NR,NR,NR,NR,NR,NR,NR,NR,NR,NR,NR,NR,NR,NR,NR,NR,NR,NR,NR,2026-05-31
Andhra Pradesh,Guntur,47,,42,45,80,115,120,109,87,50,58,187,187,135,NR,181,137,52,210,12,21,25,29,35,38,40,44,43,83,585,52,65,29,70,30,32,20,14,29,20,34,2026-05-31
Andhra Pradesh,Amalapuram,NR,,NR,NR,NR,NR,NR,NR,NR,NR,NR,NR,NR,NR,NR,NR,NR,NR,NR,NR,NR,NR,NR,NR,NR,NR,NR,NR,NR,NR,NR,NR,NR,NR,NR,NR,NR,NR,NR,NR,NR,2026-05-31
Andhra Pradesh,Nandyala,57,,43,39,80,120,109,107,90,45,61,197,216,146,154,192,150,57,277,15,35,17,31,33,38,39,51,43,83,743,64,71,31,85,43,38,30,18,26,21,40,2026-05-31
Andhra Pradesh,Parvathipuram,NR,,NR,NR,NR,NR,NR,NR,NR,NR,NR,NR,NR,NR,NR,NR,NR,NR,NR,NR,NR,NR,NR,NR,NR,NR,NR,NR,NR,NR,NR,NR,NR,NR,NR,NR,NR,NR,NR,NR,NR,2026-05-31
Andhra Pradesh,Sri Sathya Sai,NR,,NR,NR,NR,NR,NR,NR,NR,NR,NR,NR,NR,NR,NR,NR,NR,NR,NR,NR,NR,NR,NR,NR,NR,NR,NR,NR,NR,NR,NR,NR,NR,NR,NR,NR,NR,NR,NR,NR,NR,2026-05-31
Andhra Pradesh,Nellore,NR,,NR,NR,NR,NR,NR,NR,NR,NR,NR,NR,NR,NR,NR,NR,NR,NR,NR,NR,NR,NR,NR,NR,NR,NR,NR,NR,NR,NR,NR,NR,NR,NR,NR,NR,NR,NR,NR,NR,NR,2026-05-31
Andhra Pradesh,Srikakulam,NR,,NR,NR,NR,NR,NR,NR,NR,NR,NR,NR,NR,NR,NR,NR,NR,NR,NR,NR,NR,NR,NR,NR,NR,NR,NR,NR,NR,NR,NR,NR,NR,NR,NR,NR,NR,NR,NR,NR,NR,2026-05-31
Andhra Pradesh,Vizianagaram,NR,,NR,NR,NR,NR,NR,NR,NR,NR,NR,NR,NR,NR,NR,NR,NR,NR,NR,NR,NR,NR,NR,NR,NR,NR,NR,NR,NR,NR,NR,NR,NR,NR,NR,NR,NR,NR,NR,NR,NR,2026-05-31
Andhra Pradesh,Anakapalli,NR,,NR,NR,NR,NR,NR,NR,NR,NR,NR,NR,NR,NR,NR,NR,NR,NR,NR,NR,NR,NR,NR,NR,NR,NR,NR,NR,NR,NR,NR,NR,NR,NR,NR,NR,NR,NR,NR,NR,NR,2026-05-31
Andhra Pradesh,Bhimavaram,50,,40,41,83,120,111,105,86,45,60,195,203,146,148,187,141,55,285,19,25,22,41,32,38,44,45,44,88,791,54,67,45,88,38,38,19,17,35,29,36,2026-05-31
Andhra Pradesh,Chittoor,NR,,NR,NR,NR,NR,NR,NR,NR,NR,NR,NR,NR,NR,NR,NR,NR,NR,NR,NR,NR,NR,NR,NR,NR,NR,NR,NR,NR,NR,NR,NR,NR,NR,NR,NR,NR,NR,NR,NR,NR,2026-05-31
Andhra Pradesh,Kakinada,NR,,NR,NR,NR,NR,NR,NR,NR,NR,NR,NR,NR,NR,NR,NR,NR,NR,NR,NR,NR,NR,NR,NR,NR,NR,NR,NR,NR,NR,NR,NR,NR,NR,NR,NR,NR,NR,NR,NR,NR,2026-05-31
Andhra Pradesh,Machilipatnam,NR,,NR,NR,NR,NR,NR,NR,NR,NR,NR,NR,NR,NR,NR,NR,NR,NR,NR,NR,NR,NR,NR,NR,NR,NR,NR,NR,NR,NR,NR,NR,NR,NR,NR,NR,NR,NR,NR,NR,NR,2026-05-31
Andhra Pradesh,Narasaraopeta,NR,,NR,NR,NR,NR,NR,NR,NR,NR,NR,NR,NR,NR,NR,NR,NR,NR,NR,NR,NR,NR,NR,NR,NR,NR,NR,NR,NR,NR,NR,NR,NR,NR,NR,NR,NR,NR,NR,NR,NR,2026-05-31
Andhra Pradesh,Paderu,NR,,NR,NR,NR,NR,NR,NR,NR,NR,NR,NR,NR,NR,NR,NR,NR,NR,NR,NR,NR,NR,NR,NR,NR,NR,NR,NR,NR,NR,NR,NR,NR,NR,NR,NR,NR,NR,NR,NR,NR,2026-05-31
Andhra Pradesh,Rayachoti,NR,,NR,NR,NR,NR,NR,NR,NR,NR,NR,NR,NR,NR,NR,NR,NR,NR,NR,NR,NR,NR,NR,NR,NR,NR,NR,NR,NR,NR,NR,NR,NR,NR,NR,NR,NR,NR,NR,NR,NR,2026-05-31
Andhra Pradesh,Anantapuramu,NR,,NR,NR,NR,NR,NR,NR,NR,NR,NR,NR,NR,NR,NR,NR,NR,NR,NR,NR,NR,NR,NR,NR,NR,NR,NR,NR,NR,NR,NR,NR,NR,NR,NR,NR,NR,NR,NR,NR,NR,2026-05-31
Andhra Pradesh,YSR Kadapa,NR,,NR,NR,NR,NR,NR,NR,NR,NR,NR,NR,NR,NR,NR,NR,NR,NR,NR,NR,NR,NR,NR,NR,NR,NR,NR,NR,NR,NR,NR,NR,NR,NR,NR,NR,NR,NR,NR,NR,NR,2026-05-31
Andhra Pradesh,Madanapalle,NR,,NR,NR,NR,NR,NR,NR,NR,NR,NR,NR,NR,NR,NR,NR,NR,NR,NR,NR,NR,NR,NR,NR,NR,NR,NR,NR,NR,NR,NR,NR,NR,NR,NR,NR,NR,NR,NR,NR,NR,2026-05-31
Karnataka,Bengaluru,54,,39,42,88,112,117,108,88,49,51,189,207,144,152,189,161,61,250,16,26,26,37,39,39,41,50,47,90,732,59,67,37,77,39,35,28,15,28,25,25,2026-05-31
Karnataka,Dharwad,44,,42,44,78,120,118,104,86,43,54,182,174,141,146,174,146,44,268,26,23,20,38,46,50,46,53,46,88,769,55,74,55,78,30,43,33,15,36,28,38,2026-05-31
Karnataka,Mangalore,52,,42,44,82,128,137,111,88,43,58,209,197,150,170,188,154,58,198,14,29,24,41,39,55,45,48,47,88,747,59,81,46,83,35,37,28,17,57,21,38,2026-05-31
Karnataka,Mysore,51,,45,54,76,123,115,104,84,45,48,208,214,200,170,189,157,56,360,22,27,24,44,51,57,37,52,39,74,717,56,76,41,111,41,34,32,20,76,34,47,2026-05-31
Karnataka,Bengaluru (East Range),55,,45,45,90,128,118,117,88,47,50,200,223,146,161,197,167,62,262,18,32,27,41,48,48,44,52,45,92,769,60,82,47,82,32,42,24,18,50,25,33,2026-05-31
Karnataka,Belagavi,47,,41,43,83,117,115,101,86,44,54,203,182,138,181,199,151,46,258,16,24,23,28,50,53,41,44,43,81,769,54,83,41,80,29,59,20,14,39,26,25,2026-05-31
Karnataka,Kalaburagi,55,,44,44,85,130,122,120,90,45,53,181,167,163,132,176,143,55,206,20,20,NR,30,40,41,40,49,45,95,714,60,65,50,71,34,60,25,15,50,25,30,2026-05-31
Karnataka,Tumakuru,60,,45,41,85,123,130,112,108,45,55,202,216,145,159,186,144,50,232,20,25,20,50,47,53,46,50,47,75,732,60,83,30,88,29,42,28,20,50,25,40,2026-05-31
Karnataka,Bellary,50,,44,42,87,120,120,108,88,46,54,214,203,149,150,183,163,58,308,24,27,15,41,38,40,40,47,43,97,740,56,67,22,77,30,34,28,18,50,28,26,2026-05-31
Karnataka,Dhavanagere,52,,44,50,82,115,115,110,86,46,53,201,208,142,148,197,164,57,297,27,24,22,29,41,55,43,55,45,87,765,55,72,41,71,37,42,22,16,26,18,28,2026-05-31
Karnataka,Shivamogga,54,,41,46,93,131,128,123,103,44,54,189,NR,145,148,200,148,50,238,24,23,21,40,48,52,47,49,52,98,745,59,78,31,86,32,40,28,15,32,19,30,2026-05-31
Karnataka,Vijayapur,56,,43,42,87,125,127,120,87,43,54,243,234,154,187,198,143,50,243,14,27,20,45,36,39,42,55,43,85,769,63,87,60,90,43,43,38,12,54,22,40,2026-05-31
Karnataka,Ramanagara,41,,42,45,90,113,118,105,94,44,48,177,214,133,142,192,146,50,193,16,28,29,40,45,44,47,42,43,90,745,62,79,40,90,33,50,21,15,50,27,32,2026-05-31
Karnataka,Raichur,54,,44,42,80,112,122,106,84,45,60,201,200,175,171,188,136,55,209,15,20,18,25,47,49,45,45,45,94,721,52,80,48,92,40,48,39,17,43,20,27,2026-05-31
Karnataka,Chamarajanagar,53,,42,46,82,122,116,107,98,42,48,218,210,150,122,189,139,41,190,18,28,28,50,49,56,54,48,57,90,714,57,68,41,94,37,73,43,19,70,30,43,2026-05-31
Karnataka,Kolar,45,,42,43,89,122,122,122,96,43,52,218,209,163,170,195,151,53,259,13,26,22,32,42,42,48,43,45,100,713,60,73,34,80,33,42,34,15,40,20,38,2026-05-31
Karnataka,Haveri,50,,42,45,85,120,130,120,90,44,60,187,187,176,181,192,137,44,242,15,25,25,50,42,55,40,45,40,85,705,60,78,40,80,30,40,30,15,35,30,30,2026-05-31
Karnataka,Bagalkot,45,,44,42,85,112,104,115,95,42,53,194,178,126,152,140,122,45,245,20,31,23,26,52,46,39,52,43,76,756,58,80,48,58,27,37,35,23,58,26,27,2026-05-31
Karnataka,Bidar,57,,41,41,77,119,119,112,84,44,53,187,187,133,167,178,143,56,263,15,27,19,57,41,46,41,52,41,83,709,61,83,57,85,34,40,32,19,53,29,40,2026-05-31
Karnataka,Koppal,44,,43,43,88,115,120,111,94,43,54,190,176,138,153,181,154,48,240,15,35,22,30,35,43,42,47,43,92,700,58,80,32,90,36,35,25,17,60,30,25,2026-05-31
Karnataka,Mandya,45,,41,45,83,111,129,120,97,45,52,215,231,144,170,187,155,57,251,15,25,20,35,40,46,44,47,43,95,714,56,84,40,81,29,38,29,15,40,30,20,2026-05-31
Karnataka,Yadgir,51,,41,35,77,105,115,105,81,45,54,203,203,170,165,192,159,51,205,12,30,20,40,43,51,45,45,44,95,769,57,62,40,66,30,37,27,24,47,24,44,2026-05-31
Karnataka,Chikkamagalur,48,,41,46,89,122,121,113,89,45,54,184,202,155,157,170,133,50,203,16,25,23,40,45,46,47,47,48,95,715,61,84,58,87,35,43,25,15,42,32,30,2026-05-31
Karnataka,Bangalore Rural,46,,43,53,88,119,122,107,87,46,50,212,181,129,152,180,134,56,254,18,25,20,35,49,45,48,46,52,98,718,57,72,29,81,36,50,24,20,35,28,37,2026-05-31
Karnataka,Chikkaballapur,51,,49,45,87,112,123,113,88,44,51,236,205,150,169,194,161,54,287,14,29,24,43,40,42,45,43,44,97,740,59,76,28,87,30,41,21,15,31,31,43,2026-05-31
Karnataka,Chitradurga,54,,44,50,88,122,125,120,91,45,53,216,219,147,158,198,156,62,293,26,40,15,55,55,51,46,55,47,89,736,56,75,50,67,36,47,22,19,65,25,46,2026-05-31
Karnataka,Gadag,53,,43,46,80,117,126,112,84,45,52,209,184,133,135,159,148,46,234,19,28,23,39,37,43,40,47,41,87,712,60,72,61,87,38,36,40,20,29,25,30,2026-05-31
Karnataka,Hassan,50,,45,51,89,128,129,110,96,46,54,223,199,151,153,195,159,58,245,24,24,21,52,46,46,47,46,47,91,727,60,86,39,79,38,39,28,13,40,30,30,2026-05-31
Karnataka,Kodagu,51,,43,46,87,117,119,113,91,46,54,201,189,145,150,179,144,55,249,19,27,25,61,38,43,47,47,47,95,752,55,83,52,78,29,37,24,16,57,21,41,2026-05-31
Karnataka,Udupi,46,,47,51,97,116,112,112,97,46,49,196,210,164,179,169,171,53,224,22,25,28,25,45,43,46,46,47,92,704,62,77,45,82,38,57,34,22,59,30,33,2026-05-31
Karnataka,Uttara Kannada,47,,48,44,96,126,130,120,95,47,48,226,196,175,179,198,144,55,280,20,30,29,49,45,48,42,52,44,99,769,58,75,55,90,38,40,39,20,41,35,40,2026-05-31
Karnataka,Vijayanagara,51,,42,42,81,120,123,116,95,45,51,196,199,139,NR,187,138,48,221,15,23,16,40,33,51,46,51,45,100,729,59,66,28,87,36,34,35,15,46,19,28,2026-05-31
Kerala,T.Puram,NR,,NR,NR,NR,NR,NR,NR,NR,NR,NR,NR,NR,NR,NR,NR,NR,NR,NR,NR,NR,NR,NR,NR,NR,NR,NR,NR,NR,NR,NR,NR,NR,NR,NR,NR,NR,NR,NR,NR,NR,2026-05-31
Kerala,Ernakulam,NR,,NR,NR,NR,NR,NR,NR,NR,NR,NR,NR,NR,NR,NR,NR,NR,NR,NR,NR,NR,NR,NR,NR,NR,NR,NR,NR,NR,NR,NR,NR,NR,NR,NR,NR,NR,NR,NR,NR,NR,2026-05-31
Kerala,Kozhikode,NR,,NR,NR,NR,NR,NR,NR,NR,NR,NR,NR,NR,NR,NR,NR,NR,NR,NR,NR,NR,NR,NR,NR,NR,NR,NR,NR,NR,NR,NR,NR,NR,NR,NR,NR,NR,NR,NR,NR,NR,2026-05-31
Kerala,Thrissur,NR,,NR,NR,NR,NR,NR,NR,NR,NR,NR,NR,NR,NR,NR,NR,NR,NR,NR,NR,NR,NR,NR,NR,NR,NR,NR,NR,NR,NR,NR,NR,NR,NR,NR,NR,NR,NR,NR,NR,NR,2026-05-31
Kerala,Palakkad,NR,,NR,NR,NR,NR,NR,NR,NR,NR,NR,NR,NR,NR,NR,NR,NR,NR,NR,NR,NR,NR,NR,NR,NR,NR,NR,NR,NR,NR,NR,NR,NR,NR,NR,NR,NR,NR,NR,NR,NR,2026-05-31
Kerala,Wayanad,NR,,NR,NR,NR,NR,NR,NR,NR,NR,NR,NR,NR,NR,NR,NR,NR,NR,NR,NR,NR,NR,NR,NR,NR,NR,NR,NR,NR,NR,NR,NR,NR,NR,NR,NR,NR,NR,NR,NR,NR,2026-05-31
Kerala,Kasargod,NR,,NR,NR,NR,NR,NR,NR,NR,NR,NR,NR,NR,NR,NR,NR,NR,NR,NR,NR,NR,NR,NR,NR,NR,NR,NR,NR,NR,NR,NR,NR,NR,NR,NR,NR,NR,NR,NR,NR,NR,2026-05-31
Kerala,Kottayam,NR,,NR,NR,NR,NR,NR,NR,NR,NR,NR,NR,NR,NR,NR,NR,NR,NR,NR,NR,NR,NR,NR,NR,NR,NR,NR,NR,NR,NR,NR,NR,NR,NR,NR,NR,NR,NR,NR,NR,NR,2026-05-31
Kerala,Pathanamthitta,NR,,NR,NR,NR,NR,NR,NR,NR,NR,NR,NR,NR,NR,NR,NR,NR,NR,NR,NR,NR,NR,NR,NR,NR,NR,NR,NR,NR,NR,NR,NR,NR,NR,NR,NR,NR,NR,NR,NR,NR,2026-05-31
Kerala,Alapuzha,NR,,NR,NR,NR,NR,NR,NR,NR,NR,NR,NR,NR,NR,NR,NR,NR,NR,NR,NR,NR,NR,NR,NR,NR,NR,NR,NR,NR,NR,NR,NR,NR,NR,NR,NR,NR,NR,NR,NR,NR,2026-05-31
Kerala,Kollam,NR,,NR,NR,NR,NR,NR,NR,NR,NR,NR,NR,NR,NR,NR,NR,NR,NR,NR,NR,NR,NR,NR,NR,NR,NR,NR,NR,NR,NR,NR,NR,NR,NR,NR,NR,NR,NR,NR,NR,NR,2026-05-31
Kerala,Idukki,NR,,NR,NR,NR,NR,NR,NR,NR,NR,NR,NR,NR,NR,NR,NR,NR,NR,NR,NR,NR,NR,NR,NR,NR,NR,NR,NR,NR,NR,NR,NR,NR,NR,NR,NR,NR,NR,NR,NR,NR,2026-05-31
Kerala,Kannur,NR,,NR,NR,NR,NR,NR,NR,NR,NR,NR,NR,NR,NR,NR,NR,NR,NR,NR,NR,NR,NR,NR,NR,NR,NR,NR,NR,NR,NR,NR,NR,NR,NR,NR,NR,NR,NR,NR,NR,NR,2026-05-31
Kerala,Malapuram,NR,,NR,NR,NR,NR,NR,NR,NR,NR,NR,NR,NR,NR,NR,NR,NR,NR,NR,NR,NR,NR,NR,NR,NR,NR,NR,NR,NR,NR,NR,NR,NR,NR,NR,NR,NR,NR,NR,NR,NR,2026-05-31
Puducherry,Puducherry,NR,,NR,NR,NR,NR,NR,NR,NR,NR,NR,NR,NR,NR,NR,NR,NR,NR,NR,NR,NR,NR,NR,NR,NR,NR,NR,NR,NR,NR,NR,NR,NR,NR,NR,NR,NR,NR,NR,NR,NR,2026-05-31
Tamil Nadu,Chennai,58,,43,41,79,129,122,113,84,45,40,208,227,174,NR,191,169,67,293,27,35,30,35,42,52,46,53,53,88,897,60,84,52,84,44,41,29,14,50,45,50,2026-05-31
Tamil Nadu,Madurai,NR,,NR,NR,NR,NR,NR,NR,NR,NR,NR,NR,NR,NR,NR,NR,NR,NR,NR,NR,NR,NR,NR,NR,NR,NR,NR,NR,NR,NR,NR,NR,NR,NR,NR,NR,NR,NR,NR,NR,NR,2026-05-31
Tamil Nadu,Dindigul,NR,,NR,NR,NR,NR,NR,NR,NR,NR,NR,NR,NR,NR,NR,NR,NR,NR,NR,NR,NR,NR,NR,NR,NR,NR,NR,NR,NR,NR,NR,NR,NR,NR,NR,NR,NR,NR,NR,NR,NR,2026-05-31
Tamil Nadu,Thiruchirapalli,NR,,NR,NR,NR,NR,NR,NR,NR,NR,NR,NR,NR,NR,NR,NR,NR,NR,NR,NR,NR,NR,NR,NR,NR,NR,NR,NR,NR,NR,NR,NR,NR,NR,NR,NR,NR,NR,NR,NR,NR,2026-05-31
Tamil Nadu,Coimbatore,53,,43,44,81,129,121,113,81,46,40,233,194,168,NR,191,165,57,271,27,40,28,41,37,51,50,52,53,106,797,60,78,48,86,43,36,28,14,45,31,45,2026-05-31
Tamil Nadu,Tirunelveli,47,,48,53,92,126,128,119,82,44,44,247,209,181,NR,187,149,56,267,26,30,35,45,41,46,54,53,51,100,782,70,75,95,88,34,33,26,14,42,31,36,2026-05-31
Tamil Nadu,Cuddalore,56,,49,45,86,135,130,121,96,45,50,187,198,186,NR,192,139,60,293,27,42,26,30,44,56,48,52,50,96,691,58,73,76,83,39,33,26,13,42,33,37,2026-05-31
Tamil Nadu,Dharmapuri,54,,44,42,80,133,125,107,82,45,43,217,NR,143,NR,191,153,52,275,26,28,25,35,41,48,48,48,49,110,690,72,77,46,82,40,33,25,14,40,35,45,2026-05-31
Tamil Nadu,Vellore,NR,,NR,NR,NR,NR,NR,NR,NR,NR,NR,NR,NR,NR,NR,NR,NR,NR,NR,NR,NR,NR,NR,NR,NR,NR,NR,NR,NR,NR,NR,NR,NR,NR,NR,NR,NR,NR,NR,NR,NR,2026-05-31
Tamil Nadu,Ramanathapuram,61,,41,68,79,121,122,104,95,46,44,232,NR,177,NR,194,173,55,281,31,45,35,51,41,51,49,51,56,117,773,74,73,57,83,51,33,29,13,50,36,31,2026-05-31
Tamil Nadu,Erode,NR,,NR,NR,NR,NR,NR,NR,NR,NR,NR,NR,NR,NR,NR,NR,NR,NR,NR,NR,NR,NR,NR,NR,NR,NR,NR,NR,NR,NR,NR,NR,NR,NR,NR,NR,NR,NR,NR,NR,NR,2026-05-31
Tamil Nadu,Karur,NR,,NR,NR,NR,NR,NR,NR,NR,NR,NR,NR,NR,NR,NR,NR,NR,NR,NR,NR,NR,NR,NR,NR,NR,NR,NR,NR,NR,NR,NR,NR,NR,NR,NR,NR,NR,NR,NR,NR,NR,2026-05-31
Tamil Nadu,Perambalur,49,,NR,68,92,131,132,111,87,46,43,215,211,178,NR,199,170,56,NR,29,28,32,43,42,60,55,50,56,111,747,58,72,52,88,35,38,27,14,49,31,42,2026-05-31
Tamil Nadu,Pudukkottai,55,,45,66,88,129,130,116,NR,47,40,269,NR,181,NR,191,153,58,698,28,40,25,45,41,57,55,54,52,111,870,66,72,30,98,43,38,28,14,60,40,40,2026-05-31
Tamil Nadu,Sivagangai,51,,45,68,93,131,130,121,94,48,44,252,NR,219,NR,196,172,55,292,29,50,30,50,39,56,58,55,61,113,761,85,78,60,83,45,37,27,15,58,43,32,2026-05-31
Tamil Nadu,Thanjavur,53,,47,50,89,134,125,120,95,46,44,231,240,180,NR,194,155,58,300,27,31,25,42,41,50,48,51,48,124,894,77,81,72,90,39,39,28,14,52,32,41,2026-05-31
Tamil Nadu,The nilgiris,NR,,NR,NR,NR,NR,NR,NR,NR,NR,NR,NR,NR,NR,NR,NR,NR,NR,NR,NR,NR,NR,NR,NR,NR,NR,NR,NR,NR,NR,NR,NR,NR,NR,NR,NR,NR,NR,NR,NR,NR,2026-05-31
Tamil Nadu,Thoothukudi,50,,43,65,85,122,125,110,90,46,46,231,219,181,NR,195,169,55,320,10,30,25,35,35,50,60,55,62,110,868,61,84,70,87,44,37,28,13,45,38,40,2026-05-31
Tamil Nadu,Viluppuram,NR,,NR,NR,NR,NR,NR,NR,NR,NR,NR,NR,NR,NR,NR,NR,NR,NR,NR,NR,NR,NR,NR,NR,NR,NR,NR,NR,NR,NR,NR,NR,NR,NR,NR,NR,NR,NR,NR,NR,NR,2026-05-31
Tamil Nadu,Virudhunagar,58,,46,66,78,123,120,106,78,47,45,244,233,183,NR,197,172,59,293,28,37,32,40,37,53,53,55,53,107,729,57,61,32,81,41,32,16,13,62,31,24,2026-05-31
Tamil Nadu,Kanniyakumari,60,,37,53,80,123,124,107,76,45,41,220,220,179,NR,196,162,57,258,25,25,24,40,32,39,37,52,40,103,769,60,81,60,84,37,30,25,13,35,35,45,2026-05-31
Tamil Nadu,Namakkal,63,,47,61,88,127,130,117,90,45,44,198,215,167,NR,195,159,56,NR,26,35,26,42,41,40,51,49,47,113,664,71,74,40,79,44,39,31,12,60,40,60,2026-05-31
Tamil Nadu,Tiruvannamalai,52,,44,47,80,138,125,115,85,45,43,231,198,170,NR,187,159,60,310,27,30,25,35,43,55,46,50,55,110,824,62,73,65,88,37,45,28,12,45,30,35,2026-05-31
Tamil Nadu,Tiruvarur,62,,48,65,89,119,119,119,NR,44,44,242,186,185,NR,162,140,53,NR,20,35,38,40,46,51,48,51,62,122,714,65,78,70,90,39,49,18,20,45,24,25,2026-05-31
Tamil Nadu,Tiruppur,58,,48,54,101,143,135,121,81,46,43,230,223,168,NR,192,158,60,265,28,29,27,40,44,53,60,55,60,95,725,60,75,28,83,47,41,22,18,57,32,22,2026-05-31
Tamil Nadu,Tenkasi,56,,46,59,78,122,119,111,NR,45,46,233,NR,166,NR,182,167,60,275,30,30,25,50,36,52,56,58,55,98,795,64,84,80,88,41,41,26,13,49,35,40,2026-05-31
Tamil Nadu,Nagapattinam,52,,49,67,96,129,128,123,101,47,44,231,240,178,NR,193,156,56,NR,25,28,25,38,48,50,49,53,51,117,875,64,72,65,94,39,50,34,15,57,29,37,2026-05-31
Tamil Nadu,Krishnagiri,55,,46,41,89,130,129,116,89,45,44,208,202,155,NR,192,157,59,315,28,29,25,40,38,40,43,48,45,100,615,50,78,48,96,37,40,29,12,53,39,44,2026-05-31
Tamil Nadu,Ariyalur,NR,,NR,NR,NR,NR,NR,NR,NR,NR,NR,NR,NR,NR,NR,NR,NR,NR,NR,NR,NR,NR,NR,NR,NR,NR,NR,NR,NR,NR,NR,NR,NR,NR,NR,NR,NR,NR,NR,NR,NR,2026-05-31
Tamil Nadu,Kallakurichi,48,,49,67,86,128,114,116,87,46,45,236,216,176,NR,197,160,58,NR,28,30,22,33,40,50,49,50,47,110,886,83,77,50,88,45,35,30,14,40,38,45,2026-05-31
Tamil Nadu,Kancheepuram,55,,51,66,90,137,128,118,96,45,44,209,203,183,NR,191,157,72,NR,28,35,25,40,42,56,52,53,55,102,784,53,84,50,91,43,40,29,14,45,40,36,2026-05-31
Tamil Nadu,Salem,NR,,NR,NR,NR,NR,NR,NR,NR,NR,NR,NR,NR,NR,NR,NR,NR,NR,NR,NR,NR,NR,NR,NR,NR,NR,NR,NR,NR,NR,NR,NR,NR,NR,NR,NR,NR,NR,NR,NR,NR,2026-05-31
Tamil Nadu,Theni,58,,48,61,79,129,124,109,83,44,45,223,220,161,NR,175,150,55,284,27,30,29,37,40,58,52,57,52,93,791,70,74,47,91,39,32,26,12,53,34,37,2026-05-31
Tamil Nadu,Chengalpattu,56,,47,56,96,124,121,126,90,46,44,210,204,175,NR,164,139,64,NR,28,32,32,42,41,49,51,47,53,113,784,52,72,47,85,31,40,19,13,43,19,30,2026-05-31
Tamil Nadu,Mayiladuthurai,60,,50,65,98,137,117,113,NR,45,45,201,203,198,NR,194,146,60,340,27,30,27,43,45,45,46,50,63,113,857,70,84,40,92,35,42,25,14,60,22,35,2026-05-31
Tamil Nadu,Ranipet,NR,,NR,NR,NR,NR,NR,NR,NR,NR,NR,NR,NR,NR,NR,NR,NR,NR,NR,NR,NR,NR,NR,NR,NR,NR,NR,NR,NR,NR,NR,NR,NR,NR,NR,NR,NR,NR,NR,NR,NR,2026-05-31
Tamil Nadu,Tirupattur,49,,43,47,84,122,119,119,90,43,40,214,236,171,NR,192,141,57,310,29,32,28,32,34,37,41,36,46,92,769,64,69,32,86,35,37,24,15,53,30,40,2026-05-31
Tamil Nadu,Tiruvallur,55,,44,66,87,129,122,119,90,44,40,212,208,169,NR,192,156,64,298,27,40,30,30,36,59,59,52,59,99,758,60,78,55,82,31,41,21,13,48,40,36,2026-05-31
Telangana,Hyderabad,NR,,NR,NR,NR,NR,NR,NR,NR,NR,NR,NR,NR,NR,NR,NR,NR,NR,NR,NR,NR,NR,NR,NR,NR,NR,NR,NR,NR,NR,NR,NR,NR,NR,NR,NR,NR,NR,NR,NR,NR,2026-05-31
Telangana,Karimnagar,NR,,NR,NR,NR,NR,NR,NR,NR,NR,NR,NR,NR,NR,NR,NR,NR,NR,NR,NR,NR,NR,NR,NR,NR,NR,NR,NR,NR,NR,NR,NR,NR,NR,NR,NR,NR,NR,NR,NR,NR,2026-05-31
Telangana,Warangal,NR,,NR,NR,NR,NR,NR,NR,NR,NR,NR,NR,NR,NR,NR,NR,NR,NR,NR,NR,NR,NR,NR,NR,NR,NR,NR,NR,NR,NR,NR,NR,NR,NR,NR,NR,NR,NR,NR,NR,NR,2026-05-31
Telangana,Adilabad,NR,,NR,NR,NR,NR,NR,NR,NR,NR,NR,NR,NR,NR,NR,NR,NR,NR,NR,NR,NR,NR,NR,NR,NR,NR,NR,NR,NR,NR,NR,NR,NR,NR,NR,NR,NR,NR,NR,NR,NR,2026-05-31
Telangana,Suryapet,NR,,NR,NR,NR,NR,NR,NR,NR,NR,NR,NR,NR,NR,NR,NR,NR,NR,NR,NR,NR,NR,NR,NR,NR,NR,NR,NR,NR,NR,NR,NR,NR,NR,NR,NR,NR,NR,NR,NR,NR,2026-05-31
Telangana,Jadcherla,NR,,NR,NR,NR,NR,NR,NR,NR,NR,NR,NR,NR,NR,NR,NR,NR,NR,NR,NR,NR,NR,NR,NR,NR,NR,NR,NR,NR,NR,NR,NR,NR,NR,NR,NR,NR,NR,NR,NR,NR,2026-05-31
Telangana,Khammam,NR,,NR,NR,NR,NR,NR,NR,NR,NR,NR,NR,NR,NR,NR,NR,NR,NR,NR,NR,NR,NR,NR,NR,NR,NR,NR,NR,NR,NR,NR,NR,NR,NR,NR,NR,NR,NR,NR,NR,NR,2026-05-31
Telangana,Medchal,NR,,NR,NR,NR,NR,NR,NR,NR,NR,NR,NR,NR,NR,NR,NR,NR,NR,NR,NR,NR,NR,NR,NR,NR,NR,NR,NR,NR,NR,NR,NR,NR,NR,NR,NR,NR,NR,NR,NR,NR,2026-05-31
Telangana,Nizamabad,NR,,NR,NR,NR,NR,NR,NR,NR,NR,NR,NR,NR,NR,NR,NR,NR,NR,NR,NR,NR,NR,NR,NR,NR,NR,NR,NR,NR,NR,NR,NR,NR,NR,NR,NR,NR,NR,NR,NR,NR,2026-05-31
Telangana,Sangareddy,NR,,NR,NR,NR,NR,NR,NR,NR,NR,NR,NR,NR,NR,NR,NR,NR,NR,NR,NR,NR,NR,NR,NR,NR,NR,NR,NR,NR,NR,NR,NR,NR,NR,NR,NR,NR,NR,NR,NR,NR,2026-05-31
Telangana,Kothagudem,NR,,NR,NR,NR,NR,NR,NR,NR,NR,NR,NR,NR,NR,NR,NR,NR,NR,NR,NR,NR,NR,NR,NR,NR,NR,NR,NR,NR,NR,NR,NR,NR,NR,NR,NR,NR,NR,NR,NR,NR,2026-05-31
Ladakh,Leh,NR,,NR,NR,NR,NR,NR,NR,NR,NR,NR,NR,NR,NR,NR,NR,NR,NR,NR,NR,NR,NR,NR,NR,NR,NR,NR,NR,NR,NR,NR,NR,NR,NR,NR,NR,NR,NR,NR,NR,NR,2026-05-31
Ladakh,Kargil,NR,,NR,NR,NR,NR,NR,NR,NR,NR,NR,NR,NR,NR,NR,NR,NR,NR,NR,NR,NR,NR,NR,NR,NR,NR,NR,NR,NR,NR,NR,NR,NR,NR,NR,NR,NR,NR,NR,NR,NR,2026-05-31
Commodity Name,Commodity Name,Rice,Rice,Wheat,Atta (Wheat),Gram Dal,Tur/Arhar Dal,Urad Dal,Moong Dal,Masoor Dal,Sugar,Milk @,Groundnut Oil (Packed),Mustard Oil (Packed),Vanaspati (Packed),Soya Oil (Packed),Sunflower Oil (Packed),Palm Oil (Packed),Gur,Tea Loose,Salt Pack (Iodised),Potato,Onion,Tomato,Bajra(whole),Jowar(whole),Maida(wheat),Ragi(whole),Suji(whole),Besan,Desi Ghee,Butter(Pasteurised),Eggs,Brinjal,Black Pepper(whole),Coriander(whole),Cummin Seed(whole),Red Chillies(whole),Turmeric(powder),Banana,GInger,Garlic,2026-05-31
Average Price1,Average Price1,42.4,,31.12,37.16,83.58,121.52,117.88,110.65,88.23,46.3,59.51,202.25,190.22,160.69,161.24,186.09,146.88,56.86,263.3,21.97,20.25,24.37,35.51,38,44.02,40.88,55.3,44.93,94.53,687.83,59.09,78.51,39.3,86.92,38.43,40.14,28.9,16.23,47.46,27.78,36.11,2026-05-31
Maximum Price1,Maximum Price1,63,,51,68,125,180,180,150,137,60,83,277,260,256,200,244,187,137,698,41,50,60,120,82,86,60,103,100,160,905,85,108,95,126,100,90,60,40,100,57,72,2026-05-31
Minimum Price1,Minimum Price1,29,,23,27,70,97,89,83,70,41,40,164,147,123,121,136,100,35,155,10,9,8,10,15,25,31,31,33,70,518,47,49,18,58,23,29,16,10,23,16,16,2026-05-31
Modal Price1,Modal Price1,40,,28,35,80,120,119,110,90,45,60,187,203,170,154,187,132,55,250,30,20,25,40,35,40,40,55,40,90,769,60,84,40,90,30,40,30,15,40,22.5,40,2026-05-31
,,,,,,,,,,,,,,,,,,,,,,,,,,,,,,,,,,,,,,,,,,,2026-05-31
"Department of Consumer Affairs ( Price Monitoring Division)Date 31/05/2026 Daily Retail Prices Of Essential Commodities  StateCentreRiceBroken RiceWheatAtta (Wheat)Gram DalTur/Arhar DalUrad DalMoong DalMasoor DalSugarMilk @Groundnut Oil (Packed)Mustard Oil (Packed)Vanaspati (Packed)Soya Oil (Packed)Sunflower Oil (Packed)Palm Oil (Packed)GurTea LooseSalt Pack (Iodised)PotatoOnionTomatoBajra (whole)Jowar (whole)Maida (wheat)Ragi (whole)Suji (whole)BesanDesi GheeButter (Pasteurised)Eggs BrinjalBlack Pepper (whole)Coriander (whole)Cummin Seed (whole)Red Chillies (whole)Turmeric (powder)BananaGingerGarlic  UnitQty1 Kg1 Kg1 Kg1 Kg1 Kg1 Kg1 Kg1 Kg1 Kg1 Kg1 ltr1 Kg1 Kg1 Kg1 Kg1 Kg1 Kg1 Kg1 Kg1 Kg1 Kg1 Kg1 Kg1 Kg1 Kg1 Kg1 Kg1 Kg1 Kg1 Kg100 gmDozen1 Kg100 gm250 gm100 gm100 gm50 gm1 Kg100 gm100 gm  Average PriceAverage Price42.4 31.1237.1683.58121.52117.88110.6588.2346.359.51202.25190.22160.69161.24186.09146.8856.86263.321.9720.2524.3735.513844.0240.8855.344.9394.53687.8359.0978.5139.386.9238.4340.1428.916.2347.4627.7836.11  Maximum PriceMaximum Price63 5168125180180150137608327726025620024418713769841506012082866010310016090585108951261009060401005772  Minimum PriceMinimum Price29 232770978983704140164147123121136100351551098101525313133705184749185823291610231616  Modal PriceModal Price40 283580120119110904560187203170154187132552503020254035404055409076960844090304030154022.540  NORTH ZONENORTH ZONE  ChandigarhChandigarh43 34408412211611189465920920317016719014857264281025353744415546956335972388737402816482430  DelhiDelhi41 33358813012811390475921919518719622417260235281428253439395641956415872509336303014504343  HaryanaHisar40 30348512711211088456121618316516118313255252282022232738396240906286076508240393415682850  KarnalNR NRNRNRNRNRNRNRNRNRNRNRNRNRNRNRNRNRNRNRNRNRNRNRNRNRNRNRNRNRNRNRNRNRNRNRNRNRNRNR  PanchkulaNR NRNRNRNRNRNRNRNRNRNRNRNRNRNRNRNRNRNRNRNRNRNRNRNRNRNRNRNRNRNRNRNRNRNRNRNRNRNRNR  Gurgaon39 323481144NR119864557NR186NR15318511955300261225352528353745855346062259036503016705050  Himachal PradeshShimla40 NR3485125127118855160231220179172NRNR542403020303030NR39NR39937035876388337412517503350  Mandi39 NR3677123130118875062226213185172193NR502603017292534NR37NR38956825884338540363016543340  Dharamshala35 NR2984126124118854844NR213163159NRNR532352820252532NR345540935905970409749423415603040  Solan40 NR3374121122116914855220214176157181NR5323030202530353737NR37936305977508939353417524042  Una40 NR3377112123104874769NR180188182NRNR522312915272134NR34NR35986925982279544342915553734  Bilaspur-hp41 NR3580122133118864864NR176187185NRNR49200291528283355375937807255884338739313313553740  Chamba37 NR3884117121117885155NR190165169NRNR54218302029305161386138896266083338549353719553352  Hamirpur-HP38 NR3375118122118824970NR211181167NRNR5226530192722334336NR35836195884338739372814523037  Kullu40 NR3481127122109814840NR213165184NRNR5222030233030NRNR35NR351026995990478832302113554053  Sirmour40 293078117114109864850212184174146146104482732822304236NR35NR361006105870459233453218563135  Kinnaur37 NR3778128127111855060NR217170147NRNR5026030303540NRNR38NR42838755890509350454015524060  Lahaul & Spiti41 NR41981181191131005052NR197175NRNRNR4948028344757NRNR35NR35806006297388034352615572732  Jammu and KashmirSrinagarNR NRNRNRNRNRNRNRNRNRNRNRNRNRNRNRNRNRNRNRNRNRNRNRNRNRNRNRNRNRNRNRNRNRNRNRNRNRNRNR  JammuNR NRNRNRNRNRNRNRNRNRNRNRNRNRNRNRNRNRNRNRNRNRNRNRNRNRNRNRNRNRNRNRNRNRNRNRNRNRNRNR  PoonchNR NRNRNRNRNRNRNRNRNRNRNRNRNRNRNRNRNRNRNRNRNRNRNRNRNRNRNRNRNRNRNRNRNRNRNRNRNRNRNR  KupwaraNR NRNRNRNRNRNRNRNRNRNRNRNRNRNRNRNRNRNRNRNRNRNRNRNRNRNRNRNRNRNRNRNRNRNRNRNRNRNRNR  UdhampurNR NRNRNRNRNRNRNRNRNRNRNRNRNRNRNRNRNRNRNRNRNRNRNRNRNRNRNRNRNRNRNRNRNRNRNRNRNRNRNR  ShopianNR NRNRNRNRNRNRNRNRNRNRNRNRNRNRNRNRNRNRNRNRNRNRNRNRNRNRNRNRNRNRNRNRNRNRNRNRNRNRNR  SambaNR NRNRNRNRNRNRNRNRNRNRNRNRNRNRNRNRNRNRNRNRNRNRNRNRNRNRNRNRNRNRNRNRNRNRNRNRNRNRNR  RambanNR NRNRNRNRNRNRNRNRNRNRNRNRNRNRNRNRNRNRNRNRNRNRNRNRNRNRNRNRNRNRNRNRNRNRNRNRNRNRNR  RajouriNR NRNRNRNRNRNRNRNRNRNRNRNRNRNRNRNRNRNRNRNRNRNRNRNRNRNRNRNRNRNRNRNRNRNRNRNRNRNRNR  KishtwarNR NRNRNRNRNRNRNRNRNRNRNRNRNRNRNRNRNRNRNRNRNRNRNRNRNRNRNRNRNRNRNRNRNRNRNRNRNRNRNR  DodaNR NRNRNRNRNRNRNRNRNRNRNRNRNRNRNRNRNRNRNRNRNRNRNRNRNRNRNRNRNRNRNRNRNRNRNRNRNRNRNR  BaramullaNR NRNRNRNRNRNRNRNRNRNRNRNRNRNRNRNRNRNRNRNRNRNRNRNRNRNRNRNRNRNRNRNRNRNRNRNRNRNRNR  ReasiNR NRNRNRNRNRNRNRNRNRNRNRNRNRNRNRNRNRNRNRNRNRNRNRNRNRNRNRNRNRNRNRNRNRNRNRNRNRNRNR  KathuaNR NRNRNRNRNRNRNRNRNRNRNRNRNRNRNRNRNRNRNRNRNRNRNRNRNRNRNRNRNRNRNRNRNRNRNRNRNRNRNR  PunjabAmritsar40 283282137135112904659238198176158192NR58273291324203738406039926746076389541312812403337  Ludhiana38 2836831351331181034762229194172161183NR57280281527253448396249926045280489240422319474240  Bathinda40 28328013713211590465824219617015619614360273291423223239386038956796078359342312912423338  BarnalaNR NRNRNRNRNRNRNRNRNRNRNRNRNRNRNRNRNRNRNRNRNRNRNRNRNRNRNRNRNRNRNRNRNRNRNRNRNRNRNR  Hoshiarpur36 28377911911111299517121219016814214312659271251319253531446548876235579379949453415622932  Faridkot40 28328013013511090476122317417014819313258280302022203244406540806675772458948362714504040  Mansa40 273387133130118924662NR18317415617413358278291523223840396238926595875409242353016472832  Sri Muktsar Sahib41 28328013213011790466620717017014817612055280291525233044395739836265772259041342613504730  Dera BassiNR NRNRNRNRNRNRNRNRNRNRNRNRNRNRNRNRNRNRNRNRNRNRNRNRNRNRNRNRNRNRNRNRNRNRNRNRNRNRNR  Sangrur40 28328213012911088476024519419318919317352263301520203545406740907106078309050453015454030  RoparNR NRNRNRNRNRNRNRNRNRNRNRNRNRNRNRNRNRNRNRNRNRNRNRNRNRNRNRNRNRNRNRNRNRNRNRNRNRNRNR  Amargarh40 2832801301251108547602441921901921951785225028132020354540NR40857106072359550502715404030  Fatehgarh Sahib45 303590130113113113446021617918615017811057293301225472845326540936045878459545483819502332  Ferozepur40 3034901301201201004665236177176154198132603653015252340504060409071460602010055343215354545  Kapurthala39 30397012712011092456523119817614818715457293301020204348405843936816080329532353513483525  Uttar PradeshLucknow39 2935751201199075466020318115417618115460260201820303035365636906135979358838402615402930  KanpurNR NRNRNRNRNRNRNRNRNRNRNRNRNRNRNRNRNRNRNRNRNRNRNRNRNRNRNRNRNRNRNRNRNRNRNRNRNRNRNR  Varanasi44 2737901231271078549722131891791872051796524821172228406137NR391077356480398235342822622934  Agra45 29337511393917546702191971751972081865625127203030153840NR40987886285408045303515382541  Jhansi50 28348313812811287496021818117215720713253228212025373238396743936705880378941403015402343  Meerut36 2937841161158484486317916616617117516947280191120223837396338976455975407436343014533029  Allahabad49 27338512213312791465622119216117020313147327281622373136334038966616070508532362916552034  Gorakhpur39 28368011811911378455519518715015215412355225221827283634344935925995680377830382416552528  Saharanpur38 253182116112108884558NR175153150167135562422115212631NR37NR41915825876368133372514472637  Bareilly36 253387120127117102457221917116716218714852317281117202541335733897036077208144343416522222  Ayodhya45 303490117118115874960198198187176174143602302420303245454758451006856072409048443820502031  Moradabad37 25318111411310684415619316213915315113851236211224393839355337866485472328332382618501936  Aligarh39 28348211611410684435619118415214917813752247201721293439384842916135474368534392515452135  Mirzapur (Vindhyanchal)35 25328211511010483454818517015013714911150220222025312940365040936666283358230382515453534  Banda31 27297510711110275485522418016814518211958158191119293455356839785826080228829312821483235  AzamgarhNR NRNRNRNRNRNRNRNRNRNRNRNRNRNRNRNRNRNRNRNRNRNRNRNRNRNRNRNRNRNRNRNRNRNRNRNRNRNRNR  Gonda (Devipatan)36 25338512212811787445620719615616317212853253201323253837346245986195882378234402520472027  Amethi34 273490110115115904560199189161148178110552382218204040364142451056766181388336512818532550  Barabanki39 26358511811811785456020018216816717513055225221520253642374536985635880318531423015462126  Bhadohi35 27358111512311782476821219217915017812369215221923233339374940786746272309036393016432035  Chandauli31 25327611211810875445520017616513117912159247191224243752346037826345680308432392716492539  Farrukhabad43 2631821001171109045662251921591552091214919519131824242535NR38906396083358030312316422025  Ghazipur42 26368512911911490476319117914715417414061269241323323139455647986985884338639412717512328  Jaunpur43 28358511711611385456221219517416318612458269221525293645375337896665772308935362717482946  UP-Pratapgarh41 30348111511811789465121219216716416712859255201124313531394039975465873388836362716392139  Sambhal37 26308610798100874557197177153140152139512521810202030NR35NR35966505879237931432916353330  Santkabir Nagar44 243582108103102774567200200123146178116492653012212529303478439873461843310030522920482627  Shahjahanpur32 26327911510610997445618117714813615912842222201021212632345237875535589248730342411431830  Sitapur37 28328111210510383445918716914814315113253230171016192932365340916305972368035402915481734  Sultanpur41 30358512011410988445619918616015618114255267201823323541395244946355776368535392615452535  Unnao42 28308512311711288456020119016115917914158257201421203742405543925675955278837382716483333  Ambedkar Nagar38 25357811912712888456322020315916016213964200281225303839357640887206171378035403020572535  AmrohaNR NRNRNRNRNRNRNRNRNRNRNRNRNRNRNRNRNRNRNRNRNRNRNRNRNRNRNRNRNRNRNRNRNRNRNRNRNRNRNR  Baghpat44 NR318313012711895447019617816115716113052210281522303450356740956046085408333352512402143  BijnorNR NRNRNRNRNRNRNRNRNRNRNRNRNRNRNRNRNRNRNRNRNRNRNRNRNRNRNRNRNRNRNRNRNRNRNRNRNRNRNR  Budaun36 2530841121039993446420116816815417012653280211020302546386537936135970309030392511422425  Etah45 273580120110110904558207178152156165113552702218252625NR36NR39906776072309732403318402242  Fatehpur43 27348811011310388456319318614813715111353225211622272332354034956066179328536432417372027  Ghaziabad39 28347711811810886465821218016915518013655206211423193039365442945995980388142362915452833  Hardoi42 26348512111611188465820718515615417413254239191123193335365545976205875388734392615462129  Jalaun45 2834851181031029046571831731421281561135222020132027304039NR42985836080309038423020302535  Kaushambi43 26368712112811486455720619016115916112752234211420303034355535876105771338539352814472529  Kushinagar34 26368112111311983476818018914716214113554221261124363939394540956426061408626392816432424  Lakhimpur Kheri37 26358211610510185465918317713214516310661228161021282935366137926545874377934443218431641  Pilibhit39 28328511511511595456620319217015918713250229201021223558387538956816182289049423815432328  Sharwasti40 253979120120123804660178203165167NR1196021824102028NRNR40NR4098569597820853938NR15332825  Siddharth NagarNR NRNRNRNRNRNRNRNRNRNRNRNRNRNRNRNRNRNRNRNRNRNRNRNRNRNRNRNRNRNRNRNRNRNRNRNRNRNRNR  Sonbhadra35 26317510810510280454517616515213215412155210241518162740335034806216068358533322514452025  Rampur53 2829811051151029645601921891511581591425025723182526344935NR35966336571389534342814512932  Bahraich35 253190128120114904256193193157154161124442502521212136343365331065805680217227362319532137  Basti38 28307811713011780455519918615815414812546239221925374857355838925775584408324412719342332  Etawah41 263184120115108874660200189164156NR137552602010242929NR405544956596077358537402716482535  Muzzafarnagar40 2530841201161088946581851751531521761395524520122025354036NR36905255765358034352411455744  Chitrakoot41 25338010510410382465017920316316317913755220151225303030405648896375884408025402115402535  Hamirpur-UP43 2735861131151078349701891901571741841365820918202530NRNR40NR40906375886308841473017472340  Deoria35 2528911201139997466122419014313222012155222191923323840354335945695961397829392718402828  Hapur36 283574128124118112486219819116216917616158216261014154039384639987216272379641453010503234  Bulandshahr42 273293110113107834569NR184160167158156492421920252035433656361025755679288730472715313941  Kanpur Dehat38 2431791001129386446418918915014916812449196191317273136354835855955876317127322415382033  HathrasNR NRNRNRNRNRNRNRNRNRNRNRNRNRNRNRNRNRNRNRNRNRNRNRNRNRNRNRNRNRNRNRNRNRNRNRNRNRNRNR  Raebareli40 27298311511611186465919118116015917814457217191124273643405445946805879358738402716472536  Lalitpur36 28317510911010580455817416714413817812250235201520283038325934905785680258030402418402535  Mohaba38 2430801071009783496117517514815418311935183211520282735354835975965472228330392715362427  Gautam Budh Nagar37 28358112211811591475921618917115418413257217181122233235355546876395770348236403115412635  Auraiya45 263479116121101824664181177162160163135642142516242231433954391036575676418333292119592241  Maharajganj36 27328111511810980455819218615115416412648213221520313744355136915865876368034403017382527  Balrampur35 2635781161101188346551791871461461981265821016112231364735NR39906765772508839402715382027  Kannauj40 263285119115110864561186180148143155126532382192121323938NR38936135572218430452817381924  Mathura34 27338811912811896456322817314113915612244263271129223443404740996325883358948393415332556  FirozabadNR NRNRNRNRNRNRNRNRNRNRNRNRNRNRNRNRNRNRNRNRNRNRNRNRNRNRNRNRNRNRNRNRNRNRNRNRNRNRNR  KasganjNR NRNRNRNRNRNRNRNRNRNRNRNRNRNRNRNRNRNRNRNRNRNRNRNRNRNRNRNRNRNRNRNRNRNRNRNRNRNRNR  MainpuriNR NRNRNRNRNRNRNRNRNRNRNRNRNRNRNRNRNRNRNRNRNRNRNRNRNRNRNRNRNRNRNRNRNRNRNRNRNRNRNR  Shamli39 25308012011711293455118717915614615912853228151620202740385839905415972339239382713404040  Ballia40 27338512411411392465819618215315016613055249191322303139375339956245576328535392717452331  Mau39 2534821141121078546551911751481471481196522322142129NRNR35NR36916445576338931403015482632  UttarakhandDehradunNR NRNRNRNRNRNRNRNRNRNRNRNRNRNRNRNRNRNRNRNRNRNRNRNRNRNRNRNRNRNRNRNRNRNRNRNRNRNRNR  Haldwani44 313394139125127904862232199155192195167622723021221549423845419170060842510040453318542737  RudrapurNR NRNRNRNRNRNRNRNRNRNRNRNRNRNRNRNRNRNRNRNRNRNRNRNRNRNRNRNRNRNRNRNRNRNRNRNRNRNRNR  HaridwarNR NRNRNRNRNRNRNRNRNRNRNRNRNRNRNRNRNRNRNRNRNRNRNRNRNRNRNRNRNRNRNRNRNRNRNRNRNRNRNR  WEST ZONEWEST ZONE  ChhattisgarhRaipur36 304497135128125994758203167143149156119522492524214133274345441027035678439137322512343641  Durg35 394175115116108824752201181149171186155512221720243945453947451007736373358042372611473040  AmbikapurNR NRNRNRNRNRNRNRNRNRNRNRNRNRNRNRNRNRNRNRNRNRNRNRNRNRNRNRNRNRNRNRNRNRNRNRNRNRNRNR  Bilaspur-CG52 34408911010210584425519316514116517314951217252724323539414741906795879469228642514573351  JagdalpurNR NRNRNRNRNRNRNRNRNRNRNRNRNRNRNRNRNRNRNRNRNRNRNRNRNRNRNRNRNRNRNRNRNRNRNRNRNRNRNR  Dantewada40 4245103125121109854861NR199175157181144582512226374242NR40NR4410365358614510148492218652548  Dhamtari36 3143851271101071104558203195135NR178132612332621253850484452441237426186409038332417424060  RajnandgaonNR NRNRNRNRNRNRNRNRNRNRNRNRNRNRNRNRNRNRNRNRNRNRNRNRNRNRNRNRNRNRNRNRNRNRNRNRNRNRNR  Koriya39 35398110897102814575205163153151168NR4719525302320353446355882693588840782738281748NRNR  DNH and DDSilvasaNR NRNRNRNRNRNRNRNRNRNRNRNRNRNRNRNRNRNRNRNRNRNRNRNRNRNRNRNRNRNRNRNRNRNRNRNRNRNRNR  DamanNR NRNRNRNRNRNRNRNRNRNRNRNRNRNRNRNRNRNRNRNRNRNRNRNRNRNRNRNRNRNRNRNRNRNRNRNRNRNRNR  Diu48 39508714514313010046682242331982002091396140030252558396257836610869260843711243363819473135  GoaPanajiNR NRNRNRNRNRNRNRNRNRNRNRNRNRNRNRNRNRNRNRNRNRNRNRNRNRNRNRNRNRNRNRNRNRNRNRNRNRNRNR  MargaoNR NRNRNRNRNRNRNRNRNRNRNRNRNRNRNRNRNRNRNRNRNRNRNRNRNRNRNRNRNRNRNRNRNRNRNRNRNRNRNR  GujaratAhmedabad33 37389711912110395456816716613815116214653207193233443636416243886305667357227333119401820  Rajkot34 3138831101029892426818218214817218416258205182022453543396844876265566358032343915382726  Surat34 3138831101029892426818318414917518516258205182022453543396844876265566358032343915382726  BhujNR NRNRNRNRNRNRNRNRNRNRNRNRNRNRNRNRNRNRNRNRNRNRNRNRNRNRNRNRNRNRNRNRNRNRNRNRNRNRNR  Selamba35 34398711211310390446419217615016417815655210192525324040416741906365584487931323516453030  Waghai38 37429312011810298456820018715215618314759209202930363536406044966315870417530342617413028  Bodeli34 3438861111089892436618817213815217414158205182828353641396844896325569358030343915382727  Vapi32 32349011411410194446618716913814516914556205182828333846406636966925668387831323215382830  Bilimora36 35388912311210394476920618414115717316855211192930334038406245966415469367431353117333325  Idar35 34389212012310092467220818915316618214862229193028293538366650996986267289940304117462828  Jhalod36 3637931151209999506519218715416116715662205223030304136406946926685574447228333718402221  Songash39 30368312011411084466020319316917019415556219201918363641385443956875568307934343016482732  Madhya PradeshBhopal36 253180116106104904662187203178154196NR52250101922403838406241866435782389838403315322538  Indore41 2835861171181128143641811751641771541476126215151740373740NR40856466090408235332515332823  Gwalior43 293377115118110904563212176172160184NR50222121719272830406540886526071298435352615402235  Jabalpur39 29358011811510886455919818815115418212052250162022254040425545906265980408540382615402240  Rewa35 2835761069594784555177154148147147NR5523718151519NRNR35NR37856555776259028453013452035  Sagar38 2629781181199887456020519314316719116253258171518284050406540836775575238343302915352033  Jhabua42 263582140128118984562220231208169209NR683041530194337404967481007036198279847382920382322  Hoshangabad44 273582116113103894555212156141153NR13151213112022204448415141946566089539231422019502232  Shahdol35 293586115112110834450203186142153181NR52210182020303733355040956045870309030402718353025  Ujjain39 394087119110100954365171192191150182NR48248161112274040436345947116259349849383416403036  MorenaNR NRNRNRNRNRNRNRNRNRNRNRNRNRNRNRNRNRNRNRNRNRNRNRNRNRNRNRNRNRNRNRNRNRNRNRNRNRNRNR  Anuppur35 25368012012011090455021419014317617615953200202020254040354949907876580219040352515402030  Bhind41 29348511211611485466218816314413613611550250151520173443396539906506277268129352516402730  Dhar45 26378713712412098456318718917415918912555213152020403435465545936916081258731352018472635  Harda40 273280120120110894562205194170170187NR55200202020404040457045907076096308940292415352837  Katni35 2934791171071078042501651541261431541005020519141216353845554510060458100208040402715322040  KhandwaNR NRNRNRNRNRNRNRNRNRNRNRNRNRNRNRNRNRNRNRNRNRNRNRNRNRNRNRNRNRNRNRNRNRNRNRNRNRNRNR  Mandla35 313678108112108814450212185152177212NR57192292020344545416047886926078309043372816362838  RajgarhNR NRNRNRNRNRNRNRNRNRNRNRNRNRNRNRNRNRNRNRNRNRNRNRNRNRNRNRNRNRNRNRNRNRNRNRNRNRNRNR  Sidhi35 2735751201009583506018118716515413711655263201530403040355450906345684338232502515463040  Chattarpur40 293890122120113834550198187170154154128602402016202532404058501006006084199030403015352537  Neemuch50 263375125105110724465185156141146139NR45297101520384240416540875936368408025423015482330  Burhanpur39 3235751191171177545651871771551521951445425529181838343439NR49856985876329045322817301828  Narshinpur38 283575120108110854552200187141148165NR45233121515204040456047856375885459035352515352040  Raisen40 293280130120110904658187195148148NRNR5025010202035404133NR40856926077309043333220332840  Sheopur38 253384116112105854660213192170152165NR50204282420343035406240906375880209040403015402540  Agar malwa34 2330801381311091014460202177155164145NR482862015822464741NR46866836069279826292816382016  Umaria33 303585112112117904560207172150176189NR532071520202840NR42NR47876225983208332422715403848  Shajapur40 253282120115108874360187187159160185NR5225720202033383938NR44906705980408535372715422337  Dewas43 283486126114111904464195191174172185NR56241122624373541385844967045981338741352717332445  KhargoneNR NRNRNRNRNRNRNRNRNRNRNRNRNRNRNRNRNRNRNRNRNRNRNRNRNRNRNRNRNRNRNRNRNRNRNRNRNRNRNR  SingrauliNR NRNRNRNRNRNRNRNRNRNRNRNRNRNRNRNRNRNRNRNRNRNRNRNRNRNRNRNRNRNRNRNRNRNRNRNRNRNRNR  ChhindwaraNR NRNRNRNRNRNRNRNRNRNRNRNRNRNRNRNRNRNRNRNRNRNRNRNRNRNRNRNRNRNRNRNRNRNRNRNRNRNRNR  Sehore30 283180120110100804560187181176165187NR5528013201839NRNR45NR43846596079428530352415502035  MP-AshoknagarNR NRNRNRNRNRNRNRNRNRNRNRNRNRNRNRNRNRNRNRNRNRNRNRNRNRNRNRNRNRNRNRNRNRNRNRNRNRNRNR  BalaghatNR NRNRNRNRNRNRNRNRNRNRNRNRNRNRNRNRNRNRNRNRNRNRNRNRNRNRNRNRNRNRNRNRNRNRNRNRNRNRNR  Guna40 23277011411710080446020218017617018113247217201012153240506950807016074428036372715232034  Ratlam40 31357612511611386456219818815715817015652240101616283041396240916446060258230302716382131  SatnaNR NRNRNRNRNRNRNRNRNRNRNRNRNRNRNRNRNRNRNRNRNRNRNRNRNRNRNRNRNRNRNRNRNRNRNRNRNRNRNR  Vidisha39 303574112118107874555187189148176187NR50240111017284040336835836596084188533302515432030  Alirajpur38 303687124100114954554185148139136144NR4824010271929313545NR47936115780287740432917372540  Betul39 243479115112108854558199194149170202NR51244122021324143406942966686085319141392215403040  Damoh41 293570118109110794562208198133148164NR49209121819314341396039855705977198739353414471839  DindoriNR NRNRNRNRNRNRNRNRNRNRNRNRNRNRNRNRNRNRNRNRNRNRNRNRNRNRNRNRNRNRNRNRNRNRNRNRNRNRNR  NiwariNR NRNRNRNRNRNRNRNRNRNRNRNRNRNRNRNRNRNRNRNRNRNRNRNRNRNRNRNRNRNRNRNRNRNRNRNRNRNRNR  Seoni38 353786115110105854755198214170154187NR472151120203040403768421006545881278048362115452540  PannaNR NRNRNRNRNRNRNRNRNRNRNRNRNRNRNRNRNRNRNRNRNRNRNRNRNRNRNRNRNRNRNRNRNRNRNRNRNRNRNR  Tikamgarh35 25309012011095904450205167142149147NR502002015201530354040451006595870258529412017302030  Datia48 2630851221089877456022318916115619112355230271925224732457745957016090228842452815382450  Maihar39 29319097102978045602201871541541721135320514162150NRNR40NR45977215872379730393513372040  ShivpuriNR NRNRNRNRNRNRNRNRNRNRNRNRNRNRNRNRNRNRNRNRNRNRNRNRNRNRNRNRNRNRNRNRNRNRNRNRNRNRNR  MandsaurNR NRNRNRNRNRNRNRNRNRNRNRNRNRNRNRNRNRNRNRNRNRNRNRNRNRNRNRNRNRNRNRNRNRNRNRNRNRNRNR  MaharashtraMumbai40 414893136143123994660244222194165200154793073025234347615265531136816077779967454316413343  Nagpur56 4652961341311181045266234211168171189140702832728265142515281521107885994359841483221664672  Pune38 465485106116105864475204207168169186172603514130194242444736488954959805810052512620422730  Nashik40 424184136133113954560214224183169184134573232820223243674963499564060696711560383316232730  Mangaon-Raigad52 4350871301351189945572202441781641981376235630222240475344604510081660764212063394822553546  Dharni44 293881122108118904455217191156176205NR5432213252148372742NR49967436678388534422118402939  Latur56 40467712811811482446620120313717618716557233262821523555437342917624785659746432823453247  Akluj46 33397312310011095456020320815919120718450332302217473147386040886595249399438362714281831  Arni Yavatmal44 343699123125114904363192170154144159NR573001030306035324770551037845572409945422015403525  Chandrapur43 444881138130119984559211221215175187NR7027530202530495660565810967658772010038372120653858  Karad Satara51 3445811391301219244742121881641781931685729327272743384240614010767459724312151412919402531  Ahemednagar53 44478412411911999445316816916617518016949259302419292940394439995805870379929442418252934  Khultabad48 323679111111106854546181NR1441621671535932020292032324139NR42867026083388132351916342034  Islampur41 37468212413012010042722232061591861971565041727272045384039484310165560754010359533627403027  Kankavli45 345184127131126874660184200164152172135533732032255253494550461046885685827747413718633053  Partur50 2940801261201108844581932081851811931815940110252035313543NR4787775NR84399240422815503039  Gondia50 333580120120115774558201207142169188166652603020203535433352398376558752510049502821332942  Jalgaon47 35448513413211810244652002041801751901876046830202052424355625410275358694512652423420412843  Akola44 344483128120116974469182211163172182NR623273025175342384965491037845981408843442416332842  RajasthanJaipurNR NRNRNRNRNRNRNRNRNRNRNRNRNRNRNRNRNRNRNRNRNRNRNRNRNRNRNRNRNRNRNRNRNRNRNRNRNRNRNR  JodhpurNR NRNRNRNRNRNRNRNRNRNRNRNRNRNRNRNRNRNRNRNRNRNRNRNRNRNRNRNRNRNRNRNRNRNRNRNRNRNRNR  Kota45 35368612811910498496118415712615716511157286222223313348525545956866377467734383116372534  UdaipurNR NRNRNRNRNRNRNRNRNRNRNRNRNRNRNRNRNRNRNRNRNRNRNRNRNRNRNRNRNRNRNRNRNRNRNRNRNRNRNR  BharatpurNR NRNRNRNRNRNRNRNRNRNRNRNRNRNRNRNRNRNRNRNRNRNRNRNRNRNRNRNRNRNRNRNRNRNRNRNRNRNRNR  AjmerNR NRNRNRNRNRNRNRNRNRNRNRNRNRNRNRNRNRNRNRNRNRNRNRNRNRNRNRNRNRNRNRNRNRNRNRNRNRNRNR  BikanerNR NRNRNRNRNRNRNRNRNRNRNRNRNRNRNRNRNRNRNRNRNRNRNRNRNRNRNRNRNRNRNRNRNRNRNRNRNRNRNR  BundiNR NRNRNRNRNRNRNRNRNRNRNRNRNRNRNRNRNRNRNRNRNRNRNRNRNRNRNRNRNRNRNRNRNRNRNRNRNRNRNR  RajsamandNR NRNRNRNRNRNRNRNRNRNRNRNRNRNRNRNRNRNRNRNRNRNRNRNRNRNRNRNRNRNRNRNRNRNRNRNRNRNRNR  AlwarNR NRNRNRNRNRNRNRNRNRNRNRNRNRNRNRNRNRNRNRNRNRNRNRNRNRNRNRNRNRNRNRNRNRNRNRNRNRNRNR  BanswaraNR NRNRNRNRNRNRNRNRNRNRNRNRNRNRNRNRNRNRNRNRNRNRNRNRNRNRNRNRNRNRNRNRNRNRNRNRNRNRNR  BaranNR NRNRNRNRNRNRNRNRNRNRNRNRNRNRNRNRNRNRNRNRNRNRNRNRNRNRNRNRNRNRNRNRNRNRNRNRNRNRNR  BarmerNR NRNRNRNRNRNRNRNRNRNRNRNRNRNRNRNRNRNRNRNRNRNRNRNRNRNRNRNRNRNRNRNRNRNRNRNRNRNRNR  BhilwaraNR NRNRNRNRNRNRNRNRNRNRNRNRNRNRNRNRNRNRNRNRNRNRNRNRNRNRNRNRNRNRNRNRNRNRNRNRNRNRNR  ChhitorgarhNR NRNRNRNRNRNRNRNRNRNRNRNRNRNRNRNRNRNRNRNRNRNRNRNRNRNRNRNRNRNRNRNRNRNRNRNRNRNRNR  ChuruNR NRNRNRNRNRNRNRNRNRNRNRNRNRNRNRNRNRNRNRNRNRNRNRNRNRNRNRNRNRNRNRNRNRNRNRNRNRNRNR  DholapurNR NRNRNRNRNRNRNRNRNRNRNRNRNRNRNRNRNRNRNRNRNRNRNRNRNRNRNRNRNRNRNRNRNRNRNRNRNRNRNR  DungarpurNR NRNRNRNRNRNRNRNRNRNRNRNRNRNRNRNRNRNRNRNRNRNRNRNRNRNRNRNRNRNRNRNRNRNRNRNRNRNRNR  HanumangarhNR NRNRNRNRNRNRNRNRNRNRNRNRNRNRNRNRNRNRNRNRNRNRNRNRNRNRNRNRNRNRNRNRNRNRNRNRNRNRNR  JaisalmerNR NRNRNRNRNRNRNRNRNRNRNRNRNRNRNRNRNRNRNRNRNRNRNRNRNRNRNRNRNRNRNRNRNRNRNRNRNRNRNR  Jalore46 343586113119104914655213180165179191NR4731215282937304043NR52965456078479841402917432837  JhalawarNR NRNRNRNRNRNRNRNRNRNRNRNRNRNRNRNRNRNRNRNRNRNRNRNRNRNRNRNRNRNRNRNRNRNRNRNRNRNRNR  JhunjhunuNR NRNRNRNRNRNRNRNRNRNRNRNRNRNRNRNRNRNRNRNRNRNRNRNRNRNRNRNRNRNRNRNRNRNRNRNRNRNRNR  KarauliNR NRNRNRNRNRNRNRNRNRNRNRNRNRNRNRNRNRNRNRNRNRNRNRNRNRNRNRNRNRNRNRNRNRNRNRNRNRNRNR  NagaurNR NRNRNRNRNRNRNRNRNRNRNRNRNRNRNRNRNRNRNRNRNRNRNRNRNRNRNRNRNRNRNRNRNRNRNRNRNRNRNR  PaliNR NRNRNRNRNRNRNRNRNRNRNRNRNRNRNRNRNRNRNRNRNRNRNRNRNRNRNRNRNRNRNRNRNRNRNRNRNRNRNR  RJ-PratapgarhNR NRNRNRNRNRNRNRNRNRNRNRNRNRNRNRNRNRNRNRNRNRNRNRNRNRNRNRNRNRNRNRNRNRNRNRNRNRNRNR  SikarNR NRNRNRNRNRNRNRNRNRNRNRNRNRNRNRNRNRNRNRNRNRNRNRNRNRNRNRNRNRNRNRNRNRNRNRNRNRNRNR  SirohiNR NRNRNRNRNRNRNRNRNRNRNRNRNRNRNRNRNRNRNRNRNRNRNRNRNRNRNRNRNRNRNRNRNRNRNRNRNRNRNR  Sri GanganagarNR NRNRNRNRNRNRNRNRNRNRNRNRNRNRNRNRNRNRNRNRNRNRNRNRNRNRNRNRNRNRNRNRNRNRNRNRNRNRNR  TonkNR NRNRNRNRNRNRNRNRNRNRNRNRNRNRNRNRNRNRNRNRNRNRNRNRNRNRNRNRNRNRNRNRNRNRNRNRNRNRNR  Sawai MadhopurNR NRNRNRNRNRNRNRNRNRNRNRNRNRNRNRNRNRNRNRNRNRNRNRNRNRNRNRNRNRNRNRNRNRNRNRNRNRNRNR  EAST ZONEEAST ZONE  BiharPatnaNR NRNRNRNRNRNRNRNRNRNRNRNRNRNRNRNRNRNRNRNRNRNRNRNRNRNRNRNRNRNRNRNRNRNRNRNRNRNRNR  Bhagalpur39 273273119111101754758NR1861471551731284532028131937496134NR351046355484379629342118NR2029  Purnia38 323471112119102794959NR189149189NR131543241812213458584054471026925588409436322416502818  DarbhangaNR NRNRNRNRNRNRNRNRNRNRNRNRNRNRNRNRNRNRNRNRNRNRNRNRNRNRNRNRNRNRNRNRNRNRNRNRNRNRNR  GayaNR NRNRNRNRNRNRNRNRNRNRNRNRNRNRNRNRNRNRNRNRNRNRNRNRNRNRNRNRNRNRNRNRNRNRNRNRNRNRNR  Muzzafarpur40 283381122126113794760NR188156158202126432882313212448513746411016065584338335382616492524  SaranNR NRNRNRNRNRNRNRNRNRNRNRNRNRNRNRNRNRNRNRNRNRNRNRNRNRNRNRNRNRNRNRNRNRNRNRNRNRNRNR  Munger35 253291131108118794457NR1801781771701654624029133321NRNR34NR401005846079299246403916502031  SaharsaNR NRNRNRNRNRNRNRNRNRNRNRNRNRNRNRNRNRNRNRNRNRNRNRNRNRNRNRNRNRNRNRNRNRNRNRNRNRNRNR  MadhubaniNR NRNRNRNRNRNRNRNRNRNRNRNRNRNRNRNRNRNRNRNRNRNRNRNRNRNRNRNRNRNRNRNRNRNRNRNRNRNRNR  Rohtas (Sasaram)36 3239771111148380486918519217919421817552248321625264157345637987546084418534302514612935  Motihari48 28348611412011086NRNRNR196178178231145NRNRNR182226NRNRNRNRNRNRNRNRNRNRNRNRNRNRNRNRNRNR  Samastipur42 253584115116116824558NR187137131NR13455323301120313039387347997106592408332732510382725  Katihar42 313070127128108774660NR179151151167NR5531119102330NRNR31NR351096686374358923492312NR2322  Araria35 303678125123112764860277192159142192126533162912183050504085391036236183427735342012582424  Nawada30 263173116118112734759NR190161173NR143542572811273940383254341097035863388135312211632425  KhagariaNR NRNRNRNRNRNRNRNRNRNRNRNRNRNRNRNRNRNRNRNRNRNRNRNRNRNRNRNRNRNRNRNRNRNRNRNRNRNRNR  BankaNR NRNRNRNRNRNRNRNRNRNRNRNRNRNRNRNRNRNRNRNRNRNRNRNRNRNRNRNRNRNRNRNRNRNRNRNRNRNRNR  Arwal36 23358112912989814859NR1931591791821435522228152224NRNR35NR36907485876398033352519452530  Aurangabad31 26327611410598784754220195188143189120562102715192650NR35NR381007695879448436333017522125  BegusaraiNR NRNRNRNRNRNRNRNRNRNRNRNRNRNRNRNRNRNRNRNRNRNRNRNRNRNRNRNRNRNRNRNRNRNRNRNRNRNRNR  Bhojpur AraNR NRNRNRNRNRNRNRNRNRNRNRNRNRNRNRNRNRNRNRNRNRNRNRNRNRNRNRNRNRNRNRNRNRNRNRNRNRNRNR  Buxar29 26328412011711979466220219017117019812155255291420293454347135907694895388746312317432625  GopalganjNR NRNRNRNRNRNRNRNRNRNRNRNRNRNRNRNRNRNRNRNRNRNRNRNRNRNRNRNRNRNRNRNRNRNRNRNRNRNRNR  JamuiNR NRNRNRNRNRNRNRNRNRNRNRNRNRNRNRNRNRNRNRNRNRNRNRNRNRNRNRNRNRNRNRNRNRNRNRNRNRNRNR  JehanabadNR NRNRNRNRNRNRNRNRNRNRNRNRNRNRNRNRNRNRNRNRNRNRNRNRNRNRNRNRNRNRNRNRNRNRNRNRNRNRNR  Kaimur38 27327911711798794757NR1911741671931305121220121929323134NR39887146085368233332715532628  KishanganjNR NRNRNRNRNRNRNRNRNRNRNRNRNRNRNRNRNRNRNRNRNRNRNRNRNRNRNRNRNRNRNRNRNRNRNRNRNRNRNR  LakhisaraiNR NRNRNRNRNRNRNRNRNRNRNRNRNRNRNRNRNRNRNRNRNRNRNRNRNRNRNRNRNRNRNRNRNRNRNRNRNRNRNR  Medhepura38 31357311512594774858NR1971561951871334428521132431NRNR36NR359072258108379035372814402723  NalandaNR NRNRNRNRNRNRNRNRNRNRNRNRNRNRNRNRNRNRNRNRNRNRNRNRNRNRNRNRNRNRNRNRNRNRNRNRNRNRNR  SheikhpuraNR NRNRNRNRNRNRNRNRNRNRNRNRNRNRNRNRNRNRNRNRNRNRNRNRNRNRNRNRNRNRNRNRNRNRNRNRNRNRNR  Sheohar41 273782120118108774758170203164169197124502322614242750543840401147255977288134372415552825  SitamarhiNR NRNRNRNRNRNRNRNRNRNRNRNRNRNRNRNRNRNRNRNRNRNRNRNRNRNRNRNRNRNRNRNRNRNRNRNRNRNRNR  Siwan35 263072109898770475926818617818418713452202271321264744334934817096166298434412914412425  SupaulNR NRNRNRNRNRNRNRNRNRNRNRNRNRNRNRNRNRNRNRNRNRNRNRNRNRNRNRNRNRNRNRNRNRNRNRNRNRNRNR  Vaishali35 26307511411710075NRNR209181154187209159NRNRNR1224354848334036907695584408033302512352030  West Champaran38 293681116119111844456202186166153176NR452602017233035413345391055675476379047502717472421  JharkhandRanchi41 343680119118110794759227187150177191136522172815232335403640411036226077429044413215502735  GumlaNR NRNRNRNRNRNRNRNRNRNRNRNRNRNRNRNRNRNRNRNRNRNRNRNRNRNRNRNRNRNRNRNRNRNRNRNRNRNRNR  SahibganjNR NRNRNRNRNRNRNRNRNRNRNRNRNRNRNRNRNRNRNRNRNRNRNRNRNRNRNRNRNRNRNRNRNRNRNRNRNRNRNR  Bokaro36 353786132107110834857NR1821701641821445632228232735NRNR33NR40100709578943812841251360NRNR  Lohardaga37 313685102125110804561NR1471301351661164420326202510NRNR383140906735673258042302711384123  SimdegaNR NRNRNRNRNRNRNRNRNRNRNRNRNRNRNRNRNRNRNRNRNRNRNRNRNRNRNRNRNRNRNRNRNRNRNRNRNRNRNR  Dhanbad39 34367611911911080485925119315716318713958245281527343850375345937695791438937393418503838  Jamshedpur (East Singbhum) NR NRNRNRNRNRNRNRNRNRNRNRNRNRNRNRNRNRNRNRNRNRNRNRNRNRNRNRNRNRNRNRNRNRNRNRNRNRNRNR  GiridhiNR NRNRNRNRNRNRNRNRNRNRNRNRNRNRNRNRNRNRNRNRNRNRNRNRNRNRNRNRNRNRNRNRNRNRNRNRNRNRNR  SeraikellaNR NRNRNRNRNRNRNRNRNRNRNRNRNRNRNRNRNRNRNRNRNRNRNRNRNRNRNRNRNRNRNRNRNRNRNRNRNRNRNR  West SinghbhumNR NRNRNRNRNRNRNRNRNRNRNRNRNRNRNRNRNRNRNRNRNRNRNRNRNRNRNRNRNRNRNRNRNRNRNRNRNRNRNR  Daltonganj36 283786115123107874960NR189152165NR1376030530212426NRNR4459451216866890459240412618403728  Deoghar40 323580110120110100486017618617614817613260300251525305050406050907696085308040352515402020  RamgarhNR NRNRNRNRNRNRNRNRNRNRNRNRNRNRNRNRNRNRNRNRNRNRNRNRNRNRNRNRNRNRNRNRNRNRNRNRNRNRNR  PakurNR NRNRNRNRNRNRNRNRNRNRNRNRNRNRNRNRNRNRNRNRNRNRNRNRNRNRNRNRNRNRNRNRNRNRNRNRNRNRNR  Jamtara39 273176120115107874859NR19414517818916756287271119415777356148879055681328744302919482732  LateharNR NRNRNRNRNRNRNRNRNRNRNRNRNRNRNRNRNRNRNRNRNRNRNRNRNRNRNRNRNRNRNRNRNRNRNRNRNRNRNR  GoddaNR NRNRNRNRNRNRNRNRNRNRNRNRNRNRNRNRNRNRNRNRNRNRNRNRNRNRNRNRNRNRNRNRNRNRNRNRNRNRNR  Koderma40 3235801201201048048631991921521801981256020828192032NRNR36NR42906975984318441403014613540  OdishaBhubaneshwar42 364680115115115804858NR200145NR1921676523027162940NRNR35453890NRNR72339030352512504050  Cuttack40 374677115112111794958NR198143NR19417157257301626484144375539937405776359141352715583547  Sambalpur40 384578115112100785058NR200143NR1921745224030152050404535603690747NR72409040353015603040  Rourkela36 35387711611197774758NR20214414919716757190281622423536384039915185674328836323015473055  Berhampur44 404080119108100715058NR202166NR189NR5524521202242NRNR384950856905370608435452914461941  JeyporeNR NRNRNRNRNRNRNRNRNRNRNRNRNRNRNRNRNRNRNRNRNRNRNRNRNRNRNRNRNRNRNRNRNRNRNRNRNRNRNR  Balasore38 41457611610796754558NR197176NR1921705924028142436NRNR42NR43936175666309341402811452532  Baripada35 33427811511598794958NR187171NR187169602392815244735NR5148519170657843910139363113552226  Balangir35 373680118118100804558NR202143NR19217160NR30182240NRNR40NR451007695784388540353017403543  Angul37 NR5084135112119884960NR198176NR196NR55NR29172340445849535095NR5978399255333015532525  BoudhgarhNR NRNRNRNRNRNRNRNRNRNRNRNRNRNRNRNRNRNRNRNRNRNRNRNRNRNRNRNRNRNRNRNRNRNRNRNRNRNRNR  Dhenkanal39 354475120107100754658NR198143NR198143603152915254050NR395045907105884408340302012503040  JagatsinghpurNR NRNRNRNRNRNRNRNRNRNRNRNRNRNRNRNRNRNRNRNRNRNRNRNRNRNRNRNRNRNRNRNRNRNRNRNRNRNRNR  KandhamalNR NRNRNRNRNRNRNRNRNRNRNRNRNRNRNRNRNRNRNRNRNRNRNRNRNRNRNRNRNRNRNRNRNRNRNRNRNRNRNR  Keonjhar40 405180120116110774858NR192137NR18712059NR3015245740404050431057365896339040352515502838  MalkangiriNR NRNRNRNRNRNRNRNRNRNRNRNRNRNRNRNRNRNRNRNRNRNRNRNRNRNRNRNRNRNRNRNRNRNRNRNRNRNRNR  NabarangpurNR NRNRNRNRNRNRNRNRNRNRNRNRNRNRNRNRNRNRNRNRNRNRNRNRNRNRNRNRNRNRNRNRNRNRNRNRNRNRNR  NayagarhNR NRNRNRNRNRNRNRNRNRNRNRNRNRNRNRNRNRNRNRNRNRNRNRNRNRNRNRNRNRNRNRNRNRNRNRNRNRNRNR  NuapadaNR NRNRNRNRNRNRNRNRNRNRNRNRNRNRNRNRNRNRNRNRNRNRNRNRNRNRNRNRNRNRNRNRNRNRNRNRNRNRNR  Paralakhemundi GajapatiNR NRNRNRNRNRNRNRNRNRNRNRNRNRNRNRNRNRNRNRNRNRNRNRNRNRNRNRNRNRNRNRNRNRNRNRNRNRNRNR  Puri40 NR4280119115106864859NR198159NR1911455827726152242NRNR40NR44946755873428539342615492938  Rayagada43 415085120120109804860209203150NR19814060NR30192540NRNR454049806905882408234352413503043  Sonepur36 NR4080120118104804650NR202148NR19612657NR10182241NRNR41NR46967475784359542323019453535  BhadrakNR NRNRNRNRNRNRNRNRNRNRNRNRNRNRNRNRNRNRNRNRNRNRNRNRNRNRNRNRNRNRNRNRNRNRNRNRNRNRNR  JharsugudaNR NRNRNRNRNRNRNRNRNRNRNRNRNRNRNRNRNRNRNRNRNRNRNRNRNRNRNRNRNRNRNRNRNRNRNRNRNRNRNR  Kendrapara39 384686130105110854655NR200144NR1911585527728142539NRNR425744876976072388228392315541938  Jajpur34 404777121105111814556NR198184NR18912055NR29152441NRNR35NR461006595484308539292313512227  Kalahandi42 374985120118110854754NR203163NR1851335443030182138NRNR403750101753NR75328437322913402643  West BengalKolkataNR NRNRNRNRNRNRNRNRNRNRNRNRNRNRNRNRNRNRNRNRNRNRNRNRNRNRNRNRNRNRNRNRNRNRNRNRNRNRNR  SiliguriNR NRNRNRNRNRNRNRNRNRNRNRNRNRNRNRNRNRNRNRNRNRNRNRNRNRNRNRNRNRNRNRNRNRNRNRNRNRNRNR  Purulia37 NR3582127122108984761NR190155145178NR5728227102542NRNR45NR58966795973388231443419422734  KharagpurNR NRNRNRNRNRNRNRNRNRNRNRNRNRNRNRNRNRNRNRNRNRNRNRNRNRNRNRNRNRNRNRNRNRNRNRNRNRNRNR  RampurhatNR NRNRNRNRNRNRNRNRNRNRNRNRNRNRNRNRNRNRNRNRNRNRNRNRNRNRNRNRNRNRNRNRNRNRNRNRNRNRNR  MaldaNR NRNRNRNRNRNRNRNRNRNRNRNRNRNRNRNRNRNRNRNRNRNRNRNRNRNRNRNRNRNRNRNRNRNRNRNRNRNRNR  RaiganjNR NRNRNRNRNRNRNRNRNRNRNRNRNRNRNRNRNRNRNRNRNRNRNRNRNRNRNRNRNRNRNRNRNRNRNRNRNRNRNR  AlipurduarNR NRNRNRNRNRNRNRNRNRNRNRNRNRNRNRNRNRNRNRNRNRNRNRNRNRNRNRNRNRNRNRNRNRNRNRNRNRNRNR  AsansolNR NRNRNRNRNRNRNRNRNRNRNRNRNRNRNRNRNRNRNRNRNRNRNRNRNRNRNRNRNRNRNRNRNRNRNRNRNRNRNR  BalurghatNR NRNRNRNRNRNRNRNRNRNRNRNRNRNRNRNRNRNRNRNRNRNRNRNRNRNRNRNRNRNRNRNRNRNRNRNRNRNRNR  BankuraNR NRNRNRNRNRNRNRNRNRNRNRNRNRNRNRNRNRNRNRNRNRNRNRNRNRNRNRNRNRNRNRNRNRNRNRNRNRNRNR  BarasatNR NRNRNRNRNRNRNRNRNRNRNRNRNRNRNRNRNRNRNRNRNRNRNRNRNRNRNRNRNRNRNRNRNRNRNRNRNRNRNR  Bardhaman50 NR388312012111910948582341911581481971406331328132546NRNR37NR43937406181418946303014653628  BaruipurNR NRNRNRNRNRNRNRNRNRNRNRNRNRNRNRNRNRNRNRNRNRNRNRNRNRNRNRNRNRNRNRNRNRNRNRNRNRNRNR  Berhampore46 2540851221111131075163NR1891461741951665527324152147NRNR40NR61746055884529030312715333435  ChinsurahNR NRNRNRNRNRNRNRNRNRNRNRNRNRNRNRNRNRNRNRNRNRNRNRNRNRNRNRNRNRNRNRNRNRNRNRNRNRNRNR  Cooch beharNR NRNRNRNRNRNRNRNRNRNRNRNRNRNRNRNRNRNRNRNRNRNRNRNRNRNRNRNRNRNRNRNRNRNRNRNRNRNRNR  HowrahNR NRNRNRNRNRNRNRNRNRNRNRNRNRNRNRNRNRNRNRNRNRNRNRNRNRNRNRNRNRNRNRNRNRNRNRNRNRNRNR  Jalapiguri42 NR47871341301111375181NR1951321681981486730029112742NRNR38NR60896886172489347343015713036  Jhargram41 NR40871251241201094861NR181139137176NR5828928112531NRNR36NR57856715971448540352615432438  Kalimpong45 363780153130124934669NRNR127137170NR6239416253138NRNR40444299715NR91581017050311946NR40  KrishnagarNR NRNRNRNRNRNRNRNRNRNRNRNRNRNRNRNRNRNRNRNRNRNRNRNRNRNRNRNRNRNRNRNRNRNRNRNRNRNRNR  TamlukNR NRNRNRNRNRNRNRNRNRNRNRNRNRNRNRNRNRNRNRNRNRNRNRNRNRNRNRNRNRNRNRNRNRNRNRNRNRNRNR  NORTH EAST ZONENORTH EAST ZONE  Andaman and NicobarPort BlairNR NRNRNRNRNRNRNRNRNRNRNRNRNRNRNRNRNRNRNRNRNRNRNRNRNRNRNRNRNRNRNRNRNRNRNRNRNRNRNR  MayabunderNR NRNRNRNRNRNRNRNRNRNRNRNRNRNRNRNRNRNRNRNRNRNRNRNRNRNRNRNRNRNRNRNRNRNRNRNRNRNRNR  Car NicobarNR NRNRNRNRNRNRNRNRNRNRNRNRNRNRNRNRNRNRNRNRNRNRNRNRNRNRNRNRNRNRNRNRNRNRNRNRNRNRNR  Arunachal pradeshItanagarNR NRNRNRNRNRNRNRNRNRNRNRNRNRNRNRNRNRNRNRNRNRNRNRNRNRNRNRNRNRNRNRNRNRNRNRNRNRNRNR  NamsaiNR NRNRNRNRNRNRNRNRNRNRNRNRNRNRNRNRNRNRNRNRNRNRNRNRNRNRNRNRNRNRNRNRNRNRNRNRNRNRNR  Pasighat53 NR509311397931136080176235172176183NR9040020204070NRNR50NR5783723591006010070784315604867  TawangNR NRNRNRNRNRNRNRNRNRNRNRNRNRNRNRNRNRNRNRNRNRNRNRNRNRNRNRNRNRNRNRNRNRNRNRNRNRNRNR  TezuNR NRNRNRNRNRNRNRNRNRNRNRNRNRNRNRNRNRNRNRNRNRNRNRNRNRNRNRNRNRNRNRNRNRNRNRNRNRNRNR  AssamGuwahati39 33407611395978149712162001881762031656022013173043NRNR45NR47NRNRNR9342NR40NR2219763144  Barpeta33 393779106969680507419721313915919516354155101329375043399752837366381408334332718582425  TinsukiaNR NRNRNRNRNRNRNRNRNRNRNRNRNRNRNRNRNRNRNRNRNRNRNRNRNRNRNRNRNRNRNRNRNRNRNRNRNRNRNR  Dhubri31 NR3376130NR106814877NR220158154176126601801210253550653565501107476084307030402515502530  Goalpara38 313686125120110894860NR1981591561671575721210112834NRNR37NR55987876190409539313118602535  GolaghatNR NRNRNRNRNRNRNRNRNRNRNRNRNRNRNRNRNRNRNRNRNRNRNRNRNRNRNRNRNRNRNRNRNRNRNRNRNRNRNR  Mangaldai45 33347811095103854870NR191142NRNR1606026011153438NRNR35NR35NRNRNR8435NRNRNR3017652340  Mushalpur37 36358811595111904975NR2131491851851325225010123040NRNR35NR51818316083409329NR2929573031  Udalguri38 NR388411796112884977NR207NR1601881455827210113245NRNR39NR4075687NR78378042NR2113533040  Bajali34 334088118102113904778164211NR159NR1376736310153332NRNR3610345857956296429061603225702329  Hojai34 NR38791109894804862NR1961481461791576725011142526NRNR39NR42706705884387833402811422435  Jorhat40 36408211511510510150781812031601591601326020812182835NRNR55NR5478714NR102408042423012602040  Bongaigaon43 NR358311897110904770NR184152150165NR6032210142535NRNR37NR6076NRNR9032NR40NR3018552040  MorigaonNR NRNRNRNRNRNRNRNRNRNRNRNRNRNRNRNRNRNRNRNRNRNRNRNRNRNRNRNRNRNRNRNRNRNRNRNRNRNRNR  Sonari41 4342100122NR110984978NR207NR176NRNR7422012133135NRNR36NR6092NRNR85458043423015541838  Tamulpur36 363685127110111904977NR195152175NR1607026710123040NRNR36NR4179710NR8430NRNRNR2712503040  Sivasagar45 405087114113117974976NR2032031741941506025311132442336355NR58956816190408037563612502243  Biswanath CharialiNR NRNRNRNRNRNRNRNRNRNRNRNRNRNRNRNRNRNRNRNRNRNRNRNRNRNRNRNRNRNRNRNRNRNRNRNRNRNRNR  Dibrugarh36 NR35871291271091015077NR205158190204NR5820313143232NRNR36NR55897845884477949423413574245  Karimganj37 NR3979112118103794875NR203NR154214NR7023814203040NRNR39NR65130NR589050NR38NR2715502740  Majuli35 384398122911151035170NR189NR139NRNR6026015182844NRNR41NR42113NRNR84407045NR3515403040  Sonitpur Tezpur37 304185115100110854769NR203NR186211NR4931010142742NRNR40NR45807496284409650603017802040  Haflong34 NR4590120NR120905077NR168NR132168NR8027015203550NRNR45NR45906795890409540323019802050  AS-Lakhimpur39 NR3881112102110924973NR194161164172NR5819315142745NRNR40NR42886135984488137593213482843  Diphu34 NR3880110113110874975NR201NR153NR12190245131634354045376370827186295308045353015602040  Nalbari36 NR408212595110854970NR1981451651871265829710103040NRNR40NR40808205890408043503015733322  South Salmara Mankachar39 393880123NR116834775NR2121761701831326423312253028828642NR58NR805598237734550401955NRNR  KamrupNR NRNRNRNRNRNRNRNRNRNRNRNRNRNRNRNRNRNRNRNRNRNRNRNRNRNRNRNRNRNRNRNRNRNRNRNRNRNRNR  ManipurImphalNR NRNRNRNRNRNRNRNRNRNRNRNRNRNRNRNRNRNRNRNRNRNRNRNRNRNRNRNRNRNRNRNRNRNRNRNRNRNRNR  ChandelNR NRNRNRNRNRNRNRNRNRNRNRNRNRNRNRNRNRNRNRNRNRNRNRNRNRNRNRNRNRNRNRNRNRNRNRNRNR JiribamNR NRNRNRNRNRNRNRNRNRNRNRNRNRNRNRNRNRNRNRNRNRNRNRNRNRNRNRNRNRNRNRNRNRNRNRNRNRNRNR  Kangpokpi53 NR45100147NR1401005577172165NR176176143NR273153047100NRNR45NR40977536096NR1204552442050NRNR  SenapatiNR NRNRNRNRNRNRNRNRNRNRNRNRNRNRNRNRNRNRNRNRNRNRNRNRNRNRNRNRNRNRNRNRNRNRNRNRNRNRNR  TamenglongNR NRNRNRNRNRNRNRNRNRNRNRNRNRNRNRNRNRNRNRNRNRNRNRNRNRNRNRNRNRNRNRNRNRNRNRNRNR ThoubalNR NRNRNRNRNRNRNRNRNRNRNRNRNRNRNRNRNRNRNRNRNRNRNRNRNRNRNRNRNRNRNRNRNRNRNRNRNRNRNR  UkhrulNR NRNRNRNRNRNRNRNRNRNRNRNRNRNRNRNRNRNRNRNRNRNRNRNRNRNRNRNRNRNRNRNRNRNRNRNRNRNRNR  ChurachandpurNR NRNRNRNRNRNRNRNRNRNRNRNRNRNRNRNRNRNRNRNRNRNRNRNRNRNRNRNRNRNRNRNRNRNRNRNRNRNRNR  KakchingNR NRNRNRNRNRNRNRNRNRNRNRNRNRNRNRNRNRNRNRNRNRNRNRNRNRNRNRNRNRNRNRNRNRNRNRNRNRNRNR  MeghalayaShillongNR NRNRNRNRNRNRNRNRNRNRNRNRNRNRNRNRNRNRNRNRNRNRNRNRNRNRNRNRNRNRNRNRNRNRNRNRNRNRNR  TuraNR NRNRNRNRNRNRNRNRNRNRNRNRNRNRNRNRNRNRNRNRNRNRNRNRNRNRNRNRNRNRNRNRNRNRNRNRNRNRNR  JowaiNR NRNRNRNRNRNRNRNRNRNRNRNRNRNRNRNRNRNRNRNRNRNRNRNRNRNRNRNRNRNRNRNRNRNRNRNRNRNRNR  SohraNR NRNRNRNRNRNRNRNRNRNRNRNRNRNRNRNRNRNRNRNRNRNRNRNRNRNRNRNRNRNRNRNRNRNRNRNRNRNRNR  MairangNR NRNRNRNRNRNRNRNRNRNRNRNRNRNRNRNRNRNRNRNRNRNRNRNRNRNRNRNRNRNRNRNRNRNRNRNRNRNRNR  NongpohNR NRNRNRNRNRNRNRNRNRNRNRNRNRNRNRNRNRNRNRNRNRNRNRNRNRNRNRNRNRNRNRNRNRNRNRNRNRNRNR  Khliehriat35 393992128NR115855076NR150NR148NRNRNR31330203338NRNR39NR44737435983487758422815732040  WilliamnagarNR NRNRNRNRNRNRNRNRNRNRNRNRNRNRNRNRNRNRNRNRNRNRNRNRNRNRNRNRNRNRNRNRNRNRNRNRNRNRNR  NongstoinNR NRNRNRNRNRNRNRNRNRNRNRNRNRNRNRNRNRNRNRNRNRNRNRNRNRNRNRNRNRNRNRNRNRNRNRNRNRNRNR  MawkyrwatNR NRNRNRNRNRNRNRNRNRNRNRNRNRNRNRNRNRNRNRNRNRNRNRNRNRNRNRNRNRNRNRNRNRNRNRNRNRNRNR  MizoramAizawl50 425010715313013393558027126025616124415210052030454578NRNR50NR709070360906590100906040652548  Lunglei50 40501251801801501105582NR245209121207132100486305050105NRNR50NR5011568060100659575603020803070  Kolasib50 404595120140140935580NR242NR14320313210048330303780NR4045NR7012072560906098100803635503070  MamitNR NRNRNRNRNRNRNRNRNRNRNRNRNRNRNRNRNRNRNRNRNRNRNRNRNRNRNRNRNRNRNRNRNRNRNRNRNRNRNR  ChamphaiNR NRNRNRNRNRNRNRNRNRNRNRNRNRNRNRNRNRNRNRNRNRNRNRNRNRNRNRNRNRNRNRNRNRNRNRNRNRNRNR  SerchhipNR NRNRNRNRNRNRNRNRNRNRNRNRNRNRNRNRNRNRNRNRNRNRNRNRNRNRNRNRNRNRNRNRNRNRNRNRNRNRNR  Siaha55 NR501031571381481025580170253219143NR110100250304057117NRNR5010095110631601007380NR606040883070  Lawngtlai50 45501001601401401005080NR253NR143NR132110480304060120NRNR50NR801406606010080100NR9060401003070  Hnahthial53 4550NR1471501331035283NR257NR143NRNR12050030304387NRNR50NR9014065960966593NR905020752870  Khawzawl42 404792132133130975083NR209145154NR13213747030385277NRNR48NR681256326098609023655833833235  SaitualNR NRNRNRNRNRNRNRNRNRNRNRNRNRNRNRNRNRNRNRNRNRNRNRNRNRNRNRNRNRNRNRNRNRNRNRNRNRNRNR  NagalandKohimaNR NRNRNRNRNRNRNRNRNRNRNRNRNRNRNRNRNRNRNRNRNRNRNRNRNRNRNRNRNRNRNRNRNRNRNRNRNRNRNR  Dimapur45 4450711601101209053802091652201872091698035020263050NRNR45NR1001607696780367575805015802655  TuensangNR NRNRNRNRNRNRNRNRNRNRNRNRNRNRNRNRNRNRNRNRNRNRNRNRNRNRNRNRNRNRNRNRNRNRNRNRNRNRNR  MokochungNR NRNRNRNRNRNRNRNRNRNRNRNRNRNRNRNRNRNRNRNRNRNRNRNRNRNRNRNRNRNRNRNRNRNRNRNRNRNRNR  ChumukedimaNR NRNRNRNRNRNRNRNRNRNRNRNRNRNRNRNRNRNRNRNRNRNRNRNRNRNRNRNRNRNRNRNRNRNRNRNRNRNRNR  MonNR NRNRNRNRNRNRNRNRNRNRNRNRNRNRNRNRNRNRNRNRNRNRNRNRNRNRNRNRNRNRNRNRNRNRNRNRNRNRNR  PerenNR NRNRNRNRNRNRNRNRNRNRNRNRNRNRNRNRNRNRNRNRNRNRNRNRNRNRNRNRNRNRNRNRNRNRNRNRNRNRNR  PhekNR NRNRNRNRNRNRNRNRNRNRNRNRNRNRNRNRNRNRNRNRNRNRNRNRNRNRNRNRNRNRNRNRNRNRNRNRNRNRNR  TseminyuNR NRNRNRNRNRNRNRNRNRNRNRNRNRNRNRNRNRNRNRNRNRNRNRNRNRNRNRNRNRNRNRNRNRNRNRNRNRNRNR  WokhaNR NRNRNRNRNRNRNRNRNRNRNRNRNRNRNRNRNRNRNRNRNRNRNRNRNRNRNRNRNRNRNRNRNRNRNRNRNRNRNR  ZunhebotoNR NRNRNRNRNRNRNRNRNRNRNRNRNRNRNRNRNRNRNRNRNRNRNRNRNRNRNRNRNRNRNRNRNRNRNRNRNRNRNR  KiphireNR NRNRNRNRNRNRNRNRNRNRNRNRNRNRNRNRNRNRNRNRNRNRNRNRNRNRNRNRNRNRNRNRNRNRNRNRNRNRNR  LonglengNR NRNRNRNRNRNRNRNRNRNRNRNRNRNRNRNRNRNRNRNRNRNRNRNRNRNRNRNRNRNRNRNRNRNRNRNRNRNRNR  NiulandNR NRNRNRNRNRNRNRNRNRNRNRNRNRNRNRNRNRNRNRNRNRNRNRNRNRNRNRNRNRNRNRNRNRNRNRNRNRNRNR  ShamatorNR NRNRNRNRNRNRNRNRNRNRNRNRNRNRNRNRNRNRNRNRNRNRNRNRNRNRNRNRNRNRNRNRNRNRNRNRNRNRNR  NoklakNR NRNRNRNRNRNRNRNRNRNRNRNRNRNRNRNRNRNRNRNRNRNRNRNRNRNRNRNRNRNRNRNRNRNRNRNRNRNRNR  SikkimGangtokNR NRNRNRNRNRNRNRNRNRNRNRNRNRNRNRNRNRNRNRNRNRNRNRNRNRNRNRNRNRNRNRNRNRNRNRNRNRNRNR  GyalshingNR NRNRNRNRNRNRNRNRNRNRNRNRNRNRNRNRNRNRNRNRNRNRNRNRNRNRNRNRNRNRNRNRNRNRNRNRNRNRNR  NamchiNR NRNRNRNRNRNRNRNRNRNRNRNRNRNRNRNRNRNRNRNRNRNRNRNRNRNRNRNRNRNRNRNRNRNRNRNRNRNRNR  SorengNR NRNRNRNRNRNRNRNRNRNRNRNRNRNRNRNRNRNRNRNRNRNRNRNRNRNRNRNRNRNRNRNRNRNRNRNRNRNRNR  ManganNR NRNRNRNRNRNRNRNRNRNRNRNRNRNRNRNRNRNRNRNRNRNRNRNRNRNRNRNRNRNRNRNRNRNRNRNRNRNRNR  PakyongNR NRNRNRNRNRNRNRNRNRNRNRNRNRNRNRNRNRNRNRNRNRNRNRNRNRNRNRNRNRNRNRNRNRNRNRNRNRNRNR  TripuraAgartalaNR NRNRNRNRNRNRNRNRNRNRNRNRNRNRNRNRNRNRNRNRNRNRNRNRNRNRNRNRNRNRNRNRNRNRNRNRNRNRNR  DharmanagarNR NRNRNRNRNRNRNRNRNRNRNRNRNRNRNRNRNRNRNRNRNRNRNRNRNRNRNRNRNRNRNRNRNRNRNRNRNRNRNR  BeloniaNR NRNRNRNRNRNRNRNRNRNRNRNRNRNRNRNRNRNRNRNRNRNRNRNRNRNRNRNRNRNRNRNRNRNRNRNRNRNRNR  TR-UdaipurNR NRNRNRNRNRNRNRNRNRNRNRNRNRNRNRNRNRNRNRNRNRNRNRNRNRNRNRNRNRNRNRNRNRNRNRNRNRNRNR  AmbassaNR NRNRNRNRNRNRNRNRNRNRNRNRNRNRNRNRNRNRNRNRNRNRNRNRNRNRNRNRNRNRNRNRNRNRNRNRNRNRNR  SOUTH ZONESOUTH ZONE  Andhra PradeshVijaywada46 444781129123103854760200156137NR20014855287162825404443425145946045860428930392419482042  Visakhapatnam50 424386121121111844858196193152NR19015965250161625354044454945907256072368835372315503140  KurnoolNR NRNRNRNRNRNRNRNRNRNRNRNRNRNRNRNRNRNRNRNRNRNRNRNRNRNRNRNRNRNRNRNRNRNRNRNRNRNRNR  TirupathiNR NRNRNRNRNRNRNRNRNRNRNRNRNRNRNRNRNRNRNRNRNRNRNRNRNRNRNRNRNRNRNRNRNRNRNRNRNRNRNR  JammalamaduguNR NRNRNRNRNRNRNRNRNRNRNRNRNRNRNRNRNRNRNRNRNRNRNRNRNRNRNRNRNRNRNRNRNRNRNRNRNR DharmavaramNR NRNRNRNRNRNRNRNRNRNRNRNRNRNRNRNRNRNRNRNRNRNRNRNRNRNRNRNRNRNRNRNRNRNRNRNRNR OngoleNR NRNRNRNRNRNRNRNRNRNRNRNRNRNRNRNRNRNRNRNRNRNRNRNRNRNRNRNRNRNRNRNRNRNRNRNRNRNRNR  Bapatla48 444383111120106844558187NRNRNR18513852287153121343342414543907635968318230352216502231  RajahmundryNR NRNRNRNRNRNRNRNRNRNRNRNRNRNRNRNRNRNRNRNRNRNRNRNRNRNRNRNRNRNRNRNRNRNRNRNRNRNRNR  EluruNR NRNRNRNRNRNRNRNRNRNRNRNRNRNRNRNRNRNRNRNRNRNRNRNRNRNRNRNRNRNRNRNRNRNRNRNRNRNRNR  Guntur47 424580115120109875058187187135NR18113752210122125293538404443835855265297030322014292034  AmalapuramNR NRNRNRNRNRNRNRNRNRNRNRNRNRNRNRNRNRNRNRNRNRNRNRNRNRNRNRNRNRNRNRNRNRNRNRNRNRNRNR  Nandyala57 43398012010910790456119721614615419215057277153517313338395143837436471318543383018262140  ParvathipuramNR NRNRNRNRNRNRNRNRNRNRNRNRNRNRNRNRNRNRNRNRNRNRNRNRNRNRNRNRNRNRNRNRNRNRNRNRNRNRNR  Sri Sathya SaiNR NRNRNRNRNRNRNRNRNRNRNRNRNRNRNRNRNRNRNRNRNRNRNRNRNRNRNRNRNRNRNRNRNRNRNRNRNRNRNR  NelloreNR NRNRNRNRNRNRNRNRNRNRNRNRNRNRNRNRNRNRNRNRNRNRNRNRNRNRNRNRNRNRNRNRNRNRNRNRNRNRNR  SrikakulamNR NRNRNRNRNRNRNRNRNRNRNRNRNRNRNRNRNRNRNRNRNRNRNRNRNRNRNRNRNRNRNRNRNRNRNRNRNRNRNR  VizianagaramNR NRNRNRNRNRNRNRNRNRNRNRNRNRNRNRNRNRNRNRNRNRNRNRNRNRNRNRNRNRNRNRNRNRNRNRNRNRNRNR  AnakapalliNR NRNRNRNRNRNRNRNRNRNRNRNRNRNRNRNRNRNRNRNRNRNRNRNRNRNRNRNRNRNRNRNRNRNRNRNRNRNRNR  Bhimavaram50 40418312011110586456019520314614818714155285192522413238444544887915467458838381917352936  ChittoorNR NRNRNRNRNRNRNRNRNRNRNRNRNRNRNRNRNRNRNRNRNRNRNRNRNRNRNRNRNRNRNRNRNRNRNRNRNRNRNR  KakinadaNR NRNRNRNRNRNRNRNRNRNRNRNRNRNRNRNRNRNRNRNRNRNRNRNRNRNRNRNRNRNRNRNRNRNRNRNRNRNRNR  MachilipatnamNR NRNRNRNRNRNRNRNRNRNRNRNRNRNRNRNRNRNRNRNRNRNRNRNRNRNRNRNRNRNRNRNRNRNRNRNRNRNRNR  NarasaraopetaNR NRNRNRNRNRNRNRNRNRNRNRNRNRNRNRNRNRNRNRNRNRNRNRNRNRNRNRNRNRNRNRNRNRNRNRNRNRNRNR  PaderuNR NRNRNRNRNRNRNRNRNRNRNRNRNRNRNRNRNRNRNRNRNRNRNRNRNRNRNRNRNRNRNRNRNRNRNRNRNRNRNR  RayachotiNR NRNRNRNRNRNRNRNRNRNRNRNRNRNRNRNRNRNRNRNRNRNRNRNRNRNRNRNRNRNRNRNRNRNRNRNRNRNRNR  AnantapuramuNR NRNRNRNRNRNRNRNRNRNRNRNRNRNRNRNRNRNRNRNRNRNRNRNRNRNRNRNRNRNRNRNRNRNRNRNRNRNRNR  YSR KadapaNR NRNRNRNRNRNRNRNRNRNRNRNRNRNRNRNRNRNRNRNRNRNRNRNRNRNRNRNRNRNRNRNRNRNRNRNRNRNRNR  MadanapalleNR NRNRNRNRNRNRNRNRNRNRNRNRNRNRNRNRNRNRNRNRNRNRNRNRNRNRNRNRNRNRNRNRNRNRNRNRNRNRNR  KarnatakaBengaluru54 39428811211710888495118920714415218916161250162626373939415047907325967377739352815282525  Dharwad44 42447812011810486435418217414114617414644268262320384650465346887695574557830433315362838  Mangalore52 42448212813711188435820919715017018815458198142924413955454847887475981468335372817572138  Mysore51 455476123115104844548208214200170189157563602227244451573752397471756764111141343220763447  Bengaluru (East Range)55 45459012811811788475020022314616119716762262183227414848445245927696082478232422418502533  Belagavi47 41438311711510186445420318213818119915146258162423285053414443817695483418029592014392625  Kalaburagi55 444485130122120904553181167163132176143552062020NR304041404945957146065507134602515502530  Tumakuru60 454185123130112108455520221614515918614450232202520504753465047757326083308829422820502540  Bellary50 44428712012010888465421420314915018316358308242715413840404743977405667227730342818502826  Dhavanagere52 44508211511511086465320120814214819716457297272422294155435545877655572417137422216261828  Shivamogga54 4146931311281231034454189NR14514820014850238242321404852474952987455978318632402815321930  Vijayapur56 43428712512712087435424323415418719814350243142720453639425543857696387609043433812542240  Ramanagara41 42459011311810594444817721413314219214650193162829404544474243907456279409033502115502732  Raichur54 44428011212210684456020120017517118813655209152018254749454545947215280489240483917432027  Chamarajanagar53 42468212211610798424821821015012218913941190182828504956544857907145768419437734319703043  Kolar45 424389122122122964352218209163170195151532591326223242424843451007136073348033423415402038  Haveri50 42458512013012090446018718717618119213744242152525504255404540857056078408030403015353030  Bagalkot45 44428511210411595425319417812615214012245245203123265246395243767565880485827373523582627  Bidar57 41417711911911284445318718713316717814356263152719574146415241837096183578534403219532940  Koppal44 43438811512011194435419017613815318115448240153522303543424743927005880329036352517603025  Mandya45 41458311112912097455221523114417018715557251152520354046444743957145684408129382915403020  Yadgir51 41357710511510581455420320317016519215951205123020404351454544957695762406630372724472444  Chikkamagalur48 41468912212111389455418420215515717013350203162523404546474748957156184588735432515423230  Bangalore Rural46 43538811912210787465021218112915218013456254182520354945484652987185772298136502420352837  Chikkaballapur51 49458711212311388445123620515016919416154287142924434042454344977405976288730412115313143  Chitradurga54 44508812212512091455321621914715819815662293264015555551465547897365675506736472219652546  Gadag53 43468011712611284455220918413313515914846234192823393743404741877126072618738364020292530  Hassan50 45518912812911096465422319915115319515958245242421524646474647917276086397938392813403030  Kodagu51 43468711711911391465420118914515017914455249192725613843474747957525583527829372416572141  Udupi46 47519711611211297464919621016417916917153224222528254543464647927046277458238573422593033  Uttara Kannada47 48449612613012095474822619617517919814455280203029494548425244997695875559038403920413540  Vijayanagara51 424281120123116954551196199139NR187138482211523164033514651451007295966288736343515461928  KeralaT.PuramNR NRNRNRNRNRNRNRNRNRNRNRNRNRNRNRNRNRNRNRNRNRNRNRNRNRNRNRNRNRNRNRNRNRNRNRNRNRNRNR  ErnakulamNR NRNRNRNRNRNRNRNRNRNRNRNRNRNRNRNRNRNRNRNRNRNRNRNRNRNRNRNRNRNRNRNRNRNRNRNRNRNRNR  KozhikodeNR NRNRNRNRNRNRNRNRNRNRNRNRNRNRNRNRNRNRNRNRNRNRNRNRNRNRNRNRNRNRNRNRNRNRNRNRNRNRNR  ThrissurNR NRNRNRNRNRNRNRNRNRNRNRNRNRNRNRNRNRNRNRNRNRNRNRNRNRNRNRNRNRNRNRNRNRNRNRNRNRNRNR  PalakkadNR NRNRNRNRNRNRNRNRNRNRNRNRNRNRNRNRNRNRNRNRNRNRNRNRNRNRNRNRNRNRNRNRNRNRNRNRNRNRNR  WayanadNR NRNRNRNRNRNRNRNRNRNRNRNRNRNRNRNRNRNRNRNRNRNRNRNRNRNRNRNRNRNRNRNRNRNRNRNRNRNRNR  KasargodNR NRNRNRNRNRNRNRNRNRNRNRNRNRNRNRNRNRNRNRNRNRNRNRNRNRNRNRNRNRNRNRNRNRNRNRNRNRNRNR  KottayamNR NRNRNRNRNRNRNRNRNRNRNRNRNRNRNRNRNRNRNRNRNRNRNRNRNRNRNRNRNRNRNRNRNRNRNRNRNRNRNR  PathanamthittaNR NRNRNRNRNRNRNRNRNRNRNRNRNRNRNRNRNRNRNRNRNRNRNRNRNRNRNRNRNRNRNRNRNRNRNRNRNRNRNR  AlapuzhaNR NRNRNRNRNRNRNRNRNRNRNRNRNRNRNRNRNRNRNRNRNRNRNRNRNRNRNRNRNRNRNRNRNRNRNRNRNRNRNR  KollamNR NRNRNRNRNRNRNRNRNRNRNRNRNRNRNRNRNRNRNRNRNRNRNRNRNRNRNRNRNRNRNRNRNRNRNRNRNRNRNR  IdukkiNR NRNRNRNRNRNRNRNRNRNRNRNRNRNRNRNRNRNRNRNRNRNRNRNRNRNRNRNRNRNRNRNRNRNRNRNRNRNRNR  KannurNR NRNRNRNRNRNRNRNRNRNRNRNRNRNRNRNRNRNRNRNRNRNRNRNRNRNRNRNRNRNRNRNRNRNRNRNRNRNRNR  MalapuramNR NRNRNRNRNRNRNRNRNRNRNRNRNRNRNRNRNRNRNRNRNRNRNRNRNRNRNRNRNRNRNRNRNRNRNRNRNRNRNR  PuducherryPuducherryNR NRNRNRNRNRNRNRNRNRNRNRNRNRNRNRNRNRNRNRNRNRNRNRNRNRNRNRNRNRNRNRNRNRNRNRNRNRNRNR  Tamil NaduChennai58 434179129122113844540208227174NR19116967293273530354252465353888976084528444412914504550  MaduraiNR NRNRNRNRNRNRNRNRNRNRNRNRNRNRNRNRNRNRNRNRNRNRNRNRNRNRNRNRNRNRNRNRNRNRNRNRNRNRNR  DindigulNR NRNRNRNRNRNRNRNRNRNRNRNRNRNRNRNRNRNRNRNRNRNRNRNRNRNRNRNRNRNRNRNRNRNRNRNRNRNRNR  ThiruchirapalliNR NRNRNRNRNRNRNRNRNRNRNRNRNRNRNRNRNRNRNRNRNRNRNRNRNRNRNRNRNRNRNRNRNRNRNRNRNRNRNR  Coimbatore53 434481129121113814640233194168NR191165572712740284137515052531067976078488643362814453145  Tirunelveli47 485392126128119824444247209181NR187149562672630354541465453511007827075958834332614423136  Cuddalore56 494586135130121964550187198186NR19213960293274226304456485250966915873768339332613423337  Dharmapuri54 444280133125107824543217NR143NR191153522752628253541484848491106907277468240332514403545  VelloreNR NRNRNRNRNRNRNRNRNRNRNRNRNRNRNRNRNRNRNRNRNRNRNRNRNRNRNRNRNRNRNRNRNRNRNRNRNRNRNR  Ramanathapuram61 416879121122104954644232NR177NR194173552813145355141514951561177737473578351332913503631  ErodeNR NRNRNRNRNRNRNRNRNRNRNRNRNRNRNRNRNRNRNRNRNRNRNRNRNRNRNRNRNRNRNRNRNRNRNRNRNRNRNR  KarurNR NRNRNRNRNRNRNRNRNRNRNRNRNRNRNRNRNRNRNRNRNRNRNRNRNRNRNRNRNRNRNRNRNRNRNRNRNRNRNR  Perambalur49 NR6892131132111874643215211178NR19917056NR2928324342605550561117475872528835382714493142  Pudukkottai55 456688129130116NR4740269NR181NR191153586982840254541575554521118706672309843382814604040  Sivagangai51 456893131130121944844252NR219NR196172552922950305039565855611137618578608345372715584332  Thanjavur53 475089134125120954644231240180NR194155583002731254241504851481248947781729039392814523241  The nilgirisNR NRNRNRNRNRNRNRNRNRNRNRNRNRNRNRNRNRNRNRNRNRNRNRNRNRNRNRNRNRNRNRNRNRNRNRNRNRNRNR  Thoothukudi50 436585122125110904646231219181NR195169553201030253535506055621108686184708744372813453840  ViluppuramNR NRNRNRNRNRNRNRNRNRNRNRNRNRNRNRNRNRNRNRNRNRNRNRNRNRNRNRNRNRNRNRNRNRNRNRNRNRNRNR  Virudhunagar58 466678123120106784745244233183NR197172592932837324037535355531077295761328141321613623124  Kanniyakumari60 375380123124107764541220220179NR196162572582525244032393752401037696081608437302513353545  Namakkal63 476188127130117904544198215167NR19515956NR2635264241405149471136647174407944393112604060  Tiruvannamalai52 444780138125115854543231198170NR187159603102730253543554650551108246273658837452812453035  Tiruvarur62 486589119119119NR4444242186185NR16214053NR2035384046514851621227146578709039491820452425  Tiruppur58 4854101143135121814643230223168NR19215860265282927404453605560957256075288347412218573222  Tenkasi56 465978122119111NR4546233NR166NR18216760275303025503652565855987956484808841412613493540  Nagapattinam52 4967961291281231014744231240178NR19315656NR2528253848504953511178756472659439503415572937  Krishnagiri55 464189130129116894544208202155NR192157593152829254038404348451006155078489637402912533944  AriyalurNR NRNRNRNRNRNRNRNRNRNRNRNRNRNRNRNRNRNRNRNRNRNRNRNRNRNRNRNRNRNRNRNRNRNRNRNRNRNRNR  Kallakurichi48 496786128114116874645236216176NR19716058NR2830223340504950471108868377508845353014403845  Kancheepuram55 516690137128118964544209203183NR19115772NR2835254042565253551027845384509143402914454036  SalemNR NRNRNRNRNRNRNRNRNRNRNRNRNRNRNRNRNRNRNRNRNRNRNRNRNRNRNRNRNRNRNRNRNRNRNRNRNRNRNR  Theni58 486179129124109834445223220161NR17515055284273029374058525752937917074479139322612533437  Chengalpattu56 475696124121126904644210204175NR16413964NR2832324241495147531137845272478531401913431930  Mayiladuthurai60 506598137117113NR4545201203198NR194146603402730274345454650631138577084409235422514602235  RanipetNR NRNRNRNRNRNRNRNRNRNRNRNRNRNRNRNRNRNRNRNRNRNRNRNRNRNRNRNRNRNRNRNRNRNRNRNRNRNRNR  Tirupattur49 434784122119119904340214236171NR19214157310293228323437413646927696469328635372415533040  Tiruvallur55 446687129122119904440212208169NR19215664298274030303659595259997586078558231412113484036  TelanganaHyderabadNR NRNRNRNRNRNRNRNRNRNRNRNRNRNRNRNRNRNRNRNRNRNRNRNRNRNRNRNRNRNRNRNRNRNRNRNRNRNRNR  KarimnagarNR NRNRNRNRNRNRNRNRNRNRNRNRNRNRNRNRNRNRNRNRNRNRNRNRNRNRNRNRNRNRNRNRNRNRNRNRNRNRNR  WarangalNR NRNRNRNRNRNRNRNRNRNRNRNRNRNRNRNRNRNRNRNRNRNRNRNRNRNRNRNRNRNRNRNRNRNRNRNRNRNRNR  AdilabadNR NRNRNRNRNRNRNRNRNRNRNRNRNRNRNRNRNRNRNRNRNRNRNRNRNRNRNRNRNRNRNRNRNRNRNRNRNRNRNR  SuryapetNR NRNRNRNRNRNRNRNRNRNRNRNRNRNRNRNRNRNRNRNRNRNRNRNRNRNRNRNRNRNRNRNRNRNRNRNRNRNRNR  JadcherlaNR NRNRNRNRNRNRNRNRNRNRNRNRNRNRNRNRNRNRNRNRNRNRNRNRNRNRNRNRNRNRNRNRNRNRNRNRNRNRNR  KhammamNR NRNRNRNRNRNRNRNRNRNRNRNRNRNRNRNRNRNRNRNRNRNRNRNRNRNRNRNRNRNRNRNRNRNRNRNRNRNRNR  MedchalNR NRNRNRNRNRNRNRNRNRNRNRNRNRNRNRNRNRNRNRNRNRNRNRNRNRNRNRNRNRNRNRNRNRNRNRNRNRNRNR  NizamabadNR NRNRNRNRNRNRNRNRNRNRNRNRNRNRNRNRNRNRNRNRNRNRNRNRNRNRNRNRNRNRNRNRNRNRNRNRNRNRNR  SangareddyNR NRNRNRNRNRNRNRNRNRNRNRNRNRNRNRNRNRNRNRNRNRNRNRNRNRNRNRNRNRNRNRNRNRNRNRNRNRNRNR  KothagudemNR NRNRNRNRNRNRNRNRNRNRNRNRNRNRNRNRNRNRNRNRNRNRNRNRNRNRNRNRNRNRNRNRNRNRNRNRNRNRNR  LadakhLehNR NRNRNRNRNRNRNRNRNRNRNRNRNRNRNRNRNRNRNRNRNRNRNRNRNRNRNRNRNRNRNRNRNRNRNRNRNRNRNR  KargilNR NRNRNRNRNRNRNRNRNRNRNRNRNRNRNRNRNRNRNRNRNRNRNRNRNRNRNRNRNRNRNRNRNRNRNRNRNRNRNR  Commodity NameCommodity NameRiceRiceWheatAtta (Wheat)Gram DalTur/Arhar DalUrad DalMoong DalMasoor DalSugarMilk @Groundnut Oil (Packed)Mustard Oil (Packed)Vanaspati (Packed)Soya Oil (Packed)Sunflower Oil (Packed)Palm Oil (Packed)GurTea LooseSalt Pack (Iodised)PotatoOnionTomatoBajra(whole)Jowar(whole)Maida(wheat)Ragi(whole)Suji(whole)BesanDesi GheeButter(Pasteurised)EggsBrinjalBlack Pepper(whole)Coriander(whole)Cummin Seed(whole)Red Chillies(whole)Turmeric(powder)BananaGIngerGarlic  Average Price1Average Price142.4 31.1237.1683.58121.52117.88110.6588.2346.359.51202.25190.22160.69161.24186.09146.8856.86263.321.9720.2524.3735.513844.0240.8855.344.9394.53687.8359.0978.5139.386.9238.4340.1428.916.2347.4627.7836.11  Maximum Price1Maximum Price163 5168125180180150137608327726025620024418713769841506012082866010310016090585108951261009060401005772  Minimum Price1Minimum Price129 232770978983704140164147123121136100351551098101525313133705184749185823291610231616  Modal Price1Modal Price140 283580120119110904560187203170154187132552503020254035404055409076960844090304030154022.540  Source:- State civil supplies Dept.Note:- All India Consumption Weighted Average Prices of Oils w.e.f 23-Feb-2022 and Wheat and Atta w.e.f 25-Feb-2023 NR -> Not Reported Unit for Black Pepper (powder),Coriander (powder),Cummin Seed (powder),Red Chillies (powder),Turmeric (powder),Butter (Pasteurised) - Rs/100gm Unit for Eggs - Rs/Dozen Developed by:- National Informatics Centre(NIC)",,,,,,,,,,,,,,,,,,,,,,,,,,,,,,,,,,,,,,,,,,,2026-05-31
"Source:- State civil supplies Dept.Note:- All India Consumption Weighted Average Prices of Oils w.e.f 23-Feb-2022 and Wheat and Atta w.e.f 25-Feb-2023 NR -> Not Reported Unit for Black Pepper (powder),Coriander (powder),Cummin Seed (powder),Red Chillies (powder),Turmeric (powder),Butter (Pasteurised) - Rs/100gm Unit for Eggs - Rs/Dozen Developed by:- National Informatics Centre(NIC)",,,,,,,,,,,,,,,,,,,,,,,,,,,,,,,,,,,,,,,,,,,2026-05-31
Source:- State civil supplies Dept.,Note:- All India Consumption Weighted Average Prices of Oils w.e.f 23-Feb-2022 and Wheat and Atta w.e.f 25-Feb-2023,NR -> Not Reported,,,,,,,,,,,,,,,,,,,,,,,,,,,,,,,,,,,,,,,,,2026-05-31
"Unit for Black Pepper (powder),Coriander (powder),Cummin Seed (powder),Red Chillies (powder),Turmeric (powder),Butter (Pasteurised) - Rs/100gm","Unit for Black Pepper (powder),Coriander (powder),Cummin Seed (powder),Red Chillies (powder),Turmeric (powder),Butter (Pasteurised) - Rs/100gm",,,,,,,,,,,,,,,,,,,,,,,,,,,,,,,,,,,,,,,,,,2026-05-31
,Unit for Eggs - Rs/Dozen,,,,,,,,,,,,,,,,,,,,,,,,,,,,,,,,,,,,,,,,,,2026-05-31
Developed by:- National Informatics Centre(NIC),Developed by:- National Informatics Centre(NIC),,,,,,,,,,,,,,,,,,,,,,,,,,,,,,,,,,,,,,,,,,2026-05-31
,,,,,,,,,,,,,,,,,,,,,,,,,,,,,,,,,,,,,,,,,,,2026-05-31
