State,Centre,Rice,Broken Rice,Wheat,Atta (Wheat),Gram Dal,Tur/Arhar Dal,Urad Dal,Moong Dal,Masoor Dal,Sugar,Milk @,Groundnut Oil (Packed),Mustard Oil (Packed),Vanaspati (Packed),Soya Oil (Packed),Sunflower Oil (Packed),Palm Oil (Packed),Gur,Tea Loose,Salt Pack (Iodised),Potato,Onion,Tomato,Bajra (whole),Jowar (whole),Maida (wheat),Ragi (whole),Suji (whole),Besan,Desi Ghee,Butter (Pasteurised),Eggs,Brinjal,Black Pepper (whole),Coriander (whole),Cummin Seed (whole),Red Chillies (whole),Turmeric (powder),Banana,Ginger,Garlic,Date
Unit,Qty,1 Kg,1 Kg,1 Kg,1 Kg,1 Kg,1 Kg,1 Kg,1 Kg,1 Kg,1 Kg,1 ltr,1 Kg,1 Kg,1 Kg,1 Kg,1 Kg,1 Kg,1 Kg,1 Kg,1 Kg,1 Kg,1 Kg,1 Kg,1 Kg,1 Kg,1 Kg,1 Kg,1 Kg,1 Kg,1 Kg,100 gm,Dozen,1 Kg,100 gm,250 gm,100 gm,100 gm,50 gm,1 Kg,100 gm,100 gm,2026-07-27
Average Price,Average Price,45.09,33.24,31.3,37.18,86.66,123.54,121.38,111.97,90.58,48.92,60.84,206.17,196.3,165.74,164.21,189.09,148.43,59.67,276.34,22.12,23.01,35.07,40.13,38.13,44.39,42.31,55.47,47.34,96.29,693.34,59.83,87,43.58,88.17,41.77,41.2,29.76,16.68,50.18,37.22,43.11,2026-07-27
Maximum Price,Maximum Price,73,60,54,71,140,180,180,150,143,60,90,310,264,256,209,244,205,143,698,34,62,67,120,80,85,72,113,100,160,930,85,120,177,150,100,95,60,40,107,100,100,2026-07-27
Minimum Price,Minimum Price,31,17,23,28,70,95,81,82,71,39,40,159,154,126,121,121,104,36,153,10,8,20,11,18,22,31,29,31,65,500,45,57,18,65,26,25,18,10,24,17,20,2026-07-27
Modal Price,Modal Price,40,30,28,35,85,120,120,110,90,50,60,220,200.5,176,170,192,143,60,300,25,20,40,40,40,40,40,55,40,90,714,60,90,40,90,40,35,30,15,50,30,40,2026-07-27
NORTH ZONE,NORTH ZONE,,,,,,,,,,,,,,,,,,,,,,,,,,,,,,,,,,,,,,,,,,2026-07-27
Chandigarh,Chandigarh,42,27,34,40,84,121,116,111,90,46,59,209,203,170,167,190,148,57,264,28,20,35,50,37,44,41,55,46,95,633,59,72,38,87,37,40,28,16,48,24,30,2026-07-27
Delhi,Delhi,45,35,34,35,90,120,130,120,90,47,59,224,205,188,195,220,169,60,234,28,22,47,50,33,39,40,60,41,95,684,58,72,57,93,37,31,30,14,57,63,63,2026-07-27
Haryana,Hisar,40,31,30,34,85,127,113,110,88,48,62,220,189,167,161,183,132,55,252,29,20,28,52,27,38,39,62,40,90,637,60,76,50,82,40,39,34,15,70,28,50,2026-07-27
Haryana,Karnal,40,NR,28,39,85,137,138,122,105,49,NR,241,197,177,146,188,146,60,220,30,20,40,40,40,40,40,58,53,92,NR,62,81,40,NR,47,NR,36,16,77,NR,NR,2026-07-27
Haryana,Panchkula,40,32,35,45,92,132,116,117,99,46,68,197,192,170,176,180,NR,57,217,NR,36,39,39,26,40,35,57,41,80,632,56,75,35,81,40,38,36,21,57,31,34,2026-07-27
Haryana,Gurgaon,NR,NR,NR,NR,NR,NR,NR,NR,NR,NR,NR,NR,NR,NR,NR,NR,NR,NR,NR,NR,NR,NR,NR,NR,NR,NR,NR,NR,NR,NR,NR,NR,NR,NR,NR,NR,NR,NR,NR,NR,NR,2026-07-27
Himachal Pradesh,Shimla,40,NR,NR,34,85,126,128,118,85,51,60,242,229,181,176,NR,NR,54,240,30,25,40,30,33,NR,40,NR,40,90,681,58,80,40,83,36,38,26,19,50,40,47,2026-07-27
Himachal Pradesh,Mandi,40,NR,NR,36,82,127,135,115,87,50,62,234,220,185,176,193,NR,54,260,32,24,40,43,34,NR,36,NR,38,95,682,58,90,41,87,46,31,32,16,58,49,46,2026-07-27
Himachal Pradesh,Dharamshala,35,NR,NR,28,84,129,126,119,87,48,44,NR,213,167,163,NR,NR,54,235,29,20,35,40,32,NR,35,NR,40,93,590,59,80,40,97,49,42,34,15,60,32,38,2026-07-27
Himachal Pradesh,Solan,39,NR,NR,34,78,124,126,114,87,49,55,223,220,176,162,179,NR,54,230,30,20,40,23,36,37,37,NR,37,91,644,59,86,50,91,43,35,34,17,60,50,43,2026-07-27
Himachal Pradesh,Una,41,40,NR,34,83,117,125,101,85,48,69,NR,197,186,181,NR,NR,52,265,29,16,37,36,34,NR,34,NR,35,98,692,59,94,31,95,44,34,29,15,55,58,50,2026-07-27
Himachal Pradesh,Bilaspur-hp,41,NR,NR,34,81,126,128,116,86,53,66,NR,188,187,177,NR,NR,56,200,31,20,40,40,33,60,37,62,37,82,742,58,96,43,87,47,31,33,13,54,60,47,2026-07-27
Himachal Pradesh,Chamba,37,45,NR,38,84,123,122,117,88,51,55,NR,197,180,177,NR,NR,56,235,30,22,45,39,49,59,39,60,40,89,644,60,88,41,88,48,35,36,18,55,48,52,2026-07-27
Himachal Pradesh,Hamirpur-HP,39,NR,NR,33,83,122,128,116,79,50,70,NR,221,183,170,NR,NR,53,265,29,23,35,40,33,48,36,NR,35,83,641,58,94,42,87,39,37,32,15,52,52,48,2026-07-27
Himachal Pradesh,Kullu,41,NR,NR,35,85,129,125,112,84,50,40,NR,230,181,184,NR,NR,57,220,30,28,40,37,NR,NR,35,NR,35,97,699,62,100,48,90,33,31,29,13,55,60,60,2026-07-27
Himachal Pradesh,Sirmour,40,NR,31,32,81,119,123,112,86,48,50,212,186,174,162,146,104,51,273,28,19,28,52,36,NR,35,NR,36,95,610,58,80,45,92,33,45,32,18,56,31,35,2026-07-27
Himachal Pradesh,Kinnaur,38,NR,NR,36,83,128,129,108,84,50,60,NR,229,178,147,NR,NR,50,260,30,30,46,58,NR,NR,38,NR,40,88,875,60,100,50,98,48,45,42,15,52,52,50,2026-07-27
Himachal Pradesh,Lahaul & Spiti,41,NR,NR,40,99,112,113,110,102,50,52,NR,197,175,NR,NR,NR,49,480,28,31,37,45,NR,NR,35,NR,36,78,600,58,91,40,80,35,35,27,15,57,31,34,2026-07-27
Jammu and Kashmir,Srinagar,43,25,41,45,93,146,125,123,100,55,55,NR,209,185,179,187,NR,60,320,30,30,32,38,NR,NR,60,NR,53,115,679,62,83,52,100,53,70,39,17,80,48,41,2026-07-27
Jammu and Kashmir,Jammu,50,37,31,36,84,112,117,118,91,51,55,NR,223,172,167,160,118,54,303,30,20,40,45,36,58,57,68,60,109,638,60,94,37,92,63,47,33,19,52,59,41,2026-07-27
Jammu and Kashmir,Poonch,52,42,35,47,114,180,125,121,122,55,75,NR,225,209,190,NR,NR,60,370,30,30,40,62,NR,NR,50,NR,57,121,705,60,84,50,84,48,30,31,15,75,41,52,2026-07-27
Jammu and Kashmir,Kupwara,46,NR,38,41,103,NR,130,127,119,60,53,NR,187,176,158,174,150,57,497,30,30,40,50,NR,NR,35,NR,51,117,664,62,73,53,79,39,51,32,14,107,33,40,2026-07-27
Jammu and Kashmir,Udhampur,NR,NR,NR,NR,NR,NR,NR,NR,NR,NR,NR,NR,NR,NR,NR,NR,NR,NR,NR,NR,NR,NR,NR,NR,NR,NR,NR,NR,NR,NR,NR,NR,NR,NR,NR,NR,NR,NR,NR,NR,NR,2026-07-27
Jammu and Kashmir,Shopian,40,NR,42,45,100,120,120,120,100,48,46,NR,201,179,171,NR,NR,50,355,29,30,37,40,NR,NR,48,NR,45,110,681,58,72,30,96,48,48,41,16,75,30,25,2026-07-27
Jammu and Kashmir,Samba,NR,NR,NR,NR,NR,NR,NR,NR,NR,NR,NR,NR,NR,NR,NR,NR,NR,NR,NR,NR,NR,NR,NR,NR,NR,NR,NR,NR,NR,NR,NR,NR,NR,NR,NR,NR,NR,NR,NR,NR,NR,2026-07-27
Jammu and Kashmir,Ramban,NR,NR,NR,NR,NR,NR,NR,NR,NR,NR,NR,NR,NR,NR,NR,NR,NR,NR,NR,NR,NR,NR,NR,NR,NR,NR,NR,NR,NR,NR,NR,NR,NR,NR,NR,NR,NR,NR,NR,NR,NR,2026-07-27
Jammu and Kashmir,Rajouri,NR,NR,NR,NR,NR,NR,NR,NR,NR,NR,NR,NR,NR,NR,NR,NR,NR,NR,NR,NR,NR,NR,NR,NR,NR,NR,NR,NR,NR,NR,NR,NR,NR,NR,NR,NR,NR,NR,NR,NR,NR,2026-07-27
Jammu and Kashmir,Kishtwar,NR,NR,NR,NR,NR,NR,NR,NR,NR,NR,NR,NR,NR,NR,NR,NR,NR,NR,NR,NR,NR,NR,NR,NR,NR,NR,NR,NR,NR,NR,NR,NR,NR,NR,NR,NR,NR,NR,NR,NR,NR,2026-07-27
Jammu and Kashmir,Doda,NR,NR,NR,NR,NR,NR,NR,NR,NR,NR,NR,NR,NR,NR,NR,NR,NR,NR,NR,NR,NR,NR,NR,NR,NR,NR,NR,NR,NR,NR,NR,NR,NR,NR,NR,NR,NR,NR,NR,NR,NR,2026-07-27
Jammu and Kashmir,Baramulla,NR,NR,NR,NR,NR,NR,NR,NR,NR,NR,NR,NR,NR,NR,NR,NR,NR,NR,NR,NR,NR,NR,NR,NR,NR,NR,NR,NR,NR,NR,NR,NR,NR,NR,NR,NR,NR,NR,NR,NR,NR,2026-07-27
Jammu and Kashmir,Reasi,NR,NR,NR,NR,NR,NR,NR,NR,NR,NR,NR,NR,NR,NR,NR,NR,NR,NR,NR,NR,NR,NR,NR,NR,NR,NR,NR,NR,NR,NR,NR,NR,NR,NR,NR,NR,NR,NR,NR,NR,NR,2026-07-27
Jammu and Kashmir,Kathua,NR,NR,NR,NR,NR,NR,NR,NR,NR,NR,NR,NR,NR,NR,NR,NR,NR,NR,NR,NR,NR,NR,NR,NR,NR,NR,NR,NR,NR,NR,NR,NR,NR,NR,NR,NR,NR,NR,NR,NR,NR,2026-07-27
Punjab,Amritsar,40,33,28,32,82,137,135,112,90,50,59,238,203,176,158,192,NR,62,273,29,20,37,38,37,38,40,61,40,90,692,60,85,43,95,44,30,29,12,52,50,52,2026-07-27
Punjab,Ludhiana,43,35,28,36,83,135,130,118,103,47,62,240,205,178,167,200,NR,57,285,29,18,42,40,34,48,39,62,49,92,604,52,80,48,92,50,42,25,19,47,47,45,2026-07-27
Punjab,Bathinda,40,32,28,32,82,135,135,113,90,50,58,242,203,174,154,196,142,63,273,29,17,38,38,32,40,38,62,38,95,683,60,86,37,95,47,31,29,13,52,55,52,2026-07-27
Punjab,Barnala,40,37,27,31,85,137,122,103,97,50,65,238,187,176,146,185,121,55,280,30,20,37,50,30,38,40,NR,45,92,692,58,80,43,90,57,40,30,15,53,37,47,2026-07-27
Punjab,Hoshiarpur,36,33,28,37,79,119,111,112,99,51,71,212,190,168,142,143,126,59,271,25,17,46,44,35,31,44,65,48,87,623,55,79,33,99,49,45,34,15,62,54,39,2026-07-27
Punjab,Faridkot,41,36,30,33,85,133,136,116,95,51,67,236,183,177,151,199,134,60,283,30,19,39,42,31,50,40,70,40,83,661,58,85,45,89,52,32,29,14,60,53,48,2026-07-27
Punjab,Mansa,40,37,27,33,87,133,130,118,92,48,62,NR,192,174,156,NR,133,63,278,29,18,37,42,40,40,39,62,38,92,659,58,82,40,92,42,35,30,16,47,58,53,2026-07-27
Punjab,Sri Muktsar Sahib,41,40,28,33,83,130,140,117,90,50,66,218,183,170,145,176,124,58,290,29,20,42,40,29,48,39,68,39,88,630,57,72,40,90,48,34,26,14,60,50,43,2026-07-27
Punjab,Dera Bassi,40,36,27,33,85,133,135,117,90,46,61,NR,187,176,158,NR,NR,59,268,29,15,33,40,39,41,38,62,40,90,681,60,73,37,95,41,35,32,16,45,42,50,2026-07-27
Punjab,Sangrur,40,27,28,32,86,130,131,105,88,52,60,246,195,195,190,195,175,58,263,30,17,35,30,35,45,40,67,40,94,710,60,78,30,90,55,45,30,15,48,60,40,2026-07-27
Punjab,Ropar,40,36,27,33,87,133,135,117,92,49,61,238,191,176,159,NR,141,61,277,29,18,37,37,37,42,39,58,39,92,678,60,83,40,93,43,36,31,15,47,57,52,2026-07-27
Punjab,Amargarh,40,27,28,32,85,130,130,107,85,52,60,245,193,193,193,195,181,58,250,29,15,38,35,35,45,40,NR,40,90,710,60,72,35,95,60,50,30,15,40,60,45,2026-07-27
Punjab,Fatehgarh Sahib,46,32,29,35,95,135,115,115,116,47,60,256,183,187,178,194,117,57,293,30,15,35,40,28,45,32,65,40,93,604,58,78,45,95,45,48,38,19,50,23,32,2026-07-27
Punjab,Ferozepur,50,40,32,36,90,130,130,115,96,58,70,240,198,176,154,200,143,70,400,32,20,40,35,40,50,40,62,40,95,769,70,72,30,100,65,39,30,17,60,65,60,2026-07-27
Punjab,Kapurthala,NR,NR,NR,NR,NR,NR,NR,NR,NR,NR,NR,NR,NR,NR,NR,NR,NR,NR,NR,NR,NR,NR,NR,NR,NR,NR,NR,NR,NR,NR,NR,NR,NR,NR,NR,NR,NR,NR,NR,NR,NR,2026-07-27
Uttar Pradesh,Lucknow,41,30,30,35,76,115,120,95,76,48,60,205,196,165,176,181,154,60,250,20,20,35,37,30,37,36,55,36,90,615,60,86,40,88,39,40,27,15,50,40,45,2026-07-27
Uttar Pradesh,Kanpur,40,22,26,32,85,120,115,100,88,42,60,187,198,154,148,158,135,56,234,26,21,35,40,35,40,41,NR,35,81,580,55,75,21,100,31,40,33,19,50,34,34,2026-07-27
Uttar Pradesh,Varanasi,43,31,28,37,84,121,123,107,84,48,68,214,193,178,181,202,178,63,232,21,21,37,32,37,57,38,NR,40,107,735,64,79,42,84,34,35,28,20,55,45,37,2026-07-27
Uttar Pradesh,Agra,45,33,30,34,77,114,98,90,74,49,70,223,202,175,186,208,187,57,251,27,24,40,41,18,38,41,NR,42,98,800,62,85,32,80,47,30,31,15,40,57,63,2026-07-27
Uttar Pradesh,Jhansi,53,33,29,35,80,130,127,112,88,51,65,213,179,172,156,201,132,58,230,21,22,37,43,33,38,40,65,45,97,666,58,78,38,87,40,40,30,15,42,37,47,2026-07-27
Uttar Pradesh,Meerut,39,29,29,37,86,117,116,84,82,48,67,173,163,161,166,171,167,50,282,19,17,24,31,37,36,36,63,37,95,641,59,92,37,86,35,35,31,15,56,45,45,2026-07-27
Uttar Pradesh,Allahabad,51,24,27,35,92,120,132,133,95,47,56,220,204,167,165,202,145,43,332,30,21,28,39,34,36,38,45,43,98,676,63,70,37,84,33,41,29,17,50,47,53,2026-07-27
Uttar Pradesh,Gorakhpur,40,23,28,36,80,115,116,110,84,45,55,195,187,159,152,169,123,55,225,22,18,32,48,36,34,34,52,36,92,599,56,80,37,78,33,38,24,16,55,26,32,2026-07-27
Uttar Pradesh,Saharanpur,40,28,26,30,82,116,113,108,88,48,58,NR,175,155,154,172,139,52,242,21,15,32,35,32,NR,38,NR,39,91,584,60,80,37,83,33,37,25,12,49,47,44,2026-07-27
Uttar Pradesh,Bareilly,38,25,26,34,90,118,132,108,102,49,72,212,190,174,176,189,165,52,295,27,14,27,37,25,41,35,58,37,89,703,60,80,24,79,46,31,30,17,50,31,34,2026-07-27
Uttar Pradesh,Ayodhya,40,35,25,38,90,115,125,120,90,45,60,198,198,187,176,174,143,60,240,24,20,40,60,45,45,45,60,42,100,835,60,72,50,90,40,45,30,20,60,20,35,2026-07-27
Uttar Pradesh,Moradabad,39,26,25,32,81,116,114,107,86,43,58,193,166,143,155,154,141,53,236,21,15,34,46,34,39,36,53,37,89,676,56,75,32,84,34,38,26,18,49,30,36,2026-07-27
Uttar Pradesh,Aligarh,40,31,28,34,82,118,115,106,84,44,56,200,188,158,156,184,143,53,247,20,17,27,37,34,41,38,50,42,91,613,55,78,37,85,35,39,25,15,45,31,38,2026-07-27
Uttar Pradesh,Mirzapur (Vindhyanchal),34,25,25,33,83,115,110,104,83,45,50,184,175,149,137,148,113,51,219,22,19,29,37,30,40,36,50,40,93,674,62,83,34,82,30,38,25,15,45,39,40,2026-07-27
Uttar Pradesh,Banda,37,25,25,30,75,107,111,103,74,48,55,224,178,168,145,182,119,58,158,19,13,47,38,37,55,34,68,39,79,582,60,80,30,88,30,33,29,21,53,58,48,2026-07-27
Uttar Pradesh,Azamgarh,NR,NR,NR,NR,NR,NR,NR,NR,NR,NR,NR,NR,NR,NR,NR,NR,NR,NR,NR,NR,NR,NR,NR,NR,NR,NR,NR,NR,NR,NR,NR,NR,NR,NR,NR,NR,NR,NR,NR,NR,NR,2026-07-27
Uttar Pradesh,Gonda (Devipatan),39,25,25,37,85,118,128,117,88,48,55,211,200,163,168,172,128,53,257,20,15,32,37,39,37,38,62,49,100,622,58,85,42,85,34,40,25,20,48,35,37,2026-07-27
Uttar Pradesh,Amethi,39,29,26,35,85,118,118,118,97,45,60,220,199,185,183,192,142,55,222,22,15,NR,36,34,39,36,44,39,98,644,58,80,31,85,34,44,30,16,45,21,38,2026-07-27
Uttar Pradesh,Barabanki,43,29,26,35,77,115,118,111,78,48,60,200,182,168,167,175,130,59,225,22,20,32,48,31,42,37,45,36,98,612,59,105,32,85,31,42,30,15,46,25,30,2026-07-27
Uttar Pradesh,Bhadohi,35,22,27,35,80,115,112,117,82,47,68,212,192,179,152,178,124,70,215,22,14,30,40,33,39,37,49,40,79,674,62,72,30,90,36,39,30,16,60,20,35,2026-07-27
Uttar Pradesh,Chandauli,31,23,26,33,79,120,124,120,80,49,55,214,198,181,136,192,123,65,247,19,12,35,30,32,52,34,60,39,80,634,56,100,40,81,34,38,27,16,50,45,45,2026-07-27
Uttar Pradesh,Farrukhabad,45,30,26,30,83,110,120,110,90,48,66,225,209,162,158,220,126,50,187,19,11,25,45,24,NR,35,NR,40,90,659,61,82,35,80,34,35,26,16,43,35,35,2026-07-27
Uttar Pradesh,Ghazipur,42,30,28,36,85,125,120,112,93,48,64,201,190,156,155,185,144,61,273,21,17,37,43,36,39,43,56,49,98,703,61,87,39,88,43,40,29,19,49,40,43,2026-07-27
Uttar Pradesh,Jaunpur,45,34,28,35,85,117,117,115,86,45,62,212,199,175,164,186,125,59,269,22,18,35,41,37,45,39,55,39,89,709,57,86,32,89,39,39,29,17,48,39,48,2026-07-27
Uttar Pradesh,UP-Pratapgarh,41,24,30,34,81,114,112,114,89,47,51,213,198,167,164,170,128,59,253,20,14,34,39,35,31,39,46,39,99,548,58,74,31,89,35,33,27,16,39,33,43,2026-07-27
Uttar Pradesh,Sambhal,41,23,26,31,86,106,105,100,90,49,57,197,179,154,141,156,143,55,258,19,20,30,30,27,NR,38,NR,38,95,659,59,78,26,84,45,43,29,16,38,39,33,2026-07-27
Uttar Pradesh,Santkabir Nagar,44,39,24,35,82,108,103,102,77,45,67,200,207,142,146,178,123,49,265,30,17,31,44,29,30,37,83,46,98,734,61,96,38,100,30,52,29,20,48,48,47,2026-07-27
Uttar Pradesh,Shahjahanpur,32,19,26,32,80,116,106,109,97,44,56,182,177,147,136,159,128,43,222,20,12,23,45,26,32,34,52,37,87,553,55,89,24,87,30,34,24,11,43,23,34,2026-07-27
Uttar Pradesh,Sitapur,38,27,28,32,81,112,110,105,83,44,59,191,171,148,143,155,132,53,230,18,20,25,41,30,33,36,54,40,91,630,59,73,34,80,35,40,29,15,50,27,34,2026-07-27
Uttar Pradesh,Sultanpur,41,29,31,32,85,119,116,110,87,45,56,199,184,160,159,179,143,55,262,20,18,24,31,35,41,38,51,44,92,639,56,77,35,85,36,37,26,15,45,28,35,2026-07-27
Uttar Pradesh,Unnao,42,32,28,31,85,123,118,112,88,45,60,201,190,163,163,183,146,58,257,21,18,32,33,37,42,38,52,43,92,586,59,81,38,88,38,38,28,16,48,33,38,2026-07-27
Uttar Pradesh,Ambedkar Nagar,37,25,26,36,77,120,128,129,88,46,61,221,210,161,161,161,138,65,200,28,16,35,46,38,38,36,76,41,88,716,63,78,40,80,36,40,32,20,65,35,42,2026-07-27
Uttar Pradesh,Amroha,NR,NR,NR,NR,NR,NR,NR,NR,NR,NR,NR,NR,NR,NR,NR,NR,NR,NR,NR,NR,NR,NR,NR,NR,NR,NR,NR,NR,NR,NR,NR,NR,NR,NR,NR,NR,NR,NR,NR,NR,NR,2026-07-27
Uttar Pradesh,Baghpat,43,37,NR,31,83,130,127,118,95,46,70,196,179,163,159,163,130,57,210,28,16,25,40,34,50,35,67,40,95,604,60,88,40,83,33,35,25,12,38,24,45,2026-07-27
Uttar Pradesh,Bijnor,45,25,28,35,75,100,110,95,80,45,60,220,198,165,181,198,154,55,280,20,15,30,40,30,40,40,50,40,100,604,55,84,35,88,40,35,30,15,40,40,35,2026-07-27
Uttar Pradesh,Budaun,36,17,25,30,84,112,103,99,93,44,64,212,179,179,165,181,126,53,280,21,12,32,35,25,46,38,65,37,93,613,59,70,30,90,30,39,25,11,42,25,25,2026-07-27
Uttar Pradesh,Etah,44,33,27,35,82,118,108,110,90,45,59,207,182,156,156,168,113,54,270,22,19,32,43,28,NR,37,NR,39,90,677,60,72,33,93,32,40,32,18,42,27,40,2026-07-27
Uttar Pradesh,Fatehpur,42,19,27,34,87,112,112,103,87,47,61,195,189,149,140,153,114,54,228,22,17,32,37,22,32,35,40,33,97,610,61,78,36,85,37,43,24,18,43,33,37,2026-07-27
Uttar Pradesh,Ghaziabad,41,31,30,34,78,117,114,108,91,47,58,216,194,170,160,187,136,56,206,21,19,38,32,34,42,38,55,45,97,606,60,92,39,84,42,40,29,14,44,43,38,2026-07-27
Uttar Pradesh,Hardoi,43,31,27,34,85,122,116,110,88,46,58,207,185,160,158,180,135,56,239,20,15,30,32,35,37,38,55,45,95,625,58,83,37,87,38,40,29,16,45,35,42,2026-07-27
Uttar Pradesh,Jalaun,46,25,28,35,84,118,103,102,89,47,58,183,173,152,130,163,115,58,223,20,15,35,37,35,41,40,NR,43,95,573,60,81,40,90,38,42,29,19,47,37,42,2026-07-27
Uttar Pradesh,Kaushambi,43,26,25,37,85,118,129,108,87,46,57,206,194,174,162,184,128,53,238,21,20,33,38,31,35,40,54,35,88,610,56,77,37,82,39,37,27,16,42,29,35,2026-07-27
Uttar Pradesh,Kushinagar,35,28,26,37,82,112,114,118,82,48,68,186,195,157,166,156,135,65,221,27,14,28,49,39,41,38,45,40,96,615,61,61,28,88,39,38,29,13,47,36,29,2026-07-27
Uttar Pradesh,Lakhimpur Kheri,38,26,28,35,84,117,106,103,85,46,59,188,183,138,145,164,112,61,228,20,17,31,52,31,35,36,60,36,92,665,58,74,30,79,35,44,32,18,45,23,44,2026-07-27
Uttar Pradesh,Pilibhit,42,35,28,32,85,115,115,115,95,47,66,207,200,174,162,192,137,52,229,20,19,33,45,32,45,38,65,38,95,692,60,94,30,85,42,42,32,15,45,48,38,2026-07-27
Uttar Pradesh,Sharwasti,40,24,27,40,80,120,115,120,80,50,60,189,220,170,176,NR,124,60,218,28,10,38,40,NR,NR,40,NR,40,98,582,60,83,20,88,40,40,20,15,33,33,40,2026-07-27
Uttar Pradesh,Siddharth Nagar,41,30,28,35,83,119,130,117,82,48,64,209,199,168,155,159,126,55,228,22,17,33,42,40,45,35,62,34,80,623,59,80,33,70,37,33,25,20,40,38,43,2026-07-27
Uttar Pradesh,Sonbhadra,NR,NR,NR,NR,NR,NR,NR,NR,NR,NR,NR,NR,NR,NR,NR,NR,NR,NR,NR,NR,NR,NR,NR,NR,NR,NR,NR,NR,NR,NR,NR,NR,NR,NR,NR,NR,NR,NR,NR,NR,NR,2026-07-27
Uttar Pradesh,Rampur,54,28,28,30,79,105,116,106,102,47,61,193,192,151,157,159,137,55,266,24,18,33,27,33,45,36,NR,36,97,637,65,87,34,94,36,37,29,14,54,40,35,2026-07-27
Uttar Pradesh,Bahraich,35,26,25,31,89,128,120,114,90,42,55,194,196,157,154,161,124,44,250,25,21,36,37,36,34,34,65,34,106,646,56,80,22,73,27,36,23,19,53,21,37,2026-07-27
Uttar Pradesh,Basti,40,27,29,32,79,113,125,113,77,47,56,197,187,154,152,147,123,55,244,22,17,34,43,43,53,34,53,33,94,590,56,85,39,82,36,41,27,20,39,33,39,2026-07-27
Uttar Pradesh,Etawah,43,NR,27,32,86,121,115,110,88,47,62,200,191,166,156,NR,137,58,264,20,15,27,39,33,NR,40,55,44,95,659,60,84,39,85,39,41,28,16,50,29,37,2026-07-27
Uttar Pradesh,Muzzafarnagar,40,29,26,31,84,120,116,108,89,50,58,185,176,156,156,178,142,53,245,20,14,35,40,35,40,36,NR,36,90,525,58,73,35,80,34,35,25,11,45,52,45,2026-07-27
Uttar Pradesh,Chitrakoot,40,24,25,34,81,102,100,93,80,46,50,181,203,163,164,179,138,55,220,15,20,35,40,25,26,40,59,48,89,637,58,105,40,80,38,40,21,15,45,35,52,2026-07-27
Uttar Pradesh,Hamirpur-UP,43,25,27,35,87,115,115,108,85,50,70,190,191,158,175,185,137,58,209,18,20,30,50,NR,NR,40,NR,40,96,637,60,86,30,89,42,48,30,17,50,35,40,2026-07-27
Uttar Pradesh,Deoria,35,22,26,28,92,119,112,100,98,45,61,227,195,143,132,224,120,54,227,20,17,31,47,38,40,36,43,35,95,593,59,64,48,79,29,39,27,18,35,31,32,2026-07-27
Uttar Pradesh,Hapur,36,24,28,36,76,138,133,124,119,49,62,206,201,168,178,185,163,63,218,26,16,40,55,42,41,40,47,40,100,736,63,88,34,96,45,46,32,12,67,37,38,2026-07-27
Uttar Pradesh,Bulandshahr,42,36,27,32,93,103,113,107,83,45,70,NR,186,160,172,158,156,49,222,19,20,30,37,35,43,36,56,36,99,597,56,89,30,87,30,47,27,15,32,50,41,2026-07-27
Uttar Pradesh,Kanpur Dehat,37,23,26,31,79,100,112,93,86,45,64,200,189,150,149,168,124,49,218,19,19,38,38,31,36,35,48,35,85,597,58,76,32,71,32,32,24,15,38,37,38,2026-07-27
Uttar Pradesh,Hathras,39,31,28,32,83,117,114,106,84,43,61,210,194,168,165,189,146,52,248,20,16,25,37,25,30,34,NR,39,105,698,63,73,40,87,37,40,30,13,38,33,37,2026-07-27
Uttar Pradesh,Raebareli,41,27,27,31,84,117,117,109,86,47,59,196,186,163,163,180,146,59,219,19,19,32,36,37,42,41,54,43,94,689,59,85,35,86,39,39,28,16,47,35,41,2026-07-27
Uttar Pradesh,Lalitpur,36,23,28,31,75,109,110,105,84,45,60,177,169,146,143,174,118,50,235,20,15,30,30,30,40,32,59,34,90,578,56,80,25,85,30,40,24,18,40,30,40,2026-07-27
Uttar Pradesh,Mohaba,37,25,23,30,79,108,100,97,83,48,62,176,176,150,154,184,120,36,183,22,20,33,36,27,35,35,48,35,97,596,54,72,22,83,33,39,28,16,36,32,38,2026-07-27
Uttar Pradesh,Gautam Budh Nagar,38,27,29,36,83,124,118,112,92,48,59,223,186,169,152,179,130,59,222,18,13,32,38,31,36,39,59,39,92,643,59,96,32,81,36,39,32,16,39,48,38,2026-07-27
Uttar Pradesh,Auraiya,38,27,27,36,77,121,120,112,91,48,57,190,175,158,163,166,132,59,217,24,22,39,31,28,41,41,53,39,103,669,53,83,36,84,35,39,21,18,44,37,48,2026-07-27
Uttar Pradesh,Maharajganj,37,25,28,32,81,115,118,109,80,45,58,192,191,151,154,164,126,52,213,22,17,31,40,37,44,35,51,36,91,599,58,79,37,80,34,40,30,17,38,31,30,2026-07-27
Uttar Pradesh,Balrampur,36,29,27,33,82,117,117,113,83,49,53,178,200,152,154,200,128,58,205,15,14,35,50,35,47,36,NR,39,92,677,57,92,48,88,47,39,29,14,40,47,35,2026-07-27
Uttar Pradesh,Kannauj,40,26,28,32,83,118,114,109,87,46,61,199,187,158,155,175,134,55,239,21,15,29,37,32,39,38,53,39,94,637,56,74,27,84,34,42,27,16,43,33,32,2026-07-27
Uttar Pradesh,Mathura,32,27,27,33,88,119,128,118,96,45,66,229,173,141,139,156,122,44,263,27,19,41,39,34,43,40,47,40,99,632,58,83,37,89,48,39,34,15,43,42,53,2026-07-27
Uttar Pradesh,Firozabad,43,30,30,34,83,118,118,107,88,46,60,218,205,178,172,201,156,53,267,20,21,32,37,36,40,37,53,42,93,635,59,78,37,80,33,35,27,15,47,37,38,2026-07-27
Uttar Pradesh,Kasganj,45,33,27,35,87,122,112,113,93,45,59,222,200,174,178,203,159,55,248,21,20,30,42,22,NR,40,NR,42,98,617,56,75,37,85,39,47,29,13,38,35,42,2026-07-27
Uttar Pradesh,Mainpuri,38,30,28,32,88,132,120,113,88,45,65,220,211,171,189,189,155,51,260,24,17,23,29,24,22,39,40,38,105,700,55,70,35,85,47,43,25,21,36,20,26,2026-07-27
Uttar Pradesh,Shamli,40,26,25,30,80,115,113,108,88,46,50,189,181,156,146,159,128,54,227,15,16,30,38,27,40,38,58,39,90,541,60,80,33,88,39,38,27,13,47,45,40,2026-07-27
Uttar Pradesh,Ballia,41,22,27,31,84,119,116,111,92,46,58,203,186,153,154,166,130,51,249,19,17,37,44,28,43,37,54,38,95,625,55,77,34,85,36,37,28,17,51,48,52,2026-07-27
Uttar Pradesh,Mau,39,22,25,34,83,115,112,108,87,46,55,191,177,149,148,150,120,63,225,22,16,30,46,NR,NR,35,NR,36,91,644,55,77,39,89,31,40,30,15,48,41,38,2026-07-27
Uttarakhand,Dehradun,NR,NR,NR,NR,NR,NR,NR,NR,NR,NR,NR,NR,NR,NR,NR,NR,NR,NR,NR,NR,NR,NR,NR,NR,NR,NR,NR,NR,NR,NR,NR,NR,NR,NR,NR,NR,NR,NR,NR,NR,NR,2026-07-27
Uttarakhand,Haldwani,47,49,31,35,95,141,128,131,91,52,62,232,210,156,190,NR,168,64,272,32,26,33,27,49,42,41,45,42,95,700,60,99,29,100,40,45,33,18,54,49,41,2026-07-27
Uttarakhand,Rudrapur,45,37,35,41,93,158,143,137,98,50,64,203,209,185,178,181,162,65,233,30,31,40,49,35,38,42,66,42,97,746,64,89,41,95,34,42,32,18,54,31,34,2026-07-27
Uttarakhand,Haridwar,44,31,31,39,92,141,124,117,90,46,63,225,206,165,160,177,NR,64,290,28,17,32,50,41,NR,41,49,43,99,651,58,76,45,94,44,42,33,17,61,21,35,2026-07-27
WEST ZONE,WEST ZONE,,,,,,,,,,,,,,,,,,,,,,,,,,,,,,,,,,,,,,,,,,2026-07-27
Chhattisgarh,Raipur,35,28,31,36,82,115,112,109,83,48,61,198,229,144,176,186,156,56,216,20,21,36,20,33,28,40,45,50,87,705,56,95,41,84,43,37,29,14,32,50,45,2026-07-27
Chhattisgarh,Durg,NR,NR,NR,NR,NR,NR,NR,NR,NR,NR,NR,NR,NR,NR,NR,NR,NR,NR,NR,NR,NR,NR,NR,NR,NR,NR,NR,NR,NR,NR,NR,NR,NR,NR,NR,NR,NR,NR,NR,NR,NR,2026-07-27
Chhattisgarh,Ambikapur,35,35,30,35,93,118,112,103,95,40,41,172,161,174,159,165,NR,48,255,15,20,35,40,NR,NR,40,NR,32,70,598,52,90,30,78,30,60,33,15,47,20,25,2026-07-27
Chhattisgarh,Bilaspur-CG,52,52,34,40,88,110,103,105,85,43,58,198,170,151,167,169,173,52,225,26,27,25,35,36,37,42,50,41,90,679,57,80,47,90,26,66,25,15,58,34,51,2026-07-27
Chhattisgarh,Jagdalpur,36,24,36,38,72,122,81,109,96,47,47,NR,219,146,142,180,NR,46,193,17,25,31,40,38,38,40,42,43,86,870,53,78,21,81,50,47,39,18,47,18,20,2026-07-27
Chhattisgarh,Dantewada,NR,NR,NR,NR,NR,NR,NR,NR,NR,NR,NR,NR,NR,NR,NR,NR,NR,NR,NR,NR,NR,NR,NR,NR,NR,NR,NR,NR,NR,NR,NR,NR,NR,NR,NR,NR,NR,NR,NR,NR,NR,2026-07-27
Chhattisgarh,Dhamtari,37,29,33,44,88,128,112,105,93,45,55,220,203,139,203,189,128,57,212,26,22,28,43,52,47,44,52,48,127,723,62,88,43,90,38,32,25,17,45,47,60,2026-07-27
Chhattisgarh,Rajnandgaon,43,33,30,36,85,122,118,111,89,46,60,219,210,178,177,204,160,58,270,22,20,25,40,30,30,38,50,38,96,680,60,70,27,79,44,42,28,16,50,24,35,2026-07-27
Chhattisgarh,Koriya,39,NR,35,39,81,108,97,102,81,45,75,205,163,153,151,168,NR,47,195,25,20,40,40,35,34,46,NR,58,82,693,58,88,40,78,27,38,28,17,48,NR,NR,2026-07-27
DNH and DD,Silvasa,56,50,45,40,91,138,138,128,97,45,69,215,208,181,175,183,130,65,227,29,20,30,65,44,54,59,56,65,107,655,58,84,43,150,75,45,35,22,39,50,50,2026-07-27
DNH and DD,Daman,61,50,39,39,87,110,131,110,94,45,70,211,198,NR,167,193,121,58,212,29,20,40,70,40,42,62,57,59,100,663,58,90,60,113,60,40,40,24,40,50,60,2026-07-27
DNH and DD,Diu,49,41,40,50,90,145,147,130,107,50,68,227,234,NR,200,211,157,64,420,32,26,35,43,39,63,56,83,65,108,714,62,99,32,123,53,36,40,21,52,49,35,2026-07-27
Goa,Panaji,58,43,48,47,103,132,135,135,103,51,65,222,200,203,167,172,145,63,315,28,35,37,42,39,62,48,53,49,112,824,58,97,65,83,47,43,25,16,42,62,67,2026-07-27
Goa,Margao,55,43,48,51,92,132,130,127,95,51,66,244,236,223,190,202,175,62,350,27,32,40,38,42,60,47,58,48,122,824,60,102,55,97,43,50,27,17,43,58,63,2026-07-27
Gujarat,Ahmedabad,39,32,41,41,98,121,122,104,98,47,68,197,204,172,191,201,179,59,211,23,42,41,54,39,43,45,66,46,91,662,58,69,38,78,32,36,37,22,45,27,26,2026-07-27
Gujarat,Rajkot,34,27,31,40,86,110,102,100,95,46,68,192,198,151,170,189,165,60,205,18,20,32,40,35,43,39,68,44,91,626,57,63,35,80,32,34,39,15,43,28,28,2026-07-27
Gujarat,Surat,33,31,32,38,85,111,111,104,101,45,69,201,201,163,192,205,177,51,209,19,30,45,49,39,39,39,62,45,96,704,54,68,70,76,31,35,37,15,34,30,25,2026-07-27
Gujarat,Bhuj,38,27,30,37,88,108,109,99,93,39,63,184,182,146,170,184,159,58,202,16,29,32,45,34,35,38,68,38,93,617,53,68,36,74,28,34,37,16,40,27,27,2026-07-27
Gujarat,Selamba,36,27,35,39,91,120,117,110,90,46,64,192,190,153,170,186,158,60,210,19,25,30,47,40,41,41,67,41,91,636,55,84,50,79,31,32,35,17,42,40,35,2026-07-27
Gujarat,Waghai,38,34,37,42,93,120,118,102,98,45,68,200,187,152,156,183,147,59,209,20,31,35,45,35,36,40,60,44,96,631,58,70,40,75,30,34,26,17,41,30,28,2026-07-27
Gujarat,Bodeli,NR,NR,NR,NR,NR,NR,NR,NR,NR,NR,NR,NR,NR,NR,NR,NR,NR,NR,NR,NR,NR,NR,NR,NR,NR,NR,NR,NR,NR,NR,NR,NR,NR,NR,NR,NR,NR,NR,NR,NR,NR,2026-07-27
Gujarat,Vapi,32,24,32,34,90,114,114,101,94,44,66,187,169,138,145,169,145,56,205,18,28,28,38,38,46,40,66,36,96,692,56,68,38,78,31,32,32,15,38,28,30,2026-07-27
Gujarat,Bilimora,38,34,38,38,101,104,120,108,109,50,69,210,194,177,189,194,183,51,221,21,28,38,39,39,39,40,62,45,99,641,54,69,36,76,31,35,33,18,33,28,24,2026-07-27
Gujarat,Idar,36,26,35,37,91,118,125,100,90,45,73,211,190,154,167,183,148,63,236,18,30,33,47,35,41,37,67,49,100,725,62,69,28,99,40,30,39,17,67,33,48,2026-07-27
Gujarat,Jhalod,36,28,36,37,94,115,120,99,100,51,65,192,188,155,161,167,156,62,205,22,29,30,29,40,36,40,69,46,92,669,55,74,43,74,28,33,37,18,40,21,22,2026-07-27
Gujarat,Songash,42,30,31,36,84,121,120,110,88,48,60,204,195,166,166,189,154,58,249,21,21,35,40,36,43,40,54,44,95,715,56,84,40,81,35,36,29,16,47,36,40,2026-07-27
Madhya Pradesh,Bhopal,NR,NR,NR,NR,NR,NR,NR,NR,NR,NR,NR,NR,NR,NR,NR,NR,NR,NR,NR,NR,NR,NR,NR,NR,NR,NR,NR,NR,NR,NR,NR,NR,NR,NR,NR,NR,NR,NR,NR,NR,NR,2026-07-27
Madhya Pradesh,Indore,41,34,28,35,86,117,118,110,81,48,64,181,175,164,170,154,147,61,265,15,20,30,40,37,37,40,NR,40,85,645,59,89,38,83,35,33,25,15,33,47,40,2026-07-27
Madhya Pradesh,Gwalior,45,40,30,34,80,121,122,110,90,45,63,212,176,172,160,184,NR,50,222,12,18,22,38,28,30,40,65,40,88,652,60,71,29,84,35,35,26,15,40,22,35,2026-07-27
Madhya Pradesh,Jabalpur,NR,NR,NR,NR,NR,NR,NR,NR,NR,NR,NR,NR,NR,NR,NR,NR,NR,NR,NR,NR,NR,NR,NR,NR,NR,NR,NR,NR,NR,NR,NR,NR,NR,NR,NR,NR,NR,NR,NR,NR,NR,2026-07-27
Madhya Pradesh,Rewa,35,28,28,35,76,106,95,94,78,45,55,177,154,148,146,148,NR,55,237,18,16,23,38,NR,NR,35,NR,37,85,655,57,76,25,90,28,45,30,13,45,20,35,2026-07-27
Madhya Pradesh,Sagar,38,34,27,29,79,118,129,98,86,50,60,201,186,142,167,190,162,59,265,17,18,28,28,43,53,40,60,40,85,676,60,97,30,83,48,30,29,15,40,47,35,2026-07-27
Madhya Pradesh,Jhabua,41,30,29,36,85,132,114,107,90,50,65,209,203,195,176,192,NR,60,291,15,28,33,50,31,35,41,62,41,91,714,61,98,28,91,48,39,30,20,42,38,40,2026-07-27
Madhya Pradesh,Hoshangabad,45,30,28,36,82,120,117,103,92,50,56,212,156,140,152,164,131,53,217,11,20,32,38,42,47,41,50,42,93,656,60,88,49,92,31,40,19,20,51,24,30,2026-07-27
Madhya Pradesh,Shahdol,35,30,29,35,86,115,112,110,83,44,60,203,186,142,153,181,NR,52,210,18,20,20,40,37,33,35,50,40,95,604,58,70,30,90,30,40,27,18,35,30,25,2026-07-27
Madhya Pradesh,Ujjain,40,39,34,39,94,126,118,103,101,45,62,168,207,182,149,191,NR,51,259,18,20,20,40,35,38,43,63,44,96,724,63,65,27,97,45,37,30,15,39,41,46,2026-07-27
Madhya Pradesh,Morena,41,31,26,31,93,120,112,107,102,46,67,200,185,156,156,159,115,55,240,14,10,20,50,29,NR,38,NR,39,98,608,61,83,22,81,36,31,28,14,32,20,40,2026-07-27
Madhya Pradesh,Anuppur,36,26,26,35,80,115,120,110,90,49,60,214,203,137,176,176,163,60,200,20,17,35,30,40,40,35,50,49,90,754,65,80,30,90,43,35,26,15,38,48,40,2026-07-27
Madhya Pradesh,Bhind,41,36,29,34,84,110,114,112,84,46,62,189,167,143,143,137,115,51,250,15,15,25,40,34,44,39,65,39,90,651,62,77,25,81,29,35,25,16,40,37,35,2026-07-27
Madhya Pradesh,Dhar,43,36,26,37,83,134,124,113,90,45,63,174,191,169,159,191,123,60,211,15,20,24,37,35,36,45,55,47,90,726,61,87,25,86,31,34,19,17,52,35,35,2026-07-27
Madhya Pradesh,Harda,40,35,28,32,80,120,125,105,90,50,62,203,205,170,170,192,NR,60,200,20,20,35,40,40,40,45,70,42,90,714,60,96,40,89,40,29,24,15,32,60,50,2026-07-27
Madhya Pradesh,Katni,35,30,29,34,79,117,107,107,80,42,50,166,156,127,148,156,112,50,205,19,20,35,30,35,38,45,55,45,100,604,58,100,20,80,40,40,27,15,32,20,40,2026-07-27
Madhya Pradesh,Khandwa,NR,NR,NR,NR,NR,NR,NR,NR,NR,NR,NR,NR,NR,NR,NR,NR,NR,NR,NR,NR,NR,NR,NR,NR,NR,NR,NR,NR,NR,NR,NR,NR,NR,NR,NR,NR,NR,NR,NR,NR,NR,2026-07-27
Madhya Pradesh,Mandla,35,28,30,34,79,102,112,107,80,50,50,218,192,159,176,209,NR,60,193,30,23,38,24,43,45,39,60,46,90,692,63,100,25,83,47,38,29,15,38,50,50,2026-07-27
Madhya Pradesh,Rajgarh,40,NR,26,32,80,130,120,100,90,50,50,181,194,183,159,183,NR,60,200,10,20,33,40,NR,NR,40,NR,45,90,707,62,110,40,90,50,37,24,20,40,50,50,2026-07-27
Madhya Pradesh,Sidhi,37,34,27,36,80,120,100,95,85,50,60,187,181,154,165,143,115,55,265,20,20,40,40,30,40,35,54,50,90,633,55,90,34,80,30,50,25,15,50,50,40,2026-07-27
Madhya Pradesh,Chattarpur,40,35,30,38,90,127,120,110,80,46,50,198,192,170,154,159,128,60,247,20,15,37,30,32,40,40,58,50,100,600,60,84,20,87,30,43,30,15,37,27,40,2026-07-27
Madhya Pradesh,Neemuch,50,33,27,34,78,133,105,110,72,50,65,190,157,143,154,144,NR,45,303,10,15,25,40,42,40,42,65,41,87,632,63,68,40,80,35,42,30,15,48,25,32,2026-07-27
Madhya Pradesh,Burhanpur,44,40,29,37,90,122,121,109,90,45,67,186,190,177,142,186,138,50,255,29,22,29,42,37,37,44,NR,49,100,747,58,102,38,95,44,39,29,19,28,45,48,2026-07-27
Madhya Pradesh,Narshinpur,38,28,28,35,75,120,108,110,85,45,52,200,189,141,148,165,NR,45,233,12,15,25,35,40,40,45,60,47,85,637,58,85,45,90,35,35,25,15,35,20,40,2026-07-27
Madhya Pradesh,Raisen,40,30,29,32,80,130,118,110,88,52,57,187,194,148,152,NR,NR,56,250,10,20,38,32,40,40,33,NR,40,84,692,60,80,32,89,46,32,31,20,35,48,53,2026-07-27
Madhya Pradesh,Sheopur,42,28,25,34,82,114,115,110,85,47,60,220,192,172,141,165,NR,55,202,28,20,30,45,30,35,44,60,45,90,637,58,80,20,90,40,40,32,15,42,37,40,2026-07-27
Madhya Pradesh,Agar malwa,37,30,23,30,83,135,127,106,102,53,59,197,176,157,164,148,NR,53,288,20,20,26,40,48,50,44,NR,47,85,684,60,79,29,98,28,32,30,17,34,31,26,2026-07-27
Madhya Pradesh,Umaria,33,31,31,35,82,123,112,117,87,49,60,216,187,154,172,189,NR,57,207,15,20,40,23,40,NR,43,NR,47,83,622,59,83,30,83,32,42,27,15,45,50,53,2026-07-27
Madhya Pradesh,Shajapur,39,35,26,32,83,122,120,108,88,49,60,185,192,159,159,187,NR,55,260,19,20,25,38,38,38,39,NR,45,92,681,60,85,37,87,35,36,28,15,40,35,40,2026-07-27
Madhya Pradesh,Dewas,42,38,28,33,88,123,115,106,87,50,64,196,192,174,170,188,NR,59,240,12,27,25,36,35,42,39,57,44,96,704,64,89,36,89,45,35,27,24,35,26,48,2026-07-27
Madhya Pradesh,Khargone,39,27,28,35,78,120,122,110,85,45,50,186,156,132,170,132,NR,50,225,16,30,25,35,40,40,40,65,40,90,640,55,84,35,85,35,40,30,15,35,20,45,2026-07-27
Madhya Pradesh,Singrauli,35,29,25,34,84,100,106,109,81,48,59,214,195,137,149,164,117,57,232,13,21,39,40,NR,40,36,NR,46,89,693,56,82,24,88,46,42,22,15,30,75,48,2026-07-27
Madhya Pradesh,Chhindwara,54,36,28,34,86,122,117,107,89,50,51,207,211,140,170,185,149,55,200,10,20,30,27,36,36,35,29,37,95,652,60,75,30,112,32,37,40,20,48,37,50,2026-07-27
Madhya Pradesh,Sehore,40,36,30,32,80,125,115,100,80,48,60,187,192,176,170,187,NR,60,300,13,20,30,40,NR,NR,45,NR,43,84,659,60,79,42,85,30,35,24,15,50,40,45,2026-07-27
Madhya Pradesh,MP-Ashoknagar,46,35,26,28,72,116,110,100,91,44,60,184,187,162,158,158,NR,45,211,14,21,34,48,41,40,41,NR,39,89,776,58,89,54,88,41,44,25,19,40,45,51,2026-07-27
Madhya Pradesh,Balaghat,35,30,35,40,80,119,120,117,90,50,52,220,220,144,170,187,NR,65,200,31,20,30,28,42,45,40,60,45,100,681,60,95,30,100,44,35,25,15,60,59,59,2026-07-27
Madhya Pradesh,Guna,45,37,25,30,75,113,115,100,79,50,60,201,182,176,159,181,134,50,217,20,13,28,37,31,41,46,69,46,82,701,61,74,38,79,37,38,27,15,37,22,38,2026-07-27
Madhya Pradesh,Ratlam,41,35,29,33,81,122,118,110,90,46,62,201,190,156,164,178,160,59,245,10,23,23,40,35,45,40,65,43,91,652,58,76,27,83,37,37,29,16,40,31,34,2026-07-27
Madhya Pradesh,Satna,35,28,28,35,90,125,100,95,95,50,60,211,185,163,161,161,NR,50,260,20,20,30,38,28,45,33,63,31,65,718,52,60,34,75,28,33,30,15,52,25,35,2026-07-27
Madhya Pradesh,Vidisha,39,NR,30,35,78,112,118,107,88,50,55,187,196,154,176,188,NR,58,240,11,10,20,30,40,40,34,68,35,81,659,60,84,18,88,42,32,26,15,43,30,30,2026-07-27
Madhya Pradesh,Alirajpur,38,43,30,36,87,124,118,114,95,45,72,185,196,185,178,187,NR,53,307,10,27,40,58,31,35,45,42,47,93,611,57,80,28,77,40,43,29,17,37,25,40,2026-07-27
Madhya Pradesh,Betul,39,32,26,34,79,115,111,109,84,46,60,198,207,156,173,205,NR,50,245,12,24,39,41,42,42,40,69,40,98,667,60,85,33,93,43,39,22,15,41,44,50,2026-07-27
Madhya Pradesh,Damoh,39,35,27,32,75,120,111,101,85,51,65,210,197,133,149,168,NR,55,211,13,20,34,51,44,43,44,63,42,89,587,59,77,24,90,39,34,35,15,47,19,44,2026-07-27
Madhya Pradesh,Dindori,38,32,34,37,97,110,105,110,88,45,55,220,192,154,154,176,NR,48,230,13,20,40,30,40,49,45,58,45,81,632,53,85,30,90,35,35,30,15,38,35,50,2026-07-27
Madhya Pradesh,Niwari,36,28,25,30,83,131,98,106,89,48,57,226,188,172,172,155,NR,52,215,30,20,40,35,NR,NR,40,NR,40,97,720,60,96,24,92,33,40,27,19,47,25,32,2026-07-27
Madhya Pradesh,Seoni,37,32,35,37,86,115,110,105,85,46,55,196,214,170,154,187,NR,47,215,11,20,25,40,40,40,37,68,42,100,654,58,81,27,80,48,36,21,15,45,40,50,2026-07-27
Madhya Pradesh,Panna,38,30,24,36,75,120,100,95,90,45,52,181,176,137,143,132,115,53,210,11,15,20,30,40,48,35,60,45,97,651,56,75,37,76,30,35,31,13,47,20,38,2026-07-27
Madhya Pradesh,Tikamgarh,35,30,25,30,90,120,110,95,90,44,50,205,167,142,149,147,NR,50,200,20,15,20,45,30,35,40,40,45,100,659,58,70,25,85,29,41,20,17,30,20,30,2026-07-27
Madhya Pradesh,Datia,49,38,25,30,81,125,110,95,75,47,58,222,190,161,158,192,124,57,227,28,23,28,37,48,33,44,77,45,93,705,60,87,22,87,42,48,28,15,37,43,52,2026-07-27
Madhya Pradesh,Maihar,40,20,30,30,90,97,102,97,80,46,60,233,198,165,154,187,126,53,205,15,18,30,40,NR,NR,40,NR,45,97,721,58,72,37,97,30,39,35,15,37,25,43,2026-07-27
Madhya Pradesh,Shivpuri,43,40,26,43,83,115,118,118,88,45,60,198,177,159,165,170,162,50,380,17,19,24,27,36,44,47,59,46,82,696,60,79,25,82,37,41,32,24,29,38,30,2026-07-27
Madhya Pradesh,Mandsaur,40,28,30,40,107,125,123,119,108,45,58,195,198,192,172,198,148,60,300,22,42,21,50,50,55,72,92,58,95,762,45,110,45,70,30,45,35,21,45,18,34,2026-07-27
Maharashtra,Mumbai,41,38,41,48,95,136,140,123,99,51,60,245,231,205,170,199,155,79,320,32,27,35,40,46,61,56,65,53,113,710,63,101,65,99,70,45,43,17,41,45,62,2026-07-27
Maharashtra,Nagpur,58,41,48,53,97,137,131,118,105,52,66,239,216,168,171,200,141,70,283,27,37,36,66,42,52,52,82,52,110,808,59,94,46,98,41,48,34,21,68,57,81,2026-07-27
Maharashtra,Pune,39,28,45,53,85,100,117,106,84,44,75,208,211,168,172,185,169,60,353,33,33,28,49,40,42,45,39,45,89,551,60,82,57,99,49,50,23,21,43,32,38,2026-07-27
Maharashtra,Nashik,39,41,42,41,87,139,136,114,96,48,60,208,225,189,172,184,139,59,323,29,22,32,43,40,70,49,64,49,99,647,60,73,73,116,62,37,32,17,25,47,42,2026-07-27
Maharashtra,Mangaon-Raigad,56,45,43,49,89,128,132,116,96,48,60,205,227,178,164,198,137,62,372,31,31,33,55,46,53,42,58,45,98,871,62,110,50,117,70,39,48,22,55,40,59,2026-07-27
Maharashtra,Dharni,44,33,30,35,82,122,112,118,92,53,57,223,194,159,178,205,NR,60,322,13,21,28,55,39,27,41,NR,46,95,743,67,93,41,85,41,42,20,19,39,68,48,2026-07-27
Maharashtra,Latur,57,47,44,48,83,128,127,118,83,46,68,211,217,158,165,185,161,62,263,26,28,27,33,38,55,42,73,41,115,778,63,92,67,98,47,41,28,23,48,67,57,2026-07-27
Maharashtra,Akluj,44,42,35,41,80,122,118,107,97,50,60,213,223,178,209,214,186,55,332,30,25,32,41,35,51,39,60,40,89,659,52,57,35,94,38,38,27,12,28,20,31,2026-07-27
Maharashtra,Arni Yavatmal,44,30,34,36,99,123,125,114,90,47,63,192,170,154,144,159,NR,57,300,10,30,40,60,35,32,47,70,55,103,784,55,72,40,99,45,42,20,15,40,35,30,2026-07-27
Maharashtra,Chandrapur,43,44,37,46,81,131,137,110,102,50,59,207,203,220,170,192,NR,65,275,30,20,42,20,51,56,60,54,58,103,683,58,82,20,101,55,42,22,20,57,65,78,2026-07-27
Maharashtra,Karad Satara,70,53,36,48,88,135,129,120,92,50,74,210,188,167,179,196,169,58,293,29,27,32,23,38,41,42,58,43,117,685,61,92,53,121,51,41,29,19,38,32,40,2026-07-27
Maharashtra,Ahemednagar,55,37,44,47,84,119,119,119,99,48,60,168,169,166,169,180,164,49,259,30,24,29,39,29,45,39,44,39,99,580,60,77,49,99,29,44,26,18,25,29,39,2026-07-27
Maharashtra,Khultabad,47,26,33,36,77,111,116,108,85,47,46,184,NR,145,164,171,153,64,320,20,31,30,40,31,41,39,NR,42,86,702,60,81,39,81,32,35,23,16,37,20,38,2026-07-27
Maharashtra,Islampur,41,33,37,47,82,123,130,120,100,49,72,223,206,160,186,197,156,55,418,27,30,20,24,38,40,39,56,43,101,655,60,93,50,103,59,53,36,27,49,47,45,2026-07-27
Maharashtra,Kankavli,45,44,34,51,84,132,131,126,87,51,60,184,200,164,152,178,135,53,373,20,42,30,57,53,47,45,50,46,100,688,56,95,72,77,47,41,37,18,63,30,53,2026-07-27
Maharashtra,Partur,50,NR,31,40,80,126,120,112,88,50,58,203,208,186,176,195,176,59,401,10,30,27,59,31,35,43,NR,47,87,775,NR,84,60,92,40,42,31,15,50,60,49,2026-07-27
Maharashtra,Gondia,54,34,34,38,83,118,117,110,78,50,63,197,211,147,179,185,175,67,260,30,22,33,25,42,48,42,52,42,89,765,61,88,30,100,50,50,29,21,37,45,55,2026-07-27
Maharashtra,Jalgaon,48,27,35,45,88,133,141,117,97,49,66,203,213,180,176,198,186,66,468,31,20,32,33,39,42,55,61,55,98,753,58,90,43,125,59,42,36,20,39,52,52,2026-07-27
Maharashtra,Akola,44,NR,34,46,85,128,119,116,97,45,69,184,211,163,174,184,NR,60,327,30,25,25,43,41,39,47,65,46,103,784,59,82,43,88,42,43,22,16,37,47,45,2026-07-27
Rajasthan,Jaipur,59,38,32,41,91,139,129,115,90,47,55,211,196,180,193,188,136,52,307,15,22,31,36,31,31,49,76,49,88,630,58,84,53,95,44,36,37,17,38,28,38,2026-07-27
Rajasthan,Jodhpur,41,40,32,34,74,95,104,94,71,43,53,214,220,NR,NR,190,NR,51,272,21,23,36,34,28,47,50,52,47,103,672,55,89,25,89,73,31,29,16,42,26,27,2026-07-27
Rajasthan,Kota,57,40,34,38,86,125,118,103,94,48,62,204,195,163,163,195,159,58,297,22,22,24,42,35,49,50,55,45,94,690,66,76,47,78,33,41,31,18,39,25,35,2026-07-27
Rajasthan,Udaipur,51,40,31,32,77,122,122,117,82,51,50,216,210,188,187,188,189,67,340,29,20,27,57,40,56,40,66,48,87,608,63,80,40,90,44,31,33,14,50,52,42,2026-07-27
Rajasthan,Bharatpur,46,36,28,34,89,124,114,115,90,46,58,NR,NR,NR,NR,NR,NR,57,297,28,14,30,31,27,30,41,65,44,82,689,60,75,27,90,37,38,25,13,40,22,42,2026-07-27
Rajasthan,Ajmer,42,37,34,34,82,122,107,82,82,40,52,178,161,144,150,150,172,43,303,20,23,21,52,26,29,34,NR,36,94,567,56,94,43,76,36,35,NR,16,39,27,29,2026-07-27
Rajasthan,Bikaner,53,30,38,42,88,120,120,91,87,49,55,177,176,168,169,164,163,50,247,15,22,20,42,38,49,53,NR,52,82,694,60,90,48,77,32,35,25,21,35,23,41,2026-07-27
Rajasthan,Bundi,40,40,26,33,75,110,110,100,80,NR,NR,NR,NR,NR,NR,NR,NR,NR,NR,NR,NR,NR,NR,NR,NR,NR,NR,NR,NR,NR,NR,NR,NR,NR,NR,NR,NR,NR,NR,NR,NR,2026-07-27
Rajasthan,Rajsamand,45,37,31,40,73,106,107,94,90,46,70,178,166,143,141,187,NR,50,302,24,23,32,49,38,44,41,63,46,80,602,54,90,40,79,40,39,31,21,45,24,33,2026-07-27
Rajasthan,Alwar,57,42,31,34,76,118,118,103,88,49,58,233,179,152,161,180,NR,53,301,27,20,38,38,20,39,48,73,48,91,544,56,74,28,89,52,45,29,15,48,29,38,2026-07-27
Rajasthan,Banswara,43,38,38,43,88,137,136,126,99,44,59,239,217,173,184,184,NR,58,223,29,29,39,58,34,35,51,56,55,78,621,58,118,38,87,49,38,38,18,39,45,42,2026-07-27
Rajasthan,Baran,40,33,32,35,80,135,120,110,83,42,52,220,209,148,137,154,126,45,352,22,22,24,43,28,33,40,38,46,89,667,57,67,41,90,36,31,34,11,38,30,32,2026-07-27
Rajasthan,Barmer,50,40,33,35,90,130,110,115,85,45,54,187,209,170,193,209,116,53,300,22,20,23,32,28,35,49,60,53,100,879,58,76,52,90,41,25,31,14,42,32,30,2026-07-27
Rajasthan,Bhilwara,53,39,29,36,93,118,111,99,95,44,55,217,204,157,169,203,181,44,289,20,26,25,34,28,34,42,55,42,74,667,55,73,35,86,34,35,22,20,39,25,40,2026-07-27
Rajasthan,Chhitorgarh,41,40,26,30,80,140,120,106,90,46,56,207,218,165,151,198,146,55,323,21,26,32,60,38,38,46,58,45,76,615,62,74,48,85,42,37,34,20,45,45,42,2026-07-27
Rajasthan,Churu,45,34,30,33,85,115,110,100,90,45,44,225,197,159,NR,230,153,50,280,20,18,25,55,24,32,40,50,40,90,747,80,72,25,100,50,35,35,20,40,30,30,2026-07-27
Rajasthan,Dholapur,41,40,30,34,81,131,130,111,90,47,65,NR,192,172,181,NR,NR,62,255,20,30,40,40,26,35,39,NR,41,90,652,58,106,29,83,44,35,27,16,42,50,48,2026-07-27
Rajasthan,Dungarpur,45,35,36,36,89,125,118,110,93,49,56,170,185,171,174,174,162,47,270,27,25,40,50,51,37,47,78,57,82,618,60,95,56,76,37,41,47,26,45,25,35,2026-07-27
Rajasthan,Hanumangarh,37,33,26,34,72,122,122,122,112,46,47,245,187,203,146,152,NR,45,310,18,25,25,32,32,45,52,72,55,83,615,NR,76,36,108,57,45,NR,17,50,42,55,2026-07-27
Rajasthan,Jaisalmer,NR,NR,NR,NR,NR,NR,NR,NR,NR,NR,NR,NR,NR,NR,NR,NR,NR,NR,NR,NR,NR,NR,NR,NR,NR,NR,NR,NR,NR,NR,NR,NR,NR,NR,NR,NR,NR,NR,NR,NR,NR,2026-07-27
Rajasthan,Jalore,58,35,32,36,83,130,132,118,85,49,60,218,207,161,185,205,NR,65,268,18,27,40,70,31,37,46,113,57,98,615,60,89,43,95,50,37,34,17,50,47,53,2026-07-27
Rajasthan,Jhalawar,45,41,25,32,85,129,118,100,88,44,59,188,176,159,176,181,170,52,298,19,22,24,37,30,34,41,50,42,85,703,58,80,31,81,30,39,32,17,38,21,34,2026-07-27
Rajasthan,Jhunjhunu,NR,NR,NR,NR,NR,NR,NR,NR,NR,NR,NR,NR,NR,NR,NR,NR,NR,NR,NR,NR,NR,NR,NR,NR,NR,NR,NR,NR,NR,NR,NR,NR,NR,NR,NR,NR,NR,NR,NR,NR,NR,2026-07-27
Rajasthan,Karauli,51,40,24,31,104,144,129,116,104,45,51,216,204,195,189,232,189,43,342,20,19,40,40,26,NR,50,45,56,111,621,63,99,40,96,37,46,24,19,41,23,36,2026-07-27
Rajasthan,Nagaur,NR,NR,NR,NR,NR,NR,NR,NR,NR,NR,NR,NR,NR,NR,NR,NR,NR,NR,NR,NR,NR,NR,NR,NR,NR,NR,NR,NR,NR,NR,NR,NR,NR,NR,NR,NR,NR,NR,NR,NR,NR,2026-07-27
Rajasthan,Pali,55,30,33,33,91,128,128,90,74,44,56,201,167,168,163,162,123,43,234,24,30,25,33,29,39,38,35,47,102,507,62,68,52,85,57,35,26,21,41,37,25,2026-07-27
Rajasthan,RJ-Pratapgarh,42,33,29,33,71,114,117,110,82,44,47,214,177,154,158,NR,NR,48,300,19,20,30,40,34,37,43,NR,43,103,659,60,63,39,70,46,36,25,15,40,39,47,2026-07-27
Rajasthan,Sikar,45,30,31,35,85,137,116,120,95,45,53,229,199,165,143,165,NR,55,236,29,25,30,30,21,24,53,70,66,102,514,52,61,22,80,32,33,25,17,40,50,48,2026-07-27
Rajasthan,Sirohi,42,40,28,34,74,109,122,100,76,50,52,207,156,NR,159,NR,NR,49,253,17,20,22,38,27,NR,45,NR,47,95,626,59,97,45,87,43,30,31,13,45,30,28,2026-07-27
Rajasthan,Sri Ganganagar,43,35,30,35,89,118,110,110,97,45,52,219,190,170,165,165,148,49,323,15,15,22,40,39,39,39,80,39,93,500,49,NR,22,65,30,29,33,29,42,18,30,2026-07-27
Rajasthan,Tonk,57,35,29,36,84,126,115,108,94,49,71,252,206,141,162,177,146,60,283,20,25,36,45,25,46,42,54,55,91,579,67,82,41,96,49,40,33,21,50,55,50,2026-07-27
Rajasthan,Sawai Madhopur,55,34,28,33,81,133,120,116,94,48,60,230,183,156,153,151,NR,58,312,27,18,27,41,25,33,49,52,49,108,622,62,78,36,92,51,49,28,15,48,37,43,2026-07-27
EAST ZONE,EAST ZONE,,,,,,,,,,,,,,,,,,,,,,,,,,,,,,,,,,,,,,,,,,2026-07-27
Bihar,Patna,45,28,28,32,81,115,125,101,79,51,61,NR,191,160,191,202,174,55,340,26,27,38,42,NR,NR,35,NR,36,102,604,56,100,35,103,51,50,31,18,35,28,40,2026-07-27
Bihar,Bhagalpur,39,23,28,32,76,122,110,97,75,47,58,NR,188,147,155,173,131,49,320,28,16,34,44,49,61,34,NR,35,104,635,54,84,40,96,29,34,21,18,NR,27,36,2026-07-27
Bihar,Purnia,38,NR,32,34,74,112,120,102,77,51,59,NR,197,153,186,NR,164,54,324,18,15,28,50,68,58,38,58,47,108,743,53,88,40,118,38,40,28,14,50,28,23,2026-07-27
Bihar,Darbhanga,40,NR,30,40,79,100,119,106,86,51,57,NR,196,185,163,NR,119,58,193,28,14,33,44,54,54,33,43,35,108,681,60,84,40,89,37,35,29,17,59,35,45,2026-07-27
Bihar,Gaya,33,25,27,38,82,123,109,109,81,45,60,NR,201,169,145,150,120,57,340,25,19,28,33,NR,NR,35,NR,39,110,680,59,89,30,84,33,37,23,16,48,28,27,2026-07-27
Bihar,Muzzafarpur,41,25,27,32,81,123,122,111,82,49,61,NR,196,159,163,219,128,46,294,23,16,33,39,45,46,36,51,34,101,606,56,85,34,86,39,38,26,16,44,29,27,2026-07-27
Bihar,Saran,45,26,25,37,81,112,108,108,82,49,62,NR,204,201,202,215,NR,52,305,27,17,34,30,41,65,38,63,38,108,743,61,73,42,82,36,36,29,18,42,25,28,2026-07-27
Bihar,Munger,36,NR,27,32,91,131,108,118,79,47,61,NR,187,183,185,181,163,48,257,28,14,30,23,NR,NR,34,NR,40,100,584,60,79,29,92,46,40,39,16,50,20,31,2026-07-27
Bihar,Saharsa,48,NR,27,29,77,113,115,110,75,47,61,NR,188,NR,190,NR,NR,50,280,29,11,22,27,NR,NR,39,NR,37,93,710,55,74,40,95,52,47,37,11,40,28,29,2026-07-27
Bihar,Madhubani,37,21,30,35,84,125,109,99,83,47,55,206,166,161,156,173,128,47,280,28,21,25,27,NR,NR,33,48,35,101,615,57,71,32,82,32,31,23,12,50,26,27,2026-07-27
Bihar,Rohtas (Sasaram),35,23,36,41,81,112,119,91,81,52,69,194,204,164,191,230,181,62,236,34,19,35,37,44,57,33,54,35,94,754,58,84,45,85,41,30,26,14,62,45,45,2026-07-27
Bihar,Motihari,NR,NR,NR,NR,NR,NR,NR,NR,NR,NR,NR,NR,NR,NR,NR,NR,NR,NR,NR,NR,NR,NR,NR,NR,NR,NR,NR,NR,NR,NR,NR,NR,NR,NR,NR,NR,NR,NR,NR,NR,NR,2026-07-27
Bihar,Samastipur,46,23,25,35,80,113,116,114,80,45,60,NR,189,137,132,NR,133,52,315,30,13,29,39,30,39,38,73,47,97,713,67,92,40,80,34,72,25,10,40,28,28,2026-07-27
Bihar,Katihar,47,29,29,29,72,117,127,97,76,46,61,NR,181,135,152,170,NR,56,311,19,15,29,33,NR,NR,33,NR,31,107,668,63,77,33,89,42,49,25,12,NR,26,26,2026-07-27
Bihar,Araria,37,NR,30,36,75,126,129,115,83,49,61,280,198,165,143,196,132,59,335,29,19,34,50,52,52,38,80,38,105,637,60,80,53,81,44,34,24,10,57,29,29,2026-07-27
Bihar,Nawada,31,19,26,33,79,133,128,113,79,49,59,NR,194,152,181,NR,130,54,222,28,17,33,55,39,35,32,51,35,102,722,58,63,57,81,35,31,22,11,63,23,22,2026-07-27
Bihar,Khagaria,44,25,28,34,80,103,123,112,84,47,42,NR,189,151,170,NR,170,42,377,28,14,21,52,NR,NR,40,NR,40,115,611,50,78,32,90,26,50,30,16,32,20,40,2026-07-27
Bihar,Banka,37,19,27,36,80,120,112,106,75,48,57,NR,203,164,170,192,127,52,280,13,15,28,42,40,39,36,NR,39,99,640,52,80,42,80,36,40,30,10,40,30,33,2026-07-27
Bihar,Arwal,38,26,25,35,81,130,130,97,85,48,59,NR,211,165,173,187,143,56,232,28,24,26,45,NR,NR,35,NR,37,93,748,58,89,39,80,33,35,25,19,48,27,32,2026-07-27
Bihar,Aurangabad,32,24,29,33,81,122,122,90,79,47,55,220,198,188,154,156,119,56,210,24,17,38,52,50,NR,35,NR,38,102,769,58,79,44,84,36,33,30,17,52,21,25,2026-07-27
Bihar,Begusarai,36,36,30,35,77,117,117,107,77,48,60,246,188,158,144,188,123,55,266,28,12,34,38,52,42,35,52,37,108,623,58,78,39,96,34,32,20,17,35,34,42,2026-07-27
Bihar,Bhojpur Ara,44,19,28,31,76,116,119,109,81,48,57,243,181,155,151,185,NR,55,353,30,21,34,44,NR,NR,35,NR,37,104,681,60,84,42,84,50,40,25,10,47,47,35,2026-07-27
Bihar,Buxar,31,24,26,33,84,115,117,119,89,47,59,202,195,173,169,198,124,59,258,29,16,36,30,35,53,34,71,41,90,773,49,95,39,87,46,34,30,17,42,45,31,2026-07-27
Bihar,Gopalganj,NR,NR,NR,NR,NR,NR,NR,NR,NR,NR,NR,NR,NR,NR,NR,NR,NR,NR,NR,NR,NR,NR,NR,NR,NR,NR,NR,NR,NR,NR,NR,NR,NR,NR,NR,NR,NR,NR,NR,NR,NR,2026-07-27
Bihar,Jamui,NR,NR,NR,NR,NR,NR,NR,NR,NR,NR,NR,NR,NR,NR,NR,NR,NR,NR,NR,NR,NR,NR,NR,NR,NR,NR,NR,NR,NR,NR,NR,NR,NR,NR,NR,NR,NR,NR,NR,NR,NR,2026-07-27
Bihar,Jehanabad,31,23,28,34,79,123,118,112,78,46,56,NR,207,179,185,NR,NR,55,243,29,15,28,39,NR,NR,39,NR,41,91,663,57,100,25,82,43,43,22,13,57,24,30,2026-07-27
Bihar,Kaimur,38,18,26,32,79,117,117,114,79,49,60,NR,194,174,167,193,130,52,212,20,12,38,32,32,31,34,NR,39,88,714,60,85,38,82,33,33,27,15,53,26,28,2026-07-27
Bihar,Kishanganj,NR,NR,NR,NR,NR,NR,NR,NR,NR,NR,NR,NR,NR,NR,NR,NR,NR,NR,NR,NR,NR,NR,NR,NR,NR,NR,NR,NR,NR,NR,NR,NR,NR,NR,NR,NR,NR,NR,NR,NR,NR,2026-07-27
Bihar,Lakhisarai,40,25,30,40,83,113,120,118,88,49,59,NR,199,167,170,NR,156,53,298,27,16,32,45,50,60,45,44,40,110,754,60,96,37,85,35,40,27,15,40,23,23,2026-07-27
Bihar,Medhepura,38,NR,29,36,73,115,124,91,75,50,58,NR,196,156,191,189,134,45,282,22,16,29,53,NR,NR,36,NR,36,91,722,58,108,43,89,36,37,28,15,46,34,36,2026-07-27
Bihar,Nalanda,31,19,29,33,73,113,115,105,75,47,64,NR,202,179,164,189,NR,54,323,30,18,24,36,60,60,34,62,37,88,681,58,84,35,78,28,34,21,15,52,31,22,2026-07-27
Bihar,Sheikhpura,35,26,28,39,89,118,112,111,82,50,56,NR,222,181,204,202,165,56,285,27,18,25,40,40,NR,38,51,40,110,640,58,80,25,95,30,30,41,13,35,NR,25,2026-07-27
Bihar,Sheohar,48,25,29,36,83,122,120,104,78,49,59,171,210,161,170,201,122,55,232,26,19,34,39,50,54,38,40,40,114,725,59,77,28,81,34,37,24,15,55,28,25,2026-07-27
Bihar,Sitamarhi,34,21,25,29,76,123,126,108,83,46,58,NR,185,176,163,170,130,56,233,29,21,33,28,53,53,33,48,33,108,794,59,94,38,79,37,35,25,13,43,23,28,2026-07-27
Bihar,Siwan,33,25,25,29,70,110,95,86,73,46,57,264,189,181,185,193,165,50,202,26,12,28,31,47,44,31,49,32,88,709,61,66,29,80,34,41,29,14,51,25,26,2026-07-27
Bihar,Supaul,35,26,26,32,76,115,112,98,77,47,55,NR,185,161,184,NR,177,60,NR,12,12,21,38,NR,NR,35,NR,35,122,576,54,90,31,79,NR,56,35,15,55,25,22,2026-07-27
Bihar,Vaishali,NR,NR,NR,NR,NR,NR,NR,NR,NR,NR,NR,NR,NR,NR,NR,NR,NR,NR,NR,NR,NR,NR,NR,NR,NR,NR,NR,NR,NR,NR,NR,NR,NR,NR,NR,NR,NR,NR,NR,NR,NR,2026-07-27
Bihar,West Champaran,37,27,29,35,82,116,117,109,83,45,56,202,186,175,153,176,NR,47,260,20,22,28,47,35,41,34,46,39,105,551,54,75,38,89,47,50,27,17,45,25,22,2026-07-27
Jharkhand,Ranchi,42,28,36,35,81,122,120,111,80,51,60,236,196,156,183,196,132,61,210,29,19,34,43,35,40,37,40,43,101,637,60,85,40,90,41,42,32,15,50,40,45,2026-07-27
Jharkhand,Gumla,40,23,27,36,82,108,106,90,83,48,55,209,195,187,137,154,121,53,NR,15,16,25,40,34,68,35,50,42,100,676,63,78,55,90,40,30,23,15,50,28,38,2026-07-27
Jharkhand,Sahibganj,35,25,30,34,90,122,137,112,85,50,62,192,203,192,187,187,143,70,350,20,16,40,60,57,48,40,60,57,100,593,60,79,40,90,55,36,32,14,40,40,40,2026-07-27
Jharkhand,Bokaro,38,30,35,37,86,132,114,110,83,48,57,NR,182,170,164,182,144,56,322,28,23,27,35,NR,NR,33,NR,40,100,709,57,89,43,81,28,41,25,13,60,NR,NR,2026-07-27
Jharkhand,Lohardaga,37,27,31,36,85,102,125,110,80,45,61,NR,200,165,163,223,126,44,203,26,20,38,38,NR,NR,38,35,40,90,674,56,73,25,80,42,30,27,11,38,41,23,2026-07-27
Jharkhand,Simdega,42,25,32,40,88,120,115,100,85,52,64,181,187,152,164,154,149,48,245,22,20,26,39,44,NR,45,60,46,98,665,62,79,40,90,39,37,26,22,45,25,42,2026-07-27
Jharkhand,Dhanbad,39,30,34,36,80,119,123,111,80,50,59,251,207,161,165,187,139,60,245,28,16,38,40,38,52,37,54,46,92,784,59,91,47,90,47,39,34,18,51,48,40,2026-07-27
Jharkhand,Jamshedpur (East Singbhum),46,28,40,41,114,136,131,120,98,46,58,238,194,170,156,171,121,56,200,30,17,29,34,32,30,41,59,50,105,606,62,77,50,91,37,36,27,12,52,25,32,2026-07-27
Jharkhand,Giridhi,34,20,33,36,81,109,102,105,75,44,55,NR,198,169,166,190,120,49,300,19,22,32,42,40,35,42,39,45,87,637,60,84,55,99,29,40,25,16,51,35,47,2026-07-27
Jharkhand,Seraikella,35,27,31,40,78,123,114,105,75,48,60,188,179,155,158,166,122,53,207,28,15,21,38,37,NR,44,NR,44,92,600,60,76,32,80,33,31,25,15,50,28,35,2026-07-27
Jharkhand,West Singhbhum,37,24,31,36,82,123,118,110,79,48,60,207,206,195,174,199,140,56,236,28,16,25,31,45,50,34,47,36,94,640,59,89,42,81,33,31,24,10,51,34,39,2026-07-27
Jharkhand,Daltonganj,38,26,27,37,82,102,118,100,80,47,59,NR,187,155,165,NR,137,60,306,30,17,34,32,NR,NR,48,62,47,118,698,69,97,50,98,42,41,27,18,40,58,48,2026-07-27
Jharkhand,Deoghar,40,18,32,35,80,110,120,110,100,48,60,176,186,176,148,176,132,60,300,25,15,40,40,50,50,40,60,50,90,769,60,90,30,80,40,35,25,15,40,40,40,2026-07-27
Jharkhand,Ramgarh,40,23,37,39,NR,127,118,102,79,49,58,NR,192,159,184,199,157,46,279,25,23,27,39,NR,NR,31,NR,40,108,615,58,83,29,83,28,30,25,12,42,17,25,2026-07-27
Jharkhand,Pakur,36,26,38,41,81,130,120,93,80,50,63,209,198,176,165,198,154,67,343,20,15,35,45,34,41,48,51,60,100,637,58,108,48,94,40,34,30,15,50,57,30,2026-07-27
Jharkhand,Jamtara,41,24,27,35,82,117,118,108,87,52,59,269,201,162,179,189,163,62,285,29,15,40,57,60,77,33,61,60,88,734,57,88,47,87,45,32,29,15,53,47,48,2026-07-27
Jharkhand,Latehar,42,25,28,38,82,125,124,108,80,51,60,175,193,157,159,NR,123,51,188,30,26,27,39,NR,NR,36,NR,53,107,729,61,86,36,81,45,45,29,11,43,26,25,2026-07-27
Jharkhand,Godda,40,26,30,39,80,120,120,103,82,48,64,198,198,170,170,187,132,50,400,29,15,40,45,NR,NR,40,NR,47,97,709,61,92,40,100,37,35,25,15,60,40,38,2026-07-27
Jharkhand,Koderma,41,25,32,35,86,121,125,102,80,53,63,203,203,159,165,193,126,60,199,28,19,35,40,NR,NR,36,NR,38,90,712,59,100,45,88,45,40,28,14,60,51,45,2026-07-27
Odisha,Bhubaneshwar,42,34,36,46,85,115,128,110,80,56,58,NR,209,156,NR,196,170,65,230,30,15,38,30,NR,NR,38,45,40,90,NR,NR,96,60,90,30,35,25,12,50,50,50,2026-07-27
Odisha,Cuttack,40,31,37,46,79,111,125,111,79,55,58,NR,208,153,NR,195,170,60,257,30,15,38,35,41,44,39,55,41,93,740,57,92,62,91,41,35,26,14,57,57,57,2026-07-27
Odisha,Sambalpur,40,30,36,45,82,112,122,100,78,55,58,NR,209,145,NR,196,171,55,240,30,15,35,40,40,40,37,60,38,90,769,NR,84,60,90,45,35,30,16,60,50,50,2026-07-27
Odisha,Rourkela,36,27,36,38,81,117,121,99,77,51,58,NR,205,148,169,197,168,61,190,29,16,34,30,35,36,39,44,40,91,529,56,100,57,88,45,33,30,15,47,48,57,2026-07-27
Odisha,Berhampur,44,31,35,37,79,111,132,102,73,54,58,NR,206,165,NR,198,167,55,245,21,16,34,28,NR,NR,38,49,50,85,690,53,84,60,84,44,45,29,14,46,48,43,2026-07-27
Odisha,Jeypore,45,35,38,35,82,110,120,102,82,51,58,181,203,156,NR,202,169,55,240,29,16,36,30,40,40,38,45,42,80,813,65,80,60,75,35,35,25,12,50,60,60,2026-07-27
Odisha,Balasore,38,27,41,45,82,115,113,96,75,51,58,NR,202,177,NR,197,173,59,240,28,13,36,38,NR,NR,42,NR,43,93,617,56,96,76,93,41,40,28,11,45,36,44,2026-07-27
Odisha,Baripada,38,27,34,42,84,119,109,99,75,55,58,NR,198,185,NR,190,170,65,239,29,15,37,42,35,NR,51,48,51,98,706,57,95,76,101,43,36,31,14,61,51,47,2026-07-27
Odisha,Balangir,32,26,37,39,83,122,123,94,80,51,58,NR,210,143,NR,193,171,65,NR,30,17,35,30,NR,NR,38,NR,45,100,769,57,108,60,90,40,35,30,18,40,55,55,2026-07-27
Odisha,Angul,37,NR,NR,50,88,133,113,120,90,50,64,NR,207,176,NR,197,NR,58,NR,29,17,40,30,43,55,45,50,46,107,NR,61,103,43,87,60,35,29,15,60,50,40,2026-07-27
Odisha,Boudhgarh,NR,NR,NR,NR,NR,NR,NR,NR,NR,NR,NR,NR,NR,NR,NR,NR,NR,NR,NR,NR,NR,NR,NR,NR,NR,NR,NR,NR,NR,NR,NR,NR,NR,NR,NR,NR,NR,NR,NR,NR,NR,2026-07-27
Odisha,Dhenkanal,36,31,35,40,79,115,105,100,75,53,58,NR,203,148,NR,196,148,62,280,29,15,38,40,50,NR,39,50,40,90,710,58,84,40,83,40,30,20,12,50,40,45,2026-07-27
Odisha,Jagatsinghpur,40,35,40,42,80,120,120,108,85,56,58,NR,203,187,NR,192,126,60,240,30,15,38,40,NR,NR,38,NR,42,102,NR,58,90,60,84,40,32,21,16,60,60,57,2026-07-27
Odisha,Kandhamal,NR,NR,NR,NR,NR,NR,NR,NR,NR,NR,NR,NR,NR,NR,NR,NR,NR,NR,NR,NR,NR,NR,NR,NR,NR,NR,NR,NR,NR,NR,NR,NR,NR,NR,NR,NR,NR,NR,NR,NR,NR,2026-07-27
Odisha,Keonjhar,39,31,40,52,88,123,124,115,77,48,58,NR,193,137,NR,187,126,59,NR,30,14,38,50,40,40,40,50,43,105,736,58,96,40,90,40,35,25,15,50,50,50,2026-07-27
Odisha,Malkangiri,NR,NR,NR,NR,NR,NR,NR,NR,NR,NR,NR,NR,NR,NR,NR,NR,NR,NR,NR,NR,NR,NR,NR,NR,NR,NR,NR,NR,NR,NR,NR,NR,NR,NR,NR,NR,NR,NR,NR,NR,NR,2026-07-27
Odisha,Nabarangpur,NR,NR,NR,NR,NR,NR,NR,NR,NR,NR,NR,NR,NR,NR,NR,NR,NR,NR,NR,NR,NR,NR,NR,40,50,40,50,40,120,736,60,90,40,100,33,40,28,22,70,33,40,2026-07-27
Odisha,Nayagarh,40,NR,NR,43,83,117,120,113,85,46,54,NR,205,176,NR,193,167,63,NR,27,16,37,40,NR,NR,38,44,42,85,687,58,92,55,85,34,41,24,14,48,38,42,2026-07-27
Odisha,Nuapada,45,40,35,50,90,120,110,120,80,45,54,NR,209,165,NR,187,143,55,240,30,25,30,40,NR,NR,45,40,48,80,769,60,84,30,90,30,30,24,18,50,20,30,2026-07-27
Odisha,Paralakhemundi Gajapati,51,41,41,44,84,120,122,109,80,48,NR,201,203,160,154,182,144,54,317,27,20,30,35,59,62,44,60,40,70,782,60,90,43,90,50,40,30,15,59,40,42,2026-07-27
Odisha,Puri,39,31,NR,44,81,118,115,106,88,51,59,NR,200,159,NR,191,148,58,275,27,16,35,41,NR,NR,40,NR,43,95,683,58,93,47,85,40,39,27,15,51,28,39,2026-07-27
Odisha,Rayagada,45,NR,41,50,85,120,130,111,80,55,60,209,203,154,NR,198,140,60,NR,30,19,38,30,NR,NR,45,40,49,80,690,58,96,57,82,34,35,24,13,50,40,43,2026-07-27
Odisha,Sonepur,36,NR,NR,43,80,130,120,108,80,50,55,NR,214,154,NR,202,126,60,NR,10,15,30,33,NR,NR,40,NR,50,100,809,58,96,47,92,50,30,30,20,45,60,45,2026-07-27
Odisha,Bhadrak,35,25,NR,42,85,120,120,120,82,52,65,NR,214,181,NR,197,154,60,333,28,14,35,38,44,NR,38,63,40,84,769,58,95,55,81,40,30,26,15,50,45,41,2026-07-27
Odisha,Jharsuguda,40,NR,44,40,80,120,120,100,75,52,58,NR,209,148,148,187,126,57,NR,30,20,30,32,39,44,44,58,46,100,692,60,96,60,90,38,34,27,19,45,30,40,2026-07-27
Odisha,Kendrapara,42,32,39,46,85,127,105,111,85,51,58,NR,201,147,NR,191,158,56,281,28,15,36,41,NR,NR,42,57,44,87,699,61,96,60,83,28,38,24,15,54,18,38,2026-07-27
Odisha,Jajpur,35,32,40,49,79,121,110,107,81,52,56,NR,198,184,NR,194,121,55,NR,29,15,33,34,NR,NR,36,NR,45,100,659,54,96,70,85,38,30,23,12,50,45,44,2026-07-27
Odisha,Kalahandi,42,29,37,48,85,120,118,110,86,49,54,NR,203,163,NR,186,133,54,430,30,19,35,32,NR,NR,40,37,50,101,753,NR,72,37,84,37,33,29,13,40,26,43,2026-07-27
West Bengal,Kolkata,53,NR,NR,38,83,121,132,118,118,52,59,NR,206,178,158,191,123,72,277,30,16,40,43,NR,NR,38,NR,45,102,747,63,110,70,83,42,29,31,20,60,59,50,2026-07-27
West Bengal,Siliguri,44,NR,31,41,85,124,126,120,118,46,59,NR,190,NR,157,176,NR,68,227,22,20,39,56,NR,NR,39,NR,54,95,718,59,98,55,86,40,35,22,17,49,40,49,2026-07-27
West Bengal,Purulia,37,NR,NR,35,84,122,121,113,98,47,61,NR,194,155,145,182,NR,58,282,27,12,38,42,NR,NR,37,NR,58,96,679,59,92,57,81,29,41,31,15,38,42,45,2026-07-27
West Bengal,Kharagpur,55,NR,33,37,80,127,122,108,105,54,61,199,203,NR,141,192,120,56,278,30,16,38,47,NR,NR,37,NR,39,107,703,57,106,42,90,37,41,29,18,60,67,68,2026-07-27
West Bengal,Rampurhat,50,NR,33,45,85,123,126,119,115,45,57,NR,188,159,158,177,129,55,300,25,15,35,42,NR,NR,41,NR,51,81,690,63,94,50,92,39,35,35,16,39,37,45,2026-07-27
West Bengal,Malda,51,NR,30,41,103,138,122,120,117,50,60,NR,210,NR,154,196,130,65,317,20,16,30,30,NR,NR,40,NR,64,98,593,63,80,29,94,38,31,30,16,60,27,33,2026-07-27
West Bengal,Raiganj,59,29,29,46,112,132,140,112,128,47,61,NR,198,151,169,214,130,60,300,15,12,35,40,NR,NR,35,NR,52,115,659,61,93,50,120,50,30,33,16,62,40,42,2026-07-27
West Bengal,Alipurduar,45,NR,NR,48,90,123,124,115,121,50,69,NR,203,NR,170,186,137,60,243,10,11,40,35,NR,NR,40,NR,45,81,655,60,90,35,95,35,35,25,15,49,25,35,2026-07-27
West Bengal,Asansol,52,NR,NR,37,85,129,121,120,100,49,68,NR,191,153,159,187,120,60,298,30,15,40,40,NR,NR,37,NR,47,99,811,60,100,57,93,50,39,30,15,45,45,48,2026-07-27
West Bengal,Balurghat,51,30,27,38,85,125,125,108,100,49,72,NR,194,NR,153,178,142,46,351,28,16,27,48,NR,NR,52,NR,58,100,700,58,92,48,100,40,33,31,15,60,38,47,2026-07-27
West Bengal,Bankura,37,NR,NR,34,88,122,124,118,113,48,62,NR,192,NR,144,181,133,61,299,28,13,32,52,NR,NR,35,NR,61,93,616,60,89,58,85,33,37,29,15,52,48,53,2026-07-27
West Bengal,Barasat,54,NR,NR,37,90,122,119,121,115,50,57,NR,196,169,162,175,138,65,350,29,15,35,55,NR,NR,38,NR,57,72,635,60,96,70,89,39,33,26,17,45,45,50,2026-07-27
West Bengal,Bardhaman,51,29,NR,38,89,122,128,119,109,51,60,237,197,159,143,192,141,69,319,30,12,35,35,NR,NR,37,NR,45,93,768,61,90,66,90,50,30,29,15,54,42,45,2026-07-27
West Bengal,Baruipur,46,35,NR,43,87,130,120,120,105,47,59,NR,202,199,184,187,NR,57,270,29,24,38,47,NR,NR,42,NR,47,102,731,60,96,48,81,43,37,27,15,45,43,54,2026-07-27
West Bengal,Berhampore,45,23,25,40,83,122,112,113,107,54,63,NR,191,158,170,201,170,57,303,24,15,38,37,NR,NR,41,NR,61,71,606,60,96,77,98,35,32,28,15,37,58,48,2026-07-27
West Bengal,Chinsurah,54,NR,NR,37,89,121,126,119,116,50,60,NR,188,152,148,181,NR,62,301,29,8,31,44,NR,NR,36,NR,56,85,618,58,96,51,89,37,36,31,15,56,47,49,2026-07-27
West Bengal,Cooch behar,49,NR,NR,43,93,120,120,118,128,50,55,NR,203,150,176,172,174,68,292,30,15,38,45,NR,NR,41,NR,52,93,729,60,96,47,87,40,35,30,15,70,43,40,2026-07-27
West Bengal,Howrah,56,NR,NR,37,92,125,121,118,113,49,63,NR,192,190,172,201,NR,64,270,30,19,42,47,NR,NR,NR,NR,56,107,727,61,100,82,102,35,35,33,15,53,48,52,2026-07-27
West Bengal,Jalapiguri,39,NR,NR,47,88,134,130,111,113,53,81,NR,199,145,167,201,148,68,300,30,15,45,58,NR,NR,38,NR,60,89,688,61,96,63,93,47,34,30,15,71,50,50,2026-07-27
West Bengal,Jhargram,41,NR,NR,39,89,125,125,116,112,50,61,NR,197,151,143,186,NR,59,289,28,13,34,45,NR,NR,38,NR,58,90,678,59,91,52,85,36,37,27,15,46,46,49,2026-07-27
West Bengal,Kalimpong,45,NR,36,37,80,153,132,124,97,47,69,NR,NR,130,137,173,NR,62,394,16,28,33,70,NR,NR,41,46,43,99,715,NR,91,58,101,70,50,31,19,46,NR,40,2026-07-27
West Bengal,Krishnagar,53,NR,NR,39,94,124,119,127,116,50,58,NR,196,NR,157,179,NR,59,387,29,15,42,53,NR,NR,38,NR,59,80,613,59,84,65,97,37,33,29,17,47,40,52,2026-07-27
West Bengal,Tamluk,39,29,NR,36,88,124,119,120,122,51,59,NR,188,NR,159,192,NR,59,307,28,15,39,43,NR,NR,39,NR,60,88,718,59,102,73,92,48,33,31,15,50,58,60,2026-07-27
NORTH EAST ZONE,NORTH EAST ZONE,,,,,,,,,,,,,,,,,,,,,,,,,,,,,,,,,,,,,,,,,,2026-07-27
Andaman and Nicobar,Port Blair,60,NR,NR,58,100,138,133,118,102,55,72,NR,231,209,NR,194,179,78,330,24,30,60,80,55,57,58,85,88,137,747,59,96,177,98,50,45,35,15,80,73,67,2026-07-27
Andaman and Nicobar,Mayabunder,52,NR,NR,70,100,135,142,123,100,59,77,310,200,227,NR,187,176,77,365,21,50,60,120,NR,NR,63,93,92,132,802,61,120,150,100,48,36,38,15,40,100,95,2026-07-27
Andaman and Nicobar,Car Nicobar,54,NR,NR,71,122,154,155,131,101,55,73,279,NR,220,NR,214,148,78,323,20,40,50,90,NR,NR,70,64,82,119,930,60,108,NR,94,43,47,38,22,78,100,100,2026-07-27
Arunachal pradesh,Itanagar,39,37,40,41,96,136,140,122,90,50,74,NR,212,155,157,207,NR,77,400,16,24,40,51,NR,30,42,60,52,92,714,58,90,51,85,60,46,33,17,69,43,56,2026-07-27
Arunachal pradesh,Namsai,NR,NR,NR,NR,NR,NR,NR,NR,NR,NR,NR,NR,NR,NR,NR,NR,NR,NR,NR,NR,NR,NR,NR,NR,NR,NR,NR,NR,NR,NR,NR,NR,NR,NR,NR,NR,NR,NR,NR,NR,NR,2026-07-27
Arunachal pradesh,Pasighat,53,NR,NR,50,93,113,97,93,113,60,80,176,238,172,180,187,NR,90,400,20,20,50,80,NR,NR,50,NR,57,83,723,59,100,60,100,70,78,43,15,60,48,67,2026-07-27
Arunachal pradesh,Tawang,45,NR,45,45,100,NR,140,137,98,57,73,NR,236,182,NR,165,NR,100,340,20,42,50,50,NR,NR,42,NR,53,93,684,57,112,70,98,28,83,30,28,73,31,43,2026-07-27
Arunachal pradesh,Tezu,38,NR,NR,40,90,130,120,120,90,55,70,NR,NR,NR,NR,NR,NR,100,240,15,20,40,80,NR,NR,40,NR,70,100,863,65,120,60,80,60,40,30,20,40,30,50,2026-07-27
Assam,Guwahati,NR,NR,NR,NR,NR,NR,NR,NR,NR,NR,NR,NR,NR,NR,NR,NR,NR,NR,NR,NR,NR,NR,NR,NR,NR,NR,NR,NR,NR,NR,NR,NR,NR,NR,NR,NR,NR,NR,NR,NR,NR,2026-07-27
Assam,Barpeta,34,25,35,35,79,110,96,100,81,53,74,197,212,139,159,195,163,59,153,10,18,38,47,50,43,36,97,52,83,736,63,100,40,83,34,33,27,18,58,25,26,2026-07-27
Assam,Tinsukia,33,40,32,37,88,125,100,100,85,54,77,NR,220,198,209,198,NR,65,190,11,14,40,50,NR,NR,44,NR,44,95,791,58,108,35,80,45,35,30,20,40,30,50,2026-07-27
Assam,Dhubri,32,25,NR,34,79,130,NR,106,83,53,77,NR,231,163,154,176,126,60,180,12,15,35,40,50,65,36,65,50,110,747,63,108,30,70,30,40,25,15,50,35,30,2026-07-27
Assam,Goalpara,35,25,32,35,85,130,130,109,95,52,63,NR,209,161,165,181,NR,61,212,10,15,40,55,NR,NR,35,NR,53,97,787,63,96,40,95,38,32,31,18,60,35,35,2026-07-27
Assam,Golaghat,47,36,34,42,90,120,90,110,105,55,67,159,209,161,159,174,157,78,240,14,16,38,40,NR,NR,41,NR,59,NR,NR,NR,94,48,71,45,NR,26,16,65,27,43,2026-07-27
Assam,Mangaldai,44,23,33,32,78,107,95,101,84,52,70,NR,200,142,NR,NR,160,60,260,11,16,43,40,NR,NR,35,NR,33,NR,NR,NR,108,33,NR,NR,NR,30,17,65,23,40,2026-07-27
Assam,Mushalpur,39,27,39,37,86,117,110,110,89,51,75,NR,219,149,190,190,137,52,265,10,15,42,56,NR,NR,39,NR,50,81,828,60,105,38,96,29,NR,29,28,59,40,39,2026-07-27
Assam,Udalguri,37,25,NR,37,83,117,96,112,87,51,77,NR,215,NR,160,188,145,58,272,10,11,37,51,NR,NR,39,NR,40,75,687,NR,95,37,80,42,NR,21,13,53,30,40,2026-07-27
Assam,Bajali,34,NR,33,40,87,118,102,113,93,51,78,164,214,NR,159,205,137,67,363,10,17,47,45,NR,NR,36,104,45,85,795,62,106,38,87,61,60,32,25,70,37,40,2026-07-27
Assam,Hojai,34,29,NR,40,80,114,98,94,80,55,60,NR,195,148,151,184,163,65,260,12,15,35,43,NR,NR,39,NR,41,70,665,59,105,40,78,33,40,28,11,40,38,48,2026-07-27
Assam,Jorhat,40,34,36,40,85,110,115,105,102,52,78,181,214,160,159,160,132,60,208,12,18,40,50,NR,NR,55,NR,54,78,714,NR,103,40,80,42,42,30,12,60,20,40,2026-07-27
Assam,Bongaigaon,43,NR,NR,35,83,118,97,110,90,47,70,NR,184,152,150,165,NR,60,322,10,15,31,41,NR,NR,37,NR,60,76,NR,NR,90,32,NR,40,NR,30,18,55,20,40,2026-07-27
Assam,Morigaon,40,30,40,40,83,129,120,110,100,52,65,195,198,159,154,159,137,60,233,10,15,45,57,50,NR,40,NR,50,105,725,60,101,50,80,45,37,25,15,70,33,50,2026-07-27
Assam,Sonari,41,32,43,42,98,122,NR,110,98,52,78,NR,214,NR,176,NR,NR,75,220,13,15,38,55,NR,NR,39,NR,60,90,NR,NR,100,45,80,43,42,30,15,59,20,45,2026-07-27
Assam,Tamulpur,36,27,39,39,85,128,110,111,89,55,77,NR,200,152,175,NR,160,69,270,10,15,40,60,NR,NR,39,NR,41,75,710,NR,102,42,NR,NR,NR,29,12,48,37,40,2026-07-27
Assam,Sivasagar,45,44,40,52,91,117,113,113,108,52,76,NR,239,209,183,198,168,60,253,11,18,37,72,33,63,55,NR,58,95,681,62,103,40,80,37,56,36,12,50,34,53,2026-07-27
Assam,Biswanath Chariali,36,27,NR,41,92,121,NR,120,102,49,77,NR,NR,NR,NR,NR,NR,61,233,NR,21,NR,NR,NR,NR,41,NR,45,120,NR,NR,80,40,90,50,40,30,20,70,20,27,2026-07-27
Assam,Dibrugarh,36,28,NR,38,88,129,122,108,101,54,77,NR,216,160,190,222,NR,62,203,12,17,42,47,NR,NR,38,NR,55,88,799,58,109,52,77,53,42,36,14,57,40,47,2026-07-27
Assam,Karimganj,37,NR,NR,39,80,114,122,102,79,54,75,NR,215,NR,176,215,NR,72,238,14,27,39,47,NR,NR,39,NR,65,130,NR,60,109,48,NR,52,NR,29,17,50,42,50,2026-07-27
Assam,Majuli,35,NR,38,40,98,119,90,115,100,54,70,NR,188,NR,159,NR,NR,60,260,15,20,38,48,NR,NR,41,NR,43,112,NR,NR,84,40,70,45,NR,35,15,40,30,40,2026-07-27
Assam,Sonitpur Tezpur,37,26,30,41,85,115,100,110,85,51,69,NR,203,NR,186,211,NR,49,310,10,16,38,58,NR,NR,40,NR,45,80,749,62,96,40,96,50,60,30,17,80,20,40,2026-07-27
Assam,Haflong,34,39,NR,45,90,130,NR,120,90,55,77,NR,190,NR,121,210,NR,80,270,15,20,45,60,NR,NR,45,NR,45,90,679,58,120,40,95,40,32,30,19,80,20,50,2026-07-27
Assam,AS-Lakhimpur,39,NR,NR,38,82,114,102,110,92,52,73,NR,202,161,164,178,NR,58,193,15,14,38,53,NR,NR,42,NR,40,88,613,59,98,52,80,38,53,32,13,48,30,43,2026-07-27
Assam,Diphu,35,27,NR,37,85,116,115,111,87,53,75,NR,208,NR,170,NR,127,92,233,15,19,43,44,45,45,40,65,70,82,687,62,101,20,80,50,35,30,17,63,27,42,2026-07-27
Assam,Nalbari,36,26,NR,40,82,125,95,110,85,52,70,NR,203,145,165,187,126,60,297,10,15,45,50,NR,NR,40,NR,40,80,820,58,96,40,80,43,50,30,15,72,40,30,2026-07-27
Assam,South Salmara Mankachar,40,33,39,38,81,124,NR,116,86,50,75,NR,219,167,160,159,134,64,233,12,23,30,51,80,85,39,NR,63,NR,801,59,83,37,72,45,50,40,19,55,NR,NR,2026-07-27
Assam,Kamrup,39,32,NR,39,79,119,105,106,85,52,75,NR,224,NR,188,203,169,75,219,15,15,38,60,NR,NR,38,NR,45,79,NR,59,104,40,NR,41,40,31,15,55,40,42,2026-07-27
Manipur,Imphal,NR,NR,NR,NR,NR,NR,NR,NR,NR,NR,NR,NR,NR,NR,NR,NR,NR,NR,NR,NR,NR,NR,NR,NR,NR,NR,NR,NR,NR,NR,NR,NR,NR,NR,NR,NR,NR,NR,NR,NR,NR,2026-07-27
Manipur,Chandel,NR,NR,NR,NR,NR,NR,NR,NR,NR,NR,NR,NR,NR,NR,NR,NR,NR,NR,NR,NR,NR,NR,NR,NR,NR,NR,NR,NR,NR,NR,NR,NR,NR,NR,NR,NR,NR,NR,NR,,,2026-07-27
Manipur,Jiribam,NR,NR,NR,NR,NR,NR,NR,NR,NR,NR,NR,NR,NR,NR,NR,NR,NR,NR,NR,NR,NR,NR,NR,NR,NR,NR,NR,NR,NR,NR,NR,NR,NR,NR,NR,NR,NR,NR,NR,NR,NR,2026-07-27
Manipur,Kangpokpi,53,NR,NR,45,100,147,NR,140,100,55,77,NR,NR,NR,176,176,NR,NR,273,15,30,47,100,NR,NR,45,NR,40,97,753,60,96,NR,120,45,52,44,20,50,NR,NR,2026-07-27
Manipur,Senapati,NR,NR,NR,NR,NR,NR,NR,NR,NR,NR,NR,NR,NR,NR,NR,NR,NR,NR,NR,NR,NR,NR,NR,NR,NR,NR,NR,NR,NR,NR,NR,NR,NR,NR,NR,NR,NR,NR,NR,NR,NR,2026-07-27
Manipur,Tamenglong,NR,NR,NR,NR,NR,NR,NR,NR,NR,NR,NR,NR,NR,NR,NR,NR,NR,NR,NR,NR,NR,NR,NR,NR,NR,NR,NR,NR,NR,NR,NR,NR,NR,NR,NR,NR,NR,NR,NR,,,2026-07-27
Manipur,Thoubal,NR,NR,NR,NR,NR,NR,NR,NR,NR,NR,NR,NR,NR,NR,NR,NR,NR,NR,NR,NR,NR,NR,NR,NR,NR,NR,NR,NR,NR,NR,NR,NR,NR,NR,NR,NR,NR,NR,NR,NR,NR,2026-07-27
Manipur,Ukhrul,NR,NR,NR,NR,NR,NR,NR,NR,NR,NR,NR,NR,NR,NR,NR,NR,NR,NR,NR,NR,NR,NR,NR,NR,NR,NR,NR,NR,NR,NR,NR,NR,NR,NR,NR,NR,NR,NR,NR,NR,NR,2026-07-27
Manipur,Churachandpur,NR,NR,NR,NR,NR,NR,NR,NR,NR,NR,NR,NR,NR,NR,NR,NR,NR,NR,NR,NR,NR,NR,NR,NR,NR,NR,NR,NR,NR,NR,NR,NR,NR,NR,NR,NR,NR,NR,NR,NR,NR,2026-07-27
Manipur,Kakching,NR,NR,NR,NR,NR,NR,NR,NR,NR,NR,NR,NR,NR,NR,NR,NR,NR,NR,NR,NR,NR,NR,NR,NR,NR,NR,NR,NR,NR,NR,NR,NR,NR,NR,NR,NR,NR,NR,NR,NR,NR,2026-07-27
Meghalaya,Shillong,36,34,40,39,90,130,130,120,90,49,77,NR,187,183,154,NR,NR,70,320,30,20,47,47,NR,NR,40,NR,40,103,791,60,103,57,80,47,55,28,22,87,28,57,2026-07-27
Meghalaya,Tura,35,NR,NR,40,90,140,NR,120,90,55,76,NR,192,NR,167,203,132,80,320,18,27,47,57,NR,NR,40,NR,60,89,692,59,84,60,83,53,53,30,20,70,30,40,2026-07-27
Meghalaya,Jowai,37,NR,39,39,90,NR,NR,120,87,54,77,NR,163,NR,154,NR,NR,80,360,15,20,48,30,NR,NR,39,NR,39,87,681,63,107,50,80,50,40,30,16,90,30,50,2026-07-27
Meghalaya,Sohra,40,NR,42,40,NR,NR,NR,142,90,52,77,NR,165,NR,154,NR,NR,NR,385,30,30,50,60,NR,NR,NR,NR,NR,NR,NR,NR,NR,NR,NR,NR,NR,NR,NR,NR,NR,NR,2026-07-27
Meghalaya,Mairang,39,NR,40,40,NR,NR,NR,120,90,53,77,NR,154,NR,154,NR,NR,NR,380,17,20,50,40,NR,NR,40,NR,40,103,NR,60,120,80,84,50,50,27,17,100,40,60,2026-07-27
Meghalaya,Nongpoh,35,32,NR,40,93,145,NR,122,88,53,77,NR,158,NR,156,NR,NR,70,353,15,22,50,50,NR,NR,39,NR,43,95,703,63,120,47,87,50,57,33,19,77,30,57,2026-07-27
Meghalaya,Khliehriat,43,42,39,39,92,128,NR,115,85,50,76,NR,NR,NR,NR,NR,NR,NR,313,30,22,48,35,NR,NR,39,NR,44,73,743,59,92,42,77,58,42,32,15,72,25,40,2026-07-27
Meghalaya,Williamnagar,35,NR,40,35,108,148,NR,118,88,50,70,NR,203,NR,174,NR,140,78,318,15,28,39,58,NR,NR,38,NR,62,87,747,57,84,68,80,40,70,20,20,80,20,45,2026-07-27
Meghalaya,Nongstoin,32,NR,41,41,NR,NR,NR,120,95,50,77,NR,165,NR,165,NR,NR,NR,360,15,20,48,40,NR,NR,41,NR,45,97,681,63,94,57,80,54,55,27,16,82,27,47,2026-07-27
Meghalaya,Mawkyrwat,35,NR,40,39,NR,NR,NR,120,85,55,75,NR,165,NR,NR,NR,NR,NR,370,16,20,48,47,NR,NR,44,NR,50,100,709,60,98,67,100,60,50,35,25,63,47,67,2026-07-27
Mizoram,Aizawl,50,50,40,50,103,153,130,133,93,55,83,271,260,256,161,244,152,103,520,30,48,48,78,NR,NR,50,NR,70,90,703,60,100,73,90,100,90,60,40,75,27,52,2026-07-27
Mizoram,Lunglei,50,50,40,50,125,180,180,150,110,55,82,NR,NR,198,NR,207,132,100,486,30,50,50,100,NR,NR,50,NR,50,115,680,60,100,65,95,75,60,30,20,80,30,70,2026-07-27
Mizoram,Kolasib,53,45,40,45,95,120,140,140,93,55,80,NR,242,NR,143,203,132,100,483,30,30,40,85,NR,40,45,NR,70,120,725,60,90,60,98,100,80,36,35,50,30,70,2026-07-27
Mizoram,Mamit,45,NR,NR,50,128,NR,NR,128,98,53,80,NR,253,NR,132,121,NR,140,433,30,28,53,100,NR,NR,45,NR,97,127,546,65,90,61,127,50,68,50,34,66,48,50,2026-07-27
Mizoram,Champhai,50,49,50,52,100,130,150,140,108,55,85,NR,238,230,150,NR,NR,120,560,30,35,67,80,NR,NR,48,NR,100,160,745,60,108,48,97,100,80,42,20,80,25,60,2026-07-27
Mizoram,Serchhip,45,NR,NR,49,113,NR,NR,130,100,50,85,NR,264,NR,154,NR,143,100,520,30,30,60,100,NR,NR,55,NR,80,160,633,60,105,53,107,80,90,30,23,60,30,65,2026-07-27
Mizoram,Siaha,55,55,NR,50,103,157,138,148,102,55,80,170,253,219,147,NR,110,100,250,30,40,53,117,NR,NR,50,100,95,110,631,60,100,73,80,NR,60,60,40,88,30,70,2026-07-27
Mizoram,Lawngtlai,50,NR,45,50,100,160,140,140,100,50,80,NR,253,NR,143,NR,132,110,480,30,40,60,120,NR,NR,50,NR,80,140,660,60,100,80,100,NR,90,60,40,100,30,70,2026-07-27
Mizoram,Hnahthial,53,NR,45,50,NR,147,150,133,103,52,84,NR,257,NR,154,NR,NR,120,513,30,35,57,97,NR,NR,50,NR,90,140,659,60,96,65,93,NR,90,50,20,75,28,65,2026-07-27
Mizoram,Khawzawl,45,40,40,53,95,137,133,120,100,55,80,NR,224,145,150,NR,132,143,457,30,50,65,87,NR,NR,50,NR,72,122,619,60,99,60,88,NR,65,58,32,77,43,32,2026-07-27
Mizoram,Saitual,50,NR,45,50,107,NR,140,NR,100,55,80,NR,198,NR,152,NR,NR,120,523,30,27,50,80,NR,NR,50,NR,90,100,NR,58,95,80,100,NR,90,50,22,80,30,70,2026-07-27
Nagaland,Kohima,45,30,45,45,110,157,130,120,90,55,77,NR,154,176,165,NR,NR,NR,350,20,30,50,67,NR,NR,45,NR,90,90,714,60,92,50,80,70,60,50,15,80,35,60,2026-07-27
Nagaland,Dimapur,40,35,43,50,71,160,110,120,90,53,80,209,181,220,198,209,181,80,350,20,26,30,50,NR,NR,45,NR,100,160,769,67,80,36,75,75,80,50,15,80,26,55,2026-07-27
Nagaland,Tuensang,37,NR,40,55,100,NR,NR,120,100,50,NR,NR,176,NR,200,NR,NR,NR,NR,20,30,45,60,NR,NR,52,NR,50,100,NR,58,92,42,100,35,90,50,30,60,35,70,2026-07-27
Nagaland,Mokochung,48,44,NR,60,100,140,140,120,90,50,74,NR,154,170,165,NR,NR,80,340,15,25,50,50,NR,NR,60,NR,70,120,791,60,80,55,100,70,70,40,20,50,20,60,2026-07-27
Nagaland,Chumukedima,40,NR,NR,36,90,140,147,140,90,50,75,NR,255,211,198,209,NR,83,313,18,30,50,50,NR,NR,40,NR,85,123,652,70,115,35,90,NR,82,37,32,58,32,63,2026-07-27
Nagaland,Mon,40,NR,NR,60,100,NR,NR,125,100,60,70,NR,154,NR,165,NR,NR,80,340,17,20,50,70,NR,NR,60,NR,70,65,NR,60,80,50,NR,NR,65,45,20,50,20,50,2026-07-27
Nagaland,Peren,39,30,45,45,90,NR,NR,120,100,50,70,NR,154,NR,165,NR,NR,120,320,20,25,55,60,NR,NR,55,NR,70,113,651,60,96,37,80,40,70,47,20,88,27,40,2026-07-27
Nagaland,Phek,40,NR,50,50,100,150,140,130,100,50,72,NR,163,NR,165,NR,NR,80,350,20,NR,50,57,NR,NR,50,NR,100,100,630,68,NR,60,100,60,63,56,30,40,20,50,2026-07-27
Nagaland,Tseminyu,50,40,NR,57,NR,NR,NR,137,97,55,70,NR,154,NR,154,NR,NR,NR,380,15,28,50,60,NR,NR,53,NR,80,90,714,60,100,50,NR,NR,90,42,19,NR,20,62,2026-07-27
Nagaland,Wokha,52,NR,NR,68,97,NR,NR,120,97,50,74,NR,158,NR,158,NR,NR,NR,300,15,30,40,60,NR,NR,70,NR,80,100,758,60,84,50,100,60,65,40,15,70,25,60,2026-07-27
Nagaland,Zunheboto,55,39,NR,50,NR,163,NR,110,90,45,75,NR,NR,NR,NR,NR,NR,60,240,18,NR,NR,67,NR,NR,55,NR,75,NR,703,NR,82,60,120,30,70,40,25,60,33,58,2026-07-27
Nagaland,Kiphire,38,35,NR,60,120,155,140,120,90,55,70,NR,154,NR,165,NR,NR,75,345,18,20,35,70,NR,NR,45,NR,85,95,648,65,85,58,90,80,75,55,15,40,20,70,2026-07-27
Nagaland,Longleng,NR,NR,NR,NR,NR,NR,NR,NR,NR,NR,NR,NR,NR,NR,NR,NR,NR,NR,NR,NR,NR,NR,NR,NR,NR,NR,NR,NR,NR,NR,NR,NR,NR,NR,NR,NR,NR,NR,NR,NR,NR,2026-07-27
Nagaland,Niuland,40,28,NR,50,NR,130,120,120,90,50,70,NR,154,NR,165,NR,NR,NR,325,15,20,45,50,NR,NR,45,NR,70,95,NR,60,90,30,NR,40,50,35,15,30,25,45,2026-07-27
Nagaland,Shamator,44,NR,50,60,100,NR,NR,130,100,60,78,NR,165,NR,176,NR,NR,80,320,20,25,50,60,NR,NR,60,NR,70,120,692,60,98,40,100,NR,95,30,20,50,25,60,2026-07-27
Nagaland,Noklak,40,NR,50,65,120,NR,NR,140,100,55,80,NR,165,NR,165,NR,NR,80,NR,20,25,60,70,NR,NR,60,NR,80,130,769,59,99,50,100,62,70,35,20,50,20,90,2026-07-27
Sikkim,Gangtok,45,NR,40,40,93,NR,NR,123,95,55,70,NR,220,143,137,209,NR,67,300,20,25,45,45,NR,NR,47,NR,60,110,769,60,108,60,100,50,53,30,23,60,30,50,2026-07-27
Sikkim,Gyalshing,45,NR,38,40,90,NR,NR,120,90,55,70,NR,220,143,176,198,NR,60,300,20,20,40,45,NR,NR,40,NR,70,110,651,60,108,70,100,50,40,28,23,60,25,50,2026-07-27
Sikkim,Namchi,45,NR,40,42,100,NR,NR,120,100,52,70,NR,220,154,143,198,NR,65,360,23,25,45,50,NR,NR,45,NR,80,120,714,58,108,70,90,50,53,30,20,70,20,50,2026-07-27
Sikkim,Soreng,45,NR,40,40,90,NR,NR,120,100,55,70,NR,220,154,165,NR,NR,60,200,20,25,45,60,NR,NR,40,40,70,110,714,62,108,80,100,35,40,20,20,70,20,50,2026-07-27
Sikkim,Mangan,45,NR,38,40,100,NR,NR,130,90,55,70,NR,220,154,170,NR,NR,60,460,20,25,40,60,NR,NR,40,NR,70,120,703,62,108,60,90,42,50,30,23,70,25,50,2026-07-27
Sikkim,Pakyong,45,NR,40,40,110,NR,NR,130,95,55,70,NR,209,148,165,198,NR,NR,300,24,20,45,60,NR,NR,45,NR,70,120,651,58,108,80,90,50,60,30,23,80,25,50,2026-07-27
Tripura,Agartala,38,40,NR,40,82,129,123,91,130,55,78,NR,208,176,189,199,163,71,243,10,19,40,60,NR,NR,40,NR,47,82,736,68,100,50,92,51,32,31,15,78,30,39,2026-07-27
Tripura,Dharmanagar,38,40,NR,42,87,127,123,97,134,55,75,NR,208,NR,192,NR,181,80,243,15,22,38,53,NR,NR,43,NR,48,92,710,62,98,47,92,45,40,28,15,78,30,42,2026-07-27
Tripura,Belonia,37,44,NR,40,83,130,125,100,143,58,80,NR,209,178,170,201,164,80,247,13,21,42,63,NR,NR,40,NR,50,85,740,68,108,58,95,52,33,33,17,85,32,40,2026-07-27
Tripura,TR-Udaipur,40,42,NR,42,85,130,124,95,135,59,80,NR,209,179,192,201,164,73,245,10,21,41,63,NR,NR,45,NR,50,82,751,66,96,54,94,52,35,32,16,77,37,40,2026-07-27
Tripura,Ambassa,39,41,NR,41,84,129,124,94,131,56,80,NR,208,178,191,200,164,77,245,10,20,41,60,NR,NR,42,NR,50,92,769,70,104,48,97,53,41,31,15,55,33,42,2026-07-27
SOUTH ZONE,SOUTH ZONE,,,,,,,,,,,,,,,,,,,,,,,,,,,,,,,,,,,,,,,,,,2026-07-27
Andhra Pradesh,Vijaywada,46,33,43,45,82,138,137,104,85,48,54,203,156,147,NR,200,148,55,297,15,25,33,23,45,45,42,55,45,95,604,58,90,55,92,30,40,24,19,55,65,85,2026-07-27
Andhra Pradesh,Visakhapatnam,58,30,44,45,87,126,132,111,86,49,60,196,192,152,NR,188,159,67,260,17,20,37,22,41,45,45,45,45,90,725,60,89,33,89,37,37,28,15,50,45,40,2026-07-27
Andhra Pradesh,Kurnool,54,37,41,45,79,117,111,109,89,45,60,192,199,137,130,190,136,55,323,17,31,33,19,37,39,43,49,41,93,751,61,89,23,86,36,38,23,13,29,33,48,2026-07-27
Andhra Pradesh,Tirupathi,50,32,44,45,83,108,105,109,90,43,58,172,183,134,168,162,124,61,308,20,32,36,23,39,43,41,43,45,87,641,55,71,44,85,34,40,20,17,48,31,33,2026-07-27
Andhra Pradesh,Jammalamadugu,NR,NR,NR,NR,NR,NR,NR,NR,NR,NR,NR,NR,NR,NR,NR,NR,NR,NR,NR,NR,NR,NR,NR,NR,NR,NR,NR,NR,NR,NR,NR,NR,NR,NR,NR,NR,NR,NR,NR,,,2026-07-27
Andhra Pradesh,Dharmavaram,NR,NR,NR,NR,NR,NR,NR,NR,NR,NR,NR,NR,NR,NR,NR,NR,NR,NR,NR,NR,NR,NR,NR,NR,NR,NR,NR,NR,NR,NR,NR,NR,NR,NR,NR,NR,NR,NR,NR,,,2026-07-27
Andhra Pradesh,Ongole,53,31,43,45,82,119,117,109,89,46,58,183,186,143,NR,181,141,57,300,16,35,30,25,38,42,42,46,44,85,718,62,81,35,81,33,38,22,17,51,29,35,2026-07-27
Andhra Pradesh,Bapatla,48,29,43,43,83,113,120,106,85,45,58,189,NR,NR,NR,187,141,52,287,15,31,28,30,33,42,42,45,43,90,763,59,77,31,82,30,35,22,16,50,24,33,2026-07-27
Andhra Pradesh,Rajahmundry,49,35,44,46,82,116,109,107,85,46,60,192,210,131,NR,190,137,54,207,16,20,33,24,41,42,44,46,44,89,578,60,75,37,85,43,31,23,12,35,25,40,2026-07-27
Andhra Pradesh,Eluru,56,39,43,45,79,120,113,110,88,49,61,196,215,145,164,191,144,57,207,22,28,38,28,37,44,40,53,44,86,824,58,71,43,82,30,34,26,19,32,30,50,2026-07-27
Andhra Pradesh,Guntur,56,30,42,45,83,118,122,111,87,46,60,190,187,137,NR,181,143,52,215,12,25,28,25,35,38,40,44,43,85,585,53,68,33,80,31,33,20,14,32,25,34,2026-07-27
Andhra Pradesh,Amalapuram,54,34,45,45,88,122,136,117,86,53,65,218,216,145,158,199,148,57,295,24,22,37,27,31,32,45,46,48,89,680,60,84,40,89,36,39,28,19,48,33,30,2026-07-27
Andhra Pradesh,Nandyala,61,40,43,39,82,119,118,107,88,49,61,197,219,148,154,193,148,59,277,15,35,27,15,34,39,39,51,43,83,743,64,92,37,90,49,38,30,18,26,21,52,2026-07-27
Andhra Pradesh,Parvathipuram,53,39,45,46,85,117,122,110,91,50,60,185,196,148,NR,193,137,58,281,21,18,31,25,41,42,45,45,46,86,692,60,77,34,84,34,35,22,19,36,42,37,2026-07-27
Andhra Pradesh,Sri Sathya Sai,46,28,41,41,78,113,106,104,89,45,59,201,198,137,157,187,143,55,320,15,31,20,34,35,41,41,47,43,88,663,58,75,30,83,32,35,20,15,52,25,33,2026-07-27
Andhra Pradesh,Nellore,49,35,40,43,82,115,115,105,100,45,58,192,203,159,NR,192,152,55,260,19,35,35,30,35,40,45,49,43,84,815,60,73,31,81,35,37,21,16,35,24,34,2026-07-27
Andhra Pradesh,Srikakulam,60,NR,39,46,84,120,132,107,84,50,56,202,209,136,161,166,136,60,331,11,22,33,24,NR,NR,48,50,54,89,672,55,71,41,89,NR,43,27,17,55,44,44,2026-07-27
Andhra Pradesh,Vizianagaram,49,39,40,43,80,114,116,106,87,49,60,178,190,144,NR,187,135,55,275,19,24,33,30,37,38,43,42,43,85,659,60,72,30,80,34,32,22,17,31,24,36,2026-07-27
Andhra Pradesh,Anakapalli,65,35,40,45,82,120,140,110,85,50,69,203,211,154,NR,203,143,52,247,19,25,35,27,40,42,40,40,40,113,714,60,78,40,73,34,33,23,17,47,20,29,2026-07-27
Andhra Pradesh,Bhimavaram,51,35,40,41,83,120,111,105,86,45,60,192,203,146,150,186,141,55,285,19,27,34,29,34,40,44,45,44,88,791,54,79,48,88,38,38,22,18,35,33,37,2026-07-27
Andhra Pradesh,Chittoor,50,35,45,47,85,105,110,110,95,45,55,181,198,154,NR,170,132,60,345,15,42,35,14,36,38,50,50,55,110,681,65,75,55,80,30,30,20,15,42,55,45,2026-07-27
Andhra Pradesh,Kakinada,47,35,42,41,79,116,113,107,86,44,62,193,213,145,NR,195,140,55,294,18,30,34,29,37,40,43,44,44,92,640,63,70,38,84,33,37,21,15,51,25,30,2026-07-27
Andhra Pradesh,Machilipatnam,51,30,43,45,84,115,100,107,88,44,63,169,176,133,168,169,114,52,338,15,22,34,21,32,43,44,42,44,90,743,61,58,30,85,31,30,19,12,24,47,45,2026-07-27
Andhra Pradesh,Narasaraopeta,45,31,44,44,84,102,104,104,84,45,63,161,189,162,168,174,120,50,265,18,32,21,31,33,43,43,45,42,92,772,49,74,34,83,32,33,20,18,50,27,42,2026-07-27
Andhra Pradesh,Paderu,60,30,40,44,83,120,132,107,85,50,60,194,194,143,NR,194,136,53,300,19,28,30,30,NR,NR,43,47,43,90,703,62,72,37,80,33,35,19,13,52,25,40,2026-07-27
Andhra Pradesh,Rayachoti,NR,NR,NR,NR,NR,NR,NR,NR,NR,NR,NR,NR,NR,NR,NR,NR,NR,NR,NR,NR,NR,NR,NR,NR,NR,NR,NR,NR,NR,NR,NR,NR,NR,NR,NR,NR,NR,NR,NR,NR,NR,2026-07-27
Andhra Pradesh,Anantapuramu,46,30,40,45,82,113,110,110,88,45,60,200,198,138,157,189,145,56,312,18,33,32,24,33,39,41,49,46,84,659,57,84,28,85,39,37,27,16,45,33,46,2026-07-27
Andhra Pradesh,YSR Kadapa,50,30,42,41,81,104,102,107,87,44,61,182,197,148,170,181,134,56,301,19,30,25,30,38,40,42,48,42,91,743,62,69,30,83,29,36,20,17,39,28,30,2026-07-27
Andhra Pradesh,Madanapalle,67,40,40,44,92,119,128,109,92,49,71,167,200,167,172,192,139,57,250,22,40,33,28,34,39,46,43,51,92,787,50,75,41,79,52,36,32,20,57,47,77,2026-07-27
Andhra Pradesh,Markapuram,50,30,40,41,81,120,117,105,90,45,67,200,182,144,NR,194,148,54,327,19,28,25,34,33,40,42,42,42,88,701,62,74,35,82,39,38,24,16,49,34,40,2026-07-27
Karnataka,Bengaluru,60,36,45,43,87,121,133,112,89,49,51,195,209,155,158,192,161,55,240,18,28,36,23,39,41,41,51,46,90,762,60,85,52,77,42,35,30,16,47,28,33,2026-07-27
Karnataka,Dharwad,56,34,42,44,84,124,126,112,88,48,54,196,193,145,146,191,152,50,268,20,23,31,23,46,50,46,48,46,86,786,56,91,55,78,34,43,33,15,40,28,38,2026-07-27
Karnataka,Mangalore,54,35,43,44,84,120,129,111,88,46,54,209,197,150,170,188,154,58,199,20,29,29,30,39,55,45,48,47,88,751,59,81,46,83,35,37,28,17,57,27,38,2026-07-27
Karnataka,Mysore,61,37,41,50,83,123,141,108,80,49,48,211,216,178,171,194,156,64,282,20,29,36,15,52,56,40,55,41,78,723,60,87,44,95,49,35,38,21,55,42,38,2026-07-27
Karnataka,Bengaluru (East Range),59,38,42,46,87,124,125,118,87,51,50,202,223,154,167,197,160,57,262,20,32,37,20,42,44,43,51,48,92,753,60,94,60,82,39,42,28,18,50,30,48,2026-07-27
Karnataka,Belagavi,53,36,42,43,83,119,119,107,86,49,54,203,195,140,173,195,151,49,258,21,27,29,22,50,53,41,45,43,84,786,61,84,41,80,35,59,24,14,41,30,31,2026-07-27
Karnataka,Kalaburagi,56,35,44,42,84,120,121,117,90,48,54,198,193,163,136,187,154,55,211,20,25,35,20,40,45,46,49,45,95,725,65,108,70,78,40,60,30,18,60,30,45,2026-07-27
Karnataka,Tumakuru,60,36,43,44,89,126,131,116,94,49,55,203,213,146,159,188,144,56,232,21,29,37,22,49,50,47,50,47,82,720,60,95,47,88,45,44,32,19,50,30,42,2026-07-27
Karnataka,Bellary,55,33,45,42,87,122,126,108,88,46,54,216,203,157,150,182,161,58,281,19,27,28,16,40,42,40,47,43,97,766,61,82,41,77,36,36,30,18,50,31,29,2026-07-27
Karnataka,Dhavanagere,65,36,44,50,85,120,117,110,87,55,53,203,208,153,148,198,159,57,297,24,27,36,15,41,56,43,52,45,87,791,58,89,41,74,37,42,24,16,40,25,35,2026-07-27
Karnataka,Shivamogga,59,37,43,47,86,120,122,112,90,46,54,200,208,145,148,195,148,54,245,21,26,30,20,48,52,47,49,48,92,767,60,90,40,86,36,41,28,15,45,30,36,2026-07-27
Karnataka,Vijayapur,58,37,45,44,85,125,126,118,83,49,55,219,214,148,176,186,143,55,244,21,26,26,21,40,43,42,50,43,82,786,62,87,41,95,39,42,38,15,52,40,46,2026-07-27
Karnataka,Ramanagara,55,34,42,45,88,120,118,108,92,48,55,211,216,139,142,192,148,50,213,19,28,31,25,42,44,47,47,43,90,756,65,90,40,90,35,50,24,16,53,33,32,2026-07-27
Karnataka,Raichur,56,33,44,42,83,123,124,118,83,45,54,199,201,175,170,188,141,55,209,16,25,26,29,47,49,45,45,45,94,721,56,80,43,92,40,48,39,17,43,26,27,2026-07-27
Karnataka,Chamarajanagar,57,35,42,45,84,125,129,106,96,49,48,215,208,153,122,192,143,56,198,18,29,35,17,50,56,52,51,54,90,717,60,89,44,94,39,63,42,19,63,42,43,2026-07-27
Karnataka,Kolar,60,30,47,46,90,120,127,118,94,49,52,224,213,164,169,197,160,58,259,20,25,28,15,39,42,48,43,49,97,713,60,84,46,85,36,42,31,15,40,46,51,2026-07-27
Karnataka,Haveri,65,40,42,44,90,120,125,110,90,49,52,209,204,165,170,187,143,52,247,19,25,35,11,45,55,42,55,42,95,758,65,90,35,80,42,45,30,15,45,35,40,2026-07-27
Karnataka,Bagalkot,54,35,44,42,85,118,118,115,92,46,55,206,196,145,165,186,153,50,245,20,28,29,28,49,46,44,52,43,90,795,58,88,48,80,35,37,35,18,58,26,30,2026-07-27
Karnataka,Bidar,59,37,41,41,83,119,119,114,84,45,53,198,198,138,158,183,162,57,277,19,28,33,27,41,48,41,48,41,87,798,61,93,57,87,38,38,33,17,52,53,53,2026-07-27
Karnataka,Koppal,57,36,43,44,84,120,125,112,91,48,52,200,194,152,159,192,156,54,247,19,30,33,20,41,46,43,48,44,90,740,58,85,44,90,37,40,28,17,53,31,32,2026-07-27
Karnataka,Mandya,60,36,44,47,85,119,130,119,97,51,52,218,231,144,170,191,155,55,241,20,29,35,15,46,47,42,47,44,95,731,61,98,45,81,40,36,30,15,50,25,40,2026-07-27
Karnataka,Yadgir,55,35,44,45,86,121,121,110,87,46,54,203,203,170,165,192,159,51,210,17,25,30,25,44,52,46,46,45,96,780,58,82,43,75,35,38,28,19,48,30,45,2026-07-27
Karnataka,Chikkamagalur,55,36,43,46,85,121,123,112,90,47,53,204,199,153,157,192,147,55,218,19,26,35,21,44,46,46,47,46,94,723,63,90,46,84,37,43,29,16,45,41,40,2026-07-27
Karnataka,Bangalore Rural,58,36,43,49,88,119,123,107,87,47,50,212,195,140,152,186,145,56,254,18,27,35,20,49,45,45,46,48,94,729,64,90,40,81,36,50,26,18,40,31,41,2026-07-27
Karnataka,Chikkaballapur,63,34,46,47,92,114,131,109,87,50,52,222,211,160,172,194,160,54,292,20,28,30,21,45,44,44,45,43,97,740,59,82,41,85,39,41,25,15,40,32,44,2026-07-27
Karnataka,Chitradurga,60,37,44,48,86,120,118,110,87,48,53,203,210,149,152,188,156,56,280,18,30,30,20,43,53,43,52,45,86,775,58,88,42,76,37,42,25,16,50,27,35,2026-07-27
Karnataka,Gadag,58,37,44,46,86,119,129,116,89,52,53,213,195,142,140,185,147,53,238,22,25,35,21,41,45,45,50,46,88,722,65,87,57,86,38,37,40,17,40,29,36,2026-07-27
Karnataka,Hassan,56,36,44,48,86,121,127,109,96,50,54,223,199,151,153,195,159,59,245,21,24,37,17,46,46,47,46,47,91,727,60,94,39,79,38,39,28,13,39,46,39,2026-07-27
Karnataka,Kodagu,56,35,44,46,87,120,123,113,89,46,54,206,199,149,155,190,150,55,249,19,27,34,24,42,45,45,47,46,93,766,63,91,49,82,36,39,27,16,51,32,41,2026-07-27
Karnataka,Udupi,57,36,46,47,83,119,124,111,94,48,48,220,210,166,177,186,158,55,221,19,29,31,30,44,43,48,47,47,92,747,67,86,55,80,40,55,38,19,61,32,35,2026-07-27
Karnataka,Uttara Kannada,56,36,45,43,88,121,129,119,96,48,48,218,194,170,175,191,148,57,280,22,29,33,28,46,52,43,49,44,97,769,62,90,56,95,43,39,41,19,43,43,47,2026-07-27
Karnataka,Vijayanagara,56,37,42,43,84,119,122,116,93,47,52,197,208,144,NR,190,143,51,225,19,25,35,16,40,48,47,48,46,95,742,59,88,41,87,38,36,38,16,48,27,30,2026-07-27
Kerala,T.Puram,61,53,41,44,95,135,148,125,90,52,56,308,242,198,144,198,148,73,260,14,38,39,35,46,55,48,54,44,95,NR,61,90,50,90,48,45,35,17,60,50,60,2026-07-27
Kerala,Ernakulam,50,60,40,44,103,155,143,135,95,51,60,247,240,203,NR,205,174,68,225,15,40,38,33,45,60,48,60,NR,118,786,71,90,43,80,55,40,32,18,60,50,57,2026-07-27
Kerala,Kozhikode,47,55,50,44,110,140,145,137,97,52,56,NR,220,165,NR,198,170,62,237,15,27,36,20,NR,NR,44,52,47,107,747,NR,96,57,82,48,37,28,16,57,NR,57,2026-07-27
Kerala,Thrissur,55,53,48,49,96,139,130,135,85,52,58,NR,263,216,NR,200,172,73,297,17,40,41,36,53,57,51,61,57,116,730,58,94,54,92,45,52,29,15,66,43,52,2026-07-27
Kerala,Palakkad,45,39,48,44,90,131,145,116,86,52,54,236,219,192,NR,194,170,59,223,13,36,36,20,53,50,48,50,47,94,707,63,84,33,84,50,40,32,16,62,42,45,2026-07-27
Kerala,Wayanad,49,58,52,45,116,142,148,143,114,52,57,285,255,201,NR,212,190,61,239,17,33,38,24,NR,NR,48,69,49,118,793,67,98,41,85,49,45,31,17,49,51,64,2026-07-27
Kerala,Kasargod,50,58,50,60,113,139,136,136,111,48,66,NR,NR,218,NR,197,159,53,275,15,26,33,22,NR,NR,46,56,46,107,780,56,90,40,79,42,40,39,17,52,38,49,2026-07-27
Kerala,Kottayam,57,52,44,51,99,142,120,103,99,51,58,NR,226,203,NR,198,163,68,233,16,33,38,36,NR,NR,53,55,52,112,727,64,94,46,81,51,38,35,15,51,52,53,2026-07-27
Kerala,Pathanamthitta,62,58,43,46,104,135,120,129,94,51,57,NR,231,236,NR,206,205,75,260,15,38,42,45,NR,NR,51,58,NR,140,790,60,90,60,80,54,44,45,18,70,67,63,2026-07-27
Kerala,Alapuzha,49,60,50,70,120,150,144,140,NR,51,52,NR,NR,195,NR,190,171,66,233,16,44,36,36,NR,NR,50,67,67,NR,759,62,95,53,92,49,41,31,17,58,34,50,2026-07-27
Kerala,Kollam,48,52,44,44,93,130,132,130,90,52,56,NR,246,228,NR,204,202,63,233,16,37,40,38,65,62,48,54,57,88,677,61,83,48,103,52,40,21,16,58,62,67,2026-07-27
Kerala,Idukki,58,55,44,44,96,137,NR,120,90,52,70,NR,213,208,NR,201,176,69,233,13,43,40,40,NR,NR,48,58,44,103,754,62,99,55,80,53,39,32,15,50,57,57,2026-07-27
Kerala,Kannur,53,56,49,51,106,145,151,146,100,53,60,NR,NR,216,NR,198,176,63,266,19,30,39,23,45,45,44,53,51,119,NR,58,80,60,81,48,42,35,19,60,45,62,2026-07-27
Kerala,Malapuram,49,55,50,43,90,132,133,120,103,52,58,270,231,194,NR,208,170,59,NR,13,30,36,21,50,50,46,52,48,103,747,60,100,47,80,45,37,28,14,53,53,53,2026-07-27
Puducherry,Puducherry,NR,NR,NR,NR,NR,NR,NR,NR,NR,NR,NR,NR,NR,NR,NR,NR,NR,NR,NR,NR,NR,NR,NR,NR,NR,NR,NR,NR,NR,NR,NR,NR,NR,NR,NR,NR,NR,NR,NR,NR,NR,2026-07-27
Tamil Nadu,Chennai,64,40,44,43,85,135,137,112,84,51,40,212,240,174,NR,195,166,72,288,30,40,43,28,43,52,47,52,49,90,923,60,96,65,86,52,38,33,14,60,60,60,2026-07-27
Tamil Nadu,Madurai,58,37,47,68,87,137,124,106,92,53,45,227,206,194,NR,197,174,64,263,30,35,37,21,36,39,56,48,51,112,759,67,92,48,87,37,43,26,14,43,59,37,2026-07-27
Tamil Nadu,Dindigul,64,37,49,63,83,126,126,109,82,46,44,238,255,180,NR,194,165,57,284,26,42,42,22,41,51,53,51,49,92,923,61,96,52,83,51,38,33,14,60,60,60,2026-07-27
Tamil Nadu,Thiruchirapalli,66,38,50,54,100,145,143,128,101,50,47,231,242,190,NR,197,151,69,305,30,33,40,25,44,56,55,55,57,113,792,69,86,53,96,47,36,36,17,49,40,49,2026-07-27
Tamil Nadu,Coimbatore,59,37,44,44,89,130,139,107,81,50,40,234,200,176,NR,193,162,62,280,27,45,39,28,40,54,49,53,52,109,803,60,90,50,86,54,33,30,15,52,50,53,2026-07-27
Tamil Nadu,Tirunelveli,47,35,45,54,97,128,140,119,84,49,45,248,211,178,NR,190,152,60,267,29,28,39,18,42,47,55,53,55,105,785,70,92,63,86,45,35,34,14,46,48,50,2026-07-27
Tamil Nadu,Cuddalore,56,38,49,43,88,135,130,121,112,45,50,193,198,187,NR,192,143,60,293,27,36,34,16,44,57,49,52,50,96,691,58,77,51,82,41,33,27,14,42,45,40,2026-07-27
Tamil Nadu,Dharmapuri,57,32,44,42,80,132,140,102,82,51,44,220,NR,143,NR,192,156,52,275,27,28,35,20,36,48,48,45,46,110,690,80,87,40,82,50,32,26,14,35,50,53,2026-07-27
Tamil Nadu,Vellore,NR,NR,NR,NR,NR,NR,NR,NR,NR,NR,NR,NR,NR,NR,NR,NR,NR,NR,NR,NR,NR,NR,NR,NR,NR,NR,NR,NR,NR,NR,NR,NR,NR,NR,NR,NR,NR,NR,NR,NR,NR,2026-07-27
Tamil Nadu,Ramanathapuram,61,37,41,67,81,124,141,105,89,51,44,225,NR,182,NR,197,171,57,284,31,45,41,32,45,46,56,50,56,117,773,74,93,59,84,54,31,31,13,50,51,35,2026-07-27
Tamil Nadu,Erode,56,41,49,44,85,130,145,110,78,52,45,220,220,177,NR,198,176,56,440,29,35,31,22,36,58,52,56,55,109,769,66,87,39,82,47,30,27,15,26,51,42,2026-07-27
Tamil Nadu,Karur,57,35,54,67,93,135,143,108,87,52,47,236,210,175,NR,192,154,67,297,17,37,42,27,40,46,56,52,59,104,725,65,88,57,96,45,43,28,23,66,48,48,2026-07-27
Tamil Nadu,Perambalur,51,41,NR,68,92,131,151,113,87,53,45,233,211,189,NR,199,167,63,NR,29,32,44,29,42,60,59,57,65,121,747,60,84,62,90,45,37,27,14,58,46,57,2026-07-27
Tamil Nadu,Pudukkottai,58,44,45,70,90,128,145,115,NR,56,40,269,NR,182,NR,196,154,61,698,30,40,40,25,41,59,56,55,52,111,876,66,78,45,98,50,38,30,14,55,65,50,2026-07-27
Tamil Nadu,Sivagangai,55,40,45,68,96,136,144,121,92,54,44,252,NR,219,NR,199,170,59,292,29,40,40,30,39,58,58,55,61,120,765,85,86,60,82,52,37,30,15,63,53,36,2026-07-27
Tamil Nadu,Thanjavur,59,41,48,50,90,137,138,120,95,48,44,225,242,184,NR,194,151,58,300,27,32,31,22,39,55,48,56,49,126,894,77,94,52,90,49,39,31,14,52,57,45,2026-07-27
Tamil Nadu,The nilgiris,59,45,47,52,103,133,150,130,93,55,54,233,235,168,NR,196,156,69,203,32,62,38,22,47,50,52,53,53,82,808,72,93,50,98,27,72,41,30,55,35,58,2026-07-27
Tamil Nadu,Thoothukudi,54,38,44,65,85,125,150,108,85,52,46,231,219,181,NR,192,163,60,320,10,30,40,20,35,50,60,55,62,110,868,61,90,55,87,48,37,30,13,45,50,50,2026-07-27
Tamil Nadu,Viluppuram,60,43,47,41,94,132,116,108,89,53,48,205,215,169,NR,196,170,67,NR,29,30,35,18,35,50,44,50,47,110,826,69,81,67,90,52,33,34,13,45,50,60,2026-07-27
Tamil Nadu,Virudhunagar,62,39,49,67,81,122,134,105,76,48,45,255,239,183,NR,200,174,61,293,28,47,47,28,37,53,53,55,53,107,729,57,85,33,81,41,32,20,13,62,52,24,2026-07-27
Tamil Nadu,Kanniyakumari,62,39,37,53,80,123,125,107,76,48,41,225,216,191,NR,197,166,57,258,25,31,39,23,34,40,37,52,40,103,769,60,92,50,84,42,31,28,13,35,50,49,2026-07-27
Tamil Nadu,Namakkal,65,41,47,63,90,130,150,116,90,52,44,198,215,167,NR,195,159,56,NR,26,35,40,25,41,40,51,49,47,113,664,71,81,60,81,55,39,31,12,60,60,60,2026-07-27
Tamil Nadu,Tiruvannamalai,59,39,45,48,85,139,132,118,88,51,43,220,201,172,NR,196,163,60,310,27,37,42,19,44,58,47,52,56,113,839,62,87,62,89,41,47,29,13,57,52,48,2026-07-27
Tamil Nadu,Tiruvarur,62,30,48,65,89,124,119,119,NR,44,44,242,186,187,NR,175,140,53,NR,20,30,45,22,46,51,48,51,62,122,714,65,78,55,90,39,49,18,20,45,24,25,2026-07-27
Tamil Nadu,Tiruppur,59,36,49,54,105,142,144,121,83,52,43,241,224,171,NR,195,157,62,265,28,28,38,20,45,55,60,55,59,97,725,60,82,32,83,47,41,22,18,57,47,28,2026-07-27
Tamil Nadu,Tenkasi,56,40,46,59,85,126,139,111,NR,52,46,233,NR,166,NR,191,163,60,275,30,30,40,20,36,52,56,58,55,102,813,64,90,50,88,44,41,28,13,49,50,40,2026-07-27
Tamil Nadu,Nagapattinam,60,40,50,67,97,130,128,125,101,47,44,231,240,178,NR,193,156,56,NR,25,33,38,23,48,50,49,53,51,117,875,64,98,55,94,43,50,34,15,57,60,37,2026-07-27
Tamil Nadu,Krishnagiri,60,36,47,41,89,130,129,117,90,52,44,208,202,155,NR,192,167,59,315,28,30,35,19,38,40,43,48,45,100,615,50,90,61,96,40,40,29,12,53,62,52,2026-07-27
Tamil Nadu,Ariyalur,55,36,34,65,90,125,125,108,90,47,44,240,209,172,NR,188,163,60,293,26,35,35,30,45,45,52,55,52,108,835,65,75,35,90,39,49,25,14,52,43,36,2026-07-27
Tamil Nadu,Kallakurichi,59,40,49,67,94,136,130,116,88,53,45,242,222,176,NR,197,164,58,NR,30,30,37,18,38,50,50,47,50,115,929,85,82,41,87,57,34,35,14,43,46,51,2026-07-27
Tamil Nadu,Kancheepuram,60,40,51,67,91,141,143,121,95,49,44,210,203,185,NR,192,156,75,NR,28,40,37,20,41,56,52,53,55,102,780,55,90,53,91,52,40,30,14,45,48,40,2026-07-27
Tamil Nadu,Salem,55,NR,48,48,95,128,121,133,99,45,45,212,NR,176,NR,174,152,49,283,NR,39,30,42,45,50,45,55,48,83,714,70,70,41,83,40,35,25,16,45,28,33,2026-07-27
Tamil Nadu,Theni,59,37,46,61,89,125,133,110,85,47,45,226,219,165,NR,176,150,56,288,27,35,36,21,40,62,50,58,52,93,791,70,88,52,91,46,33,26,12,52,51,37,2026-07-27
Tamil Nadu,Chengalpattu,73,37,46,54,95,123,120,128,90,46,44,210,205,175,NR,164,139,64,NR,28,27,42,27,41,49,51,47,53,113,784,52,86,67,85,31,40,19,13,43,19,30,2026-07-27
Tamil Nadu,Mayiladuthurai,60,40,50,65,98,137,117,113,NR,52,44,201,220,198,NR,200,156,60,340,27,32,37,27,45,45,46,55,63,113,857,70,90,50,92,35,42,25,14,60,50,40,2026-07-27
Tamil Nadu,Ranipet,NR,NR,NR,NR,NR,NR,NR,NR,NR,NR,NR,NR,NR,NR,NR,NR,NR,NR,NR,NR,NR,NR,NR,NR,NR,NR,NR,NR,NR,NR,NR,NR,NR,NR,NR,NR,NR,NR,NR,NR,NR,2026-07-27
Tamil Nadu,Tirupattur,64,40,43,46,84,124,121,119,89,48,40,216,236,172,NR,194,148,60,310,29,30,40,20,35,39,42,35,45,92,769,65,79,55,87,44,38,27,15,52,50,60,2026-07-27
Tamil Nadu,Tiruvallur,57,38,44,66,87,129,122,119,92,44,40,218,208,169,NR,192,156,65,298,27,35,40,20,36,59,55,52,59,99,762,60,90,55,82,31,41,22,13,53,45,37,2026-07-27
Telangana,Hyderabad,63,42,39,42,80,114,125,105,80,43,63,191,198,148,179,191,147,62,250,20,28,28,25,34,64,44,50,44,92,653,60,87,40,82,45,31,23,16,50,25,45,2026-07-27
Telangana,Karimnagar,55,NR,44,51,81,123,126,110,85,43,63,196,205,152,NR,191,152,57,297,25,28,34,27,45,46,44,54,43,94,648,58,96,45,106,37,36,24,15,45,31,42,2026-07-27
Telangana,Warangal,54,NR,42,49,80,122,126,108,86,44,65,198,209,136,143,198,150,58,275,18,28,32,30,37,41,41,54,41,85,560,60,78,40,117,45,35,25,14,40,26,47,2026-07-27
Telangana,Adilabad,61,NR,44,47,96,121,120,113,93,45,90,189,187,182,184,189,147,63,290,29,25,40,25,38,45,43,49,40,79,732,59,96,48,103,49,39,24,15,45,22,42,2026-07-27
Telangana,Suryapet,50,NR,44,46,87,122,128,110,98,44,65,192,188,181,185,197,142,63,265,22,25,32,25,39,57,41,48,39,87,622,62,84,44,102,46,38,25,15,48,27,48,2026-07-27
Telangana,Jadcherla,55,NR,42,49,85,126,128,115,90,45,65,190,166,149,159,191,145,58,292,20,39,32,24,35,49,39,53,42,82,528,58,90,31,92,43,37,25,15,42,28,48,2026-07-27
Telangana,Khammam,59,NR,47,52,89,128,132,117,95,44,66,183,166,126,161,183,142,54,297,20,32,30,25,37,47,35,52,34,88,517,60,84,33,108,43,43,25,16,43,26,48,2026-07-27
Telangana,Medchal,50,44,45,47,80,131,128,114,80,45,64,197,220,165,168,190,143,55,250,22,28,30,24,40,50,44,53,45,90,538,61,84,35,115,43,35,26,17,48,34,45,2026-07-27
Telangana,Nizamabad,52,33,40,44,78,116,128,100,82,45,62,193,198,200,170,190,149,60,249,23,26,30,20,40,45,42,49,42,80,625,65,90,34,104,45,35,26,18,43,32,46,2026-07-27
Telangana,Sangareddy,60,30,48,53,82,125,124,116,95,45,65,192,198,145,NR,196,143,62,412,25,32,30,22,39,58,51,55,48,95,659,59,96,42,105,43,39,25,16,56,35,45,2026-07-27
Telangana,Kothagudem,56,NR,44,49,90,131,126,125,92,49,75,189,NR,145,NR,200,147,60,348,31,38,33,20,45,55,45,55,55,95,744,60,95,41,87,40,30,24,12,45,27,46,2026-07-27
Ladakh,Leh,53,NR,NR,NR,140,180,150,128,130,50,70,NR,242,NR,NR,NR,NR,80,640,30,48,50,70,NR,NR,70,NR,44,122,677,58,84,63,103,37,61,39,18,90,50,50,2026-07-27
Ladakh,Kargil,45,NR,NR,40,127,135,115,115,90,NR,NR,NR,159,160,159,NR,NR,NR,NR,NR,NR,NR,NR,NR,NR,NR,NR,NR,NR,NR,NR,NR,NR,NR,NR,NR,NR,NR,NR,NR,NR,2026-07-27
Commodity Name,Commodity Name,Rice,Rice,Wheat,Atta (Wheat),Gram Dal,Tur/Arhar Dal,Urad Dal,Moong Dal,Masoor Dal,Sugar,Milk @,Groundnut Oil (Packed),Mustard Oil (Packed),Vanaspati (Packed),Soya Oil (Packed),Sunflower Oil (Packed),Palm Oil (Packed),Gur,Tea Loose,Salt Pack (Iodised),Potato,Onion,Tomato,Bajra(whole),Jowar(whole),Maida(wheat),Ragi(whole),Suji(whole),Besan,Desi Ghee,Butter(Pasteurised),Eggs,Brinjal,Black Pepper(whole),Coriander(whole),Cummin Seed(whole),Red Chillies(whole),Turmeric(powder),Banana,GInger,Garlic,2026-07-27
Average Price1,Average Price1,45.09,33.24,31.3,37.18,86.66,123.54,121.38,111.97,90.58,48.92,60.84,206.17,196.3,165.74,164.21,189.09,148.43,59.67,276.34,22.12,23.01,35.07,40.13,38.13,44.39,42.31,55.47,47.34,96.29,693.34,59.83,87,43.58,88.17,41.77,41.2,29.76,16.68,50.18,37.22,43.11,2026-07-27
Maximum Price1,Maximum Price1,73,60,54,71,140,180,180,150,143,60,90,310,264,256,209,244,205,143,698,34,62,67,120,80,85,72,113,100,160,930,85,120,177,150,100,95,60,40,107,100,100,2026-07-27
Minimum Price1,Minimum Price1,31,17,23,28,70,95,81,82,71,39,40,159,154,126,121,121,104,36,153,10,8,20,11,18,22,31,29,31,65,500,45,57,18,65,26,25,18,10,24,17,20,2026-07-27
Modal Price1,Modal Price1,40,30,28,35,85,120,120,110,90,50,60,220,200.5,176,170,192,143,60,300,25,20,40,40,40,40,40,55,40,90,714,60,90,40,90,40,35,30,15,50,30,40,2026-07-27
,,,,,,,,,,,,,,,,,,,,,,,,,,,,,,,,,,,,,,,,,,,2026-07-27
"Department of Consumer Affairs ( Price Monitoring Division)Date 27/07/2026 Daily Retail Prices Of Essential Commodities  StateCentreRiceBroken RiceWheatAtta (Wheat)Gram DalTur/Arhar DalUrad DalMoong DalMasoor DalSugarMilk @Groundnut Oil (Packed)Mustard Oil (Packed)Vanaspati (Packed)Soya Oil (Packed)Sunflower Oil (Packed)Palm Oil (Packed)GurTea LooseSalt Pack (Iodised)PotatoOnionTomatoBajra (whole)Jowar (whole)Maida (wheat)Ragi (whole)Suji (whole)BesanDesi GheeButter (Pasteurised)Eggs BrinjalBlack Pepper (whole)Coriander (whole)Cummin Seed (whole)Red Chillies (whole)Turmeric (powder)BananaGingerGarlic  UnitQty1 Kg1 Kg1 Kg1 Kg1 Kg1 Kg1 Kg1 Kg1 Kg1 Kg1 ltr1 Kg1 Kg1 Kg1 Kg1 Kg1 Kg1 Kg1 Kg1 Kg1 Kg1 Kg1 Kg1 Kg1 Kg1 Kg1 Kg1 Kg1 Kg1 Kg100 gmDozen1 Kg100 gm250 gm100 gm100 gm50 gm1 Kg100 gm100 gm  Average PriceAverage Price45.0933.2431.337.1886.66123.54121.38111.9790.5848.9260.84206.17196.3165.74164.21189.09148.4359.67276.3422.1223.0135.0740.1338.1344.3942.3155.4747.3496.29693.3459.838743.5888.1741.7741.229.7616.6850.1837.2243.11  Maximum PriceMaximum Price73605471140180180150143609031026425620924420514369834626712080857211310016093085120177150100956040107100100  Minimum PriceMinimum Price31172328709581827139401591541261211211043615310820111822312931655004557186526251810241720  Modal PriceModal Price4030283585120120110905060220200.517617019214360300252040404040405540907146090409040353015503040  NORTH ZONENORTH ZONE  ChandigarhChandigarh422734408412111611190465920920317016719014857264282035503744415546956335972388737402816482430  DelhiDelhi453534359012013012090475922420518819522016960234282247503339406041956845872579337313014576363  HaryanaHisar403130348512711311088486222018916716118313255252292028522738396240906376076508240393415702850  Karnal40NR28398513713812210549NR2411971771461881466022030204040404040585392NR628140NR47NR361677NRNR  Panchkula4032354592132116117994668197192170176180NR57217NR3639392640355741806325675358140383621573134  GurgaonNRNRNRNRNRNRNRNRNRNRNRNRNRNRNRNRNRNRNRNRNRNRNRNRNRNRNRNRNRNRNRNRNRNRNRNRNRNRNRNRNR  Himachal PradeshShimla40NRNR3485126128118855160242229181176NRNR542403025403033NR40NR40906815880408336382619504047  Mandi40NRNR3682127135115875062234220185176193NR542603224404334NR36NR38956825890418746313216584946  Dharamshala35NRNR2884129126119874844NR213167163NRNR542352920354032NR35NR40935905980409749423415603238  Solan39NRNR3478124126114874955223220176162179NR5423030204023363737NR37916445986509143353417605043  Una4140NR3483117125101854869NR197186181NRNR522652916373634NR34NR35986925994319544342915555850  Bilaspur-hp41NRNR3481126128116865366NR188187177NRNR56200312040403360376237827425896438747313313546047  Chamba3745NR3884123122117885155NR197180177NRNR56235302245394959396040896446088418848353618554852  Hamirpur-HP39NRNR3383122128116795070NR221183170NRNR5326529233540334836NR35836415894428739373215525248  Kullu41NRNR3585129125112845040NR230181184NRNR5722030284037NRNR35NR359769962100489033312913556060  Sirmour40NR313281119123112864850212186174162146104512732819285236NR35NR36956105880459233453218563135  Kinnaur38NRNR3683128129108845060NR229178147NRNR5026030304658NRNR38NR408887560100509848454215525250  Lahaul & Spiti41NRNR40991121131101025052NR197175NRNRNR4948028313745NRNR35NR36786005891408035352715573134  Jammu and KashmirSrinagar43254145931461251231005555NR209185179187NR6032030303238NRNR60NR5311567962835210053703917804841  Jammu5037313684112117118915155NR223172167160118543033020404536585768601096386094379263473319525941  Poonch524235471141801251211225575NR225209190NRNR6037030304062NRNR50NR571217056084508448303115754152  Kupwara46NR3841103NR1301271196053NR1871761581741505749730304050NRNR35NR5111766462735379395132141073340  UdhampurNRNRNRNRNRNRNRNRNRNRNRNRNRNRNRNRNRNRNRNRNRNRNRNRNRNRNRNRNRNRNRNRNRNRNRNRNRNRNRNRNR  Shopian40NR42451001201201201004846NR201179171NRNR5035529303740NRNR48NR451106815872309648484116753025  SambaNRNRNRNRNRNRNRNRNRNRNRNRNRNRNRNRNRNRNRNRNRNRNRNRNRNRNRNRNRNRNRNRNRNRNRNRNRNRNRNRNR  RambanNRNRNRNRNRNRNRNRNRNRNRNRNRNRNRNRNRNRNRNRNRNRNRNRNRNRNRNRNRNRNRNRNRNRNRNRNRNRNRNRNR  RajouriNRNRNRNRNRNRNRNRNRNRNRNRNRNRNRNRNRNRNRNRNRNRNRNRNRNRNRNRNRNRNRNRNRNRNRNRNRNRNRNRNR  KishtwarNRNRNRNRNRNRNRNRNRNRNRNRNRNRNRNRNRNRNRNRNRNRNRNRNRNRNRNRNRNRNRNRNRNRNRNRNRNRNRNRNR  DodaNRNRNRNRNRNRNRNRNRNRNRNRNRNRNRNRNRNRNRNRNRNRNRNRNRNRNRNRNRNRNRNRNRNRNRNRNRNRNRNRNR  BaramullaNRNRNRNRNRNRNRNRNRNRNRNRNRNRNRNRNRNRNRNRNRNRNRNRNRNRNRNRNRNRNRNRNRNRNRNRNRNRNRNRNR  ReasiNRNRNRNRNRNRNRNRNRNRNRNRNRNRNRNRNRNRNRNRNRNRNRNRNRNRNRNRNRNRNRNRNRNRNRNRNRNRNRNRNR  KathuaNRNRNRNRNRNRNRNRNRNRNRNRNRNRNRNRNRNRNRNRNRNRNRNRNRNRNRNRNRNRNRNRNRNRNRNRNRNRNRNRNR  PunjabAmritsar4033283282137135112905059238203176158192NR62273292037383738406140906926085439544302912525052  Ludhiana43352836831351301181034762240205178167200NR57285291842403448396249926045280489250422519474745  Bathinda403228328213513511390505824220317415419614263273291738383240386238956836086379547312913525552  Barnala40372731851371221039750652381871761461851215528030203750303840NR45926925880439057403015533747  Hoshiarpur363328377911911111299517121219016814214312659271251746443531446548876235579339949453415625439  Faridkot413630338513313611695516723618317715119913460283301939423150407040836615885458952322914605348  Mansa4037273387133130118924862NR192174156NR13363278291837424040396238926595882409242353016475853  Sri Muktsar Sahib414028338313014011790506621818317014517612458290292042402948396839886305772409048342614605043  Dera Bassi4036273385133135117904661NR187176158NRNR59268291533403941386240906816073379541353216454250  Sangrur402728328613013110588526024619519519019517558263301735303545406740947106078309055453015486040  Ropar4036273387133135117924961238191176159NR14161277291837373742395839926786083409343363115475752  Amargarh40272832851301301078552602451931931931951815825029153835354540NR40907106072359560503015406045  Fatehgarh Sahib4632293595135115115116476025618318717819411757293301535402845326540936045878459545483819502332  Ferozepur5040323690130130115965870240198176154200143704003220403540504062409576970723010065393017606560  KapurthalaNRNRNRNRNRNRNRNRNRNRNRNRNRNRNRNRNRNRNRNRNRNRNRNRNRNRNRNRNRNRNRNRNRNRNRNRNRNRNRNRNR  Uttar PradeshLucknow41303035761151209576486020519616517618115460250202035373037365536906156086408839402715504045  Kanpur40222632851201151008842601871981541481581355623426213540354041NR358158055752110031403319503434  Varanasi43312837841211231078448682141931781812021786323221213732375738NR401077356479428434352820554537  Agra453330347711498907449702232021751862081875725127244041183841NR42988006285328047303115405763  Jhansi533329358013012711288516521317917215620113258230212237433338406545976665878388740403015423747  Meerut39292937861171168482486717316316116617116750282191724313736366337956415992378635353115564545  Allahabad512427359212013213395475622020416716520214543332302128393436384543986766370378433412917504753  Gorakhpur402328368011511611084455519518715915216912355225221832483634345236925995680377833382416552632  Saharanpur4028263082116113108884858NR175155154172139522422115323532NR38NR39915846080378333372512494744  Bareilly3825263490118132108102497221219017417618916552295271427372541355837897036080247946313017503134  Ayodhya4035253890115125120904560198198187176174143602402420406045454560421008356072509040453020602035  Moradabad392625328111611410786435819316614315515414153236211534463439365337896765675328434382618493036  Aligarh403128348211811510684445620018815815618414353247201727373441385042916135578378535392515453138  Mirzapur (Vindhyanchal)342525338311511010483455018417514913714811351219221929373040365040936746283348230382515453940  Banda372525307510711110374485522417816814518211958158191347383755346839795826080308830332921535848  AzamgarhNRNRNRNRNRNRNRNRNRNRNRNRNRNRNRNRNRNRNRNRNRNRNRNRNRNRNRNRNRNRNRNRNRNRNRNRNRNRNRNRNR  Gonda (Devipatan)3925253785118128117884855211200163168172128532572015323739373862491006225885428534402520483537  Amethi3929263585118118118974560220199185183192142552222215NR363439364439986445880318534443016452138  Barabanki4329263577115118111784860200182168167175130592252220324831423745369861259105328531423015462530  Bhadohi352227358011511211782476821219217915217812470215221430403339374940796746272309036393016602035  Chandauli3123263379120124120804955214198181136192123652471912353032523460398063456100408134382716504545  Farrukhabad4530263083110120110904866225209162158220126501871911254524NR35NR40906596182358034352616433535  Ghazipur423028368512512011293486420119015615518514461273211737433639435649987036187398843402919494043  Jaunpur453428358511711711586456221219917516418612559269221835413745395539897095786328939392917483948  UP-Pratapgarh412430348111411211489475121319816716417012859253201434393531394639995485874318935332716393343  Sambhal4123263186106105100904957197179154141156143552581920303027NR38NR38956595978268445432916383933  Santkabir Nagar4439243582108103102774567200207142146178123492653017314429303783469873461963810030522920484847  Shahjahanpur321926328011610610997445618217714713615912843222201223452632345237875535589248730342411432334  Sitapur382728328111211010583445919117114814315513253230182025413033365440916305973348035402915502734  Sultanpur412931328511911611087455619918416015917914355262201824313541385144926395677358536372615452835  Unnao423228318512311811288456020119016316318314658257211832333742385243925865981388838382816483338  Ambedkar Nagar372526367712012812988466122121016116116113865200281635463838367641887166378408036403220653542  AmrohaNRNRNRNRNRNRNRNRNRNRNRNRNRNRNRNRNRNRNRNRNRNRNRNRNRNRNRNRNRNRNRNRNRNRNRNRNRNRNRNRNR  Baghpat4337NR318313012711895467019617916315916313057210281625403450356740956046088408333352512382445  Bijnor452528357510011095804560220198165181198154552802015304030404050401006045584358840353015404035  Budaun36172530841121039993446421217917916518112653280211232352546386537936135970309030392511422525  Etah4433273582118108110904559207182156156168113542702219324328NR37NR39906776072339332403218422740  Fatehpur421927348711211210387476119518914914015311454228221732372232354033976106178368537432418433337  Ghaziabad413130347811711410891475821619417016018713656206211938323442385545976066092398442402914444338  Hardoi433127348512211611088465820718516015818013556239201530323537385545956255883378738402916453542  Jalaun46252835841181031028947581831731521301631155822320153537354140NR43955736081409038422919473742  Kaushambi432625378511812910887465720619417416218412853238212033383135405435886105677378239372716422935  Kushinagar352826378211211411882486818619515716615613565221271428493941384540966156161288839382913473629  Lakhimpur Kheri382628358411710610385465918818313814516411261228201731523135366036926655874307935443218452344  Pilibhit423528328511511511595476620720017416219213752229201933453245386538956926094308542423215454838  Sharwasti4024274080120115120805060189220170176NR1246021828103840NRNR40NR40985826083208840402015333340  Siddharth Nagar413028358311913011782486420919916815515912655228221733424045356234806235980337037332520403843  SonbhadraNRNRNRNRNRNRNRNRNRNRNRNRNRNRNRNRNRNRNRNRNRNRNRNRNRNRNRNRNRNRNRNRNRNRNRNRNRNRNRNRNR  Rampur542828307910511610610247611931921511571591375526624183327334536NR36976376587349436372914544035  Bahraich3526253189128120114904255194196157154161124442502521363736343465341066465680227327362319532137  Basti402729327911312511377475619718715415214712355244221734434353345333945905685398236412720393339  Etawah43NR273286121115110884762200191166156NR137582642015273933NR405544956596084398539412816502937  Muzzafarnagar40292631841201161088950581851761561561781425324520143540354036NR36905255873358034352511455245  Chitrakoot402425348110210093804650181203163164179138552201520354025264059488963758105408038402115453552  Hamirpur-UP43252735871151151088550701901911581751851375820918203050NRNR40NR40966376086308942483017503540  Deoria352226289211911210098456122719514313222412054227201731473840364335955935964487929392718353132  Hapur36242836761381331241194962206201168178185163632182616405542414047401007366388349645463212673738  Bulandshahr4236273293103113107834570NR18616017215815649222192030373543365636995975689308730472715325041  Kanpur Dehat37232631791001129386456420018915014916812449218191938383136354835855975876327132322415383738  Hathras39312832831171141068443612101941681651891465224820162537253034NR391056986373408737403013383337  Raebareli412727318411711710986475919618616316318014659219191932363742415443946895985358639392816473541  Lalitpur362328317510911010584456017716914614317411850235201530303040325934905785680258530402418403040  Mohaba37252330791081009783486217617615015418412036183222033362735354835975965472228333392816363238  Gautam Budh Nagar382729368312411811292485922318616915217913059222181332383136395939926435996328136393216394838  Auraiya3827273677121120112914857190175158163166132592172422393128414153391036695383368435392118443748  Maharajganj372528328111511810980455819219115115416412652213221731403744355136915995879378034403017383130  Balrampur36292733821171171138349531782001521542001285820515143550354736NR39926775792488847392914404735  Kannauj402628328311811410987466119918715815517513455239211529373239385339946375674278434422716433332  Mathura322727338811912811896456622917314113915612244263271941393443404740996325883378948393415434253  Firozabad433030348311811810788466021820517817220115653267202132373640375342936355978378033352715473738  Kasganj4533273587122112113934559222200174178203159552482120304222NR40NR42986175675378539472913383542  Mainpuri3830283288132120113884565220211171189189155512602417232924223940381057005570358547432521362026  Shamli402625308011511310888465018918115614615912854227151630382740385839905416080338839382713474540  Ballia412227318411911611192465820318615315416613051249191737442843375438956255577348536372817514852  Mau39222534831151121088746551911771491481501206322522163046NRNR35NR36916445577398931403015484138  UttarakhandDehradunNRNRNRNRNRNRNRNRNRNRNRNRNRNRNRNRNRNRNRNRNRNRNRNRNRNRNRNRNRNRNRNRNRNRNRNRNRNRNRNRNR  Haldwani4749313595141128131915262232210156190NR168642723226332749424145429570060992910040453318544941  Rudrapur453735419315814313798506420320918517818116265233303140493538426642977466489419534423218543134  Haridwar4431313992141124117904663225206165160177NR642902817325041NR414943996515876459444423317612135  WEST ZONEWEST ZONE  ChhattisgarhRaipur352831368211511210983486119822914417618615656216202136203328404550877055695418443372914325045  DurgNRNRNRNRNRNRNRNRNRNRNRNRNRNRNRNRNRNRNRNRNRNRNRNRNRNRNRNRNRNRNRNRNRNRNRNRNRNRNRNRNR  Ambikapur3535303593118112103954041172161174159165NR4825515203540NRNR40NR32705985290307830603315472025  Bilaspur-CG525234408811010310585435819817015116716917352225262725353637425041906795780479026662515583451  Jagdalpur362436387212281109964747NR219146142180NR46193172531403838404243868705378218150473918471820  DantewadaNRNRNRNRNRNRNRNRNRNRNRNRNRNRNRNRNRNRNRNRNRNRNRNRNRNRNRNRNRNRNRNRNRNRNRNRNRNRNRNRNR  Dhamtari3729334488128112105934555220203139203189128572122622284352474452481277236288439038322517454760  Rajnandgaon433330368512211811189466021921017817720416058270222025403030385038966806070277944422816502435  Koriya39NR35398110897102814575205163153151168NR4719525204040353446NR5882693588840782738281748NRNR  DNH and DDSilvasa56504540911381381289745692152081811751831306522729203065445459566510765558844315075453522395050  Daman6150393987110131110944570211198NR1671931215821229204070404262575910066358906011360404024405060  Diu49414050901451471301075068227234NR2002111576442032263543396356836510871462993212353364021524935  GoaPanaji584348471031321351351035165222200203167172145633152835374239624853491128245897658347432516426267  Margao55434851921321301279551662442362231902021756235027324038426047584812282460102559743502717435863  GujaratAhmedabad393241419812112210498476819720417219120117959211234241543943456646916625869387832363722452726  Rajkot342731408611010210095466819219815117018916560205182032403543396844916265763358032343915432828  Surat3331323885111111104101456920120116319220517751209193045493939396245967045468707631353715343025  Bhuj38273037881081099993396318418214617018415958202162932453435386838936175368367428343716402727  Selamba362735399112011711090466419219015317018615860210192530474041416741916365584507931323517424035  Waghai383437429312011810298456820018715215618314759209203135453536406044966315870407530342617413028  BodeliNRNRNRNRNRNRNRNRNRNRNRNRNRNRNRNRNRNRNRNRNRNRNRNRNRNRNRNRNRNRNRNRNRNRNRNRNRNRNRNRNR  Vapi322432349011411410194446618716913814516914556205182828383846406636966925668387831323215382830  Bilimora38343838101104120108109506921019417718919418351221212838393939406245996415469367631353318332824  Idar3626353791118125100904573211190154167183148632361830334735413767491007256269289940303917673348  Jhalod362836379411512099100516519218815516116715662205222930294036406946926695574437428333718402122  Songash423031368412112011088486020419516616618915458249212135403643405444957155684408135362916473640  Madhya PradeshBhopalNRNRNRNRNRNRNRNRNRNRNRNRNRNRNRNRNRNRNRNRNRNRNRNRNRNRNRNRNRNRNRNRNRNRNRNRNRNRNRNRNR  Indore41342835861171181108148641811751641701541476126515203040373740NR40856455989388335332515334740  Gwalior4540303480121122110904563212176172160184NR50222121822382830406540886526071298435352615402235  JabalpurNRNRNRNRNRNRNRNRNRNRNRNRNRNRNRNRNRNRNRNRNRNRNRNRNRNRNRNRNRNRNRNRNRNRNRNRNRNRNRNRNR  Rewa35282835761069594784555177154148146148NR5523718162338NRNR35NR37856555776259028453013452035  Sagar38342729791181299886506020118614216719016259265171828284353406040856766097308348302915404735  Jhabua4130293685132114107905065209203195176192NR60291152833503135416241917146198289148393020423840  Hoshangabad453028368212011710392505621215614015216413153217112032384247415042936566088499231401920512430  Shahdol3530293586115112110834460203186142153181NR52210182020403733355040956045870309030402718353025  Ujjain40393439941261181031014562168207182149191NR51259182020403538436344967246365279745373015394146  Morena41312631931201121071024667200185156156159115552401410205029NR38NR39986086183228136312814322040  Anuppur362626358011512011090496021420313717617616360200201735304040355049907546580309043352615384840  Bhind413629348411011411284466218916714314313711551250151525403444396539906516277258129352516403735  Dhar433626378313412411390456317419116915919112360211152024373536455547907266187258631341917523535  Harda4035283280120125105905062203205170170192NR60200202035404040457042907146096408940292415326050  Katni35302934791171071078042501661561271481561125020519203530353845554510060458100208040402715322040  KhandwaNRNRNRNRNRNRNRNRNRNRNRNRNRNRNRNRNRNRNRNRNRNRNRNRNRNRNRNRNRNRNRNRNRNRNRNRNRNRNRNRNR  Mandla3528303479102112107805050218192159176209NR601933023382443453960469069263100258347382915385050  Rajgarh40NR263280130120100905050181194183159183NR6020010203340NRNR40NR459070762110409050372420405050  Sidhi37342736801201009585506018718115416514311555265202040403040355450906335590348030502515505040  Chattarpur4035303890127120110804650198192170154159128602472015373032404058501006006084208730433015372740  Neemuch5033273478133105110725065190157143154144NR45303101525404240426541876326368408035423015482532  Burhanpur44402937901221211099045671861901771421861385025529222942373744NR4910074758102389544392919284548  Narshinpur3828283575120108110854552200189141148165NR45233121525354040456047856375885459035352515352040  Raisen4030293280130118110885257187194148152NRNR5625010203832404033NR40846926080328946323120354853  Sheopur4228253482114115110854760220192172141165NR55202282030453035446045906375880209040403215423740  Agar malwa37302330831351271061025359197176157164148NR5328820202640485044NR47856846079299828323017343126  Umaria3331313582123112117874960216187154172189NR572071520402340NR43NR47836225983308332422715455053  Shajapur3935263283122120108884960185192159159187NR5526019202538383839NR45926816085378735362815403540  Dewas4238283388123115106875064196192174170188NR59240122725363542395744967046489368945352724352648  Khargone3927283578120122110854550186156132170132NR50225163025354040406540906405584358535403015352045  Singrauli35292534841001061098148592141951371491641175723213213940NR4036NR46896935682248846422215307548  Chhindwara5436283486122117107895051207211140170185149552001020302736363529379565260753011232374020483750  Sehore4036303280125115100804860187192176170187NR6030013203040NRNR45NR43846596079428530352415504045  MP-Ashoknagar4635262872116110100914460184187162158158NR4521114213448414041NR39897765889548841442519404551  Balaghat3530354080119120117905052220220144170187NR6520031203028424540604510068160953010044352515605959  Guna453725307511311510079506020118217615918113450217201328373141466946827016174387937382715372238  Ratlam413529338112211811090466220119015616417816059245102323403545406543916525876278337372916403134  Satna352828359012510095955060211185163161161NR50260202030382845336331657185260347528333015522535  Vidisha39NR303578112118107885055187196154176188NR58240111020304040346835816596084188842322615433030  Alirajpur3843303687124118114954572185196185178187NR53307102740583135454247936115780287740432917372540  Betul3932263479115111109844660198207156173205NR50245122439414242406940986676085339343392215414450  Damoh3935273275120111101855165210197133149168NR55211132034514443446342895875977249039343515471944  Dindori3832343797110105110884555220192154154176NR48230132040304049455845816325385309035353015383550  Niwari362825308313198106894857226188172172155NR5221530204035NRNR40NR40977206096249233402719472532  Seoni3732353786115110105854655196214170154187NR472151120254040403768421006545881278048362115454050  Panna38302436751201009590455218117613714313211553210111520304048356045976515675377630353113472038  Tikamgarh353025309012011095904450205167142149147NR502002015204530354040451006595870258529412017302030  Datia49382530811251109575475822219016115819212457227282328374833447745937056087228742482815374352  Maihar402030309097102978046602331981651541871265320515183040NRNR40NR45977215872379730393515372543  Shivpuri434026438311511811888456019817715916517016250380171924273644475946826966079258237413224293830  Mandsaur402830401071251231191084558195198192172198148603002242215050557292589576245110457030453521451834  MaharashtraMumbai41384148951361401239951602452312051701991557932032273540466156655311371063101659970454317414562  Nagpur58414853971371311181055266239216168171200141702832737366642525282521108085994469841483421685781  Pune392845538510011710684447520821116817218516960353333328494042453945895516082579949502321433238  Nashik3941424187139136114964860208225189172184139593232922324340704964499964760737311662373217254742  Mangaon-Raigad56454349891281321169648602052271781641981376237231313355465342584598871621105011770394822554059  Dharni4433303582122112118925357223194159178205NR6032213212855392741NR46957436793418541422019396848  Latur5747444883128127118834668211217158165185161622632628273338554273411157786392679847412823486757  Akluj444235418012211810797506021322317820921418655332302532413551396040896595257359438382712282031  Arni Yavatmal4430343699123125114904763192170154144159NR573001030406035324770551037845572409945422015403530  Chandrapur43443746811311371101025059207203220170192NR6527530204220515660545810368358822010155422220576578  Karad Satara70533648881351291209250742101881671791961695829329273223384142584311768561925312151412919383240  Ahemednagar553744478411911911999486016816916616918016449259302429392945394439995806077499929442618252939  Khultabad4726333677111116108854746184NR1451641711536432020313040314139NR42867026081398132352316372038  Islampur413337478212313012010049722232061601861971565541827302024384039564310165560935010359533627494745  Kankavli4544345184132131126875160184200164152178135533732042305753474550461006885695727747413718633053  Partur50NR3140801261201128850582032081861761951765940110302759313543NR4787775NR84609240423115506049  Gondia5434343883118117110785063197211147179185175672603022332542484252428976561883010050502921374555  Jalgaon4827354588133141117974966203213180176198186664683120323339425561559875358904312559423620395252  Akola44NR344685128119116974569184211163174184NR603273025254341394765461037845982438842432216374745  RajasthanJaipur593832419113912911590475521119618019318813652307152231363131497649886305884539544363717382838  Jodhpur41403234749510494714353214220NRNR190NR512722123363428475052471036725589258973312916422627  Kota574034388612511810394486220419516316319515958297222224423549505545946906676477833413118392535  Udaipur514031327712212211782515021621018818718818967340292027574056406648876086380409044313314505242  Bharatpur4636283489124114115904658NRNRNRNRNRNR57297281430312730416544826896075279037382513402242  Ajmer4237343482122107828240521781611441501501724330320232152262934NR3694567569443763635NR16392729  Bikaner5330384288120120918749551771761681691641635024715222042384953NR52826946090487732352521352341  Bundi404026337511011010080NRNRNRNRNRNRNRNRNRNRNRNRNRNRNRNRNRNRNRNRNRNRNRNRNRNRNRNRNRNRNRNR  Rajsamand453731407310610794904670178166143141187NR50302242332493844416346806025490407940393121452433  Alwar5742313476118118103884958233179152161180NR53301272038382039487348915445674288952452915482938  Banswara4338384388137136126994459239217173184184NR582232929395834355156557862158118388749383818394542  Baran403332358013512011083425222020914813715412645352222224432833403846896675767419036313411383032  Barmer5040333590130110115854554187209170193209116533002220233228354960531008795876529041253114423230  Bhilwara53392936931181119995445521720415716920318144289202625342834425542746675573358634352220392540  Chhitorgarh414026308014012010690465620721816515119814655323212632603838465845766156274488542373420454542  Churu4534303385115110100904544225197159NR230153502802018255524324050409074780722510050353520403030  Dholapur4140303481131130111904765NR192172181NRNR6225520304040263539NR419065258106298344352716425048  Dungarpur453536368912511811093495617018517117417416247270272540505137477857826186095567637414726452535  Hanumangarh37332634721221221221124647245187203146152NR4531018252532324552725583615NR76361085745NR17504255  JaisalmerNRNRNRNRNRNRNRNRNRNRNRNRNRNRNRNRNRNRNRNRNRNRNRNRNRNRNRNRNRNRNRNRNRNRNRNRNRNRNRNRNR  Jalore5835323683130132118854960218207161185205NR652681827407031374611357986156089439550373417504753  Jhalawar454125328512911810088445918817615917618117052298192224373034415042857035880318130393217382134  JhunjhunuNRNRNRNRNRNRNRNRNRNRNRNRNRNRNRNRNRNRNRNRNRNRNRNRNRNRNRNRNRNRNRNRNRNRNRNRNRNRNRNRNR  Karauli514024311041441291161044551216204195189232189433422019404026NR5045561116216399409637462419412336  NagaurNRNRNRNRNRNRNRNRNRNRNRNRNRNRNRNRNRNRNRNRNRNRNRNRNRNRNRNRNRNRNRNRNRNRNRNRNRNRNRNRNR  Pali553033339112812890744456201167168163162123432342430253329393835471025076268528557352621413725  RJ-Pratapgarh4233293371114117110824447214177154158NRNR4830019203040343743NR431036596063397046362515403947  Sikar4530313585137116120954553229199165143165NR552362925303021245370661025145261228032332517405048  Sirohi4240283474109122100765052207156NR159NRNR492531720223827NR45NR47956265997458743303113453028  Sri Ganganagar4335303589118110110974552219190170165165148493231515224039393980399350049NR226530293329421830  Tonk573529368412611510894497125220614116217714660283202536452546425455915796782419649403321505550  Sawai Madhopur5534283381133120116944860230183156153151NR583122718274125334952491086226278369251492815483743  EAST ZONEEAST ZONE  BiharPatna4528283281115125101795161NR1911601912021745534026273842NRNR35NR36102604561003510351503118352840  Bhagalpur392328327612211097754758NR1881471551731314932028163444496134NR351046355484409629342118NR2736  Purnia38NR323474112120102775159NR197153186NR1645432418152850685838584710874353884011838402814502823  Darbhanga40NR304079100119106865157NR196185163NR119581932814334454543343351086816084408937352917593545  Gaya3325273882123109109814560NR2011691451501205734025192833NRNR35NR391106805989308433372316482827  Muzzafarpur4125273281123122111824961NR196159163219128462942316333945463651341016065685348639382616442927  Saran4526253781112108108824962NR204201202215NR523052717343041653863381087436173428236362918422528  Munger36NR273291131108118794761NR1871831851811634825728143023NRNR34NR401005846079299246403916502031  Saharsa48NR272977113115110754761NR188NR190NRNR5028029112227NRNR39NR37937105574409552473711402829  Madhubani3721303584125109998347552061661611561731284728028212527NRNR3348351016155771328232312312502627  Rohtas (Sasaram)35233641811121199181526919420416419123018162236341935374457335435947545884458541302614624545  MotihariNRNRNRNRNRNRNRNRNRNRNRNRNRNRNRNRNRNRNRNRNRNRNRNRNRNRNRNRNRNRNRNRNRNRNRNRNRNRNRNRNR  Samastipur4623253580113116114804560NR189137132NR13352315301329393039387347977136792408034722510402828  Katihar472929297211712797764661NR181135152170NR5631119152933NRNR33NR311076686377338942492512NR2626  Araria37NR303675126129115834961280198165143196132593352919345052523880381056376080538144342410572929  Nawada3119263379133128113794959NR194152181NR130542222817335539353251351027225863578135312211632322  Khagaria4425283480103123112844742NR189151170NR1704237728142152NRNR40NR401156115078329026503016322040  Banka3719273680120112106754857NR2031641701921275228013152842403936NR39996405280428036403010403033  Arwal382625358113013097854859NR2111651731871435623228242645NRNR35NR37937485889398033352519482732  Aurangabad322429338112212290794755220198188154156119562102417385250NR35NR381027695879448436333017522125  Begusarai3636303577117117107774860246188158144188123552662812343852423552371086235878399634322017353442  Bhojpur Ara4419283176116119109814857243181155151185NR5535330213444NRNR35NR371046816084428450402510474735  Buxar312426338411511711989475920219517316919812459258291636303553347141907734995398746343017424531  GopalganjNRNRNRNRNRNRNRNRNRNRNRNRNRNRNRNRNRNRNRNRNRNRNRNRNRNRNRNRNRNRNRNRNRNRNRNRNRNRNRNRNR  JamuiNRNRNRNRNRNRNRNRNRNRNRNRNRNRNRNRNRNRNRNRNRNRNRNRNRNRNRNRNRNRNRNRNRNRNRNRNRNRNRNRNR  Jehanabad3123283479123118112784656NR207179185NRNR5524329152839NRNR39NR419166357100258243432213572430  Kaimur3818263279117117114794960NR1941741671931305221220123832323134NR39887146085388233332715532628  KishanganjNRNRNRNRNRNRNRNRNRNRNRNRNRNRNRNRNRNRNRNRNRNRNRNRNRNRNRNRNRNRNRNRNRNRNRNRNRNRNRNRNR  Lakhisarai4025304083113120118884959NR199167170NR156532982716324550604544401107546096378535402715402323  Medhepura38NR29367311512491755058NR1961561911891344528222162953NRNR36NR369172258108438936372815463436  Nalanda3119293373113115105754764NR202179164189NR54323301824366060346237886815884357828342115523122  Sheikhpura3526283989118112111825056NR222181204202165562852718254040NR385140110640588025953030411335NR25  Sheohar4825293683122120104784959171210161170201122552322619343950543840401147255977288134372415552825  Sitamarhi3421252976123126108834658NR185176163170130562332921332853533348331087945994387937352513432328  Siwan3325252970110958673465726418918118519316550202261228314744314932887096166298034412914512526  Supaul352626327611511298774755NR185161184NR17760NR12122138NRNR35NR3512257654903179NR563515552522  VaishaliNRNRNRNRNRNRNRNRNRNRNRNRNRNRNRNRNRNRNRNRNRNRNRNRNRNRNRNRNRNRNRNRNRNRNRNRNRNRNRNRNR  West Champaran3727293582116117109834556202186175153176NR472602022284735413446391055515475388947502717452522  JharkhandRanchi4228363581122120111805160236196156183196132612102919344335403740431016376085409041423215504045  Gumla40232736821081069083485520919518713715412153NR1516254034683550421006766378559040302315502838  Sahibganj3525303490122137112855062192203192187187143703502016406057484060571005936079409055363214404040  Bokaro3830353786132114110834857NR1821701641821445632228232735NRNR33NR40100709578943812841251360NRNR  Lohardaga3727313685102125110804561NR2001651632231264420326203838NRNR383540906745673258042302711384123  Simdega4225324088120115100855264181187152164154149482452220263944NR456046986656279409039372622452542  Dhanbad393034368011912311180505925120716116518713960245281638403852375446927845991479047393418514840  Jamshedpur (East Singbhum) 46284041114136131120984658238194170156171121562003017293432304159501056066277509137362712522532  Giridhi3420333681109102105754455NR19816916619012049300192232424035423945876376084559929402516513547  Seraikella3527314078123114105754860188179155158166122532072815213837NR44NR44926006076328033312515502835  West Singhbhum372431368212311811079486020720619517419914056236281625314550344736946405989428133312410513439  Daltonganj3826273782102118100804759NR187155165NR1376030630173432NRNR4862471186986997509842412718405848  Deoghar4018323580110120110100486017618617614817613260300251540405050406050907696090308040352515404040  Ramgarh40233739NR127118102794958NR1921591841991574627925232739NRNR31NR401086155883298328302512421725  Pakur3626384181130120938050632091981761651981546734320153545344148516010063758108489440343015505730  Jamtara412427358211711810887525926920116217918916362285291540576077336160887345788478745322915534748  Latehar4225283882125124108805160175193157159NR1235118830262739NRNR36NR531077296186368145452911432625  Godda40263039801201201038248641981981701701871325040029154045NRNR40NR479770961924010037352515604038  Koderma41253235861211251028053632032031591651931266019928193540NRNR36NR389071259100458845402814605145  OdishaBhubaneshwar4234364685115128110805658NR209156NR1961706523030153830NRNR38454090NRNR96609030352512505050  Cuttack4031374679111125111795558NR208153NR19517060257301538354144395541937405792629141352614575757  Sambalpur4030364582112122100785558NR209145NR1961715524030153540404037603890769NR84609045353016605050  Rourkela362736388111712199775158NR205148169197168611902916343035363944409152956100578845333015474857  Berhampur4431353779111132102735458NR206165NR1981675524521163428NRNR384950856905384608444452914464843  Jeypore4535383582110120102825158181203156NR20216955240291636304040384542808136580607535352512506060  Balasore382741458211511396755158NR202177NR1971735924028133638NRNR42NR43936175696769341402811453644  Baripada382734428411910999755558NR198185NR190170652392915374235NR5148519870657957610143363114615147  Balangir322637398312212394805158NR210143NR19317165NR30173530NRNR38NR4510076957108609040353018405555  Angul37NRNR5088133113120905064NR207176NR197NR58NR291740304355455046107NR61103438760352915605040  BoudhgarhNRNRNRNRNRNRNRNRNRNRNRNRNRNRNRNRNRNRNRNRNRNRNRNRNRNRNRNRNRNRNRNRNRNRNRNRNRNRNRNRNR  Dhenkanal3631354079115105100755358NR203148NR196148622802915384050NR395040907105884408340302012504045  Jagatsinghpur4035404280120120108855658NR203187NR1921266024030153840NRNR38NR42102NR5890608440322116606057  KandhamalNRNRNRNRNRNRNRNRNRNRNRNRNRNRNRNRNRNRNRNRNRNRNRNRNRNRNRNRNRNRNRNRNRNRNRNRNRNRNRNRNR  Keonjhar3931405288123124115774858NR193137NR18712659NR3014385040404050431057365896409040352515505050  MalkangiriNRNRNRNRNRNRNRNRNRNRNRNRNRNRNRNRNRNRNRNRNRNRNRNRNRNRNRNRNRNRNRNRNRNRNRNRNRNRNRNRNR  NabarangpurNRNRNRNRNRNRNRNRNRNRNRNRNRNRNRNRNRNRNRNRNRNRNR405040504012073660904010033402822703340  Nayagarh40NRNR4383117120113854654NR205176NR19316763NR27163740NRNR384442856875892558534412414483842  Nuapada4540355090120110120804554NR209165NR1871435524030253040NRNR454048807696084309030302418502030  Paralakhemundi Gajapati51414144841201221098048NR20120316015418214454317272030355962446040707826090439050403015594042  Puri3931NR4481118115106885159NR200159NR1911485827527163541NRNR40NR43956835893478540392715512839  Rayagada45NR415085120130111805560209203154NR19814060NR30193830NRNR454049806905896578234352413504043  Sonepur36NRNR4380130120108805055NR214154NR20212660NR10153033NRNR40NR501008095896479250303020456045  Bhadrak3525NR4285120120120825265NR214181NR197154603332814353844NR386340847695895558140302615504541  Jharsuguda40NR444080120120100755258NR20914814818712657NR3020303239444458461006926096609038342719453040  Kendrapara4232394685127105111855158NR201147NR1911585628128153641NRNR425744876996196608328382415541838  Jajpur3532404979121110107815256NR198184NR19412155NR29153334NRNR36NR451006595496708538302312504544  Kalahandi4229374885120118110864954NR203163NR1861335443030193532NRNR403750101753NR72378437332913402643  West BengalKolkata53NRNR38831211321181185259NR2061781581911237227730164043NRNR38NR4510274763110708342293120605950  Siliguri44NR3141851241261201184659NR190NR157176NR6822722203956NRNR39NR54957185998558640352217494049  Purulia37NRNR3584122121113984761NR194155145182NR5828227123842NRNR37NR58966795992578129413115384245  Kharagpur55NR3337801271221081055461199203NR1411921205627830163847NRNR37NR3910770357106429037412918606768  Rampurhat50NR3345851231261191154557NR1881591581771295530025153542NRNR41NR51816906394509239353516393745  Malda51NR30411031381221201175060NR210NR1541961306531720163030NRNR40NR64985936380299438313016602733  Raiganj592929461121321401121284761NR1981511692141306030015123540NRNR35NR5211565961935012050303316624042  Alipurduar45NRNR48901231241151215069NR203NR1701861376024310114035NRNR40NR45816556090359535352515492535  Asansol52NRNR37851291211201004968NR1911531591871206029830154040NRNR37NR479981160100579350393015454548  Balurghat51302738851251251081004972NR194NR1531781424635128162748NRNR52NR5810070058924810040333115603847  Bankura37NRNR34881221241181134862NR192NR1441811336129928133252NRNR35NR61936166089588533372915524853  Barasat54NRNR37901221191211155057NR1961691621751386535029153555NRNR38NR57726356096708939332617454550  Bardhaman5129NR388912212811910951602371971591431921416931930123535NRNR37NR45937686190669050302915544245  Baruipur4635NR43871301201201054759NR202199184187NR5727029243847NRNR42NR471027316096488143372715454354  Berhampore45232540831221121131075463NR1911581702011705730324153837NRNR41NR61716066096779835322815375848  Chinsurah54NRNR37891211261191165060NR188152148181NR623012983144NRNR36NR56856185896518937363115564749  Cooch behar49NRNR43931201201181285055NR2031501761721746829230153845NRNR41NR52937296096478740353015704340  Howrah56NRNR37921251211181134963NR192190172201NR6427030194247NRNRNRNR56107727611008210235353315534852  Jalapiguri39NRNR47881341301111135381NR1991451672011486830030154558NRNR38NR60896886196639347343015715050  Jhargram41NRNR39891251251161125061NR197151143186NR5928928133445NRNR38NR58906785991528536372715464649  Kalimpong45NR363780153132124974769NRNR130137173NR6239416283370NRNR41464399715NR91581017050311946NR40  Krishnagar53NRNR39941241191271165058NR196NR157179NR5938729154253NRNR38NR59806135984659737332917474052  Tamluk3929NR36881241191201225159NR188NR159192NR5930728153943NRNR39NR608871859102739248333115505860  NORTH EAST ZONENORTH EAST ZONE  Andaman and NicobarPort Blair60NRNR581001381331181025572NR231209NR1941797833024306080555758858813774759961779850453515807367  Mayabunder52NRNR701001351421231005977310200227NR18717677365215060120NRNR63939213280261120150100483638154010095  Car Nicobar54NRNR711221541551311015573279NR220NR2141487832320405090NRNR70648211993060108NR944347382278100100  Arunachal pradeshItanagar3937404196136140122905074NR212155157207NR7740016244051NR30426052927145890518560463317694356  NamsaiNRNRNRNRNRNRNRNRNRNRNRNRNRNRNRNRNRNRNRNRNRNRNRNRNRNRNRNRNRNRNRNRNRNRNRNRNRNRNRNRNR  Pasighat53NRNR509311397931136080176238172180187NR9040020205080NRNR50NR5783723591006010070784315604867  Tawang45NR4545100NR140137985773NR236182NR165NR10034020425050NRNR42NR539368457112709828833028733143  Tezu38NRNR4090130120120905570NRNRNRNRNRNR10024015204080NRNR40NR7010086365120608060403020403050  AssamGuwahatiNRNRNRNRNRNRNRNRNRNRNRNRNRNRNRNRNRNRNRNRNRNRNRNRNRNRNRNRNRNRNRNRNRNRNRNRNRNRNRNRNR  Barpeta342535357911096100815374197212139159195163591531018384750433697528373663100408334332718582526  Tinsukia3340323788125100100855477NR220198209198NR6519011144050NRNR44NR449579158108358045353020403050  Dhubri3225NR3479130NR106835377NR2311631541761266018012153540506536655011074763108307030402515503530  Goalpara3525323585130130109955263NR209161165181NR6121210154055NRNR35NR53977876396409538323118603535  Golaghat47363442901209011010555671592091611591741577824014163840NRNR41NR59NRNRNR94487145NR2616652743  Mangaldai442333327810795101845270NR200142NRNR1606026011164340NRNR35NR33NRNRNR10833NRNRNR3017652340  Mushalpur3927393786117110110895175NR2191491901901375226510154256NRNR39NR508182860105389629NR2928594039  Udalguri3725NR378311796112875177NR215NR1601881455827210113751NRNR39NR4075687NR95378042NR2113533040  Bajali34NR334087118102113935178164214NR1592051376736310174745NRNR36104458579562106388761603225703740  Hojai3429NR40801149894805560NR1951481511841636526012153543NRNR39NR417066559105407833402811403848  Jorhat403436408511011510510252781812141601591601326020812184050NRNR55NR5478714NR103408042423012602040  Bongaigaon43NRNR358311897110904770NR184152150165NR6032210153141NRNR37NR6076NRNR9032NR40NR3018552040  Morigaon40304040831291201101005265195198159154159137602331015455750NR40NR5010572560101508045372515703350  Sonari4132434298122NR110985278NR214NR176NRNR7522013153855NRNR39NR6090NRNR100458043423015592045  Tamulpur3627393985128110111895577NR200152175NR1606927010154060NRNR39NR4175710NR10242NRNRNR2912483740  Sivasagar45444052911171131131085276NR2392091831981686025311183772336355NR589568162103408037563612503453  Biswanath Chariali3627NR4192121NR1201024977NRNRNRNRNRNR61233NR21NRNRNRNR41NR45120NRNR80409050403020702027  Dibrugarh3628NR38881291221081015477NR216160190222NR6220312174247NRNR38NR558879958109527753423614574047  Karimganj37NRNR3980114122102795475NR215NR176215NR7223814273947NRNR39NR65130NR6010948NR52NR2917504250  Majuli35NR384098119901151005470NR188NR159NRNR6026015203848NRNR41NR43112NRNR84407045NR3515403040  Sonitpur Tezpur3726304185115100110855169NR203NR186211NR4931010163858NRNR40NR45807496296409650603017802040  Haflong3439NR4590130NR120905577NR190NR121210NR8027015204560NRNR45NR459067958120409540323019802050  AS-Lakhimpur39NRNR3882114102110925273NR202161164178NR5819315143853NRNR42NR40886135998528038533213483043  Diphu3527NR3785116115111875375NR208NR170NR127922331519434445454065708268762101208050353017632742  Nalbari3626NR408212595110855270NR2031451651871266029710154550NRNR40NR40808205896408043503015724030  South Salmara Mankachar4033393881124NR116865075NR2191671601591346423312233051808539NR63NR801598337724550401955NRNR  Kamrup3932NR3979119105106855275NR224NR1882031697521915153860NRNR38NR4579NR5910440NR41403115554042  ManipurImphalNRNRNRNRNRNRNRNRNRNRNRNRNRNRNRNRNRNRNRNRNRNRNRNRNRNRNRNRNRNRNRNRNRNRNRNRNRNRNRNRNR  ChandelNRNRNRNRNRNRNRNRNRNRNRNRNRNRNRNRNRNRNRNRNRNRNRNRNRNRNRNRNRNRNRNRNRNRNRNRNRNRNR JiribamNRNRNRNRNRNRNRNRNRNRNRNRNRNRNRNRNRNRNRNRNRNRNRNRNRNRNRNRNRNRNRNRNRNRNRNRNRNRNRNRNR  Kangpokpi53NRNR45100147NR1401005577NRNRNR176176NRNR273153047100NRNR45NR40977536096NR1204552442050NRNR  SenapatiNRNRNRNRNRNRNRNRNRNRNRNRNRNRNRNRNRNRNRNRNRNRNRNRNRNRNRNRNRNRNRNRNRNRNRNRNRNRNRNRNR  TamenglongNRNRNRNRNRNRNRNRNRNRNRNRNRNRNRNRNRNRNRNRNRNRNRNRNRNRNRNRNRNRNRNRNRNRNRNRNRNRNR ThoubalNRNRNRNRNRNRNRNRNRNRNRNRNRNRNRNRNRNRNRNRNRNRNRNRNRNRNRNRNRNRNRNRNRNRNRNRNRNRNRNRNR  UkhrulNRNRNRNRNRNRNRNRNRNRNRNRNRNRNRNRNRNRNRNRNRNRNRNRNRNRNRNRNRNRNRNRNRNRNRNRNRNRNRNRNR  ChurachandpurNRNRNRNRNRNRNRNRNRNRNRNRNRNRNRNRNRNRNRNRNRNRNRNRNRNRNRNRNRNRNRNRNRNRNRNRNRNRNRNRNR  KakchingNRNRNRNRNRNRNRNRNRNRNRNRNRNRNRNRNRNRNRNRNRNRNRNRNRNRNRNRNRNRNRNRNRNRNRNRNRNRNRNRNR  MeghalayaShillong3634403990130130120904977NR187183154NRNR7032030204747NRNR40NR4010379160103578047552822872857  Tura35NRNR4090140NR120905576NR192NR1672031328032018274757NRNR40NR60896925984608353533020703040  Jowai37NR393990NRNR120875477NR163NR154NRNR8036015204830NRNR39NR398768163107508050403016903050  Sohra40NR4240NRNRNR142905277NR165NR154NRNRNR38530305060NRNRNRNRNRNRNRNRNRNRNRNRNRNRNRNRNRNR  Mairang39NR4040NRNRNR120905377NR154NR154NRNRNR38017205040NRNR40NR40103NR601208084505027171004060  Nongpoh3532NR4093145NR122885377NR158NR156NRNR7035315225050NRNR39NR439570363120478750573319773057  Khliehriat4342393992128NR115855076NRNRNRNRNRNRNR31330224835NRNR39NR44737435992427758423215722540  Williamnagar35NR4035108148NR118885070NR203NR174NR1407831815283958NRNR38NR62877475784688040702020802045  Nongstoin32NR4141NRNRNR120955077NR165NR165NRNRNR36015204840NRNR41NR45976816394578054552716822747  Mawkyrwat35NR4039NRNRNR120855575NR165NRNRNRNRNR37016204847NRNR44NR5010070960986710060503525634767  MizoramAizawl5050405010315313013393558327126025616124415210352030484878NRNR50NR7090703601007390100906040752752  Lunglei505040501251801801501105582NRNR198NR207132100486305050100NRNR50NR5011568060100659575603020803070  Kolasib5345404595120140140935580NR242NR14320313210048330304085NR4045NR7012072560906098100803635503070  Mamit45NRNR50128NRNR128985380NR253NR132121NR140433302853100NRNR45NR9712754665906112750685034664850  Champhai504950521001301501401085585NR238230150NRNR12056030356780NRNR48NR100160745601084897100804220802560  Serchhip45NRNR49113NRNR1301005085NR264NR154NR143100520303060100NRNR55NR80160633601055310780903023603065  Siaha5555NR501031571381481025580170253219147NR110100250304053117NRNR5010095110631601007380NR606040883070  Lawngtlai50NR45501001601401401005080NR253NR143NR132110480304060120NRNR50NR801406606010080100NR9060401003070  Hnahthial53NR4550NR1471501331035284NR257NR154NRNR12051330355797NRNR50NR9014065960966593NR905020752865  Khawzawl45404053951371331201005580NR224145150NR13214345730506587NRNR50NR7212261960996088NR655832774332  Saitual50NR4550107NR140NR1005580NR198NR152NRNR12052330275080NRNR50NR90100NR589580100NR905022803070  NagalandKohima45304545110157130120905577NR154176165NRNRNR35020305067NRNR45NR90907146092508070605015803560  Dimapur40354350711601101209053802091812201982091818035020263050NRNR45NR1001607696780367575805015802655  Tuensang37NR4055100NRNR12010050NRNR176NR200NRNRNRNR20304560NRNR52NR50100NR58924210035905030603570  Mokochung4844NR60100140140120905074NR154170165NRNR8034015255050NRNR60NR7012079160805510070704020502060  Chumukedima40NRNR3690140147140905075NR255211198209NR8331318305050NRNR40NR85123652701153590NR823732583263  Mon40NRNR60100NRNR1251006070NR154NR165NRNR8034017205070NRNR60NR7065NR608050NRNR654520502050  Peren3930454590NRNR1201005070NR154NR165NRNR12032020255560NRNR55NR701136516096378040704720882740  Phek40NR50501001501401301005072NR163NR165NRNR8035020NR5057NRNR50NR10010063068NR6010060635630402050  Tseminyu5040NR57NRNRNR137975570NR154NR154NRNRNR38015285060NRNR53NR80907146010050NRNR904219NR2062  Wokha52NRNR6897NRNR120975074NR158NR158NRNRNR30015304060NRNR70NR8010075860845010060654015702560  Zunheboto5539NR50NR163NR110904575NRNRNRNRNRNR6024018NRNR67NRNR55NR75NR703NR826012030704025603358  Kiphire3835NR60120155140120905570NR154NR165NRNR7534518203570NRNR45NR85956486585589080755515402070  LonglengNRNRNRNRNRNRNRNRNRNRNRNRNRNRNRNRNRNRNRNRNRNRNRNRNRNRNRNRNRNRNRNRNRNRNRNRNRNRNRNRNR  Niuland4028NR50NR130120120905070NR154NR165NRNRNR32515204550NRNR45NR7095NR609030NR40503515302545  Shamator44NR5060100NRNR1301006078NR165NR176NRNR8032020255060NRNR60NR70120692609840100NR953020502560  Noklak40NR5065120NRNR1401005580NR165NR165NRNR80NR20256070NRNR60NR8013076959995010062703520502090  SikkimGangtok45NR404093NRNR123955570NR220143137209NR6730020254545NRNR47NR60110769601086010050533023603050  Gyalshing45NR384090NRNR120905570NR220143176198NR6030020204045NRNR40NR70110651601087010050402823602550  Namchi45NR4042100NRNR1201005270NR220154143198NR6536023254550NRNR45NR8012071458108709050533020702050  Soreng45NR404090NRNR1201005570NR220154165NRNR6020020254560NRNR404070110714621088010035402020702050  Mangan45NR3840100NRNR130905570NR220154170NRNR6046020254060NRNR40NR7012070362108609042503023702550  Pakyong45NR4040110NRNR130955570NR209148165198NRNR30024204560NRNR45NR7012065158108809050603023802550  TripuraAgartala3840NR4082129123911305578NR2081761891991637124310194060NRNR40NR478273668100509251323115783039  Dharmanagar3840NR4287127123971345575NR208NR192NR1818024315223853NRNR43NR48927106298479245402815783042  Belonia3744NR40831301251001435880NR2091781702011648024713214263NRNR40NR508574068108589552333317853240  TR-Udaipur4042NR4285130124951355980NR2091791922011647324510214163NRNR45NR50827516696549452353216773740  Ambassa3941NR4184129124941315680NR2081781912001647724510204160NRNR42NR509276970104489753413115553342  SOUTH ZONESOUTH ZONE  Andhra PradeshVijaywada4633434582138137104854854203156147NR20014855297152533234545425545956045890559230402419556585  Visakhapatnam5830444587126132111864960196192152NR18815967260172037224145454545907256089338937372815504540  Kurnool543741457911711110989456019219913713019013655323173133193739434941937516189238636382313293348  Tirupathi503244458310810510990435817218313416816212461308203236233943414345876415571448534402017483133  JammalamaduguNRNRNRNRNRNRNRNRNRNRNRNRNRNRNRNRNRNRNRNRNRNRNRNRNRNRNRNRNRNRNRNRNRNRNRNRNRNRNR DharmavaramNRNRNRNRNRNRNRNRNRNRNRNRNRNRNRNRNRNRNRNRNRNRNRNRNRNRNRNRNRNRNRNRNRNRNRNRNRNRNR Ongole5331434582119117109894658183186143NR18114157300163530253842424644857186281358133382217512935  Bapatla4829434383113120106854558189NRNRNR18714152287153128303342424543907635977318230352216502433  Rajahmundry4935444682116109107854660192210131NR19013754207162033244142444644895786075378543312312352540  Eluru563943457912011311088496119621514516419114457207222838283744405344868245871438230342619323050  Guntur5630424583118122111874660190187137NR18114352215122528253538404443855855368338031332014322534  Amalapuram543445458812213611786536521821614515819914857295242237273132454648896806084408936392819483330  Nandyala614043398211911810788496119721914815419314859277153527153439395143837436492379049383018262152  Parvathipuram5339454685117122110915060185196148NR19313758281211831254142454546866926077348434352219364237  Sri Sathya Sai462841417811310610489455920119813715718714355320153120343541414743886635875308332352015522533  Nellore49354043821151151051004558192203159NR19215255260193535303540454943848156073318135372116352434  Srikakulam60NR3946841201321078450562022091361611661366033111223324NRNR4850548967255714189NR432717554444  Vizianagaram4939404380114116106874960178190144NR18713555275192433303738434243856596072308034322217312436  Anakapalli6535404582120140110855069203211154NR203143522471925352740424040401137146078407334332317472029  Bhimavaram513540418312011110586456019220314615018614155285192734293440444544887915479488838382218353337  Chittoor5035454785105110110954555181198154NR170132603451542351436385050551106816575558030302015425545  Kakinada4735424179116113107864462193213145NR19514055294183034293740434444926406370388433372115512530  Machilipatnam513043458411510010788446316917613316816911452338152234213243444244907436158308531301912244745  Narasaraopeta453144448410210410484456316118916216817412050265183221313343434542927724974348332332018502742  Paderu6030404483120132107855060194194143NR1941365330019283030NRNR434743907036272378033351913522540  RayachotiNRNRNRNRNRNRNRNRNRNRNRNRNRNRNRNRNRNRNRNRNRNRNRNRNRNRNRNRNRNRNRNRNRNRNRNRNRNRNRNRNR  Anantapuramu463040458211311011088456020019813815718914556312183332243339414946846595784288539372716453346  YSR Kadapa503042418110410210787446118219714817018113456301193025303840424842917436269308329362017392830  Madanapalle674040449211912810992497116720016717219213957250224033283439464351927875075417952363220574777  Markapuram5030404181120117105904567200182144NR19414854327192825343340424242887016274358239382416493440  KarnatakaBengaluru603645438712113311289495119520915515819216155240182836233941415146907626085527742353016472833  Dharwad563442448412412611288485419619314514619115250268202331234650464846867865691557834433315402838  Mangalore543543448412012911188465420919715017018815458199202929303955454847887515981468335372817572738  Mysore613741508312314110880494821121617817119415664282202936155256405541787236087449549353821554238  Bengaluru (East Range)593842468712412511887515020222315416719716057262203237204244435148927536094608239422818503048  Belagavi533642438311911910786495420319514017319515149258212729225053414543847866184418035592414413031  Kalaburagi5635444284120121117904854198193163136187154552112025352040454649459572565108707840603018603045  Tumakuru603643448912613111694495520321314615918814456232212937224950475047827206095478845443219503042  Bellary553345428712212610888465421620315715018216158281192728164042404743977666182417736363018503129  Dhavanagere653644508512011711087555320320815314819815957297242736154156435245877915889417437422416402535  Shivamogga593743478612012211290465420020814514819514854245212630204852474948927676090408636412815453036  Vijayapur583745448512512611883495521921414817618614355244212626214043425043827866287419539423815524046  Ramanagara553442458812011810892485521121613914219214850213192831254244474743907566590409035502416533332  Raichur563344428312312411883455419920117517018814155209162526294749454545947215680439240483917432627  Chamarajanagar573542458412512910696494821520815312219214356198182935175056525154907176089449439634219634243  Kolar603047469012012711894495222421316416919716058259202528153942484349977136084468536423115404651  Haveri654042449012012511090495220920416517018714352247192535114555425542957586590358042453015453540  Bagalkot543544428511811811592465520619614516518615350245202829284946445243907955888488035373518582630  Bidar593741418311911911484455319819813815818316257277192833274148414841877986193578738383317525353  Koppal573643448412012511291485220019415215919215654247193033204146434844907405885449037402817533132  Mandya603644478511913011997515221823114417019115555241202935154647424744957316198458140363015502540  Yadgir553544458612112111087465420320317016519215951210172530254452464645967805882437535382819483045  Chikkamagalur553643468512112311290475320419915315719214755218192635214446464746947236390468437432916454140  Bangalore Rural583643498811912310787475021219514015218614556254182735204945454648947296490408136502618403141  Chikkaballapur633446479211413110987505222221116017219416054292202830214544444543977405982418539412515403244  Chitradurga603744488612011811087485320321014915218815656280183030204353435245867755888427637422516502735  Gadag583744468611912911689525321319514214018514753238222535214145455046887226587578638374017402936  Hassan563644488612112710996505422319915115319515959245212437174646474647917276094397938392813394639  Kodagu563544468712012311389465420619914915519015055249192734244245454746937666391498236392716513241  Udupi573646478311912411194484822021016617718615855221192931304443484747927476786558040553819613235  Uttara Kannada563645438812112911996484821819417017519114857280222933284652434944977696290569543394119434347  Vijayanagara5637424384119122116934752197208144NR19014351225192535164048474846957425988418738363816482730  KeralaT.Puram61534144951351481259052563082421981441981487326014383935465548544495NR6190509048453517605060  Ernakulam50604044103155143135955160247240203NR205174682251540383345604860NR1187867190438055403218605057  Kozhikode47555044110140145137975256NR220165NR1981706223715273620NRNR445247107747NR9657824837281657NR57  Thrissur5553484996139130135855258NR263216NR200172732971740413653575161571167305894549245522915664352  Palakkad4539484490131145116865254236219192NR19417059223133636205350485047947076384338450403216624245  Wayanad495852451161421481431145257285255201NR2121906123917333824NRNR4869491187936798418549453117495164  Kasargod505850601131391361361114866NRNR218NR1971595327515263322NRNR4656461077805690407942403917523849  Kottayam5752445199142120103995158NR226203NR1981636823316333836NRNR5355521127276494468151383515515253  Pathanamthitta62584346104135120129945157NR231236NR2062057526015384245NRNR5158NR1407906090608054444518706763  Alapuzha49605070120150144140NR5152NRNR195NR1901716623316443636NRNR506767NR7596295539249413117583450  Kollam4852444493130132130905256NR246228NR204202632331637403865624854578867761834810352402116586267  Idukki5855444496137NR120905270NR213208NR2011766923313434040NRNR4858441037546299558053393215505757  Kannur535649511061451511461005360NRNR216NR19817663266193039234545445351119NR5880608148423519604562  Malapuram49555043901321331201035258270231194NR20817059NR13303621505046524810374760100478045372814535353  PuducherryPuducherryNRNRNRNRNRNRNRNRNRNRNRNRNRNRNRNRNRNRNRNRNRNRNRNRNRNRNRNRNRNRNRNRNRNRNRNRNRNRNRNRNR  Tamil NaduChennai6440444385135137112845140212240174NR19516672288304043284352475249909236096658652383314606060  Madurai5837476887137124106925345227206194NR197174642633035372136395648511127596792488737432614435937  Dindigul6437496383126126109824644238255180NR19416557284264242224151535149929236196528351383314606060  Thiruchirapalli663850541001451431281015047231242190NR197151693053033402544565555571137926986539647363617494049  Coimbatore5937444489130139107815040234200176NR193162622802745392840544953521098036090508654333015525053  Tirunelveli4735455497128140119844945248211178NR190152602672928391842475553551057857092638645353414464850  Cuddalore56384943881351301211124550193198187NR19214360293273634164457495250966915877518241332714424540  Dharmapuri5732444280132140102825144220NR143NR192156522752728352036484845461106908087408250322614355053  VelloreNRNRNRNRNRNRNRNRNRNRNRNRNRNRNRNRNRNRNRNRNRNRNRNRNRNRNRNRNRNRNRNRNRNRNRNRNRNRNRNRNR  Ramanathapuram6137416781124141105895144225NR182NR197171572843145413245465650561177737493598454313113505135  Erode5641494485130145110785245220220177NR198176564402935312236585256551097696687398247302715265142  Karur5735546793135143108875247236210175NR192154672971737422740465652591047256588579645432823664848  Perambalur5141NR6892131151113875345233211189NR19916763NR2932442942605957651217476084629045372714584657  Pudukkottai5844457090128145115NR5640269NR182NR196154616983040402541595655521118766678459850383014556550  Sivagangai5540456896136144121925444252NR219NR199170592922940403039585855611207658586608252373015635336  Thanjavur5941485090137138120954844225242184NR194151583002732312239554856491268947794529049393114525745  The nilgiris59454752103133150130935554233235168NR19615669203326238224750525353828087293509827724130553558  Thoothukudi5438446585125150108855246231219181NR192163603201030402035506055621108686190558748373013455050  Viluppuram6043474194132116108895348205215169NR19617067NR2930351835504450471108266981679052333413455060  Virudhunagar6239496781122134105764845255239183NR200174612932847472837535355531077295785338141322013625224  Kanniyakumari6239375380123125107764841225216191NR197166572582531392334403752401037696092508442312813355049  Namakkal6541476390130150116905244198215167NR19515956NR2635402541405149471136647181608155393112606060  Tiruvannamalai5939454885139132118885143220201172NR196163603102737421944584752561138396287628941472913575248  Tiruvarur6230486589124119119NR4444242186187NR17514053NR2030452246514851621227146578559039491820452425  Tiruppur59364954105142144121835243241224171NR19515762265282838204555605559977256082328347412218574728  Tenkasi5640465985126139111NR5246233NR166NR191163602753030402036525658551028136490508844412813495040  Nagapattinam60405067971301281251014744231240178NR19315656NR2533382348504953511178756498559443503415576037  Krishnagiri6036474189130129117905244208202155NR192167593152830351938404348451006155090619640402912536252  Ariyalur5536346590125125108904744240209172NR188163602932635353045455255521088356575359039492514524336  Kallakurichi5940496794136130116885345242222176NR19716458NR3030371838505047501159298582418757343514434651  Kancheepuram6040516791141143121954944210203185NR19215675NR2840372041565253551027805590539152403014454840  Salem55NR484895128121133994545212NR176NR17415249283NR3930424550455548837147070418340352516452833  Theni5937466189125133110854745226219165NR17615056288273536214062505852937917088529146332612525137  Chengalpattu7337465495123120128904644210205175NR16413964NR2827422741495147531137845286678531401913431930  Mayiladuthurai6040506598137117113NR5244201220198NR200156603402732372745454655631138577090509235422514605040  RanipetNRNRNRNRNRNRNRNRNRNRNRNRNRNRNRNRNRNRNRNRNRNRNRNRNRNRNRNRNRNRNRNRNRNRNRNRNRNRNRNRNR  Tirupattur6440434684124121119894840216236172NR19414860310293040203539423545927696579558744382715525060  Tiruvallur5738446687129122119924440218208169NR19215665298273540203659555259997626090558231412213534537  TelanganaHyderabad634239428011412510580436319119814817919114762250202828253464445044926536087408245312316502545  Karimnagar55NR445181123126110854363196205152NR191152572972528342745464454439464858964510637362415453142  Warangal54NR424980122126108864465198209136143198150582751828323037414154418556060784011745352514402647  Adilabad61NR444796121120113934590189187182184189147632902925402538454349407973259964810349392415452242  Suryapet50NR444687122128110984465192188181185197142632652225322539574148398762262844410246382515482748  Jadcherla55NR42498512612811590456519016614915919114558292203932243549395342825285890319243372515422848  Khammam59NR475289128132117954466183166126161183142542972032302537473552348851760843310843432516432648  Medchal5044454780131128114804564197220165168190143552502228302440504453459053861843511543352617483445  Nizamabad5233404478116128100824562193198200170190149602492326302040454249428062565903410445352618433246  Sangareddy6030485382125124116954565192198145NR196143624122532302239585155489565959964210543392516563545  Kothagudem56NR444990131126125924975189NR145NR20014760348313833204555455555957446095418740302412452746  LadakhLeh53NRNRNR1401801501281305070NR242NRNRNRNR8064030485070NRNR70NR4412267758846310337613918905050  Kargil45NRNR4012713511511590NRNRNR159160159NRNRNRNRNRNRNRNRNRNRNRNRNRNRNRNRNRNRNRNRNRNRNRNRNRNR  Commodity NameCommodity NameRiceRiceWheatAtta (Wheat)Gram DalTur/Arhar DalUrad DalMoong DalMasoor DalSugarMilk @Groundnut Oil (Packed)Mustard Oil (Packed)Vanaspati (Packed)Soya Oil (Packed)Sunflower Oil (Packed)Palm Oil (Packed)GurTea LooseSalt Pack (Iodised)PotatoOnionTomatoBajra(whole)Jowar(whole)Maida(wheat)Ragi(whole)Suji(whole)BesanDesi GheeButter(Pasteurised)EggsBrinjalBlack Pepper(whole)Coriander(whole)Cummin Seed(whole)Red Chillies(whole)Turmeric(powder)BananaGIngerGarlic  Average Price1Average Price145.0933.2431.337.1886.66123.54121.38111.9790.5848.9260.84206.17196.3165.74164.21189.09148.4359.67276.3422.1223.0135.0740.1338.1344.3942.3155.4747.3496.29693.3459.838743.5888.1741.7741.229.7616.6850.1837.2243.11  Maximum Price1Maximum Price173605471140180180150143609031026425620924420514369834626712080857211310016093085120177150100956040107100100  Minimum Price1Minimum Price131172328709581827139401591541261211211043615310820111822312931655004557186526251810241720  Modal Price1Modal Price14030283585120120110905060220200.517617019214360300252040404040405540907146090409040353015503040  Source:- State civil supplies Dept.Note:- All India Consumption Weighted Average Prices of Oils w.e.f 23-Feb-2022 and Wheat and Atta w.e.f 25-Feb-2023 NR -> Not Reported Unit for Black Pepper (powder),Coriander (powder),Cummin Seed (powder),Red Chillies (powder),Turmeric (powder),Butter (Pasteurised) - Rs/100gm Unit for Eggs - Rs/Dozen Developed by:- National Informatics Centre(NIC)",,,,,,,,,,,,,,,,,,,,,,,,,,,,,,,,,,,,,,,,,,,2026-07-27
"Source:- State civil supplies Dept.Note:- All India Consumption Weighted Average Prices of Oils w.e.f 23-Feb-2022 and Wheat and Atta w.e.f 25-Feb-2023 NR -> Not Reported Unit for Black Pepper (powder),Coriander (powder),Cummin Seed (powder),Red Chillies (powder),Turmeric (powder),Butter (Pasteurised) - Rs/100gm Unit for Eggs - Rs/Dozen Developed by:- National Informatics Centre(NIC)",,,,,,,,,,,,,,,,,,,,,,,,,,,,,,,,,,,,,,,,,,,2026-07-27
Source:- State civil supplies Dept.,Note:- All India Consumption Weighted Average Prices of Oils w.e.f 23-Feb-2022 and Wheat and Atta w.e.f 25-Feb-2023,NR -> Not Reported,,,,,,,,,,,,,,,,,,,,,,,,,,,,,,,,,,,,,,,,,2026-07-27
"Unit for Black Pepper (powder),Coriander (powder),Cummin Seed (powder),Red Chillies (powder),Turmeric (powder),Butter (Pasteurised) - Rs/100gm","Unit for Black Pepper (powder),Coriander (powder),Cummin Seed (powder),Red Chillies (powder),Turmeric (powder),Butter (Pasteurised) - Rs/100gm",,,,,,,,,,,,,,,,,,,,,,,,,,,,,,,,,,,,,,,,,,2026-07-27
,Unit for Eggs - Rs/Dozen,,,,,,,,,,,,,,,,,,,,,,,,,,,,,,,,,,,,,,,,,,2026-07-27
Developed by:- National Informatics Centre(NIC),Developed by:- National Informatics Centre(NIC),,,,,,,,,,,,,,,,,,,,,,,,,,,,,,,,,,,,,,,,,,2026-07-27
,,,,,,,,,,,,,,,,,,,,,,,,,,,,,,,,,,,,,,,,,,,2026-07-27
