State,Centre,Rice,Broken Rice,Wheat,Atta (Wheat),Gram Dal,Tur/Arhar Dal,Urad Dal,Moong Dal,Masoor Dal,Sugar,Milk @,Groundnut Oil (Packed),Mustard Oil (Packed),Vanaspati (Packed),Soya Oil (Packed),Sunflower Oil (Packed),Palm Oil (Packed),Gur,Tea Loose,Salt Pack (Iodised),Potato,Onion,Tomato,Bajra (whole),Jowar (whole),Maida (wheat),Ragi (whole),Suji (whole),Besan,Desi Ghee,Butter (Pasteurised),Eggs,Brinjal,Black Pepper (whole),Coriander (whole),Cummin Seed (whole),Red Chillies (whole),Turmeric (powder),Banana,Ginger,Garlic,Date
Unit,Qty,1 Kg,1 Kg,1 Kg,1 Kg,1 Kg,1 Kg,1 Kg,1 Kg,1 Kg,1 Kg,1 ltr,1 Kg,1 Kg,1 Kg,1 Kg,1 Kg,1 Kg,1 Kg,1 Kg,1 Kg,1 Kg,1 Kg,1 Kg,1 Kg,1 Kg,1 Kg,1 Kg,1 Kg,1 Kg,1 Kg,100 gm,Dozen,1 Kg,100 gm,250 gm,100 gm,100 gm,50 gm,1 Kg,100 gm,100 gm,2026-09-15
Average Price,Average Price,46.39,33.73,31.48,37.19,88.09,124.43,122.8,112.13,90.65,59.25,61.32,209.95,201.82,168.15,166.12,193.22,151.7,67,277.48,22.24,22.79,53.92,39.19,38.55,45.05,42.59,55.98,47.61,96.7,698.02,60.54,83.83,43.12,88.52,43.83,40.77,30.46,16.74,49.89,36.31,45.13,2026-09-15
Maximum Price,Maximum Price,71,60,55,71,140,182,180,150,141,85,85,308,264,256,220,244,212,143,698,32,52,100,130,85,85,77,104,100,160,930,85,132,157,127,100,95,60,35,107,100,100,2026-09-15
Minimum Price,Minimum Price,30,18,22,30,72,94,90,89,73,45,40,154,152,124,120,121,110,45,153,10,9,28,11,21,22,31,35,31,65,507,49,51,20,70,27,25,19,10,24,19,22,2026-09-15
Modal Price,Modal Price,40,40,28,35,85,120,120,110,90,60,60,214,209,176,165,203,154,65,300,20,20,50,40,40,40,40,55,40,90,714,60,84,40,90,50,35,30,15,50,30,50,2026-09-15
NORTH ZONE,NORTH ZONE,,,,,,,,,,,,,,,,,,,,,,,,,,,,,,,,,,,,,,,,,,2026-09-15
Chandigarh,Chandigarh,46,33,32,39,87,124,122,112,90,64,61,214,209,176,173,193,152,63,276,28,21,57,40,38,45,42,55,47,96,681,60,83,43,88,42,41,30,16,50,35,42,2026-09-15
Delhi,Delhi,45,36,35,36,92,125,133,120,90,56,59,227,209,190,198,220,176,75,237,29,22,58,43,34,39,39,59,41,93,685,61,76,60,95,57,32,32,15,57,43,63,2026-09-15
Haryana,Hisar,41,39,30,34,85,127,115,110,88,58,62,229,201,167,161,183,134,59,252,29,21,60,47,27,38,39,65,40,90,646,60,77,50,83,41,39,35,15,70,28,50,2026-09-15
Haryana,Karnal,40,45,28,37,86,130,118,112,93,50,70,236,210,196,179,201,178,62,220,30,20,60,50,33,38,45,45,57,90,747,63,90,30,89,50,36,36,17,78,45,48,2026-09-15
Haryana,Panchkula,NR,NR,NR,NR,NR,NR,NR,NR,NR,NR,NR,NR,NR,NR,NR,NR,NR,NR,NR,NR,NR,NR,NR,NR,NR,NR,NR,NR,NR,NR,NR,NR,NR,NR,NR,NR,NR,NR,NR,NR,NR,2026-09-15
Haryana,Gurgaon,45,43,28,34,83,121,136,107,79,66,69,215,215,195,161,156,126,75,290,18,24,60,50,23,30,35,37,43,88,542,56,62,23,86,36,47,32,16,70,46,46,2026-09-15
Himachal Pradesh,Shimla,40,NR,NR,35,88,130,131,120,87,65,60,247,234,186,181,NR,NR,64,240,31,33,53,40,33,NR,39,NR,39,90,681,58,84,40,82,34,38,23,17,53,42,45,2026-09-15
Himachal Pradesh,Mandi,41,NR,NR,36,90,130,134,115,87,65,62,237,224,189,176,190,NR,67,260,32,24,56,47,37,NR,38,NR,38,95,688,58,90,42,89,50,31,32,16,54,40,41,2026-09-15
Himachal Pradesh,Dharamshala,38,NR,NR,32,84,127,127,117,87,65,44,NR,216,175,165,NR,NR,54,235,32,20,60,40,34,NR,35,NR,40,93,630,59,84,40,97,49,42,34,15,60,32,38,2026-09-15
Himachal Pradesh,Solan,39,NR,NR,34,89,126,130,116,91,60,55,226,225,178,162,181,NR,68,230,30,25,65,40,36,38,34,NR,34,100,644,59,86,40,91,44,35,34,17,60,33,43,2026-09-15
Himachal Pradesh,Una,39,NR,NR,34,91,116,123,102,87,61,69,NR,208,194,180,NR,NR,64,249,31,16,57,35,34,NR,35,NR,35,99,718,63,109,24,98,63,35,29,17,59,27,49,2026-09-15
Himachal Pradesh,Bilaspur-hp,41,NR,NR,34,85,127,129,112,86,66,66,NR,198,195,177,NR,NR,69,200,31,17,60,50,33,60,37,62,37,82,740,58,96,40,87,47,31,33,13,55,27,50,2026-09-15
Himachal Pradesh,Chamba,38,45,NR,39,85,126,124,118,89,70,55,NR,199,183,178,NR,NR,57,235,30,25,61,50,49,59,39,60,40,89,644,60,88,41,88,48,35,36,18,55,48,52,2026-09-15
Himachal Pradesh,Hamirpur-HP,40,NR,NR,34,87,123,128,107,82,66,69,NR,224,187,172,NR,NR,61,265,31,24,57,48,33,48,37,NR,36,83,641,60,94,38,87,42,37,33,16,53,38,48,2026-09-15
Himachal Pradesh,Kullu,40,NR,NR,36,88,130,127,110,84,62,50,NR,231,181,184,NR,NR,65,220,30,28,60,40,NR,NR,37,NR,37,97,707,61,90,43,90,33,32,32,12,55,60,60,2026-09-15
Himachal Pradesh,Sirmour,41,NR,NR,35,90,125,125,115,85,58,51,233,210,178,162,NR,NR,61,273,30,25,60,55,36,NR,35,NR,36,95,610,62,85,50,92,36,45,32,19,60,50,51,2026-09-15
Himachal Pradesh,Kinnaur,40,NR,NR,37,88,127,126,104,83,63,60,NR,235,186,NR,NR,NR,61,260,32,27,70,60,NR,NR,40,NR,44,92,919,62,90,57,100,48,46,42,15,50,50,50,2026-09-15
Himachal Pradesh,Lahaul & Spiti,40,NR,NR,36,94,123,123,114,94,65,51,NR,242,175,NR,NR,NR,63,480,32,27,58,52,NR,NR,36,NR,34,84,600,60,97,43,80,36,36,28,15,59,39,44,2026-09-15
Jammu and Kashmir,Srinagar,45,25,41,45,93,146,125,130,107,60,55,NR,212,185,179,187,NR,60,320,32,25,33,50,NR,NR,60,NR,53,115,679,62,81,52,100,53,70,39,17,80,48,42,2026-09-15
Jammu and Kashmir,Jammu,50,37,31,36,84,112,119,118,91,59,56,NR,227,176,173,171,118,63,303,30,25,59,40,35,57,55,67,60,109,643,60,93,38,91,62,46,31,21,50,40,41,2026-09-15
Jammu and Kashmir,Poonch,57,42,38,50,118,182,128,123,122,65,77,NR,236,214,194,NR,NR,72,390,30,31,70,58,NR,NR,54,NR,60,123,751,60,84,57,85,48,31,31,15,77,41,52,2026-09-15
Jammu and Kashmir,Kupwara,48,NR,38,41,103,NR,130,127,119,63,55,NR,198,176,169,174,150,57,497,30,30,75,47,NR,NR,35,NR,51,117,664,62,73,53,79,39,51,32,14,107,33,40,2026-09-15
Jammu and Kashmir,Udhampur,NR,NR,NR,NR,NR,NR,NR,NR,NR,NR,NR,NR,NR,NR,NR,NR,NR,NR,NR,NR,NR,NR,NR,NR,NR,NR,NR,NR,NR,NR,NR,NR,NR,NR,NR,NR,NR,NR,NR,NR,NR,2026-09-15
Jammu and Kashmir,Shopian,NR,NR,NR,NR,NR,NR,NR,NR,NR,NR,NR,NR,NR,NR,NR,NR,NR,NR,NR,NR,NR,NR,NR,NR,NR,NR,NR,NR,NR,NR,NR,NR,NR,NR,NR,NR,NR,NR,NR,NR,NR,2026-09-15
Jammu and Kashmir,Samba,NR,NR,NR,NR,NR,NR,NR,NR,NR,NR,NR,NR,NR,NR,NR,NR,NR,NR,NR,NR,NR,NR,NR,NR,NR,NR,NR,NR,NR,NR,NR,NR,NR,NR,NR,NR,NR,NR,NR,NR,NR,2026-09-15
Jammu and Kashmir,Ramban,NR,NR,NR,NR,NR,NR,NR,NR,NR,NR,NR,NR,NR,NR,NR,NR,NR,NR,NR,NR,NR,NR,NR,NR,NR,NR,NR,NR,NR,NR,NR,NR,NR,NR,NR,NR,NR,NR,NR,NR,NR,2026-09-15
Jammu and Kashmir,Rajouri,NR,NR,NR,NR,NR,NR,NR,NR,NR,NR,NR,NR,NR,NR,NR,NR,NR,NR,NR,NR,NR,NR,NR,NR,NR,NR,NR,NR,NR,NR,NR,NR,NR,NR,NR,NR,NR,NR,NR,NR,NR,2026-09-15
Jammu and Kashmir,Kishtwar,NR,NR,NR,NR,NR,NR,NR,NR,NR,NR,NR,NR,NR,NR,NR,NR,NR,NR,NR,NR,NR,NR,NR,NR,NR,NR,NR,NR,NR,NR,NR,NR,NR,NR,NR,NR,NR,NR,NR,NR,NR,2026-09-15
Jammu and Kashmir,Doda,NR,NR,NR,NR,NR,NR,NR,NR,NR,NR,NR,NR,NR,NR,NR,NR,NR,NR,NR,NR,NR,NR,NR,NR,NR,NR,NR,NR,NR,NR,NR,NR,NR,NR,NR,NR,NR,NR,NR,NR,NR,2026-09-15
Jammu and Kashmir,Baramulla,NR,NR,NR,NR,NR,NR,NR,NR,NR,NR,NR,NR,NR,NR,NR,NR,NR,NR,NR,NR,NR,NR,NR,NR,NR,NR,NR,NR,NR,NR,NR,NR,NR,NR,NR,NR,NR,NR,NR,NR,NR,2026-09-15
Jammu and Kashmir,Reasi,NR,NR,NR,NR,NR,NR,NR,NR,NR,NR,NR,NR,NR,NR,NR,NR,NR,NR,NR,NR,NR,NR,NR,NR,NR,NR,NR,NR,NR,NR,NR,NR,NR,NR,NR,NR,NR,NR,NR,NR,NR,2026-09-15
Jammu and Kashmir,Kathua,NR,NR,NR,NR,NR,NR,NR,NR,NR,NR,NR,NR,NR,NR,NR,NR,NR,NR,NR,NR,NR,NR,NR,NR,NR,NR,NR,NR,NR,NR,NR,NR,NR,NR,NR,NR,NR,NR,NR,NR,NR,2026-09-15
Punjab,Amritsar,40,32,28,32,83,137,135,112,90,55,59,238,209,175,158,192,NR,73,273,29,20,57,40,35,38,40,61,40,90,692,60,81,42,95,47,30,29,12,50,33,52,2026-09-15
Punjab,Ludhiana,43,37,29,36,87,137,135,118,100,59,62,234,211,178,172,200,NR,77,275,28,18,62,40,34,48,41,62,48,97,604,52,80,48,93,55,42,25,19,47,37,50,2026-09-15
Punjab,Bathinda,40,31,28,32,83,135,137,113,90,55,58,242,209,180,156,196,144,70,273,29,17,58,40,33,40,38,60,38,95,683,60,81,40,95,47,30,29,13,47,33,53,2026-09-15
Punjab,Barnala,40,42,27,33,87,135,125,107,100,59,65,246,198,178,150,205,128,70,273,32,20,67,45,33,38,40,NR,45,88,698,58,95,42,90,60,40,38,18,52,30,40,2026-09-15
Punjab,Hoshiarpur,36,33,28,37,84,124,119,112,106,55,71,229,201,177,144,157,126,69,272,25,15,48,47,37,32,44,65,48,91,628,55,79,37,99,49,45,34,15,62,31,50,2026-09-15
Punjab,Faridkot,40,35,29,34,85,133,133,113,90,56,70,235,190,177,149,198,136,79,283,30,15,57,40,34,50,40,74,40,94,659,60,84,40,89,50,34,30,14,42,38,53,2026-09-15
Punjab,Mansa,40,39,27,33,87,133,135,115,98,58,61,NR,207,174,156,NR,137,77,280,29,20,58,47,40,40,39,62,38,92,659,58,85,42,92,42,35,30,16,50,58,52,2026-09-15
Punjab,Sri Muktsar Sahib,41,40,28,33,90,132,140,117,90,55,66,218,187,176,148,176,130,72,287,30,16,60,40,29,50,39,68,39,90,637,61,72,32,90,52,33,26,14,50,32,53,2026-09-15
Punjab,Dera Bassi,40,36,27,33,90,133,135,117,97,58,61,NR,209,176,161,NR,NR,77,268,29,19,60,43,39,41,38,62,40,90,681,60,73,37,95,41,35,32,16,50,47,50,2026-09-15
Punjab,Sangrur,40,27,28,33,90,130,140,105,88,55,65,246,198,196,191,196,176,61,263,32,15,55,40,35,45,40,67,40,100,710,60,84,30,95,60,45,30,15,50,40,49,2026-09-15
Punjab,Ropar,40,37,27,33,88,135,135,117,97,58,61,240,209,176,160,NR,141,75,277,29,19,58,42,37,42,39,58,39,93,676,60,83,40,93,44,36,31,15,48,50,50,2026-09-15
Punjab,Amargarh,42,27,29,33,90,130,140,108,85,55,65,245,198,193,193,195,181,60,250,32,13,55,40,35,45,40,NR,40,95,725,60,84,35,95,65,50,30,15,45,40,50,2026-09-15
Punjab,Fatehgarh Sahib,47,32,29,35,97,135,122,115,105,59,60,256,198,180,178,201,125,61,290,30,17,58,38,28,45,37,65,40,95,622,60,78,45,95,45,48,38,19,50,24,36,2026-09-15
Punjab,Ferozepur,50,40,33,35,90,140,140,120,90,56,68,242,198,176,148,203,137,72,400,32,20,62,45,40,50,45,60,45,90,747,80,75,35,95,60,35,40,15,50,35,60,2026-09-15
Punjab,Kapurthala,36,32,30,39,72,132,123,110,92,55,70,229,200,167,146,178,154,65,283,30,18,60,40,42,50,40,60,43,90,692,62,88,42,95,32,36,34,14,52,25,50,2026-09-15
Uttar Pradesh,Lucknow,40,33,30,34,85,120,120,100,75,52,65,214,203,166,177,188,159,65,257,20,19,53,38,35,42,34,56,38,92,617,60,90,38,92,45,40,30,15,48,37,40,2026-09-15
Uttar Pradesh,Kanpur,40,23,27,32,85,130,115,100,90,60,60,187,200,154,148,158,135,65,234,26,20,48,30,35,40,41,NR,35,81,580,55,75,21,100,31,40,33,19,50,37,36,2026-09-15
Uttar Pradesh,Varanasi,46,33,28,37,83,126,125,105,80,62,70,214,203,177,174,202,182,71,235,22,23,47,40,37,56,40,NR,40,105,742,66,88,43,86,33,32,29,18,55,30,45,2026-09-15
Uttar Pradesh,Agra,45,29,31,34,82,114,100,89,75,58,70,223,204,176,185,208,185,66,251,27,19,59,43,21,39,40,NR,43,99,802,62,95,33,80,49,30,31,15,37,40,48,2026-09-15
Uttar Pradesh,Jhansi,54,34,29,35,82,130,128,108,83,59,68,218,186,177,148,201,132,67,233,22,20,52,33,33,40,38,68,43,93,689,60,78,40,95,50,37,30,19,40,40,52,2026-09-15
Uttar Pradesh,Meerut,38,33,31,39,88,120,120,91,88,55,65,189,182,184,181,183,180,51,287,19,19,53,39,37,36,35,66,38,97,652,62,84,34,86,36,35,33,15,50,29,39,2026-09-15
Uttar Pradesh,Allahabad,58,25,29,36,89,122,138,128,96,63,56,225,210,174,165,205,150,65,340,30,20,52,41,37,37,42,47,47,102,686,63,76,37,90,34,47,29,20,52,51,60,2026-09-15
Uttar Pradesh,Gorakhpur,44,24,28,36,81,117,116,108,85,57,55,202,200,158,158,168,125,63,225,22,20,58,36,36,35,34,51,36,92,610,56,80,37,78,33,38,24,16,55,26,32,2026-09-15
Uttar Pradesh,Saharanpur,40,28,26,32,82,117,117,110,88,56,58,NR,175,155,154,172,139,55,242,21,16,50,39,33,NR,36,NR,39,91,570,60,80,37,83,35,37,25,11,49,31,45,2026-09-15
Uttar Pradesh,Bareilly,38,33,27,35,90,122,132,110,103,54,72,221,201,173,174,191,168,70,287,26,11,46,34,28,41,39,56,38,90,714,60,79,35,83,49,33,29,16,50,28,43,2026-09-15
Uttar Pradesh,Ayodhya,38,32,32,35,90,118,125,110,95,57,60,198,198,187,176,174,143,60,250,28,20,45,40,45,45,45,60,45,110,835,65,72,40,95,45,50,30,20,50,25,40,2026-09-15
Uttar Pradesh,Moradabad,39,26,25,32,81,116,115,107,86,53,60,193,176,153,162,162,149,58,236,21,17,49,44,34,39,36,53,38,89,676,56,76,32,84,34,38,26,18,49,31,37,2026-09-15
Uttar Pradesh,Aligarh,41,31,28,34,82,118,116,109,86,60,56,201,193,161,158,186,143,64,247,20,19,50,36,34,41,38,50,42,91,613,55,78,37,85,39,39,25,15,45,35,39,2026-09-15
Uttar Pradesh,Mirzapur (Vindhyanchal),35,25,25,34,84,115,110,104,84,59,51,184,177,150,137,148,113,55,218,22,16,45,43,31,41,35,50,41,96,683,62,86,36,82,31,39,25,15,47,39,42,2026-09-15
Uttar Pradesh,Banda,37,26,28,33,81,112,104,99,80,61,55,231,198,172,143,181,116,65,158,19,13,58,32,42,58,37,69,39,87,604,60,82,43,88,37,33,31,21,48,33,50,2026-09-15
Uttar Pradesh,Azamgarh,30,25,30,34,84,122,120,116,88,60,61,NR,214,181,180,201,178,69,281,28,14,55,41,36,41,35,48,37,107,764,61,94,30,85,40,36,30,18,50,41,42,2026-09-15
Uttar Pradesh,Gonda (Devipatan),39,25,27,37,85,118,128,125,88,56,53,214,205,163,168,172,128,66,257,20,15,50,38,39,37,37,62,49,100,622,58,85,38,85,34,40,25,20,42,27,40,2026-09-15
Uttar Pradesh,Amethi,40,26,28,35,87,112,NR,113,90,NR,60,217,214,181,165,192,154,66,212,20,19,43,40,36,36,38,40,40,93,610,60,80,25,85,35,41,29,16,50,21,39,2026-09-15
Uttar Pradesh,Barabanki,45,29,29,35,77,115,118,109,78,54,60,200,189,168,167,175,130,61,225,22,17,52,40,31,49,37,45,36,98,612,59,110,27,85,31,42,30,15,46,30,30,2026-09-15
Uttar Pradesh,Bhadohi,32,22,27,35,85,100,125,115,85,62,72,212,198,176,161,187,126,70,215,22,14,45,40,33,39,37,49,40,70,692,62,72,30,90,40,35,30,16,60,35,50,2026-09-15
Uttar Pradesh,Chandauli,35,23,27,35,75,117,111,110,80,50,59,216,198,181,143,194,115,69,247,19,12,56,29,32,52,34,60,40,85,634,56,88,50,81,36,39,28,16,44,26,40,2026-09-15
Uttar Pradesh,Farrukhabad,50,30,27,32,85,115,125,110,90,56,66,225,219,165,159,220,130,68,187,19,12,60,40,25,NR,37,NR,40,96,659,61,82,32,80,38,34,26,16,43,37,47,2026-09-15
Uttar Pradesh,Ghazipur,42,31,29,36,86,123,121,114,92,57,64,201,191,158,157,191,146,69,273,23,15,55,39,35,45,41,57,49,100,709,62,90,44,88,43,36,30,18,43,35,51,2026-09-15
Uttar Pradesh,Jaunpur,45,35,28,35,85,123,119,111,85,53,63,215,204,175,161,186,135,69,273,22,18,53,32,38,45,39,55,39,89,718,59,86,35,89,42,41,29,19,52,48,47,2026-09-15
Uttar Pradesh,UP-Pratapgarh,41,24,28,32,79,115,119,115,87,58,54,215,202,169,162,175,128,70,252,20,13,54,29,31,35,39,48,39,96,565,58,79,39,89,36,29,27,16,38,31,43,2026-09-15
Uttar Pradesh,Sambhal,44,24,27,34,88,103,113,100,93,52,57,200,186,156,144,158,144,59,258,19,16,51,38,27,NR,36,NR,37,97,662,61,82,28,82,46,41,31,18,47,45,44,2026-09-15
Uttar Pradesh,Santkabir Nagar,44,39,26,35,88,122,112,109,81,64,67,215,221,158,152,173,123,49,265,30,19,50,40,30,33,39,89,46,98,734,61,102,38,100,30,52,29,20,48,32,36,2026-09-15
Uttar Pradesh,Shahjahanpur,32,19,28,33,81,118,107,110,102,55,57,183,178,148,136,159,127,59,222,20,14,46,39,26,32,34,52,37,87,553,55,89,24,87,30,34,24,11,43,25,35,2026-09-15
Uttar Pradesh,Sitapur,40,28,28,35,84,113,110,108,85,58,60,195,180,150,146,158,134,62,230,20,19,51,39,30,35,36,55,40,92,637,59,75,32,80,35,40,30,15,47,27,37,2026-09-15
Uttar Pradesh,Sultanpur,42,30,31,33,83,120,117,108,87,63,58,205,189,167,159,183,154,65,265,20,20,45,35,37,41,40,52,43,92,639,57,80,40,85,35,36,27,15,45,30,37,2026-09-15
Uttar Pradesh,Unnao,42,31,28,31,87,118,118,108,88,55,60,205,201,163,163,179,150,67,253,20,20,50,37,37,42,38,53,42,98,586,60,83,38,88,38,38,28,16,50,38,43,2026-09-15
Uttar Pradesh,Ambedkar Nagar,39,23,26,35,78,123,129,130,90,57,61,226,218,165,162,161,138,67,204,28,16,53,41,38,38,35,74,42,88,730,63,80,39,80,38,40,31,20,49,36,42,2026-09-15
Uttar Pradesh,Amroha,42,23,28,34,83,122,117,95,87,59,60,250,180,152,158,176,136,63,233,22,20,60,46,31,43,38,43,39,91,714,60,74,37,84,42,39,34,20,37,43,43,2026-09-15
Uttar Pradesh,Baghpat,44,37,NR,32,87,133,130,113,102,NR,70,222,211,176,170,174,143,67,210,29,20,57,40,36,52,36,67,40,95,655,60,90,40,83,33,35,25,12,38,32,50,2026-09-15
Uttar Pradesh,Bijnor,44,25,28,35,80,101,108,92,82,59,58,211,200,164,175,197,156,65,278,21,12,49,34,32,42,41,52,41,98,608,57,84,37,87,41,35,31,12,42,31,42,2026-09-15
Uttar Pradesh,Budaun,38,24,25,30,86,112,104,99,94,62,65,214,184,179,168,183,129,55,280,21,12,58,38,26,46,39,65,38,93,615,59,70,32,90,30,39,26,11,41,25,25,2026-09-15
Uttar Pradesh,Etah,44,33,29,35,83,118,115,110,90,59,61,207,198,161,156,176,115,58,270,22,19,47,38,31,NR,39,NR,41,90,677,60,74,33,93,32,40,32,18,45,30,40,2026-09-15
Uttar Pradesh,Fatehpur,46,24,27,35,86,118,130,116,89,53,61,211,200,173,162,178,131,69,232,20,16,51,38,31,35,39,49,37,97,623,61,79,41,86,37,39,28,18,41,34,46,2026-09-15
Uttar Pradesh,Ghaziabad,40,31,30,34,84,118,118,110,94,57,58,232,204,182,172,191,151,72,203,22,16,52,38,29,42,41,52,43,99,639,62,86,45,87,48,38,33,15,44,37,42,2026-09-15
Uttar Pradesh,Hardoi,45,33,28,36,84,124,117,107,90,56,59,209,192,163,160,186,142,59,243,20,17,49,33,35,37,40,55,45,98,624,59,85,35,88,41,41,29,17,46,29,45,2026-09-15
Uttar Pradesh,Jalaun,46,25,29,35,85,120,102,102,90,62,60,183,173,152,130,163,115,62,227,20,15,50,30,35,42,40,NR,45,97,573,60,81,37,90,39,40,30,18,40,35,47,2026-09-15
Uttar Pradesh,Kaushambi,46,26,25,36,84,119,131,111,87,58,56,209,200,174,163,194,130,71,236,21,20,55,42,32,36,35,55,39,89,613,57,82,36,85,40,36,29,17,37,33,43,2026-09-15
Uttar Pradesh,Kushinagar,36,28,26,36,82,118,114,118,82,57,69,186,197,157,166,159,135,72,221,27,14,56,52,40,41,39,45,40,96,618,61,61,30,88,39,38,29,13,47,36,31,2026-09-15
Uttar Pradesh,Lakhimpur Kheri,37,27,30,33,89,116,112,110,92,54,60,203,192,150,153,168,112,66,229,20,20,53,40,32,35,35,60,36,92,676,60,73,32,78,35,44,32,18,45,25,44,2026-09-15
Uttar Pradesh,Pilibhit,48,42,30,34,90,115,120,118,100,59,58,214,206,176,159,193,143,61,229,20,17,65,35,35,55,40,80,40,100,692,61,90,40,93,60,45,40,17,30,30,55,2026-09-15
Uttar Pradesh,Sharwasti,40,25,28,40,81,125,120,115,80,59,60,194,220,170,181,NR,124,60,218,29,15,50,28,NR,NR,40,NR,40,98,582,60,83,20,87,40,40,20,15,30,38,40,2026-09-15
Uttar Pradesh,Siddharth Nagar,40,29,29,35,88,125,132,115,82,56,65,220,209,173,166,167,131,72,237,23,15,58,35,40,45,35,58,37,92,641,59,82,35,72,39,35,25,20,35,38,43,2026-09-15
Uttar Pradesh,Sonbhadra,35,28,26,31,75,110,105,102,80,60,45,176,165,152,132,154,121,68,210,24,16,50,40,27,40,33,50,34,80,621,65,68,35,85,33,32,25,14,45,20,25,2026-09-15
Uttar Pradesh,Rampur,50,27,28,30,76,106,116,102,100,56,60,192,191,151,158,159,139,55,270,24,18,55,43,36,47,36,NR,36,97,635,65,82,34,95,36,35,29,14,49,36,46,2026-09-15
Uttar Pradesh,Bahraich,37,27,28,33,89,128,120,114,90,55,56,194,196,157,154,161,124,50,250,25,21,45,39,37,35,36,66,36,106,646,56,82,24,73,27,36,23,19,53,21,37,2026-09-15
Uttar Pradesh,Basti,40,27,32,34,87,117,124,104,77,56,56,210,203,166,159,153,130,77,241,21,17,53,37,42,53,35,52,35,92,603,57,83,41,80,37,41,26,21,40,39,44,2026-09-15
Uttar Pradesh,Etawah,45,NR,27,32,85,120,116,111,86,55,63,214,198,169,164,NR,157,66,264,22,19,50,32,33,NR,40,55,42,93,703,60,84,40,82,38,42,27,16,47,32,48,2026-09-15
Uttar Pradesh,Muzzafarnagar,39,30,28,34,86,120,119,110,90,55,58,188,180,158,160,181,146,59,246,20,17,50,40,38,40,36,NR,37,90,525,58,74,40,80,40,35,25,12,45,30,50,2026-09-15
Uttar Pradesh,Chitrakoot,42,24,25,32,84,110,103,95,82,58,50,192,209,166,165,180,138,66,220,15,20,59,40,34,33,41,60,48,85,637,58,97,40,80,38,42,23,15,45,40,57,2026-09-15
Uttar Pradesh,Hamirpur-UP,43,23,28,33,80,118,120,100,80,54,72,209,198,154,171,198,148,63,211,17,20,50,40,NR,NR,37,NR,38,97,640,60,84,40,80,43,45,31,19,56,40,47,2026-09-15
Uttar Pradesh,Deoria,36,22,29,32,82,115,115,99,91,53,61,225,198,146,139,225,118,52,228,19,15,49,48,38,41,36,45,36,90,595,59,58,42,82,29,40,27,18,34,35,35,2026-09-15
Uttar Pradesh,Hapur,37,26,28,37,78,140,135,126,122,59,63,209,204,169,179,185,163,65,219,26,14,55,46,42,41,40,47,40,100,736,63,102,32,97,48,47,33,12,58,42,42,2026-09-15
Uttar Pradesh,Bulandshahr,42,36,27,32,93,103,113,107,83,52,70,NR,190,160,172,158,156,51,222,19,19,48,30,35,42,36,56,36,100,597,56,72,30,87,30,47,27,15,32,42,42,2026-09-15
Uttar Pradesh,Kanpur Dehat,39,25,27,31,83,112,127,99,83,59,67,205,192,138,153,182,130,69,222,22,19,49,38,34,37,36,57,37,88,593,60,88,34,75,33,33,25,15,44,35,47,2026-09-15
Uttar Pradesh,Hathras,39,31,28,33,83,108,113,104,83,62,61,211,205,170,166,193,154,52,248,20,18,41,40,25,30,34,35,39,105,698,63,73,40,87,37,40,30,13,38,33,37,2026-09-15
Uttar Pradesh,Raebareli,41,27,29,31,82,119,119,109,87,55,59,196,193,164,164,187,149,65,218,21,19,47,32,37,43,41,54,43,94,691,59,82,29,86,40,37,29,16,46,31,41,2026-09-15
Uttar Pradesh,Lalitpur,36,24,28,31,75,109,110,105,85,58,60,177,169,146,143,174,118,54,235,20,15,46,34,30,40,34,59,34,90,578,58,80,31,85,33,40,29,18,40,40,45,2026-09-15
Uttar Pradesh,Mohaba,38,29,22,30,85,112,100,97,83,54,63,179,182,155,156,188,124,57,189,23,20,42,32,28,34,36,45,37,98,597,54,76,28,84,34,40,28,17,39,45,47,2026-09-15
Uttar Pradesh,Gautam Budh Nagar,40,31,31,36,82,121,115,107,93,53,59,234,201,181,170,192,155,81,185,22,12,53,37,33,39,40,74,40,97,646,59,88,47,81,35,41,25,15,37,28,35,2026-09-15
Uttar Pradesh,Auraiya,41,26,27,34,83,121,126,101,84,58,58,190,183,161,166,173,136,66,211,25,19,49,29,29,41,35,59,37,99,679,53,88,34,79,39,37,29,16,47,41,34,2026-09-15
Uttar Pradesh,Maharajganj,37,25,28,34,84,115,121,109,80,56,58,192,198,151,154,164,132,58,213,22,16,51,37,37,44,35,51,37,91,599,58,77,35,80,35,40,30,17,38,31,30,2026-09-15
Uttar Pradesh,Balrampur,37,29,29,36,83,119,113,117,83,54,53,183,200,156,157,200,128,69,207,15,15,52,37,34,51,37,NR,39,92,685,59,74,48,87,47,39,29,15,28,28,38,2026-09-15
Uttar Pradesh,Kannauj,40,26,28,34,83,118,114,109,87,64,61,199,188,158,155,175,134,62,239,21,15,46,34,33,39,38,53,39,94,637,56,74,33,84,35,42,28,16,41,33,32,2026-09-15
Uttar Pradesh,Mathura,32,27,27,33,90,123,130,120,95,55,66,230,183,141,141,156,122,52,263,27,18,50,31,34,43,40,52,41,99,635,58,84,39,89,50,35,36,15,42,39,60,2026-09-15
Uttar Pradesh,Firozabad,42,31,31,36,83,121,121,111,88,58,60,229,212,183,181,210,165,67,267,21,21,52,32,36,42,41,55,42,93,655,61,83,42,86,41,38,29,16,47,37,42,2026-09-15
Uttar Pradesh,Kasganj,45,33,27,35,87,124,112,113,95,64,62,222,205,174,178,203,159,64,248,21,20,50,40,23,NR,40,NR,42,98,635,58,77,40,85,39,47,30,13,42,37,42,2026-09-15
Uttar Pradesh,Mainpuri,38,30,28,32,88,132,120,113,88,59,65,220,211,171,189,189,155,51,260,24,17,51,29,24,22,39,40,38,105,700,55,70,35,85,47,43,25,21,36,20,26,2026-09-15
Uttar Pradesh,Shamli,40,27,27,30,80,120,122,108,87,51,51,192,187,156,152,163,130,59,230,17,16,50,35,27,40,38,58,38,90,541,62,82,33,88,45,38,29,13,47,27,47,2026-09-15
Uttar Pradesh,Ballia,41,23,28,33,83,120,114,110,92,58,59,203,188,152,152,166,129,60,251,19,15,56,37,27,43,37,53,38,94,627,55,78,35,85,38,38,29,16,45,49,54,2026-09-15
Uttar Pradesh,Mau,40,22,25,34,83,115,112,108,87,58,55,193,184,149,148,150,121,67,224,22,18,57,48,NR,NR,35,NR,38,91,644,55,76,39,89,51,39,30,15,33,48,50,2026-09-15
Uttarakhand,Dehradun,NR,NR,NR,NR,NR,NR,NR,NR,NR,NR,NR,NR,NR,NR,NR,NR,NR,NR,NR,NR,NR,NR,NR,NR,NR,NR,NR,NR,NR,NR,NR,NR,NR,NR,NR,NR,NR,NR,NR,NR,NR,2026-09-15
Uttarakhand,Haldwani,45,50,28,35,99,141,133,131,91,60,62,232,210,156,190,191,168,68,272,32,29,50,40,41,50,41,50,44,97,700,60,84,39,100,49,42,33,18,53,30,47,2026-09-15
Uttarakhand,Rudrapur,NR,NR,NR,NR,NR,NR,NR,NR,NR,NR,NR,NR,NR,NR,NR,NR,NR,NR,NR,NR,NR,NR,NR,NR,NR,NR,NR,NR,NR,NR,NR,NR,NR,NR,NR,NR,NR,NR,NR,NR,NR,2026-09-15
Uttarakhand,Haridwar,NR,NR,NR,NR,NR,NR,NR,NR,NR,NR,NR,NR,NR,NR,NR,NR,NR,NR,NR,NR,NR,NR,NR,NR,NR,NR,NR,NR,NR,NR,NR,NR,NR,NR,NR,NR,NR,NR,NR,NR,NR,2026-09-15
WEST ZONE,WEST ZONE,,,,,,,,,,,,,,,,,,,,,,,,,,,,,,,,,,,,,,,,,,2026-09-15
Chhattisgarh,Raipur,37,30,32,36,82,124,122,109,83,58,61,198,231,144,177,186,156,55,216,20,23,58,37,33,28,40,45,50,87,705,56,90,41,84,43,37,29,14,32,35,50,2026-09-15
Chhattisgarh,Durg,NR,NR,NR,NR,NR,NR,NR,NR,NR,NR,NR,NR,NR,NR,NR,NR,NR,NR,NR,NR,NR,NR,NR,NR,NR,NR,NR,NR,NR,NR,NR,NR,NR,NR,NR,NR,NR,NR,NR,NR,NR,2026-09-15
Chhattisgarh,Ambikapur,37,35,30,35,93,118,112,103,95,60,41,172,161,174,159,165,NR,48,255,15,20,40,30,NR,NR,40,NR,32,70,598,52,90,30,78,30,60,33,15,47,20,25,2026-09-15
Chhattisgarh,Bilaspur-CG,NR,NR,NR,NR,NR,NR,NR,NR,NR,NR,NR,NR,NR,NR,NR,NR,NR,NR,NR,NR,NR,NR,NR,NR,NR,NR,NR,NR,NR,NR,NR,NR,NR,NR,NR,NR,NR,NR,NR,NR,NR,2026-09-15
Chhattisgarh,Jagdalpur,NR,NR,NR,NR,NR,NR,NR,NR,NR,NR,NR,NR,NR,NR,NR,NR,NR,NR,NR,NR,NR,NR,NR,NR,NR,NR,NR,NR,NR,NR,NR,NR,NR,NR,NR,NR,NR,NR,NR,NR,NR,2026-09-15
Chhattisgarh,Dantewada,NR,NR,NR,NR,NR,NR,NR,NR,NR,NR,NR,NR,NR,NR,NR,NR,NR,NR,NR,NR,NR,NR,NR,NR,NR,NR,NR,NR,NR,NR,NR,NR,NR,NR,NR,NR,NR,NR,NR,NR,NR,2026-09-15
Chhattisgarh,Dhamtari,39,33,35,45,95,130,110,107,100,60,55,235,236,145,200,203,135,68,215,28,20,58,25,47,45,45,52,57,110,824,61,96,40,90,39,32,25,19,42,50,60,2026-09-15
Chhattisgarh,Rajnandgaon,43,33,30,36,85,122,122,111,89,64,60,227,218,182,180,210,160,61,275,23,20,60,40,30,30,38,50,38,96,680,60,70,27,79,44,42,28,16,50,24,35,2026-09-15
Chhattisgarh,Koriya,39,NR,35,39,81,108,97,102,81,45,75,205,163,153,151,168,NR,47,195,25,20,40,40,35,34,46,NR,58,82,693,58,88,40,78,27,38,28,17,48,NR,NR,2026-09-15
DNH and DD,Silvasa,63,52,48,41,95,134,139,129,97,52,70,NR,215,182,NR,195,132,66,237,31,23,51,40,44,54,59,56,65,107,655,61,85,53,100,71,45,36,22,39,50,50,2026-09-15
DNH and DD,Daman,65,52,39,38,89,NR,133,117,94,53,70,NR,212,181,177,NR,132,61,217,32,30,53,40,37,42,60,57,60,110,690,63,82,50,107,60,40,44,24,40,50,63,2026-09-15
DNH and DD,Diu,54,41,41,51,93,147,155,130,107,59,68,231,238,NR,200,214,167,78,420,32,25,63,47,40,65,58,83,67,111,714,63,83,42,123,53,36,40,21,47,27,31,2026-09-15
Goa,Panaji,NR,NR,NR,NR,NR,NR,NR,NR,NR,NR,NR,NR,NR,NR,NR,NR,NR,NR,NR,NR,NR,NR,NR,NR,NR,NR,NR,NR,NR,NR,NR,NR,NR,NR,NR,NR,NR,NR,NR,NR,NR,2026-09-15
Goa,Margao,NR,NR,NR,NR,NR,NR,NR,NR,NR,NR,NR,NR,NR,NR,NR,NR,NR,NR,NR,NR,NR,NR,NR,NR,NR,NR,NR,NR,NR,NR,NR,NR,NR,NR,NR,NR,NR,NR,NR,NR,NR,2026-09-15
Gujarat,Ahmedabad,39,32,39,39,97,121,122,104,97,57,68,197,204,172,191,201,179,59,211,23,34,54,37,39,43,45,66,46,91,662,58,69,38,78,32,36,37,22,45,27,26,2026-09-15
Gujarat,Rajkot,34,27,33,40,88,112,102,102,98,60,68,195,197,153,169,194,163,62,205,18,25,46,37,35,43,39,68,44,91,626,57,63,35,80,32,34,39,15,40,30,30,2026-09-15
Gujarat,Surat,NR,NR,NR,NR,NR,NR,NR,NR,NR,NR,NR,NR,NR,NR,NR,NR,NR,NR,NR,NR,NR,NR,NR,NR,NR,NR,NR,NR,NR,NR,NR,NR,NR,NR,NR,NR,NR,NR,NR,NR,NR,2026-09-15
Gujarat,Bhuj,NR,NR,NR,NR,NR,NR,NR,NR,NR,NR,NR,NR,NR,NR,NR,NR,NR,NR,NR,NR,NR,NR,NR,NR,NR,NR,NR,NR,NR,NR,NR,NR,NR,NR,NR,NR,NR,NR,NR,NR,NR,2026-09-15
Gujarat,Selamba,36,27,35,40,89,120,110,110,97,55,65,190,199,152,171,193,161,65,210,19,24,43,39,35,42,40,67,44,92,636,60,84,37,80,33,33,35,16,42,30,32,2026-09-15
Gujarat,Waghai,38,33,36,41,94,120,115,104,102,69,68,209,189,156,161,193,148,67,209,20,30,44,42,35,36,40,60,44,96,631,58,70,38,75,30,34,26,17,40,30,28,2026-09-15
Gujarat,Bodeli,NR,NR,NR,NR,NR,NR,NR,NR,NR,NR,NR,NR,NR,NR,NR,NR,NR,NR,NR,NR,NR,NR,NR,NR,NR,NR,NR,NR,NR,NR,NR,NR,NR,NR,NR,NR,NR,NR,NR,NR,NR,2026-09-15
Gujarat,Vapi,34,24,32,36,90,116,114,102,94,72,66,190,187,147,167,189,152,73,205,18,28,41,46,38,46,40,66,36,96,685,56,68,38,79,31,32,33,15,38,28,30,2026-09-15
Gujarat,Bilimora,41,33,43,38,104,106,132,112,102,63,69,227,204,182,189,194,200,72,228,23,28,51,44,39,42,40,64,45,95,643,55,69,36,78,32,35,36,18,36,30,27,2026-09-15
Gujarat,Idar,40,29,36,39,93,117,130,103,92,56,74,214,191,157,174,190,150,68,244,18,28,46,48,38,43,41,67,50,103,734,64,69,37,103,42,32,40,18,52,36,42,2026-09-15
Gujarat,Jhalod,36,28,37,38,93,120,126,104,98,63,69,212,188,156,170,181,162,65,229,23,33,37,41,40,37,40,69,48,92,693,58,76,43,77,29,34,37,18,45,23,24,2026-09-15
Gujarat,Songash,43,31,30,36,86,122,122,111,89,60,60,208,201,166,167,193,155,65,265,21,22,52,36,36,43,41,54,45,95,732,59,84,41,83,38,39,30,16,48,36,43,2026-09-15
Madhya Pradesh,Bhopal,38,35,29,34,82,117,110,105,90,55,62,185,213,182,149,196,NR,61,252,10,18,50,35,40,40,39,62,41,88,641,57,80,30,98,42,40,35,15,26,38,60,2026-09-15
Madhya Pradesh,Indore,41,35,28,35,85,118,120,110,81,59,64,186,176,168,174,155,147,69,268,15,20,42,40,37,37,40,NR,40,85,630,59,90,40,86,33,34,28,15,37,42,38,2026-09-15
Madhya Pradesh,Gwalior,44,40,29,34,80,119,122,110,90,53,63,212,181,172,160,184,NR,60,222,12,19,47,39,28,30,40,65,40,90,652,60,76,39,84,35,35,26,15,40,26,40,2026-09-15
Madhya Pradesh,Jabalpur,42,32,30,35,84,118,116,110,88,56,60,205,195,155,158,185,125,55,250,18,20,52,35,40,42,40,58,44,90,643,60,85,30,85,44,35,28,16,40,36,44,2026-09-15
Madhya Pradesh,Rewa,35,28,28,35,76,106,95,94,78,65,55,177,154,148,147,147,NR,70,237,18,13,50,30,NR,NR,35,NR,37,85,655,57,76,25,90,28,45,30,13,45,20,35,2026-09-15
Madhya Pradesh,Sagar,40,38,28,32,83,118,122,98,84,57,60,203,190,142,168,190,154,66,265,18,18,40,30,43,48,40,63,40,88,676,60,78,45,83,52,30,30,15,35,45,28,2026-09-15
Madhya Pradesh,Jhabua,41,27,32,36,89,131,118,107,90,50,65,216,202,188,175,191,NR,69,302,15,28,57,30,33,37,41,64,41,90,718,60,90,30,83,47,40,30,15,28,30,44,2026-09-15
Madhya Pradesh,Hoshangabad,46,30,29,36,83,121,120,102,91,60,56,203,155,141,146,153,134,64,215,11,20,42,38,39,47,43,49,44,94,674,62,90,48,91,31,40,20,20,50,28,34,2026-09-15
Madhya Pradesh,Shahdol,38,30,29,35,86,120,112,110,83,60,60,203,186,142,153,181,NR,60,210,18,20,45,30,37,33,35,50,40,95,604,58,70,30,90,30,40,27,18,35,35,30,2026-09-15
Madhya Pradesh,Ujjain,41,41,29,38,91,124,123,100,100,54,62,191,213,188,165,194,NR,68,265,18,22,45,35,36,36,41,68,48,98,775,64,78,38,98,50,36,31,16,36,43,57,2026-09-15
Madhya Pradesh,Morena,41,32,26,31,93,120,112,107,97,56,70,200,198,157,156,168,115,56,240,14,15,50,30,29,NR,40,NR,40,98,619,61,83,23,81,36,31,28,14,32,30,40,2026-09-15
Madhya Pradesh,Anuppur,37,30,27,36,80,120,120,110,90,58,60,214,209,137,185,179,159,70,220,20,15,50,30,40,40,36,45,50,90,769,65,85,28,90,45,35,25,15,37,25,50,2026-09-15
Madhya Pradesh,Bhind,40,36,28,33,85,111,111,111,89,64,61,202,174,158,155,161,119,69,250,15,16,59,47,36,47,39,64,39,90,658,62,77,27,81,30,35,25,18,40,46,46,2026-09-15
Madhya Pradesh,Dhar,44,37,28,38,90,125,117,110,99,49,63,180,197,170,156,183,124,63,209,15,20,46,32,34,34,46,55,47,96,742,60,90,29,88,32,33,22,18,47,49,46,2026-09-15
Madhya Pradesh,Harda,45,35,30,33,85,126,126,107,90,56,62,209,209,170,165,192,NR,65,200,20,20,48,30,40,40,45,70,45,91,714,61,96,40,88,45,30,24,15,33,50,50,2026-09-15
Madhya Pradesh,Katni,40,30,32,32,80,120,120,117,90,55,55,176,156,131,148,156,114,62,205,27,12,50,25,40,45,35,70,40,87,604,58,90,25,80,55,30,30,15,32,35,50,2026-09-15
Madhya Pradesh,Khandwa,42,34,32,34,80,118,123,112,90,55,53,214,192,181,165,187,NR,55,270,15,20,42,35,35,35,45,55,45,90,659,55,88,40,95,31,33,27,17,40,28,36,2026-09-15
Madhya Pradesh,Mandla,40,32,33,39,85,117,118,108,85,55,50,223,201,168,176,209,NR,67,220,30,25,50,25,40,43,41,62,47,95,688,62,82,33,90,45,38,30,16,40,37,45,2026-09-15
Madhya Pradesh,Rajgarh,40,NR,28,32,80,130,120,100,90,55,60,209,209,187,175,187,NR,70,200,10,20,50,40,NR,NR,40,NR,40,90,707,63,95,40,90,50,37,24,20,25,58,60,2026-09-15
Madhya Pradesh,Sidhi,37,35,27,36,85,120,110,100,90,55,62,187,181,176,154,176,121,68,265,20,15,55,40,30,40,35,55,45,90,637,56,90,30,80,30,45,25,15,40,41,50,2026-09-15
Madhya Pradesh,Chattarpur,40,35,30,35,80,120,120,113,90,60,50,198,203,176,165,161,128,70,230,20,15,58,30,32,40,40,60,50,103,600,60,84,30,90,30,45,30,15,33,28,60,2026-09-15
Madhya Pradesh,Neemuch,NR,NR,NR,NR,NR,NR,NR,NR,NR,NR,NR,NR,NR,NR,NR,NR,NR,NR,NR,NR,NR,NR,NR,NR,NR,NR,NR,NR,NR,NR,NR,NR,NR,NR,NR,NR,NR,NR,NR,NR,NR,2026-09-15
Madhya Pradesh,Burhanpur,NR,NR,NR,NR,NR,NR,NR,NR,NR,NR,NR,NR,NR,NR,NR,NR,NR,NR,NR,NR,NR,NR,NR,NR,NR,NR,NR,NR,NR,NR,NR,NR,NR,NR,NR,NR,NR,NR,NR,NR,NR,2026-09-15
Madhya Pradesh,Narshinpur,42,30,30,35,78,125,108,108,90,58,52,203,192,143,152,167,NR,60,235,12,15,50,25,40,40,45,60,48,89,637,60,85,35,90,35,35,25,15,35,40,40,2026-09-15
Madhya Pradesh,Raisen,40,30,28,32,85,130,120,110,90,58,57,187,194,148,152,NR,NR,70,250,10,20,47,35,40,40,35,NR,40,86,692,60,83,35,89,46,32,31,19,28,38,57,2026-09-15
Madhya Pradesh,Sheopur,43,27,26,34,88,120,117,108,82,56,60,220,203,179,159,167,NR,62,205,28,20,58,32,32,35,45,60,45,100,637,58,82,24,90,40,40,32,15,40,35,52,2026-09-15
Madhya Pradesh,Agar malwa,39,31,28,34,82,121,116,102,97,54,65,209,177,175,167,151,NR,58,292,20,20,39,35,43,44,45,NR,49,85,685,61,88,33,98,43,35,30,17,24,49,25,2026-09-15
Madhya Pradesh,Umaria,36,31,33,36,82,127,117,112,87,59,60,213,192,154,172,194,NR,65,220,15,17,48,28,40,NR,47,NR,47,87,633,60,83,30,87,32,37,27,15,42,40,50,2026-09-15
Madhya Pradesh,Shajapur,40,35,26,32,85,125,123,110,87,54,60,198,196,165,168,198,NR,65,260,20,20,49,38,38,40,40,NR,44,92,681,60,83,40,85,40,33,30,15,35,50,42,2026-09-15
Madhya Pradesh,Dewas,41,36,29,33,84,120,115,106,86,54,64,199,191,173,170,191,NR,61,238,12,24,38,34,36,41,37,57,45,94,706,66,89,33,85,45,27,21,18,33,24,44,2026-09-15
Madhya Pradesh,Khargone,40,27,28,35,78,120,122,110,85,55,52,186,156,132,170,143,NR,65,225,16,30,45,35,40,40,40,65,40,90,640,55,84,35,85,35,40,30,15,35,20,45,2026-09-15
Madhya Pradesh,Singrauli,36,29,26,34,85,111,106,109,81,60,59,218,207,148,159,166,121,68,232,13,20,44,31,NR,40,36,NR,45,90,729,56,88,27,89,45,38,23,14,31,57,57,2026-09-15
Madhya Pradesh,Chhindwara,51,34,31,36,85,130,126,120,88,53,53,213,219,165,180,191,161,59,203,11,21,52,29,39,38,40,68,40,93,795,60,81,36,107,38,35,41,20,47,40,50,2026-09-15
Madhya Pradesh,Sehore,40,36,29,32,85,126,120,103,85,55,61,187,197,178,161,190,NR,69,297,12,20,44,28,NR,NR,49,NR,46,93,655,60,86,40,86,31,35,26,16,38,45,53,2026-09-15
Madhya Pradesh,MP-Ashoknagar,50,35,28,31,78,115,114,100,90,55,60,185,187,162,160,160,NR,52,211,14,20,48,45,42,40,41,NR,39,90,787,58,92,52,88,41,44,25,19,30,50,50,2026-09-15
Madhya Pradesh,Balaghat,37,30,35,39,84,123,120,117,90,52,52,218,218,152,168,195,NR,66,200,28,20,42,27,40,45,39,60,45,97,681,62,75,30,97,45,35,26,15,48,44,48,2026-09-15
Madhya Pradesh,Guna,44,37,26,32,76,111,113,100,80,53,60,202,192,178,162,180,134,61,217,20,12,48,37,32,40,45,69,45,84,697,61,73,40,80,39,34,29,15,27,34,44,2026-09-15
Madhya Pradesh,Ratlam,40,34,30,34,84,125,125,110,90,52,62,205,194,162,159,184,152,62,255,10,25,43,28,31,41,43,60,45,91,674,60,82,31,83,42,40,30,16,36,38,42,2026-09-15
Madhya Pradesh,Satna,40,28,28,35,90,130,100,95,95,54,60,211,185,165,159,159,NR,50,260,20,20,45,30,35,45,33,63,31,65,718,52,60,34,75,28,33,30,15,48,25,35,2026-09-15
Madhya Pradesh,Vidisha,NR,NR,NR,NR,NR,NR,NR,NR,NR,NR,NR,NR,NR,NR,NR,NR,NR,NR,NR,NR,NR,NR,NR,NR,NR,NR,NR,NR,NR,NR,NR,NR,NR,NR,NR,NR,NR,NR,NR,NR,NR,2026-09-15
Madhya Pradesh,Alirajpur,38,44,30,36,90,125,122,114,92,55,72,179,214,185,178,190,NR,60,307,10,30,55,47,31,35,49,41,49,93,621,57,72,28,82,39,42,30,17,37,33,40,2026-09-15
Madhya Pradesh,Betul,39,32,26,34,82,119,113,109,84,60,60,214,209,161,176,207,NR,54,241,12,20,44,29,44,44,40,69,40,100,676,60,88,37,95,45,40,22,15,41,51,53,2026-09-15
Madhya Pradesh,Damoh,41,35,31,35,76,117,107,108,81,52,60,208,199,132,145,175,NR,64,207,12,15,48,31,37,41,35,59,38,87,602,59,79,29,88,40,31,31,15,45,20,49,2026-09-15
Madhya Pradesh,Dindori,38,33,34,37,88,115,105,109,85,60,56,220,192,154,154,176,NR,64,235,12,20,50,30,40,45,45,60,48,85,632,55,85,30,90,35,35,27,15,35,40,50,2026-09-15
Madhya Pradesh,Niwari,36,31,26,32,91,131,111,106,89,57,57,226,203,186,182,166,NR,65,215,30,20,47,31,NR,NR,40,NR,40,97,720,60,96,24,92,33,40,27,19,37,42,52,2026-09-15
Madhya Pradesh,Seoni,37,32,35,37,86,115,110,105,85,55,55,196,214,170,154,187,NR,60,215,11,20,55,25,40,40,37,68,42,100,654,58,81,27,80,48,36,21,15,45,50,50,2026-09-15
Madhya Pradesh,Panna,38,30,26,36,79,120,100,95,90,60,52,181,176,137,154,134,115,65,210,11,15,45,30,40,45,35,60,45,97,651,56,75,37,76,30,35,31,14,47,20,38,2026-09-15
Madhya Pradesh,Tikamgarh,35,30,25,30,90,120,110,95,90,55,55,205,167,142,149,147,NR,60,200,20,20,40,30,30,35,40,40,45,100,659,58,70,25,85,29,41,20,17,30,20,30,2026-09-15
Madhya Pradesh,Datia,46,41,26,30,81,127,113,102,78,60,60,223,195,161,156,192,123,67,228,29,21,46,39,43,31,45,74,45,93,714,60,85,29,88,45,45,27,17,40,42,58,2026-09-15
Madhya Pradesh,Maihar,40,24,30,32,92,103,100,97,80,63,60,230,198,165,154,187,126,70,205,15,20,48,40,NR,NR,40,NR,45,97,721,58,72,37,97,30,39,35,15,37,25,43,2026-09-15
Madhya Pradesh,Shivpuri,46,40,27,31,83,132,122,112,88,55,60,198,189,163,173,179,170,54,213,17,20,40,32,38,44,47,59,45,82,690,60,80,27,82,37,45,32,24,30,38,45,2026-09-15
Madhya Pradesh,Mandsaur,NR,NR,NR,NR,NR,NR,NR,NR,NR,NR,NR,NR,NR,NR,NR,NR,NR,NR,NR,NR,NR,NR,NR,NR,NR,NR,NR,NR,NR,NR,NR,NR,NR,NR,NR,NR,NR,NR,NR,NR,NR,2026-09-15
Maharashtra,Mumbai,43,38,43,48,98,133,145,130,99,57,60,247,242,207,187,204,163,90,320,32,28,58,38,46,66,56,65,53,113,714,63,85,60,107,73,44,41,19,49,48,52,2026-09-15
Maharashtra,Nagpur,62,42,51,55,98,139,132,120,107,65,67,239,216,168,172,200,142,76,283,27,42,46,52,42,52,52,86,52,110,855,60,102,49,98,41,48,36,21,72,62,82,2026-09-15
Maharashtra,Pune,43,30,40,53,88,102,112,106,84,60,76,208,214,169,172,190,168,63,356,31,36,52,34,38,44,42,41,41,89,554,60,82,56,100,51,53,21,20,41,35,32,2026-09-15
Maharashtra,Nashik,41,41,44,42,91,141,138,116,97,59,60,213,227,191,173,189,148,75,353,29,22,60,33,40,70,49,64,49,103,650,60,80,77,117,68,37,31,17,32,47,48,2026-09-15
Maharashtra,Mangaon-Raigad,NR,NR,NR,NR,NR,NR,NR,NR,NR,NR,NR,NR,NR,NR,NR,NR,NR,NR,NR,NR,NR,NR,NR,NR,NR,NR,NR,NR,NR,NR,NR,NR,NR,NR,NR,NR,NR,NR,NR,NR,NR,2026-09-15
Maharashtra,Dharni,44,32,33,39,85,124,126,118,92,57,58,231,197,161,180,205,NR,68,322,13,22,57,37,41,30,42,NR,48,94,743,66,85,53,88,48,42,21,19,43,78,48,2026-09-15
Maharashtra,Latur,59,46,45,50,82,128,127,123,83,57,68,214,205,163,163,186,163,72,293,26,27,43,23,40,60,42,68,41,112,791,64,81,73,105,49,41,27,23,48,63,50,2026-09-15
Maharashtra,Akluj,43,41,35,44,90,122,117,113,96,55,62,217,233,178,203,223,191,62,332,32,23,59,22,34,49,42,60,40,91,659,52,51,30,93,54,32,34,12,28,20,31,2026-09-15
Maharashtra,Arni Yavatmal,44,30,34,36,99,123,125,114,90,60,63,192,170,154,144,159,NR,62,300,10,30,40,40,35,32,47,70,55,103,784,55,72,40,99,45,42,20,15,50,35,30,2026-09-15
Maharashtra,Chandrapur,41,40,37,41,81,129,132,105,84,56,59,206,221,216,170,191,NR,73,267,30,23,62,18,54,56,60,55,58,119,683,60,76,28,106,57,44,23,20,62,35,67,2026-09-15
Maharashtra,Karad Satara,63,53,36,49,92,139,129,123,92,57,76,210,188,169,179,200,172,61,300,31,30,52,22,39,43,42,62,42,117,699,61,92,43,121,51,41,29,19,43,43,48,2026-09-15
Maharashtra,Ahemednagar,59,42,44,47,89,122,124,119,99,53,60,175,171,166,175,180,164,58,259,30,19,39,19,31,45,39,44,39,106,580,60,65,44,99,29,44,26,18,27,38,39,2026-09-15
Maharashtra,Khultabad,46,29,33,37,78,111,116,109,85,64,46,186,NR,148,166,175,153,65,320,20,29,41,34,32,40,38,NR,44,86,702,60,81,41,83,33,36,24,16,41,30,39,2026-09-15
Maharashtra,Islampur,47,35,38,47,85,127,131,124,100,57,76,226,206,161,188,199,158,69,428,27,30,48,30,38,40,39,59,43,104,655,60,76,40,103,59,53,36,27,42,55,44,2026-09-15
Maharashtra,Kankavli,45,44,34,51,84,137,131,126,87,61,60,184,200,164,152,172,135,53,373,20,37,45,42,53,43,45,50,46,100,688,56,90,72,77,47,41,37,18,63,30,53,2026-09-15
Maharashtra,Partur,59,NR,34,40,81,121,120,111,90,55,58,203,208,186,176,195,176,65,401,10,20,50,25,31,35,43,NR,47,87,775,NR,84,41,92,40,42,31,15,50,66,49,2026-09-15
Maharashtra,Gondia,59,35,36,39,84,125,119,110,78,54,68,208,222,154,173,196,172,68,265,30,20,53,28,44,50,45,55,48,95,765,61,75,35,100,50,50,29,21,34,45,55,2026-09-15
Maharashtra,Jalgaon,50,28,37,46,91,135,135,120,99,60,66,203,210,181,177,199,184,67,468,31,20,50,32,39,41,55,61,55,99,802,62,81,58,127,61,42,38,21,39,38,48,2026-09-15
Maharashtra,Akola,43,NR,34,46,87,132,119,117,97,56,69,183,211,163,172,191,NR,72,327,30,25,57,40,42,38,53,67,55,103,784,59,82,43,88,42,43,24,17,37,65,45,2026-09-15
Rajasthan,Jaipur,61,41,32,41,94,139,128,113,89,64,69,228,205,186,170,199,149,68,314,20,21,57,40,36,34,48,71,48,94,643,57,82,50,98,48,38,36,18,37,30,38,2026-09-15
Rajasthan,Jodhpur,48,40,32,34,72,94,103,90,73,52,53,222,220,NR,NR,192,NR,52,272,20,21,35,35,28,47,50,52,47,103,672,55,89,25,89,48,31,29,16,42,26,27,2026-09-15
Rajasthan,Kota,49,40,34,36,83,132,129,116,87,54,65,211,207,156,167,209,NR,68,337,22,23,45,40,35,46,52,56,50,90,696,60,79,39,80,35,38,33,20,42,33,35,2026-09-15
Rajasthan,Udaipur,49,39,31,32,83,125,128,115,82,55,50,217,214,187,187,187,187,70,340,29,21,61,40,40,59,40,67,47,87,608,63,80,38,90,44,31,33,14,33,42,49,2026-09-15
Rajasthan,Bharatpur,49,37,28,34,93,129,129,127,91,61,65,243,197,175,185,NR,NR,68,305,30,20,48,40,30,35,45,65,49,90,712,60,90,31,95,41,42,29,14,40,29,42,2026-09-15
Rajasthan,Ajmer,52,42,42,42,82,117,117,97,77,61,55,222,219,166,150,177,139,67,300,25,23,28,35,37,42,52,77,57,87,571,60,96,52,NR,67,32,42,17,42,42,47,2026-09-15
Rajasthan,Bikaner,64,34,38,42,88,120,128,99,90,62,55,177,187,168,170,167,161,67,247,15,21,52,47,41,49,52,NR,52,82,694,60,90,48,77,32,35,25,21,40,23,41,2026-09-15
Rajasthan,Bundi,44,40,28,33,81,116,116,102,85,53,60,209,192,165,185,220,NR,50,320,17,21,38,33,31,36,39,60,49,91,637,65,80,31,82,37,35,38,16,40,25,35,2026-09-15
Rajasthan,Rajsamand,43,41,31,35,80,120,120,100,85,54,60,220,212,147,172,189,NR,70,302,24,25,48,44,38,44,41,63,46,80,602,54,90,40,79,40,39,31,21,45,24,33,2026-09-15
Rajasthan,Alwar,54,43,29,34,85,124,120,103,88,65,60,233,173,124,151,184,NR,58,307,26,17,42,36,22,39,48,73,52,92,570,56,73,23,88,48,34,27,16,50,31,43,2026-09-15
Rajasthan,Banswara,43,38,38,43,92,142,136,122,99,62,59,239,217,173,184,184,NR,58,223,29,19,50,39,34,35,51,56,55,78,621,58,118,28,92,52,42,39,21,39,39,42,2026-09-15
Rajasthan,Baran,47,34,32,35,87,135,120,110,85,64,54,220,209,148,137,154,126,55,352,24,22,40,44,28,33,42,41,47,89,670,57,67,39,90,36,31,34,11,40,31,33,2026-09-15
Rajasthan,Barmer,50,40,33,35,90,130,110,115,85,57,54,187,209,170,193,209,117,53,300,22,20,30,32,28,35,49,60,53,100,791,58,76,52,90,41,25,31,14,42,32,30,2026-09-15
Rajasthan,Bhilwara,53,39,29,37,93,118,111,99,95,64,55,217,203,157,169,203,181,58,289,20,27,60,34,28,34,42,55,42,74,667,55,73,35,86,34,35,22,20,39,25,40,2026-09-15
Rajasthan,Chhitorgarh,45,33,31,36,87,123,122,112,90,59,60,226,222,181,177,211,166,65,335,23,22,52,39,37,44,41,55,46,91,615,60,84,42,87,43,40,30,19,45,36,45,2026-09-15
Rajasthan,Churu,45,34,30,33,85,115,110,100,90,65,44,225,197,159,NR,230,153,75,280,20,18,35,25,24,32,40,50,40,90,747,80,72,25,100,50,35,35,20,40,30,30,2026-09-15
Rajasthan,Dholapur,47,35,32,36,89,123,121,112,89,59,66,230,204,183,180,200,NR,67,275,21,22,49,39,30,40,40,51,44,95,762,60,91,45,88,41,38,29,16,43,40,49,2026-09-15
Rajasthan,Dungarpur,38,33,32,34,80,110,122,112,84,54,52,194,201,150,190,171,158,62,269,26,18,48,37,25,39,43,72,42,90,603,59,92,50,72,38,34,33,25,38,33,42,2026-09-15
Rajasthan,Hanumangarh,38,33,27,35,74,122,123,123,100,60,55,245,192,204,145,151,NR,61,310,17,24,50,39,33,46,53,73,56,84,672,60,76,36,108,57,45,22,18,50,42,57,2026-09-15
Rajasthan,Jaisalmer,NR,NR,NR,NR,NR,NR,NR,NR,NR,NR,NR,NR,NR,NR,NR,NR,NR,NR,NR,NR,NR,NR,NR,NR,NR,NR,NR,NR,NR,NR,NR,NR,NR,NR,NR,NR,NR,NR,NR,NR,NR,2026-09-15
Rajasthan,Jalore,58,35,31,36,85,127,132,118,85,60,60,216,208,161,185,205,NR,72,260,19,22,47,50,31,37,46,78,57,98,615,60,89,43,95,50,37,34,17,50,49,52,2026-09-15
Rajasthan,Jhalawar,45,40,25,32,85,129,118,100,88,60,59,189,176,159,176,181,170,52,298,19,22,45,40,30,34,41,50,42,85,703,58,80,31,81,30,39,32,17,38,21,34,2026-09-15
Rajasthan,Jhunjhunu,47,37,29,34,80,116,124,103,83,60,56,209,205,148,180,NR,176,70,297,30,20,50,40,30,40,45,80,48,100,615,60,93,44,94,60,32,38,14,45,45,41,2026-09-15
Rajasthan,Karauli,46,35,29,34,88,121,121,111,91,68,53,225,215,186,182,210,167,59,326,20,20,56,40,26,NR,50,49,53,107,637,63,98,44,94,38,44,24,18,43,25,38,2026-09-15
Rajasthan,Nagaur,50,38,38,41,92,126,125,92,91,69,55,177,178,166,163,163,152,51,310,21,25,41,45,35,47,53,NR,51,86,689,60,90,49,78,31,35,26,21,35,25,46,2026-09-15
Rajasthan,Pali,55,30,33,33,91,128,128,90,74,70,56,201,167,168,163,162,123,45,234,24,30,NR,33,29,39,38,35,47,102,507,62,68,52,85,57,35,26,21,41,37,25,2026-09-15
Rajasthan,RJ-Pratapgarh,44,32,29,33,77,126,123,109,84,62,47,222,180,154,159,NR,NR,66,300,19,22,38,43,34,37,43,NR,43,105,803,60,63,39,70,46,35,25,15,40,43,47,2026-09-15
Rajasthan,Sikar,45,30,31,35,85,137,116,120,95,70,53,229,199,165,143,165,NR,55,236,30,25,55,37,21,24,53,70,66,102,514,52,76,22,80,32,33,25,17,40,50,48,2026-09-15
Rajasthan,Sirohi,42,40,28,34,74,109,122,100,76,55,52,207,156,NR,159,NR,NR,49,253,17,20,34,38,27,NR,45,NR,47,95,626,59,97,45,87,43,30,31,13,45,30,28,2026-09-15
Rajasthan,Sri Ganganagar,43,35,31,35,88,118,110,110,97,66,51,214,189,168,165,165,146,72,313,15,15,39,40,38,39,39,80,39,93,714,49,80,25,80,30,30,34,16,42,20,30,2026-09-15
Rajasthan,Tonk,52,36,32,37,86,126,116,109,93,59,70,233,205,141,162,177,146,67,282,20,24,55,40,32,44,43,55,52,91,579,67,82,41,96,48,40,33,21,43,52,46,2026-09-15
Rajasthan,Sawai Madhopur,57,34,29,35,87,131,120,116,97,56,61,223,180,163,162,158,160,58,310,28,21,46,42,28,33,49,48,49,103,626,62,78,36,90,50,42,28,15,42,37,42,2026-09-15
EAST ZONE,EAST ZONE,,,,,,,,,,,,,,,,,,,,,,,,,,,,,,,,,,,,,,,,,,2026-09-15
Bihar,Patna,48,29,28,34,87,124,127,103,81,63,61,NR,197,167,192,207,178,59,333,26,28,53,38,NR,NR,35,NR,36,102,604,56,100,38,83,53,30,34,20,40,30,40,2026-09-15
Bihar,Bhagalpur,39,23,29,35,85,129,111,103,79,62,59,NR,191,149,155,173,131,59,320,28,15,54,44,49,61,34,NR,35,104,635,54,84,40,96,29,34,21,18,NR,27,36,2026-09-15
Bihar,Purnia,40,NR,32,36,79,112,122,102,76,69,59,NR,203,164,186,NR,180,66,324,18,13,53,39,67,57,37,57,46,107,731,52,87,39,117,37,39,27,13,49,27,22,2026-09-15
Bihar,Darbhanga,39,NR,28,43,79,99,118,99,84,53,57,NR,201,185,162,NR,135,63,193,28,15,53,34,54,54,33,43,35,108,681,60,84,40,89,37,35,29,17,60,40,40,2026-09-15
Bihar,Gaya,34,25,28,38,83,122,113,109,80,65,60,NR,214,173,145,152,120,55,340,25,21,52,38,NR,NR,35,NR,39,110,680,59,91,30,84,33,37,23,16,40,28,27,2026-09-15
Bihar,Muzzafarpur,41,27,29,34,85,121,120,111,76,57,59,NR,202,163,167,221,130,65,294,24,18,49,39,49,47,39,51,37,101,617,59,84,35,83,35,34,26,14,45,31,37,2026-09-15
Bihar,Saran,47,26,24,37,83,114,107,108,82,56,62,NR,203,200,201,215,NR,53,303,27,17,52,39,42,65,39,63,39,108,751,63,73,44,82,36,35,28,18,42,25,28,2026-09-15
Bihar,Munger,36,NR,27,32,92,130,110,118,79,62,61,NR,187,184,185,183,164,49,257,28,9,40,33,NR,NR,34,NR,40,100,584,60,79,29,92,46,40,39,16,50,20,31,2026-09-15
Bihar,Saharsa,47,NR,28,31,79,116,110,117,74,58,61,NR,194,NR,190,NR,NR,52,280,29,12,51,48,NR,NR,39,NR,37,93,710,55,74,40,95,52,35,37,11,40,28,29,2026-09-15
Bihar,Madhubani,37,21,30,35,84,125,109,99,83,63,55,206,166,161,157,172,128,56,280,28,23,41,37,NR,NR,33,48,35,101,615,57,71,32,82,32,31,23,12,50,26,27,2026-09-15
Bihar,Rohtas (Sasaram),37,23,35,41,87,113,122,95,81,61,69,203,214,185,191,238,181,80,245,31,19,54,39,45,57,35,54,37,99,745,58,84,52,87,44,33,27,15,62,34,45,2026-09-15
Bihar,Motihari,NR,NR,NR,NR,NR,NR,NR,NR,NR,NR,NR,NR,NR,NR,NR,NR,NR,NR,NR,NR,NR,NR,NR,NR,NR,NR,NR,NR,NR,NR,NR,NR,NR,NR,NR,NR,NR,NR,NR,NR,NR,2026-09-15
Bihar,Samastipur,45,23,25,35,80,113,116,114,80,51,60,NR,191,136,132,NR,133,53,315,30,13,42,33,30,39,38,73,49,97,713,67,92,28,80,34,30,25,10,38,26,27,2026-09-15
Bihar,Katihar,49,29,29,31,75,117,126,94,91,58,61,NR,181,140,154,170,NR,75,311,19,15,35,36,NR,NR,35,NR,31,109,668,64,77,34,89,42,47,25,12,NR,26,26,2026-09-15
Bihar,Araria,37,NR,31,35,79,129,130,122,84,58,60,280,197,164,142,197,136,64,337,30,14,44,40,55,55,38,85,39,104,635,61,92,40,82,42,32,23,11,59,27,27,2026-09-15
Bihar,Nawada,33,21,29,36,82,132,125,116,78,64,62,NR,203,185,186,NR,143,70,222,28,18,46,39,39,36,33,53,36,102,722,58,63,82,80,35,30,22,11,63,24,23,2026-09-15
Bihar,Khagaria,45,25,28,34,80,103,123,108,83,58,42,NR,201,162,168,NR,171,63,377,28,15,35,52,NR,NR,40,NR,40,115,611,50,78,32,90,NR,50,30,16,32,20,40,2026-09-15
Bihar,Banka,37,20,28,37,80,120,114,106,75,70,60,NR,204,165,170,192,127,65,280,13,16,41,42,40,37,36,NR,38,99,611,55,80,40,80,35,40,30,10,40,30,30,2026-09-15
Bihar,Arwal,38,26,25,35,81,130,130,97,85,66,59,NR,225,165,173,187,143,79,232,28,24,54,38,NR,NR,35,NR,37,93,748,58,95,39,80,33,35,25,19,49,27,32,2026-09-15
Bihar,Aurangabad,34,24,29,33,81,126,122,90,79,70,56,220,200,188,154,156,119,75,210,24,16,52,45,50,NR,36,NR,39,105,769,58,80,44,84,36,33,30,17,50,21,25,2026-09-15
Bihar,Begusarai,36,36,30,35,77,117,117,107,77,64,59,246,188,158,144,188,123,66,266,27,12,48,38,52,42,35,52,37,108,623,58,78,39,96,34,32,20,17,35,34,42,2026-09-15
Bihar,Bhojpur Ara,47,20,30,34,80,118,120,109,78,58,57,245,183,158,154,186,NR,67,353,30,20,52,43,NR,NR,35,NR,37,104,681,60,84,42,84,50,33,25,10,47,48,38,2026-09-15
Bihar,Buxar,33,23,28,33,85,120,116,118,89,65,57,202,201,173,170,198,127,79,258,29,16,57,36,40,54,34,70,41,90,802,49,95,38,87,45,27,32,18,30,49,39,2026-09-15
Bihar,Gopalganj,40,32,33,35,90,115,115,110,85,NR,NR,NR,NR,NR,NR,NR,NR,NR,NR,NR,NR,NR,NR,NR,NR,NR,NR,NR,NR,NR,NR,NR,NR,NR,NR,NR,NR,NR,NR,NR,NR,2026-09-15
Bihar,Jamui,36,22,28,31,74,118,116,108,75,64,60,NR,197,142,174,NR,137,57,284,29,14,44,46,50,50,35,60,40,90,681,65,96,31,85,45,30,25,16,50,20,30,2026-09-15
Bihar,Jehanabad,31,23,28,34,86,126,118,115,78,55,56,NR,207,179,175,NR,NR,59,243,29,16,49,37,NR,NR,39,NR,41,91,663,57,100,25,82,43,43,22,13,57,24,30,2026-09-15
Bihar,Kaimur,38,18,26,32,83,117,117,114,79,59,60,NR,197,179,163,197,135,68,212,20,12,57,37,32,31,34,NR,39,88,714,60,85,38,82,33,33,27,15,53,26,28,2026-09-15
Bihar,Kishanganj,41,22,27,37,85,125,120,110,90,58,70,223,209,187,156,202,143,68,300,26,18,50,50,39,55,37,79,48,102,659,65,87,56,95,44,31,28,24,60,40,43,2026-09-15
Bihar,Lakhisarai,40,25,30,40,83,113,120,118,88,60,59,NR,206,167,170,NR,156,54,298,27,18,58,47,50,60,45,44,40,110,754,60,96,37,85,35,40,27,15,40,23,23,2026-09-15
Bihar,Medhepura,40,NR,27,37,75,116,125,91,76,68,59,NR,197,158,192,193,134,49,282,23,16,50,47,NR,NR,37,NR,36,91,723,58,108,42,90,35,37,27,15,44,42,38,2026-09-15
Bihar,Nalanda,30,19,29,33,74,114,116,107,76,64,65,NR,200,177,162,187,NR,73,318,30,16,49,38,59,59,33,59,37,89,672,58,85,36,77,NR,32,21,15,49,33,29,2026-09-15
Bihar,Sheikhpura,35,26,28,39,89,118,112,111,82,70,56,NR,222,181,204,202,165,60,285,27,18,47,47,40,NR,38,51,40,110,640,58,80,25,95,30,30,41,13,35,NR,25,2026-09-15
Bihar,Sheohar,48,24,27,38,86,125,123,113,87,64,59,171,210,161,170,200,121,60,232,26,21,52,42,49,56,37,41,40,116,720,59,78,30,81,34,38,24,16,56,31,25,2026-09-15
Bihar,Sitamarhi,38,26,28,34,83,123,128,103,78,56,62,NR,190,179,168,174,135,63,238,30,15,44,38,53,56,35,51,35,111,812,61,94,38,82,39,38,26,13,43,25,28,2026-09-15
Bihar,Siwan,38,28,28,31,78,116,101,90,73,53,57,292,201,183,189,194,189,59,202,27,13,56,25,47,44,31,49,32,91,709,61,66,29,80,37,41,29,14,51,31,31,2026-09-15
Bihar,Supaul,35,23,27,33,80,115,122,100,75,53,55,NR,193,159,179,NR,170,64,NR,13,13,43,43,NR,NR,38,NR,39,124,586,54,92,35,79,NR,56,35,15,53,28,26,2026-09-15
Bihar,Vaishali,40,25,29,35,79,114,119,100,75,62,53,225,192,170,187,209,159,70,207,29,18,55,40,49,49,35,42,40,90,769,55,84,40,80,33,32,25,13,37,50,35,2026-09-15
Bihar,West Champaran,37,27,29,35,84,119,117,109,83,59,56,202,186,175,153,176,NR,69,260,20,22,45,40,35,41,33,45,39,105,567,54,76,39,90,47,50,27,17,47,24,31,2026-09-15
Jharkhand,Ranchi,43,28,37,35,84,123,122,110,79,62,60,255,201,159,190,199,143,73,210,29,20,57,40,35,40,38,40,43,102,648,60,87,40,89,43,42,32,15,50,55,50,2026-09-15
Jharkhand,Gumla,40,23,27,36,82,108,106,92,83,48,55,209,195,187,137,154,121,53,200,15,16,48,40,34,68,35,50,42,100,676,63,78,55,90,40,30,23,15,50,28,38,2026-09-15
Jharkhand,Sahibganj,36,24,30,35,87,120,130,108,85,60,60,198,209,189,176,192,143,70,320,20,15,60,40,36,46,40,55,53,100,626,60,90,40,89,45,35,30,15,50,50,60,2026-09-15
Jharkhand,Bokaro,38,28,35,37,86,132,114,110,83,66,57,NR,193,170,164,182,144,60,322,28,21,48,35,NR,NR,33,NR,40,100,728,57,89,43,81,28,41,25,13,60,NR,NR,2026-09-15
Jharkhand,Lohardaga,37,26,31,36,85,102,125,110,80,57,61,NR,200,165,163,223,126,72,203,26,22,52,38,NR,NR,38,35,40,90,695,56,73,25,80,42,30,25,17,38,41,23,2026-09-15
Jharkhand,Simdega,42,28,32,40,88,124,118,100,86,68,65,191,196,154,167,158,149,60,245,22,24,50,31,50,NR,46,60,52,100,665,61,79,46,90,38,36,26,22,50,25,42,2026-09-15
Jharkhand,Dhanbad,39,28,34,36,87,125,123,111,80,60,59,257,203,162,165,187,139,69,245,28,16,51,38,38,52,37,52,46,92,784,59,91,51,90,49,39,32,18,51,45,40,2026-09-15
Jharkhand,Jamshedpur (East Singbhum),NR,NR,NR,NR,NR,NR,NR,NR,NR,NR,NR,NR,NR,NR,NR,NR,NR,NR,NR,NR,NR,NR,NR,NR,NR,NR,NR,NR,NR,NR,NR,NR,NR,NR,NR,NR,NR,NR,NR,NR,NR,2026-09-15
Jharkhand,Giridhi,34,20,33,36,81,109,102,105,75,66,55,NR,199,169,166,190,120,49,300,19,22,52,42,40,36,42,42,45,86,637,60,84,50,99,28,40,25,16,50,30,47,2026-09-15
Jharkhand,Seraikella,35,26,31,40,81,122,119,109,75,62,60,195,194,159,164,173,129,57,207,28,15,51,40,36,NR,41,NR,44,95,600,60,84,38,82,36,33,26,15,50,38,40,2026-09-15
Jharkhand,West Singhbhum,37,24,30,36,82,124,118,110,79,NR,NR,206,206,195,173,201,141,NR,NR,NR,NR,NR,NR,NR,NR,NR,NR,NR,NR,NR,NR,NR,NR,NR,NR,NR,NR,NR,NR,NR,NR,2026-09-15
Jharkhand,Daltonganj,38,25,27,37,86,112,115,103,83,58,59,NR,196,155,165,NR,137,61,296,30,19,59,33,NR,NR,45,52,48,108,725,63,92,45,85,53,40,29,16,40,43,46,2026-09-15
Jharkhand,Deoghar,40,18,32,35,80,110,120,110,90,60,60,176,186,176,148,176,132,75,300,25,15,60,40,50,50,40,60,50,90,769,60,90,30,80,40,35,25,15,40,40,40,2026-09-15
Jharkhand,Ramgarh,40,24,33,37,NR,127,116,102,78,54,58,NR,196,146,159,179,157,61,279,25,13,53,39,NR,NR,31,NR,40,108,613,58,84,25,83,43,30,26,11,43,43,25,2026-09-15
Jharkhand,Pakur,37,26,34,37,90,120,120,94,83,54,63,214,201,176,168,198,154,60,317,20,15,51,42,34,41,40,51,53,98,622,63,90,43,94,40,35,30,15,47,38,25,2026-09-15
Jharkhand,Jamtara,41,24,29,35,87,123,128,120,88,53,59,251,207,172,179,190,163,78,278,31,13,53,42,73,79,37,61,50,92,740,57,88,40,84,58,33,31,16,48,42,48,2026-09-15
Jharkhand,Latehar,45,25,29,38,85,129,126,110,81,69,59,175,198,159,162,NR,NR,59,192,30,18,58,38,NR,NR,36,NR,55,111,732,63,90,36,82,45,45,29,12,41,29,36,2026-09-15
Jharkhand,Godda,40,26,30,39,82,120,120,103,82,61,64,198,203,165,165,187,132,55,283,29,15,50,40,NR,NR,40,NR,47,97,709,61,94,40,93,37,35,25,15,50,50,45,2026-09-15
Jharkhand,Koderma,41,20,32,35,85,124,128,108,80,62,63,216,204,165,162,200,131,63,199,29,19,59,40,NR,NR,38,NR,38,97,744,63,95,50,85,48,40,26,18,50,59,50,2026-09-15
Odisha,Bhubaneshwar,42,34,36,46,85,120,120,111,80,60,58,NR,209,161,NR,198,173,70,230,30,15,60,30,NR,NR,38,45,40,90,NR,NR,96,60,90,30,35,25,12,50,50,50,2026-09-15
Odisha,Cuttack,NR,NR,NR,NR,NR,NR,NR,NR,NR,NR,NR,NR,NR,NR,NR,NR,NR,NR,NR,NR,NR,NR,NR,NR,NR,NR,NR,NR,NR,NR,NR,NR,NR,NR,NR,NR,NR,NR,NR,NR,NR,2026-09-15
Odisha,Sambalpur,NR,NR,NR,NR,NR,NR,NR,NR,NR,NR,NR,NR,NR,NR,NR,NR,NR,NR,NR,NR,NR,NR,NR,NR,NR,NR,NR,NR,NR,NR,NR,NR,NR,NR,NR,NR,NR,NR,NR,NR,NR,2026-09-15
Odisha,Rourkela,36,27,36,38,85,121,117,99,77,57,58,NR,213,170,173,198,176,75,190,29,17,57,30,35,36,39,45,41,91,536,56,94,60,88,53,33,30,15,52,50,50,2026-09-15
Odisha,Berhampur,44,31,35,37,79,111,130,102,73,59,58,NR,208,168,NR,198,133,63,245,21,16,57,37,NR,NR,38,49,46,87,716,53,96,60,84,44,45,29,16,49,41,45,2026-09-15
Odisha,Jeypore,NR,NR,NR,NR,NR,NR,NR,NR,NR,NR,NR,NR,NR,NR,NR,NR,NR,NR,NR,NR,NR,NR,NR,NR,NR,NR,NR,NR,NR,NR,NR,NR,NR,NR,NR,NR,NR,NR,NR,NR,NR,2026-09-15
Odisha,Balasore,38,27,41,45,82,115,116,96,75,61,58,NR,210,183,NR,198,179,74,240,28,13,59,37,NR,NR,43,NR,43,93,618,56,90,75,90,41,40,30,13,45,35,50,2026-09-15
Odisha,Baripada,38,27,34,42,84,119,118,99,75,58,58,NR,205,160,NR,194,174,65,239,29,14,57,37,35,NR,51,48,51,98,740,57,91,63,101,43,36,31,14,61,49,44,2026-09-15
Odisha,Balangir,NR,NR,NR,NR,NR,NR,NR,NR,NR,NR,NR,NR,NR,NR,NR,NR,NR,NR,NR,NR,NR,NR,NR,NR,NR,NR,NR,NR,NR,NR,NR,NR,NR,NR,NR,NR,NR,NR,NR,NR,NR,2026-09-15
Odisha,Angul,37,NR,NR,46,87,132,113,118,90,64,63,NR,209,176,NR,198,NR,66,NR,29,17,52,30,43,55,40,50,40,97,NR,61,100,63,87,62,37,29,15,60,37,33,2026-09-15
Odisha,Boudhgarh,NR,NR,NR,NR,NR,NR,NR,NR,NR,NR,NR,NR,NR,NR,NR,NR,NR,NR,NR,NR,NR,NR,NR,NR,NR,NR,NR,NR,NR,NR,NR,NR,NR,NR,NR,NR,NR,NR,NR,NR,NR,2026-09-15
Odisha,Dhenkanal,36,31,35,40,84,117,115,100,75,60,58,NR,209,159,NR,196,154,62,280,29,15,55,40,50,NR,39,50,41,90,710,58,90,50,83,44,30,20,12,50,45,50,2026-09-15
Odisha,Jagatsinghpur,40,35,40,42,88,123,120,108,85,59,58,NR,203,187,NR,198,132,65,240,30,15,60,40,NR,NR,38,NR,42,102,NR,58,90,60,84,44,32,21,16,60,40,45,2026-09-15
Odisha,Kandhamal,37,NR,43,49,79,131,123,116,79,58,54,159,202,173,NR,190,137,59,NR,30,19,55,41,NR,NR,43,43,45,92,714,59,80,40,90,36,33,27,10,42,22,46,2026-09-15
Odisha,Keonjhar,40,31,40,54,89,120,124,110,77,62,58,NR,203,137,NR,203,126,65,NR,30,14,58,38,40,40,40,60,43,105,791,58,94,63,90,40,35,25,15,50,40,43,2026-09-15
Odisha,Malkangiri,NR,NR,NR,NR,NR,NR,NR,NR,NR,NR,NR,NR,NR,NR,NR,NR,NR,NR,NR,NR,NR,NR,NR,NR,NR,NR,NR,NR,NR,NR,NR,NR,NR,NR,NR,NR,NR,NR,NR,NR,NR,2026-09-15
Odisha,Nabarangpur,NR,NR,NR,NR,NR,NR,NR,NR,NR,NR,NR,NR,NR,NR,NR,NR,NR,NR,NR,NR,NR,NR,NR,NR,NR,NR,NR,NR,NR,NR,NR,NR,NR,NR,NR,NR,NR,NR,NR,NR,NR,2026-09-15
Odisha,Nayagarh,40,NR,NR,43,83,117,120,113,85,57,54,NR,207,177,NR,198,167,70,NR,27,16,58,38,NR,NR,38,44,42,85,687,59,93,57,85,34,41,24,14,48,33,42,2026-09-15
Odisha,Nuapada,NR,NR,NR,NR,NR,NR,NR,NR,NR,NR,NR,NR,NR,NR,NR,NR,NR,NR,NR,NR,NR,NR,NR,NR,NR,NR,NR,NR,NR,NR,NR,NR,NR,NR,NR,NR,NR,NR,NR,NR,NR,2026-09-15
Odisha,Paralakhemundi Gajapati,NR,NR,NR,NR,NR,NR,NR,NR,NR,NR,NR,NR,NR,NR,NR,NR,NR,NR,NR,NR,NR,NR,NR,NR,NR,NR,NR,NR,NR,NR,NR,NR,NR,NR,NR,NR,NR,NR,NR,NR,NR,2026-09-15
Odisha,Puri,40,31,NR,43,82,118,123,107,90,59,60,NR,206,166,NR,195,155,59,273,27,14,55,36,NR,NR,41,NR,42,94,702,59,88,47,86,40,36,27,16,53,38,41,2026-09-15
Odisha,Rayagada,45,NR,41,50,89,120,130,111,80,61,60,209,209,163,NR,200,143,70,NR,31,19,60,33,NR,NR,45,40,49,80,756,59,84,40,82,49,35,29,13,50,48,50,2026-09-15
Odisha,Sonepur,NR,NR,NR,NR,NR,NR,NR,NR,NR,NR,NR,NR,NR,NR,NR,NR,NR,NR,NR,NR,NR,NR,NR,NR,NR,NR,NR,NR,NR,NR,NR,NR,NR,NR,NR,NR,NR,NR,NR,NR,NR,2026-09-15
Odisha,Bhadrak,36,28,NR,42,85,120,125,120,81,61,65,NR,218,183,NR,199,163,65,330,28,14,54,35,44,NR,38,63,40,87,769,58,79,57,81,43,31,26,15,50,42,41,2026-09-15
Odisha,Jharsuguda,NR,NR,NR,NR,NR,NR,NR,NR,NR,NR,NR,NR,NR,NR,NR,NR,NR,NR,NR,NR,NR,NR,NR,NR,NR,NR,NR,NR,NR,NR,NR,NR,NR,NR,NR,NR,NR,NR,NR,NR,NR,2026-09-15
Odisha,Kendrapara,NR,NR,NR,NR,NR,NR,NR,NR,NR,NR,NR,NR,NR,NR,NR,NR,NR,NR,NR,NR,NR,NR,NR,NR,NR,NR,NR,NR,NR,NR,NR,NR,NR,NR,NR,NR,NR,NR,NR,NR,NR,2026-09-15
Odisha,Jajpur,36,31,40,49,85,122,115,100,80,60,58,NR,203,185,NR,198,181,69,NR,30,13,56,31,NR,NR,36,NR,45,123,769,63,90,60,85,39,33,29,13,60,40,43,2026-09-15
Odisha,Kalahandi,43,29,37,49,85,120,118,110,86,59,54,NR,214,163,NR,201,133,70,430,31,19,58,30,NR,NR,40,40,50,83,764,NR,96,38,85,38,33,29,13,42,39,38,2026-09-15
West Bengal,Kolkata,59,NR,NR,39,90,129,132,115,118,60,59,NR,208,183,157,193,170,85,287,30,14,58,47,NR,NR,40,NR,42,103,747,63,90,73,86,53,30,31,20,59,45,50,2026-09-15
West Bengal,Siliguri,NR,NR,NR,NR,NR,NR,NR,NR,NR,NR,NR,NR,NR,NR,NR,NR,NR,NR,NR,NR,NR,NR,NR,NR,NR,NR,NR,NR,NR,NR,NR,NR,NR,NR,NR,NR,NR,NR,NR,NR,NR,2026-09-15
West Bengal,Purulia,39,NR,NR,35,88,122,128,105,103,61,63,NR,207,155,145,195,NR,73,293,27,11,54,38,NR,NR,37,NR,58,96,679,62,83,50,83,46,31,29,14,40,43,47,2026-09-15
West Bengal,Kharagpur,54,NR,33,37,88,128,127,110,107,61,64,200,209,NR,146,192,123,73,278,31,15,55,45,NR,NR,39,NR,39,112,703,57,86,53,96,53,44,30,18,55,58,57,2026-09-15
West Bengal,Rampurhat,49,NR,33,47,86,122,125,117,118,59,59,NR,206,NR,153,190,125,70,300,25,12,48,35,NR,NR,41,NR,51,88,688,62,86,62,91,52,28,34,16,40,35,45,2026-09-15
West Bengal,Malda,58,50,34,47,88,134,132,115,141,54,60,268,214,NR,192,202,148,77,325,25,10,44,30,59,56,43,74,61,99,730,64,86,44,98,44,32,35,16,55,35,37,2026-09-15
West Bengal,Raiganj,57,29,29,50,93,142,140,122,128,61,61,NR,210,156,176,216,130,72,300,15,11,58,43,NR,NR,36,NR,47,120,681,62,88,63,120,55,30,31,16,60,50,48,2026-09-15
West Bengal,Alipurduar,34,NR,NR,40,90,130,121,111,130,57,65,NR,208,NR,188,208,154,70,248,10,10,56,40,NR,NR,40,NR,42,85,655,60,84,35,89,39,32,28,17,51,30,41,2026-09-15
West Bengal,Asansol,53,NR,NR,38,88,128,123,120,95,59,68,NR,205,152,163,196,122,71,297,30,13,53,47,NR,NR,39,NR,47,100,817,62,85,60,92,50,37,30,15,37,37,50,2026-09-15
West Bengal,Balurghat,52,30,30,37,84,129,127,112,105,60,70,NR,220,NR,179,208,157,51,355,29,14,48,57,NR,NR,50,NR,65,100,714,NR,81,49,100,40,35,30,16,60,35,45,2026-09-15
West Bengal,Bankura,36,NR,NR,37,93,123,129,116,112,59,62,NR,213,NR,152,195,124,63,301,29,12,58,45,NR,NR,36,NR,59,88,822,61,83,62,93,53,33,31,16,50,47,53,2026-09-15
West Bengal,Barasat,54,NR,NR,37,90,122,119,121,115,62,62,NR,209,176,162,184,138,67,350,29,15,58,45,NR,NR,38,NR,59,71,635,61,80,67,89,45,35,27,17,45,50,50,2026-09-15
West Bengal,Bardhaman,49,29,NR,39,94,129,128,119,109,58,60,238,203,159,143,203,142,76,318,30,12,56,35,NR,NR,38,NR,45,93,773,61,89,55,90,55,30,29,16,57,26,45,2026-09-15
West Bengal,Baruipur,60,40,NR,NR,90,NR,115,137,112,65,59,NR,218,207,187,196,NR,60,600,29,18,63,45,NR,NR,45,NR,51,102,872,68,96,60,90,50,40,27,15,52,75,75,2026-09-15
West Bengal,Berhampore,47,27,30,44,84,119,113,118,107,59,63,NR,198,163,170,212,173,69,323,24,13,54,39,NR,NR,43,NR,63,71,627,60,83,67,98,41,34,31,15,37,23,43,2026-09-15
West Bengal,Chinsurah,53,NR,NR,39,91,125,129,119,120,60,60,NR,211,157,155,192,NR,66,305,30,12,53,43,NR,NR,38,NR,60,89,623,61,84,61,91,49,32,35,16,51,41,51,2026-09-15
West Bengal,Cooch behar,53,NR,NR,41,92,118,122,115,130,58,55,NR,208,157,172,185,179,75,290,30,15,55,43,NR,NR,40,NR,50,93,718,60,84,52,85,49,32,32,15,60,40,43,2026-09-15
West Bengal,Howrah,56,NR,NR,37,92,125,121,118,114,64,62,NR,203,192,172,197,NR,68,273,31,16,58,43,NR,NR,NR,NR,59,107,736,61,86,58,102,38,39,35,16,57,48,52,2026-09-15
West Bengal,Jalapiguri,39,NR,NR,47,90,132,128,112,105,62,81,NR,209,145,163,203,148,72,300,30,14,56,48,NR,NR,38,NR,60,87,688,62,96,53,93,50,35,32,20,71,43,43,2026-09-15
West Bengal,Jhargram,42,NR,NR,38,90,125,125,115,111,59,61,NR,208,157,150,192,NR,67,289,28,13,52,41,NR,NR,38,NR,60,96,681,59,82,51,87,46,36,28,15,47,46,50,2026-09-15
West Bengal,Kalimpong,59,55,33,46,95,130,140,120,103,63,83,154,209,137,132,204,154,90,300,20,24,54,41,NR,NR,40,80,60,120,792,60,93,60,100,60,30,30,19,70,50,55,2026-09-15
West Bengal,Krishnagar,51,NR,NR,39,90,129,119,127,102,59,58,NR,203,NR,148,186,NR,69,387,29,13,53,46,NR,NR,39,NR,62,81,644,63,84,67,98,44,35,31,16,48,38,50,2026-09-15
West Bengal,Tamluk,40,29,NR,39,95,128,125,120,125,61,59,NR,203,NR,159,195,NR,67,307,30,15,60,48,NR,NR,39,NR,60,88,723,61,88,70,92,50,33,31,15,52,43,70,2026-09-15
NORTH EAST ZONE,NORTH EAST ZONE,,,,,,,,,,,,,,,,,,,,,,,,,,,,,,,,,,,,,,,,,,2026-09-15
Andaman and Nicobar,Port Blair,50,NR,NR,60,98,132,140,115,97,76,72,NR,220,209,NR,191,176,83,330,24,40,82,72,53,60,77,73,87,150,747,68,96,157,98,47,47,35,15,80,70,60,2026-09-15
Andaman and Nicobar,Mayabunder,53,NR,NR,70,103,140,152,123,100,85,76,289,216,234,NR,194,183,81,365,22,50,100,120,NR,NR,62,92,80,142,795,62,132,140,90,48,37,40,16,40,100,98,2026-09-15
Andaman and Nicobar,Car Nicobar,54,NR,NR,71,122,154,155,131,101,76,73,279,NR,220,NR,214,148,78,323,20,45,80,75,NR,NR,70,64,82,119,930,60,108,NR,94,43,47,38,22,78,100,100,2026-09-15
Arunachal pradesh,Itanagar,40,38,40,41,96,138,138,121,91,50,74,NR,214,158,158,209,NR,77,400,17,27,51,58,NR,30,42,60,52,92,714,58,91,51,85,60,46,33,17,69,45,56,2026-09-15
Arunachal pradesh,Namsai,NR,NR,NR,NR,NR,NR,NR,NR,NR,NR,NR,NR,NR,NR,NR,NR,NR,NR,NR,NR,NR,NR,NR,NR,NR,NR,NR,NR,NR,NR,NR,NR,NR,NR,NR,NR,NR,NR,NR,NR,NR,2026-09-15
Arunachal pradesh,Pasighat,53,NR,NR,50,93,113,97,93,113,83,80,176,238,172,180,187,NR,90,400,20,20,57,93,NR,NR,50,NR,57,83,723,59,100,60,100,70,78,43,15,60,48,67,2026-09-15
Arunachal pradesh,Tawang,NR,NR,NR,NR,NR,NR,NR,NR,NR,NR,NR,NR,NR,NR,NR,NR,NR,NR,NR,NR,NR,NR,NR,NR,NR,NR,NR,NR,NR,NR,NR,NR,NR,NR,NR,NR,NR,NR,NR,NR,NR,2026-09-15
Arunachal pradesh,Tezu,38,NR,NR,40,100,140,140,117,90,70,72,NR,154,NR,154,NR,NR,100,250,15,20,63,80,NR,NR,40,NR,70,107,828,65,96,40,80,70,40,30,20,40,30,57,2026-09-15
Assam,Guwahati,35,30,33,37,85,111,95,99,81,58,71,216,220,188,176,203,166,60,220,13,17,57,58,NR,NR,43,NR,46,NR,NR,NR,90,50,NR,30,NR,33,19,77,40,40,2026-09-15
Assam,Barpeta,34,27,39,36,80,112,96,100,82,55,74,197,222,139,159,195,164,60,153,10,16,56,48,50,43,38,97,52,83,736,64,86,38,83,34,33,27,18,58,25,26,2026-09-15
Assam,Tinsukia,32,42,32,39,90,130,105,105,85,56,77,NR,229,203,209,203,NR,75,190,11,13,58,45,NR,NR,44,NR,44,97,791,64,90,40,80,50,35,30,20,40,30,45,2026-09-15
Assam,Dhubri,34,25,NR,35,81,130,NR,106,83,55,77,NR,231,163,154,176,126,73,180,12,15,55,40,50,65,37,65,50,110,747,63,84,30,70,30,40,25,15,50,35,30,2026-09-15
Assam,Goalpara,35,25,32,36,85,130,130,109,95,58,63,NR,214,161,165,181,NR,65,212,10,13,53,59,NR,NR,36,NR,53,97,787,63,96,40,95,38,32,31,18,65,35,35,2026-09-15
Assam,Golaghat,47,36,34,42,90,120,90,110,105,60,67,159,209,161,159,174,157,78,240,14,16,55,45,NR,NR,41,NR,59,NR,NR,NR,94,48,71,45,NR,26,16,65,27,43,2026-09-15
Assam,Mangaldai,44,23,33,35,86,108,95,102,84,53,70,NR,202,142,NR,NR,160,65,260,11,15,55,43,NR,NR,36,NR,36,NR,NR,NR,96,35,NR,NR,NR,30,17,65,30,40,2026-09-15
Assam,Mushalpur,39,31,40,39,87,117,111,113,88,56,75,NR,230,149,199,199,144,63,268,10,15,56,59,NR,NR,39,NR,51,81,835,61,88,38,96,29,NR,29,26,59,36,38,2026-09-15
Assam,Udalguri,37,25,NR,37,83,117,96,112,87,51,77,NR,215,NR,160,188,145,58,272,10,11,49,51,NR,NR,39,NR,40,75,687,NR,95,37,80,42,NR,21,13,53,30,40,2026-09-15
Assam,Bajali,34,NR,33,40,87,118,103,113,93,56,78,164,223,NR,159,205,137,68,363,10,17,58,43,NR,NR,36,104,45,85,795,63,86,37,87,61,60,32,25,70,35,43,2026-09-15
Assam,Hojai,33,29,NR,40,80,118,99,94,80,58,60,NR,203,152,153,184,163,70,260,12,15,50,43,NR,NR,39,NR,41,70,665,59,87,38,78,33,40,28,11,40,38,48,2026-09-15
Assam,Jorhat,40,34,36,40,86,110,115,104,101,60,78,181,220,160,159,160,132,60,208,12,18,55,50,NR,NR,55,NR,54,78,714,NR,105,40,80,42,42,30,12,60,20,40,2026-09-15
Assam,Bongaigaon,43,NR,NR,35,83,118,97,110,90,52,70,NR,184,152,150,165,NR,60,322,10,14,47,45,NR,NR,37,NR,60,76,NR,NR,90,32,NR,40,NR,30,18,55,20,40,2026-09-15
Assam,Morigaon,40,30,40,40,83,129,120,110,100,57,65,195,198,159,154,159,137,70,233,10,15,55,50,50,NR,40,NR,50,105,725,60,90,40,80,45,40,26,15,70,40,50,2026-09-15
Assam,Sonari,41,32,43,42,98,121,NR,110,98,62,78,NR,214,NR,181,NR,NR,80,220,13,15,55,60,NR,NR,39,NR,60,90,NR,NR,98,45,80,45,40,30,15,73,25,45,2026-09-15
Assam,Tamulpur,36,30,40,40,87,128,112,111,89,56,77,NR,200,152,174,NR,160,70,270,10,15,60,50,NR,NR,39,NR,43,75,720,NR,88,40,NR,NR,NR,29,13,50,50,40,2026-09-15
Assam,Sivasagar,43,44,40,50,88,117,113,112,108,58,75,NR,236,203,176,195,165,61,257,11,18,56,46,33,63,54,NR,58,95,696,61,102,42,80,37,56,36,12,50,36,49,2026-09-15
Assam,Biswanath Chariali,36,29,34,39,93,126,NR,117,100,61,73,NR,152,NR,159,NR,NR,61,233,10,15,53,42,NR,NR,41,NR,45,120,NR,NR,80,40,90,50,40,30,20,70,20,27,2026-09-15
Assam,Dibrugarh,35,28,NR,39,88,129,126,108,99,56,77,NR,219,168,190,227,NR,63,203,13,17,59,47,NR,NR,41,NR,55,92,799,63,85,57,77,53,42,49,14,52,35,48,2026-09-15
Assam,Karimganj,37,NR,NR,39,87,114,122,102,79,59,75,NR,230,NR,182,222,NR,78,238,14,25,58,50,NR,NR,39,NR,65,130,NR,60,90,53,NR,53,NR,29,17,50,38,50,2026-09-15
Assam,Majuli,35,NR,38,42,100,120,90,118,100,60,70,NR,188,NR,159,NR,NR,60,260,15,20,56,48,NR,NR,41,NR,43,112,NR,NR,84,40,70,45,NR,35,15,40,30,40,2026-09-15
Assam,Sonitpur Tezpur,39,27,31,40,81,115,97,106,86,51,69,NR,203,NR,186,211,NR,49,310,10,14,60,57,NR,NR,40,NR,45,80,749,62,96,40,96,50,60,30,17,80,20,40,2026-09-15
Assam,Haflong,36,40,NR,45,90,130,NR,120,90,65,77,NR,185,NR,120,200,NR,80,270,15,20,60,50,NR,NR,45,NR,45,90,720,60,105,40,95,40,32,30,19,80,20,50,2026-09-15
Assam,AS-Lakhimpur,39,NR,NR,38,84,113,102,110,92,59,73,NR,206,161,164,178,NR,61,193,15,14,55,48,NR,NR,42,NR,39,88,613,61,96,47,80,38,53,32,16,48,37,47,2026-09-15
Assam,Diphu,35,26,NR,37,90,116,117,111,88,56,75,NR,219,NR,170,NR,128,93,233,15,16,60,50,45,45,40,65,70,82,686,63,92,25,80,50,35,30,17,63,39,38,2026-09-15
Assam,Nalbari,35,26,NR,40,85,125,98,110,85,60,70,NR,214,145,165,187,126,65,292,10,15,55,50,NR,NR,40,NR,40,80,820,58,90,42,80,48,50,35,20,63,40,35,2026-09-15
Assam,South Salmara Mankachar,40,33,39,38,81,124,NR,116,86,63,75,NR,219,167,160,159,134,64,233,12,24,47,51,80,85,39,NR,63,NR,801,59,83,37,72,45,50,40,19,55,NR,NR,2026-09-15
Assam,Kamrup,39,32,NR,39,86,119,105,106,85,58,75,NR,227,NR,188,203,169,75,219,15,14,56,60,NR,NR,38,NR,45,79,NR,59,84,40,NR,41,40,31,15,55,40,42,2026-09-15
Manipur,Imphal,55,NR,48,47,96,132,129,122,94,72,NR,NR,255,203,220,209,209,100,260,25,30,66,78,NR,NR,49,NR,67,73,NR,NR,96,58,96,35,33,23,18,52,20,47,2026-09-15
Manipur,Chandel,NR,NR,NR,NR,NR,NR,NR,NR,NR,NR,NR,NR,NR,NR,NR,NR,NR,NR,NR,NR,NR,NR,NR,NR,NR,NR,NR,NR,NR,NR,NR,NR,NR,NR,NR,NR,NR,NR,NR,,,2026-09-15
Manipur,Jiribam,NR,NR,NR,NR,NR,NR,NR,NR,NR,NR,NR,NR,NR,NR,NR,NR,NR,NR,NR,NR,NR,NR,NR,NR,NR,NR,NR,NR,NR,NR,NR,NR,NR,NR,NR,NR,NR,NR,NR,NR,NR,2026-09-15
Manipur,Kangpokpi,NR,NR,NR,NR,NR,NR,NR,NR,NR,NR,NR,NR,NR,NR,NR,NR,NR,NR,NR,NR,NR,NR,NR,NR,NR,NR,NR,NR,NR,NR,NR,NR,NR,NR,NR,NR,NR,NR,NR,NR,NR,2026-09-15
Manipur,Senapati,50,NR,NR,45,NR,140,NR,130,100,68,74,172,154,NR,181,214,NR,NR,NR,20,20,63,80,NR,NR,50,NR,NR,NR,NR,70,96,NR,NR,NR,NR,NR,NR,50,30,70,2026-09-15
Manipur,Tamenglong,NR,NR,NR,NR,NR,NR,NR,NR,NR,NR,NR,NR,NR,NR,NR,NR,NR,NR,NR,NR,NR,NR,NR,NR,NR,NR,NR,NR,NR,NR,NR,NR,NR,NR,NR,NR,NR,NR,NR,,,2026-09-15
Manipur,Thoubal,NR,NR,NR,NR,NR,NR,NR,NR,NR,NR,NR,NR,NR,NR,NR,NR,NR,NR,NR,NR,NR,NR,NR,NR,NR,NR,NR,NR,NR,NR,NR,NR,NR,NR,NR,NR,NR,NR,NR,NR,NR,2026-09-15
Manipur,Ukhrul,NR,NR,NR,NR,NR,NR,NR,NR,NR,NR,NR,NR,NR,NR,NR,NR,NR,NR,NR,NR,NR,NR,NR,NR,NR,NR,NR,NR,NR,NR,NR,NR,NR,NR,NR,NR,NR,NR,NR,NR,NR,2026-09-15
Manipur,Churachandpur,NR,NR,NR,NR,NR,NR,NR,NR,NR,NR,NR,NR,NR,NR,NR,NR,NR,NR,NR,NR,NR,NR,NR,NR,NR,NR,NR,NR,NR,NR,NR,NR,NR,NR,NR,NR,NR,NR,NR,NR,NR,2026-09-15
Manipur,Kakching,NR,NR,NR,NR,NR,NR,NR,NR,NR,NR,NR,NR,NR,NR,NR,NR,NR,NR,NR,NR,NR,NR,NR,NR,NR,NR,NR,NR,NR,NR,NR,NR,NR,NR,NR,NR,NR,NR,NR,NR,NR,2026-09-15
Meghalaya,Shillong,36,34,40,39,90,130,130,120,90,61,77,NR,205,198,154,NR,NR,80,320,32,20,65,47,NR,NR,40,NR,40,100,857,63,99,57,80,53,53,29,20,87,50,53,2026-09-15
Meghalaya,Tura,35,NR,NR,40,100,140,NR,120,90,63,76,NR,198,NR,170,203,132,80,320,18,27,68,60,NR,NR,40,NR,70,90,758,59,84,60,90,53,53,29,20,70,40,40,2026-09-15
Meghalaya,Jowai,37,NR,40,40,90,NR,NR,120,87,60,77,NR,170,NR,154,NR,NR,80,360,15,20,67,48,NR,NR,40,NR,40,87,736,63,90,50,80,50,40,30,18,83,40,50,2026-09-15
Meghalaya,Sohra,40,NR,42,40,NR,NR,NR,130,90,67,77,NR,165,NR,154,NR,NR,NR,385,30,25,68,50,85,NR,42,NR,50,90,NR,63,108,77,100,50,50,50,30,90,40,60,2026-09-15
Meghalaya,Mairang,39,NR,45,45,NR,NR,NR,120,90,64,77,NR,176,NR,163,NR,NR,NR,370,17,20,70,40,NR,NR,40,NR,40,103,NR,60,96,60,84,50,50,27,19,77,40,60,2026-09-15
Meghalaya,Nongpoh,35,34,NR,41,95,135,NR,127,90,63,77,NR,176,NR,156,NR,NR,75,353,15,20,63,50,NR,NR,41,NR,43,95,714,63,94,50,87,50,57,33,19,80,30,53,2026-09-15
Meghalaya,Khliehriat,43,40,39,39,92,128,NR,115,85,59,76,NR,161,NR,154,NR,NR,NR,313,30,22,63,42,NR,NR,39,NR,44,73,743,62,84,43,77,52,41,30,15,63,26,42,2026-09-15
Meghalaya,Williamnagar,35,NR,40,35,108,148,NR,118,89,69,70,NR,192,NR,174,NR,140,78,318,15,27,58,65,NR,NR,38,NR,62,87,747,57,90,68,80,40,65,20,20,80,23,45,2026-09-15
Meghalaya,Nongstoin,35,NR,44,44,NR,NR,NR,120,90,65,76,NR,165,NR,165,NR,NR,NR,357,15,20,63,47,NR,NR,44,NR,45,97,714,63,87,60,80,52,53,28,20,82,38,48,2026-09-15
Meghalaya,Mawkyrwat,35,NR,40,39,NR,NR,NR,120,85,60,75,NR,165,NR,NR,NR,NR,NR,370,15,20,57,40,NR,NR,45,NR,47,100,709,60,96,70,100,60,50,35,25,63,40,50,2026-09-15
Mizoram,Aizawl,50,50,42,50,103,153,130,133,93,55,83,271,260,256,161,244,152,103,520,30,52,65,78,NR,NR,50,NR,70,90,703,60,100,72,90,100,90,60,NR,80,27,48,2026-09-15
Mizoram,Lunglei,50,50,40,50,125,180,180,150,110,65,80,214,263,170,187,203,NR,100,486,30,50,50,95,NR,NR,50,NR,50,115,680,60,100,65,95,75,60,30,20,80,30,70,2026-09-15
Mizoram,Kolasib,53,45,40,45,95,120,140,140,93,60,80,NR,242,NR,143,203,132,100,483,30,30,40,90,NR,40,45,NR,70,120,725,60,90,60,98,100,80,36,35,50,30,70,2026-09-15
Mizoram,Mamit,45,NR,NR,50,128,NR,NR,128,98,53,80,NR,253,NR,132,121,NR,140,433,30,28,53,100,NR,NR,45,NR,97,127,546,65,90,61,NR,50,68,50,34,66,48,50,2026-09-15
Mizoram,Champhai,50,45,50,55,100,130,143,140,110,60,85,NR,238,230,147,NR,NR,120,560,30,35,87,83,NR,NR,50,NR,100,150,745,60,100,53,100,100,80,42,20,87,22,60,2026-09-15
Mizoram,Serchhip,45,NR,NR,50,120,NR,NR,140,100,58,85,NR,264,NR,154,NR,NR,100,520,30,30,80,100,NR,NR,NR,NR,80,160,695,NR,108,53,107,80,90,30,23,60,30,65,2026-09-15
Mizoram,Siaha,55,55,NR,50,103,157,138,148,103,70,80,170,253,219,154,NR,110,100,250,30,40,70,130,NR,NR,50,100,95,110,631,60,100,73,80,NR,60,60,30,88,30,70,2026-09-15
Mizoram,Lawngtlai,50,NR,45,50,100,160,140,140,100,70,80,NR,253,NR,143,NR,132,110,480,30,40,70,120,NR,NR,50,NR,80,140,660,60,100,80,100,NR,90,60,NR,NR,30,70,2026-09-15
Mizoram,Hnahthial,53,NR,45,50,NR,147,150,133,103,57,84,NR,257,NR,154,NR,NR,125,520,30,35,70,107,NR,NR,50,NR,90,150,659,60,103,60,93,NR,90,50,20,75,28,62,2026-09-15
Mizoram,Khawzawl,47,40,38,48,100,140,130,102,92,72,82,NR,209,145,147,NR,132,143,400,31,33,65,93,NR,NR,53,NR,70,110,633,60,99,67,88,88,72,58,20,70,42,30,2026-09-15
Mizoram,Saitual,50,NR,45,50,107,NR,140,NR,108,55,80,NR,198,NR,152,NR,NR,120,523,30,25,60,80,NR,NR,50,NR,90,100,NR,58,95,80,100,NR,90,50,22,80,30,70,2026-09-15
Nagaland,Kohima,50,30,45,49,110,157,130,120,90,60,77,NR,154,176,154,NR,NR,NR,340,20,30,77,60,NR,NR,45,NR,90,90,714,60,94,50,80,70,60,50,15,70,35,60,2026-09-15
Nagaland,Dimapur,NR,NR,NR,NR,NR,NR,NR,NR,NR,NR,NR,NR,NR,NR,NR,NR,NR,NR,NR,NR,NR,NR,NR,NR,NR,NR,NR,NR,NR,NR,NR,NR,NR,NR,NR,NR,NR,NR,NR,NR,NR,2026-09-15
Nagaland,Tuensang,37,NR,40,55,100,NR,NR,120,100,65,NR,NR,176,NR,200,NR,NR,NR,NR,20,30,65,50,NR,NR,52,NR,50,100,NR,58,92,42,100,35,90,50,30,60,35,70,2026-09-15
Nagaland,Mokochung,50,44,NR,60,100,140,140,120,100,70,74,NR,154,170,165,NR,NR,80,340,15,25,70,50,NR,NR,60,NR,70,120,813,60,84,50,100,70,70,40,20,50,20,60,2026-09-15
Nagaland,Chumukedima,40,NR,NR,36,92,140,145,138,93,53,75,NR,253,211,198,209,NR,83,322,18,23,60,47,NR,NR,40,NR,85,123,652,70,115,37,90,NR,82,37,32,58,36,57,2026-09-15
Nagaland,Mon,40,NR,NR,60,100,NR,NR,125,100,60,70,NR,154,NR,165,NR,NR,80,340,17,20,60,70,NR,NR,60,NR,70,65,NR,60,80,50,NR,NR,65,45,20,50,20,50,2026-09-15
Nagaland,Peren,39,30,45,45,90,NR,NR,120,100,60,70,NR,154,NR,165,NR,NR,120,320,20,20,55,55,NR,NR,55,NR,70,113,651,60,96,45,80,40,70,48,20,107,27,40,2026-09-15
Nagaland,Phek,40,NR,50,50,100,150,140,130,100,70,72,NR,163,NR,165,NR,NR,80,350,20,NR,70,57,NR,NR,50,NR,NR,100,630,68,NR,60,100,60,63,56,30,40,20,50,2026-09-15
Nagaland,Tseminyu,55,40,NR,57,NR,NR,NR,137,99,60,70,NR,154,NR,154,NR,NR,NR,380,15,30,58,55,NR,NR,53,NR,80,90,714,60,97,50,NR,NR,90,42,19,NR,20,66,2026-09-15
Nagaland,Wokha,52,NR,NR,68,97,NR,NR,120,97,70,74,NR,158,NR,158,NR,NR,NR,300,15,30,60,50,NR,NR,70,NR,80,100,758,60,84,50,100,60,65,40,15,70,25,60,2026-09-15
Nagaland,Zunheboto,55,39,NR,50,NR,163,NR,110,90,52,75,NR,172,NR,NR,NR,NR,60,240,18,30,60,63,NR,NR,55,NR,75,NR,703,NR,82,60,120,30,70,40,25,60,33,58,2026-09-15
Nagaland,Kiphire,38,35,NR,60,120,155,140,120,90,65,70,NR,154,NR,165,NR,NR,75,345,18,25,70,80,NR,NR,45,NR,85,95,648,65,85,58,90,80,75,55,15,40,20,70,2026-09-15
Nagaland,Longleng,38,NR,40,50,NR,150,NR,120,100,60,75,NR,163,NR,165,NR,NR,80,350,20,30,60,60,NR,NR,62,NR,72,120,720,60,96,70,120,40,75,50,17,50,30,75,2026-09-15
Nagaland,Niuland,40,28,NR,50,NR,130,125,125,98,50,70,NR,154,NR,165,NR,NR,NR,320,15,20,60,50,NR,NR,50,NR,70,100,NR,60,84,25,NR,40,50,35,15,25,25,50,2026-09-15
Nagaland,Shamator,44,NR,55,60,100,NR,NR,130,100,70,78,NR,165,NR,176,NR,NR,80,320,20,30,70,60,NR,NR,60,NR,70,120,692,60,98,40,100,NR,95,30,20,50,20,55,2026-09-15
Nagaland,Noklak,40,NR,45,60,120,NR,NR,140,100,70,80,NR,167,NR,165,NR,NR,80,NR,20,25,55,60,NR,NR,60,NR,80,140,769,60,99,50,100,62,70,35,20,50,20,90,2026-09-15
Sikkim,Gangtok,45,NR,40,40,93,NR,NR,123,93,70,70,NR,231,143,139,209,NR,78,300,20,25,65,45,NR,NR,47,NR,60,110,769,63,100,60,97,50,53,29,23,60,30,50,2026-09-15
Sikkim,Gyalshing,45,NR,38,40,100,NR,NR,120,90,70,70,NR,231,143,187,209,NR,75,300,20,20,65,45,NR,NR,40,NR,70,110,651,63,96,70,100,50,40,28,20,60,30,50,2026-09-15
Sikkim,Namchi,45,NR,40,42,100,NR,NR,120,100,70,70,NR,231,154,143,203,NR,75,360,20,25,65,45,NR,NR,45,NR,80,120,714,63,96,70,100,50,54,30,20,70,20,50,2026-09-15
Sikkim,Soreng,45,NR,40,40,100,NR,NR,120,100,70,70,NR,230,154,165,NR,NR,75,220,20,25,65,45,NR,NR,40,40,80,120,714,63,108,80,100,35,40,30,20,70,20,50,2026-09-15
Sikkim,Mangan,45,NR,38,40,100,NR,NR,130,90,70,70,NR,231,154,170,NR,NR,75,460,20,25,65,60,NR,NR,40,NR,70,120,703,63,96,60,90,42,50,30,23,70,25,50,2026-09-15
Sikkim,Pakyong,45,NR,40,40,110,NR,NR,130,95,70,70,NR,231,148,165,209,NR,NR,300,24,20,65,45,NR,NR,45,NR,70,120,651,63,96,80,90,50,60,30,23,80,25,50,2026-09-15
Tripura,Agartala,45,40,NR,40,90,131,129,103,130,62,79,NR,214,181,192,203,176,75,253,10,20,65,60,NR,NR,40,NR,50,80,747,68,96,60,100,53,35,34,15,78,35,45,2026-09-15
Tripura,Dharmanagar,45,40,NR,42,94,132,127,103,133,62,76,NR,215,NR,192,NR,180,77,243,15,18,60,47,NR,NR,42,NR,50,92,710,62,93,45,90,48,42,30,17,77,37,45,2026-09-15
Tripura,Belonia,46,44,NR,40,92,135,130,105,135,65,80,NR,179,178,192,203,172,78,247,13,20,68,63,NR,NR,40,NR,52,82,747,68,102,63,102,55,35,35,16,85,37,47,2026-09-15
Tripura,TR-Udaipur,48,41,NR,42,92,132,130,105,132,61,80,NR,214,182,193,203,177,75,246,10,25,67,61,NR,NR,46,NR,50,82,749,65,98,64,98,53,36,33,16,79,37,40,2026-09-15
Tripura,Ambassa,46,43,NR,41,92,133,131,107,133,65,80,NR,218,184,195,206,179,78,245,10,20,66,59,NR,NR,42,NR,50,85,769,70,89,55,102,57,42,35,15,55,38,48,2026-09-15
SOUTH ZONE,SOUTH ZONE,,,,,,,,,,,,,,,,,,,,,,,,,,,,,,,,,,,,,,,,,,2026-09-15
Andhra Pradesh,Vijaywada,52,33,43,45,84,134,135,105,85,56,54,203,156,147,NR,200,148,55,297,15,30,61,27,45,45,42,55,45,95,604,58,72,50,92,30,40,24,19,55,65,85,2026-09-15
Andhra Pradesh,Visakhapatnam,56,33,43,41,92,125,127,113,89,63,60,198,198,154,NR,190,159,68,260,18,16,57,27,41,44,45,45,46,91,791,65,69,39,90,37,37,28,15,55,35,40,2026-09-15
Andhra Pradesh,Kurnool,61,43,41,44,83,119,119,111,91,56,60,199,208,144,130,197,135,61,332,17,28,44,11,37,41,43,53,41,94,751,61,75,26,86,36,39,25,13,29,33,50,2026-09-15
Andhra Pradesh,Tirupathi,58,32,44,45,83,108,105,109,90,54,58,172,183,134,168,195,135,61,308,20,32,52,23,39,44,41,45,45,88,632,55,71,44,88,35,42,21,17,50,31,33,2026-09-15
Andhra Pradesh,Jammalamadugu,NR,NR,NR,NR,NR,NR,NR,NR,NR,NR,NR,NR,NR,NR,NR,NR,NR,NR,NR,NR,NR,NR,NR,NR,NR,NR,NR,NR,NR,NR,NR,NR,NR,NR,NR,NR,NR,NR,NR,,,2026-09-15
Andhra Pradesh,Dharmavaram,NR,NR,NR,NR,NR,NR,NR,NR,NR,NR,NR,NR,NR,NR,NR,NR,NR,NR,NR,NR,NR,NR,NR,NR,NR,NR,NR,NR,NR,NR,NR,NR,NR,NR,NR,NR,NR,NR,NR,,,2026-09-15
Andhra Pradesh,Ongole,55,33,43,45,84,120,117,109,89,59,58,184,186,143,NR,185,149,64,300,16,35,54,25,39,42,42,49,44,85,718,62,78,35,81,33,38,24,17,51,31,37,2026-09-15
Andhra Pradesh,Bapatla,52,32,43,43,83,113,120,106,85,55,58,189,NR,NR,NR,187,141,53,287,15,31,43,27,33,42,42,45,43,90,763,59,77,31,82,32,35,22,16,50,24,33,2026-09-15
Andhra Pradesh,Rajahmundry,55,35,44,46,81,118,113,108,86,55,60,193,214,133,NR,193,142,56,207,15,20,43,24,42,42,44,46,45,91,580,60,75,29,85,45,30,24,12,32,21,41,2026-09-15
Andhra Pradesh,Eluru,59,39,43,45,83,122,110,105,87,59,62,198,217,145,165,199,148,64,250,21,28,52,27,39,44,42,49,45,87,857,59,64,29,82,30,33,30,19,42,40,52,2026-09-15
Andhra Pradesh,Guntur,60,36,42,45,90,120,130,115,82,58,60,198,220,148,NR,198,168,70,215,14,27,55,30,38,40,44,46,43,88,593,60,78,26,84,34,35,26,21,38,25,37,2026-09-15
Andhra Pradesh,Amalapuram,52,34,45,45,88,122,136,117,86,59,65,218,216,145,158,199,148,57,295,24,22,45,22,31,32,45,46,48,89,680,60,72,38,89,36,39,28,19,48,33,30,2026-09-15
Andhra Pradesh,Nandyala,61,40,44,39,84,122,118,112,88,52,61,197,219,148,154,197,153,61,277,15,35,41,13,34,39,39,51,43,87,743,64,75,41,92,52,37,30,18,26,21,52,2026-09-15
Andhra Pradesh,Parvathipuram,57,40,46,45,85,122,121,114,91,60,59,190,195,149,NR,195,141,59,281,22,18,52,29,41,43,45,44,46,88,670,60,73,29,84,38,35,22,19,37,36,37,2026-09-15
Andhra Pradesh,Sri Sathya Sai,59,30,40,40,81,116,112,99,86,52,60,200,202,142,159,191,147,58,315,15,31,29,19,35,42,40,49,48,88,668,60,81,32,88,36,39,26,14,47,31,41,2026-09-15
Andhra Pradesh,Nellore,53,35,40,43,83,115,115,105,100,50,58,192,203,161,NR,192,159,60,260,19,35,55,30,35,40,45,49,43,86,815,60,73,31,81,35,37,21,16,35,24,34,2026-09-15
Andhra Pradesh,Srikakulam,60,30,39,47,85,119,128,107,81,55,56,204,214,135,163,168,137,75,331,11,20,58,28,NR,NR,45,50,51,89,673,55,84,41,89,49,43,30,18,55,45,47,2026-09-15
Andhra Pradesh,Vizianagaram,55,40,40,43,82,117,117,108,88,58,60,187,191,145,NR,191,140,55,275,19,23,53,26,37,38,43,42,43,85,659,60,72,26,80,34,32,22,17,37,24,36,2026-09-15
Andhra Pradesh,Anakapalli,65,35,40,45,85,120,130,110,85,73,69,203,214,148,NR,203,143,56,247,19,30,67,26,40,42,40,40,40,113,714,60,84,40,73,34,33,25,17,47,20,29,2026-09-15
Andhra Pradesh,Bhimavaram,51,35,40,41,83,120,111,105,86,55,60,192,204,147,152,190,154,60,285,19,25,48,26,34,40,44,45,44,88,791,54,71,47,88,38,38,22,18,36,35,37,2026-09-15
Andhra Pradesh,Chittoor,50,35,45,47,85,105,110,110,95,45,55,181,198,154,NR,170,132,60,345,15,42,55,18,36,38,50,50,55,110,681,65,75,45,80,30,30,20,15,55,43,55,2026-09-15
Andhra Pradesh,Kakinada,54,39,42,41,84,119,113,108,88,61,62,196,213,149,NR,195,143,60,298,19,25,49,20,37,40,43,47,44,93,642,65,77,45,84,33,37,21,15,49,29,31,2026-09-15
Andhra Pradesh,Machilipatnam,52,30,42,45,85,113,108,107,88,67,63,169,177,133,168,176,116,60,343,15,25,49,28,32,43,44,42,45,91,747,61,58,24,85,33,30,19,13,38,43,46,2026-09-15
Andhra Pradesh,Narasaraopeta,55,39,44,45,86,108,109,110,87,52,64,169,190,167,171,180,123,53,266,18,29,52,28,35,40,44,47,45,90,791,49,76,34,86,39,33,22,18,50,32,49,2026-09-15
Andhra Pradesh,Paderu,NR,NR,NR,NR,NR,NR,NR,NR,NR,NR,NR,NR,NR,NR,NR,NR,NR,NR,NR,NR,NR,NR,NR,NR,NR,NR,NR,NR,NR,NR,NR,NR,NR,NR,NR,NR,NR,NR,NR,NR,NR,2026-09-15
Andhra Pradesh,Rayachoti,NR,NR,NR,NR,NR,NR,NR,NR,NR,NR,NR,NR,NR,NR,NR,NR,NR,NR,NR,NR,NR,NR,NR,NR,NR,NR,NR,NR,NR,NR,NR,NR,NR,NR,NR,NR,NR,NR,NR,NR,NR,2026-09-15
Andhra Pradesh,Anantapuramu,61,30,40,38,81,116,121,99,82,57,60,203,209,150,165,199,154,65,310,16,30,48,13,35,41,40,49,49,88,670,59,84,31,82,39,39,29,15,44,36,47,2026-09-15
Andhra Pradesh,YSR Kadapa,57,32,43,41,81,104,109,107,87,50,61,186,201,151,170,181,133,59,305,19,30,46,28,38,40,42,48,42,91,746,63,69,30,83,33,36,20,17,39,28,30,2026-09-15
Andhra Pradesh,Madanapalle,59,40,40,44,92,119,128,106,92,77,71,169,202,167,172,205,148,70,250,22,40,47,30,35,39,46,43,52,92,787,50,75,41,79,54,36,32,20,57,47,62,2026-09-15
Andhra Pradesh,Markapuram,51,30,40,41,81,120,117,105,90,50,67,200,182,144,NR,194,148,54,327,19,28,44,28,33,40,42,42,42,88,701,62,74,35,82,39,38,24,16,49,34,40,2026-09-15
Karnataka,Bengaluru,64,43,40,44,87,119,127,110,88,53,51,200,227,163,163,199,163,71,240,19,25,53,25,39,44,44,51,47,92,762,60,82,56,81,44,36,33,17,47,33,37,2026-09-15
Karnataka,Dharwad,62,36,44,45,85,124,126,112,88,58,54,200,200,149,152,193,163,64,268,20,26,46,18,44,50,44,48,45,86,786,60,76,38,82,38,43,31,15,46,32,38,2026-09-15
Karnataka,Mangalore,59,35,43,46,86,123,127,109,88,63,54,209,210,162,171,188,154,67,199,20,30,56,24,39,55,45,48,47,88,751,60,81,43,83,38,37,28,17,57,30,38,2026-09-15
Karnataka,Mysore,62,36,43,49,86,124,125,112,80,61,48,218,232,152,169,204,156,70,278,20,28,46,25,58,57,43,55,45,82,722,63,73,45,94,55,35,41,22,50,49,49,2026-09-15
Karnataka,Bengaluru (East Range),67,37,46,43,91,124,126,115,90,62,50,216,219,164,167,203,171,68,260,20,29,58,22,42,44,43,51,44,92,754,60,78,57,83,39,42,29,18,50,38,50,2026-09-15
Karnataka,Belagavi,61,37,43,44,86,121,124,110,88,56,54,204,199,149,171,196,153,60,261,20,27,45,20,50,54,42,46,43,85,786,61,84,46,81,38,59,28,16,51,35,37,2026-09-15
Karnataka,Kalaburagi,65,36,45,44,85,122,125,112,90,55,53,202,201,163,145,196,157,55,220,20,25,50,15,40,44,44,50,46,95,731,61,84,50,82,40,42,30,20,50,30,40,2026-09-15
Karnataka,Tumakuru,68,37,44,46,91,124,131,116,94,57,53,204,216,151,161,190,153,69,232,20,29,55,20,49,52,47,53,47,86,722,62,79,46,88,48,44,32,19,48,32,53,2026-09-15
Karnataka,Bellary,61,37,45,42,87,116,130,108,88,53,54,219,209,159,150,191,165,60,275,20,27,57,15,42,45,42,47,43,97,766,61,78,36,81,39,36,30,18,50,28,40,2026-09-15
Karnataka,Dhavanagere,68,38,44,48,90,125,125,111,87,60,53,213,212,162,154,199,165,62,268,20,30,56,16,43,56,45,52,45,87,789,63,73,42,83,39,42,28,16,50,30,42,2026-09-15
Karnataka,Shivamogga,65,37,44,47,89,123,126,115,90,55,52,202,211,159,152,194,156,65,245,20,26,50,15,48,52,46,49,45,92,786,60,80,42,82,40,42,28,16,45,34,40,2026-09-15
Karnataka,Vijayapur,66,38,45,43,87,123,123,115,83,52,53,220,214,156,172,190,147,53,244,20,25,55,15,40,48,41,52,42,84,786,62,86,41,90,39,42,38,16,57,43,43,2026-09-15
Karnataka,Ramanagara,60,36,42,45,88,121,124,108,92,60,53,211,216,148,142,193,159,69,215,20,29,50,25,42,44,47,47,43,90,756,63,84,38,92,40,52,28,16,53,41,37,2026-09-15
Karnataka,Raichur,65,36,45,43,88,124,125,115,83,62,53,205,205,160,168,196,147,61,212,20,29,45,18,51,51,46,46,46,91,745,62,86,40,90,43,49,40,17,42,29,38,2026-09-15
Karnataka,Chamarajanagar,60,36,43,46,86,125,127,104,96,59,48,219,230,154,122,203,143,69,198,18,29,44,26,58,57,52,55,55,89,713,63,73,43,92,45,61,45,20,57,49,50,2026-09-15
Karnataka,Kolar,65,34,45,50,90,118,125,110,88,59,52,220,213,164,169,198,160,70,256,20,26,57,21,36,45,50,46,50,103,782,60,70,35,85,39,40,27,15,37,32,55,2026-09-15
Karnataka,Haveri,62,35,45,45,85,120,125,110,90,55,52,209,206,165,170,203,148,60,247,19,25,55,15,45,50,42,50,42,85,758,60,78,40,85,42,45,30,16,45,40,45,2026-09-15
Karnataka,Bagalkot,61,37,44,45,85,120,125,115,92,56,52,206,200,151,165,191,153,60,245,20,28,43,24,49,46,44,52,43,90,795,60,88,48,82,38,37,35,18,58,32,36,2026-09-15
Karnataka,Bidar,71,39,41,41,84,122,132,113,83,51,54,197,198,147,172,187,163,62,277,19,27,57,22,41,48,39,53,39,87,802,61,82,58,87,57,38,33,18,45,38,43,2026-09-15
Karnataka,Koppal,63,37,44,45,85,124,127,115,90,52,52,204,197,153,159,192,161,60,244,20,30,53,16,41,48,43,46,44,91,742,60,84,43,90,38,42,30,17,50,34,38,2026-09-15
Karnataka,Mandya,68,36,44,47,85,119,130,115,94,55,52,218,225,155,170,197,156,65,241,20,29,55,25,46,47,42,47,44,95,732,65,78,45,81,49,37,35,16,45,35,45,2026-09-15
Karnataka,Yadgir,60,36,44,46,85,122,125,111,88,55,53,203,203,159,165,192,159,60,210,20,25,50,20,44,52,46,46,45,96,780,61,84,43,84,41,38,28,19,48,35,40,2026-09-15
Karnataka,Chikkamagalur,62,36,43,46,88,122,127,112,89,56,53,206,201,157,159,193,148,65,219,20,26,49,17,46,46,47,48,46,93,722,64,84,47,85,41,44,31,17,47,34,41,2026-09-15
Karnataka,Bangalore Rural,63,36,43,49,90,123,132,108,87,58,50,214,199,150,152,189,147,64,265,20,27,57,20,49,46,45,47,48,94,729,64,78,41,83,40,52,30,20,49,34,49,2026-09-15
Karnataka,Chikkaballapur,64,36,46,46,92,122,127,108,86,64,52,223,216,160,167,196,161,69,275,20,28,50,19,45,45,43,46,42,95,745,62,84,40,84,48,40,28,17,42,35,46,2026-09-15
Karnataka,Chitradurga,66,38,44,49,87,124,125,112,88,60,53,211,210,153,151,196,161,66,275,20,35,50,20,45,56,46,54,44,87,787,61,73,45,82,43,43,28,16,62,36,46,2026-09-15
Karnataka,Gadag,63,38,45,47,87,121,132,115,88,58,53,213,200,149,141,190,150,59,248,20,25,50,19,39,46,44,54,45,91,744,65,86,56,87,38,37,43,20,43,34,43,2026-09-15
Karnataka,Hassan,64,39,44,48,86,121,127,109,87,53,54,222,199,151,153,196,159,66,245,21,24,52,21,46,46,47,46,47,91,735,60,81,39,84,38,39,28,15,40,35,40,2026-09-15
Karnataka,Kodagu,64,37,44,45,87,122,127,113,89,62,52,210,206,153,157,190,155,65,249,20,27,51,19,44,47,45,49,45,91,757,62,81,46,85,41,43,31,16,49,34,43,2026-09-15
Karnataka,Udupi,60,37,46,48,87,120,123,110,94,57,48,224,210,164,173,191,158,65,224,19,32,51,25,44,43,47,49,47,90,749,63,86,52,84,39,54,45,19,57,35,42,2026-09-15
Karnataka,Uttara Kannada,66,35,46,42,92,119,133,116,95,62,48,223,202,165,170,192,149,65,273,20,29,60,23,46,49,47,50,46,97,786,62,75,49,93,49,40,43,19,43,38,53,2026-09-15
Karnataka,Vijayanagara,64,39,44,43,85,120,126,115,94,55,52,201,211,150,NR,198,146,60,235,19,25,50,15,39,49,46,50,48,94,751,62,70,41,92,43,41,40,16,42,28,39,2026-09-15
Kerala,T.Puram,62,53,41,44,95,139,138,125,90,59,56,308,264,198,NR,209,154,87,260,14,38,65,30,46,55,46,54,44,97,NR,61,72,43,90,55,50,35,17,70,47,60,2026-09-15
Kerala,Ernakulam,53,60,41,44,113,152,143,135,97,59,60,247,245,203,NR,209,180,75,225,15,42,63,38,50,65,49,60,NR,118,786,71,82,38,80,60,40,38,18,60,52,57,2026-09-15
Kerala,Kozhikode,48,58,50,44,110,140,145,137,97,58,56,NR,235,163,NR,206,175,63,237,15,26,62,30,NR,NR,45,52,47,107,747,NR,78,50,82,49,35,30,16,63,NR,60,2026-09-15
Kerala,Thrissur,53,53,45,53,104,146,136,143,89,59,58,NR,263,211,NR,204,171,62,273,17,43,61,44,51,60,51,62,58,115,749,61,80,51,104,43,47,32,16,71,55,69,2026-09-15
Kerala,Palakkad,48,41,48,46,95,135,133,119,86,56,54,240,223,196,NR,198,167,63,223,13,46,59,28,53,50,49,49,49,98,780,63,77,37,85,57,38,34,16,62,43,47,2026-09-15
Kerala,Wayanad,51,58,51,45,118,140,154,141,111,58,57,251,246,190,NR,211,175,60,240,17,36,64,27,NR,NR,48,67,50,120,793,68,80,45,85,52,43,31,17,55,42,64,2026-09-15
Kerala,Kasargod,51,58,54,60,114,141,140,139,111,57,66,NR,NR,216,NR,198,161,59,275,15,26,57,25,NR,NR,46,58,47,110,780,56,74,40,79,42,40,39,17,69,33,49,2026-09-15
Kerala,Kottayam,57,54,43,51,100,144,120,103,99,61,58,NR,226,204,NR,201,173,73,233,16,36,60,34,NR,NR,52,55,52,112,727,65,82,47,81,51,38,35,16,58,54,53,2026-09-15
Kerala,Pathanamthitta,63,59,44,46,104,135,125,129,96,60,57,NR,253,253,NR,214,212,85,260,15,37,63,40,NR,NR,51,60,NR,130,790,60,79,60,80,54,44,49,18,80,55,65,2026-09-15
Kerala,Alapuzha,52,60,50,69,114,149,146,145,118,61,52,NR,NR,209,NR,194,167,69,228,16,44,63,37,NR,NR,51,67,69,NR,760,62,86,60,95,49,41,32,17,65,36,53,2026-09-15
Kerala,Kollam,52,52,44,44,98,127,138,130,90,61,56,NR,263,238,NR,210,211,76,237,15,43,68,40,66,66,47,57,60,86,677,61,79,53,107,58,41,22,16,67,53,65,2026-09-15
Kerala,Idukki,59,54,44,44,98,140,NR,120,90,57,70,NR,243,213,NR,219,184,79,227,14,43,62,43,NR,NR,48,56,44,100,754,63,82,53,83,57,39,34,16,70,60,57,2026-09-15
Kerala,Kannur,54,57,53,51,110,151,154,148,105,58,60,NR,NR,217,NR,203,192,59,268,19,31,63,24,45,45,47,55,52,126,NR,58,76,53,83,52,42,35,19,64,50,60,2026-09-15
Kerala,Malapuram,50,55,50,43,90,132,133,120,103,55,58,297,231,197,NR,208,170,60,NR,13,30,63,30,50,50,46,52,48,103,747,61,90,49,80,46,37,28,14,65,53,53,2026-09-15
Puducherry,Puducherry,NR,NR,NR,NR,NR,NR,NR,NR,NR,NR,NR,NR,NR,NR,NR,NR,NR,NR,NR,NR,NR,NR,NR,NR,NR,NR,NR,NR,NR,NR,NR,NR,NR,NR,NR,NR,NR,NR,NR,NR,NR,2026-09-15
Tamil Nadu,Chennai,64,40,45,44,84,131,129,118,85,57,40,213,247,177,NR,201,175,83,288,30,43,68,37,42,58,45,52,49,93,927,60,80,57,86,55,37,34,14,57,48,63,2026-09-15
Tamil Nadu,Madurai,63,37,47,68,87,137,124,106,92,60,45,228,207,194,NR,197,175,75,263,30,35,64,23,35,39,56,48,51,112,759,67,86,32,87,49,43,33,14,43,51,37,2026-09-15
Tamil Nadu,Dindigul,NR,NR,NR,NR,NR,NR,NR,NR,NR,NR,NR,NR,NR,NR,NR,NR,NR,NR,NR,NR,NR,NR,NR,NR,NR,NR,NR,NR,NR,NR,NR,NR,NR,NR,NR,NR,NR,NR,NR,NR,NR,2026-09-15
Tamil Nadu,Thiruchirapalli,67,40,48,54,98,140,143,121,97,64,47,224,255,190,NR,200,166,81,308,30,38,66,30,42,59,54,59,55,101,816,71,73,50,95,57,33,35,15,50,30,53,2026-09-15
Tamil Nadu,Coimbatore,59,38,44,43,91,133,131,107,82,56,40,230,218,176,NR,198,169,72,280,28,37,59,32,42,56,49,53,53,110,813,60,75,47,84,54,32,31,15,53,44,56,2026-09-15
Tamil Nadu,Tirunelveli,52,35,50,53,97,132,139,119,87,57,46,250,223,184,NR,194,154,71,263,28,27,61,25,42,50,58,55,56,99,797,71,76,44,86,52,38,32,15,44,43,56,2026-09-15
Tamil Nadu,Cuddalore,64,38,49,45,90,131,140,121,112,66,50,207,232,199,NR,197,153,76,293,28,40,57,26,44,59,49,53,49,96,691,58,72,35,82,48,32,30,14,42,47,55,2026-09-15
Tamil Nadu,Dharmapuri,59,34,45,42,88,137,134,106,81,54,45,220,NR,151,NR,198,167,67,275,28,28,57,20,33,47,48,44,47,110,690,80,78,20,82,50,32,30,14,55,40,50,2026-09-15
Tamil Nadu,Vellore,NR,NR,NR,NR,NR,NR,NR,NR,NR,NR,NR,NR,NR,NR,NR,NR,NR,NR,NR,NR,NR,NR,NR,NR,NR,NR,NR,NR,NR,NR,NR,NR,NR,NR,NR,NR,NR,NR,NR,NR,NR,2026-09-15
Tamil Nadu,Ramanathapuram,66,41,41,67,85,126,136,111,89,59,44,224,NR,188,NR,201,171,69,284,31,42,58,40,41,51,58,50,58,117,773,74,78,52,81,54,34,29,13,50,44,41,2026-09-15
Tamil Nadu,Erode,61,43,52,44,93,132,131,110,79,58,45,237,243,177,NR,210,182,67,440,30,36,56,26,41,64,50,55,51,109,769,60,75,38,82,51,31,29,15,28,45,58,2026-09-15
Tamil Nadu,Karur,57,36,54,67,97,139,140,111,87,61,47,236,210,175,NR,196,159,73,297,17,42,62,37,46,51,57,57,59,104,725,65,73,53,96,47,44,28,23,70,53,53,2026-09-15
Tamil Nadu,Perambalur,61,41,NR,67,94,130,145,112,86,58,48,236,225,187,NR,200,163,74,NR,30,30,63,37,42,73,62,57,69,119,747,63,76,46,90,50,39,29,14,59,49,65,2026-09-15
Tamil Nadu,Pudukkottai,70,44,45,69,94,131,137,113,NR,61,45,268,NR,182,NR,202,155,75,698,30,40,60,35,42,58,56,56,50,110,888,67,72,30,90,51,40,33,14,55,45,50,2026-09-15
Tamil Nadu,Sivagangai,55,40,45,68,98,137,143,121,92,60,44,258,NR,223,NR,201,175,68,292,29,50,70,40,40,65,58,55,63,120,767,85,78,53,88,54,37,32,15,63,43,37,2026-09-15
Tamil Nadu,Thanjavur,59,43,48,50,88,142,138,113,90,59,44,225,240,184,NR,200,161,62,300,29,33,58,27,41,60,48,56,53,132,910,77,82,57,90,55,39,32,14,53,47,54,2026-09-15
Tamil Nadu,The nilgiris,61,45,47,52,100,137,148,128,93,59,54,242,238,168,NR,203,158,75,210,32,50,60,21,47,50,52,53,53,80,808,72,87,40,98,27,68,41,30,58,37,53,2026-09-15
Tamil Nadu,Thoothukudi,55,38,45,65,90,127,138,110,85,56,46,231,225,181,NR,198,165,66,320,10,30,60,25,40,50,60,55,62,115,877,61,78,40,86,52,37,31,14,50,43,53,2026-09-15
Tamil Nadu,Viluppuram,59,40,47,47,90,137,123,111,89,56,48,204,217,170,NR,199,169,69,NR,29,37,55,25,35,50,44,50,47,110,826,71,75,48,88,52,31,34,13,45,40,68,2026-09-15
Tamil Nadu,Virudhunagar,65,35,45,64,82,126,130,103,77,61,45,263,235,189,NR,201,172,79,293,28,47,62,37,41,55,55,55,54,107,725,59,72,32,85,50,31,23,13,62,27,25,2026-09-15
Tamil Nadu,Kanniyakumari,62,39,39,53,85,127,125,106,76,56,41,247,231,187,NR,202,168,66,259,25,32,65,28,34,40,37,53,41,100,769,60,78,40,84,43,31,29,14,40,25,50,2026-09-15
Tamil Nadu,Namakkal,65,41,47,63,93,130,142,115,90,56,44,216,215,167,NR,197,162,65,NR,26,34,67,34,41,40,51,49,47,113,664,71,72,50,81,52,39,31,12,62,50,60,2026-09-15
Tamil Nadu,Tiruvannamalai,64,41,46,48,87,137,142,118,88,59,43,225,201,172,NR,200,164,68,310,27,37,57,27,45,58,47,52,56,113,839,62,75,63,89,45,47,29,15,52,43,50,2026-09-15
Tamil Nadu,Tiruvarur,NR,NR,NR,NR,NR,NR,NR,NR,NR,NR,NR,NR,NR,NR,NR,NR,NR,NR,NR,NR,NR,NR,NR,NR,NR,NR,NR,NR,NR,NR,NR,NR,NR,NR,NR,NR,NR,NR,NR,NR,NR,2026-09-15
Tamil Nadu,Tiruppur,59,37,47,54,109,142,145,121,85,59,43,255,234,175,NR,199,163,73,265,28,30,63,27,45,55,60,55,61,98,725,60,78,37,83,47,41,24,18,57,47,33,2026-09-15
Tamil Nadu,Tenkasi,56,40,46,59,85,126,134,111,NR,58,46,233,NR,166,NR,191,165,70,275,30,35,60,20,36,52,56,58,55,102,835,64,78,40,88,47,43,31,13,49,50,45,2026-09-15
Tamil Nadu,Nagapattinam,65,39,52,67,97,140,136,122,98,59,44,258,230,186,NR,195,153,68,NR,28,34,53,31,48,62,49,55,59,125,930,71,84,56,90,51,45,33,17,53,44,58,2026-09-15
Tamil Nadu,Krishnagiri,NR,NR,NR,NR,NR,NR,NR,NR,NR,NR,NR,NR,NR,NR,NR,NR,NR,NR,NR,NR,NR,NR,NR,NR,NR,NR,NR,NR,NR,NR,NR,NR,NR,NR,NR,NR,NR,NR,NR,NR,NR,2026-09-15
Tamil Nadu,Ariyalur,65,36,34,46,90,132,133,109,90,57,44,231,209,187,NR,192,167,71,293,26,40,62,40,45,45,50,55,53,109,838,66,72,38,90,45,50,27,14,53,48,42,2026-09-15
Tamil Nadu,Kallakurichi,59,40,49,66,92,138,128,112,89,58,48,253,225,176,NR,203,167,68,NR,31,35,57,30,40,50,52,48,45,113,929,85,75,57,85,55,34,35,15,55,30,60,2026-09-15
Tamil Nadu,Kancheepuram,64,40,51,67,93,140,140,122,95,59,44,220,223,186,NR,199,161,81,NR,30,45,65,30,42,56,52,53,55,102,775,52,78,50,91,54,40,34,14,50,47,48,2026-09-15
Tamil Nadu,Salem,55,NR,48,48,95,128,NR,133,99,64,45,212,NR,176,NR,174,152,49,280,NR,33,63,29,45,53,45,55,48,83,714,70,68,38,83,42,38,25,16,45,27,32,2026-09-15
Tamil Nadu,Theni,68,37,46,61,89,133,137,110,85,54,45,226,220,165,NR,177,154,64,285,27,35,57,25,39,63,50,58,52,94,791,70,78,40,91,47,33,26,13,50,33,39,2026-09-15
Tamil Nadu,Chengalpattu,63,40,48,56,95,123,120,128,90,56,44,210,205,175,NR,164,145,71,NR,28,42,62,37,41,49,51,47,53,113,784,52,83,47,85,31,40,19,13,43,19,45,2026-09-15
Tamil Nadu,Mayiladuthurai,60,40,50,65,98,137,117,113,NR,61,48,246,220,198,NR,200,156,80,340,27,32,67,30,50,45,46,55,63,113,868,70,78,43,92,35,42,25,17,62,47,47,2026-09-15
Tamil Nadu,Ranipet,NR,NR,NR,NR,NR,NR,NR,NR,NR,NR,NR,NR,NR,NR,NR,NR,NR,NR,NR,NR,NR,NR,NR,NR,NR,NR,NR,NR,NR,NR,NR,NR,NR,NR,NR,NR,NR,NR,NR,NR,NR,2026-09-15
Tamil Nadu,Tirupattur,69,45,43,46,86,130,129,119,90,61,40,215,234,174,NR,197,147,74,305,29,30,57,30,39,43,43,39,45,96,771,65,74,55,89,45,38,27,14,50,40,42,2026-09-15
Tamil Nadu,Tiruvallur,57,38,45,66,89,134,132,119,95,59,40,218,210,169,NR,198,160,69,298,27,45,65,30,36,59,55,52,59,100,762,60,78,50,84,50,41,24,13,57,45,49,2026-09-15
Telangana,Hyderabad,64,41,41,41,80,117,128,108,82,64,63,193,207,148,180,190,151,62,250,20,30,47,22,35,63,44,50,44,92,653,60,87,40,82,45,31,24,16,52,25,45,2026-09-15
Telangana,Karimnagar,58,NR,44,54,82,125,128,115,86,65,66,197,205,153,NR,196,152,67,299,25,30,46,21,44,47,44,55,44,97,653,59,67,41,107,40,37,24,15,42,36,43,2026-09-15
Telangana,Warangal,61,NR,42,49,83,122,134,113,86,62,65,198,209,136,143,199,150,61,275,19,30,44,27,37,48,41,54,41,85,560,60,83,40,117,45,35,25,14,43,26,47,2026-09-15
Telangana,Adilabad,65,NR,42,50,81,117,123,112,84,60,80,192,192,181,187,195,150,65,290,29,25,65,30,38,45,43,49,44,79,732,59,72,50,103,49,39,25,15,45,22,42,2026-09-15
Telangana,Suryapet,60,NR,44,46,88,126,132,114,100,67,65,193,192,181,184,200,145,65,265,22,30,53,30,39,57,41,48,39,87,622,62,80,44,102,46,38,25,15,50,27,48,2026-09-15
Telangana,Jadcherla,63,NR,42,49,86,126,132,118,90,64,65,190,188,149,176,193,148,62,292,20,39,60,24,35,49,39,53,42,82,528,60,82,31,92,44,37,25,15,45,28,48,2026-09-15
Telangana,Khammam,60,NR,47,52,89,128,132,120,95,63,67,191,176,145,164,187,154,60,300,20,30,54,25,37,47,35,52,34,88,517,60,81,33,108,43,43,25,16,43,26,48,2026-09-15
Telangana,Medchal,64,44,45,47,90,131,128,115,80,64,64,197,220,165,168,190,143,60,250,22,28,47,25,40,50,44,53,45,90,538,61,82,35,115,43,35,26,17,50,34,45,2026-09-15
Telangana,Nizamabad,59,33,41,46,84,124,134,115,86,63,66,195,199,201,173,193,154,65,252,23,28,47,22,41,48,44,50,44,81,625,67,79,35,105,46,35,26,19,46,33,47,2026-09-15
Telangana,Sangareddy,64,33,50,55,85,128,133,118,96,68,65,193,200,148,NR,198,145,65,412,25,32,50,22,41,58,51,55,48,97,659,59,72,42,105,43,39,25,16,57,40,50,2026-09-15
Telangana,Kothagudem,60,NR,47,52,92,133,130,126,95,71,81,189,NR,146,NR,203,144,62,347,32,42,59,25,43,53,43,54,51,91,744,61,71,41,87,40,33,26,13,44,26,44,2026-09-15
Ladakh,Leh,53,NR,NR,NR,140,NR,147,128,130,58,70,NR,220,NR,NR,NR,NR,80,640,30,48,57,70,NR,NR,70,NR,44,120,677,58,84,63,103,37,61,39,18,90,50,50,2026-09-15
Ladakh,Kargil,45,NR,NR,40,127,135,115,115,90,48,66,NR,159,160,159,NR,NR,47,650,28,40,60,70,60,NR,50,NR,45,100,677,64,84,60,100,80,80,53,21,95,60,60,2026-09-15
Commodity Name,Commodity Name,Rice,Rice,Wheat,Atta (Wheat),Gram Dal,Tur/Arhar Dal,Urad Dal,Moong Dal,Masoor Dal,Sugar,Milk @,Groundnut Oil (Packed),Mustard Oil (Packed),Vanaspati (Packed),Soya Oil (Packed),Sunflower Oil (Packed),Palm Oil (Packed),Gur,Tea Loose,Salt Pack (Iodised),Potato,Onion,Tomato,Bajra(whole),Jowar(whole),Maida(wheat),Ragi(whole),Suji(whole),Besan,Desi Ghee,Butter(Pasteurised),Eggs,Brinjal,Black Pepper(whole),Coriander(whole),Cummin Seed(whole),Red Chillies(whole),Turmeric(powder),Banana,GInger,Garlic,2026-09-15
Average Price1,Average Price1,46.39,33.73,31.48,37.19,88.09,124.43,122.8,112.13,90.65,59.25,61.32,209.95,201.82,168.15,166.12,193.22,151.7,67,277.48,22.24,22.79,53.92,39.19,38.55,45.05,42.59,55.98,47.61,96.7,698.02,60.54,83.83,43.12,88.52,43.83,40.77,30.46,16.74,49.89,36.31,45.13,2026-09-15
Maximum Price1,Maximum Price1,71,60,55,71,140,182,180,150,141,85,85,308,264,256,220,244,212,143,698,32,52,100,130,85,85,77,104,100,160,930,85,132,157,127,100,95,60,35,107,100,100,2026-09-15
Minimum Price1,Minimum Price1,30,18,22,30,72,94,90,89,73,45,40,154,152,124,120,121,110,45,153,10,9,28,11,21,22,31,35,31,65,507,49,51,20,70,27,25,19,10,24,19,22,2026-09-15
Modal Price1,Modal Price1,40,40,28,35,85,120,120,110,90,60,60,214,209,176,165,203,154,65,300,20,20,50,40,40,40,40,55,40,90,714,60,84,40,90,50,35,30,15,50,30,50,2026-09-15
,,,,,,,,,,,,,,,,,,,,,,,,,,,,,,,,,,,,,,,,,,,2026-09-15
"Department of Consumer Affairs ( Price Monitoring Division)Date 15/09/2026 Daily Retail Prices Of Essential Commodities  StateCentreRiceBroken RiceWheatAtta (Wheat)Gram DalTur/Arhar DalUrad DalMoong DalMasoor DalSugarMilk @Groundnut Oil (Packed)Mustard Oil (Packed)Vanaspati (Packed)Soya Oil (Packed)Sunflower Oil (Packed)Palm Oil (Packed)GurTea LooseSalt Pack (Iodised)PotatoOnionTomatoBajra (whole)Jowar (whole)Maida (wheat)Ragi (whole)Suji (whole)BesanDesi GheeButter (Pasteurised)Eggs BrinjalBlack Pepper (whole)Coriander (whole)Cummin Seed (whole)Red Chillies (whole)Turmeric (powder)BananaGingerGarlic  UnitQty1 Kg1 Kg1 Kg1 Kg1 Kg1 Kg1 Kg1 Kg1 Kg1 Kg1 ltr1 Kg1 Kg1 Kg1 Kg1 Kg1 Kg1 Kg1 Kg1 Kg1 Kg1 Kg1 Kg1 Kg1 Kg1 Kg1 Kg1 Kg1 Kg1 Kg100 gmDozen1 Kg100 gm250 gm100 gm100 gm50 gm1 Kg100 gm100 gm  Average PriceAverage Price46.3933.7331.4837.1988.09124.43122.8112.1390.6559.2561.32209.95201.82168.15166.12193.22151.767277.4822.2422.7953.9239.1938.5545.0542.5955.9847.6196.7698.0260.5483.8343.1288.5243.8340.7730.4616.7449.8936.3145.13  Maximum PriceMaximum Price716055711401821801501418585308264256220244212143698325210013085857710410016093085132157127100956035107100100  Minimum PriceMinimum Price30182230729490897345401541521241201211104515310928112122313531655074951207027251910241922  Modal PriceModal Price404028358512012011090606021420917616520315465300202050404040405540907146084409050353015503050  NORTH ZONENORTH ZONE  ChandigarhChandigarh463332398712412211290646121420917617319315263276282157403845425547966816083438842413016503542  DelhiDelhi453635369212513312090565922720919019822017675237292258433439395941936856176609557323215574363  HaryanaHisar413930348512711511088586222920116716118313459252292160472738396540906466077508341393515702850  Karnal404528378613011811293507023621019617920117862220302060503338454557907476390308950363617784548  PanchkulaNRNRNRNRNRNRNRNRNRNRNRNRNRNRNRNRNRNRNRNRNRNRNRNRNRNRNRNRNRNRNRNRNRNRNRNRNRNRNRNRNR  Gurgaon454328348312113610779666921521519516115612675290182460502330353743885425662238636473216704646  Himachal PradeshShimla40NRNR3588130131120876560247234186181NRNR642403133534033NR39NR39906815884408234382317534245  Mandi41NRNR3690130134115876562237224189176190NR672603224564737NR38NR38956885890428950313216544041  Dharamshala38NRNR3284127127117876544NR216175165NRNR542353220604034NR35NR40936305984409749423415603238  Solan39NRNR3489126130116916055226225178162181NR6823030256540363834NR341006445986409144353417603343  Una39NRNR3491116123102876169NR208194180NRNR642493116573534NR35NR359971863109249863352917592749  Bilaspur-hp41NRNR3485127129112866666NR198195177NRNR69200311760503360376237827405896408747313313552750  Chamba3845NR3985126124118897055NR199183178NRNR57235302561504959396040896446088418848353618554852  Hamirpur-HP40NRNR3487123128107826669NR224187172NRNR6126531245748334837NR36836416094388742373316533848  Kullu40NRNR3688130127110846250NR231181184NRNR6522030286040NRNR37NR37977076190439033323212556060  Sirmour41NRNR3590125125115855851233210178162NRNR612733025605536NR35NR36956106285509236453219605051  Kinnaur40NRNR3788127126104836360NR235186NRNRNR6126032277060NRNR40NR449291962905710048464215505050  Lahaul & Spiti40NRNR3694123123114946551NR242175NRNRNR6348032275852NRNR36NR34846006097438036362815593944  Jammu and KashmirSrinagar45254145931461251301076055NR212185179187NR6032032253350NRNR60NR5311567962815210053703917804842  Jammu5037313684112119118915956NR227176173171118633033025594035575567601096436093389162463121504041  Poonch574238501181821281231226577NR236214194NRNR7239030317058NRNR54NR601237516084578548313115774152  Kupwara48NR3841103NR1301271196355NR1981761691741505749730307547NRNR35NR5111766462735379395132141073340  UdhampurNRNRNRNRNRNRNRNRNRNRNRNRNRNRNRNRNRNRNRNRNRNRNRNRNRNRNRNRNRNRNRNRNRNRNRNRNRNRNRNRNR  ShopianNRNRNRNRNRNRNRNRNRNRNRNRNRNRNRNRNRNRNRNRNRNRNRNRNRNRNRNRNRNRNRNRNRNRNRNRNRNRNRNRNR  SambaNRNRNRNRNRNRNRNRNRNRNRNRNRNRNRNRNRNRNRNRNRNRNRNRNRNRNRNRNRNRNRNRNRNRNRNRNRNRNRNRNR  RambanNRNRNRNRNRNRNRNRNRNRNRNRNRNRNRNRNRNRNRNRNRNRNRNRNRNRNRNRNRNRNRNRNRNRNRNRNRNRNRNRNR  RajouriNRNRNRNRNRNRNRNRNRNRNRNRNRNRNRNRNRNRNRNRNRNRNRNRNRNRNRNRNRNRNRNRNRNRNRNRNRNRNRNRNR  KishtwarNRNRNRNRNRNRNRNRNRNRNRNRNRNRNRNRNRNRNRNRNRNRNRNRNRNRNRNRNRNRNRNRNRNRNRNRNRNRNRNRNR  DodaNRNRNRNRNRNRNRNRNRNRNRNRNRNRNRNRNRNRNRNRNRNRNRNRNRNRNRNRNRNRNRNRNRNRNRNRNRNRNRNRNR  BaramullaNRNRNRNRNRNRNRNRNRNRNRNRNRNRNRNRNRNRNRNRNRNRNRNRNRNRNRNRNRNRNRNRNRNRNRNRNRNRNRNRNR  ReasiNRNRNRNRNRNRNRNRNRNRNRNRNRNRNRNRNRNRNRNRNRNRNRNRNRNRNRNRNRNRNRNRNRNRNRNRNRNRNRNRNR  KathuaNRNRNRNRNRNRNRNRNRNRNRNRNRNRNRNRNRNRNRNRNRNRNRNRNRNRNRNRNRNRNRNRNRNRNRNRNRNRNRNRNR  PunjabAmritsar4032283283137135112905559238209175158192NR73273292057403538406140906926081429547302912503352  Ludhiana43372936871371351181005962234211178172200NR77275281862403448416248976045280489355422519473750  Bathinda403128328313513711390555824220918015619614470273291758403340386038956836081409547302913473353  Barnala404227338713512510710059652461981781502051287027332206745333840NR45886985895429060403818523040  Hoshiarpur3633283784124119112106557122920117714415712669272251548473732446548916285579379949453415623150  Faridkot403529348513313311390567023519017714919813679283301557403450407440946596084408950343014423853  Mansa4039273387133135115985861NR207174156NR13777280292058474040396238926595885429242353016505852  Sri Muktsar Sahib414028339013214011790556621818717614817613072287301660402950396839906376172329052332614503253  Dera Bassi4036273390133135117975861NR209176161NRNR77268291960433941386240906816073379541353216504750  Sangrur4027283390130140105885565246198196191196176612633215554035454067401007106084309560453015504049  Ropar4037273388135135117975861240209176160NR14175277291958423742395839936766083409344363115485050  Amargarh42272933901301401088555652451981931931951816025032135540354540NR40957256084359565503015454050  Fatehgarh Sahib4732293597135122115105596025619818017820112561290301758382845376540956226078459545483819502436  Ferozepur504033359014014012090566824219817614820313772400322062454050456045907478075359560354015503560  Kapurthala363230397213212311092557022920016714617815465283301860404250406043906926288429532363414522550  Uttar PradeshLucknow403330348512012010075526521420316617718815965257201953383542345638926176090389245403015483740  Kanpur40232732851301151009060601872001541481581356523426204830354041NR358158055752110031403319503736  Varanasi46332837831261251058062702142031771742021827123522234740375640NR401057426688438633322918553045  Agra4529313482114100897558702232041761852081856625127195943213940NR43998026295338049303115374048  Jhansi543429358213012810883596821818617714820113267233222052333340386843936896078409550373019404052  Meerut38333139881201209188556518918218418118318051287191953393736356638976526284348636353315502939  Allahabad5825293689122138128966356225210174165205150653403020524137374247471026866376379034472920525160  Gorakhpur442428368111711610885575520220015815816812563225222058363635345136926105680377833382416552632  Saharanpur4028263282117117110885658NR175155154172139552422116503933NR36NR39915706080378335372511493145  Bareilly3833273590122132110103547222120117317419116870287261146342841395638907146079358349332916502843  Ayodhya3832323590118125110955760198198187176174143602502820454045454560451108356572409545503020502540  Moradabad392625328111611510786536019317615316216214958236211749443439365338896765676328434382618493137  Aligarh413128348211811610986605620119316115818614364247201950363441385042916135578378539392515453539  Mirzapur (Vindhyanchal)352525348411511010484595118417715013714811355218221645433141355041966836286368231392515473942  Banda37262833811121049980615523119817214318111665158191358324258376939876046082438837333121483350  Azamgarh3025303484122120116886061NR214181180201178692812814554136413548371077646194308540363018504142  Gonda (Devipatan)3925273785118128125885653214205163168172128662572015503839373762491006225885388534402520422740  Amethi4026283587112NR11390NR6021721418116519215466212201943403636384040936106080258535412916502139  Barabanki4529293577115118109785460200189168167175130612252217524031493745369861259110278531423015463030  Bhadohi322227358510012511585627221219817616118712670215221445403339374940706926272309040353016603550  Chandauli352327357511711111080505921619818114319411569247191256293252346040856345688508136392816442640  Farrukhabad5030273285115125110905666225219165159220130681871912604025NR37NR40966596182328038342616433747  Ghazipur4231293686123121114925764201191158157191146692732315553935454157491007096290448843363018433551  Jaunpur453528358512311911185536321520417516118613569273221853323845395539897185986358942412919524847  UP-Pratapgarh412428327911511911587585421520216916217512870252201354293135394839965655879398936292716383143  Sambhal4424273488103113100935257200186156144158144592581916513827NR36NR37976626182288246413118474544  Santkabir Nagar44392635881221121098164672152211581521731234926530195040303339894698734611023810030522920483236  Shahjahanpur3219283381118107110102555718317814813615912759222201446392632345237875535589248730342411432535  Sitapur402828358411311010885586019518015014615813462230201951393035365540926375975328035403015472737  Sultanpur423031338312011710887635820518916715918315465265202045353741405243926395780408535362715453037  Unnao423128318711811810888556020520116316317915067253202050373742385342985866083388838382816503843  Ambedkar Nagar392326357812312913090576122621816516216113867204281653413838357442887306380398038403120493642  Amroha42232834831221179587596025018015215817613663233222060463143384339917146074378442393420374343  Baghpat4437NR3287133130113102NR7022221117617017414367210292057403652366740956556090408333352512383250  Bijnor44252835801011089282595821120016417519715665278211249343242415241986085784378741353112423142  Budaun38242530861121049994626521418417916818312955280211258382646396538936155970329030392611412525  Etah4433293583118115110905961207198161156176115582702219473831NR39NR41906776074339332403218453040  Fatehpur462427358611813011689536121120017316217813169232201651383135394937976236179418637392818413446  Ghaziabad403130348411811811094575823220418217219115172203221652382942415243996396286458748383315443742  Hardoi453328368412411710790565920919216316018614259243201749333537405545986245985358841412917462945  Jalaun46252935851201021029062601831731521301631156222720155030354240NR45975736081379039403018403547  Kaushambi462625368411913111187585620920017416319413071236212055423236355539896135782368540362917373343  Kushinagar362826368211811411882576918619715716615913572221271456524041394540966186161308839382913473631  Lakhimpur Kheri372730338911611211092546020319215015316811266229202053403235356036926766073327835443218452544  Pilibhit48423034901151201181005958214206176159193143612292017653535554080401006926190409360454017303055  Sharwasti4025284081125120115805960194220170181NR1246021829155028NRNR40NR40985826083208740402015303840  Siddharth Nagar402929358812513211582566522020917316616713172237231558354045355837926415982357239352520353843  Sonbhadra352826317511010510280604517616515213215412168210241650402740335034806216568358533322514452025  Rampur502728307610611610210056601921911511581591395527024185543364736NR36976356582349536352914493646  Bahraich3727283389128120114905556194196157154161124502502521453937353666361066465682247327362319532137  Basti402732348711712410477565621020316615915313077241211753374253355235926035783418037412621403944  Etawah45NR273285120116111865563214198169164NR157662642219503233NR405542937036084408238422716473248  Muzzafarnagar39302834861201191109055581881801581601811465924620175040384036NR37905255874408040352512453050  Chitrakoot42242532841101039582585019220916616518013866220152059403433416048856375897408038422315454057  Hamirpur-UP43232833801181201008054722091981541711981486321117205040NRNR37NR38976406084408043453119564047  Deoria36222932821151159991536122519814613922511852228191549483841364536905955958428229402718343535  Hapur372628377814013512612259632092041691791851636521926145546424140474010073663102329748473312584242  Bulandshahr4236273293103113107835270NR190160172158156512221919483035423656361005975672308730472715324242  Kanpur Dehat39252731831121279983596720519213815318213069222221949383437365737885936088347533332515443547  Hathras3931283383108113104836261211205170166193154522482018414025303435391056986373408737403013383337  Raebareli412729318211911910987555919619316416418714965218211947323743415443946915982298640372916463141  Lalitpur362428317510911010585586017716914614317411854235201546343040345934905785880318533402918404045  Mohaba38292230851121009783546317918215515618812457189232042322834364537985975476288434402817394547  Gautam Budh Nagar403131368212111510793535923420118117019215581185221253373339407440976465988478135412515372835  Auraiya412627348312112610184585819018316116617313666211251949292941355937996795388347939372916474134  Maharajganj372528348411512110980565819219815115416413258213221651373744355137915995877358035403017383130  Balrampur37292936831191131178354531832001561572001286920715155237345137NR39926855974488747392915282838  Kannauj402628348311811410987646119918815815517513462239211546343339385339946375674338435422816413332  Mathura322727339012313012095556623018314114115612252263271850313443405241996355884398950353615423960  Firozabad423131368312112111188586022921218318121016567267212152323642415542936556183428641382916473742  Kasganj4533273587124112113956462222205174178203159642482120504023NR40NR42986355877408539473013423742  Mainpuri3830283288132120113885965220211171189189155512602417512924223940381057005570358547432521362026  Shamli402727308012012210887515119218715615216313059230171650352740385838905416282338845382913472747  Ballia412328338312011411092585920318815215216612960251191556372743375338946275578358538382916454954  Mau40222534831151121088758551931841491481501216722422185748NRNR35NR38916445576398951393015334850  UttarakhandDehradunNRNRNRNRNRNRNRNRNRNRNRNRNRNRNRNRNRNRNRNRNRNRNRNRNRNRNRNRNRNRNRNRNRNRNRNRNRNRNRNRNR  Haldwani4550283599141133131916062232210156190191168682723229504041504150449770060843910049423318533047  RudrapurNRNRNRNRNRNRNRNRNRNRNRNRNRNRNRNRNRNRNRNRNRNRNRNRNRNRNRNRNRNRNRNRNRNRNRNRNRNRNRNRNR  HaridwarNRNRNRNRNRNRNRNRNRNRNRNRNRNRNRNRNRNRNRNRNRNRNRNRNRNRNRNRNRNRNRNRNRNRNRNRNRNRNRNRNR  WEST ZONEWEST ZONE  ChhattisgarhRaipur373032368212412210983586119823114417718615655216202358373328404550877055690418443372914323550  DurgNRNRNRNRNRNRNRNRNRNRNRNRNRNRNRNRNRNRNRNRNRNRNRNRNRNRNRNRNRNRNRNRNRNRNRNRNRNRNRNRNR  Ambikapur3735303593118112103956041172161174159165NR4825515204030NRNR40NR32705985290307830603315472025  Bilaspur-CGNRNRNRNRNRNRNRNRNRNRNRNRNRNRNRNRNRNRNRNRNRNRNRNRNRNRNRNRNRNRNRNRNRNRNRNRNRNRNRNRNR  JagdalpurNRNRNRNRNRNRNRNRNRNRNRNRNRNRNRNRNRNRNRNRNRNRNRNRNRNRNRNRNRNRNRNRNRNRNRNRNRNRNRNRNR  DantewadaNRNRNRNRNRNRNRNRNRNRNRNRNRNRNRNRNRNRNRNRNRNRNRNRNRNRNRNRNRNRNRNRNRNRNRNRNRNRNRNRNR  Dhamtari39333545951301101071006055235236145200203135682152820582547454552571108246196409039322519425060  Rajnandgaon433330368512212211189646022721818218021016061275232060403030385038966806070277944422816502435  Koriya39NR35398110897102814575205163153151168NR4719525204040353446NR5882693588840782738281748NRNR  DNH and DDSilvasa6352484195134139129975270NR215182NR1951326623731235140445459566510765561855310071453622395050  Daman6552393889NR133117945370NR212181177NR1326121732305340374260576011069063825010760404424405063  Diu54414151931471551301075968231238NR2002141677842032256347406558836711171463834212353364021472731  GoaPanajiNRNRNRNRNRNRNRNRNRNRNRNRNRNRNRNRNRNRNRNRNRNRNRNRNRNRNRNRNRNRNRNRNRNRNRNRNRNRNRNRNR  MargaoNRNRNRNRNRNRNRNRNRNRNRNRNRNRNRNRNRNRNRNRNRNRNRNRNRNRNRNRNRNRNRNRNRNRNRNRNRNRNRNRNR  GujaratAhmedabad393239399712112210497576819720417219120117959211233454373943456646916625869387832363722452726  Rajkot342733408811210210298606819519715316919416362205182546373543396844916265763358032343915403030  SuratNRNRNRNRNRNRNRNRNRNRNRNRNRNRNRNRNRNRNRNRNRNRNRNRNRNRNRNRNRNRNRNRNRNRNRNRNRNRNRNRNR  BhujNRNRNRNRNRNRNRNRNRNRNRNRNRNRNRNRNRNRNRNRNRNRNRNRNRNRNRNRNRNRNRNRNRNRNRNRNRNRNRNRNR  Selamba362735408912011011097556519019915217119316165210192443393542406744926366084378033333516423032  Waghai3833364194120115104102696820918915616119314867209203044423536406044966315870387530342617403028  BodeliNRNRNRNRNRNRNRNRNRNRNRNRNRNRNRNRNRNRNRNRNRNRNRNRNRNRNRNRNRNRNRNRNRNRNRNRNRNRNRNRNR  Vapi342432369011611410294726619018714716718915273205182841463846406636966855668387931323315382830  Bilimora41334338104106132112102636922720418218919420072228232851443942406445956435569367832353618363027  Idar40293639931171301039256742141911571741901506824418284648384341675010373464693710342324018523642  Jhalod362837389312012610498636921218815617018116265229233337414037406948926935876437729343718452324  Songash433130368612212211189606020820116616719315565265212252363643415445957325984418338393016483643  Madhya PradeshBhopal3835293482117110105905562185213182149196NR61252101850354040396241886415780309842403515263860  Indore41352835851181201108159641861761681741551476926815204240373740NR40856305990408633342815374238  Gwalior4440293480119122110905363212181172160184NR60222121947392830406540906526076398435352615402640  Jabalpur423230358411811611088566020519515515818512555250182052354042405844906436085308544352816403644  Rewa35282835761069594786555177154148147147NR7023718135030NRNR35NR37856555776259028453013452035  Sagar40382832831181229884576020319014216819015466265181840304348406340886766078458352303015354528  Jhabua4127323689131118107905065216202188175191NR69302152857303337416441907186090308347403015283044  Hoshangabad463029368312112010291605620315514114615313464215112042383947434944946746290489131402020502834  Shahdol3830293586120112110836060203186142153181NR60210182045303733355040956045870309030402718353530  Ujjain41412938911241231001005462191213188165194NR68265182245353636416848987756478389850363116364357  Morena4132263193120112107975670200198157156168115562401415503029NR40NR40986196183238136312814323040  Anuppur373027368012012011090586021420913718517915970220201550304040364550907696585289045352515372550  Bhind403628338511111111189646120217415815516111969250151659473647396439906586277278130352518404646  Dhar443728389012511711099496318019717015618312463209152046323434465547967426090298832332218474946  Harda4535303385126126107905662209209170165192NR65200202048304040457045917146196408845302415335050  Katni403032328012012011790555517615613114815611462205271250254045357040876045890258055303015323550  Khandwa4234323480118123112905553214192181165187NR55270152042353535455545906595588409531332717402836  Mandla4032333985117118108855550223201168176209NR67220302550254043416247956886282339045383016403745  Rajgarh40NR283280130120100905560209209187175187NR7020010205040NRNR40NR40907076395409050372420255860  Sidhi373527368512011010090556218718117615417612168265201555403040355545906375690308030452515404150  Chattarpur4035303580120120113906050198203176165161128702302015583032404060501036006084309030453015332860  NeemuchNRNRNRNRNRNRNRNRNRNRNRNRNRNRNRNRNRNRNRNRNRNRNRNRNRNRNRNRNRNRNRNRNRNRNRNRNRNRNRNRNR  BurhanpurNRNRNRNRNRNRNRNRNRNRNRNRNRNRNRNRNRNRNRNRNRNRNRNRNRNRNRNRNRNRNRNRNRNRNRNRNRNRNRNRNR  Narshinpur4230303578125108108905852203192143152167NR60235121550254040456048896376085359035352515354040  Raisen4030283285130120110905857187194148152NRNR7025010204735404035NR40866926083358946323119283857  Sheopur4327263488120117108825660220203179159167NR622052820583232354560451006375882249040403215403552  Agar malwa3931283482121116102975465209177175167151NR5829220203935434445NR49856856188339843353017244925  Umaria3631333682127117112875960213192154172194NR652201517482840NR47NR47876336083308732372715424050  Shajapur4035263285125123110875460198196165168198NR6526020204938384040NR44926816083408540333015355042  Dewas4136293384120115106865464199191173170191NR61238122438343641375745947066689338545272118332444  Khargone4027283578120122110855552186156132170143NR65225163045354040406540906405584358535403015352045  Singrauli36292634851111061098160592182071481591661216823213204431NR4036NR45907295688278945382314315757  Chhindwara5134313685130126120885353213219165180191161592031121522939384068409379560813610738354120474050  Sehore4036293285126120103855561187197178161190NR6929712204428NRNR49NR46936556086408631352616384553  MP-Ashoknagar5035283178115114100905560185187162160160NR5221114204845424041NR39907875892528841442519305050  Balaghat3730353984123120117905252218218152168195NR66200282042274045396045976816275309745352615484448  Guna443726327611111310080536020219217816218013461217201248373240456945846976173408039342915273444  Ratlam403430348412512511090526220519416215918415262255102543283141436045916746082318342403016363842  Satna402828359013010095955460211185165159159NR50260202045303545336331657185260347528333015482535  VidishaNRNRNRNRNRNRNRNRNRNRNRNRNRNRNRNRNRNRNRNRNRNRNRNRNRNRNRNRNRNRNRNRNRNRNRNRNRNRNRNRNR  Alirajpur3844303690125122114925572179214185178190NR60307103055473135494149936215772288239423017373340  Betul3932263482119113109846060214209161176207NR542411220442944444069401006766088379545402215415153  Damoh4135313576117107108815260208199132145175NR64207121548313741355938876025979298840313115452049  Dindori3833343788115105109856056220192154154176NR64235122050304045456048856325585309035352715354050  Niwari3631263291131111106895757226203186182166NR6521530204731NRNR40NR40977206096249233402719374252  Seoni3732353786115110105855555196214170154187NR602151120552540403768421006545881278048362115455050  Panna38302636791201009590605218117613715413411565210111545304045356045976515675377630353114472038  Tikamgarh353025309012011095905555205167142149147NR602002020403030354040451006595870258529412017302030  Datia464126308112711310278606022319516115619212367228292146394331457445937146085298845452717404258  Maihar4024303292103100978063602301981651541871267020515204840NRNR40NR45977215872379730393515372543  Shivpuri464027318313212211288556019818916317317917054213172040323844475945826906080278237453224303845  MandsaurNRNRNRNRNRNRNRNRNRNRNRNRNRNRNRNRNRNRNRNRNRNRNRNRNRNRNRNRNRNRNRNRNRNRNRNRNRNRNRNRNR  MaharashtraMumbai43384348981331451309957602472422071872041639032032285838466656655311371463856010773444119494852  Nagpur624251559813913212010765672392161681722001427628327424652425252865211085560102499841483621726282  Pune4330405388102112106846076208214169172190168633563136523438444241418955460825610051532120413532  Nashik41414442911411381169759602132271911731891487535329226033407049644910365060807711768373117324748  Mangaon-RaigadNRNRNRNRNRNRNRNRNRNRNRNRNRNRNRNRNRNRNRNRNRNRNRNRNRNRNRNRNRNRNRNRNRNRNRNRNRNRNRNRNR  Dharni4432333985124126118925758231197161180205NR6832213225737413042NR48947436685538848422119437848  Latur59464550821281271238357682142051631631861637229326274323406042684111279164817310549412723486350  Akluj434135449012211711396556221723317820322319162332322359223449426040916595251309354323412282031  Arni Yavatmal4430343699123125114906063192170154144159NR623001030404035324770551037845572409945422015503530  Chandrapur4140374181129132105845659206221216170191NR7326730236218545660555811968360762810657442320623567  Karad Satara63533649921391291239257762101881691792001726130031305222394342624211769961924312151412919434348  Ahemednagar5942444789122124119995360175171166175180164582593019391931453944391065806065449929442618273839  Khultabad4629333778111116109856446186NR1481661751536532020294134324038NR44867026081418333362416413039  Islampur473538478512713112410057762262061611881991586942827304830384039594310465560764010359533627425544  Kankavli4544345184137131126876160184200164152172135533732037454253434550461006885690727747413718633053  Partur59NR3440811211201119055582032081861761951766540110205025313543NR4787775NR84419240423115506649  Gondia5935363984125119110785468208222154173196172682653020532844504555489576561753510050502921344555  Jalgaon5028374691135135120996066203210181177199184674683120503239415561559980262815812761423821393848  Akola43NR344687132119117975669183211163172191NR723273025574042385367551037845982438842432417376545  RajasthanJaipur614132419413912811389646922820518617019914968314202157403634487148946435782509848383618373038  Jodhpur48403234729410390735253222220NRNR192NR522722021353528475052471036725589258948312916422627  Kota4940343683132129116875465211207156167209NR68337222345403546525650906966079398035383320423335  Udaipur493931328312512811582555021721418718718718770340292161404059406747876086380389044313314334249  Bharatpur4937283493129129127916165243197175185NRNR68305302048403035456549907126090319541422914402942  Ajmer5242424282117117977761552222191661501771396730025232835374252775787571609652NR67324217424247  Bikaner6434384288120128999062551771871681701671616724715215247414952NR52826946090487732352521402341  Bundi4440283381116116102855360209192165185220NR50320172138333136396049916376580318237353816402535  Rajsamand4341313580120120100855460220212147172189NR70302242548443844416346806025490407940393121452433  Alwar5443293485124120103886560233173124151184NR58307261742362239487352925705673238848342716503143  Banswara4338384392142136122996259239217173184184NR582232919503934355156557862158118289252423921393942  Baran473432358713512011085645422020914813715412655352242240442833424147896705767399036313411403133  Barmer5040333590130110115855754187209170193209117533002220303228354960531007915876529041253114423230  Bhilwara53392937931181119995645521720315716920318158289202760342834425542746675573358634352220392540  Chhitorgarh453331368712312211290596022622218117721116665335232252393744415546916156084428743403019453645  Churu4534303385115110100906544225197159NR230153752802018352524324050409074780722510050353520403030  Dholapur4735323689123121112895966230204183180200NR67275212249393040405144957626091458841382916434049  Dungarpur383332348011012211284545219420115019017115862269261848372539437242906035992507238343325383342  Hanumangarh38332735741221231231006055245192204145151NR613101724503933465373568467260763610857452218504257  JaisalmerNRNRNRNRNRNRNRNRNRNRNRNRNRNRNRNRNRNRNRNRNRNRNRNRNRNRNRNRNRNRNRNRNRNRNRNRNRNRNRNRNR  Jalore5835313685127132118856060216208161185205NR72260192247503137467857986156089439550373417504952  Jhalawar454025328512911810088605918917615917618117052298192245403034415042857035880318130393217382134  Jhunjhunu4737293480116124103836056209205148180NR176702973020504030404580481006156093449460323814454541  Karauli4635293488121121111916853225215186182210167593262020564026NR5049531076376398449438442418432538  Nagaur5038384192126125929169551771781661631631525131021254145354753NR51866896090497831352621352546  Pali553033339112812890747056201167168163162123452342430NR3329393835471025076268528557352621413725  RJ-Pratapgarh4432293377126123109846247222180154159NRNR6630019223843343743NR431058036063397046352515404347  Sikar4530313585137116120957053229199165143165NR552363025553721245370661025145276228032332517405048  Sirohi4240283474109122100765552207156NR159NRNR492531720343827NR45NR47956265997458743303113453028  Sri Ganganagar433531358811811011097665121418916816516514672313151539403839398039937144980258030303416422030  Tonk523632378612611610993597023320514116217714667282202455403244435552915796782419648403321435246  Sawai Madhopur5734293587131120116975661223180163162158160583102821464228334948491036266278369050422815423742  EAST ZONEEAST ZONE  BiharPatna4829283487124127103816361NR1971671922071785933326285338NRNR35NR3610260456100388353303420403040  Bhagalpur3923293585129111103796259NR1911491551731315932028155444496134NR351046355484409629342118NR2736  Purnia40NR323679112122102766959NR203164186NR1806632418135339675737574610773152873911737392713492722  Darbhanga39NR2843799911899845357NR201185162NR135631932815533454543343351086816084408937352917604040  Gaya3425283883122113109806560NR2141731451521205534025215238NRNR35NR391106805991308433372316402827  Muzzafarpur4127293485121120111765759NR202163167221130652942418493949473951371016175984358335342614453137  Saran4726243783114107108825662NR203200201215NR533032717523942653963391087516373448236352818422528  Munger36NR273292130110118796261NR187184185183164492572894033NRNR34NR401005846079299246403916502031  Saharsa47NR283179116110117745861NR194NR190NRNR5228029125148NRNR39NR37937105574409552353711402829  Madhubani3721303584125109998363552061661611571721285628028234137NRNR3348351016155771328232312312502627  Rohtas (Sasaram)37233541871131229581616920321418519123818180245311954394557355437997455884528744332715623445  MotihariNRNRNRNRNRNRNRNRNRNRNRNRNRNRNRNRNRNRNRNRNRNRNRNRNRNRNRNRNRNRNRNRNRNRNRNRNRNRNRNRNR  Samastipur4523253580113116114805160NR191136132NR13353315301342333039387349977136792288034302510382627  Katihar492929317511712694915861NR181140154170NR7531119153536NRNR35NR311096686477348942472512NR2626  Araria37NR313579129130122845860280197164142197136643373014444055553885391046356192408242322311592727  Nawada3321293682132125116786462NR203185186NR143702222818463939363353361027225863828035302211632423  Khagaria4525283480103123108835842NR201162168NR1716337728153552NRNR40NR4011561150783290NR503016322040  Banka3720283780120114106757060NR2041651701921276528013164142403736NR38996115580408035403010403030  Arwal382625358113013097856659NR2251651731871437923228245438NRNR35NR37937485895398033352519492732  Aurangabad342429338112612290797056220200188154156119752102416524550NR36NR391057695880448436333017502125  Begusarai3636303577117117107776459246188158144188123662662712483852423552371086235878399634322017353442  Bhojpur Ara4720303480118120109785857245183158154186NR6735330205243NRNR35NR371046816084428450332510474838  Buxar332328338512011611889655720220117317019812779258291657364054347041908024995388745273218304939  Gopalganj403233359011511511085NRNRNRNRNRNRNRNRNRNRNRNRNRNRNRNRNRNRNRNRNRNRNRNRNRNRNRNRNRNRNRNR  Jamui3622283174118116108756460NR197142174NR13757284291444465050356040906816596318545302516502030  Jehanabad3123283486126118115785556NR207179175NRNR5924329164937NRNR39NR419166357100258243432213572430  Kaimur3818263283117117114795960NR1971791631971356821220125737323134NR39887146085388233332715532628  Kishanganj4122273785125120110905870223209187156202143683002618505039553779481026596587569544312824604043  Lakhisarai4025304083113120118886059NR206167170NR156542982718584750604544401107546096378535402715402323  Medhepura40NR27377511612591766859NR1971581921931344928223165047NRNR37NR369172358108429035372715444238  Nalanda3019293374114116107766465NR200177162187NR733183016493859593359378967258853677NR322115493329  Sheikhpura3526283989118112111827056NR222181204202165602852718474740NR385140110640588025953030411335NR25  Sheohar4824273886125123113876459171210161170200121602322621524249563741401167205978308134382416563125  Sitamarhi3826283483123128103785662NR190179168174135632383015443853563551351118126194388239382613432528  Siwan38282831781161019073535729220118318919418959202271356254744314932917096166298037412914513131  Supaul3523273380115122100755355NR193159179NR17064NR13134343NRNR38NR3912458654923579NR563515532826  Vaishali402529357911411910075625322519217018720915970207291855404949354240907695584408033322513375035  West Champaran3727293584119117109835956202186175153176NR692602022454035413345391055675476399047502717472431  JharkhandRanchi4328373584123122110796260255201159190199143732102920574035403840431026486087408943423215505550  Gumla402327368210810692834855209195187137154121532001516484034683550421006766378559040302315502838  Sahibganj3624303587120130108856060198209189176192143703202015604036464055531006266090408945353015505060  Bokaro3828353786132114110836657NR1931701641821446032228214835NRNR33NR40100728578943812841251360NRNR  Lohardaga3726313685102125110805761NR2001651632231267220326225238NRNR383540906955673258042302517384123  Simdega4228324088124118100866865191196154167158149602452224503150NR4660521006656179469038362622502542  Dhanbad392834368712512311180605925720316216518713969245281651383852375246927845991519049393218514540  Jamshedpur (East Singbhum) NRNRNRNRNRNRNRNRNRNRNRNRNRNRNRNRNRNRNRNRNRNRNRNRNRNRNRNRNRNRNRNRNRNRNRNRNRNRNRNRNR  Giridhi3420333681109102105756655NR19916916619012049300192252424036424245866376084509928402516503047  Seraikella3526314081122119109756260195194159164173129572072815514036NR41NR44956006084388236332615503840  West Singhbhum372430368212411811079NRNR206206195173201141NRNRNRNRNRNRNRNRNRNRNRNRNRNRNRNRNRNRNRNRNRNRNRNR  Daltonganj3825273786112115103835859NR196155165NR1376129630195933NRNR4552481087256392458553402916404346  Deoghar401832358011012011090606017618617614817613275300251560405050406050907696090308040352515404040  Ramgarh40243337NR127116102785458NR1961461591791576127925135339NRNR31NR401086135884258343302611434325  Pakur37263437901201209483546321420117616819815460317201551423441405153986226390439440353015473825  Jamtara412429358712312812088535925120717217919016378278311353427379376150927405788408458333116484248  Latehar4525293885129126110816959175198159162NRNR5919230185838NRNR36NR551117326390368245452912412936  Godda40263039821201201038261641982031651651871325528329155040NRNR40NR47977096194409337352515505045  Koderma41203235851241281088062632162041651622001316319929195940NRNR38NR38977446395508548402618505950  OdishaBhubaneshwar4234364685120120111806058NR209161NR1981737023030156030NRNR38454090NRNR96609030352512505050  CuttackNRNRNRNRNRNRNRNRNRNRNRNRNRNRNRNRNRNRNRNRNRNRNRNRNRNRNRNRNRNRNRNRNRNRNRNRNRNRNRNRNR  SambalpurNRNRNRNRNRNRNRNRNRNRNRNRNRNRNRNRNRNRNRNRNRNRNRNRNRNRNRNRNRNRNRNRNRNRNRNRNRNRNRNRNR  Rourkela362736388512111799775758NR21317017319817675190291757303536394541915365694608853333015525050  Berhampur4431353779111130102735958NR208168NR1981336324521165737NRNR384946877165396608444452916494145  JeyporeNRNRNRNRNRNRNRNRNRNRNRNRNRNRNRNRNRNRNRNRNRNRNRNRNRNRNRNRNRNRNRNRNRNRNRNRNRNRNRNRNR  Balasore382741458211511696756158NR210183NR1981797424028135937NRNR43NR43936185690759041403013453550  Baripada382734428411911899755858NR205160NR194174652392914573735NR5148519874057916310143363114614944  BalangirNRNRNRNRNRNRNRNRNRNRNRNRNRNRNRNRNRNRNRNRNRNRNRNRNRNRNRNRNRNRNRNRNRNRNRNRNRNRNRNRNR  Angul37NRNR4687132113118906463NR209176NR198NR66NR29175230435540504097NR61100638762372915603733  BoudhgarhNRNRNRNRNRNRNRNRNRNRNRNRNRNRNRNRNRNRNRNRNRNRNRNRNRNRNRNRNRNRNRNRNRNRNRNRNRNRNRNRNR  Dhenkanal3631354084117115100756058NR209159NR196154622802915554050NR395041907105890508344302012504550  Jagatsinghpur4035404288123120108855958NR203187NR1981326524030156040NRNR38NR42102NR5890608444322116604045  Kandhamal37NR434979131123116795854159202173NR19013759NR30195541NRNR434345927145980409036332710422246  Keonjhar4031405489120124110776258NR203137NR20312665NR3014583840404060431057915894639040352515504043  MalkangiriNRNRNRNRNRNRNRNRNRNRNRNRNRNRNRNRNRNRNRNRNRNRNRNRNRNRNRNRNRNRNRNRNRNRNRNRNRNRNRNRNR  NabarangpurNRNRNRNRNRNRNRNRNRNRNRNRNRNRNRNRNRNRNRNRNRNRNRNRNRNRNRNRNRNRNRNRNRNRNRNRNRNRNRNRNR  Nayagarh40NRNR4383117120113855754NR207177NR19816770NR27165838NRNR384442856875993578534412414483342  NuapadaNRNRNRNRNRNRNRNRNRNRNRNRNRNRNRNRNRNRNRNRNRNRNRNRNRNRNRNRNRNRNRNRNRNRNRNRNRNRNRNRNR  Paralakhemundi GajapatiNRNRNRNRNRNRNRNRNRNRNRNRNRNRNRNRNRNRNRNRNRNRNRNRNRNRNRNRNRNRNRNRNRNRNRNRNRNRNRNRNR  Puri4031NR4382118123107905960NR206166NR1951555927327145536NRNR41NR42947025988478640362716533841  Rayagada45NR415089120130111806160209209163NR20014370NR31196033NRNR454049807565984408249352913504850  SonepurNRNRNRNRNRNRNRNRNRNRNRNRNRNRNRNRNRNRNRNRNRNRNRNRNRNRNRNRNRNRNRNRNRNRNRNRNRNRNRNRNR  Bhadrak3628NR4285120125120816165NR218183NR199163653302814543544NR386340877695879578143312615504241  JharsugudaNRNRNRNRNRNRNRNRNRNRNRNRNRNRNRNRNRNRNRNRNRNRNRNRNRNRNRNRNRNRNRNRNRNRNRNRNRNRNRNRNR  KendraparaNRNRNRNRNRNRNRNRNRNRNRNRNRNRNRNRNRNRNRNRNRNRNRNRNRNRNRNRNRNRNRNRNRNRNRNRNRNRNRNRNR  Jajpur3631404985122115100806058NR203185NR19818169NR30135631NRNR36NR451237696390608539332913604043  Kalahandi4329374985120118110865954NR214163NR2011337043031195830NRNR40405083764NR96388538332913423938  West BengalKolkata59NRNR39901291321151186059NR2081831571931708528730145847NRNR40NR421037476390738653303120594550  SiliguriNRNRNRNRNRNRNRNRNRNRNRNRNRNRNRNRNRNRNRNRNRNRNRNRNRNRNRNRNRNRNRNRNRNRNRNRNRNRNRNRNR  Purulia39NRNR35881221281051036163NR207155145195NR7329327115438NRNR37NR58966796283508346312914404347  Kharagpur54NR3337881281271101076164200209NR1461921237327831155545NRNR39NR391127035786539653443018555857  Rampurhat49NR3347861221251171185959NR206NR1531901257030025124835NRNR41NR51886886286629152283416403545  Malda58503447881341321151415460268214NR19220214877325251044305956437461997306486449844323516553537  Raiganj57292950931421401221286161NR2101561762161307230015115843NRNR36NR4712068162886312055303116605048  Alipurduar34NRNR40901301211111305765NR208NR1882081547024810105640NRNR40NR42856556084358939322817513041  Asansol53NRNR3888128123120955968NR2051521631961227129730135347NRNR39NR471008176285609250373015373750  Balurghat52303037841291271121056070NR220NR1792081575135529144857NRNR50NR65100714NR814910040353016603545  Bankura36NRNR37931231291161125962NR213NR1521951246330129125845NRNR36NR59888226183629353333116504753  Barasat54NRNR37901221191211156262NR2091761621841386735029155845NRNR38NR59716356180678945352717455050  Bardhaman4929NR399412912811910958602382031591432031427631830125635NRNR38NR45937736189559055302916572645  Baruipur6040NRNR90NR1151371126559NR218207187196NR6060029186345NRNR45NR511028726896609050402715527575  Berhampore47273044841191131181075963NR1981631702121736932324135439NRNR43NR63716276083679841343115372343  Chinsurah53NRNR39911251291191206060NR211157155192NR6630530125343NRNR38NR60896236184619149323516514151  Cooch behar53NRNR41921181221151305855NR2081571721851797529030155543NRNR40NR50937186084528549323215604043  Howrah56NRNR37921251211181146462NR203192172197NR6827331165843NRNRNRNR5910773661865810238393516574852  Jalapiguri39NRNR47901321281121056281NR2091451632031487230030145648NRNR38NR60876886296539350353220714343  Jhargram42NRNR38901251251151115961NR208157150192NR6728928135241NRNR38NR60966815982518746362815474650  Kalimpong595533469513014012010363831542091371322041549030020245441NRNR40806012079260936010060303019705055  Krishnagar51NRNR39901291191271025958NR203NR148186NR6938729135346NRNR39NR62816446384679844353116483850  Tamluk4029NR39951281251201256159NR203NR159195NR6730730156048NRNR39NR60887236188709250333115524370  NORTH EAST ZONENORTH EAST ZONE  Andaman and NicobarPort Blair50NRNR6098132140115977672NR220209NR1911768333024408272536077738715074768961579847473515807060  Mayabunder53NRNR701031401521231008576289216234NR194183813652250100120NRNR6292801427956213214090483740164010098  Car Nicobar54NRNR711221541551311017673279NR220NR2141487832320458075NRNR70648211993060108NR944347382278100100  Arunachal pradeshItanagar4038404196138138121915074NR214158158209NR7740017275158NR30426052927145891518560463317694556  NamsaiNRNRNRNRNRNRNRNRNRNRNRNRNRNRNRNRNRNRNRNRNRNRNRNRNRNRNRNRNRNRNRNRNRNRNRNRNRNRNRNRNR  Pasighat53NRNR509311397931138380176238172180187NR9040020205793NRNR50NR5783723591006010070784315604867  TawangNRNRNRNRNRNRNRNRNRNRNRNRNRNRNRNRNRNRNRNRNRNRNRNRNRNRNRNRNRNRNRNRNRNRNRNRNRNRNRNRNR  Tezu38NRNR40100140140117907072NR154NR154NRNR10025015206380NRNR40NR701078286596408070403020403057  AssamGuwahati353033378511195998158712162201881762031666022013175758NRNR43NR46NRNRNR9050NR30NR3319774040  Barpeta34273936801129610082557419722213915919516460153101656485043389752837366486388334332718582526  Tinsukia3242323990130105105855677NR229203209203NR7519011135845NRNR44NR44977916490408050353020403045  Dhubri3425NR3581130NR106835577NR231163154176126731801215554050653765501107476384307030402515503530  Goalpara3525323685130130109955863NR214161165181NR6521210135359NRNR36NR53977876396409538323118653535  Golaghat47363442901209011010560671592091611591741577824014165545NRNR41NR59NRNRNR94487145NR2616652743  Mangaldai442333358610895102845370NR202142NRNR1606526011155543NRNR36NR36NRNRNR9635NRNRNR3017653040  Mushalpur3931403987117111113885675NR2301491991991446326810155659NRNR39NR51818356188389629NR2926593638  Udalguri3725NR378311796112875177NR215NR1601881455827210114951NRNR39NR4075687NR95378042NR2113533040  Bajali34NR334087118103113935678164223NR1592051376836310175843NRNR3610445857956386378761603225703543  Hojai3329NR40801189994805860NR2031521531841637026012155043NRNR39NR41706655987387833402811403848  Jorhat403436408611011510410160781812201601591601326020812185550NRNR55NR5478714NR105408042423012602040  Bongaigaon43NRNR358311897110905270NR184152150165NR6032210144745NRNR37NR6076NRNR9032NR40NR3018552040  Morigaon40304040831291201101005765195198159154159137702331015555050NR40NR501057256090408045402615704050  Sonari4132434298121NR110986278NR214NR181NRNR8022013155560NRNR39NR6090NRNR98458045403015732545  Tamulpur3630404087128112111895677NR200152174NR1607027010156050NRNR39NR4375720NR8840NRNRNR2913505040  Sivasagar43444050881171131121085875NR2362031761951656125711185646336354NR589569661102428037563612503649  Biswanath Chariali3629343993126NR1171006173NR152NR159NRNR6123310155342NRNR41NR45120NRNR80409050403020702027  Dibrugarh3528NR3988129126108995677NR219168190227NR6320313175947NRNR41NR55927996385577753424914523548  Karimganj37NRNR3987114122102795975NR230NR182222NR7823814255850NRNR39NR65130NR609053NR53NR2917503850  Majuli35NR3842100120901181006070NR188NR159NRNR6026015205648NRNR41NR43112NRNR84407045NR3515403040  Sonitpur Tezpur392731408111597106865169NR203NR186211NR4931010146057NRNR40NR45807496296409650603017802040  Haflong3640NR4590130NR120906577NR185NR120200NR8027015206050NRNR45NR459072060105409540323019802050  AS-Lakhimpur39NRNR3884113102110925973NR206161164178NR6119315145548NRNR42NR39886136196478038533216483747  Diphu3526NR3790116117111885675NR219NR170NR12893233151660504545406570826866392258050353017633938  Nalbari3526NR408512598110856070NR2141451651871266529210155550NRNR40NR40808205890428048503520634035  South Salmara Mankachar4033393881124NR116866375NR2191671601591346423312244751808539NR63NR801598337724550401955NRNR  Kamrup3932NR3986119105106855875NR227NR1882031697521915145660NRNR38NR4579NR598440NR41403115554042  ManipurImphal55NR4847961321291229472NRNR25520322020920910026025306678NRNR49NR6773NRNR96589635332318522047  ChandelNRNRNRNRNRNRNRNRNRNRNRNRNRNRNRNRNRNRNRNRNRNRNRNRNRNRNRNRNRNRNRNRNRNRNRNRNRNRNR JiribamNRNRNRNRNRNRNRNRNRNRNRNRNRNRNRNRNRNRNRNRNRNRNRNRNRNRNRNRNRNRNRNRNRNRNRNRNRNRNRNRNR  KangpokpiNRNRNRNRNRNRNRNRNRNRNRNRNRNRNRNRNRNRNRNRNRNRNRNRNRNRNRNRNRNRNRNRNRNRNRNRNRNRNRNRNR  Senapati50NRNR45NR140NR1301006874172154NR181214NRNRNR20206380NRNR50NRNRNRNR7096NRNRNRNRNRNR503070  TamenglongNRNRNRNRNRNRNRNRNRNRNRNRNRNRNRNRNRNRNRNRNRNRNRNRNRNRNRNRNRNRNRNRNRNRNRNRNRNRNR ThoubalNRNRNRNRNRNRNRNRNRNRNRNRNRNRNRNRNRNRNRNRNRNRNRNRNRNRNRNRNRNRNRNRNRNRNRNRNRNRNRNRNR  UkhrulNRNRNRNRNRNRNRNRNRNRNRNRNRNRNRNRNRNRNRNRNRNRNRNRNRNRNRNRNRNRNRNRNRNRNRNRNRNRNRNRNR  ChurachandpurNRNRNRNRNRNRNRNRNRNRNRNRNRNRNRNRNRNRNRNRNRNRNRNRNRNRNRNRNRNRNRNRNRNRNRNRNRNRNRNRNR  KakchingNRNRNRNRNRNRNRNRNRNRNRNRNRNRNRNRNRNRNRNRNRNRNRNRNRNRNRNRNRNRNRNRNRNRNRNRNRNRNRNRNR  MeghalayaShillong3634403990130130120906177NR205198154NRNR8032032206547NRNR40NR401008576399578053532920875053  Tura35NRNR40100140NR120906376NR198NR1702031328032018276860NRNR40NR70907585984609053532920704040  Jowai37NR404090NRNR120876077NR170NR154NRNR8036015206748NRNR40NR40877366390508050403018834050  Sohra40NR4240NRNRNR130906777NR165NR154NRNRNR3853025685085NR42NR5090NR631087710050505030904060  Mairang39NR4545NRNRNR120906477NR176NR163NRNRNR37017207040NRNR40NR40103NR6096608450502719774060  Nongpoh3534NR4195135NR127906377NR176NR156NRNR7535315206350NRNR41NR43957146394508750573319803053  Khliehriat4340393992128NR115855976NR161NR154NRNRNR31330226342NRNR39NR44737436284437752413015632642  Williamnagar35NR4035108148NR118896970NR192NR174NR1407831815275865NRNR38NR62877475790688040652020802345  Nongstoin35NR4444NRNRNR120906576NR165NR165NRNRNR35715206347NRNR44NR45977146387608052532820823848  Mawkyrwat35NR4039NRNRNR120856075NR165NRNRNRNRNR37015205740NRNR45NR4710070960967010060503525634050  MizoramAizawl5050425010315313013393558327126025616124415210352030526578NRNR50NR70907036010072901009060NR802748  Lunglei505040501251801801501106580214263170187203NR10048630505095NRNR50NR5011568060100659575603020803070  Kolasib5345404595120140140936080NR242NR14320313210048330304090NR4045NR7012072560906098100803635503070  Mamit45NRNR50128NRNR128985380NR253NR132121NR140433302853100NRNR45NR97127546659061NR50685034664850  Champhai504550551001301431401106085NR238230147NRNR12056030358783NRNR50NR1001507456010053100100804220872260  Serchhip45NRNR50120NRNR1401005885NR264NR154NRNR100520303080100NRNRNRNR80160695NR1085310780903023603065  Siaha5555NR501031571381481037080170253219154NR110100250304070130NRNR5010095110631601007380NR606030883070  Lawngtlai50NR45501001601401401007080NR253NR143NR132110480304070120NRNR50NR801406606010080100NR9060NRNR3070  Hnahthial53NR4550NR1471501331035784NR257NR154NRNR125520303570107NRNR50NR90150659601036093NR905020752862  Khawzawl47403848100140130102927282NR209145147NR13214340031336593NRNR53NR701106336099678888725820704230  Saitual50NR4550107NR140NR1085580NR198NR152NRNR12052330256080NRNR50NR90100NR589580100NR905022803070  NagalandKohima50304549110157130120906077NR154176154NRNRNR34020307760NRNR45NR90907146094508070605015703560  DimapurNRNRNRNRNRNRNRNRNRNRNRNRNRNRNRNRNRNRNRNRNRNRNRNRNRNRNRNRNRNRNRNRNRNRNRNRNRNRNRNRNR  Tuensang37NR4055100NRNR12010065NRNR176NR200NRNRNRNR20306550NRNR52NR50100NR58924210035905030603570  Mokochung5044NR601001401401201007074NR154170165NRNR8034015257050NRNR60NR7012081360845010070704020502060  Chumukedima40NRNR3692140145138935375NR253211198209NR8332218236047NRNR40NR85123652701153790NR823732583657  Mon40NRNR60100NRNR1251006070NR154NR165NRNR8034017206070NRNR60NR7065NR608050NRNR654520502050  Peren3930454590NRNR1201006070NR154NR165NRNR12032020205555NRNR55NR7011365160964580407048201072740  Phek40NR50501001501401301007072NR163NR165NRNR8035020NR7057NRNR50NRNR10063068NR6010060635630402050  Tseminyu5540NR57NRNRNR137996070NR154NR154NRNRNR38015305855NRNR53NR8090714609750NRNR904219NR2066  Wokha52NRNR6897NRNR120977074NR158NR158NRNRNR30015306050NRNR70NR8010075860845010060654015702560  Zunheboto5539NR50NR163NR110905275NR172NRNRNRNR6024018306063NRNR55NR75NR703NR826012030704025603358  Kiphire3835NR60120155140120906570NR154NR165NRNR7534518257080NRNR45NR85956486585589080755515402070  Longleng38NR4050NR150NR1201006075NR163NR165NRNR8035020306060NRNR62NR7212072060967012040755017503075  Niuland4028NR50NR130125125985070NR154NR165NRNRNR32015206050NRNR50NR70100NR608425NR40503515252550  Shamator44NR5560100NRNR1301007078NR165NR176NRNR8032020307060NRNR60NR70120692609840100NR953020502055  Noklak40NR4560120NRNR1401007080NR167NR165NRNR80NR20255560NRNR60NR8014076960995010062703520502090  SikkimGangtok45NR404093NRNR123937070NR231143139209NR7830020256545NRNR47NR6011076963100609750532923603050  Gyalshing45NR3840100NRNR120907070NR231143187209NR7530020206545NRNR40NR7011065163967010050402820603050  Namchi45NR4042100NRNR1201007070NR231154143203NR7536020256545NRNR45NR8012071463967010050543020702050  Soreng45NR4040100NRNR1201007070NR230154165NRNR7522020256545NRNR404080120714631088010035403020702050  Mangan45NR3840100NRNR130907070NR231154170NRNR7546020256560NRNR40NR701207036396609042503023702550  Pakyong45NR4040110NRNR130957070NR231148165209NRNR30024206545NRNR45NR701206516396809050603023802550  TripuraAgartala4540NR40901311291031306279NR2141811922031767525310206560NRNR40NR508074768966010053353415783545  Dharmanagar4540NR42941321271031336276NR215NR192NR1807724315186047NRNR42NR50927106293459048423017773745  Belonia4644NR40921351301051356580NR1791781922031727824713206863NRNR40NR5282747681026310255353516853747  TR-Udaipur4841NR42921321301051326180NR2141821932031777524610256761NRNR46NR50827496598649853363316793740  Ambassa4643NR41921331311071336580NR2181841952061797824510206659NRNR42NR508576970895510257423515553848  SOUTH ZONESOUTH ZONE  Andhra PradeshVijaywada5233434584134135105855654203156147NR20014855297153061274545425545956045872509230402419556585  Visakhapatnam5633434192125127113896360198198154NR19015968260181657274144454546917916569399037372815553540  Kurnool614341448311911911191566019920814413019713561332172844113741435341947516175268636392513293350  Tirupathi583244458310810510990545817218313416819513561308203252233944414545886325571448835422117503133  JammalamaduguNRNRNRNRNRNRNRNRNRNRNRNRNRNRNRNRNRNRNRNRNRNRNRNRNRNRNRNRNRNRNRNRNRNRNRNRNRNRNR DharmavaramNRNRNRNRNRNRNRNRNRNRNRNRNRNRNRNRNRNRNRNRNRNRNRNRNRNRNRNRNRNRNRNRNRNRNRNRNRNRNR Ongole5533434584120117109895958184186143NR18514964300163554253942424944857186278358133382417513137  Bapatla5232434383113120106855558189NRNRNR18714153287153143273342424543907635977318232352216502433  Rajahmundry5535444681118113108865560193214133NR19314256207152043244242444645915806075298545302412322141  Eluru593943458312211010587596219821714516519914864250212852273944424945878575964298230333019424052  Guntur6036424590120130115825860198220148NR19816870215142755303840444643885936078268434352621382537  Amalapuram523445458812213611786596521821614515819914857295242245223132454648896806072388936392819483330  Nandyala614044398412211811288526119721914815419715361277153541133439395143877436475419252373018262152  Parvathipuram5740464585122121114916059190195149NR19514159281221852294143454446886706073298438352219373637  Sri Sathya Sai59304040811161129986526020020214215919114758315153129193542404948886686081328836392614473141  Nellore53354043831151151051005058192203161NR19215960260193555303540454943868156073318135372116352434  Srikakulam60303947851191281078155562042141351631681377533111205828NRNR455051896735584418949433018554547  Vizianagaram5540404382117117108885860187191145NR19114055275192353263738434243856596072268034322217372436  Anakapalli6535404585120130110857369203214148NR203143562471930672640424040401137146084407334332517472029  Bhimavaram513540418312011110586556019220414715219015460285192548263440444544887915471478838382218363537  Chittoor5035454785105110110954555181198154NR170132603451542551836385050551106816575458030302015554355  Kakinada5439424184119113108886162196213149NR19514360298192549203740434744936426577458433372115492931  Machilipatnam523042458511310810788676316917713316817611660343152549283243444245917476158248533301913384346  Narasaraopeta553944458610810911087526416919016717118012353266182952283540444745907914976348639332218503249  PaderuNRNRNRNRNRNRNRNRNRNRNRNRNRNRNRNRNRNRNRNRNRNRNRNRNRNRNRNRNRNRNRNRNRNRNRNRNRNRNRNRNR  RayachotiNRNRNRNRNRNRNRNRNRNRNRNRNRNRNRNRNRNRNRNRNRNRNRNRNRNRNRNRNRNRNRNRNRNRNRNRNRNRNRNRNR  Anantapuramu61304038811161219982576020320915016519915465310163048133541404949886705984318239392915443647  YSR Kadapa573243418110410910787506118620115117018113359305193046283840424842917466369308333362017392830  Madanapalle594040449211912810692777116920216717220514870250224047303539464352927875075417954363220574762  Markapuram5130404181120117105905067200182144NR19414854327192844283340424242887016274358239382416493440  KarnatakaBengaluru644340448711912711088535120022716316319916371240192553253944445147927626082568144363317473337  Dharwad623644458512412611288585420020014915219316364268202646184450444845867866076388238433115463238  Mangalore593543468612312710988635420921016217118815467199203056243955454847887516081438338372817573038  Mysore623643498612412511280614821823215216920415670278202846255857435545827226373459455354122504949  Bengaluru (East Range)673746439112412611590625021621916416720317168260202958224244435144927546078578339422918503850  Belagavi613743448612112411088565420419914917119615360261202745205054424643857866184468138592816513537  Kalaburagi653645448512212511290555320220116314519615755220202550154044445046957316184508240423020503040  Tumakuru683744469112413111694575320421615116119015369232202955204952475347867226279468848443219483253  Bellary613745428711613010888535421920915915019116560275202757154245424743977666178368139363018502840  Dhavanagere683844489012512511187605321321216215419916562268203056164356455245877896373428339422816503042  Shivamogga653744478912312611590555220221115915219415665245202650154852464945927866080428240422816453440  Vijayapur663845438712312311583525322021415617219014753244202555154048415242847866286419039423816574343  Ramanagara603642458812112410892605321121614814219315969215202950254244474743907566384389240522816534137  Raichur653645438812412511583625320520516016819614761212202945185151464646917456286409043494017422938  Chamarajanagar603643468612512710496594821923015412220314369198182944265857525555897136373439245614520574950  Kolar6534455090118125110885952220213164169198160702562026572136455046501037826070358539402715373255  Haveri623545458512012511090555220920616517020314860247192555154550425042857586078408542453016454045  Bagalkot613744458512012511592565220620015116519115360245202843244946445243907956088488238373518583236  Bidar713941418412213211383515419719814717218716362277192757224148395339878026182588757383318453843  Koppal633744458512412711590525220419715315919216160244203053164148434644917426084439038423017503438  Mandya683644478511913011594555221822515517019715665241202955254647424744957326578458149373516453545  Yadgir603644468512212511188555320320315916519215960210202550204452464645967806184438441382819483540  Chikkamagalur623643468812212711289565320620115715919314865219202649174646474846937226484478541443117473441  Bangalore Rural633643499012313210887585021419915015218914764265202757204946454748947296478418340523020493449  Chikkaballapur643646469212212710886645222321616016719616169275202850194545434642957456284408448402817423546  Chitradurga663844498712412511288605321121015315119616166275203550204556465444877876173458243432816623646  Gadag633845478712113211588585321320014914119015059248202550193946445445917446586568738374320433443  Hassan643944488612112710987535422219915115319615966245212452214646474647917356081398438392815403540  Kodagu643744458712212711389625221020615315719015565249202751194447454945917576281468541433116493443  Udupi603746488712012311094574822421016417319115865224193251254443474947907496386528439544519573542  Uttara Kannada663546429211913311695624822320216517019214965273202960234649475046977866275499349404319433853  Vijayanagara6439444385120126115945552201211150NR19814660235192550153949465048947516270419243414016422839  KeralaT.Puram6253414495139138125905956308264198NR2091548726014386530465546544497NR6172439055503517704760  Ernakulam53604144113152143135975960247245203NR209180752251542633850654960NR1187867182388060403818605257  Kozhikode48585044110140145137975856NR235163NR2061756323715266230NRNR455247107747NR7850824935301663NR60  Thrissur53534553104146136143895958NR263211NR2041716227317436144516051625811574961805110443473216715569  Palakkad4841484695135133119865654240223196NR19816763223134659285350494949987806377378557383416624347  Wayanad515851451181401541411115857251246190NR2111756024017366427NRNR4867501207936880458552433117554264  Kasargod515854601141411401391115766NRNR216NR1981615927515265725NRNR4658471107805674407942403917693349  Kottayam57544351100144120103996158NR226204NR2011737323316366034NRNR5255521127276582478151383516585453  Pathanamthitta63594446104135125129966057NR253253NR2142128526015376340NRNR5160NR1307906079608054444918805565  Alapuzha526050691141491461451186152NRNR209NR1941676922816446337NRNR516769NR7606286609549413217653653  Kollam5252444498127138130906156NR263238NR210211762371543684066664757608667761795310758412216675365  Idukki5954444498140NR120905770NR243213NR2191847922714436243NRNR4856441007546382538357393416706057  Kannur545753511101511541481055860NRNR217NR20319259268193163244545475552126NR5876538352423519645060  Malapuram50555043901321331201035558297231197NR20817060NR1330633050504652481037476190498046372814655353  PuducherryPuducherryNRNRNRNRNRNRNRNRNRNRNRNRNRNRNRNRNRNRNRNRNRNRNRNRNRNRNRNRNRNRNRNRNRNRNRNRNRNRNRNRNR  Tamil NaduChennai6440454484131129118855740213247177NR20117583288304368374258455249939276080578655373414574863  Madurai6337476887137124106926045228207194NR197175752633035642335395648511127596786328749433314435137  DindigulNRNRNRNRNRNRNRNRNRNRNRNRNRNRNRNRNRNRNRNRNRNRNRNRNRNRNRNRNRNRNRNRNRNRNRNRNRNRNRNRNR  Thiruchirapalli6740485498140143121976447224255190NR200166813083038663042595459551018167173509557333515503053  Coimbatore5938444391133131107825640230218176NR198169722802837593242564953531108136075478454323115534456  Tirunelveli5235505397132139119875746250223184NR19415471263282761254250585556997977176448652383215444356  Cuddalore64384945901311401211126650207232199NR19715376293284057264459495349966915872358248323014424755  Dharmapuri5934454288137134106815445220NR151NR198167672752828572033474844471106908078208250323014554050  VelloreNRNRNRNRNRNRNRNRNRNRNRNRNRNRNRNRNRNRNRNRNRNRNRNRNRNRNRNRNRNRNRNRNRNRNRNRNRNRNRNRNR  Ramanathapuram6641416785126136111895944224NR188NR201171692843142584041515850581177737478528154342913504441  Erode6143524493132131110795845237243177NR210182674403036562641645055511097696075388251312915284558  Karur5736546797139140111876147236210175NR196159732971742623746515757591047256573539647442823705353  Perambalur6141NR6794130145112865848236225187NR20016374NR3030633742736257691197476376469050392914594965  Pudukkottai7044456994131137113NR6145268NR182NR202155756983040603542585656501108886772309051403314554550  Sivagangai5540456898137143121926044258NR223NR201175682922950704040655855631207678578538854373215634337  Thanjavur5943485088142138113905944225240184NR200161623002933582741604856531329107782579055393214534754  The nilgiris61454752100137148128935954242238168NR20315875210325060214750525353808087287409827684130583753  Thoothukudi5538456590127138110855646231225181NR198165663201030602540506055621158776178408652373114504353  Viluppuram5940474790137123111895648204217170NR19916969NR2937552535504450471108267175488852313413454068  Virudhunagar6535456482126130103776145263235189NR201172792932847623741555555541077255972328550312313622725  Kanniyakumari6239395385127125106765641247231187NR202168662592532652834403753411007696078408443312914402550  Namakkal6541476393130142115905644216215167NR19716265NR2634673441405149471136647172508152393112625060  Tiruvannamalai6441464887137142118885943225201172NR200164683102737572745584752561138396275638945472915524350  TiruvarurNRNRNRNRNRNRNRNRNRNRNRNRNRNRNRNRNRNRNRNRNRNRNRNRNRNRNRNRNRNRNRNRNRNRNRNRNRNRNRNRNR  Tiruppur59374754109142145121855943255234175NR19916373265283063274555605561987256078378347412418574733  Tenkasi5640465985126134111NR5846233NR166NR191165702753035602036525658551028356478408847433113495045  Nagapattinam6539526797140136122985944258230186NR19515368NR2834533148624955591259307184569051453317534458  KrishnagiriNRNRNRNRNRNRNRNRNRNRNRNRNRNRNRNRNRNRNRNRNRNRNRNRNRNRNRNRNRNRNRNRNRNRNRNRNRNRNRNRNR  Ariyalur6536344690132133109905744231209187NR192167712932640624045455055531098386672389045502714534842  Kallakurichi5940496692138128112895848253225176NR20316768NR3135573040505248451139298575578555343515553060  Kancheepuram6440516793140140122955944220223186NR19916181NR3045653042565253551027755278509154403414504748  Salem55NR484895128NR133996445212NR176NR17415249280NR3363294553455548837147068388342382516452732  Theni6837466189133137110855445226220165NR17715464285273557253963505852947917078409147332613503339  Chengalpattu6340485695123120128905644210205175NR16414571NR2842623741495147531137845283478531401913431945  Mayiladuthurai6040506598137117113NR6148246220198NR200156803402732673050454655631138687078439235422517624747  RanipetNRNRNRNRNRNRNRNRNRNRNRNRNRNRNRNRNRNRNRNRNRNRNRNRNRNRNRNRNRNRNRNRNRNRNRNRNRNRNRNRNR  Tirupattur6945434686130129119906140215234174NR19714774305293057303943433945967716574558945382714504042  Tiruvallur5738456689134132119955940218210169NR198160692982745653036595552591007626078508450412413574549  TelanganaHyderabad644141418011712810882646319320714818019015162250203047223563445044926536087408245312416522545  Karimnagar58NR445482125128115866566197205153NR196152672992530462144474455449765359674110740372415423643  Warangal61NR424983122134113866265198209136143199150612751930442737484154418556060834011745352514432647  Adilabad65NR425081117123112846080192192181187195150652902925653038454349447973259725010349392515452242  Suryapet60NR4446881261321141006765193192181184200145652652230533039574148398762262804410246382515502748  Jadcherla63NR42498612613211890646519018814917619314862292203960243549395342825286082319244372515452848  Khammam60NR475289128132120956367191176145164187154603002030542537473552348851760813310843432516432648  Medchal6444454790131128115806464197220165168190143602502228472540504453459053861823511543352617503445  Nizamabad5933414684124134115866366195199201173193154652522328472241484450448162567793510546352619463347  Sangareddy6433505585128133118966865193200148NR198145654122532502241585155489765959724210543392516574050  Kothagudem60NR475292133130126957181189NR146NR20314462347324259254353435451917446171418740332613442644  LadakhLeh53NRNRNR140NR1471281305870NR220NRNRNRNR8064030485770NRNR70NR4412067758846310337613918905050  Kargil45NRNR40127135115115904866NR159160159NRNR476502840607060NR50NR4510067764846010080805321956060  Commodity NameCommodity NameRiceRiceWheatAtta (Wheat)Gram DalTur/Arhar DalUrad DalMoong DalMasoor DalSugarMilk @Groundnut Oil (Packed)Mustard Oil (Packed)Vanaspati (Packed)Soya Oil (Packed)Sunflower Oil (Packed)Palm Oil (Packed)GurTea LooseSalt Pack (Iodised)PotatoOnionTomatoBajra(whole)Jowar(whole)Maida(wheat)Ragi(whole)Suji(whole)BesanDesi GheeButter(Pasteurised)EggsBrinjalBlack Pepper(whole)Coriander(whole)Cummin Seed(whole)Red Chillies(whole)Turmeric(powder)BananaGIngerGarlic  Average Price1Average Price146.3933.7331.4837.1988.09124.43122.8112.1390.6559.2561.32209.95201.82168.15166.12193.22151.767277.4822.2422.7953.9239.1938.5545.0542.5955.9847.6196.7698.0260.5483.8343.1288.5243.8340.7730.4616.7449.8936.3145.13  Maximum Price1Maximum Price1716055711401821801501418585308264256220244212143698325210013085857710410016093085132157127100956035107100100  Minimum Price1Minimum Price130182230729490897345401541521241201211104515310928112122313531655074951207027251910241922  Modal Price1Modal Price1404028358512012011090606021420917616520315465300202050404040405540907146084409050353015503050  Source:- State civil supplies Dept.Note:- All India Consumption Weighted Average Prices of Oils w.e.f 23-Feb-2022 and Wheat and Atta w.e.f 25-Feb-2023 NR -> Not Reported Unit for Black Pepper (powder),Coriander (powder),Cummin Seed (powder),Red Chillies (powder),Turmeric (powder),Butter (Pasteurised) - Rs/100gm Unit for Eggs - Rs/Dozen Developed by:- National Informatics Centre(NIC)",,,,,,,,,,,,,,,,,,,,,,,,,,,,,,,,,,,,,,,,,,,2026-09-15
"Source:- State civil supplies Dept.Note:- All India Consumption Weighted Average Prices of Oils w.e.f 23-Feb-2022 and Wheat and Atta w.e.f 25-Feb-2023 NR -> Not Reported Unit for Black Pepper (powder),Coriander (powder),Cummin Seed (powder),Red Chillies (powder),Turmeric (powder),Butter (Pasteurised) - Rs/100gm Unit for Eggs - Rs/Dozen Developed by:- National Informatics Centre(NIC)",,,,,,,,,,,,,,,,,,,,,,,,,,,,,,,,,,,,,,,,,,,2026-09-15
Source:- State civil supplies Dept.,Note:- All India Consumption Weighted Average Prices of Oils w.e.f 23-Feb-2022 and Wheat and Atta w.e.f 25-Feb-2023,NR -> Not Reported,,,,,,,,,,,,,,,,,,,,,,,,,,,,,,,,,,,,,,,,,2026-09-15
"Unit for Black Pepper (powder),Coriander (powder),Cummin Seed (powder),Red Chillies (powder),Turmeric (powder),Butter (Pasteurised) - Rs/100gm","Unit for Black Pepper (powder),Coriander (powder),Cummin Seed (powder),Red Chillies (powder),Turmeric (powder),Butter (Pasteurised) - Rs/100gm",,,,,,,,,,,,,,,,,,,,,,,,,,,,,,,,,,,,,,,,,,2026-09-15
,Unit for Eggs - Rs/Dozen,,,,,,,,,,,,,,,,,,,,,,,,,,,,,,,,,,,,,,,,,,2026-09-15
Developed by:- National Informatics Centre(NIC),Developed by:- National Informatics Centre(NIC),,,,,,,,,,,,,,,,,,,,,,,,,,,,,,,,,,,,,,,,,,2026-09-15
,,,,,,,,,,,,,,,,,,,,,,,,,,,,,,,,,,,,,,,,,,,2026-09-15
