State,Centre,Rice,Broken Rice,Wheat,Atta (Wheat),Gram Dal,Tur/Arhar Dal,Urad Dal,Moong Dal,Masoor Dal,Sugar,Milk @,Groundnut Oil (Packed),Mustard Oil (Packed),Vanaspati (Packed),Soya Oil (Packed),Sunflower Oil (Packed),Palm Oil (Packed),Gur,Tea Loose,Salt Pack (Iodised),Potato,Onion,Tomato,Bajra (whole),Jowar (whole),Maida (wheat),Ragi (whole),Suji (whole),Besan,Desi Ghee,Butter (Pasteurised),Eggs,Brinjal,Black Pepper (whole),Coriander (whole),Cummin Seed (whole),Red Chillies (whole),Turmeric (powder),Banana,Ginger,Garlic,Date
Unit,Qty,1 Kg,1 Kg,1 Kg,1 Kg,1 Kg,1 Kg,1 Kg,1 Kg,1 Kg,1 Kg,1 ltr,1 Kg,1 Kg,1 Kg,1 Kg,1 Kg,1 Kg,1 Kg,1 Kg,1 Kg,1 Kg,1 Kg,1 Kg,1 Kg,1 Kg,1 Kg,1 Kg,1 Kg,1 Kg,1 Kg,100 gm,Dozen,1 Kg,100 gm,250 gm,100 gm,100 gm,50 gm,1 Kg,100 gm,100 gm,2026-09-25
Average Price,Average Price,46.6,33.99,31.97,37.72,88.79,125.6,123.34,112.31,90.71,56.44,61.44,209.6,203.5,168.28,166.7,193.75,153.25,66.55,277.3,22.42,22.83,54.38,39.51,38.7,45.33,42.81,55.77,47.63,96.62,702.66,60.71,83.67,43.61,88.62,43.99,40.73,30.51,16.82,49.96,36.21,45.59,2026-09-25
Maximum Price,Maximum Price,70,60,55,75,140,163,180,150,141,80,85,308,302,264,225,271,220,143,698,32,60,100,120,85,89,87,104,103,150,930,85,120,190,127,100,95,60,35,117,102,102,2026-09-25
Minimum Price,Minimum Price,30,18,23,29,70,99,90,89,73,45,40,154,152,125,120,121,110,45,153,10,10,29,11,21,22,30,32,31,65,507,46,51,19,70,27,25,19,10,23,20,23,2026-09-25
Modal Price,Modal Price,40,35,28,35,85,120,120,110,90,55,60,214,209,154,159.5,198,154,65,300,20,20,55,40,40,40,40,55,40,90,714,60,84,40,80,40,35,30,15,50,30,50,2026-09-25
NORTH ZONE,NORTH ZONE,,,,,,,,,,,,,,,,,,,,,,,,,,,,,,,,,,,,,,,,,,2026-09-25
Chandigarh,Chandigarh,45,34,32,39,88,125,123,112,90,59,61,215,210,174,174,196,154,63,275,28,22,55,41,39,45,43,56,47,97,703,60,84,43,88,43,40,30,17,52,38,45,2026-09-25
Delhi,Delhi,45,38,35,36,92,128,137,120,90,55,59,231,207,187,198,220,181,73,237,29,23,55,43,34,39,40,61,43,93,686,61,78,60,93,60,32,33,15,57,42,60,2026-09-25
Haryana,Hisar,41,39,30,34,85,125,115,110,87,58,62,229,201,167,161,183,134,59,252,29,21,60,47,27,38,39,65,40,90,646,60,77,50,83,41,39,35,15,70,28,50,2026-09-25
Haryana,Karnal,NR,NR,NR,NR,NR,NR,NR,NR,NR,NR,NR,NR,NR,NR,NR,NR,NR,NR,NR,NR,NR,NR,NR,NR,NR,NR,NR,NR,NR,NR,NR,NR,NR,NR,NR,NR,NR,NR,NR,NR,NR,2026-09-25
Haryana,Panchkula,NR,NR,NR,NR,NR,NR,NR,NR,NR,NR,NR,NR,NR,NR,NR,NR,NR,NR,NR,NR,NR,NR,NR,NR,NR,NR,NR,NR,NR,NR,NR,NR,NR,NR,NR,NR,NR,NR,NR,NR,NR,2026-09-25
Haryana,Gurgaon,45,42,28,34,82,119,135,107,78,55,69,213,213,192,159,154,123,65,290,18,24,60,50,23,26,30,35,40,83,534,60,62,20,90,32,50,30,16,60,50,50,2026-09-25
Himachal Pradesh,Shimla,40,NR,NR,35,89,132,131,120,87,62,60,247,234,187,183,NR,NR,60,243,31,28,55,40,33,NR,39,NR,39,90,688,60,88,40,82,34,38,23,17,53,42,47,2026-09-25
Himachal Pradesh,Mandi,41,NR,NR,36,94,130,134,115,87,62,62,237,224,192,176,190,NR,67,260,32,20,53,41,37,NR,38,NR,38,95,688,58,90,38,89,50,31,32,16,54,38,45,2026-09-25
Himachal Pradesh,Dharamshala,38,NR,NR,32,86,129,127,117,89,65,44,NR,218,177,167,NR,NR,54,235,32,20,60,40,34,NR,35,NR,40,93,630,59,84,40,97,49,42,34,15,60,30,40,2026-09-25
Himachal Pradesh,Solan,40,NR,NR,34,89,126,130,115,91,59,55,226,225,178,162,181,NR,67,230,30,25,50,40,36,38,34,NR,34,100,644,59,86,40,91,44,35,34,17,60,28,43,2026-09-25
Himachal Pradesh,Una,39,NR,NR,34,91,116,123,102,87,61,69,NR,208,194,180,NR,NR,64,249,31,15,57,37,34,NR,35,NR,35,99,718,63,109,23,98,63,35,29,17,59,24,49,2026-09-25
Himachal Pradesh,Bilaspur-hp,41,NR,NR,34,87,127,129,112,86,58,66,NR,198,195,177,NR,NR,69,200,31,19,60,43,33,60,37,62,37,82,740,63,96,40,87,47,31,33,13,54,22,60,2026-09-25
Himachal Pradesh,Chamba,38,45,NR,39,87,127,125,118,89,60,55,NR,203,185,181,NR,NR,66,235,30,25,63,50,49,59,39,60,40,90,644,60,89,44,88,52,35,36,19,55,51,56,2026-09-25
Himachal Pradesh,Hamirpur-HP,40,NR,NR,34,86,126,123,108,82,59,69,NR,226,190,173,NR,NR,66,265,31,26,58,43,33,48,37,NR,36,83,641,62,94,38,87,42,37,33,16,53,38,48,2026-09-25
Himachal Pradesh,Kullu,40,NR,NR,36,88,130,127,110,84,60,50,NR,231,181,184,NR,NR,65,220,31,28,60,40,NR,NR,37,NR,37,97,707,61,90,43,90,33,32,32,12,55,60,60,2026-09-25
Himachal Pradesh,Sirmour,41,NR,NR,35,90,125,125,115,85,55,51,233,210,178,162,NR,NR,60,273,30,25,60,40,36,NR,35,NR,36,95,610,62,85,50,92,36,45,32,19,60,50,51,2026-09-25
Himachal Pradesh,Kinnaur,40,NR,NR,37,88,127,126,104,80,57,60,NR,235,186,203,NR,NR,55,260,31,27,70,60,NR,NR,40,NR,44,92,919,62,100,50,100,48,46,42,15,50,45,50,2026-09-25
Himachal Pradesh,Lahaul & Spiti,41,NR,NR,37,94,123,123,114,95,61,51,NR,242,214,NR,NR,NR,58,480,32,27,56,52,NR,NR,35,NR,34,84,600,63,97,46,79,35,36,28,15,55,37,41,2026-09-25
Jammu and Kashmir,Srinagar,45,25,41,45,93,146,125,130,107,60,55,NR,214,185,179,187,NR,60,320,32,25,66,35,NR,NR,60,NR,53,113,681,62,80,50,100,53,73,40,20,80,50,40,2026-09-25
Jammu and Kashmir,Jammu,50,37,31,36,84,112,119,118,91,59,56,NR,227,176,173,171,118,63,303,30,25,60,40,36,58,57,68,60,109,643,60,94,40,92,63,47,33,21,52,39,41,2026-09-25
Jammu and Kashmir,Poonch,49,39,35,46,105,158,129,120,112,61,80,NR,231,188,188,NR,NR,70,363,30,25,68,46,NR,NR,52,NR,55,120,727,65,84,51,85,47,31,32,15,77,41,47,2026-09-25
Jammu and Kashmir,Kupwara,47,NR,38,41,103,NR,130,127,119,67,55,NR,229,187,185,NR,NR,58,497,30,25,72,47,NR,NR,38,NR,51,117,729,62,75,53,79,39,51,32,14,107,33,40,2026-09-25
Jammu and Kashmir,Udhampur,NR,NR,NR,NR,NR,NR,NR,NR,NR,NR,NR,NR,NR,NR,NR,NR,NR,NR,NR,NR,NR,NR,NR,NR,NR,NR,NR,NR,NR,NR,NR,NR,NR,NR,NR,NR,NR,NR,NR,NR,NR,2026-09-25
Jammu and Kashmir,Shopian,40,NR,37,49,122,120,120,122,105,71,50,NR,241,175,NR,NR,NR,70,300,30,27,60,50,NR,NR,45,NR,45,127,758,60,80,20,100,58,NR,NR,NR,82,NR,23,2026-09-25
Jammu and Kashmir,Samba,NR,NR,NR,NR,NR,NR,NR,NR,NR,NR,NR,NR,NR,NR,NR,NR,NR,NR,NR,NR,NR,NR,NR,NR,NR,NR,NR,NR,NR,NR,NR,NR,NR,NR,NR,NR,NR,NR,NR,NR,NR,2026-09-25
Jammu and Kashmir,Ramban,NR,NR,NR,NR,NR,NR,NR,NR,NR,NR,NR,NR,NR,NR,NR,NR,NR,NR,NR,NR,NR,NR,NR,NR,NR,NR,NR,NR,NR,NR,NR,NR,NR,NR,NR,NR,NR,NR,NR,NR,NR,2026-09-25
Jammu and Kashmir,Rajouri,NR,NR,NR,NR,NR,NR,NR,NR,NR,NR,NR,NR,NR,NR,NR,NR,NR,NR,NR,NR,NR,NR,NR,NR,NR,NR,NR,NR,NR,NR,NR,NR,NR,NR,NR,NR,NR,NR,NR,NR,NR,2026-09-25
Jammu and Kashmir,Kishtwar,50,40,NR,40,100,120,130,120,115,50,50,NR,241,164,142,NR,NR,51,300,28,30,60,50,32,NR,40,NR,40,100,692,58,96,60,NR,NR,60,30,20,100,50,70,2026-09-25
Jammu and Kashmir,Doda,NR,NR,NR,NR,NR,NR,NR,NR,NR,NR,NR,NR,NR,NR,NR,NR,NR,NR,NR,NR,NR,NR,NR,NR,NR,NR,NR,NR,NR,NR,NR,NR,NR,NR,NR,NR,NR,NR,NR,NR,NR,2026-09-25
Jammu and Kashmir,Baramulla,NR,NR,NR,NR,NR,NR,NR,NR,NR,NR,NR,NR,NR,NR,NR,NR,NR,NR,NR,NR,NR,NR,NR,NR,NR,NR,NR,NR,NR,NR,NR,NR,NR,NR,NR,NR,NR,NR,NR,NR,NR,2026-09-25
Jammu and Kashmir,Reasi,NR,NR,NR,NR,NR,NR,NR,NR,NR,NR,NR,NR,NR,NR,NR,NR,NR,NR,NR,NR,NR,NR,NR,NR,NR,NR,NR,NR,NR,NR,NR,NR,NR,NR,NR,NR,NR,NR,NR,NR,NR,2026-09-25
Jammu and Kashmir,Kathua,NR,NR,NR,NR,NR,NR,NR,NR,NR,NR,NR,NR,NR,NR,NR,NR,NR,NR,NR,NR,NR,NR,NR,NR,NR,NR,NR,NR,NR,NR,NR,NR,NR,NR,NR,NR,NR,NR,NR,NR,NR,2026-09-25
Punjab,Amritsar,40,32,28,33,84,137,135,112,90,52,59,238,209,175,158,192,NR,69,273,29,20,52,38,35,38,40,61,39,90,692,60,83,42,95,47,30,29,12,50,33,52,2026-09-25
Punjab,Ludhiana,43,37,28,37,87,139,137,118,100,54,67,234,216,178,172,205,NR,76,280,28,18,60,40,34,48,41,62,48,102,604,52,80,48,93,55,42,25,19,47,37,50,2026-09-25
Punjab,Bathinda,40,31,28,33,85,135,137,113,90,52,58,242,212,181,157,196,145,70,273,29,17,57,38,33,40,38,60,38,95,683,60,83,40,95,47,30,29,13,47,33,53,2026-09-25
Punjab,Barnala,40,42,27,33,90,135,127,112,100,54,67,246,194,181,148,205,150,65,273,32,16,57,45,36,38,40,NR,45,90,698,58,95,42,90,55,40,32,16,50,35,42,2026-09-25
Punjab,Hoshiarpur,36,33,28,37,84,124,119,112,106,55,71,228,201,177,143,158,126,69,273,25,15,50,45,38,33,45,65,47,91,629,55,80,38,100,50,45,35,15,60,31,50,2026-09-25
Punjab,Faridkot,41,35,30,34,85,133,133,114,91,54,73,237,190,177,149,200,137,75,280,30,18,55,39,32,47,40,75,40,93,663,60,85,38,91,48,33,30,14,47,32,50,2026-09-25
Punjab,Mansa,40,39,27,33,88,132,135,115,97,54,61,NR,207,174,156,NR,137,77,280,29,20,58,43,40,40,39,62,38,92,659,58,92,42,92,42,35,30,16,50,43,58,2026-09-25
Punjab,Sri Muktsar Sahib,41,41,28,33,88,140,140,117,90,53,66,218,187,176,148,176,132,70,287,29,16,58,42,29,50,39,68,39,93,639,61,72,33,90,53,33,27,14,50,32,52,2026-09-25
Punjab,Dera Bassi,40,36,28,33,90,133,135,117,97,55,61,NR,209,176,161,NR,NR,77,268,29,18,58,40,39,41,38,62,40,90,681,60,93,37,95,41,35,32,16,50,40,57,2026-09-25
Punjab,Sangrur,40,27,30,34,90,135,140,108,88,54,65,246,198,193,190,196,177,60,263,32,15,55,40,35,45,40,67,40,100,710,60,84,30,95,60,45,30,15,50,40,50,2026-09-25
Punjab,Ropar,40,38,27,33,88,133,135,117,97,53,61,240,205,176,160,NR,141,75,277,29,19,58,40,37,42,39,58,39,93,676,60,90,40,93,44,36,31,15,47,40,57,2026-09-25
Punjab,Amargarh,42,27,30,34,90,135,140,108,85,55,65,245,198,193,193,195,181,60,250,32,13,55,40,35,45,40,NR,40,95,725,60,84,35,95,65,50,30,15,45,35,45,2026-09-25
Punjab,Fatehgarh Sahib,47,32,29,35,97,135,122,115,105,56,60,256,198,180,178,201,125,61,290,30,15,57,38,28,45,37,65,40,95,622,60,78,45,95,45,48,38,19,50,24,36,2026-09-25
Punjab,Ferozepur,NR,NR,NR,NR,NR,NR,NR,NR,NR,NR,NR,NR,NR,NR,NR,NR,NR,NR,NR,NR,NR,NR,NR,NR,NR,NR,NR,NR,NR,NR,NR,NR,NR,NR,NR,NR,NR,NR,NR,NR,NR,2026-09-25
Punjab,Kapurthala,37,31,30,39,70,133,123,110,95,52,70,231,200,167,148,180,154,65,280,30,17,52,40,43,50,40,62,42,92,692,63,80,35,95,32,35,35,13,52,25,50,2026-09-25
Uttar Pradesh,Lucknow,41,32,30,32,85,120,120,100,75,50,65,214,203,166,177,188,160,65,258,20,19,52,37,35,45,35,57,38,93,617,60,90,38,88,45,40,30,15,48,35,40,2026-09-25
Uttar Pradesh,Kanpur,40,23,28,33,100,123,116,102,90,55,60,194,205,156,147,158,133,65,236,26,20,49,35,36,41,45,NR,36,89,584,55,75,19,100,31,40,33,19,50,35,38,2026-09-25
Uttar Pradesh,Varanasi,47,34,28,38,84,127,125,104,81,57,69,214,204,178,176,203,182,70,235,22,21,45,39,37,56,40,NR,41,104,742,66,88,39,86,34,33,29,18,47,29,44,2026-09-25
Uttar Pradesh,Agra,45,29,31,34,82,114,98,90,75,50,70,221,200,183,178,205,185,65,251,27,19,52,40,22,40,40,NR,43,100,803,62,95,38,80,49,30,31,15,37,40,53,2026-09-25
Uttar Pradesh,Jhansi,53,34,29,35,82,132,127,108,83,54,68,218,187,180,149,201,132,67,233,22,20,50,33,32,38,38,68,43,93,689,60,78,40,95,50,38,30,20,40,40,52,2026-09-25
Uttar Pradesh,Meerut,36,32,33,36,89,119,118,89,87,55,66,195,181,182,180,187,179,50,287,20,19,50,39,37,37,39,67,37,97,654,62,85,32,85,36,35,33,16,50,29,39,2026-09-25
Uttar Pradesh,Allahabad,57,26,29,35,89,121,135,127,96,53,56,222,207,179,164,201,150,66,337,30,19,42,39,36,37,41,48,41,99,670,63,78,37,88,43,38,29,19,44,53,62,2026-09-25
Uttar Pradesh,Gorakhpur,45,24,28,36,84,118,116,108,85,57,55,202,200,158,158,168,125,63,225,22,20,49,36,36,35,34,51,36,92,615,56,80,37,78,33,38,24,16,55,26,32,2026-09-25
Uttar Pradesh,Saharanpur,40,28,26,32,82,117,117,110,88,50,58,NR,175,155,154,172,139,55,242,21,16,50,39,33,NR,36,NR,39,91,570,60,80,37,83,35,37,25,11,49,31,45,2026-09-25
Uttar Pradesh,Bareilly,38,34,27,35,91,122,132,110,103,51,72,221,201,174,174,191,167,70,287,26,10,42,37,28,41,39,56,38,90,721,60,79,38,83,49,33,29,16,45,27,37,2026-09-25
Uttar Pradesh,Ayodhya,38,32,32,35,90,118,125,110,95,52,60,198,198,187,176,174,143,60,250,28,20,45,40,45,45,45,60,45,110,835,60,72,40,95,45,50,30,20,50,25,40,2026-09-25
Uttar Pradesh,Moradabad,39,27,27,32,83,117,116,107,86,48,60,189,187,171,161,180,141,57,236,21,17,51,44,34,40,36,54,38,90,676,57,78,34,84,35,37,26,17,49,34,46,2026-09-25
Uttar Pradesh,Aligarh,41,31,28,34,82,118,116,109,86,56,56,201,193,161,158,186,143,64,247,20,19,51,36,34,41,38,50,42,91,613,55,78,37,85,39,39,25,15,45,35,39,2026-09-25
Uttar Pradesh,Mirzapur (Vindhyanchal),34,25,26,34,84,115,110,104,84,59,51,184,179,150,137,148,113,55,218,22,16,45,45,31,41,35,50,42,96,683,62,86,36,82,31,39,25,15,47,39,42,2026-09-25
Uttar Pradesh,Banda,37,26,28,33,81,118,110,101,80,55,55,225,203,172,148,179,NR,65,158,19,12,57,37,42,58,37,69,39,86,604,60,82,37,83,41,32,29,21,48,33,50,2026-09-25
Uttar Pradesh,Azamgarh,30,25,30,34,84,122,120,116,88,54,61,NR,215,183,182,201,178,70,281,28,14,53,40,36,41,35,48,37,107,764,61,94,30,85,43,36,30,18,50,39,40,2026-09-25
Uttar Pradesh,Gonda (Devipatan),39,25,27,35,85,118,128,125,88,54,53,214,205,167,168,176,128,65,257,20,15,50,38,39,37,37,62,49,100,622,58,85,38,85,34,40,25,20,42,25,43,2026-09-25
Uttar Pradesh,Amethi,36,26,28,35,84,118,128,120,90,55,55,235,225,181,185,192,142,68,249,20,20,50,40,37,40,39,53,41,93,663,60,82,34,85,41,40,29,17,50,37,44,2026-09-25
Uttar Pradesh,Barabanki,43,29,29,35,77,115,118,109,78,51,60,200,190,168,167,175,130,61,225,22,17,48,36,31,45,37,45,36,98,612,59,110,27,85,31,42,30,15,46,30,30,2026-09-25
Uttar Pradesh,Bhadohi,32,22,27,35,85,100,125,115,85,54,72,212,198,176,161,187,126,70,215,22,14,45,40,33,39,37,49,40,70,692,62,72,30,90,40,35,30,16,60,35,50,2026-09-25
Uttar Pradesh,Chandauli,35,23,27,35,80,120,117,115,80,50,59,225,198,187,143,197,121,65,247,19,12,48,29,32,52,34,60,40,89,634,56,88,45,81,36,39,28,16,40,26,40,2026-09-25
Uttar Pradesh,Farrukhabad,50,30,27,32,87,115,128,110,90,52,65,226,219,165,159,220,131,66,187,19,11,47,33,25,NR,37,NR,40,98,659,61,82,39,80,39,33,25,16,40,30,48,2026-09-25
Uttar Pradesh,Ghazipur,41,31,28,35,85,124,121,114,95,51,64,201,193,158,156,192,146,67,272,23,13,50,37,35,46,40,57,47,102,721,65,90,41,86,34,33,30,18,38,33,48,2026-09-25
Uttar Pradesh,Jaunpur,45,35,28,35,85,124,122,113,84,51,65,214,204,167,161,186,135,67,273,23,19,54,32,40,45,39,55,39,89,718,59,86,35,89,42,41,29,19,52,47,45,2026-09-25
Uttar Pradesh,UP-Pratapgarh,41,25,28,32,79,117,119,115,85,54,54,214,205,169,159,175,128,70,251,20,13,49,34,31,35,39,48,39,96,570,58,79,39,89,36,30,27,16,36,31,43,2026-09-25
Uttar Pradesh,Sambhal,42,22,28,33,85,105,115,100,95,51,57,200,186,156,144,158,144,59,259,19,15,53,39,27,NR,36,NR,37,99,662,62,92,28,81,49,41,31,17,47,49,49,2026-09-25
Uttar Pradesh,Santkabir Nagar,44,39,26,35,76,122,117,114,77,59,67,215,221,164,152,173,123,49,265,30,16,50,40,38,40,39,89,46,98,734,61,90,46,100,39,52,29,20,48,32,36,2026-09-25
Uttar Pradesh,Shahjahanpur,32,19,28,33,82,119,108,110,103,55,57,183,178,148,136,159,127,59,222,20,14,46,39,26,32,34,52,37,88,553,55,89,24,87,30,34,24,11,43,25,35,2026-09-25
Uttar Pradesh,Sitapur,39,28,28,35,85,113,110,108,85,55,60,195,180,150,146,158,134,61,230,20,19,50,39,30,35,36,55,40,92,637,59,75,32,80,35,40,30,15,47,27,37,2026-09-25
Uttar Pradesh,Sultanpur,42,30,31,33,85,120,117,108,87,53,58,205,189,167,159,183,156,63,267,20,20,50,37,37,41,41,52,43,91,663,57,80,40,85,35,36,27,15,45,30,38,2026-09-25
Uttar Pradesh,Unnao,42,31,28,31,90,122,120,108,88,55,60,211,200,165,161,179,150,67,253,20,20,50,38,37,42,38,55,42,98,586,60,84,40,88,38,38,29,16,48,38,45,2026-09-25
Uttar Pradesh,Ambedkar Nagar,39,23,26,35,79,121,129,130,90,51,59,225,219,165,162,161,138,65,204,28,16,50,40,38,38,35,75,41,88,727,63,80,39,80,38,40,32,20,50,35,40,2026-09-25
Uttar Pradesh,Amroha,43,23,28,34,82,120,117,97,88,52,61,250,181,152,158,176,136,66,233,22,18,51,39,31,43,38,43,40,93,725,60,74,34,85,45,39,33,19,37,42,44,2026-09-25
Uttar Pradesh,Baghpat,44,37,NR,32,87,132,127,112,102,50,70,222,212,176,172,176,143,68,210,29,20,53,40,36,52,36,67,40,95,655,60,90,40,85,34,35,26,12,38,32,50,2026-09-25
Uttar Pradesh,Bijnor,44,25,28,35,80,101,108,92,82,54,58,211,200,164,175,197,156,65,278,21,12,49,31,32,42,41,52,41,98,608,57,84,37,87,41,35,31,12,42,31,42,2026-09-25
Uttar Pradesh,Budaun,38,24,25,30,86,112,104,99,94,56,65,214,184,179,168,183,129,55,280,21,12,54,35,26,46,39,65,38,93,615,59,70,32,90,30,39,26,11,41,25,25,2026-09-25
Uttar Pradesh,Etah,44,33,29,35,83,118,115,110,90,57,61,207,198,161,156,181,115,58,270,22,19,48,40,31,NR,39,NR,41,90,677,60,74,33,93,32,40,32,18,45,30,40,2026-09-25
Uttar Pradesh,Fatehpur,46,24,28,35,87,119,133,117,91,52,61,212,202,173,163,180,131,69,237,20,15,52,38,32,36,39,49,38,96,629,61,79,38,86,37,39,27,18,39,29,43,2026-09-25
Uttar Pradesh,Ghaziabad,39,32,30,34,82,119,117,109,91,53,58,232,199,178,171,185,155,69,202,22,16,48,38,29,42,39,52,43,99,639,62,86,37,88,45,38,32,16,43,39,47,2026-09-25
Uttar Pradesh,Hardoi,44,34,28,35,85,124,117,103,90,54,59,208,197,164,160,188,141,58,244,20,17,45,38,35,37,40,55,45,97,624,60,83,38,86,42,40,30,16,45,27,44,2026-09-25
Uttar Pradesh,Jalaun,46,25,30,35,85,120,102,102,90,55,62,182,175,154,130,165,117,62,227,20,15,50,35,35,42,39,NR,45,97,575,61,81,40,90,40,40,30,18,40,33,45,2026-09-25
Uttar Pradesh,Kaushambi,46,26,26,36,84,122,129,113,88,53,55,211,201,177,164,195,132,69,237,21,19,52,38,32,36,37,52,39,90,615,57,82,42,85,41,35,28,17,32,33,43,2026-09-25
Uttar Pradesh,Kushinagar,36,28,26,36,82,118,114,118,82,53,69,186,197,157,166,159,135,72,221,27,14,50,52,40,41,39,45,40,96,618,61,61,30,88,39,38,29,13,47,38,31,2026-09-25
Uttar Pradesh,Lakhimpur Kheri,37,27,30,33,88,118,112,110,92,54,60,203,192,150,153,168,112,65,228,20,20,50,40,32,35,35,60,36,92,676,60,73,32,78,35,44,32,18,45,25,44,2026-09-25
Uttar Pradesh,Pilibhit,46,39,30,34,90,115,120,115,98,52,58,223,207,174,172,196,146,58,253,20,16,43,35,32,50,38,70,38,98,699,60,86,38,87,52,38,32,17,23,32,58,2026-09-25
Uttar Pradesh,Sharwasti,40,25,28,40,80,125,125,115,80,55,60,194,220,170,181,NR,124,60,218,29,18,50,28,NR,NR,40,NR,40,98,582,60,80,20,87,40,40,20,15,30,38,40,2026-09-25
Uttar Pradesh,Siddharth Nagar,40,29,29,35,88,124,131,114,82,54,65,219,208,171,164,167,131,73,237,23,14,54,29,40,45,35,57,37,92,646,59,83,35,72,39,35,25,20,30,28,39,2026-09-25
Uttar Pradesh,Sonbhadra,35,28,26,31,75,115,105,102,80,54,45,176,165,152,132,154,121,68,210,24,16,52,38,27,40,33,50,34,80,621,65,68,35,85,33,32,25,14,45,20,25,2026-09-25
Uttar Pradesh,Rampur,53,27,27,29,78,107,116,102,101,51,61,192,191,154,156,160,143,48,268,24,18,48,38,30,44,36,NR,36,98,635,65,81,36,95,36,36,29,15,47,30,44,2026-09-25
Uttar Pradesh,Bahraich,37,27,28,33,89,128,120,114,90,55,56,194,196,157,154,161,124,50,250,25,21,45,39,37,35,36,66,36,106,646,56,82,24,73,27,36,23,19,53,21,37,2026-09-25
Uttar Pradesh,Basti,40,28,31,35,87,121,121,100,77,52,57,211,204,167,159,154,133,75,241,22,16,53,31,39,47,35,49,35,92,611,57,83,37,77,37,39,26,21,35,33,39,2026-09-25
Uttar Pradesh,Etawah,45,NR,27,32,85,120,116,110,86,54,65,214,201,169,167,NR,171,68,269,22,17,44,27,32,NR,41,55,43,94,703,60,84,40,82,38,42,28,16,45,31,46,2026-09-25
Uttar Pradesh,Muzzafarnagar,39,30,28,34,86,120,119,110,90,52,58,188,180,158,160,181,146,59,246,20,16,50,40,38,40,36,NR,37,90,525,58,74,40,80,40,35,25,12,45,25,50,2026-09-25
Uttar Pradesh,Chitrakoot,42,24,25,32,84,110,108,95,82,53,50,192,209,167,166,180,138,64,220,15,20,52,45,32,35,41,60,48,85,637,58,96,40,80,38,42,23,15,45,40,57,2026-09-25
Uttar Pradesh,Hamirpur-UP,43,23,28,33,80,118,120,100,80,54,72,209,198,154,171,198,148,63,211,17,20,45,35,NR,NR,37,NR,38,97,640,60,84,40,80,43,45,31,19,56,35,47,2026-09-25
Uttar Pradesh,Deoria,36,22,29,32,82,115,118,107,85,52,61,225,202,154,143,224,118,57,228,19,16,54,45,38,41,35,45,36,90,600,59,58,42,82,29,41,27,18,33,32,33,2026-09-25
Uttar Pradesh,Hapur,37,26,28,37,80,138,136,126,123,52,63,208,203,172,181,186,163,65,220,26,11,50,40,43,41,40,47,40,100,736,63,102,33,97,48,47,33,12,58,40,39,2026-09-25
Uttar Pradesh,Bulandshahr,42,36,27,32,93,103,113,107,83,50,70,NR,190,160,172,158,156,51,222,19,19,48,30,35,42,36,56,36,100,597,56,72,30,87,30,47,27,15,32,42,42,2026-09-25
Uttar Pradesh,Kanpur Dehat,38,25,27,32,82,112,127,99,82,55,67,205,194,151,159,180,128,69,223,23,18,49,35,31,33,37,57,37,89,613,60,88,35,79,34,35,25,15,45,33,47,2026-09-25
Uttar Pradesh,Hathras,39,31,28,33,83,123,113,104,83,55,61,211,205,170,166,193,154,52,248,20,18,42,35,25,30,34,35,39,105,698,63,73,40,87,37,40,30,13,38,33,37,2026-09-25
Uttar Pradesh,Raebareli,41,28,29,31,85,123,121,111,89,50,59,198,198,165,164,187,150,63,219,21,19,47,31,37,44,41,54,44,95,693,59,82,28,86,40,39,29,15,45,31,41,2026-09-25
Uttar Pradesh,Lalitpur,36,24,28,31,75,109,110,105,85,57,60,178,170,146,143,175,118,55,235,20,15,50,30,30,40,35,59,34,90,578,58,80,38,85,33,40,29,18,40,40,45,2026-09-25
Uttar Pradesh,Mohaba,35,29,23,30,85,112,97,97,83,53,64,179,182,155,156,188,124,58,190,23,20,42,32,31,34,35,45,37,98,597,54,76,29,84,35,42,28,17,39,43,45,2026-09-25
Uttar Pradesh,Gautam Budh Nagar,38,31,31,35,84,122,117,109,92,53,59,236,200,179,166,183,148,67,183,22,11,47,32,33,39,41,73,40,99,646,59,92,48,82,36,41,25,15,35,30,35,2026-09-25
Uttar Pradesh,Auraiya,44,26,28,37,85,123,125,104,87,55,59,197,187,156,164,166,137,66,214,23,23,50,27,29,38,42,59,39,96,684,56,93,36,83,37,41,27,15,43,48,45,2026-09-25
Uttar Pradesh,Maharajganj,37,25,28,34,84,120,120,109,80,51,58,192,198,151,158,164,143,58,213,22,16,50,37,37,44,35,51,37,91,599,58,77,35,80,35,40,30,17,38,30,30,2026-09-25
Uttar Pradesh,Balrampur,37,29,29,37,87,127,113,113,83,53,57,181,200,157,156,201,131,68,203,16,15,52,37,34,51,37,NR,38,90,683,59,74,47,88,48,40,29,15,28,28,37,2026-09-25
Uttar Pradesh,Kannauj,40,26,28,34,83,118,115,109,87,54,61,204,194,161,158,178,134,62,239,21,15,44,34,33,40,38,53,39,94,637,56,74,33,84,35,42,28,16,41,33,34,2026-09-25
Uttar Pradesh,Mathura,32,27,27,33,89,122,129,119,92,54,66,228,182,141,141,157,120,57,263,27,18,50,35,34,43,40,52,41,99,635,58,84,39,89,46,35,35,15,42,39,55,2026-09-25
Uttar Pradesh,Firozabad,42,32,31,36,83,121,121,111,87,51,60,229,201,182,181,210,166,67,268,21,21,47,33,36,42,41,55,42,93,674,61,83,42,86,41,38,29,16,47,37,42,2026-09-25
Uttar Pradesh,Kasganj,45,33,27,35,87,124,112,113,95,56,62,222,205,174,178,203,159,65,248,21,20,52,40,23,NR,40,NR,42,98,635,58,77,40,85,39,47,30,13,42,38,42,2026-09-25
Uttar Pradesh,Mainpuri,38,30,28,32,88,132,120,113,88,59,65,220,211,171,189,189,155,51,260,24,18,52,29,24,22,39,40,38,105,700,55,70,35,85,47,43,25,21,36,20,26,2026-09-25
Uttar Pradesh,Shamli,40,27,27,30,80,120,122,108,87,49,51,192,187,156,152,165,132,59,230,18,16,52,33,27,40,38,58,38,90,541,63,82,30,88,45,33,29,13,47,25,52,2026-09-25
Uttar Pradesh,Ballia,41,24,29,34,84,119,116,110,91,55,59,206,189,155,154,167,131,61,246,19,14,52,31,30,42,38,54,39,94,630,55,79,36,85,38,38,29,17,44,45,51,2026-09-25
Uttar Pradesh,Mau,40,22,25,34,83,115,112,108,87,55,55,193,184,149,148,150,121,65,222,22,16,51,40,NR,NR,36,NR,38,91,637,55,76,40,89,55,38,30,15,30,47,46,2026-09-25
Uttarakhand,Dehradun,42,31,28,35,95,130,128,129,94,55,67,187,209,176,170,187,NR,70,250,32,20,60,40,35,NR,40,32,40,100,681,59,72,40,110,59,40,40,20,60,40,50,2026-09-25
Uttarakhand,Haldwani,45,50,28,35,99,142,135,133,93,58,62,232,210,156,190,191,168,67,272,32,29,54,31,41,50,41,50,44,97,700,60,84,36,100,49,40,33,18,53,22,45,2026-09-25
Uttarakhand,Rudrapur,45,35,32,38,90,128,120,119,90,52,61,230,208,198,196,201,NR,63,270,30,16,55,40,34,36,38,50,42,95,710,63,73,39,92,37,40,31,18,50,30,35,2026-09-25
Uttarakhand,Haridwar,44,31,31,39,92,139,123,116,90,54,63,230,208,171,160,183,NR,64,290,28,15,60,41,41,NR,41,51,44,100,665,58,79,45,94,44,42,34,17,63,21,35,2026-09-25
WEST ZONE,WEST ZONE,,,,,,,,,,,,,,,,,,,,,,,,,,,,,,,,,,,,,,,,,,2026-09-25
Chhattisgarh,Raipur,37,30,32,36,82,124,122,109,83,54,61,198,231,144,177,186,156,55,216,20,24,58,50,33,28,40,45,50,87,705,56,84,41,84,43,37,29,14,32,35,50,2026-09-25
Chhattisgarh,Durg,39,35,39,40,83,115,118,113,87,55,56,187,167,155,168,177,170,54,222,18,20,60,29,42,42,35,57,45,100,769,63,74,40,80,40,40,30,10,45,55,60,2026-09-25
Chhattisgarh,Ambikapur,37,35,30,35,93,118,112,103,95,60,42,172,161,174,159,165,NR,58,255,15,20,60,30,NR,NR,40,NR,32,70,598,52,80,30,78,30,60,33,15,50,30,42,2026-09-25
Chhattisgarh,Bilaspur-CG,NR,NR,NR,NR,NR,NR,NR,NR,NR,NR,NR,NR,NR,NR,NR,NR,NR,NR,NR,NR,NR,NR,NR,NR,NR,NR,NR,NR,NR,NR,NR,NR,NR,NR,NR,NR,NR,NR,NR,NR,NR,2026-09-25
Chhattisgarh,Jagdalpur,NR,NR,NR,NR,NR,NR,NR,NR,NR,NR,NR,NR,NR,NR,NR,NR,NR,NR,NR,NR,NR,NR,NR,NR,NR,NR,NR,NR,NR,NR,NR,NR,NR,NR,NR,NR,NR,NR,NR,NR,NR,2026-09-25
Chhattisgarh,Dantewada,53,36,42,52,88,138,130,122,83,60,77,253,242,143,165,198,154,78,264,30,27,60,32,40,50,50,61,47,109,676,59,82,43,101,60,47,29,19,68,52,53,2026-09-25
Chhattisgarh,Dhamtari,NR,NR,NR,NR,NR,NR,NR,NR,NR,NR,NR,NR,NR,NR,NR,NR,NR,NR,NR,NR,NR,NR,NR,NR,NR,NR,NR,NR,NR,NR,NR,NR,NR,NR,NR,NR,NR,NR,NR,NR,NR,2026-09-25
Chhattisgarh,Rajnandgaon,NR,NR,NR,NR,NR,NR,NR,NR,NR,NR,NR,NR,NR,NR,NR,NR,NR,NR,NR,NR,NR,NR,NR,NR,NR,NR,NR,NR,NR,NR,NR,NR,NR,NR,NR,NR,NR,NR,NR,NR,NR,2026-09-25
Chhattisgarh,Koriya,39,NR,35,39,81,108,97,102,81,59,75,205,163,153,151,168,NR,47,195,25,20,60,40,35,34,46,NR,58,82,693,58,88,40,78,27,38,28,17,48,NR,NR,2026-09-25
DNH and DD,Silvasa,63,52,48,41,95,134,140,129,98,55,70,182,215,182,214,196,132,66,237,31,25,53,40,44,54,59,56,65,107,655,61,85,53,92,71,45,36,22,39,50,50,2026-09-25
DNH and DD,Daman,65,52,39,38,89,113,133,117,94,55,71,191,213,184,NR,217,132,61,217,32,30,53,40,37,42,60,57,60,110,690,63,82,50,107,60,40,44,24,40,50,63,2026-09-25
DNH and DD,Diu,55,41,42,51,95,150,155,128,107,58,68,229,238,NR,202,214,167,82,420,32,25,68,40,40,65,58,83,67,111,714,63,84,43,123,53,36,40,21,48,25,27,2026-09-25
Goa,Panaji,67,43,48,47,103,132,145,135,103,65,68,236,209,203,181,178,152,80,323,29,35,70,32,39,62,48,53,49,112,877,58,81,65,83,62,43,25,16,42,62,67,2026-09-25
Goa,Margao,63,43,48,52,93,135,142,123,97,57,66,255,249,223,190,214,185,75,350,25,32,62,35,43,65,47,62,48,122,859,63,87,57,98,63,44,55,17,48,52,67,2026-09-25
Gujarat,Ahmedabad,39,32,39,39,97,121,122,104,97,57,68,197,204,172,191,201,179,59,211,23,34,54,37,39,43,45,66,46,91,662,58,69,38,78,32,36,37,22,45,27,26,2026-09-25
Gujarat,Rajkot,34,27,33,40,91,123,113,107,95,54,68,195,197,153,167,193,160,62,205,18,25,55,37,35,43,39,68,44,91,626,57,63,35,80,32,34,39,15,40,30,30,2026-09-25
Gujarat,Surat,33,28,32,40,91,119,110,104,96,58,68,196,196,155,172,191,162,57,205,19,26,52,42,38,40,39,63,44,93,639,53,64,50,77,31,35,37,15,36,30,26,2026-09-25
Gujarat,Bhuj,38,27,30,36,90,121,111,99,95,59,63,189,185,150,176,191,163,58,201,17,29,52,30,34,35,38,67,38,94,617,53,68,39,74,28,34,37,16,39,27,27,2026-09-25
Gujarat,Selamba,36,27,35,40,89,120,110,110,97,56,65,190,199,152,171,193,161,65,210,19,27,50,37,35,42,40,67,44,92,636,60,84,37,80,33,33,35,16,42,30,32,2026-09-25
Gujarat,Waghai,38,33,36,41,94,132,115,104,102,60,68,209,189,156,161,193,148,62,209,20,31,48,44,35,36,40,60,44,96,631,58,70,38,75,30,34,26,17,40,30,28,2026-09-25
Gujarat,Bodeli,40,30,37,41,93,119,119,104,94,58,61,231,208,169,182,197,177,63,210,18,24,52,40,33,41,45,70,55,90,704,53,81,40,79,45,40,43,20,40,55,54,2026-09-25
Gujarat,Vapi,34,24,32,36,90,116,114,102,94,56,66,190,187,147,167,189,152,58,205,18,28,44,46,38,46,40,66,36,96,685,56,68,38,79,31,32,33,15,38,28,30,2026-09-25
Gujarat,Bilimora,NR,NR,NR,NR,NR,NR,NR,NR,NR,NR,NR,NR,NR,NR,NR,NR,NR,NR,NR,NR,NR,NR,NR,NR,NR,NR,NR,NR,NR,NR,NR,NR,NR,NR,NR,NR,NR,NR,NR,NR,NR,2026-09-25
Gujarat,Idar,41,28,36,37,92,117,131,101,92,56,72,215,190,155,177,189,148,68,248,17,31,50,35,36,41,38,68,50,103,734,63,70,32,102,41,32,40,19,50,37,50,2026-09-25
Gujarat,Jhalod,39,28,36,37,93,121,126,105,98,57,72,213,188,156,173,190,164,67,246,23,32,49,37,40,38,39,70,47,93,695,58,76,43,81,29,34,37,18,42,23,24,2026-09-25
Gujarat,Songash,43,32,30,37,87,123,122,111,89,57,60,208,201,167,167,193,155,65,268,21,22,53,37,37,43,41,53,45,95,738,59,84,41,84,38,39,30,16,48,37,43,2026-09-25
Madhya Pradesh,Bhopal,38,35,29,34,82,126,112,104,90,55,62,187,214,182,165,198,NR,63,255,10,20,50,40,40,40,39,62,41,90,643,57,80,35,98,42,40,35,15,28,39,55,2026-09-25
Madhya Pradesh,Indore,41,35,28,35,85,118,123,110,83,56,65,186,176,169,174,155,147,68,275,15,20,45,40,38,37,40,NR,40,86,637,60,90,40,90,32,35,30,15,40,40,40,2026-09-25
Madhya Pradesh,Gwalior,NR,NR,NR,NR,NR,NR,NR,NR,NR,NR,NR,NR,NR,NR,NR,NR,NR,NR,NR,NR,NR,NR,NR,NR,NR,NR,NR,NR,NR,NR,NR,NR,NR,NR,NR,NR,NR,NR,NR,NR,NR,2026-09-25
Madhya Pradesh,Jabalpur,39,31,31,35,84,119,117,111,87,54,58,204,193,154,159,185,126,54,245,16,20,48,30,36,40,38,58,44,88,643,58,83,25,85,42,34,26,15,38,36,45,2026-09-25
Madhya Pradesh,Rewa,35,28,28,35,76,106,95,94,78,55,55,177,154,148,147,147,NR,70,237,18,13,45,30,NR,NR,35,NR,37,85,655,57,76,25,90,28,45,30,13,45,20,35,2026-09-25
Madhya Pradesh,Sagar,40,38,28,32,83,118,123,97,83,54,60,207,196,143,169,190,154,65,265,18,18,45,30,43,48,40,63,40,88,676,60,78,45,84,52,30,30,15,35,45,28,2026-09-25
Madhya Pradesh,Jhabua,40,27,32,36,88,130,126,105,90,51,65,218,203,188,179,192,NR,68,298,15,28,37,21,32,35,43,61,45,88,718,60,90,30,83,45,37,30,16,28,23,35,2026-09-25
Madhya Pradesh,Hoshangabad,46,30,28,36,84,122,120,102,90,55,56,204,155,142,146,155,135,61,219,11,20,48,40,39,46,43,48,44,92,677,62,90,48,91,32,40,20,20,46,31,36,2026-09-25
Madhya Pradesh,Shahdol,38,30,29,35,86,120,112,110,83,58,60,203,186,142,153,181,NR,60,210,18,20,45,30,37,33,35,50,40,95,604,58,70,30,90,30,40,27,18,35,35,30,2026-09-25
Madhya Pradesh,Ujjain,41,41,29,38,91,124,123,100,100,54,62,191,211,188,165,193,NR,68,265,18,22,45,35,36,36,41,68,48,98,775,64,78,38,98,50,36,31,16,36,42,49,2026-09-25
Madhya Pradesh,Morena,41,32,26,31,91,120,112,107,97,56,70,200,198,157,156,168,115,56,240,14,15,50,30,29,NR,40,NR,40,98,619,61,83,23,81,36,31,28,14,32,30,40,2026-09-25
Madhya Pradesh,Anuppur,36,30,27,35,89,125,120,110,87,55,60,218,209,148,176,176,159,70,220,20,15,50,30,40,40,37,42,50,97,769,65,96,28,90,45,35,25,15,40,25,50,2026-09-25
Madhya Pradesh,Bhind,40,36,28,33,85,111,111,111,89,58,61,202,177,158,155,161,119,69,250,15,16,52,47,36,47,39,64,39,90,658,62,77,27,81,30,35,25,18,40,46,46,2026-09-25
Madhya Pradesh,Dhar,44,37,29,38,91,126,117,113,99,52,63,181,197,170,161,183,124,62,209,15,20,43,23,36,37,48,56,47,98,745,61,89,28,88,32,34,22,18,47,50,46,2026-09-25
Madhya Pradesh,Harda,43,35,30,35,85,129,127,110,90,54,62,214,214,172,165,197,NR,65,220,20,20,40,30,40,40,45,70,45,90,714,61,96,40,87,45,30,24,15,33,50,50,2026-09-25
Madhya Pradesh,Katni,40,30,32,32,80,120,120,117,90,55,55,176,156,131,148,156,114,62,205,27,12,50,25,40,45,35,70,40,87,604,58,90,25,80,55,30,30,15,32,35,50,2026-09-25
Madhya Pradesh,Khandwa,42,34,32,34,80,118,123,112,90,52,53,214,192,181,165,187,NR,52,270,15,20,42,35,35,35,45,55,45,90,659,55,88,40,95,31,33,27,17,40,28,36,2026-09-25
Madhya Pradesh,Mandla,43,35,33,38,87,122,122,110,88,55,50,229,203,175,170,209,NR,70,233,30,25,50,23,40,45,43,65,45,92,693,62,83,35,93,48,38,30,15,40,38,50,2026-09-25
Madhya Pradesh,Rajgarh,40,NR,28,32,80,135,120,100,90,52,60,209,209,187,175,187,NR,70,200,10,20,50,40,NR,NR,40,NR,40,90,707,63,95,40,90,50,37,24,20,30,58,60,2026-09-25
Madhya Pradesh,Sidhi,37,35,27,36,85,120,110,100,90,55,62,187,181,176,154,176,121,68,265,20,15,50,50,30,40,35,55,45,90,637,56,90,30,80,30,45,25,15,40,40,50,2026-09-25
Madhya Pradesh,Chattarpur,40,35,30,35,80,120,120,107,90,55,50,198,209,176,165,161,128,65,230,20,15,50,40,32,40,40,60,50,100,600,60,84,31,90,40,45,30,15,33,30,60,2026-09-25
Madhya Pradesh,Neemuch,41,35,29,33,89,138,112,104,85,52,65,210,166,145,149,195,NR,49,310,10,20,39,49,41,49,45,65,45,93,617,65,79,56,80,30,34,30,18,41,38,41,2026-09-25
Madhya Pradesh,Burhanpur,45,37,33,40,85,121,114,104,82,55,67,191,188,170,167,181,154,59,265,31,22,48,25,37,39,45,NR,50,100,764,59,86,40,95,42,38,29,17,30,47,43,2026-09-25
Madhya Pradesh,Narshinpur,42,30,30,35,78,125,110,108,90,50,52,203,192,143,152,167,NR,60,235,12,15,50,30,40,40,45,60,48,89,637,60,85,35,90,35,35,25,15,35,40,40,2026-09-25
Madhya Pradesh,Raisen,40,29,28,32,85,137,127,110,91,56,57,187,194,148,152,NR,NR,70,250,10,20,45,35,40,40,35,NR,40,86,692,60,83,35,89,46,32,31,19,27,30,50,2026-09-25
Madhya Pradesh,Sheopur,44,28,27,35,88,120,117,108,84,53,60,216,202,178,159,167,NR,62,205,28,20,45,30,32,35,45,60,45,100,637,58,82,24,90,40,40,32,15,40,28,48,2026-09-25
Madhya Pradesh,Agar malwa,39,32,28,34,82,121,116,102,89,52,60,210,179,177,168,159,NR,57,291,20,20,36,36,42,42,45,NR,49,87,690,64,83,35,97,44,35,31,16,25,48,25,2026-09-25
Madhya Pradesh,Umaria,35,30,33,36,82,127,117,112,87,55,60,213,192,154,172,194,NR,60,220,15,17,42,28,40,NR,47,NR,47,87,633,60,83,30,87,32,37,27,15,40,40,50,2026-09-25
Madhya Pradesh,Shajapur,40,34,26,32,85,125,125,110,87,51,60,209,203,165,165,203,NR,63,260,19,20,47,38,38,40,40,NR,44,90,681,60,83,40,85,40,33,30,15,35,50,42,2026-09-25
Madhya Pradesh,Dewas,42,35,29,33,85,122,115,105,89,53,64,198,190,173,170,189,NR,66,237,12,21,36,27,36,43,38,56,45,92,699,66,86,33,86,43,28,21,18,32,28,37,2026-09-25
Madhya Pradesh,Khargone,NR,NR,NR,NR,NR,NR,NR,NR,NR,NR,NR,NR,NR,NR,NR,NR,NR,NR,NR,NR,NR,NR,NR,NR,NR,NR,NR,NR,NR,NR,NR,NR,NR,NR,NR,NR,NR,NR,NR,NR,NR,2026-09-25
Madhya Pradesh,Singrauli,36,29,26,34,85,113,110,110,81,58,59,218,207,148,159,166,121,68,232,13,19,46,35,NR,40,36,NR,45,90,729,56,88,21,89,45,38,23,14,30,57,57,2026-09-25
Madhya Pradesh,Chhindwara,56,35,36,40,85,125,117,123,90,55,53,214,220,169,181,187,162,58,207,11,24,49,30,44,39,40,69,40,93,794,58,82,31,106,40,35,43,20,50,41,50,2026-09-25
Madhya Pradesh,Sehore,40,36,29,32,85,139,120,103,85,52,61,203,209,176,165,200,NR,66,287,12,20,41,33,NR,NR,49,NR,46,96,655,60,86,40,84,32,35,26,16,38,43,50,2026-09-25
Madhya Pradesh,MP-Ashoknagar,45,35,28,31,78,115,114,100,90,55,65,185,187,162,160,160,NR,53,211,14,20,44,49,42,40,41,NR,39,90,762,58,92,43,88,41,44,25,19,30,50,50,2026-09-25
Madhya Pradesh,Balaghat,36,30,33,38,88,127,125,113,90,52,52,219,218,154,165,197,NR,67,200,28,20,48,28,41,46,38,60,46,97,681,63,72,30,97,45,35,26,15,48,32,48,2026-09-25
Madhya Pradesh,Guna,44,36,25,32,77,117,113,100,80,50,60,203,193,178,163,181,134,60,217,20,12,48,37,32,40,45,69,45,84,697,61,73,40,80,39,34,29,15,32,34,43,2026-09-25
Madhya Pradesh,Ratlam,41,35,29,34,83,125,125,109,88,51,62,209,195,164,162,185,155,64,255,10,25,42,33,30,40,43,62,45,90,670,60,80,25,83,42,41,30,16,37,36,39,2026-09-25
Madhya Pradesh,Satna,40,28,28,38,90,130,100,95,95,52,62,209,185,165,159,159,NR,50,260,20,20,42,28,35,45,33,63,31,65,718,52,60,34,75,28,33,30,15,48,25,35,2026-09-25
Madhya Pradesh,Vidisha,39,NR,30,35,82,120,122,108,88,50,55,200,201,154,170,190,NR,63,240,10,10,40,30,40,40,36,67,39,85,670,60,92,30,87,53,29,28,13,43,30,30,2026-09-25
Madhya Pradesh,Alirajpur,38,44,30,36,90,125,122,114,92,55,72,179,214,185,178,190,NR,60,307,10,27,55,40,31,35,49,41,49,93,621,57,72,28,82,39,42,30,17,37,53,60,2026-09-25
Madhya Pradesh,Betul,39,32,27,34,86,122,120,110,85,55,60,214,209,160,176,203,NR,52,242,12,20,45,25,NR,NR,NR,NR,NR,NR,NR,NR,NR,NR,NR,NR,NR,NR,NR,NR,NR,NR,2026-09-25
Madhya Pradesh,Damoh,44,38,31,34,81,121,114,111,82,52,60,209,199,133,149,177,NR,61,211,13,16,47,31,37,41,35,59,38,87,602,59,79,29,88,40,31,31,15,45,20,49,2026-09-25
Madhya Pradesh,Dindori,NR,NR,NR,NR,NR,NR,NR,NR,NR,NR,NR,NR,NR,NR,NR,NR,NR,NR,NR,NR,NR,NR,NR,NR,NR,NR,NR,NR,NR,NR,NR,NR,NR,NR,NR,NR,NR,NR,NR,NR,NR,2026-09-25
Madhya Pradesh,Niwari,36,31,26,32,89,138,101,106,89,57,57,221,203,186,177,166,NR,65,215,30,20,47,36,NR,NR,40,NR,40,97,720,60,96,24,92,33,40,27,19,37,42,52,2026-09-25
Madhya Pradesh,Seoni,37,32,35,37,86,115,110,105,85,50,55,196,214,170,154,187,NR,60,215,11,20,57,25,40,40,37,68,42,100,654,58,81,27,80,48,36,21,15,45,50,50,2026-09-25
Madhya Pradesh,Panna,38,30,26,36,79,120,100,95,90,55,50,181,176,137,154,134,115,65,210,11,15,45,30,40,45,35,60,45,90,651,56,75,35,76,30,35,30,14,45,20,35,2026-09-25
Madhya Pradesh,Tikamgarh,35,30,25,30,90,120,110,95,90,55,55,205,167,142,149,147,NR,60,200,20,20,40,30,30,35,40,40,45,100,659,58,70,25,85,29,41,20,17,30,20,30,2026-09-25
Madhya Pradesh,Datia,48,40,26,30,82,128,112,102,82,55,59,222,194,163,156,192,123,65,229,29,22,46,41,40,33,43,71,45,94,714,59,85,26,87,43,41,27,17,37,42,58,2026-09-25
Madhya Pradesh,Maihar,40,24,30,32,92,103,100,97,80,64,60,230,198,165,154,187,126,70,205,15,20,48,40,NR,NR,40,NR,45,100,714,60,72,35,90,30,38,35,15,40,25,40,2026-09-25
Madhya Pradesh,Shivpuri,45,40,28,33,83,124,120,112,88,55,60,199,201,163,175,179,162,54,213,17,20,45,33,38,44,47,59,45,82,687,60,80,26,82,37,43,32,23,35,29,34,2026-09-25
Madhya Pradesh,Mandsaur,NR,NR,NR,NR,NR,NR,NR,NR,NR,NR,NR,NR,NR,NR,NR,NR,NR,NR,NR,NR,NR,NR,NR,NR,NR,NR,NR,NR,NR,NR,NR,NR,NR,NR,NR,NR,NR,NR,NR,NR,NR,2026-09-25
Maharashtra,Mumbai,43,38,43,48,98,133,145,130,99,56,60,247,242,207,187,204,165,90,320,32,32,63,37,46,66,56,65,53,113,718,63,85,68,107,73,47,41,19,49,55,57,2026-09-25
Maharashtra,Nagpur,64,42,52,55,98,140,132,120,108,65,67,239,217,173,177,200,143,76,283,27,42,48,58,42,52,53,86,54,112,855,60,102,57,98,41,48,38,21,72,62,82,2026-09-25
Maharashtra,Pune,44,32,39,53,88,103,114,105,85,56,76,209,215,170,171,191,170,64,356,31,35,55,35,40,45,43,43,43,90,554,60,83,55,100,53,53,21,20,43,35,33,2026-09-25
Maharashtra,Nashik,41,43,44,42,91,144,138,116,97,57,60,213,227,191,171,190,150,73,353,29,22,60,32,40,71,49,64,49,105,650,60,77,63,116,70,37,31,17,30,45,47,2026-09-25
Maharashtra,Mangaon-Raigad,51,49,43,47,96,132,135,116,93,56,71,205,202,192,175,218,159,79,375,31,26,59,58,46,58,42,58,47,101,874,62,76,53,123,73,40,50,22,57,49,74,2026-09-25
Maharashtra,Dharni,44,32,33,39,84,128,126,118,92,53,58,231,198,171,174,205,NR,66,322,13,21,48,35,41,29,41,NR,46,94,743,67,80,55,90,49,42,21,19,39,48,47,2026-09-25
Maharashtra,Latur,60,44,45,49,83,128,127,113,83,54,69,211,206,163,162,185,163,69,295,26,27,50,23,41,60,42,68,42,112,786,64,77,63,103,48,42,28,23,46,57,53,2026-09-25
Maharashtra,Akluj,43,41,35,44,92,126,122,115,98,53,62,217,233,178,203,223,191,62,332,32,23,54,21,34,49,42,60,40,91,659,52,51,30,100,54,32,34,14,28,20,31,2026-09-25
Maharashtra,Arni Yavatmal,44,30,34,36,99,123,125,114,90,55,63,192,170,154,144,159,NR,62,300,10,30,40,40,35,32,47,70,55,103,784,55,72,40,99,45,42,20,15,50,35,30,2026-09-25
Maharashtra,Chandrapur,42,39,37,42,83,129,132,106,85,55,59,205,220,213,170,193,NR,78,267,30,23,62,23,51,57,60,55,58,119,683,60,76,28,109,53,45,23,20,58,33,72,2026-09-25
Maharashtra,Karad Satara,63,53,38,49,93,140,129,122,90,56,76,214,191,171,178,198,169,61,300,31,30,50,30,40,43,42,61,42,118,699,61,85,43,121,51,41,29,19,47,46,43,2026-09-25
Maharashtra,Ahemednagar,59,43,44,47,89,124,124,119,99,51,58,177,175,168,175,186,164,58,259,30,19,39,19,31,45,39,44,39,106,580,60,70,44,99,29,44,26,18,27,38,39,2026-09-25
Maharashtra,Khultabad,46,31,33,37,79,111,114,108,85,55,46,186,NR,148,166,175,153,65,320,20,31,43,36,32,40,38,NR,44,86,702,60,81,41,83,34,36,24,16,39,32,39,2026-09-25
Maharashtra,Islampur,47,35,37,49,85,129,131,121,100,52,77,228,206,159,188,199,156,69,453,27,32,53,28,38,40,39,60,43,105,655,60,75,40,103,66,53,36,27,42,52,49,2026-09-25
Maharashtra,Kankavli,45,44,34,51,84,137,131,126,87,56,60,184,200,164,152,172,135,53,373,20,37,50,42,53,43,45,50,46,100,688,56,90,77,77,47,41,37,18,63,30,53,2026-09-25
Maharashtra,Partur,59,NR,34,40,81,121,120,111,90,54,58,203,208,186,176,195,176,65,401,10,20,50,20,31,35,49,NR,49,87,775,NR,84,37,92,51,42,31,15,48,66,49,2026-09-25
Maharashtra,Gondia,60,35,36,39,84,125,119,117,82,54,68,212,222,154,173,196,172,68,265,30,18,58,30,44,50,45,55,48,95,765,61,75,25,100,50,50,29,21,34,45,55,2026-09-25
Maharashtra,Jalgaon,50,27,37,45,91,136,135,121,99,56,66,205,210,182,174,192,181,68,468,31,20,57,33,39,41,55,60,55,98,807,62,82,60,127,62,41,37,20,39,37,48,2026-09-25
Maharashtra,Akola,43,NR,34,46,91,139,119,117,97,55,69,191,222,163,172,191,NR,71,327,30,23,53,28,42,38,53,67,55,103,784,59,82,43,88,42,43,24,17,35,47,47,2026-09-25
Rajasthan,Jaipur,61,41,32,41,94,139,128,113,89,61,69,228,205,186,170,199,149,68,314,20,21,51,40,36,34,48,71,48,94,643,57,82,50,98,48,38,36,18,37,30,38,2026-09-25
Rajasthan,Jodhpur,49,40,32,34,74,102,105,99,73,52,53,222,220,NR,NR,192,NR,55,272,20,21,35,35,28,47,50,52,47,103,672,55,89,25,89,48,31,29,16,42,26,27,2026-09-25
Rajasthan,Kota,49,40,33,36,83,132,130,116,87,57,65,213,211,156,168,214,NR,73,337,22,22,48,40,35,46,53,56,50,90,696,60,79,39,80,35,38,33,20,42,33,35,2026-09-25
Rajasthan,Udaipur,50,38,31,34,85,125,130,115,85,57,50,214,212,188,187,190,181,70,340,30,NR,NR,NR,40,45,40,60,48,88,615,65,84,40,90,44,31,32,14,40,40,50,2026-09-25
Rajasthan,Bharatpur,49,37,28,34,93,129,129,127,91,59,65,243,197,175,186,NR,NR,64,307,30,20,50,40,30,35,46,65,49,91,712,60,84,31,95,49,42,29,16,35,29,42,2026-09-25
Rajasthan,Ajmer,NR,NR,NR,NR,NR,NR,NR,NR,NR,NR,NR,NR,NR,NR,NR,NR,NR,NR,NR,NR,NR,NR,NR,NR,NR,NR,NR,NR,NR,NR,NR,NR,NR,NR,NR,NR,NR,NR,NR,NR,NR,2026-09-25
Rajasthan,Bikaner,62,34,38,40,88,120,128,99,90,55,54,177,187,168,170,167,161,63,247,15,20,65,50,37,49,52,NR,52,82,694,60,90,39,77,32,35,25,21,40,24,42,2026-09-25
Rajasthan,Bundi,44,40,28,33,81,116,116,102,85,52,60,209,192,165,185,220,NR,51,320,19,21,38,34,31,36,39,60,49,91,637,65,80,31,82,37,35,38,16,40,25,35,2026-09-25
Rajasthan,Rajsamand,42,41,30,35,82,120,120,100,80,52,60,220,203,147,177,187,NR,66,302,24,20,50,45,38,44,41,63,46,80,602,54,90,40,79,40,39,31,21,45,24,33,2026-09-25
Rajasthan,Alwar,54,43,30,32,85,124,122,103,90,65,60,233,174,125,151,185,NR,58,305,24,19,48,34,22,38,48,71,52,93,570,46,70,27,88,48,34,27,16,46,29,47,2026-09-25
Rajasthan,Banswara,43,38,38,43,92,142,136,122,99,52,59,239,217,173,184,184,NR,58,223,29,19,55,39,34,35,51,56,55,78,621,58,118,24,92,52,42,40,21,39,39,42,2026-09-25
Rajasthan,Baran,47,34,32,35,87,135,120,110,85,54,54,220,209,148,137,154,126,55,352,24,22,40,44,28,33,42,41,47,89,670,57,67,39,90,36,31,34,11,40,31,33,2026-09-25
Rajasthan,Barmer,50,40,33,35,90,130,110,115,85,55,54,187,209,170,193,209,117,53,300,22,20,30,32,28,35,49,60,53,100,791,58,76,52,90,41,25,31,14,42,32,30,2026-09-25
Rajasthan,Bhilwara,53,39,29,37,93,118,111,99,95,64,55,217,203,157,169,203,181,58,289,20,27,58,34,28,34,42,55,42,74,667,55,73,35,86,34,35,22,20,39,25,40,2026-09-25
Rajasthan,Chhitorgarh,46,33,31,37,87,124,123,112,90,61,60,229,222,185,183,213,168,65,332,23,25,57,40,38,45,42,55,46,94,621,60,84,42,87,42,40,30,19,45,36,45,2026-09-25
Rajasthan,Churu,45,34,30,33,85,115,110,100,90,55,44,225,197,159,NR,230,153,65,280,20,18,35,25,24,32,40,50,40,90,747,80,72,25,100,50,35,35,20,40,30,30,2026-09-25
Rajasthan,Dholapur,47,35,31,37,89,123,118,111,89,55,66,230,204,183,180,200,124,67,275,21,22,49,39,30,40,40,51,44,95,762,60,91,45,88,41,38,29,16,43,40,49,2026-09-25
Rajasthan,Dungarpur,38,33,32,34,80,109,122,112,84,53,52,194,201,150,190,171,158,62,269,25,18,54,37,25,39,43,72,43,90,604,59,92,50,72,38,34,33,25,39,33,41,2026-09-25
Rajasthan,Hanumangarh,44,35,27,35,80,128,130,123,102,60,59,202,203,188,154,150,NR,67,350,20,25,54,41,33,46,53,73,56,84,672,60,76,36,108,57,45,22,18,50,42,57,2026-09-25
Rajasthan,Jaisalmer,40,35,33,35,81,109,118,99,81,59,62,211,205,141,146,189,134,70,253,20,21,45,41,30,33,45,64,47,93,652,62,NR,33,84,41,30,24,13,37,30,44,2026-09-25
Rajasthan,Jalore,NR,NR,NR,NR,NR,NR,NR,NR,NR,NR,NR,NR,NR,NR,NR,NR,NR,NR,NR,NR,NR,NR,NR,NR,NR,NR,NR,NR,NR,NR,NR,NR,NR,NR,NR,NR,NR,NR,NR,NR,NR,2026-09-25
Rajasthan,Jhalawar,45,40,25,32,85,129,118,100,88,56,59,189,176,159,176,181,170,52,298,19,22,45,40,30,34,41,50,42,85,703,58,80,31,81,30,39,32,17,38,21,34,2026-09-25
Rajasthan,Jhunjhunu,45,38,30,34,80,120,126,105,84,50,56,212,204,149,182,NR,176,70,300,30,20,50,40,30,40,44,79,45,99,615,60,92,40,92,60,30,38,15,45,45,41,2026-09-25
Rajasthan,Karauli,46,35,29,34,89,122,122,111,91,58,53,225,216,186,182,210,167,59,323,20,20,56,40,26,NR,50,49,53,107,637,63,98,44,94,38,44,24,18,43,25,38,2026-09-25
Rajasthan,Nagaur,52,37,37,41,92,126,126,91,91,61,56,178,177,166,162,164,151,51,310,21,24,42,45,35,47,53,NR,51,86,689,60,90,49,78,31,35,26,21,35,26,46,2026-09-25
Rajasthan,Pali,55,30,33,33,91,128,128,90,74,65,56,201,167,168,163,162,123,45,234,24,30,NR,32,29,39,38,35,47,102,507,62,68,52,85,57,35,26,21,41,37,25,2026-09-25
Rajasthan,RJ-Pratapgarh,44,32,29,33,78,127,125,109,84,56,47,227,180,154,159,NR,NR,58,300,19,21,43,38,34,37,43,NR,43,105,803,60,63,39,70,46,35,25,15,40,42,47,2026-09-25
Rajasthan,Sikar,45,30,31,35,85,137,116,120,95,60,53,229,199,165,143,165,NR,55,236,30,25,50,39,21,24,53,70,66,102,514,52,83,22,80,32,33,25,17,40,50,48,2026-09-25
Rajasthan,Sirohi,41,40,28,36,76,109,122,100,76,55,52,207,156,NR,159,NR,NR,49,253,17,21,34,38,27,NR,45,NR,47,95,626,59,97,45,87,43,30,31,13,45,30,28,2026-09-25
Rajasthan,Sri Ganganagar,NR,NR,NR,NR,NR,NR,NR,NR,NR,NR,NR,NR,NR,NR,NR,NR,NR,NR,NR,NR,NR,NR,NR,NR,NR,NR,NR,NR,NR,NR,NR,NR,NR,NR,NR,NR,NR,NR,NR,NR,NR,2026-09-25
Rajasthan,Tonk,52,36,32,37,86,126,116,109,93,58,70,230,205,141,162,177,146,67,278,20,24,56,42,35,44,43,55,52,91,579,67,82,41,96,47,40,32,21,42,51,45,2026-09-25
Rajasthan,Sawai Madhopur,57,34,32,35,87,131,119,117,97,57,62,225,182,163,162,158,160,59,310,28,22,55,41,29,33,49,48,50,103,626,62,78,36,90,49,43,29,15,43,37,42,2026-09-25
EAST ZONE,EAST ZONE,,,,,,,,,,,,,,,,,,,,,,,,,,,,,,,,,,,,,,,,,,2026-09-25
Bihar,Patna,48,29,28,34,87,124,127,103,81,56,61,NR,197,167,192,207,178,57,340,26,28,53,38,NR,NR,35,NR,36,102,604,56,100,38,83,53,30,34,20,40,30,40,2026-09-25
Bihar,Bhagalpur,39,23,29,35,86,133,111,103,79,59,59,NR,191,149,155,173,131,59,320,28,14,54,44,49,61,34,NR,35,104,635,54,84,40,96,29,34,21,18,NR,27,36,2026-09-25
Bihar,Purnia,40,NR,32,36,79,112,122,102,76,69,59,NR,203,164,186,NR,180,66,324,18,13,53,39,68,58,38,58,47,108,743,53,88,40,118,38,40,28,14,50,28,23,2026-09-25
Bihar,Darbhanga,39,NR,28,43,79,99,118,99,84,52,57,NR,201,185,162,NR,135,63,193,28,15,51,38,54,54,33,43,35,108,681,60,84,40,89,37,35,29,17,60,35,40,2026-09-25
Bihar,Gaya,34,25,28,38,83,122,113,109,80,65,60,NR,214,173,145,152,120,55,340,25,21,52,40,NR,NR,35,NR,40,110,686,60,93,30,84,34,38,23,17,40,30,25,2026-09-25
Bihar,Muzzafarpur,41,27,29,34,85,121,120,111,76,57,59,NR,202,163,167,221,130,65,294,24,18,49,39,49,47,39,51,37,101,617,59,84,35,83,35,34,26,14,45,31,37,2026-09-25
Bihar,Saran,45,26,24,37,81,115,108,107,81,55,62,NR,204,201,201,215,NR,52,304,27,17,52,40,41,66,39,63,39,107,751,63,74,44,81,34,35,29,18,41,25,28,2026-09-25
Bihar,Munger,NR,NR,NR,NR,NR,NR,NR,NR,NR,NR,NR,NR,NR,NR,NR,NR,NR,NR,NR,NR,NR,NR,NR,NR,NR,NR,NR,NR,NR,NR,NR,NR,NR,NR,NR,NR,NR,NR,NR,NR,NR,2026-09-25
Bihar,Saharsa,47,NR,28,31,78,116,110,117,74,57,61,NR,194,NR,190,NR,NR,52,280,29,12,51,48,NR,NR,39,NR,37,93,710,55,74,40,95,52,35,37,11,40,28,29,2026-09-25
Bihar,Madhubani,37,21,32,35,85,125,109,99,83,54,55,210,166,162,159,172,130,56,280,28,21,37,37,NR,NR,33,48,35,101,615,57,71,32,82,32,31,23,12,50,26,27,2026-09-25
Bihar,Rohtas (Sasaram),36,23,35,39,89,118,122,98,83,57,69,203,214,185,191,249,181,77,245,31,18,49,42,49,55,33,50,35,100,765,58,84,48,88,47,33,29,15,62,30,50,2026-09-25
Bihar,Motihari,48,30,28,35,85,114,119,108,83,52,57,245,202,183,169,229,158,54,265,19,18,55,44,35,35,38,52,37,106,593,54,81,29,81,31,42,27,17,33,28,32,2026-09-25
Bihar,Samastipur,45,23,25,35,80,113,116,114,80,51,60,NR,191,136,132,NR,133,53,315,30,13,42,33,30,39,38,73,49,97,713,67,92,33,80,34,30,25,10,39,26,27,2026-09-25
Bihar,Katihar,NR,NR,NR,NR,NR,NR,NR,NR,NR,NR,NR,NR,NR,NR,NR,NR,NR,NR,NR,NR,NR,NR,NR,NR,NR,NR,NR,NR,NR,NR,NR,NR,NR,NR,NR,NR,NR,NR,NR,NR,NR,2026-09-25
Bihar,Araria,37,NR,31,37,82,129,131,123,82,58,60,286,197,164,142,197,136,63,342,29,13,42,44,50,50,39,80,39,102,635,60,94,40,80,45,34,24,12,57,29,29,2026-09-25
Bihar,Nawada,33,21,29,36,82,132,125,116,78,56,62,NR,NR,NR,NR,NR,NR,67,222,28,19,54,44,40,38,34,53,37,105,726,59,60,83,80,35,30,22,12,65,25,24,2026-09-25
Bihar,Khagaria,NR,NR,NR,NR,NR,NR,NR,NR,NR,NR,NR,NR,NR,NR,NR,NR,NR,NR,NR,NR,NR,NR,NR,NR,NR,NR,NR,NR,NR,NR,NR,NR,NR,NR,NR,NR,NR,NR,NR,NR,NR,2026-09-25
Bihar,Banka,37,20,28,37,80,120,114,106,75,53,60,NR,204,165,170,192,127,65,280,14,16,42,42,41,39,36,NR,38,100,631,54,80,40,80,35,40,30,10,40,30,33,2026-09-25
Bihar,Arwal,38,26,25,35,81,130,130,97,85,66,59,NR,225,165,173,187,143,79,232,28,24,54,38,NR,NR,35,NR,37,93,748,58,95,39,80,33,35,25,19,49,27,32,2026-09-25
Bihar,Aurangabad,34,24,29,33,81,126,122,90,79,54,56,220,203,188,154,156,119,75,210,24,16,53,45,50,NR,36,NR,39,105,769,58,80,44,84,36,33,30,17,50,21,25,2026-09-25
Bihar,Begusarai,NR,NR,NR,NR,NR,NR,NR,NR,NR,NR,NR,NR,NR,NR,NR,NR,NR,NR,NR,NR,NR,NR,NR,NR,NR,NR,NR,NR,NR,NR,NR,NR,NR,NR,NR,NR,NR,NR,NR,NR,NR,2026-09-25
Bihar,Bhojpur Ara,47,20,30,34,80,118,120,109,78,54,57,245,185,158,154,186,NR,62,353,30,20,54,43,NR,NR,35,NR,37,104,681,60,84,42,84,50,33,25,10,47,51,38,2026-09-25
Bihar,Buxar,33,23,29,34,85,119,116,118,89,53,55,202,208,175,170,199,127,76,258,29,16,58,29,42,56,35,70,41,90,802,49,95,37,87,45,27,32,18,30,42,33,2026-09-25
Bihar,Gopalganj,40,32,33,35,90,115,115,110,85,NR,NR,NR,NR,NR,NR,NR,NR,NR,NR,NR,NR,NR,NR,NR,NR,NR,NR,NR,NR,NR,NR,NR,NR,NR,NR,NR,NR,NR,NR,NR,NR,2026-09-25
Bihar,Jamui,36,22,28,31,74,118,116,108,75,64,60,NR,197,142,174,NR,137,57,284,29,14,44,46,50,50,35,60,40,90,681,65,96,31,85,45,30,25,16,50,20,30,2026-09-25
Bihar,Jehanabad,31,23,28,34,86,126,118,115,78,52,56,NR,207,179,175,NR,NR,58,243,29,16,45,37,NR,NR,39,NR,41,91,663,57,100,25,82,43,43,22,13,57,24,30,2026-09-25
Bihar,Kaimur,NR,NR,NR,NR,NR,NR,NR,NR,NR,NR,NR,NR,NR,NR,NR,NR,NR,NR,NR,NR,NR,NR,NR,NR,NR,NR,NR,NR,NR,NR,NR,NR,NR,NR,NR,NR,NR,NR,NR,NR,NR,2026-09-25
Bihar,Kishanganj,41,22,27,37,85,125,120,110,90,57,70,223,209,187,156,202,143,68,300,26,18,57,50,39,55,37,79,48,102,659,65,87,56,95,44,31,28,24,50,40,43,2026-09-25
Bihar,Lakhisarai,40,25,30,40,83,113,120,118,88,56,59,NR,206,167,170,NR,156,52,298,27,18,59,47,50,60,45,44,40,110,754,60,96,37,85,35,40,27,15,40,23,23,2026-09-25
Bihar,Medhepura,40,NR,27,38,79,116,126,91,76,57,59,NR,197,158,193,193,134,51,281,23,15,46,45,NR,NR,38,NR,36,91,725,58,109,45,89,34,37,23,15,45,46,35,2026-09-25
Bihar,Nalanda,30,19,29,33,74,114,116,107,76,64,65,NR,200,177,162,187,NR,73,318,30,16,49,38,59,59,33,59,37,89,672,58,85,36,77,NR,32,21,15,49,33,32,2026-09-25
Bihar,Sheikhpura,NR,NR,NR,NR,NR,NR,NR,NR,NR,NR,NR,NR,NR,NR,NR,NR,NR,NR,NR,NR,NR,NR,NR,NR,NR,NR,NR,NR,NR,NR,NR,NR,NR,NR,NR,NR,NR,NR,NR,NR,NR,2026-09-25
Bihar,Sheohar,47,22,26,37,86,125,123,114,89,65,59,170,213,161,170,200,121,61,232,26,20,54,42,49,54,40,40,40,118,725,59,78,29,81,34,37,24,15,55,28,25,2026-09-25
Bihar,Sitamarhi,38,26,28,34,83,123,128,103,78,56,62,NR,190,179,168,174,135,63,238,30,15,44,38,53,56,35,51,35,111,812,61,94,38,82,39,38,26,13,43,25,28,2026-09-25
Bihar,Siwan,38,28,28,31,78,121,101,90,73,50,57,292,202,183,189,194,189,56,202,27,14,53,23,47,44,31,49,32,91,709,61,66,29,80,37,41,29,14,51,31,31,2026-09-25
Bihar,Supaul,NR,NR,NR,NR,NR,NR,NR,NR,NR,NR,NR,NR,NR,NR,NR,NR,NR,NR,NR,NR,NR,NR,NR,NR,NR,NR,NR,NR,NR,NR,NR,NR,NR,NR,NR,NR,NR,NR,NR,NR,NR,2026-09-25
Bihar,Vaishali,40,25,29,35,79,114,119,100,75,56,53,225,192,170,187,209,159,65,207,29,18,50,40,49,49,35,42,40,90,769,55,84,40,80,33,32,25,13,37,50,35,2026-09-25
Bihar,West Champaran,NR,NR,NR,NR,NR,NR,NR,NR,NR,NR,NR,NR,NR,NR,NR,NR,NR,NR,NR,NR,NR,NR,NR,NR,NR,NR,NR,NR,NR,NR,NR,NR,NR,NR,NR,NR,NR,NR,NR,NR,NR,2026-09-25
Jharkhand,Ranchi,43,28,37,35,84,123,123,110,79,57,60,256,201,161,190,198,143,73,210,29,20,58,35,35,40,40,40,40,100,659,60,88,35,90,42,45,30,15,50,60,50,2026-09-25
Jharkhand,Gumla,40,23,27,36,82,108,106,92,83,48,55,209,195,187,137,154,121,53,200,15,16,48,40,34,68,35,50,42,100,676,63,78,55,90,40,30,23,15,50,28,38,2026-09-25
Jharkhand,Sahibganj,40,25,32,36,90,120,NR,103,81,55,60,203,213,189,176,192,148,65,320,20,16,60,40,36,46,40,55,55,100,626,60,90,40,90,40,35,29,15,50,50,55,2026-09-25
Jharkhand,Bokaro,38,28,35,37,86,132,114,110,83,56,57,NR,193,170,164,182,144,60,322,28,22,48,36,NR,NR,33,NR,40,100,728,57,89,43,81,28,41,25,13,60,NR,NR,2026-09-25
Jharkhand,Lohardaga,37,26,31,36,85,102,125,110,80,57,61,NR,200,165,163,223,126,72,203,26,22,52,38,NR,NR,38,35,40,90,695,56,73,25,80,42,30,25,17,38,41,23,2026-09-25
Jharkhand,Simdega,43,28,32,40,88,124,118,100,86,62,65,191,196,154,167,158,152,58,245,22,25,50,40,50,NR,46,60,52,100,665,61,79,50,90,38,36,26,22,50,25,42,2026-09-25
Jharkhand,Dhanbad,39,28,34,36,87,125,123,111,80,60,59,257,203,162,165,187,139,69,245,28,17,56,39,38,52,37,52,46,92,784,59,91,52,90,49,39,32,18,51,45,39,2026-09-25
Jharkhand,Jamshedpur (East Singbhum),46,28,40,37,96,129,131,120,98,66,58,238,194,170,156,171,121,75,200,30,15,56,43,32,30,41,59,50,105,606,62,79,50,91,37,36,27,12,59,37,42,2026-09-25
Jharkhand,Giridhi,34,20,33,36,81,109,102,105,75,51,55,NR,199,169,166,190,120,49,300,19,22,45,42,40,36,42,40,45,87,637,60,84,54,99,29,40,25,16,51,33,47,2026-09-25
Jharkhand,Seraikella,35,26,31,40,81,122,119,109,75,59,60,195,194,159,164,173,129,57,207,28,NR,NR,NR,36,NR,41,NR,44,95,600,60,84,38,82,36,33,26,15,50,38,40,2026-09-25
Jharkhand,West Singhbhum,NR,NR,NR,NR,NR,NR,NR,NR,NR,NR,NR,NR,NR,NR,NR,NR,NR,NR,NR,NR,NR,NR,NR,NR,NR,NR,NR,NR,NR,NR,NR,NR,NR,NR,NR,NR,NR,NR,NR,NR,NR,2026-09-25
Jharkhand,Daltonganj,37,25,26,37,86,109,113,100,82,53,59,NR,196,154,163,NR,137,61,292,30,19,60,40,NR,NR,47,55,48,108,724,63,86,42,85,53,40,30,17,40,41,51,2026-09-25
Jharkhand,Deoghar,40,18,32,35,80,110,120,110,90,60,60,176,186,176,148,176,132,75,300,25,15,60,40,50,50,40,60,50,90,769,60,90,30,80,40,35,25,15,40,40,40,2026-09-25
Jharkhand,Ramgarh,NR,NR,NR,NR,NR,NR,NR,NR,NR,NR,NR,NR,NR,NR,NR,NR,NR,NR,NR,NR,NR,NR,NR,NR,NR,NR,NR,NR,NR,NR,NR,NR,NR,NR,NR,NR,NR,NR,NR,NR,NR,2026-09-25
Jharkhand,Pakur,37,27,34,37,90,122,120,95,84,51,63,214,200,176,172,198,154,63,317,20,13,52,49,34,41,40,51,53,98,637,63,90,50,94,40,35,31,15,40,37,25,2026-09-25
Jharkhand,Jamtara,39,24,29,35,88,128,135,123,90,58,59,251,209,174,181,190,163,77,278,31,13,53,42,73,79,38,61,52,88,740,57,88,43,87,63,32,31,16,43,42,48,2026-09-25
Jharkhand,Latehar,45,25,29,38,85,129,126,110,81,53,59,175,198,159,162,NR,137,56,192,30,18,54,38,NR,NR,39,NR,57,113,735,63,90,37,82,45,45,30,12,42,36,43,2026-09-25
Jharkhand,Godda,40,26,30,40,80,120,120,100,80,60,64,198,209,165,165,187,132,55,280,30,15,60,40,NR,NR,40,NR,50,100,709,60,96,40,90,35,35,25,15,40,50,40,2026-09-25
Jharkhand,Koderma,44,20,31,36,89,129,130,111,80,60,63,213,208,165,165,204,137,64,198,30,20,56,46,NR,NR,38,NR,40,99,745,63,94,50,85,48,40,27,18,50,60,53,2026-09-25
Odisha,Bhubaneshwar,42,34,36,46,90,130,120,105,79,56,58,NR,209,161,NR,198,170,70,230,30,15,58,40,45,50,38,50,42,90,NR,65,96,50,90,30,35,25,12,50,40,40,2026-09-25
Odisha,Cuttack,40,35,37,46,89,126,121,111,81,56,58,NR,210,158,NR,198,169,65,257,30,15,57,38,41,44,39,53,41,93,743,57,88,58,91,45,35,26,14,52,35,43,2026-09-25
Odisha,Sambalpur,40,30,36,45,90,128,120,102,78,56,58,NR,209,159,NR,198,181,60,240,30,15,55,40,40,40,37,60,38,90,780,NR,72,40,95,50,35,30,15,50,50,50,2026-09-25
Odisha,Rourkela,36,27,36,38,88,127,117,101,77,55,58,NR,213,172,179,198,180,68,190,29,17,56,43,35,36,39,50,41,91,536,56,94,53,88,53,33,30,15,47,50,50,2026-09-25
Odisha,Berhampur,44,31,35,37,86,123,130,102,73,58,58,NR,208,168,NR,198,133,65,245,22,16,57,39,NR,NR,39,50,48,87,690,55,96,60,84,45,44,30,17,53,40,45,2026-09-25
Odisha,Jeypore,45,35,38,36,84,119,122,105,84,55,58,181,213,156,170,207,171,60,240,29,15,55,40,40,40,38,45,43,80,813,65,80,60,75,35,38,28,12,50,50,60,2026-09-25
Odisha,Balasore,NR,NR,NR,NR,NR,NR,NR,NR,NR,NR,NR,NR,NR,NR,NR,NR,NR,NR,NR,NR,NR,NR,NR,NR,NR,NR,NR,NR,NR,NR,NR,NR,NR,NR,NR,NR,NR,NR,NR,NR,NR,2026-09-25
Odisha,Baripada,40,27,37,45,86,122,118,99,75,57,58,NR,203,159,NR,193,170,65,239,29,14,56,35,35,NR,51,48,51,98,740,57,91,63,101,43,36,31,14,61,40,49,2026-09-25
Odisha,Balangir,32,26,38,42,90,130,120,100,80,52,58,NR,212,166,NR,201,181,70,NR,30,17,55,40,NR,NR,43,NR,50,100,769,57,84,40,90,40,35,30,18,40,60,65,2026-09-25
Odisha,Angul,37,NR,NR,46,87,132,113,118,90,62,63,NR,209,176,NR,198,NR,70,NR,30,16,55,28,43,55,41,50,42,97,NR,61,100,63,87,62,36,30,15,63,33,33,2026-09-25
Odisha,Boudhgarh,32,NR,40,44,78,120,104,95,85,53,54,NR,192,132,NR,176,135,50,NR,27,15,62,55,NR,NR,36,50,43,75,656,57,84,40,95,38,32,26,14,40,25,39,2026-09-25
Odisha,Dhenkanal,36,31,35,40,90,127,120,100,75,60,58,NR,209,165,NR,198,165,62,280,29,15,55,40,50,NR,39,50,42,90,709,58,90,50,83,44,30,20,12,50,45,50,2026-09-25
Odisha,Jagatsinghpur,NR,NR,NR,NR,NR,NR,NR,NR,NR,NR,NR,NR,NR,NR,NR,NR,NR,NR,NR,NR,NR,NR,NR,NR,NR,NR,NR,NR,NR,NR,NR,NR,NR,NR,NR,NR,NR,NR,NR,NR,NR,2026-09-25
Odisha,Kandhamal,37,NR,43,49,81,131,124,116,79,58,55,159,204,175,NR,190,141,59,NR,30,19,56,41,NR,NR,43,43,45,92,714,59,80,40,90,36,33,27,10,42,22,46,2026-09-25
Odisha,Keonjhar,40,31,40,54,89,130,124,110,77,59,58,NR,203,137,NR,203,NR,65,NR,30,14,57,43,40,40,40,60,43,105,791,58,94,60,90,40,35,25,15,50,40,42,2026-09-25
Odisha,Malkangiri,NR,NR,NR,NR,NR,NR,NR,NR,NR,NR,NR,NR,NR,NR,NR,NR,NR,NR,NR,NR,NR,NR,NR,NR,NR,NR,NR,NR,NR,NR,NR,NR,NR,NR,NR,NR,NR,NR,NR,NR,NR,2026-09-25
Odisha,Nabarangpur,50,NR,40,52,89,120,127,97,78,55,60,NR,216,190,167,203,174,70,NR,28,18,58,30,40,40,40,35,47,87,787,62,70,37,87,50,36,27,16,40,40,42,2026-09-25
Odisha,Nayagarh,40,NR,NR,43,87,118,123,110,88,58,54,NR,207,179,NR,198,177,70,NR,28,16,57,37,NR,NR,38,44,42,85,687,59,95,50,85,35,41,25,14,55,29,42,2026-09-25
Odisha,Nuapada,45,40,35,50,90,120,110,110,80,NR,NR,NR,NR,NR,NR,NR,NR,NR,NR,NR,NR,NR,NR,NR,NR,NR,NR,NR,NR,NR,NR,NR,NR,NR,NR,NR,NR,NR,NR,NR,NR,2026-09-25
Odisha,Paralakhemundi Gajapati,50,45,42,50,84,115,131,110,80,55,NR,192,220,143,155,178,141,64,255,29,19,59,40,69,61,39,60,53,75,786,60,96,60,104,52,44,38,15,61,46,46,2026-09-25
Odisha,Puri,41,32,NR,43,86,125,121,107,90,56,60,NR,208,166,NR,197,160,63,265,27,14,54,40,NR,NR,41,NR,43,90,704,58,87,48,86,41,36,27,16,52,39,44,2026-09-25
Odisha,Rayagada,45,NR,41,50,89,120,130,111,80,60,60,209,209,165,NR,200,169,70,NR,31,20,60,40,NR,NR,45,40,49,80,756,59,84,40,82,49,35,29,13,50,48,50,2026-09-25
Odisha,Sonepur,36,NR,NR,45,86,125,120,110,80,55,58,NR,220,154,NR,209,185,70,NR,10,15,55,40,NR,NR,NR,NR,NR,NR,NR,NR,NR,NR,NR,NR,NR,NR,NR,NR,NR,NR,2026-09-25
Odisha,Bhadrak,36,28,NR,42,87,125,125,120,81,57,65,NR,216,183,NR,199,165,65,330,28,14,54,48,44,NR,38,63,40,87,769,58,84,58,81,43,31,26,15,50,37,40,2026-09-25
Odisha,Jharsuguda,40,NR,47,42,90,125,120,100,80,55,NR,NR,214,NR,168,202,132,NR,NR,31,20,50,30,40,41,43,53,43,98,789,61,96,58,100,NR,35,33,27,60,50,38,2026-09-25
Odisha,Kendrapara,40,31,37,46,84,120,112,110,85,57,58,NR,205,160,NR,195,171,61,290,30,13,57,40,NR,NR,41,57,40,88,751,61,96,50,81,30,39,25,14,60,37,39,2026-09-25
Odisha,Jajpur,39,31,NR,49,85,124,115,105,78,56,58,NR,203,185,NR,198,181,65,NR,30,12,55,40,NR,NR,36,NR,40,123,769,63,90,32,85,39,33,29,13,60,40,40,2026-09-25
Odisha,Kalahandi,43,29,37,49,85,120,118,110,86,55,54,NR,217,163,NR,201,170,75,430,31,19,58,30,NR,NR,40,40,50,83,764,NR,96,38,85,38,33,29,13,42,39,38,2026-09-25
West Bengal,Kolkata,59,NR,NR,39,90,130,133,120,118,57,59,NR,208,184,157,193,170,87,287,30,15,60,57,NR,NR,40,NR,44,103,747,63,92,67,86,53,30,33,20,60,37,47,2026-09-25
West Bengal,Siliguri,54,37,33,50,85,125,129,110,104,55,60,NR,213,156,160,203,NR,75,230,25,19,55,52,NR,NR,46,NR,52,97,718,59,84,50,87,55,31,26,17,53,40,44,2026-09-25
West Bengal,Purulia,NR,NR,NR,NR,NR,NR,NR,NR,NR,NR,NR,NR,NR,NR,NR,NR,NR,NR,NR,NR,NR,NR,NR,NR,NR,NR,NR,NR,NR,NR,NR,NR,NR,NR,NR,NR,NR,NR,NR,NR,NR,2026-09-25
West Bengal,Kharagpur,54,NR,33,37,88,128,127,110,107,62,64,200,209,NR,146,192,123,75,278,31,14,57,43,NR,NR,39,NR,40,112,703,57,90,53,97,57,44,30,18,58,43,58,2026-09-25
West Bengal,Rampurhat,49,NR,NR,47,86,124,125,118,113,54,59,NR,207,NR,150,190,NR,67,300,25,12,53,40,NR,NR,41,NR,51,89,688,62,85,62,90,52,28,34,16,42,30,47,2026-09-25
West Bengal,Malda,58,50,34,47,88,134,132,115,141,55,60,268,214,NR,192,202,148,77,325,25,12,44,30,59,56,43,74,61,99,730,64,86,44,98,44,32,35,16,55,35,37,2026-09-25
West Bengal,Raiganj,56,29,29,50,92,140,140,120,122,55,61,NR,209,157,176,216,126,73,300,15,11,58,57,NR,NR,36,NR,47,122,681,62,89,72,120,55,30,31,16,60,50,50,2026-09-25
West Bengal,Alipurduar,34,NR,NR,40,90,130,121,111,130,58,65,NR,208,NR,188,208,154,70,248,10,10,56,35,NR,NR,40,NR,40,85,655,60,90,45,89,39,32,28,17,49,30,41,2026-09-25
West Bengal,Asansol,52,NR,NR,38,88,127,122,120,93,56,68,NR,209,152,167,196,122,75,297,30,13,53,47,NR,NR,39,NR,47,100,817,62,90,50,92,50,37,30,15,43,33,50,2026-09-25
West Bengal,Balurghat,53,30,31,37,84,128,127,112,105,60,70,NR,NR,NR,181,207,156,50,358,29,15,53,60,NR,NR,50,NR,65,100,710,NR,81,49,100,40,35,30,16,60,40,45,2026-09-25
West Bengal,Bankura,37,NR,NR,37,93,123,129,116,112,56,63,NR,207,NR,155,193,124,63,301,29,13,55,43,NR,NR,39,NR,59,88,840,61,87,68,93,51,33,31,16,48,47,53,2026-09-25
West Bengal,Barasat,54,NR,NR,37,90,122,119,121,115,60,62,NR,209,176,162,184,138,67,350,29,15,60,45,NR,NR,38,NR,59,71,635,61,84,65,89,45,35,27,17,45,50,50,2026-09-25
West Bengal,Bardhaman,49,29,NR,39,94,132,128,119,109,55,60,238,203,159,143,207,142,76,318,30,12,59,37,NR,NR,38,NR,45,93,773,61,85,52,90,55,30,29,16,58,24,48,2026-09-25
West Bengal,Baruipur,60,40,NR,NR,90,NR,115,137,112,65,59,NR,220,209,185,194,NR,60,600,29,18,65,45,NR,NR,45,NR,51,102,872,68,96,64,90,50,40,27,15,52,75,75,2026-09-25
West Bengal,Berhampore,49,NR,30,44,88,124,117,118,96,55,63,NR,198,163,170,212,173,64,323,24,13,52,52,NR,NR,43,NR,63,71,627,60,84,78,98,41,34,31,15,37,23,43,2026-09-25
West Bengal,Chinsurah,NR,NR,NR,NR,NR,NR,NR,NR,NR,NR,NR,NR,NR,NR,NR,NR,NR,NR,NR,NR,NR,NR,NR,NR,NR,NR,NR,NR,NR,NR,NR,NR,NR,NR,NR,NR,NR,NR,NR,NR,NR,2026-09-25
West Bengal,Cooch behar,53,NR,NR,41,92,118,122,115,130,58,55,NR,205,158,175,185,180,72,287,30,11,55,45,NR,NR,40,NR,50,97,718,60,84,60,85,49,31,32,15,70,42,40,2026-09-25
West Bengal,Howrah,56,NR,NR,37,92,125,121,118,114,60,62,NR,203,192,173,197,NR,68,273,31,15,58,42,NR,NR,NR,NR,59,107,738,61,86,63,102,38,39,35,16,57,44,52,2026-09-25
West Bengal,Jalapiguri,39,NR,NR,47,90,132,128,112,105,58,81,NR,209,143,163,203,148,72,300,30,14,57,48,NR,NR,38,NR,60,87,688,62,96,60,93,50,35,32,20,71,42,43,2026-09-25
West Bengal,Jhargram,42,NR,NR,38,90,126,126,115,111,57,61,NR,208,157,151,192,NR,67,289,28,14,55,41,NR,NR,38,NR,60,96,681,59,82,57,89,48,37,28,15,46,45,54,2026-09-25
West Bengal,Kalimpong,59,55,33,46,95,130,140,120,103,63,83,154,209,137,132,204,154,90,300,20,24,54,41,NR,NR,40,80,60,120,792,60,93,60,100,60,30,30,19,70,50,55,2026-09-25
West Bengal,Krishnagar,51,NR,NR,39,89,129,119,127,99,56,54,NR,203,NR,148,186,NR,66,387,29,13,53,46,NR,NR,39,NR,62,81,644,63,88,67,98,44,35,31,16,48,38,58,2026-09-25
West Bengal,Tamluk,41,29,NR,39,97,128,125,120,125,58,59,NR,203,NR,159,195,NR,63,307,30,13,58,48,NR,NR,39,NR,60,88,723,61,90,70,92,50,33,31,15,52,39,68,2026-09-25
NORTH EAST ZONE,NORTH EAST ZONE,,,,,,,,,,,,,,,,,,,,,,,,,,,,,,,,,,,,,,,,,,2026-09-25
Andaman and Nicobar,Port Blair,50,NR,NR,60,98,132,140,120,98,75,72,NR,220,209,NR,191,176,82,330,24,47,83,80,55,60,77,73,87,150,747,68,96,140,98,50,47,35,15,80,70,73,2026-09-25
Andaman and Nicobar,Mayabunder,53,NR,NR,70,103,140,152,123,100,78,76,289,216,234,NR,194,183,81,365,22,50,90,100,NR,NR,62,92,80,142,795,62,NR,120,90,48,37,40,16,40,100,98,2026-09-25
Andaman and Nicobar,Car Nicobar,53,NR,NR,75,105,154,145,130,104,76,77,NR,302,231,NR,271,214,85,275,25,60,100,80,NR,NR,87,64,103,148,NR,80,120,190,114,58,63,41,25,82,102,102,2026-09-25
Arunachal pradesh,Itanagar,40,38,40,41,96,139,137,121,91,50,74,NR,215,159,160,210,NR,77,400,17,27,52,58,NR,30,42,60,52,92,714,58,91,51,85,60,46,33,17,69,45,56,2026-09-25
Arunachal pradesh,Namsai,NR,NR,NR,NR,NR,NR,NR,NR,NR,NR,NR,NR,NR,NR,NR,NR,NR,NR,NR,NR,NR,NR,NR,NR,NR,NR,NR,NR,NR,NR,NR,NR,NR,NR,NR,NR,NR,NR,NR,NR,NR,2026-09-25
Arunachal pradesh,Pasighat,53,NR,NR,50,93,113,97,93,113,73,80,176,241,172,180,187,NR,90,400,20,20,67,93,NR,NR,50,NR,57,83,723,59,100,60,100,70,78,43,15,60,48,67,2026-09-25
Arunachal pradesh,Tawang,45,NR,45,45,100,NR,140,137,98,57,73,NR,236,182,NR,165,NR,100,340,20,42,63,65,NR,NR,42,NR,53,93,684,57,112,70,98,28,83,30,28,73,31,43,2026-09-25
Arunachal pradesh,Tezu,38,NR,NR,40,90,137,140,117,90,63,70,NR,154,NR,154,NR,NR,100,250,15,20,60,80,NR,NR,40,NR,60,100,820,65,96,60,80,60,40,30,20,40,30,53,2026-09-25
Assam,Guwahati,35,30,33,37,85,111,95,99,81,54,71,216,220,188,176,203,166,60,220,13,17,59,58,NR,NR,43,NR,46,NR,NR,NR,90,50,NR,30,NR,33,19,77,40,40,2026-09-25
Assam,Barpeta,34,27,39,36,80,112,96,100,82,54,74,197,222,139,159,195,164,62,153,10,16,56,48,50,43,39,97,52,83,736,64,87,38,83,34,33,27,18,58,25,26,2026-09-25
Assam,Tinsukia,32,42,34,39,92,135,105,105,85,55,77,NR,229,203,209,203,NR,75,190,12,13,58,40,NR,NR,44,NR,44,100,791,64,96,38,80,50,35,30,20,40,30,45,2026-09-25
Assam,Dhubri,35,25,NR,35,86,132,NR,107,83,55,77,NR,231,163,154,176,126,73,180,12,15,55,40,50,65,37,65,50,110,747,63,84,30,70,30,40,25,15,50,35,30,2026-09-25
Assam,Goalpara,35,25,32,36,85,130,130,108,95,56,63,NR,214,160,165,182,NR,65,210,10,NR,NR,NR,NR,NR,36,NR,53,97,787,63,96,40,95,38,32,31,18,65,35,35,2026-09-25
Assam,Golaghat,47,36,34,42,90,120,90,110,105,60,67,159,209,161,159,174,157,78,240,14,16,55,45,NR,NR,41,NR,59,NR,NR,NR,94,48,71,45,NR,26,16,65,27,43,2026-09-25
Assam,Mangaldai,45,23,33,35,89,114,95,105,85,53,70,NR,200,142,NR,NR,160,65,260,11,15,55,43,NR,NR,36,NR,36,NR,NR,NR,96,35,NR,NR,NR,30,17,65,30,40,2026-09-25
Assam,Mushalpur,37,31,40,38,86,119,110,113,89,57,75,NR,231,149,201,201,143,65,268,10,15,57,55,NR,NR,39,NR,51,81,835,61,89,42,96,29,NR,29,26,59,37,36,2026-09-25
Assam,Udalguri,44,24,NR,35,82,122,96,110,92,54,76,NR,226,NR,176,205,157,57,272,12,14,56,54,NR,NR,39,NR,40,75,687,NR,95,37,80,42,NR,21,13,53,30,40,2026-09-25
Assam,Bajali,34,NR,33,40,87,118,103,113,93,56,78,164,223,NR,159,205,137,68,363,10,17,59,43,NR,NR,37,104,45,85,795,63,86,38,87,61,60,32,25,70,35,43,2026-09-25
Assam,Hojai,33,29,NR,40,80,115,99,94,80,59,62,NR,203,152,153,184,162,70,260,12,15,50,47,NR,NR,39,NR,42,70,670,59,90,38,77,33,40,28,11,40,37,47,2026-09-25
Assam,Jorhat,40,34,36,40,86,110,115,104,101,58,78,181,220,160,159,160,132,60,208,12,18,55,50,NR,NR,55,NR,54,78,714,NR,105,40,80,42,42,30,12,60,20,40,2026-09-25
Assam,Bongaigaon,43,NR,NR,35,83,118,97,110,90,52,70,NR,184,152,150,165,NR,60,322,10,13,49,44,NR,NR,37,NR,60,76,NR,NR,90,32,NR,40,NR,30,18,55,20,40,2026-09-25
Assam,Morigaon,40,30,40,40,83,129,120,110,100,57,65,195,198,159,154,159,137,70,233,10,15,55,50,50,NR,40,NR,50,105,725,60,90,40,80,45,40,26,15,70,40,50,2026-09-25
Assam,Sonari,41,32,43,42,98,121,NR,110,98,62,78,NR,214,NR,181,NR,NR,80,220,13,15,55,60,NR,NR,39,NR,60,90,NR,NR,98,45,80,43,42,30,15,73,25,45,2026-09-25
Assam,Tamulpur,36,30,40,40,87,128,112,111,89,54,77,NR,200,152,174,NR,160,70,270,10,15,60,50,NR,NR,39,NR,43,75,720,NR,88,40,NR,NR,NR,29,14,47,50,40,2026-09-25
Assam,Sivasagar,43,44,40,50,88,117,113,112,108,58,75,NR,236,203,176,195,165,61,257,11,18,56,46,33,63,54,NR,58,95,696,61,102,42,80,37,56,36,12,50,36,49,2026-09-25
Assam,Biswanath Chariali,36,29,34,39,93,126,NR,117,100,61,73,NR,152,NR,159,NR,NR,61,233,10,15,53,42,NR,NR,41,NR,45,120,NR,NR,80,40,90,50,40,30,20,70,20,27,2026-09-25
Assam,Dibrugarh,35,28,NR,39,93,133,127,108,99,56,77,NR,219,168,190,227,NR,63,203,13,17,59,48,NR,NR,41,NR,55,92,799,63,85,57,77,53,42,49,14,52,35,48,2026-09-25
Assam,Karimganj,37,NR,NR,39,87,114,123,102,79,56,75,NR,230,NR,183,222,NR,78,238,14,24,58,50,NR,NR,39,NR,65,130,NR,60,90,53,NR,53,NR,29,17,50,38,50,2026-09-25
Assam,Majuli,35,NR,38,42,100,120,90,118,100,60,70,NR,188,NR,159,NR,NR,60,260,15,20,56,48,NR,NR,41,NR,43,112,NR,NR,84,40,70,45,NR,35,15,40,30,40,2026-09-25
Assam,Sonitpur Tezpur,39,27,31,40,81,115,98,107,87,NR,NR,NR,203,NR,185,211,NR,NR,NR,NR,15,60,55,NR,NR,40,NR,45,80,749,62,96,40,96,50,60,30,17,80,20,40,2026-09-25
Assam,Haflong,36,40,NR,45,90,130,NR,120,90,65,77,NR,185,NR,120,200,NR,80,270,15,20,60,50,NR,NR,45,NR,45,90,720,60,105,40,95,40,32,30,19,80,20,50,2026-09-25
Assam,AS-Lakhimpur,39,NR,NR,38,84,113,102,110,92,59,73,NR,206,161,164,178,NR,61,193,15,14,55,48,NR,NR,42,NR,39,88,613,61,96,47,80,38,53,32,16,48,42,47,2026-09-25
Assam,Diphu,35,29,NR,37,90,115,117,111,90,56,75,NR,219,NR,170,NR,128,93,233,15,16,60,50,45,45,40,65,70,82,686,63,90,22,80,50,35,30,17,53,34,38,2026-09-25
Assam,Nalbari,35,26,NR,40,85,125,98,110,85,60,70,NR,214,145,165,187,126,74,292,10,15,55,50,NR,NR,40,NR,40,80,820,58,90,42,80,48,50,35,20,63,40,35,2026-09-25
Assam,South Salmara Mankachar,40,33,39,38,81,124,NR,116,86,58,75,NR,219,167,160,159,134,63,233,12,24,47,51,80,85,39,NR,63,NR,801,59,83,37,72,45,50,40,19,55,NR,NR,2026-09-25
Assam,Kamrup,39,32,NR,39,86,119,105,106,85,56,75,NR,227,NR,188,203,169,75,219,15,14,56,60,NR,NR,38,NR,45,79,NR,59,84,40,NR,41,40,31,15,55,40,42,2026-09-25
Manipur,Imphal,56,NR,52,51,102,135,132,121,99,75,NR,NR,266,211,225,211,220,100,260,25,30,73,78,NR,NR,51,NR,70,77,NR,NR,101,63,98,36,35,23,18,57,21,49,2026-09-25
Manipur,Chandel,NR,NR,NR,NR,NR,NR,NR,NR,NR,NR,NR,NR,NR,NR,NR,NR,NR,NR,NR,NR,NR,NR,NR,NR,NR,NR,NR,NR,NR,NR,NR,NR,NR,NR,NR,NR,NR,NR,NR,,,2026-09-25
Manipur,Jiribam,NR,NR,NR,NR,NR,NR,NR,NR,NR,NR,NR,NR,NR,NR,NR,NR,NR,NR,NR,NR,NR,NR,NR,NR,NR,NR,NR,NR,NR,NR,NR,NR,NR,NR,NR,NR,NR,NR,NR,NR,NR,2026-09-25
Manipur,Kangpokpi,NR,NR,NR,NR,NR,NR,NR,NR,NR,NR,NR,NR,NR,NR,NR,NR,NR,NR,NR,NR,NR,NR,NR,NR,NR,NR,NR,NR,NR,NR,NR,NR,NR,NR,NR,NR,NR,NR,NR,NR,NR,2026-09-25
Manipur,Senapati,50,NR,NR,45,NR,140,NR,130,100,68,74,172,154,NR,181,214,NR,NR,NR,20,20,70,80,NR,NR,50,NR,NR,NR,NR,70,96,NR,NR,NR,NR,NR,NR,50,30,70,2026-09-25
Manipur,Tamenglong,NR,NR,NR,NR,NR,NR,NR,NR,NR,NR,NR,NR,NR,NR,NR,NR,NR,NR,NR,NR,NR,NR,NR,NR,NR,NR,NR,NR,NR,NR,NR,NR,NR,NR,NR,NR,NR,NR,NR,,,2026-09-25
Manipur,Thoubal,NR,NR,NR,NR,NR,NR,NR,NR,NR,NR,NR,NR,NR,NR,NR,NR,NR,NR,NR,NR,NR,NR,NR,NR,NR,NR,NR,NR,NR,NR,NR,NR,NR,NR,NR,NR,NR,NR,NR,NR,NR,2026-09-25
Manipur,Ukhrul,40,NR,NR,50,90,140,140,140,100,60,75,NR,154,220,154,209,NR,90,230,15,30,70,80,NR,NR,50,NR,60,90,714,60,96,100,80,45,NR,25,NR,100,48,45,2026-09-25
Manipur,Churachandpur,NR,NR,NR,NR,NR,NR,NR,NR,NR,NR,NR,NR,NR,NR,NR,NR,NR,NR,NR,NR,NR,NR,NR,NR,NR,NR,NR,NR,NR,NR,NR,NR,NR,NR,NR,NR,NR,NR,NR,NR,NR,2026-09-25
Manipur,Kakching,NR,NR,NR,NR,NR,NR,NR,NR,NR,NR,NR,NR,NR,NR,NR,NR,NR,NR,NR,NR,NR,NR,NR,NR,NR,NR,NR,NR,NR,NR,NR,NR,NR,NR,NR,NR,NR,NR,NR,NR,NR,2026-09-25
Meghalaya,Shillong,36,34,40,39,93,130,133,120,90,59,77,NR,205,198,154,NR,NR,80,320,32,20,68,57,NR,NR,40,NR,40,100,859,63,99,57,80,53,53,29,20,87,47,50,2026-09-25
Meghalaya,Tura,35,NR,NR,40,100,140,NR,120,90,65,77,NR,198,NR,170,203,132,80,320,20,25,65,60,NR,NR,NR,NR,NR,NR,NR,NR,NR,NR,NR,NR,NR,NR,NR,NR,NR,NR,2026-09-25
Meghalaya,Jowai,37,NR,40,40,90,NR,NR,120,87,56,77,NR,170,NR,154,NR,NR,80,360,15,20,65,50,NR,NR,40,NR,40,87,736,63,90,50,80,50,40,30,18,80,40,50,2026-09-25
Meghalaya,Sohra,40,NR,42,40,NR,NR,NR,130,90,65,77,NR,165,NR,154,NR,NR,NR,385,30,25,68,50,85,NR,42,NR,50,90,NR,63,108,77,100,50,50,50,30,90,40,60,2026-09-25
Meghalaya,Mairang,39,NR,45,45,NR,NR,NR,120,90,62,77,NR,176,NR,156,NR,NR,NR,370,17,23,65,50,NR,NR,45,NR,40,107,NR,60,96,80,80,50,50,26,19,77,40,60,2026-09-25
Meghalaya,Nongpoh,35,34,NR,41,95,135,NR,125,88,60,77,NR,176,NR,156,NR,NR,72,353,15,20,68,57,NR,NR,41,NR,43,95,714,63,94,50,87,50,57,33,19,77,33,53,2026-09-25
Meghalaya,Khliehriat,43,40,39,39,92,128,NR,115,85,56,76,NR,161,NR,154,NR,NR,NR,313,30,22,62,42,NR,NR,39,NR,44,73,743,62,84,43,77,52,41,30,15,63,26,42,2026-09-25
Meghalaya,Williamnagar,35,NR,40,35,108,148,NR,118,89,60,70,NR,192,NR,174,NR,140,78,318,15,27,58,60,NR,NR,38,NR,62,87,747,57,90,68,80,40,60,20,20,80,23,45,2026-09-25
Meghalaya,Nongstoin,35,NR,44,44,NR,NR,NR,120,90,65,76,NR,170,NR,170,NR,NR,NR,357,15,20,65,50,NR,NR,44,NR,45,97,714,63,88,60,80,52,53,28,20,82,38,48,2026-09-25
Meghalaya,Mawkyrwat,35,NR,40,39,NR,NR,NR,120,85,60,75,NR,165,NR,NR,NR,NR,NR,370,15,20,60,45,NR,NR,45,NR,47,100,709,60,96,70,100,60,50,35,25,63,40,50,2026-09-25
Mizoram,Aizawl,50,50,42,50,103,153,130,133,93,55,83,271,260,256,161,244,152,103,520,30,53,65,78,NR,NR,50,NR,70,90,703,60,100,73,90,100,90,60,NR,78,27,50,2026-09-25
Mizoram,Lunglei,50,50,40,50,120,NR,180,150,110,70,80,214,263,170,187,203,NR,100,486,30,NR,NR,NR,NR,NR,50,NR,50,115,680,60,100,65,95,75,60,30,20,80,30,70,2026-09-25
Mizoram,Kolasib,53,45,40,45,95,120,140,140,93,60,80,NR,242,NR,143,203,132,100,483,30,30,40,90,NR,40,45,NR,70,120,725,60,90,60,98,100,80,36,35,50,30,70,2026-09-25
Mizoram,Mamit,45,NR,NR,50,128,NR,NR,128,98,53,80,NR,253,NR,132,121,NR,140,433,30,28,53,100,NR,NR,45,NR,97,127,546,65,90,61,NR,50,68,50,34,66,48,50,2026-09-25
Mizoram,Champhai,50,45,50,55,103,130,143,140,108,60,85,NR,257,225,147,NR,NR,120,560,32,35,87,87,NR,NR,50,NR,100,147,745,63,100,53,100,100,80,42,20,83,22,63,2026-09-25
Mizoram,Serchhip,NR,NR,NR,NR,NR,NR,NR,NR,NR,NR,NR,NR,NR,NR,NR,NR,NR,NR,NR,NR,NR,NR,NR,NR,NR,NR,NR,NR,NR,NR,NR,NR,NR,NR,NR,NR,NR,NR,NR,NR,NR,2026-09-25
Mizoram,Siaha,55,55,NR,50,103,157,138,148,103,70,80,170,260,219,154,NR,110,100,250,30,40,70,120,NR,NR,50,100,95,110,631,60,100,73,80,NR,60,60,30,88,30,70,2026-09-25
Mizoram,Lawngtlai,50,NR,45,50,100,160,140,140,100,70,80,NR,253,NR,143,NR,132,110,480,30,40,70,120,NR,NR,50,NR,80,140,660,60,100,80,100,NR,90,60,NR,NR,30,70,2026-09-25
Mizoram,Hnahthial,53,NR,45,50,NR,147,150,133,103,60,84,NR,257,NR,154,NR,NR,125,520,30,33,80,100,NR,NR,50,NR,90,150,659,60,103,60,93,NR,90,50,20,75,28,62,2026-09-25
Mizoram,Khawzawl,48,40,38,50,97,137,123,100,93,72,81,NR,198,145,143,NR,132,143,393,31,32,67,90,NR,NR,55,NR,72,110,622,60,99,63,88,87,70,57,20,73,43,32,2026-09-25
Mizoram,Saitual,50,NR,45,50,107,NR,140,NR,108,55,80,NR,198,NR,151,NR,NR,120,523,30,25,70,80,NR,NR,50,NR,90,100,NR,58,102,80,100,NR,90,50,22,80,30,70,2026-09-25
Nagaland,Kohima,50,30,45,49,107,157,130,120,97,60,77,NR,154,176,154,NR,NR,NR,340,20,30,75,60,NR,NR,45,NR,90,90,714,60,94,50,80,70,60,50,15,70,35,60,2026-09-25
Nagaland,Dimapur,NR,NR,NR,NR,NR,NR,NR,NR,NR,NR,NR,NR,NR,NR,NR,NR,NR,NR,NR,NR,NR,NR,NR,NR,NR,NR,NR,NR,NR,NR,NR,NR,NR,NR,NR,NR,NR,NR,NR,NR,NR,2026-09-25
Nagaland,Tuensang,37,NR,40,55,100,NR,NR,120,100,65,NR,NR,176,NR,200,NR,NR,NR,NR,20,30,65,50,NR,NR,52,NR,50,100,NR,58,92,42,100,35,90,50,30,60,35,70,2026-09-25
Nagaland,Mokochung,50,44,NR,60,110,140,140,120,100,65,74,NR,154,176,165,NR,NR,80,340,15,25,70,50,NR,NR,60,NR,70,120,813,60,84,55,100,70,70,40,20,50,20,70,2026-09-25
Nagaland,Chumukedima,40,NR,NR,36,92,140,145,138,93,53,75,NR,253,211,198,209,NR,83,322,18,25,62,52,NR,NR,40,NR,85,123,652,70,115,37,90,NR,82,37,32,58,36,57,2026-09-25
Nagaland,Mon,40,NR,NR,60,100,NR,NR,125,100,60,70,NR,154,NR,165,NR,NR,80,340,17,20,60,70,NR,NR,60,NR,70,65,NR,60,80,50,NR,NR,65,45,20,50,20,50,2026-09-25
Nagaland,Peren,39,30,45,45,95,NR,NR,120,100,60,70,NR,154,NR,165,NR,NR,120,320,20,20,60,50,NR,NR,55,NR,70,113,651,60,96,47,80,40,70,48,20,117,27,40,2026-09-25
Nagaland,Phek,40,NR,50,50,100,150,140,130,100,70,72,NR,163,NR,165,NR,NR,80,350,20,NR,70,57,NR,NR,50,NR,NR,100,630,68,NR,60,100,60,63,56,30,40,20,50,2026-09-25
Nagaland,Tseminyu,55,40,NR,57,NR,NR,NR,137,99,60,70,NR,154,NR,154,NR,NR,NR,380,15,30,63,55,NR,NR,53,NR,80,90,714,60,97,50,NR,NR,90,42,19,NR,20,66,2026-09-25
Nagaland,Wokha,52,NR,NR,68,97,NR,NR,120,97,70,74,NR,158,NR,158,NR,NR,NR,300,15,30,60,50,NR,NR,70,NR,80,100,758,60,84,50,100,60,65,40,15,70,25,60,2026-09-25
Nagaland,Zunheboto,55,39,NR,50,NR,163,NR,110,90,NR,75,NR,172,NR,NR,NR,NR,60,240,18,30,60,63,NR,NR,55,NR,75,NR,703,NR,82,60,120,30,70,40,25,60,33,58,2026-09-25
Nagaland,Kiphire,38,35,NR,60,110,155,140,120,90,60,70,NR,154,NR,165,NR,NR,75,345,18,20,60,80,NR,NR,45,NR,85,95,648,65,85,58,90,80,75,55,15,40,20,70,2026-09-25
Nagaland,Longleng,38,NR,40,50,NR,150,NR,120,100,60,75,NR,163,NR,165,NR,NR,80,350,20,30,63,60,NR,NR,62,NR,72,120,720,60,96,70,120,40,75,50,17,50,30,75,2026-09-25
Nagaland,Niuland,40,28,NR,50,NR,130,125,120,97,50,70,NR,154,NR,165,NR,NR,NR,325,15,20,60,50,NR,NR,50,NR,70,100,NR,60,90,25,NR,40,50,35,15,30,25,55,2026-09-25
Nagaland,Shamator,44,NR,55,60,100,NR,NR,130,100,70,78,NR,165,NR,176,NR,NR,80,320,20,30,70,60,NR,NR,60,NR,70,120,692,60,98,40,100,NR,95,30,20,50,20,55,2026-09-25
Nagaland,Noklak,40,NR,45,60,110,NR,NR,140,100,70,80,NR,168,NR,168,NR,NR,80,NR,20,25,60,60,NR,NR,60,NR,80,140,769,60,98,50,100,62,70,35,20,50,20,83,2026-09-25
Sikkim,Gangtok,45,NR,40,40,93,NR,NR,123,93,65,72,NR,231,143,139,209,NR,75,300,20,25,70,45,NR,NR,47,NR,60,110,769,63,100,60,97,50,53,29,23,60,30,50,2026-09-25
Sikkim,Gyalshing,45,NR,38,40,100,NR,NR,120,90,65,70,NR,231,143,187,209,NR,70,300,20,20,60,50,NR,NR,40,NR,70,110,651,63,96,70,100,50,40,28,20,60,30,50,2026-09-25
Sikkim,Namchi,45,NR,40,42,100,NR,NR,120,100,65,70,NR,231,154,143,203,NR,NR,360,20,25,65,50,NR,NR,45,NR,80,120,714,63,96,70,100,50,54,30,20,70,20,50,2026-09-25
Sikkim,Soreng,45,NR,40,40,100,NR,NR,120,100,65,70,NR,230,154,165,NR,NR,75,220,20,25,65,50,NR,NR,40,40,80,120,714,63,108,80,100,35,40,30,20,70,20,50,2026-09-25
Sikkim,Mangan,45,NR,38,40,100,NR,NR,130,90,70,70,NR,231,154,170,NR,NR,75,460,20,25,65,60,NR,NR,40,NR,70,120,703,63,96,60,90,42,50,30,23,70,25,50,2026-09-25
Sikkim,Pakyong,45,NR,40,40,110,NR,NR,130,95,65,70,NR,231,148,165,209,NR,NR,300,24,20,65,50,NR,NR,45,NR,70,120,651,63,96,80,90,50,60,30,23,80,25,50,2026-09-25
Tripura,Agartala,45,40,NR,40,90,131,129,103,130,59,79,NR,214,181,192,203,176,75,253,10,25,65,60,NR,NR,40,NR,50,80,747,68,96,60,100,53,35,34,15,78,35,45,2026-09-25
Tripura,Dharmanagar,45,41,NR,42,95,132,128,103,133,59,76,NR,215,NR,192,NR,181,77,243,15,18,65,50,NR,NR,42,NR,50,92,710,62,93,45,90,48,42,30,17,77,37,45,2026-09-25
Tripura,Belonia,46,44,NR,40,92,135,130,105,133,60,80,NR,179,178,192,203,172,78,247,13,21,62,62,NR,NR,40,NR,52,82,747,68,102,63,102,55,35,35,16,85,37,47,2026-09-25
Tripura,TR-Udaipur,48,41,NR,42,92,132,130,105,132,60,80,NR,214,182,193,203,177,75,246,10,26,67,61,NR,NR,45,NR,48,82,749,65,98,64,98,53,36,33,16,79,37,40,2026-09-25
Tripura,Ambassa,46,43,NR,41,92,133,131,107,133,65,80,NR,218,184,195,206,179,78,245,10,23,67,62,NR,NR,42,NR,50,85,769,70,95,55,102,57,42,35,15,55,38,48,2026-09-25
SOUTH ZONE,SOUTH ZONE,,,,,,,,,,,,,,,,,,,,,,,,,,,,,,,,,,,,,,,,,,2026-09-25
Andhra Pradesh,Vijaywada,53,34,43,45,87,139,135,107,85,56,54,203,156,147,NR,200,148,55,297,15,31,62,32,45,45,42,55,45,95,604,58,72,50,92,30,40,24,19,55,65,85,2026-09-25
Andhra Pradesh,Visakhapatnam,57,34,43,41,97,125,129,113,89,60,60,198,198,154,NR,190,159,66,260,18,16,56,31,41,44,45,45,46,91,791,65,72,40,90,37,37,28,15,55,35,40,2026-09-25
Andhra Pradesh,Kurnool,63,41,41,43,83,120,119,111,91,53,60,195,210,144,130,193,164,63,332,17,28,43,11,37,39,43,58,41,94,776,61,75,26,86,36,39,25,13,29,33,50,2026-09-25
Andhra Pradesh,Tirupathi,58,32,44,45,83,108,105,109,90,54,58,172,183,134,168,195,135,61,308,20,32,52,23,39,43,41,43,45,87,641,55,71,44,85,34,40,20,17,48,31,33,2026-09-25
Andhra Pradesh,Jammalamadugu,NR,NR,NR,NR,NR,NR,NR,NR,NR,NR,NR,NR,NR,NR,NR,NR,NR,NR,NR,NR,NR,NR,NR,NR,NR,NR,NR,NR,NR,NR,NR,NR,NR,NR,NR,NR,NR,NR,NR,,,2026-09-25
Andhra Pradesh,Dharmavaram,NR,NR,NR,NR,NR,NR,NR,NR,NR,NR,NR,NR,NR,NR,NR,NR,NR,NR,NR,NR,NR,NR,NR,NR,NR,NR,NR,NR,NR,NR,NR,NR,NR,NR,NR,NR,NR,NR,NR,,,2026-09-25
Andhra Pradesh,Ongole,60,33,43,45,86,121,118,109,90,55,58,185,187,143,NR,185,150,65,300,16,30,55,29,39,42,42,49,44,86,718,62,78,35,81,33,38,24,17,51,37,42,2026-09-25
Andhra Pradesh,Bapatla,52,32,43,43,83,114,120,106,85,55,58,189,NR,NR,NR,187,141,54,287,15,31,45,27,33,42,42,45,43,90,763,59,77,31,82,32,35,22,16,50,25,33,2026-09-25
Andhra Pradesh,Rajahmundry,55,35,44,46,81,118,113,108,86,54,60,193,214,133,NR,193,141,56,207,15,20,45,24,42,42,44,46,45,91,580,60,75,25,85,45,30,24,12,32,21,41,2026-09-25
Andhra Pradesh,Eluru,60,40,43,45,83,123,111,107,87,58,62,199,218,141,166,201,165,71,275,21,27,56,29,39,45,43,51,45,89,861,59,66,28,82,30,33,29,19,57,41,52,2026-09-25
Andhra Pradesh,Guntur,60,38,44,45,96,125,130,115,85,56,60,198,220,148,NR,198,168,70,215,14,23,56,25,38,40,44,46,43,88,593,60,78,26,84,34,35,26,21,38,25,37,2026-09-25
Andhra Pradesh,Amalapuram,52,34,45,45,91,122,136,115,87,58,65,214,218,145,158,197,159,57,295,24,22,46,24,31,32,45,46,48,89,680,60,72,38,90,35,39,27,19,48,33,30,2026-09-25
Andhra Pradesh,Nandyala,61,42,44,39,89,126,118,115,88,52,61,197,219,148,154,197,153,61,277,15,31,41,19,34,39,39,51,43,87,743,64,75,41,92,52,37,30,18,26,21,52,2026-09-25
Andhra Pradesh,Parvathipuram,57,40,44,45,85,122,121,113,91,56,60,189,195,149,NR,194,142,59,284,23,17,54,36,41,42,45,45,46,88,670,60,74,31,84,38,35,22,19,39,35,35,2026-09-25
Andhra Pradesh,Sri Sathya Sai,59,30,40,40,81,116,112,99,86,52,60,200,202,142,159,191,147,58,315,15,31,29,19,35,42,40,49,48,88,667,60,82,32,88,38,39,27,14,47,32,41,2026-09-25
Andhra Pradesh,Nellore,53,35,40,43,83,115,115,105,100,50,58,192,203,161,NR,192,159,60,260,19,35,59,30,35,40,45,49,43,86,815,60,73,31,81,35,37,21,16,35,24,34,2026-09-25
Andhra Pradesh,Srikakulam,60,30,39,47,85,119,128,107,81,55,56,204,214,135,163,168,137,75,331,11,20,58,34,NR,NR,45,50,51,89,673,55,84,40,89,49,43,30,18,55,45,47,2026-09-25
Andhra Pradesh,Vizianagaram,55,40,40,43,82,118,117,108,88,56,60,187,191,145,NR,189,140,55,275,19,23,50,26,37,38,43,42,43,85,659,60,72,26,80,34,32,22,17,37,24,36,2026-09-25
Andhra Pradesh,Anakapalli,65,35,40,45,85,125,130,110,85,56,69,203,229,148,NR,203,154,56,247,20,30,60,35,41,42,45,45,43,113,787,65,72,40,73,34,33,25,17,47,20,29,2026-09-25
Andhra Pradesh,Bhimavaram,52,35,40,41,83,120,111,105,86,55,60,192,206,148,154,192,154,62,285,19,25,48,30,35,40,45,45,44,88,791,55,71,47,88,38,38,23,18,36,36,38,2026-09-25
Andhra Pradesh,Chittoor,50,35,45,47,85,105,110,110,95,45,55,181,198,154,NR,170,132,60,345,15,32,55,18,36,38,50,50,55,110,681,65,75,45,80,30,30,20,15,50,43,55,2026-09-25
Andhra Pradesh,Kakinada,54,38,42,41,84,119,113,108,88,59,62,196,213,149,NR,195,143,60,298,19,25,50,20,37,40,43,47,44,93,642,65,77,45,84,33,37,21,15,49,29,31,2026-09-25
Andhra Pradesh,Machilipatnam,52,30,43,46,88,126,108,107,88,57,63,169,176,133,168,175,115,60,338,15,25,50,32,32,43,44,42,44,90,743,61,58,28,85,31,30,19,12,38,44,45,2026-09-25
Andhra Pradesh,Narasaraopeta,54,39,44,44,85,108,109,110,87,54,63,170,191,168,170,179,123,53,267,18,29,53,27,33,40,45,47,45,91,791,49,76,34,86,39,33,22,18,50,32,49,2026-09-25
Andhra Pradesh,Paderu,65,NR,42,45,85,120,130,105,85,60,60,198,198,143,NR,200,143,60,300,19,30,59,30,NR,NR,44,48,45,90,681,62,72,40,83,35,35,19,13,53,25,45,2026-09-25
Andhra Pradesh,Rayachoti,NR,NR,NR,NR,NR,NR,NR,NR,NR,NR,NR,NR,NR,NR,NR,NR,NR,NR,NR,NR,NR,NR,NR,NR,NR,NR,NR,NR,NR,NR,NR,NR,NR,NR,NR,NR,NR,NR,NR,NR,NR,2026-09-25
Andhra Pradesh,Anantapuramu,60,30,40,38,81,116,121,99,82,52,60,203,209,150,165,198,155,58,310,16,30,52,14,35,41,40,49,49,88,670,59,84,31,82,39,39,29,15,44,36,47,2026-09-25
Andhra Pradesh,YSR Kadapa,57,32,43,42,86,110,112,107,87,51,61,186,201,151,170,181,146,59,305,19,30,58,30,38,40,42,48,42,91,746,63,69,30,83,33,36,20,17,39,28,30,2026-09-25
Andhra Pradesh,Madanapalle,61,40,40,44,92,119,128,106,92,51,71,169,202,167,172,198,148,70,250,22,35,52,29,35,39,46,43,52,92,787,50,75,41,79,54,36,32,20,57,40,56,2026-09-25
Andhra Pradesh,Markapuram,51,30,40,41,81,120,117,105,90,50,67,200,182,144,NR,194,148,54,327,19,28,49,28,33,40,42,42,42,88,701,62,74,35,82,39,38,24,16,49,34,40,2026-09-25
Karnataka,Bengaluru,64,41,40,44,92,122,126,113,87,53,51,198,218,161,163,198,168,71,240,19,25,57,28,40,45,43,50,47,89,780,61,79,54,79,44,36,33,16,47,33,42,2026-09-25
Karnataka,Dharwad,62,36,44,45,85,124,126,112,88,54,54,202,200,149,152,193,163,60,268,20,28,48,23,44,50,44,48,45,86,786,63,80,38,82,40,43,31,16,46,32,38,2026-09-25
Karnataka,Mangalore,59,35,43,46,86,123,127,109,88,56,54,209,210,162,171,192,154,67,199,20,30,56,24,39,55,45,48,47,88,751,60,81,43,83,42,37,28,17,57,30,40,2026-09-25
Karnataka,Mysore,62,36,43,49,86,123,122,110,86,52,48,213,230,153,168,202,159,72,278,20,29,50,25,59,57,41,54,44,81,725,65,73,44,93,55,34,41,22,47,50,46,2026-09-25
Karnataka,Bengaluru (East Range),67,38,46,43,91,124,126,115,90,57,50,211,219,164,167,202,170,66,260,20,29,58,26,42,48,43,51,44,92,754,63,78,55,83,39,42,29,18,48,40,50,2026-09-25
Karnataka,Belagavi,64,37,43,44,88,124,123,110,88,53,54,204,199,149,171,196,153,58,261,20,26,48,21,50,54,42,47,43,86,786,61,84,44,82,39,59,28,16,50,36,39,2026-09-25
Karnataka,Kalaburagi,65,36,45,44,88,125,125,112,92,55,53,202,201,163,145,196,157,55,220,20,30,56,20,40,45,44,50,46,95,731,61,80,50,82,40,42,30,20,50,25,40,2026-09-25
Karnataka,Tumakuru,69,38,44,46,91,123,131,115,93,55,53,204,216,153,161,192,154,69,235,20,29,56,21,48,52,47,53,49,86,723,62,81,46,89,50,44,33,19,48,31,50,2026-09-25
Karnataka,Bellary,61,37,45,42,87,121,130,108,88,53,54,219,209,166,150,191,172,60,275,20,27,57,22,42,45,42,47,43,97,786,65,78,36,83,39,36,30,18,50,30,40,2026-09-25
Karnataka,Dhavanagere,68,38,44,48,89,125,125,111,87,58,53,213,212,162,154,199,167,62,268,20,30,60,16,43,56,45,53,45,87,789,63,73,42,83,39,42,28,16,50,30,42,2026-09-25
Karnataka,Shivamogga,67,37,44,47,90,123,126,115,90,55,52,202,211,159,152,194,156,62,245,20,26,50,17,48,52,46,49,45,92,786,63,80,42,82,40,42,28,16,45,34,40,2026-09-25
Karnataka,Vijayapur,61,38,45,43,87,123,127,115,84,56,53,220,214,156,172,190,148,61,244,20,28,52,20,40,48,41,52,42,87,775,62,72,41,90,39,42,38,16,55,40,40,2026-09-25
Karnataka,Ramanagara,60,36,42,45,88,121,124,108,92,55,53,211,216,152,142,193,159,69,215,20,28,50,25,42,47,47,47,43,90,756,63,80,38,92,40,52,28,16,53,41,47,2026-09-25
Karnataka,Raichur,64,36,45,44,88,123,125,115,85,55,53,205,204,160,167,196,147,60,212,20,28,49,18,51,51,46,48,46,91,745,62,79,40,90,43,49,40,17,42,29,41,2026-09-25
Karnataka,Chamarajanagar,60,36,43,46,86,125,127,105,95,53,48,214,230,154,122,203,145,71,198,18,29,48,25,58,57,52,55,55,90,713,65,75,42,93,45,61,45,21,57,49,50,2026-09-25
Karnataka,Kolar,65,35,49,50,95,125,133,120,95,58,52,220,213,164,169,198,160,65,256,20,25,60,24,36,45,50,46,50,103,782,60,70,32,85,39,40,27,15,35,29,50,2026-09-25
Karnataka,Haveri,65,38,45,45,90,120,125,105,90,51,54,203,198,165,170,198,148,55,247,19,30,55,18,45,50,42,50,42,85,758,61,78,40,85,42,45,30,16,45,30,45,2026-09-25
Karnataka,Bagalkot,61,37,44,45,85,120,125,115,92,56,52,206,200,151,165,191,153,60,245,20,28,47,24,49,46,44,52,43,90,795,62,80,48,82,40,37,35,18,58,32,39,2026-09-25
Karnataka,Bidar,69,38,41,41,82,119,129,113,83,52,55,197,197,149,173,188,163,59,283,19,27,47,28,39,47,39,53,41,87,819,64,82,60,87,58,39,33,18,47,48,48,2026-09-25
Karnataka,Koppal,64,37,44,45,85,124,127,115,90,53,52,204,199,153,159,192,161,56,244,20,28,53,21,41,48,43,48,44,91,744,62,83,43,90,39,42,30,17,51,36,41,2026-09-25
Karnataka,Mandya,70,37,44,47,86,121,130,115,94,52,52,218,225,155,170,197,156,61,241,20,29,57,25,46,47,42,47,44,95,732,67,80,37,82,49,37,35,16,40,30,40,2026-09-25
Karnataka,Yadgir,60,36,44,46,85,122,125,111,88,53,53,203,203,159,165,192,159,60,210,20,29,50,20,44,52,46,49,45,96,780,61,77,43,84,41,38,28,19,48,35,40,2026-09-25
Karnataka,Chikkamagalur,64,37,43,46,88,122,127,111,90,54,53,205,201,157,159,193,147,64,219,20,26,46,20,46,46,47,48,46,94,722,64,80,46,85,43,44,31,17,48,33,41,2026-09-25
Karnataka,Bangalore Rural,63,36,43,49,90,122,132,108,87,54,50,214,199,150,152,189,147,64,265,20,30,53,27,49,46,45,47,48,94,729,64,78,41,83,40,52,30,20,49,34,49,2026-09-25
Karnataka,Chikkaballapur,64,36,46,46,92,122,127,108,86,58,52,223,216,160,167,196,161,69,275,20,29,53,26,45,45,43,46,42,95,745,62,82,40,84,48,40,28,17,42,35,46,2026-09-25
Karnataka,Chitradurga,67,38,46,46,87,123,125,112,87,55,53,201,206,150,148,191,157,67,275,20,27,45,20,44,55,45,53,43,87,787,63,72,45,81,43,43,28,16,53,36,46,2026-09-25
Karnataka,Gadag,65,39,46,47,88,122,132,115,88,56,52,213,201,152,142,190,150,57,248,20,28,57,19,41,47,44,49,45,93,745,65,74,59,88,40,37,43,21,43,35,43,2026-09-25
Karnataka,Hassan,63,39,44,48,86,121,127,109,87,53,54,223,201,152,154,196,159,66,245,21,31,60,21,46,46,47,46,47,91,735,60,81,39,84,38,39,28,15,40,35,40,2026-09-25
Karnataka,Kodagu,64,37,44,45,87,122,127,113,89,56,52,210,209,155,159,193,155,63,247,20,27,53,21,44,47,45,49,45,91,757,62,80,44,85,41,43,31,18,49,34,43,2026-09-25
Karnataka,Udupi,60,37,46,48,89,119,122,110,94,57,48,224,210,164,173,191,159,65,224,19,31,60,25,46,45,47,49,47,90,749,63,80,51,84,39,54,45,19,58,35,41,2026-09-25
Karnataka,Uttara Kannada,66,36,46,42,92,119,133,116,95,59,48,223,202,162,170,192,156,65,273,20,29,57,23,46,49,47,50,46,97,786,62,75,49,93,49,40,43,19,47,38,51,2026-09-25
Karnataka,Vijayanagara,65,41,43,44,86,123,129,117,92,52,52,204,211,154,NR,198,146,54,235,19,25,50,18,40,50,45,50,49,92,747,62,74,40,89,45,40,40,16,41,28,39,2026-09-25
Kerala,T.Puram,62,54,41,44,95,143,142,125,90,54,56,308,264,198,NR,209,154,82,260,14,43,68,33,46,55,46,54,44,98,NR,61,75,48,90,55,50,35,17,70,45,60,2026-09-25
Kerala,Ernakulam,53,60,41,44,113,152,143,135,97,57,60,247,245,197,NR,209,172,75,225,15,42,63,40,50,65,49,60,NR,118,786,71,78,38,80,60,40,38,18,57,50,57,2026-09-25
Kerala,Kozhikode,48,58,50,44,107,143,145,137,97,55,56,NR,235,165,NR,206,175,66,237,15,29,60,39,NR,NR,46,52,47,107,747,NR,78,50,82,49,35,30,16,60,NR,60,2026-09-25
Kerala,Thrissur,53,53,45,53,99,146,136,143,91,55,58,NR,263,203,NR,213,181,70,273,17,50,61,43,51,59,51,64,58,115,749,61,85,50,104,43,47,32,16,63,54,78,2026-09-25
Kerala,Palakkad,47,41,48,46,99,139,133,119,86,53,54,244,221,197,NR,190,165,61,223,13,40,58,35,53,50,50,49,49,99,788,63,74,35,85,55,37,33,16,58,43,48,2026-09-25
Kerala,Wayanad,51,58,52,45,118,139,151,140,110,55,58,251,244,190,NR,212,180,59,240,17,36,63,31,NR,NR,48,67,50,120,793,68,82,39,85,52,43,31,17,52,44,67,2026-09-25
Kerala,Kasargod,53,58,55,60,115,143,143,135,113,53,66,NR,NR,218,NR,199,163,60,275,15,26,56,26,NR,NR,47,58,47,110,780,56,75,40,79,42,40,39,17,68,33,50,2026-09-25
Kerala,Kottayam,57,54,44,51,100,146,120,103,99,56,58,NR,226,204,NR,201,170,73,230,16,38,59,37,NR,NR,52,56,52,109,727,65,80,46,80,53,39,37,16,55,52,54,2026-09-25
Kerala,Pathanamthitta,63,59,44,46,103,135,125,129,96,56,57,NR,286,264,NR,214,212,85,260,15,37,68,43,NR,NR,51,60,NR,130,790,60,78,60,80,54,44,49,18,80,55,65,2026-09-25
Kerala,Alapuzha,54,60,50,69,114,151,144,149,118,56,52,NR,NR,209,NR,194,167,73,228,16,NR,60,36,NR,NR,51,68,69,NR,760,62,86,58,92,49,41,33,17,59,34,53,2026-09-25
Kerala,Kollam,52,52,46,44,98,127,138,130,90,61,56,NR,265,227,NR,212,215,77,237,15,42,66,40,66,66,47,57,60,86,677,61,75,53,107,60,42,24,16,60,53,65,2026-09-25
Kerala,Idukki,59,55,44,49,90,140,NR,120,90,NR,NR,NR,NR,NR,NR,NR,NR,NR,NR,NR,NR,NR,NR,NR,NR,NR,NR,NR,NR,NR,NR,NR,NR,NR,NR,NR,NR,NR,NR,NR,NR,2026-09-25
Kerala,Kannur,54,57,53,51,110,160,154,148,105,53,60,NR,NR,217,NR,203,196,59,268,19,30,62,26,45,45,47,55,52,126,NR,58,75,52,80,52,42,35,19,61,50,60,2026-09-25
Kerala,Malapuram,50,55,50,43,90,132,133,120,103,53,58,297,231,197,NR,208,170,60,210,13,32,64,35,50,50,46,52,48,103,747,61,90,49,80,46,37,28,14,62,53,53,2026-09-25
Puducherry,Puducherry,49,37,47,50,92,139,133,108,86,59,52,209,NR,162,NR,187,164,65,423,27,35,51,26,41,59,43,50,64,105,820,60,70,47,95,38,36,24,15,60,28,38,2026-09-25
Tamil Nadu,Chennai,65,40,44,44,93,133,128,108,85,57,40,212,247,174,NR,199,160,83,288,30,40,60,40,42,63,46,52,49,92,927,60,84,57,86,53,37,34,14,52,55,63,2026-09-25
Tamil Nadu,Madurai,65,38,50,70,100,145,140,108,92,NR,NR,NR,NR,NR,NR,NR,NR,NR,NR,NR,NR,NR,NR,NR,NR,NR,NR,NR,NR,NR,NR,NR,NR,NR,NR,NR,NR,NR,NR,NR,NR,2026-09-25
Tamil Nadu,Dindigul,69,37,51,67,92,147,129,112,81,54,44,260,249,178,NR,194,167,69,276,29,42,67,27,41,89,56,47,56,98,868,70,80,33,85,56,34,33,14,62,52,50,2026-09-25
Tamil Nadu,Thiruchirapalli,66,40,49,57,99,145,145,121,97,57,47,235,256,189,NR,198,164,77,308,30,35,61,32,42,59,55,59,55,102,826,71,71,49,95,57,33,35,15,50,29,57,2026-09-25
Tamil Nadu,Coimbatore,59,38,44,43,92,137,131,108,82,53,40,230,220,176,NR,198,169,72,280,28,37,56,37,41,62,49,53,53,111,816,60,73,50,84,54,32,31,15,56,44,59,2026-09-25
Tamil Nadu,Tirunelveli,52,35,51,53,98,132,139,120,87,55,46,250,223,184,NR,194,156,71,263,27,28,59,23,43,53,56,55,56,100,797,71,75,44,85,51,38,32,15,43,43,55,2026-09-25
Tamil Nadu,Cuddalore,64,38,49,45,90,131,140,121,112,55,50,207,232,199,NR,197,157,76,293,28,40,57,30,44,59,49,53,49,96,691,58,84,38,82,48,32,30,14,42,47,55,2026-09-25
Tamil Nadu,Dharmapuri,60,34,45,42,90,139,133,108,81,51,48,220,NR,151,NR,198,167,64,275,28,30,55,30,33,48,48,44,47,110,690,80,78,28,82,52,30,28,14,55,40,50,2026-09-25
Tamil Nadu,Vellore,NR,NR,NR,NR,NR,NR,NR,NR,NR,NR,NR,NR,NR,NR,NR,NR,NR,NR,NR,NR,NR,NR,NR,NR,NR,NR,NR,NR,NR,NR,NR,NR,NR,NR,NR,NR,NR,NR,NR,NR,NR,2026-09-25
Tamil Nadu,Ramanathapuram,66,41,41,67,89,131,136,115,90,54,44,224,NR,188,NR,201,175,66,284,31,41,55,37,41,51,58,50,58,117,773,74,78,60,81,54,35,29,13,50,42,41,2026-09-25
Tamil Nadu,Erode,61,43,52,45,94,136,133,115,79,53,45,232,243,171,NR,203,170,67,440,30,41,55,28,41,64,54,55,55,109,769,60,72,31,82,53,31,29,15,28,42,58,2026-09-25
Tamil Nadu,Karur,57,36,54,67,97,145,144,115,87,56,47,236,210,175,NR,196,159,73,297,17,42,65,32,48,54,57,59,59,104,725,65,76,53,96,47,44,28,23,64,51,53,2026-09-25
Tamil Nadu,Perambalur,66,41,NR,67,93,133,140,110,83,57,48,233,226,181,NR,201,167,67,NR,30,36,57,43,42,73,60,52,69,125,747,63,76,46,86,50,37,30,14,57,49,65,2026-09-25
Tamil Nadu,Pudukkottai,70,44,45,69,98,137,137,116,NR,57,45,268,NR,180,NR,202,155,73,698,30,40,60,40,42,58,56,55,52,113,888,66,72,30,97,51,38,35,14,55,50,60,2026-09-25
Tamil Nadu,Sivagangai,55,40,47,68,101,142,140,121,92,55,44,259,NR,223,NR,201,166,67,292,29,43,67,40,40,66,58,55,63,120,767,85,77,53,89,54,37,32,15,63,38,37,2026-09-25
Tamil Nadu,Thanjavur,59,43,48,50,94,142,142,113,90,57,44,225,242,184,NR,202,163,62,300,29,32,58,32,41,60,48,56,53,132,923,77,82,47,90,55,39,32,14,53,46,54,2026-09-25
Tamil Nadu,The nilgiris,60,45,48,52,100,140,148,130,93,59,54,242,238,168,NR,203,158,75,203,32,50,60,22,47,50,52,53,53,80,808,72,87,45,98,27,68,41,30,57,31,52,2026-09-25
Tamil Nadu,Thoothukudi,55,38,45,65,95,130,138,110,85,55,46,231,225,181,NR,198,164,65,320,10,30,62,25,40,50,60,55,62,115,877,61,78,35,86,52,37,31,14,50,45,55,2026-09-25
Tamil Nadu,Viluppuram,59,40,49,47,95,144,123,109,89,52,48,204,217,170,NR,187,169,65,NR,29,38,48,25,35,50,44,50,47,110,826,71,71,30,88,52,33,34,13,45,27,62,2026-09-25
Tamil Nadu,Virudhunagar,68,35,45,62,85,131,132,111,77,59,45,263,235,189,NR,201,169,74,293,28,47,57,32,41,55,55,55,54,107,725,59,73,32,85,50,31,23,13,62,27,25,2026-09-25
Tamil Nadu,Kanniyakumari,62,39,39,53,86,131,125,106,76,53,41,242,231,187,NR,202,165,66,259,25,30,61,25,34,40,37,53,41,95,769,60,72,40,84,43,31,29,15,40,25,50,2026-09-25
Tamil Nadu,Namakkal,65,41,47,63,94,138,142,115,90,56,44,216,227,168,NR,196,163,65,NR,26,35,65,38,41,40,51,49,47,113,729,70,75,40,81,52,39,31,12,62,50,60,2026-09-25
Tamil Nadu,Tiruvannamalai,64,41,46,48,87,144,143,118,88,56,43,225,201,172,NR,200,169,66,310,27,32,58,27,45,58,47,52,56,113,839,62,65,57,89,45,47,30,15,50,50,50,2026-09-25
Tamil Nadu,Tiruvarur,NR,NR,NR,NR,NR,NR,NR,NR,NR,NR,NR,NR,NR,NR,NR,NR,NR,NR,NR,NR,NR,NR,NR,NR,NR,NR,NR,NR,NR,NR,NR,NR,NR,NR,NR,NR,NR,NR,NR,NR,NR,2026-09-25
Tamil Nadu,Tiruppur,59,37,47,54,109,149,142,116,85,56,43,258,236,178,NR,199,167,71,265,28,32,60,33,45,55,60,55,61,104,725,60,78,33,83,47,41,24,18,57,47,33,2026-09-25
Tamil Nadu,Tenkasi,56,40,46,59,89,131,134,111,NR,53,46,233,NR,166,NR,191,163,70,275,30,30,60,20,36,52,56,58,55,102,835,64,78,40,88,47,43,31,13,49,50,45,2026-09-25
Tamil Nadu,Nagapattinam,65,39,52,67,97,140,136,122,98,54,44,253,230,186,NR,200,159,68,NR,28,39,59,34,48,62,49,55,59,125,930,71,84,49,90,51,45,33,17,53,44,58,2026-09-25
Tamil Nadu,Krishnagiri,63,36,47,41,93,133,133,117,90,53,44,208,202,155,NR,197,167,69,315,28,30,59,30,38,40,43,48,45,100,615,50,75,50,96,40,40,29,12,53,56,52,2026-09-25
Tamil Nadu,Ariyalur,65,36,34,46,90,132,133,109,90,57,44,231,209,187,NR,192,167,71,293,26,40,50,40,45,45,52,55,52,109,837,65,72,38,90,43,50,25,14,52,48,42,2026-09-25
Tamil Nadu,Kallakurichi,59,40,49,66,94,137,128,113,89,55,48,253,225,178,NR,203,169,70,NR,31,30,50,30,37,46,51,50,47,113,929,85,72,45,86,55,35,33,15,55,28,64,2026-09-25
Tamil Nadu,Kancheepuram,65,40,51,67,98,142,140,122,96,55,44,220,225,190,NR,199,163,85,NR,30,40,60,35,42,56,52,53,55,102,775,52,78,53,91,54,40,34,14,50,47,48,2026-09-25
Tamil Nadu,Salem,55,NR,48,48,95,128,NR,133,99,55,45,213,NR,177,NR,174,152,49,283,NR,34,64,30,45,53,45,55,48,83,714,70,68,38,83,42,38,25,16,45,27,32,2026-09-25
Tamil Nadu,Theni,68,37,46,61,91,139,135,110,85,54,45,226,220,165,NR,177,154,66,285,27,32,60,27,39,63,50,58,52,94,791,70,74,40,91,48,34,27,13,50,33,39,2026-09-25
Tamil Nadu,Chengalpattu,63,40,48,56,95,123,120,128,90,56,44,210,205,175,NR,164,145,71,NR,28,38,56,32,41,49,51,47,53,113,784,52,83,47,85,31,40,19,13,43,23,45,2026-09-25
Tamil Nadu,Mayiladuthurai,60,40,50,65,98,137,NR,113,NR,56,48,246,220,NR,NR,207,156,70,340,27,32,60,40,50,45,46,55,63,113,868,70,78,43,92,35,42,25,17,62,47,47,2026-09-25
Tamil Nadu,Ranipet,NR,NR,NR,NR,NR,NR,NR,NR,NR,NR,NR,NR,NR,NR,NR,NR,NR,NR,NR,NR,NR,NR,NR,NR,NR,NR,NR,NR,NR,NR,NR,NR,NR,NR,NR,NR,NR,NR,NR,NR,NR,2026-09-25
Tamil Nadu,Tirupattur,70,45,43,46,85,130,128,118,90,55,40,215,234,174,NR,200,147,71,305,29,30,52,27,39,42,42,39,45,96,771,65,72,55,89,45,38,27,14,50,42,47,2026-09-25
Tamil Nadu,Tiruvallur,NR,NR,NR,NR,NR,NR,NR,NR,NR,NR,NR,NR,NR,NR,NR,NR,NR,NR,NR,NR,NR,NR,NR,NR,NR,NR,NR,NR,NR,NR,NR,NR,NR,NR,NR,NR,NR,NR,NR,NR,NR,2026-09-25
Telangana,Hyderabad,65,42,44,44,92,125,135,104,84,56,63,197,220,165,192,197,154,62,250,20,33,60,26,35,63,44,50,44,92,653,60,79,40,82,45,31,24,16,52,25,45,2026-09-25
Telangana,Karimnagar,57,NR,44,53,83,125,128,114,86,63,66,197,206,153,NR,196,152,67,299,25,29,54,26,45,47,44,55,44,97,653,59,67,41,107,40,37,24,15,40,35,42,2026-09-25
Telangana,Warangal,61,NR,42,49,83,122,134,113,86,55,65,198,209,136,143,199,150,61,275,19,30,55,27,37,48,41,54,41,85,560,60,83,40,117,45,35,25,14,43,26,47,2026-09-25
Telangana,Adilabad,65,NR,42,50,81,117,123,112,84,55,80,192,192,181,187,195,150,65,290,29,25,65,30,38,45,43,49,44,79,732,59,72,50,103,49,39,25,15,45,22,42,2026-09-25
Telangana,Suryapet,65,NR,44,46,88,126,132,114,100,52,65,193,192,181,184,200,145,65,265,22,30,65,30,39,57,41,48,39,87,622,62,80,44,102,46,38,25,15,50,27,48,2026-09-25
Telangana,Jadcherla,63,NR,42,49,86,126,132,118,90,52,65,190,188,149,176,193,148,62,292,20,39,60,24,35,49,39,53,42,82,528,60,82,31,92,44,37,25,15,45,28,48,2026-09-25
Telangana,Khammam,60,NR,47,52,89,128,132,120,95,60,67,191,176,145,164,187,154,60,300,20,30,54,25,37,45,34,52,34,88,514,60,82,32,105,43,43,25,16,43,26,48,2026-09-25
Telangana,Medchal,NR,NR,NR,NR,NR,NR,NR,NR,NR,NR,NR,NR,NR,NR,NR,NR,NR,NR,NR,NR,NR,NR,NR,NR,NR,NR,NR,NR,NR,NR,NR,NR,NR,NR,NR,NR,NR,NR,NR,NR,NR,2026-09-25
Telangana,Nizamabad,NR,33,41,46,86,126,136,117,88,55,66,195,199,201,173,193,154,65,252,23,28,65,20,41,48,44,50,44,81,625,67,79,35,105,46,35,29,19,46,33,47,2026-09-25
Telangana,Sangareddy,64,33,50,55,85,128,133,118,96,55,65,193,200,148,NR,198,145,67,412,25,35,60,30,41,58,53,55,48,97,659,59,78,42,105,43,39,25,16,57,40,50,2026-09-25
Telangana,Kothagudem,60,NR,49,56,92,139,137,127,95,57,81,187,NR,144,NR,NR,144,62,347,32,43,61,28,43,53,43,54,52,91,744,61,71,41,87,40,33,26,13,44,27,44,2026-09-25
Ladakh,Leh,53,NR,NR,NR,140,NR,147,128,130,58,70,NR,220,NR,NR,NR,NR,80,640,30,48,57,70,NR,NR,70,NR,44,120,677,58,84,63,103,37,61,39,18,90,50,50,2026-09-25
Ladakh,Kargil,45,NR,NR,40,127,135,115,115,90,80,66,NR,NR,160,NR,NR,NR,47,650,31,40,67,70,60,NR,50,NR,45,100,677,64,84,60,100,80,80,53,21,95,60,60,2026-09-25
Commodity Name,Commodity Name,Rice,Rice,Wheat,Atta (Wheat),Gram Dal,Tur/Arhar Dal,Urad Dal,Moong Dal,Masoor Dal,Sugar,Milk @,Groundnut Oil (Packed),Mustard Oil (Packed),Vanaspati (Packed),Soya Oil (Packed),Sunflower Oil (Packed),Palm Oil (Packed),Gur,Tea Loose,Salt Pack (Iodised),Potato,Onion,Tomato,Bajra(whole),Jowar(whole),Maida(wheat),Ragi(whole),Suji(whole),Besan,Desi Ghee,Butter(Pasteurised),Eggs,Brinjal,Black Pepper(whole),Coriander(whole),Cummin Seed(whole),Red Chillies(whole),Turmeric(powder),Banana,GInger,Garlic,2026-09-25
Average Price1,Average Price1,46.6,33.99,31.97,37.72,88.79,125.6,123.34,112.31,90.71,56.44,61.44,209.6,203.5,168.28,166.7,193.75,153.25,66.55,277.3,22.42,22.83,54.38,39.51,38.7,45.33,42.81,55.77,47.63,96.62,702.66,60.71,83.67,43.61,88.62,43.99,40.73,30.51,16.82,49.96,36.21,45.59,2026-09-25
Maximum Price1,Maximum Price1,70,60,55,75,140,163,180,150,141,80,85,308,302,264,225,271,220,143,698,32,60,100,120,85,89,87,104,103,150,930,85,120,190,127,100,95,60,35,117,102,102,2026-09-25
Minimum Price1,Minimum Price1,30,18,23,29,70,99,90,89,73,45,40,154,152,125,120,121,110,45,153,10,10,29,11,21,22,30,32,31,65,507,46,51,19,70,27,25,19,10,23,20,23,2026-09-25
Modal Price1,Modal Price1,40,35,28,35,85,120,120,110,90,55,60,214,209,154,159.5,198,154,65,300,20,20,55,40,40,40,40,55,40,90,714,60,84,40,80,40,35,30,15,50,30,50,2026-09-25
,,,,,,,,,,,,,,,,,,,,,,,,,,,,,,,,,,,,,,,,,,,2026-09-25
"Department of Consumer Affairs ( Price Monitoring Division)Date 25/09/2026 Daily Retail Prices Of Essential Commodities  StateCentreRiceBroken RiceWheatAtta (Wheat)Gram DalTur/Arhar DalUrad DalMoong DalMasoor DalSugarMilk @Groundnut Oil (Packed)Mustard Oil (Packed)Vanaspati (Packed)Soya Oil (Packed)Sunflower Oil (Packed)Palm Oil (Packed)GurTea LooseSalt Pack (Iodised)PotatoOnionTomatoBajra (whole)Jowar (whole)Maida (wheat)Ragi (whole)Suji (whole)BesanDesi GheeButter (Pasteurised)Eggs BrinjalBlack Pepper (whole)Coriander (whole)Cummin Seed (whole)Red Chillies (whole)Turmeric (powder)BananaGingerGarlic  UnitQty1 Kg1 Kg1 Kg1 Kg1 Kg1 Kg1 Kg1 Kg1 Kg1 Kg1 ltr1 Kg1 Kg1 Kg1 Kg1 Kg1 Kg1 Kg1 Kg1 Kg1 Kg1 Kg1 Kg1 Kg1 Kg1 Kg1 Kg1 Kg1 Kg1 Kg100 gmDozen1 Kg100 gm250 gm100 gm100 gm50 gm1 Kg100 gm100 gm  Average PriceAverage Price46.633.9931.9737.7288.79125.6123.34112.3190.7156.4461.44209.6203.5168.28166.7193.75153.2566.55277.322.4222.8354.3839.5138.745.3342.8155.7747.6396.62702.6660.7183.6743.6188.6243.9940.7330.5116.8249.9636.2145.59  Maximum PriceMaximum Price706055751401631801501418085308302264225271220143698326010012085898710410315093085120190127100956035117102102  Minimum PriceMinimum Price301823297099908973454015415212512012111045153101029112122303231655074651197027251910232023  Modal PriceModal Price4035283585120120110905560214209154159.519815465300202055404040405540907146084408040353015503050  NORTH ZONENORTH ZONE  ChandigarhChandigarh453432398812512311290596121521017417419615463275282255413945435647977036084438843403017523845  DelhiDelhi453835369212813712090555923120718719822018173237292355433439406143936866178609360323315574260  HaryanaHisar413930348512511511087586222920116716118313459252292160472738396540906466077508341393515702850  KarnalNRNRNRNRNRNRNRNRNRNRNRNRNRNRNRNRNRNRNRNRNRNRNRNRNRNRNRNRNRNRNRNRNRNRNRNRNRNRNRNRNR  PanchkulaNRNRNRNRNRNRNRNRNRNRNRNRNRNRNRNRNRNRNRNRNRNRNRNRNRNRNRNRNRNRNRNRNRNRNRNRNRNRNRNRNR  Gurgaon454228348211913510778556921321319215915412365290182460502326303540835346062209032503016605050  Himachal PradeshShimla40NRNR3589132131120876260247234187183NRNR602433128554033NR39NR39906886088408234382317534247  Mandi41NRNR3694130134115876262237224192176190NR672603220534137NR38NR38956885890388950313216543845  Dharamshala38NRNR3286129127117896544NR218177167NRNR542353220604034NR35NR40936305984409749423415603040  Solan40NRNR3489126130115915955226225178162181NR6723030255040363834NR341006445986409144353417602843  Una39NRNR3491116123102876169NR208194180NRNR642493115573734NR35NR359971863109239863352917592449  Bilaspur-hp41NRNR3487127129112865866NR198195177NRNR69200311960433360376237827406396408747313313542260  Chamba3845NR3987127125118896055NR203185181NRNR66235302563504959396040906446089448852353619555156  Hamirpur-HP40NRNR3486126123108825969NR226190173NRNR6626531265843334837NR36836416294388742373316533848  Kullu40NRNR3688130127110846050NR231181184NRNR6522031286040NRNR37NR37977076190439033323212556060  Sirmour41NRNR3590125125115855551233210178162NRNR602733025604036NR35NR36956106285509236453219605051  Kinnaur40NRNR3788127126104805760NR235186203NRNR5526031277060NRNR40NR4492919621005010048464215504550  Lahaul & Spiti41NRNR3794123123114956151NR242214NRNRNR5848032275652NRNR35NR34846006397467935362815553741  Jammu and KashmirSrinagar45254145931461251301076055NR214185179187NR6032032256635NRNR60NR5311368162805010053734020805040  Jammu5037313684112119118915956NR227176173171118633033025604036585768601096436094409263473321523941  Poonch493935461051581291201126180NR231188188NRNR7036330256846NRNR52NR551207276584518547313215774147  Kupwara47NR3841103NR1301271196755NR229187185NRNR5849730257247NRNR38NR5111772962755379395132141073340  UdhampurNRNRNRNRNRNRNRNRNRNRNRNRNRNRNRNRNRNRNRNRNRNRNRNRNRNRNRNRNRNRNRNRNRNRNRNRNRNRNRNRNR  Shopian40NR37491221201201221057150NR241175NRNRNR7030030276050NRNR45NR4512775860802010058NRNRNR82NR23  SambaNRNRNRNRNRNRNRNRNRNRNRNRNRNRNRNRNRNRNRNRNRNRNRNRNRNRNRNRNRNRNRNRNRNRNRNRNRNRNRNRNR  RambanNRNRNRNRNRNRNRNRNRNRNRNRNRNRNRNRNRNRNRNRNRNRNRNRNRNRNRNRNRNRNRNRNRNRNRNRNRNRNRNRNR  RajouriNRNRNRNRNRNRNRNRNRNRNRNRNRNRNRNRNRNRNRNRNRNRNRNRNRNRNRNRNRNRNRNRNRNRNRNRNRNRNRNRNR  Kishtwar5040NR401001201301201155050NR241164142NRNR513002830605032NR40NR40100692589660NRNR6030201005070  DodaNRNRNRNRNRNRNRNRNRNRNRNRNRNRNRNRNRNRNRNRNRNRNRNRNRNRNRNRNRNRNRNRNRNRNRNRNRNRNRNRNR  BaramullaNRNRNRNRNRNRNRNRNRNRNRNRNRNRNRNRNRNRNRNRNRNRNRNRNRNRNRNRNRNRNRNRNRNRNRNRNRNRNRNRNR  ReasiNRNRNRNRNRNRNRNRNRNRNRNRNRNRNRNRNRNRNRNRNRNRNRNRNRNRNRNRNRNRNRNRNRNRNRNRNRNRNRNRNR  KathuaNRNRNRNRNRNRNRNRNRNRNRNRNRNRNRNRNRNRNRNRNRNRNRNRNRNRNRNRNRNRNRNRNRNRNRNRNRNRNRNRNR  PunjabAmritsar4032283384137135112905259238209175158192NR69273292052383538406139906926083429547302912503352  Ludhiana43372837871391371181005467234216178172205NR762802818604034484162481026045280489355422519473750  Bathinda403128338513513711390525824221218115719614570273291757383340386038956836083409547302913473353  Barnala404227339013512711210054672461941811482051506527332165745363840NR45906985895429055403216503542  Hoshiarpur36332837841241191121065571228201177143158126692732515504538334565479162955803810050453515603150  Faridkot413530348513313311491547323719017714920013775280301855393247407540936636085389148333014473250  Mansa4039273388132135115975461NR207174156NR13777280292058434040396238926595892429242353016504358  Sri Muktsar Sahib414128338814014011790536621818717614817613270287291658422950396839936396172339053332714503252  Dera Bassi4036283390133135117975561NR209176161NRNR77268291858403941386240906816093379541353216504057  Sangrur4027303490135140108885465246198193190196177602633215554035454067401007106084309560453015504050  Ropar4038273388133135117975361240205176160NR14175277291958403742395839936766090409344363115474057  Amargarh42273034901351401088555652451981931931951816025032135540354540NR40957256084359565503015453545  Fatehgarh Sahib4732293597135122115105566025619818017820112561290301557382845376540956226078459545483819502436  FerozepurNRNRNRNRNRNRNRNRNRNRNRNRNRNRNRNRNRNRNRNRNRNRNRNRNRNRNRNRNRNRNRNRNRNRNRNRNRNRNRNRNR  Kapurthala373130397013312311095527023120016714818015465280301752404350406242926926380359532353513522550  Uttar PradeshLucknow413230328512012010075506521420316617718816065258201952373545355738936176090388845403015483540  Kanpur402328331001231161029055601942051561471581336523626204935364145NR368958455751910031403319503538  Varanasi47342838841271251048157692142041781762031827023522214539375640NR411047426688398634332918472944  Agra452931348211498907550702212001831782051856525127195240224040NR431008036295388049303115374053  Jhansi533429358213212710883546821818718014920113267233222050333238386843936896078409550383020404052  Meerut36323336891191188987556619518118218018717950287201950393737396737976546285328536353316502939  Allahabad572629358912113512796535622220717916420115066337301942393637414841996706378378843382919445362  Gorakhpur452428368411811610885575520220015815816812563225222049363635345136926155680377833382416552632  Saharanpur4028263282117117110885058NR175155154172139552422116503933NR36NR39915706080378335372511493145  Bareilly3834273591122132110103517222120117417419116770287261042372841395638907216079388349332916452737  Ayodhya3832323590118125110955260198198187176174143602502820454045454560451108356072409545503020502540  Moradabad392727328311711610786486018918717116118014157236211751443440365438906765778348435372617493446  Aligarh413128348211811610986565620119316115818614364247201951363441385042916135578378539392515453539  Mirzapur (Vindhyanchal)342526348411511010484595118417915013714811355218221645453141355042966836286368231392515473942  Banda3726283381118110101805555225203172148179NR65158191257374258376939866046082378341322921483350  Azamgarh3025303484122120116885461NR215183182201178702812814534036413548371077646194308543363018503940  Gonda (Devipatan)3925273585118128125885453214205167168176128652572015503839373762491006225885388534402520422543  Amethi362628358411812812090555523522518118519214268249202050403740395341936636082348541402917503744  Barabanki4329293577115118109785160200190168167175130612252217483631453745369861259110278531423015463030  Bhadohi322227358510012511585547221219817616118712670215221445403339374940706926272309040353016603550  Chandauli352327358012011711580505922519818714319712165247191248293252346040896345688458136392816402640  Farrukhabad5030273287115128110905265226219165159220131661871911473325NR37NR40986596182398039332516403048  Ghazipur4131283585124121114955164201193158156192146672722313503735464057471027216590418634333018383348  Jaunpur453528358512412211384516521420416716118613567273231954324045395539897185986358942412919524745  UP-Pratapgarh412528327911711911585545421420516915917512870251201349343135394839965705879398936302716363143  Sambhal4222283385105115100955157200186156144158144592591915533927NR36NR37996626292288149413117474949  Santkabir Nagar4439263576122117114775967215221164152173123492653016504038403989469873461904610039522920483236  Shahjahanpur3219283382119108110103555718317814813615912759222201446392632345237885535589248730342411432535  Sitapur392828358511311010885556019518015014615813461230201950393035365540926375975328035403015472737  Sultanpur423031338512011710887535820518916715918315663267202050373741415243916635780408535362715453038  Unnao423128319012212010888556021120016516117915067253202050383742385542985866084408838382916483845  Ambedkar Nagar392326357912112913090515922521916516216113865204281650403838357541887276380398038403220503540  Amroha43232834821201179788526125018115215817613666233221851393143384340937256074348545393319374244  Baghpat4437NR3287132127112102507022221217617217614368210292053403652366740956556090408534352612383250  Bijnor44252835801011089282545821120016417519715665278211249313242415241986085784378741353112423142  Budaun38242530861121049994566521418417916818312955280211254352646396538936155970329030392611412525  Etah4433293583118115110905761207198161156181115582702219484031NR39NR41906776074339332403218453040  Fatehpur462428358711913311791526121220217316318013169237201552383236394938966296179388637392718392943  Ghaziabad393230348211911710991535823219917817118515569202221648382942395243996396286378845383216433947  Hardoi443428358512411710390545920819716416018814158244201745383537405545976246083388642403016452744  Jalaun46253035851201021029055621821751541301651176222720155035354239NR45975756181409040403018403345  Kaushambi462626368412212911388535521120117716419513269237211952383236375239906155782428541352817323343  Kushinagar362826368211811411882536918619715716615913572221271450524041394540966186161308839382913473831  Lakhimpur Kheri372730338811811211092546020319215015316811265228202050403235356036926766073327835443218452544  Pilibhit463930349011512011598525822320717417219614658253201643353250387038986996086388752383217233258  Sharwasti4025284080125125115805560194220170181NR1246021829185028NRNR40NR40985826080208740402015303840  Siddharth Nagar402929358812413111482546521920817116416713173237231454294045355737926465983357239352520302839  Sonbhadra352826317511510510280544517616515213215412168210241652382740335034806216568358533322514452025  Rampur532727297810711610210151611921911541561601434826824184838304436NR36986356581369536362915473044  Bahraich3727283389128120114905556194196157154161124502502521453937353666361066465682247327362319532137  Basti402831358712112110077525721120416715915413375241221653313947354935926115783377737392621353339  Etawah45NR273285120116110865465214201169167NR171682692217442732NR415543947036084408238422816453146  Muzzafarnagar39302834861201191109052581881801581601811465924620165040384036NR37905255874408040352512452550  Chitrakoot42242532841101089582535019220916716618013864220152052453235416048856375896408038422315454057  Hamirpur-UP43232833801181201008054722091981541711981486321117204535NRNR37NR38976406084408043453119563547  Deoria362229328211511810785526122520215414322411857228191654453841354536906005958428229412718333233  Hapur372628378013813612612352632082031721811861636522026115040434140474010073663102339748473312584039  Bulandshahr4236273293103113107835070NR190160172158156512221919483035423656361005975672308730472715324242  Kanpur Dehat38252732821121279982556720519415115918012869223231849353133375737896136088357934352515453347  Hathras3931283383123113104835561211205170166193154522482018423525303435391056986373408737403013383337  Raebareli412829318512312111189505919819816516418715063219211947313744415444956935982288640392915453141  Lalitpur362428317510911010585576017817014614317511855235201550303040355934905785880388533402918404045  Mohaba3529233085112979783536417918215515618812458190232042323134354537985975476298435422817394345  Gautam Budh Nagar383131358412211710992535923620017916618314867183221147323339417340996465992488236412515353035  Auraiya442628378512312510487555919718715616416613766214232350272938425939966845693368337412715434845  Maharajganj372528348412012010980515819219815115816414358213221650373744355137915995877358035403017383030  Balrampur37292937871271131138353571812001571562011316820316155237345137NR38906835974478848402915282837  Kannauj402628348311811510987546120419416115817813462239211544343340385339946375674338435422816413334  Mathura322727338912212911992546622818214114115712057263271850353443405241996355884398946353515423955  Firozabad423231368312112111187516022920118218121016667268212147333642415542936746183428641382916473742  Kasganj4533273587124112113955662222205174178203159652482120524023NR40NR42986355877408539473013423842  Mainpuri3830283288132120113885965220211171189189155512602418522924223940381057005570358547432521362026  Shamli402727308012012210887495119218715615216513259230181652332740385838905416382308845332913472552  Ballia412429348411911611091555920618915515416713161246191452313042385439946305579368538382917444551  Mau40222534831151121088755551931841491481501216522222165140NRNR36NR38916375576408955383015304746  UttarakhandDehradun4231283595130128129945567187209176170187NR702503220604035NR40324010068159724011059404020604050  Haldwani4550283599142135133935862232210156190191168672723229543141504150449770060843610049403318532245  Rudrapur4535323890128120119905261230208198196201NR63270301655403436385042957106373399237403118503035  Haridwar4431313992139123116905463230208171160183NR642902815604141NR4151441006655879459444423417632135  WEST ZONEWEST ZONE  ChhattisgarhRaipur373032368212412210983546119823114417718615655216202458503328404550877055684418443372914323550  Durg3935394083115118113875556187167155168177170542221820602942423557451007696374408040403010455560  Ambikapur3735303593118112103956042172161174159165NR5825515206030NRNR40NR32705985280307830603315503042  Bilaspur-CGNRNRNRNRNRNRNRNRNRNRNRNRNRNRNRNRNRNRNRNRNRNRNRNRNRNRNRNRNRNRNRNRNRNRNRNRNRNRNRNRNR  JagdalpurNRNRNRNRNRNRNRNRNRNRNRNRNRNRNRNRNRNRNRNRNRNRNRNRNRNRNRNRNRNRNRNRNRNRNRNRNRNRNRNRNR  Dantewada53364252881381301228360772532421431651981547826430276032405050614710967659824310160472919685253  DhamtariNRNRNRNRNRNRNRNRNRNRNRNRNRNRNRNRNRNRNRNRNRNRNRNRNRNRNRNRNRNRNRNRNRNRNRNRNRNRNRNRNR  RajnandgaonNRNRNRNRNRNRNRNRNRNRNRNRNRNRNRNRNRNRNRNRNRNRNRNRNRNRNRNRNRNRNRNRNRNRNRNRNRNRNRNRNR  Koriya39NR35398110897102815975205163153151168NR4719525206040353446NR5882693588840782738281748NRNR  DNH and DDSilvasa6352484195134140129985570182215182214196132662373125534044545956651076556185539271453622395050  Daman6552393889113133117945571191213184NR2171326121732305340374260576011069063825010760404424405063  Diu55414251951501551281075868229238NR2022141678242032256840406558836711171463844312353364021482527  GoaPanaji674348471031321451351036568236209203181178152803232935703239624853491128775881658362432516426267  Margao6343485293135142123975766255249223190214185753502532623543654762481228596387579863445517485267  GujaratAhmedabad393239399712112210497576819720417219120117959211233454373943456646916625869387832363722452726  Rajkot342733409112311310795546819519715316719316062205182555373543396844916265763358032343915403030  Surat332832409111911010496586819619615517219116257205192652423840396344936395364507731353715363026  Bhuj38273036901211119995596318918515017619116358201172952303435386738946175368397428343716392727  Selamba362735408912011011097566519019915217119316165210192750373542406744926366084378033333516423032  Waghai3833364194132115104102606820918915616119314862209203148443536406044966315870387530342617403028  Bodeli403037419311911910494586123120816918219717763210182452403341457055907045381407945404320405554  Vapi342432369011611410294566619018714716718915258205182844463846406636966855668387931323315382830  BilimoraNRNRNRNRNRNRNRNRNRNRNRNRNRNRNRNRNRNRNRNRNRNRNRNRNRNRNRNRNRNRNRNRNRNRNRNRNRNRNRNRNR  Idar41283637921171311019256722151901551771891486824817315035364138685010373463703210241324019503750  Jhalod392836379312112610598577221318815617319016467246233249374038397047936955876438129343718422324  Songash433230378712312211189576020820116716719315565268212253373743415345957385984418438393016483743  Madhya PradeshBhopal3835293482126112104905562187214182165198NR63255102050404040396241906435780359842403515283955  Indore41352835851181231108356651861761691741551476827515204540383740NR40866376090409032353015404040  GwaliorNRNRNRNRNRNRNRNRNRNRNRNRNRNRNRNRNRNRNRNRNRNRNRNRNRNRNRNRNRNRNRNRNRNRNRNRNRNRNRNRNR  Jabalpur393131358411911711187545820419315415918512654245162048303640385844886435883258542342615383645  Rewa35282835761069594785555177154148147147NR7023718134530NRNR35NR37856555776259028453013452035  Sagar40382832831181239783546020719614316919015465265181845304348406340886766078458452303015354528  Jhabua4027323688130126105905165218203188179192NR68298152837213235436145887186090308345373016282335  Hoshangabad463028368412212010290555620415514214615513561219112048403946434844926776290489132402020463136  Shahdol3830293586120112110835860203186142153181NR60210182045303733355040956045870309030402718353530  Ujjain41412938911241231001005462191211188165193NR68265182245353636416848987756478389850363116364249  Morena4132263191120112107975670200198157156168115562401415503029NR40NR40986196183238136312814323040  Anuppur363027358912512011087556021820914817617615970220201550304040374250977696596289045352515402550  Bhind403628338511111111189586120217715815516111969250151652473647396439906586277278130352518404646  Dhar443729389112611711399526318119717016118312462209152043233637485647987456189288832342218475046  Harda4335303585129127110905462214214172165197NR65220202040304040457045907146196408745302415335050  Katni403032328012012011790555517615613114815611462205271250254045357040876045890258055303015323550  Khandwa4234323480118123112905253214192181165187NR52270152042353535455545906595588409531332717402836  Mandla4335333887122122110885550229203175170209NR70233302550234045436545926936283359348383015403850  Rajgarh40NR283280135120100905260209209187175187NR7020010205040NRNR40NR40907076395409050372420305860  Sidhi373527368512011010090556218718117615417612168265201550503040355545906375690308030452515404050  Chattarpur4035303580120120107905550198209176165161128652302015504032404060501006006084319040453015333060  Neemuch4135293389138112104855265210166145149195NR49310102039494149456545936176579568030343018413841  Burhanpur45373340851211141048255671911881701671811545926531224825373945NR501007645986409542382917304743  Narshinpur4230303578125110108905052203192143152167NR60235121550304040456048896376085359035352515354040  Raisen4029283285137127110915657187194148152NRNR7025010204535404035NR40866926083358946323119273050  Sheopur4428273588120117108845360216202178159167NR622052820453032354560451006375882249040403215402848  Agar malwa3932283482121116102895260210179177168159NR5729120203636424245NR49876906483359744353116254825  Umaria3530333682127117112875560213192154172194NR602201517422840NR47NR47876336083308732372715404050  Shajapur4034263285125125110875160209203165165203NR6326019204738384040NR44906816083408540333015355042  Dewas4235293385122115105895364198190173170189NR66237122136273643385645926996686338643282118322837  KhargoneNRNRNRNRNRNRNRNRNRNRNRNRNRNRNRNRNRNRNRNRNRNRNRNRNRNRNRNRNRNRNRNRNRNRNRNRNRNRNRNRNR  Singrauli36292634851131101108158592182071481591661216823213194635NR4036NR45907295688218945382314305757  Chhindwara5635364085125117123905553214220169181187162582071124493044394069409379458823110640354320504150  Sehore4036293285139120103855261203209176165200NR6628712204133NRNR49NR46966556086408432352616384350  MP-Ashoknagar4535283178115114100905565185187162160160NR5321114204449424041NR39907625892438841442519305050  Balaghat3630333888127125113905252219218154165197NR67200282048284146386046976816372309745352615483248  Guna443625327711711310080506020319317816318113460217201248373240456945846976173408039342915323443  Ratlam413529348312512510988516220919516416218515564255102542333040436245906706080258342413016373639  Satna402828389013010095955262209185165159159NR50260202042283545336331657185260347528333015482535  Vidisha39NR303582120122108885055200201154170190NR63240101040304040366739856706092308753292813433030  Alirajpur3844303690125122114925572179214185178190NR60307102755403135494149936215772288239423017375360  Betul3932273486122120110855560214209160176203NR5224212204525NRNRNRNRNRNRNRNRNRNRNRNRNRNRNRNRNRNR  Damoh4438313481121114111825260209199133149177NR61211131647313741355938876025979298840313115452049  DindoriNRNRNRNRNRNRNRNRNRNRNRNRNRNRNRNRNRNRNRNRNRNRNRNRNRNRNRNRNRNRNRNRNRNRNRNRNRNRNRNRNR  Niwari3631263289138101106895757221203186177166NR6521530204736NRNR40NR40977206096249233402719374252  Seoni3732353786115110105855055196214170154187NR602151120572540403768421006545881278048362115455050  Panna38302636791201009590555018117613715413411565210111545304045356045906515675357630353014452035  Tikamgarh353025309012011095905555205167142149147NR602002020403030354040451006595870258529412017302030  Datia484026308212811210282555922219416315619212365229292246414033437145947145985268743412717374258  Maihar4024303292103100978064602301981651541871267020515204840NRNR40NR451007146072359030383515402540  Shivpuri454028338312412011288556019920116317517916254213172045333844475945826876080268237433223352934  MandsaurNRNRNRNRNRNRNRNRNRNRNRNRNRNRNRNRNRNRNRNRNRNRNRNRNRNRNRNRNRNRNRNRNRNRNRNRNRNRNRNRNR  MaharashtraMumbai43384348981331451309956602472422071872041659032032326337466656655311371863856810773474119495557  Nagpur644252559814013212010865672392171731772001437628327424858425253865411285560102579841483821726282  Pune4432395388103114105855676209215170171191170643563135553540454343439055460835510053532120433533  Nashik41434442911441381169757602132271911711901507335329226032407149644910565060776311670373117304547  Mangaon-Raigad51494347961321351169356712052021921752181597937531265958465842584710187462765312373405022574974  Dharni4432333984128126118925358231198171174205NR6632213214835412941NR46947436780559049422119394847  Latur60444549831281271138354692112061631621851636929526275023416042684211278664776310348422823465753  Akluj4341354492126122115985362217233178203223191623323223542134494260409165952513010054323414282031  Arni Yavatmal4430343699123125114905563192170154144159NR623001030404035324770551037845572409945422015503530  Chandrapur4239374283129132106855559205220213170193NR7826730236223515760555811968360762810953452320583372  Karad Satara63533849931401291229056762141911711781981696130031305030404342614211869961854312151412919474643  Ahemednagar5943444789124124119995158177175168175186164582593019391931453944391065806070449929442618273839  Khultabad4631333779111114108855546186NR1481661751536532020314336324038NR44867026081418334362416393239  Islampur473537498512913112110052772282061591881991566945327325328384039604310565560754010366533627425249  Kankavli4544345184137131126875660184200164152172135533732037504253434550461006885690777747413718633053  Partur59NR3440811211201119054582032081861761951766540110205020313549NR4987775NR84379251423115486649  Gondia6035363984125119117825468212222154173196172682653018583044504555489576561752510050502921344555  Jalgaon5027374591136135121995666205210182174192181684683120573339415560559880762826012762413720393748  Akola43NR344691139119117975569191222163172191NR713273023532842385367551037845982438842432417354747  RajasthanJaipur614132419413912811389616922820518617019914968314202151403634487148946435782509848383618373038  Jodhpur494032347410210599735253222220NRNR192NR552722021353528475052471036725589258948312916422627  Kota4940333683132130116875765213211156168214NR73337222248403546535650906966079398035383320423335  Udaipur50383134851251301158557502142121881871901817034030NRNRNR4045406048886156584409044313214404050  Bharatpur4937283493129129127915965243197175186NRNR64307302050403035466549917126084319549422916352942  AjmerNRNRNRNRNRNRNRNRNRNRNRNRNRNRNRNRNRNRNRNRNRNRNRNRNRNRNRNRNRNRNRNRNRNRNRNRNRNRNRNRNR  Bikaner6234384088120128999055541771871681701671616324715206550374952NR52826946090397732352521402442  Bundi4440283381116116102855260209192165185220NR51320192138343136396049916376580318237353816402535  Rajsamand4241303582120120100805260220203147177187NR66302242050453844416346806025490407940393121452433  Alwar5443303285124122103906560233174125151185NR58305241948342238487152935704670278848342716462947  Banswara4338384392142136122995259239217173184184NR582232919553934355156557862158118249252424021393942  Baran473432358713512011085545422020914813715412655352242240442833424147896705767399036313411403133  Barmer5040333590130110115855554187209170193209117533002220303228354960531007915876529041253114423230  Bhilwara53392937931181119995645521720315716920318158289202758342834425542746675573358634352220392540  Chhitorgarh463331378712412311290616022922218518321316865332232557403845425546946216084428742403019453645  Churu4534303385115110100905544225197159NR230153652802018352524324050409074780722510050353520403030  Dholapur473531378912311811189556623020418318020012467275212249393040405144957626091458841382916434049  Dungarpur383332348010912211284535219420115019017115862269251854372539437243906045992507238343325393341  Hanumangarh44352735801281301231026059202203188154150NR673502025544133465373568467260763610857452218504257  Jaisalmer403533358110911899815962211205141146189134702532021454130334564479365262NR338441302413373044  JaloreNRNRNRNRNRNRNRNRNRNRNRNRNRNRNRNRNRNRNRNRNRNRNRNRNRNRNRNRNRNRNRNRNRNRNRNRNRNRNRNRNR  Jhalawar454025328512911810088565918917615917618117052298192245403034415042857035880318130393217382134  Jhunjhunu4538303480120126105845056212204149182NR17670300302050403040447945996156092409260303815454541  Karauli4635293489122122111915853225216186182210167593232020564026NR5049531076376398449438442418432538  Nagaur5237374192126126919161561781771661621641515131021244245354753NR51866896090497831352621352646  Pali553033339112812890746556201167168163162123452342430NR3229393835471025076268528557352621413725  RJ-Pratapgarh4432293378127125109845647227180154159NRNR5830019214338343743NR431058036063397046352515404247  Sikar4530313585137116120956053229199165143165NR552363025503921245370661025145283228032332517405048  Sirohi4140283676109122100765552207156NR159NRNR492531721343827NR45NR47956265997458743303113453028  Sri GanganagarNRNRNRNRNRNRNRNRNRNRNRNRNRNRNRNRNRNRNRNRNRNRNRNRNRNRNRNRNRNRNRNRNRNRNRNRNRNRNRNRNR  Tonk523632378612611610993587023020514116217714667278202456423544435552915796782419647403221425145  Sawai Madhopur5734323587131119117975762225182163162158160593102822554129334948501036266278369049432915433742  EAST ZONEEAST ZONE  BiharPatna4829283487124127103815661NR1971671922071785734026285338NRNR35NR3610260456100388353303420403040  Bhagalpur3923293586133111103795959NR1911491551731315932028145444496134NR351046355484409629342118NR2736  Purnia40NR323679112122102766959NR203164186NR1806632418135339685838584710874353884011838402814502823  Darbhanga39NR2843799911899845257NR201185162NR135631932815513854543343351086816084408937352917603540  Gaya3425283883122113109806560NR2141731451521205534025215240NRNR35NR401106866093308434382317403025  Muzzafarpur4127293485121120111765759NR202163167221130652942418493949473951371016175984358335342614453137  Saran4526243781115108107815562NR204201201215NR523042717524041663963391077516374448134352918412528  MungerNRNRNRNRNRNRNRNRNRNRNRNRNRNRNRNRNRNRNRNRNRNRNRNRNRNRNRNRNRNRNRNRNRNRNRNRNRNRNRNRNR  Saharsa47NR283178116110117745761NR194NR190NRNR5228029125148NRNR39NR37937105574409552353711402829  Madhubani3721323585125109998354552101661621591721305628028213737NRNR3348351016155771328232312312502627  Rohtas (Sasaram)362335398911812298835769203214185191249181772453118494249553350351007655884488847332915623050  Motihari4830283585114119108835257245202183169229158542651918554435353852371065935481298131422717332832  Samastipur4523253580113116114805160NR191136132NR13353315301342333039387349977136792338034302510392627  KatiharNRNRNRNRNRNRNRNRNRNRNRNRNRNRNRNRNRNRNRNRNRNRNRNRNRNRNRNRNRNRNRNRNRNRNRNRNRNRNRNRNR  Araria37NR313782129131123825860286197164142197136633422913424450503980391026356094408045342412572929  Nawada3321293682132125116785662NRNRNRNRNRNR672222819544440383453371057265960838035302212652524  KhagariaNRNRNRNRNRNRNRNRNRNRNRNRNRNRNRNRNRNRNRNRNRNRNRNRNRNRNRNRNRNRNRNRNRNRNRNRNRNRNRNRNR  Banka3720283780120114106755360NR2041651701921276528014164242413936NR381006315480408035403010403033  Arwal382625358113013097856659NR2251651731871437923228245438NRNR35NR37937485895398033352519492732  Aurangabad342429338112612290795456220203188154156119752102416534550NR36NR391057695880448436333017502125  BegusaraiNRNRNRNRNRNRNRNRNRNRNRNRNRNRNRNRNRNRNRNRNRNRNRNRNRNRNRNRNRNRNRNRNRNRNRNRNRNRNRNRNR  Bhojpur Ara4720303480118120109785457245185158154186NR6235330205443NRNR35NR371046816084428450332510475138  Buxar332329348511911611889535520220817517019912776258291658294256357041908024995378745273218304233  Gopalganj403233359011511511085NRNRNRNRNRNRNRNRNRNRNRNRNRNRNRNRNRNRNRNRNRNRNRNRNRNRNRNRNRNRNRNR  Jamui3622283174118116108756460NR197142174NR13757284291444465050356040906816596318545302516502030  Jehanabad3123283486126118115785256NR207179175NRNR5824329164537NRNR39NR419166357100258243432213572430  KaimurNRNRNRNRNRNRNRNRNRNRNRNRNRNRNRNRNRNRNRNRNRNRNRNRNRNRNRNRNRNRNRNRNRNRNRNRNRNRNRNRNR  Kishanganj4122273785125120110905770223209187156202143683002618575039553779481026596587569544312824504043  Lakhisarai4025304083113120118885659NR206167170NR156522982718594750604544401107546096378535402715402323  Medhepura40NR27387911612691765759NR1971581931931345128123154645NRNR38NR369172558109458934372315454635  Nalanda3019293374114116107766465NR200177162187NR733183016493859593359378967258853677NR322115493332  SheikhpuraNRNRNRNRNRNRNRNRNRNRNRNRNRNRNRNRNRNRNRNRNRNRNRNRNRNRNRNRNRNRNRNRNRNRNRNRNRNRNRNRNR  Sheohar4722263786125123114896559170213161170200121612322620544249544040401187255978298134372415552825  Sitamarhi3826283483123128103785662NR190179168174135632383015443853563551351118126194388239382613432528  Siwan38282831781211019073505729220218318919418956202271453234744314932917096166298037412914513131  SupaulNRNRNRNRNRNRNRNRNRNRNRNRNRNRNRNRNRNRNRNRNRNRNRNRNRNRNRNRNRNRNRNRNRNRNRNRNRNRNRNRNR  Vaishali402529357911411910075565322519217018720915965207291850404949354240907695584408033322513375035  West ChamparanNRNRNRNRNRNRNRNRNRNRNRNRNRNRNRNRNRNRNRNRNRNRNRNRNRNRNRNRNRNRNRNRNRNRNRNRNRNRNRNRNR  JharkhandRanchi4328373584123123110795760256201161190198143732102920583535404040401006596088359042453015506050  Gumla402327368210810692834855209195187137154121532001516484034683550421006766378559040302315502838  Sahibganj4025323690120NR103815560203213189176192148653202016604036464055551006266090409040352915505055  Bokaro3828353786132114110835657NR1931701641821446032228224836NRNR33NR40100728578943812841251360NRNR  Lohardaga3726313685102125110805761NR2001651632231267220326225238NRNR383540906955673258042302517384123  Simdega4328324088124118100866265191196154167158152582452225504050NR4660521006656179509038362622502542  Dhanbad392834368712512311180605925720316216518713969245281756393852375246927845991529049393218514539  Jamshedpur (East Singbhum) 4628403796129131120986658238194170156171121752003015564332304159501056066279509137362712593742  Giridhi3420333681109102105755155NR19916916619012049300192245424036424045876376084549929402516513347  Seraikella35263140811221191097559601951941591641731295720728NRNRNR36NR41NR44956006084388236332615503840  West SinghbhumNRNRNRNRNRNRNRNRNRNRNRNRNRNRNRNRNRNRNRNRNRNRNRNRNRNRNRNRNRNRNRNRNRNRNRNRNRNRNRNRNR  Daltonganj3725263786109113100825359NR196154163NR1376129230196040NRNR4755481087246386428553403017404151  Deoghar401832358011012011090606017618617614817613275300251560405050406050907696090308040352515404040  RamgarhNRNRNRNRNRNRNRNRNRNRNRNRNRNRNRNRNRNRNRNRNRNRNRNRNRNRNRNRNRNRNRNRNRNRNRNRNRNRNRNRNR  Pakur37273437901221209584516321420017617219815463317201352493441405153986376390509440353115403725  Jamtara392429358812813512390585925120917418119016377278311353427379386152887405788438763323116434248  Latehar4525293885129126110815359175198159162NR1375619230185438NRNR39NR571137356390378245453012423643  Godda40263040801201201008060641982091651651871325528030156040NRNR40NR501007096096409035352515405040  Koderma44203136891291301118060632132081651652041376419830205646NRNR38NR40997456394508548402718506053  OdishaBhubaneshwar4234364690130120105795658NR209161NR1981707023030155840455038504290NR6596509030352512504040  Cuttack4035374689126121111815658NR210158NR19816965257301557384144395341937435788589145352614523543  Sambalpur4030364590128120102785658NR209159NR1981816024030155540404037603890780NR72409550353015505050  Rourkela3627363888127117101775558NR21317217919818068190291756433536395041915365694538853333015475050  Berhampur4431353786123130102735858NR208168NR1981336524522165739NRNR395048876905596608445443017534045  Jeypore453538368411912210584555818121315617020717160240291555404040384543808136580607535382812505060  BalasoreNRNRNRNRNRNRNRNRNRNRNRNRNRNRNRNRNRNRNRNRNRNRNRNRNRNRNRNRNRNRNRNRNRNRNRNRNRNRNRNRNR  Baripada402737458612211899755758NR203159NR193170652392914563535NR5148519874057916310143363114614049  Balangir3226384290130120100805258NR212166NR20118170NR30175540NRNR43NR501007695784409040353018406065  Angul37NRNR4687132113118906263NR209176NR198NR70NR30165528435541504297NR61100638762363015633333  Boudhgarh32NR40447812010495855354NR192132NR17613550NR27156255NRNR365043756565784409538322614402539  Dhenkanal3631354090127120100756058NR209165NR198165622802915554050NR395042907095890508344302012504550  JagatsinghpurNRNRNRNRNRNRNRNRNRNRNRNRNRNRNRNRNRNRNRNRNRNRNRNRNRNRNRNRNRNRNRNRNRNRNRNRNRNRNRNRNR  Kandhamal37NR434981131124116795855159204175NR19014159NR30195641NRNR434345927145980409036332710422246  Keonjhar4031405489130124110775958NR203137NR203NR65NR3014574340404060431057915894609040352515504042  MalkangiriNRNRNRNRNRNRNRNRNRNRNRNRNRNRNRNRNRNRNRNRNRNRNRNRNRNRNRNRNRNRNRNRNRNRNRNRNRNRNRNRNR  Nabarangpur50NR40528912012797785560NR21619016720317470NR281858304040403547877876270378750362716404042  Nayagarh40NRNR4387118123110885854NR207179NR19817770NR28165737NRNR384442856875995508535412514552942  Nuapada454035509012011011080NRNRNRNRNRNRNRNRNRNRNRNRNRNRNRNRNRNRNRNRNRNRNRNRNRNRNRNRNRNRNRNR  Paralakhemundi Gajapati50454250841151311108055NR192220143155178141642552919594069613960537578660966010452443815614646  Puri4132NR4386125121107905660NR208166NR1971606326527145440NRNR41NR43907045887488641362716523944  Rayagada45NR415089120130111806060209209165NR20016970NR31206040NRNR454049807565984408249352913504850  Sonepur36NRNR4586125120110805558NR220154NR20918570NR10155540NRNRNRNRNRNRNRNRNRNRNRNRNRNRNRNRNRNR  Bhadrak3628NR4287125125120815765NR216183NR199165653302814544844NR386340877695884588143312615503740  Jharsuguda40NR4742901251201008055NRNR214NR168202132NRNR31205030404143534398789619658100NR353327605038  Kendrapara4031374684120112110855758NR205160NR1951716129030135740NRNR415740887516196508130392514603739  Jajpur3931NR4985124115105785658NR203185NR19818165NR30125540NRNR36NR401237696390328539332913604040  Kalahandi4329374985120118110865554NR217163NR2011707543031195830NRNR40405083764NR96388538332913423938  West BengalKolkata59NRNR39901301331201185759NR2081841571931708728730156057NRNR40NR441037476392678653303320603747  Siliguri54373350851251291101045560NR213156160203NR7523025195552NRNR46NR52977185984508755312617534044  PuruliaNRNRNRNRNRNRNRNRNRNRNRNRNRNRNRNRNRNRNRNRNRNRNRNRNRNRNRNRNRNRNRNRNRNRNRNRNRNRNRNRNR  Kharagpur54NR3337881281271101076264200209NR1461921237527831145743NRNR39NR401127035790539757443018584358  Rampurhat49NRNR47861241251181135459NR207NR150190NR6730025125340NRNR41NR51896886285629052283416423047  Malda58503447881341321151415560268214NR19220214877325251244305956437461997306486449844323516553537  Raiganj56292950921401401201225561NR2091571762161267330015115857NRNR36NR4712268162897212055303116605050  Alipurduar34NRNR40901301211111305865NR208NR1882081547024810105635NRNR40NR40856556090458939322817493041  Asansol52NRNR3888127122120935668NR2091521671961227529730135347NRNR39NR471008176290509250373015433350  Balurghat53303137841281271121056070NRNRNR1812071565035829155360NRNR50NR65100710NR814910040353016604045  Bankura37NRNR37931231291161125663NR207NR1551931246330129135543NRNR39NR59888406187689351333116484753  Barasat54NRNR37901221191211156062NR2091761621841386735029156045NRNR38NR59716356184658945352717455050  Bardhaman4929NR399413212811910955602382031591432071427631830125937NRNR38NR45937736185529055302916582448  Baruipur6040NRNR90NR1151371126559NR220209185194NR6060029186545NRNR45NR511028726896649050402715527575  Berhampore49NR304488124117118965563NR1981631702121736432324135252NRNR43NR63716276084789841343115372343  ChinsurahNRNRNRNRNRNRNRNRNRNRNRNRNRNRNRNRNRNRNRNRNRNRNRNRNRNRNRNRNRNRNRNRNRNRNRNRNRNRNRNRNR  Cooch behar53NRNR41921181221151305855NR2051581751851807228730115545NRNR40NR50977186084608549313215704240  Howrah56NRNR37921251211181146062NR203192173197NR6827331155842NRNRNRNR5910773861866310238393516574452  Jalapiguri39NRNR47901321281121055881NR2091431632031487230030145748NRNR38NR60876886296609350353220714243  Jhargram42NRNR38901261261151115761NR208157151192NR6728928145541NRNR38NR60966815982578948372815464554  Kalimpong595533469513014012010363831542091371322041549030020245441NRNR40806012079260936010060303019705055  Krishnagar51NRNR3989129119127995654NR203NR148186NR6638729135346NRNR39NR62816446388679844353116483858  Tamluk4129NR39971281251201255859NR203NR159195NR6330730135848NRNR39NR60887236190709250333115523968  NORTH EAST ZONENORTH EAST ZONE  Andaman and NicobarPort Blair50NRNR6098132140120987572NR220209NR1911768233024478380556077738715074768961409850473515807073  Mayabunder53NRNR701031401521231007876289216234NR19418381365225090100NRNR62928014279562NR12090483740164010098  Car Nicobar53NRNR751051541451301047677NR302231NR27121485275256010080NRNR8764103148NR801201901145863412582102102  Arunachal pradeshItanagar4038404196139137121915074NR215159160210NR7740017275258NR30426052927145891518560463317694556  NamsaiNRNRNRNRNRNRNRNRNRNRNRNRNRNRNRNRNRNRNRNRNRNRNRNRNRNRNRNRNRNRNRNRNRNRNRNRNRNRNRNRNR  Pasighat53NRNR509311397931137380176241172180187NR9040020206793NRNR50NR5783723591006010070784315604867  Tawang45NR4545100NR140137985773NR236182NR165NR10034020426365NRNR42NR539368457112709828833028733143  Tezu38NRNR4090137140117906370NR154NR154NRNR10025015206080NRNR40NR601008206596608060403020403053  AssamGuwahati353033378511195998154712162201881762031666022013175958NRNR43NR46NRNRNR9050NR30NR3319774040  Barpeta34273936801129610082547419722213915919516462153101656485043399752837366487388334332718582526  Tinsukia3242343992135105105855577NR229203209203NR7519012135840NRNR44NR441007916496388050353020403045  Dhubri3525NR3586132NR107835577NR231163154176126731801215554050653765501107476384307030402515503530  Goalpara3525323685130130108955663NR214160165182NR6521010NRNRNRNRNR36NR53977876396409538323118653535  Golaghat47363442901209011010560671592091611591741577824014165545NRNR41NR59NRNRNR94487145NR2616652743  Mangaldai452333358911495105855370NR200142NRNR1606526011155543NRNR36NR36NRNRNR9635NRNRNR3017653040  Mushalpur3731403886119110113895775NR2311492012011436526810155755NRNR39NR51818356189429629NR2926593736  Udalguri4424NR358212296110925476NR226NR1762051575727212145654NRNR39NR4075687NR95378042NR2113533040  Bajali34NR334087118103113935678164223NR1592051376836310175943NRNR3710445857956386388761603225703543  Hojai3329NR40801159994805962NR2031521531841627026012155047NRNR39NR42706705990387733402811403747  Jorhat403436408611011510410158781812201601591601326020812185550NRNR55NR5478714NR105408042423012602040  Bongaigaon43NRNR358311897110905270NR184152150165NR6032210134944NRNR37NR6076NRNR9032NR40NR3018552040  Morigaon40304040831291201101005765195198159154159137702331015555050NR40NR501057256090408045402615704050  Sonari4132434298121NR110986278NR214NR181NRNR8022013155560NRNR39NR6090NRNR98458043423015732545  Tamulpur3630404087128112111895477NR200152174NR1607027010156050NRNR39NR4375720NR8840NRNRNR2914475040  Sivasagar43444050881171131121085875NR2362031761951656125711185646336354NR589569661102428037563612503649  Biswanath Chariali3629343993126NR1171006173NR152NR159NRNR6123310155342NRNR41NR45120NRNR80409050403020702027  Dibrugarh3528NR3993133127108995677NR219168190227NR6320313175948NRNR41NR55927996385577753424914523548  Karimganj37NRNR3987114123102795675NR230NR183222NR7823814245850NRNR39NR65130NR609053NR53NR2917503850  Majuli35NR3842100120901181006070NR188NR159NRNR6026015205648NRNR41NR43112NRNR84407045NR3515403040  Sonitpur Tezpur39273140811159810787NRNRNR203NR185211NRNRNRNR156055NRNR40NR45807496296409650603017802040  Haflong3640NR4590130NR120906577NR185NR120200NR8027015206050NRNR45NR459072060105409540323019802050  AS-Lakhimpur39NRNR3884113102110925973NR206161164178NR6119315145548NRNR42NR39886136196478038533216484247  Diphu3529NR3790115117111905675NR219NR170NR12893233151660504545406570826866390228050353017533438  Nalbari3526NR408512598110856070NR2141451651871267429210155550NRNR40NR40808205890428048503520634035  South Salmara Mankachar4033393881124NR116865875NR2191671601591346323312244751808539NR63NR801598337724550401955NRNR  Kamrup3932NR3986119105106855675NR227NR1882031697521915145660NRNR38NR4579NR598440NR41403115554042  ManipurImphal56NR52511021351321219975NRNR26621122521122010026025307378NRNR51NR7077NRNR101639836352318572149  ChandelNRNRNRNRNRNRNRNRNRNRNRNRNRNRNRNRNRNRNRNRNRNRNRNRNRNRNRNRNRNRNRNRNRNRNRNRNRNRNR JiribamNRNRNRNRNRNRNRNRNRNRNRNRNRNRNRNRNRNRNRNRNRNRNRNRNRNRNRNRNRNRNRNRNRNRNRNRNRNRNRNRNR  KangpokpiNRNRNRNRNRNRNRNRNRNRNRNRNRNRNRNRNRNRNRNRNRNRNRNRNRNRNRNRNRNRNRNRNRNRNRNRNRNRNRNRNR  Senapati50NRNR45NR140NR1301006874172154NR181214NRNRNR20207080NRNR50NRNRNRNR7096NRNRNRNRNRNR503070  TamenglongNRNRNRNRNRNRNRNRNRNRNRNRNRNRNRNRNRNRNRNRNRNRNRNRNRNRNRNRNRNRNRNRNRNRNRNRNRNRNR ThoubalNRNRNRNRNRNRNRNRNRNRNRNRNRNRNRNRNRNRNRNRNRNRNRNRNRNRNRNRNRNRNRNRNRNRNRNRNRNRNRNRNR  Ukhrul40NRNR50901401401401006075NR154220154209NR9023015307080NRNR50NR609071460961008045NR25NR1004845  ChurachandpurNRNRNRNRNRNRNRNRNRNRNRNRNRNRNRNRNRNRNRNRNRNRNRNRNRNRNRNRNRNRNRNRNRNRNRNRNRNRNRNRNR  KakchingNRNRNRNRNRNRNRNRNRNRNRNRNRNRNRNRNRNRNRNRNRNRNRNRNRNRNRNRNRNRNRNRNRNRNRNRNRNRNRNRNR  MeghalayaShillong3634403993130133120905977NR205198154NRNR8032032206857NRNR40NR401008596399578053532920874750  Tura35NRNR40100140NR120906577NR198NR1702031328032020256560NRNRNRNRNRNRNRNRNRNRNRNRNRNRNRNRNRNR  Jowai37NR404090NRNR120875677NR170NR154NRNR8036015206550NRNR40NR40877366390508050403018804050  Sohra40NR4240NRNRNR130906577NR165NR154NRNRNR3853025685085NR42NR5090NR631087710050505030904060  Mairang39NR4545NRNRNR120906277NR176NR156NRNRNR37017236550NRNR45NR40107NR6096808050502619774060  Nongpoh3534NR4195135NR125886077NR176NR156NRNR7235315206857NRNR41NR43957146394508750573319773353  Khliehriat4340393992128NR115855676NR161NR154NRNRNR31330226242NRNR39NR44737436284437752413015632642  Williamnagar35NR4035108148NR118896070NR192NR174NR1407831815275860NRNR38NR62877475790688040602020802345  Nongstoin35NR4444NRNRNR120906576NR170NR170NRNRNR35715206550NRNR44NR45977146388608052532820823848  Mawkyrwat35NR4039NRNRNR120856075NR165NRNRNRNRNR37015206045NRNR45NR4710070960967010060503525634050  MizoramAizawl5050425010315313013393558327126025616124415210352030536578NRNR50NR70907036010073901009060NR782750  Lunglei50504050120NR1801501107080214263170187203NR10048630NRNRNRNRNR50NR5011568060100659575603020803070  Kolasib5345404595120140140936080NR242NR14320313210048330304090NR4045NR7012072560906098100803635503070  Mamit45NRNR50128NRNR128985380NR253NR132121NR140433302853100NRNR45NR97127546659061NR50685034664850  Champhai504550551031301431401086085NR257225147NRNR12056032358787NRNR50NR1001477456310053100100804220832263  SerchhipNRNRNRNRNRNRNRNRNRNRNRNRNRNRNRNRNRNRNRNRNRNRNRNRNRNRNRNRNRNRNRNRNRNRNRNRNRNRNRNRNR  Siaha5555NR501031571381481037080170260219154NR110100250304070120NRNR5010095110631601007380NR606030883070  Lawngtlai50NR45501001601401401007080NR253NR143NR132110480304070120NRNR50NR801406606010080100NR9060NRNR3070  Hnahthial53NR4550NR1471501331036084NR257NR154NRNR125520303380100NRNR50NR90150659601036093NR905020752862  Khawzawl4840385097137123100937281NR198145143NR13214339331326790NRNR55NR721106226099638887705720734332  Saitual50NR4550107NR140NR1085580NR198NR151NRNR12052330257080NRNR50NR90100NR5810280100NR905022803070  NagalandKohima50304549107157130120976077NR154176154NRNRNR34020307560NRNR45NR90907146094508070605015703560  DimapurNRNRNRNRNRNRNRNRNRNRNRNRNRNRNRNRNRNRNRNRNRNRNRNRNRNRNRNRNRNRNRNRNRNRNRNRNRNRNRNRNR  Tuensang37NR4055100NRNR12010065NRNR176NR200NRNRNRNR20306550NRNR52NR50100NR58924210035905030603570  Mokochung5044NR601101401401201006574NR154176165NRNR8034015257050NRNR60NR7012081360845510070704020502070  Chumukedima40NRNR3692140145138935375NR253211198209NR8332218256252NRNR40NR85123652701153790NR823732583657  Mon40NRNR60100NRNR1251006070NR154NR165NRNR8034017206070NRNR60NR7065NR608050NRNR654520502050  Peren3930454595NRNR1201006070NR154NR165NRNR12032020206050NRNR55NR7011365160964780407048201172740  Phek40NR50501001501401301007072NR163NR165NRNR8035020NR7057NRNR50NRNR10063068NR6010060635630402050  Tseminyu5540NR57NRNRNR137996070NR154NR154NRNRNR38015306355NRNR53NR8090714609750NRNR904219NR2066  Wokha52NRNR6897NRNR120977074NR158NR158NRNRNR30015306050NRNR70NR8010075860845010060654015702560  Zunheboto5539NR50NR163NR11090NR75NR172NRNRNRNR6024018306063NRNR55NR75NR703NR826012030704025603358  Kiphire3835NR60110155140120906070NR154NR165NRNR7534518206080NRNR45NR85956486585589080755515402070  Longleng38NR4050NR150NR1201006075NR163NR165NRNR8035020306360NRNR62NR7212072060967012040755017503075  Niuland4028NR50NR130125120975070NR154NR165NRNRNR32515206050NRNR50NR70100NR609025NR40503515302555  Shamator44NR5560100NRNR1301007078NR165NR176NRNR8032020307060NRNR60NR70120692609840100NR953020502055  Noklak40NR4560110NRNR1401007080NR168NR168NRNR80NR20256060NRNR60NR8014076960985010062703520502083  SikkimGangtok45NR404093NRNR123936572NR231143139209NR7530020257045NRNR47NR6011076963100609750532923603050  Gyalshing45NR3840100NRNR120906570NR231143187209NR7030020206050NRNR40NR7011065163967010050402820603050  Namchi45NR4042100NRNR1201006570NR231154143203NRNR36020256550NRNR45NR8012071463967010050543020702050  Soreng45NR4040100NRNR1201006570NR230154165NRNR7522020256550NRNR404080120714631088010035403020702050  Mangan45NR3840100NRNR130907070NR231154170NRNR7546020256560NRNR40NR701207036396609042503023702550  Pakyong45NR4040110NRNR130956570NR231148165209NRNR30024206550NRNR45NR701206516396809050603023802550  TripuraAgartala4540NR40901311291031305979NR2141811922031767525310256560NRNR40NR508074768966010053353415783545  Dharmanagar4541NR42951321281031335976NR215NR192NR1817724315186550NRNR42NR50927106293459048423017773745  Belonia4644NR40921351301051336080NR1791781922031727824713216262NRNR40NR5282747681026310255353516853747  TR-Udaipur4841NR42921321301051326080NR2141821932031777524610266761NRNR45NR48827496598649853363316793740  Ambassa4643NR41921331311071336580NR2181841952061797824510236762NRNR42NR508576970955510257423515553848  SOUTH ZONESOUTH ZONE  Andhra PradeshVijaywada5334434587139135107855654203156147NR20014855297153162324545425545956045872509230402419556585  Visakhapatnam5734434197125129113896060198198154NR19015966260181656314144454546917916572409037372815553540  Kurnool634141438312011911191536019521014413019316463332172843113739435841947766175268636392513293350  Tirupathi583244458310810510990545817218313416819513561308203252233943414345876415571448534402017483133  JammalamaduguNRNRNRNRNRNRNRNRNRNRNRNRNRNRNRNRNRNRNRNRNRNRNRNRNRNRNRNRNRNRNRNRNRNRNRNRNRNRNR DharmavaramNRNRNRNRNRNRNRNRNRNRNRNRNRNRNRNRNRNRNRNRNRNRNRNRNRNRNRNRNRNRNRNRNRNRNRNRNRNRNR Ongole6033434586121118109905558185187143NR18515065300163055293942424944867186278358133382417513742  Bapatla5232434383114120106855558189NRNRNR18714154287153145273342424543907635977318232352216502533  Rajahmundry5535444681118113108865460193214133NR19314156207152045244242444645915806075258545302412322141  Eluru604043458312311110787586219921814116620116571275212756293945435145898615966288230332919574152  Guntur6038444596125130115855660198220148NR19816870215142356253840444643885936078268434352621382537  Amalapuram523445459112213611587586521421814515819715957295242246243132454648896806072389035392719483330  Nandyala614244398912611811588526119721914815419715361277153141193439395143877436475419252373018262152  Parvathipuram5740444585122121113915660189195149NR19414259284231754364142454546886706074318438352219393535  Sri Sathya Sai59304040811161129986526020020214215919114758315153129193542404948886676082328838392714473241  Nellore53354043831151151051005058192203161NR19215960260193559303540454943868156073318135372116352434  Srikakulam60303947851191281078155562042141351631681377533111205834NRNR455051896735584408949433018554547  Vizianagaram5540404382118117108885660187191145NR18914055275192350263738434243856596072268034322217372436  Anakapalli6535404585125130110855669203229148NR203154562472030603541424545431137876572407334332517472029  Bhimavaram523540418312011110586556019220614815419215462285192548303540454544887915571478838382318363638  Chittoor5035454785105110110954555181198154NR170132603451532551836385050551106816575458030302015504355  Kakinada5438424184119113108885962196213149NR19514360298192550203740434744936426577458433372115492931  Machilipatnam523043468812610810788576316917613316817511560338152550323243444244907436158288531301912384445  Narasaraopeta543944448510810911087546317019116817017912353267182953273340454745917914976348639332218503249  Paderu65NR424585120130105856060198198143NR2001436030019305930NRNR444845906816272408335351913532545  RayachotiNRNRNRNRNRNRNRNRNRNRNRNRNRNRNRNRNRNRNRNRNRNRNRNRNRNRNRNRNRNRNRNRNRNRNRNRNRNRNRNRNR  Anantapuramu60304038811161219982526020320915016519815558310163052143541404949886705984318239392915443647  YSR Kadapa573243428611011210787516118620115117018114659305193058303840424842917466369308333362017392830  Madanapalle614040449211912810692517116920216717219814870250223552293539464352927875075417954363220574056  Markapuram5130404181120117105905067200182144NR19414854327192849283340424242887016274358239382416493440  KarnatakaBengaluru644140449212212611387535119821816116319816871240192557284045435047897806179547944363316473342  Dharwad623644458512412611288545420220014915219316360268202848234450444845867866380388240433116463238  Mangalore593543468612312710988565420921016217119215467199203056243955454847887516081438342372817573040  Mysore623643498612312211086524821323015316820215972278202950255957415444817256573449355344122475046  Bengaluru (East Range)673846439112412611590575021121916416720217066260202958264248435144927546378558339422918484050  Belagavi643743448812412311088535420419914917119615358261202648215054424743867866184448239592816503639  Kalaburagi653645448812512511292555320220116314519615755220203056204045445046957316180508240423020502540  Tumakuru693844469112313111593555320421615316119215469235202956214852475349867236281468950443319483150  Bellary613745428712113010888535421920916615019117260275202757224245424743977866578368339363018503040  Dhavanagere683844488912512511187585321321216215419916762268203060164356455345877896373428339422816503042  Shivamogga673744479012312611590555220221115915219415662245202650174852464945927866380428240422816453440  Vijayapur613845438712312711584565322021415617219014861244202852204048415242877756272419039423816554040  Ramanagara603642458812112410892555321121615214219315969215202850254247474743907566380389240522816534147  Raichur643645448812312511585555320520416016719614760212202849185151464846917456279409043494017422941  Chamarajanagar603643468612512710595534821423015412220314571198182948255857525555907136575429345614521574950  Kolar6535495095125133120955852220213164169198160652562025602436455046501037826070328539402715352950  Haveri653845459012012510590515420319816517019814855247193055184550425042857586178408542453016453045  Bagalkot613744458512012511592565220620015116519115360245202847244946445243907956280488240373518583239  Bidar693841418211912911383525519719714917318816359283192747283947395341878196482608758393318474848  Koppal643744458512412711590535220419915315919216156244202853214148434844917446283439039423017513641  Mandya703744478612113011594525221822515517019715661241202957254647424744957326780378249373516403040  Yadgir603644468512212511188535320320315916519215960210202950204452464945967806177438441382819483540  Chikkamagalur643743468812212711190545320520115715919314764219202646204646474846947226480468543443117483341  Bangalore Rural633643499012213210887545021419915015218914764265203053274946454748947296478418340523020493449  Chikkaballapur643646469212212710886585222321616016719616169275202953264545434642957456282408448402817423546  Chitradurga673846468712312511287555320120615014819115767275202745204455455343877876372458143432816533646  Gadag653946478812213211588565221320115214219015057248202857194147444945937456574598840374321433543  Hassan633944488612112710987535422320115215419615966245213160214646474647917356081398438392815403540  Kodagu643744458712212711389565221020915515919315563247202753214447454945917576280448541433118493443  Udupi603746488911912211094574822421016417319115965224193160254645474947907496380518439544519583541  Uttara Kannada663646429211913311695594822320216217019215665273202957234649475046977866275499349404319473851  Vijayanagara6541434486123129117925252204211154NR19814654235192550184050455049927476274408945404016412839  KeralaT.Puram6254414495143142125905456308264198NR2091548226014436833465546544498NR6175489055503517704560  Ernakulam53604144113152143135975760247245197NR209172752251542634050654960NR1187867178388060403818575057  Kozhikode48585044107143145137975556NR235165NR2061756623715296039NRNR465247107747NR7850824935301660NR60  Thrissur5353455399146136143915558NR263203NR2131817027317506143515951645811574961855010443473216635478  Palakkad4741484699139133119865354244221197NR19016561223134058355350504949997886374358555373316584348  Wayanad515852451181391511401105558251244190NR2121805924017366331NRNR4867501207936882398552433117524467  Kasargod535855601151431431351135366NRNR218NR1991636027515265626NRNR4758471107805675407942403917683350  Kottayam57544451100146120103995658NR226204NR2011707323016385937NRNR5256521097276580468053393716555254  Pathanamthitta63594446103135125129965657NR286264NR2142128526015376843NRNR5160NR1307906078608054444918805565  Alapuzha546050691141511441491185652NRNR209NR1941677322816NR6036NRNR516869NR7606286589249413317593453  Kollam5252464498127138130906156NR265227NR212215772371542664066664757608667761755310760422416605365  Idukki5955444990140NR12090NRNRNRNRNRNRNRNRNRNRNRNRNRNRNRNRNRNRNRNRNRNRNRNRNRNRNRNRNRNRNRNR  Kannur545753511101601541481055360NRNR217NR20319659268193062264545475552126NR5875528052423519615060  Malapuram50555043901321331201035358297231197NR208170602101332643550504652481037476190498046372814625353  PuducherryPuducherry4937475092139133108865952209NR162NR187164654232735512641594350641058206070479538362415602838  Tamil NaduChennai6540444493133128108855740212247174NR19916083288304060404263465249929276084578653373414525563  Madurai6538507010014514010892NRNRNRNRNRNRNRNRNRNRNRNRNRNRNRNRNRNRNRNRNRNRNRNRNRNRNRNRNRNRNRNR  Dindigul6937516792147129112815444260249178NR19416769276294267274189564756988687080338556343314625250  Thiruchirapalli6640495799145145121975747235256189NR198164773083035613242595559551028267171499557333515502957  Coimbatore5938444392137131108825340230220176NR198169722802837563741624953531118166073508454323115564459  Tirunelveli5235515398132139120875546250223184NR194156712632728592343535655561007977175448551383215434355  Cuddalore64384945901311401211125550207232199NR19715776293284057304459495349966915884388248323014424755  Dharmapuri6034454290139133108815148220NR151NR198167642752830553033484844471106908078288252302814554050  VelloreNRNRNRNRNRNRNRNRNRNRNRNRNRNRNRNRNRNRNRNRNRNRNRNRNRNRNRNRNRNRNRNRNRNRNRNRNRNRNRNRNR  Ramanathapuram6641416789131136115905444224NR188NR201175662843141553741515850581177737478608154352913504241  Erode6143524594136133115795345232243171NR203170674403041552841645455551097696072318253312915284258  Karur5736546797145144115875647236210175NR196159732971742653248545759591047256576539647442823645153  Perambalur6641NR6793133140110835748233226181NR20116767NR3036574342736052691257476376468650373014574965  Pudukkottai7044456998137137116NR5745268NR180NR202155736983040604042585655521138886672309751383514555060  Sivagangai55404768101142140121925544259NR223NR201166672922943674040665855631207678577538954373215633837  Thanjavur5943485094142142113905744225242184NR202163623002932583241604856531329237782479055393214534654  The nilgiris60454852100140148130935954242238168NR20315875203325060224750525353808087287459827684130573152  Thoothukudi5538456595130138110855546231225181NR198164653201030622540506055621158776178358652373114504555  Viluppuram5940494795144123109895248204217170NR18716965NR2938482535504450471108267171308852333413452762  Virudhunagar6835456285131132111775945263235189NR201169742932847573241555555541077255973328550312313622725  Kanniyakumari6239395386131125106765341242231187NR20216566259253061253440375341957696072408443312915402550  Namakkal6541476394138142115905644216227168NR19616365NR2635653841405149471137297075408152393112625060  Tiruvannamalai6441464887144143118885643225201172NR200169663102732582745584752561138396265578945473015505050  TiruvarurNRNRNRNRNRNRNRNRNRNRNRNRNRNRNRNRNRNRNRNRNRNRNRNRNRNRNRNRNRNRNRNRNRNRNRNRNRNRNRNRNR  Tiruppur59374754109149142116855643258236178NR199167712652832603345556055611047256078338347412418574733  Tenkasi5640465989131134111NR5346233NR166NR191163702753030602036525658551028356478408847433113495045  Nagapattinam6539526797140136122985444253230186NR20015968NR2839593448624955591259307184499051453317534458  Krishnagiri6336474193133133117905344208202155NR197167693152830593038404348451006155075509640402912535652  Ariyalur6536344690132133109905744231209187NR192167712932640504045455255521098376572389043502514524842  Kallakurichi5940496694137128113895548253225178NR20316970NR3130503037465150471139298572458655353315552864  Kancheepuram6540516798142140122965544220225190NR19916385NR3040603542565253551027755278539154403414504748  Salem55NR484895128NR133995545213NR177NR17415249283NR3464304553455548837147068388342382516452732  Theni6837466191139135110855445226220165NR17715466285273260273963505852947917074409148342713503339  Chengalpattu6340485695123120128905644210205175NR16414571NR2838563241495147531137845283478531401913432345  Mayiladuthurai6040506598137NR113NR5648246220NRNR207156703402732604050454655631138687078439235422517624747  RanipetNRNRNRNRNRNRNRNRNRNRNRNRNRNRNRNRNRNRNRNRNRNRNRNRNRNRNRNRNRNRNRNRNRNRNRNRNRNRNRNRNR  Tirupattur7045434685130128118905540215234174NR20014771305293052273942423945967716572558945382714504247  TiruvallurNRNRNRNRNRNRNRNRNRNRNRNRNRNRNRNRNRNRNRNRNRNRNRNRNRNRNRNRNRNRNRNRNRNRNRNRNRNRNRNRNR  TelanganaHyderabad654244449212513510484566319722016519219715462250203360263563445044926536079408245312416522545  Karimnagar57NR445383125128114866366197206153NR196152672992529542645474455449765359674110740372415403542  Warangal61NR424983122134113865565198209136143199150612751930552737484154418556060834011745352514432647  Adilabad65NR425081117123112845580192192181187195150652902925653038454349447973259725010349392515452242  Suryapet65NR4446881261321141005265193192181184200145652652230653039574148398762262804410246382515502748  Jadcherla63NR42498612613211890526519018814917619314862292203960243549395342825286082319244372515452848  Khammam60NR475289128132120956067191176145164187154603002030542537453452348851460823210543432516432648  MedchalNRNRNRNRNRNRNRNRNRNRNRNRNRNRNRNRNRNRNRNRNRNRNRNRNRNRNRNRNRNRNRNRNRNRNRNRNRNRNRNRNR  NizamabadNR33414686126136117885566195199201173193154652522328652041484450448162567793510546352919463347  Sangareddy6433505585128133118965565193200148NR198145674122535603041585355489765959784210543392516574050  Kothagudem60NR495692139137127955781187NR144NRNR14462347324361284353435452917446171418740332613442744  LadakhLeh53NRNRNR140NR1471281305870NR220NRNRNRNR8064030485770NRNR70NR4412067758846310337613918905050  Kargil45NRNR40127135115115908066NRNR160NRNRNR476503140677060NR50NR4510067764846010080805321956060  Commodity NameCommodity NameRiceRiceWheatAtta (Wheat)Gram DalTur/Arhar DalUrad DalMoong DalMasoor DalSugarMilk @Groundnut Oil (Packed)Mustard Oil (Packed)Vanaspati (Packed)Soya Oil (Packed)Sunflower Oil (Packed)Palm Oil (Packed)GurTea LooseSalt Pack (Iodised)PotatoOnionTomatoBajra(whole)Jowar(whole)Maida(wheat)Ragi(whole)Suji(whole)BesanDesi GheeButter(Pasteurised)EggsBrinjalBlack Pepper(whole)Coriander(whole)Cummin Seed(whole)Red Chillies(whole)Turmeric(powder)BananaGIngerGarlic  Average Price1Average Price146.633.9931.9737.7288.79125.6123.34112.3190.7156.4461.44209.6203.5168.28166.7193.75153.2566.55277.322.4222.8354.3839.5138.745.3342.8155.7747.6396.62702.6660.7183.6743.6188.6243.9940.7330.5116.8249.9636.2145.59  Maximum Price1Maximum Price1706055751401631801501418085308302264225271220143698326010012085898710410315093085120190127100956035117102102  Minimum Price1Minimum Price1301823297099908973454015415212512012111045153101029112122303231655074651197027251910232023  Modal Price1Modal Price14035283585120120110905560214209154159.519815465300202055404040405540907146084408040353015503050  Source:- State civil supplies Dept.Note:- All India Consumption Weighted Average Prices of Oils w.e.f 23-Feb-2022 and Wheat and Atta w.e.f 25-Feb-2023 NR -> Not Reported Unit for Black Pepper (powder),Coriander (powder),Cummin Seed (powder),Red Chillies (powder),Turmeric (powder),Butter (Pasteurised) - Rs/100gm Unit for Eggs - Rs/Dozen Developed by:- National Informatics Centre(NIC)",,,,,,,,,,,,,,,,,,,,,,,,,,,,,,,,,,,,,,,,,,,2026-09-25
"Source:- State civil supplies Dept.Note:- All India Consumption Weighted Average Prices of Oils w.e.f 23-Feb-2022 and Wheat and Atta w.e.f 25-Feb-2023 NR -> Not Reported Unit for Black Pepper (powder),Coriander (powder),Cummin Seed (powder),Red Chillies (powder),Turmeric (powder),Butter (Pasteurised) - Rs/100gm Unit for Eggs - Rs/Dozen Developed by:- National Informatics Centre(NIC)",,,,,,,,,,,,,,,,,,,,,,,,,,,,,,,,,,,,,,,,,,,2026-09-25
Source:- State civil supplies Dept.,Note:- All India Consumption Weighted Average Prices of Oils w.e.f 23-Feb-2022 and Wheat and Atta w.e.f 25-Feb-2023,NR -> Not Reported,,,,,,,,,,,,,,,,,,,,,,,,,,,,,,,,,,,,,,,,,2026-09-25
"Unit for Black Pepper (powder),Coriander (powder),Cummin Seed (powder),Red Chillies (powder),Turmeric (powder),Butter (Pasteurised) - Rs/100gm","Unit for Black Pepper (powder),Coriander (powder),Cummin Seed (powder),Red Chillies (powder),Turmeric (powder),Butter (Pasteurised) - Rs/100gm",,,,,,,,,,,,,,,,,,,,,,,,,,,,,,,,,,,,,,,,,,2026-09-25
,Unit for Eggs - Rs/Dozen,,,,,,,,,,,,,,,,,,,,,,,,,,,,,,,,,,,,,,,,,,2026-09-25
Developed by:- National Informatics Centre(NIC),Developed by:- National Informatics Centre(NIC),,,,,,,,,,,,,,,,,,,,,,,,,,,,,,,,,,,,,,,,,,2026-09-25
,,,,,,,,,,,,,,,,,,,,,,,,,,,,,,,,,,,,,,,,,,,2026-09-25
