State,Centre,Rice,Broken Rice,Wheat,Atta (Wheat),Gram Dal,Tur/Arhar Dal,Urad Dal,Moong Dal,Masoor Dal,Sugar,Milk @,Groundnut Oil (Packed),Mustard Oil (Packed),Vanaspati (Packed),Soya Oil (Packed),Sunflower Oil (Packed),Palm Oil (Packed),Gur,Tea Loose,Salt Pack (Iodised),Potato,Onion,Tomato,Bajra (whole),Jowar (whole),Maida (wheat),Ragi (whole),Suji (whole),Besan,Desi Ghee,Butter (Pasteurised),Eggs,Brinjal,Black Pepper (whole),Coriander (whole),Cummin Seed (whole),Red Chillies (whole),Turmeric (powder),Banana,Ginger,Garlic,Date
Unit,Qty,1 Kg,1 Kg,1 Kg,1 Kg,1 Kg,1 Kg,1 Kg,1 Kg,1 Kg,1 Kg,1 ltr,1 Kg,1 Kg,1 Kg,1 Kg,1 Kg,1 Kg,1 Kg,1 Kg,1 Kg,1 Kg,1 Kg,1 Kg,1 Kg,1 Kg,1 Kg,1 Kg,1 Kg,1 Kg,1 Kg,100 gm,Dozen,1 Kg,100 gm,250 gm,100 gm,100 gm,50 gm,1 Kg,100 gm,100 gm,2026-08-07
Average Price,Average Price,45.3,33.11,31.37,37.23,86.84,123.45,121.87,111.99,90.47,50.3,60.94,206.73,196.99,166.33,164.71,190.1,148.43,60.09,275.98,22.16,22.75,35.66,38.35,38.33,44.73,42.26,55.26,47.21,95.9,696.06,60.06,85.54,43.7,88.31,42.11,41.11,29.85,16.64,50.29,37.22,43.59,2026-08-07
Maximum Price,Maximum Price,75,60,54,71,128,180,180,150,135,60,90,310,263,256,209,244,201,140,698,34,60,70,120,80,85,70,104,100,160,930,85,120,175,127,100,95,60,40,107,100,100,2026-08-07
Minimum Price,Minimum Price,31,16,22,29,72,95,81,86,69,40,40,159,143,126,121,121,110,36,153,10,9,20,11,19,22,31,35,31,65,514,49,57,18,67,26,25,19,10,24,17,21,2026-08-07
Modal Price,Modal Price,40,30,28,35,85,120,120,110,90,50,60,200,203,170.5,165,192,134.5,60,300,20,20,35,40,35,40,40,55,40,90,741.5,60,84,40,85,40,37.5,30,15,50,30,40,2026-08-07
NORTH ZONE,NORTH ZONE,,,,,,,,,,,,,,,,,,,,,,,,,,,,,,,,,,,,,,,,,,2026-08-07
Chandigarh,Chandigarh,42,28,34,40,85,121,118,111,90,47,60,205,200,170,165,185,145,58,270,28,20,32,47,38,44,42,55,46,95,637,59,75,40,88,39,41,29,16,48,26,33,2026-08-07
Delhi,Delhi,45,36,34,35,92,120,130,120,90,49,59,222,207,189,198,220,169,60,235,28,22,43,47,33,39,38,60,40,95,684,59,73,63,93,42,31,30,14,57,63,63,2026-08-07
Haryana,Hisar,40,31,30,34,85,127,113,110,88,48,62,220,189,167,161,183,132,55,252,29,20,28,50,27,38,39,62,40,90,637,60,76,50,82,40,39,34,15,70,28,50,2026-08-07
Haryana,Karnal,38,45,28,38,86,132,134,114,103,52,70,234,207,179,161,200,149,60,220,30,20,40,40,40,40,40,45,40,90,747,65,90,40,67,41,40,36,16,80,47,42,2026-08-07
Haryana,Panchkula,40,32,35,45,92,132,116,117,99,46,68,197,192,170,176,180,NR,57,217,NR,36,39,39,26,40,35,57,41,80,632,56,75,35,81,40,38,36,21,57,31,34,2026-08-07
Haryana,Gurgaon,NR,NR,NR,NR,NR,NR,NR,NR,NR,NR,NR,NR,NR,NR,NR,NR,NR,NR,NR,NR,NR,NR,NR,NR,NR,NR,NR,NR,NR,NR,NR,NR,NR,NR,NR,NR,NR,NR,NR,NR,NR,2026-08-07
Himachal Pradesh,Shimla,40,NR,NR,34,87,127,128,118,85,55,60,242,231,181,176,NR,NR,54,240,30,25,43,40,33,NR,39,NR,39,90,681,58,84,40,83,34,38,24,17,55,42,45,2026-08-07
Himachal Pradesh,Mandi,40,NR,NR,36,82,127,135,115,87,53,62,234,220,185,176,190,NR,54,260,32,24,37,41,34,NR,36,NR,38,95,682,58,90,42,87,46,31,32,16,57,49,46,2026-08-07
Himachal Pradesh,Dharamshala,38,NR,NR,32,84,127,126,117,87,50,44,NR,213,175,165,NR,NR,54,235,30,20,35,40,34,NR,35,NR,40,93,630,59,90,40,97,49,42,34,15,60,32,38,2026-08-07
Himachal Pradesh,Solan,39,NR,NR,34,82,124,127,116,89,52,55,223,220,176,162,181,NR,57,230,30,20,40,27,36,38,36,NR,35,96,644,59,86,50,91,44,35,34,17,60,43,43,2026-08-07
Himachal Pradesh,Una,39,39,NR,34,88,116,137,102,85,53,69,NR,197,191,181,NR,NR,59,265,31,16,39,39,34,NR,33,NR,33,98,701,63,99,33,98,59,34,35,15,56,49,44,2026-08-07
Himachal Pradesh,Bilaspur-hp,41,NR,NR,34,82,126,128,115,86,53,66,NR,188,187,177,NR,NR,56,200,31,20,40,40,33,60,37,62,37,82,743,58,96,50,87,47,31,33,13,53,57,50,2026-08-07
Himachal Pradesh,Chamba,37,45,NR,38,84,123,122,117,88,51,55,NR,197,180,177,NR,NR,56,235,30,22,44,40,49,59,39,60,40,89,644,60,88,41,88,48,35,36,18,55,48,52,2026-08-07
Himachal Pradesh,Hamirpur-HP,39,NR,NR,33,84,122,128,107,81,53,69,NR,221,187,170,NR,NR,55,265,31,24,37,40,33,48,37,NR,36,83,641,60,94,42,87,39,37,32,15,53,52,53,2026-08-07
Himachal Pradesh,Kullu,41,NR,NR,35,88,131,128,113,85,53,40,NR,225,181,184,NR,NR,60,220,30,28,40,30,NR,NR,35,NR,35,103,699,61,110,50,90,33,32,31,12,55,60,60,2026-08-07
Himachal Pradesh,Sirmour,40,NR,NR,32,83,120,121,109,86,53,51,233,210,178,162,146,NR,56,273,30,19,40,42,36,NR,35,NR,36,95,610,61,85,45,92,36,45,32,19,60,47,48,2026-08-07
Himachal Pradesh,Kinnaur,38,NR,NR,36,83,128,129,107,84,51,60,NR,229,178,151,NR,NR,50,260,31,30,47,50,NR,NR,38,NR,40,88,875,63,90,52,100,48,45,42,15,50,52,50,2026-08-07
Himachal Pradesh,Lahaul & Spiti,40,NR,NR,38,90,118,123,111,93,50,51,NR,197,175,NR,NR,NR,49,480,28,29,42,50,NR,NR,35,NR,34,84,600,58,90,42,80,35,35,28,15,57,36,39,2026-08-07
Jammu and Kashmir,Srinagar,43,25,41,45,93,146,125,123,100,55,55,NR,209,185,179,187,NR,60,320,30,30,32,32,NR,NR,60,NR,53,115,679,62,83,52,100,53,70,39,17,80,48,41,2026-08-07
Jammu and Kashmir,Jammu,50,37,31,36,84,112,119,118,91,51,55,NR,223,172,167,160,118,55,303,30,20,40,45,36,58,57,68,60,109,638,60,94,37,92,63,47,33,19,52,59,41,2026-08-07
Jammu and Kashmir,Poonch,55,42,35,48,116,180,125,122,122,60,75,NR,231,214,194,NR,NR,65,380,30,30,50,60,NR,NR,53,NR,60,123,725,60,84,57,85,48,31,31,15,77,41,52,2026-08-07
Jammu and Kashmir,Kupwara,46,NR,38,41,103,NR,130,127,119,60,55,NR,187,176,158,174,150,57,497,30,30,40,50,NR,NR,35,NR,51,117,664,62,73,53,79,39,51,32,14,107,33,40,2026-08-07
Jammu and Kashmir,Udhampur,NR,NR,NR,NR,NR,NR,NR,NR,NR,NR,NR,NR,NR,NR,NR,NR,NR,NR,NR,NR,NR,NR,NR,NR,NR,NR,NR,NR,NR,NR,NR,NR,NR,NR,NR,NR,NR,NR,NR,NR,NR,2026-08-07
Jammu and Kashmir,Shopian,NR,NR,NR,NR,NR,NR,NR,NR,NR,NR,NR,NR,NR,NR,NR,NR,NR,NR,NR,NR,NR,NR,NR,NR,NR,NR,NR,NR,NR,NR,NR,NR,NR,NR,NR,NR,NR,NR,NR,NR,NR,2026-08-07
Jammu and Kashmir,Samba,NR,NR,NR,NR,NR,NR,NR,NR,NR,NR,NR,NR,NR,NR,NR,NR,NR,NR,NR,NR,NR,NR,NR,NR,NR,NR,NR,NR,NR,NR,NR,NR,NR,NR,NR,NR,NR,NR,NR,NR,NR,2026-08-07
Jammu and Kashmir,Ramban,NR,NR,NR,NR,NR,NR,NR,NR,NR,NR,NR,NR,NR,NR,NR,NR,NR,NR,NR,NR,NR,NR,NR,NR,NR,NR,NR,NR,NR,NR,NR,NR,NR,NR,NR,NR,NR,NR,NR,NR,NR,2026-08-07
Jammu and Kashmir,Rajouri,NR,NR,NR,NR,NR,NR,NR,NR,NR,NR,NR,NR,NR,NR,NR,NR,NR,NR,NR,NR,NR,NR,NR,NR,NR,NR,NR,NR,NR,NR,NR,NR,NR,NR,NR,NR,NR,NR,NR,NR,NR,2026-08-07
Jammu and Kashmir,Kishtwar,NR,NR,NR,NR,NR,NR,NR,NR,NR,NR,NR,NR,NR,NR,NR,NR,NR,NR,NR,NR,NR,NR,NR,NR,NR,NR,NR,NR,NR,NR,NR,NR,NR,NR,NR,NR,NR,NR,NR,NR,NR,2026-08-07
Jammu and Kashmir,Doda,NR,NR,NR,NR,NR,NR,NR,NR,NR,NR,NR,NR,NR,NR,NR,NR,NR,NR,NR,NR,NR,NR,NR,NR,NR,NR,NR,NR,NR,NR,NR,NR,NR,NR,NR,NR,NR,NR,NR,NR,NR,2026-08-07
Jammu and Kashmir,Baramulla,NR,NR,NR,NR,NR,NR,NR,NR,NR,NR,NR,NR,NR,NR,NR,NR,NR,NR,NR,NR,NR,NR,NR,NR,NR,NR,NR,NR,NR,NR,NR,NR,NR,NR,NR,NR,NR,NR,NR,NR,NR,2026-08-07
Jammu and Kashmir,Reasi,NR,NR,NR,NR,NR,NR,NR,NR,NR,NR,NR,NR,NR,NR,NR,NR,NR,NR,NR,NR,NR,NR,NR,NR,NR,NR,NR,NR,NR,NR,NR,NR,NR,NR,NR,NR,NR,NR,NR,NR,NR,2026-08-07
Jammu and Kashmir,Kathua,NR,NR,NR,NR,NR,NR,NR,NR,NR,NR,NR,NR,NR,NR,NR,NR,NR,NR,NR,NR,NR,NR,NR,NR,NR,NR,NR,NR,NR,NR,NR,NR,NR,NR,NR,NR,NR,NR,NR,NR,NR,2026-08-07
Punjab,Amritsar,40,33,28,32,82,137,135,112,90,52,59,238,205,176,158,192,NR,65,273,29,20,37,40,37,38,40,61,40,90,692,60,84,40,95,44,30,29,12,52,43,50,2026-08-07
Punjab,Ludhiana,43,35,28,36,87,133,132,118,103,49,62,240,205,178,167,200,NR,61,275,27,18,42,35,34,48,39,62,49,92,604,52,80,48,92,50,42,25,19,47,47,50,2026-08-07
Punjab,Bathinda,40,32,28,32,80,135,135,113,90,52,58,242,208,176,154,196,143,65,273,29,17,38,38,32,40,38,62,38,95,683,60,87,40,95,47,31,29,13,52,48,50,2026-08-07
Punjab,Barnala,NR,NR,NR,NR,NR,NR,NR,NR,NR,NR,NR,NR,NR,NR,NR,NR,NR,NR,NR,NR,NR,NR,NR,NR,NR,NR,NR,NR,NR,NR,NR,NR,NR,NR,NR,NR,NR,NR,NR,NR,NR,2026-08-07
Punjab,Hoshiarpur,36,33,28,37,79,119,111,112,99,51,71,212,190,168,142,143,126,59,271,25,15,34,40,35,31,44,65,48,87,623,55,79,33,99,49,45,34,15,62,50,43,2026-08-07
Punjab,Faridkot,42,36,29,34,85,130,135,119,95,53,69,236,187,176,152,202,135,63,283,30,20,40,40,32,50,40,72,40,85,670,59,84,42,89,50,33,30,13,52,48,52,2026-08-07
Punjab,Mansa,40,37,27,33,87,133,130,113,92,50,60,NR,192,174,156,NR,133,64,280,29,19,38,40,40,40,39,62,38,92,659,58,82,38,92,42,35,30,16,48,58,53,2026-08-07
Punjab,Sri Muktsar Sahib,41,40,28,32,83,132,138,113,90,54,66,218,185,172,143,176,124,59,290,29,20,42,40,29,48,39,67,39,88,630,57,72,48,90,47,34,26,14,58,50,50,2026-08-07
Punjab,Dera Bassi,40,36,27,33,87,133,135,117,90,50,61,NR,190,176,158,NR,NR,65,268,29,15,37,40,39,41,38,62,40,90,681,60,73,37,95,41,35,32,16,50,47,50,2026-08-07
Punjab,Sangrur,40,27,28,32,89,130,131,105,88,54,60,246,195,195,190,195,175,59,263,30,15,35,40,35,45,40,67,40,97,710,60,78,30,90,60,45,30,15,50,50,43,2026-08-07
Punjab,Ropar,40,36,27,33,87,133,135,113,90,51,61,238,192,176,159,NR,141,63,277,29,18,38,40,37,42,39,58,39,92,678,60,83,40,93,43,36,31,15,47,52,50,2026-08-07
Punjab,Amargarh,40,27,28,33,90,130,130,108,85,55,60,245,198,193,193,195,181,60,250,30,15,40,40,35,45,40,NR,40,95,714,60,72,35,95,60,50,30,15,40,50,50,2026-08-07
Punjab,Fatehgarh Sahib,46,32,29,35,95,135,115,115,116,47,60,256,183,187,178,194,117,57,293,30,15,35,36,28,45,32,65,40,93,604,58,78,45,95,45,48,38,19,50,23,32,2026-08-07
Punjab,Ferozepur,50,40,32,34,90,130,130,120,90,54,70,247,187,176,148,198,137,70,400,30,20,40,30,40,50,40,60,40,90,725,72,70,25,100,60,40,33,15,50,65,73,2026-08-07
Punjab,Kapurthala,36,31,30,39,73,132,123,108,90,52,65,229,192,167,146,185,154,65,283,30,15,37,40,42,50,40,62,42,93,692,62,92,47,95,31,36,33,13,57,40,40,2026-08-07
Uttar Pradesh,Lucknow,41,30,30,35,76,115,120,96,75,50,60,208,197,165,176,181,154,60,250,20,18,35,38,30,37,36,55,36,90,617,60,90,40,88,40,40,30,15,48,40,42,2026-08-07
Uttar Pradesh,Kanpur,NR,NR,NR,NR,NR,NR,NR,NR,NR,NR,NR,NR,NR,NR,NR,NR,NR,NR,NR,NR,NR,NR,NR,NR,NR,NR,NR,NR,NR,NR,NR,NR,NR,NR,NR,NR,NR,NR,NR,NR,NR,2026-08-07
Uttar Pradesh,Varanasi,44,32,28,36,83,120,124,107,82,49,72,213,194,179,178,203,179,63,232,21,23,34,36,37,56,38,NR,39,107,736,64,82,41,84,34,34,29,18,58,37,43,2026-08-07
Uttar Pradesh,Agra,45,33,30,34,78,115,100,90,74,49,70,223,201,175,186,208,187,58,251,27,19,39,37,19,38,41,NR,43,99,800,62,85,28,80,49,30,31,15,40,53,62,2026-08-07
Uttar Pradesh,Jhansi,54,33,29,35,82,132,128,112,87,52,67,216,179,176,150,198,132,60,230,22,22,38,42,33,40,41,67,45,93,666,58,78,38,87,40,40,30,15,42,33,43,2026-08-07
Uttar Pradesh,Meerut,37,29,29,36,84,114,117,86,85,49,66,175,166,165,169,170,164,51,288,18,18,38,35,36,37,35,66,37,97,646,60,94,39,87,34,34,30,15,56,44,45,2026-08-07
Uttar Pradesh,Allahabad,51,25,27,34,89,115,135,129,93,49,56,220,205,172,165,199,147,54,332,30,21,25,37,35,36,39,45,43,99,678,63,72,35,85,33,43,30,19,57,48,58,2026-08-07
Uttar Pradesh,Gorakhpur,41,24,28,36,81,116,116,109,85,45,55,195,187,159,152,169,123,55,225,22,18,34,36,36,34,34,51,36,92,599,56,80,37,78,33,38,24,16,55,26,32,2026-08-07
Uttar Pradesh,Saharanpur,40,28,26,30,82,116,115,110,88,51,58,NR,175,155,154,172,139,55,242,21,16,32,35,32,NR,38,NR,39,91,584,60,80,37,83,33,37,25,12,49,47,44,2026-08-07
Uttar Pradesh,Bareilly,39,27,27,35,90,118,132,110,103,49,72,213,190,174,174,191,161,56,302,26,15,22,31,27,43,36,57,38,89,703,60,80,25,79,46,31,30,17,53,31,34,2026-08-07
Uttar Pradesh,Ayodhya,40,35,25,38,90,115,125,120,90,45,60,198,198,187,176,174,143,60,240,24,20,40,50,45,45,45,60,42,100,835,60,72,50,90,40,45,30,20,60,20,35,2026-08-07
Uttar Pradesh,Moradabad,39,26,25,32,81,116,114,107,86,43,58,193,166,143,155,154,141,53,236,21,16,35,46,34,39,36,53,37,89,676,56,75,32,84,34,38,26,18,49,30,36,2026-08-07
Uttar Pradesh,Aligarh,40,31,28,34,82,118,115,106,84,46,56,200,188,158,156,184,143,53,247,20,17,27,37,34,41,38,50,42,91,613,55,78,37,85,35,39,25,15,45,31,38,2026-08-07
Uttar Pradesh,Mirzapur (Vindhyanchal),34,25,25,33,83,115,110,104,84,46,50,184,175,149,137,148,113,52,218,22,19,29,39,30,40,36,50,40,93,674,62,84,34,82,30,38,25,15,45,39,40,2026-08-07
Uttar Pradesh,Banda,37,26,26,31,74,105,109,101,74,51,55,224,179,167,147,181,116,58,158,19,13,42,38,39,58,34,69,39,79,582,60,81,32,88,30,33,29,21,48,52,50,2026-08-07
Uttar Pradesh,Azamgarh,39,29,28,32,84,122,120,116,88,44,61,NR,213,171,172,200,NR,56,280,24,14,34,50,37,42,42,51,33,104,657,56,94,33,76,28,37,29,18,50,33,42,2026-08-07
Uttar Pradesh,Gonda (Devipatan),39,25,26,39,85,118,128,117,88,51,53,211,200,163,168,172,128,53,257,20,15,33,33,39,37,38,62,49,100,622,58,87,38,85,34,40,25,20,47,35,37,2026-08-07
Uttar Pradesh,Amethi,39,29,26,35,85,118,118,118,97,45,60,220,199,185,183,192,142,55,222,22,15,25,36,34,39,36,44,39,98,644,58,80,31,85,34,44,30,16,45,21,38,2026-08-07
Uttar Pradesh,Barabanki,44,29,26,35,77,115,118,111,78,49,60,200,183,168,167,175,130,59,225,22,20,32,41,31,47,37,45,36,98,612,59,105,32,85,31,42,30,15,46,25,30,2026-08-07
Uttar Pradesh,Bhadohi,35,22,27,35,80,115,113,115,80,47,68,212,192,179,152,178,124,70,215,22,14,30,40,33,39,37,49,40,79,674,62,72,30,90,36,39,30,16,60,20,35,2026-08-07
Uttar Pradesh,Chandauli,31,23,26,33,79,120,123,120,80,49,55,214,198,181,136,192,123,67,247,19,12,29,30,32,52,34,60,39,80,634,56,86,39,81,34,38,27,16,49,29,42,2026-08-07
Uttar Pradesh,Farrukhabad,46,30,26,30,83,110,120,110,90,48,66,225,209,162,158,220,126,50,187,19,11,25,40,24,NR,35,NR,40,90,659,61,82,35,80,34,35,26,16,43,35,38,2026-08-07
Uttar Pradesh,Ghazipur,43,29,29,36,87,126,120,114,92,52,65,199,191,156,155,184,144,60,272,21,16,37,32,36,40,43,55,48,104,708,62,89,41,87,43,40,29,18,47,44,51,2026-08-07
Uttar Pradesh,Jaunpur,45,34,28,35,85,117,117,115,87,48,62,212,202,178,167,188,127,59,269,22,18,32,39,37,45,39,55,39,89,710,57,86,30,89,39,39,29,17,48,39,48,2026-08-07
Uttar Pradesh,UP-Pratapgarh,41,24,30,34,81,114,114,114,89,48,54,213,199,168,164,173,128,59,253,20,14,33,31,35,31,39,46,39,98,551,58,76,33,90,35,31,27,16,39,33,43,2026-08-07
Uttar Pradesh,Sambhal,41,23,26,31,87,105,105,100,90,50,57,199,180,155,141,157,143,55,258,19,20,30,30,27,NR,38,NR,38,96,659,58,79,26,84,45,43,29,16,38,39,32,2026-08-07
Uttar Pradesh,Santkabir Nagar,44,39,24,35,82,117,103,102,77,45,67,200,207,150,146,178,123,49,265,30,17,31,44,29,30,37,83,46,98,734,61,96,38,100,30,52,29,20,48,51,50,2026-08-07
Uttar Pradesh,Shahjahanpur,32,19,26,32,80,116,106,109,97,47,56,182,177,147,136,159,128,45,222,20,12,23,45,26,32,34,52,37,87,553,55,89,24,87,30,34,24,11,43,24,34,2026-08-07
Uttar Pradesh,Sitapur,39,27,28,32,81,112,110,105,83,47,59,191,171,148,143,155,132,53,230,18,20,25,41,30,33,36,54,40,91,630,59,73,34,80,35,40,29,15,50,27,34,2026-08-07
Uttar Pradesh,Sultanpur,42,29,31,32,85,119,116,110,87,45,56,199,184,159,159,179,144,55,262,20,18,25,31,35,41,38,51,44,92,639,56,79,35,85,36,37,26,15,45,30,37,2026-08-07
Uttar Pradesh,Unnao,42,32,29,33,87,123,120,112,88,49,60,201,190,163,165,185,146,58,257,22,18,33,37,37,42,38,53,43,90,586,59,81,38,88,38,38,28,16,48,38,43,2026-08-07
Uttar Pradesh,Ambedkar Nagar,37,24,26,35,78,120,127,130,88,48,61,220,212,159,161,161,138,64,200,28,15,35,46,38,38,35,75,40,87,715,61,79,41,80,36,40,31,20,61,34,40,2026-08-07
Uttar Pradesh,Amroha,42,23,26,33,83,121,114,96,87,54,60,250,180,151,157,176,136,60,233,22,20,35,40,30,43,38,43,38,90,714,60,74,37,84,41,39,32,20,38,45,43,2026-08-07
Uttar Pradesh,Baghpat,43,37,NR,31,83,130,127,118,95,47,70,196,179,163,159,163,130,57,210,28,19,27,40,35,51,35,67,40,95,604,60,88,40,83,33,35,25,12,38,24,45,2026-08-07
Uttar Pradesh,Bijnor,45,25,28,35,75,100,110,95,80,50,60,220,198,165,181,198,154,55,280,20,15,30,40,30,40,40,50,40,100,604,55,84,35,88,40,35,30,15,40,40,35,2026-08-07
Uttar Pradesh,Budaun,36,16,25,30,84,112,103,99,93,50,65,212,179,179,166,181,126,53,280,21,12,31,30,25,46,38,65,37,93,613,59,70,30,90,30,39,25,11,42,25,25,2026-08-07
Uttar Pradesh,Etah,44,33,27,35,82,118,108,110,90,45,59,207,182,156,156,168,113,54,270,22,19,32,43,28,NR,37,NR,39,90,677,60,72,33,93,32,40,32,18,42,27,40,2026-08-07
Uttar Pradesh,Fatehpur,43,19,28,35,88,117,117,108,87,49,61,200,189,152,145,157,119,54,225,23,16,33,38,24,32,34,42,36,98,613,61,79,36,87,38,42,23,18,44,33,39,2026-08-07
Uttar Pradesh,Ghaziabad,41,31,30,33,80,118,117,111,95,52,58,218,196,172,158,187,136,59,202,21,18,33,32,33,44,38,54,44,98,626,61,88,42,83,42,40,29,15,47,49,38,2026-08-07
Uttar Pradesh,Hardoi,43,32,27,34,84,123,117,109,88,53,58,208,185,160,158,181,134,57,242,20,16,33,33,35,38,39,55,45,95,627,58,85,36,87,38,40,29,16,47,40,44,2026-08-07
Uttar Pradesh,Jalaun,46,25,28,35,84,118,103,102,89,47,58,183,173,152,130,163,115,58,225,20,15,33,30,35,41,40,NR,43,95,573,60,81,35,90,38,42,29,18,40,40,42,2026-08-07
Uttar Pradesh,Kaushambi,43,26,26,35,84,118,129,109,86,51,58,206,196,173,161,186,128,55,237,21,19,40,40,31,35,39,55,35,86,611,56,76,43,83,39,36,28,16,45,29,39,2026-08-07
Uttar Pradesh,Kushinagar,35,28,26,37,82,111,114,118,82,55,68,186,199,157,166,156,135,67,221,27,14,30,51,40,41,38,45,40,96,615,61,61,28,88,39,38,29,13,47,36,30,2026-08-07
Uttar Pradesh,Lakhimpur Kheri,38,26,28,35,84,117,106,103,85,50,59,188,183,138,145,164,112,61,228,20,18,30,42,31,35,36,60,36,92,665,58,74,30,79,35,44,32,18,45,23,44,2026-08-07
Uttar Pradesh,Pilibhit,43,35,28,32,85,115,115,115,95,49,68,207,200,175,162,192,137,52,229,20,16,30,34,32,45,38,66,38,95,698,60,94,20,86,42,44,32,17,40,42,40,2026-08-07
Uttar Pradesh,Sharwasti,40,24,27,40,80,120,115,120,80,50,60,189,220,170,176,NR,124,60,218,28,15,32,28,NR,NR,40,NR,40,98,582,60,83,20,88,40,40,20,15,33,38,40,2026-08-07
Uttar Pradesh,Siddharth Nagar,41,30,28,35,83,119,130,117,82,51,64,212,200,168,155,159,126,56,228,22,17,35,35,40,45,35,62,34,80,623,59,80,33,70,37,33,25,20,43,38,43,2026-08-07
Uttar Pradesh,Sonbhadra,35,28,26,31,75,110,105,102,80,48,45,176,165,152,132,154,121,56,210,24,15,27,40,27,40,33,50,34,80,621,65,68,35,85,33,32,25,14,45,20,25,2026-08-07
Uttar Pradesh,Rampur,52,28,28,30,78,106,116,105,101,48,61,194,192,149,158,161,136,55,266,24,18,33,28,35,44,36,NR,36,98,635,65,85,35,93,35,36,29,14,54,40,35,2026-08-07
Uttar Pradesh,Bahraich,35,26,25,31,89,128,120,114,90,42,55,194,196,157,154,161,124,44,250,25,21,36,37,36,34,34,65,34,106,646,56,80,22,73,27,36,23,19,53,21,37,2026-08-07
Uttar Pradesh,Basti,40,27,30,32,81,115,127,115,79,47,56,200,190,155,153,147,123,57,244,21,17,35,40,43,53,34,53,34,93,592,55,85,39,81,35,40,26,20,39,34,39,2026-08-07
Uttar Pradesh,Etawah,44,NR,27,32,85,121,115,110,87,48,62,199,191,166,156,NR,137,58,264,20,15,26,34,33,NR,40,55,44,95,659,60,85,39,85,39,41,28,16,50,31,39,2026-08-07
Uttar Pradesh,Muzzafarnagar,40,29,26,31,85,120,118,108,89,51,58,185,176,156,156,178,142,55,245,20,14,35,40,35,40,36,NR,36,90,525,58,73,35,80,34,35,25,11,45,49,40,2026-08-07
Uttar Pradesh,Chitrakoot,40,24,25,32,81,103,100,93,80,46,50,186,207,164,164,180,138,55,220,15,20,35,40,25,26,40,59,48,89,637,58,105,40,80,38,40,21,15,45,40,55,2026-08-07
Uttar Pradesh,Hamirpur-UP,44,25,28,36,88,116,119,110,86,50,70,191,187,159,182,186,138,59,210,17,20,35,45,NR,NR,41,NR,42,97,643,60,86,31,89,42,48,30,17,55,36,45,2026-08-07
Uttar Pradesh,Deoria,35,22,28,30,92,119,111,99,98,48,61,236,197,143,132,225,120,47,227,20,17,30,56,38,40,36,45,36,93,597,59,59,55,80,29,39,27,18,35,37,35,2026-08-07
Uttar Pradesh,Hapur,36,24,28,36,76,139,135,125,121,49,62,207,201,168,178,185,163,63,218,26,15,30,38,42,41,40,47,40,100,736,63,94,34,96,45,46,32,12,68,33,33,2026-08-07
Uttar Pradesh,Bulandshahr,42,36,27,32,93,103,113,107,83,52,70,NR,186,160,172,158,156,49,222,19,19,35,37,35,43,36,56,36,99,597,56,89,30,87,30,47,27,15,32,50,41,2026-08-07
Uttar Pradesh,Kanpur Dehat,37,23,26,31,79,100,112,93,86,45,64,200,189,150,149,168,124,49,218,19,19,38,38,31,36,35,48,35,85,597,58,76,32,71,32,32,24,15,38,37,38,2026-08-07
Uttar Pradesh,Hathras,39,31,28,32,83,117,114,106,84,43,61,210,194,168,165,189,146,52,248,20,17,24,37,25,30,34,NR,39,105,698,63,73,40,87,37,40,30,13,38,33,37,2026-08-07
Uttar Pradesh,Raebareli,41,27,28,31,85,118,117,109,89,48,59,197,186,164,164,181,146,59,216,21,20,31,31,37,43,41,54,45,94,690,59,85,31,86,39,39,29,15,49,36,41,2026-08-07
Uttar Pradesh,Lalitpur,36,23,28,31,75,109,110,105,84,47,60,177,169,146,143,174,118,52,235,20,15,29,28,30,40,32,59,34,90,578,56,80,25,85,30,40,24,18,40,30,40,2026-08-07
Uttar Pradesh,Mohaba,37,25,22,30,79,108,100,97,83,48,62,176,176,150,154,184,120,36,183,22,20,30,33,27,35,35,48,35,97,596,54,74,22,83,33,39,28,16,36,37,38,2026-08-07
Uttar Pradesh,Gautam Budh Nagar,38,27,30,37,81,123,117,108,92,50,59,223,185,168,149,180,130,64,222,18,11,31,29,34,39,39,62,40,92,643,59,92,33,81,36,39,32,16,39,37,37,2026-08-07
Uttar Pradesh,Auraiya,41,25,27,37,82,119,122,111,95,47,57,186,176,160,164,166,133,57,216,24,20,41,28,27,37,39,56,37,106,664,52,85,38,79,36,39,19,17,44,41,52,2026-08-07
Uttar Pradesh,Maharajganj,37,25,28,32,81,115,118,109,80,46,58,192,191,151,154,164,126,52,213,22,15,30,38,37,44,35,51,36,91,599,58,79,37,80,34,40,30,17,38,31,30,2026-08-07
Uttar Pradesh,Balrampur,36,29,29,35,82,117,117,113,83,51,53,178,201,154,156,200,125,63,203,15,14,35,35,35,49,35,NR,40,97,688,59,94,43,92,47,41,29,14,32,37,35,2026-08-07
Uttar Pradesh,Kannauj,40,26,28,32,83,118,114,109,87,46,61,199,187,158,155,175,134,55,239,21,15,30,30,32,39,38,53,39,94,637,56,74,27,84,34,42,27,16,43,33,32,2026-08-07
Uttar Pradesh,Mathura,32,27,27,33,88,119,128,118,96,45,66,229,173,141,139,156,122,44,263,27,19,41,39,34,43,40,47,40,99,632,58,83,37,89,48,39,34,15,43,42,53,2026-08-07
Uttar Pradesh,Firozabad,40,31,31,36,82,118,121,111,88,49,60,222,211,181,179,207,160,58,268,21,21,32,38,36,42,37,55,42,95,648,60,82,42,83,41,38,29,16,48,38,41,2026-08-07
Uttar Pradesh,Kasganj,45,33,27,35,87,122,112,113,93,48,59,222,200,174,178,203,159,55,248,21,20,30,37,22,NR,40,NR,42,98,617,56,75,37,85,39,47,29,13,38,35,42,2026-08-07
Uttar Pradesh,Mainpuri,38,30,28,32,88,132,120,113,88,45,65,220,211,171,189,189,155,51,260,24,17,23,29,24,22,39,40,38,105,700,55,70,35,85,47,43,25,21,36,20,26,2026-08-07
Uttar Pradesh,Shamli,40,26,25,30,80,115,120,108,88,46,50,189,181,156,146,159,128,54,227,15,16,32,35,27,40,38,58,39,90,541,60,82,33,88,39,38,27,13,47,45,40,2026-08-07
Uttar Pradesh,Ballia,40,22,27,31,84,120,117,111,92,48,58,203,186,154,154,166,130,52,249,19,16,34,32,28,43,37,54,38,95,625,55,77,34,85,36,37,28,17,51,51,54,2026-08-07
Uttar Pradesh,Mau,39,22,25,34,83,115,112,108,87,46,55,191,177,149,148,150,120,63,225,22,16,30,46,NR,NR,35,NR,36,91,644,55,75,39,89,31,40,30,15,48,42,39,2026-08-07
Uttarakhand,Dehradun,42,30,27,35,95,130,127,129,94,51,67,187,209,159,170,187,NR,70,250,32,19,36,43,35,43,40,48,40,100,692,63,72,45,115,45,45,39,15,60,35,40,2026-08-07
Uttarakhand,Haldwani,47,50,31,35,95,141,133,131,91,54,62,232,210,156,190,191,168,65,272,32,26,34,31,49,42,41,45,43,95,700,60,82,30,100,40,45,33,18,54,45,41,2026-08-07
Uttarakhand,Rudrapur,41,36,35,41,97,170,133,123,95,51,64,201,209,178,169,172,162,65,233,30,31,40,49,36,38,42,66,42,97,746,64,89,41,95,34,42,32,18,54,31,34,2026-08-07
Uttarakhand,Haridwar,44,31,31,39,92,141,124,117,90,46,63,225,206,165,160,177,NR,64,290,28,17,31,49,41,NR,41,49,43,99,651,58,76,45,94,44,42,33,17,61,21,35,2026-08-07
WEST ZONE,WEST ZONE,,,,,,,,,,,,,,,,,,,,,,,,,,,,,,,,,,,,,,,,,,2026-08-07
Chhattisgarh,Raipur,35,28,31,36,82,115,112,109,83,55,61,198,229,144,176,186,156,56,216,20,21,36,20,33,28,40,45,50,87,705,56,90,41,84,43,37,29,14,32,50,45,2026-08-07
Chhattisgarh,Durg,NR,NR,NR,NR,NR,NR,NR,NR,NR,NR,NR,NR,NR,NR,NR,NR,NR,NR,NR,NR,NR,NR,NR,NR,NR,NR,NR,NR,NR,NR,NR,NR,NR,NR,NR,NR,NR,NR,NR,NR,NR,2026-08-07
Chhattisgarh,Ambikapur,35,35,30,35,93,118,112,103,95,40,41,172,161,174,159,165,NR,48,255,15,20,35,40,NR,NR,40,NR,32,70,598,52,90,30,78,30,60,33,15,47,20,25,2026-08-07
Chhattisgarh,Bilaspur-CG,NR,NR,NR,NR,NR,NR,NR,NR,NR,NR,NR,NR,NR,NR,NR,NR,NR,NR,NR,NR,NR,NR,NR,NR,NR,NR,NR,NR,NR,NR,NR,NR,NR,NR,NR,NR,NR,NR,NR,NR,NR,2026-08-07
Chhattisgarh,Jagdalpur,36,24,36,38,72,122,81,109,96,46,47,199,220,145,143,180,NR,45,194,17,26,31,40,38,38,39,41,44,87,871,54,81,21,81,50,48,40,17,46,19,50,2026-08-07
Chhattisgarh,Dantewada,NR,NR,NR,NR,NR,NR,NR,NR,NR,NR,NR,NR,NR,NR,NR,NR,NR,NR,NR,NR,NR,NR,NR,NR,NR,NR,NR,NR,NR,NR,NR,NR,NR,NR,NR,NR,NR,NR,NR,NR,NR,2026-08-07
Chhattisgarh,Dhamtari,37,30,34,45,90,130,115,103,95,49,55,220,203,139,203,190,128,58,213,26,22,30,42,52,47,45,52,50,127,723,63,88,43,90,38,32,25,17,45,47,57,2026-08-07
Chhattisgarh,Rajnandgaon,43,33,30,36,85,122,118,111,89,50,60,219,210,178,177,204,160,58,270,22,20,35,40,30,30,38,50,38,96,680,60,70,27,79,44,42,28,16,50,24,35,2026-08-07
Chhattisgarh,Koriya,39,NR,35,39,81,108,97,102,81,45,75,205,163,153,151,168,NR,47,195,25,20,40,40,35,34,46,NR,58,82,693,58,88,40,78,27,38,28,17,48,NR,NR,2026-08-07
DNH and DD,Silvasa,56,50,45,40,91,138,138,128,97,45,69,215,208,181,175,183,130,65,227,29,20,35,40,44,54,59,56,65,107,655,58,96,45,NR,75,45,35,22,39,50,50,2026-08-07
DNH and DD,Daman,62,52,38,37,89,113,133,117,94,50,70,211,211,NR,174,192,130,60,217,32,25,40,40,37,42,60,57,60,110,690,63,90,60,NR,60,40,44,24,40,50,60,2026-08-07
DNH and DD,Diu,49,41,40,50,92,145,148,130,107,53,68,229,236,NR,200,213,163,65,420,32,28,41,40,39,63,56,83,65,108,714,62,96,27,123,53,36,40,21,53,49,35,2026-08-07
Goa,Panaji,62,43,48,47,103,132,135,135,103,54,65,222,200,203,167,172,145,63,315,28,37,40,35,39,62,48,53,49,112,824,58,83,65,83,62,43,25,16,42,62,67,2026-08-07
Goa,Margao,57,43,48,51,92,133,138,127,95,55,66,244,236,223,192,203,176,67,350,27,32,40,33,42,63,47,58,48,122,824,60,88,55,98,55,48,37,17,48,52,63,2026-08-07
Gujarat,Ahmedabad,39,32,41,41,98,121,122,104,98,50,68,197,204,172,191,201,179,59,211,23,40,38,50,39,43,45,66,46,91,662,58,69,38,78,32,36,37,22,45,27,26,2026-08-07
Gujarat,Rajkot,34,27,31,40,86,110,102,100,95,46,68,190,198,151,170,195,158,60,205,18,22,35,42,35,43,39,68,44,91,626,57,63,35,80,32,34,39,15,43,28,28,2026-08-07
Gujarat,Surat,33,31,32,38,85,111,111,104,101,45,69,201,201,163,192,205,177,51,209,19,30,45,49,39,39,39,62,45,96,704,54,68,70,76,31,35,37,15,34,30,25,2026-08-07
Gujarat,Bhuj,38,27,30,36,90,110,111,100,95,42,63,189,188,151,176,190,161,58,202,16,29,32,37,34,35,38,67,38,94,617,53,68,36,74,28,34,37,16,40,27,27,2026-08-07
Gujarat,Selamba,36,27,36,40,91,125,117,115,90,48,64,192,195,153,171,190,164,60,210,19,20,35,40,40,41,41,67,41,95,636,60,84,50,79,31,32,35,17,42,40,40,2026-08-07
Gujarat,Waghai,38,34,37,42,93,120,118,102,98,45,68,200,187,152,156,183,147,59,209,20,31,34,44,35,36,40,60,44,96,631,58,70,40,75,30,34,26,17,41,30,28,2026-08-07
Gujarat,Bodeli,NR,NR,NR,NR,NR,NR,NR,NR,NR,NR,NR,NR,NR,NR,NR,NR,NR,NR,NR,NR,NR,NR,NR,NR,NR,NR,NR,NR,NR,NR,NR,NR,NR,NR,NR,NR,NR,NR,NR,NR,NR,2026-08-07
Gujarat,Vapi,32,24,32,34,90,114,114,101,94,44,66,187,169,138,145,169,145,56,205,18,28,28,46,38,46,40,66,36,96,692,56,68,38,78,31,32,32,15,38,28,30,2026-08-07
Gujarat,Bilimora,41,34,38,38,109,109,116,108,108,55,69,210,194,177,189,194,192,51,221,21,28,40,42,39,39,40,62,45,99,641,54,69,36,76,31,35,33,18,33,30,27,2026-08-07
Gujarat,Idar,37,26,37,36,91,118,126,102,91,46,73,212,191,156,168,182,150,63,235,19,31,32,46,36,42,36,66,47,101,732,63,68,27,101,41,30,40,18,61,36,48,2026-08-07
Gujarat,Jhalod,36,27,35,38,93,117,124,100,99,51,66,211,190,155,167,174,154,63,210,21,29,31,41,40,36,40,69,47,92,670,55,75,43,74,28,33,37,18,40,22,22,2026-08-07
Gujarat,Songash,42,31,30,36,85,122,120,111,89,49,60,205,196,166,167,188,154,59,254,21,21,35,39,36,42,40,54,44,95,717,56,85,41,82,35,37,29,16,47,36,40,2026-08-07
Madhya Pradesh,Bhopal,37,35,29,34,82,118,110,105,90,48,62,180,207,180,149,196,NR,52,255,10,20,30,35,38,40,38,61,41,88,643,57,92,30,98,42,40,35,15,31,40,55,2026-08-07
Madhya Pradesh,Indore,40,34,28,35,86,117,118,110,81,48,64,183,175,164,170,154,147,61,265,15,20,30,40,37,37,40,NR,40,84,645,59,89,38,83,35,33,26,15,33,47,40,2026-08-07
Madhya Pradesh,Gwalior,45,40,30,34,80,121,122,110,90,45,63,212,176,172,160,184,NR,50,222,12,18,22,38,28,30,40,65,40,88,652,60,71,29,84,35,35,26,15,40,22,35,2026-08-07
Madhya Pradesh,Jabalpur,38,30,30,35,82,116,114,108,86,46,60,198,188,150,155,180,120,50,250,18,20,28,31,38,40,41,55,45,90,632,58,82,30,85,40,35,28,15,42,28,40,2026-08-07
Madhya Pradesh,Rewa,35,28,28,35,76,106,95,94,78,45,55,177,154,148,147,147,NR,55,237,18,16,23,38,NR,NR,35,NR,37,85,655,57,76,25,90,28,45,30,13,45,20,35,2026-08-07
Madhya Pradesh,Sagar,38,34,27,29,79,118,122,98,83,53,60,201,185,142,167,189,162,59,265,18,18,28,31,43,53,40,62,40,88,676,60,88,38,83,48,30,29,15,40,45,35,2026-08-07
Madhya Pradesh,Jhabua,43,30,31,36,87,131,121,114,92,55,65,209,205,199,177,193,NR,65,290,15,22,33,42,33,41,42,66,44,92,718,66,100,30,92,49,40,32,21,40,39,40,2026-08-07
Madhya Pradesh,Hoshangabad,46,30,29,37,81,120,117,101,92,50,56,212,157,140,152,165,131,55,219,12,19,30,32,42,47,41,50,42,93,656,60,88,48,92,31,40,19,20,51,24,29,2026-08-07
Madhya Pradesh,Shahdol,35,30,29,35,86,115,112,110,83,44,60,203,186,142,153,181,NR,52,210,18,20,25,30,37,33,35,50,40,95,604,58,70,30,90,30,40,27,18,35,30,25,2026-08-07
Madhya Pradesh,Ujjain,40,39,34,39,94,126,118,103,101,45,62,168,213,183,149,191,NR,51,259,18,22,23,42,35,38,43,63,44,96,724,63,65,24,97,45,37,30,15,39,45,48,2026-08-07
Madhya Pradesh,Morena,41,31,26,31,93,120,112,107,102,51,68,200,187,156,156,159,115,55,240,14,12,30,30,30,NR,38,NR,38,100,615,60,84,20,82,36,32,28,15,30,20,40,2026-08-07
Madhya Pradesh,Anuppur,35,28,26,35,80,118,120,110,90,50,60,214,203,137,176,176,159,60,200,20,15,32,25,40,40,35,50,50,90,769,65,80,31,90,45,35,26,15,31,48,40,2026-08-07
Madhya Pradesh,Bhind,41,36,29,34,84,110,114,112,84,46,62,189,167,143,143,137,115,51,250,15,15,25,40,35,44,39,65,38,89,651,62,77,26,81,29,35,25,16,40,38,35,2026-08-07
Madhya Pradesh,Dhar,43,35,28,38,85,131,113,110,90,47,63,174,191,168,163,187,123,55,210,15,20,31,43,35,36,46,55,46,90,731,61,89,30,87,30,35,19,17,49,41,35,2026-08-07
Madhya Pradesh,Harda,40,36,28,33,82,120,125,109,90,52,62,209,209,176,170,192,NR,60,200,20,20,35,40,40,40,45,70,45,90,723,60,96,40,90,40,30,23,15,32,60,50,2026-08-07
Madhya Pradesh,Katni,35,30,29,34,79,117,107,107,80,47,50,166,156,127,148,156,112,50,205,19,20,35,30,35,38,45,55,45,100,604,58,100,20,80,40,40,27,15,32,20,40,2026-08-07
Madhya Pradesh,Khandwa,42,34,32,34,80,118,123,112,90,51,53,214,192,181,165,187,NR,53,270,18,20,28,40,36,35,44,55,45,91,659,55,88,39,98,31,33,27,17,42,29,36,2026-08-07
Madhya Pradesh,Mandla,35,30,32,38,83,103,120,110,85,54,50,223,198,165,176,203,NR,60,200,30,23,38,23,45,45,41,60,47,90,692,63,100,30,93,48,35,31,13,40,52,52,2026-08-07
Madhya Pradesh,Rajgarh,40,NR,28,32,80,130,120,100,90,53,50,181,194,183,159,183,NR,60,200,10,20,30,37,NR,NR,40,NR,45,90,707,62,110,40,90,50,37,24,20,40,50,45,2026-08-07
Madhya Pradesh,Sidhi,37,34,27,36,80,120,100,95,85,50,60,187,181,154,165,143,115,55,265,20,15,35,40,30,40,35,54,50,90,633,55,90,34,80,30,50,25,15,50,50,45,2026-08-07
Madhya Pradesh,Chattarpur,42,35,30,38,90,127,120,113,80,46,50,198,192,170,159,159,128,58,240,20,15,32,30,32,40,40,58,50,100,600,60,84,20,90,30,45,30,15,33,27,40,2026-08-07
Madhya Pradesh,Neemuch,48,33,26,34,82,135,105,110,72,50,65,190,157,145,154,148,NR,46,317,10,15,25,43,42,40,43,65,41,87,632,63,70,40,80,35,42,30,15,48,25,32,2026-08-07
Madhya Pradesh,Burhanpur,41,37,29,34,84,124,121,108,81,45,67,181,186,176,144,180,137,49,255,29,19,25,25,38,37,44,NR,49,98,747,58,101,33,90,40,35,30,18,30,30,30,2026-08-07
Madhya Pradesh,Narshinpur,38,28,30,35,78,122,110,110,88,47,52,200,189,141,148,165,NR,48,233,12,15,35,40,42,42,45,60,48,85,637,60,85,45,90,35,35,25,15,35,25,40,2026-08-07
Madhya Pradesh,Raisen,40,30,28,32,80,130,120,110,90,53,57,187,194,148,150,NR,NR,57,250,10,20,37,30,40,40,33,NR,40,86,692,60,80,32,89,46,32,31,20,35,48,53,2026-08-07
Madhya Pradesh,Sheopur,40,27,25,34,84,115,114,110,84,45,60,227,192,174,140,165,NR,55,200,28,25,35,40,32,35,45,60,45,90,637,58,80,18,90,40,40,32,15,40,30,40,2026-08-07
Madhya Pradesh,Agar malwa,37,30,25,32,82,127,122,104,102,53,59,197,176,159,164,149,NR,53,288,20,17,21,31,48,50,44,NR,48,83,684,60,87,30,98,32,35,30,17,25,43,26,2026-08-07
Madhya Pradesh,Umaria,35,32,32,36,83,127,117,117,90,50,60,218,190,154,171,190,NR,57,217,15,19,37,27,45,NR,43,NR,47,93,611,60,88,35,87,32,47,27,15,45,60,50,2026-08-07
Madhya Pradesh,Shajapur,39,35,25,32,85,122,122,108,88,50,60,181,192,163,159,189,NR,57,260,20,21,24,37,38,38,39,NR,45,92,681,60,86,36,87,37,36,28,15,40,36,40,2026-08-07
Madhya Pradesh,Dewas,41,37,28,35,89,125,115,107,88,51,64,197,194,174,170,193,NR,57,240,12,26,25,36,35,42,39,57,45,97,705,64,87,35,89,45,35,25,23,35,26,47,2026-08-07
Madhya Pradesh,Khargone,39,27,28,35,78,120,122,110,85,47,50,186,156,132,170,132,NR,50,225,16,30,25,35,40,40,40,65,40,90,640,55,84,35,85,35,40,30,15,35,20,45,2026-08-07
Madhya Pradesh,Singrauli,35,29,25,34,84,100,106,109,81,48,59,214,197,137,149,164,117,57,232,13,21,36,30,NR,40,36,NR,46,89,693,56,91,24,88,46,42,22,15,30,75,52,2026-08-07
Madhya Pradesh,Chhindwara,NR,NR,NR,NR,NR,NR,NR,NR,NR,NR,NR,NR,NR,NR,NR,NR,NR,NR,NR,NR,NR,NR,NR,NR,NR,NR,NR,NR,NR,NR,NR,NR,NR,NR,NR,NR,NR,NR,NR,NR,NR,2026-08-07
Madhya Pradesh,Sehore,40,36,30,32,80,125,120,105,85,50,60,181,192,165,159,181,NR,60,300,13,20,33,33,NR,NR,45,NR,43,83,659,60,81,42,85,30,35,24,15,50,47,46,2026-08-07
Madhya Pradesh,MP-Ashoknagar,46,35,26,31,75,116,110,101,90,44,60,184,187,162,158,158,NR,47,211,14,21,33,30,41,40,41,NR,39,89,776,58,89,54,88,41,44,25,19,40,50,47,2026-08-07
Madhya Pradesh,Balaghat,36,29,34,38,79,115,116,116,85,53,52,219,215,149,165,186,NR,60,200,28,20,35,25,42,45,37,60,45,88,681,63,75,30,98,45,33,26,15,58,58,57,2026-08-07
Madhya Pradesh,Guna,45,37,25,30,72,112,114,100,79,52,60,201,181,177,156,181,134,50,217,20,13,33,38,31,41,46,69,45,83,701,61,74,38,79,37,38,27,15,37,22,38,2026-08-07
Madhya Pradesh,Ratlam,40,34,29,33,80,120,119,109,89,47,62,202,189,158,163,179,158,58,250,10,22,28,37,32,42,41,63,42,91,652,59,78,24,83,38,38,28,15,40,37,38,2026-08-07
Madhya Pradesh,Satna,35,28,28,35,90,125,100,90,95,50,60,211,185,163,161,161,NR,51,260,20,20,30,35,28,45,33,63,31,65,718,52,60,34,75,28,33,30,15,52,25,35,2026-08-07
Madhya Pradesh,Vidisha,39,NR,30,35,77,108,122,108,83,52,55,190,198,154,176,189,NR,57,240,11,10,20,22,40,40,34,68,36,81,659,60,92,18,88,42,32,26,15,43,30,30,2026-08-07
Madhya Pradesh,Alirajpur,38,43,30,36,87,124,118,114,95,45,72,185,196,185,178,187,NR,53,307,10,27,40,50,31,35,45,42,47,93,611,57,80,28,77,40,43,29,17,37,25,40,2026-08-07
Madhya Pradesh,Betul,40,32,26,35,79,116,110,109,85,54,60,203,207,157,175,206,NR,55,245,12,22,36,25,42,43,40,69,40,99,673,60,86,35,95,44,39,22,15,41,42,50,2026-08-07
Madhya Pradesh,Damoh,NR,NR,NR,NR,NR,NR,NR,NR,NR,NR,NR,NR,NR,NR,NR,NR,NR,NR,NR,NR,NR,NR,NR,NR,NR,NR,NR,NR,NR,NR,NR,NR,NR,NR,NR,NR,NR,NR,NR,NR,NR,2026-08-07
Madhya Pradesh,Dindori,38,32,34,37,97,110,105,110,88,45,55,220,192,154,154,176,NR,48,230,13,20,35,30,40,49,45,58,45,81,632,53,85,30,90,35,35,30,15,38,35,50,2026-08-07
Madhya Pradesh,Niwari,36,28,25,30,83,131,98,106,89,48,57,226,210,172,199,155,NR,52,215,30,20,35,28,NR,NR,40,NR,40,97,720,60,96,24,92,33,40,27,19,47,25,32,2026-08-07
Madhya Pradesh,Seoni,37,32,35,37,86,115,110,105,85,50,55,196,214,170,154,187,NR,50,215,11,20,20,25,40,40,37,68,42,100,654,58,81,27,80,48,36,21,15,45,30,35,2026-08-07
Madhya Pradesh,Panna,38,30,24,36,75,120,100,95,90,45,52,181,176,137,143,134,115,53,210,11,15,25,30,40,48,35,60,45,97,651,56,75,37,76,30,35,31,13,47,20,38,2026-08-07
Madhya Pradesh,Tikamgarh,35,30,25,30,90,120,110,95,90,44,50,205,167,142,149,147,NR,50,200,20,20,35,35,30,35,40,40,45,100,659,58,70,25,85,29,41,20,17,30,20,30,2026-08-07
Madhya Pradesh,Datia,45,38,25,30,82,127,112,98,76,45,58,222,190,161,157,192,124,55,227,27,24,30,37,46,32,45,77,45,92,705,60,87,21,89,42,47,27,16,38,42,55,2026-08-07
Madhya Pradesh,Maihar,40,21,30,30,90,98,102,97,80,46,60,227,198,165,154,187,126,53,205,15,18,30,40,NR,NR,40,NR,45,97,721,58,72,37,97,30,39,35,15,37,25,43,2026-08-07
Madhya Pradesh,Shivpuri,43,40,26,34,83,115,118,111,88,45,60,198,177,157,165,170,162,50,307,17,20,25,31,37,43,47,59,46,82,696,60,79,28,82,37,41,32,24,30,39,43,2026-08-07
Madhya Pradesh,Mandsaur,NR,NR,NR,NR,NR,NR,NR,NR,NR,NR,NR,NR,NR,NR,NR,NR,NR,NR,NR,NR,NR,NR,NR,NR,NR,NR,NR,NR,NR,NR,NR,NR,NR,NR,NR,NR,NR,NR,NR,NR,NR,2026-08-07
Maharashtra,Mumbai,41,38,41,48,93,133,140,130,99,52,60,245,231,207,185,199,157,79,320,32,27,33,38,44,60,57,65,53,113,710,63,94,63,109,77,41,43,17,42,37,53,2026-08-07
Maharashtra,Nagpur,60,42,50,55,98,138,132,120,107,48,67,239,216,168,172,200,141,70,283,27,40,38,60,42,52,52,82,52,110,814,59,102,48,98,41,48,35,21,68,57,81,2026-08-07
Maharashtra,Pune,38,28,43,52,84,101,116,106,84,44,75,208,211,169,172,185,167,60,353,32,31,28,43,40,43,45,37,45,89,551,60,84,57,99,49,50,26,20,42,31,35,2026-08-07
Maharashtra,Nashik,41,41,43,41,90,140,138,114,96,50,60,209,227,190,172,184,143,60,343,29,22,32,47,40,69,49,65,49,101,647,60,77,73,117,63,37,32,17,25,47,42,2026-08-07
Maharashtra,Mangaon-Raigad,66,48,43,49,92,130,135,116,93,53,61,205,227,178,164,198,137,68,373,31,27,35,55,46,57,42,57,47,100,861,62,96,48,117,72,39,48,22,55,44,63,2026-08-07
Maharashtra,Dharni,45,33,30,37,85,121,119,118,92,54,58,222,193,160,181,205,NR,60,322,13,21,28,41,39,29,41,NR,46,95,743,67,89,50,86,39,42,21,19,41,73,48,2026-08-07
Maharashtra,Latur,57,47,46,50,85,127,132,123,85,49,68,211,217,162,165,185,161,63,267,26,27,27,28,38,57,42,70,41,113,773,64,81,73,98,47,42,28,23,45,72,53,2026-08-07
Maharashtra,Akluj,43,41,37,39,84,120,117,112,97,53,60,213,231,178,209,214,186,55,332,30,25,32,34,34,51,39,60,40,90,659,52,57,37,93,52,36,31,12,28,20,31,2026-08-07
Maharashtra,Arni Yavatmal,44,30,34,36,99,123,125,114,90,49,63,192,170,154,144,159,NR,57,300,10,30,40,40,35,32,47,70,55,103,784,55,72,40,99,45,42,20,15,50,35,30,2026-08-07
Maharashtra,Chandrapur,43,44,38,47,89,131,139,120,104,54,61,207,214,220,171,190,NR,70,275,30,22,42,17,52,56,60,55,58,107,683,58,70,25,100,57,43,22,20,58,68,78,2026-08-07
Maharashtra,Karad Satara,71,53,35,48,91,137,134,119,92,55,74,208,188,167,178,194,169,59,293,29,27,32,23,39,41,42,59,42,117,685,61,92,43,121,51,41,29,19,38,42,42,2026-08-07
Maharashtra,Ahemednagar,59,37,44,47,84,120,123,119,99,50,60,175,171,166,169,180,164,54,259,30,22,29,39,29,45,39,44,39,99,580,60,77,49,99,29,44,26,18,25,35,39,2026-08-07
Maharashtra,Khultabad,47,26,33,36,78,111,116,108,85,50,46,184,NR,145,166,173,153,64,320,20,31,31,36,32,41,37,NR,42,86,702,60,81,39,81,32,35,23,16,37,20,38,2026-08-07
Maharashtra,Islampur,43,34,37,47,83,124,131,121,100,51,71,226,206,160,186,197,156,55,419,27,30,29,25,38,40,39,59,43,103,655,60,79,59,103,59,53,36,27,49,47,46,2026-08-07
Maharashtra,Kankavli,45,44,34,51,84,132,131,126,87,51,60,184,200,164,152,172,135,53,373,20,37,25,57,53,47,45,50,46,100,688,56,95,72,77,47,41,37,18,63,30,53,2026-08-07
Maharashtra,Partur,50,NR,31,40,80,121,120,111,88,50,58,203,208,186,176,195,176,59,401,10,29,25,41,31,35,43,NR,47,87,775,NR,84,52,92,40,42,31,15,50,65,49,2026-08-07
Maharashtra,Gondia,55,35,34,38,82,118,119,110,78,53,63,202,213,153,179,190,180,67,260,30,23,35,27,42,48,42,52,42,89,765,61,83,32,100,50,50,29,21,37,45,55,2026-08-07
Maharashtra,Jalgaon,50,27,36,44,90,131,136,116,97,54,66,203,210,180,174,197,186,66,468,31,20,38,42,38,42,55,61,55,99,753,62,86,43,124,60,41,37,20,40,47,48,2026-08-07
Maharashtra,Akola,43,NR,34,46,85,130,118,116,97,49,69,182,210,167,171,184,NR,62,327,30,23,25,40,42,38,50,67,50,103,784,59,82,43,88,42,43,23,16,37,55,45,2026-08-07
Rajasthan,Jaipur,60,38,32,41,91,139,129,115,90,47,55,211,196,180,193,188,136,52,307,15,22,31,36,31,31,49,76,49,88,630,58,84,53,95,44,36,37,17,38,28,38,2026-08-07
Rajasthan,Jodhpur,41,40,32,34,72,95,104,94,72,43,53,216,222,NR,NR,190,NR,51,272,21,23,36,34,28,47,50,52,47,103,672,55,89,25,89,71,31,29,16,42,26,27,2026-08-07
Rajasthan,Kota,60,40,31,35,83,133,126,109,80,50,65,207,203,156,170,209,NR,60,327,24,19,25,40,33,46,51,56,50,88,696,60,81,42,80,35,38,33,19,47,36,35,2026-08-07
Rajasthan,Udaipur,51,40,31,32,76,122,122,117,82,52,50,216,210,188,187,188,189,68,340,29,20,27,55,40,57,40,66,48,87,608,63,80,40,90,44,31,33,14,50,52,42,2026-08-07
Rajasthan,Bharatpur,45,36,28,34,89,123,116,116,91,45,60,238,195,174,183,NR,NR,60,301,30,19,40,38,30,35,45,65,49,90,709,60,86,31,90,40,42,29,14,40,29,42,2026-08-07
Rajasthan,Ajmer,NR,NR,NR,NR,NR,NR,NR,NR,NR,NR,NR,NR,NR,NR,NR,NR,NR,NR,NR,NR,NR,NR,NR,NR,NR,NR,NR,NR,NR,NR,NR,NR,NR,NR,NR,NR,NR,NR,NR,NR,NR,2026-08-07
Rajasthan,Bikaner,54,31,38,42,87,121,121,93,88,49,55,176,176,168,169,164,161,50,247,15,22,20,46,40,49,53,NR,52,82,694,60,90,48,77,32,35,25,21,35,23,41,2026-08-07
Rajasthan,Bundi,41,40,26,34,76,110,110,100,81,47,60,208,188,165,182,220,NR,50,320,12,21,22,20,31,36,40,61,50,90,637,65,80,31,82,37,35,38,16,40,25,35,2026-08-07
Rajasthan,Rajsamand,44,41,31,40,79,119,119,111,93,46,63,182,192,143,148,187,NR,50,302,24,20,35,49,37,44,41,62,47,81,604,53,90,40,80,40,39,31,20,45,25,33,2026-08-07
Rajasthan,Alwar,58,42,31,34,78,122,118,102,88,53,58,232,179,154,159,180,NR,57,301,27,21,40,38,20,39,48,73,48,90,544,56,74,26,90,52,48,29,16,48,32,48,2026-08-07
Rajasthan,Banswara,43,38,38,43,88,137,136,126,99,44,59,239,217,173,184,184,NR,58,223,29,29,40,65,34,35,51,56,55,78,621,58,118,38,87,49,38,38,18,39,45,42,2026-08-07
Rajasthan,Baran,46,34,32,35,87,135,120,110,84,48,53,220,209,148,137,154,126,46,352,24,22,26,44,28,33,42,41,47,89,667,57,67,39,90,36,31,34,11,38,30,32,2026-08-07
Rajasthan,Barmer,50,40,33,35,90,130,110,115,85,45,54,187,209,170,193,209,117,53,300,22,20,23,32,28,35,49,60,53,100,791,58,76,52,90,41,25,31,14,42,32,30,2026-08-07
Rajasthan,Bhilwara,53,39,29,37,93,118,111,99,95,44,55,217,203,157,169,203,181,44,289,20,27,25,34,28,34,42,55,42,74,667,55,73,35,86,34,35,22,20,39,25,40,2026-08-07
Rajasthan,Chhitorgarh,41,40,27,31,81,140,120,106,90,46,56,207,218,165,152,198,146,55,323,21,26,37,58,38,38,46,58,45,76,615,62,74,46,85,42,37,34,20,43,45,42,2026-08-07
Rajasthan,Churu,45,34,30,33,85,115,110,100,90,45,44,225,197,159,NR,230,153,50,280,20,18,25,50,24,32,40,50,40,90,747,80,72,25,100,50,35,35,20,40,30,30,2026-08-07
Rajasthan,Dholapur,44,34,31,35,83,123,119,108,89,46,65,213,NR,175,173,NR,NR,58,270,20,24,35,33,28,36,40,44,43,91,747,60,98,40,86,39,39,29,16,45,42,55,2026-08-07
Rajasthan,Dungarpur,41,37,36,35,89,124,116,113,94,47,55,NR,181,169,174,172,161,46,269,27,25,43,51,47,38,45,75,55,82,616,63,96,53,77,37,43,37,25,46,27,34,2026-08-07
Rajasthan,Hanumangarh,38,33,27,35,74,122,123,123,111,47,50,245,200,204,145,151,NR,46,310,17,34,40,47,33,46,53,73,56,84,672,60,76,36,108,57,45,22,18,50,42,57,2026-08-07
Rajasthan,Jaisalmer,40,NR,33,35,81,109,118,99,81,45,60,211,205,141,146,189,NR,51,253,20,20,25,32,30,33,45,64,47,93,652,62,120,33,84,41,30,24,13,37,30,44,2026-08-07
Rajasthan,Jalore,NR,NR,NR,NR,NR,NR,NR,NR,NR,NR,NR,NR,NR,NR,NR,NR,NR,NR,NR,NR,NR,NR,NR,NR,NR,NR,NR,NR,NR,NR,NR,NR,NR,NR,NR,NR,NR,NR,NR,NR,NR,2026-08-07
Rajasthan,Jhalawar,45,41,25,32,85,129,118,100,88,45,59,188,176,159,176,181,170,52,298,19,22,24,37,30,34,41,50,42,85,703,58,80,31,81,30,39,32,17,38,21,34,2026-08-07
Rajasthan,Jhunjhunu,42,NR,29,34,82,125,122,NR,92,NR,57,NR,NR,NR,NR,NR,NR,62,NR,NR,20,30,40,NR,NR,NR,NR,NR,NR,NR,NR,NR,NR,NR,NR,NR,NR,NR,NR,NR,NR,2026-08-07
Rajasthan,Karauli,47,40,25,32,104,145,130,118,105,46,51,217,203,197,190,233,191,43,342,20,20,41,43,26,NR,52,48,56,111,633,63,96,40,95,38,45,22,18,41,23,37,2026-08-07
Rajasthan,Nagaur,51,36,38,42,90,125,126,90,90,43,57,177,176,166,164,163,153,51,310,21,23,31,44,35,47,53,NR,51,86,689,60,90,49,78,31,35,26,21,35,22,45,2026-08-07
Rajasthan,Pali,NR,NR,NR,NR,NR,NR,NR,NR,NR,NR,NR,NR,NR,NR,NR,NR,NR,NR,NR,NR,NR,NR,NR,NR,NR,NR,NR,NR,NR,NR,NR,NR,NR,NR,NR,NR,NR,NR,NR,NR,NR,2026-08-07
Rajasthan,RJ-Pratapgarh,NR,NR,NR,NR,NR,NR,NR,NR,NR,NR,NR,NR,NR,NR,NR,NR,NR,NR,NR,NR,NR,NR,NR,NR,NR,NR,NR,NR,NR,NR,NR,NR,NR,NR,NR,NR,NR,NR,NR,NR,NR,2026-08-07
Rajasthan,Sikar,45,30,31,35,85,137,116,120,95,45,53,229,199,165,143,165,NR,55,236,29,25,30,30,21,24,53,70,66,102,514,52,61,22,80,32,33,25,17,40,50,48,2026-08-07
Rajasthan,Sirohi,42,40,28,34,74,109,122,100,76,50,52,207,156,NR,159,NR,NR,49,253,17,20,26,38,27,NR,45,NR,47,95,626,59,97,45,87,43,30,31,13,45,30,28,2026-08-07
Rajasthan,Sri Ganganagar,43,35,31,35,88,118,110,110,97,45,51,214,189,168,165,165,146,49,313,15,15,39,40,38,39,39,80,39,93,NR,49,80,25,NR,30,30,34,NR,42,20,30,2026-08-07
Rajasthan,Tonk,57,36,29,36,85,129,117,107,94,49,71,236,205,141,162,177,146,60,283,20,25,45,42,25,46,42,54,55,91,579,67,82,41,96,49,40,33,21,45,53,50,2026-08-07
Rajasthan,Sawai Madhopur,55,34,29,33,86,130,120,116,96,48,61,224,179,162,161,159,159,56,310,27,20,34,39,27,33,50,50,49,103,626,62,79,36,90,50,46,28,15,43,37,42,2026-08-07
EAST ZONE,EAST ZONE,,,,,,,,,,,,,,,,,,,,,,,,,,,,,,,,,,,,,,,,,,2026-08-07
Bihar,Patna,45,28,28,32,83,117,128,100,80,53,61,NR,197,165,195,201,175,55,333,26,27,35,38,NR,NR,35,NR,36,102,604,56,100,38,110,53,53,34,20,40,35,40,2026-08-07
Bihar,Bhagalpur,39,23,28,32,76,122,114,99,75,49,59,NR,188,147,155,173,131,51,320,28,16,36,41,49,61,34,NR,35,104,635,54,84,40,96,29,34,21,18,NR,27,36,2026-08-07
Bihar,Purnia,38,NR,32,34,74,112,120,102,77,51,59,NR,197,153,186,NR,164,54,324,18,15,28,50,68,58,38,58,47,108,743,53,88,40,118,38,40,28,14,50,28,23,2026-08-07
Bihar,Darbhanga,40,NR,30,40,79,100,119,106,86,51,57,NR,209,197,179,NR,131,58,193,28,14,33,44,54,54,33,43,35,108,681,60,84,40,89,37,35,29,17,59,35,45,2026-08-07
Bihar,Gaya,33,25,27,38,82,123,109,109,81,45,60,NR,201,169,145,150,120,57,340,25,19,28,40,NR,NR,35,NR,39,110,680,59,91,30,84,33,37,23,16,48,28,27,2026-08-07
Bihar,Muzzafarpur,41,25,27,32,81,123,122,111,82,49,61,NR,196,159,163,219,128,46,294,23,16,34,39,45,46,36,51,34,101,606,56,85,34,86,39,38,26,16,44,29,27,2026-08-07
Bihar,Saran,45,27,24,38,81,111,107,108,81,49,62,NR,203,200,200,215,NR,53,302,27,17,32,31,41,64,39,63,38,107,742,63,72,43,81,35,34,29,18,42,25,28,2026-08-07
Bihar,Munger,36,NR,27,32,91,131,108,118,79,47,61,NR,187,183,185,181,163,48,257,28,14,30,23,NR,NR,34,NR,40,100,584,60,79,29,92,46,40,39,16,50,20,31,2026-08-07
Bihar,Saharsa,48,NR,27,29,77,113,115,110,75,47,61,NR,188,NR,190,NR,NR,50,280,29,11,22,48,NR,NR,39,NR,37,93,710,55,74,40,95,52,47,37,11,40,28,29,2026-08-07
Bihar,Madhubani,37,21,30,35,84,125,109,99,83,47,55,206,166,161,156,173,128,47,280,28,21,29,31,NR,NR,33,48,35,101,615,57,71,32,82,32,31,23,12,50,26,27,2026-08-07
Bihar,Rohtas (Sasaram),37,23,38,43,81,112,119,91,81,52,69,199,208,169,185,230,181,62,236,34,18,35,31,43,58,33,52,35,94,745,58,84,49,87,44,29,27,15,62,47,45,2026-08-07
Bihar,Motihari,NR,NR,NR,NR,NR,NR,NR,NR,NR,NR,NR,NR,NR,NR,NR,NR,NR,NR,NR,NR,NR,NR,NR,NR,NR,NR,NR,NR,NR,NR,NR,NR,NR,NR,NR,NR,NR,NR,NR,NR,NR,2026-08-07
Bihar,Samastipur,46,23,25,35,80,113,116,114,80,45,60,NR,190,137,132,NR,133,52,315,30,13,29,NR,30,39,38,73,47,97,713,67,92,36,80,34,72,25,10,38,28,28,2026-08-07
Bihar,Katihar,46,29,28,30,72,117,127,97,76,46,61,NR,181,135,152,170,NR,56,311,19,15,29,33,NR,NR,33,NR,31,107,668,64,77,33,89,42,49,25,12,NR,26,26,2026-08-07
Bihar,Araria,37,NR,31,35,77,128,130,117,82,49,61,277,195,162,141,195,130,58,335,29,19,34,49,50,50,39,80,39,101,632,62,95,52,82,44,34,24,11,55,28,28,2026-08-07
Bihar,Nawada,31,19,26,33,79,133,128,113,79,49,59,NR,194,152,181,NR,130,54,222,28,17,30,53,39,35,32,53,36,102,722,58,63,73,81,35,31,22,11,63,23,23,2026-08-07
Bihar,Khagaria,44,25,28,34,80,103,123,112,84,47,42,NR,189,151,170,NR,170,42,385,29,15,21,53,NR,NR,40,NR,40,115,604,50,78,32,90,26,50,30,16,33,20,40,2026-08-07
Bihar,Banka,37,19,27,36,80,120,112,106,75,48,57,NR,203,164,170,192,127,52,280,13,15,28,43,40,39,36,NR,39,99,640,52,80,42,80,36,40,30,10,40,30,33,2026-08-07
Bihar,Arwal,38,26,25,35,81,130,130,97,85,48,59,NR,211,165,173,187,143,56,232,28,24,27,35,NR,NR,35,NR,37,93,748,58,89,39,80,33,35,25,19,48,27,32,2026-08-07
Bihar,Aurangabad,33,24,29,33,81,122,122,90,79,47,55,220,198,188,154,156,119,56,210,24,17,38,50,50,NR,35,NR,38,102,769,58,79,44,84,36,33,30,17,52,21,25,2026-08-07
Bihar,Begusarai,36,36,30,35,77,117,117,107,77,48,60,246,188,158,144,188,123,55,266,28,12,34,38,53,43,35,52,38,108,625,58,79,39,96,34,33,21,17,36,34,43,2026-08-07
Bihar,Bhojpur Ara,47,20,30,34,78,118,120,109,81,51,57,245,183,158,154,186,NR,59,353,30,21,34,42,NR,NR,35,NR,37,104,681,60,84,42,84,50,40,25,10,47,48,35,2026-08-07
Bihar,Buxar,33,23,26,33,84,115,117,119,89,51,58,202,197,175,169,198,124,59,258,29,16,36,32,37,55,34,73,41,90,773,49,95,39,87,47,35,31,19,32,46,30,2026-08-07
Bihar,Gopalganj,NR,NR,NR,NR,NR,NR,NR,NR,NR,NR,NR,NR,NR,NR,NR,NR,NR,NR,NR,NR,NR,NR,NR,NR,NR,NR,NR,NR,NR,NR,NR,NR,NR,NR,NR,NR,NR,NR,NR,NR,NR,2026-08-07
Bihar,Jamui,NR,NR,NR,NR,NR,NR,NR,NR,NR,NR,NR,NR,NR,NR,NR,NR,NR,NR,NR,NR,NR,NR,NR,NR,NR,NR,NR,NR,NR,NR,NR,NR,NR,NR,NR,NR,NR,NR,NR,NR,NR,2026-08-07
Bihar,Jehanabad,31,23,28,34,79,123,118,112,78,51,56,NR,207,179,185,NR,NR,55,243,29,15,28,34,NR,NR,39,NR,41,91,663,57,100,25,82,43,43,22,13,57,24,30,2026-08-07
Bihar,Kaimur,38,18,26,32,79,117,117,114,79,49,60,NR,194,174,167,193,130,52,212,20,12,38,32,32,31,34,NR,39,88,714,60,85,38,82,33,33,27,15,53,26,28,2026-08-07
Bihar,Kishanganj,40,22,26,37,80,125,120,110,91,51,65,189,172,172,149,202,131,66,300,26,20,39,50,38,55,37,80,49,102,659,65,80,49,95,44,30,28,19,62,39,36,2026-08-07
Bihar,Lakhisarai,40,25,30,40,83,113,120,118,88,49,59,NR,199,167,170,NR,156,53,298,27,16,32,42,50,60,45,44,40,110,754,60,96,37,85,35,40,27,15,40,23,23,2026-08-07
Bihar,Medhepura,39,NR,27,37,73,114,125,92,75,49,59,NR,197,157,192,190,134,45,283,23,16,30,43,NR,NR,36,NR,36,91,722,58,108,44,89,36,36,28,15,46,36,36,2026-08-07
Bihar,Nalanda,31,19,29,33,73,113,115,105,75,45,63,NR,202,179,164,189,NR,53,320,30,18,24,36,60,59,33,61,36,87,672,57,86,34,79,28,33,20,15,50,31,21,2026-08-07
Bihar,Sheikhpura,35,26,28,39,89,118,112,111,82,50,56,NR,222,181,204,202,165,56,285,27,18,27,47,40,NR,38,51,40,110,640,58,80,25,95,30,30,41,13,35,NR,25,2026-08-07
Bihar,Sheohar,49,24,28,37,83,122,120,105,80,50,59,172,211,162,170,202,122,57,232,26,21,35,41,50,53,41,37,40,117,736,63,75,25,80,35,35,25,15,54,26,25,2026-08-07
Bihar,Sitamarhi,34,21,25,29,76,123,126,108,83,46,58,NR,185,176,163,170,130,56,233,29,21,33,30,53,53,33,48,33,108,794,59,94,38,79,37,35,25,13,43,23,28,2026-08-07
Bihar,Siwan,35,26,27,30,76,113,96,86,74,52,57,267,200,183,189,194,178,53,202,27,13,28,30,47,44,31,49,32,88,709,61,66,29,80,34,41,29,14,51,25,26,2026-08-07
Bihar,Supaul,35,24,27,32,77,115,119,98,77,47,55,NR,186,163,185,NR,178,60,NR,13,12,23,43,NR,NR,36,NR,36,124,586,54,90,33,79,NR,56,35,15,55,25,22,2026-08-07
Bihar,Vaishali,36,25,29,34,79,114,117,100,75,52,53,209,192,148,187,209,159,60,207,29,17,35,40,49,49,35,42,40,90,769,55,84,40,80,33,32,25,13,37,45,35,2026-08-07
Bihar,West Champaran,37,27,29,35,82,116,117,109,83,45,56,202,186,175,153,176,NR,47,260,20,22,29,39,35,41,33,45,39,105,567,54,76,39,90,47,50,27,17,47,24,21,2026-08-07
Jharkhand,Ranchi,43,27,36,35,81,122,120,111,80,51,60,236,196,156,183,196,132,63,210,29,20,37,42,35,40,37,40,43,101,648,60,87,40,90,42,42,32,15,50,50,48,2026-08-07
Jharkhand,Gumla,40,23,27,36,82,108,106,92,83,48,55,209,195,187,137,154,121,53,200,15,16,25,40,34,68,35,50,42,100,676,63,78,55,90,40,30,23,15,50,28,38,2026-08-07
Jharkhand,Sahibganj,37,25,30,34,88,120,132,105,83,50,62,192,203,192,187,187,143,65,350,20,15,40,45,56,48,38,60,53,95,593,60,80,40,90,55,36,30,14,40,45,40,2026-08-07
Jharkhand,Bokaro,38,30,35,37,86,132,114,110,83,48,57,NR,182,170,164,182,144,56,322,28,23,30,35,NR,NR,33,NR,40,100,709,57,89,43,81,28,41,25,13,60,NR,NR,2026-08-07
Jharkhand,Lohardaga,37,27,31,36,85,102,125,110,80,45,61,NR,200,165,163,223,126,44,203,26,20,46,38,NR,NR,38,35,40,90,674,56,73,25,80,42,30,27,11,38,41,23,2026-08-07
Jharkhand,Simdega,42,25,32,40,88,120,115,100,86,52,64,181,187,152,164,154,149,48,245,22,20,42,40,43,NR,46,60,48,98,665,61,79,45,90,39,36,26,22,50,25,42,2026-08-07
Jharkhand,Dhanbad,39,30,34,36,80,119,123,111,80,50,59,251,207,161,165,187,139,60,245,28,16,38,41,38,52,37,54,46,92,784,59,91,47,90,47,39,34,18,51,48,40,2026-08-07
Jharkhand,Jamshedpur (East Singbhum),46,28,39,40,113,135,130,120,100,NR,NR,231,192,165,154,170,121,NR,NR,NR,NR,NR,NR,NR,NR,NR,NR,NR,NR,NR,NR,NR,NR,NR,NR,NR,NR,NR,NR,NR,NR,2026-08-07
Jharkhand,Giridhi,34,20,33,36,81,109,102,105,75,44,55,NR,198,169,166,190,120,49,300,19,22,32,42,40,35,42,39,45,87,637,60,84,55,99,29,40,25,16,51,35,47,2026-08-07
Jharkhand,Seraikella,35,26,31,40,82,125,117,106,74,51,60,188,186,159,158,166,122,53,207,28,15,33,38,37,NR,44,NR,44,92,600,60,76,32,80,33,31,25,15,50,28,35,2026-08-07
Jharkhand,West Singhbhum,37,24,31,36,82,123,118,110,79,48,60,207,206,195,174,199,140,56,236,28,16,25,31,42,49,35,47,36,94,646,60,88,43,81,32,32,25,11,53,35,38,2026-08-07
Jharkhand,Daltonganj,38,26,27,36,82,103,118,100,82,47,60,NR,187,154,166,NR,138,60,307,30,16,35,32,NR,NR,48,62,48,117,702,69,97,50,98,42,41,27,18,40,61,59,2026-08-07
Jharkhand,Deoghar,40,18,32,35,80,110,120,110,100,48,60,176,186,176,148,176,132,60,300,25,15,40,40,50,50,40,60,50,90,769,60,90,30,80,40,35,25,15,40,40,40,2026-08-07
Jharkhand,Ramgarh,40,23,37,39,NR,127,118,102,79,49,58,NR,192,159,184,199,157,46,279,25,23,31,40,NR,NR,31,NR,40,108,615,58,86,29,83,28,30,25,12,42,17,25,2026-08-07
Jharkhand,Pakur,36,26,38,42,83,128,120,93,81,52,63,214,201,176,165,202,154,67,343,20,15,38,47,34,41,48,51,60,100,637,59,106,60,97,40,35,30,15,50,57,30,2026-08-07
Jharkhand,Jamtara,41,25,29,35,86,119,120,116,87,54,59,271,202,164,172,189,157,62,285,29,15,38,42,60,72,34,60,52,87,734,57,85,52,87,45,32,29,13,53,47,48,2026-08-07
Jharkhand,Latehar,43,25,29,38,84,128,125,109,81,51,60,175,197,159,159,NR,126,52,188,30,26,31,41,NR,NR,36,NR,54,108,731,62,88,37,81,45,45,29,11,43,26,26,2026-08-07
Jharkhand,Godda,40,26,30,39,80,120,120,103,82,48,64,198,198,165,165,187,132,50,400,29,15,40,45,NR,NR,40,NR,47,97,709,61,92,40,100,37,35,25,15,60,40,38,2026-08-07
Jharkhand,Koderma,41,23,31,36,89,121,127,100,80,55,63,208,203,159,169,192,126,60,197,29,20,40,42,NR,NR,37,NR,38,89,741,60,100,54,87,45,40,27,15,56,59,50,2026-08-07
Odisha,Bhubaneshwar,NR,NR,NR,NR,NR,NR,NR,NR,NR,NR,NR,NR,NR,NR,NR,NR,NR,NR,NR,NR,NR,NR,NR,NR,NR,NR,NR,NR,NR,NR,NR,NR,NR,NR,NR,NR,NR,NR,NR,NR,NR,2026-08-07
Odisha,Cuttack,40,32,37,46,81,115,125,111,81,57,58,NR,210,154,NR,195,170,60,257,30,15,38,33,41,44,39,55,41,93,740,57,92,62,91,41,35,26,14,55,53,53,2026-08-07
Odisha,Sambalpur,40,30,36,45,82,115,122,100,78,56,58,NR,209,148,NR,198,171,60,240,30,15,35,30,40,40,37,60,38,90,769,NR,90,50,90,45,35,30,16,60,50,50,2026-08-07
Odisha,Rourkela,36,27,36,38,81,117,121,99,77,53,58,NR,210,150,169,198,168,61,190,29,16,34,30,35,36,39,45,40,91,529,56,100,60,88,45,33,30,15,52,48,57,2026-08-07
Odisha,Berhampur,44,31,35,37,79,111,130,102,73,56,58,NR,206,168,NR,198,167,55,245,21,16,34,28,NR,NR,38,49,46,87,716,53,91,60,84,44,45,29,16,49,41,45,2026-08-07
Odisha,Jeypore,45,35,38,36,82,110,122,105,82,52,58,181,203,156,NR,202,169,56,240,29,16,36,40,40,40,38,45,42,80,813,65,80,60,75,35,35,25,12,50,50,60,2026-08-07
Odisha,Balasore,38,27,41,45,82,115,116,96,75,51,58,NR,209,180,NR,197,172,59,240,28,13,37,38,NR,NR,42,NR,43,93,617,56,96,75,93,41,40,30,12,45,35,50,2026-08-07
Odisha,Baripada,38,27,34,42,84,119,118,99,75,55,58,NR,198,185,NR,190,170,65,239,29,15,37,32,35,NR,51,48,51,98,706,57,91,74,101,43,36,31,14,61,51,47,2026-08-07
Odisha,Balangir,32,26,38,40,85,120,122,100,80,54,58,NR,211,143,NR,198,171,65,NR,30,18,35,30,NR,NR,43,NR,50,100,769,57,84,58,90,40,35,30,18,40,55,55,2026-08-07
Odisha,Angul,37,NR,NR,48,87,133,113,122,90,53,64,NR,213,176,NR,197,NR,59,NR,29,16,37,23,43,55,42,50,43,105,NR,61,100,49,87,60,34,29,15,60,40,28,2026-08-07
Odisha,Boudhgarh,NR,NR,NR,NR,NR,NR,NR,NR,NR,NR,NR,NR,NR,NR,NR,NR,NR,NR,NR,NR,NR,NR,NR,NR,NR,NR,NR,NR,NR,NR,NR,NR,NR,NR,NR,NR,NR,NR,NR,NR,NR,2026-08-07
Odisha,Dhenkanal,36,31,35,40,79,117,115,100,75,55,58,NR,209,154,NR,196,154,62,280,29,15,38,40,50,NR,39,50,44,90,710,58,90,50,83,40,30,20,12,50,45,50,2026-08-07
Odisha,Jagatsinghpur,40,35,40,42,80,120,120,108,85,57,58,NR,203,187,NR,192,121,60,240,30,15,38,40,NR,NR,38,NR,42,102,NR,58,90,70,84,40,32,21,16,60,55,55,2026-08-07
Odisha,Kandhamal,36,NR,43,49,78,131,123,115,79,48,54,159,202,173,NR,190,137,59,NR,30,18,34,30,NR,NR,45,47,45,93,709,59,75,47,90,35,32,27,10,40,22,48,2026-08-07
Odisha,Keonjhar,40,31,40,54,89,123,124,111,77,55,58,NR,203,137,NR,187,126,59,NR,30,15,37,35,40,40,40,60,43,105,736,58,96,67,90,40,35,25,15,50,40,47,2026-08-07
Odisha,Malkangiri,44,NR,35,40,87,113,115,108,80,46,55,NR,198,154,155,176,140,55,377,22,21,23,18,NR,NR,38,35,38,73,769,55,72,30,80,35,40,22,14,50,30,40,2026-08-07
Odisha,Nabarangpur,NR,NR,NR,NR,NR,NR,NR,NR,NR,NR,NR,NR,NR,NR,NR,NR,NR,NR,NR,NR,NR,NR,NR,40,50,40,50,40,120,736,60,96,40,100,33,40,28,22,70,35,40,2026-08-07
Odisha,Nayagarh,40,NR,NR,43,83,117,120,113,85,46,54,NR,205,176,NR,193,167,63,NR,27,15,35,38,NR,NR,38,44,42,85,687,59,93,60,85,34,41,24,14,48,40,42,2026-08-07
Odisha,Nuapada,45,40,35,50,90,120,110,120,80,45,54,NR,209,165,NR,187,143,55,240,30,25,30,40,NR,NR,45,40,48,80,769,60,84,30,90,30,30,24,18,50,20,30,2026-08-07
Odisha,Paralakhemundi Gajapati,53,39,44,42,85,122,127,114,85,50,NR,200,203,162,155,186,140,59,317,29,20,35,35,60,64,45,60,47,66,791,60,90,46,90,49,41,30,15,60,40,44,2026-08-07
Odisha,Puri,40,32,NR,43,82,117,123,106,88,53,59,NR,203,164,NR,194,152,58,276,27,16,36,38,NR,NR,42,NR,44,95,692,58,85,57,86,40,39,27,16,54,34,40,2026-08-07
Odisha,Rayagada,45,NR,41,50,85,120,130,111,80,55,60,209,208,157,NR,198,140,61,NR,30,19,38,30,NR,NR,45,40,49,80,690,58,96,50,82,34,35,26,13,50,42,47,2026-08-07
Odisha,Sonepur,35,NR,NR,42,88,130,120,110,80,53,56,NR,220,154,NR,203,123,60,NR,10,15,35,30,NR,NR,44,NR,50,100,824,58,108,53,100,48,30,30,20,45,58,45,2026-08-07
Odisha,Bhadrak,35,26,NR,42,85,122,125,120,82,55,65,NR,216,183,NR,199,154,60,330,28,14,34,30,45,NR,38,60,40,85,769,58,85,55,82,40,30,26,15,50,42,35,2026-08-07
Odisha,Jharsuguda,NR,NR,NR,NR,NR,NR,NR,NR,NR,NR,NR,NR,NR,NR,NR,NR,NR,NR,NR,NR,NR,NR,NR,NR,NR,NR,NR,NR,NR,NR,NR,NR,NR,NR,NR,NR,NR,NR,NR,NR,NR,2026-08-07
Odisha,Kendrapara,38,31,38,46,84,NR,109,105,81,52,58,NR,202,155,NR,192,160,57,285,29,12,35,30,NR,NR,42,56,43,87,708,61,96,60,82,28,38,25,15,54,28,44,2026-08-07
Odisha,Jajpur,36,31,40,49,82,122,114,102,81,55,56,NR,199,185,NR,197,121,57,NR,29,13,35,30,NR,NR,36,NR,45,100,714,59,94,63,85,39,29,29,13,51,45,45,2026-08-07
Odisha,Kalahandi,43,29,37,48,85,120,118,110,86,55,54,NR,203,163,NR,192,133,55,430,30,19,38,32,NR,NR,40,39,50,83,753,NR,96,37,84,37,33,29,13,42,26,38,2026-08-07
West Bengal,Kolkata,57,NR,NR,40,83,121,132,115,117,56,59,NR,207,179,158,192,123,72,287,30,15,40,37,NR,NR,40,NR,45,103,747,63,92,77,83,50,30,30,20,60,55,60,2026-08-07
West Bengal,Siliguri,44,NR,31,41,85,124,126,120,118,49,59,NR,190,NR,157,176,NR,68,227,24,22,41,58,NR,NR,39,NR,54,95,718,59,98,65,86,40,35,22,17,49,45,53,2026-08-07
West Bengal,Purulia,37,NR,NR,35,84,122,121,113,98,47,61,NR,194,155,145,183,NR,58,282,27,12,37,45,NR,NR,37,NR,58,96,679,61,95,68,81,29,41,31,15,37,48,47,2026-08-07
West Bengal,Kharagpur,55,NR,33,37,80,127,122,108,105,56,63,199,204,NR,143,192,123,63,278,30,15,39,47,NR,NR,37,NR,39,110,703,57,96,48,90,41,44,29,18,60,70,68,2026-08-07
West Bengal,Rampurhat,50,NR,33,45,85,123,126,119,115,45,57,NR,188,NR,158,177,129,55,300,25,15,37,45,NR,NR,41,NR,51,81,690,63,94,58,92,39,35,35,16,39,40,49,2026-08-07
West Bengal,Malda,51,NR,30,41,103,138,122,120,117,55,60,NR,210,NR,154,196,130,65,317,20,16,30,30,NR,NR,40,NR,64,98,593,63,80,29,94,38,31,30,16,60,27,33,2026-08-07
West Bengal,Raiganj,60,29,29,48,105,133,140,115,125,47,61,NR,199,151,174,214,130,60,300,15,12,38,50,NR,NR,35,NR,52,115,666,61,93,52,120,50,30,34,16,62,50,50,2026-08-07
West Bengal,Alipurduar,45,NR,NR,47,90,121,124,113,115,50,69,NR,203,NR,170,186,137,60,242,10,10,39,35,NR,NR,40,NR,45,81,655,60,90,40,95,35,35,25,17,49,25,35,2026-08-07
West Bengal,Asansol,51,NR,NR,37,85,129,125,120,99,51,68,NR,190,153,157,187,121,60,297,30,14,40,40,NR,NR,37,NR,47,100,811,60,92,60,92,50,39,30,15,43,48,50,2026-08-07
West Bengal,Balurghat,51,29,27,38,85,125,125,108,100,49,72,NR,194,NR,153,178,142,46,351,28,16,27,48,NR,NR,52,NR,58,100,700,58,92,48,100,40,33,31,15,60,38,47,2026-08-07
West Bengal,Bankura,38,NR,NR,35,88,122,126,118,113,52,62,NR,197,NR,148,186,133,61,300,28,15,33,43,NR,NR,36,NR,59,93,620,61,95,68,85,35,39,29,15,48,48,57,2026-08-07
West Bengal,Barasat,54,NR,NR,37,90,122,119,121,115,50,59,NR,196,169,162,175,138,65,350,29,15,31,40,NR,NR,38,NR,57,72,635,60,96,65,89,39,33,26,17,45,45,50,2026-08-07
West Bengal,Bardhaman,51,29,NR,38,89,122,128,119,109,53,60,237,200,159,143,192,141,69,318,30,12,35,32,NR,NR,37,NR,45,93,768,61,86,60,90,50,30,29,15,54,42,44,2026-08-07
West Bengal,Baruipur,46,35,NR,43,87,130,120,139,107,47,59,NR,202,199,178,187,NR,57,300,29,24,38,47,NR,NR,44,NR,49,102,731,60,96,56,81,50,40,27,15,50,50,60,2026-08-07
West Bengal,Berhampore,46,23,26,40,83,122,112,113,107,55,63,NR,191,158,170,201,170,59,303,24,15,38,45,NR,NR,41,NR,61,71,608,60,84,78,98,35,34,29,15,42,57,47,2026-08-07
West Bengal,Chinsurah,55,NR,NR,38,89,122,126,119,115,50,60,NR,192,152,147,181,NR,62,301,30,9,32,39,NR,NR,36,NR,57,86,618,58,95,60,89,41,36,32,16,55,49,50,2026-08-07
West Bengal,Cooch behar,51,NR,NR,42,93,120,120,117,128,55,55,NR,203,150,179,174,176,73,292,30,15,43,40,NR,NR,41,NR,52,93,732,60,83,45,87,41,35,30,15,77,43,40,2026-08-07
West Bengal,Howrah,56,NR,NR,37,92,125,121,118,113,49,62,NR,196,191,170,199,NR,64,273,30,17,35,38,NR,NR,NR,NR,56,107,731,61,94,77,101,35,35,33,15,52,42,47,2026-08-07
West Bengal,Jalapiguri,39,NR,NR,47,88,134,130,111,114,53,81,NR,199,145,167,201,148,68,300,30,15,45,63,NR,NR,38,NR,60,89,688,61,96,67,93,47,34,30,15,71,50,53,2026-08-07
West Bengal,Jhargram,42,NR,NR,37,88,122,125,116,112,50,61,NR,199,153,143,188,NR,59,289,28,13,32,41,NR,NR,38,NR,58,90,678,59,91,51,85,36,37,26,15,47,47,54,2026-08-07
West Bengal,Kalimpong,NR,NR,NR,NR,NR,NR,NR,NR,NR,NR,NR,NR,NR,NR,NR,NR,NR,NR,NR,NR,NR,NR,NR,NR,NR,45,42,40,98,714,NR,85,58,105,71,50,30,19,45,NR,40,2026-08-07
West Bengal,Krishnagar,53,NR,NR,39,94,124,119,127,116,50,58,NR,199,NR,162,184,NR,59,387,29,14,42,53,NR,NR,38,NR,62,81,613,59,84,70,97,39,34,29,16,48,42,52,2026-08-07
West Bengal,Tamluk,39,29,NR,36,88,124,120,120,122,51,59,NR,188,NR,159,192,NR,59,307,28,15,40,47,NR,NR,39,NR,60,88,718,59,96,78,92,48,33,31,15,50,58,67,2026-08-07
NORTH EAST ZONE,NORTH EAST ZONE,,,,,,,,,,,,,,,,,,,,,,,,,,,,,,,,,,,,,,,,,,2026-08-07
Andaman and Nicobar,Port Blair,60,NR,NR,62,100,140,133,113,100,60,72,NR,226,209,NR,198,176,80,330,24,40,63,80,60,55,60,85,85,145,747,60,99,175,98,50,45,35,16,80,73,65,2026-08-07
Andaman and Nicobar,Mayabunder,52,NR,NR,70,100,135,142,123,100,59,77,310,200,227,NR,187,176,77,365,21,50,70,100,NR,NR,63,93,92,132,802,61,120,130,100,48,36,38,15,40,100,95,2026-08-07
Andaman and Nicobar,Car Nicobar,54,NR,NR,71,122,154,155,131,101,55,73,279,NR,220,NR,214,148,78,323,20,40,50,90,NR,NR,70,64,82,119,930,60,108,NR,94,43,47,38,22,78,100,100,2026-08-07
Arunachal pradesh,Itanagar,39,37,40,41,96,136,140,122,90,50,74,NR,212,155,157,207,NR,77,400,16,24,40,51,NR,30,42,60,52,92,714,58,90,51,85,60,46,33,17,69,43,56,2026-08-07
Arunachal pradesh,Namsai,NR,NR,NR,NR,NR,NR,NR,NR,NR,NR,NR,NR,NR,NR,NR,NR,NR,NR,NR,NR,NR,NR,NR,NR,NR,NR,NR,NR,NR,NR,NR,NR,NR,NR,NR,NR,NR,NR,NR,NR,NR,2026-08-07
Arunachal pradesh,Pasighat,53,NR,NR,50,93,113,97,93,113,60,80,176,238,172,180,187,NR,90,400,20,20,50,80,NR,NR,50,NR,57,83,723,59,100,60,100,70,78,43,15,60,48,67,2026-08-07
Arunachal pradesh,Tawang,45,NR,45,45,100,NR,140,137,98,57,73,NR,236,182,NR,165,NR,100,340,20,42,50,65,NR,NR,42,NR,53,93,684,57,112,70,98,28,83,30,28,73,31,43,2026-08-07
Arunachal pradesh,Tezu,38,NR,NR,40,90,130,140,120,90,60,70,NR,154,NR,154,NR,NR,100,300,15,20,40,80,NR,NR,40,NR,70,100,824,65,108,60,80,60,40,30,20,40,20,50,2026-08-07
Assam,Guwahati,35,30,33,37,75,111,95,97,81,55,71,216,218,188,176,203,165,60,220,13,17,43,63,NR,NR,45,NR,47,NR,NR,NR,96,50,NR,40,NR,22,19,76,40,40,2026-08-07
Assam,Barpeta,35,25,39,35,79,112,96,100,81,54,74,197,221,139,159,195,163,59,153,10,17,38,47,50,43,38,97,52,83,736,63,88,40,83,34,33,27,18,58,25,26,2026-08-07
Assam,Tinsukia,34,40,32,38,88,128,100,100,85,56,77,NR,225,198,209,198,NR,65,190,11,13,40,40,NR,NR,44,NR,44,95,791,64,102,40,80,50,35,30,20,40,30,48,2026-08-07
Assam,Dhubri,34,25,NR,35,81,130,NR,106,83,55,77,NR,231,163,154,176,126,65,180,12,15,35,40,50,65,37,65,50,110,747,63,90,30,70,30,40,25,15,50,35,30,2026-08-07
Assam,Goalpara,35,25,32,35,85,130,130,109,95,55,63,NR,209,161,165,181,NR,61,212,10,15,40,55,NR,NR,36,NR,53,97,787,63,96,40,95,38,32,31,18,60,35,35,2026-08-07
Assam,Golaghat,47,36,34,42,90,120,90,110,105,55,67,159,209,161,159,174,157,78,240,14,16,38,40,NR,NR,41,NR,59,NR,NR,NR,94,48,71,45,NR,26,16,65,27,43,2026-08-07
Assam,Mangaldai,44,23,33,33,78,108,95,100,84,56,70,NR,200,142,NR,NR,160,60,260,11,16,43,40,NR,NR,35,NR,34,NR,NR,NR,96,33,NR,NR,NR,30,17,65,23,40,2026-08-07
Assam,Mushalpur,39,27,40,37,85,117,111,111,89,55,75,NR,225,149,196,195,137,52,269,10,15,42,57,NR,NR,39,NR,50,82,831,60,101,39,96,29,NR,29,26,59,40,40,2026-08-07
Assam,Udalguri,37,25,NR,37,83,117,96,112,87,51,77,NR,215,NR,160,188,145,58,272,10,11,37,51,NR,NR,39,NR,40,75,687,NR,95,37,80,42,NR,21,13,53,30,40,2026-08-07
Assam,Bajali,34,NR,33,40,87,118,102,113,93,54,78,164,219,NR,159,205,137,67,363,10,17,45,43,NR,NR,36,104,45,85,795,62,104,35,87,61,60,32,25,70,33,40,2026-08-07
Assam,Hojai,33,29,NR,40,80,112,98,94,80,55,62,NR,197,151,152,184,162,67,260,12,15,38,40,NR,NR,39,NR,42,70,670,59,92,40,77,33,40,28,11,40,37,47,2026-08-07
Assam,Jorhat,40,34,36,40,86,110,115,105,102,54,78,181,220,160,159,160,132,60,208,12,18,40,50,NR,NR,55,NR,54,78,714,NR,105,40,80,42,42,30,12,60,20,40,2026-08-07
Assam,Bongaigaon,43,NR,NR,35,83,118,97,110,90,48,70,NR,184,152,150,165,NR,60,322,10,15,32,41,NR,NR,37,NR,60,76,NR,NR,90,32,NR,40,NR,30,18,55,20,40,2026-08-07
Assam,Morigaon,40,30,40,40,83,129,120,110,100,55,65,195,198,159,154,159,137,60,233,10,15,45,60,50,NR,40,NR,50,105,725,60,92,50,80,45,37,25,15,70,40,50,2026-08-07
Assam,Sonari,41,32,43,42,98,122,NR,110,98,55,78,NR,214,NR,181,NR,NR,75,220,13,15,39,52,NR,NR,39,NR,60,90,NR,NR,100,45,80,43,42,30,15,59,20,45,2026-08-07
Assam,Tamulpur,36,27,39,39,85,128,113,111,89,55,77,NR,200,152,174,NR,160,67,270,10,12,40,50,NR,NR,39,NR,42,75,710,NR,90,40,NR,NR,NR,29,12,48,35,40,2026-08-07
Assam,Sivasagar,43,44,40,50,88,117,113,112,108,52,75,NR,236,203,176,195,165,61,257,11,18,37,67,33,63,54,NR,58,95,696,61,108,42,80,37,56,36,12,50,36,49,2026-08-07
Assam,Biswanath Chariali,36,27,NR,40,92,121,NR,120,102,49,77,NR,151,NR,194,NR,NR,61,233,10,21,39,45,NR,NR,41,NR,45,120,NR,NR,80,40,90,50,40,30,20,70,20,27,2026-08-07
Assam,Dibrugarh,35,28,NR,38,88,129,126,108,101,56,77,NR,216,164,190,222,NR,63,203,12,17,41,42,NR,NR,38,NR,55,90,799,63,96,52,77,53,42,36,14,57,35,48,2026-08-07
Assam,Karimganj,37,NR,NR,39,83,114,122,102,79,55,75,NR,220,NR,176,218,NR,72,238,14,24,39,40,NR,NR,39,NR,65,130,NR,60,99,53,NR,50,NR,29,17,47,38,50,2026-08-07
Assam,Majuli,35,NR,38,41,98,120,91,115,100,58,70,NR,188,NR,159,NR,NR,60,260,15,20,38,48,NR,NR,41,NR,43,112,NR,NR,84,40,70,45,NR,35,15,40,30,40,2026-08-07
Assam,Sonitpur Tezpur,37,26,30,41,85,115,100,110,85,51,69,NR,203,NR,186,211,NR,49,310,10,16,38,58,NR,NR,40,NR,45,80,749,62,96,40,96,50,60,30,17,80,20,40,2026-08-07
Assam,Haflong,34,39,NR,45,90,130,NR,120,90,55,77,NR,190,NR,121,210,NR,80,270,15,20,45,60,NR,NR,45,NR,45,90,679,58,120,40,95,40,32,30,19,80,20,50,2026-08-07
Assam,AS-Lakhimpur,39,NR,NR,38,82,114,102,110,92,54,73,NR,206,161,164,178,NR,61,193,15,14,38,53,NR,NR,42,NR,39,88,613,59,96,52,80,38,53,32,13,48,30,47,2026-08-07
Assam,Diphu,35,27,NR,37,89,116,118,111,87,53,75,NR,208,NR,170,NR,127,92,233,15,18,45,47,45,45,40,65,70,82,687,62,96,25,80,50,35,30,17,63,27,42,2026-08-07
Assam,Nalbari,36,26,NR,40,82,125,95,110,85,58,70,NR,209,145,165,187,126,60,297,10,15,45,53,NR,NR,40,NR,40,80,820,58,96,42,80,48,50,35,20,63,40,35,2026-08-07
Assam,South Salmara Mankachar,40,33,39,38,81,124,NR,116,86,50,75,NR,219,167,160,159,134,64,233,12,24,30,51,80,85,39,NR,63,NR,801,59,83,37,72,45,50,40,19,55,NR,NR,2026-08-07
Assam,Kamrup,39,32,NR,39,82,119,105,106,85,55,75,NR,227,NR,188,203,169,75,219,15,15,38,60,NR,NR,38,NR,45,79,NR,59,100,40,NR,41,40,31,15,55,40,42,2026-08-07
Manipur,Imphal,51,NR,45,44,91,132,127,122,94,60,NR,NR,222,198,207,209,198,98,260,25,31,47,58,NR,NR,45,NR,63,72,NR,NR,93,57,96,35,33,22,18,52,20,39,2026-08-07
Manipur,Chandel,NR,NR,NR,NR,NR,NR,NR,NR,NR,NR,NR,NR,NR,NR,NR,NR,NR,NR,NR,NR,NR,NR,NR,NR,NR,NR,NR,NR,NR,NR,NR,NR,NR,NR,NR,NR,NR,NR,NR,,,2026-08-07
Manipur,Jiribam,NR,NR,NR,NR,NR,NR,NR,NR,NR,NR,NR,NR,NR,NR,NR,NR,NR,NR,NR,NR,NR,NR,NR,NR,NR,NR,NR,NR,NR,NR,NR,NR,NR,NR,NR,NR,NR,NR,NR,NR,NR,2026-08-07
Manipur,Kangpokpi,53,NR,NR,45,100,147,NR,140,100,55,77,NR,NR,NR,176,176,NR,NR,273,15,30,47,100,NR,NR,45,NR,40,97,753,60,96,NR,120,45,52,44,20,50,NR,NR,2026-08-07
Manipur,Senapati,NR,NR,NR,NR,NR,NR,NR,NR,NR,NR,NR,NR,NR,NR,NR,NR,NR,NR,NR,NR,NR,NR,NR,NR,NR,NR,NR,NR,NR,NR,NR,NR,NR,NR,NR,NR,NR,NR,NR,NR,NR,2026-08-07
Manipur,Tamenglong,NR,NR,NR,NR,NR,NR,NR,NR,NR,NR,NR,NR,NR,NR,NR,NR,NR,NR,NR,NR,NR,NR,NR,NR,NR,NR,NR,NR,NR,NR,NR,NR,NR,NR,NR,NR,NR,NR,NR,,,2026-08-07
Manipur,Thoubal,NR,NR,NR,NR,NR,NR,NR,NR,NR,NR,NR,NR,NR,NR,NR,NR,NR,NR,NR,NR,NR,NR,NR,NR,NR,NR,NR,NR,NR,NR,NR,NR,NR,NR,NR,NR,NR,NR,NR,NR,NR,2026-08-07
Manipur,Ukhrul,NR,NR,NR,NR,NR,NR,NR,NR,NR,NR,NR,NR,NR,NR,NR,NR,NR,NR,NR,NR,NR,NR,NR,NR,NR,NR,NR,NR,NR,NR,NR,NR,NR,NR,NR,NR,NR,NR,NR,NR,NR,2026-08-07
Manipur,Churachandpur,NR,NR,NR,NR,NR,NR,NR,NR,NR,NR,NR,NR,NR,NR,NR,NR,NR,NR,NR,NR,NR,NR,NR,NR,NR,NR,NR,NR,NR,NR,NR,NR,NR,NR,NR,NR,NR,NR,NR,NR,NR,2026-08-07
Manipur,Kakching,NR,NR,NR,NR,NR,NR,NR,NR,NR,NR,NR,NR,NR,NR,NR,NR,NR,NR,NR,NR,NR,NR,NR,NR,NR,NR,NR,NR,NR,NR,NR,NR,NR,NR,NR,NR,NR,NR,NR,NR,NR,2026-08-07
Meghalaya,Shillong,36,34,40,39,90,130,130,120,90,51,77,NR,196,198,154,NR,NR,77,320,31,20,47,43,NR,NR,40,NR,40,103,838,63,107,57,80,50,53,28,22,87,37,57,2026-08-07
Meghalaya,Tura,35,NR,NR,40,97,140,NR,120,90,55,76,NR,198,NR,167,203,132,80,320,18,27,47,53,NR,NR,40,NR,60,89,692,59,96,60,83,53,53,30,20,70,30,40,2026-08-07
Meghalaya,Jowai,37,NR,39,39,90,NR,NR,120,87,55,77,NR,163,NR,154,NR,NR,80,360,15,20,48,33,NR,NR,39,NR,39,87,681,63,100,50,80,50,40,30,16,87,30,50,2026-08-07
Meghalaya,Sohra,NR,NR,NR,NR,NR,NR,NR,NR,NR,NR,NR,NR,NR,NR,NR,NR,NR,NR,NR,NR,NR,NR,NR,NR,NR,NR,NR,NR,NR,NR,NR,NR,NR,NR,NR,NR,NR,NR,NR,NR,NR,2026-08-07
Meghalaya,Mairang,36,NR,40,40,NR,NR,NR,120,90,60,77,NR,165,NR,165,NR,NR,NR,373,17,20,50,30,NR,NR,40,NR,40,103,NR,60,120,60,84,50,50,27,17,100,40,50,2026-08-07
Meghalaya,Nongpoh,35,32,NR,41,93,145,NR,127,88,60,77,NR,158,NR,156,NR,NR,70,353,15,22,50,43,NR,NR,41,NR,43,95,703,63,113,50,87,50,57,33,19,80,30,53,2026-08-07
Meghalaya,Khliehriat,43,42,39,39,92,128,NR,115,85,50,76,NR,152,NR,152,NR,NR,NR,313,30,22,50,32,NR,NR,39,NR,44,73,743,59,92,42,77,58,42,32,15,67,25,40,2026-08-07
Meghalaya,Williamnagar,35,NR,40,35,108,148,NR,118,88,50,70,NR,192,NR,174,NR,140,78,318,15,28,45,58,NR,NR,38,NR,62,87,747,57,84,68,80,40,70,20,20,80,20,45,2026-08-07
Meghalaya,Nongstoin,32,NR,41,41,NR,NR,NR,120,95,50,77,NR,165,NR,165,NR,NR,NR,357,15,20,47,40,NR,NR,41,NR,45,97,681,63,94,60,80,54,55,27,16,82,27,47,2026-08-07
Meghalaya,Mawkyrwat,35,NR,40,39,NR,NR,NR,120,85,56,75,NR,165,NR,NR,NR,NR,NR,370,16,20,50,35,NR,NR,44,NR,50,100,709,60,98,67,100,60,50,35,25,63,47,67,2026-08-07
Mizoram,Aizawl,50,50,42,50,103,153,130,133,93,55,83,271,260,256,161,244,152,103,520,30,47,47,77,NR,NR,50,NR,70,90,703,60,100,70,90,100,90,60,40,75,27,48,2026-08-07
Mizoram,Lunglei,50,50,40,50,125,180,180,150,110,55,82,NR,NR,198,NR,207,132,100,486,30,45,45,95,NR,NR,50,NR,50,115,680,60,100,65,95,75,60,30,20,80,30,70,2026-08-07
Mizoram,Kolasib,53,45,40,45,95,120,140,140,93,55,80,NR,242,NR,143,203,132,100,483,30,30,40,90,NR,40,45,NR,70,120,725,60,90,60,98,100,80,36,35,50,30,70,2026-08-07
Mizoram,Mamit,45,NR,NR,50,128,NR,NR,128,98,53,80,NR,253,NR,132,121,NR,140,433,30,28,53,100,NR,NR,45,NR,97,127,546,65,90,61,127,50,68,50,34,66,48,50,2026-08-07
Mizoram,Champhai,50,49,50,53,100,130,150,140,108,55,85,NR,238,230,150,NR,NR,120,560,30,35,67,83,NR,NR,50,NR,100,160,745,60,108,50,97,100,80,42,20,87,25,60,2026-08-07
Mizoram,Serchhip,45,NR,NR,49,113,NR,NR,130,100,50,85,NR,263,NR,153,NR,NR,100,520,30,30,60,100,NR,NR,NR,NR,80,160,695,NR,NR,53,107,80,90,30,23,60,30,65,2026-08-07
Mizoram,Siaha,55,55,NR,50,103,157,138,148,102,55,80,170,253,219,147,NR,110,100,250,30,40,57,117,NR,NR,50,100,95,110,631,60,100,73,80,NR,60,60,40,88,30,70,2026-08-07
Mizoram,Lawngtlai,50,NR,45,50,100,160,140,140,100,50,80,NR,253,NR,143,NR,132,110,480,30,40,60,120,NR,NR,50,NR,80,140,660,60,100,80,100,NR,90,60,40,100,30,70,2026-08-07
Mizoram,Hnahthial,53,NR,45,50,NR,147,150,133,103,52,84,NR,257,NR,154,NR,NR,120,513,30,35,60,100,NR,NR,50,NR,90,140,659,60,96,60,93,NR,90,50,20,75,28,65,2026-08-07
Mizoram,Khawzawl,NR,NR,NR,NR,NR,NR,NR,NR,NR,NR,NR,NR,NR,NR,NR,NR,NR,NR,NR,NR,NR,NR,NR,NR,NR,NR,NR,NR,NR,NR,NR,NR,NR,NR,NR,NR,NR,NR,NR,NR,NR,2026-08-07
Mizoram,Saitual,50,NR,45,50,107,NR,140,NR,100,55,80,NR,198,NR,152,NR,NR,120,523,30,27,50,80,NR,NR,50,NR,90,100,NR,58,95,80,100,NR,90,50,22,80,30,70,2026-08-07
Nagaland,Kohima,45,30,45,49,100,157,130,120,90,55,77,NR,154,176,165,NR,NR,NR,350,20,30,58,68,NR,NR,45,NR,90,90,714,60,92,50,80,70,60,50,15,80,35,60,2026-08-07
Nagaland,Dimapur,NR,NR,NR,NR,NR,NR,NR,NR,NR,NR,NR,NR,NR,NR,NR,NR,NR,NR,NR,NR,NR,NR,NR,NR,NR,NR,NR,NR,NR,NR,NR,NR,NR,NR,NR,NR,NR,NR,NR,NR,NR,2026-08-07
Nagaland,Tuensang,37,NR,40,55,100,NR,NR,120,100,50,NR,NR,176,NR,200,NR,NR,NR,NR,20,30,45,60,NR,NR,52,NR,50,100,NR,58,92,42,100,35,90,50,30,60,35,70,2026-08-07
Nagaland,Mokochung,50,44,NR,60,100,140,140,120,90,50,74,NR,154,170,165,NR,NR,80,340,15,25,55,50,NR,NR,60,NR,70,120,791,60,80,55,100,70,70,40,20,50,20,60,2026-08-07
Nagaland,Chumukedima,40,NR,NR,36,90,140,145,140,92,50,75,NR,255,211,198,209,NR,83,313,18,30,60,48,NR,NR,40,NR,85,123,652,70,115,35,90,NR,82,37,32,58,32,63,2026-08-07
Nagaland,Mon,40,NR,NR,60,100,NR,NR,125,100,60,70,NR,154,NR,165,NR,NR,80,340,17,20,50,60,NR,NR,60,NR,70,65,NR,60,80,50,NR,NR,65,45,20,50,20,50,2026-08-07
Nagaland,Peren,39,30,45,45,90,NR,NR,120,100,55,70,NR,154,NR,165,NR,NR,120,320,20,25,60,60,NR,NR,55,NR,70,113,651,60,96,40,80,40,70,47,20,97,27,40,2026-08-07
Nagaland,Phek,40,NR,50,50,100,150,140,130,100,50,72,NR,163,NR,165,NR,NR,80,350,20,NR,50,57,NR,NR,50,NR,100,100,630,68,NR,60,100,60,63,56,30,40,20,50,2026-08-07
Nagaland,Tseminyu,50,40,NR,57,NR,NR,NR,137,97,55,70,NR,154,NR,154,NR,NR,NR,380,15,28,50,58,NR,NR,53,NR,80,90,714,60,100,50,NR,NR,90,42,19,NR,20,62,2026-08-07
Nagaland,Wokha,52,NR,NR,68,97,NR,NR,120,97,50,74,NR,158,NR,158,NR,NR,NR,300,15,30,50,60,NR,NR,70,NR,80,100,758,60,84,50,100,60,65,40,15,70,25,60,2026-08-07
Nagaland,Zunheboto,55,39,NR,50,NR,163,NR,110,90,45,75,NR,NR,NR,NR,NR,NR,60,240,18,NR,NR,67,NR,NR,55,NR,75,NR,703,NR,82,60,120,30,70,40,25,60,33,58,2026-08-07
Nagaland,Kiphire,38,35,NR,60,120,155,140,120,90,55,70,NR,154,NR,165,NR,NR,75,345,18,25,55,80,NR,NR,45,NR,85,95,648,65,85,58,90,80,75,55,15,40,20,70,2026-08-07
Nagaland,Longleng,38,NR,40,50,NR,150,NR,120,100,50,75,NR,163,NR,165,NR,NR,80,350,20,23,48,50,NR,NR,62,NR,72,120,720,60,96,70,120,40,75,50,17,50,30,75,2026-08-07
Nagaland,Niuland,40,28,NR,50,NR,130,120,120,90,50,70,NR,143,NR,154,NR,NR,NR,320,15,20,50,45,NR,NR,50,NR,70,100,NR,60,90,25,NR,40,50,35,15,30,20,50,2026-08-07
Nagaland,Shamator,44,NR,50,60,100,NR,NR,130,100,60,78,NR,165,NR,176,NR,NR,80,320,20,30,50,60,NR,NR,60,NR,70,120,692,60,98,40,100,NR,95,30,20,50,25,53,2026-08-07
Nagaland,Noklak,40,NR,50,65,120,NR,NR,140,100,60,80,NR,165,NR,165,NR,NR,80,NR,20,25,60,70,NR,NR,60,NR,80,130,769,59,99,50,100,62,70,35,20,50,20,90,2026-08-07
Sikkim,Gangtok,45,NR,40,40,93,NR,NR,123,95,55,70,NR,220,143,137,209,NR,67,300,20,25,45,45,NR,NR,47,NR,60,110,769,60,108,60,100,50,53,30,23,60,30,50,2026-08-07
Sikkim,Gyalshing,45,NR,38,40,90,NR,NR,120,90,55,70,NR,220,143,176,198,NR,60,300,20,20,45,40,NR,NR,40,NR,70,110,651,60,108,70,100,50,40,28,23,60,25,50,2026-08-07
Sikkim,Namchi,45,NR,40,42,100,NR,NR,120,100,55,70,NR,220,154,143,198,NR,65,360,23,25,45,50,NR,NR,45,NR,80,120,714,58,108,70,90,50,53,30,20,70,20,50,2026-08-07
Sikkim,Soreng,45,NR,40,40,90,NR,NR,120,100,55,70,NR,220,154,165,NR,NR,60,210,20,25,45,50,NR,NR,40,40,70,110,714,62,108,80,100,35,40,20,20,70,20,50,2026-08-07
Sikkim,Mangan,45,NR,38,40,100,NR,NR,130,90,55,70,NR,220,154,170,NR,NR,60,460,20,25,40,60,NR,NR,40,NR,70,120,703,62,108,60,90,42,50,30,23,70,25,50,2026-08-07
Sikkim,Pakyong,45,NR,40,40,110,NR,NR,130,95,55,70,NR,209,148,165,198,NR,NR,300,24,20,45,55,NR,NR,45,NR,70,120,651,58,108,80,90,50,60,30,23,80,25,50,2026-08-07
Tripura,Agartala,38,40,NR,40,87,129,123,95,133,58,79,NR,214,181,192,203,168,72,253,10,19,40,65,NR,NR,40,NR,47,82,736,68,100,55,92,51,32,31,15,78,30,42,2026-08-07
Tripura,Dharmanagar,38,40,NR,42,89,127,123,99,133,57,75,NR,213,NR,191,NR,181,80,243,15,22,40,47,NR,NR,43,NR,48,92,710,62,98,48,92,45,40,28,15,78,33,43,2026-08-07
Tripura,Belonia,37,44,NR,40,88,130,125,97,135,60,80,NR,215,178,192,203,168,80,247,13,20,40,55,NR,NR,40,NR,50,85,740,68,108,58,95,52,33,33,17,85,32,45,2026-08-07
Tripura,TR-Udaipur,40,44,NR,42,89,130,124,98,135,59,80,NR,214,182,193,203,169,73,246,10,21,42,65,NR,NR,46,NR,50,84,752,65,96,59,95,53,36,33,16,79,40,40,2026-08-07
Tripura,Ambassa,39,41,NR,41,89,129,124,98,133,58,80,NR,213,180,191,203,168,77,245,10,19,42,52,NR,NR,42,NR,50,85,769,70,102,55,97,53,41,31,15,55,33,42,2026-08-07
SOUTH ZONE,SOUTH ZONE,,,,,,,,,,,,,,,,,,,,,,,,,,,,,,,,,,,,,,,,,,2026-08-07
Andhra Pradesh,Vijaywada,47,33,43,45,82,138,137,104,85,52,54,203,156,147,NR,200,148,55,297,15,25,34,23,45,45,42,55,45,95,604,58,84,55,92,30,40,24,19,55,65,85,2026-08-07
Andhra Pradesh,Visakhapatnam,58,32,44,41,90,128,136,111,87,53,60,196,196,153,NR,187,159,67,260,17,20,37,24,41,45,45,45,45,91,725,60,80,35,90,37,37,28,15,50,45,40,2026-08-07
Andhra Pradesh,Kurnool,57,43,41,45,73,117,111,109,89,45,60,192,199,137,130,190,136,55,323,17,31,33,16,37,39,43,49,41,93,751,61,71,23,86,36,38,23,13,29,33,48,2026-08-07
Andhra Pradesh,Tirupathi,58,32,44,45,83,108,105,109,90,43,58,172,183,134,168,184,128,61,308,20,32,39,23,39,43,41,43,45,87,641,55,71,44,85,34,40,20,17,48,31,33,2026-08-07
Andhra Pradesh,Jammalamadugu,NR,NR,NR,NR,NR,NR,NR,NR,NR,NR,NR,NR,NR,NR,NR,NR,NR,NR,NR,NR,NR,NR,NR,NR,NR,NR,NR,NR,NR,NR,NR,NR,NR,NR,NR,NR,NR,NR,NR,,,2026-08-07
Andhra Pradesh,Dharmavaram,NR,NR,NR,NR,NR,NR,NR,NR,NR,NR,NR,NR,NR,NR,NR,NR,NR,NR,NR,NR,NR,NR,NR,NR,NR,NR,NR,NR,NR,NR,NR,NR,NR,NR,NR,NR,NR,NR,NR,,,2026-08-07
Andhra Pradesh,Ongole,55,31,43,45,82,119,117,109,89,46,58,183,186,143,NR,181,141,57,300,16,35,33,20,38,42,42,46,44,85,718,62,78,35,81,33,38,22,17,51,29,35,2026-08-07
Andhra Pradesh,Bapatla,49,29,43,43,83,113,120,106,85,45,58,189,NR,NR,NR,187,141,52,287,15,31,29,28,33,42,42,45,43,90,763,59,77,31,82,30,35,22,16,50,24,33,2026-08-07
Andhra Pradesh,Rajahmundry,52,35,43,46,80,119,112,109,86,48,60,193,213,130,NR,191,138,53,207,15,20,35,24,41,42,43,46,44,90,580,60,75,36,86,45,31,24,12,35,24,40,2026-08-07
Andhra Pradesh,Eluru,60,41,43,44,83,121,115,110,88,51,61,198,216,146,164,196,145,59,229,22,28,35,27,38,45,41,51,44,84,828,58,67,40,82,30,33,28,19,32,31,50,2026-08-07
Andhra Pradesh,Guntur,60,30,42,45,83,118,122,111,87,46,60,190,187,137,NR,181,143,52,215,12,25,28,24,35,38,40,44,43,85,585,53,68,33,80,31,33,20,14,32,25,34,2026-08-07
Andhra Pradesh,Amalapuram,52,34,45,45,88,122,136,117,86,53,65,218,216,145,158,199,148,57,295,24,24,37,25,31,32,45,46,48,89,680,60,78,39,89,36,39,28,19,48,33,30,2026-08-07
Andhra Pradesh,Nandyala,61,40,44,39,83,118,118,112,88,53,61,197,219,148,154,197,149,61,277,15,35,27,15,34,39,39,51,42,87,743,64,77,41,92,52,37,30,18,26,21,52,2026-08-07
Andhra Pradesh,Parvathipuram,53,39,44,46,85,117,120,112,91,52,60,182,195,148,NR,193,138,58,280,22,18,32,24,42,42,45,45,46,88,683,60,77,35,84,35,35,22,19,36,40,38,2026-08-07
Andhra Pradesh,Sri Sathya Sai,51,29,41,41,78,113,106,104,89,45,59,201,198,137,157,188,144,55,320,15,31,20,23,35,41,41,47,43,88,663,58,75,30,83,32,35,20,15,52,25,33,2026-08-07
Andhra Pradesh,Nellore,53,35,40,43,83,115,115,105,100,50,58,192,203,161,NR,192,159,60,260,19,35,35,30,35,40,45,49,43,84,815,60,73,31,81,35,37,21,16,35,24,34,2026-08-07
Andhra Pradesh,Srikakulam,60,30,39,46,84,120,132,107,84,50,56,202,209,136,162,166,136,60,331,11,22,35,24,NR,NR,48,50,54,89,673,55,71,41,89,45,43,27,17,55,44,44,2026-08-07
Andhra Pradesh,Vizianagaram,49,39,40,43,80,114,116,108,88,49,60,178,190,144,NR,189,137,55,275,19,24,33,30,37,38,43,42,43,85,659,60,72,30,80,34,32,22,17,31,24,36,2026-08-07
Andhra Pradesh,Anakapalli,68,35,40,45,85,120,135,110,85,50,69,203,214,148,NR,203,143,52,247,19,27,35,25,40,42,40,40,40,113,714,60,84,40,73,34,33,23,17,47,20,29,2026-08-07
Andhra Pradesh,Bhimavaram,51,35,40,41,83,120,111,105,86,45,60,192,203,146,150,186,141,55,285,19,26,34,27,34,40,44,45,44,88,791,54,79,45,88,38,38,22,18,35,33,37,2026-08-07
Andhra Pradesh,Chittoor,50,35,45,47,85,105,110,110,95,NR,NR,181,198,154,NR,170,132,NR,NR,NR,NR,NR,NR,NR,NR,NR,NR,NR,NR,NR,NR,NR,NR,NR,NR,NR,NR,NR,NR,NR,NR,2026-08-07
Andhra Pradesh,Kakinada,50,37,42,41,79,116,113,107,86,46,62,195,213,145,NR,195,140,54,294,18,30,30,28,37,40,43,44,44,92,640,63,74,38,84,33,37,21,15,51,27,30,2026-08-07
Andhra Pradesh,Machilipatnam,51,30,43,45,84,115,108,107,88,44,63,169,176,133,168,169,114,52,338,15,23,33,21,32,43,44,42,44,90,743,61,58,31,85,31,30,19,12,24,48,45,2026-08-07
Andhra Pradesh,Narasaraopeta,53,37,44,44,85,103,105,105,84,45,63,164,189,162,169,176,121,49,265,18,29,21,25,33,43,42,44,42,91,772,49,74,34,83,32,33,20,18,50,27,42,2026-08-07
Andhra Pradesh,Paderu,60,NR,40,44,83,120,135,107,85,50,60,194,194,143,NR,194,136,54,300,19,30,30,30,NR,NR,44,47,45,90,703,62,78,40,83,33,35,19,13,52,25,40,2026-08-07
Andhra Pradesh,Rayachoti,NR,NR,NR,NR,NR,NR,NR,NR,NR,NR,NR,NR,NR,NR,NR,NR,NR,NR,NR,NR,NR,NR,NR,NR,NR,NR,NR,NR,NR,NR,NR,NR,NR,NR,NR,NR,NR,NR,NR,NR,NR,2026-08-07
Andhra Pradesh,Anantapuramu,59,30,40,41,83,119,117,110,89,48,60,200,204,142,159,191,147,59,310,16,34,30,16,35,41,40,49,49,87,670,59,84,31,87,40,39,29,15,44,35,48,2026-08-07
Andhra Pradesh,YSR Kadapa,50,30,42,41,81,104,102,107,87,44,61,182,197,148,170,181,134,56,301,19,30,25,30,38,40,42,48,42,91,743,62,69,30,83,29,36,20,17,39,28,30,2026-08-07
Andhra Pradesh,Madanapalle,67,40,40,44,92,119,128,109,92,49,71,167,200,167,172,192,139,57,250,22,40,33,23,34,39,46,43,51,92,787,50,75,41,79,52,36,32,20,57,47,77,2026-08-07
Andhra Pradesh,Markapuram,51,30,40,41,81,120,117,105,90,45,67,200,182,144,NR,194,148,54,327,19,28,25,30,33,40,42,42,42,88,701,62,74,35,82,39,38,24,16,49,34,40,2026-08-07
Karnataka,Bengaluru,62,39,41,43,88,121,131,113,89,50,51,197,209,157,158,193,161,55,240,18,28,31,15,39,44,43,51,47,92,762,60,90,52,81,43,36,32,16,47,28,33,2026-08-07
Karnataka,Dharwad,58,34,42,44,84,124,126,112,88,48,54,196,193,145,146,191,152,50,268,20,28,28,18,46,50,46,48,46,86,786,60,88,46,78,34,43,33,15,40,28,38,2026-08-07
Karnataka,Mangalore,57,35,43,44,84,120,129,111,88,49,54,209,197,150,170,188,154,58,199,20,29,29,25,39,55,45,48,47,88,751,59,81,46,83,35,37,28,17,57,27,38,2026-08-07
Karnataka,Mysore,61,36,41,50,83,121,140,108,80,49,48,215,217,178,171,194,156,64,278,20,29,36,13,52,55,41,55,42,77,722,61,72,43,97,49,35,38,21,55,43,44,2026-08-07
Karnataka,Bengaluru (East Range),62,37,45,46,89,125,125,118,89,51,50,203,223,154,167,196,158,59,260,20,32,35,18,42,44,43,51,44,92,753,60,82,60,83,39,42,29,18,50,33,48,2026-08-07
Karnataka,Belagavi,57,36,42,43,84,120,121,108,86,50,54,203,195,148,173,195,152,53,261,22,29,31,24,50,54,41,46,43,85,786,61,84,41,80,35,59,25,14,45,31,32,2026-08-07
Karnataka,Kalaburagi,57,35,45,44,84,120,122,117,90,48,54,198,201,163,136,187,154,55,211,20,25,35,25,40,45,46,49,45,95,725,65,108,70,78,40,60,30,18,60,30,45,2026-08-07
Karnataka,Tumakuru,63,36,44,44,89,124,137,116,95,52,53,204,213,147,160,189,146,57,232,21,29,34,19,49,50,47,51,47,81,720,60,87,47,88,45,44,32,19,50,30,44,2026-08-07
Karnataka,Bellary,59,35,45,42,87,122,130,108,88,50,54,216,203,157,150,182,161,58,281,20,27,33,15,42,42,42,47,43,97,766,61,85,36,77,36,36,30,18,50,31,32,2026-08-07
Karnataka,Dhavanagere,62,38,44,48,85,120,122,110,87,55,53,209,212,157,148,199,159,58,288,24,27,33,15,43,56,43,52,45,87,789,58,87,42,75,37,42,25,16,42,25,35,2026-08-07
Karnataka,Shivamogga,61,36,43,47,85,119,121,111,91,51,54,200,208,145,148,195,148,54,245,21,26,30,15,48,52,47,49,48,92,786,60,93,40,86,36,41,28,15,45,30,36,2026-08-07
Karnataka,Vijayapur,58,37,44,45,87,123,126,116,86,50,53,219,214,156,176,186,145,56,244,20,25,28,16,40,43,41,52,41,81,786,62,87,41,90,39,42,38,15,55,40,45,2026-08-07
Karnataka,Ramanagara,57,34,42,45,88,121,120,108,92,52,53,211,216,144,142,192,148,54,215,19,29,30,16,42,44,47,47,43,90,756,65,90,38,92,35,52,25,16,53,33,32,2026-08-07
Karnataka,Raichur,58,34,44,44,88,123,124,115,83,50,53,202,202,165,168,196,144,55,214,17,25,28,23,51,51,46,46,46,91,739,58,86,41,95,43,49,40,17,42,25,31,2026-08-07
Karnataka,Chamarajanagar,57,35,41,45,83,125,140,106,96,50,48,216,211,153,122,192,143,57,198,18,29,35,14,50,56,52,52,53,90,713,61,75,44,94,40,62,42,20,62,42,45,2026-08-07
Karnataka,Kolar,60,33,45,46,90,120,127,118,94,49,52,242,213,164,169,197,160,55,256,20,25,30,12,36,44,50,45,52,95,782,60,76,46,85,39,40,30,15,44,41,45,2026-08-07
Karnataka,Haveri,63,37,43,46,91,116,131,111,91,51,52,209,204,170,176,192,143,52,247,19,30,35,12,45,55,42,50,42,95,758,65,90,45,80,42,45,30,15,45,35,40,2026-08-07
Karnataka,Bagalkot,59,37,44,42,85,118,122,115,92,50,54,206,196,145,165,186,153,50,245,20,28,33,24,49,46,44,52,43,90,795,58,88,48,80,35,37,35,18,58,26,33,2026-08-07
Karnataka,Bidar,61,37,41,41,83,119,121,113,84,51,53,192,197,146,172,187,162,58,273,19,28,28,23,39,48,41,48,41,87,798,61,106,57,88,48,38,33,17,57,48,48,2026-08-07
Karnataka,Koppal,61,38,43,45,84,120,127,116,91,50,52,200,194,152,159,192,157,53,247,19,30,34,15,42,47,43,46,44,91,742,58,86,42,90,38,41,27,17,53,32,36,2026-08-07
Karnataka,Mandya,63,36,44,47,85,119,130,115,97,52,52,218,231,144,170,192,156,55,241,20,29,33,11,46,47,42,47,44,95,731,65,84,40,81,49,37,30,15,50,25,40,2026-08-07
Karnataka,Yadgir,59,35,44,45,86,121,121,110,87,50,54,203,203,170,165,192,159,51,210,20,25,30,20,44,52,46,46,45,96,780,58,84,43,80,35,38,28,19,48,30,45,2026-08-07
Karnataka,Chikkamagalur,58,36,44,47,87,121,124,111,90,50,53,206,199,153,158,193,147,56,217,19,26,34,17,45,46,46,48,46,94,722,66,94,47,84,41,43,31,16,45,41,40,2026-08-07
Karnataka,Bangalore Rural,59,36,43,49,90,125,131,108,87,52,50,214,195,143,152,186,145,57,265,20,28,31,15,49,46,45,47,48,94,729,64,90,38,83,38,52,27,20,47,32,44,2026-08-07
Karnataka,Chikkaballapur,63,34,46,47,92,114,131,109,87,56,52,222,211,160,172,194,160,54,296,20,28,30,19,45,44,44,45,43,97,740,59,82,41,85,39,41,25,15,40,32,44,2026-08-07
Karnataka,Chitradurga,64,35,43,48,85,120,120,110,87,53,53,207,210,149,149,196,156,56,280,18,30,35,15,43,54,44,52,46,87,777,58,84,43,80,38,43,26,16,55,27,35,2026-08-07
Karnataka,Gadag,57,37,44,47,86,121,129,118,89,51,53,214,195,145,139,185,147,52,246,21,25,34,22,39,45,44,51,46,88,736,70,95,55,86,38,37,39,19,39,30,37,2026-08-07
Karnataka,Hassan,56,36,44,48,86,121,127,109,96,50,54,223,199,151,153,195,159,59,245,21,24,34,19,46,46,47,46,47,91,735,60,89,39,79,38,39,28,13,39,46,39,2026-08-07
Karnataka,Kodagu,59,36,44,45,86,120,126,113,89,51,52,208,204,153,157,190,152,55,249,19,27,32,19,44,47,45,47,46,91,760,62,91,46,83,38,43,29,16,49,34,42,2026-08-07
Karnataka,Udupi,58,37,46,47,84,119,124,112,94,49,48,220,210,166,177,187,158,55,221,19,28,33,23,44,43,48,47,47,91,747,67,92,54,79,40,55,41,19,53,33,33,2026-08-07
Karnataka,Uttara Kannada,65,37,46,43,92,119,136,115,96,52,48,223,200,172,175,193,148,58,293,22,29,33,25,46,53,43,49,44,97,786,62,83,49,99,47,40,45,19,43,45,52,2026-08-07
Karnataka,Vijayanagara,57,37,42,43,85,120,123,116,94,50,52,200,211,145,NR,194,144,53,229,19,25,35,13,40,48,47,49,46,95,742,60,83,35,88,39,38,38,16,48,27,32,2026-08-07
Kerala,T.Puram,64,53,41,44,95,135,148,125,90,55,56,308,242,198,144,198,148,73,260,14,38,42,30,46,55,48,54,44,95,NR,61,77,45,90,50,50,35,17,70,50,60,2026-08-07
Kerala,Ernakulam,53,60,40,44,113,155,143,135,97,55,60,247,242,203,NR,209,171,68,225,15,43,40,37,50,65,49,60,NR,118,786,71,78,45,80,60,40,35,18,70,60,60,2026-08-07
Kerala,Kozhikode,48,57,50,44,110,140,145,137,97,53,56,NR,220,165,NR,200,174,67,237,15,27,39,20,NR,NR,44,52,47,107,747,NR,78,57,82,48,37,28,16,72,NR,58,2026-08-07
Kerala,Thrissur,55,53,48,49,96,139,130,135,85,53,58,NR,263,216,NR,200,172,73,297,17,40,48,35,53,57,51,61,57,116,730,58,94,54,92,46,52,29,15,66,43,52,2026-08-07
Kerala,Palakkad,48,39,48,44,94,129,142,117,86,54,54,238,219,192,NR,196,168,59,223,13,37,37,23,53,50,48,50,48,96,707,63,72,35,84,51,40,32,16,70,40,43,2026-08-07
Kerala,Wayanad,50,58,51,45,121,144,156,143,117,53,57,285,258,201,NR,212,176,62,240,17,35,37,24,NR,NR,48,68,50,120,793,68,88,43,85,50,42,31,17,61,43,63,2026-08-07
Kerala,Kasargod,50,58,50,60,113,139,136,136,111,48,66,NR,NR,218,NR,197,159,53,275,15,26,33,22,NR,NR,46,56,46,107,780,56,82,40,79,42,40,39,17,66,37,49,2026-08-07
Kerala,Kottayam,57,52,44,51,100,144,120,103,99,53,58,NR,226,203,NR,196,164,68,233,16,35,36,38,NR,NR,53,55,52,112,727,64,84,47,81,51,38,35,16,65,50,53,2026-08-07
Kerala,Pathanamthitta,NR,NR,NR,NR,NR,NR,NR,NR,NR,NR,NR,NR,NR,NR,NR,NR,NR,NR,NR,NR,NR,NR,NR,NR,NR,NR,NR,NR,NR,NR,NR,NR,NR,NR,NR,NR,NR,NR,NR,NR,NR,2026-08-07
Kerala,Alapuzha,NR,NR,NR,NR,NR,NR,NR,NR,NR,NR,NR,NR,NR,NR,NR,NR,NR,NR,NR,NR,NR,NR,NR,NR,NR,NR,NR,NR,NR,NR,NR,NR,NR,NR,NR,NR,NR,NR,NR,NR,NR,2026-08-07
Kerala,Kollam,48,52,45,44,97,130,133,130,90,52,56,NR,251,230,NR,206,201,63,237,16,37,42,38,65,62,47,54,57,87,677,61,73,53,103,52,40,21,16,72,60,60,2026-08-07
Kerala,Idukki,60,55,44,44,97,142,NR,120,90,53,70,NR,219,213,NR,207,176,70,223,13,40,40,38,NR,NR,48,56,44,107,751,62,83,51,80,55,38,33,15,69,49,57,2026-08-07
Kerala,Kannur,54,56,49,51,106,149,154,148,102,54,60,NR,NR,215,NR,200,177,64,268,19,30,40,21,45,45,44,53,51,119,NR,58,72,53,81,49,42,35,19,64,49,60,2026-08-07
Kerala,Malapuram,49,55,50,43,90,132,133,120,103,53,58,270,231,196,NR,208,170,59,NR,13,30,37,21,50,50,46,52,48,103,747,60,90,47,80,46,37,28,14,61,53,53,2026-08-07
Puducherry,Puducherry,NR,NR,NR,NR,NR,NR,NR,NR,NR,NR,NR,NR,NR,NR,NR,NR,NR,NR,NR,NR,NR,NR,NR,NR,NR,NR,NR,NR,NR,NR,NR,NR,NR,NR,NR,NR,NR,NR,NR,NR,NR,2026-08-07
Tamil Nadu,Chennai,64,40,45,41,86,132,135,117,85,54,40,212,247,177,NR,197,168,77,288,30,40,40,25,42,56,46,53,49,92,923,60,90,65,87,52,40,33,14,60,60,60,2026-08-07
Tamil Nadu,Madurai,58,37,47,68,87,137,124,106,92,53,45,227,206,194,NR,197,174,64,263,30,35,45,20,36,39,56,48,51,112,759,67,82,41,87,37,43,26,14,43,59,37,2026-08-07
Tamil Nadu,Dindigul,64,37,49,63,83,126,126,109,82,46,44,238,255,180,NR,194,165,57,284,26,37,39,21,41,51,53,51,49,92,923,61,80,43,83,51,38,33,14,72,57,50,2026-08-07
Tamil Nadu,Thiruchirapalli,67,38,50,54,100,146,144,130,102,51,47,232,242,190,NR,198,151,69,305,30,39,40,25,44,56,55,55,57,115,792,69,76,60,96,47,36,37,17,50,41,52,2026-08-07
Tamil Nadu,Coimbatore,59,38,44,43,89,130,138,107,81,51,40,234,201,176,NR,195,165,62,280,28,39,39,27,41,54,49,53,53,109,805,60,74,52,86,54,33,31,15,52,49,53,2026-08-07
Tamil Nadu,Tirunelveli,49,35,45,54,97,128,144,119,84,51,45,248,217,181,NR,191,148,60,263,29,33,38,22,42,47,55,53,55,107,785,70,78,51,86,45,35,34,14,49,47,52,2026-08-07
Tamil Nadu,Cuddalore,60,38,49,45,90,141,140,121,112,52,50,193,221,199,NR,192,153,67,293,28,39,36,18,44,59,49,53,50,96,691,58,72,37,82,48,32,30,14,42,47,51,2026-08-07
Tamil Nadu,Dharmapuri,58,33,45,42,85,132,137,104,82,53,44,220,NR,143,NR,196,158,54,275,28,30,38,18,36,48,48,45,47,110,690,80,76,32,82,50,32,28,14,35,52,53,2026-08-07
Tamil Nadu,Vellore,NR,NR,NR,NR,NR,NR,NR,NR,NR,NR,NR,NR,NR,NR,NR,NR,NR,NR,NR,NR,NR,NR,NR,NR,NR,NR,NR,NR,NR,NR,NR,NR,NR,NR,NR,NR,NR,NR,NR,NR,NR,2026-08-07
Tamil Nadu,Ramanathapuram,61,37,41,67,81,124,151,105,89,51,44,221,NR,182,NR,199,171,57,284,31,41,35,32,45,51,58,50,56,117,773,74,92,61,82,56,31,31,13,50,51,35,2026-08-07
Tamil Nadu,Erode,56,41,49,44,91,135,138,110,78,53,45,220,232,177,NR,199,177,64,440,30,35,35,20,40,62,52,54,55,109,769,65,75,45,82,49,30,29,15,26,46,52,2026-08-07
Tamil Nadu,Karur,57,35,54,67,93,135,143,108,87,53,47,236,210,175,NR,192,154,69,297,17,37,42,27,40,46,56,52,59,104,725,65,78,57,96,45,43,28,23,66,48,48,2026-08-07
Tamil Nadu,Perambalur,56,41,NR,68,95,132,145,113,87,53,48,233,213,189,NR,197,165,61,NR,29,34,44,27,42,62,61,57,69,121,747,60,72,54,90,50,38,29,14,62,51,65,2026-08-07
Tamil Nadu,Pudukkottai,NR,44,45,70,90,128,140,115,NR,56,40,269,NR,182,NR,196,156,60,698,30,40,40,25,41,58,56,55,52,111,876,66,72,50,98,51,38,30,14,55,55,50,2026-08-07
Tamil Nadu,Sivagangai,55,40,45,68,98,136,147,121,92,54,44,256,NR,223,NR,200,170,59,292,29,40,50,30,39,58,58,55,61,120,767,85,78,60,82,54,37,30,15,57,53,37,2026-08-07
Tamil Nadu,Thanjavur,59,41,48,50,90,136,141,119,95,49,44,225,236,184,NR,194,151,61,300,27,32,34,22,41,55,48,56,52,131,894,77,76,57,90,50,39,31,14,52,54,45,2026-08-07
Tamil Nadu,The nilgiris,60,45,47,52,103,133,150,130,93,55,54,233,235,168,NR,198,156,69,203,32,60,38,22,47,50,52,53,53,82,808,72,88,40,98,27,68,42,30,55,35,53,2026-08-07
Tamil Nadu,Thoothukudi,54,38,45,65,90,125,148,108,85,54,46,231,219,181,NR,192,163,62,320,10,30,40,20,35,50,60,55,62,110,868,61,72,40,87,51,37,30,13,45,48,50,2026-08-07
Tamil Nadu,Viluppuram,58,38,47,41,94,135,116,108,89,54,48,203,215,169,NR,196,169,68,NR,29,35,40,18,36,45,44,51,47,110,826,69,70,60,86,51,33,34,13,50,57,60,2026-08-07
Tamil Nadu,Virudhunagar,62,39,45,63,81,124,137,105,69,50,45,255,239,183,NR,200,170,61,293,28,47,47,28,37,55,52,55,53,107,729,59,76,33,82,47,31,20,13,62,52,25,2026-08-07
Tamil Nadu,Kanniyakumari,62,39,37,53,82,123,123,107,75,53,41,225,216,191,NR,197,166,60,259,25,32,39,23,34,40,37,53,41,100,769,60,72,40,84,42,31,29,13,37,47,48,2026-08-07
Tamil Nadu,Namakkal,65,41,47,63,90,130,148,116,90,54,44,198,215,167,NR,195,159,56,NR,26,31,38,25,41,40,51,49,47,113,664,71,74,60,81,55,39,31,12,62,60,60,2026-08-07
Tamil Nadu,Tiruvannamalai,59,39,45,48,85,139,132,118,88,51,43,220,201,172,NR,196,163,60,310,27,34,42,19,44,58,47,52,56,113,839,62,69,62,89,41,47,29,13,55,47,48,2026-08-07
Tamil Nadu,Tiruvarur,NR,NR,NR,NR,NR,NR,NR,NR,NR,NR,NR,NR,NR,NR,NR,NR,NR,NR,NR,NR,NR,NR,NR,NR,NR,NR,NR,NR,NR,NR,NR,NR,NR,NR,NR,NR,NR,NR,NR,NR,NR,2026-08-07
Tamil Nadu,Tiruppur,59,37,49,54,105,141,146,121,84,55,43,243,224,171,NR,197,157,64,265,28,30,33,21,45,55,60,55,59,97,725,60,82,32,83,47,41,22,18,57,47,28,2026-08-07
Tamil Nadu,Tenkasi,56,40,46,59,85,126,137,111,NR,52,46,233,NR,166,NR,191,163,60,275,30,30,40,20,36,52,56,58,55,102,824,64,80,60,88,44,41,28,13,49,50,40,2026-08-07
Tamil Nadu,Nagapattinam,60,40,50,67,97,130,128,125,101,49,44,231,240,178,NR,193,156,56,NR,25,33,37,20,48,50,49,53,51,117,875,64,86,56,94,43,50,34,15,57,60,37,2026-08-07
Tamil Nadu,Krishnagiri,60,36,47,41,89,130,129,117,90,53,44,208,202,155,NR,194,167,59,315,28,30,36,20,38,40,43,48,45,100,615,50,73,59,96,40,40,29,12,53,62,52,2026-08-07
Tamil Nadu,Ariyalur,55,36,34,65,91,126,125,109,90,47,44,241,209,172,NR,188,164,62,293,26,35,35,30,45,45,52,55,52,109,837,65,90,35,90,39,49,26,14,52,43,36,2026-08-07
Tamil Nadu,Kallakurichi,59,40,49,67,91,136,130,114,88,53,45,242,222,176,NR,195,164,63,NR,31,35,35,22,36,48,50,46,51,112,929,85,70,55,87,57,34,35,14,47,42,55,2026-08-07
Tamil Nadu,Kancheepuram,64,42,51,67,91,141,142,121,95,54,44,213,203,185,NR,194,157,79,NR,28,45,40,25,41,56,52,53,55,102,778,55,78,60,91,52,40,31,14,45,48,40,2026-08-07
Tamil Nadu,Salem,55,NR,48,48,95,128,121,133,99,44,45,212,NR,176,NR,174,152,48,280,NR,39,29,41,45,53,45,55,48,83,714,70,68,41,83,42,38,25,16,45,27,32,2026-08-07
Tamil Nadu,Theni,59,37,46,61,89,125,137,110,85,48,45,226,220,165,NR,176,150,56,288,27,33,42,24,40,63,50,58,52,93,791,70,76,45,91,46,33,26,12,50,51,37,2026-08-07
Tamil Nadu,Chengalpattu,75,40,46,54,95,123,120,128,90,46,44,210,205,175,NR,164,139,64,NR,28,37,42,27,41,49,51,47,53,113,784,52,86,57,85,31,40,19,13,43,19,30,2026-08-07
Tamil Nadu,Mayiladuthurai,60,40,50,65,98,137,117,113,NR,52,44,201,220,198,NR,200,156,60,340,27,32,37,23,45,45,46,55,63,113,857,70,72,50,92,35,42,25,14,60,50,40,2026-08-07
Tamil Nadu,Ranipet,NR,NR,NR,NR,NR,NR,NR,NR,NR,NR,NR,NR,NR,NR,NR,NR,NR,NR,NR,NR,NR,NR,NR,NR,NR,NR,NR,NR,NR,NR,NR,NR,NR,NR,NR,NR,NR,NR,NR,NR,NR,2026-08-07
Tamil Nadu,Tirupattur,67,40,43,46,84,124,121,119,89,49,40,216,236,172,NR,194,148,61,305,29,33,37,23,35,39,42,35,45,92,771,65,81,57,88,44,38,27,15,48,50,60,2026-08-07
Tamil Nadu,Tiruvallur,57,38,44,66,87,129,122,119,92,48,40,218,208,169,NR,192,156,65,298,27,45,40,20,36,59,55,52,59,100,762,60,72,60,82,34,41,24,13,53,50,40,2026-08-07
Telangana,Hyderabad,64,42,38,42,81,113,124,104,81,43,63,191,202,147,180,192,147,62,250,20,30,28,22,35,63,44,50,44,92,653,60,84,40,82,45,31,24,16,52,25,45,2026-08-07
Telangana,Karimnagar,57,NR,45,54,81,126,127,112,85,44,63,197,207,153,NR,193,152,58,299,25,29,34,28,44,47,44,55,44,96,653,59,84,42,107,40,37,24,15,45,36,43,2026-08-07
Telangana,Warangal,54,NR,42,49,80,122,126,108,86,44,65,198,209,136,143,199,150,58,275,18,28,32,27,37,45,41,54,41,85,560,60,85,40,117,45,35,25,14,40,26,47,2026-08-07
Telangana,Adilabad,65,NR,44,50,96,122,119,118,94,45,90,190,187,182,183,189,148,64,290,30,25,40,25,38,45,43,49,40,79,732,59,78,48,103,49,39,24,15,45,22,42,2026-08-07
Telangana,Suryapet,52,NR,44,46,87,122,130,110,98,44,65,192,188,181,185,197,144,63,265,22,25,32,22,39,57,41,48,39,87,622,62,88,44,102,46,38,25,15,50,27,48,2026-08-07
Telangana,Jadcherla,57,NR,42,49,85,126,128,115,90,45,65,190,183,149,176,192,145,58,292,20,39,31,24,35,49,39,53,42,82,528,58,90,31,92,43,37,25,15,42,28,48,2026-08-07
Telangana,Khammam,59,NR,47,52,89,128,132,117,95,44,66,183,166,126,161,183,142,54,297,20,32,30,25,37,47,35,52,34,88,517,60,84,33,108,43,43,25,16,43,26,48,2026-08-07
Telangana,Medchal,52,44,45,47,80,131,128,114,80,45,64,197,220,165,168,190,143,55,250,22,28,30,24,40,50,44,53,45,90,538,61,84,35,115,43,35,26,17,48,34,45,2026-08-07
Telangana,Nizamabad,54,33,41,45,81,118,128,100,83,45,65,195,199,201,173,191,152,60,249,23,26,30,24,41,46,43,50,44,81,625,67,82,35,105,46,35,27,19,46,33,47,2026-08-07
Telangana,Sangareddy,63,32,50,55,83,126,127,117,96,45,65,193,200,148,NR,198,145,62,412,25,32,34,22,41,58,51,55,48,95,659,59,88,42,105,43,39,24,16,57,40,50,2026-08-07
Telangana,Kothagudem,56,NR,46,51,92,134,128,126,95,51,79,190,NR,147,NR,200,147,61,347,33,44,35,26,45,55,45,55,53,94,746,62,91,42,87,40,32,25,13,44,26,45,2026-08-07
Ladakh,Leh,NR,NR,NR,NR,NR,NR,NR,NR,NR,NR,NR,NR,NR,NR,NR,NR,NR,NR,NR,NR,NR,NR,NR,NR,NR,NR,NR,NR,NR,NR,NR,NR,NR,NR,NR,NR,NR,NR,NR,NR,NR,2026-08-07
Ladakh,Kargil,45,NR,NR,40,127,135,115,115,90,48,66,NR,159,160,159,NR,NR,47,650,28,40,40,80,60,NR,50,NR,45,100,677,64,84,60,100,80,80,53,21,95,60,60,2026-08-07
Commodity Name,Commodity Name,Rice,Rice,Wheat,Atta (Wheat),Gram Dal,Tur/Arhar Dal,Urad Dal,Moong Dal,Masoor Dal,Sugar,Milk @,Groundnut Oil (Packed),Mustard Oil (Packed),Vanaspati (Packed),Soya Oil (Packed),Sunflower Oil (Packed),Palm Oil (Packed),Gur,Tea Loose,Salt Pack (Iodised),Potato,Onion,Tomato,Bajra(whole),Jowar(whole),Maida(wheat),Ragi(whole),Suji(whole),Besan,Desi Ghee,Butter(Pasteurised),Eggs,Brinjal,Black Pepper(whole),Coriander(whole),Cummin Seed(whole),Red Chillies(whole),Turmeric(powder),Banana,GInger,Garlic,2026-08-07
Average Price1,Average Price1,45.3,33.11,31.37,37.23,86.84,123.45,121.87,111.99,90.47,50.3,60.94,206.73,196.99,166.33,164.71,190.1,148.43,60.09,275.98,22.16,22.75,35.66,38.35,38.33,44.73,42.26,55.26,47.21,95.9,696.06,60.06,85.54,43.7,88.31,42.11,41.11,29.85,16.64,50.29,37.22,43.59,2026-08-07
Maximum Price1,Maximum Price1,75,60,54,71,128,180,180,150,135,60,90,310,263,256,209,244,201,140,698,34,60,70,120,80,85,70,104,100,160,930,85,120,175,127,100,95,60,40,107,100,100,2026-08-07
Minimum Price1,Minimum Price1,31,16,22,29,72,95,81,86,69,40,40,159,143,126,121,121,110,36,153,10,9,20,11,19,22,31,35,31,65,514,49,57,18,67,26,25,19,10,24,17,21,2026-08-07
Modal Price1,Modal Price1,40,30,28,35,85,120,120,110,90,50,60,200,203,170.5,165,192,134.5,60,300,20,20,35,40,35,40,40,55,40,90,741.5,60,84,40,85,40,37.5,30,15,50,30,40,2026-08-07
,,,,,,,,,,,,,,,,,,,,,,,,,,,,,,,,,,,,,,,,,,,2026-08-07
"Department of Consumer Affairs ( Price Monitoring Division)Date 07/08/2026 Daily Retail Prices Of Essential Commodities  StateCentreRiceBroken RiceWheatAtta (Wheat)Gram DalTur/Arhar DalUrad DalMoong DalMasoor DalSugarMilk @Groundnut Oil (Packed)Mustard Oil (Packed)Vanaspati (Packed)Soya Oil (Packed)Sunflower Oil (Packed)Palm Oil (Packed)GurTea LooseSalt Pack (Iodised)PotatoOnionTomatoBajra (whole)Jowar (whole)Maida (wheat)Ragi (whole)Suji (whole)BesanDesi GheeButter (Pasteurised)Eggs BrinjalBlack Pepper (whole)Coriander (whole)Cummin Seed (whole)Red Chillies (whole)Turmeric (powder)BananaGingerGarlic  UnitQty1 Kg1 Kg1 Kg1 Kg1 Kg1 Kg1 Kg1 Kg1 Kg1 Kg1 ltr1 Kg1 Kg1 Kg1 Kg1 Kg1 Kg1 Kg1 Kg1 Kg1 Kg1 Kg1 Kg1 Kg1 Kg1 Kg1 Kg1 Kg1 Kg1 Kg100 gmDozen1 Kg100 gm250 gm100 gm100 gm50 gm1 Kg100 gm100 gm  Average PriceAverage Price45.333.1131.3737.2386.84123.45121.87111.9990.4750.360.94206.73196.99166.33164.71190.1148.4360.09275.9822.1622.7535.6638.3538.3344.7342.2655.2647.2195.9696.0660.0685.5443.788.3142.1141.1129.8516.6450.2937.2243.59  Maximum PriceMaximum Price75605471128180180150135609031026325620924420114069834607012080857010410016093085120175127100956040107100100  Minimum PriceMinimum Price31162229729581866940401591431261211211103615310920111922313531655144957186726251910241721  Modal PriceModal Price4030283585120120110905060200203170.5165192134.56030020203540354040554090741.5608440854037.53015503040  NORTH ZONENORTH ZONE  ChandigarhChandigarh422834408512111811190476020520017016518514558270282032473844425546956375975408839412916482633  DelhiDelhi453634359212013012090495922220718919822016960235282243473339386040956845973639342313014576363  HaryanaHisar403130348512711311088486222018916716118313255252292028502738396240906376076508240393415702850  Karnal3845283886132134114103527023420717916120014960220302040404040404540907476590406741403616804742  Panchkula4032354592132116117994668197192170176180NR57217NR3639392640355741806325675358140383621573134  GurgaonNRNRNRNRNRNRNRNRNRNRNRNRNRNRNRNRNRNRNRNRNRNRNRNRNRNRNRNRNRNRNRNRNRNRNRNRNRNRNRNRNR  Himachal PradeshShimla40NRNR3487127128118855560242231181176NRNR542403025434033NR39NR39906815884408334382417554245  Mandi40NRNR3682127135115875362234220185176190NR542603224374134NR36NR38956825890428746313216574946  Dharamshala38NRNR3284127126117875044NR213175165NRNR542353020354034NR35NR40936305990409749423415603238  Solan39NRNR3482124127116895255223220176162181NR5723030204027363836NR35966445986509144353417604343  Una3939NR3488116137102855369NR197191181NRNR592653116393934NR33NR33987016399339859343515564944  Bilaspur-hp41NRNR3482126128115865366NR188187177NRNR56200312040403360376237827435896508747313313535750  Chamba3745NR3884123122117885155NR197180177NRNR56235302244404959396040896446088418848353618554852  Hamirpur-HP39NRNR3384122128107815369NR221187170NRNR5526531243740334837NR36836416094428739373215535253  Kullu41NRNR3588131128113855340NR225181184NRNR6022030284030NRNR35NR3510369961110509033323112556060  Sirmour40NRNR3283120121109865351233210178162146NR562733019404236NR35NR36956106185459236453219604748  Kinnaur38NRNR3683128129107845160NR229178151NRNR5026031304750NRNR38NR408887563905210048454215505250  Lahaul & Spiti40NRNR3890118123111935051NR197175NRNRNR4948028294250NRNR35NR34846005890428035352815573639  Jammu and KashmirSrinagar43254145931461251231005555NR209185179187NR6032030303232NRNR60NR5311567962835210053703917804841  Jammu5037313684112119118915155NR223172167160118553033020404536585768601096386094379263473319525941  Poonch554235481161801251221226075NR231214194NRNR6538030305060NRNR53NR601237256084578548313115774152  Kupwara46NR3841103NR1301271196055NR1871761581741505749730304050NRNR35NR5111766462735379395132141073340  UdhampurNRNRNRNRNRNRNRNRNRNRNRNRNRNRNRNRNRNRNRNRNRNRNRNRNRNRNRNRNRNRNRNRNRNRNRNRNRNRNRNRNR  ShopianNRNRNRNRNRNRNRNRNRNRNRNRNRNRNRNRNRNRNRNRNRNRNRNRNRNRNRNRNRNRNRNRNRNRNRNRNRNRNRNRNR  SambaNRNRNRNRNRNRNRNRNRNRNRNRNRNRNRNRNRNRNRNRNRNRNRNRNRNRNRNRNRNRNRNRNRNRNRNRNRNRNRNRNR  RambanNRNRNRNRNRNRNRNRNRNRNRNRNRNRNRNRNRNRNRNRNRNRNRNRNRNRNRNRNRNRNRNRNRNRNRNRNRNRNRNRNR  RajouriNRNRNRNRNRNRNRNRNRNRNRNRNRNRNRNRNRNRNRNRNRNRNRNRNRNRNRNRNRNRNRNRNRNRNRNRNRNRNRNRNR  KishtwarNRNRNRNRNRNRNRNRNRNRNRNRNRNRNRNRNRNRNRNRNRNRNRNRNRNRNRNRNRNRNRNRNRNRNRNRNRNRNRNRNR  DodaNRNRNRNRNRNRNRNRNRNRNRNRNRNRNRNRNRNRNRNRNRNRNRNRNRNRNRNRNRNRNRNRNRNRNRNRNRNRNRNRNR  BaramullaNRNRNRNRNRNRNRNRNRNRNRNRNRNRNRNRNRNRNRNRNRNRNRNRNRNRNRNRNRNRNRNRNRNRNRNRNRNRNRNRNR  ReasiNRNRNRNRNRNRNRNRNRNRNRNRNRNRNRNRNRNRNRNRNRNRNRNRNRNRNRNRNRNRNRNRNRNRNRNRNRNRNRNRNR  KathuaNRNRNRNRNRNRNRNRNRNRNRNRNRNRNRNRNRNRNRNRNRNRNRNRNRNRNRNRNRNRNRNRNRNRNRNRNRNRNRNRNR  PunjabAmritsar4033283282137135112905259238205176158192NR65273292037403738406140906926084409544302912524350  Ludhiana43352836871331321181034962240205178167200NR61275271842353448396249926045280489250422519474750  Bathinda403228328013513511390525824220817615419614365273291738383240386238956836087409547312913524850  BarnalaNRNRNRNRNRNRNRNRNRNRNRNRNRNRNRNRNRNRNRNRNRNRNRNRNRNRNRNRNRNRNRNRNRNRNRNRNRNRNRNRNR  Hoshiarpur363328377911911111299517121219016814214312659271251534403531446548876235579339949453415625043  Faridkot423629348513013511995536923618717615220213563283302040403250407240856705984428950333013524852  Mansa4037273387133130113925060NR192174156NR13364280291938404040396238926595882389242353016485853  Sri Muktsar Sahib414028328313213811390546621818517214317612459290292042402948396739886305772489047342614585050  Dera Bassi4036273387133135117905061NR190176158NRNR65268291537403941386240906816073379541353216504750  Sangrur402728328913013110588546024619519519019517559263301535403545406740977106078309060453015505043  Ropar4036273387133135113905161238192176159NR14163277291838403742395839926786083409343363115475250  Amargarh40272833901301301088555602451981931931951816025030154040354540NR40957146072359560503015405050  Fatehgarh Sahib4632293595135115115116476025618318717819411757293301535362845326540936045878459545483819502332  Ferozepur5040323490130130120905470247187176148198137704003020403040504060409072572702510060403315506573  Kapurthala363130397313212310890526522919216714618515465283301537404250406242936926292479531363313574040  Uttar PradeshLucknow41303035761151209675506020819716517618115460250201835383037365536906176090408840403015484042  KanpurNRNRNRNRNRNRNRNRNRNRNRNRNRNRNRNRNRNRNRNRNRNRNRNRNRNRNRNRNRNRNRNRNRNRNRNRNRNRNRNRNR  Varanasi44322836831201241078249722131941791782031796323221233436375638NR391077366482418434342918583743  Agra4533303478115100907449702232011751862081875825127193937193841NR43998006285288049303115405362  Jhansi543329358213212811287526721617917615019813260230222238423340416745936665878388740403015423343  Meerut37292936841141178685496617516616516917016451288181838353637356637976466094398734343015564445  Allahabad512527348911513512993495622020517216519914754332302125373536394543996786372358533433019574858  Gorakhpur412428368111611610985455519518715915216912355225221834363634345136925995680377833382416552632  Saharanpur4028263082116115110885158NR175155154172139552422116323532NR38NR39915846080378333372512494744  Bareilly3927273590118132110103497221319017417419116156302261522312743365738897036080257946313017533134  Ayodhya4035253890115125120904560198198187176174143602402420405045454560421008356072509040453020602035  Moradabad392625328111611410786435819316614315515414153236211635463439365337896765675328434382618493036  Aligarh403128348211811510684465620018815815618414353247201727373441385042916135578378535392515453138  Mirzapur (Vindhyanchal)342525338311511010484465018417514913714811352218221929393040365040936746284348230382515453940  Banda372626317410510910174515522417916714718111658158191342383958346939795826081328830332921485250  Azamgarh3929283284122120116884461NR213171172200NR562802414345037424251331046575694337628372918503342  Gonda (Devipatan)3925263985118128117885153211200163168172128532572015333339373862491006225887388534402520473537  Amethi392926358511811811897456022019918518319214255222221525363439364439986445880318534443016452138  Barabanki4429263577115118111784960200183168167175130592252220324131473745369861259105328531423015462530  Bhadohi352227358011511311580476821219217915217812470215221430403339374940796746272309036393016602035  Chandauli312326337912012312080495521419818113619212367247191229303252346039806345686398134382716492942  Farrukhabad4630263083110120110904866225209162158220126501871911254024NR35NR40906596182358034352616433538  Ghazipur4329293687126120114925265199191156155184144602722116373236404355481047086289418743402918474451  Jaunpur453428358511711711587486221220217816718812759269221832393745395539897105786308939392917483948  UP-Pratapgarh412430348111411411489485421319916816417312859253201433313531394639985515876339035312716393343  Sambhal4123263187105105100905057199180155141157143552581920303027NR38NR38966595879268445432916383932  Santkabir Nagar4439243582117103102774567200207150146178123492653017314429303783469873461963810030522920485150  Shahjahanpur321926328011610610997475618217714713615912845222201223452632345237875535589248730342411432434  Sitapur392728328111211010583475919117114814315513253230182025413033365440916305973348035402915502734  Sultanpur422931328511911611087455619918415915917914455262201825313541385144926395679358536372615453037  Unnao423229338712312011288496020119016316518514658257221833373742385343905865981388838382816483843  Ambedkar Nagar372426357812012713088486122021215916116113864200281535463838357540877156179418036403120613440  Amroha42232633831211149687546025018015115717613660233222035403043384338907146074378441393220384543  Baghpat4337NR318313012711895477019617916315916313057210281927403551356740956046088408333352512382445  Bijnor452528357510011095805060220198165181198154552802015304030404050401006045584358840353015404035  Budaun36162530841121039993506521217917916618112653280211231302546386537936135970309030392511422525  Etah4433273582118108110904559207182156156168113542702219324328NR37NR39906776072339332403218422740  Fatehpur431928358811711710887496120018915214515711954225231633382432344236986136179368738422318443339  Ghaziabad413130338011811711195525821819617215818713659202211833323344385444986266188428342402915474938  Hardoi433227348412311710988535820818516015818113457242201633333538395545956275885368738402916474044  Jalaun46252835841181031028947581831731521301631155822520153330354140NR43955736081359038422918404042  Kaushambi432626358411812910986515820619617316118612855237211940403135395535866115676438339362816452939  Kushinagar352826378211111411882556818619915716615613567221271430514041384540966156161288839382913473630  Lakhimpur Kheri382628358411710610385505918818313814516411261228201830423135366036926655874307935443218452344  Pilibhit433528328511511511595496820720017516219213752229201630343245386638956986094208642443217404240  Sharwasti4024274080120115120805060189220170176NR1246021828153228NRNR40NR40985826083208840402015333840  Siddharth Nagar413028358311913011782516421220016815515912656228221735354045356234806235980337037332520433843  Sonbhadra352826317511010510280484517616515213215412156210241527402740335034806216568358533322514452025  Rampur522828307810611610510148611941921491581611365526624183328354436NR36986356585359335362914544035  Bahraich3526253189128120114904255194196157154161124442502521363736343465341066465680227327362319532137  Basti402730328111512711579475620019015515314712357244211735404353345334935925585398135402620393439  Etawah44NR273285121115110874862199191166156NR137582642015263433NR405544956596085398539412816503139  Muzzafarnagar40292631851201181088951581851761561561781425524520143540354036NR36905255873358034352511454940  Chitrakoot402425328110310093804650186207164164180138552201520354025264059488963758105408038402115454055  Hamirpur-UP44252836881161191108650701911871591821861385921017203545NRNR41NR42976436086318942483017553645  Deoria35222830921191119998486123619714313222512047227201730563840364536935975959558029392718353735  Hapur36242836761391351251214962207201168178185163632182615303842414047401007366394349645463212683333  Bulandshahr4236273293103113107835270NR18616017215815649222191935373543365636995975689308730472715325041  Kanpur Dehat37232631791001129386456420018915014916812449218191938383136354835855975876327132322415383738  Hathras39312832831171141068443612101941681651891465224820172437253034NR391056986373408737403013383337  Raebareli412728318511811710989485919718616416418114659216212031313743415445946905985318639392915493641  Lalitpur362328317510911010584476017716914614317411852235201529283040325934905785680258530402418403040  Mohaba37252230791081009783486217617615015418412036183222030332735354835975965474228333392816363738  Gautam Budh Nagar382730378112311710892505922318516814918013064222181131293439396240926435992338136393216393737  Auraiya4125273782119122111954757186176160164166133572162420412827373956371066645285387936391917444152  Maharajganj372528328111511810980465819219115115416412652213221530383744355136915995879378034403017383130  Balrampur36292935821171171138351531782011541562001256320315143535354935NR40976885994439247412914323735  Kannauj402628328311811410987466119918715815517513455239211530303239385339946375674278434422716433332  Mathura322727338811912811896456622917314113915612244263271941393443404740996325883378948393415434253  Firozabad403131368211812111188496022221118117920716058268212132383642375542956486082428341382916483841  Kasganj4533273587122112113934859222200174178203159552482120303722NR40NR42986175675378539472913383542  Mainpuri3830283288132120113884565220211171189189155512602417232924223940381057005570358547432521362026  Shamli402625308011512010888465018918115614615912854227151632352740385839905416082338839382713474540  Ballia402227318412011711192485820318615415416613052249191634322843375438956255577348536372817515154  Mau39222534831151121088746551911771491481501206322522163046NRNR35NR36916445575398931403015484239  UttarakhandDehradun4230273595130127129945167187209159170187NR7025032193643354340484010069263724511545453915603540  Haldwani4750313595141133131915462232210156190191168652723226343149424145439570060823010040453318544541  Rudrapur413635419717013312395516420120917816917216265233303140493638426642977466489419534423218543134  Haridwar4431313992141124117904663225206165160177NR642902817314941NR414943996515876459444423317612135  WEST ZONEWEST ZONE  ChhattisgarhRaipur352831368211511210983556119822914417618615656216202136203328404550877055690418443372914325045  DurgNRNRNRNRNRNRNRNRNRNRNRNRNRNRNRNRNRNRNRNRNRNRNRNRNRNRNRNRNRNRNRNRNRNRNRNRNRNRNRNRNR  Ambikapur3535303593118112103954041172161174159165NR4825515203540NRNR40NR32705985290307830603315472025  Bilaspur-CGNRNRNRNRNRNRNRNRNRNRNRNRNRNRNRNRNRNRNRNRNRNRNRNRNRNRNRNRNRNRNRNRNRNRNRNRNRNRNRNRNR  Jagdalpur362436387212281109964647199220145143180NR45194172631403838394144878715481218150484017461950  DantewadaNRNRNRNRNRNRNRNRNRNRNRNRNRNRNRNRNRNRNRNRNRNRNRNRNRNRNRNRNRNRNRNRNRNRNRNRNRNRNRNRNR  Dhamtari3730344590130115103954955220203139203190128582132622304252474552501277236388439038322517454757  Rajnandgaon433330368512211811189506021921017817720416058270222035403030385038966806070277944422816502435  Koriya39NR35398110897102814575205163153151168NR4719525204040353446NR5882693588840782738281748NRNR  DNH and DDSilvasa565045409113813812897456921520818117518313065227292035404454595665107655589645NR75453522395050  Daman6252383789113133117945070211211NR17419213060217322540403742605760110690639060NR60404424405060  Diu49414050921451481301075368229236NR2002131636542032284140396356836510871462962712353364021534935  GoaPanaji624348471031321351351035465222200203167172145633152837403539624853491128245883658362432516426267  Margao5743485192133138127955566244236223192203176673502732403342634758481228246088559855483717485263  GujaratAhmedabad393241419812112210498506819720417219120117959211234038503943456646916625869387832363722452726  Rajkot342731408611010210095466819019815117019515860205182235423543396844916265763358032343915432828  Surat3331323885111111104101456920120116319220517751209193045493939396245967045468707631353715343025  Bhuj382730369011011110095426318918815117619016158202162932373435386738946175368367428343716402727  Selamba362736409112511711590486419219515317119016460210192035404041416741956366084507931323517424040  Waghai383437429312011810298456820018715215618314759209203134443536406044966315870407530342617413028  BodeliNRNRNRNRNRNRNRNRNRNRNRNRNRNRNRNRNRNRNRNRNRNRNRNRNRNRNRNRNRNRNRNRNRNRNRNRNRNRNRNRNR  Vapi322432349011411410194446618716913814516914556205182828463846406636966925668387831323215382830  Bilimora41343838109109116108108556921019417718919419251221212840423939406245996415469367631353318333027  Idar37263736911181261029146732121911561681821506323519313246364236664710173263682710141304018613648  Jhalod362735389311712410099516621119015516717415463210212931414036406947926705575437428333718402222  Songash423130368512212011189496020519616616718815459254212135393642405444957175685418235372916473640  Madhya PradeshBhopal3735293482118110105904862180207180149196NR52255102030353840386141886435792309842403515314055  Indore40342835861171181108148641831751641701541476126515203040373740NR40846455989388335332615334740  Gwalior4540303480121122110904563212176172160184NR50222121822382830406540886526071298435352615402235  Jabalpur383030358211611410886466019818815015518012050250182028313840415545906325882308540352815422840  Rewa35282835761069594784555177154148147147NR5523718162338NRNR35NR37856555776259028453013452035  Sagar38342729791181229883536020118514216718916259265181828314353406240886766088388348302915404535  Jhabua4330313687131121114925565209205199177193NR652901522334233414266449271866100309249403221403940  Hoshangabad463029378112011710192505621215714015216513155219121930324247415042936566088489231401920512429  Shahdol3530293586115112110834460203186142153181NR52210182025303733355040956045870309030402718353025  Ujjain40393439941261181031014562168213183149191NR51259182223423538436344967246365249745373015394548  Morena41312631931201121071025168200187156156159115552401412303030NR38NR381006156084208236322815302040  Anuppur352826358011812011090506021420313717617615960200201532254040355050907696580319045352615314840  Bhind413629348411011411284466218916714314313711551250151525403544396538896516277268129352516403835  Dhar433528388513111311090476317419116816318712355210152031433536465546907316189308730351917494135  Harda4036283382120125109905262209209176170192NR60200202035404040457045907236096409040302315326050  Katni35302934791171071078047501661561271481561125020519203530353845554510060458100208040402715322040  Khandwa4234323480118123112905153214192181165187NR53270182028403635445545916595588399831332717422936  Mandla3530323883103120110855450223198165176203NR602003023382345454160479069263100309348353113405252  Rajgarh40NR283280130120100905350181194183159183NR6020010203037NRNR40NR459070762110409050372420405045  Sidhi37342736801201009585506018718115416514311555265201535403040355450906335590348030502515505045  Chattarpur4235303890127120113804650198192170159159128582402015323032404058501006006084209030453015332740  Neemuch4833263482135105110725065190157145154148NR46317101525434240436541876326370408035423015482532  Burhanpur41372934841241211088145671811861761441801374925529192525383744NR499874758101339040353018303030  Narshinpur3828303578122110110884752200189141148165NR48233121535404242456048856376085459035352515352540  Raisen4030283280130120110905357187194148150NRNR5725010203730404033NR40866926080328946323120354853  Sheopur4027253484115114110844560227192174140165NR55200282535403235456045906375880189040403215403040  Agar malwa37302532821271221041025359197176159164149NR5328820172131485044NR48836846087309832353017254326  Umaria3532323683127117117905060218190154171190NR572171519372745NR43NR47936116088358732472715456050  Shajapur3935253285122122108885060181192163159189NR5726020212437383839NR45926816086368737362815403640  Dewas4137283589125115107885164197194174170193NR57240122625363542395745977056487358945352523352647  Khargone3927283578120122110854750186156132170132NR50225163025354040406540906405584358535403015352045  Singrauli35292534841001061098148592141971371491641175723213213630NR4036NR46896935691248846422215307552  ChhindwaraNRNRNRNRNRNRNRNRNRNRNRNRNRNRNRNRNRNRNRNRNRNRNRNRNRNRNRNRNRNRNRNRNRNRNRNRNRNRNRNRNR  Sehore4036303280125120105855060181192165159181NR6030013203333NRNR45NR43836596081428530352415504746  MP-Ashoknagar4635263175116110101904460184187162158158NR4721114213330414041NR39897765889548841442519405047  Balaghat3629343879115116116855352219215149165186NR60200282035254245376045886816375309845332615585857  Guna453725307211211410079526020118117715618113450217201333383141466945837016174387937382715372238  Ratlam403429338012011910989476220218915816317915858250102228373242416342916525978248338382815403738  Satna352828359012510090955060211185163161161NR51260202030352845336331657185260347528333015522535  Vidisha39NR303577108122108835255190198154176189NR57240111020224040346836816596092188842322615433030  Alirajpur3843303687124118114954572185196185178187NR53307102740503135454247936115780287740432917372540  Betul4032263579116110109855460203207157175206NR55245122236254243406940996736086359544392215414250  DamohNRNRNRNRNRNRNRNRNRNRNRNRNRNRNRNRNRNRNRNRNRNRNRNRNRNRNRNRNRNRNRNRNRNRNRNRNRNRNRNRNR  Dindori3832343797110105110884555220192154154176NR48230132035304049455845816325385309035353015383550  Niwari362825308313198106894857226210172199155NR5221530203528NRNR40NR40977206096249233402719472532  Seoni3732353786115110105855055196214170154187NR502151120202540403768421006545881278048362115453035  Panna38302436751201009590455218117613714313411553210111525304048356045976515675377630353113472038  Tikamgarh353025309012011095904450205167142149147NR502002020353530354040451006595870258529412017302030  Datia45382530821271129876455822219016115719212455227272430374632457745927056087218942472716384255  Maihar402130309098102978046602271981651541871265320515183040NRNR40NR45977215872379730393515372543  Shivpuri434026348311511811188456019817715716517016250307172025313743475946826966079288237413224303943  MandsaurNRNRNRNRNRNRNRNRNRNRNRNRNRNRNRNRNRNRNRNRNRNRNRNRNRNRNRNRNRNRNRNRNRNRNRNRNRNRNRNRNR  MaharashtraMumbai41384148931331401309952602452312071851991577932032273338446057655311371063946310977414317423753  Nagpur604250559813813212010748672392161681722001417028327403860425252825211081459102489841483521685781  Pune382843528410111610684447520821116917218516760353323128434043453745895516084579949502620423135  Nashik41414341901401381149650602092271901721841436034329223247406949654910164760777311763373217254742  Mangaon-Raigad66484349921301351169353612052271781641981376837331273555465742574710086162964811772394822554463  Dharni4533303785121119118925458222193160181205NR6032213212841392941NR46957436789508639422119417348  Latur5747465085127132123854968211217162165185161632672627272838574270411137736481739847422823457253  Akluj434137398412011711297536021323117820921418655332302532343451396040906595257379352363112282031  Arni Yavatmal4430343699123125114904963192170154144159NR573001030404035324770551037845572409945422015503530  Chandrapur43443847891311391201045461207214220171190NR7027530224217525660555810768358702510057432220586878  Karad Satara71533548911371341199255742081881671781941695929329273223394142594211768561924312151412919384242  Ahemednagar593744478412012311999506017517116616918016454259302229392945394439995806077499929442618253539  Khultabad4726333678111116108855046184NR1451661731536432020313136324137NR42867026081398132352316372038  Islampur433437478312413112110051712262061601861971565541927302925384039594310365560795910359533627494746  Kankavli4544345184132131126875160184200164152172135533732037255753474550461006885695727747413718633053  Partur50NR3140801211201118850582032081861761951765940110292541313543NR4787775NR84529240423115506549  Gondia5535343882118119110785363202213153179190180672603023352742484252428976561833210050502921374555  Jalgaon5027364490131136116975466203210180174197186664683120384238425561559975362864312460413720404748  Akola43NR344685130118116974969182210167171184NR623273023254042385067501037845982438842432316375545  RajasthanJaipur603832419113912911590475521119618019318813652307152231363131497649886305884539544363717382838  Jodhpur41403234729510494724353216222NRNR190NR512722123363428475052471036725589258971312916422627  Kota6040313583133126109805065207203156170209NR60327241925403346515650886966081428035383319473635  Udaipur514031327612212211782525021621018818718818968340292027554057406648876086380409044313314505242  Bharatpur4536283489123116116914560238195174183NRNR60301301940383035456549907096086319040422914402942  AjmerNRNRNRNRNRNRNRNRNRNRNRNRNRNRNRNRNRNRNRNRNRNRNRNRNRNRNRNRNRNRNRNRNRNRNRNRNRNRNRNRNR  Bikaner5431384287121121938849551761761681691641615024715222046404953NR52826946090487732352521352341  Bundi4140263476110110100814760208188165182220NR50320122122203136406150906376580318237353816402535  Rajsamand4441314079119119111934663182192143148187NR50302242035493744416247816045390408040393120452533  Alwar5842313478122118102885358232179154159180NR57301272140382039487348905445674269052482916483248  Banswara4338384388137136126994459239217173184184NR582232929406534355156557862158118388749383818394542  Baran463432358713512011084485322020914813715412646352242226442833424147896675767399036313411383032  Barmer5040333590130110115854554187209170193209117533002220233228354960531007915876529041253114423230  Bhilwara53392937931181119995445521720315716920318144289202725342834425542746675573358634352220392540  Chhitorgarh414027318114012010690465620721816515219814655323212637583838465845766156274468542373420434542  Churu4534303385115110100904544225197159NR230153502802018255024324050409074780722510050353520403030  Dholapur4434313583123119108894665213NR175173NRNR58270202435332836404443917476098408639392916454255  Dungarpur4137363589124116113944755NR18116917417216146269272543514738457555826166396537737433725462734  Hanumangarh38332735741221231231114750245200204145151NR463101734404733465373568467260763610857452218504257  Jaisalmer40NR33358110911899814560211205141146189NR512532020253230334564479365262120338441302413373044  JaloreNRNRNRNRNRNRNRNRNRNRNRNRNRNRNRNRNRNRNRNRNRNRNRNRNRNRNRNRNRNRNRNRNRNRNRNRNRNRNRNRNR  Jhalawar454125328512911810088455918817615917618117052298192224373034415042857035880318130393217382134  Jhunjhunu42NR293482125122NR92NR57NRNRNRNRNRNR62NRNR203040NRNRNRNRNRNRNRNRNRNRNRNRNRNRNRNRNRNR  Karauli474025321041451301181054651217203197190233191433422020414326NR5248561116336396409538452218412337  Nagaur5136384290125126909043571771761661641631535131021233144354753NR51866896090497831352621352245  PaliNRNRNRNRNRNRNRNRNRNRNRNRNRNRNRNRNRNRNRNRNRNRNRNRNRNRNRNRNRNRNRNRNRNRNRNRNRNRNRNRNR  RJ-PratapgarhNRNRNRNRNRNRNRNRNRNRNRNRNRNRNRNRNRNRNRNRNRNRNRNRNRNRNRNRNRNRNRNRNRNRNRNRNRNRNRNRNR  Sikar4530313585137116120954553229199165143165NR552362925303021245370661025145261228032332517405048  Sirohi4240283474109122100765052207156NR159NRNR492531720263827NR45NR47956265997458743303113453028  Sri Ganganagar43353135881181101109745512141891681651651464931315153940383939803993NR498025NR303034NR422030  Tonk573629368512911710794497123620514116217714660283202545422546425455915796782419649403321455350  Sawai Madhopur5534293386130120116964861224179162161159159563102720343927335050491036266279369050462815433742  EAST ZONEEAST ZONE  BiharPatna4528283283117128100805361NR1971651952011755533326273538NRNR35NR36102604561003811053533420403540  Bhagalpur392328327612211499754959NR1881471551731315132028163641496134NR351046355484409629342118NR2736  Purnia38NR323474112120102775159NR197153186NR1645432418152850685838584710874353884011838402814502823  Darbhanga40NR304079100119106865157NR209197179NR131581932814334454543343351086816084408937352917593545  Gaya3325273882123109109814560NR2011691451501205734025192840NRNR35NR391106805991308433372316482827  Muzzafarpur4125273281123122111824961NR196159163219128462942316343945463651341016065685348639382616442927  Saran4527243881111107108814962NR203200200215NR533022717323141643963381077426372438135342918422528  Munger36NR273291131108118794761NR1871831851811634825728143023NRNR34NR401005846079299246403916502031  Saharsa48NR272977113115110754761NR188NR190NRNR5028029112248NRNR39NR37937105574409552473711402829  Madhubani3721303584125109998347552061661611561731284728028212931NRNR3348351016155771328232312312502627  Rohtas (Sasaram)37233843811121199181526919920816918523018162236341835314358335235947455884498744292715624745  MotihariNRNRNRNRNRNRNRNRNRNRNRNRNRNRNRNRNRNRNRNRNRNRNRNRNRNRNRNRNRNRNRNRNRNRNRNRNRNRNRNRNR  Samastipur4623253580113116114804560NR190137132NR13352315301329NR3039387347977136792368034722510382828  Katihar462928307211712797764661NR181135152170NR5631119152933NRNR33NR311076686477338942492512NR2626  Araria37NR313577128130117824961277195162141195130583352919344950503980391016326295528244342411552828  Nawada3119263379133128113794959NR194152181NR130542222817305339353253361027225863738135312211632323  Khagaria4425283480103123112844742NR189151170NR1704238529152153NRNR40NR401156045078329026503016332040  Banka3719273680120112106754857NR2031641701921275228013152843403936NR39996405280428036403010403033  Arwal382625358113013097854859NR2111651731871435623228242735NRNR35NR37937485889398033352519482732  Aurangabad332429338112212290794755220198188154156119562102417385050NR35NR381027695879448436333017522125  Begusarai3636303577117117107774860246188158144188123552662812343853433552381086255879399634332117363443  Bhojpur Ara4720303478118120109815157245183158154186NR5935330213442NRNR35NR371046816084428450402510474835  Buxar332326338411511711989515820219717516919812459258291636323755347341907734995398747353119324630  GopalganjNRNRNRNRNRNRNRNRNRNRNRNRNRNRNRNRNRNRNRNRNRNRNRNRNRNRNRNRNRNRNRNRNRNRNRNRNRNRNRNRNR  JamuiNRNRNRNRNRNRNRNRNRNRNRNRNRNRNRNRNRNRNRNRNRNRNRNRNRNRNRNRNRNRNRNRNRNRNRNRNRNRNRNRNR  Jehanabad3123283479123118112785156NR207179185NRNR5524329152834NRNR39NR419166357100258243432213572430  Kaimur3818263279117117114794960NR1941741671931305221220123832323134NR39887146085388233332715532628  Kishanganj4022263780125120110915165189172172149202131663002620395038553780491026596580499544302819623936  Lakhisarai4025304083113120118884959NR199167170NR156532982716324250604544401107546096378535402715402323  Medhepura39NR27377311412592754959NR1971571921901344528323163043NRNR36NR369172258108448936362815463636  Nalanda3119293373113115105754563NR202179164189NR53320301824366059336136876725786347928332015503121  Sheikhpura3526283989118112111825056NR222181204202165562852718274740NR385140110640588025953030411335NR25  Sheohar4924283783122120105805059172211162170202122572322621354150534137401177366375258035352515542625  Sitamarhi3421252976123126108834658NR185176163170130562332921333053533348331087945994387937352513432328  Siwan3526273076113968674525726720018318919417853202271328304744314932887096166298034412914512526  Supaul352427327711511998774755NR186163185NR17860NR13122343NRNR36NR3612458654903379NR563515552522  Vaishali362529347911411710075525320919214818720915960207291735404949354240907695584408033322513374535  West Champaran3727293582116117109834556202186175153176NR472602022293935413345391055675476399047502717472421  JharkhandRanchi4327363581122120111805160236196156183196132632102920374235403740431016486087409042423215505048  Gumla402327368210810692834855209195187137154121532001516254034683550421006766378559040302315502838  Sahibganj372530348812013210583506219220319218718714365350201540455648386053955936080409055363014404540  Bokaro3830353786132114110834857NR1821701641821445632228233035NRNR33NR40100709578943812841251360NRNR  Lohardaga3727313685102125110804561NR2001651632231264420326204638NRNR383540906745673258042302711384123  Simdega4225324088120115100865264181187152164154149482452220424043NR466048986656179459039362622502542  Dhanbad393034368011912311180505925120716116518713960245281638413852375446927845991479047393418514840  Jamshedpur (East Singbhum) 46283940113135130120100NRNR231192165154170121NRNRNRNRNRNRNRNRNRNRNRNRNRNRNRNRNRNRNRNRNRNRNRNR  Giridhi3420333681109102105754455NR19816916619012049300192232424035423945876376084559929402516513547  Seraikella3526314082125117106745160188186159158166122532072815333837NR44NR44926006076328033312515502835  West Singhbhum372431368212311811079486020720619517419914056236281625314249354736946466088438132322511533538  Daltonganj3826273682103118100824760NR187154166NR1386030730163532NRNR4862481177026997509842412718406159  Deoghar4018323580110120110100486017618617614817613260300251540405050406050907696090308040352515404040  Ramgarh40233739NR127118102794958NR1921591841991574627925233140NRNR31NR401086155886298328302512421725  Pakur3626384283128120938152632142011761652021546734320153847344148516010063759106609740353015505730  Jamtara412529358611912011687545927120216417218915762285291538426072346052877345785528745322913534748  Latehar4325293884128125109815160175197159159NR1265218830263141NRNR36NR541087316288378145452911432626  Godda40263039801201201038248641981981651651871325040029154045NRNR40NR479770961924010037352515604038  Koderma41233136891211271008055632082031591691921266019729204042NRNR37NR388974160100548745402715565950  OdishaBhubaneshwarNRNRNRNRNRNRNRNRNRNRNRNRNRNRNRNRNRNRNRNRNRNRNRNRNRNRNRNRNRNRNRNRNRNRNRNRNRNRNRNRNR  Cuttack4032374681115125111815758NR210154NR19517060257301538334144395541937405792629141352614555353  Sambalpur4030364582115122100785658NR209148NR1981716024030153530404037603890769NR90509045353016605050  Rourkela362736388111712199775358NR210150169198168611902916343035363945409152956100608845333015524857  Berhampur4431353779111130102735658NR206168NR1981675524521163428NRNR384946877165391608444452916494145  Jeypore4535383682110122105825258181203156NR20216956240291636404040384542808136580607535352512505060  Balasore382741458211511696755158NR209180NR1971725924028133738NRNR42NR43936175696759341403012453550  Baripada382734428411911899755558NR198185NR190170652392915373235NR5148519870657917410143363114615147  Balangir3226384085120122100805458NR211143NR19817165NR30183530NRNR43NR501007695784589040353018405555  Angul37NRNR4887133113122905364NR213176NR197NR59NR291637234355425043105NR61100498760342915604028  BoudhgarhNRNRNRNRNRNRNRNRNRNRNRNRNRNRNRNRNRNRNRNRNRNRNRNRNRNRNRNRNRNRNRNRNRNRNRNRNRNRNRNRNR  Dhenkanal3631354079117115100755558NR209154NR196154622802915384050NR395044907105890508340302012504550  Jagatsinghpur4035404280120120108855758NR203187NR1921216024030153840NRNR38NR42102NR5890708440322116605555  Kandhamal36NR434978131123115794854159202173NR19013759NR30183430NRNR454745937095975479035322710402248  Keonjhar4031405489123124111775558NR203137NR18712659NR3015373540404060431057365896679040352515504047  Malkangiri44NR354087113115108804655NR1981541551761405537722212318NRNR383538737695572308035402214503040  NabarangpurNRNRNRNRNRNRNRNRNRNRNRNRNRNRNRNRNRNRNRNRNRNRNR405040504012073660964010033402822703540  Nayagarh40NRNR4383117120113854654NR205176NR19316763NR27153538NRNR384442856875993608534412414484042  Nuapada4540355090120110120804554NR209165NR1871435524030253040NRNR454048807696084309030302418502030  Paralakhemundi Gajapati53394442851221271148550NR20020316215518614059317292035356064456047667916090469049413015604044  Puri4032NR4382117123106885359NR203164NR1941525827627163638NRNR42NR44956925885578640392716543440  Rayagada45NR415085120130111805560209208157NR19814061NR30193830NRNR454049806905896508234352613504247  Sonepur35NRNR4288130120110805356NR220154NR20312360NR10153530NRNR44NR50100824581085310048303020455845  Bhadrak3526NR4285122125120825565NR216183NR199154603302814343045NR386040857695885558240302615504235  JharsugudaNRNRNRNRNRNRNRNRNRNRNRNRNRNRNRNRNRNRNRNRNRNRNRNRNRNRNRNRNRNRNRNRNRNRNRNRNRNRNRNRNR  Kendrapara3831384684NR109105815258NR202155NR1921605728529123530NRNR425643877086196608228382515542844  Jajpur3631404982122114102815556NR199185NR19712157NR29133530NRNR36NR451007145994638539292913514545  Kalahandi4329374885120118110865554NR203163NR1921335543030193832NRNR40395083753NR96378437332913422638  West BengalKolkata57NRNR40831211321151175659NR2071791581921237228730154037NRNR40NR451037476392778350303020605560  Siliguri44NR3141851241261201184959NR190NR157176NR6822724224158NRNR39NR54957185998658640352217494553  Purulia37NRNR3584122121113984761NR194155145183NR5828227123745NRNR37NR58966796195688129413115374847  Kharagpur55NR3337801271221081055663199204NR1431921236327830153947NRNR37NR391107035796489041442918607068  Rampurhat50NR3345851231261191154557NR188NR1581771295530025153745NRNR41NR51816906394589239353516394049  Malda51NR30411031381221201175560NR210NR1541961306531720163030NRNR40NR64985936380299438313016602733  Raiganj602929481051331401151254761NR1991511742141306030015123850NRNR35NR5211566661935212050303416625050  Alipurduar45NRNR47901211241131155069NR203NR1701861376024210103935NRNR40NR45816556090409535352517492535  Asansol51NRNR3785129125120995168NR1901531571871216029730144040NRNR37NR471008116092609250393015434850  Balurghat51292738851251251081004972NR194NR1531781424635128162748NRNR52NR5810070058924810040333115603847  Bankura38NRNR35881221261181135262NR197NR1481861336130028153343NRNR36NR59936206195688535392915484857  Barasat54NRNR37901221191211155059NR1961691621751386535029153140NRNR38NR57726356096658939332617454550  Bardhaman5129NR388912212811910953602372001591431921416931830123532NRNR37NR45937686186609050302915544244  Baruipur4635NR43871301201391074759NR202199178187NR5730029243847NRNR44NR491027316096568150402715505060  Berhampore46232640831221121131075563NR1911581702011705930324153845NRNR41NR61716086084789835342915425747  Chinsurah55NRNR38891221261191155060NR192152147181NR623013093239NRNR36NR57866185895608941363216554950  Cooch behar51NRNR42931201201171285555NR2031501791741767329230154340NRNR41NR52937326083458741353015774340  Howrah56NRNR37921251211181134962NR196191170199NR6427330173538NRNRNRNR5610773161947710135353315524247  Jalapiguri39NRNR47881341301111145381NR1991451672011486830030154563NRNR38NR60896886196679347343015715053  Jhargram42NRNR37881221251161125061NR199153143188NR5928928133241NRNR38NR58906785991518536372615474754  KalimpongNRNRNRNRNRNRNRNRNRNRNRNRNRNRNRNRNRNRNRNRNRNRNRNRNR45424098714NR85581057150301945NR40  Krishnagar53NRNR39941241191271165058NR199NR162184NR5938729144253NRNR38NR62816135984709739342916484252  Tamluk3929NR36881241201201225159NR188NR159192NR5930728154047NRNR39NR60887185996789248333115505867  NORTH EAST ZONENORTH EAST ZONE  Andaman and NicobarPort Blair60NRNR621001401331131006072NR226209NR1981768033024406380605560858514574760991759850453516807365  Mayabunder52NRNR701001351421231005977310200227NR18717677365215070100NRNR63939213280261120130100483638154010095  Car Nicobar54NRNR711221541551311015573279NR220NR2141487832320405090NRNR70648211993060108NR944347382278100100  Arunachal pradeshItanagar3937404196136140122905074NR212155157207NR7740016244051NR30426052927145890518560463317694356  NamsaiNRNRNRNRNRNRNRNRNRNRNRNRNRNRNRNRNRNRNRNRNRNRNRNRNRNRNRNRNRNRNRNRNRNRNRNRNRNRNRNRNR  Pasighat53NRNR509311397931136080176238172180187NR9040020205080NRNR50NR5783723591006010070784315604867  Tawang45NR4545100NR140137985773NR236182NR165NR10034020425065NRNR42NR539368457112709828833028733143  Tezu38NRNR4090130140120906070NR154NR154NRNR10030015204080NRNR40NR7010082465108608060403020402050  AssamGuwahati353033377511195978155712162181881762031656022013174363NRNR45NR47NRNRNR9650NR40NR2219764040  Barpeta35253935791129610081547419722113915919516359153101738475043389752837366388408334332718582526  Tinsukia3440323888128100100855677NR225198209198NR6519011134040NRNR44NR449579164102408050353020403048  Dhubri3425NR3581130NR106835577NR231163154176126651801215354050653765501107476390307030402515503530  Goalpara3525323585130130109955563NR209161165181NR6121210154055NRNR36NR53977876396409538323118603535  Golaghat47363442901209011010555671592091611591741577824014163840NRNR41NR59NRNRNR94487145NR2616652743  Mangaldai442333337810895100845670NR200142NRNR1606026011164340NRNR35NR34NRNRNR9633NRNRNR3017652340  Mushalpur3927403785117111111895575NR2251491961951375226910154257NRNR39NR508283160101399629NR2926594040  Udalguri3725NR378311796112875177NR215NR1601881455827210113751NRNR39NR4075687NR95378042NR2113533040  Bajali34NR334087118102113935478164219NR1592051376736310174543NRNR36104458579562104358761603225703340  Hojai3329NR40801129894805562NR1971511521841626726012153840NRNR39NR42706705992407733402811403747  Jorhat403436408611011510510254781812201601591601326020812184050NRNR55NR5478714NR105408042423012602040  Bongaigaon43NRNR358311897110904870NR184152150165NR6032210153241NRNR37NR6076NRNR9032NR40NR3018552040  Morigaon40304040831291201101005565195198159154159137602331015456050NR40NR501057256092508045372515704050  Sonari4132434298122NR110985578NR214NR181NRNR7522013153952NRNR39NR6090NRNR100458043423015592045  Tamulpur3627393985128113111895577NR200152174NR1606727010124050NRNR39NR4275710NR9040NRNRNR2912483540  Sivasagar43444050881171131121085275NR2362031761951656125711183767336354NR589569661108428037563612503649  Biswanath Chariali3627NR4092121NR1201024977NR151NR194NRNR6123310213945NRNR41NR45120NRNR80409050403020702027  Dibrugarh3528NR38881291261081015677NR216164190222NR6320312174142NRNR38NR55907996396527753423614573548  Karimganj37NRNR3983114122102795575NR220NR176218NR7223814243940NRNR39NR65130NR609953NR50NR2917473850  Majuli35NR384198120911151005870NR188NR159NRNR6026015203848NRNR41NR43112NRNR84407045NR3515403040  Sonitpur Tezpur3726304185115100110855169NR203NR186211NR4931010163858NRNR40NR45807496296409650603017802040  Haflong3439NR4590130NR120905577NR190NR121210NR8027015204560NRNR45NR459067958120409540323019802050  AS-Lakhimpur39NRNR3882114102110925473NR206161164178NR6119315143853NRNR42NR39886135996528038533213483047  Diphu3527NR3789116118111875375NR208NR170NR12792233151845474545406570826876296258050353017632742  Nalbari3626NR408212595110855870NR2091451651871266029710154553NRNR40NR40808205896428048503520634035  South Salmara Mankachar4033393881124NR116865075NR2191671601591346423312243051808539NR63NR801598337724550401955NRNR  Kamrup3932NR3982119105106855575NR227NR1882031697521915153860NRNR38NR4579NR5910040NR41403115554042  ManipurImphal51NR4544911321271229460NRNR2221982072091989826025314758NRNR45NR6372NRNR93579635332218522039  ChandelNRNRNRNRNRNRNRNRNRNRNRNRNRNRNRNRNRNRNRNRNRNRNRNRNRNRNRNRNRNRNRNRNRNRNRNRNRNRNR JiribamNRNRNRNRNRNRNRNRNRNRNRNRNRNRNRNRNRNRNRNRNRNRNRNRNRNRNRNRNRNRNRNRNRNRNRNRNRNRNRNRNR  Kangpokpi53NRNR45100147NR1401005577NRNRNR176176NRNR273153047100NRNR45NR40977536096NR1204552442050NRNR  SenapatiNRNRNRNRNRNRNRNRNRNRNRNRNRNRNRNRNRNRNRNRNRNRNRNRNRNRNRNRNRNRNRNRNRNRNRNRNRNRNRNRNR  TamenglongNRNRNRNRNRNRNRNRNRNRNRNRNRNRNRNRNRNRNRNRNRNRNRNRNRNRNRNRNRNRNRNRNRNRNRNRNRNRNR ThoubalNRNRNRNRNRNRNRNRNRNRNRNRNRNRNRNRNRNRNRNRNRNRNRNRNRNRNRNRNRNRNRNRNRNRNRNRNRNRNRNRNR  UkhrulNRNRNRNRNRNRNRNRNRNRNRNRNRNRNRNRNRNRNRNRNRNRNRNRNRNRNRNRNRNRNRNRNRNRNRNRNRNRNRNRNR  ChurachandpurNRNRNRNRNRNRNRNRNRNRNRNRNRNRNRNRNRNRNRNRNRNRNRNRNRNRNRNRNRNRNRNRNRNRNRNRNRNRNRNRNR  KakchingNRNRNRNRNRNRNRNRNRNRNRNRNRNRNRNRNRNRNRNRNRNRNRNRNRNRNRNRNRNRNRNRNRNRNRNRNRNRNRNRNR  MeghalayaShillong3634403990130130120905177NR196198154NRNR7732031204743NRNR40NR4010383863107578050532822873757  Tura35NRNR4097140NR120905576NR198NR1672031328032018274753NRNR40NR60896925996608353533020703040  Jowai37NR393990NRNR120875577NR163NR154NRNR8036015204833NRNR39NR398768163100508050403016873050  SohraNRNRNRNRNRNRNRNRNRNRNRNRNRNRNRNRNRNRNRNRNRNRNRNRNRNRNRNRNRNRNRNRNRNRNRNRNRNRNRNRNR  Mairang36NR4040NRNRNR120906077NR165NR165NRNRNR37317205030NRNR40NR40103NR601206084505027171004050  Nongpoh3532NR4193145NR127886077NR158NR156NRNR7035315225043NRNR41NR439570363113508750573319803053  Khliehriat4342393992128NR115855076NR152NR152NRNRNR31330225032NRNR39NR44737435992427758423215672540  Williamnagar35NR4035108148NR118885070NR192NR174NR1407831815284558NRNR38NR62877475784688040702020802045  Nongstoin32NR4141NRNRNR120955077NR165NR165NRNRNR35715204740NRNR41NR45976816394608054552716822747  Mawkyrwat35NR4039NRNRNR120855675NR165NRNRNRNRNR37016205035NRNR44NR5010070960986710060503525634767  MizoramAizawl5050425010315313013393558327126025616124415210352030474777NRNR50NR7090703601007090100906040752748  Lunglei505040501251801801501105582NRNR198NR20713210048630454595NRNR50NR5011568060100659575603020803070  Kolasib5345404595120140140935580NR242NR14320313210048330304090NR4045NR7012072560906098100803635503070  Mamit45NRNR50128NRNR128985380NR253NR132121NR140433302853100NRNR45NR9712754665906112750685034664850  Champhai504950531001301501401085585NR238230150NRNR12056030356783NRNR50NR100160745601085097100804220872560  Serchhip45NRNR49113NRNR1301005085NR263NR153NRNR100520303060100NRNRNRNR80160695NRNR5310780903023603065  Siaha5555NR501031571381481025580170253219147NR110100250304057117NRNR5010095110631601007380NR606040883070  Lawngtlai50NR45501001601401401005080NR253NR143NR132110480304060120NRNR50NR801406606010080100NR9060401003070  Hnahthial53NR4550NR1471501331035284NR257NR154NRNR120513303560100NRNR50NR9014065960966093NR905020752865  KhawzawlNRNRNRNRNRNRNRNRNRNRNRNRNRNRNRNRNRNRNRNRNRNRNRNRNRNRNRNRNRNRNRNRNRNRNRNRNRNRNRNRNR  Saitual50NR4550107NR140NR1005580NR198NR152NRNR12052330275080NRNR50NR90100NR589580100NR905022803070  NagalandKohima45304549100157130120905577NR154176165NRNRNR35020305868NRNR45NR90907146092508070605015803560  DimapurNRNRNRNRNRNRNRNRNRNRNRNRNRNRNRNRNRNRNRNRNRNRNRNRNRNRNRNRNRNRNRNRNRNRNRNRNRNRNRNRNR  Tuensang37NR4055100NRNR12010050NRNR176NR200NRNRNRNR20304560NRNR52NR50100NR58924210035905030603570  Mokochung5044NR60100140140120905074NR154170165NRNR8034015255550NRNR60NR7012079160805510070704020502060  Chumukedima40NRNR3690140145140925075NR255211198209NR8331318306048NRNR40NR85123652701153590NR823732583263  Mon40NRNR60100NRNR1251006070NR154NR165NRNR8034017205060NRNR60NR7065NR608050NRNR654520502050  Peren3930454590NRNR1201005570NR154NR165NRNR12032020256060NRNR55NR701136516096408040704720972740  Phek40NR50501001501401301005072NR163NR165NRNR8035020NR5057NRNR50NR10010063068NR6010060635630402050  Tseminyu5040NR57NRNRNR137975570NR154NR154NRNRNR38015285058NRNR53NR80907146010050NRNR904219NR2062  Wokha52NRNR6897NRNR120975074NR158NR158NRNRNR30015305060NRNR70NR8010075860845010060654015702560  Zunheboto5539NR50NR163NR110904575NRNRNRNRNRNR6024018NRNR67NRNR55NR75NR703NR826012030704025603358  Kiphire3835NR60120155140120905570NR154NR165NRNR7534518255580NRNR45NR85956486585589080755515402070  Longleng38NR4050NR150NR1201005075NR163NR165NRNR8035020234850NRNR62NR7212072060967012040755017503075  Niuland4028NR50NR130120120905070NR143NR154NRNRNR32015205045NRNR50NR70100NR609025NR40503515302050  Shamator44NR5060100NRNR1301006078NR165NR176NRNR8032020305060NRNR60NR70120692609840100NR953020502553  Noklak40NR5065120NRNR1401006080NR165NR165NRNR80NR20256070NRNR60NR8013076959995010062703520502090  SikkimGangtok45NR404093NRNR123955570NR220143137209NR6730020254545NRNR47NR60110769601086010050533023603050  Gyalshing45NR384090NRNR120905570NR220143176198NR6030020204540NRNR40NR70110651601087010050402823602550  Namchi45NR4042100NRNR1201005570NR220154143198NR6536023254550NRNR45NR8012071458108709050533020702050  Soreng45NR404090NRNR1201005570NR220154165NRNR6021020254550NRNR404070110714621088010035402020702050  Mangan45NR3840100NRNR130905570NR220154170NRNR6046020254060NRNR40NR7012070362108609042503023702550  Pakyong45NR4040110NRNR130955570NR209148165198NRNR30024204555NRNR45NR7012065158108809050603023802550  TripuraAgartala3840NR4087129123951335879NR2141811922031687225310194065NRNR40NR478273668100559251323115783042  Dharmanagar3840NR4289127123991335775NR213NR191NR1818024315224047NRNR43NR48927106298489245402815783343  Belonia3744NR4088130125971356080NR2151781922031688024713204055NRNR40NR508574068108589552333317853245  TR-Udaipur4044NR4289130124981355980NR2141821932031697324610214265NRNR46NR50847526596599553363316794040  Ambassa3941NR4189129124981335880NR2131801912031687724510194252NRNR42NR508576970102559753413115553342  SOUTH ZONESOUTH ZONE  Andhra PradeshVijaywada4733434582138137104855254203156147NR20014855297152534234545425545956045884559230402419556585  Visakhapatnam5832444190128136111875360196196153NR18715967260172037244145454545917256080359037372815504540  Kurnool574341457311711110989456019219913713019013655323173133163739434941937516171238636382313293348  Tirupathi583244458310810510990435817218313416818412861308203239233943414345876415571448534402017483133  JammalamaduguNRNRNRNRNRNRNRNRNRNRNRNRNRNRNRNRNRNRNRNRNRNRNRNRNRNRNRNRNRNRNRNRNRNRNRNRNRNRNR DharmavaramNRNRNRNRNRNRNRNRNRNRNRNRNRNRNRNRNRNRNRNRNRNRNRNRNRNRNRNRNRNRNRNRNRNRNRNRNRNRNR Ongole5531434582119117109894658183186143NR18114157300163533203842424644857186278358133382217512935  Bapatla4929434383113120106854558189NRNRNR18714152287153129283342424543907635977318230352216502433  Rajahmundry5235434680119112109864860193213130NR19113853207152035244142434644905806075368645312412352440  Eluru604143448312111511088516119821614616419614559229222835273845415144848285867408230332819323150  Guntur6030424583118122111874660190187137NR18114352215122528243538404443855855368338031332014322534  Amalapuram523445458812213611786536521821614515819914857295242437253132454648896806078398936392819483330  Nandyala614044398311811811288536119721914815419714961277153527153439395142877436477419252373018262152  Parvathipuram5339444685117120112915260182195148NR19313858280221832244242454546886836077358435352219364038  Sri Sathya Sai512941417811310610489455920119813715718814455320153120233541414743886635875308332352015522533  Nellore53354043831151151051005058192203161NR19215960260193535303540454943848156073318135372116352434  Srikakulam60303946841201321078450562022091361621661366033111223524NRNR485054896735571418945432717554444  Vizianagaram4939404380114116108884960178190144NR18913755275192433303738434243856596072308034322217312436  Anakapalli6835404585120135110855069203214148NR203143522471927352540424040401137146084407334332317472029  Bhimavaram513540418312011110586456019220314615018614155285192634273440444544887915479458838382218353337  Chittoor503545478510511011095NRNR181198154NR170132NRNRNRNRNRNRNRNRNRNRNRNRNRNRNRNRNRNRNRNRNRNRNRNR  Kakinada5037424179116113107864662195213145NR19514054294183030283740434444926406374388433372115512730  Machilipatnam513043458411510810788446316917613316816911452338152333213243444244907436158318531301912244845  Narasaraopeta533744448510310510584456316418916216917612149265182921253343424442917724974348332332018502742  Paderu60NR404483120135107855060194194143NR1941365430019303030NRNR444745907036278408333351913522540  RayachotiNRNRNRNRNRNRNRNRNRNRNRNRNRNRNRNRNRNRNRNRNRNRNRNRNRNRNRNRNRNRNRNRNRNRNRNRNRNRNRNRNR  Anantapuramu593040418311911711089486020020414215919114759310163430163541404949876705984318740392915443548  YSR Kadapa503042418110410210787446118219714817018113456301193025303840424842917436269308329362017392830  Madanapalle674040449211912810992497116720016717219213957250224033233439464351927875075417952363220574777  Markapuram5130404181120117105904567200182144NR19414854327192825303340424242887016274358239382416493440  KarnatakaBengaluru623941438812113111389505119720915715819316155240182831153944435147927626090528143363216472833  Dharwad583442448412412611288485419619314514619115250268202828184650464846867866088467834433315402838  Mangalore573543448412012911188495420919715017018815458199202929253955454847887515981468335372817572738  Mysore613641508312114010880494821521717817119415664278202936135255415542777226172439749353821554344  Bengaluru (East Range)623745468912512511889515020322315416719615859260203235184244435144927536082608339422918503348  Belagavi573642438412012110886505420319514817319515253261222931245054414643857866184418035592514453132  Kalaburagi5735454484120122117904854198201163136187154552112025352540454649459572565108707840603018603045  Tumakuru633644448912413711695525320421314716018914657232212934194950475147817206087478845443219503044  Bellary593545428712213010888505421620315715018216158281202733154242424743977666185367736363018503132  Dhavanagere623844488512012211087555320921215714819915958288242733154356435245877895887427537422516422535  Shivamogga613643478511912111191515420020814514819514854245212630154852474948927866093408636412815453036  Vijayapur583744458712312611686505321921415617618614556244202528164043415241817866287419039423815554045  Ramanagara573442458812112010892525321121614414219214854215192930164244474743907566590389235522516533332  Raichur583444448812312411583505320220216516819614455214172528235151464646917395886419543494017422531  Chamarajanagar573541458312514010696504821621115312219214357198182935145056525253907136175449440624220624245  Kolar603345469012012711894495224221316416919716055256202530123644504552957826076468539403015444145  Haveri633743469111613111191515220920417017619214352247193035124555425042957586590458042453015453540  Bagalkot593744428511812211592505420619614516518615350245202833244946445243907955888488035373518582633  Bidar6137414183119121113845153192197146172187162582731928282339484148418779861106578848383317574848  Koppal613843458412012711691505220019415215919215753247193034154247434644917425886429038412717533236  Mandya633644478511913011597525221823114417019215655241202933114647424744957316584408149373015502540  Yadgir593544458612112111087505420320317016519215951210202530204452464645967805884438035382819483045  Chikkamagalur583644478712112411190505320619915315819314756217192634174546464846947226694478441433116454140  Bangalore Rural593643499012513110887525021419514315218614557265202831154946454748947296490388338522720473244  Chikkaballapur633446479211413110987565222221116017219416054296202830194544444543977405982418539412515403244  Chitradurga643543488512012011087535320721014914919615656280183035154354445246877775884438038432616552735  Gadag573744478612112911889515321419514513918514752246212534223945445146887367095558638373919393037  Hassan563644488612112710996505422319915115319515959245212434194646474647917356089397938392813394639  Kodagu593644458612012611389515220820415315719015255249192732194447454746917606291468338432916493442  Udupi583746478411912411294494822021016617718715855221192833234443484747917476792547940554119533333  Uttara Kannada653746439211913611596524822320017217519314858293222933254653434944977866283499947404519434552  Vijayanagara5737424385120123116945052200211145NR19414453229192535134048474946957426083358839383816482732  KeralaT.Puram64534144951351481259055563082421981441981487326014384230465548544495NR6177459050503517705060  Ernakulam53604044113155143135975560247242203NR209171682251543403750654960NR1187867178458060403518706060  Kozhikode48575044110140145137975356NR220165NR2001746723715273920NRNR445247107747NR7857824837281672NR58  Thrissur5553484996139130135855358NR263216NR200172732971740483553575161571167305894549246522915664352  Palakkad4839484494129142117865454238219192NR19616859223133737235350485048967076372358451403216704043  Wayanad505851451211441561431175357285258201NR2121766224017353724NRNR4868501207936888438550423117614363  Kasargod505850601131391361361114866NRNR218NR1971595327515263322NRNR4656461077805682407942403917663749  Kottayam57524451100144120103995358NR226203NR1961646823316353638NRNR5355521127276484478151383516655053  PathanamthittaNRNRNRNRNRNRNRNRNRNRNRNRNRNRNRNRNRNRNRNRNRNRNRNRNRNRNRNRNRNRNRNRNRNRNRNRNRNRNRNRNR  AlapuzhaNRNRNRNRNRNRNRNRNRNRNRNRNRNRNRNRNRNRNRNRNRNRNRNRNRNRNRNRNRNRNRNRNRNRNRNRNRNRNRNRNR  Kollam4852454497130133130905256NR251230NR206201632371637423865624754578767761735310352402116726060  Idukki6055444497142NR120905370NR219213NR2071767022313404038NRNR4856441077516283518055383315694957  Kannur545649511061491541481025460NRNR215NR20017764268193040214545445351119NR5872538149423519644960  Malapuram49555043901321331201035358270231196NR20817059NR1330372150504652481037476090478046372814615353  PuducherryPuducherryNRNRNRNRNRNRNRNRNRNRNRNRNRNRNRNRNRNRNRNRNRNRNRNRNRNRNRNRNRNRNRNRNRNRNRNRNRNRNRNRNR  Tamil NaduChennai6440454186132135117855440212247177NR19716877288304040254256465349929236090658752403314606060  Madurai5837476887137124106925345227206194NR197174642633035452036395648511127596782418737432614435937  Dindigul6437496383126126109824644238255180NR19416557284263739214151535149929236180438351383314725750  Thiruchirapalli673850541001461441301025147232242190NR198151693053039402544565555571157926976609647363717504152  Coimbatore5938444389130138107815140234201176NR195165622802839392741544953531098056074528654333115524953  Tirunelveli4935455497128144119845145248217181NR191148602632933382242475553551077857078518645353414494752  Cuddalore60384945901411401211125250193221199NR19215367293283936184459495350966915872378248323014424751  Dharmapuri5833454285132137104825344220NR143NR196158542752830381836484845471106908076328250322814355253  VelloreNRNRNRNRNRNRNRNRNRNRNRNRNRNRNRNRNRNRNRNRNRNRNRNRNRNRNRNRNRNRNRNRNRNRNRNRNRNRNRNRNR  Ramanathapuram6137416781124151105895144221NR182NR199171572843141353245515850561177737492618256313113505135  Erode5641494491135138110785345220232177NR199177644403035352040625254551097696575458249302915264652  Karur5735546793135143108875347236210175NR192154692971737422740465652591047256578579645432823664848  Perambalur5641NR6895132145113875348233213189NR19716561NR2934442742626157691217476072549050382914625165  PudukkottaiNR44457090128140115NR5640269NR182NR196156606983040402541585655521118766672509851383014555550  Sivagangai5540456898136147121925444256NR223NR200170592922940503039585855611207678578608254373015575337  Thanjavur5941485090136141119954944225236184NR194151613002732342241554856521318947776579050393114525445  The nilgiris60454752103133150130935554233235168NR19815669203326038224750525353828087288409827684230553553  Thoothukudi5438456590125148108855446231219181NR192163623201030402035506055621108686172408751373013454850  Viluppuram5838474194135116108895448203215169NR19616968NR2935401836454451471108266970608651333413505760  Virudhunagar6239456381124137105695045255239183NR200170612932847472837555255531077295976338247312013625225  Kanniyakumari6239375382123123107755341225216191NR197166602592532392334403753411007696072408442312913374748  Namakkal6541476390130148116905444198215167NR19515956NR2631382541405149471136647174608155393112626060  Tiruvannamalai5939454885139132118885143220201172NR196163603102734421944584752561138396269628941472913554748  TiruvarurNRNRNRNRNRNRNRNRNRNRNRNRNRNRNRNRNRNRNRNRNRNRNRNRNRNRNRNRNRNRNRNRNRNRNRNRNRNRNRNRNR  Tiruppur59374954105141146121845543243224171NR19715764265283033214555605559977256082328347412218574728  Tenkasi5640465985126137111NR5246233NR166NR191163602753030402036525658551028246480608844412813495040  Nagapattinam60405067971301281251014944231240178NR19315656NR2533372048504953511178756486569443503415576037  Krishnagiri6036474189130129117905344208202155NR194167593152830362038404348451006155073599640402912536252  Ariyalur5536346591126125109904744241209172NR188164622932635353045455255521098376590359039492614524336  Kallakurichi5940496791136130114885345242222176NR19516463NR3135352236485046511129298570558757343514474255  Kancheepuram6442516791141142121955444213203185NR19415779NR2845402541565253551027785578609152403114454840  Salem55NR484895128121133994445212NR176NR17415248280NR3929414553455548837147068418342382516452732  Theni5937466189125137110854845226220165NR17615056288273342244063505852937917076459146332612505137  Chengalpattu7540465495123120128904644210205175NR16413964NR2837422741495147531137845286578531401913431930  Mayiladuthurai6040506598137117113NR5244201220198NR200156603402732372345454655631138577072509235422514605040  RanipetNRNRNRNRNRNRNRNRNRNRNRNRNRNRNRNRNRNRNRNRNRNRNRNRNRNRNRNRNRNRNRNRNRNRNRNRNRNRNRNRNR  Tirupattur6740434684124121119894940216236172NR19414861305293337233539423545927716581578844382715485060  Tiruvallur5738446687129122119924840218208169NR192156652982745402036595552591007626072608234412413535040  TelanganaHyderabad644238428111312410481436319120214718019214762250203028223563445044926536084408245312416522545  Karimnagar57NR455481126127112854463197207153NR193152582992529342844474455449665359844210740372415453643  Warangal54NR424980122126108864465198209136143199150582751828322737454154418556060854011745352514402647  Adilabad65NR445096122119118944590190187182183189148642903025402538454349407973259784810349392415452242  Suryapet52NR444687122130110984465192188181185197144632652225322239574148398762262884410246382515502748  Jadcherla57NR42498512612811590456519018314917619214558292203931243549395342825285890319243372515422848  Khammam59NR475289128132117954466183166126161183142542972032302537473552348851760843310843432516432648  Medchal5244454780131128114804564197220165168190143552502228302440504453459053861843511543352617483445  Nizamabad5433414581118128100834565195199201173191152602492326302441464350448162567823510546352719463347  Sangareddy6332505583126127117964565193200148NR198145624122532342241585155489565959884210543392416574050  Kothagudem56NR465192134128126955179190NR147NR20014761347334435264555455553947466291428740322513442645  LadakhLehNRNRNRNRNRNRNRNRNRNRNRNRNRNRNRNRNRNRNRNRNRNRNRNRNRNRNRNRNRNRNRNRNRNRNRNRNRNRNRNRNR  Kargil45NRNR40127135115115904866NR159160159NRNR476502840408060NR50NR4510067764846010080805321956060  Commodity NameCommodity NameRiceRiceWheatAtta (Wheat)Gram DalTur/Arhar DalUrad DalMoong DalMasoor DalSugarMilk @Groundnut Oil (Packed)Mustard Oil (Packed)Vanaspati (Packed)Soya Oil (Packed)Sunflower Oil (Packed)Palm Oil (Packed)GurTea LooseSalt Pack (Iodised)PotatoOnionTomatoBajra(whole)Jowar(whole)Maida(wheat)Ragi(whole)Suji(whole)BesanDesi GheeButter(Pasteurised)EggsBrinjalBlack Pepper(whole)Coriander(whole)Cummin Seed(whole)Red Chillies(whole)Turmeric(powder)BananaGIngerGarlic  Average Price1Average Price145.333.1131.3737.2386.84123.45121.87111.9990.4750.360.94206.73196.99166.33164.71190.1148.4360.09275.9822.1622.7535.6638.3538.3344.7342.2655.2647.2195.9696.0660.0685.5443.788.3142.1141.1129.8516.6450.2937.2243.59  Maximum Price1Maximum Price175605471128180180150135609031026325620924420114069834607012080857010410016093085120175127100956040107100100  Minimum Price1Minimum Price131162229729581866940401591431261211211103615310920111922313531655144957186726251910241721  Modal Price1Modal Price14030283585120120110905060200203170.5165192134.56030020203540354040554090741.5608440854037.53015503040  Source:- State civil supplies Dept.Note:- All India Consumption Weighted Average Prices of Oils w.e.f 23-Feb-2022 and Wheat and Atta w.e.f 25-Feb-2023 NR -> Not Reported Unit for Black Pepper (powder),Coriander (powder),Cummin Seed (powder),Red Chillies (powder),Turmeric (powder),Butter (Pasteurised) - Rs/100gm Unit for Eggs - Rs/Dozen Developed by:- National Informatics Centre(NIC)",,,,,,,,,,,,,,,,,,,,,,,,,,,,,,,,,,,,,,,,,,,2026-08-07
"Source:- State civil supplies Dept.Note:- All India Consumption Weighted Average Prices of Oils w.e.f 23-Feb-2022 and Wheat and Atta w.e.f 25-Feb-2023 NR -> Not Reported Unit for Black Pepper (powder),Coriander (powder),Cummin Seed (powder),Red Chillies (powder),Turmeric (powder),Butter (Pasteurised) - Rs/100gm Unit for Eggs - Rs/Dozen Developed by:- National Informatics Centre(NIC)",,,,,,,,,,,,,,,,,,,,,,,,,,,,,,,,,,,,,,,,,,,2026-08-07
Source:- State civil supplies Dept.,Note:- All India Consumption Weighted Average Prices of Oils w.e.f 23-Feb-2022 and Wheat and Atta w.e.f 25-Feb-2023,NR -> Not Reported,,,,,,,,,,,,,,,,,,,,,,,,,,,,,,,,,,,,,,,,,2026-08-07
"Unit for Black Pepper (powder),Coriander (powder),Cummin Seed (powder),Red Chillies (powder),Turmeric (powder),Butter (Pasteurised) - Rs/100gm","Unit for Black Pepper (powder),Coriander (powder),Cummin Seed (powder),Red Chillies (powder),Turmeric (powder),Butter (Pasteurised) - Rs/100gm",,,,,,,,,,,,,,,,,,,,,,,,,,,,,,,,,,,,,,,,,,2026-08-07
,Unit for Eggs - Rs/Dozen,,,,,,,,,,,,,,,,,,,,,,,,,,,,,,,,,,,,,,,,,,2026-08-07
Developed by:- National Informatics Centre(NIC),Developed by:- National Informatics Centre(NIC),,,,,,,,,,,,,,,,,,,,,,,,,,,,,,,,,,,,,,,,,,2026-08-07
,,,,,,,,,,,,,,,,,,,,,,,,,,,,,,,,,,,,,,,,,,,2026-08-07
