State,Centre,Rice,Broken Rice,Wheat,Atta (Wheat),Gram Dal,Tur/Arhar Dal,Urad Dal,Moong Dal,Masoor Dal,Sugar,Milk @,Groundnut Oil (Packed),Mustard Oil (Packed),Vanaspati (Packed),Soya Oil (Packed),Sunflower Oil (Packed),Palm Oil (Packed),Gur,Tea Loose,Salt Pack (Iodised),Potato,Onion,Tomato,Bajra (whole),Jowar (whole),Maida (wheat),Ragi (whole),Suji (whole),Besan,Desi Ghee,Butter (Pasteurised),Eggs,Brinjal,Black Pepper (whole),Coriander (whole),Cummin Seed (whole),Red Chillies (whole),Turmeric (powder),Banana,Ginger,Garlic,Date
Unit,Qty,1 Kg,1 Kg,1 Kg,1 Kg,1 Kg,1 Kg,1 Kg,1 Kg,1 Kg,1 Kg,1 ltr,1 Kg,1 Kg,1 Kg,1 Kg,1 Kg,1 Kg,1 Kg,1 Kg,1 Kg,1 Kg,1 Kg,1 Kg,1 Kg,1 Kg,1 Kg,1 Kg,1 Kg,1 Kg,1 Kg,100 gm,Dozen,1 Kg,100 gm,250 gm,100 gm,100 gm,50 gm,1 Kg,100 gm,100 gm,2026-03-22
Average Price,Average Price,42.09,,31.59,37.27,83.87,120.44,117.1,109.57,87.5,45.83,58.12,198.25,185.48,155.83,153.82,181.25,142.16,55.66,261.13,21.96,19.62,24.18,25.17,37.65,43.79,41.04,55.12,44.31,94.53,679.25,58.84,77.5,36.53,86.65,36.64,39.59,27.93,15.91,46.79,24.33,35.62,2026-03-22
Maximum Price,Maximum Price,63,,53,68,125,180,180,148,117,60,82,276,257,220,209,224,185,133,500,38,43,60,120,72,75,62,103,90,140,908,76,125,80,132,100,90,60,40,100,50,70,2026-03-22
Minimum Price,Minimum Price,27,,20,26,69,94,90,81,69,42,40,160,136,118,121,125,100,39,155,10,5,11,8,15,26,28,31,31,70,510,46,49,10,58,20,23,13,10,23,15,17,2026-03-22
Modal Price,Modal Price,40,,28,35,80,120,118,110,90,45,58,198,187,148,159,188,137,50,250,30,20,20,20,35,40,40,55,40,90,714,58,84,40,80,40,40,25,15,40,20,40,2026-03-22
NORTH ZONE,NORTH ZONE,,,,,,,,,,,,,,,,,,,,,,,,,,,,,,,,,,,,,,,,,,2026-03-22
Chandigarh,Chandigarh,43,,35,40,87,115,114,110,89,46,59,211,208,171,164,182,145,57,270,28,22,25,35,38,43,42,54,47,96,731,59,79,43,87,37,41,28,16,49,30,40,2026-03-22
Delhi,Delhi,42,,33,34,87,130,123,110,90,47,57,207,194,175,183,206,160,57,233,28,14,28,33,33,38,39,50,41,95,644,58,72,50,93,36,30,30,14,48,28,48,2026-03-22
Haryana,Hisar,40,,30,34,85,127,112,110,88,45,61,205,183,165,150,183,132,55,243,28,19,27,33,27,38,39,62,40,90,624,59,76,48,82,40,39,34,15,68,28,50,2026-03-22
Haryana,Karnal,NR,,NR,NR,NR,NR,NR,NR,NR,NR,NR,NR,NR,NR,NR,NR,NR,NR,NR,NR,NR,NR,NR,NR,NR,NR,NR,NR,NR,NR,NR,NR,NR,NR,NR,NR,NR,NR,NR,NR,NR,2026-03-22
Haryana,Panchkula,NR,,NR,NR,NR,NR,NR,NR,NR,NR,NR,NR,NR,NR,NR,NR,NR,NR,NR,NR,NR,NR,NR,NR,NR,NR,NR,NR,NR,NR,NR,NR,NR,NR,NR,NR,NR,NR,NR,NR,NR,2026-03-22
Haryana,Gurgaon,39,,32,34,81,144,NR,119,86,45,57,NR,186,NR,153,185,119,55,300,26,12,25,35,25,28,35,37,45,85,534,60,62,25,90,36,50,30,16,70,50,50,2026-03-22
Himachal Pradesh,Shimla,40,,NR,32,86,120,127,113,87,51,60,225,214,172,159,NR,NR,54,250,30,16,30,30,30,NR,36,NR,35,107,710,58,84,30,83,38,41,25,17,57,23,50,2026-03-22
Himachal Pradesh,Mandi,39,,NR,34,81,118,125,116,84,48,55,222,210,175,158,177,NR,53,270,30,17,28,38,31,NR,37,NR,35,100,676,58,84,35,85,40,43,28,16,64,30,45,2026-03-22
Himachal Pradesh,Dharamshala,35,,NR,29,84,126,125,118,85,48,44,NR,213,163,159,NR,NR,53,235,28,20,25,40,32,NR,34,55,40,93,590,59,70,40,97,49,42,34,15,60,30,40,2026-03-22
Himachal Pradesh,Solan,39,,NR,33,76,114,121,109,86,48,55,212,214,172,151,181,NR,51,230,30,15,28,40,35,37,37,NR,38,98,626,59,81,40,88,39,33,34,17,46,25,40,2026-03-22
Himachal Pradesh,Una,39,,NR,33,81,124,121,109,92,46,71,NR,190,165,155,NR,NR,51,227,29,15,27,31,34,NR,35,NR,34,89,692,58,84,25,95,44,33,28,15,53,24,37,2026-03-22
Himachal Pradesh,Bilaspur-hp,40,,NR,35,77,121,130,116,86,48,64,NR,173,174,166,NR,NR,47,200,29,15,27,42,35,NR,37,62,37,79,725,58,96,40,85,39,30,25,13,50,22,43,2026-03-22
Himachal Pradesh,Chamba,35,,NR,36,86,120,121,119,88,51,55,NR,193,167,161,NR,NR,55,208,30,20,30,37,58,75,38,78,38,89,632,62,82,36,86,49,37,37,19,55,37,54,2026-03-22
Himachal Pradesh,Hamirpur-HP,38,,NR,32,73,119,112,110,79,48,68,NR,208,161,156,NR,NR,49,265,30,17,27,37,33,43,36,NR,35,83,619,58,86,37,87,39,37,28,14,49,25,42,2026-03-22
Himachal Pradesh,Kullu,40,,NR,36,86,116,116,108,85,49,40,NR,220,169,139,NR,NR,52,260,30,23,30,40,NR,NR,37,NR,37,102,690,58,100,43,89,32,30,20,12,55,30,53,2026-03-22
Himachal Pradesh,Sirmour,NR,,NR,NR,NR,NR,NR,NR,NR,NR,NR,NR,NR,NR,NR,NR,NR,NR,NR,NR,NR,NR,NR,NR,NR,NR,NR,NR,NR,NR,NR,NR,NR,NR,NR,NR,NR,NR,NR,NR,NR,2026-03-22
Himachal Pradesh,Kinnaur,38,,NR,37,77,113,130,107,77,49,50,NR,217,170,143,NR,NR,50,260,30,30,35,47,NR,NR,39,NR,42,83,696,58,88,50,93,50,45,40,15,56,33,50,2026-03-22
Himachal Pradesh,Lahaul & Spiti,40,,NR,43,96,112,NR,111,95,52,52,NR,197,175,NR,NR,NR,53,480,28,36,43,38,NR,NR,34,NR,33,79,600,62,98,37,80,34,34,27,15,56,32,37,2026-03-22
Jammu and Kashmir,Srinagar,NR,,NR,NR,NR,NR,NR,NR,NR,NR,NR,NR,NR,NR,NR,NR,NR,NR,NR,NR,NR,NR,NR,NR,NR,NR,NR,NR,NR,NR,NR,NR,NR,NR,NR,NR,NR,NR,NR,NR,NR,2026-03-22
Jammu and Kashmir,Jammu,NR,,NR,NR,NR,NR,NR,NR,NR,NR,NR,NR,NR,NR,NR,NR,NR,NR,NR,NR,NR,NR,NR,NR,NR,NR,NR,NR,NR,NR,NR,NR,NR,NR,NR,NR,NR,NR,NR,NR,NR,2026-03-22
Jammu and Kashmir,Poonch,NR,,NR,NR,NR,NR,NR,NR,NR,NR,NR,NR,NR,NR,NR,NR,NR,NR,NR,NR,NR,NR,NR,NR,NR,NR,NR,NR,NR,NR,NR,NR,NR,NR,NR,NR,NR,NR,NR,NR,NR,2026-03-22
Jammu and Kashmir,Kupwara,NR,,NR,NR,NR,NR,NR,NR,NR,NR,NR,NR,NR,NR,NR,NR,NR,NR,NR,NR,NR,NR,NR,NR,NR,NR,NR,NR,NR,NR,NR,NR,NR,NR,NR,NR,NR,NR,NR,NR,NR,2026-03-22
Jammu and Kashmir,Udhampur,NR,,NR,NR,NR,NR,NR,NR,NR,NR,NR,NR,NR,NR,NR,NR,NR,NR,NR,NR,NR,NR,NR,NR,NR,NR,NR,NR,NR,NR,NR,NR,NR,NR,NR,NR,NR,NR,NR,NR,NR,2026-03-22
Jammu and Kashmir,Shopian,NR,,NR,NR,NR,NR,NR,NR,NR,NR,NR,NR,NR,NR,NR,NR,NR,NR,NR,NR,NR,NR,NR,NR,NR,NR,NR,NR,NR,NR,NR,NR,NR,NR,NR,NR,NR,NR,NR,NR,NR,2026-03-22
Jammu and Kashmir,Samba,NR,,NR,NR,NR,NR,NR,NR,NR,NR,NR,NR,NR,NR,NR,NR,NR,NR,NR,NR,NR,NR,NR,NR,NR,NR,NR,NR,NR,NR,NR,NR,NR,NR,NR,NR,NR,NR,NR,NR,NR,2026-03-22
Jammu and Kashmir,Ramban,NR,,NR,NR,NR,NR,NR,NR,NR,NR,NR,NR,NR,NR,NR,NR,NR,NR,NR,NR,NR,NR,NR,NR,NR,NR,NR,NR,NR,NR,NR,NR,NR,NR,NR,NR,NR,NR,NR,NR,NR,2026-03-22
Jammu and Kashmir,Rajouri,NR,,NR,NR,NR,NR,NR,NR,NR,NR,NR,NR,NR,NR,NR,NR,NR,NR,NR,NR,NR,NR,NR,NR,NR,NR,NR,NR,NR,NR,NR,NR,NR,NR,NR,NR,NR,NR,NR,NR,NR,2026-03-22
Jammu and Kashmir,Kishtwar,NR,,NR,NR,NR,NR,NR,NR,NR,NR,NR,NR,NR,NR,NR,NR,NR,NR,NR,NR,NR,NR,NR,NR,NR,NR,NR,NR,NR,NR,NR,NR,NR,NR,NR,NR,NR,NR,NR,NR,NR,2026-03-22
Jammu and Kashmir,Doda,NR,,NR,NR,NR,NR,NR,NR,NR,NR,NR,NR,NR,NR,NR,NR,NR,NR,NR,NR,NR,NR,NR,NR,NR,NR,NR,NR,NR,NR,NR,NR,NR,NR,NR,NR,NR,NR,NR,NR,NR,2026-03-22
Jammu and Kashmir,Baramulla,NR,,NR,NR,NR,NR,NR,NR,NR,NR,NR,NR,NR,NR,NR,NR,NR,NR,NR,NR,NR,NR,NR,NR,NR,NR,NR,NR,NR,NR,NR,NR,NR,NR,NR,NR,NR,NR,NR,NR,NR,2026-03-22
Jammu and Kashmir,Reasi,NR,,NR,NR,NR,NR,NR,NR,NR,NR,NR,NR,NR,NR,NR,NR,NR,NR,NR,NR,NR,NR,NR,NR,NR,NR,NR,NR,NR,NR,NR,NR,NR,NR,NR,NR,NR,NR,NR,NR,NR,2026-03-22
Jammu and Kashmir,Kathua,NR,,NR,NR,NR,NR,NR,NR,NR,NR,NR,NR,NR,NR,NR,NR,NR,NR,NR,NR,NR,NR,NR,NR,NR,NR,NR,NR,NR,NR,NR,NR,NR,NR,NR,NR,NR,NR,NR,NR,NR,2026-03-22
Punjab,Amritsar,40,,28,32,82,137,135,112,90,45,57,225,198,162,148,188,NR,55,270,29,14,27,30,35,38,40,60,40,92,666,59,73,38,93,41,30,28,13,40,24,37,2026-03-22
Punjab,Ludhiana,38,,27,35,80,130,128,118,103,45,62,218,189,161,150,183,NR,55,275,27,12,28,27,34,48,39,62,46,92,604,52,80,48,90,37,42,23,19,47,28,48,2026-03-22
Punjab,Bathinda,40,,28,32,82,137,132,113,90,45,57,231,192,166,154,189,132,55,270,29,12,27,30,32,38,38,60,38,92,668,60,72,37,87,40,31,28,13,42,25,37,2026-03-22
Punjab,Barnala,NR,,NR,NR,NR,NR,NR,NR,NR,NR,NR,NR,NR,NR,NR,NR,NR,NR,NR,NR,NR,NR,NR,NR,NR,NR,NR,NR,NR,NR,NR,NR,NR,NR,NR,NR,NR,NR,NR,NR,NR,2026-03-22
Punjab,Hoshiarpur,NR,,NR,NR,NR,NR,NR,NR,NR,NR,NR,NR,NR,NR,NR,NR,NR,NR,NR,NR,NR,NR,NR,NR,NR,NR,NR,NR,NR,NR,NR,NR,NR,NR,NR,NR,NR,NR,NR,NR,NR,2026-03-22
Punjab,Faridkot,40,,28,33,83,133,130,115,90,46,62,220,187,165,143,187,134,57,278,30,12,27,27,31,42,40,58,40,92,687,58,85,40,92,42,31,29,14,50,23,38,2026-03-22
Punjab,Mansa,NR,,NR,NR,NR,NR,NR,NR,NR,NR,NR,NR,NR,NR,NR,NR,NR,NR,NR,NR,NR,NR,NR,NR,NR,NR,NR,NR,NR,NR,NR,NR,NR,NR,NR,NR,NR,NR,NR,NR,NR,2026-03-22
Punjab,Sri Muktsar Sahib,40,,27,33,80,130,128,112,90,45,63,211,161,161,135,176,119,50,280,29,16,27,32,29,40,36,63,36,83,608,57,72,39,90,37,33,25,13,58,27,36,2026-03-22
Punjab,Dera Bassi,NR,,NR,NR,NR,NR,NR,NR,NR,NR,NR,NR,NR,NR,NR,NR,NR,NR,NR,NR,NR,NR,NR,NR,NR,NR,NR,NR,NR,NR,NR,NR,NR,NR,NR,NR,NR,NR,NR,NR,NR,2026-03-22
Punjab,Sangrur,40,,28,32,80,131,129,110,88,46,60,237,195,180,180,185,168,49,263,30,10,20,30,35,45,40,67,40,88,710,58,84,30,90,40,45,30,15,45,30,30,2026-03-22
Punjab,Ropar,40,,27,33,87,134,133,117,92,46,61,223,179,165,149,NR,132,58,277,29,11,24,30,37,42,39,62,40,90,674,60,74,40,93,42,33,31,15,43,25,37,2026-03-22
Punjab,Amargarh,40,,28,32,80,133,130,110,82,47,60,240,192,181,187,192,174,48,250,28,10,20,30,36,45,40,NR,40,85,710,60,78,35,95,40,50,27,15,45,30,30,2026-03-22
Punjab,Fatehgarh Sahib,45,,35,40,83,132,122,110,100,43,60,213,176,177,150,176,109,53,293,27,20,25,39,28,45,28,65,38,87,NR,53,73,43,95,45,53,35,17,48,23,32,2026-03-22
Punjab,Ferozepur,NR,,NR,NR,NR,NR,NR,NR,NR,NR,NR,NR,NR,NR,NR,NR,NR,NR,NR,NR,NR,NR,NR,NR,NR,NR,NR,NR,NR,NR,NR,NR,NR,NR,NR,NR,NR,NR,NR,NR,NR,2026-03-22
Punjab,Kapurthala,38,,30,39,75,122,117,108,90,44,62,220,189,170,146,185,148,57,290,30,12,30,30,40,48,40,57,37,92,681,56,70,38,92,31,36,34,13,48,27,40,2026-03-22
Uttar Pradesh,Lucknow,37,,28,32,75,119,119,100,76,45,60,209,176,148,159,159,143,45,250,20,14,20,18,30,33,38,55,38,88,613,59,80,35,88,38,39,26,15,40,20,30,2026-03-22
Uttar Pradesh,Kanpur,35,,28,32,80,120,110,90,80,42,60,198,187,132,121,132,115,56,234,26,16,25,20,35,40,41,NR,34,81,580,55,72,36,100,24,40,35,19,50,22,28,2026-03-22
Uttar Pradesh,Varanasi,42,,28,36,87,123,124,104,81,48,68,213,185,168,175,189,163,64,260,22,15,22,22,41,61,39,NR,40,104,727,59,78,28,78,35,35,26,20,65,21,32,2026-03-22
Uttar Pradesh,Agra,42,,29,31,74,114,91,90,74,45,68,208,189,169,179,202,170,51,251,27,13,20,18,15,39,39,NR,41,95,797,62,96,37,83,39,31,31,15,40,20,50,2026-03-22
Uttar Pradesh,Jhansi,49,,27,33,80,133,128,110,82,49,60,207,174,169,145,194,130,53,230,21,20,27,27,32,37,38,65,43,97,659,58,90,40,90,40,38,30,15,38,23,47,2026-03-22
Uttar Pradesh,Meerut,36,,29,39,83,111,113,84,82,47,63,165,158,159,159,160,160,48,265,18,11,22,27,35,35,35,64,36,92,637,59,62,38,74,34,34,29,15,49,26,35,2026-03-22
Uttar Pradesh,Allahabad,NR,,NR,NR,NR,NR,NR,NR,NR,NR,NR,NR,NR,NR,NR,NR,NR,NR,NR,NR,NR,NR,NR,NR,NR,NR,NR,NR,NR,NR,NR,NR,NR,NR,NR,NR,NR,NR,NR,NR,NR,2026-03-22
Uttar Pradesh,Gorakhpur,38,,25,34,78,119,118,113,78,45,55,195,187,150,151,152,123,55,225,22,20,21,28,36,34,34,49,35,92,599,56,80,37,78,30,38,24,16,55,25,28,2026-03-22
Uttar Pradesh,Saharanpur,38,,28,33,81,111,108,108,85,45,57,NR,175,150,145,152,126,54,243,21,12,26,24,31,NR,36,NR,39,90,580,57,75,35,80,32,36,25,14,45,23,37,2026-03-22
Uttar Pradesh,Bareilly,35,,25,33,89,122,125,112,110,45,70,213,175,165,154,188,147,50,343,28,10,17,24,26,39,36,53,36,89,703,60,89,32,81,44,34,34,16,57,21,22,2026-03-22
Uttar Pradesh,Ayodhya,38,,28,32,90,118,120,115,85,50,60,181,163,163,163,163,137,55,240,24,20,30,35,40,40,42,55,46,90,666,60,72,30,80,40,37,30,16,40,27,40,2026-03-22
Uttar Pradesh,Moradabad,NR,,NR,NR,NR,NR,NR,NR,NR,NR,NR,NR,NR,NR,NR,NR,NR,NR,NR,NR,NR,NR,NR,NR,NR,NR,NR,NR,NR,NR,NR,NR,NR,NR,NR,NR,NR,NR,NR,NR,NR,2026-03-22
Uttar Pradesh,Aligarh,39,,28,34,82,116,114,106,84,43,56,191,184,152,147,173,134,52,247,20,18,22,25,34,39,38,48,42,91,613,54,74,36,85,34,39,25,15,45,21,35,2026-03-22
Uttar Pradesh,Mirzapur (Vindhyanchal),35,,26,32,81,111,111,100,80,44,48,179,164,141,126,145,111,51,220,22,20,22,25,28,40,36,50,40,90,666,62,80,40,82,30,37,25,15,43,34,32,2026-03-22
Uttar Pradesh,Banda,28,,23,29,76,110,111,102,77,45,55,214,181,160,137,174,116,55,160,18,10,20,19,33,57,36,68,39,85,604,60,79,27,90,26,35,29,19,48,20,27,2026-03-22
Uttar Pradesh,Azamgarh,NR,,NR,NR,NR,NR,NR,NR,NR,NR,NR,NR,NR,NR,NR,NR,NR,NR,NR,NR,NR,NR,NR,NR,NR,NR,NR,NR,NR,NR,NR,NR,NR,NR,NR,NR,NR,NR,NR,NR,NR,2026-03-22
Uttar Pradesh,Gonda (Devipatan),36,,25,33,85,123,128,117,87,44,57,207,196,150,152,168,128,53,253,20,10,23,23,38,37,34,62,45,98,622,58,92,37,77,34,40,26,20,50,20,25,2026-03-22
Uttar Pradesh,Amethi,NR,,NR,NR,NR,NR,NR,NR,NR,NR,NR,NR,NR,NR,NR,NR,NR,NR,NR,NR,NR,NR,NR,NR,NR,NR,NR,NR,NR,NR,NR,NR,NR,NR,NR,NR,NR,NR,NR,NR,NR,2026-03-22
Uttar Pradesh,Barabanki,39,,26,35,85,118,118,117,85,45,60,200,182,168,167,175,130,55,225,22,13,20,21,36,42,37,45,36,98,563,58,80,31,85,31,42,30,15,46,21,26,2026-03-22
Uttar Pradesh,Bhadohi,35,,27,35,83,110,123,117,82,46,65,212,181,176,148,181,110,63,210,22,11,20,22,34,41,36,50,39,72,714,62,72,35,92,40,39,30,16,60,20,40,2026-03-22
Uttar Pradesh,Chandauli,32,,25,33,76,112,110,105,76,44,54,201,177,165,132,184,121,58,245,20,10,20,20,37,52,34,60,36,82,634,56,64,39,84,32,39,27,16,49,20,32,2026-03-22
Uttar Pradesh,Farrukhabad,41,,26,32,82,94,115,110,90,45,63,225,192,159,153,209,121,48,207,18,5,20,20,25,NR,35,NR,39,90,643,60,84,35,80,29,30,24,16,42,20,41,2026-03-22
Uttar Pradesh,Ghazipur,41,,27,35,85,117,119,114,90,NR,NR,192,180,148,159,168,139,NR,NR,NR,14,19,19,NR,NR,NR,NR,NR,NR,NR,NR,NR,NR,NR,NR,NR,NR,NR,NR,NR,NR,2026-03-22
Uttar Pradesh,Jaunpur,45,,28,36,85,117,116,113,86,46,61,209,189,171,154,175,123,59,270,22,16,27,29,36,47,37,54,38,90,664,57,84,35,89,36,37,29,17,50,26,37,2026-03-22
Uttar Pradesh,UP-Pratapgarh,39,,29,33,82,107,116,114,84,46,49,199,186,153,151,154,120,59,255,20,11,17,13,35,31,37,40,39,94,546,58,73,38,88,34,35,27,15,39,19,39,2026-03-22
Uttar Pradesh,Sambhal,36,,25,31,85,110,102,100,87,45,57,191,170,146,136,145,130,50,251,18,10,22,25,31,NR,36,NR,36,96,645,57,79,32,80,31,42,28,16,40,21,32,2026-03-22
Uttar Pradesh,Santkabir Nagar,44,,24,35,82,115,113,107,82,45,67,200,194,134,141,178,112,49,265,30,12,16,21,29,30,34,78,43,98,734,61,84,33,100,30,52,29,20,48,24,29,2026-03-22
Uttar Pradesh,Shahjahanpur,32,,26,32,77,113,104,109,91,44,56,180,170,147,133,157,128,42,222,20,8,17,18,26,32,34,52,37,87,553,54,89,22,84,29,32,17,11,36,18,30,2026-03-22
Uttar Pradesh,Sitapur,36,,30,35,81,112,105,103,83,44,58,191,169,148,145,145,137,53,228,17,11,23,27,29,32,36,49,40,93,600,59,72,37,80,35,40,28,15,53,17,30,2026-03-22
Uttar Pradesh,Sultanpur,41,,30,35,84,117,113,109,87,44,56,198,183,155,144,169,132,54,265,20,18,23,25,35,40,39,51,44,94,623,57,82,40,85,35,39,26,15,45,22,35,2026-03-22
Uttar Pradesh,Unnao,42,,29,31,87,118,117,110,88,45,60,194,189,157,152,174,134,58,253,20,11,20,20,37,42,38,53,43,92,586,59,71,37,88,33,38,27,16,48,23,32,2026-03-22
Uttar Pradesh,Ambedkar Nagar,38,,27,36,80,120,125,127,89,46,60,220,208,161,163,164,136,63,203,28,10,24,21,39,40,40,80,41,90,734,65,79,35,80,35,40,30,20,60,23,34,2026-03-22
Uttar Pradesh,Amroha,NR,,NR,NR,NR,NR,NR,NR,NR,NR,NR,NR,NR,NR,NR,NR,NR,NR,NR,NR,NR,NR,NR,NR,NR,NR,NR,NR,NR,NR,NR,NR,NR,NR,NR,NR,NR,NR,NR,NR,NR,2026-03-22
Uttar Pradesh,Baghpat,44,,NR,32,83,130,127,118,93,44,70,192,176,159,150,157,130,52,210,28,12,22,23,34,50,35,65,40,95,597,60,83,40,83,33,35,25,12,39,21,43,2026-03-22
Uttar Pradesh,Bijnor,40,,25,35,75,98,100,98,80,45,53,198,187,148,165,176,154,50,243,18,10,20,20,32,40,37,53,40,100,622,57,60,30,87,30,43,30,10,40,25,40,2026-03-22
Uttar Pradesh,Budaun,36,,24,30,86,113,103,99,91,44,61,201,164,168,150,170,131,56,280,21,7,20,20,25,47,39,67,38,93,613,59,71,30,90,30,38,25,11,42,20,25,2026-03-22
Uttar Pradesh,Etah,45,,29,35,80,120,110,110,90,45,58,207,178,152,156,165,113,55,270,22,18,27,26,25,NR,36,NR,39,90,677,60,72,28,97,32,40,33,18,40,22,42,2026-03-22
Uttar Pradesh,Fatehpur,43,,27,34,88,110,113,103,88,45,58,185,172,136,130,143,111,53,225,21,16,22,33,23,32,35,40,34,95,606,61,79,32,85,36,43,24,17,37,20,27,2026-03-22
Uttar Pradesh,Ghaziabad,39,,30,32,78,117,117,108,90,47,57,203,177,169,146,173,132,53,202,21,11,23,21,32,45,41,54,43,100,599,59,82,38,81,39,35,31,15,44,24,38,2026-03-22
Uttar Pradesh,Hardoi,41,,25,33,81,122,114,112,85,46,56,208,186,154,153,172,127,54,235,19,12,22,15,32,35,36,54,45,91,616,58,82,36,87,35,39,27,15,47,20,31,2026-03-22
Uttar Pradesh,Jalaun,45,,28,34,83,117,103,102,90,46,57,182,170,142,122,151,110,52,218,20,12,20,20,31,40,37,NR,42,100,578,59,83,36,93,34,43,29,19,37,29,35,2026-03-22
Uttar Pradesh,Kaushambi,41,,24,36,84,119,127,109,86,45,54,191,175,147,146,149,128,51,234,21,13,25,27,29,34,36,54,36,86,602,55,74,30,81,38,35,28,14,47,25,29,2026-03-22
Uttar Pradesh,Kushinagar,35,,26,37,80,122,114,118,80,46,68,185,187,154,170,143,130,46,225,26,17,20,32,36,36,38,44,41,90,637,60,62,40,86,28,40,30,17,42,28,25,2026-03-22
Uttar Pradesh,Lakhimpur Kheri,39,,27,33,80,112,103,102,80,45,57,179,173,128,139,159,100,56,227,16,10,20,16,29,33,35,58,36,90,646,57,78,35,77,33,43,31,17,23,16,38,2026-03-22
Uttar Pradesh,Pilibhit,36,,28,32,85,115,115,115,94,45,59,198,187,165,154,178,132,50,243,20,12,21,18,35,60,38,75,38,95,648,61,80,27,90,40,40,32,15,45,20,25,2026-03-22
Uttar Pradesh,Sharwasti,40,,26,40,80,120,113,120,79,45,60,176,194,145,159,NR,117,53,218,24,10,20,12,NR,NR,39,NR,40,98,569,59,78,20,85,35,37,20,15,33,25,25,2026-03-22
Uttar Pradesh,Siddharth Nagar,NR,,NR,NR,NR,NR,NR,NR,NR,NR,NR,NR,NR,NR,NR,NR,NR,NR,NR,NR,NR,NR,NR,NR,NR,NR,NR,NR,NR,NR,NR,NR,NR,NR,NR,NR,NR,NR,NR,NR,NR,2026-03-22
Uttar Pradesh,Sonbhadra,NR,,NR,NR,NR,NR,NR,NR,NR,NR,NR,NR,NR,NR,NR,NR,NR,NR,NR,NR,NR,NR,NR,NR,NR,NR,NR,NR,NR,NR,NR,NR,NR,NR,NR,NR,NR,NR,NR,NR,NR,2026-03-22
Uttar Pradesh,Rampur,50,,25,27,80,107,113,99,96,45,61,194,188,148,159,160,145,50,244,24,14,26,25,30,45,35,NR,36,99,634,65,73,36,91,35,35,28,15,50,23,34,2026-03-22
Uttar Pradesh,Bahraich,35,,25,31,90,128,120,114,90,42,56,176,191,130,137,142,125,44,250,25,21,21,21,36,34,33,65,32,106,580,56,80,21,72,27,36,23,19,53,21,37,2026-03-22
Uttar Pradesh,Basti,NR,,NR,NR,NR,NR,NR,NR,NR,NR,NR,NR,NR,NR,NR,NR,NR,NR,NR,NR,NR,NR,NR,NR,NR,NR,NR,NR,NR,NR,NR,NR,NR,NR,NR,NR,NR,NR,NR,NR,NR,2026-03-22
Uttar Pradesh,Etawah,41,,26,31,84,119,113,108,87,46,58,200,187,146,146,159,130,55,260,20,11,21,25,29,NR,40,55,45,95,677,60,80,35,85,37,40,27,16,48,25,35,2026-03-22
Uttar Pradesh,Muzzafarnagar,40,,25,31,84,119,115,108,90,45,57,183,173,150,145,166,132,55,240,18,11,20,26,35,40,37,NR,37,91,510,57,76,35,80,32,36,22,11,38,20,35,2026-03-22
Uttar Pradesh,Chitrakoot,40,,24,35,85,106,105,100,84,46,50,177,199,159,162,179,137,54,210,15,14,25,24,31,31,40,60,48,89,637,58,84,40,80,25,51,21,15,40,25,40,2026-03-22
Uttar Pradesh,Hamirpur-UP,42,,25,32,85,111,113,106,82,46,61,203,184,144,144,148,127,55,205,18,15,25,20,NR,NR,38,NR,39,90,637,55,85,30,86,40,46,29,16,45,22,40,2026-03-22
Uttar Pradesh,Deoria,32,,26,28,90,118,115,93,99,45,59,220,189,143,132,218,121,49,218,20,15,17,24,40,40,35,47,35,93,558,58,58,40,78,29,39,26,18,31,27,27,2026-03-22
Uttar Pradesh,Hapur,36,,27,34,74,114,110,104,99,47,62,198,185,159,165,170,156,57,216,26,10,12,10,40,39,37,45,38,97,677,62,83,40,96,41,45,29,10,47,32,42,2026-03-22
Uttar Pradesh,Bulandshahr,41,,31,35,88,120,119,109,80,44,65,NR,170,159,162,157,153,49,240,18,17,20,20,29,39,33,55,35,97,569,53,72,25,87,31,46,27,15,32,20,40,2026-03-22
Uttar Pradesh,Kanpur Dehat,37,,25,31,79,97,112,96,83,44,55,189,199,150,149,149,124,49,195,19,10,19,18,33,36,35,48,35,85,581,58,76,30,69,27,32,24,15,42,21,38,2026-03-22
Uttar Pradesh,Hathras,40,,27,32,85,120,115,100,90,44,57,194,184,154,145,166,134,50,240,20,15,25,20,24,NR,35,NR,40,100,672,60,84,40,87,37,39,30,12,40,25,40,2026-03-22
Uttar Pradesh,Raebareli,40,,28,29,82,114,113,107,87,45,59,188,179,155,150,174,137,55,232,19,11,21,20,35,43,40,54,46,95,682,57,77,32,85,35,38,27,16,45,21,33,2026-03-22
Uttar Pradesh,Lalitpur,36,,28,31,75,109,110,105,80,46,58,174,167,144,138,178,122,50,235,20,12,20,20,30,38,32,59,34,90,578,56,82,30,80,30,40,24,18,40,20,30,2026-03-22
Uttar Pradesh,Mohaba,38,,23,31,79,109,103,93,83,46,60,174,171,147,151,181,119,39,183,22,14,19,17,29,35,35,49,35,97,596,54,72,22,83,30,39,28,15,37,22,35,2026-03-22
Uttar Pradesh,Gautam Budh Nagar,38,,29,35,79,119,115,111,90,46,58,207,174,164,145,173,131,55,240,18,9,20,25,30,36,35,54,43,84,624,55,69,39,80,36,39,30,16,42,20,25,2026-03-22
Uttar Pradesh,Auraiya,38,,26,35,77,108,122,97,82,46,63,178,164,161,153,158,128,54,224,23,11,22,13,24,27,38,61,38,86,645,54,76,40,80,33,31,25,22,55,21,41,2026-03-22
Uttar Pradesh,Maharajganj,35,,26,32,81,115,118,109,80,45,57,192,181,132,144,155,126,47,213,22,16,20,21,36,43,35,51,36,91,584,58,78,36,81,34,40,30,17,40,25,29,2026-03-22
Uttar Pradesh,Balrampur,35,,25,35,80,117,115,113,82,45,53,167,179,146,139,187,120,53,203,15,11,25,30,35,48,35,NR,36,93,666,60,75,43,87,32,42,28,14,37,22,28,2026-03-22
Uttar Pradesh,Kannauj,40,,27,33,84,119,113,107,86,45,61,186,178,148,143,155,126,53,238,21,9,21,19,32,39,38,NR,38,93,613,55,72,21,84,30,45,28,17,37,19,24,2026-03-22
Uttar Pradesh,Mathura,34,,27,33,84,113,120,112,90,45,61,216,173,141,139,156,122,53,263,27,10,28,27,34,43,40,47,40,98,620,58,85,38,88,44,32,32,14,32,21,50,2026-03-22
Uttar Pradesh,Firozabad,37,,26,29,75,100,110,100,89,44,66,198,181,154,137,154,110,50,210,17,20,20,15,24,28,30,44,35,80,637,55,75,30,80,30,28,20,16,25,25,30,2026-03-22
Uttar Pradesh,Kasganj,44,,25,36,87,124,112,110,89,46,59,200,181,165,157,176,143,55,263,21,15,20,20,20,NR,39,NR,39,100,569,54,73,32,85,39,48,29,13,40,20,30,2026-03-22
Uttar Pradesh,Mainpuri,NR,,NR,NR,NR,NR,NR,NR,NR,NR,NR,NR,NR,NR,NR,NR,NR,NR,NR,NR,NR,NR,NR,NR,NR,NR,NR,NR,NR,NR,NR,NR,NR,NR,NR,NR,NR,NR,NR,NR,NR,2026-03-22
Uttar Pradesh,Shamli,39,,25,30,80,122,117,112,102,44,51,187,181,152,145,159,128,51,228,15,14,22,23,29,41,38,55,40,90,541,58,68,47,92,39,39,26,13,40,22,42,2026-03-22
Uttar Pradesh,Ballia,38,,28,34,84,119,115,108,88,46,58,194,180,152,148,163,128,59,249,19,12,23,22,29,39,38,52,39,96,623,53,76,34,84,34,42,27,17,42,19,32,2026-03-22
Uttar Pradesh,Mau,40,,25,33,84,113,112,108,85,46,55,192,173,147,147,148,119,69,224,22,12,18,28,NR,NR,36,NR,36,90,637,55,78,34,89,30,40,30,16,48,24,33,2026-03-22
Uttarakhand,Dehradun,NR,,NR,NR,NR,NR,NR,NR,NR,NR,NR,NR,NR,NR,NR,NR,NR,NR,NR,NR,NR,NR,NR,NR,NR,NR,NR,NR,NR,NR,NR,NR,NR,NR,NR,NR,NR,NR,NR,NR,NR,2026-03-22
Uttarakhand,Haldwani,41,,29,36,91,135,119,123,116,48,58,228,183,148,185,194,166,50,266,30,10,21,19,49,46,41,45,41,101,600,58,66,37,100,40,53,33,18,50,21,37,2026-03-22
Uttarakhand,Rudrapur,NR,,NR,NR,NR,NR,NR,NR,NR,NR,NR,NR,NR,NR,NR,NR,NR,NR,NR,NR,NR,NR,NR,NR,NR,NR,NR,NR,NR,NR,NR,NR,NR,NR,NR,NR,NR,NR,NR,NR,NR,2026-03-22
Uttarakhand,Haridwar,NR,,NR,NR,NR,NR,NR,NR,NR,NR,NR,NR,NR,NR,NR,NR,NR,NR,NR,NR,NR,NR,NR,NR,NR,NR,NR,NR,NR,NR,NR,NR,NR,NR,NR,NR,NR,NR,NR,NR,NR,2026-03-22
WEST ZONE,WEST ZONE,,,,,,,,,,,,,,,,,,,,,,,,,,,,,,,,,,,,,,,,,,2026-03-22
Chhattisgarh,Raipur,36,,33,45,97,140,128,125,102,48,57,195,166,139,138,152,117,51,250,25,22,22,24,31,26,44,45,44,90,703,56,78,40,91,37,31,25,12,33,35,40,2026-03-22
Chhattisgarh,Durg,36,,37,43,83,95,99,104,83,NR,NR,187,161,135,163,179,153,NR,NR,NR,20,30,10,NR,NR,NR,NR,NR,NR,NR,NR,NR,NR,NR,NR,NR,NR,NR,NR,NR,NR,2026-03-22
Chhattisgarh,Ambikapur,NR,,NR,NR,NR,NR,NR,NR,NR,NR,NR,NR,NR,NR,NR,NR,NR,NR,NR,NR,NR,NR,NR,NR,NR,NR,NR,NR,NR,NR,NR,NR,NR,NR,NR,NR,NR,NR,NR,NR,NR,2026-03-22
Chhattisgarh,Bilaspur-CG,NR,,NR,NR,NR,NR,NR,NR,NR,NR,NR,NR,NR,NR,NR,NR,NR,NR,NR,NR,NR,NR,NR,NR,NR,NR,NR,NR,NR,NR,NR,NR,NR,NR,NR,NR,NR,NR,NR,NR,NR,2026-03-22
Chhattisgarh,Jagdalpur,NR,,NR,NR,NR,NR,NR,NR,NR,NR,NR,NR,NR,NR,NR,NR,NR,NR,NR,NR,NR,NR,NR,NR,NR,NR,NR,NR,NR,NR,NR,NR,NR,NR,NR,NR,NR,NR,NR,NR,NR,2026-03-22
Chhattisgarh,Dantewada,39,,40,42,98,116,120,108,85,46,62,NR,194,159,145,154,133,57,251,21,20,35,21,41,NR,40,NR,44,103,655,59,60,42,99,48,49,22,18,62,25,49,2026-03-22
Chhattisgarh,Dhamtari,NR,,NR,NR,NR,NR,NR,NR,NR,NR,NR,NR,NR,NR,NR,NR,NR,NR,NR,NR,NR,NR,NR,NR,NR,NR,NR,NR,NR,NR,NR,NR,NR,NR,NR,NR,NR,NR,NR,NR,NR,2026-03-22
Chhattisgarh,Rajnandgaon,NR,,NR,NR,NR,NR,NR,NR,NR,NR,NR,NR,NR,NR,NR,NR,NR,NR,NR,NR,NR,NR,NR,NR,NR,NR,NR,NR,NR,NR,NR,NR,NR,NR,NR,NR,NR,NR,NR,NR,NR,2026-03-22
Chhattisgarh,Koriya,39,,35,39,81,108,97,102,81,45,75,205,163,153,151,168,NR,47,195,25,30,25,20,35,34,46,32,58,82,693,58,88,40,78,27,38,28,17,42,NR,NR,2026-03-22
DNH and DD,Silvasa,51,,40,39,95,137,137,127,99,44,69,180,194,NR,170,175,121,63,215,29,17,25,22,44,53,58,58,62,109,657,61,84,40,120,61,45,35,24,30,25,40,2026-03-22
DNH and DD,Daman,52,,39,40,88,108,122,108,88,45,69,200,196,NR,167,177,113,71,222,30,19,26,25,39,42,62,55,61,98,648,58,72,43,110,60,40,40,23,29,20,52,2026-03-22
DNH and DD,Diu,48,,39,50,88,138,135,123,103,46,64,214,234,190,198,209,137,61,400,30,19,23,26,38,62,57,83,65,108,659,58,91,40,100,42,35,39,19,54,25,42,2026-03-22
Goa,Panaji,NR,,NR,NR,NR,NR,NR,NR,NR,NR,NR,NR,NR,NR,NR,NR,NR,NR,NR,NR,NR,NR,NR,NR,NR,NR,NR,NR,NR,NR,NR,NR,NR,NR,NR,NR,NR,NR,NR,NR,NR,2026-03-22
Goa,Margao,NR,,NR,NR,NR,NR,NR,NR,NR,NR,NR,NR,NR,NR,NR,NR,NR,NR,NR,NR,NR,NR,NR,NR,NR,NR,NR,NR,NR,NR,NR,NR,NR,NR,NR,NR,NR,NR,NR,NR,NR,2026-03-22
Gujarat,Ahmedabad,34,,36,37,95,118,119,102,94,45,68,167,166,138,151,162,146,53,207,19,32,33,44,36,36,41,62,43,88,630,56,67,35,72,27,33,31,19,40,18,20,2026-03-22
Gujarat,Rajkot,NR,,NR,NR,NR,NR,NR,NR,NR,NR,NR,NR,NR,NR,NR,NR,NR,NR,NR,NR,NR,NR,NR,NR,NR,NR,NR,NR,NR,NR,NR,NR,NR,NR,NR,NR,NR,NR,NR,NR,NR,2026-03-22
Gujarat,Surat,NR,,NR,NR,NR,NR,NR,NR,NR,NR,NR,NR,NR,NR,NR,NR,NR,NR,NR,NR,NR,NR,NR,33,39,37,65,42,85,621,52,58,37,78,28,32,36,14,35,22,22,2026-03-22
Gujarat,Bhuj,34,,34,35,86,111,113,98,88,43,64,168,165,138,150,161,137,58,205,18,27,28,30,38,37,41,67,42,91,632,53,69,39,72,28,35,38,15,45,30,28,2026-03-22
Gujarat,Selamba,35,,34,39,87,112,113,103,90,44,64,190,171,140,152,175,142,55,210,19,25,23,28,40,40,41,67,41,90,636,55,84,40,79,31,32,32,16,45,30,30,2026-03-22
Gujarat,Waghai,37,,39,41,90,118,117,99,96,45,67,195,187,147,153,178,145,55,209,20,26,28,31,35,36,40,60,44,96,631,58,70,44,75,30,34,24,17,41,30,28,2026-03-22
Gujarat,Bodeli,34,,34,38,86,111,108,98,92,43,66,188,172,138,152,174,141,58,205,18,28,28,33,36,41,39,68,44,89,632,55,69,35,80,30,34,39,15,38,27,27,2026-03-22
Gujarat,Vapi,32,,32,34,90,114,114,101,94,44,66,187,169,138,145,169,145,56,205,18,28,28,29,38,46,40,66,36,96,692,56,68,38,78,31,32,32,15,38,28,30,2026-03-22
Gujarat,Bilimora,36,,34,36,86,125,114,98,94,44,66,199,176,139,155,152,149,53,201,17,34,32,39,35,37,40,62,45,96,631,54,69,36,69,31,35,24,17,36,25,24,2026-03-22
Gujarat,Idar,35,,34,38,98,115,118,99,99,45,70,192,166,131,148,178,136,59,226,18,23,28,28,39,48,37,66,35,99,655,59,70,34,83,36,30,39,20,37,27,30,2026-03-22
Gujarat,Jhalod,35,,35,35,95,120,110,109,103,50,72,194,187,156,148,167,154,61,218,21,30,29,27,41,40,40,69,47,96,727,57,77,45,73,27,34,39,19,46,25,25,2026-03-22
Gujarat,Songash,34,,33,34,89,118,117,98,90,44,65,223,203,137,151,189,143,51,205,22,20,27,30,32,41,36,61,42,88,631,54,60,35,75,31,34,32,17,42,23,23,2026-03-22
Madhya Pradesh,Bhopal,36,,29,35,83,116,107,105,91,46,62,181,204,178,143,181,NR,52,255,10,15,21,17,40,40,42,60,42,90,626,57,92,25,100,54,40,35,15,36,22,35,2026-03-22
Madhya Pradesh,Indore,42,,29,35,89,118,117,113,85,43,62,179,176,160,NR,155,146,62,265,15,15,18,37,42,42,40,NR,40,85,643,59,96,38,82,34,32,23,15,33,29,22,2026-03-22
Madhya Pradesh,Gwalior,39,,29,33,77,115,118,110,90,45,63,208,158,168,140,177,NR,50,222,12,21,19,31,28,32,39,61,40,88,641,60,71,29,81,35,35,26,15,40,22,32,2026-03-22
Madhya Pradesh,Jabalpur,38,,32,34,80,116,110,110,85,45,55,190,186,140,145,168,115,50,250,16,16,20,24,38,40,40,55,44,94,639,58,80,30,84,36,35,25,15,40,20,36,2026-03-22
Madhya Pradesh,Rewa,35,,28,35,76,106,95,93,79,45,55,177,154,148,147,147,NR,55,237,18,15,15,19,NR,NR,35,NR,37,85,655,57,76,25,90,28,45,30,13,45,20,35,2026-03-22
Madhya Pradesh,Sagar,38,,25,28,73,118,120,100,84,45,59,201,190,137,165,179,157,49,258,16,10,14,11,40,39,40,67,43,83,676,55,63,25,84,35,30,25,15,38,20,23,2026-03-22
Madhya Pradesh,Jhabua,NR,,NR,NR,NR,NR,NR,NR,NR,NR,NR,NR,NR,NR,NR,NR,NR,NR,NR,NR,NR,NR,NR,NR,NR,NR,NR,NR,NR,NR,NR,NR,NR,NR,NR,NR,NR,NR,NR,NR,NR,2026-03-22
Madhya Pradesh,Hoshangabad,47,,31,37,84,105,118,108,86,45,54,201,159,136,136,151,106,52,217,11,16,22,19,43,49,43,49,41,92,654,60,87,56,92,31,43,20,19,48,20,34,2026-03-22
Madhya Pradesh,Shahdol,35,,29,35,86,115,112,110,83,44,50,200,136,125,121,154,NR,52,210,18,20,20,25,37,33,35,50,40,95,604,58,70,30,90,30,40,27,18,35,30,25,2026-03-22
Madhya Pradesh,Ujjain,38,,37,40,93,110,101,102,92,42,60,160,190,168,141,175,NR,52,253,16,12,11,24,32,34,43,61,47,92,682,58,77,33,98,48,35,30,16,34,24,40,2026-03-22
Madhya Pradesh,Morena,NR,,NR,NR,NR,NR,NR,NR,NR,NR,NR,NR,NR,NR,NR,NR,NR,NR,NR,NR,NR,NR,NR,NR,NR,NR,NR,NR,NR,NR,NR,NR,NR,NR,NR,NR,NR,NR,NR,NR,NR,2026-03-22
Madhya Pradesh,Anuppur,35,,26,36,80,118,115,110,90,45,50,220,187,137,159,187,154,50,200,20,15,20,15,45,45,35,55,48,88,681,65,79,20,90,35,35,25,13,40,18,30,2026-03-22
Madhya Pradesh,Bhind,40,,29,34,84,113,116,114,84,45,62,181,157,134,127,142,118,49,249,16,12,20,14,34,43,38,64,39,90,646,62,77,23,81,29,35,25,16,40,25,29,2026-03-22
Madhya Pradesh,Dhar,42,,26,36,88,124,115,112,96,44,58,169,185,164,136,182,123,48,210,14,16,20,21,34,36,43,50,45,93,687,56,75,21,82,30,33,19,18,36,25,32,2026-03-22
Madhya Pradesh,Harda,NR,,NR,NR,NR,NR,NR,NR,NR,NR,NR,NR,NR,NR,NR,NR,NR,NR,NR,NR,NR,NR,NR,NR,NR,NR,NR,NR,NR,NR,NR,NR,NR,NR,NR,NR,NR,NR,NR,NR,NR,2026-03-22
Madhya Pradesh,Katni,35,,29,34,80,120,110,110,80,42,50,165,154,126,137,154,100,50,205,19,14,12,16,35,38,45,55,45,100,604,58,100,20,80,40,40,27,15,32,20,40,2026-03-22
Madhya Pradesh,Khandwa,37,,32,34,78,105,113,110,87,44,55,203,185,172,145,165,NR,50,270,17,20,18,45,35,35,42,49,41,90,659,53,89,38,88,28,32,26,15,37,23,36,2026-03-22
Madhya Pradesh,Mandla,35,,32,36,77,108,123,110,80,45,50,220,190,141,180,209,NR,50,193,29,15,19,9,45,45,41,60,45,87,692,59,75,19,93,25,37,29,15,40,25,35,2026-03-22
Madhya Pradesh,Rajgarh,NR,,NR,NR,NR,NR,NR,NR,NR,NR,NR,NR,NR,NR,NR,NR,NR,NR,NR,NR,NR,NR,NR,NR,NR,NR,NR,NR,NR,NR,NR,NR,NR,NR,NR,NR,NR,NR,NR,NR,NR,2026-03-22
Madhya Pradesh,Sidhi,34,,27,35,75,115,100,95,84,45,60,178,177,156,144,132,115,51,263,18,15,25,20,30,40,35,54,50,91,633,56,85,40,82,32,50,25,15,43,23,38,2026-03-22
Madhya Pradesh,Chattarpur,37,,30,40,90,122,117,107,80,45,50,187,176,167,137,154,125,55,233,20,20,20,15,32,42,40,55,50,93,600,60,84,30,88,30,40,30,15,30,22,35,2026-03-22
Madhya Pradesh,Neemuch,48,,27,33,75,125,105,110,70,42,65,179,157,141,137,139,NR,47,297,10,15,20,32,42,40,41,65,40,87,582,63,70,40,80,25,42,30,15,48,23,30,2026-03-22
Madhya Pradesh,Burhanpur,NR,,NR,NR,NR,NR,NR,NR,NR,NR,NR,NR,NR,NR,NR,NR,NR,NR,NR,NR,NR,NR,NR,NR,NR,NR,NR,NR,NR,NR,NR,NR,NR,NR,NR,NR,NR,NR,NR,NR,NR,2026-03-22
Madhya Pradesh,Narshinpur,40,,28,35,75,117,108,110,85,45,50,198,187,137,141,165,NR,44,233,12,15,20,10,40,40,45,60,48,85,637,58,85,45,90,37,35,25,15,35,20,38,2026-03-22
Madhya Pradesh,Raisen,40,,30,33,80,130,115,110,88,46,57,181,187,141,146,NR,NR,50,250,10,15,20,17,40,42,36,NR,40,85,672,60,73,30,88,32,32,32,18,35,20,37,2026-03-22
Madhya Pradesh,Sheopur,37,,25,33,81,108,110,104,80,45,60,205,178,162,146,165,NR,50,205,28,15,20,25,30,34,40,60,40,90,626,57,85,27,90,40,40,30,15,40,20,24,2026-03-22
Madhya Pradesh,Agar malwa,30,,20,26,82,122,118,107,90,NR,NR,178,162,143,141,141,NR,NR,NR,NR,20,15,25,45,45,40,NR,45,82,681,60,78,30,88,20,25,23,15,35,15,17,2026-03-22
Madhya Pradesh,Umaria,34,,32,36,87,117,112,117,82,45,59,194,178,141,167,174,NR,50,197,15,13,22,10,45,NR,42,NR,47,93,611,59,74,33,83,32,42,27,15,40,23,27,2026-03-22
Madhya Pradesh,Shajapur,40,,25,32,83,120,115,105,87,42,60,187,179,154,148,176,NR,50,260,19,19,20,23,36,39,39,NR,44,90,655,59,83,38,85,37,37,26,15,40,23,38,2026-03-22
Madhya Pradesh,Dewas,44,,28,33,88,129,116,109,89,44,61,190,191,162,158,176,NR,54,225,12,27,28,39,36,40,39,57,45,96,681,58,88,35,89,39,34,26,16,38,31,43,2026-03-22
Madhya Pradesh,Khargone,NR,,NR,NR,NR,NR,NR,NR,NR,NR,NR,NR,NR,NR,NR,NR,NR,NR,NR,NR,NR,NR,NR,NR,NR,NR,NR,NR,NR,NR,NR,NR,NR,NR,NR,NR,NR,NR,NR,NR,NR,2026-03-22
Madhya Pradesh,Singrauli,NR,,NR,NR,NR,NR,NR,NR,NR,NR,NR,NR,NR,NR,NR,NR,NR,NR,NR,NR,NR,NR,NR,NR,NR,NR,NR,NR,NR,NR,NR,NR,NR,NR,NR,NR,NR,NR,NR,NR,NR,2026-03-22
Madhya Pradesh,Chhindwara,50,,29,35,88,133,118,129,88,43,50,202,191,140,145,155,141,50,200,10,18,19,22,39,39,39,42,44,92,718,59,74,37,98,38,38,38,20,48,22,32,2026-03-22
Madhya Pradesh,Sehore,60,,30,32,83,130,110,103,90,43,58,192,187,154,148,181,NR,60,270,13,20,20,19,NR,NR,50,NR,49,90,652,60,83,42,85,30,35,24,15,48,19,27,2026-03-22
Madhya Pradesh,MP-Ashoknagar,NR,,NR,NR,NR,NR,NR,NR,NR,NR,NR,NR,NR,NR,NR,NR,NR,NR,NR,NR,NR,NR,NR,NR,NR,NR,NR,NR,NR,NR,NR,NR,NR,NR,NR,NR,NR,NR,NR,NR,NR,2026-03-22
Madhya Pradesh,Balaghat,NR,,NR,NR,NR,NR,NR,NR,NR,NR,NR,NR,NR,NR,NR,NR,NR,NR,NR,NR,NR,NR,NR,NR,NR,NR,NR,NR,NR,NR,NR,NR,NR,NR,NR,NR,NR,NR,NR,NR,NR,2026-03-22
Madhya Pradesh,Guna,39,,25,30,74,110,115,100,81,44,60,194,181,167,153,177,132,45,217,20,13,19,15,33,41,50,69,50,83,700,60,73,42,82,36,37,27,15,40,20,38,2026-03-22
Madhya Pradesh,Ratlam,40,,29,35,75,118,109,106,81,44,60,190,183,156,150,169,145,50,230,10,20,19,19,30,40,44,68,44,91,626,59,60,22,81,29,29,25,15,40,22,28,2026-03-22
Madhya Pradesh,Satna,NR,,NR,NR,NR,NR,NR,NR,NR,NR,NR,NR,NR,NR,NR,NR,NR,NR,NR,NR,NR,NR,NR,NR,NR,NR,NR,NR,NR,NR,NR,NR,NR,NR,NR,NR,NR,NR,NR,NR,NR,2026-03-22
Madhya Pradesh,Vidisha,39,,30,35,72,110,117,108,88,43,55,189,183,137,159,179,NR,50,240,11,10,17,15,40,40,36,68,36,78,655,60,96,18,84,33,30,25,15,37,20,30,2026-03-22
Madhya Pradesh,Alirajpur,NR,,NR,NR,NR,NR,NR,NR,NR,NR,NR,NR,NR,NR,NR,NR,NR,NR,NR,NR,NR,NR,NR,NR,NR,NR,NR,NR,NR,NR,NR,NR,NR,NR,NR,NR,NR,NR,NR,NR,NR,2026-03-22
Madhya Pradesh,Betul,NR,,NR,NR,NR,NR,NR,NR,NR,NR,NR,NR,NR,NR,NR,NR,NR,NR,NR,NR,NR,NR,NR,NR,NR,NR,NR,NR,NR,NR,NR,NR,NR,NR,NR,NR,NR,NR,NR,NR,NR,2026-03-22
Madhya Pradesh,Damoh,43,,31,36,75,140,105,113,86,46,61,214,192,139,153,164,NR,54,215,12,19,19,15,44,42,41,70,41,94,592,65,78,20,87,36,36,35,17,51,19,44,2026-03-22
Madhya Pradesh,Dindori,35,,33,36,86,105,100,105,79,45,64,219,186,137,132,179,NR,50,220,13,20,27,20,40,50,44,58,50,75,632,57,85,27,88,34,35,30,15,37,25,50,2026-03-22
Madhya Pradesh,Niwari,NR,,NR,NR,NR,NR,NR,NR,NR,NR,NR,NR,NR,NR,NR,NR,NR,NR,NR,NR,NR,NR,NR,NR,NR,NR,NR,NR,NR,NR,NR,NR,NR,NR,NR,NR,NR,NR,NR,NR,NR,2026-03-22
Madhya Pradesh,Seoni,NR,,NR,NR,NR,NR,NR,NR,NR,NR,NR,NR,NR,NR,NR,NR,NR,NR,NR,NR,NR,NR,NR,NR,NR,NR,NR,NR,NR,NR,NR,NR,NR,NR,NR,NR,NR,NR,NR,NR,NR,2026-03-22
Madhya Pradesh,Panna,NR,,NR,NR,NR,NR,NR,NR,NR,NR,NR,NR,NR,NR,NR,NR,NR,NR,NR,NR,NR,NR,NR,NR,NR,NR,NR,NR,NR,NR,NR,NR,NR,NR,NR,NR,NR,NR,NR,NR,NR,2026-03-22
Madhya Pradesh,Tikamgarh,35,,25,30,90,120,110,95,90,44,50,205,167,142,149,147,NR,50,200,20,20,20,20,30,35,40,40,45,100,651,58,70,22,85,29,41,20,17,30,20,30,2026-03-22
Madhya Pradesh,Datia,48,,28,30,82,117,107,97,75,45,58,224,183,150,141,183,123,55,230,28,15,20,16,49,33,42,78,47,92,696,58,93,18,87,42,47,28,16,39,22,48,2026-03-22
Madhya Pradesh,Maihar,37,,29,32,92,100,103,97,82,45,58,220,161,143,148,165,113,50,205,14,20,16,11,NR,NR,40,NR,45,100,732,58,72,39,97,29,40,38,12,42,20,40,2026-03-22
Madhya Pradesh,Shivpuri,NR,,NR,NR,NR,NR,NR,NR,NR,NR,NR,NR,NR,NR,NR,NR,NR,NR,NR,NR,NR,NR,NR,NR,NR,NR,NR,NR,NR,NR,NR,NR,NR,NR,NR,NR,NR,NR,NR,NR,NR,2026-03-22
Madhya Pradesh,Mandsaur,NR,,NR,NR,NR,NR,NR,NR,NR,NR,NR,NR,NR,NR,NR,NR,NR,NR,NR,NR,NR,NR,NR,NR,NR,NR,NR,NR,NR,NR,NR,NR,NR,NR,NR,NR,NR,NR,NR,NR,NR,2026-03-22
Maharashtra,Mumbai,40,,41,52,93,132,139,120,99,46,58,238,231,198,176,200,151,78,297,30,28,26,32,48,58,51,64,51,117,663,58,74,63,97,66,45,42,18,37,25,37,2026-03-22
Maharashtra,Nagpur,52,,46,52,92,131,129,118,103,51,66,226,204,168,168,184,139,69,283,27,30,26,32,39,48,52,79,52,110,761,59,94,31,92,40,48,31,21,60,42,68,2026-03-22
Maharashtra,Pune,38,,42,54,87,98,106,103,85,47,74,197,199,155,152,179,158,60,349,38,29,21,33,37,45,44,35,44,89,545,60,86,54,99,46,45,27,19,39,26,30,2026-03-22
Maharashtra,Nashik,41,,42,41,82,134,125,113,92,45,58,204,220,175,155,174,129,56,323,28,20,22,22,45,63,49,62,49,99,633,60,77,63,113,55,35,33,17,27,30,35,2026-03-22
Maharashtra,Mangaon-Raigad,52,,43,49,90,131,135,117,96,45,57,221,244,178,175,192,133,62,356,30,21,22,45,45,53,42,59,45,99,816,59,82,46,120,63,39,47,22,53,35,45,2026-03-22
Maharashtra,Dharni,44,,33,37,81,130,114,118,90,44,53,202,188,149,167,186,NR,50,322,13,21,21,21,35,27,43,NR,49,92,743,64,82,38,93,31,41,22,19,41,29,37,2026-03-22
Maharashtra,Latur,57,,45,51,77,132,122,122,88,44,67,200,207,132,157,183,153,58,237,26,18,22,20,36,55,40,77,41,110,780,49,65,73,98,45,42,29,24,47,32,50,2026-03-22
Maharashtra,Akluj,46,,33,41,75,127,103,108,93,44,60,184,211,149,167,191,179,46,332,30,24,21,23,32,48,39,60,39,88,659,52,49,42,94,35,36,26,12,28,22,40,2026-03-22
Maharashtra,Arni Yavatmal,44,,34,36,99,123,125,114,90,43,63,170,192,154,144,157,NR,57,300,10,30,30,40,35,32,47,70,55,103,784,55,72,40,99,45,42,20,15,40,35,25,2026-03-22
Maharashtra,Chandrapur,50,,44,47,85,134,123,118,101,47,59,184,217,212,170,181,NR,67,271,30,20,23,17,51,51,59,53,54,106,663,58,59,23,103,35,33,23,20,68,25,47,2026-03-22
Maharashtra,Karad Satara,40,,36,44,80,131,136,119,86,44,71,203,186,163,168,189,160,57,293,27,23,21,22,38,42,40,60,40,98,674,59,64,40,118,45,40,32,19,36,25,35,2026-03-22
Maharashtra,Ahemednagar,51,,44,47,84,124,119,119,99,43,53,168,169,166,169,175,146,49,259,30,19,19,24,29,40,39,44,39,101,575,58,62,49,99,29,39,24,18,26,19,37,2026-03-22
Maharashtra,Khultabad,47,,32,35,84,112,113,106,86,43,49,180,NR,145,147,156,153,59,320,20,32,27,31,34,41,39,NR,42,87,702,60,86,37,81,32,23,19,16,32,20,36,2026-03-22
Maharashtra,Islampur,38,,39,47,84,134,131,120,100,43,71,218,201,152,164,174,143,51,413,27,28,20,25,38,39,39,48,43,108,655,60,64,38,103,59,53,36,27,40,28,27,2026-03-22
Maharashtra,Kankavli,45,,34,51,103,142,126,131,92,46,60,184,200,164,152,167,135,53,378,20,33,23,42,53,49,45,50,46,104,688,56,85,77,77,47,41,36,18,63,30,47,2026-03-22
Maharashtra,Partur,50,,31,40,80,129,120,110,88,44,58,187,204,151,164,186,163,59,401,10,20,20,27,32,40,43,NR,47,87,775,NR,84,40,92,40,42,26,15,47,20,39,2026-03-22
Maharashtra,Gondia,50,,35,37,75,117,110,108,80,43,58,199,201,135,169,192,155,69,250,30,20,22,17,35,36,33,50,36,85,765,58,70,27,100,49,50,28,21,33,28,42,2026-03-22
Maharashtra,Jalgaon,47,,34,44,86,133,129,114,102,44,65,202,203,178,170,199,181,61,468,29,20,20,25,42,44,55,62,55,101,738,57,73,42,132,50,41,32,20,40,28,35,2026-03-22
Maharashtra,Akola,44,,34,45,85,128,120,119,97,44,69,178,211,159,157,176,NR,62,327,30,25,20,27,42,38,50,65,50,103,784,59,81,43,88,42,44,24,16,33,28,40,2026-03-22
Rajasthan,Jaipur,NR,,NR,NR,NR,NR,NR,NR,NR,NR,NR,NR,NR,NR,NR,NR,NR,NR,NR,NR,NR,NR,NR,NR,NR,NR,NR,NR,NR,NR,NR,NR,NR,NR,NR,NR,NR,NR,NR,NR,NR,2026-03-22
Rajasthan,Jodhpur,NR,,NR,NR,NR,NR,NR,NR,NR,NR,NR,NR,NR,NR,NR,NR,NR,NR,NR,NR,NR,NR,NR,NR,NR,NR,NR,NR,NR,NR,NR,NR,NR,NR,NR,NR,NR,NR,NR,NR,NR,2026-03-22
Rajasthan,Kota,NR,,NR,NR,NR,NR,NR,NR,NR,NR,NR,NR,NR,NR,NR,NR,NR,NR,NR,NR,NR,NR,NR,NR,NR,NR,NR,NR,NR,NR,NR,NR,NR,NR,NR,NR,NR,NR,NR,NR,NR,2026-03-22
Rajasthan,Udaipur,NR,,NR,NR,NR,NR,NR,NR,NR,NR,NR,NR,NR,NR,NR,NR,NR,NR,NR,NR,NR,NR,NR,NR,NR,NR,NR,NR,NR,NR,NR,NR,NR,NR,NR,NR,NR,NR,NR,NR,NR,2026-03-22
Rajasthan,Bharatpur,NR,,NR,NR,NR,NR,NR,NR,NR,NR,NR,NR,NR,NR,NR,NR,NR,NR,NR,NR,NR,NR,NR,NR,NR,NR,NR,NR,NR,NR,NR,NR,NR,NR,NR,NR,NR,NR,NR,NR,NR,2026-03-22
Rajasthan,Ajmer,NR,,NR,NR,NR,NR,NR,NR,NR,NR,NR,NR,NR,NR,NR,NR,NR,NR,NR,NR,NR,NR,NR,NR,NR,NR,NR,NR,NR,NR,NR,NR,NR,NR,NR,NR,NR,NR,NR,NR,NR,2026-03-22
Rajasthan,Bikaner,NR,,NR,NR,NR,NR,NR,NR,NR,NR,NR,NR,NR,NR,NR,NR,NR,NR,NR,NR,NR,NR,NR,NR,NR,NR,NR,NR,NR,NR,NR,NR,NR,NR,NR,NR,NR,NR,NR,NR,NR,2026-03-22
Rajasthan,Bundi,NR,,NR,NR,NR,NR,NR,NR,NR,NR,NR,NR,NR,NR,NR,NR,NR,NR,NR,NR,NR,NR,NR,NR,NR,NR,NR,NR,NR,NR,NR,NR,NR,NR,NR,NR,NR,NR,NR,NR,NR,2026-03-22
Rajasthan,Rajsamand,NR,,NR,NR,NR,NR,NR,NR,NR,NR,NR,NR,NR,NR,NR,NR,NR,NR,NR,NR,NR,NR,NR,NR,NR,NR,NR,NR,NR,NR,NR,NR,NR,NR,NR,NR,NR,NR,NR,NR,NR,2026-03-22
Rajasthan,Alwar,NR,,NR,NR,NR,NR,NR,NR,NR,NR,NR,NR,NR,NR,NR,NR,NR,NR,NR,NR,NR,NR,NR,NR,NR,NR,NR,NR,NR,NR,NR,NR,NR,NR,NR,NR,NR,NR,NR,NR,NR,2026-03-22
Rajasthan,Banswara,NR,,NR,NR,NR,NR,NR,NR,NR,NR,NR,NR,NR,NR,NR,NR,NR,NR,NR,NR,NR,NR,NR,NR,NR,NR,NR,NR,NR,NR,NR,NR,NR,NR,NR,NR,NR,NR,NR,NR,NR,2026-03-22
Rajasthan,Baran,NR,,NR,NR,NR,NR,NR,NR,NR,NR,NR,NR,NR,NR,NR,NR,NR,NR,NR,NR,NR,NR,NR,NR,NR,NR,NR,NR,NR,NR,NR,NR,NR,NR,NR,NR,NR,NR,NR,NR,NR,2026-03-22
Rajasthan,Barmer,NR,,NR,NR,NR,NR,NR,NR,NR,NR,NR,NR,NR,NR,NR,NR,NR,NR,NR,NR,NR,NR,NR,NR,NR,NR,NR,NR,NR,NR,NR,NR,NR,NR,NR,NR,NR,NR,NR,NR,NR,2026-03-22
Rajasthan,Bhilwara,NR,,NR,NR,NR,NR,NR,NR,NR,NR,NR,NR,NR,NR,NR,NR,NR,NR,NR,NR,NR,NR,NR,NR,NR,NR,NR,NR,NR,NR,NR,NR,NR,NR,NR,NR,NR,NR,NR,NR,NR,2026-03-22
Rajasthan,Chhitorgarh,NR,,NR,NR,NR,NR,NR,NR,NR,NR,NR,NR,NR,NR,NR,NR,NR,NR,NR,NR,NR,NR,NR,NR,NR,NR,NR,NR,NR,NR,NR,NR,NR,NR,NR,NR,NR,NR,NR,NR,NR,2026-03-22
Rajasthan,Churu,NR,,NR,NR,NR,NR,NR,NR,NR,NR,NR,NR,NR,NR,NR,NR,NR,NR,NR,NR,NR,NR,NR,NR,NR,NR,NR,NR,NR,NR,NR,NR,NR,NR,NR,NR,NR,NR,NR,NR,NR,2026-03-22
Rajasthan,Dholapur,NR,,NR,NR,NR,NR,NR,NR,NR,NR,NR,NR,NR,NR,NR,NR,NR,NR,NR,NR,NR,NR,NR,NR,NR,NR,NR,NR,NR,NR,NR,NR,NR,NR,NR,NR,NR,NR,NR,NR,NR,2026-03-22
Rajasthan,Dungarpur,NR,,NR,NR,NR,NR,NR,NR,NR,NR,NR,NR,NR,NR,NR,NR,NR,NR,NR,NR,NR,NR,NR,NR,NR,NR,NR,NR,NR,NR,NR,NR,NR,NR,NR,NR,NR,NR,NR,NR,NR,2026-03-22
Rajasthan,Hanumangarh,NR,,NR,NR,NR,NR,NR,NR,NR,NR,NR,NR,NR,NR,NR,NR,NR,NR,NR,NR,NR,NR,NR,NR,NR,NR,NR,NR,NR,NR,NR,NR,NR,NR,NR,NR,NR,NR,NR,NR,NR,2026-03-22
Rajasthan,Jaisalmer,NR,,NR,NR,NR,NR,NR,NR,NR,NR,NR,NR,NR,NR,NR,NR,NR,NR,NR,NR,NR,NR,NR,NR,NR,NR,NR,NR,NR,NR,NR,NR,NR,NR,NR,NR,NR,NR,NR,NR,NR,2026-03-22
Rajasthan,Jalore,45,,34,35,86,113,119,104,91,45,55,207,170,125,161,157,NR,46,312,15,30,31,34,30,40,43,NR,52,96,545,60,78,47,98,41,40,29,17,43,28,31,2026-03-22
Rajasthan,Jhalawar,NR,,NR,NR,NR,NR,NR,NR,NR,NR,NR,NR,NR,NR,NR,NR,NR,NR,NR,NR,NR,NR,NR,NR,NR,NR,NR,NR,NR,NR,NR,NR,NR,NR,NR,NR,NR,NR,NR,NR,NR,2026-03-22
Rajasthan,Jhunjhunu,NR,,NR,NR,NR,NR,NR,NR,NR,NR,NR,NR,NR,NR,NR,NR,NR,NR,NR,NR,NR,NR,NR,NR,NR,NR,NR,NR,NR,NR,NR,NR,NR,NR,NR,NR,NR,NR,NR,NR,NR,2026-03-22
Rajasthan,Karauli,NR,,NR,NR,NR,NR,NR,NR,NR,NR,NR,NR,NR,NR,NR,NR,NR,NR,NR,NR,NR,NR,NR,NR,NR,NR,NR,NR,NR,NR,NR,NR,NR,NR,NR,NR,NR,NR,NR,NR,NR,2026-03-22
Rajasthan,Nagaur,NR,,NR,NR,NR,NR,NR,NR,NR,NR,NR,NR,NR,NR,NR,NR,NR,NR,NR,NR,NR,NR,NR,NR,NR,NR,NR,NR,NR,NR,NR,NR,NR,NR,NR,NR,NR,NR,NR,NR,NR,2026-03-22
Rajasthan,Pali,NR,,NR,NR,NR,NR,NR,NR,NR,NR,NR,NR,NR,NR,NR,NR,NR,NR,NR,NR,NR,NR,NR,NR,NR,NR,NR,NR,NR,NR,NR,NR,NR,NR,NR,NR,NR,NR,NR,NR,NR,2026-03-22
Rajasthan,RJ-Pratapgarh,NR,,NR,NR,NR,NR,NR,NR,NR,NR,NR,NR,NR,NR,NR,NR,NR,NR,NR,NR,NR,NR,NR,NR,NR,NR,NR,NR,NR,NR,NR,NR,NR,NR,NR,NR,NR,NR,NR,NR,NR,2026-03-22
Rajasthan,Sikar,NR,,NR,NR,NR,NR,NR,NR,NR,NR,NR,NR,NR,NR,NR,NR,NR,NR,NR,NR,NR,NR,NR,NR,NR,NR,NR,NR,NR,NR,NR,NR,NR,NR,NR,NR,NR,NR,NR,NR,NR,2026-03-22
Rajasthan,Sirohi,NR,,NR,NR,NR,NR,NR,NR,NR,NR,NR,NR,NR,NR,NR,NR,NR,NR,NR,NR,NR,NR,NR,NR,NR,NR,NR,NR,NR,NR,NR,NR,NR,NR,NR,NR,NR,NR,NR,NR,NR,2026-03-22
Rajasthan,Sri Ganganagar,NR,,NR,NR,NR,NR,NR,NR,NR,NR,NR,NR,NR,NR,NR,NR,NR,NR,NR,NR,NR,NR,NR,NR,NR,NR,NR,NR,NR,NR,NR,NR,NR,NR,NR,NR,NR,NR,NR,NR,NR,2026-03-22
Rajasthan,Tonk,NR,,NR,NR,NR,NR,NR,NR,NR,NR,NR,NR,NR,NR,NR,NR,NR,NR,NR,NR,NR,NR,NR,NR,NR,NR,NR,NR,NR,NR,NR,NR,NR,NR,NR,NR,NR,NR,NR,NR,NR,2026-03-22
Rajasthan,Sawai Madhopur,NR,,NR,NR,NR,NR,NR,NR,NR,NR,NR,NR,NR,NR,NR,NR,NR,NR,NR,NR,NR,NR,NR,NR,NR,NR,NR,NR,NR,NR,NR,NR,NR,NR,NR,NR,NR,NR,NR,NR,NR,2026-03-22
EAST ZONE,EAST ZONE,,,,,,,,,,,,,,,,,,,,,,,,,,,,,,,,,,,,,,,,,,2026-03-22
Bihar,Patna,47,,28,33,76,118,116,100,77,48,58,NR,186,159,209,192,185,49,290,26,18,28,19,NR,NR,40,NR,40,100,604,56,84,35,85,40,40,25,15,40,20,36,2026-03-22
Bihar,Bhagalpur,39,,28,32,78,114,109,102,76,47,58,NR,178,134,129,169,117,46,320,28,12,19,19,49,61,34,NR,35,104,635,54,90,39,96,29,34,21,18,NR,25,35,2026-03-22
Bihar,Purnia,38,,31,34,72,114,116,102,72,49,57,NR,186,136,175,NR,129,54,324,18,14,22,34,58,58,40,54,47,102,692,55,88,40,94,36,32,24,16,50,28,18,2026-03-22
Bihar,Darbhanga,NR,,NR,NR,NR,NR,NR,NR,NR,NR,NR,NR,NR,NR,NR,NR,NR,NR,NR,NR,NR,NR,NR,NR,NR,NR,NR,NR,NR,NR,NR,NR,NR,NR,NR,NR,NR,NR,NR,NR,NR,2026-03-22
Bihar,Gaya,NR,,NR,NR,NR,NR,NR,NR,NR,NR,NR,NR,NR,NR,NR,NR,NR,NR,NR,NR,NR,NR,NR,NR,NR,NR,NR,NR,NR,NR,NR,NR,NR,NR,NR,NR,NR,NR,NR,NR,NR,2026-03-22
Bihar,Muzzafarpur,38,,28,32,81,116,115,111,81,46,59,NR,183,146,148,199,122,41,280,23,15,21,21,51,49,39,53,41,103,612,59,84,36,86,35,37,23,15,47,23,23,2026-03-22
Bihar,Saran,NR,,NR,NR,NR,NR,NR,NR,NR,NR,NR,NR,NR,NR,NR,NR,NR,NR,NR,NR,NR,NR,NR,NR,NR,NR,NR,NR,NR,NR,NR,NR,NR,NR,NR,NR,NR,NR,NR,NR,NR,2026-03-22
Bihar,Munger,36,,26,33,90,133,110,120,80,44,57,NR,169,154,154,125,113,46,240,29,14,34,23,NR,NR,34,NR,40,100,584,60,79,29,92,54,40,39,16,55,21,33,2026-03-22
Bihar,Saharsa,NR,,NR,NR,NR,NR,NR,NR,NR,NR,NR,NR,NR,NR,NR,NR,NR,NR,NR,NR,NR,NR,NR,NR,NR,NR,NR,NR,NR,NR,NR,NR,NR,NR,NR,NR,NR,NR,NR,NR,NR,2026-03-22
Bihar,Madhubani,38,,30,35,85,125,112,103,84,47,55,204,166,159,160,173,127,47,280,28,21,27,28,NR,NR,33,48,35,102,615,57,71,33,82,32,31,23,12,50,29,27,2026-03-22
Bihar,Rohtas (Sasaram),32,,30,35,74,108,110,81,78,48,66,179,188,179,177,205,159,51,229,28,14,21,24,39,56,33,58,37,90,690,60,89,33,79,29,30,21,14,58,27,31,2026-03-22
Bihar,Motihari,42,,28,32,80,106,112,104,80,45,56,NR,187,171,165,224,127,46,265,19,20,20,32,35,35,38,52,37,106,593,54,81,29,81,31,42,27,17,33,28,32,2026-03-22
Bihar,Samastipur,43,,27,35,84,116,115,112,87,46,54,NR,179,128,123,NR,127,54,312,28,10,19,18,30,39,39,73,47,99,698,61,92,39,84,30,77,25,10,38,28,30,2026-03-22
Bihar,Katihar,41,,32,31,74,119,129,110,72,44,59,NR,177,138,146,164,NR,55,311,19,12,23,35,NR,NR,34,NR,35,108,668,63,76,42,89,24,49,23,12,NR,23,24,2026-03-22
Bihar,Araria,38,,32,37,80,120,120,110,80,47,59,276,188,158,144,188,122,54,298,27,13,22,28,72,62,32,82,31,102,623,57,72,32,77,22,27,21,11,61,22,22,2026-03-22
Bihar,Nawada,33,,29,34,76,119,119,119,75,48,60,NR,204,161,180,173,147,50,269,28,10,15,29,43,40,35,53,37,95,718,60,76,43,81,33,34,25,12,58,25,29,2026-03-22
Bihar,Khagaria,NR,,NR,NR,NR,NR,NR,NR,NR,NR,NR,NR,NR,NR,NR,NR,NR,NR,NR,NR,NR,NR,NR,NR,NR,NR,NR,NR,NR,NR,NR,NR,NR,NR,NR,NR,NR,NR,NR,NR,NR,2026-03-22
Bihar,Banka,NR,,NR,NR,NR,NR,NR,NR,NR,NR,NR,NR,NR,NR,NR,NR,NR,NR,NR,NR,NR,NR,NR,NR,NR,NR,NR,NR,NR,NR,NR,NR,NR,NR,NR,NR,NR,NR,NR,NR,NR,2026-03-22
Bihar,Arwal,33,,26,33,75,101,99,98,76,47,57,NR,198,162,160,161,134,51,235,27,13,23,17,NR,NR,33,NR,35,89,748,61,72,28,76,32,42,27,17,32,22,26,2026-03-22
Bihar,Aurangabad,NR,,NR,NR,NR,NR,NR,NR,NR,NR,NR,NR,NR,NR,NR,NR,NR,NR,NR,NR,NR,NR,NR,NR,NR,NR,NR,NR,NR,NR,NR,NR,NR,NR,NR,NR,NR,NR,NR,NR,NR,2026-03-22
Bihar,Begusarai,37,,29,35,74,104,110,105,75,45,55,262,171,169,176,159,139,46,262,14,16,21,17,52,42,35,52,37,108,623,58,78,39,96,25,32,20,17,35,34,42,2026-03-22
Bihar,Bhojpur Ara,NR,,NR,NR,NR,NR,NR,NR,NR,NR,NR,NR,NR,NR,NR,NR,NR,NR,NR,NR,NR,NR,NR,NR,NR,NR,NR,NR,NR,NR,NR,NR,NR,NR,NR,NR,NR,NR,NR,NR,NR,2026-03-22
Bihar,Buxar,27,,26,32,79,120,118,119,75,46,64,199,181,175,153,202,132,49,253,29,10,19,17,32,53,34,72,35,88,769,49,96,25,87,49,32,22,18,43,24,21,2026-03-22
Bihar,Gopalganj,39,,27,34,79,115,111,107,79,45,50,187,165,147,145,148,119,57,247,29,14,20,21,43,45,40,44,40,113,670,54,81,37,85,42,40,34,12,55,31,33,2026-03-22
Bihar,Jamui,NR,,NR,NR,NR,NR,NR,NR,NR,NR,NR,NR,NR,NR,NR,NR,NR,NR,NR,NR,NR,NR,NR,NR,NR,NR,NR,NR,NR,NR,NR,NR,NR,NR,NR,NR,NR,NR,NR,NR,NR,2026-03-22
Bihar,Jehanabad,NR,,NR,NR,NR,NR,NR,NR,NR,NR,NR,NR,NR,NR,NR,NR,NR,NR,NR,NR,NR,NR,NR,NR,NR,NR,NR,NR,NR,NR,NR,NR,NR,NR,NR,NR,NR,NR,NR,NR,NR,2026-03-22
Bihar,Kaimur,38,,27,33,79,117,117,109,79,47,57,NR,186,174,152,188,119,49,212,20,12,19,14,32,31,34,NR,39,91,714,60,88,34,82,33,32,24,15,52,27,32,2026-03-22
Bihar,Kishanganj,NR,,NR,NR,NR,NR,NR,NR,NR,NR,NR,NR,NR,NR,NR,NR,NR,NR,NR,NR,NR,NR,NR,NR,NR,NR,NR,NR,NR,NR,NR,NR,NR,NR,NR,NR,NR,NR,NR,NR,NR,2026-03-22
Bihar,Lakhisarai,NR,,NR,NR,NR,NR,NR,NR,NR,NR,NR,NR,NR,NR,NR,NR,NR,NR,NR,NR,NR,NR,NR,NR,NR,NR,NR,NR,NR,NR,NR,NR,NR,NR,NR,NR,NR,NR,NR,NR,NR,2026-03-22
Bihar,Medhepura,37,,30,34,70,114,125,92,70,45,58,NR,187,147,159,186,124,45,287,20,15,26,36,NR,NR,35,NR,35,88,721,58,97,42,87,35,37,29,14,45,32,29,2026-03-22
Bihar,Nalanda,NR,,NR,NR,NR,NR,NR,NR,NR,NR,NR,NR,NR,NR,NR,NR,NR,NR,NR,NR,NR,NR,NR,NR,NR,NR,NR,NR,NR,NR,NR,NR,NR,NR,NR,NR,NR,NR,NR,NR,NR,2026-03-22
Bihar,Sheikhpura,NR,,NR,NR,NR,NR,NR,NR,NR,NR,NR,NR,NR,NR,NR,NR,NR,NR,NR,NR,NR,NR,NR,NR,NR,NR,NR,NR,NR,NR,NR,NR,NR,NR,NR,NR,NR,NR,NR,NR,NR,2026-03-22
Bihar,Sheohar,40,,27,37,82,120,118,116,77,45,58,170,193,155,169,192,127,48,232,26,14,24,30,55,60,37,41,39,116,718,46,80,30,82,32,38,22,16,57,49,25,2026-03-22
Bihar,Sitamarhi,NR,,NR,NR,NR,NR,NR,NR,NR,NR,NR,NR,NR,NR,NR,NR,NR,NR,NR,NR,NR,NR,NR,NR,NR,NR,NR,NR,NR,NR,NR,NR,NR,NR,NR,NR,NR,NR,NR,NR,NR,2026-03-22
Bihar,Siwan,34,,25,29,74,112,92,94,70,47,57,244,182,164,180,176,116,47,202,27,12,18,18,47,44,34,49,35,88,670,61,66,29,84,34,41,29,14,34,23,24,2026-03-22
Bihar,Supaul,35,,29,35,72,110,NR,98,75,48,55,NR,187,151,188,NR,175,56,268,12,12,22,37,NR,NR,36,NR,36,116,551,54,86,39,79,26,56,35,15,55,32,24,2026-03-22
Bihar,Vaishali,35,,28,32,69,113,118,102,69,46,50,209,169,148,170,209,148,50,207,29,14,21,20,49,49,32,42,40,83,714,55,86,40,80,30,33,21,13,37,20,31,2026-03-22
Bihar,West Champaran,38,,29,36,81,114,119,111,81,44,56,204,188,167,154,178,113,45,260,20,22,24,31,35,41,33,45,39,105,567,54,76,37,90,47,50,27,17,47,24,21,2026-03-22
Jharkhand,Ranchi,42,,36,36,81,121,118,110,79,47,58,231,186,146,170,178,126,55,230,28,20,20,23,35,37,37,40,47,110,599,60,86,53,90,47,40,32,15,52,31,40,2026-03-22
Jharkhand,Gumla,NR,,NR,NR,NR,NR,NR,NR,NR,NR,NR,NR,NR,NR,NR,NR,NR,NR,NR,NR,NR,NR,NR,NR,NR,NR,NR,NR,NR,NR,NR,NR,NR,NR,NR,NR,NR,NR,NR,NR,NR,2026-03-22
Jharkhand,Sahibganj,41,,35,36,85,120,120,103,80,47,57,172,187,176,187,176,121,55,257,20,14,25,13,40,45,39,69,53,99,626,56,94,27,80,45,40,35,15,40,30,30,2026-03-22
Jharkhand,Bokaro,34,,35,37,86,132,100,110,86,46,57,189,172,160,164,182,145,54,322,25,26,26,37,NR,NR,33,NR,40,100,709,55,89,43,81,28,41,25,13,60,NR,NR,2026-03-22
Jharkhand,Lohardaga,37,,31,36,85,102,125,110,80,45,61,NR,147,130,135,166,116,44,203,26,20,25,35,NR,NR,38,31,40,90,673,56,73,25,80,42,30,27,11,38,41,23,2026-03-22
Jharkhand,Simdega,45,,NR,36,93,109,104,101,77,48,62,NR,178,148,158,153,146,45,250,25,20,25,20,41,NR,45,62,48,100,663,61,76,57,90,61,36,26,25,50,25,42,2026-03-22
Jharkhand,Dhanbad,37,,35,36,80,115,115,110,79,46,59,242,187,153,162,187,137,53,245,27,16,24,25,36,51,38,51,41,99,703,57,92,43,89,31,41,33,18,48,25,39,2026-03-22
Jharkhand,Jamshedpur (East Singbhum),NR,,NR,NR,NR,NR,NR,NR,NR,NR,NR,NR,NR,NR,NR,NR,NR,NR,NR,NR,NR,NR,NR,NR,NR,NR,NR,NR,NR,NR,NR,NR,NR,NR,NR,NR,NR,NR,NR,NR,NR,2026-03-22
Jharkhand,Giridhi,NR,,NR,NR,NR,NR,NR,NR,NR,NR,NR,NR,NR,NR,NR,NR,NR,NR,NR,NR,NR,NR,NR,NR,NR,NR,NR,NR,NR,NR,NR,NR,NR,NR,NR,NR,NR,NR,NR,NR,NR,2026-03-22
Jharkhand,Seraikella,35,,31,39,78,120,113,104,75,49,60,187,187,155,158,166,113,55,207,28,16,21,25,38,NR,41,NR,45,92,600,60,84,47,80,30,31,25,14,52,28,35,2026-03-22
Jharkhand,West Singhbhum,NR,,NR,NR,NR,NR,NR,NR,NR,NR,NR,NR,NR,NR,NR,NR,NR,NR,NR,NR,NR,NR,NR,NR,NR,NR,NR,NR,NR,NR,NR,NR,NR,NR,NR,NR,NR,NR,NR,NR,NR,2026-03-22
Jharkhand,Daltonganj,34,,28,36,79,112,115,102,81,48,56,NR,175,150,160,NR,137,61,307,28,16,21,22,NR,NR,43,53,45,114,668,63,100,50,92,40,41,26,17,36,26,23,2026-03-22
Jharkhand,Deoghar,40,,32,35,80,110,120,110,100,48,60,176,186,176,148,176,132,60,300,30,15,25,20,50,50,40,60,50,90,769,60,85,30,80,40,35,25,15,40,20,30,2026-03-22
Jharkhand,Ramgarh,40,,37,39,NR,127,118,102,79,49,NR,NR,176,159,168,199,157,46,279,25,23,27,32,NR,NR,31,NR,40,108,NR,58,77,24,83,28,30,25,12,42,17,25,2026-03-22
Jharkhand,Pakur,39,,39,42,80,120,90,94,80,45,61,198,185,176,165,187,147,60,340,22,10,15,10,34,41,47,51,60,98,644,58,72,20,94,31,34,24,14,46,28,22,2026-03-22
Jharkhand,Jamtara,30,,27,31,75,116,120,104,84,47,58,NR,179,145,179,172,163,47,257,27,8,14,12,NR,NR,32,NR,47,85,644,60,84,22,83,43,34,33,16,40,25,25,2026-03-22
Jharkhand,Latehar,NR,,NR,NR,NR,NR,NR,NR,NR,NR,NR,NR,NR,NR,NR,NR,NR,NR,NR,NR,NR,NR,NR,NR,NR,NR,NR,NR,NR,NR,NR,NR,NR,NR,NR,NR,NR,NR,NR,NR,NR,2026-03-22
Jharkhand,Godda,NR,,NR,NR,NR,NR,NR,NR,NR,NR,NR,NR,NR,NR,NR,NR,NR,NR,NR,NR,NR,NR,NR,NR,NR,NR,NR,NR,NR,NR,NR,NR,NR,NR,NR,NR,NR,NR,NR,NR,NR,2026-03-22
Jharkhand,Koderma,NR,,NR,NR,NR,NR,NR,NR,NR,NR,NR,NR,NR,NR,NR,NR,NR,NR,NR,NR,NR,NR,NR,NR,NR,NR,NR,NR,NR,NR,NR,NR,NR,NR,NR,NR,NR,NR,NR,NR,NR,2026-03-22
Odisha,Bhubaneshwar,38,,36,46,78,110,115,115,80,48,54,NR,192,137,NR,198,160,60,230,27,15,25,15,NR,NR,38,45,40,90,NR,NR,60,22,90,30,30,20,10,50,20,30,2026-03-22
Odisha,Cuttack,41,,36,47,79,111,113,111,80,49,54,NR,197,136,NR,199,159,59,260,28,16,23,18,41,42,41,51,42,95,743,57,81,40,91,31,32,22,14,55,22,42,2026-03-22
Odisha,Sambalpur,NR,,NR,NR,NR,NR,NR,NR,NR,NR,NR,NR,NR,NR,NR,NR,NR,NR,NR,NR,NR,NR,NR,NR,NR,NR,NR,NR,NR,NR,NR,NR,NR,NR,NR,NR,NR,NR,NR,NR,NR,2026-03-22
Odisha,Rourkela,36,,36,39,75,117,112,96,74,47,54,NR,202,135,136,197,158,57,190,28,15,23,10,35,36,40,40,42,91,518,56,78,22,85,34,32,25,15,42,25,38,2026-03-22
Odisha,Berhampur,NR,,NR,NR,NR,NR,NR,NR,NR,NR,NR,NR,NR,NR,NR,NR,NR,NR,NR,NR,NR,NR,NR,NR,NR,NR,NR,NR,NR,NR,NR,NR,NR,NR,NR,NR,NR,NR,NR,NR,NR,2026-03-22
Odisha,Jeypore,NR,,NR,NR,NR,NR,NR,NR,NR,NR,NR,NR,NR,NR,NR,NR,NR,NR,NR,NR,NR,NR,NR,NR,NR,NR,NR,NR,NR,NR,NR,NR,NR,NR,NR,NR,NR,NR,NR,NR,NR,2026-03-22
Odisha,Balasore,38,,41,45,75,119,109,96,73,45,54,NR,205,176,NR,198,163,59,240,28,13,25,22,NR,NR,43,NR,43,93,618,56,72,40,95,28,40,27,11,42,23,30,2026-03-22
Odisha,Baripada,36,,37,42,81,120,115,101,78,48,54,NR,182,155,NR,187,154,60,239,26,12,22,15,35,NR,51,48,51,91,706,57,80,23,101,39,36,31,13,53,17,33,2026-03-22
Odisha,Balangir,35,,37,40,80,120,118,98,80,45,54,NR,198,138,NR,195,165,55,NR,30,15,22,10,NR,NR,39,NR,44,90,695,57,84,25,83,35,40,27,16,40,25,44,2026-03-22
Odisha,Angul,35,,NR,48,91,124,112,112,86,47,55,NR,196,174,NR,198,NR,50,NR,27,13,21,10,43,58,39,53,43,87,NR,59,83,28,89,56,37,30,14,58,20,27,2026-03-22
Odisha,Boudhgarh,NR,,NR,NR,NR,NR,NR,NR,NR,NR,NR,NR,NR,NR,NR,NR,NR,NR,NR,NR,NR,NR,NR,NR,NR,NR,NR,NR,NR,NR,NR,NR,NR,NR,NR,NR,NR,NR,NR,NR,NR,2026-03-22
Odisha,Dhenkanal,39,,35,44,75,113,107,99,75,46,54,NR,198,142,NR,203,148,60,430,29,11,25,20,50,NR,39,50,45,90,710,58,90,40,83,40,30,20,12,50,25,40,2026-03-22
Odisha,Jagatsinghpur,40,,40,45,80,120,98,105,85,50,58,NR,198,184,NR,198,121,60,240,29,16,20,20,NR,NR,38,NR,42,102,661,58,80,40,84,40,32,21,16,60,22,35,2026-03-22
Odisha,Kandhamal,38,,43,49,80,132,123,115,82,45,58,NR,200,172,NR,188,137,56,NR,30,19,26,27,NR,NR,43,43,45,92,714,59,73,38,90,36,33,27,10,42,21,45,2026-03-22
Odisha,Keonjhar,NR,,NR,NR,NR,NR,NR,NR,NR,NR,NR,NR,NR,NR,NR,NR,NR,NR,NR,NR,NR,NR,NR,NR,NR,NR,NR,NR,NR,NR,NR,NR,NR,NR,NR,NR,NR,NR,NR,NR,NR,2026-03-22
Odisha,Malkangiri,NR,,NR,NR,NR,NR,NR,NR,NR,NR,NR,NR,NR,NR,NR,NR,NR,NR,NR,NR,NR,NR,NR,NR,NR,NR,NR,NR,NR,NR,NR,NR,NR,NR,NR,NR,NR,NR,NR,NR,NR,2026-03-22
Odisha,Nabarangpur,NR,,NR,NR,NR,NR,NR,NR,NR,NR,NR,NR,NR,NR,NR,NR,NR,NR,NR,NR,NR,NR,NR,NR,NR,NR,NR,NR,NR,NR,NR,NR,NR,NR,NR,NR,NR,NR,NR,NR,NR,2026-03-22
Odisha,Nayagarh,NR,,NR,NR,NR,NR,NR,NR,NR,NR,NR,NR,NR,NR,NR,NR,NR,NR,NR,NR,NR,NR,NR,NR,NR,NR,NR,NR,NR,NR,NR,NR,NR,NR,NR,NR,NR,NR,NR,NR,NR,2026-03-22
Odisha,Nuapada,NR,,NR,NR,NR,NR,NR,NR,NR,NR,NR,NR,NR,NR,NR,NR,NR,NR,NR,NR,NR,NR,NR,NR,NR,NR,NR,NR,NR,NR,NR,NR,NR,NR,NR,NR,NR,NR,NR,NR,NR,2026-03-22
Odisha,Paralakhemundi Gajapati,51,,35,45,85,114,115,109,98,45,NR,192,194,161,138,156,124,55,263,27,19,25,13,51,54,43,57,44,75,685,76,74,28,98,27,31,20,12,49,23,26,2026-03-22
Odisha,Puri,39,,NR,43,80,119,112,106,84,47,54,NR,193,153,NR,181,144,57,283,25,14,21,17,NR,NR,40,NR,44,95,673,59,79,37,83,32,40,25,14,47,19,31,2026-03-22
Odisha,Rayagada,41,,43,50,85,120,120,109,80,45,60,203,197,146,NR,192,136,58,NR,30,17,25,10,NR,NR,48,40,50,80,690,58,72,40,82,34,35,24,13,50,25,40,2026-03-22
Odisha,Sonepur,NR,,NR,NR,NR,NR,NR,NR,NR,NR,NR,NR,NR,NR,NR,NR,NR,NR,NR,NR,NR,NR,NR,NR,NR,NR,NR,NR,NR,NR,NR,NR,NR,NR,NR,NR,NR,NR,NR,NR,NR,2026-03-22
Odisha,Bhadrak,NR,,NR,NR,NR,NR,NR,NR,NR,NR,NR,NR,NR,NR,NR,NR,NR,NR,NR,NR,NR,NR,NR,NR,NR,NR,NR,NR,NR,NR,NR,NR,NR,NR,NR,NR,NR,NR,NR,NR,NR,2026-03-22
Odisha,Jharsuguda,NR,,NR,NR,NR,NR,NR,NR,NR,NR,NR,NR,NR,NR,NR,NR,NR,NR,NR,NR,NR,NR,NR,NR,NR,NR,NR,NR,NR,NR,NR,NR,NR,NR,NR,NR,NR,NR,NR,NR,NR,2026-03-22
Odisha,Kendrapara,39,,38,45,85,129,104,109,85,45,54,NR,195,NR,NR,187,157,56,275,28,13,23,18,NR,NR,42,57,43,88,699,59,81,24,83,29,38,23,15,55,20,40,2026-03-22
Odisha,Jajpur,NR,,NR,NR,NR,NR,NR,NR,NR,NR,NR,NR,NR,NR,NR,NR,NR,NR,NR,NR,NR,NR,NR,NR,NR,NR,NR,NR,NR,NR,NR,NR,NR,NR,NR,NR,NR,NR,NR,NR,NR,2026-03-22
Odisha,Kalahandi,42,,37,49,86,121,118,110,85,48,54,NR,203,157,NR,170,133,54,430,30,16,25,20,NR,NR,41,37,49,101,753,NR,84,28,84,27,32,28,13,40,25,40,2026-03-22
West Bengal,Kolkata,NR,,NR,NR,NR,NR,NR,NR,NR,NR,NR,NR,NR,NR,NR,NR,NR,NR,NR,NR,NR,NR,NR,NR,NR,NR,NR,NR,NR,NR,NR,NR,NR,NR,NR,NR,NR,NR,NR,NR,NR,2026-03-22
West Bengal,Siliguri,NR,,NR,NR,NR,NR,NR,NR,NR,NR,NR,NR,NR,NR,NR,NR,NR,NR,NR,NR,NR,NR,NR,NR,NR,NR,NR,NR,NR,NR,NR,NR,NR,NR,NR,NR,NR,NR,NR,NR,NR,2026-03-22
West Bengal,Purulia,NR,,NR,NR,NR,NR,NR,NR,NR,NR,NR,NR,NR,NR,NR,NR,NR,NR,NR,NR,NR,NR,NR,NR,NR,NR,NR,NR,NR,NR,NR,NR,NR,NR,NR,NR,NR,NR,NR,NR,NR,2026-03-22
West Bengal,Kharagpur,NR,,NR,NR,NR,NR,NR,NR,NR,NR,NR,NR,NR,NR,NR,NR,NR,NR,NR,NR,NR,NR,NR,NR,NR,NR,NR,NR,NR,NR,NR,NR,NR,NR,NR,NR,NR,NR,NR,NR,NR,2026-03-22
West Bengal,Rampurhat,NR,,NR,NR,NR,NR,NR,NR,NR,NR,NR,NR,NR,NR,NR,NR,NR,NR,NR,NR,NR,NR,NR,NR,NR,NR,NR,NR,NR,NR,NR,NR,NR,NR,NR,NR,NR,NR,NR,NR,NR,2026-03-22
West Bengal,Malda,NR,,NR,NR,NR,NR,NR,NR,NR,NR,NR,NR,NR,NR,NR,NR,NR,NR,NR,NR,NR,NR,NR,NR,NR,NR,NR,NR,NR,NR,NR,NR,NR,NR,NR,NR,NR,NR,NR,NR,NR,2026-03-22
West Bengal,Raiganj,NR,,NR,NR,NR,NR,NR,NR,NR,NR,NR,NR,NR,NR,NR,NR,NR,NR,NR,NR,NR,NR,NR,NR,NR,NR,NR,NR,NR,NR,NR,NR,NR,NR,NR,NR,NR,NR,NR,NR,NR,2026-03-22
West Bengal,Alipurduar,NR,,NR,NR,NR,NR,NR,NR,NR,NR,NR,NR,NR,NR,NR,NR,NR,NR,NR,NR,NR,NR,NR,NR,NR,NR,NR,NR,NR,NR,NR,NR,NR,NR,NR,NR,NR,NR,NR,NR,NR,2026-03-22
West Bengal,Asansol,NR,,NR,NR,NR,NR,NR,NR,NR,NR,NR,NR,NR,NR,NR,NR,NR,NR,NR,NR,NR,NR,NR,NR,NR,NR,NR,NR,NR,NR,NR,NR,NR,NR,NR,NR,NR,NR,NR,NR,NR,2026-03-22
West Bengal,Balurghat,NR,,NR,NR,NR,NR,NR,NR,NR,NR,NR,NR,NR,NR,NR,NR,NR,NR,NR,NR,NR,NR,NR,NR,NR,NR,NR,NR,NR,NR,NR,NR,NR,NR,NR,NR,NR,NR,NR,NR,NR,2026-03-22
West Bengal,Bankura,NR,,NR,NR,NR,NR,NR,NR,NR,NR,NR,NR,NR,NR,NR,NR,NR,NR,NR,NR,NR,NR,NR,NR,NR,NR,NR,NR,NR,NR,NR,NR,NR,NR,NR,NR,NR,NR,NR,NR,NR,2026-03-22
West Bengal,Barasat,NR,,NR,NR,NR,NR,NR,NR,NR,NR,NR,NR,NR,NR,NR,NR,NR,NR,NR,NR,NR,NR,NR,NR,NR,NR,NR,NR,NR,NR,NR,NR,NR,NR,NR,NR,NR,NR,NR,NR,NR,2026-03-22
West Bengal,Bardhaman,52,,NR,40,81,120,120,116,111,48,58,233,182,157,137,186,131,60,312,28,10,21,18,NR,NR,39,NR,46,99,700,61,65,36,91,39,32,27,14,59,20,34,2026-03-22
West Bengal,Baruipur,NR,,NR,NR,NR,NR,NR,NR,NR,NR,NR,NR,NR,NR,NR,NR,NR,NR,NR,NR,NR,NR,NR,NR,NR,NR,NR,NR,NR,NR,NR,NR,NR,NR,NR,NR,NR,NR,NR,NR,NR,2026-03-22
West Bengal,Berhampore,NR,,NR,NR,NR,NR,NR,NR,NR,NR,NR,NR,NR,NR,NR,NR,NR,NR,NR,NR,NR,NR,NR,NR,NR,NR,NR,NR,NR,NR,NR,NR,NR,NR,NR,NR,NR,NR,NR,NR,NR,2026-03-22
West Bengal,Chinsurah,NR,,NR,NR,NR,NR,NR,NR,NR,NR,NR,NR,NR,NR,NR,NR,NR,NR,NR,NR,NR,NR,NR,NR,NR,NR,NR,NR,NR,NR,NR,NR,NR,NR,NR,NR,NR,NR,NR,NR,NR,2026-03-22
West Bengal,Cooch behar,NR,,NR,NR,NR,NR,NR,NR,NR,NR,NR,NR,NR,NR,NR,NR,NR,NR,NR,NR,NR,NR,NR,NR,NR,NR,NR,NR,NR,NR,NR,NR,NR,NR,NR,NR,NR,NR,NR,NR,NR,2026-03-22
West Bengal,Howrah,NR,,NR,NR,NR,NR,NR,NR,NR,NR,NR,NR,NR,NR,NR,NR,NR,NR,NR,NR,NR,NR,NR,NR,NR,NR,NR,NR,NR,NR,NR,NR,NR,NR,NR,NR,NR,NR,NR,NR,NR,2026-03-22
West Bengal,Jalapiguri,NR,,NR,NR,NR,NR,NR,NR,NR,NR,NR,NR,NR,NR,NR,NR,NR,NR,NR,NR,NR,NR,NR,NR,NR,NR,NR,NR,NR,NR,NR,NR,NR,NR,NR,NR,NR,NR,NR,NR,NR,2026-03-22
West Bengal,Jhargram,NR,,NR,NR,NR,NR,NR,NR,NR,NR,NR,NR,NR,NR,NR,NR,NR,NR,NR,NR,NR,NR,NR,NR,NR,NR,NR,NR,NR,NR,NR,NR,NR,NR,NR,NR,NR,NR,NR,NR,NR,2026-03-22
West Bengal,Kalimpong,NR,,NR,NR,NR,NR,NR,NR,NR,NR,NR,NR,NR,NR,NR,NR,NR,NR,NR,NR,NR,NR,NR,NR,NR,NR,NR,NR,NR,NR,NR,NR,NR,NR,NR,NR,NR,NR,NR,NR,NR,2026-03-22
West Bengal,Krishnagar,NR,,NR,NR,NR,NR,NR,NR,NR,NR,NR,NR,NR,NR,NR,NR,NR,NR,NR,NR,NR,NR,NR,NR,NR,NR,NR,NR,NR,NR,NR,NR,NR,NR,NR,NR,NR,NR,NR,NR,NR,2026-03-22
West Bengal,Tamluk,NR,,NR,NR,NR,NR,NR,NR,NR,NR,NR,NR,NR,NR,NR,NR,NR,NR,NR,NR,NR,NR,NR,NR,NR,NR,NR,NR,NR,NR,NR,NR,NR,NR,NR,NR,NR,NR,NR,NR,NR,2026-03-22
NORTH EAST ZONE,NORTH EAST ZONE,,,,,,,,,,,,,,,,,,,,,,,,,,,,,,,,,,,,,,,,,,2026-03-22
Andaman and Nicobar,Port Blair,NR,,NR,NR,NR,NR,NR,NR,NR,NR,NR,NR,NR,NR,NR,NR,NR,NR,NR,NR,NR,NR,NR,NR,NR,NR,NR,NR,NR,NR,NR,NR,NR,NR,NR,NR,NR,NR,NR,NR,NR,2026-03-22
Andaman and Nicobar,Mayabunder,NR,,NR,NR,NR,NR,NR,NR,NR,NR,NR,NR,NR,NR,NR,NR,NR,NR,NR,NR,NR,NR,NR,NR,NR,NR,NR,NR,NR,NR,NR,NR,NR,NR,NR,NR,NR,NR,NR,NR,NR,2026-03-22
Andaman and Nicobar,Car Nicobar,NR,,NR,NR,NR,NR,NR,NR,NR,NR,NR,NR,NR,NR,NR,NR,NR,NR,NR,NR,NR,NR,NR,NR,NR,NR,NR,NR,NR,NR,NR,NR,NR,NR,NR,NR,NR,NR,NR,NR,NR,2026-03-22
Arunachal pradesh,Itanagar,NR,,NR,NR,NR,NR,NR,NR,NR,NR,NR,NR,NR,NR,NR,NR,NR,NR,NR,NR,NR,NR,NR,NR,NR,NR,NR,NR,NR,NR,NR,NR,NR,NR,NR,NR,NR,NR,NR,NR,NR,2026-03-22
Arunachal pradesh,Namsai,NR,,NR,NR,NR,NR,NR,NR,NR,NR,NR,NR,NR,NR,NR,NR,NR,NR,NR,NR,NR,NR,NR,NR,NR,NR,NR,NR,NR,NR,NR,NR,NR,NR,NR,NR,NR,NR,NR,NR,NR,2026-03-22
Arunachal pradesh,Pasighat,53,,NR,50,93,113,97,93,113,60,80,176,220,165,172,169,NR,90,400,20,30,50,80,NR,NR,50,NR,57,83,723,59,100,60,100,70,78,43,15,60,48,67,2026-03-22
Arunachal pradesh,Tawang,45,,45,45,100,142,140,137,98,57,73,NR,208,120,137,165,NR,100,340,20,41,40,50,NR,NR,42,NR,53,93,684,57,125,70,98,28,83,30,28,73,31,43,2026-03-22
Arunachal pradesh,Tezu,NR,,NR,NR,NR,NR,NR,NR,NR,NR,NR,NR,NR,NR,NR,NR,NR,NR,NR,NR,NR,NR,NR,NR,NR,NR,NR,NR,NR,NR,NR,NR,NR,NR,NR,NR,NR,NR,NR,NR,NR,2026-03-22
Assam,Guwahati,39,,33,41,76,119,95,95,81,49,70,216,193,176,170,192,159,60,220,13,14,24,30,NR,NR,42,NR,44,NR,NR,NR,84,40,NR,37,NR,22,19,76,22,43,2026-03-22
Assam,Barpeta,32,,41,38,78,106,96,96,78,50,74,198,205,139,159,192,163,56,155,10,12,22,22,50,43,43,97,52,83,736,63,83,23,83,34,33,27,18,58,20,27,2026-03-22
Assam,Tinsukia,NR,,NR,NR,NR,NR,NR,NR,NR,NR,NR,NR,NR,NR,NR,NR,NR,NR,NR,NR,NR,NR,NR,NR,NR,NR,NR,NR,NR,NR,NR,NR,NR,NR,NR,NR,NR,NR,NR,NR,NR,2026-03-22
Assam,Dhubri,33,,NR,35,77,126,NR,107,81,47,75,NR,209,162,154,167,121,62,180,10,10,20,30,50,65,36,65,50,110,747,60,84,30,70,30,40,20,15,57,20,30,2026-03-22
Assam,Goalpara,NR,,NR,NR,NR,NR,NR,NR,NR,NR,NR,NR,NR,NR,NR,NR,NR,NR,NR,NR,NR,NR,NR,NR,NR,NR,NR,NR,NR,NR,NR,NR,NR,NR,NR,NR,NR,NR,NR,NR,NR,2026-03-22
Assam,Golaghat,NR,,NR,NR,NR,NR,NR,NR,NR,NR,NR,NR,NR,NR,NR,NR,NR,NR,NR,NR,NR,NR,NR,NR,NR,NR,NR,NR,NR,NR,NR,NR,NR,NR,NR,NR,NR,NR,NR,NR,NR,2026-03-22
Assam,Mangaldai,45,,33,33,78,110,95,104,84,47,70,NR,181,145,141,160,164,60,260,11,16,29,30,NR,NR,36,NR,38,NR,NR,NR,80,20,NR,NR,NR,30,17,65,23,40,2026-03-22
Assam,Mushalpur,39,,38,36,91,122,95,113,90,49,74,NR,209,149,159,159,140,51,243,10,14,29,29,NR,NR,38,NR,53,82,820,60,89,30,85,29,NR,25,20,57,24,29,2026-03-22
Assam,Udalguri,40,,NR,40,98,123,96,112,88,48,75,NR,188,NR,159,188,143,58,272,10,11,29,46,NR,NR,39,NR,39,75,687,NR,83,37,80,42,NR,21,13,53,30,40,2026-03-22
Assam,Bajali,34,,33,40,90,118,105,113,90,47,77,164,204,NR,159,183,137,63,363,10,15,24,18,NR,NR,36,103,45,85,795,62,98,30,90,61,60,32,25,70,17,25,2026-03-22
Assam,Hojai,35,,NR,38,83,113,99,94,83,47,62,NR,200,148,139,175,152,67,248,11,12,28,20,NR,NR,39,NR,42,70,670,58,84,30,78,33,40,28,11,42,22,34,2026-03-22
Assam,Jorhat,40,,36,39,82,114,114,105,100,50,74,181,203,160,148,160,132,60,208,12,12,24,40,NR,NR,55,NR,54,78,714,NR,102,40,80,42,42,30,12,53,20,35,2026-03-22
Assam,Bongaigaon,43,,NR,35,83,118,97,110,90,47,70,NR,184,152,150,165,NR,60,322,10,14,25,25,NR,NR,37,NR,60,76,NR,NR,90,30,NR,40,NR,30,18,55,20,40,2026-03-22
Assam,Morigaon,40,,40,40,85,128,120,110,100,48,65,192,187,161,154,160,137,65,235,10,15,28,30,50,NR,41,NR,50,105,725,60,86,40,80,45,37,25,15,70,20,40,2026-03-22
Assam,Sonari,NR,,NR,NR,NR,NR,NR,NR,NR,NR,NR,NR,NR,NR,NR,NR,NR,NR,NR,NR,NR,NR,NR,NR,NR,NR,NR,NR,NR,NR,NR,NR,NR,NR,NR,NR,NR,NR,NR,NR,NR,2026-03-22
Assam,Tamulpur,36,,37,37,85,123,112,111,89,48,76,NR,185,145,138,NR,117,57,247,10,15,29,30,NR,NR,37,NR,40,73,710,NR,75,22,NR,NR,NR,25,12,48,25,30,2026-03-22
Assam,Sivasagar,NR,,NR,NR,NR,NR,NR,NR,NR,NR,NR,NR,NR,NR,NR,NR,NR,NR,NR,NR,NR,NR,NR,NR,NR,NR,NR,NR,NR,NR,NR,NR,NR,NR,NR,NR,NR,NR,NR,NR,NR,2026-03-22
Assam,Biswanath Chariali,NR,,NR,NR,NR,NR,NR,NR,NR,NR,NR,NR,NR,NR,NR,NR,NR,NR,NR,NR,NR,NR,NR,NR,NR,NR,NR,NR,NR,NR,NR,NR,NR,NR,NR,NR,NR,NR,NR,NR,NR,2026-03-22
Assam,Dibrugarh,35,,NR,37,81,131,124,105,95,49,75,NR,195,150,177,204,NR,58,223,13,13,26,30,NR,NR,38,NR,57,88,766,58,84,45,80,40,43,30,13,52,20,42,2026-03-22
Assam,Karimganj,38,,NR,40,82,112,120,103,80,48,75,NR,196,NR,131,197,NR,70,238,14,19,25,32,NR,NR,40,NR,63,130,NR,58,88,47,NR,38,NR,26,15,47,27,40,2026-03-22
Assam,Majuli,34,,38,43,92,121,91,113,100,50,70,NR,190,NR,138,NR,NR,60,260,15,16,29,44,NR,NR,40,NR,42,113,NR,NR,84,40,70,45,NR,35,15,40,30,40,2026-03-22
Assam,Sonitpur Tezpur,37,,30,41,85,115,100,110,85,47,69,163,NR,176,152,168,124,49,310,10,21,29,47,NR,NR,40,NR,45,80,749,62,84,40,96,50,60,30,17,80,20,40,2026-03-22
Assam,Haflong,36,,NR,45,90,120,NR,115,90,50,75,NR,168,NR,132,168,NR,80,270,15,20,30,40,NR,NR,45,NR,45,90,758,58,90,40,100,40,40,25,18,80,16,40,2026-03-22
Assam,AS-Lakhimpur,NR,,NR,NR,NR,NR,NR,NR,NR,NR,NR,NR,NR,NR,NR,NR,NR,NR,NR,NR,NR,NR,NR,NR,NR,NR,NR,NR,NR,NR,NR,NR,NR,NR,NR,NR,NR,NR,NR,NR,NR,2026-03-22
Assam,Diphu,38,,NR,39,82,NR,110,110,87,49,75,NR,204,NR,149,NR,125,93,253,13,17,30,35,40,50,41,65,70,82,681,60,90,20,81,45,41,26,13,60,17,41,2026-03-22
Assam,Nalbari,38,,NR,40,85,125,95,110,85,48,70,NR,209,145,165,176,128,55,297,10,15,30,40,NR,NR,40,NR,40,80,820,62,96,30,80,43,50,30,15,70,35,25,2026-03-22
Assam,South Salmara Mankachar,NR,,NR,NR,NR,NR,NR,NR,NR,NR,NR,NR,NR,NR,NR,NR,NR,NR,NR,NR,NR,NR,NR,NR,NR,NR,NR,NR,NR,NR,NR,NR,NR,NR,NR,NR,NR,NR,NR,NR,NR,2026-03-22
Assam,Kamrup,NR,,NR,NR,NR,NR,NR,NR,NR,NR,NR,NR,NR,NR,NR,NR,NR,NR,NR,NR,NR,NR,NR,NR,NR,NR,NR,NR,NR,NR,NR,NR,NR,NR,NR,NR,NR,NR,NR,NR,NR,2026-03-22
Manipur,Imphal,NR,,NR,NR,NR,NR,NR,NR,NR,NR,NR,NR,NR,NR,NR,NR,NR,NR,NR,NR,NR,NR,NR,NR,NR,NR,NR,NR,NR,NR,NR,NR,NR,NR,NR,NR,NR,NR,NR,NR,NR,2026-03-22
Manipur,Chandel,NR,,NR,NR,NR,NR,NR,NR,NR,NR,NR,NR,NR,NR,NR,NR,NR,NR,NR,NR,NR,NR,NR,NR,NR,NR,NR,NR,NR,NR,NR,NR,NR,NR,NR,NR,NR,NR,NR,,,2026-03-22
Manipur,Jiribam,NR,,NR,NR,NR,NR,NR,NR,NR,NR,NR,NR,NR,NR,NR,NR,NR,NR,NR,NR,NR,NR,NR,NR,NR,NR,NR,NR,NR,NR,NR,NR,NR,NR,NR,NR,NR,NR,NR,NR,NR,2026-03-22
Manipur,Kangpokpi,NR,,NR,NR,NR,NR,NR,NR,NR,NR,NR,NR,NR,NR,NR,NR,NR,NR,NR,NR,NR,NR,NR,NR,NR,NR,NR,NR,NR,NR,NR,NR,NR,NR,NR,NR,NR,NR,NR,NR,NR,2026-03-22
Manipur,Senapati,NR,,NR,NR,NR,NR,NR,NR,NR,NR,NR,NR,NR,NR,NR,NR,NR,NR,NR,NR,NR,NR,NR,NR,NR,NR,NR,NR,NR,NR,NR,NR,NR,NR,NR,NR,NR,NR,NR,NR,NR,2026-03-22
Manipur,Tamenglong,NR,,NR,NR,NR,NR,NR,NR,NR,NR,NR,NR,NR,NR,NR,NR,NR,NR,NR,NR,NR,NR,NR,NR,NR,NR,NR,NR,NR,NR,NR,NR,NR,NR,NR,NR,NR,NR,NR,,,2026-03-22
Manipur,Thoubal,NR,,NR,NR,NR,NR,NR,NR,NR,NR,NR,NR,NR,NR,NR,NR,NR,NR,NR,NR,NR,NR,NR,NR,NR,NR,NR,NR,NR,NR,NR,NR,NR,NR,NR,NR,NR,NR,NR,NR,NR,2026-03-22
Manipur,Ukhrul,NR,,NR,NR,NR,NR,NR,NR,NR,NR,NR,NR,NR,NR,NR,NR,NR,NR,NR,NR,NR,NR,NR,NR,NR,NR,NR,NR,NR,NR,NR,NR,NR,NR,NR,NR,NR,NR,NR,NR,NR,2026-03-22
Manipur,Churachandpur,NR,,NR,NR,NR,NR,NR,NR,NR,NR,NR,NR,NR,NR,NR,NR,NR,NR,NR,NR,NR,NR,NR,NR,NR,NR,NR,NR,NR,NR,NR,NR,NR,NR,NR,NR,NR,NR,NR,NR,NR,2026-03-22
Manipur,Kakching,NR,,NR,NR,NR,NR,NR,NR,NR,NR,NR,NR,NR,NR,NR,NR,NR,NR,NR,NR,NR,NR,NR,NR,NR,NR,NR,NR,NR,NR,NR,NR,NR,NR,NR,NR,NR,NR,NR,NR,NR,2026-03-22
Meghalaya,Shillong,NR,,NR,NR,NR,NR,NR,NR,NR,NR,NR,NR,NR,NR,NR,NR,NR,NR,NR,NR,NR,NR,NR,NR,NR,NR,NR,NR,NR,NR,NR,NR,NR,NR,NR,NR,NR,NR,NR,NR,NR,2026-03-22
Meghalaya,Tura,NR,,NR,NR,NR,NR,NR,NR,NR,NR,NR,NR,NR,NR,NR,NR,NR,NR,NR,NR,NR,NR,NR,NR,NR,NR,NR,NR,NR,NR,NR,NR,NR,NR,NR,NR,NR,NR,NR,NR,NR,2026-03-22
Meghalaya,Jowai,37,,39,39,90,NR,NR,120,87,50,75,NR,143,NR,143,NR,NR,80,360,15,20,32,40,NR,NR,39,NR,39,87,681,58,78,40,80,50,40,30,16,70,20,50,2026-03-22
Meghalaya,Sohra,NR,,NR,NR,NR,NR,NR,NR,NR,NR,NR,NR,NR,NR,NR,NR,NR,NR,NR,NR,NR,NR,NR,NR,NR,NR,NR,NR,NR,NR,NR,NR,NR,NR,NR,NR,NR,NR,NR,NR,NR,2026-03-22
Meghalaya,Mairang,NR,,NR,NR,NR,NR,NR,NR,NR,NR,NR,NR,NR,NR,NR,NR,NR,NR,NR,NR,NR,NR,NR,NR,NR,NR,NR,NR,NR,NR,NR,NR,NR,NR,NR,NR,NR,NR,NR,NR,NR,2026-03-22
Meghalaya,Nongpoh,NR,,NR,NR,NR,NR,NR,NR,NR,NR,NR,NR,NR,NR,NR,NR,NR,NR,NR,NR,NR,NR,NR,NR,NR,NR,NR,NR,NR,NR,NR,NR,NR,NR,NR,NR,NR,NR,NR,NR,NR,2026-03-22
Meghalaya,Khliehriat,38,,39,39,97,130,NR,115,85,49,76,NR,141,NR,143,NR,NR,NR,313,30,22,35,42,NR,NR,40,NR,44,73,743,59,76,43,77,58,42,28,15,73,20,42,2026-03-22
Meghalaya,Williamnagar,NR,,NR,NR,NR,NR,NR,NR,NR,NR,NR,NR,NR,NR,NR,NR,NR,NR,NR,NR,NR,NR,NR,NR,NR,NR,NR,NR,NR,NR,NR,NR,NR,NR,NR,NR,NR,NR,NR,NR,NR,2026-03-22
Meghalaya,Nongstoin,NR,,NR,NR,NR,NR,NR,NR,NR,NR,NR,NR,NR,NR,NR,NR,NR,NR,NR,NR,NR,NR,NR,NR,NR,NR,NR,NR,NR,NR,NR,NR,NR,NR,NR,NR,NR,NR,NR,NR,NR,2026-03-22
Meghalaya,Mawkyrwat,NR,,NR,NR,NR,NR,NR,NR,NR,NR,NR,NR,NR,NR,NR,NR,NR,NR,NR,NR,NR,NR,NR,NR,NR,NR,NR,NR,NR,NR,NR,NR,NR,NR,NR,NR,NR,NR,NR,NR,NR,2026-03-22
Mizoram,Aizawl,NR,,NR,NR,NR,NR,NR,NR,NR,NR,NR,NR,NR,NR,NR,NR,NR,NR,NR,NR,NR,NR,NR,NR,NR,NR,NR,NR,NR,NR,NR,NR,NR,NR,NR,NR,NR,NR,NR,NR,NR,2026-03-22
Mizoram,Lunglei,50,,40,50,125,180,180,148,110,55,80,NR,247,220,125,205,137,100,485,30,40,55,107,NR,NR,50,NR,50,112,676,60,100,60,95,75,60,30,20,80,30,70,2026-03-22
Mizoram,Kolasib,50,,40,45,95,130,140,140,93,55,80,NR,224,NR,132,187,124,100,483,30,30,37,80,NR,40,45,NR,70,120,725,60,90,60,98,100,80,36,35,50,30,70,2026-03-22
Mizoram,Mamit,NR,,NR,NR,NR,NR,NR,NR,NR,NR,NR,NR,NR,NR,NR,NR,NR,NR,NR,NR,NR,NR,NR,NR,NR,NR,NR,NR,NR,NR,NR,NR,NR,NR,NR,NR,NR,NR,NR,NR,NR,2026-03-22
Mizoram,Champhai,NR,,NR,NR,NR,NR,NR,NR,NR,NR,NR,NR,NR,NR,NR,NR,NR,NR,NR,NR,NR,NR,NR,NR,NR,NR,NR,NR,NR,NR,NR,NR,NR,NR,NR,NR,NR,NR,NR,NR,NR,2026-03-22
Mizoram,Serchhip,NR,,NR,NR,NR,NR,NR,NR,NR,NR,NR,NR,NR,NR,NR,NR,NR,NR,NR,NR,NR,NR,NR,NR,NR,NR,NR,NR,NR,NR,NR,NR,NR,NR,NR,NR,NR,NR,NR,NR,NR,2026-03-22
Mizoram,Siaha,NR,,NR,NR,NR,NR,NR,NR,NR,NR,NR,NR,NR,NR,NR,NR,NR,NR,NR,NR,NR,NR,NR,NR,NR,NR,NR,NR,NR,NR,NR,NR,NR,NR,NR,NR,NR,NR,NR,NR,NR,2026-03-22
Mizoram,Lawngtlai,50,,45,50,100,160,140,140,100,50,80,NR,242,NR,143,NR,121,110,480,30,40,60,120,NR,NR,50,NR,80,140,660,60,100,80,100,NR,90,60,40,100,30,70,2026-03-22
Mizoram,Hnahthial,53,,45,50,NR,147,150,133,103,52,82,NR,257,NR,132,NR,NR,120,500,30,35,43,97,NR,NR,50,NR,90,140,659,60,104,65,93,NR,90,50,20,75,25,70,2026-03-22
Mizoram,Khawzawl,43,,43,48,107,160,130,135,110,50,80,NR,220,145,137,143,132,133,460,30,33,55,83,NR,NR,46,NR,67,125,630,60,98,57,92,23,72,53,33,77,28,43,2026-03-22
Mizoram,Saitual,NR,,NR,NR,NR,NR,NR,NR,NR,NR,NR,NR,NR,NR,NR,NR,NR,NR,NR,NR,NR,NR,NR,NR,NR,NR,NR,NR,NR,NR,NR,NR,NR,NR,NR,NR,NR,NR,NR,NR,NR,2026-03-22
Nagaland,Kohima,NR,,NR,NR,NR,NR,NR,NR,NR,NR,NR,NR,NR,NR,NR,NR,NR,NR,NR,NR,NR,NR,NR,NR,NR,NR,NR,NR,NR,NR,NR,NR,NR,NR,NR,NR,NR,NR,NR,NR,NR,2026-03-22
Nagaland,Dimapur,NR,,NR,NR,NR,NR,NR,NR,NR,NR,NR,NR,NR,NR,NR,NR,NR,NR,NR,NR,NR,NR,NR,NR,NR,NR,NR,NR,NR,NR,NR,NR,NR,NR,NR,NR,NR,NR,NR,NR,NR,2026-03-22
Nagaland,Tuensang,NR,,NR,NR,NR,NR,NR,NR,NR,NR,NR,NR,NR,NR,NR,NR,NR,NR,NR,NR,NR,NR,NR,NR,NR,NR,NR,NR,NR,NR,NR,NR,NR,NR,NR,NR,NR,NR,NR,NR,NR,2026-03-22
Nagaland,Mokochung,NR,,NR,NR,NR,NR,NR,NR,NR,NR,NR,NR,NR,NR,NR,NR,NR,NR,NR,NR,NR,NR,NR,NR,NR,NR,NR,NR,NR,NR,NR,NR,NR,NR,NR,NR,NR,NR,NR,NR,NR,2026-03-22
Nagaland,Chumukedima,NR,,NR,NR,NR,NR,NR,NR,NR,NR,NR,NR,NR,NR,NR,NR,NR,NR,NR,NR,NR,NR,NR,NR,NR,NR,NR,NR,NR,NR,NR,NR,NR,NR,NR,NR,NR,NR,NR,NR,NR,2026-03-22
Nagaland,Mon,NR,,NR,NR,NR,NR,NR,NR,NR,NR,NR,NR,NR,NR,NR,NR,NR,NR,NR,NR,NR,NR,NR,NR,NR,NR,NR,NR,NR,NR,NR,NR,NR,NR,NR,NR,NR,NR,NR,NR,NR,2026-03-22
Nagaland,Peren,NR,,NR,NR,NR,NR,NR,NR,NR,NR,NR,NR,NR,NR,NR,NR,NR,NR,NR,NR,NR,NR,NR,NR,NR,NR,NR,NR,NR,NR,NR,NR,NR,NR,NR,NR,NR,NR,NR,NR,NR,2026-03-22
Nagaland,Phek,NR,,NR,NR,NR,NR,NR,NR,NR,NR,NR,NR,NR,NR,NR,NR,NR,NR,NR,NR,NR,NR,NR,NR,NR,NR,NR,NR,NR,NR,NR,NR,NR,NR,NR,NR,NR,NR,NR,NR,NR,2026-03-22
Nagaland,Tseminyu,NR,,NR,NR,NR,NR,NR,NR,NR,NR,NR,NR,NR,NR,NR,NR,NR,NR,NR,NR,NR,NR,NR,NR,NR,NR,NR,NR,NR,NR,NR,NR,NR,NR,NR,NR,NR,NR,NR,NR,NR,2026-03-22
Nagaland,Wokha,NR,,NR,NR,NR,NR,NR,NR,NR,NR,NR,NR,NR,NR,NR,NR,NR,NR,NR,NR,NR,NR,NR,NR,NR,NR,NR,NR,NR,NR,NR,NR,NR,NR,NR,NR,NR,NR,NR,NR,NR,2026-03-22
Nagaland,Zunheboto,NR,,NR,NR,NR,NR,NR,NR,NR,NR,NR,NR,NR,NR,NR,NR,NR,NR,NR,NR,NR,NR,NR,NR,NR,NR,NR,NR,NR,NR,NR,NR,NR,NR,NR,NR,NR,NR,NR,NR,NR,2026-03-22
Nagaland,Kiphire,NR,,NR,NR,NR,NR,NR,NR,NR,NR,NR,NR,NR,NR,NR,NR,NR,NR,NR,NR,NR,NR,NR,NR,NR,NR,NR,NR,NR,NR,NR,NR,NR,NR,NR,NR,NR,NR,NR,NR,NR,2026-03-22
Nagaland,Longleng,NR,,NR,NR,NR,NR,NR,NR,NR,NR,NR,NR,NR,NR,NR,NR,NR,NR,NR,NR,NR,NR,NR,NR,NR,NR,NR,NR,NR,NR,NR,NR,NR,NR,NR,NR,NR,NR,NR,NR,NR,2026-03-22
Nagaland,Niuland,NR,,NR,NR,NR,NR,NR,NR,NR,NR,NR,NR,NR,NR,NR,NR,NR,NR,NR,NR,NR,NR,NR,NR,NR,NR,NR,NR,NR,NR,NR,NR,NR,NR,NR,NR,NR,NR,NR,NR,NR,2026-03-22
Nagaland,Shamator,NR,,NR,NR,NR,NR,NR,NR,NR,NR,NR,NR,NR,NR,NR,NR,NR,NR,NR,NR,NR,NR,NR,NR,NR,NR,NR,NR,NR,NR,NR,NR,NR,NR,NR,NR,NR,NR,NR,NR,NR,2026-03-22
Nagaland,Noklak,NR,,NR,NR,NR,NR,NR,NR,NR,NR,NR,NR,NR,NR,NR,NR,NR,NR,NR,NR,NR,NR,NR,NR,NR,NR,NR,NR,NR,NR,NR,NR,NR,NR,NR,NR,NR,NR,NR,NR,NR,2026-03-22
Sikkim,Gangtok,NR,,NR,NR,NR,NR,NR,NR,NR,NR,NR,NR,NR,NR,NR,NR,NR,NR,NR,NR,NR,NR,NR,NR,NR,NR,NR,NR,NR,NR,NR,NR,NR,NR,NR,NR,NR,NR,NR,NR,NR,2026-03-22
Sikkim,Gyalshing,NR,,NR,NR,NR,NR,NR,NR,NR,NR,NR,NR,NR,NR,NR,NR,NR,NR,NR,NR,NR,NR,NR,NR,NR,NR,NR,NR,NR,NR,NR,NR,NR,NR,NR,NR,NR,NR,NR,NR,NR,2026-03-22
Sikkim,Namchi,NR,,NR,NR,NR,NR,NR,NR,NR,NR,NR,NR,NR,NR,NR,NR,NR,NR,NR,NR,NR,NR,NR,NR,NR,NR,NR,NR,NR,NR,NR,NR,NR,NR,NR,NR,NR,NR,NR,NR,NR,2026-03-22
Sikkim,Soreng,NR,,NR,NR,NR,NR,NR,NR,NR,NR,NR,NR,NR,NR,NR,NR,NR,NR,NR,NR,NR,NR,NR,NR,NR,NR,NR,NR,NR,NR,NR,NR,NR,NR,NR,NR,NR,NR,NR,NR,NR,2026-03-22
Sikkim,Mangan,NR,,NR,NR,NR,NR,NR,NR,NR,NR,NR,NR,NR,NR,NR,NR,NR,NR,NR,NR,NR,NR,NR,NR,NR,NR,NR,NR,NR,NR,NR,NR,NR,NR,NR,NR,NR,NR,NR,NR,NR,2026-03-22
Sikkim,Pakyong,NR,,NR,NR,NR,NR,NR,NR,NR,NR,NR,NR,NR,NR,NR,NR,NR,NR,NR,NR,NR,NR,NR,NR,NR,NR,NR,NR,NR,NR,NR,NR,NR,NR,NR,NR,NR,NR,NR,NR,NR,2026-03-22
Tripura,Agartala,NR,,NR,NR,NR,NR,NR,NR,NR,NR,NR,NR,NR,NR,NR,NR,NR,NR,NR,NR,NR,NR,NR,NR,NR,NR,NR,NR,NR,NR,NR,NR,NR,NR,NR,NR,NR,NR,NR,NR,NR,2026-03-22
Tripura,Dharmanagar,NR,,NR,NR,NR,NR,NR,NR,NR,NR,NR,NR,NR,NR,NR,NR,NR,NR,NR,NR,NR,NR,NR,NR,NR,NR,NR,NR,NR,NR,NR,NR,NR,NR,NR,NR,NR,NR,NR,NR,NR,2026-03-22
Tripura,Belonia,NR,,NR,NR,NR,NR,NR,NR,NR,NR,NR,NR,NR,NR,NR,NR,NR,NR,NR,NR,NR,NR,NR,NR,NR,NR,NR,NR,NR,NR,NR,NR,NR,NR,NR,NR,NR,NR,NR,NR,NR,2026-03-22
Tripura,TR-Udaipur,NR,,NR,NR,NR,NR,NR,NR,NR,NR,NR,NR,NR,NR,NR,NR,NR,NR,NR,NR,NR,NR,NR,NR,NR,NR,NR,NR,NR,NR,NR,NR,NR,NR,NR,NR,NR,NR,NR,NR,NR,2026-03-22
Tripura,Ambassa,38,,NR,40,90,130,130,92,115,51,NR,NR,194,NR,151,176,NR,55,190,10,17,25,20,65,75,42,85,50,73,659,57,90,26,80,43,40,28,15,25,27,35,2026-03-22
SOUTH ZONE,SOUTH ZONE,,,,,,,,,,,,,,,,,,,,,,,,,,,,,,,,,,,,,,,,,,2026-03-22
Andhra Pradesh,Vijaywada,NR,,NR,NR,NR,NR,NR,NR,NR,NR,NR,NR,NR,NR,NR,NR,NR,NR,NR,NR,NR,NR,NR,NR,NR,NR,NR,NR,NR,NR,NR,NR,NR,NR,NR,NR,NR,NR,NR,NR,NR,2026-03-22
Andhra Pradesh,Visakhapatnam,46,,41,43,77,119,122,110,80,46,58,190,198,138,NR,179,143,58,250,16,14,20,12,40,42,45,48,45,85,725,60,59,29,89,35,35,20,15,50,20,40,2026-03-22
Andhra Pradesh,Kurnool,49,,40,43,78,112,110,108,88,NR,NR,182,198,132,126,182,130,NR,NR,NR,28,20,8,36,38,42,48,40,90,747,60,60,10,85,35,35,22,12,24,30,50,2026-03-22
Andhra Pradesh,Tirupathi,NR,,NR,NR,NR,NR,NR,NR,NR,NR,NR,NR,NR,NR,NR,NR,NR,NR,NR,NR,NR,NR,NR,NR,NR,NR,NR,NR,NR,NR,NR,NR,NR,NR,NR,NR,NR,NR,NR,NR,NR,2026-03-22
Andhra Pradesh,Jammalamadugu,NR,,NR,NR,NR,NR,NR,NR,NR,NR,NR,NR,NR,NR,NR,NR,NR,NR,NR,NR,NR,NR,NR,NR,NR,NR,NR,NR,NR,NR,NR,NR,NR,NR,NR,NR,NR,NR,NR,,,2026-03-22
Andhra Pradesh,Dharmavaram,NR,,NR,NR,NR,NR,NR,NR,NR,NR,NR,NR,NR,NR,NR,NR,NR,NR,NR,NR,NR,NR,NR,NR,NR,NR,NR,NR,NR,NR,NR,NR,NR,NR,NR,NR,NR,NR,NR,,,2026-03-22
Andhra Pradesh,Ongole,NR,,NR,NR,NR,NR,NR,NR,NR,NR,NR,NR,NR,NR,NR,NR,NR,NR,NR,NR,NR,NR,NR,NR,NR,NR,NR,NR,NR,NR,NR,NR,NR,NR,NR,NR,NR,NR,NR,NR,NR,2026-03-22
Andhra Pradesh,Bapatla,NR,,NR,NR,NR,NR,NR,NR,NR,NR,NR,NR,NR,NR,NR,NR,NR,NR,NR,NR,NR,NR,NR,NR,NR,NR,NR,NR,NR,NR,NR,NR,NR,NR,NR,NR,NR,NR,NR,NR,NR,2026-03-22
Andhra Pradesh,Rajahmundry,NR,,NR,NR,NR,NR,NR,NR,NR,NR,NR,NR,NR,NR,NR,NR,NR,NR,NR,NR,NR,NR,NR,NR,NR,NR,NR,NR,NR,NR,NR,NR,NR,NR,NR,NR,NR,NR,NR,NR,NR,2026-03-22
Andhra Pradesh,Eluru,NR,,NR,NR,NR,NR,NR,NR,NR,NR,NR,NR,NR,NR,NR,NR,NR,NR,NR,NR,NR,NR,NR,NR,NR,NR,NR,NR,NR,NR,NR,NR,NR,NR,NR,NR,NR,NR,NR,NR,NR,2026-03-22
Andhra Pradesh,Guntur,NR,,NR,NR,NR,NR,NR,NR,NR,NR,NR,NR,NR,NR,NR,NR,NR,NR,NR,NR,NR,NR,NR,NR,NR,NR,NR,NR,NR,NR,NR,NR,NR,NR,NR,NR,NR,NR,NR,NR,NR,2026-03-22
Andhra Pradesh,Amalapuram,NR,,NR,NR,NR,NR,NR,NR,NR,NR,NR,NR,NR,NR,NR,NR,NR,NR,NR,NR,NR,NR,NR,NR,NR,NR,NR,NR,NR,NR,NR,NR,NR,NR,NR,NR,NR,NR,NR,NR,NR,2026-03-22
Andhra Pradesh,Nandyala,55,,43,41,76,116,105,108,92,44,58,188,211,139,154,192,146,56,262,15,36,21,11,33,38,41,50,43,83,676,61,60,31,83,40,38,29,15,26,16,30,2026-03-22
Andhra Pradesh,Parvathipuram,NR,,NR,NR,NR,NR,NR,NR,NR,NR,NR,NR,NR,NR,NR,NR,NR,NR,NR,NR,NR,NR,NR,NR,NR,NR,NR,NR,NR,NR,NR,NR,NR,NR,NR,NR,NR,NR,NR,NR,NR,2026-03-22
Andhra Pradesh,Sri Sathya Sai,NR,,NR,NR,NR,NR,NR,NR,NR,NR,NR,NR,NR,NR,NR,NR,NR,NR,NR,NR,NR,NR,NR,NR,NR,NR,NR,NR,NR,NR,NR,NR,NR,NR,NR,NR,NR,NR,NR,NR,NR,2026-03-22
Andhra Pradesh,Nellore,NR,,NR,NR,NR,NR,NR,NR,NR,NR,NR,NR,NR,NR,NR,NR,NR,NR,NR,NR,NR,NR,NR,NR,NR,NR,NR,NR,NR,NR,NR,NR,NR,NR,NR,NR,NR,NR,NR,NR,NR,2026-03-22
Andhra Pradesh,Srikakulam,NR,,NR,NR,NR,NR,NR,NR,NR,NR,NR,NR,NR,NR,NR,NR,NR,NR,NR,NR,NR,NR,NR,NR,NR,NR,NR,NR,NR,NR,NR,NR,NR,NR,NR,NR,NR,NR,NR,NR,NR,2026-03-22
Andhra Pradesh,Vizianagaram,NR,,NR,NR,NR,NR,NR,NR,NR,NR,NR,NR,NR,NR,NR,NR,NR,NR,NR,NR,NR,NR,NR,NR,NR,NR,NR,NR,NR,NR,NR,NR,NR,NR,NR,NR,NR,NR,NR,NR,NR,2026-03-22
Andhra Pradesh,Anakapalli,NR,,NR,NR,NR,NR,NR,NR,NR,NR,NR,NR,NR,NR,NR,NR,NR,NR,NR,NR,NR,NR,NR,NR,NR,NR,NR,NR,NR,NR,NR,NR,NR,NR,NR,NR,NR,NR,NR,NR,NR,2026-03-22
Andhra Pradesh,Bhimavaram,NR,,NR,NR,NR,NR,NR,NR,NR,NR,NR,NR,NR,NR,NR,NR,NR,NR,NR,NR,NR,NR,NR,NR,NR,NR,NR,NR,NR,NR,NR,NR,NR,NR,NR,NR,NR,NR,NR,NR,NR,2026-03-22
Andhra Pradesh,Chittoor,NR,,NR,NR,NR,NR,NR,NR,NR,NR,NR,NR,NR,NR,NR,NR,NR,NR,NR,NR,NR,NR,NR,NR,NR,NR,NR,NR,NR,NR,NR,NR,NR,NR,NR,NR,NR,NR,NR,NR,NR,2026-03-22
Andhra Pradesh,Kakinada,NR,,NR,NR,NR,NR,NR,NR,NR,NR,NR,NR,NR,NR,NR,NR,NR,NR,NR,NR,NR,NR,NR,NR,NR,NR,NR,NR,NR,NR,NR,NR,NR,NR,NR,NR,NR,NR,NR,NR,NR,2026-03-22
Andhra Pradesh,Machilipatnam,NR,,NR,NR,NR,NR,NR,NR,NR,NR,NR,NR,NR,NR,NR,NR,NR,NR,NR,NR,NR,NR,NR,NR,NR,NR,NR,NR,NR,NR,NR,NR,NR,NR,NR,NR,NR,NR,NR,NR,NR,2026-03-22
Andhra Pradesh,Narasaraopeta,NR,,NR,NR,NR,NR,NR,NR,NR,NR,NR,NR,NR,NR,NR,NR,NR,NR,NR,NR,NR,NR,NR,NR,NR,NR,NR,NR,NR,NR,NR,NR,NR,NR,NR,NR,NR,NR,NR,NR,NR,2026-03-22
Andhra Pradesh,Paderu,NR,,NR,NR,NR,NR,NR,NR,NR,NR,NR,NR,NR,NR,NR,NR,NR,NR,NR,NR,NR,NR,NR,NR,NR,NR,NR,NR,NR,NR,NR,NR,NR,NR,NR,NR,NR,NR,NR,NR,NR,2026-03-22
Andhra Pradesh,Rayachoti,NR,,NR,NR,NR,NR,NR,NR,NR,NR,NR,NR,NR,NR,NR,NR,NR,NR,NR,NR,NR,NR,NR,NR,NR,NR,NR,NR,NR,NR,NR,NR,NR,NR,NR,NR,NR,NR,NR,NR,NR,2026-03-22
Andhra Pradesh,Anantapuramu,NR,,NR,NR,NR,NR,NR,NR,NR,NR,NR,NR,NR,NR,NR,NR,NR,NR,NR,NR,NR,NR,NR,NR,NR,NR,NR,NR,NR,NR,NR,NR,NR,NR,NR,NR,NR,NR,NR,NR,NR,2026-03-22
Andhra Pradesh,YSR Kadapa,NR,,NR,NR,NR,NR,NR,NR,NR,NR,NR,NR,NR,NR,NR,NR,NR,NR,NR,NR,NR,NR,NR,NR,NR,NR,NR,NR,NR,NR,NR,NR,NR,NR,NR,NR,NR,NR,NR,NR,NR,2026-03-22
Karnataka,Bengaluru,48,,42,42,80,112,118,110,82,46,51,181,216,135,152,191,150,58,250,16,22,22,19,40,44,42,51,46,92,762,59,81,37,77,39,36,28,15,39,31,33,2026-03-22
Karnataka,Dharwad,44,,42,44,80,123,128,104,84,43,54,178,171,124,143,167,141,44,268,26,28,30,25,48,45,46,56,46,88,769,55,70,50,78,30,43,33,15,34,28,38,2026-03-22
Karnataka,Mangalore,52,,43,44,83,122,129,111,88,43,55,209,199,153,170,188,146,53,198,14,31,24,28,39,55,44,47,47,88,764,59,81,47,83,34,36,25,17,62,21,42,2026-03-22
Karnataka,Mysore,48,,47,54,84,120,119,112,96,43,48,210,218,185,169,186,155,57,363,22,25,24,22,44,56,44,50,43,78,717,56,60,38,101,36,33,28,18,75,27,40,2026-03-22
Karnataka,Bengaluru (East Range),48,,45,45,90,123,119,117,88,45,50,194,223,140,161,195,155,61,262,18,31,25,19,46,48,44,52,45,90,751,60,81,45,82,32,42,24,18,50,25,35,2026-03-22
Karnataka,Belagavi,45,,41,43,81,114,118,104,86,43,54,200,181,135,184,202,148,46,258,16,27,26,22,51,49,41,43,43,81,769,54,86,41,80,29,59,23,14,34,27,26,2026-03-22
Karnataka,Kalaburagi,53,,41,44,85,116,120,119,90,44,53,177,166,168,129,187,137,50,206,15,35,24,14,40,41,40,49,45,91,714,60,57,54,71,34,58,23,16,50,15,40,2026-03-22
Karnataka,Tumakuru,53,,43,44,90,108,128,105,108,44,54,210,220,149,167,186,147,48,232,21,31,28,13,47,53,46,50,45,82,754,59,66,36,90,29,42,23,15,50,28,40,2026-03-22
Karnataka,Bellary,47,,44,42,87,118,120,108,88,44,54,214,203,141,150,175,154,53,308,24,29,20,14,38,40,40,47,43,97,740,56,75,22,77,28,34,26,18,50,28,30,2026-03-22
Karnataka,Dhavanagere,52,,44,50,82,121,115,110,86,46,53,201,208,132,148,192,154,55,297,27,25,21,15,41,55,43,55,45,87,765,55,73,41,71,37,42,22,16,31,18,27,2026-03-22
Karnataka,Shivamogga,55,,42,45,93,135,129,117,117,44,54,188,187,148,136,188,133,50,240,25,19,16,16,48,52,46,49,52,98,729,56,81,25,80,32,40,28,15,36,20,25,2026-03-22
Karnataka,Vijayapur,55,,46,47,92,117,122,117,90,42,54,232,219,154,184,188,137,48,243,14,27,20,19,35,41,42,55,43,87,769,63,87,59,90,44,44,38,12,48,27,45,2026-03-22
Karnataka,Ramanagara,41,,43,44,87,114,118,105,90,44,48,177,214,133,142,186,142,50,193,15,28,29,23,45,44,47,42,43,90,745,62,79,40,90,33,50,21,15,50,27,32,2026-03-22
Karnataka,Raichur,NR,,NR,NR,NR,NR,NR,NR,NR,NR,NR,NR,NR,NR,NR,NR,NR,NR,NR,NR,NR,NR,NR,NR,NR,NR,NR,NR,NR,NR,NR,NR,NR,NR,NR,NR,NR,NR,NR,NR,NR,2026-03-22
Karnataka,Chamarajanagar,53,,42,46,100,120,118,106,98,42,48,218,211,148,121,186,138,41,190,18,27,26,22,47,57,56,48,56,94,714,56,68,43,93,36,74,42,17,71,33,38,2026-03-22
Karnataka,Kolar,45,,40,44,91,123,118,121,96,44,52,209,213,163,170,192,150,55,254,14,27,21,17,42,42,48,45,43,102,713,60,71,34,85,32,41,36,15,37,20,38,2026-03-22
Karnataka,Haveri,50,,42,45,80,120,120,110,90,43,58,181,187,165,176,181,132,44,242,15,30,25,15,42,45,42,45,42,85,705,60,78,35,80,30,40,30,15,35,25,30,2026-03-22
Karnataka,Bagalkot,46,,44,44,84,114,136,118,95,44,53,194,178,118,152,134,116,47,245,20,35,27,28,52,46,39,52,43,76,756,58,80,48,58,27,37,35,23,58,26,27,2026-03-22
Karnataka,Bidar,59,,41,41,81,118,118,108,84,44,61,191,188,141,154,177,157,62,267,16,27,19,17,43,43,43,58,43,87,701,61,86,63,88,29,39,29,19,58,23,38,2026-03-22
Karnataka,Koppal,44,,42,43,90,117,120,113,93,45,54,188,176,139,153,181,154,45,237,15,30,20,14,35,44,42,46,43,94,704,58,80,37,90,35,35,25,15,50,25,28,2026-03-22
Karnataka,Mandya,45,,41,45,85,111,129,120,98,44,46,215,232,144,170,190,137,60,251,15,25,19,15,40,46,44,46,43,95,714,56,66,30,81,29,38,29,15,40,16,33,2026-03-22
Karnataka,Yadgir,45,,45,45,80,110,120,105,85,44,55,198,187,165,154,187,142,48,195,15,25,25,10,39,49,44,44,44,94,769,55,74,40,64,28,35,25,21,45,20,40,2026-03-22
Karnataka,Chikkamagalur,47,,41,45,89,117,123,111,89,45,54,181,197,151,148,160,131,50,198,16,25,25,20,45,46,46,48,47,95,704,61,74,43,87,38,34,24,16,45,20,39,2026-03-22
Karnataka,Bangalore Rural,46,,43,53,88,120,122,107,87,46,50,212,181,129,152,179,134,56,254,17,27,22,20,49,45,48,45,52,98,718,57,72,22,81,36,50,24,20,36,21,36,2026-03-22
Karnataka,Chikkaballapur,50,,48,45,87,118,118,115,92,44,51,229,207,151,174,194,156,54,288,15,29,24,25,40,42,45,43,45,98,740,59,82,28,88,30,42,22,14,33,29,42,2026-03-22
Karnataka,Chitradurga,NR,,NR,NR,NR,NR,NR,NR,NR,NR,NR,NR,NR,NR,NR,NR,NR,NR,NR,NR,NR,NR,NR,NR,NR,NR,NR,NR,NR,NR,NR,NR,NR,NR,NR,NR,NR,NR,NR,NR,NR,2026-03-22
Karnataka,Gadag,52,,43,46,83,117,134,114,91,44,52,216,185,133,134,160,147,46,241,19,27,25,17,33,43,42,48,42,93,712,61,72,61,90,34,32,39,20,34,26,32,2026-03-22
Karnataka,Hassan,49,,43,51,95,125,129,115,91,47,54,223,199,150,153,195,158,60,239,25,20,20,32,42,44,50,47,50,95,727,60,71,32,79,40,32,28,13,40,15,30,2026-03-22
Karnataka,Kodagu,49,,44,46,87,117,119,113,91,46,54,201,186,145,149,170,138,56,249,19,27,26,21,38,43,47,47,47,95,770,55,73,47,78,29,37,24,16,63,21,40,2026-03-22
Karnataka,Udupi,46,,47,50,99,116,121,111,101,47,48,207,200,165,181,173,182,53,222,22,33,28,31,43,44,46,47,49,94,708,62,88,52,83,42,60,35,22,63,33,37,2026-03-22
Karnataka,Uttara Kannada,47,,47,44,96,123,130,120,99,47,48,226,196,175,179,198,137,55,280,20,30,30,25,45,48,42,52,44,99,769,58,59,55,90,38,40,39,20,41,25,40,2026-03-22
Karnataka,Vijayanagara,47,,44,43,80,118,122,113,90,44,51,193,199,137,NR,181,137,46,216,15,27,22,15,34,48,44,49,44,97,736,59,65,34,85,36,33,27,15,45,19,29,2026-03-22
Kerala,T.Puram,NR,,NR,NR,NR,NR,NR,NR,NR,NR,NR,NR,NR,NR,NR,NR,NR,NR,NR,NR,NR,NR,NR,NR,NR,NR,NR,NR,NR,NR,NR,NR,NR,NR,NR,NR,NR,NR,NR,NR,NR,2026-03-22
Kerala,Ernakulam,NR,,NR,NR,NR,NR,NR,NR,NR,NR,NR,NR,NR,NR,NR,NR,NR,NR,NR,NR,NR,NR,NR,NR,NR,NR,NR,NR,NR,NR,NR,NR,NR,NR,NR,NR,NR,NR,NR,NR,NR,2026-03-22
Kerala,Kozhikode,NR,,NR,NR,NR,NR,NR,NR,NR,NR,NR,NR,NR,NR,NR,NR,NR,NR,NR,NR,NR,NR,NR,NR,NR,NR,NR,NR,NR,NR,NR,NR,NR,NR,NR,NR,NR,NR,NR,NR,NR,2026-03-22
Kerala,Thrissur,NR,,NR,NR,NR,NR,NR,NR,NR,NR,NR,NR,NR,NR,NR,NR,NR,NR,NR,NR,NR,NR,NR,NR,NR,NR,NR,NR,NR,NR,NR,NR,NR,NR,NR,NR,NR,NR,NR,NR,NR,2026-03-22
Kerala,Palakkad,NR,,NR,NR,NR,NR,NR,NR,NR,NR,NR,NR,NR,NR,NR,NR,NR,NR,NR,NR,NR,NR,NR,NR,NR,NR,NR,NR,NR,NR,NR,NR,NR,NR,NR,NR,NR,NR,NR,NR,NR,2026-03-22
Kerala,Wayanad,NR,,NR,NR,NR,NR,NR,NR,NR,NR,NR,NR,NR,NR,NR,NR,NR,NR,NR,NR,NR,NR,NR,NR,NR,NR,NR,NR,NR,NR,NR,NR,NR,NR,NR,NR,NR,NR,NR,NR,NR,2026-03-22
Kerala,Kasargod,NR,,NR,NR,NR,NR,NR,NR,NR,NR,NR,NR,NR,NR,NR,NR,NR,NR,NR,NR,NR,NR,NR,NR,NR,NR,NR,NR,NR,NR,NR,NR,NR,NR,NR,NR,NR,NR,NR,NR,NR,2026-03-22
Kerala,Kottayam,NR,,NR,NR,NR,NR,NR,NR,NR,NR,NR,NR,NR,NR,NR,NR,NR,NR,NR,NR,NR,NR,NR,NR,NR,NR,NR,NR,NR,NR,NR,NR,NR,NR,NR,NR,NR,NR,NR,NR,NR,2026-03-22
Kerala,Pathanamthitta,NR,,NR,NR,NR,NR,NR,NR,NR,NR,NR,NR,NR,NR,NR,NR,NR,NR,NR,NR,NR,NR,NR,NR,NR,NR,NR,NR,NR,NR,NR,NR,NR,NR,NR,NR,NR,NR,NR,NR,NR,2026-03-22
Kerala,Alapuzha,NR,,NR,NR,NR,NR,NR,NR,NR,NR,NR,NR,NR,NR,NR,NR,NR,NR,NR,NR,NR,NR,NR,NR,NR,NR,NR,NR,NR,NR,NR,NR,NR,NR,NR,NR,NR,NR,NR,NR,NR,2026-03-22
Kerala,Kollam,NR,,NR,NR,NR,NR,NR,NR,NR,NR,NR,NR,NR,NR,NR,NR,NR,NR,NR,NR,NR,NR,NR,NR,NR,NR,NR,NR,NR,NR,NR,NR,NR,NR,NR,NR,NR,NR,NR,NR,NR,2026-03-22
Kerala,Idukki,NR,,NR,NR,NR,NR,NR,NR,NR,NR,NR,NR,NR,NR,NR,NR,NR,NR,NR,NR,NR,NR,NR,NR,NR,NR,NR,NR,NR,NR,NR,NR,NR,NR,NR,NR,NR,NR,NR,NR,NR,2026-03-22
Kerala,Kannur,NR,,NR,NR,NR,NR,NR,NR,NR,NR,NR,NR,NR,NR,NR,NR,NR,NR,NR,NR,NR,NR,NR,NR,NR,NR,NR,NR,NR,NR,NR,NR,NR,NR,NR,NR,NR,NR,NR,NR,NR,2026-03-22
Kerala,Malapuram,NR,,NR,NR,NR,NR,NR,NR,NR,NR,NR,NR,NR,NR,NR,NR,NR,NR,NR,NR,NR,NR,NR,NR,NR,NR,NR,NR,NR,NR,NR,NR,NR,NR,NR,NR,NR,NR,NR,NR,NR,2026-03-22
Puducherry,Puducherry,NR,,NR,NR,NR,NR,NR,NR,NR,NR,NR,NR,NR,NR,NR,NR,NR,NR,NR,NR,NR,NR,NR,NR,NR,NR,NR,NR,NR,NR,NR,NR,NR,NR,NR,NR,NR,NR,NR,NR,NR,2026-03-22
Tamil Nadu,Chennai,58,,43,42,76,128,118,118,85,45,40,202,227,167,NR,188,154,63,282,27,33,30,23,42,50,47,49,49,87,908,62,65,43,85,36,37,30,14,50,29,40,2026-03-22
Tamil Nadu,Madurai,58,,47,68,83,133,124,111,92,46,45,209,206,194,NR,182,161,64,263,30,34,29,19,34,37,59,53,51,117,759,67,70,37,87,37,43,24,14,50,21,37,2026-03-22
Tamil Nadu,Dindigul,NR,,NR,NR,NR,NR,NR,NR,NR,NR,NR,NR,NR,NR,NR,NR,NR,NR,NR,NR,NR,NR,NR,NR,NR,NR,NR,NR,NR,NR,NR,NR,NR,NR,NR,NR,NR,NR,NR,NR,NR,2026-03-22
Tamil Nadu,Thiruchirapalli,NR,,NR,NR,NR,NR,NR,NR,NR,NR,NR,NR,NR,NR,NR,NR,NR,NR,NR,NR,NR,NR,NR,NR,NR,NR,NR,NR,NR,NR,NR,NR,NR,NR,NR,NR,NR,NR,NR,NR,NR,2026-03-22
Tamil Nadu,Coimbatore,53,,44,44,82,130,121,111,79,45,40,222,189,166,NR,190,157,56,267,27,41,24,25,36,51,50,51,54,105,780,60,63,44,85,41,38,28,14,49,25,45,2026-03-22
Tamil Nadu,Tirunelveli,47,,51,52,91,121,121,105,83,44,45,225,200,171,NR,178,141,51,267,26,27,25,21,40,46,52,51,52,98,782,70,71,31,81,33,33,25,14,44,20,31,2026-03-22
Tamil Nadu,Cuddalore,54,,50,45,86,135,130,121,96,45,50,176,198,182,NR,181,132,60,293,27,28,24,17,33,52,48,50,50,101,691,58,58,21,84,31,33,22,13,41,27,32,2026-03-22
Tamil Nadu,Dharmapuri,54,,44,42,78,135,124,110,78,44,43,217,NR,143,NR,188,151,54,275,26,28,22,19,41,48,48,48,49,110,690,72,62,20,78,38,32,24,14,45,22,43,2026-03-22
Tamil Nadu,Vellore,NR,,NR,NR,NR,NR,NR,NR,NR,NR,NR,NR,NR,NR,NR,NR,NR,NR,NR,NR,NR,NR,NR,NR,NR,NR,NR,NR,NR,NR,NR,NR,NR,NR,NR,NR,NR,NR,NR,NR,NR,2026-03-22
Tamil Nadu,Ramanathapuram,61,,41,66,77,121,121,106,89,46,44,230,NR,166,NR,188,160,56,281,31,43,32,26,41,51,47,51,58,117,773,74,73,41,81,45,33,30,14,50,23,29,2026-03-22
Tamil Nadu,Erode,NR,,NR,NR,NR,NR,NR,NR,NR,NR,NR,NR,NR,NR,NR,NR,NR,NR,NR,NR,NR,NR,NR,NR,NR,NR,NR,NR,NR,NR,NR,NR,NR,NR,NR,NR,NR,NR,NR,NR,NR,2026-03-22
Tamil Nadu,Karur,54,,53,67,83,133,128,109,90,45,47,236,211,173,NR,188,143,61,297,17,37,32,23,40,46,58,52,58,106,682,65,68,37,96,33,41,27,22,67,23,43,2026-03-22
Tamil Nadu,Perambalur,49,,NR,67,91,134,130,113,88,46,43,200,209,170,NR,185,154,56,NR,29,28,30,22,42,61,55,50,56,111,747,58,58,26,86,32,38,26,14,48,24,47,2026-03-22
Tamil Nadu,Pudukkottai,54,,45,66,83,131,130,114,NR,47,40,236,NR,178,NR,186,140,56,NR,29,35,25,25,41,50,46,55,52,111,833,62,60,25,97,35,38,26,14,60,25,40,2026-03-22
Tamil Nadu,Sivagangai,51,,46,67,93,136,133,121,92,47,44,255,NR,212,NR,192,164,57,292,29,43,30,23,38,58,58,54,61,110,761,72,64,40,83,40,37,29,15,55,28,33,2026-03-22
Tamil Nadu,Thanjavur,53,,47,50,92,134,130,120,100,47,44,228,236,182,NR,193,147,56,300,27,27,27,19,41,50,48,51,48,124,900,75,66,44,91,39,39,30,14,52,21,34,2026-03-22
Tamil Nadu,The nilgiris,NR,,NR,NR,NR,NR,NR,NR,NR,NR,NR,NR,NR,NR,NR,NR,NR,NR,NR,NR,NR,NR,NR,NR,NR,NR,NR,NR,NR,NR,NR,NR,NR,NR,NR,NR,NR,NR,NR,NR,NR,2026-03-22
Tamil Nadu,Thoothukudi,50,,45,65,80,130,130,110,90,46,46,220,220,181,NR,181,159,55,320,10,30,30,15,30,45,60,55,62,113,857,61,66,30,87,35,36,26,13,45,20,35,2026-03-22
Tamil Nadu,Viluppuram,NR,,NR,NR,NR,NR,NR,NR,NR,NR,NR,NR,NR,NR,NR,NR,NR,NR,NR,NR,NR,NR,NR,NR,NR,NR,NR,NR,NR,NR,NR,NR,NR,NR,NR,NR,NR,NR,NR,NR,NR,2026-03-22
Tamil Nadu,Virudhunagar,61,,48,66,81,129,123,110,86,47,45,233,233,183,NR,185,166,59,293,28,42,37,21,42,53,53,55,53,107,729,57,61,40,81,37,32,13,13,62,29,24,2026-03-22
Tamil Nadu,Kanniyakumari,60,,37,53,80,127,125,107,76,45,41,204,220,179,NR,192,158,57,258,25,25,22,16,32,39,37,52,40,103,769,60,65,25,82,33,28,23,13,25,20,30,2026-03-22
Tamil Nadu,Namakkal,63,,47,61,90,130,130,118,90,45,44,198,215,167,NR,193,152,56,NR,26,33,25,20,41,40,51,49,47,113,664,71,56,31,79,34,39,25,12,60,23,60,2026-03-22
Tamil Nadu,Tiruvannamalai,53,,52,60,85,139,128,118,88,43,43,218,201,167,NR,186,148,60,310,27,24,25,16,44,58,47,51,57,113,839,62,63,43,88,37,47,29,13,48,24,38,2026-03-22
Tamil Nadu,Tiruvarur,62,,48,65,89,119,119,119,NR,44,44,242,186,185,NR,162,140,53,NR,20,30,35,15,46,51,48,51,62,122,714,65,60,30,90,39,49,18,20,45,24,25,2026-03-22
Tamil Nadu,Tiruppur,53,,48,53,101,144,134,121,80,47,43,217,223,167,NR,189,158,59,265,27,24,24,21,44,52,60,55,61,95,725,60,75,35,83,47,41,20,18,57,18,22,2026-03-22
Tamil Nadu,Tenkasi,56,,46,59,82,121,119,111,NR,45,46,228,NR,166,NR,177,155,60,275,30,30,30,25,36,52,56,58,55,98,795,64,66,30,88,41,41,26,13,49,21,40,2026-03-22
Tamil Nadu,Nagapattinam,52,,49,67,96,129,128,123,101,47,44,227,240,178,NR,189,156,56,NR,25,29,25,20,48,50,49,53,51,117,875,64,66,48,94,39,50,29,15,57,24,37,2026-03-22
Tamil Nadu,Krishnagiri,55,,46,41,86,134,129,116,89,44,44,208,202,155,NR,189,154,59,315,28,29,25,15,38,40,43,48,45,100,615,50,62,36,96,26,40,29,12,53,19,37,2026-03-22
Tamil Nadu,Ariyalur,53,,NR,65,90,142,125,110,90,47,44,220,209,172,NR,187,163,60,293,26,40,35,16,45,45,52,55,52,108,835,65,72,42,90,29,49,16,14,55,25,37,2026-03-22
Tamil Nadu,Kallakurichi,47,,49,67,87,131,113,112,87,46,45,224,214,170,NR,190,150,59,NR,28,25,23,15,40,50,47,45,49,97,879,70,64,18,85,39,34,29,13,38,21,41,2026-03-22
Tamil Nadu,Kancheepuram,55,,51,66,88,135,125,119,97,45,44,203,203,179,NR,192,148,72,NR,28,33,25,20,42,56,52,53,53,108,786,53,66,43,90,38,39,28,14,48,30,40,2026-03-22
Tamil Nadu,Salem,55,,48,48,95,128,121,133,99,44,45,212,NR,176,NR,174,152,48,280,NR,39,35,22,45,53,45,55,48,83,714,70,68,43,83,42,38,25,16,45,27,32,2026-03-22
Tamil Nadu,Theni,58,,46,61,84,129,125,109,85,45,45,219,209,161,NR,167,136,56,285,27,30,28,15,40,55,52,57,52,89,791,70,68,20,91,34,32,26,12,50,20,37,2026-03-22
Tamil Nadu,Chengalpattu,NR,,NR,NR,NR,NR,NR,NR,NR,NR,NR,NR,NR,NR,NR,NR,NR,NR,NR,NR,NR,NR,NR,NR,NR,NR,NR,NR,NR,NR,NR,NR,NR,NR,NR,NR,NR,NR,NR,NR,NR,2026-03-22
Tamil Nadu,Mayiladuthurai,60,,50,65,98,140,117,113,NR,45,45,201,203,198,NR,194,146,60,340,27,30,27,20,45,45,46,50,63,113,901,70,60,40,92,35,42,25,14,60,22,42,2026-03-22
Tamil Nadu,Ranipet,NR,,NR,NR,NR,NR,NR,NR,NR,NR,NR,NR,NR,NR,NR,NR,NR,NR,NR,NR,NR,NR,NR,NR,NR,NR,NR,NR,NR,NR,NR,NR,NR,NR,NR,NR,NR,NR,NR,NR,NR,2026-03-22
Tamil Nadu,Tirupattur,50,,43,47,85,121,119,120,90,45,40,195,236,166,NR,188,137,59,310,30,37,30,17,31,39,47,32,46,91,769,64,67,40,85,35,37,23,15,50,25,40,2026-03-22
Tamil Nadu,Tiruvallur,55,,44,66,85,128,121,119,90,45,40,202,208,169,NR,188,151,63,298,27,40,20,19,36,60,59,52,59,98,754,60,72,49,80,31,41,21,13,55,24,35,2026-03-22
Telangana,Hyderabad,49,,40,39,86,125,115,106,80,44,55,181,203,137,170,181,143,62,253,21,27,23,22,35,60,44,52,44,90,604,58,61,40,81,45,31,23,15,50,25,41,2026-03-22
Telangana,Karimnagar,NR,,NR,NR,NR,NR,NR,NR,NR,NR,NR,NR,NR,NR,NR,NR,NR,NR,NR,NR,NR,NR,NR,NR,NR,NR,NR,NR,NR,NR,NR,NR,NR,NR,NR,NR,NR,NR,NR,NR,NR,2026-03-22
Telangana,Warangal,NR,,NR,NR,NR,NR,NR,NR,NR,NR,NR,NR,NR,NR,NR,NR,NR,NR,NR,NR,NR,NR,NR,NR,NR,NR,NR,NR,NR,NR,NR,NR,NR,NR,NR,NR,NR,NR,NR,NR,NR,2026-03-22
Telangana,Adilabad,NR,,NR,NR,NR,NR,NR,NR,NR,NR,NR,NR,NR,NR,NR,NR,NR,NR,NR,NR,NR,NR,NR,NR,NR,NR,NR,NR,NR,NR,NR,NR,NR,NR,NR,NR,NR,NR,NR,NR,NR,2026-03-22
Telangana,Suryapet,NR,,NR,NR,NR,NR,NR,NR,NR,NR,NR,NR,NR,NR,NR,NR,NR,NR,NR,NR,NR,NR,NR,NR,NR,NR,NR,NR,NR,NR,NR,NR,NR,NR,NR,NR,NR,NR,NR,NR,NR,2026-03-22
Telangana,Jadcherla,NR,,NR,NR,NR,NR,NR,NR,NR,NR,NR,NR,NR,NR,NR,NR,NR,NR,NR,NR,NR,NR,NR,NR,NR,NR,NR,NR,NR,NR,NR,NR,NR,NR,NR,NR,NR,NR,NR,NR,NR,2026-03-22
Telangana,Khammam,NR,,NR,NR,NR,NR,NR,NR,NR,NR,NR,NR,NR,NR,NR,NR,NR,NR,NR,NR,NR,NR,NR,NR,NR,NR,NR,NR,NR,NR,NR,NR,NR,NR,NR,NR,NR,NR,NR,NR,NR,2026-03-22
Telangana,Medchal,NR,,NR,NR,NR,NR,NR,NR,NR,NR,NR,NR,NR,NR,NR,NR,NR,NR,NR,NR,NR,NR,NR,NR,NR,NR,NR,NR,NR,NR,NR,NR,NR,NR,NR,NR,NR,NR,NR,NR,NR,2026-03-22
Telangana,Nizamabad,NR,,NR,NR,NR,NR,NR,NR,NR,NR,NR,NR,NR,NR,NR,NR,NR,NR,NR,NR,NR,NR,NR,NR,NR,NR,NR,NR,NR,NR,NR,NR,NR,NR,NR,NR,NR,NR,NR,NR,NR,2026-03-22
Telangana,Sangareddy,NR,,NR,NR,NR,NR,NR,NR,NR,NR,NR,NR,NR,NR,NR,NR,NR,NR,NR,NR,NR,NR,NR,NR,NR,NR,NR,NR,NR,NR,NR,NR,NR,NR,NR,NR,NR,NR,NR,NR,NR,2026-03-22
Telangana,Kothagudem,NR,,NR,NR,NR,NR,NR,NR,NR,NR,NR,NR,NR,NR,NR,NR,NR,NR,NR,NR,NR,NR,NR,NR,NR,NR,NR,NR,NR,NR,NR,NR,NR,NR,NR,NR,NR,NR,NR,NR,NR,2026-03-22
Ladakh,Leh,NR,,NR,NR,NR,NR,NR,NR,NR,NR,NR,NR,NR,NR,NR,NR,NR,NR,NR,NR,NR,NR,NR,NR,NR,NR,NR,NR,NR,NR,NR,NR,NR,NR,NR,NR,NR,NR,NR,NR,NR,2026-03-22
Ladakh,Kargil,NR,,NR,NR,NR,NR,NR,NR,NR,NR,NR,NR,NR,NR,NR,NR,NR,NR,NR,NR,NR,NR,NR,NR,NR,NR,NR,NR,NR,NR,NR,NR,NR,NR,NR,NR,NR,NR,NR,NR,NR,2026-03-22
Commodity Name,Commodity Name,Rice,Rice,Wheat,Atta (Wheat),Gram Dal,Tur/Arhar Dal,Urad Dal,Moong Dal,Masoor Dal,Sugar,Milk @,Groundnut Oil (Packed),Mustard Oil (Packed),Vanaspati (Packed),Soya Oil (Packed),Sunflower Oil (Packed),Palm Oil (Packed),Gur,Tea Loose,Salt Pack (Iodised),Potato,Onion,Tomato,Bajra(whole),Jowar(whole),Maida(wheat),Ragi(whole),Suji(whole),Besan,Desi Ghee,Butter(Pasteurised),Eggs,Brinjal,Black Pepper(whole),Coriander(whole),Cummin Seed(whole),Red Chillies(whole),Turmeric(powder),Banana,GInger,Garlic,2026-03-22
Average Price1,Average Price1,42.09,,31.59,37.27,83.87,120.44,117.1,109.57,87.5,45.83,58.12,198.25,185.48,155.83,153.82,181.25,142.16,55.66,261.13,21.96,19.62,24.18,25.17,37.65,43.79,41.04,55.12,44.31,94.53,679.25,58.84,77.5,36.53,86.65,36.64,39.59,27.93,15.91,46.79,24.33,35.62,2026-03-22
Maximum Price1,Maximum Price1,63,,53,68,125,180,180,148,117,60,82,276,257,220,209,224,185,133,500,38,43,60,120,72,75,62,103,90,140,908,76,125,80,132,100,90,60,40,100,50,70,2026-03-22
Minimum Price1,Minimum Price1,27,,20,26,69,94,90,81,69,42,40,160,136,118,121,125,100,39,155,10,5,11,8,15,26,28,31,31,70,510,46,49,10,58,20,23,13,10,23,15,17,2026-03-22
Modal Price1,Modal Price1,40,,28,35,80,120,118,110,90,45,58,198,187,148,159,188,137,50,250,30,20,20,20,35,40,40,55,40,90,714,58,84,40,80,40,40,25,15,40,20,40,2026-03-22
,,,,,,,,,,,,,,,,,,,,,,,,,,,,,,,,,,,,,,,,,,,2026-03-22
"Department of Consumer Affairs ( Price Monitoring Division)Date 22/03/2026 Daily Retail Prices Of Essential Commodities  StateCentreRiceBroken RiceWheatAtta (Wheat)Gram DalTur/Arhar DalUrad DalMoong DalMasoor DalSugarMilk @Groundnut Oil (Packed)Mustard Oil (Packed)Vanaspati (Packed)Soya Oil (Packed)Sunflower Oil (Packed)Palm Oil (Packed)GurTea LooseSalt Pack (Iodised)PotatoOnionTomatoBajra (whole)Jowar (whole)Maida (wheat)Ragi (whole)Suji (whole)BesanDesi GheeButter (Pasteurised)Eggs BrinjalBlack Pepper (whole)Coriander (whole)Cummin Seed (whole)Red Chillies (whole)Turmeric (powder)BananaGingerGarlic  UnitQty1 Kg1 Kg1 Kg1 Kg1 Kg1 Kg1 Kg1 Kg1 Kg1 Kg1 ltr1 Kg1 Kg1 Kg1 Kg1 Kg1 Kg1 Kg1 Kg1 Kg1 Kg1 Kg1 Kg1 Kg1 Kg1 Kg1 Kg1 Kg1 Kg1 Kg100 gmDozen1 Kg100 gm250 gm100 gm100 gm50 gm1 Kg100 gm100 gm  Average PriceAverage Price42.09 31.5937.2783.87120.44117.1109.5787.545.8358.12198.25185.48155.83153.82181.25142.1655.66261.1321.9619.6224.1825.1737.6543.7941.0455.1244.3194.53679.2558.8477.536.5386.6536.6439.5927.9315.9146.7924.3335.62  Maximum PriceMaximum Price63 536812518018014811760822762572202092241851335003843601207275621039014090876125801321009060401005070  Minimum PriceMinimum Price27 202669949081694240160136118121125100391551051181526283131705104649105820231310231517  Modal PriceModal Price40 28358012011811090455819818714815918813750250302020203540405540907145884408040402515402040  NORTH ZONENORTH ZONE  ChandigarhChandigarh43 35408711511411089465921120817116418214557270282225353843425447967315979438737412816493040  DelhiDelhi42 33348713012311090475720719417518320616057233281428333338395041956445872509336303014482848  HaryanaHisar40 30348512711211088456120518316515018313255243281927332738396240906245976488240393415682850  KarnalNR NRNRNRNRNRNRNRNRNRNRNRNRNRNRNRNRNRNRNRNRNRNRNRNRNRNRNRNRNRNRNRNRNRNRNRNRNRNRNR  PanchkulaNR NRNRNRNRNRNRNRNRNRNRNRNRNRNRNRNRNRNRNRNRNRNRNRNRNRNRNRNRNRNRNRNRNRNRNRNRNRNRNR  Gurgaon39 323481144NR119864557NR186NR15318511955300261225352528353745855346062259036503016705050  Himachal PradeshShimla40 NR3286120127113875160225214172159NRNR542503016303030NR36NR351077105884308338412517572350  Mandi39 NR3481118125116844855222210175158177NR532703017283831NR37NR351006765884358540432816643045  Dharamshala35 NR2984126125118854844NR213163159NRNR532352820254032NR345540935905970409749423415603040  Solan39 NR3376114121109864855212214172151181NR5123030152840353737NR38986265981408839333417462540  Una39 NR3381124121109924671NR190165155NRNR512272915273134NR35NR34896925884259544332815532437  Bilaspur-hp40 NR3577121130116864864NR173174166NRNR472002915274235NR376237797255896408539302513502243  Chamba35 NR3686120121119885155NR193167161NRNR55208302030375875387838896326282368649373719553754  Hamirpur-HP38 NR3273119112110794868NR208161156NRNR4926530172737334336NR35836195886378739372814492542  Kullu40 NR3686116116108854940NR220169139NRNR5226030233040NRNR37NR3710269058100438932302012553053  SirmourNR NRNRNRNRNRNRNRNRNRNRNRNRNRNRNRNRNRNRNRNRNRNRNRNRNRNRNRNRNRNRNRNRNRNRNRNRNRNRNR  Kinnaur38 NR3777113130107774950NR217170143NRNR5026030303547NRNR39NR42836965888509350454015563350  Lahaul & Spiti40 NR4396112NR111955252NR197175NRNRNR5348028364338NRNR34NR33796006298378034342715563237  Jammu and KashmirSrinagarNR NRNRNRNRNRNRNRNRNRNRNRNRNRNRNRNRNRNRNRNRNRNRNRNRNRNRNRNRNRNRNRNRNRNRNRNRNRNRNR  JammuNR NRNRNRNRNRNRNRNRNRNRNRNRNRNRNRNRNRNRNRNRNRNRNRNRNRNRNRNRNRNRNRNRNRNRNRNRNRNRNR  PoonchNR NRNRNRNRNRNRNRNRNRNRNRNRNRNRNRNRNRNRNRNRNRNRNRNRNRNRNRNRNRNRNRNRNRNRNRNRNRNRNR  KupwaraNR NRNRNRNRNRNRNRNRNRNRNRNRNRNRNRNRNRNRNRNRNRNRNRNRNRNRNRNRNRNRNRNRNRNRNRNRNRNRNR  UdhampurNR NRNRNRNRNRNRNRNRNRNRNRNRNRNRNRNRNRNRNRNRNRNRNRNRNRNRNRNRNRNRNRNRNRNRNRNRNRNRNR  ShopianNR NRNRNRNRNRNRNRNRNRNRNRNRNRNRNRNRNRNRNRNRNRNRNRNRNRNRNRNRNRNRNRNRNRNRNRNRNRNRNR  SambaNR NRNRNRNRNRNRNRNRNRNRNRNRNRNRNRNRNRNRNRNRNRNRNRNRNRNRNRNRNRNRNRNRNRNRNRNRNRNRNR  RambanNR NRNRNRNRNRNRNRNRNRNRNRNRNRNRNRNRNRNRNRNRNRNRNRNRNRNRNRNRNRNRNRNRNRNRNRNRNRNRNR  RajouriNR NRNRNRNRNRNRNRNRNRNRNRNRNRNRNRNRNRNRNRNRNRNRNRNRNRNRNRNRNRNRNRNRNRNRNRNRNRNRNR  KishtwarNR NRNRNRNRNRNRNRNRNRNRNRNRNRNRNRNRNRNRNRNRNRNRNRNRNRNRNRNRNRNRNRNRNRNRNRNRNRNRNR  DodaNR NRNRNRNRNRNRNRNRNRNRNRNRNRNRNRNRNRNRNRNRNRNRNRNRNRNRNRNRNRNRNRNRNRNRNRNRNRNRNR  BaramullaNR NRNRNRNRNRNRNRNRNRNRNRNRNRNRNRNRNRNRNRNRNRNRNRNRNRNRNRNRNRNRNRNRNRNRNRNRNRNRNR  ReasiNR NRNRNRNRNRNRNRNRNRNRNRNRNRNRNRNRNRNRNRNRNRNRNRNRNRNRNRNRNRNRNRNRNRNRNRNRNRNRNR  KathuaNR NRNRNRNRNRNRNRNRNRNRNRNRNRNRNRNRNRNRNRNRNRNRNRNRNRNRNRNRNRNRNRNRNRNRNRNRNRNRNR  PunjabAmritsar40 283282137135112904557225198162148188NR55270291427303538406040926665973389341302813402437  Ludhiana38 2735801301281181034562218189161150183NR55275271228273448396246926045280489037422319472848  Bathinda40 28328213713211390455723119216615418913255270291227303238386038926686072378740312813422537  BarnalaNR NRNRNRNRNRNRNRNRNRNRNRNRNRNRNRNRNRNRNRNRNRNRNRNRNRNRNRNRNRNRNRNRNRNRNRNRNRNRNR  HoshiarpurNR NRNRNRNRNRNRNRNRNRNRNRNRNRNRNRNRNRNRNRNRNRNRNRNRNRNRNRNRNRNRNRNRNRNRNRNRNRNRNR  Faridkot40 28338313313011590466222018716514318713457278301227273142405840926875885409242312914502338  MansaNR NRNRNRNRNRNRNRNRNRNRNRNRNRNRNRNRNRNRNRNRNRNRNRNRNRNRNRNRNRNRNRNRNRNRNRNRNRNRNR  Sri Muktsar Sahib40 27338013012811290456321116116113517611950280291627322940366336836085772399037332513582736  Dera BassiNR NRNRNRNRNRNRNRNRNRNRNRNRNRNRNRNRNRNRNRNRNRNRNRNRNRNRNRNRNRNRNRNRNRNRNRNRNRNRNR  Sangrur40 28328013112911088466023719518018018516849263301020303545406740887105884309040453015453030  Ropar40 273387134133117924661223179165149NR13258277291124303742396240906746074409342333115432537  Amargarh40 2832801331301108247602401921811871921744825028102030364540NR40857106078359540502715453030  Fatehgarh Sahib45 35408313212211010043602131761771501761095329327202539284528653887NR5373439545533517482332  FerozepurNR NRNRNRNRNRNRNRNRNRNRNRNRNRNRNRNRNRNRNRNRNRNRNRNRNRNRNRNRNRNRNRNRNRNRNRNRNRNRNR  Kapurthala38 30397512211710890446222018917014618514857290301230304048405737926815670389231363413482740  Uttar PradeshLucknow37 28327511911910076456020917614815915914345250201420183033385538886135980358838392615402030  Kanpur35 283280120110908042601981871321211321155623426162520354041NR348158055723610024403519502228  Varanasi42 2836871231241048148682131851681751891636426022152222416139NR401047275978287835352620652132  Agra42 29317411491907445682081891691792021705125127132018153939NR41957976296378339313115402050  Jhansi49 27338013312811082496020717416914519413053230212027273237386543976595890409040383015382347  Meerut36 2939831111138482476316515815915916016048265181122273535356436926375962387434342915492635  AllahabadNR NRNRNRNRNRNRNRNRNRNRNRNRNRNRNRNRNRNRNRNRNRNRNRNRNRNRNRNRNRNRNRNRNRNRNRNRNRNRNR  Gorakhpur38 25347811911811378455519518715015115212355225222021283634344935925995680377830382416552528  Saharanpur38 283381111108108854557NR175150145152126542432112262431NR36NR39905805775358032362514452337  Bareilly35 253389122125112110457021317516515418814750343281017242639365336897036089328144343416572122  Ayodhya38 28329011812011585506018116316316316313755240242030354040425546906666072308040373016402740  MoradabadNR NRNRNRNRNRNRNRNRNRNRNRNRNRNRNRNRNRNRNRNRNRNRNRNRNRNRNRNRNRNRNRNRNRNRNRNRNRNRNR  Aligarh39 28348211611410684435619118415214717313452247201822253439384842916135474368534392515452135  Mirzapur (Vindhyanchal)35 26328111111110080444817916414112614511151220222022252840365040906666280408230372515433432  Banda28 23297611011110277455521418116013717411655160181020193357366839856046079279026352919482027  AzamgarhNR NRNRNRNRNRNRNRNRNRNRNRNRNRNRNRNRNRNRNRNRNRNRNRNRNRNRNRNRNRNRNRNRNRNRNRNRNRNRNR  Gonda (Devipatan)36 25338512312811787445720719615015216812853253201023233837346245986225892377734402620502025  AmethiNR NRNRNRNRNRNRNRNRNRNRNRNRNRNRNRNRNRNRNRNRNRNRNRNRNRNRNRNRNRNRNRNRNRNRNRNRNRNRNR  Barabanki39 26358511811811785456020018216816717513055225221320213642374536985635880318531423015462126  Bhadohi35 27358311012311782466521218117614818111063210221120223441365039727146272359240393016602040  Chandauli32 25337611211010576445420117716513218412158245201020203752346036826345664398432392716492032  Farrukhabad41 2632829411511090456322519215915320912148207185202025NR35NR39906436084358029302416422041  Ghazipur41 27358511711911490NRNR192180148159168139NRNRNR141919NRNRNRNRNRNRNRNRNRNRNRNRNRNRNRNRNRNR  Jaunpur45 28368511711611386466120918917115417512359270221627293647375438906645784358936372917502637  UP-Pratapgarh39 29338210711611484464919918615315115412059255201117133531374039945465873388834352715391939  Sambhal36 253185110102100874557191170146136145130502511810222531NR36NR36966455779328031422816402132  Santkabir Nagar44 243582115113107824567200194134141178112492653012162129303478439873461843310030522920482429  Shahjahanpur32 2632771131041099144561801701471331571284222220817182632345237875535489228429321711361830  Sitapur36 30358111210510383445819116914814514513753228171123272932364940936005972378035402815531730  Sultanpur41 30358411711310987445619818315514416913254265201823253540395144946235782408535392615452235  Unnao42 29318711811711088456019418915715217413458253201120203742385343925865971378833382716482332  Ambedkar Nagar38 27368012012512789466022020816116316413663203281024213940408041907346579358035403020602334  AmrohaNR NRNRNRNRNRNRNRNRNRNRNRNRNRNRNRNRNRNRNRNRNRNRNRNRNRNRNRNRNRNRNRNRNRNRNRNRNRNRNR  Baghpat44 NR328313012711893447019217615915015713052210281222233450356540955976083408333352512392143  Bijnor40 2535759810098804553198187148165176154502431810202032403753401006225760308730433010402540  Budaun36 243086113103999144612011641681501701315628021720202547396738936135971309030382511422025  Etah45 293580120110110904558207178152156165113552702218272625NR36NR39906776072289732403318402242  Fatehpur43 27348811011310388455818517213613014311153225211622332332354034956066179328536432417372027  Ghaziabad39 303278117117108904757203177169146173132532022111232132454154431005995982388139353115442438  Hardoi41 25338112211411285465620818615415317212754235191222153235365445916165882368735392715472031  Jalaun45 2834831171031029046571821701421221511105221820122020314037NR421005785983369334432919372935  Kaushambi41 24368411912710986455419117514714614912851234211325272934365436866025574308138352814472529  Kushinagar35 26378012211411880466818518715417014313046225261720323636384441906376062408628403017422825  Lakhimpur Kheri39 27338011210310280455717917312813915910056227161020162933355836906465778357733433117231638  Pilibhit36 28328511511511594455919818716515417813250243201221183560387538956486180279040403215452025  Sharwasti40 264080120113120794560176194145159NR1175321824102012NRNR39NR40985695978208535372015332525  Siddharth NagarNR NRNRNRNRNRNRNRNRNRNRNRNRNRNRNRNRNRNRNRNRNRNRNRNRNRNRNRNRNRNRNRNRNRNRNRNRNRNRNR  SonbhadraNR NRNRNRNRNRNRNRNRNRNRNRNRNRNRNRNRNRNRNRNRNRNRNRNRNRNRNRNRNRNRNRNRNRNRNRNRNRNRNR  Rampur50 252780107113999645611941881481591601455024424142625304535NR36996346573369135352815502334  Bahraich35 253190128120114904256176191130137142125442502521212136343365321065805680217227362319532137  BastiNR NRNRNRNRNRNRNRNRNRNRNRNRNRNRNRNRNRNRNRNRNRNRNRNRNRNRNRNRNRNRNRNRNRNRNRNRNRNRNR  Etawah41 263184119113108874658200187146146159130552602011212529NR405545956776080358537402716482535  Muzzafarnagar40 2531841191151089045571831731501451661325524018112026354037NR37915105776358032362211382035  Chitrakoot40 24358510610510084465017719915916217913754210151425243131406048896375884408025512115402540  Hamirpur-UP42 2532851111131068246612031841441441481275520518152520NRNR38NR39906375585308640462916452240  Deoria32 2628901181159399455922018914313221812149218201517244040354735935585858407829392618312727  Hapur36 27347411411010499476219818515916517015657216261012104039374538976776283409641452910473242  Bulandshahr41 313588120119109804465NR17015916215715349240181720202939335535975695372258731462715322040  Kanpur Dehat37 253179971129683445518919915014914912449195191019183336354835855815876306927322415422138  Hathras40 273285120115100904457194184154145166134502402015252024NR35NR401006726084408737393012402540  Raebareli40 28298211411310787455918817915515017413755232191121203543405446956825777328535382716452133  Lalitpur36 28317510911010580465817416714413817812250235201220203038325934905785682308030402418402030  Mohaba38 2331791091039383466017417114715118111939183221419172935354935975965472228330392815372235  Gautam Budh Nagar38 2935791191151119046582071741641451731315524018920253036355443846245569398036393016422025  Auraiya38 2635771081229782466317816416115315812854224231122132427386138866455476408033312522552141  Maharajganj35 26328111511810980455719218113214415512647213221620213643355136915845878368134403017402529  Balrampur35 2535801171151138245531671791461391871205320315112530354835NR36936666075438732422814372228  Kannauj40 273384119113107864561186178148143155126532382192119323938NR38936135572218430452817371924  Mathura34 27338411312011290456121617314113915612253263271028273443404740986205885388844323214322150  Firozabad37 26297510011010089446619818115413715411050210172020152428304435806375575308030282016252530  Kasganj44 253687124112110894659200181165157176143552632115202020NR39NR391005695473328539482913402030  MainpuriNR NRNRNRNRNRNRNRNRNRNRNRNRNRNRNRNRNRNRNRNRNRNRNRNRNRNRNRNRNRNRNRNRNRNRNRNRNRNRNR  Shamli39 253080122117112102445118718115214515912851228151422232941385540905415868479239392613402242  Ballia38 28348411911510888465819418015214816312859249191223222939385239966235376348434422717421932  Mau40 2533841131121088546551921731471471481196922422121828NRNR36NR36906375578348930403016482433  UttarakhandDehradunNR NRNRNRNRNRNRNRNRNRNRNRNRNRNRNRNRNRNRNRNRNRNRNRNRNRNRNRNRNRNRNRNRNRNRNRNRNRNRNR  Haldwani41 29369113511912311648582281831481851941665026630102119494641454110160058663710040533318502137  RudrapurNR NRNRNRNRNRNRNRNRNRNRNRNRNRNRNRNRNRNRNRNRNRNRNRNRNRNRNRNRNRNRNRNRNRNRNRNRNRNRNR  HaridwarNR NRNRNRNRNRNRNRNRNRNRNRNRNRNRNRNRNRNRNRNRNRNRNRNRNRNRNRNRNRNRNRNRNRNRNRNRNRNRNR  WEST ZONEWEST ZONE  ChhattisgarhRaipur36 334597140128125102485719516613913815211751250252222243126444544907035678409137312512333540  Durg36 374383959910483NRNR187161135163179153NRNRNR203010NRNRNRNRNRNRNRNRNRNRNRNRNRNRNRNRNRNR  AmbikapurNR NRNRNRNRNRNRNRNRNRNRNRNRNRNRNRNRNRNRNRNRNRNRNRNRNRNRNRNRNRNRNRNRNRNRNRNRNRNRNR  Bilaspur-CGNR NRNRNRNRNRNRNRNRNRNRNRNRNRNRNRNRNRNRNRNRNRNRNRNRNRNRNRNRNRNRNRNRNRNRNRNRNRNRNR  JagdalpurNR NRNRNRNRNRNRNRNRNRNRNRNRNRNRNRNRNRNRNRNRNRNRNRNRNRNRNRNRNRNRNRNRNRNRNRNRNRNRNR  Dantewada39 404298116120108854662NR194159145154133572512120352141NR40NR441036555960429948492218622549  DhamtariNR NRNRNRNRNRNRNRNRNRNRNRNRNRNRNRNRNRNRNRNRNRNRNRNRNRNRNRNRNRNRNRNRNRNRNRNRNRNRNR  RajnandgaonNR NRNRNRNRNRNRNRNRNRNRNRNRNRNRNRNRNRNRNRNRNRNRNRNRNRNRNRNRNRNRNRNRNRNRNRNRNRNRNR  Koriya39 35398110897102814575205163153151168NR4719525302520353446325882693588840782738281742NRNR  DNH and DDSilvasa51 403995137137127994469180194NR1701751216321529172522445358586210965761844012061453524302540  Daman52 394088108122108884569200196NR167177113712223019262539426255619864858724311060404023292052  Diu48 39508813813512310346642142341901982091376140030192326386257836510865958914010042353919542542  GoaPanajiNR NRNRNRNRNRNRNRNRNRNRNRNRNRNRNRNRNRNRNRNRNRNRNRNRNRNRNRNRNRNRNRNRNRNRNRNRNRNRNR  MargaoNR NRNRNRNRNRNRNRNRNRNRNRNRNRNRNRNRNRNRNRNRNRNRNRNRNRNRNRNRNRNRNRNRNRNRNRNRNRNRNR  GujaratAhmedabad34 36379511811910294456816716613815116214653207193233443636416243886305667357227333119401820  RajkotNR NRNRNRNRNRNRNRNRNRNRNRNRNRNRNRNRNRNRNRNRNRNRNRNRNRNRNRNRNRNRNRNRNRNRNRNRNRNRNR  SuratNR NRNRNRNRNRNRNRNRNRNRNRNRNRNRNRNRNRNRNRNRNR3339376542856215258377828323614352222  Bhuj34 3435861111139888436416816513815016113758205182728303837416742916325369397228353815453028  Selamba35 34398711211310390446419017114015217514255210192523284040416741906365584407931323216453030  Waghai37 3941901181179996456719518714715317814555209202628313536406044966315870447530342417413028  Bodeli34 3438861111089892436618817213815217414158205182828333641396844896325569358030343915382727  Vapi32 32349011411410194446618716913814516914556205182828293846406636966925668387831323215382830  Bilimora36 3436861251149894446619917613915515214953201173432393537406245966315469366931352417362524  Idar35 3438981151189999457019216613114817813659226182328283948376635996555970348336303920372730  Jhalod35 353595120110109103507219418715614816715461218213029274140406947967275777457327343919462525  Songash34 3334891181179890446522320313715118914351205222027303241366142886315460357531343217422323  Madhya PradeshBhopal36 293583116107105914662181204178143181NR522551015211740404260429062657922510054403515362235  Indore42 293589118117113854362179176160NR1551466226515151837424240NR40856435996388234322315332922  Gwalior39 293377115118110904563208158168140177NR50222122119312832396140886416071298135352615402232  Jabalpur38 32348011611011085455519018614014516811550250161620243840405544946395880308436352515402036  Rewa35 2835761069593794555177154148147147NR5523718151519NRNR35NR37856555776259028453013452035  Sagar38 25287311812010084455920119013716517915749258161014114039406743836765563258435302515382023  JhabuaNR NRNRNRNRNRNRNRNRNRNRNRNRNRNRNRNRNRNRNRNRNRNRNRNRNRNRNRNRNRNRNRNRNRNRNRNRNRNRNR  Hoshangabad47 31378410511810886455420115913613615110652217111622194349434941926546087569231432019482034  Shahdol35 293586115112110834450200136125121154NR52210182020253733355040956045870309030402718353025  Ujjain38 374093110101102924260160190168141175NR52253161211243234436147926825877339848353016342440  MorenaNR NRNRNRNRNRNRNRNRNRNRNRNRNRNRNRNRNRNRNRNRNRNRNRNRNRNRNRNRNRNRNRNRNRNRNRNRNRNRNR  Anuppur35 26368011811511090455022018713715918715450200201520154545355548886816579209035352513401830  Bhind40 29348411311611484456218115713412714211849249161220143443386439906466277238129352516402529  Dhar42 26368812411511296445816918516413618212348210141620213436435045936875675218230331918362532  HardaNR NRNRNRNRNRNRNRNRNRNRNRNRNRNRNRNRNRNRNRNRNRNRNRNRNRNRNRNRNRNRNRNRNRNRNRNRNRNRNR  Katni35 2934801201101108042501651541261371541005020519141216353845554510060458100208040402715322040  Khandwa37 323478105113110874455203185172145165NR50270172018453535424941906595389388828322615372336  Mandla35 323677108123110804550220190141180209NR5019329151994545416045876925975199325372915402535  RajgarhNR NRNRNRNRNRNRNRNRNRNRNRNRNRNRNRNRNRNRNRNRNRNRNRNRNRNRNRNRNRNRNRNRNRNRNRNRNRNRNR  Sidhi34 2735751151009584456017817715614413211551263181525203040355450916335685408232502515432338  Chattarpur37 30409012211710780455018717616713715412555233202020153242405550936006084308830403015302235  Neemuch48 273375125105110704265179157141137139NR47297101520324240416540875826370408025423015482330  BurhanpurNR NRNRNRNRNRNRNRNRNRNRNRNRNRNRNRNRNRNRNRNRNRNRNRNRNRNRNRNRNRNRNRNRNRNRNRNRNRNRNR  Narshinpur40 283575117108110854550198187137141165NR44233121520104040456048856375885459037352515352038  Raisen40 303380130115110884657181187141146NRNR5025010152017404236NR40856726073308832323218352037  Sheopur37 253381108110104804560205178162146165NR50205281520253034406040906265785279040403015402024  Agar malwa30 20268212211810790NRNR178162143141141NRNRNRNR201525454540NR45826816078308820252315351517  Umaria34 323687117112117824559194178141167174NR501971513221045NR42NR47936115974338332422715402327  Shajapur40 253283120115105874260187179154148176NR5026019192023363939NR44906555983388537372615402338  Dewas44 283388129116109894461190191162158176NR54225122728393640395745966815888358939342616383143  KhargoneNR NRNRNRNRNRNRNRNRNRNRNRNRNRNRNRNRNRNRNRNRNRNRNRNRNRNRNRNRNRNRNRNRNRNRNRNRNRNRNR  SingrauliNR NRNRNRNRNRNRNRNRNRNRNRNRNRNRNRNRNRNRNRNRNRNRNRNRNRNRNRNRNRNRNRNRNRNRNRNRNRNRNR  Chhindwara50 29358813311812988435020219114014515514150200101819223939394244927185974379838383820482232  Sehore60 303283130110103904358192187154148181NR6027013202019NRNR50NR49906526083428530352415481927  MP-AshoknagarNR NRNRNRNRNRNRNRNRNRNRNRNRNRNRNRNRNRNRNRNRNRNRNRNRNRNRNRNRNRNRNRNRNRNRNRNRNRNRNR  BalaghatNR NRNRNRNRNRNRNRNRNRNRNRNRNRNRNRNRNRNRNRNRNRNRNRNRNRNRNRNRNRNRNRNRNRNRNRNRNRNRNR  Guna39 25307411011510081446019418116715317713245217201319153341506950837006073428236372715402038  Ratlam40 29357511810910681446019018315615016914550230102019193040446844916265960228129292515402228  SatnaNR NRNRNRNRNRNRNRNRNRNRNRNRNRNRNRNRNRNRNRNRNRNRNRNRNRNRNRNRNRNRNRNRNRNRNRNRNRNRNR  Vidisha39 303572110117108884355189183137159179NR50240111017154040366836786556096188433302515372030  AlirajpurNR NRNRNRNRNRNRNRNRNRNRNRNRNRNRNRNRNRNRNRNRNRNRNRNRNRNRNRNRNRNRNRNRNRNRNRNRNRNRNR  BetulNR NRNRNRNRNRNRNRNRNRNRNRNRNRNRNRNRNRNRNRNRNRNRNRNRNRNRNRNRNRNRNRNRNRNRNRNRNRNRNR  Damoh43 313675140105113864661214192139153164NR54215121919154442417041945926578208736363517511944  Dindori35 333686105100105794564219186137132179NR50220132027204050445850756325785278834353015372550  NiwariNR NRNRNRNRNRNRNRNRNRNRNRNRNRNRNRNRNRNRNRNRNRNRNRNRNRNRNRNRNRNRNRNRNRNRNRNRNRNRNR  SeoniNR NRNRNRNRNRNRNRNRNRNRNRNRNRNRNRNRNRNRNRNRNRNRNRNRNRNRNRNRNRNRNRNRNRNRNRNRNRNRNR  PannaNR NRNRNRNRNRNRNRNRNRNRNRNRNRNRNRNRNRNRNRNRNRNRNRNRNRNRNRNRNRNRNRNRNRNRNRNRNRNRNR  Tikamgarh35 25309012011095904450205167142149147NR502002020202030354040451006515870228529412017302030  Datia48 2830821171079775455822418315014118312355230281520164933427847926965893188742472816392248  Maihar37 293292100103978245582201611431481651135020514201611NRNR40NR451007325872399729403812422040  ShivpuriNR NRNRNRNRNRNRNRNRNRNRNRNRNRNRNRNRNRNRNRNRNRNRNRNRNRNRNRNRNRNRNRNRNRNRNRNRNRNRNR  MandsaurNR NRNRNRNRNRNRNRNRNRNRNRNRNRNRNRNRNRNRNRNRNRNRNRNRNRNRNRNRNRNRNRNRNRNRNRNRNRNRNR  MaharashtraMumbai40 415293132139120994658238231198176200151782973028263248585164511176635874639766454218372537  Nagpur52 4652921311291181035166226204168168184139692832730263239485279521107615994319240483121604268  Pune38 4254879810610385477419719915515217915860349382921333745443544895456086549946452719392630  Nashik41 424182134125113924558204220175155174129563232820222245634962499963360776311355353317273035  Mangaon-Raigad52 434990131135117964557221244178175192133623563021224545534259459981659824612063394722533545  Dharni44 333781130114118904453202188149167186NR5032213212121352743NR49927436482389331412219412937  Latur57 455177132122122884467200207132157183153582372618222036554077411107804965739845422924473250  Akluj46 33417512710310893446018421114916719117946332302421233248396039886595249429435362612282240  Arni Yavatmal44 343699123125114904363170192154144157NR573001030304035324770551037845572409945422015403525  Chandrapur50 4447851341231181014759184217212170181NR6727130202317515159535410666358592310335332320682547  Karad Satara40 364480131136119864471203186163168189160572932723212238424060409867459644011845403219362535  Ahemednagar51 444784124119119994353168169166169175146492593019192429403944391015755862499929392418261937  Khultabad47 323584112113106864349180NR1451471561535932020322731344139NR42877026086378132231916322036  Islampur38 39478413413112010043712182011521641741435141327282025383939484310865560643810359533627402827  Kankavli45 3451103142126131924660184200164152167135533782033234253494550461046885685777747413618633047  Partur50 3140801291201108844581872041511641861635940110202027324043NR4787775NR84409240422615472039  Gondia50 353775117110108804358199201135169192155692503020221735363350368576558702710049502821332842  Jalgaon47 34448613312911410244652022031781701991816146829202025424455625510173857734213250413220402835  Akola44 344585128120119974469178211159157176NR623273025202742385065501037845981438842442416332840  RajasthanJaipurNR NRNRNRNRNRNRNRNRNRNRNRNRNRNRNRNRNRNRNRNRNRNRNRNRNRNRNRNRNRNRNRNRNRNRNRNRNRNRNR  JodhpurNR NRNRNRNRNRNRNRNRNRNRNRNRNRNRNRNRNRNRNRNRNRNRNRNRNRNRNRNRNRNRNRNRNRNRNRNRNRNRNR  KotaNR NRNRNRNRNRNRNRNRNRNRNRNRNRNRNRNRNRNRNRNRNRNRNRNRNRNRNRNRNRNRNRNRNRNRNRNRNRNRNR  UdaipurNR NRNRNRNRNRNRNRNRNRNRNRNRNRNRNRNRNRNRNRNRNRNRNRNRNRNRNRNRNRNRNRNRNRNRNRNRNRNRNR  BharatpurNR NRNRNRNRNRNRNRNRNRNRNRNRNRNRNRNRNRNRNRNRNRNRNRNRNRNRNRNRNRNRNRNRNRNRNRNRNRNRNR  AjmerNR NRNRNRNRNRNRNRNRNRNRNRNRNRNRNRNRNRNRNRNRNRNRNRNRNRNRNRNRNRNRNRNRNRNRNRNRNRNRNR  BikanerNR NRNRNRNRNRNRNRNRNRNRNRNRNRNRNRNRNRNRNRNRNRNRNRNRNRNRNRNRNRNRNRNRNRNRNRNRNRNRNR  BundiNR NRNRNRNRNRNRNRNRNRNRNRNRNRNRNRNRNRNRNRNRNRNRNRNRNRNRNRNRNRNRNRNRNRNRNRNRNRNRNR  RajsamandNR NRNRNRNRNRNRNRNRNRNRNRNRNRNRNRNRNRNRNRNRNRNRNRNRNRNRNRNRNRNRNRNRNRNRNRNRNRNRNR  AlwarNR NRNRNRNRNRNRNRNRNRNRNRNRNRNRNRNRNRNRNRNRNRNRNRNRNRNRNRNRNRNRNRNRNRNRNRNRNRNRNR  BanswaraNR NRNRNRNRNRNRNRNRNRNRNRNRNRNRNRNRNRNRNRNRNRNRNRNRNRNRNRNRNRNRNRNRNRNRNRNRNRNRNR  BaranNR NRNRNRNRNRNRNRNRNRNRNRNRNRNRNRNRNRNRNRNRNRNRNRNRNRNRNRNRNRNRNRNRNRNRNRNRNRNRNR  BarmerNR NRNRNRNRNRNRNRNRNRNRNRNRNRNRNRNRNRNRNRNRNRNRNRNRNRNRNRNRNRNRNRNRNRNRNRNRNRNRNR  BhilwaraNR NRNRNRNRNRNRNRNRNRNRNRNRNRNRNRNRNRNRNRNRNRNRNRNRNRNRNRNRNRNRNRNRNRNRNRNRNRNRNR  ChhitorgarhNR NRNRNRNRNRNRNRNRNRNRNRNRNRNRNRNRNRNRNRNRNRNRNRNRNRNRNRNRNRNRNRNRNRNRNRNRNRNRNR  ChuruNR NRNRNRNRNRNRNRNRNRNRNRNRNRNRNRNRNRNRNRNRNRNRNRNRNRNRNRNRNRNRNRNRNRNRNRNRNRNRNR  DholapurNR NRNRNRNRNRNRNRNRNRNRNRNRNRNRNRNRNRNRNRNRNRNRNRNRNRNRNRNRNRNRNRNRNRNRNRNRNRNRNR  DungarpurNR NRNRNRNRNRNRNRNRNRNRNRNRNRNRNRNRNRNRNRNRNRNRNRNRNRNRNRNRNRNRNRNRNRNRNRNRNRNRNR  HanumangarhNR NRNRNRNRNRNRNRNRNRNRNRNRNRNRNRNRNRNRNRNRNRNRNRNRNRNRNRNRNRNRNRNRNRNRNRNRNRNRNR  JaisalmerNR NRNRNRNRNRNRNRNRNRNRNRNRNRNRNRNRNRNRNRNRNRNRNRNRNRNRNRNRNRNRNRNRNRNRNRNRNRNRNR  Jalore45 343586113119104914555207170125161157NR4631215303134304043NR52965456078479841402917432831  JhalawarNR NRNRNRNRNRNRNRNRNRNRNRNRNRNRNRNRNRNRNRNRNRNRNRNRNRNRNRNRNRNRNRNRNRNRNRNRNRNRNR  JhunjhunuNR NRNRNRNRNRNRNRNRNRNRNRNRNRNRNRNRNRNRNRNRNRNRNRNRNRNRNRNRNRNRNRNRNRNRNRNRNRNRNR  KarauliNR NRNRNRNRNRNRNRNRNRNRNRNRNRNRNRNRNRNRNRNRNRNRNRNRNRNRNRNRNRNRNRNRNRNRNRNRNRNRNR  NagaurNR NRNRNRNRNRNRNRNRNRNRNRNRNRNRNRNRNRNRNRNRNRNRNRNRNRNRNRNRNRNRNRNRNRNRNRNRNRNRNR  PaliNR NRNRNRNRNRNRNRNRNRNRNRNRNRNRNRNRNRNRNRNRNRNRNRNRNRNRNRNRNRNRNRNRNRNRNRNRNRNRNR  RJ-PratapgarhNR NRNRNRNRNRNRNRNRNRNRNRNRNRNRNRNRNRNRNRNRNRNRNRNRNRNRNRNRNRNRNRNRNRNRNRNRNRNRNR  SikarNR NRNRNRNRNRNRNRNRNRNRNRNRNRNRNRNRNRNRNRNRNRNRNRNRNRNRNRNRNRNRNRNRNRNRNRNRNRNRNR  SirohiNR NRNRNRNRNRNRNRNRNRNRNRNRNRNRNRNRNRNRNRNRNRNRNRNRNRNRNRNRNRNRNRNRNRNRNRNRNRNRNR  Sri GanganagarNR NRNRNRNRNRNRNRNRNRNRNRNRNRNRNRNRNRNRNRNRNRNRNRNRNRNRNRNRNRNRNRNRNRNRNRNRNRNRNR  TonkNR NRNRNRNRNRNRNRNRNRNRNRNRNRNRNRNRNRNRNRNRNRNRNRNRNRNRNRNRNRNRNRNRNRNRNRNRNRNRNR  Sawai MadhopurNR NRNRNRNRNRNRNRNRNRNRNRNRNRNRNRNRNRNRNRNRNRNRNRNRNRNRNRNRNRNRNRNRNRNRNRNRNRNRNR  EAST ZONEEAST ZONE  BiharPatna47 283376118116100774858NR1861592091921854929026182819NRNR40NR401006045684358540402515402036  Bhagalpur39 283278114109102764758NR1781341291691174632028121919496134NR351046355490399629342118NR2535  Purnia38 313472114116102724957NR186136175NR129543241814223458584054471026925588409436322416502818  DarbhangaNR NRNRNRNRNRNRNRNRNRNRNRNRNRNRNRNRNRNRNRNRNRNRNRNRNRNRNRNRNRNRNRNRNRNRNRNRNRNRNR  GayaNR NRNRNRNRNRNRNRNRNRNRNRNRNRNRNRNRNRNRNRNRNRNRNRNRNRNRNRNRNRNRNRNRNRNRNRNRNRNRNR  Muzzafarpur38 283281116115111814659NR183146148199122412802315212151493953411036125984368635372315472323  SaranNR NRNRNRNRNRNRNRNRNRNRNRNRNRNRNRNRNRNRNRNRNRNRNRNRNRNRNRNRNRNRNRNRNRNRNRNRNRNRNR  Munger36 263390133110120804457NR1691541541251134624029143423NRNR34NR401005846079299254403916552133  SaharsaNR NRNRNRNRNRNRNRNRNRNRNRNRNRNRNRNRNRNRNRNRNRNRNRNRNRNRNRNRNRNRNRNRNRNRNRNRNRNRNR  Madhubani38 3035851251121038447552041661591601731274728028212728NRNR3348351026155771338232312312502927  Rohtas (Sasaram)32 3035741081108178486617918817917720515951229281421243956335837906906089337929302114582731  Motihari42 283280106112104804556NR187171165224127462651920203235353852371065935481298131422717332832  Samastipur43 273584116115112874654NR179128123NR12754312281019183039397347996986192398430772510382830  Katihar41 323174119129110724459NR177138146164NR5531119122335NRNR34NR351086686376428924492312NR2324  Araria38 323780120120110804759276188158144188122542982713222872623282311026235772327722272111612222  Nawada33 293476119119119754860NR20416118017314750269281015294340355337957186076438133342512582529  KhagariaNR NRNRNRNRNRNRNRNRNRNRNRNRNRNRNRNRNRNRNRNRNRNRNRNRNRNRNRNRNRNRNRNRNRNRNRNRNRNRNR  BankaNR NRNRNRNRNRNRNRNRNRNRNRNRNRNRNRNRNRNRNRNRNRNRNRNRNRNRNRNRNRNRNRNRNRNRNRNRNRNRNR  Arwal33 2633751019998764757NR1981621601611345123527132317NRNR33NR35897486172287632422717322226  AurangabadNR NRNRNRNRNRNRNRNRNRNRNRNRNRNRNRNRNRNRNRNRNRNRNRNRNRNRNRNRNRNRNRNRNRNRNRNRNRNRNR  Begusarai37 293574104110105754555262171169176159139462621416211752423552371086235878399625322017353442  Bhojpur AraNR NRNRNRNRNRNRNRNRNRNRNRNRNRNRNRNRNRNRNRNRNRNRNRNRNRNRNRNRNRNRNRNRNRNRNRNRNRNRNR  Buxar27 26327912011811975466419918117515320213249253291019173253347235887694996258749322218432421  Gopalganj39 273479115111107794550187165147145148119572472914202143454044401136705481378542403412553133  JamuiNR NRNRNRNRNRNRNRNRNRNRNRNRNRNRNRNRNRNRNRNRNRNRNRNRNRNRNRNRNRNRNRNRNRNRNRNRNRNRNR  JehanabadNR NRNRNRNRNRNRNRNRNRNRNRNRNRNRNRNRNRNRNRNRNRNRNRNRNRNRNRNRNRNRNRNRNRNRNRNRNRNRNR  Kaimur38 273379117117109794757NR1861741521881194921220121914323134NR39917146088348233322415522732  KishanganjNR NRNRNRNRNRNRNRNRNRNRNRNRNRNRNRNRNRNRNRNRNRNRNRNRNRNRNRNRNRNRNRNRNRNRNRNRNRNRNR  LakhisaraiNR NRNRNRNRNRNRNRNRNRNRNRNRNRNRNRNRNRNRNRNRNRNRNRNRNRNRNRNRNRNRNRNRNRNRNRNRNRNRNR  Medhepura37 30347011412592704558NR1871471591861244528720152636NRNR35NR35887215897428735372914453229  NalandaNR NRNRNRNRNRNRNRNRNRNRNRNRNRNRNRNRNRNRNRNRNRNRNRNRNRNRNRNRNRNRNRNRNRNRNRNRNRNRNR  SheikhpuraNR NRNRNRNRNRNRNRNRNRNRNRNRNRNRNRNRNRNRNRNRNRNRNRNRNRNRNRNRNRNRNRNRNRNRNRNRNRNRNR  Sheohar40 273782120118116774558170193155169192127482322614243055603741391167184680308232382216574925  SitamarhiNR NRNRNRNRNRNRNRNRNRNRNRNRNRNRNRNRNRNRNRNRNRNRNRNRNRNRNRNRNRNRNRNRNRNRNRNRNRNRNR  Siwan34 252974112929470475724418216418017611647202271218184744344935886706166298434412914342324  Supaul35 293572110NR98754855NR187151188NR1755626812122237NRNR36NR361165515486397926563515553224  Vaishali35 28326911311810269465020916914817020914850207291421204949324240837145586408030332113372031  West Champaran38 293681114119111814456204188167154178113452602022243135413345391055675476379047502717472421  JharkhandRanchi42 363681121118110794758231186146170178126552302820202335373740471105996086539047403215523140  GumlaNR NRNRNRNRNRNRNRNRNRNRNRNRNRNRNRNRNRNRNRNRNRNRNRNRNRNRNRNRNRNRNRNRNRNRNRNRNRNRNR  Sahibganj41 35368512012010380475717218717618717612155257201425134045396953996265694278045403515403030  Bokaro34 3537861321001108646571891721601641821455432225262637NRNR33NR40100709558943812841251360NRNR  Lohardaga37 313685102125110804561NR1471301351661164420326202535NRNR383140906735673258042302711384123  Simdega45 NR3693109104101774862NR178148158153146452502520252041NR4562481006636176579061362625502542  Dhanbad37 35368011511511079465924218715316218713753245271624253651385141997035792438931413318482539  Jamshedpur (East Singbhum) NR NRNRNRNRNRNRNRNRNRNRNRNRNRNRNRNRNRNRNRNRNRNRNRNRNRNRNRNRNRNRNRNRNRNRNRNRNRNRNR  GiridhiNR NRNRNRNRNRNRNRNRNRNRNRNRNRNRNRNRNRNRNRNRNRNRNRNRNRNRNRNRNRNRNRNRNRNRNRNRNRNRNR  Seraikella35 313978120113104754960187187155158166113552072816212538NR41NR45926006084478030312514522835  West SinghbhumNR NRNRNRNRNRNRNRNRNRNRNRNRNRNRNRNRNRNRNRNRNRNRNRNRNRNRNRNRNRNRNRNRNRNRNRNRNRNRNR  Daltonganj34 283679112115102814856NR175150160NR1376130728162122NRNR43534511466863100509240412617362623  Deoghar40 323580110120110100486017618617614817613260300301525205050406050907696085308040352515402030  Ramgarh40 3739NR1271181027949NRNR1761591681991574627925232732NRNR31NR40108NR5877248328302512421725  Pakur39 394280120909480456119818517616518714760340221015103441475160986445872209431342414462822  Jamtara30 273175116120104844758NR179145179172163472572781412NRNR32NR47856446084228343343316402525  LateharNR NRNRNRNRNRNRNRNRNRNRNRNRNRNRNRNRNRNRNRNRNRNRNRNRNRNRNRNRNRNRNRNRNRNRNRNRNRNRNR  GoddaNR NRNRNRNRNRNRNRNRNRNRNRNRNRNRNRNRNRNRNRNRNRNRNRNRNRNRNRNRNRNRNRNRNRNRNRNRNRNRNR  KodermaNR NRNRNRNRNRNRNRNRNRNRNRNRNRNRNRNRNRNRNRNRNRNRNRNRNRNRNRNRNRNRNRNRNRNRNRNRNRNRNR  OdishaBhubaneshwar38 364678110115115804854NR192137NR1981606023027152515NRNR38454090NRNR60229030302010502030  Cuttack41 364779111113111804954NR197136NR19915959260281623184142415142957435781409131322214552242  SambalpurNR NRNRNRNRNRNRNRNRNRNRNRNRNRNRNRNRNRNRNRNRNRNRNRNRNRNRNRNRNRNRNRNRNRNRNRNRNRNRNR  Rourkela36 36397511711296744754NR20213513619715857190281523103536404042915185678228534322515422538  BerhampurNR NRNRNRNRNRNRNRNRNRNRNRNRNRNRNRNRNRNRNRNRNRNRNRNRNRNRNRNRNRNRNRNRNRNRNRNRNRNRNR  JeyporeNR NRNRNRNRNRNRNRNRNRNRNRNRNRNRNRNRNRNRNRNRNRNRNRNRNRNRNRNRNRNRNRNRNRNRNRNRNRNRNR  Balasore38 41457511910996734554NR205176NR1981635924028132522NRNR43NR43936185672409528402711422330  Baripada36 374281120115101784854NR182155NR187154602392612221535NR5148519170657802310139363113531733  Balangir35 37408012011898804554NR198138NR19516555NR30152210NRNR39NR44906955784258335402716402544  Angul35 NR4891124112112864755NR196174NR198NR50NR27132110435839534387NR5983288956373014582027  BoudhgarhNR NRNRNRNRNRNRNRNRNRNRNRNRNRNRNRNRNRNRNRNRNRNRNRNRNRNRNRNRNRNRNRNRNRNRNRNRNRNRNR  Dhenkanal39 35447511310799754654NR198142NR203148604302911252050NR395045907105890408340302012502540  Jagatsinghpur40 40458012098105855058NR198184NR1981216024029162020NRNR38NR421026615880408440322116602235  Kandhamal38 434980132123115824558NR200172NR18813756NR30192627NRNR434345927145973389036332710422145  KeonjharNR NRNRNRNRNRNRNRNRNRNRNRNRNRNRNRNRNRNRNRNRNRNRNRNRNRNRNRNRNRNRNRNRNRNRNRNRNRNRNR  MalkangiriNR NRNRNRNRNRNRNRNRNRNRNRNRNRNRNRNRNRNRNRNRNRNRNRNRNRNRNRNRNRNRNRNRNRNRNRNRNRNRNR  NabarangpurNR NRNRNRNRNRNRNRNRNRNRNRNRNRNRNRNRNRNRNRNRNRNRNRNRNRNRNRNRNRNRNRNRNRNRNRNRNRNRNR  NayagarhNR NRNRNRNRNRNRNRNRNRNRNRNRNRNRNRNRNRNRNRNRNRNRNRNRNRNRNRNRNRNRNRNRNRNRNRNRNRNRNR  NuapadaNR NRNRNRNRNRNRNRNRNRNRNRNRNRNRNRNRNRNRNRNRNRNRNRNRNRNRNRNRNRNRNRNRNRNRNRNRNRNRNR  Paralakhemundi Gajapati51 3545851141151099845NR19219416113815612455263271925135154435744756857674289827312012492326  Puri39 NR4380119112106844754NR193153NR1811445728325142117NRNR40NR44956735979378332402514471931  Rayagada41 435085120120109804560203197146NR19213658NR30172510NRNR484050806905872408234352413502540  SonepurNR NRNRNRNRNRNRNRNRNRNRNRNRNRNRNRNRNRNRNRNRNRNRNRNRNRNRNRNRNRNRNRNRNRNRNRNRNRNRNR  BhadrakNR NRNRNRNRNRNRNRNRNRNRNRNRNRNRNRNRNRNRNRNRNRNRNRNRNRNRNRNRNRNRNRNRNRNRNRNRNRNRNR  JharsugudaNR NRNRNRNRNRNRNRNRNRNRNRNRNRNRNRNRNRNRNRNRNRNRNRNRNRNRNRNRNRNRNRNRNRNRNRNRNRNRNR  Kendrapara39 384585129104109854554NR195NRNR1871575627528132318NRNR425743886995981248329382315552040  JajpurNR NRNRNRNRNRNRNRNRNRNRNRNRNRNRNRNRNRNRNRNRNRNRNRNRNRNRNRNRNRNRNRNRNRNRNRNRNRNRNR  Kalahandi42 374986121118110854854NR203157NR1701335443030162520NRNR413749101753NR84288427322813402540  West BengalKolkataNR NRNRNRNRNRNRNRNRNRNRNRNRNRNRNRNRNRNRNRNRNRNRNRNRNRNRNRNRNRNRNRNRNRNRNRNRNRNRNR  SiliguriNR NRNRNRNRNRNRNRNRNRNRNRNRNRNRNRNRNRNRNRNRNRNRNRNRNRNRNRNRNRNRNRNRNRNRNRNRNRNRNR  PuruliaNR NRNRNRNRNRNRNRNRNRNRNRNRNRNRNRNRNRNRNRNRNRNRNRNRNRNRNRNRNRNRNRNRNRNRNRNRNRNRNR  KharagpurNR NRNRNRNRNRNRNRNRNRNRNRNRNRNRNRNRNRNRNRNRNRNRNRNRNRNRNRNRNRNRNRNRNRNRNRNRNRNRNR  RampurhatNR NRNRNRNRNRNRNRNRNRNRNRNRNRNRNRNRNRNRNRNRNRNRNRNRNRNRNRNRNRNRNRNRNRNRNRNRNRNRNR  MaldaNR NRNRNRNRNRNRNRNRNRNRNRNRNRNRNRNRNRNRNRNRNRNRNRNRNRNRNRNRNRNRNRNRNRNRNRNRNRNRNR  RaiganjNR NRNRNRNRNRNRNRNRNRNRNRNRNRNRNRNRNRNRNRNRNRNRNRNRNRNRNRNRNRNRNRNRNRNRNRNRNRNRNR  AlipurduarNR NRNRNRNRNRNRNRNRNRNRNRNRNRNRNRNRNRNRNRNRNRNRNRNRNRNRNRNRNRNRNRNRNRNRNRNRNRNRNR  AsansolNR NRNRNRNRNRNRNRNRNRNRNRNRNRNRNRNRNRNRNRNRNRNRNRNRNRNRNRNRNRNRNRNRNRNRNRNRNRNRNR  BalurghatNR NRNRNRNRNRNRNRNRNRNRNRNRNRNRNRNRNRNRNRNRNRNRNRNRNRNRNRNRNRNRNRNRNRNRNRNRNRNRNR  BankuraNR NRNRNRNRNRNRNRNRNRNRNRNRNRNRNRNRNRNRNRNRNRNRNRNRNRNRNRNRNRNRNRNRNRNRNRNRNRNRNR  BarasatNR NRNRNRNRNRNRNRNRNRNRNRNRNRNRNRNRNRNRNRNRNRNRNRNRNRNRNRNRNRNRNRNRNRNRNRNRNRNRNR  Bardhaman52 NR408112012011611148582331821571371861316031228102118NRNR39NR46997006165369139322714592034  BaruipurNR NRNRNRNRNRNRNRNRNRNRNRNRNRNRNRNRNRNRNRNRNRNRNRNRNRNRNRNRNRNRNRNRNRNRNRNRNRNRNR  BerhamporeNR NRNRNRNRNRNRNRNRNRNRNRNRNRNRNRNRNRNRNRNRNRNRNRNRNRNRNRNRNRNRNRNRNRNRNRNRNRNRNR  ChinsurahNR NRNRNRNRNRNRNRNRNRNRNRNRNRNRNRNRNRNRNRNRNRNRNRNRNRNRNRNRNRNRNRNRNRNRNRNRNRNRNR  Cooch beharNR NRNRNRNRNRNRNRNRNRNRNRNRNRNRNRNRNRNRNRNRNRNRNRNRNRNRNRNRNRNRNRNRNRNRNRNRNRNRNR  HowrahNR NRNRNRNRNRNRNRNRNRNRNRNRNRNRNRNRNRNRNRNRNRNRNRNRNRNRNRNRNRNRNRNRNRNRNRNRNRNRNR  JalapiguriNR NRNRNRNRNRNRNRNRNRNRNRNRNRNRNRNRNRNRNRNRNRNRNRNRNRNRNRNRNRNRNRNRNRNRNRNRNRNRNR  JhargramNR NRNRNRNRNRNRNRNRNRNRNRNRNRNRNRNRNRNRNRNRNRNRNRNRNRNRNRNRNRNRNRNRNRNRNRNRNRNRNR  KalimpongNR NRNRNRNRNRNRNRNRNRNRNRNRNRNRNRNRNRNRNRNRNRNRNRNRNRNRNRNRNRNRNRNRNRNRNRNRNRNRNR  KrishnagarNR NRNRNRNRNRNRNRNRNRNRNRNRNRNRNRNRNRNRNRNRNRNRNRNRNRNRNRNRNRNRNRNRNRNRNRNRNRNRNR  TamlukNR NRNRNRNRNRNRNRNRNRNRNRNRNRNRNRNRNRNRNRNRNRNRNRNRNRNRNRNRNRNRNRNRNRNRNRNRNRNRNR  NORTH EAST ZONENORTH EAST ZONE  Andaman and NicobarPort BlairNR NRNRNRNRNRNRNRNRNRNRNRNRNRNRNRNRNRNRNRNRNRNRNRNRNRNRNRNRNRNRNRNRNRNRNRNRNRNRNR  MayabunderNR NRNRNRNRNRNRNRNRNRNRNRNRNRNRNRNRNRNRNRNRNRNRNRNRNRNRNRNRNRNRNRNRNRNRNRNRNRNRNR  Car NicobarNR NRNRNRNRNRNRNRNRNRNRNRNRNRNRNRNRNRNRNRNRNRNRNRNRNRNRNRNRNRNRNRNRNRNRNRNRNRNRNR  Arunachal pradeshItanagarNR NRNRNRNRNRNRNRNRNRNRNRNRNRNRNRNRNRNRNRNRNRNRNRNRNRNRNRNRNRNRNRNRNRNRNRNRNRNRNR  NamsaiNR NRNRNRNRNRNRNRNRNRNRNRNRNRNRNRNRNRNRNRNRNRNRNRNRNRNRNRNRNRNRNRNRNRNRNRNRNRNRNR  Pasighat53 NR509311397931136080176220165172169NR9040020305080NRNR50NR5783723591006010070784315604867  Tawang45 4545100142140137985773NR208120137165NR10034020414050NRNR42NR539368457125709828833028733143  TezuNR NRNRNRNRNRNRNRNRNRNRNRNRNRNRNRNRNRNRNRNRNRNRNRNRNRNRNRNRNRNRNRNRNRNRNRNRNRNRNR  AssamGuwahati39 33417611995958149702161931761701921596022013142430NRNR42NR44NRNRNR8440NR37NR2219762243  Barpeta32 413878106969678507419820513915919216356155101222225043439752837366383238334332718582027  TinsukiaNR NRNRNRNRNRNRNRNRNRNRNRNRNRNRNRNRNRNRNRNRNRNRNRNRNRNRNRNRNRNRNRNRNRNRNRNRNRNRNR  Dhubri33 NR3577126NR107814775NR209162154167121621801010203050653665501107476084307030402015572030  GoalparaNR NRNRNRNRNRNRNRNRNRNRNRNRNRNRNRNRNRNRNRNRNRNRNRNRNRNRNRNRNRNRNRNRNRNRNRNRNRNRNR  GolaghatNR NRNRNRNRNRNRNRNRNRNRNRNRNRNRNRNRNRNRNRNRNRNRNRNRNRNRNRNRNRNRNRNRNRNRNRNRNRNRNR  Mangaldai45 33337811095104844770NR1811451411601646026011162930NRNR36NR38NRNRNR8020NRNRNR3017652340  Mushalpur39 38369112295113904974NR2091491591591405124310142929NRNR38NR53828206089308529NR2520572429  Udalguri40 NR409812396112884875NR188NR1591881435827210112946NRNR39NR3975687NR83378042NR2113533040  Bajali34 334090118105113904777164204NR1591831376336310152418NRNR3610345857956298309061603225701725  Hojai35 NR38831139994834762NR2001481391751526724811122820NRNR39NR42706705884307833402811422234  Jorhat40 36398211411410510050741812031601481601326020812122440NRNR55NR5478714NR102408042423012532035  Bongaigaon43 NR358311897110904770NR184152150165NR6032210142525NRNR37NR6076NRNR9030NR40NR3018552040  Morigaon40 4040851281201101004865192187161154160137652351015283050NR41NR501057256086408045372515702040  SonariNR NRNRNRNRNRNRNRNRNRNRNRNRNRNRNRNRNRNRNRNRNRNRNRNRNRNRNRNRNRNRNRNRNRNRNRNRNRNRNR  Tamulpur36 373785123112111894876NR185145138NR1175724710152930NRNR37NR4073710NR7522NRNRNR2512482530  SivasagarNR NRNRNRNRNRNRNRNRNRNRNRNRNRNRNRNRNRNRNRNRNRNRNRNRNRNRNRNRNRNRNRNRNRNRNRNRNRNRNR  Biswanath CharialiNR NRNRNRNRNRNRNRNRNRNRNRNRNRNRNRNRNRNRNRNRNRNRNRNRNRNRNRNRNRNRNRNRNRNRNRNRNRNRNR  Dibrugarh35 NR3781131124105954975NR195150177204NR5822313132630NRNR38NR57887665884458040433013522042  Karimganj38 NR4082112120103804875NR196NR131197NR7023814192532NRNR40NR63130NR588847NR38NR2615472740  Majuli34 384392121911131005070NR190NR138NRNR6026015162944NRNR40NR42113NRNR84407045NR3515403040  Sonitpur Tezpur37 304185115100110854769163NR1761521681244931010212947NRNR40NR45807496284409650603017802040  Haflong36 NR4590120NR115905075NR168NR132168NR8027015203040NRNR45NR459075858904010040402518801640  AS-LakhimpurNR NRNRNRNRNRNRNRNRNRNRNRNRNRNRNRNRNRNRNRNRNRNRNRNRNRNRNRNRNRNRNRNRNRNRNRNRNRNRNR  Diphu38 NR3982NR110110874975NR204NR149NR12593253131730354050416570826816090208145412613601741  Nalbari38 NR408512595110854870NR2091451651761285529710153040NRNR40NR40808206296308043503015703525  South Salmara MankacharNR NRNRNRNRNRNRNRNRNRNRNRNRNRNRNRNRNRNRNRNRNRNRNRNRNRNRNRNRNRNRNRNRNRNRNRNRNRNRNR  KamrupNR NRNRNRNRNRNRNRNRNRNRNRNRNRNRNRNRNRNRNRNRNRNRNRNRNRNRNRNRNRNRNRNRNRNRNRNRNRNRNR  ManipurImphalNR NRNRNRNRNRNRNRNRNRNRNRNRNRNRNRNRNRNRNRNRNRNRNRNRNRNRNRNRNRNRNRNRNRNRNRNRNRNRNR  ChandelNR NRNRNRNRNRNRNRNRNRNRNRNRNRNRNRNRNRNRNRNRNRNRNRNRNRNRNRNRNRNRNRNRNRNRNRNRNR JiribamNR NRNRNRNRNRNRNRNRNRNRNRNRNRNRNRNRNRNRNRNRNRNRNRNRNRNRNRNRNRNRNRNRNRNRNRNRNRNRNR  KangpokpiNR NRNRNRNRNRNRNRNRNRNRNRNRNRNRNRNRNRNRNRNRNRNRNRNRNRNRNRNRNRNRNRNRNRNRNRNRNRNRNR  SenapatiNR NRNRNRNRNRNRNRNRNRNRNRNRNRNRNRNRNRNRNRNRNRNRNRNRNRNRNRNRNRNRNRNRNRNRNRNRNRNRNR  TamenglongNR NRNRNRNRNRNRNRNRNRNRNRNRNRNRNRNRNRNRNRNRNRNRNRNRNRNRNRNRNRNRNRNRNRNRNRNRNR ThoubalNR NRNRNRNRNRNRNRNRNRNRNRNRNRNRNRNRNRNRNRNRNRNRNRNRNRNRNRNRNRNRNRNRNRNRNRNRNRNRNR  UkhrulNR NRNRNRNRNRNRNRNRNRNRNRNRNRNRNRNRNRNRNRNRNRNRNRNRNRNRNRNRNRNRNRNRNRNRNRNRNRNRNR  ChurachandpurNR NRNRNRNRNRNRNRNRNRNRNRNRNRNRNRNRNRNRNRNRNRNRNRNRNRNRNRNRNRNRNRNRNRNRNRNRNRNRNR  KakchingNR NRNRNRNRNRNRNRNRNRNRNRNRNRNRNRNRNRNRNRNRNRNRNRNRNRNRNRNRNRNRNRNRNRNRNRNRNRNRNR  MeghalayaShillongNR NRNRNRNRNRNRNRNRNRNRNRNRNRNRNRNRNRNRNRNRNRNRNRNRNRNRNRNRNRNRNRNRNRNRNRNRNRNRNR  TuraNR NRNRNRNRNRNRNRNRNRNRNRNRNRNRNRNRNRNRNRNRNRNRNRNRNRNRNRNRNRNRNRNRNRNRNRNRNRNRNR  Jowai37 393990NRNR120875075NR143NR143NRNR8036015203240NRNR39NR39876815878408050403016702050  SohraNR NRNRNRNRNRNRNRNRNRNRNRNRNRNRNRNRNRNRNRNRNRNRNRNRNRNRNRNRNRNRNRNRNRNRNRNRNRNRNR  MairangNR NRNRNRNRNRNRNRNRNRNRNRNRNRNRNRNRNRNRNRNRNRNRNRNRNRNRNRNRNRNRNRNRNRNRNRNRNRNRNR  NongpohNR NRNRNRNRNRNRNRNRNRNRNRNRNRNRNRNRNRNRNRNRNRNRNRNRNRNRNRNRNRNRNRNRNRNRNRNRNRNRNR  Khliehriat38 393997130NR115854976NR141NR143NRNRNR31330223542NRNR40NR44737435976437758422815732042  WilliamnagarNR NRNRNRNRNRNRNRNRNRNRNRNRNRNRNRNRNRNRNRNRNRNRNRNRNRNRNRNRNRNRNRNRNRNRNRNRNRNRNR  NongstoinNR NRNRNRNRNRNRNRNRNRNRNRNRNRNRNRNRNRNRNRNRNRNRNRNRNRNRNRNRNRNRNRNRNRNRNRNRNRNRNR  MawkyrwatNR NRNRNRNRNRNRNRNRNRNRNRNRNRNRNRNRNRNRNRNRNRNRNRNRNRNRNRNRNRNRNRNRNRNRNRNRNRNRNR  MizoramAizawlNR NRNRNRNRNRNRNRNRNRNRNRNRNRNRNRNRNRNRNRNRNRNRNRNRNRNRNRNRNRNRNRNRNRNRNRNRNRNRNR  Lunglei50 40501251801801481105580NR247220125205137100485304055107NRNR50NR5011267660100609575603020803070  Kolasib50 404595130140140935580NR224NR13218712410048330303780NR4045NR7012072560906098100803635503070  MamitNR NRNRNRNRNRNRNRNRNRNRNRNRNRNRNRNRNRNRNRNRNRNRNRNRNRNRNRNRNRNRNRNRNRNRNRNRNRNRNR  ChamphaiNR NRNRNRNRNRNRNRNRNRNRNRNRNRNRNRNRNRNRNRNRNRNRNRNRNRNRNRNRNRNRNRNRNRNRNRNRNRNRNR  SerchhipNR NRNRNRNRNRNRNRNRNRNRNRNRNRNRNRNRNRNRNRNRNRNRNRNRNRNRNRNRNRNRNRNRNRNRNRNRNRNRNR  SiahaNR NRNRNRNRNRNRNRNRNRNRNRNRNRNRNRNRNRNRNRNRNRNRNRNRNRNRNRNRNRNRNRNRNRNRNRNRNRNRNR  Lawngtlai50 45501001601401401005080NR242NR143NR121110480304060120NRNR50NR801406606010080100NR9060401003070  Hnahthial53 4550NR1471501331035282NR257NR132NRNR12050030354397NRNR50NR90140659601046593NR905020752570  Khawzawl43 43481071601301351105080NR22014513714313213346030335583NRNR46NR671256306098579223725333772843  SaitualNR NRNRNRNRNRNRNRNRNRNRNRNRNRNRNRNRNRNRNRNRNRNRNRNRNRNRNRNRNRNRNRNRNRNRNRNRNRNRNR  NagalandKohimaNR NRNRNRNRNRNRNRNRNRNRNRNRNRNRNRNRNRNRNRNRNRNRNRNRNRNRNRNRNRNRNRNRNRNRNRNRNRNRNR  DimapurNR NRNRNRNRNRNRNRNRNRNRNRNRNRNRNRNRNRNRNRNRNRNRNRNRNRNRNRNRNRNRNRNRNRNRNRNRNRNRNR  TuensangNR NRNRNRNRNRNRNRNRNRNRNRNRNRNRNRNRNRNRNRNRNRNRNRNRNRNRNRNRNRNRNRNRNRNRNRNRNRNRNR  MokochungNR NRNRNRNRNRNRNRNRNRNRNRNRNRNRNRNRNRNRNRNRNRNRNRNRNRNRNRNRNRNRNRNRNRNRNRNRNRNRNR  ChumukedimaNR NRNRNRNRNRNRNRNRNRNRNRNRNRNRNRNRNRNRNRNRNRNRNRNRNRNRNRNRNRNRNRNRNRNRNRNRNRNRNR  MonNR NRNRNRNRNRNRNRNRNRNRNRNRNRNRNRNRNRNRNRNRNRNRNRNRNRNRNRNRNRNRNRNRNRNRNRNRNRNRNR  PerenNR NRNRNRNRNRNRNRNRNRNRNRNRNRNRNRNRNRNRNRNRNRNRNRNRNRNRNRNRNRNRNRNRNRNRNRNRNRNRNR  PhekNR NRNRNRNRNRNRNRNRNRNRNRNRNRNRNRNRNRNRNRNRNRNRNRNRNRNRNRNRNRNRNRNRNRNRNRNRNRNRNR  TseminyuNR NRNRNRNRNRNRNRNRNRNRNRNRNRNRNRNRNRNRNRNRNRNRNRNRNRNRNRNRNRNRNRNRNRNRNRNRNRNRNR  WokhaNR NRNRNRNRNRNRNRNRNRNRNRNRNRNRNRNRNRNRNRNRNRNRNRNRNRNRNRNRNRNRNRNRNRNRNRNRNRNRNR  ZunhebotoNR NRNRNRNRNRNRNRNRNRNRNRNRNRNRNRNRNRNRNRNRNRNRNRNRNRNRNRNRNRNRNRNRNRNRNRNRNRNRNR  KiphireNR NRNRNRNRNRNRNRNRNRNRNRNRNRNRNRNRNRNRNRNRNRNRNRNRNRNRNRNRNRNRNRNRNRNRNRNRNRNRNR  LonglengNR NRNRNRNRNRNRNRNRNRNRNRNRNRNRNRNRNRNRNRNRNRNRNRNRNRNRNRNRNRNRNRNRNRNRNRNRNRNRNR  NiulandNR NRNRNRNRNRNRNRNRNRNRNRNRNRNRNRNRNRNRNRNRNRNRNRNRNRNRNRNRNRNRNRNRNRNRNRNRNRNRNR  ShamatorNR NRNRNRNRNRNRNRNRNRNRNRNRNRNRNRNRNRNRNRNRNRNRNRNRNRNRNRNRNRNRNRNRNRNRNRNRNRNRNR  NoklakNR NRNRNRNRNRNRNRNRNRNRNRNRNRNRNRNRNRNRNRNRNRNRNRNRNRNRNRNRNRNRNRNRNRNRNRNRNRNRNR  SikkimGangtokNR NRNRNRNRNRNRNRNRNRNRNRNRNRNRNRNRNRNRNRNRNRNRNRNRNRNRNRNRNRNRNRNRNRNRNRNRNRNRNR  GyalshingNR NRNRNRNRNRNRNRNRNRNRNRNRNRNRNRNRNRNRNRNRNRNRNRNRNRNRNRNRNRNRNRNRNRNRNRNRNRNRNR  NamchiNR NRNRNRNRNRNRNRNRNRNRNRNRNRNRNRNRNRNRNRNRNRNRNRNRNRNRNRNRNRNRNRNRNRNRNRNRNRNRNR  SorengNR NRNRNRNRNRNRNRNRNRNRNRNRNRNRNRNRNRNRNRNRNRNRNRNRNRNRNRNRNRNRNRNRNRNRNRNRNRNRNR  ManganNR NRNRNRNRNRNRNRNRNRNRNRNRNRNRNRNRNRNRNRNRNRNRNRNRNRNRNRNRNRNRNRNRNRNRNRNRNRNRNR  PakyongNR NRNRNRNRNRNRNRNRNRNRNRNRNRNRNRNRNRNRNRNRNRNRNRNRNRNRNRNRNRNRNRNRNRNRNRNRNRNRNR  TripuraAgartalaNR NRNRNRNRNRNRNRNRNRNRNRNRNRNRNRNRNRNRNRNRNRNRNRNRNRNRNRNRNRNRNRNRNRNRNRNRNRNRNR  DharmanagarNR NRNRNRNRNRNRNRNRNRNRNRNRNRNRNRNRNRNRNRNRNRNRNRNRNRNRNRNRNRNRNRNRNRNRNRNRNRNRNR  BeloniaNR NRNRNRNRNRNRNRNRNRNRNRNRNRNRNRNRNRNRNRNRNRNRNRNRNRNRNRNRNRNRNRNRNRNRNRNRNRNRNR  TR-UdaipurNR NRNRNRNRNRNRNRNRNRNRNRNRNRNRNRNRNRNRNRNRNRNRNRNRNRNRNRNRNRNRNRNRNRNRNRNRNRNRNR  Ambassa38 NR40901301309211551NRNR194NR151176NR55190101725206575428550736595790268043402815252735  SOUTH ZONESOUTH ZONE  Andhra PradeshVijaywadaNR NRNRNRNRNRNRNRNRNRNRNRNRNRNRNRNRNRNRNRNRNRNRNRNRNRNRNRNRNRNRNRNRNRNRNRNRNRNRNR  Visakhapatnam46 414377119122110804658190198138NR17914358250161420124042454845857256059298935352015502040  Kurnool49 40437811211010888NRNR182198132126182130NRNRNR282083638424840907476060108535352212243050  TirupathiNR NRNRNRNRNRNRNRNRNRNRNRNRNRNRNRNRNRNRNRNRNRNRNRNRNRNRNRNRNRNRNRNRNRNRNRNRNRNRNR  JammalamaduguNR NRNRNRNRNRNRNRNRNRNRNRNRNRNRNRNRNRNRNRNRNRNRNRNRNRNRNRNRNRNRNRNRNRNRNRNRNR DharmavaramNR NRNRNRNRNRNRNRNRNRNRNRNRNRNRNRNRNRNRNRNRNRNRNRNRNRNRNRNRNRNRNRNRNRNRNRNRNR OngoleNR NRNRNRNRNRNRNRNRNRNRNRNRNRNRNRNRNRNRNRNRNRNRNRNRNRNRNRNRNRNRNRNRNRNRNRNRNRNRNR  BapatlaNR NRNRNRNRNRNRNRNRNRNRNRNRNRNRNRNRNRNRNRNRNRNRNRNRNRNRNRNRNRNRNRNRNRNRNRNRNRNRNR  RajahmundryNR NRNRNRNRNRNRNRNRNRNRNRNRNRNRNRNRNRNRNRNRNRNRNRNRNRNRNRNRNRNRNRNRNRNRNRNRNRNRNR  EluruNR NRNRNRNRNRNRNRNRNRNRNRNRNRNRNRNRNRNRNRNRNRNRNRNRNRNRNRNRNRNRNRNRNRNRNRNRNRNRNR  GunturNR NRNRNRNRNRNRNRNRNRNRNRNRNRNRNRNRNRNRNRNRNRNRNRNRNRNRNRNRNRNRNRNRNRNRNRNRNRNRNR  AmalapuramNR NRNRNRNRNRNRNRNRNRNRNRNRNRNRNRNRNRNRNRNRNRNRNRNRNRNRNRNRNRNRNRNRNRNRNRNRNRNRNR  Nandyala55 43417611610510892445818821113915419214656262153621113338415043836766160318340382915261630  ParvathipuramNR NRNRNRNRNRNRNRNRNRNRNRNRNRNRNRNRNRNRNRNRNRNRNRNRNRNRNRNRNRNRNRNRNRNRNRNRNRNRNR  Sri Sathya SaiNR NRNRNRNRNRNRNRNRNRNRNRNRNRNRNRNRNRNRNRNRNRNRNRNRNRNRNRNRNRNRNRNRNRNRNRNRNRNRNR  NelloreNR NRNRNRNRNRNRNRNRNRNRNRNRNRNRNRNRNRNRNRNRNRNRNRNRNRNRNRNRNRNRNRNRNRNRNRNRNRNRNR  SrikakulamNR NRNRNRNRNRNRNRNRNRNRNRNRNRNRNRNRNRNRNRNRNRNRNRNRNRNRNRNRNRNRNRNRNRNRNRNRNRNRNR  VizianagaramNR NRNRNRNRNRNRNRNRNRNRNRNRNRNRNRNRNRNRNRNRNRNRNRNRNRNRNRNRNRNRNRNRNRNRNRNRNRNRNR  AnakapalliNR NRNRNRNRNRNRNRNRNRNRNRNRNRNRNRNRNRNRNRNRNRNRNRNRNRNRNRNRNRNRNRNRNRNRNRNRNRNRNR  BhimavaramNR NRNRNRNRNRNRNRNRNRNRNRNRNRNRNRNRNRNRNRNRNRNRNRNRNRNRNRNRNRNRNRNRNRNRNRNRNRNRNR  ChittoorNR NRNRNRNRNRNRNRNRNRNRNRNRNRNRNRNRNRNRNRNRNRNRNRNRNRNRNRNRNRNRNRNRNRNRNRNRNRNRNR  KakinadaNR NRNRNRNRNRNRNRNRNRNRNRNRNRNRNRNRNRNRNRNRNRNRNRNRNRNRNRNRNRNRNRNRNRNRNRNRNRNRNR  MachilipatnamNR NRNRNRNRNRNRNRNRNRNRNRNRNRNRNRNRNRNRNRNRNRNRNRNRNRNRNRNRNRNRNRNRNRNRNRNRNRNRNR  NarasaraopetaNR NRNRNRNRNRNRNRNRNRNRNRNRNRNRNRNRNRNRNRNRNRNRNRNRNRNRNRNRNRNRNRNRNRNRNRNRNRNRNR  PaderuNR NRNRNRNRNRNRNRNRNRNRNRNRNRNRNRNRNRNRNRNRNRNRNRNRNRNRNRNRNRNRNRNRNRNRNRNRNRNRNR  RayachotiNR NRNRNRNRNRNRNRNRNRNRNRNRNRNRNRNRNRNRNRNRNRNRNRNRNRNRNRNRNRNRNRNRNRNRNRNRNRNRNR  AnantapuramuNR NRNRNRNRNRNRNRNRNRNRNRNRNRNRNRNRNRNRNRNRNRNRNRNRNRNRNRNRNRNRNRNRNRNRNRNRNRNRNR  YSR KadapaNR NRNRNRNRNRNRNRNRNRNRNRNRNRNRNRNRNRNRNRNRNRNRNRNRNRNRNRNRNRNRNRNRNRNRNRNRNRNRNR  KarnatakaBengaluru48 42428011211811082465118121613515219115058250162222194044425146927625981377739362815393133  Dharwad44 42448012312810484435417817112414316714144268262830254845465646887695570507830433315342838  Mangalore52 43448312212911188435520919915317018814653198143124283955444747887645981478334362517622142  Mysore48 475484120119112964348210218185169186155573632225242244564450437871756603810136332818752740  Bengaluru (East Range)48 45459012311911788455019422314016119515561262183125194648445245907516081458232422418502535  Belagavi45 41438111411810486435420018113518420214846258162726225149414343817695486418029592314342726  Kalaburagi53 41448511612011990445317716616812918713750206153524144041404945917146057547134582316501540  Tumakuru53 434490108128105108445421022014916718614748232213128134753465045827545966369029422315502840  Bellary47 44428711812010888445421420314115017515453308242920143840404743977405675227728342618502830  Dhavanagere52 44508212111511086465320120813214819215455297272521154155435545877655573417137422216311827  Shivamogga55 424593135129117117445418818714813618813350240251916164852464952987295681258032402815362025  Vijayapur55 46479211712211790425423221915418418813748243142720193541425543877696387599044443812482745  Ramanagara41 43448711411810590444817721413314218614250193152829234544474243907456279409033502115502732  RaichurNR NRNRNRNRNRNRNRNRNRNRNRNRNRNRNRNRNRNRNRNRNRNRNRNRNRNRNRNRNRNRNRNRNRNRNRNRNRNRNR  Chamarajanagar53 424610012011810698424821821114812118613841190182726224757564856947145668439336744217713338  Kolar45 404491123118121964452209213163170192150552541427211742424845431027136071348532413615372038  Haveri50 42458012012011090435818118716517618113244242153025154245424542857056078358030403015352530  Bagalkot46 44448411413611895445319417811815213411647245203527285246395243767565880485827373523582627  Bidar59 41418111811810884446119118814115417715762267162719174343435843877016186638829392919582338  Koppal44 42439011712011393455418817613915318115445237153020143544424643947045880379035352515502528  Mandya45 41458511112912098444621523214417019013760251152519154046444643957145666308129382915401633  Yadgir45 45458011012010585445519818716515418714248195152525103949444444947695574406428352521452040  Chikkamagalur47 41458911712311189455418119715114816013150198162525204546464847957046174438738342416452039  Bangalore Rural46 43538812012210787465021218112915217913456254172722204945484552987185772228136502420362136  Chikkaballapur50 48458711811811592445122920715117419415654288152924254042454345987405982288830422214332942  ChitradurgaNR NRNRNRNRNRNRNRNRNRNRNRNRNRNRNRNRNRNRNRNRNRNRNRNRNRNRNRNRNRNRNRNRNRNRNRNRNRNRNR  Gadag52 43468311713411491445221618513313416014746241192725173343424842937126172619034323920342632  Hassan49 43519512512911591475422319915015319515860239252020324244504750957276071327940322813401530  Kodagu49 44468711711911391465420118614514917013856249192726213843474747957705573477829372416632140  Udupi46 475099116121111101474820720016518117318253222223328314344464749947086288528342603522633337  Uttara Kannada47 47449612313012099474822619617517919813755280203030254548425244997695859559038403920412540  Vijayanagara47 444380118122113904451193199137NR18113746216152722153448444944977365965348536332715451929  KeralaT.PuramNR NRNRNRNRNRNRNRNRNRNRNRNRNRNRNRNRNRNRNRNRNRNRNRNRNRNRNRNRNRNRNRNRNRNRNRNRNRNRNR  ErnakulamNR NRNRNRNRNRNRNRNRNRNRNRNRNRNRNRNRNRNRNRNRNRNRNRNRNRNRNRNRNRNRNRNRNRNRNRNRNRNRNR  KozhikodeNR NRNRNRNRNRNRNRNRNRNRNRNRNRNRNRNRNRNRNRNRNRNRNRNRNRNRNRNRNRNRNRNRNRNRNRNRNRNRNR  ThrissurNR NRNRNRNRNRNRNRNRNRNRNRNRNRNRNRNRNRNRNRNRNRNRNRNRNRNRNRNRNRNRNRNRNRNRNRNRNRNRNR  PalakkadNR NRNRNRNRNRNRNRNRNRNRNRNRNRNRNRNRNRNRNRNRNRNRNRNRNRNRNRNRNRNRNRNRNRNRNRNRNRNRNR  WayanadNR NRNRNRNRNRNRNRNRNRNRNRNRNRNRNRNRNRNRNRNRNRNRNRNRNRNRNRNRNRNRNRNRNRNRNRNRNRNRNR  KasargodNR NRNRNRNRNRNRNRNRNRNRNRNRNRNRNRNRNRNRNRNRNRNRNRNRNRNRNRNRNRNRNRNRNRNRNRNRNRNRNR  KottayamNR NRNRNRNRNRNRNRNRNRNRNRNRNRNRNRNRNRNRNRNRNRNRNRNRNRNRNRNRNRNRNRNRNRNRNRNRNRNRNR  PathanamthittaNR NRNRNRNRNRNRNRNRNRNRNRNRNRNRNRNRNRNRNRNRNRNRNRNRNRNRNRNRNRNRNRNRNRNRNRNRNRNRNR  AlapuzhaNR NRNRNRNRNRNRNRNRNRNRNRNRNRNRNRNRNRNRNRNRNRNRNRNRNRNRNRNRNRNRNRNRNRNRNRNRNRNRNR  KollamNR NRNRNRNRNRNRNRNRNRNRNRNRNRNRNRNRNRNRNRNRNRNRNRNRNRNRNRNRNRNRNRNRNRNRNRNRNRNRNR  IdukkiNR NRNRNRNRNRNRNRNRNRNRNRNRNRNRNRNRNRNRNRNRNRNRNRNRNRNRNRNRNRNRNRNRNRNRNRNRNRNRNR  KannurNR NRNRNRNRNRNRNRNRNRNRNRNRNRNRNRNRNRNRNRNRNRNRNRNRNRNRNRNRNRNRNRNRNRNRNRNRNRNRNR  MalapuramNR NRNRNRNRNRNRNRNRNRNRNRNRNRNRNRNRNRNRNRNRNRNRNRNRNRNRNRNRNRNRNRNRNRNRNRNRNRNRNR  PuducherryPuducherryNR NRNRNRNRNRNRNRNRNRNRNRNRNRNRNRNRNRNRNRNRNRNRNRNRNRNRNRNRNRNRNRNRNRNRNRNRNRNRNR  Tamil NaduChennai58 434276128118118854540202227167NR18815463282273330234250474949879086265438536373014502940  Madurai58 476883133124111924645209206194NR182161642633034291934375953511177596770378737432414502137  DindigulNR NRNRNRNRNRNRNRNRNRNRNRNRNRNRNRNRNRNRNRNRNRNRNRNRNRNRNRNRNRNRNRNRNRNRNRNRNRNRNR  ThiruchirapalliNR NRNRNRNRNRNRNRNRNRNRNRNRNRNRNRNRNRNRNRNRNRNRNRNRNRNRNRNRNRNRNRNRNRNRNRNRNRNRNR  Coimbatore53 444482130121111794540222189166NR190157562672741242536515051541057806063448541382814492545  Tirunelveli47 515291121121105834445225200171NR17814151267262725214046525152987827071318133332514442031  Cuddalore54 504586135130121964550176198182NR181132602932728241733524850501016915858218431332213412732  Dharmapuri54 444278135124110784443217NR143NR188151542752628221941484848491106907262207838322414452243  VelloreNR NRNRNRNRNRNRNRNRNRNRNRNRNRNRNRNRNRNRNRNRNRNRNRNRNRNRNRNRNRNRNRNRNRNRNRNRNRNRNR  Ramanathapuram61 416677121121106894644230NR166NR188160562813143322641514751581177737473418145333014502329  ErodeNR NRNRNRNRNRNRNRNRNRNRNRNRNRNRNRNRNRNRNRNRNRNRNRNRNRNRNRNRNRNRNRNRNRNRNRNRNRNRNR  Karur54 536783133128109904547236211173NR188143612971737322340465852581066826568379633412722672343  Perambalur49 NR6791134130113884643200209170NR18515456NR2928302242615550561117475858268632382614482447  Pudukkottai54 456683131130114NR4740236NR178NR18614056NR2935252541504655521118336260259735382614602540  Sivagangai51 466793136133121924744255NR212NR192164572922943302338585854611107617264408340372915552833  Thanjavur53 4750921341301201004744228236182NR193147563002727271941504851481249007566449139393014522134  The nilgirisNR NRNRNRNRNRNRNRNRNRNRNRNRNRNRNRNRNRNRNRNRNRNRNRNRNRNRNRNRNRNRNRNRNRNRNRNRNRNRNR  Thoothukudi50 456580130130110904646220220181NR181159553201030301530456055621138576166308735362613452035  ViluppuramNR NRNRNRNRNRNRNRNRNRNRNRNRNRNRNRNRNRNRNRNRNRNRNRNRNRNRNRNRNRNRNRNRNRNRNRNRNRNRNR  Virudhunagar61 486681129123110864745233233183NR185166592932842372142535355531077295761408137321313622924  Kanniyakumari60 375380127125107764541204220179NR192158572582525221632393752401037696065258233282313252030  Namakkal63 476190130130118904544198215167NR19315256NR2633252041405149471136647156317934392512602360  Tiruvannamalai53 526085139128118884343218201167NR186148603102724251644584751571138396263438837472913482438  Tiruvarur62 486589119119119NR4444242186185NR16214053NR2030351546514851621227146560309039491820452425  Tiruppur53 4853101144134121804743217223167NR18915859265272424214452605561957256075358347412018571822  Tenkasi56 465982121119111NR4546228NR166NR17715560275303030253652565855987956466308841412613492140  Nagapattinam52 4967961291281231014744227240178NR18915656NR2529252048504953511178756466489439502915572437  Krishnagiri55 464186134129116894444208202155NR189154593152829251538404348451006155062369626402912531937  Ariyalur53 NR6590142125110904744220209172NR187163602932640351645455255521088356572429029491614552537  Kallakurichi47 496787131113112874645224214170NR19015059NR282523154050474549978797064188539342913382141  Kancheepuram55 516688135125119974544203203179NR19214872NR2833252042565253531087865366439038392814483040  Salem55 484895128121133994445212NR176NR17415248280NR3935224553455548837147068438342382516452732  Theni58 466184129125109854545219209161NR16713656285273028154055525752897917068209134322612502037  ChengalpattuNR NRNRNRNRNRNRNRNRNRNRNRNRNRNRNRNRNRNRNRNRNRNRNRNRNRNRNRNRNRNRNRNRNRNRNRNRNRNRNR  Mayiladuthurai60 506598140117113NR4545201203198NR194146603402730272045454650631139017060409235422514602242  RanipetNR NRNRNRNRNRNRNRNRNRNRNRNRNRNRNRNRNRNRNRNRNRNRNRNRNRNRNRNRNRNRNRNRNRNRNRNRNRNRNR  Tirupattur50 434785121119120904540195236166NR18813759310303730173139473246917696467408535372315502540  Tiruvallur55 446685128121119904540202208169NR18815163298274020193660595259987546072498031412113552435  TelanganaHyderabad49 40398612511510680445518120313717018114362253212723223560445244906045861408145312315502541  KarimnagarNR NRNRNRNRNRNRNRNRNRNRNRNRNRNRNRNRNRNRNRNRNRNRNRNRNRNRNRNRNRNRNRNRNRNRNRNRNRNRNR  WarangalNR NRNRNRNRNRNRNRNRNRNRNRNRNRNRNRNRNRNRNRNRNRNRNRNRNRNRNRNRNRNRNRNRNRNRNRNRNRNRNR  AdilabadNR NRNRNRNRNRNRNRNRNRNRNRNRNRNRNRNRNRNRNRNRNRNRNRNRNRNRNRNRNRNRNRNRNRNRNRNRNRNRNR  SuryapetNR NRNRNRNRNRNRNRNRNRNRNRNRNRNRNRNRNRNRNRNRNRNRNRNRNRNRNRNRNRNRNRNRNRNRNRNRNRNRNR  JadcherlaNR NRNRNRNRNRNRNRNRNRNRNRNRNRNRNRNRNRNRNRNRNRNRNRNRNRNRNRNRNRNRNRNRNRNRNRNRNRNRNR  KhammamNR NRNRNRNRNRNRNRNRNRNRNRNRNRNRNRNRNRNRNRNRNRNRNRNRNRNRNRNRNRNRNRNRNRNRNRNRNRNRNR  MedchalNR NRNRNRNRNRNRNRNRNRNRNRNRNRNRNRNRNRNRNRNRNRNRNRNRNRNRNRNRNRNRNRNRNRNRNRNRNRNRNR  NizamabadNR NRNRNRNRNRNRNRNRNRNRNRNRNRNRNRNRNRNRNRNRNRNRNRNRNRNRNRNRNRNRNRNRNRNRNRNRNRNRNR  SangareddyNR NRNRNRNRNRNRNRNRNRNRNRNRNRNRNRNRNRNRNRNRNRNRNRNRNRNRNRNRNRNRNRNRNRNRNRNRNRNRNR  KothagudemNR NRNRNRNRNRNRNRNRNRNRNRNRNRNRNRNRNRNRNRNRNRNRNRNRNRNRNRNRNRNRNRNRNRNRNRNRNRNRNR  LadakhLehNR NRNRNRNRNRNRNRNRNRNRNRNRNRNRNRNRNRNRNRNRNRNRNRNRNRNRNRNRNRNRNRNRNRNRNRNRNRNRNR  KargilNR NRNRNRNRNRNRNRNRNRNRNRNRNRNRNRNRNRNRNRNRNRNRNRNRNRNRNRNRNRNRNRNRNRNRNRNRNRNRNR  Commodity NameCommodity NameRiceRiceWheatAtta (Wheat)Gram DalTur/Arhar DalUrad DalMoong DalMasoor DalSugarMilk @Groundnut Oil (Packed)Mustard Oil (Packed)Vanaspati (Packed)Soya Oil (Packed)Sunflower Oil (Packed)Palm Oil (Packed)GurTea LooseSalt Pack (Iodised)PotatoOnionTomatoBajra(whole)Jowar(whole)Maida(wheat)Ragi(whole)Suji(whole)BesanDesi GheeButter(Pasteurised)EggsBrinjalBlack Pepper(whole)Coriander(whole)Cummin Seed(whole)Red Chillies(whole)Turmeric(powder)BananaGIngerGarlic  Average Price1Average Price142.09 31.5937.2783.87120.44117.1109.5787.545.8358.12198.25185.48155.83153.82181.25142.1655.66261.1321.9619.6224.1825.1737.6543.7941.0455.1244.3194.53679.2558.8477.536.5386.6536.6439.5927.9315.9146.7924.3335.62  Maximum Price1Maximum Price163 536812518018014811760822762572202092241851335003843601207275621039014090876125801321009060401005070  Minimum Price1Minimum Price127 202669949081694240160136118121125100391551051181526283131705104649105820231310231517  Modal Price1Modal Price140 28358012011811090455819818714815918813750250302020203540405540907145884408040402515402040  Source:- State civil supplies Dept.Note:- All India Consumption Weighted Average Prices of Oils w.e.f 23-Feb-2022 and Wheat and Atta w.e.f 25-Feb-2023 NR -> Not Reported Unit for Black Pepper (powder),Coriander (powder),Cummin Seed (powder),Red Chillies (powder),Turmeric (powder),Butter (Pasteurised) - Rs/100gm Unit for Eggs - Rs/Dozen Developed by:- National Informatics Centre(NIC)",,,,,,,,,,,,,,,,,,,,,,,,,,,,,,,,,,,,,,,,,,,2026-03-22
"Source:- State civil supplies Dept.Note:- All India Consumption Weighted Average Prices of Oils w.e.f 23-Feb-2022 and Wheat and Atta w.e.f 25-Feb-2023 NR -> Not Reported Unit for Black Pepper (powder),Coriander (powder),Cummin Seed (powder),Red Chillies (powder),Turmeric (powder),Butter (Pasteurised) - Rs/100gm Unit for Eggs - Rs/Dozen Developed by:- National Informatics Centre(NIC)",,,,,,,,,,,,,,,,,,,,,,,,,,,,,,,,,,,,,,,,,,,2026-03-22
Source:- State civil supplies Dept.,Note:- All India Consumption Weighted Average Prices of Oils w.e.f 23-Feb-2022 and Wheat and Atta w.e.f 25-Feb-2023,NR -> Not Reported,,,,,,,,,,,,,,,,,,,,,,,,,,,,,,,,,,,,,,,,,2026-03-22
"Unit for Black Pepper (powder),Coriander (powder),Cummin Seed (powder),Red Chillies (powder),Turmeric (powder),Butter (Pasteurised) - Rs/100gm","Unit for Black Pepper (powder),Coriander (powder),Cummin Seed (powder),Red Chillies (powder),Turmeric (powder),Butter (Pasteurised) - Rs/100gm",,,,,,,,,,,,,,,,,,,,,,,,,,,,,,,,,,,,,,,,,,2026-03-22
,Unit for Eggs - Rs/Dozen,,,,,,,,,,,,,,,,,,,,,,,,,,,,,,,,,,,,,,,,,,2026-03-22
Developed by:- National Informatics Centre(NIC),Developed by:- National Informatics Centre(NIC),,,,,,,,,,,,,,,,,,,,,,,,,,,,,,,,,,,,,,,,,,2026-03-22
,,,,,,,,,,,,,,,,,,,,,,,,,,,,,,,,,,,,,,,,,,,2026-03-22
