State,Centre,Rice,Broken Rice,Wheat,Atta (Wheat),Gram Dal,Tur/Arhar Dal,Urad Dal,Moong Dal,Masoor Dal,Sugar,Milk @,Groundnut Oil (Packed),Mustard Oil (Packed),Vanaspati (Packed),Soya Oil (Packed),Sunflower Oil (Packed),Palm Oil (Packed),Gur,Tea Loose,Salt Pack (Iodised),Potato,Onion,Tomato,Bajra (whole),Jowar (whole),Maida (wheat),Ragi (whole),Suji (whole),Besan,Desi Ghee,Butter (Pasteurised),Eggs,Brinjal,Black Pepper (whole),Coriander (whole),Cummin Seed (whole),Red Chillies (whole),Turmeric (powder),Banana,Ginger,Garlic,Date
Unit,Qty,1 Kg,1 Kg,1 Kg,1 Kg,1 Kg,1 Kg,1 Kg,1 Kg,1 Kg,1 Kg,1 ltr,1 Kg,1 Kg,1 Kg,1 Kg,1 Kg,1 Kg,1 Kg,1 Kg,1 Kg,1 Kg,1 Kg,1 Kg,1 Kg,1 Kg,1 Kg,1 Kg,1 Kg,1 Kg,1 Kg,100 gm,Dozen,1 Kg,100 gm,250 gm,100 gm,100 gm,50 gm,1 Kg,100 gm,100 gm,2026-06-28
Average Price,Average Price,43.19,31.51,31.15,36.94,84.35,121,118.58,110.31,88.37,46.53,59.69,204.53,192.13,162.09,163.11,188.02,148.07,57.47,269.47,22.18,21.53,27.83,42.4,37.86,43.71,41.17,55.36,44.93,95.29,686.98,59.33,81.49,40.14,87.27,39.9,40.39,29.05,16.24,48.31,32.01,38.64,2026-06-28
Maximum Price,Maximum Price,67,52,53,68,127,180,180,150,115,60,85,275,264,230,231,236,189,140,698,41,50,60,120,68,72,73,103,100,160,916,85,112,80,125,100,90,60,40,100,62,78,2026-06-28
Minimum Price,Minimum Price,30,17,24,28,70,97,92,85,72,39,40,162,147,127,115,136,102,35,155,10,9,12,20,20,26,32,32,33,70,507,45,56,18,70,25,25,19,10,22,17,21,2026-06-28
Modal Price,Modal Price,40,27,28,35,85,120,120,110,90,45,60,203,198,145,170,192,132,55,280,20,20,25,40,35,40,40,55,40,90,769,60,84,40,80,40,40,30,15,40,27.5,40,2026-06-28
NORTH ZONE,NORTH ZONE,,,,,,,,,,,,,,,,,,,,,,,,,,,,,,,,,,,,,,,,,,2026-06-28
Chandigarh,Chandigarh,42,27,34,40,84,121,116,111,90,46,59,209,203,170,167,190,148,57,264,28,18,35,58,37,44,41,55,46,95,633,59,72,38,87,37,40,28,16,48,24,30,2026-06-28
Delhi,Delhi,43,34,33,35,88,130,122,113,93,47,59,220,200,189,196,221,171,60,233,28,20,33,60,33,39,40,58,41,95,641,58,72,53,93,36,31,30,13,53,53,57,2026-06-28
Haryana,Hisar,NR,NR,NR,NR,NR,NR,NR,NR,NR,NR,NR,NR,NR,NR,NR,NR,NR,NR,NR,NR,NR,NR,NR,NR,NR,NR,NR,NR,NR,NR,NR,NR,NR,NR,NR,NR,NR,NR,NR,NR,NR,2026-06-28
Haryana,Karnal,NR,NR,NR,NR,NR,NR,NR,NR,NR,NR,NR,NR,NR,NR,NR,NR,NR,NR,NR,NR,NR,NR,NR,NR,NR,NR,NR,NR,NR,NR,NR,NR,NR,NR,NR,NR,NR,NR,NR,NR,NR,2026-06-28
Haryana,Panchkula,NR,NR,NR,NR,NR,NR,NR,NR,NR,NR,NR,NR,NR,NR,NR,NR,NR,NR,NR,NR,NR,NR,NR,NR,NR,NR,NR,NR,NR,NR,NR,NR,NR,NR,NR,NR,NR,NR,NR,NR,NR,2026-06-28
Haryana,Gurgaon,NR,NR,NR,NR,NR,NR,NR,NR,NR,NR,NR,NR,NR,NR,NR,NR,NR,NR,NR,NR,NR,NR,NR,NR,NR,NR,NR,NR,NR,NR,NR,NR,NR,NR,NR,NR,NR,NR,NR,NR,NR,2026-06-28
Himachal Pradesh,Shimla,40,NR,NR,34,85,123,124,118,85,52,60,236,229,181,176,NR,NR,54,240,30,25,32,48,30,NR,39,NR,40,92,696,58,72,40,83,37,40,25,17,47,37,45,2026-06-28
Himachal Pradesh,Mandi,40,NR,NR,36,80,123,132,118,87,50,62,234,220,185,172,193,NR,50,260,30,23,34,42,34,NR,37,NR,38,95,682,58,84,40,85,40,36,30,16,55,35,41,2026-06-28
Himachal Pradesh,Dharamshala,35,NR,NR,29,84,127,125,119,85,48,44,NR,213,165,160,NR,NR,NR,235,29,20,30,40,32,NR,35,NR,40,93,590,59,70,40,97,49,42,34,15,60,30,40,2026-06-28
Himachal Pradesh,Solan,39,NR,NR,34,77,124,128,112,89,48,55,223,216,176,157,181,NR,53,230,30,25,30,30,35,37,37,NR,37,93,644,59,77,40,91,41,35,34,17,62,50,43,2026-06-28
Himachal Pradesh,Una,41,39,NR,33,84,112,123,103,87,46,69,NR,182,191,181,NR,NR,51,264,29,16,35,44,34,NR,34,NR,35,98,692,59,82,29,95,44,34,29,15,55,37,34,2026-06-28
Himachal Pradesh,Bilaspur-hp,41,NR,NR,35,80,122,133,118,86,48,66,NR,188,187,185,NR,NR,51,200,29,17,35,42,33,55,37,59,37,80,727,58,84,40,87,39,31,33,13,53,57,47,2026-06-28
Himachal Pradesh,Chamba,NR,NR,NR,NR,NR,NR,NR,NR,NR,NR,NR,NR,NR,NR,NR,NR,NR,NR,NR,NR,NR,NR,NR,NR,NR,NR,NR,NR,NR,NR,NR,NR,NR,NR,NR,NR,NR,NR,NR,NR,NR,2026-06-28
Himachal Pradesh,Hamirpur-HP,39,NR,NR,33,81,119,122,117,83,49,70,NR,216,182,170,NR,NR,54,265,30,19,33,52,33,43,36,NR,35,83,619,58,84,37,87,39,37,29,15,52,37,42,2026-06-28
Himachal Pradesh,Kullu,40,NR,NR,34,83,127,121,112,83,50,40,NR,213,195,184,NR,NR,53,220,30,30,32,40,NR,NR,36,NR,36,102,699,58,90,47,88,33,30,23,12,55,40,53,2026-06-28
Himachal Pradesh,Sirmour,40,NR,31,30,78,118,123,112,86,48,50,212,182,174,157,146,104,48,273,28,19,28,52,36,NR,35,NR,36,100,610,58,70,45,92,33,45,32,18,56,31,35,2026-06-28
Himachal Pradesh,Kinnaur,37,NR,NR,37,78,128,127,111,85,50,60,NR,226,178,145,NR,NR,50,260,30,30,40,55,NR,NR,38,NR,42,87,875,60,90,50,93,50,44,38,15,52,50,50,2026-06-28
Himachal Pradesh,Lahaul & Spiti,44,NR,NR,43,102,110,111,109,105,50,52,NR,197,175,NR,NR,NR,49,480,28,36,47,48,NR,NR,35,NR,36,80,600,62,96,40,80,35,35,27,15,57,28,32,2026-06-28
Jammu and Kashmir,Srinagar,43,25,41,45,93,146,125,123,100,55,55,NR,209,185,179,187,NR,60,320,30,30,32,38,NR,NR,60,NR,53,115,679,62,80,52,100,53,70,39,17,80,48,41,2026-06-28
Jammu and Kashmir,Jammu,NR,NR,NR,NR,NR,NR,NR,NR,NR,NR,NR,NR,NR,NR,NR,NR,NR,NR,NR,NR,NR,NR,NR,NR,NR,NR,NR,NR,NR,NR,NR,NR,NR,NR,NR,NR,NR,NR,NR,NR,NR,2026-06-28
Jammu and Kashmir,Poonch,NR,NR,NR,NR,NR,NR,NR,NR,NR,NR,NR,NR,NR,NR,NR,NR,NR,NR,NR,NR,NR,NR,NR,NR,NR,NR,NR,NR,NR,NR,NR,NR,NR,NR,NR,NR,NR,NR,NR,NR,NR,2026-06-28
Jammu and Kashmir,Kupwara,NR,NR,NR,NR,NR,NR,NR,NR,NR,NR,NR,NR,NR,NR,NR,NR,NR,NR,NR,NR,NR,NR,NR,NR,NR,NR,NR,NR,NR,NR,NR,NR,NR,NR,NR,NR,NR,NR,NR,NR,NR,2026-06-28
Jammu and Kashmir,Udhampur,NR,NR,NR,NR,NR,NR,NR,NR,NR,NR,NR,NR,NR,NR,NR,NR,NR,NR,NR,NR,NR,NR,NR,NR,NR,NR,NR,NR,NR,NR,NR,NR,NR,NR,NR,NR,NR,NR,NR,NR,NR,2026-06-28
Jammu and Kashmir,Shopian,NR,NR,NR,NR,NR,NR,NR,NR,NR,NR,NR,NR,NR,NR,NR,NR,NR,NR,NR,NR,NR,NR,NR,NR,NR,NR,NR,NR,NR,NR,NR,NR,NR,NR,NR,NR,NR,NR,NR,NR,NR,2026-06-28
Jammu and Kashmir,Samba,NR,NR,NR,NR,NR,NR,NR,NR,NR,NR,NR,NR,NR,NR,NR,NR,NR,NR,NR,NR,NR,NR,NR,NR,NR,NR,NR,NR,NR,NR,NR,NR,NR,NR,NR,NR,NR,NR,NR,NR,NR,2026-06-28
Jammu and Kashmir,Ramban,NR,NR,NR,NR,NR,NR,NR,NR,NR,NR,NR,NR,NR,NR,NR,NR,NR,NR,NR,NR,NR,NR,NR,NR,NR,NR,NR,NR,NR,NR,NR,NR,NR,NR,NR,NR,NR,NR,NR,NR,NR,2026-06-28
Jammu and Kashmir,Rajouri,NR,NR,NR,NR,NR,NR,NR,NR,NR,NR,NR,NR,NR,NR,NR,NR,NR,NR,NR,NR,NR,NR,NR,NR,NR,NR,NR,NR,NR,NR,NR,NR,NR,NR,NR,NR,NR,NR,NR,NR,NR,2026-06-28
Jammu and Kashmir,Kishtwar,NR,NR,NR,NR,NR,NR,NR,NR,NR,NR,NR,NR,NR,NR,NR,NR,NR,NR,NR,NR,NR,NR,NR,NR,NR,NR,NR,NR,NR,NR,NR,NR,NR,NR,NR,NR,NR,NR,NR,NR,NR,2026-06-28
Jammu and Kashmir,Doda,NR,NR,NR,NR,NR,NR,NR,NR,NR,NR,NR,NR,NR,NR,NR,NR,NR,NR,NR,NR,NR,NR,NR,NR,NR,NR,NR,NR,NR,NR,NR,NR,NR,NR,NR,NR,NR,NR,NR,NR,NR,2026-06-28
Jammu and Kashmir,Baramulla,NR,NR,NR,NR,NR,NR,NR,NR,NR,NR,NR,NR,NR,NR,NR,NR,NR,NR,NR,NR,NR,NR,NR,NR,NR,NR,NR,NR,NR,NR,NR,NR,NR,NR,NR,NR,NR,NR,NR,NR,NR,2026-06-28
Jammu and Kashmir,Reasi,NR,NR,NR,NR,NR,NR,NR,NR,NR,NR,NR,NR,NR,NR,NR,NR,NR,NR,NR,NR,NR,NR,NR,NR,NR,NR,NR,NR,NR,NR,NR,NR,NR,NR,NR,NR,NR,NR,NR,NR,NR,2026-06-28
Jammu and Kashmir,Kathua,NR,NR,NR,NR,NR,NR,NR,NR,NR,NR,NR,NR,NR,NR,NR,NR,NR,NR,NR,NR,NR,NR,NR,NR,NR,NR,NR,NR,NR,NR,NR,NR,NR,NR,NR,NR,NR,NR,NR,NR,NR,2026-06-28
Punjab,Amritsar,40,33,28,32,82,137,135,112,90,46,59,238,198,176,158,192,NR,60,273,29,20,32,48,37,38,40,61,40,92,674,60,78,43,95,44,30,29,12,43,48,45,2026-06-28
Punjab,Ludhiana,43,34,28,37,80,133,130,117,100,46,62,234,200,172,167,189,NR,55,280,27,18,32,30,34,48,39,62,49,92,604,52,80,48,92,40,42,25,19,47,47,40,2026-06-28
Punjab,Bathinda,40,34,28,32,80,137,132,113,90,46,58,242,200,174,156,196,143,60,273,29,18,32,45,32,40,38,62,38,95,679,60,79,35,93,43,31,29,13,43,48,45,2026-06-28
Punjab,Barnala,41,37,27,31,85,133,120,108,100,48,66,238,185,176,145,185,126,55,280,30,20,32,50,30,38,40,NR,45,93,698,58,65,38,90,48,40,31,15,48,62,48,2026-06-28
Punjab,Hoshiarpur,36,33,28,37,79,119,111,112,99,51,71,212,190,168,142,143,126,59,271,25,15,25,41,35,31,44,65,48,87,623,55,79,37,99,49,45,34,15,62,43,35,2026-06-28
Punjab,Faridkot,40,34,28,32,83,133,130,113,90,47,65,230,175,174,151,196,133,59,280,29,20,32,40,30,42,38,64,38,83,661,58,70,40,90,50,36,30,13,50,53,43,2026-06-28
Punjab,Mansa,40,37,27,33,87,133,130,118,92,46,62,NR,183,174,156,NR,133,61,278,29,17,33,47,39,40,39,62,38,92,659,58,73,40,92,42,35,30,16,47,33,40,2026-06-28
Punjab,Sri Muktsar Sahib,41,40,28,32,80,133,138,117,90,46,66,218,176,172,145,176,124,56,287,28,16,35,40,31,48,39,57,39,85,630,57,72,29,90,42,34,26,13,58,50,48,2026-06-28
Punjab,Dera Bassi,40,36,27,33,85,133,135,117,90,46,61,NR,181,176,158,NR,NR,59,268,29,15,30,40,39,41,38,62,40,90,681,60,73,37,95,41,35,32,16,45,27,35,2026-06-28
Punjab,Sangrur,40,27,28,32,82,130,129,105,88,47,60,246,195,195,190,195,175,55,263,30,15,30,50,35,45,40,67,40,90,710,60,78,30,90,50,45,30,15,45,58,45,2026-06-28
Punjab,Ropar,40,36,27,33,87,133,133,117,90,46,61,236,185,175,159,NR,141,59,277,29,17,31,47,37,42,39,58,39,92,676,60,75,40,93,43,35,31,15,45,33,39,2026-06-28
Punjab,Amargarh,40,27,28,32,80,130,125,107,85,47,60,245,193,193,193,195,181,55,250,29,15,30,50,35,45,40,NR,40,85,710,60,72,35,95,50,50,27,15,40,55,35,2026-06-28
Punjab,Fatehgarh Sahib,45,33,29,35,90,130,113,113,113,44,60,256,183,187,178,194,117,57,293,30,12,25,38,28,45,32,65,40,93,604,58,78,45,95,45,48,38,19,50,23,32,2026-06-28
Punjab,Ferozepur,NR,NR,NR,NR,NR,NR,NR,NR,NR,NR,NR,NR,NR,NR,NR,NR,NR,NR,NR,NR,NR,NR,NR,NR,NR,NR,NR,NR,NR,NR,NR,NR,NR,NR,NR,NR,NR,NR,NR,NR,NR,2026-06-28
Punjab,Kapurthala,38,31,30,39,73,132,123,107,93,44,65,229,196,176,148,183,152,62,290,30,15,32,40,45,50,40,58,43,92,681,60,85,38,94,31,36,35,13,42,47,47,2026-06-28
Uttar Pradesh,Lucknow,39,30,30,35,75,115,119,90,75,46,60,203,191,163,176,187,154,60,260,20,20,25,40,30,35,36,56,36,90,613,59,80,30,88,39,40,26,15,45,40,45,2026-06-28
Uttar Pradesh,Kanpur,NR,NR,NR,NR,NR,NR,NR,NR,NR,NR,NR,NR,NR,NR,NR,NR,NR,NR,NR,NR,NR,NR,NR,NR,NR,NR,NR,NR,NR,NR,NR,NR,NR,NR,NR,NR,NR,NR,NR,NR,NR,2026-06-28
Uttar Pradesh,Varanasi,46,36,28,37,88,122,126,107,82,50,71,215,191,179,185,206,180,65,242,22,17,31,42,40,60,38,NR,40,107,735,64,78,38,84,35,35,29,23,59,40,36,2026-06-28
Uttar Pradesh,Agra,NR,NR,NR,NR,NR,NR,NR,NR,NR,NR,NR,NR,NR,NR,NR,NR,NR,NR,NR,NR,NR,NR,NR,NR,NR,NR,NR,NR,NR,NR,NR,NR,NR,NR,NR,NR,NR,NR,NR,NR,NR,2026-06-28
Uttar Pradesh,Jhansi,50,37,28,34,83,137,128,113,88,49,60,218,185,174,157,207,132,52,228,21,20,27,45,33,38,39,67,43,93,670,58,78,38,87,42,40,30,15,42,27,40,2026-06-28
Uttar Pradesh,Meerut,39,30,29,37,86,117,117,87,86,47,64,179,164,165,171,170,165,50,280,18,18,26,35,36,35,38,65,38,92,646,59,83,39,81,36,35,30,15,49,40,41,2026-06-28
Uttar Pradesh,Allahabad,52,23,27,34,88,118,132,129,93,46,56,225,195,163,170,205,135,45,335,29,18,27,37,30,35,36,40,39,95,668,63,70,38,85,32,37,29,16,50,37,45,2026-06-28
Uttar Pradesh,Gorakhpur,40,23,28,36,80,115,116,110,84,45,55,195,187,159,152,160,123,55,225,22,18,25,45,36,34,34,52,36,92,599,56,80,37,78,33,38,24,16,55,26,32,2026-06-28
Uttar Pradesh,Saharanpur,38,28,25,30,82,116,113,108,88,45,58,NR,175,154,150,167,135,56,242,21,17,25,24,31,NR,37,NR,41,91,582,58,80,36,81,33,37,25,14,47,26,35,2026-06-28
Uttar Pradesh,Bareilly,38,24,25,33,86,122,127,117,102,45,72,219,185,170,174,192,158,52,300,28,10,17,28,25,41,33,57,33,89,703,60,72,20,81,45,33,32,16,52,24,27,2026-06-28
Uttar Pradesh,Ayodhya,43,30,29,32,88,115,120,115,87,49,60,198,198,187,176,174,143,60,230,24,20,30,50,45,45,47,58,45,100,685,60,72,40,90,48,44,38,20,50,20,31,2026-06-28
Uttar Pradesh,Moradabad,NR,NR,NR,NR,NR,NR,NR,NR,NR,NR,NR,NR,NR,NR,NR,NR,NR,NR,NR,NR,NR,NR,NR,NR,NR,NR,NR,NR,NR,NR,NR,NR,NR,NR,NR,NR,NR,NR,NR,NR,NR,2026-06-28
Uttar Pradesh,Aligarh,39,31,28,34,82,117,114,106,84,43,56,191,184,153,150,178,137,52,247,20,17,21,37,34,39,38,48,42,91,613,54,74,36,85,34,39,25,15,45,21,35,2026-06-28
Uttar Pradesh,Mirzapur (Vindhyanchal),35,24,25,32,82,115,110,104,83,45,48,185,175,150,137,149,111,50,220,22,20,25,39,29,40,36,50,40,93,670,62,83,34,82,30,38,25,15,45,39,39,2026-06-28
Uttar Pradesh,Banda,35,25,26,29,75,107,111,102,75,48,55,224,178,168,145,182,119,58,158,19,13,21,37,35,55,34,68,39,78,582,60,80,24,88,30,33,29,21,48,35,37,2026-06-28
Uttar Pradesh,Azamgarh,NR,NR,NR,NR,NR,NR,NR,NR,NR,NR,NR,NR,NR,NR,NR,NR,NR,NR,NR,NR,NR,NR,NR,NR,NR,NR,NR,NR,NR,NR,NR,NR,NR,NR,NR,NR,NR,NR,NR,NR,NR,2026-06-28
Uttar Pradesh,Gonda (Devipatan),36,24,25,33,85,120,128,117,88,44,56,207,196,161,168,172,128,53,257,20,14,25,42,38,37,34,62,45,100,615,58,84,38,82,34,41,25,20,45,35,27,2026-06-28
Uttar Pradesh,Amethi,NR,30,27,34,90,110,115,115,NR,45,60,NR,NR,NR,NR,NR,NR,55,238,22,18,20,45,40,36,41,42,45,105,676,61,81,38,83,36,51,28,18,53,25,50,2026-06-28
Uttar Pradesh,Barabanki,39,29,26,35,85,118,118,117,85,45,60,200,182,168,167,175,130,55,225,22,15,19,36,31,42,37,45,36,98,563,58,80,31,85,31,42,30,15,46,21,26,2026-06-28
Uttar Pradesh,Bhadohi,35,24,27,35,81,115,123,117,82,46,68,212,192,179,150,178,123,69,218,22,19,25,39,33,39,37,49,40,79,674,62,72,30,90,36,39,30,16,47,20,35,2026-06-28
Uttar Pradesh,Chandauli,31,23,25,32,80,112,115,110,80,44,55,202,181,170,132,179,121,59,247,19,12,24,26,33,52,34,60,36,85,634,56,90,30,84,32,39,27,16,49,45,46,2026-06-28
Uttar Pradesh,Farrukhabad,44,30,25,31,83,110,120,110,90,45,66,225,203,162,158,220,126,50,187,19,12,22,50,24,NR,35,NR,40,90,659,62,82,35,80,34,35,26,16,43,27,30,2026-06-28
Uttar Pradesh,Ghazipur,42,29,28,35,85,129,119,115,93,49,65,200,188,155,159,178,143,61,275,23,15,31,54,36,41,45,56,48,101,705,62,85,39,88,43,40,28,19,56,37,40,2026-06-28
Uttar Pradesh,Jaunpur,45,39,28,35,85,119,116,114,86,45,62,212,198,177,163,186,125,58,269,22,16,35,40,37,45,39,54,37,89,707,57,82,33,89,37,39,28,17,48,29,39,2026-06-28
Uttar Pradesh,UP-Pratapgarh,41,23,30,34,81,115,118,117,89,46,51,212,195,167,164,167,128,59,254,20,11,29,39,35,31,39,40,39,97,546,58,73,34,88,36,36,27,16,39,29,48,2026-06-28
Uttar Pradesh,Sambhal,40,23,26,30,86,106,100,100,87,46,58,197,177,153,140,152,141,55,253,19,20,25,42,29,NR,36,NR,37,94,657,60,79,26,84,40,43,29,16,37,40,30,2026-06-28
Uttar Pradesh,Santkabir Nagar,44,34,24,35,82,108,103,102,77,45,67,200,200,142,146,178,123,49,265,30,15,21,42,29,30,34,78,43,98,734,61,96,33,100,30,52,29,20,48,26,27,2026-06-28
Uttar Pradesh,Shahjahanpur,32,19,26,32,79,116,106,109,97,44,56,182,177,147,136,159,128,43,222,20,10,21,39,26,32,34,52,37,87,553,55,89,24,87,30,34,24,11,43,21,31,2026-06-28
Uttar Pradesh,Sitapur,38,27,28,32,81,112,110,105,83,44,58,192,170,148,143,154,132,53,230,18,21,24,44,30,35,36,55,40,92,626,59,74,33,80,35,40,29,15,50,27,35,2026-06-28
Uttar Pradesh,Sultanpur,41,33,30,35,85,120,115,109,87,45,58,199,187,160,157,184,143,55,267,20,18,24,39,35,41,39,52,44,94,635,57,77,36,85,35,39,26,15,47,25,35,2026-06-28
Uttar Pradesh,Unnao,42,32,28,31,85,122,117,108,88,45,60,201,190,163,161,179,145,58,257,20,15,23,23,37,42,40,53,43,92,586,59,75,33,87,38,38,27,16,47,30,37,2026-06-28
Uttar Pradesh,Ambedkar Nagar,37,25,25,35,78,120,126,128,87,46,64,220,207,159,160,162,139,67,200,28,14,25,48,37,38,35,77,40,88,722,61,70,38,80,35,40,30,20,60,28,35,2026-06-28
Uttar Pradesh,Amroha,NR,NR,NR,NR,NR,NR,NR,NR,NR,NR,NR,NR,NR,NR,NR,NR,NR,NR,NR,NR,NR,NR,NR,NR,NR,NR,NR,NR,NR,NR,NR,NR,NR,NR,NR,NR,NR,NR,NR,NR,NR,2026-06-28
Uttar Pradesh,Baghpat,NR,NR,NR,NR,NR,NR,NR,NR,NR,NR,NR,NR,NR,NR,NR,NR,NR,NR,NR,NR,NR,NR,NR,NR,NR,NR,NR,NR,NR,NR,NR,NR,NR,NR,NR,NR,NR,NR,NR,NR,NR,2026-06-28
Uttar Pradesh,Bijnor,45,25,26,35,75,100,110,95,80,45,60,220,198,165,181,198,154,55,280,20,15,25,40,32,40,37,53,40,100,622,60,72,35,88,40,32,30,10,40,40,50,2026-06-28
Uttar Pradesh,Budaun,36,17,25,30,84,112,103,99,93,44,64,212,179,179,165,181,126,53,280,21,10,24,31,25,46,38,65,37,93,613,59,70,30,90,30,39,25,11,42,24,25,2026-06-28
Uttar Pradesh,Etah,45,39,27,35,80,120,110,110,90,45,59,207,178,154,156,165,113,55,270,22,18,25,33,26,NR,36,NR,39,90,677,60,72,30,97,32,40,33,18,40,27,42,2026-06-28
Uttar Pradesh,Fatehpur,42,19,27,33,88,110,113,104,89,45,63,194,187,147,137,152,112,54,225,22,16,22,32,22,32,35,40,33,97,606,61,79,35,85,36,42,24,17,38,21,26,2026-06-28
Uttar Pradesh,Ghaziabad,41,29,28,33,78,118,116,107,91,46,58,212,190,167,155,185,135,54,207,21,16,24,42,33,39,35,53,41,96,602,58,82,32,83,42,38,29,14,42,38,32,2026-06-28
Uttar Pradesh,Hardoi,42,33,26,33,81,121,114,110,87,45,58,206,184,158,157,178,132,54,238,20,14,24,25,34,36,36,55,43,93,621,58,78,35,87,35,39,28,16,44,24,37,2026-06-28
Uttar Pradesh,Jalaun,45,24,28,35,83,118,103,102,89,46,57,180,170,146,130,158,112,53,220,20,12,30,40,33,41,40,NR,42,98,567,60,80,35,90,38,42,30,19,30,30,38,2026-06-28
Uttar Pradesh,Kaushambi,43,27,26,37,85,117,128,107,87,45,58,206,192,160,160,163,129,54,237,20,17,20,38,31,34,37,55,36,86,610,57,74,27,84,39,36,28,15,47,24,31,2026-06-28
Uttar Pradesh,Kushinagar,35,27,26,36,82,121,113,119,83,48,69,187,195,157,166,154,135,64,221,27,16,28,49,40,40,38,45,40,95,615,61,61,31,88,39,38,29,16,47,25,27,2026-06-28
Uttar Pradesh,Lakhimpur Kheri,38,25,27,35,82,117,106,103,85,46,59,185,183,137,145,164,106,61,228,16,14,25,40,30,35,36,61,37,92,654,58,74,30,79,34,44,32,18,43,18,41,2026-06-28
Uttar Pradesh,Pilibhit,42,37,28,32,85,115,115,115,95,45,66,203,198,171,162,192,135,52,229,20,10,21,40,34,52,38,74,38,95,692,61,86,20,90,48,45,38,15,45,40,29,2026-06-28
Uttar Pradesh,Sharwasti,39,23,25,37,77,115,119,120,80,46,60,178,207,165,167,NR,121,60,218,24,10,20,38,NR,NR,40,NR,40,98,569,59,78,20,85,39,38,20,15,33,30,30,2026-06-28
Uttar Pradesh,Siddharth Nagar,42,28,28,33,81,119,125,121,80,46,64,198,191,162,158,161,126,53,227,23,18,25,37,49,50,33,70,35,79,621,60,83,40,70,34,31,27,19,40,28,34,2026-06-28
Uttar Pradesh,Sonbhadra,35,28,26,31,75,110,105,102,80,45,45,176,165,152,132,154,121,55,210,24,15,24,45,27,40,33,50,34,80,621,65,68,35,85,33,32,25,14,45,20,25,2026-06-28
Uttar Pradesh,Rampur,52,26,27,29,77,103,115,102,100,45,62,192,189,149,158,160,140,53,262,24,20,30,28,34,54,34,NR,36,94,636,65,79,33,93,34,34,29,15,52,34,29,2026-06-28
Uttar Pradesh,Bahraich,35,26,25,31,89,128,120,114,90,42,56,193,196,157,154,161,124,44,250,25,20,21,37,36,34,34,65,34,106,609,56,80,21,72,27,36,23,19,53,21,37,2026-06-28
Uttar Pradesh,Basti,37,26,30,33,78,115,128,118,78,NR,NR,NR,NR,NR,NR,NR,NR,NR,NR,NR,NR,NR,NR,NR,NR,NR,NR,NR,NR,NR,NR,NR,NR,NR,NR,NR,NR,NR,NR,NR,NR,2026-06-28
Uttar Pradesh,Etawah,41,NR,26,31,85,120,115,108,87,47,60,200,189,164,156,NR,137,55,260,20,12,24,39,29,NR,40,55,44,95,659,60,79,35,85,37,40,27,16,49,25,35,2026-06-28
Uttar Pradesh,Muzzafarnagar,40,29,26,31,84,120,116,108,89,46,58,185,176,156,156,178,142,57,245,20,12,25,40,35,40,36,NR,36,90,525,58,65,35,80,34,35,24,11,45,60,45,2026-06-28
Uttar Pradesh,Chitrakoot,40,25,25,32,80,101,100,92,80,46,50,179,203,163,164,179,138,55,220,15,15,35,52,25,26,40,60,48,89,637,58,84,40,80,38,40,21,15,45,30,49,2026-06-28
Uttar Pradesh,Hamirpur-UP,43,25,27,35,87,115,115,108,85,49,70,190,191,158,175,185,137,58,209,18,20,25,40,NR,NR,40,NR,40,95,637,58,86,30,88,42,47,30,17,47,23,40,2026-06-28
Uttar Pradesh,Deoria,35,21,26,28,92,119,114,100,98,46,61,224,201,143,132,220,120,56,223,20,20,24,38,37,40,36,43,35,93,582,59,62,37,79,29,39,27,18,37,29,28,2026-06-28
Uttar Pradesh,Hapur,NR,NR,NR,NR,NR,NR,NR,NR,NR,NR,NR,NR,NR,NR,NR,NR,NR,NR,NR,NR,NR,NR,NR,NR,NR,NR,NR,NR,NR,NR,NR,NR,NR,NR,NR,NR,NR,NR,NR,NR,NR,2026-06-28
Uttar Pradesh,Bulandshahr,42,40,27,32,93,110,113,107,83,45,69,NR,184,160,167,158,156,49,242,19,20,30,40,35,43,36,56,36,100,575,56,79,28,87,30,47,27,15,32,50,41,2026-06-28
Uttar Pradesh,Kanpur Dehat,36,23,25,31,79,100,112,93,86,45,64,189,189,150,149,168,124,49,217,19,16,19,33,31,36,35,48,35,85,597,58,76,31,71,27,32,24,15,40,20,33,2026-06-28
Uttar Pradesh,Hathras,NR,NR,NR,NR,NR,NR,NR,NR,NR,NR,NR,NR,NR,NR,NR,NR,NR,NR,NR,NR,NR,NR,NR,NR,NR,NR,NR,NR,NR,NR,NR,NR,NR,NR,NR,NR,NR,NR,NR,NR,NR,2026-06-28
Uttar Pradesh,Raebareli,41,29,27,30,83,117,117,111,88,46,59,194,185,163,162,178,146,56,218,20,15,25,41,37,43,40,53,46,94,686,59,81,36,86,39,39,27,16,45,29,37,2026-06-28
Uttar Pradesh,Lalitpur,36,21,28,31,75,109,110,105,84,45,59,174,167,144,143,178,122,50,235,20,15,30,40,30,38,32,59,34,90,578,56,80,30,80,30,40,24,18,40,25,35,2026-06-28
Uttar Pradesh,Mohaba,38,27,24,30,80,107,100,97,83,49,61,176,176,150,155,184,120,35,187,22,20,20,37,27,35,35,48,35,97,596,54,72,22,83,32,39,27,15,36,26,30,2026-06-28
Uttar Pradesh,Gautam Budh Nagar,37,27,29,36,83,124,116,114,92,47,59,221,188,174,159,183,135,60,217,19,13,29,43,31,36,38,58,48,92,645,59,84,35,83,37,40,29,16,41,39,35,2026-06-28
Uttar Pradesh,Auraiya,41,26,26,34,84,124,120,105,85,47,61,188,177,160,158,165,132,57,209,24,21,29,44,28,40,40,52,41,106,669,54,76,39,89,31,34,23,22,54,24,47,2026-06-28
Uttar Pradesh,Maharajganj,36,25,27,32,81,115,118,109,80,45,58,192,191,151,154,164,126,48,213,22,17,25,40,37,44,35,51,36,91,599,58,76,39,80,34,40,30,17,38,31,27,2026-06-28
Uttar Pradesh,Balrampur,35,27,26,34,78,115,115,112,83,46,53,178,190,147,150,200,123,57,207,15,15,26,53,35,49,35,NR,38,92,670,59,75,45,88,47,39,29,14,38,38,32,2026-06-28
Uttar Pradesh,Kannauj,41,21,26,32,85,119,113,110,86,45,61,186,180,153,145,156,127,53,238,20,9,21,33,33,39,38,NR,39,93,613,54,72,21,84,31,44,28,17,38,19,24,2026-06-28
Uttar Pradesh,Mathura,32,27,27,33,88,119,128,118,96,45,66,228,173,141,139,156,122,44,263,27,19,40,49,34,43,40,47,40,99,632,58,83,35,89,48,39,34,15,43,28,53,2026-06-28
Uttar Pradesh,Firozabad,35,28,26,29,70,110,120,100,85,46,72,214,181,162,148,154,116,50,210,17,20,25,40,24,28,35,44,35,80,659,58,75,30,90,30,38,25,16,30,25,40,2026-06-28
Uttar Pradesh,Kasganj,44,31,24,35,87,117,108,110,93,45,59,222,194,169,178,203,159,55,248,21,20,25,42,20,NR,39,NR,40,102,569,54,73,32,85,39,48,29,13,34,20,NR,2026-06-28
Uttar Pradesh,Mainpuri,NR,NR,NR,NR,NR,NR,NR,NR,NR,NR,NR,NR,NR,NR,NR,NR,NR,NR,NR,NR,NR,NR,NR,NR,NR,NR,NR,NR,NR,NR,NR,NR,NR,NR,NR,NR,NR,NR,NR,NR,NR,2026-06-28
Uttar Pradesh,Shamli,39,28,25,30,80,118,117,112,93,45,50,187,181,156,145,159,128,53,227,15,15,27,45,27,40,38,58,39,90,541,60,72,33,92,39,38,27,13,47,47,40,2026-06-28
Uttar Pradesh,Ballia,39,22,27,31,84,121,113,113,91,46,58,198,180,153,150,166,130,53,248,19,18,28,55,29,41,37,53,39,95,624,54,76,34,85,35,38,27,16,47,24,31,2026-06-28
Uttar Pradesh,Mau,39,22,25,34,82,114,112,107,85,46,55,191,175,148,147,148,119,65,223,22,15,21,41,NR,NR,35,NR,36,91,644,55,76,34,89,31,40,30,15,48,33,32,2026-06-28
Uttarakhand,Dehradun,NR,NR,NR,NR,NR,NR,NR,NR,NR,NR,NR,NR,NR,NR,NR,NR,NR,NR,NR,NR,NR,NR,NR,NR,NR,NR,NR,NR,NR,NR,NR,NR,NR,NR,NR,NR,NR,NR,NR,NR,NR,2026-06-28
Uttarakhand,Haldwani,44,38,31,33,94,141,125,131,90,48,62,232,202,155,192,195,167,64,272,30,25,27,43,49,42,38,45,41,95,700,60,89,21,100,40,45,33,18,54,35,39,2026-06-28
Uttarakhand,Rudrapur,NR,NR,NR,NR,NR,NR,NR,NR,NR,NR,NR,NR,NR,NR,NR,NR,NR,NR,NR,NR,NR,NR,NR,NR,NR,NR,NR,NR,NR,NR,NR,NR,NR,NR,NR,NR,NR,NR,NR,NR,NR,2026-06-28
Uttarakhand,Haridwar,NR,NR,NR,NR,NR,NR,NR,NR,NR,NR,NR,NR,NR,NR,NR,NR,NR,NR,NR,NR,NR,NR,NR,NR,NR,NR,NR,NR,NR,NR,NR,NR,NR,NR,NR,NR,NR,NR,NR,NR,NR,2026-06-28
WEST ZONE,WEST ZONE,,,,,,,,,,,,,,,,,,,,,,,,,,,,,,,,,,,,,,,,,,2026-06-28
Chhattisgarh,Raipur,35,27,31,38,94,121,128,103,95,48,58,217,156,140,157,168,118,56,247,20,24,22,34,33,27,43,45,44,102,703,56,78,43,91,37,32,25,12,34,45,50,2026-06-28
Chhattisgarh,Durg,35,30,36,38,82,112,118,110,82,46,56,196,172,150,170,172,168,52,222,18,20,30,40,43,43,37,61,45,100,773,63,74,39,80,42,40,29,11,47,40,50,2026-06-28
Chhattisgarh,Ambikapur,NR,NR,NR,NR,NR,NR,NR,NR,NR,NR,NR,NR,NR,NR,NR,NR,NR,NR,NR,NR,NR,NR,NR,NR,NR,NR,NR,NR,NR,NR,NR,NR,NR,NR,NR,NR,NR,NR,NR,NR,NR,2026-06-28
Chhattisgarh,Bilaspur-CG,NR,NR,NR,NR,NR,NR,NR,NR,NR,NR,NR,NR,NR,NR,NR,NR,NR,NR,NR,NR,NR,NR,NR,NR,NR,NR,NR,NR,NR,NR,NR,NR,NR,NR,NR,NR,NR,NR,NR,NR,NR,2026-06-28
Chhattisgarh,Jagdalpur,NR,NR,NR,NR,NR,NR,NR,NR,NR,NR,NR,NR,NR,NR,NR,NR,NR,NR,NR,NR,NR,NR,NR,NR,NR,NR,NR,NR,NR,NR,NR,NR,NR,NR,NR,NR,NR,NR,NR,NR,NR,2026-06-28
Chhattisgarh,Dantewada,40,38,43,46,85,125,125,118,85,49,71,253,215,155,182,200,158,64,269,22,30,43,50,41,NR,41,NR,49,106,683,58,62,46,105,49,49,22,19,65,25,49,2026-06-28
Chhattisgarh,Dhamtari,NR,NR,NR,NR,NR,NR,NR,NR,NR,NR,NR,NR,NR,NR,NR,NR,NR,NR,NR,NR,NR,NR,NR,NR,NR,NR,NR,NR,NR,NR,NR,NR,NR,NR,NR,NR,NR,NR,NR,NR,NR,2026-06-28
Chhattisgarh,Rajnandgaon,NR,NR,NR,NR,NR,NR,NR,NR,NR,NR,NR,NR,NR,NR,NR,NR,NR,NR,NR,NR,NR,NR,NR,NR,NR,NR,NR,NR,NR,NR,NR,NR,NR,NR,NR,NR,NR,NR,NR,NR,NR,2026-06-28
Chhattisgarh,Koriya,39,NR,35,39,81,108,97,102,81,45,75,205,163,153,151,168,NR,47,195,25,20,23,40,35,34,46,NR,58,82,693,58,88,40,78,27,38,28,17,48,NR,NR,2026-06-28
DNH and DD,Silvasa,NR,NR,NR,NR,NR,NR,NR,NR,NR,NR,NR,NR,NR,NR,NR,NR,NR,NR,NR,NR,NR,NR,NR,NR,NR,NR,NR,NR,NR,NR,NR,NR,NR,NR,NR,NR,NR,NR,NR,NR,NR,2026-06-28
DNH and DD,Daman,NR,NR,NR,NR,NR,NR,NR,NR,NR,NR,NR,NR,NR,NR,NR,NR,NR,NR,NR,NR,NR,NR,NR,NR,NR,NR,NR,NR,NR,NR,NR,NR,NR,NR,NR,NR,NR,NR,NR,NR,NR,2026-06-28
DNH and DD,Diu,50,41,40,50,87,152,148,130,100,47,68,231,234,NR,200,211,141,64,420,30,29,28,62,39,62,56,83,66,107,714,62,81,30,117,44,36,38,21,53,33,35,2026-06-28
Goa,Panaji,NR,NR,NR,NR,NR,NR,NR,NR,NR,NR,NR,NR,NR,NR,NR,NR,NR,NR,NR,NR,NR,NR,NR,NR,NR,NR,NR,NR,NR,NR,NR,NR,NR,NR,NR,NR,NR,NR,NR,NR,NR,2026-06-28
Goa,Margao,NR,NR,NR,NR,NR,NR,NR,NR,NR,NR,NR,NR,NR,NR,NR,NR,NR,NR,NR,NR,NR,NR,NR,NR,NR,NR,NR,NR,NR,NR,NR,NR,NR,NR,NR,NR,NR,NR,NR,NR,NR,2026-06-28
Gujarat,Ahmedabad,34,29,38,39,98,120,122,103,95,45,68,181,175,165,165,172,NR,57,208,20,34,34,45,36,40,42,65,45,90,637,56,69,36,75,29,33,32,19,42,22,23,2026-06-28
Gujarat,Rajkot,34,27,31,38,86,108,102,98,95,46,68,178,188,148,166,182,157,60,205,18,25,25,40,33,43,39,68,44,87,626,57,66,33,80,32,34,39,15,40,25,26,2026-06-28
Gujarat,Surat,NR,NR,NR,NR,NR,NR,NR,NR,NR,NR,NR,NR,NR,NR,NR,NR,NR,NR,NR,NR,NR,NR,NR,NR,NR,NR,NR,NR,NR,NR,NR,NR,NR,NR,NR,NR,NR,NR,NR,NR,NR,2026-06-28
Gujarat,Bhuj,38,27,30,37,88,108,109,99,93,39,63,184,182,146,170,184,159,58,202,16,25,23,38,34,35,38,68,38,93,617,53,68,36,74,28,34,37,16,40,27,27,2026-06-28
Gujarat,Selamba,35,27,34,39,87,117,113,103,90,44,64,192,179,153,170,178,158,55,210,19,25,25,40,40,40,41,67,41,90,636,55,84,48,79,31,32,35,16,45,30,30,2026-06-28
Gujarat,Waghai,38,34,37,42,93,120,118,102,98,45,68,200,187,152,156,183,147,59,209,20,29,30,44,35,36,40,60,44,96,631,58,70,41,75,30,34,26,17,41,30,28,2026-06-28
Gujarat,Bodeli,34,19,34,38,86,111,108,98,92,43,66,188,172,138,152,174,141,58,205,18,28,28,35,36,41,39,68,44,89,632,55,69,35,80,30,34,39,15,38,27,27,2026-06-28
Gujarat,Vapi,32,24,32,34,90,114,114,101,94,44,66,187,169,138,145,169,145,56,205,18,28,28,31,38,46,40,66,36,96,692,56,68,38,78,31,32,32,15,38,28,30,2026-06-28
Gujarat,Bilimora,36,34,38,37,98,107,120,111,106,46,69,205,189,167,183,194,178,51,221,21,28,27,38,40,39,40,62,45,99,641,54,69,36,76,31,35,33,18,33,32,25,2026-06-28
Gujarat,Idar,37,27,36,38,91,118,120,100,92,46,73,211,190,156,166,185,149,64,237,18,35,28,35,36,41,37,67,50,100,715,62,68,35,99,42,32,40,18,55,29,36,2026-06-28
Gujarat,Jhalod,36,28,36,37,94,115,120,99,100,51,65,192,188,154,161,167,156,62,205,22,29,30,29,40,36,40,69,46,92,669,55,74,44,74,28,33,37,18,40,22,22,2026-06-28
Gujarat,Songash,41,29,30,35,84,120,116,110,86,46,60,205,194,166,167,189,155,57,225,20,20,27,41,36,43,40,54,43,95,700,56,75,39,81,34,35,29,16,47,30,36,2026-06-28
Madhya Pradesh,Bhopal,37,35,26,31,82,116,106,105,90,46,62,185,203,178,151,193,NR,52,250,10,20,22,50,38,38,40,62,41,86,643,57,80,40,96,38,40,33,15,30,20,40,2026-06-28
Madhya Pradesh,Indore,41,32,28,35,86,117,118,110,79,43,64,180,175,164,177,154,147,61,265,15,18,18,40,37,37,40,NR,40,85,645,59,90,38,83,35,33,25,15,33,23,22,2026-06-28
Madhya Pradesh,Gwalior,45,40,30,34,80,121,122,110,90,45,63,212,176,172,160,184,NR,50,222,12,17,19,38,28,30,40,65,40,88,652,60,71,29,84,35,35,26,15,40,22,35,2026-06-28
Madhya Pradesh,Jabalpur,40,35,30,35,80,118,115,110,86,45,59,200,190,151,156,182,122,52,250,16,20,22,34,40,42,42,55,45,92,626,59,80,38,86,40,38,26,16,40,24,40,2026-06-28
Madhya Pradesh,Rewa,35,28,28,35,76,106,95,94,78,45,55,177,154,148,147,147,NR,55,237,18,16,17,38,NR,NR,35,NR,37,85,655,57,76,25,90,28,45,30,13,45,20,35,2026-06-28
Madhya Pradesh,Sagar,38,34,27,29,78,118,120,98,83,46,60,207,190,140,166,194,162,52,258,17,14,22,45,43,52,39,60,40,83,676,60,90,28,83,43,30,29,15,40,43,48,2026-06-28
Madhya Pradesh,Jhabua,44,36,26,35,83,139,118,110,92,45,65,209,217,205,176,192,NR,68,297,15,30,28,69,39,44,47,65,49,98,707,61,98,28,88,50,38,30,20,40,27,39,2026-06-28
Madhya Pradesh,Hoshangabad,45,29,27,35,82,119,117,106,94,45,55,211,156,142,152,161,131,52,216,11,20,29,39,43,47,41,50,42,92,656,60,88,49,92,31,42,19,19,52,24,31,2026-06-28
Madhya Pradesh,Shahdol,35,30,29,35,86,115,112,110,83,44,60,203,186,142,153,181,NR,52,210,18,20,20,40,37,33,35,50,40,95,604,58,70,30,90,30,40,27,18,35,30,25,2026-06-28
Madhya Pradesh,Ujjain,40,37,40,40,92,123,118,101,99,44,62,162,202,181,149,189,NR,50,252,18,13,13,32,39,40,41,63,46,96,715,63,56,38,99,49,39,31,16,40,30,35,2026-06-28
Madhya Pradesh,Morena,41,31,26,31,93,120,112,107,102,46,67,200,185,156,156,159,115,55,240,14,10,20,50,29,NR,38,NR,39,98,608,61,83,22,81,36,31,28,14,32,20,40,2026-06-28
Madhya Pradesh,Anuppur,32,25,25,32,80,115,120,110,90,46,50,220,198,154,176,176,163,55,200,20,15,30,50,40,40,35,50,50,90,769,65,80,29,90,40,35,25,15,40,30,40,2026-06-28
Madhya Pradesh,Bhind,40,35,29,33,85,112,116,113,84,46,62,188,165,143,143,136,115,50,250,15,15,21,49,34,43,40,65,39,90,651,62,77,25,81,29,35,25,16,40,35,34,2026-06-28
Madhya Pradesh,Dhar,45,35,25,37,89,134,126,120,98,45,63,187,192,172,159,192,125,55,213,15,20,25,69,36,37,47,55,47,95,720,60,84,25,87,32,35,20,18,45,28,35,2026-06-28
Madhya Pradesh,Harda,NR,NR,NR,NR,NR,NR,NR,NR,NR,NR,NR,NR,NR,NR,NR,NR,NR,NR,NR,NR,NR,NR,NR,NR,NR,NR,NR,NR,NR,NR,NR,NR,NR,NR,NR,NR,NR,NR,NR,NR,NR,2026-06-28
Madhya Pradesh,Katni,35,30,29,34,79,117,107,107,80,42,50,167,156,127,148,156,102,50,205,19,14,12,35,35,38,45,55,45,100,604,58,100,20,80,40,40,27,15,32,20,40,2026-06-28
Madhya Pradesh,Khandwa,NR,NR,NR,NR,NR,NR,NR,NR,NR,NR,NR,NR,NR,NR,NR,NR,NR,NR,NR,NR,NR,NR,NR,NR,NR,NR,NR,NR,NR,NR,NR,NR,NR,NR,NR,NR,NR,NR,NR,NR,NR,2026-06-28
Madhya Pradesh,Mandla,36,28,31,35,77,100,115,105,80,45,50,215,187,148,176,209,NR,55,190,29,23,30,22,45,45,39,62,41,87,692,60,82,20,85,43,35,28,14,36,40,48,2026-06-28
Madhya Pradesh,Rajgarh,NR,NR,NR,NR,NR,NR,NR,NR,NR,NR,NR,NR,NR,NR,NR,NR,NR,NR,NR,NR,NR,NR,NR,NR,NR,NR,NR,NR,NR,NR,NR,NR,NR,NR,NR,NR,NR,NR,NR,NR,NR,2026-06-28
Madhya Pradesh,Sidhi,NR,NR,NR,NR,NR,NR,NR,NR,NR,NR,NR,NR,NR,NR,NR,NR,NR,NR,NR,NR,NR,NR,NR,NR,NR,NR,NR,NR,NR,NR,NR,NR,NR,NR,NR,NR,NR,NR,NR,NR,NR,2026-06-28
Madhya Pradesh,Chattarpur,40,35,30,38,90,120,117,110,83,45,50,198,192,170,154,154,128,60,250,20,15,28,45,32,40,40,58,50,100,600,60,84,18,90,30,42,30,15,37,27,40,2026-06-28
Madhya Pradesh,Neemuch,50,33,27,34,78,133,105,110,72,48,65,187,157,143,152,143,NR,45,303,10,15,20,40,42,40,41,65,41,87,632,63,68,40,80,35,42,30,15,48,25,32,2026-06-28
Madhya Pradesh,Burhanpur,NR,NR,NR,NR,NR,NR,NR,NR,NR,NR,NR,NR,NR,NR,NR,NR,NR,NR,NR,NR,NR,NR,NR,NR,NR,NR,NR,NR,NR,NR,NR,NR,NR,NR,NR,NR,NR,NR,NR,NR,NR,2026-06-28
Madhya Pradesh,Narshinpur,38,28,28,35,75,120,108,110,85,45,52,200,189,141,148,165,NR,45,233,12,15,15,35,40,40,45,60,47,85,637,58,85,45,90,35,35,25,15,35,20,40,2026-06-28
Madhya Pradesh,Raisen,40,30,29,32,80,130,120,110,90,46,58,187,195,148,153,NR,NR,55,250,10,20,30,50,40,40,33,NR,40,84,692,60,77,40,90,44,33,32,20,35,40,45,2026-06-28
Madhya Pradesh,Sheopur,40,27,25,33,80,113,110,105,85,45,60,213,193,169,149,163,NR,50,206,28,25,25,50,30,35,40,60,42,92,637,58,80,22,90,40,40,32,15,40,35,50,2026-06-28
Madhya Pradesh,Agar malwa,38,31,24,29,83,136,129,108,103,45,60,196,176,155,161,147,NR,48,286,20,20,13,48,46,48,42,NR,47,87,687,59,71,30,98,25,29,30,16,42,25,24,2026-06-28
Madhya Pradesh,Umaria,34,31,32,36,85,112,112,117,90,46,60,212,183,154,178,190,NR,53,200,15,20,38,48,40,NR,43,NR,47,83,622,59,78,40,83,32,42,27,15,45,48,50,2026-06-28
Madhya Pradesh,Shajapur,39,35,26,31,83,122,115,105,85,43,60,181,190,159,165,181,NR,50,257,20,20,20,46,38,39,39,NR,44,90,677,60,82,40,85,35,37,28,15,42,29,38,2026-06-28
Madhya Pradesh,Dewas,41,35,28,34,86,124,115,111,87,45,64,195,192,174,171,185,NR,56,245,12,27,25,39,35,42,39,56,45,96,707,61,82,36,89,43,35,28,19,35,25,43,2026-06-28
Madhya Pradesh,Khargone,NR,NR,NR,NR,NR,NR,NR,NR,NR,NR,NR,NR,NR,NR,NR,NR,NR,NR,NR,NR,NR,NR,NR,NR,NR,NR,NR,NR,NR,NR,NR,NR,NR,NR,NR,NR,NR,NR,NR,NR,NR,2026-06-28
Madhya Pradesh,Singrauli,NR,NR,NR,NR,NR,NR,NR,NR,NR,NR,NR,NR,NR,NR,NR,NR,NR,NR,NR,NR,NR,NR,NR,NR,NR,NR,NR,NR,NR,NR,NR,NR,NR,NR,NR,NR,NR,NR,NR,NR,NR,2026-06-28
Madhya Pradesh,Chhindwara,NR,NR,NR,NR,NR,NR,NR,NR,NR,NR,NR,NR,NR,NR,NR,NR,NR,NR,NR,NR,NR,NR,NR,NR,NR,NR,NR,NR,NR,NR,NR,NR,NR,NR,NR,NR,NR,NR,NR,NR,NR,2026-06-28
Madhya Pradesh,Sehore,39,31,28,30,80,120,110,100,80,45,60,176,181,169,161,176,NR,55,280,13,20,20,50,NR,NR,45,NR,43,84,659,60,79,42,85,30,35,24,15,50,25,35,2026-06-28
Madhya Pradesh,MP-Ashoknagar,NR,NR,NR,NR,NR,NR,NR,NR,NR,NR,NR,NR,NR,NR,NR,NR,NR,NR,NR,NR,NR,NR,NR,NR,NR,NR,NR,NR,NR,NR,NR,NR,NR,NR,NR,NR,NR,NR,NR,NR,NR,2026-06-28
Madhya Pradesh,Balaghat,NR,NR,NR,NR,NR,NR,NR,NR,NR,NR,NR,NR,NR,NR,NR,NR,NR,NR,NR,NR,NR,NR,NR,NR,NR,NR,NR,NR,NR,NR,NR,NR,NR,NR,NR,NR,NR,NR,NR,NR,NR,2026-06-28
Madhya Pradesh,Guna,NR,NR,NR,NR,NR,NR,NR,NR,NR,NR,NR,NR,NR,NR,NR,NR,NR,NR,NR,NR,NR,NR,NR,NR,NR,NR,NR,NR,NR,NR,NR,NR,NR,NR,NR,NR,NR,NR,NR,NR,NR,2026-06-28
Madhya Pradesh,Ratlam,40,35,30,33,79,122,116,112,84,45,62,203,190,155,159,177,158,55,240,10,25,21,40,30,43,38,62,40,89,644,59,72,21,83,34,37,28,15,40,30,30,2026-06-28
Madhya Pradesh,Satna,NR,NR,NR,NR,NR,NR,NR,NR,NR,NR,NR,NR,NR,NR,NR,NR,NR,NR,NR,NR,NR,NR,NR,NR,NR,NR,NR,NR,NR,NR,NR,NR,NR,NR,NR,NR,NR,NR,NR,NR,NR,2026-06-28
Madhya Pradesh,Vidisha,40,NR,30,35,74,113,120,110,90,45,55,187,190,148,176,184,NR,53,240,11,11,18,40,39,40,35,70,35,80,659,60,85,18,84,43,30,27,15,45,20,30,2026-06-28
Madhya Pradesh,Alirajpur,38,NR,30,36,87,124,100,114,95,45,54,185,148,139,136,144,NR,48,240,10,27,19,29,31,35,45,NR,47,93,611,57,80,28,77,40,43,29,17,37,25,40,2026-06-28
Madhya Pradesh,Betul,40,32,25,34,79,115,113,108,85,45,59,195,199,153,170,201,NR,50,245,12,20,25,45,42,42,40,68,41,96,667,60,84,31,91,41,39,23,15,39,40,49,2026-06-28
Madhya Pradesh,Damoh,40,36,27,32,75,124,109,104,85,44,62,205,198,137,149,166,NR,51,205,13,20,17,47,40,39,39,62,39,91,578,60,77,19,89,38,35,35,15,49,19,42,2026-06-28
Madhya Pradesh,Dindori,NR,NR,NR,NR,NR,NR,NR,NR,NR,NR,NR,NR,NR,NR,NR,NR,NR,NR,NR,NR,NR,NR,NR,NR,NR,NR,NR,NR,NR,NR,NR,NR,NR,NR,NR,NR,NR,NR,NR,NR,NR,2026-06-28
Madhya Pradesh,Niwari,NR,NR,NR,NR,NR,NR,NR,NR,NR,NR,NR,NR,NR,NR,NR,NR,NR,NR,NR,NR,NR,NR,NR,NR,NR,NR,NR,NR,NR,NR,NR,NR,NR,NR,NR,NR,NR,NR,NR,NR,NR,2026-06-28
Madhya Pradesh,Seoni,37,32,35,37,86,115,110,105,85,46,55,196,214,170,154,187,NR,47,215,11,20,20,40,40,40,37,68,42,100,654,58,81,27,80,48,36,21,15,45,30,40,2026-06-28
Madhya Pradesh,Panna,NR,NR,NR,NR,NR,NR,NR,NR,NR,NR,NR,NR,NR,NR,NR,NR,NR,NR,NR,NR,NR,NR,NR,NR,NR,NR,NR,NR,NR,NR,NR,NR,NR,NR,NR,NR,NR,NR,NR,NR,NR,2026-06-28
Madhya Pradesh,Tikamgarh,35,30,25,30,90,120,110,95,90,44,50,205,167,142,149,147,NR,50,200,20,15,20,45,30,35,40,40,45,100,659,58,70,25,85,29,41,20,17,30,20,30,2026-06-28
Madhya Pradesh,Datia,46,38,25,29,82,122,109,98,78,48,60,220,189,161,156,191,124,57,228,28,22,22,35,48,32,44,77,45,92,701,61,88,23,87,42,48,28,15,36,32,52,2026-06-28
Madhya Pradesh,Maihar,40,20,29,30,90,97,102,97,80,46,60,233,198,165,152,187,126,53,205,15,20,23,40,NR,NR,40,NR,45,97,721,58,72,37,97,30,39,35,13,37,24,43,2026-06-28
Madhya Pradesh,Shivpuri,NR,NR,NR,NR,NR,NR,NR,NR,NR,NR,NR,NR,NR,NR,NR,NR,NR,NR,NR,NR,NR,NR,NR,NR,NR,NR,NR,NR,NR,NR,NR,NR,NR,NR,NR,NR,NR,NR,NR,NR,NR,2026-06-28
Madhya Pradesh,Mandsaur,40,28,30,40,106,120,118,115,105,45,58,195,192,190,169,196,147,60,300,22,35,18,45,50,55,73,90,58,95,761,45,110,45,70,30,45,34,20,45,17,31,2026-06-28
Maharashtra,Mumbai,40,38,41,48,93,136,143,123,99,46,60,244,227,194,165,200,154,79,310,30,27,30,68,47,61,52,65,53,113,685,60,77,77,99,67,45,43,16,40,37,50,2026-06-28
Maharashtra,Nagpur,57,40,48,53,97,135,131,118,105,52,66,237,216,168,171,198,141,70,283,27,31,32,66,42,51,52,81,52,110,803,59,94,46,98,41,48,32,21,68,49,78,2026-06-28
Maharashtra,Pune,37,28,43,52,85,103,120,106,83,44,75,206,209,168,171,185,173,60,353,41,35,23,46,41,44,45,38,45,89,550,59,80,56,100,54,52,25,19,41,31,32,2026-06-28
Maharashtra,Nashik,39,41,42,41,86,138,133,113,95,45,60,209,225,187,169,184,136,57,323,28,20,28,42,42,68,49,63,49,98,640,60,69,75,115,62,36,33,16,22,32,37,2026-06-28
Maharashtra,Mangaon-Raigad,52,44,43,50,87,130,132,112,92,45,58,220,244,178,164,198,137,63,358,30,26,25,48,46,53,42,56,44,95,860,60,76,42,120,68,39,48,22,55,35,46,2026-06-28
Maharashtra,Dharni,45,31,29,36,81,124,108,119,91,46,55,223,192,154,178,205,NR,58,322,13,21,27,50,39,27,42,NR,47,93,743,66,79,47,85,39,41,21,18,37,29,48,2026-06-28
Maharashtra,Latur,58,47,43,48,82,123,122,118,83,44,68,205,200,139,179,189,162,58,247,26,28,22,57,39,57,42,73,41,103,751,48,92,73,98,48,42,27,23,46,37,55,2026-06-28
Maharashtra,Akluj,44,42,33,39,80,122,118,105,95,45,60,203,208,166,191,207,186,50,332,30,25,25,47,31,47,37,60,40,89,659,52,57,39,95,38,36,27,12,28,20,31,2026-06-28
Maharashtra,Arni Yavatmal,44,30,34,36,99,123,125,114,90,43,63,192,170,154,144,159,NR,57,300,10,30,30,60,35,32,47,70,55,103,784,55,72,40,99,45,42,20,15,40,35,25,2026-06-28
Maharashtra,Chandrapur,43,43,38,46,84,127,130,113,102,45,58,201,203,222,166,182,NR,67,275,30,20,40,27,52,56,60,54,58,106,679,58,87,20,103,50,42,22,20,63,47,70,2026-06-28
Maharashtra,Karad Satara,67,52,34,48,82,138,124,120,91,45,74,210,188,167,177,191,170,57,293,27,27,27,31,37,41,42,57,43,111,674,59,72,42,121,51,41,29,19,42,28,40,2026-06-28
Maharashtra,Ahemednagar,53,37,44,47,84,124,119,119,99,44,53,168,169,166,175,180,169,49,259,30,24,24,44,29,42,39,44,39,99,580,58,72,54,99,29,44,26,18,25,29,37,2026-06-28
Maharashtra,Khultabad,47,27,32,36,77,111,116,108,85,45,46,182,NR,145,162,167,153,61,320,20,31,21,39,31,41,39,NR,42,86,702,60,81,39,81,32,35,20,16,36,20,34,2026-06-28
Maharashtra,Islampur,41,33,37,47,82,123,130,120,100,43,72,223,206,160,186,197,156,50,418,27,30,20,30,38,40,39,48,43,101,655,60,85,39,103,59,53,36,27,40,35,42,2026-06-28
Maharashtra,Kankavli,45,44,34,51,84,127,131,126,87,46,60,184,200,164,152,178,135,53,373,20,42,30,62,53,47,45,50,46,100,688,56,85,77,77,47,41,37,18,63,30,53,2026-06-28
Maharashtra,Partur,50,NR,29,40,80,126,120,112,88,44,58,197,208,185,181,195,181,59,401,10,25,20,50,31,35,43,NR,47,87,775,NR,84,49,92,40,42,31,15,50,30,39,2026-06-28
Maharashtra,Gondia,52,33,33,35,80,120,120,115,77,45,63,199,211,141,168,185,167,65,260,30,20,25,30,42,48,42,52,42,87,765,58,80,22,100,50,50,29,21,35,40,45,2026-06-28
Maharashtra,Jalgaon,48,26,35,43,85,128,133,118,100,45,65,200,210,175,170,191,189,60,468,30,22,25,48,41,42,55,61,54,100,753,58,84,48,125,53,41,35,19,39,33,52,2026-06-28
Maharashtra,Akola,43,NR,34,46,85,128,120,116,100,45,69,182,211,163,172,182,NR,60,327,30,25,19,52,42,38,49,65,49,103,784,59,80,43,88,42,44,24,16,37,28,42,2026-06-28
Rajasthan,Jaipur,NR,NR,NR,NR,NR,NR,NR,NR,NR,NR,NR,NR,NR,NR,NR,NR,NR,NR,NR,NR,NR,NR,NR,NR,NR,NR,NR,NR,NR,NR,NR,NR,NR,NR,NR,NR,NR,NR,NR,NR,NR,2026-06-28
Rajasthan,Jodhpur,NR,NR,NR,NR,NR,NR,NR,NR,NR,NR,NR,NR,NR,NR,NR,NR,NR,NR,NR,NR,NR,NR,NR,NR,NR,NR,NR,NR,NR,NR,NR,NR,NR,NR,NR,NR,NR,NR,NR,NR,NR,2026-06-28
Rajasthan,Kota,55,39,35,36,86,126,118,102,91,49,61,203,192,160,162,194,161,57,296,22,21,23,42,34,48,52,55,45,95,693,63,76,47,77,34,38,31,16,40,25,35,2026-06-28
Rajasthan,Udaipur,NR,NR,NR,NR,NR,NR,NR,NR,NR,NR,NR,NR,NR,NR,NR,NR,NR,NR,NR,NR,NR,NR,NR,NR,NR,NR,NR,NR,NR,NR,NR,NR,NR,NR,NR,NR,NR,NR,NR,NR,NR,2026-06-28
Rajasthan,Bharatpur,NR,NR,NR,NR,NR,NR,NR,NR,NR,NR,NR,NR,NR,NR,NR,NR,NR,NR,NR,NR,NR,NR,NR,NR,NR,NR,NR,NR,NR,NR,NR,NR,NR,NR,NR,NR,NR,NR,NR,NR,NR,2026-06-28
Rajasthan,Ajmer,NR,NR,NR,NR,NR,NR,NR,NR,NR,NR,NR,NR,NR,NR,NR,NR,NR,NR,NR,NR,NR,NR,NR,NR,NR,NR,NR,NR,NR,NR,NR,NR,NR,NR,NR,NR,NR,NR,NR,NR,NR,2026-06-28
Rajasthan,Bikaner,NR,NR,NR,NR,NR,NR,NR,NR,NR,NR,NR,NR,NR,NR,NR,NR,NR,NR,NR,NR,NR,NR,NR,NR,NR,NR,NR,NR,NR,NR,NR,NR,NR,NR,NR,NR,NR,NR,NR,NR,NR,2026-06-28
Rajasthan,Bundi,NR,NR,NR,NR,NR,NR,NR,NR,NR,NR,NR,NR,NR,NR,NR,NR,NR,NR,NR,NR,NR,NR,NR,NR,NR,NR,NR,NR,NR,NR,NR,NR,NR,NR,NR,NR,NR,NR,NR,NR,NR,2026-06-28
Rajasthan,Rajsamand,NR,NR,NR,NR,NR,NR,NR,NR,NR,NR,NR,NR,NR,NR,NR,NR,NR,NR,NR,NR,NR,NR,NR,NR,NR,NR,NR,NR,NR,NR,NR,NR,NR,NR,NR,NR,NR,NR,NR,NR,NR,2026-06-28
Rajasthan,Alwar,NR,NR,NR,NR,NR,NR,NR,NR,NR,NR,NR,NR,NR,NR,NR,NR,NR,NR,NR,NR,NR,NR,NR,NR,NR,NR,NR,NR,NR,NR,NR,NR,NR,NR,NR,NR,NR,NR,NR,NR,NR,2026-06-28
Rajasthan,Banswara,NR,NR,NR,NR,NR,NR,NR,NR,NR,NR,NR,NR,NR,NR,NR,NR,NR,NR,NR,NR,NR,NR,NR,NR,NR,NR,NR,NR,NR,NR,NR,NR,NR,NR,NR,NR,NR,NR,NR,NR,NR,2026-06-28
Rajasthan,Baran,NR,NR,NR,NR,NR,NR,NR,NR,NR,NR,NR,NR,NR,NR,NR,NR,NR,NR,NR,NR,NR,NR,NR,NR,NR,NR,NR,NR,NR,NR,NR,NR,NR,NR,NR,NR,NR,NR,NR,NR,NR,2026-06-28
Rajasthan,Barmer,50,40,32,34,90,130,110,115,85,45,54,187,209,170,193,209,117,53,300,22,20,23,32,28,35,49,60,53,100,879,58,76,52,90,41,25,31,14,42,32,30,2026-06-28
Rajasthan,Bhilwara,NR,NR,NR,NR,NR,NR,NR,NR,NR,NR,NR,NR,NR,NR,NR,NR,NR,NR,NR,NR,NR,NR,NR,NR,NR,NR,NR,NR,NR,NR,NR,NR,NR,NR,NR,NR,NR,NR,NR,NR,NR,2026-06-28
Rajasthan,Chhitorgarh,NR,NR,NR,NR,NR,NR,NR,NR,NR,NR,NR,NR,NR,NR,NR,NR,NR,NR,NR,NR,NR,NR,NR,NR,NR,NR,NR,NR,NR,NR,NR,NR,NR,NR,NR,NR,NR,NR,NR,NR,NR,2026-06-28
Rajasthan,Churu,45,35,30,33,85,115,110,100,90,45,44,231,209,165,231,236,NR,50,280,20,18,25,55,28,NR,40,NR,40,90,747,NR,NR,NR,NR,NR,NR,NR,NR,40,NR,NR,2026-06-28
Rajasthan,Dholapur,NR,NR,NR,NR,NR,NR,NR,NR,NR,NR,NR,NR,NR,NR,NR,NR,NR,NR,NR,NR,NR,NR,NR,NR,NR,NR,NR,NR,NR,NR,NR,NR,NR,NR,NR,NR,NR,NR,NR,NR,NR,2026-06-28
Rajasthan,Dungarpur,NR,NR,NR,NR,NR,NR,NR,NR,NR,NR,NR,NR,NR,NR,NR,NR,NR,NR,NR,NR,NR,NR,NR,NR,NR,NR,NR,NR,NR,NR,NR,NR,NR,NR,NR,NR,NR,NR,NR,NR,NR,2026-06-28
Rajasthan,Hanumangarh,NR,NR,NR,NR,NR,NR,NR,NR,NR,NR,NR,NR,NR,NR,NR,NR,NR,NR,NR,NR,NR,NR,NR,NR,NR,NR,NR,NR,NR,NR,NR,NR,NR,NR,NR,NR,NR,NR,NR,NR,NR,2026-06-28
Rajasthan,Jaisalmer,NR,NR,NR,NR,NR,NR,NR,NR,NR,NR,NR,NR,NR,NR,NR,NR,NR,NR,NR,NR,NR,NR,NR,NR,NR,NR,NR,NR,NR,NR,NR,NR,NR,NR,NR,NR,NR,NR,NR,NR,NR,2026-06-28
Rajasthan,Jalore,51,48,34,35,86,113,119,103,89,49,59,215,186,159,190,205,NR,54,312,15,28,29,53,30,40,43,NR,52,93,564,60,78,47,98,41,40,29,17,43,28,37,2026-06-28
Rajasthan,Jhalawar,NR,NR,NR,NR,NR,NR,NR,NR,NR,NR,NR,NR,NR,NR,NR,NR,NR,NR,NR,NR,NR,NR,NR,NR,NR,NR,NR,NR,NR,NR,NR,NR,NR,NR,NR,NR,NR,NR,NR,NR,NR,2026-06-28
Rajasthan,Jhunjhunu,NR,NR,NR,NR,NR,NR,NR,NR,NR,NR,NR,NR,NR,NR,NR,NR,NR,NR,NR,NR,NR,NR,NR,NR,NR,NR,NR,NR,NR,NR,NR,NR,NR,NR,NR,NR,NR,NR,NR,NR,NR,2026-06-28
Rajasthan,Karauli,NR,NR,NR,NR,NR,NR,NR,NR,NR,NR,NR,NR,NR,NR,NR,NR,NR,NR,NR,NR,NR,NR,NR,NR,NR,NR,NR,NR,NR,NR,NR,NR,NR,NR,NR,NR,NR,NR,NR,NR,NR,2026-06-28
Rajasthan,Nagaur,NR,NR,NR,NR,NR,NR,NR,NR,NR,NR,NR,NR,NR,NR,NR,NR,NR,NR,NR,NR,NR,NR,NR,NR,NR,NR,NR,NR,NR,NR,NR,NR,NR,NR,NR,NR,NR,NR,NR,NR,NR,2026-06-28
Rajasthan,Pali,55,NR,33,33,91,128,128,90,74,44,56,201,167,168,163,162,123,43,234,24,30,25,33,29,39,38,35,47,102,507,62,68,52,85,57,35,26,21,41,37,25,2026-06-28
Rajasthan,RJ-Pratapgarh,NR,NR,NR,NR,NR,NR,NR,NR,NR,NR,NR,NR,NR,NR,NR,NR,NR,NR,NR,NR,NR,NR,NR,NR,NR,NR,NR,NR,NR,NR,NR,NR,NR,NR,NR,NR,NR,NR,NR,NR,NR,2026-06-28
Rajasthan,Sikar,NR,NR,NR,NR,NR,NR,NR,NR,NR,NR,NR,NR,NR,NR,NR,NR,NR,NR,NR,NR,NR,NR,NR,NR,NR,NR,NR,NR,NR,NR,NR,NR,NR,NR,NR,NR,NR,NR,NR,NR,NR,2026-06-28
Rajasthan,Sirohi,NR,NR,NR,NR,NR,NR,NR,NR,NR,NR,NR,NR,NR,NR,NR,NR,NR,NR,NR,NR,NR,NR,NR,NR,NR,NR,NR,NR,NR,NR,NR,NR,NR,NR,NR,NR,NR,NR,NR,NR,NR,2026-06-28
Rajasthan,Sri Ganganagar,43,35,30,35,89,118,110,110,97,45,52,219,190,170,165,165,148,49,323,15,15,22,28,NR,NR,40,NR,38,92,NR,NR,NR,22,82,30,28,32,28,45,17,30,2026-06-28
Rajasthan,Tonk,56,38,29,36,84,126,114,108,94,49,71,252,207,141,162,177,146,60,283,20,28,30,32,25,46,42,54,55,91,571,67,81,40,96,48,40,33,21,47,32,49,2026-06-28
Rajasthan,Sawai Madhopur,NR,NR,NR,NR,NR,NR,NR,NR,NR,NR,NR,NR,NR,NR,NR,NR,NR,NR,NR,NR,NR,NR,NR,NR,NR,NR,NR,NR,NR,NR,NR,NR,NR,NR,NR,NR,NR,NR,NR,NR,NR,2026-06-28
EAST ZONE,EAST ZONE,,,,,,,,,,,,,,,,,,,,,,,,,,,,,,,,,,,,,,,,,,2026-06-28
Bihar,Patna,45,28,28,31,80,116,116,100,80,50,58,NR,188,159,192,196,173,50,312,26,23,33,39,NR,NR,40,NR,40,100,604,56,84,35,85,40,40,25,15,40,20,36,2026-06-28
Bihar,Bhagalpur,39,23,28,32,73,123,111,101,75,47,58,NR,186,147,155,173,128,45,320,28,16,25,51,49,61,34,NR,35,104,635,54,84,37,96,29,34,21,18,NR,20,29,2026-06-28
Bihar,Purnia,38,NR,32,34,71,111,116,101,79,49,59,NR,193,153,188,NR,164,54,324,18,13,26,39,68,58,38,58,47,108,743,53,88,40,118,38,40,28,14,50,28,23,2026-06-28
Bihar,Darbhanga,NR,NR,NR,NR,NR,NR,NR,NR,NR,NR,NR,NR,NR,NR,NR,NR,NR,NR,NR,NR,NR,NR,NR,NR,NR,NR,NR,NR,NR,NR,NR,NR,NR,NR,NR,NR,NR,NR,NR,NR,NR,2026-06-28
Bihar,Gaya,33,25,27,38,82,123,109,109,81,44,60,NR,201,166,146,151,120,55,330,25,19,23,33,NR,NR,35,NR,40,110,681,60,88,30,85,32,40,23,15,45,30,25,2026-06-28
Bihar,Muzzafarpur,41,NR,29,34,81,120,125,107,83,47,61,NR,191,156,158,211,127,44,294,23,15,24,39,48,45,37,50,37,101,606,57,84,28,85,38,37,26,14,48,29,27,2026-06-28
Bihar,Saran,NR,NR,NR,NR,NR,NR,NR,NR,NR,NR,NR,NR,NR,NR,NR,NR,NR,NR,NR,NR,NR,NR,NR,NR,NR,NR,NR,NR,NR,NR,NR,NR,NR,NR,NR,NR,NR,NR,NR,NR,NR,2026-06-28
Bihar,Munger,NR,NR,NR,NR,NR,NR,NR,NR,NR,NR,NR,NR,NR,NR,NR,NR,NR,NR,NR,NR,NR,NR,NR,NR,NR,NR,NR,NR,NR,NR,NR,NR,NR,NR,NR,NR,NR,NR,NR,NR,NR,2026-06-28
Bihar,Saharsa,NR,NR,NR,NR,NR,NR,NR,NR,NR,NR,NR,NR,NR,NR,NR,NR,NR,NR,NR,NR,NR,NR,NR,NR,NR,NR,NR,NR,NR,NR,NR,NR,NR,NR,NR,NR,NR,NR,NR,NR,NR,2026-06-28
Bihar,Madhubani,37,21,30,35,84,125,112,101,84,47,55,205,166,160,161,171,128,47,280,28,21,27,26,NR,NR,33,48,35,101,615,57,71,32,82,32,31,23,12,50,26,27,2026-06-28
Bihar,Rohtas (Sasaram),36,24,35,39,78,112,114,85,80,48,69,194,202,179,190,232,187,54,248,32,18,25,49,43,55,34,56,37,98,754,60,84,41,84,39,28,25,14,61,30,39,2026-06-28
Bihar,Motihari,48,30,28,34,84,114,120,110,84,48,56,245,196,185,169,229,158,46,265,19,18,22,44,35,35,38,52,37,106,593,54,81,29,81,31,42,27,17,33,28,32,2026-06-28
Bihar,Samastipur,45,23,25,35,82,112,116,115,80,45,58,NR,189,137,132,NR,133,50,315,30,12,27,40,30,39,38,73,47,97,713,67,92,40,83,32,74,25,10,41,27,27,2026-06-28
Bihar,Katihar,NR,NR,NR,NR,NR,NR,NR,NR,NR,NR,NR,NR,NR,NR,NR,NR,NR,NR,NR,NR,NR,NR,NR,NR,NR,NR,NR,NR,NR,NR,NR,NR,NR,NR,NR,NR,NR,NR,NR,NR,NR,2026-06-28
Bihar,Araria,37,NR,31,36,73,124,127,114,79,48,61,275,188,162,144,190,130,54,328,30,14,24,49,50,55,39,85,39,101,626,61,72,41,81,41,31,23,11,56,25,26,2026-06-28
Bihar,Nawada,30,18,28,31,73,113,118,93,73,47,59,NR,190,161,165,NR,129,54,222,28,10,22,55,39,35,32,51,35,102,722,58,63,38,81,35,31,22,11,63,23,22,2026-06-28
Bihar,Khagaria,NR,NR,NR,NR,NR,NR,NR,NR,NR,NR,NR,NR,NR,NR,NR,NR,NR,NR,NR,NR,NR,NR,NR,NR,NR,NR,NR,NR,NR,NR,NR,NR,NR,NR,NR,NR,NR,NR,NR,NR,NR,2026-06-28
Bihar,Banka,NR,NR,NR,NR,NR,NR,NR,NR,NR,NR,NR,NR,NR,NR,NR,NR,NR,NR,NR,NR,NR,NR,NR,NR,NR,NR,NR,NR,NR,NR,NR,NR,NR,NR,NR,NR,NR,NR,NR,NR,NR,2026-06-28
Bihar,Arwal,38,26,25,35,81,130,130,97,85,48,59,NR,211,165,173,187,143,55,232,28,24,26,45,NR,NR,35,NR,37,93,748,58,81,39,80,33,35,25,19,45,25,30,2026-06-28
Bihar,Aurangabad,NR,NR,NR,NR,NR,NR,NR,NR,NR,NR,NR,NR,NR,NR,NR,NR,NR,NR,NR,NR,NR,NR,NR,NR,NR,NR,NR,NR,NR,NR,NR,NR,NR,NR,NR,NR,NR,NR,NR,NR,NR,2026-06-28
Bihar,Begusarai,NR,NR,NR,NR,NR,NR,NR,NR,NR,NR,NR,NR,NR,NR,NR,NR,NR,NR,NR,NR,NR,NR,NR,NR,NR,NR,NR,NR,NR,NR,NR,NR,NR,NR,NR,NR,NR,NR,NR,NR,NR,2026-06-28
Bihar,Bhojpur Ara,44,19,28,31,76,116,119,109,81,48,57,243,177,155,150,185,NR,55,353,30,18,26,39,NR,NR,35,NR,37,104,681,60,84,42,84,50,40,25,10,47,42,31,2026-06-28
Bihar,Buxar,30,21,26,32,84,120,117,119,79,46,62,202,192,171,169,198,122,59,255,29,16,25,46,35,54,34,72,37,91,769,48,95,39,87,46,32,27,17,40,35,34,2026-06-28
Bihar,Gopalganj,39,30,27,35,88,117,113,107,84,45,52,195,184,150,189,156,143,57,253,29,14,29,60,42,44,39,43,40,112,685,56,81,36,87,47,42,35,12,53,26,29,2026-06-28
Bihar,Jamui,NR,NR,NR,NR,NR,NR,NR,NR,NR,NR,NR,NR,NR,NR,NR,NR,NR,NR,NR,NR,NR,NR,NR,NR,NR,NR,NR,NR,NR,NR,NR,NR,NR,NR,NR,NR,NR,NR,NR,NR,NR,2026-06-28
Bihar,Jehanabad,NR,NR,NR,NR,NR,NR,NR,NR,NR,NR,NR,NR,NR,NR,NR,NR,NR,NR,NR,NR,NR,NR,NR,NR,NR,NR,NR,NR,NR,NR,NR,NR,NR,NR,NR,NR,NR,NR,NR,NR,NR,2026-06-28
Bihar,Kaimur,38,18,27,32,79,117,117,98,79,49,60,NR,196,174,167,193,130,52,212,20,12,27,42,32,31,34,NR,39,88,714,60,85,38,82,33,33,27,15,53,26,28,2026-06-28
Bihar,Kishanganj,NR,NR,NR,NR,NR,NR,NR,NR,NR,NR,NR,NR,NR,NR,NR,NR,NR,NR,NR,NR,NR,NR,NR,NR,NR,NR,NR,NR,NR,NR,NR,NR,NR,NR,NR,NR,NR,NR,NR,NR,NR,2026-06-28
Bihar,Lakhisarai,NR,NR,NR,NR,NR,NR,NR,NR,NR,NR,NR,NR,NR,NR,NR,NR,NR,NR,NR,NR,NR,NR,NR,NR,NR,NR,NR,NR,NR,NR,NR,NR,NR,NR,NR,NR,NR,NR,NR,NR,NR,2026-06-28
Bihar,Medhepura,38,NR,31,35,72,115,125,92,75,47,58,NR,196,156,190,188,133,44,282,21,13,25,41,NR,NR,36,NR,35,90,722,58,108,40,89,35,37,28,14,42,24,23,2026-06-28
Bihar,Nalanda,NR,NR,NR,NR,NR,NR,NR,NR,NR,NR,NR,NR,NR,NR,NR,NR,NR,NR,NR,NR,NR,NR,NR,NR,NR,NR,NR,NR,NR,NR,NR,NR,NR,NR,NR,NR,NR,NR,NR,NR,NR,2026-06-28
Bihar,Sheikhpura,NR,NR,NR,NR,NR,NR,NR,NR,NR,NR,NR,NR,NR,NR,NR,NR,NR,NR,NR,NR,NR,NR,NR,NR,NR,NR,NR,NR,NR,NR,NR,NR,NR,NR,NR,NR,NR,NR,NR,NR,NR,2026-06-28
Bihar,Sheohar,43,28,27,37,82,120,118,108,77,47,58,170,204,164,169,197,124,50,232,26,15,31,35,50,54,38,40,40,114,725,59,77,28,81,34,37,24,15,55,28,25,2026-06-28
Bihar,Sitamarhi,NR,NR,NR,NR,NR,NR,NR,NR,NR,NR,NR,NR,NR,NR,NR,NR,NR,NR,NR,NR,NR,NR,NR,NR,NR,NR,NR,NR,NR,NR,NR,NR,NR,NR,NR,NR,NR,NR,NR,NR,NR,2026-06-28
Bihar,Siwan,33,25,25,29,70,108,96,85,73,46,57,NR,NR,NR,185,193,NR,50,202,26,12,22,26,47,44,33,49,34,88,709,61,66,29,84,34,41,29,14,51,25,26,2026-06-28
Bihar,Supaul,NR,NR,NR,NR,NR,NR,NR,NR,NR,NR,NR,NR,NR,NR,NR,NR,NR,NR,NR,NR,NR,NR,NR,NR,NR,NR,NR,NR,NR,NR,NR,NR,NR,NR,NR,NR,NR,NR,NR,NR,NR,2026-06-28
Bihar,Vaishali,35,25,26,30,75,114,117,100,75,48,53,209,181,148,187,209,159,59,207,29,12,30,40,49,49,33,42,37,90,769,55,84,40,80,33,32,25,13,37,33,30,2026-06-28
Bihar,West Champaran,38,27,29,36,81,116,119,111,84,44,56,202,186,175,153,176,NR,45,260,20,17,23,44,35,41,33,45,39,105,567,54,76,37,90,47,50,27,17,47,24,21,2026-06-28
Jharkhand,Ranchi,41,30,35,36,80,120,118,110,79,48,59,231,191,150,181,192,139,53,217,28,15,25,42,35,40,36,40,42,103,630,60,79,42,90,44,41,32,15,50,33,43,2026-06-28
Jharkhand,Gumla,NR,NR,NR,NR,NR,NR,NR,NR,NR,NR,NR,NR,NR,NR,NR,NR,NR,NR,NR,NR,NR,NR,NR,NR,NR,NR,NR,NR,NR,NR,NR,NR,NR,NR,NR,NR,NR,NR,NR,NR,NR,2026-06-28
Jharkhand,Sahibganj,35,25,30,34,90,120,130,105,85,50,60,192,203,187,187,192,137,67,330,20,14,30,60,56,46,45,63,55,100,608,60,78,38,85,50,36,29,17,50,40,35,2026-06-28
Jharkhand,Bokaro,37,30,35,37,86,132,114,110,83,48,57,NR,182,170,164,182,144,56,322,28,23,27,35,NR,NR,33,NR,40,100,709,57,89,43,81,28,41,25,13,60,NR,NR,2026-06-28
Jharkhand,Lohardaga,37,27,31,36,85,102,125,110,80,45,61,NR,147,130,135,167,116,44,203,26,20,25,20,NR,NR,38,32,40,90,674,56,73,25,80,42,30,27,11,38,41,23,2026-06-28
Jharkhand,Simdega,NR,NR,NR,NR,NR,NR,NR,NR,NR,NR,NR,NR,NR,NR,NR,NR,NR,NR,NR,NR,NR,NR,NR,NR,NR,NR,NR,NR,NR,NR,NR,NR,NR,NR,NR,NR,NR,NR,NR,NR,NR,2026-06-28
Jharkhand,Dhanbad,39,30,34,36,76,119,119,111,80,48,59,251,193,161,164,187,139,58,245,28,15,28,44,38,50,37,53,45,93,769,57,91,43,89,42,39,34,18,50,38,40,2026-06-28
Jharkhand,Jamshedpur (East Singbhum),NR,NR,NR,NR,NR,NR,NR,NR,NR,NR,NR,NR,NR,NR,NR,NR,NR,NR,NR,NR,NR,NR,NR,NR,NR,NR,NR,NR,NR,NR,NR,NR,NR,NR,NR,NR,NR,NR,NR,NR,NR,2026-06-28
Jharkhand,Giridhi,NR,NR,NR,NR,NR,NR,NR,NR,NR,NR,NR,NR,NR,NR,NR,NR,NR,NR,NR,NR,NR,NR,NR,NR,NR,NR,NR,NR,NR,NR,NR,NR,NR,NR,NR,NR,NR,NR,NR,NR,NR,2026-06-28
Jharkhand,Seraikella,NR,NR,NR,NR,NR,NR,NR,NR,NR,NR,NR,NR,NR,NR,NR,NR,NR,NR,NR,NR,NR,NR,NR,NR,NR,NR,NR,NR,NR,NR,NR,NR,NR,NR,NR,NR,NR,NR,NR,NR,NR,2026-06-28
Jharkhand,West Singhbhum,NR,NR,NR,NR,NR,NR,NR,NR,NR,NR,NR,NR,NR,NR,NR,NR,NR,NR,NR,NR,NR,NR,NR,NR,NR,NR,NR,NR,NR,NR,NR,NR,NR,NR,NR,NR,NR,NR,NR,NR,NR,2026-06-28
Jharkhand,Daltonganj,38,30,27,37,80,108,115,107,83,48,60,NR,188,155,167,NR,137,60,300,30,20,32,45,NR,NR,45,62,47,118,688,68,95,52,96,40,41,26,18,40,45,33,2026-06-28
Jharkhand,Deoghar,40,18,32,35,80,110,120,110,100,48,60,176,186,176,148,176,132,60,300,25,15,25,50,50,50,40,60,50,90,769,60,85,30,80,40,35,25,15,40,40,40,2026-06-28
Jharkhand,Ramgarh,NR,NR,NR,NR,NR,NR,NR,NR,NR,NR,NR,NR,NR,NR,NR,NR,NR,NR,NR,NR,NR,NR,NR,NR,NR,NR,NR,NR,NR,NR,NR,NR,NR,NR,NR,NR,NR,NR,NR,NR,NR,2026-06-28
Jharkhand,Pakur,NR,NR,NR,NR,NR,NR,NR,NR,NR,NR,NR,NR,NR,NR,NR,NR,NR,NR,NR,NR,NR,NR,NR,NR,NR,NR,NR,NR,NR,NR,NR,NR,NR,NR,NR,NR,NR,NR,NR,NR,NR,2026-06-28
Jharkhand,Jamtara,46,24,27,32,81,115,116,100,85,48,62,275,189,161,169,188,150,57,285,29,12,23,52,57,72,32,57,55,85,754,58,85,28,80,44,31,28,18,55,48,47,2026-06-28
Jharkhand,Latehar,NR,NR,NR,NR,NR,NR,NR,NR,NR,NR,NR,NR,NR,NR,NR,NR,NR,NR,NR,NR,NR,NR,NR,NR,NR,NR,NR,NR,NR,NR,NR,NR,NR,NR,NR,NR,NR,NR,NR,NR,NR,2026-06-28
Jharkhand,Godda,NR,NR,NR,NR,NR,NR,NR,NR,NR,NR,NR,NR,NR,NR,NR,NR,NR,NR,NR,NR,NR,NR,NR,NR,NR,NR,NR,NR,NR,NR,NR,NR,NR,NR,NR,NR,NR,NR,NR,NR,NR,2026-06-28
Jharkhand,Koderma,40,24,30,35,80,120,120,103,80,49,63,198,198,154,163,193,126,60,199,28,19,30,41,NR,NR,37,NR,38,90,706,59,91,30,86,44,36,25,14,61,44,42,2026-06-28
Odisha,Bhubaneshwar,42,34,36,46,80,110,114,110,80,48,58,NR,203,145,NR,192,165,65,230,30,17,35,33,NR,NR,36,45,38,90,NR,NR,78,40,90,30,35,25,12,50,40,50,2026-06-28
Odisha,Cuttack,40,31,37,46,79,111,112,110,79,49,58,NR,202,145,NR,194,166,59,257,30,16,31,33,41,44,37,55,39,93,740,57,80,43,91,41,35,27,15,58,35,47,2026-06-28
Odisha,Sambalpur,40,30,36,45,80,110,110,100,78,50,58,NR,204,143,NR,193,167,55,240,30,16,25,40,40,40,35,60,36,90,758,NR,72,40,90,43,35,30,15,60,40,45,2026-06-28
Odisha,Rourkela,36,26,35,38,77,116,111,99,77,47,58,NR,202,144,153,197,168,57,190,28,16,29,30,35,36,38,40,39,91,529,56,83,40,88,39,32,30,15,47,35,52,2026-06-28
Odisha,Berhampur,NR,NR,NR,NR,NR,NR,NR,NR,NR,NR,NR,NR,NR,NR,NR,NR,NR,NR,NR,NR,NR,NR,NR,NR,NR,NR,NR,NR,NR,NR,NR,NR,NR,NR,NR,NR,NR,NR,NR,NR,NR,2026-06-28
Odisha,Jeypore,NR,NR,NR,NR,NR,NR,NR,NR,NR,NR,NR,NR,NR,NR,NR,NR,NR,NR,NR,NR,NR,NR,NR,NR,NR,NR,NR,NR,NR,NR,NR,NR,NR,NR,NR,NR,NR,NR,NR,NR,NR,2026-06-28
Odisha,Balasore,38,27,41,45,78,115,107,96,75,45,58,NR,197,176,NR,191,167,59,240,28,14,32,43,NR,NR,42,NR,43,93,617,56,66,30,93,41,40,28,11,45,30,35,2026-06-28
Odisha,Baripada,35,24,33,42,79,115,114,97,79,49,58,NR,189,171,NR,187,170,60,239,28,15,25,53,35,NR,51,48,51,91,706,57,84,48,101,43,36,31,14,55,26,31,2026-06-28
Odisha,Balangir,NR,NR,NR,NR,NR,NR,NR,NR,NR,NR,NR,NR,NR,NR,NR,NR,NR,NR,NR,NR,NR,NR,NR,NR,NR,NR,NR,NR,NR,NR,NR,NR,NR,NR,NR,NR,NR,NR,NR,NR,NR,2026-06-28
Odisha,Angul,37,NR,NR,50,87,133,113,123,88,49,60,NR,198,176,NR,198,NR,59,NR,29,16,23,33,43,55,57,50,59,113,NR,61,88,37,83,57,35,30,15,60,37,37,2026-06-28
Odisha,Boudhgarh,NR,NR,NR,NR,NR,NR,NR,NR,NR,NR,NR,NR,NR,NR,NR,NR,NR,NR,NR,NR,NR,NR,NR,NR,NR,NR,NR,NR,NR,NR,NR,NR,NR,NR,NR,NR,NR,NR,NR,NR,NR,2026-06-28
Odisha,Dhenkanal,NR,NR,NR,NR,NR,NR,NR,NR,NR,NR,NR,NR,NR,NR,NR,NR,NR,NR,NR,NR,NR,NR,NR,NR,NR,NR,NR,NR,NR,NR,NR,NR,NR,NR,NR,NR,NR,NR,NR,NR,NR,2026-06-28
Odisha,Jagatsinghpur,NR,NR,NR,NR,NR,NR,NR,NR,NR,NR,NR,NR,NR,NR,NR,NR,NR,NR,NR,NR,NR,NR,NR,NR,NR,NR,NR,NR,NR,NR,NR,NR,NR,NR,NR,NR,NR,NR,NR,NR,NR,2026-06-28
Odisha,Kandhamal,NR,NR,NR,NR,NR,NR,NR,NR,NR,NR,NR,NR,NR,NR,NR,NR,NR,NR,NR,NR,NR,NR,NR,NR,NR,NR,NR,NR,NR,NR,NR,NR,NR,NR,NR,NR,NR,NR,NR,NR,NR,2026-06-28
Odisha,Keonjhar,NR,NR,NR,NR,NR,NR,NR,NR,NR,NR,NR,NR,NR,NR,NR,NR,NR,NR,NR,NR,NR,NR,NR,NR,NR,NR,NR,NR,NR,NR,NR,NR,NR,NR,NR,NR,NR,NR,NR,NR,NR,2026-06-28
Odisha,Malkangiri,NR,NR,NR,NR,NR,NR,NR,NR,NR,NR,NR,NR,NR,NR,NR,NR,NR,NR,NR,NR,NR,NR,NR,NR,NR,NR,NR,NR,NR,NR,NR,NR,NR,NR,NR,NR,NR,NR,NR,NR,NR,2026-06-28
Odisha,Nabarangpur,NR,NR,NR,NR,NR,NR,NR,NR,NR,NR,NR,NR,NR,NR,NR,NR,NR,NR,NR,NR,NR,NR,NR,NR,NR,NR,NR,NR,NR,NR,NR,NR,NR,NR,NR,NR,NR,NR,NR,NR,NR,2026-06-28
Odisha,Nayagarh,NR,NR,NR,NR,NR,NR,NR,NR,NR,NR,NR,NR,NR,NR,NR,NR,NR,NR,NR,NR,NR,NR,NR,NR,NR,NR,NR,NR,NR,NR,NR,NR,NR,NR,NR,NR,NR,NR,NR,NR,NR,2026-06-28
Odisha,Nuapada,NR,NR,NR,NR,NR,NR,NR,NR,NR,NR,NR,NR,NR,NR,NR,NR,NR,NR,NR,NR,NR,NR,NR,NR,NR,NR,NR,NR,NR,NR,NR,NR,NR,NR,NR,NR,NR,NR,NR,NR,NR,2026-06-28
Odisha,Paralakhemundi Gajapati,52,37,41,41,82,121,120,110,80,45,NR,202,207,159,153,176,136,54,310,23,20,26,44,55,59,39,58,40,70,771,60,82,40,90,49,39,29,14,57,40,43,2026-06-28
Odisha,Puri,40,32,NR,43,80,116,113,105,84,48,58,NR,199,163,NR,191,147,57,267,26,16,29,35,NR,NR,39,NR,44,94,677,58,77,42,85,39,34,26,14,48,26,37,2026-06-28
Odisha,Rayagada,43,NR,41,50,85,120,120,111,80,48,60,209,203,150,NR,198,140,60,NR,30,19,27,40,NR,NR,45,40,49,80,690,58,88,40,82,34,35,24,13,50,35,43,2026-06-28
Odisha,Sonepur,NR,NR,NR,NR,NR,NR,NR,NR,NR,NR,NR,NR,NR,NR,NR,NR,NR,NR,NR,NR,NR,NR,NR,NR,NR,NR,NR,NR,NR,NR,NR,NR,NR,NR,NR,NR,NR,NR,NR,NR,NR,2026-06-28
Odisha,Bhadrak,33,23,NR,39,85,120,112,115,80,48,63,NR,211,176,NR,195,154,58,333,28,14,25,40,44,NR,37,63,39,82,769,58,83,43,81,40,30,26,15,48,28,37,2026-06-28
Odisha,Jharsuguda,NR,NR,NR,NR,NR,NR,NR,NR,NR,NR,NR,NR,NR,NR,NR,NR,NR,NR,NR,NR,NR,NR,NR,NR,NR,NR,NR,NR,NR,NR,NR,NR,NR,NR,NR,NR,NR,NR,NR,NR,NR,2026-06-28
Odisha,Kendrapara,39,32,38,45,85,123,104,110,85,46,55,NR,200,145,NR,191,157,55,279,28,14,27,35,NR,NR,43,57,44,87,699,61,73,37,83,28,38,24,15,54,18,38,2026-06-28
Odisha,Jajpur,34,31,40,47,77,121,105,106,81,45,56,NR,198,184,NR,190,121,55,NR,29,16,26,41,NR,NR,35,NR,46,100,659,54,84,41,85,39,29,23,13,51,26,33,2026-06-28
Odisha,Kalahandi,42,30,37,49,85,120,118,110,85,47,54,NR,203,163,NR,186,133,54,430,30,19,25,52,NR,NR,40,37,50,101,753,NR,72,37,84,37,33,29,13,40,26,43,2026-06-28
West Bengal,Kolkata,NR,NR,NR,NR,NR,NR,NR,NR,NR,NR,NR,NR,NR,NR,NR,NR,NR,NR,NR,NR,NR,NR,NR,NR,NR,NR,NR,NR,NR,NR,NR,NR,NR,NR,NR,NR,NR,NR,NR,NR,NR,2026-06-28
West Bengal,Siliguri,NR,NR,NR,NR,NR,NR,NR,NR,NR,NR,NR,NR,NR,NR,NR,NR,NR,NR,NR,NR,NR,NR,NR,NR,NR,NR,NR,NR,NR,NR,NR,NR,NR,NR,NR,NR,NR,NR,NR,NR,NR,2026-06-28
West Bengal,Purulia,NR,NR,NR,NR,NR,NR,NR,NR,NR,NR,NR,NR,NR,NR,NR,NR,NR,NR,NR,NR,NR,NR,NR,NR,NR,NR,NR,NR,NR,NR,NR,NR,NR,NR,NR,NR,NR,NR,NR,NR,NR,2026-06-28
West Bengal,Kharagpur,NR,NR,NR,NR,NR,NR,NR,NR,NR,NR,NR,NR,NR,NR,NR,NR,NR,NR,NR,NR,NR,NR,NR,NR,NR,NR,NR,NR,NR,NR,NR,NR,NR,NR,NR,NR,NR,NR,NR,NR,NR,2026-06-28
West Bengal,Rampurhat,NR,NR,NR,NR,NR,NR,NR,NR,NR,NR,NR,NR,NR,NR,NR,NR,NR,NR,NR,NR,NR,NR,NR,NR,NR,NR,NR,NR,NR,NR,NR,NR,NR,NR,NR,NR,NR,NR,NR,NR,NR,2026-06-28
West Bengal,Malda,NR,NR,NR,NR,NR,NR,NR,NR,NR,NR,NR,NR,NR,NR,NR,NR,NR,NR,NR,NR,NR,NR,NR,NR,NR,NR,NR,NR,NR,NR,NR,NR,NR,NR,NR,NR,NR,NR,NR,NR,NR,2026-06-28
West Bengal,Raiganj,NR,NR,NR,NR,NR,NR,NR,NR,NR,NR,NR,NR,NR,NR,NR,NR,NR,NR,NR,NR,NR,NR,NR,NR,NR,NR,NR,NR,NR,NR,NR,NR,NR,NR,NR,NR,NR,NR,NR,NR,NR,2026-06-28
West Bengal,Alipurduar,NR,NR,NR,NR,NR,NR,NR,NR,NR,NR,NR,NR,NR,NR,NR,NR,NR,NR,NR,NR,NR,NR,NR,NR,NR,NR,NR,NR,NR,NR,NR,NR,NR,NR,NR,NR,NR,NR,NR,NR,NR,2026-06-28
West Bengal,Asansol,NR,NR,NR,NR,NR,NR,NR,NR,NR,NR,NR,NR,NR,NR,NR,NR,NR,NR,NR,NR,NR,NR,NR,NR,NR,NR,NR,NR,NR,NR,NR,NR,NR,NR,NR,NR,NR,NR,NR,NR,NR,2026-06-28
West Bengal,Balurghat,NR,NR,NR,NR,NR,NR,NR,NR,NR,NR,NR,NR,NR,NR,NR,NR,NR,NR,NR,NR,NR,NR,NR,NR,NR,NR,NR,NR,NR,NR,NR,NR,NR,NR,NR,NR,NR,NR,NR,NR,NR,2026-06-28
West Bengal,Bankura,NR,NR,NR,NR,NR,NR,NR,NR,NR,NR,NR,NR,NR,NR,NR,NR,NR,NR,NR,NR,NR,NR,NR,NR,NR,NR,NR,NR,NR,NR,NR,NR,NR,NR,NR,NR,NR,NR,NR,NR,NR,2026-06-28
West Bengal,Barasat,54,NR,32,38,90,122,119,121,115,50,57,NR,193,170,161,174,138,65,327,29,15,28,52,NR,NR,38,NR,56,71,635,60,83,65,89,36,34,26,17,45,46,52,2026-06-28
West Bengal,Bardhaman,52,29,NR,39,86,126,126,119,110,48,58,234,193,158,148,189,140,64,320,28,13,30,40,NR,NR,36,NR,43,93,760,61,89,44,89,48,30,30,14,65,39,38,2026-06-28
West Bengal,Baruipur,NR,NR,NR,NR,NR,NR,NR,NR,NR,NR,NR,NR,NR,NR,NR,NR,NR,NR,NR,NR,NR,NR,NR,NR,NR,NR,NR,NR,NR,NR,NR,NR,NR,NR,NR,NR,NR,NR,NR,NR,NR,2026-06-28
West Bengal,Berhampore,46,27,25,40,85,122,119,113,107,50,63,NR,190,151,170,196,169,54,303,25,15,24,62,NR,NR,40,NR,61,73,606,60,90,38,98,32,29,27,15,33,48,40,2026-06-28
West Bengal,Chinsurah,NR,NR,NR,NR,NR,NR,NR,NR,NR,NR,NR,NR,NR,NR,NR,NR,NR,NR,NR,NR,NR,NR,NR,NR,NR,NR,NR,NR,NR,NR,NR,NR,NR,NR,NR,NR,NR,NR,NR,NR,NR,2026-06-28
West Bengal,Cooch behar,NR,NR,NR,NR,NR,NR,NR,NR,NR,NR,NR,NR,NR,NR,NR,NR,NR,NR,NR,NR,NR,NR,NR,NR,NR,NR,NR,NR,NR,NR,NR,NR,NR,NR,NR,NR,NR,NR,NR,NR,NR,2026-06-28
West Bengal,Howrah,NR,NR,NR,NR,NR,NR,NR,NR,NR,NR,NR,NR,NR,NR,NR,NR,NR,NR,NR,NR,NR,NR,NR,NR,NR,NR,NR,NR,NR,NR,NR,NR,NR,NR,NR,NR,NR,NR,NR,NR,NR,2026-06-28
West Bengal,Jalapiguri,NR,NR,NR,NR,NR,NR,NR,NR,NR,NR,NR,NR,NR,NR,NR,NR,NR,NR,NR,NR,NR,NR,NR,NR,NR,NR,NR,NR,NR,NR,NR,NR,NR,NR,NR,NR,NR,NR,NR,NR,NR,2026-06-28
West Bengal,Jhargram,NR,NR,NR,NR,NR,NR,NR,NR,NR,NR,NR,NR,NR,NR,NR,NR,NR,NR,NR,NR,NR,NR,NR,NR,NR,NR,NR,NR,NR,NR,NR,NR,NR,NR,NR,NR,NR,NR,NR,NR,NR,2026-06-28
West Bengal,Kalimpong,45,NR,36,37,80,153,132,124,97,47,69,NR,NR,130,137,173,NR,62,394,16,28,33,70,NR,NR,41,46,43,99,715,NR,91,58,101,70,50,31,19,46,NR,40,2026-06-28
West Bengal,Krishnagar,NR,NR,NR,NR,NR,NR,NR,NR,NR,NR,NR,NR,NR,NR,NR,NR,NR,NR,NR,NR,NR,NR,NR,NR,NR,NR,NR,NR,NR,NR,NR,NR,NR,NR,NR,NR,NR,NR,NR,NR,NR,2026-06-28
West Bengal,Tamluk,NR,NR,NR,NR,NR,NR,NR,NR,NR,NR,NR,NR,NR,NR,NR,NR,NR,NR,NR,NR,NR,NR,NR,NR,NR,NR,NR,NR,NR,NR,NR,NR,NR,NR,NR,NR,NR,NR,NR,NR,NR,2026-06-28
NORTH EAST ZONE,NORTH EAST ZONE,,,,,,,,,,,,,,,,,,,,,,,,,,,,,,,,,,,,,,,,,,2026-06-28
Andaman and Nicobar,Port Blair,NR,NR,NR,NR,NR,NR,NR,NR,NR,NR,NR,NR,NR,NR,NR,NR,NR,NR,NR,NR,NR,NR,NR,NR,NR,NR,NR,NR,NR,NR,NR,NR,NR,NR,NR,NR,NR,NR,NR,NR,NR,2026-06-28
Andaman and Nicobar,Mayabunder,NR,NR,NR,NR,NR,NR,NR,NR,NR,NR,NR,NR,NR,NR,NR,NR,NR,NR,NR,NR,NR,NR,NR,NR,NR,NR,NR,NR,NR,NR,NR,NR,NR,NR,NR,NR,NR,NR,NR,NR,NR,2026-06-28
Andaman and Nicobar,Car Nicobar,NR,NR,NR,NR,NR,NR,NR,NR,NR,NR,NR,NR,NR,NR,NR,NR,NR,NR,NR,NR,NR,NR,NR,NR,NR,NR,NR,NR,NR,NR,NR,NR,NR,NR,NR,NR,NR,NR,NR,NR,NR,2026-06-28
Arunachal pradesh,Itanagar,NR,NR,NR,NR,NR,NR,NR,NR,NR,NR,NR,NR,NR,NR,NR,NR,NR,NR,NR,NR,NR,NR,NR,NR,NR,NR,NR,NR,NR,NR,NR,NR,NR,NR,NR,NR,NR,NR,NR,NR,NR,2026-06-28
Arunachal pradesh,Namsai,NR,NR,NR,NR,NR,NR,NR,NR,NR,NR,NR,NR,NR,NR,NR,NR,NR,NR,NR,NR,NR,NR,NR,NR,NR,NR,NR,NR,NR,NR,NR,NR,NR,NR,NR,NR,NR,NR,NR,NR,NR,2026-06-28
Arunachal pradesh,Pasighat,53,NR,NR,50,93,113,97,93,113,60,80,176,238,172,179,187,NR,90,400,20,20,40,70,NR,NR,50,NR,57,83,723,59,100,60,100,70,78,43,15,60,48,67,2026-06-28
Arunachal pradesh,Tawang,45,NR,45,45,100,NR,140,137,98,57,73,NR,236,182,NR,165,NR,100,340,20,42,50,50,NR,NR,42,NR,53,93,684,57,112,70,98,28,83,30,28,73,31,43,2026-06-28
Arunachal pradesh,Tezu,37,NR,NR,40,90,130,120,120,90,50,70,NR,154,NR,159,NR,NR,80,240,15,20,30,80,NR,NR,40,NR,70,100,824,61,108,40,80,60,40,30,20,40,20,50,2026-06-28
Assam,Guwahati,38,30,33,39,75,111,95,97,81,49,71,216,203,188,176,203,165,60,220,13,17,32,63,NR,NR,45,NR,47,NR,NR,NR,95,43,NR,40,NR,22,19,76,40,40,2026-06-28
Assam,Barpeta,33,23,36,35,79,106,96,99,80,50,74,197,213,139,159,195,163,56,155,10,15,29,39,50,43,38,97,52,83,736,63,81,40,83,34,33,27,18,58,24,25,2026-06-28
Assam,Tinsukia,NR,NR,NR,NR,NR,NR,NR,NR,NR,NR,NR,NR,NR,NR,NR,NR,NR,NR,NR,NR,NR,NR,NR,NR,NR,NR,NR,NR,NR,NR,NR,NR,NR,NR,NR,NR,NR,NR,NR,NR,NR,2026-06-28
Assam,Dhubri,31,25,NR,33,76,130,NR,106,82,48,77,NR,225,158,154,176,126,60,180,12,15,25,50,50,65,35,65,50,110,747,60,90,30,70,30,40,25,15,50,25,30,2026-06-28
Assam,Goalpara,36,25,32,35,85,130,130,109,95,48,63,NR,198,161,164,181,NR,61,212,10,14,30,40,NR,NR,36,NR,53,97,787,62,90,40,95,38,31,31,18,60,28,32,2026-06-28
Assam,Golaghat,NR,NR,NR,NR,NR,NR,NR,NR,NR,NR,NR,NR,NR,NR,NR,NR,NR,NR,NR,NR,NR,NR,NR,NR,NR,NR,NR,NR,NR,NR,NR,NR,NR,NR,NR,NR,NR,NR,NR,NR,NR,2026-06-28
Assam,Mangaldai,45,23,33,32,78,108,95,102,84,48,70,NR,193,142,NR,NR,160,60,260,11,15,34,35,NR,NR,35,NR,35,NR,NR,NR,96,33,NR,NR,NR,30,17,65,23,40,2026-06-28
Assam,Mushalpur,39,26,39,35,85,115,101,110,90,49,75,NR,214,149,186,185,132,52,250,10,15,34,72,NR,NR,36,NR,51,81,831,60,90,38,95,29,NR,30,30,57,35,36,2026-06-28
Assam,Udalguri,38,26,NR,38,84,117,96,112,88,49,77,NR,208,NR,160,188,145,58,272,10,11,32,45,NR,NR,39,NR,40,75,687,NR,79,37,80,42,NR,21,13,53,30,40,2026-06-28
Assam,Bajali,34,NR,33,40,87,118,102,113,93,49,78,164,214,NR,159,205,137,67,363,10,15,34,53,NR,NR,36,103,45,85,795,62,95,40,87,61,60,32,25,70,30,35,2026-06-28
Assam,Hojai,NR,NR,NR,NR,NR,NR,NR,NR,NR,NR,NR,NR,NR,NR,NR,NR,NR,NR,NR,NR,NR,NR,NR,NR,NR,NR,NR,NR,NR,NR,NR,NR,NR,NR,NR,NR,NR,NR,NR,NR,NR,2026-06-28
Assam,Jorhat,40,34,36,40,82,111,115,103,100,50,78,181,209,160,159,160,132,60,208,12,18,34,60,NR,NR,55,NR,54,78,714,NR,102,40,80,42,42,30,12,60,20,40,2026-06-28
Assam,Bongaigaon,43,NR,NR,35,83,118,97,110,90,47,70,NR,184,152,150,165,NR,60,322,10,13,25,39,NR,NR,37,NR,60,76,NR,NR,90,32,NR,40,NR,30,18,55,20,40,2026-06-28
Assam,Morigaon,NR,NR,NR,NR,NR,NR,NR,NR,NR,NR,NR,NR,NR,NR,NR,NR,NR,NR,NR,NR,NR,NR,NR,NR,NR,NR,NR,NR,NR,NR,NR,NR,NR,NR,NR,NR,NR,NR,NR,NR,NR,2026-06-28
Assam,Sonari,41,32,43,42,98,122,NR,110,98,49,78,NR,209,NR,176,NR,NR,73,220,13,15,32,52,NR,NR,39,NR,60,90,NR,NR,96,45,80,43,42,30,15,59,18,40,2026-06-28
Assam,Tamulpur,36,26,37,37,85,127,110,111,90,49,77,NR,195,152,175,NR,160,70,270,10,15,40,50,NR,NR,36,NR,40,76,710,NR,96,32,NR,NR,NR,29,12,50,35,40,2026-06-28
Assam,Sivasagar,NR,NR,NR,NR,NR,NR,NR,NR,NR,NR,NR,NR,NR,NR,NR,NR,NR,NR,NR,NR,NR,NR,NR,NR,NR,NR,NR,NR,NR,NR,NR,NR,NR,NR,NR,NR,NR,NR,NR,NR,NR,2026-06-28
Assam,Biswanath Chariali,NR,NR,NR,NR,NR,NR,NR,NR,NR,NR,NR,NR,NR,NR,NR,NR,NR,NR,NR,NR,NR,NR,NR,NR,NR,NR,NR,NR,NR,NR,NR,NR,NR,NR,NR,NR,NR,NR,NR,NR,NR,2026-06-28
Assam,Dibrugarh,35,28,NR,35,87,129,129,109,101,49,77,NR,207,160,188,211,NR,59,203,12,17,37,62,NR,NR,36,NR,55,89,784,58,96,53,79,49,42,34,14,53,33,43,2026-06-28
Assam,Karimganj,37,NR,NR,39,80,112,122,102,79,48,75,NR,209,NR,165,215,NR,72,238,14,23,30,63,NR,NR,39,NR,65,130,NR,58,96,43,NR,48,NR,29,16,50,32,48,2026-06-28
Assam,Majuli,34,NR,38,40,95,118,92,110,100,51,70,NR,188,NR,159,NR,NR,60,260,15,19,29,46,NR,NR,41,NR,43,112,NR,NR,84,40,70,45,NR,35,15,40,30,40,2026-06-28
Assam,Sonitpur Tezpur,NR,NR,NR,NR,NR,NR,NR,NR,NR,NR,NR,NR,NR,NR,NR,NR,NR,NR,NR,NR,NR,NR,NR,NR,NR,NR,NR,NR,NR,NR,NR,NR,NR,NR,NR,NR,NR,NR,NR,NR,NR,2026-06-28
Assam,Haflong,34,39,NR,45,90,120,NR,120,90,50,77,NR,180,NR,121,210,NR,80,270,15,20,35,50,NR,NR,45,NR,45,90,679,58,90,40,95,40,32,30,19,80,20,50,2026-06-28
Assam,AS-Lakhimpur,39,NR,NR,38,81,112,102,110,92,49,73,NR,194,161,164,172,NR,58,193,15,14,32,58,NR,NR,40,NR,42,88,613,59,84,48,80,38,53,32,13,48,30,43,2026-06-28
Assam,Diphu,34,27,NR,39,80,114,115,110,87,49,75,NR,201,NR,154,NR,121,90,245,13,19,34,63,45,45,39,65,70,82,687,62,96,22,80,50,35,30,15,67,25,40,2026-06-28
Assam,Nalbari,36,26,NR,40,82,125,95,110,85,49,70,NR,198,145,165,187,126,58,297,10,12,30,50,NR,NR,40,NR,40,80,820,58,90,40,80,43,50,30,15,73,35,22,2026-06-28
Assam,South Salmara Mankachar,NR,NR,NR,NR,NR,NR,NR,NR,NR,NR,NR,NR,NR,NR,NR,NR,NR,NR,NR,NR,NR,NR,NR,NR,NR,NR,NR,NR,NR,NR,NR,NR,NR,NR,NR,NR,NR,NR,NR,NR,NR,2026-06-28
Assam,Kamrup,NR,NR,NR,NR,NR,NR,NR,NR,NR,NR,NR,NR,NR,NR,NR,NR,NR,NR,NR,NR,NR,NR,NR,NR,NR,NR,NR,NR,NR,NR,NR,NR,NR,NR,NR,NR,NR,NR,NR,NR,NR,2026-06-28
Manipur,Imphal,NR,NR,NR,NR,NR,NR,NR,NR,NR,NR,NR,NR,NR,NR,NR,NR,NR,NR,NR,NR,NR,NR,NR,NR,NR,NR,NR,NR,NR,NR,NR,NR,NR,NR,NR,NR,NR,NR,NR,NR,NR,2026-06-28
Manipur,Chandel,NR,NR,NR,NR,NR,NR,NR,NR,NR,NR,NR,NR,NR,NR,NR,NR,NR,NR,NR,NR,NR,NR,NR,NR,NR,NR,NR,NR,NR,NR,NR,NR,NR,NR,NR,NR,NR,NR,NR,,,2026-06-28
Manipur,Jiribam,NR,NR,NR,NR,NR,NR,NR,NR,NR,NR,NR,NR,NR,NR,NR,NR,NR,NR,NR,NR,NR,NR,NR,NR,NR,NR,NR,NR,NR,NR,NR,NR,NR,NR,NR,NR,NR,NR,NR,NR,NR,2026-06-28
Manipur,Kangpokpi,NR,NR,NR,NR,NR,NR,NR,NR,NR,NR,NR,NR,NR,NR,NR,NR,NR,NR,NR,NR,NR,NR,NR,NR,NR,NR,NR,NR,NR,NR,NR,NR,NR,NR,NR,NR,NR,NR,NR,NR,NR,2026-06-28
Manipur,Senapati,NR,NR,NR,NR,NR,NR,NR,NR,NR,NR,NR,NR,NR,NR,NR,NR,NR,NR,NR,NR,NR,NR,NR,NR,NR,NR,NR,NR,NR,NR,NR,NR,NR,NR,NR,NR,NR,NR,NR,NR,NR,2026-06-28
Manipur,Tamenglong,NR,NR,NR,NR,NR,NR,NR,NR,NR,NR,NR,NR,NR,NR,NR,NR,NR,NR,NR,NR,NR,NR,NR,NR,NR,NR,NR,NR,NR,NR,NR,NR,NR,NR,NR,NR,NR,NR,NR,,,2026-06-28
Manipur,Thoubal,NR,NR,NR,NR,NR,NR,NR,NR,NR,NR,NR,NR,NR,NR,NR,NR,NR,NR,NR,NR,NR,NR,NR,NR,NR,NR,NR,NR,NR,NR,NR,NR,NR,NR,NR,NR,NR,NR,NR,NR,NR,2026-06-28
Manipur,Ukhrul,NR,NR,NR,NR,NR,NR,NR,NR,NR,NR,NR,NR,NR,NR,NR,NR,NR,NR,NR,NR,NR,NR,NR,NR,NR,NR,NR,NR,NR,NR,NR,NR,NR,NR,NR,NR,NR,NR,NR,NR,NR,2026-06-28
Manipur,Churachandpur,NR,NR,NR,NR,NR,NR,NR,NR,NR,NR,NR,NR,NR,NR,NR,NR,NR,NR,NR,NR,NR,NR,NR,NR,NR,NR,NR,NR,NR,NR,NR,NR,NR,NR,NR,NR,NR,NR,NR,NR,NR,2026-06-28
Manipur,Kakching,NR,NR,NR,NR,NR,NR,NR,NR,NR,NR,NR,NR,NR,NR,NR,NR,NR,NR,NR,NR,NR,NR,NR,NR,NR,NR,NR,NR,NR,NR,NR,NR,NR,NR,NR,NR,NR,NR,NR,NR,NR,2026-06-28
Meghalaya,Shillong,NR,NR,NR,NR,NR,NR,NR,NR,NR,NR,NR,NR,NR,NR,NR,NR,NR,NR,NR,NR,NR,NR,NR,NR,NR,NR,NR,NR,NR,NR,NR,NR,NR,NR,NR,NR,NR,NR,NR,NR,NR,2026-06-28
Meghalaya,Tura,NR,NR,NR,NR,NR,NR,NR,NR,NR,NR,NR,NR,NR,NR,NR,NR,NR,NR,NR,NR,NR,NR,NR,NR,NR,NR,NR,NR,NR,NR,NR,NR,NR,NR,NR,NR,NR,NR,NR,NR,NR,2026-06-28
Meghalaya,Jowai,NR,NR,NR,NR,NR,NR,NR,NR,NR,NR,NR,NR,NR,NR,NR,NR,NR,NR,NR,NR,NR,NR,NR,NR,NR,NR,NR,NR,NR,NR,NR,NR,NR,NR,NR,NR,NR,NR,NR,NR,NR,2026-06-28
Meghalaya,Sohra,NR,NR,NR,NR,NR,NR,NR,NR,NR,NR,NR,NR,NR,NR,NR,NR,NR,NR,NR,NR,NR,NR,NR,NR,NR,NR,NR,NR,NR,NR,NR,NR,NR,NR,NR,NR,NR,NR,NR,NR,NR,2026-06-28
Meghalaya,Mairang,39,NR,40,40,NR,NR,NR,120,90,50,75,NR,154,NR,154,NR,NR,NR,393,17,20,40,60,NR,NR,40,NR,40,98,NR,60,96,80,80,50,50,27,17,100,20,70,2026-06-28
Meghalaya,Nongpoh,NR,NR,NR,NR,NR,NR,NR,NR,NR,NR,NR,NR,NR,NR,NR,NR,NR,NR,NR,NR,NR,NR,NR,NR,NR,NR,NR,NR,NR,NR,NR,NR,NR,NR,NR,NR,NR,NR,NR,NR,NR,2026-06-28
Meghalaya,Khliehriat,43,42,39,39,92,128,NR,115,85,50,76,NR,150,NR,148,NR,NR,NR,313,30,20,38,43,NR,NR,39,NR,44,73,743,59,83,43,77,58,42,32,15,73,22,40,2026-06-28
Meghalaya,Williamnagar,NR,NR,NR,NR,NR,NR,NR,NR,NR,NR,NR,NR,NR,NR,NR,NR,NR,NR,NR,NR,NR,NR,NR,NR,NR,NR,NR,NR,NR,NR,NR,NR,NR,NR,NR,NR,NR,NR,NR,NR,NR,2026-06-28
Meghalaya,Nongstoin,NR,NR,NR,NR,NR,NR,NR,NR,NR,NR,NR,NR,NR,NR,NR,NR,NR,NR,NR,NR,NR,NR,NR,NR,NR,NR,NR,NR,NR,NR,NR,NR,NR,NR,NR,NR,NR,NR,NR,NR,NR,2026-06-28
Meghalaya,Mawkyrwat,NR,NR,NR,NR,NR,NR,NR,NR,NR,NR,NR,NR,NR,NR,NR,NR,NR,NR,NR,NR,NR,NR,NR,NR,NR,NR,NR,NR,NR,NR,NR,NR,NR,NR,NR,NR,NR,NR,NR,NR,NR,2026-06-28
Mizoram,Aizawl,NR,NR,NR,NR,NR,NR,NR,NR,NR,NR,NR,NR,NR,NR,NR,NR,NR,NR,NR,NR,NR,NR,NR,NR,NR,NR,NR,NR,NR,NR,NR,NR,NR,NR,NR,NR,NR,NR,NR,NR,NR,2026-06-28
Mizoram,Lunglei,50,50,40,50,125,180,180,150,110,55,82,NR,240,203,115,207,132,100,486,30,50,50,100,NR,NR,50,NR,50,115,680,60,100,65,95,75,60,30,20,80,30,70,2026-06-28
Mizoram,Kolasib,50,45,40,45,95,120,140,140,93,55,80,NR,242,NR,143,203,132,100,483,30,30,37,80,NR,40,45,NR,70,120,725,60,90,60,98,100,80,36,35,50,30,70,2026-06-28
Mizoram,Mamit,NR,NR,NR,NR,NR,NR,NR,NR,NR,NR,NR,NR,NR,NR,NR,NR,NR,NR,NR,NR,NR,NR,NR,NR,NR,NR,NR,NR,NR,NR,NR,NR,NR,NR,NR,NR,NR,NR,NR,NR,NR,2026-06-28
Mizoram,Champhai,50,49,50,50,100,130,150,140,108,55,85,NR,238,230,154,NR,NR,110,560,30,35,50,73,NR,NR,47,NR,100,160,745,60,100,45,97,100,80,42,20,80,25,62,2026-06-28
Mizoram,Serchhip,45,NR,NR,49,113,NR,NR,130,100,50,85,NR,264,NR,154,NR,143,100,520,30,30,50,100,NR,NR,55,NR,80,160,633,60,96,53,107,80,90,30,23,60,30,65,2026-06-28
Mizoram,Siaha,NR,NR,NR,NR,NR,NR,NR,NR,NR,NR,NR,NR,NR,NR,NR,NR,NR,NR,NR,NR,NR,NR,NR,NR,NR,NR,NR,NR,NR,NR,NR,NR,NR,NR,NR,NR,NR,NR,NR,NR,NR,2026-06-28
Mizoram,Lawngtlai,50,NR,45,50,100,160,140,140,100,50,80,NR,253,NR,143,NR,132,110,480,30,40,60,120,NR,NR,50,NR,80,140,660,60,100,80,100,NR,90,60,40,100,30,70,2026-06-28
Mizoram,Hnahthial,53,NR,45,50,NR,147,150,133,103,52,84,NR,257,NR,154,NR,NR,120,500,30,28,43,97,NR,NR,50,NR,90,140,659,60,96,65,93,NR,90,50,20,75,28,70,2026-06-28
Mizoram,Khawzawl,45,43,40,48,97,137,130,117,98,53,82,NR,213,145,154,NR,132,140,470,30,37,55,87,NR,NR,48,NR,68,118,628,60,98,62,87,NR,63,58,33,73,48,35,2026-06-28
Mizoram,Saitual,NR,NR,NR,NR,NR,NR,NR,NR,NR,NR,NR,NR,NR,NR,NR,NR,NR,NR,NR,NR,NR,NR,NR,NR,NR,NR,NR,NR,NR,NR,NR,NR,NR,NR,NR,NR,NR,NR,NR,NR,NR,2026-06-28
Nagaland,Kohima,NR,NR,NR,NR,NR,NR,NR,NR,NR,NR,NR,NR,NR,NR,NR,NR,NR,NR,NR,NR,NR,NR,NR,NR,NR,NR,NR,NR,NR,NR,NR,NR,NR,NR,NR,NR,NR,NR,NR,NR,NR,2026-06-28
Nagaland,Dimapur,40,35,43,50,71,160,110,120,90,53,80,209,181,220,198,209,181,80,350,20,26,30,50,NR,NR,45,NR,100,160,769,67,80,36,75,75,80,50,15,80,26,55,2026-06-28
Nagaland,Tuensang,NR,NR,NR,NR,NR,NR,NR,NR,NR,NR,NR,NR,NR,NR,NR,NR,NR,NR,NR,NR,NR,NR,NR,NR,NR,NR,NR,NR,NR,NR,NR,NR,NR,NR,NR,NR,NR,NR,NR,NR,NR,2026-06-28
Nagaland,Mokochung,NR,NR,NR,NR,NR,NR,NR,NR,NR,NR,NR,NR,NR,NR,NR,NR,NR,NR,NR,NR,NR,NR,NR,NR,NR,NR,NR,NR,NR,NR,NR,NR,NR,NR,NR,NR,NR,NR,NR,NR,NR,2026-06-28
Nagaland,Chumukedima,NR,NR,NR,NR,NR,NR,NR,NR,NR,NR,NR,NR,NR,NR,NR,NR,NR,NR,NR,NR,NR,NR,NR,NR,NR,NR,NR,NR,NR,NR,NR,NR,NR,NR,NR,NR,NR,NR,NR,NR,NR,2026-06-28
Nagaland,Mon,NR,NR,NR,NR,NR,NR,NR,NR,NR,NR,NR,NR,NR,NR,NR,NR,NR,NR,NR,NR,NR,NR,NR,NR,NR,NR,NR,NR,NR,NR,NR,NR,NR,NR,NR,NR,NR,NR,NR,NR,NR,2026-06-28
Nagaland,Peren,NR,NR,NR,NR,NR,NR,NR,NR,NR,NR,NR,NR,NR,NR,NR,NR,NR,NR,NR,NR,NR,NR,NR,NR,NR,NR,NR,NR,NR,NR,NR,NR,NR,NR,NR,NR,NR,NR,NR,NR,NR,2026-06-28
Nagaland,Phek,NR,NR,NR,NR,NR,NR,NR,NR,NR,NR,NR,NR,NR,NR,NR,NR,NR,NR,NR,NR,NR,NR,NR,NR,NR,NR,NR,NR,NR,NR,NR,NR,NR,NR,NR,NR,NR,NR,NR,NR,NR,2026-06-28
Nagaland,Tseminyu,NR,NR,NR,NR,NR,NR,NR,NR,NR,NR,NR,NR,NR,NR,NR,NR,NR,NR,NR,NR,NR,NR,NR,NR,NR,NR,NR,NR,NR,NR,NR,NR,NR,NR,NR,NR,NR,NR,NR,NR,NR,2026-06-28
Nagaland,Wokha,NR,NR,NR,NR,NR,NR,NR,NR,NR,NR,NR,NR,NR,NR,NR,NR,NR,NR,NR,NR,NR,NR,NR,NR,NR,NR,NR,NR,NR,NR,NR,NR,NR,NR,NR,NR,NR,NR,NR,NR,NR,2026-06-28
Nagaland,Zunheboto,NR,NR,NR,NR,NR,NR,NR,NR,NR,NR,NR,NR,NR,NR,NR,NR,NR,NR,NR,NR,NR,NR,NR,NR,NR,NR,NR,NR,NR,NR,NR,NR,NR,NR,NR,NR,NR,NR,NR,NR,NR,2026-06-28
Nagaland,Kiphire,NR,NR,NR,NR,NR,NR,NR,NR,NR,NR,NR,NR,NR,NR,NR,NR,NR,NR,NR,NR,NR,NR,NR,NR,NR,NR,NR,NR,NR,NR,NR,NR,NR,NR,NR,NR,NR,NR,NR,NR,NR,2026-06-28
Nagaland,Longleng,NR,NR,NR,NR,NR,NR,NR,NR,NR,NR,NR,NR,NR,NR,NR,NR,NR,NR,NR,NR,NR,NR,NR,NR,NR,NR,NR,NR,NR,NR,NR,NR,NR,NR,NR,NR,NR,NR,NR,NR,NR,2026-06-28
Nagaland,Niuland,NR,NR,NR,NR,NR,NR,NR,NR,NR,NR,NR,NR,NR,NR,NR,NR,NR,NR,NR,NR,NR,NR,NR,NR,NR,NR,NR,NR,NR,NR,NR,NR,NR,NR,NR,NR,NR,NR,NR,NR,NR,2026-06-28
Nagaland,Shamator,NR,NR,NR,NR,NR,NR,NR,NR,NR,NR,NR,NR,NR,NR,NR,NR,NR,NR,NR,NR,NR,NR,NR,NR,NR,NR,NR,NR,NR,NR,NR,NR,NR,NR,NR,NR,NR,NR,NR,NR,NR,2026-06-28
Nagaland,Noklak,NR,NR,NR,NR,NR,NR,NR,NR,NR,NR,NR,NR,NR,NR,NR,NR,NR,NR,NR,NR,NR,NR,NR,NR,NR,NR,NR,NR,NR,NR,NR,NR,NR,NR,NR,NR,NR,NR,NR,NR,NR,2026-06-28
Sikkim,Gangtok,NR,NR,NR,NR,NR,NR,NR,NR,NR,NR,NR,NR,NR,NR,NR,NR,NR,NR,NR,NR,NR,NR,NR,NR,NR,NR,NR,NR,NR,NR,NR,NR,NR,NR,NR,NR,NR,NR,NR,NR,NR,2026-06-28
Sikkim,Gyalshing,NR,NR,NR,NR,NR,NR,NR,NR,NR,NR,NR,NR,NR,NR,NR,NR,NR,NR,NR,NR,NR,NR,NR,NR,NR,NR,NR,NR,NR,NR,NR,NR,NR,NR,NR,NR,NR,NR,NR,NR,NR,2026-06-28
Sikkim,Namchi,NR,NR,NR,NR,NR,NR,NR,NR,NR,NR,NR,NR,NR,NR,NR,NR,NR,NR,NR,NR,NR,NR,NR,NR,NR,NR,NR,NR,NR,NR,NR,NR,NR,NR,NR,NR,NR,NR,NR,NR,NR,2026-06-28
Sikkim,Soreng,NR,NR,NR,NR,NR,NR,NR,NR,NR,NR,NR,NR,NR,NR,NR,NR,NR,NR,NR,NR,NR,NR,NR,NR,NR,NR,NR,NR,NR,NR,NR,NR,NR,NR,NR,NR,NR,NR,NR,NR,NR,2026-06-28
Sikkim,Mangan,NR,NR,NR,NR,NR,NR,NR,NR,NR,NR,NR,NR,NR,NR,NR,NR,NR,NR,NR,NR,NR,NR,NR,NR,NR,NR,NR,NR,NR,NR,NR,NR,NR,NR,NR,NR,NR,NR,NR,NR,NR,2026-06-28
Sikkim,Pakyong,NR,NR,NR,NR,NR,NR,NR,NR,NR,NR,NR,NR,NR,NR,NR,NR,NR,NR,NR,NR,NR,NR,NR,NR,NR,NR,NR,NR,NR,NR,NR,NR,NR,NR,NR,NR,NR,NR,NR,NR,NR,2026-06-28
Tripura,Agartala,NR,NR,NR,NR,NR,NR,NR,NR,NR,NR,NR,NR,NR,NR,NR,NR,NR,NR,NR,NR,NR,NR,NR,NR,NR,NR,NR,NR,NR,NR,NR,NR,NR,NR,NR,NR,NR,NR,NR,NR,NR,2026-06-28
Tripura,Dharmanagar,NR,NR,NR,NR,NR,NR,NR,NR,NR,NR,NR,NR,NR,NR,NR,NR,NR,NR,NR,NR,NR,NR,NR,NR,NR,NR,NR,NR,NR,NR,NR,NR,NR,NR,NR,NR,NR,NR,NR,NR,NR,2026-06-28
Tripura,Belonia,NR,NR,NR,NR,NR,NR,NR,NR,NR,NR,NR,NR,NR,NR,NR,NR,NR,NR,NR,NR,NR,NR,NR,NR,NR,NR,NR,NR,NR,NR,NR,NR,NR,NR,NR,NR,NR,NR,NR,NR,NR,2026-06-28
Tripura,TR-Udaipur,NR,NR,NR,NR,NR,NR,NR,NR,NR,NR,NR,NR,NR,NR,NR,NR,NR,NR,NR,NR,NR,NR,NR,NR,NR,NR,NR,NR,NR,NR,NR,NR,NR,NR,NR,NR,NR,NR,NR,NR,NR,2026-06-28
Tripura,Ambassa,NR,NR,NR,NR,NR,NR,NR,NR,NR,NR,NR,NR,NR,NR,NR,NR,NR,NR,NR,NR,NR,NR,NR,NR,NR,NR,NR,NR,NR,NR,NR,NR,NR,NR,NR,NR,NR,NR,NR,NR,NR,2026-06-28
SOUTH ZONE,SOUTH ZONE,,,,,,,,,,,,,,,,,,,,,,,,,,,,,,,,,,,,,,,,,,2026-06-28
Andhra Pradesh,Vijaywada,46,33,44,47,81,128,123,104,85,47,60,203,156,137,NR,200,148,55,287,16,30,25,37,45,43,42,51,45,94,604,58,60,68,92,30,39,24,19,48,20,42,2026-06-28
Andhra Pradesh,Visakhapatnam,51,24,42,43,86,124,124,111,85,48,58,198,197,152,NR,191,159,65,260,17,19,28,30,40,44,45,49,45,90,725,60,79,37,88,35,37,24,15,50,35,40,2026-06-28
Andhra Pradesh,Kurnool,NR,NR,NR,NR,NR,NR,NR,NR,NR,NR,NR,NR,NR,NR,NR,NR,NR,NR,NR,NR,NR,NR,NR,NR,NR,NR,NR,NR,NR,NR,NR,NR,NR,NR,NR,NR,NR,NR,NR,NR,NR,2026-06-28
Andhra Pradesh,Tirupathi,50,32,44,45,83,108,105,109,90,43,58,172,183,134,168,162,124,61,308,20,32,32,27,39,43,41,43,45,87,641,55,71,44,85,34,40,20,17,48,31,33,2026-06-28
Andhra Pradesh,Jammalamadugu,NR,NR,NR,NR,NR,NR,NR,NR,NR,NR,NR,NR,NR,NR,NR,NR,NR,NR,NR,NR,NR,NR,NR,NR,NR,NR,NR,NR,NR,NR,NR,NR,NR,NR,NR,NR,NR,NR,NR,,,2026-06-28
Andhra Pradesh,Dharmavaram,NR,NR,NR,NR,NR,NR,NR,NR,NR,NR,NR,NR,NR,NR,NR,NR,NR,NR,NR,NR,NR,NR,NR,NR,NR,NR,NR,NR,NR,NR,NR,NR,NR,NR,NR,NR,NR,NR,NR,,,2026-06-28
Andhra Pradesh,Ongole,NR,NR,NR,NR,NR,NR,NR,NR,NR,NR,NR,NR,NR,NR,NR,NR,NR,NR,NR,NR,NR,NR,NR,NR,NR,NR,NR,NR,NR,NR,NR,NR,NR,NR,NR,NR,NR,NR,NR,NR,NR,2026-06-28
Andhra Pradesh,Bapatla,NR,NR,NR,NR,NR,NR,NR,NR,NR,NR,NR,NR,NR,NR,NR,NR,NR,NR,NR,NR,NR,NR,NR,NR,NR,NR,NR,NR,NR,NR,NR,NR,NR,NR,NR,NR,NR,NR,NR,NR,NR,2026-06-28
Andhra Pradesh,Rajahmundry,NR,NR,NR,NR,NR,NR,NR,NR,NR,NR,NR,NR,NR,NR,NR,NR,NR,NR,NR,NR,NR,NR,NR,NR,NR,NR,NR,NR,NR,NR,NR,NR,NR,NR,NR,NR,NR,NR,NR,NR,NR,2026-06-28
Andhra Pradesh,Eluru,NR,NR,NR,NR,NR,NR,NR,NR,NR,NR,NR,NR,NR,NR,NR,NR,NR,NR,NR,NR,NR,NR,NR,NR,NR,NR,NR,NR,NR,NR,NR,NR,NR,NR,NR,NR,NR,NR,NR,NR,NR,2026-06-28
Andhra Pradesh,Guntur,NR,NR,NR,NR,NR,NR,NR,NR,NR,NR,NR,NR,NR,NR,NR,NR,NR,NR,NR,NR,NR,NR,NR,NR,NR,NR,NR,NR,NR,NR,NR,NR,NR,NR,NR,NR,NR,NR,NR,NR,NR,2026-06-28
Andhra Pradesh,Amalapuram,NR,NR,NR,NR,NR,NR,NR,NR,NR,NR,NR,NR,NR,NR,NR,NR,NR,NR,NR,NR,NR,NR,NR,NR,NR,NR,NR,NR,NR,NR,NR,NR,NR,NR,NR,NR,NR,NR,NR,NR,NR,2026-06-28
Andhra Pradesh,Nandyala,NR,NR,NR,NR,NR,NR,NR,NR,NR,NR,NR,NR,NR,NR,NR,NR,NR,NR,NR,NR,NR,NR,NR,NR,NR,NR,NR,NR,NR,NR,NR,NR,NR,NR,NR,NR,NR,NR,NR,NR,NR,2026-06-28
Andhra Pradesh,Parvathipuram,NR,NR,NR,NR,NR,NR,NR,NR,NR,NR,NR,NR,NR,NR,NR,NR,NR,NR,NR,NR,NR,NR,NR,NR,NR,NR,NR,NR,NR,NR,NR,NR,NR,NR,NR,NR,NR,NR,NR,NR,NR,2026-06-28
Andhra Pradesh,Sri Sathya Sai,45,28,41,41,78,113,106,104,89,45,59,201,198,137,157,187,143,55,320,15,31,20,34,35,41,41,47,43,88,663,58,75,30,83,32,35,20,15,52,25,33,2026-06-28
Andhra Pradesh,Nellore,NR,NR,NR,NR,NR,NR,NR,NR,NR,NR,NR,NR,NR,NR,NR,NR,NR,NR,NR,NR,NR,NR,NR,NR,NR,NR,NR,NR,NR,NR,NR,NR,NR,NR,NR,NR,NR,NR,NR,NR,NR,2026-06-28
Andhra Pradesh,Srikakulam,NR,NR,NR,NR,NR,NR,NR,NR,NR,NR,NR,NR,NR,NR,NR,NR,NR,NR,NR,NR,NR,NR,NR,NR,NR,NR,NR,NR,NR,NR,NR,NR,NR,NR,NR,NR,NR,NR,NR,NR,NR,2026-06-28
Andhra Pradesh,Vizianagaram,NR,NR,NR,NR,NR,NR,NR,NR,NR,NR,NR,NR,NR,NR,NR,NR,NR,NR,NR,NR,NR,NR,NR,NR,NR,NR,NR,NR,NR,NR,NR,NR,NR,NR,NR,NR,NR,NR,NR,NR,NR,2026-06-28
Andhra Pradesh,Anakapalli,NR,NR,NR,NR,NR,NR,NR,NR,NR,NR,NR,NR,NR,NR,NR,NR,NR,NR,NR,NR,NR,NR,NR,NR,NR,NR,NR,NR,NR,NR,NR,NR,NR,NR,NR,NR,NR,NR,NR,NR,NR,2026-06-28
Andhra Pradesh,Bhimavaram,NR,NR,NR,NR,NR,NR,NR,NR,NR,NR,NR,NR,NR,NR,NR,NR,NR,NR,NR,NR,NR,NR,NR,NR,NR,NR,NR,NR,NR,NR,NR,NR,NR,NR,NR,NR,NR,NR,NR,NR,NR,2026-06-28
Andhra Pradesh,Chittoor,NR,NR,NR,NR,NR,NR,NR,NR,NR,NR,NR,NR,NR,NR,NR,NR,NR,NR,NR,NR,NR,NR,NR,NR,NR,NR,NR,NR,NR,NR,NR,NR,NR,NR,NR,NR,NR,NR,NR,NR,NR,2026-06-28
Andhra Pradesh,Kakinada,NR,NR,NR,NR,NR,NR,NR,NR,NR,NR,NR,NR,NR,NR,NR,NR,NR,NR,NR,NR,NR,NR,NR,NR,NR,NR,NR,NR,NR,NR,NR,NR,NR,NR,NR,NR,NR,NR,NR,NR,NR,2026-06-28
Andhra Pradesh,Machilipatnam,50,30,43,45,84,115,100,107,88,44,63,169,176,133,168,169,114,52,338,15,24,27,25,32,43,44,42,44,90,743,61,58,35,85,31,30,19,12,24,45,43,2026-06-28
Andhra Pradesh,Narasaraopeta,NR,NR,NR,NR,NR,NR,NR,NR,NR,NR,NR,NR,NR,NR,NR,NR,NR,NR,NR,NR,NR,NR,NR,NR,NR,NR,NR,NR,NR,NR,NR,NR,NR,NR,NR,NR,NR,NR,NR,NR,NR,2026-06-28
Andhra Pradesh,Paderu,NR,NR,NR,NR,NR,NR,NR,NR,NR,NR,NR,NR,NR,NR,NR,NR,NR,NR,NR,NR,NR,NR,NR,NR,NR,NR,NR,NR,NR,NR,NR,NR,NR,NR,NR,NR,NR,NR,NR,NR,NR,2026-06-28
Andhra Pradesh,Rayachoti,NR,NR,NR,NR,NR,NR,NR,NR,NR,NR,NR,NR,NR,NR,NR,NR,NR,NR,NR,NR,NR,NR,NR,NR,NR,NR,NR,NR,NR,NR,NR,NR,NR,NR,NR,NR,NR,NR,NR,NR,NR,2026-06-28
Andhra Pradesh,Anantapuramu,NR,NR,NR,NR,NR,NR,NR,NR,NR,NR,NR,NR,NR,NR,NR,NR,NR,NR,NR,NR,NR,NR,NR,NR,NR,NR,NR,NR,NR,NR,NR,NR,NR,NR,NR,NR,NR,NR,NR,NR,NR,2026-06-28
Andhra Pradesh,YSR Kadapa,NR,NR,NR,NR,NR,NR,NR,NR,NR,NR,NR,NR,NR,NR,NR,NR,NR,NR,NR,NR,NR,NR,NR,NR,NR,NR,NR,NR,NR,NR,NR,NR,NR,NR,NR,NR,NR,NR,NR,NR,NR,2026-06-28
Andhra Pradesh,Madanapalle,NR,NR,NR,NR,NR,NR,NR,NR,NR,NR,NR,NR,NR,NR,NR,NR,NR,NR,NR,NR,NR,NR,NR,NR,NR,NR,NR,NR,NR,NR,NR,NR,NR,NR,NR,NR,NR,NR,NR,NR,NR,2026-06-28
Andhra Pradesh,Markapuram,NR,NR,NR,NR,NR,NR,NR,NR,NR,NR,NR,NR,NR,NR,NR,NR,NR,NR,NR,NR,NR,NR,NR,NR,NR,NR,NR,NR,NR,NR,NR,NR,NR,NR,NR,NR,NR,NR,NR,NR,NR,2026-06-28
Karnataka,Bengaluru,57,36,42,41,83,117,118,113,88,47,51,195,207,146,152,190,156,55,240,17,27,27,29,39,42,41,50,47,90,732,59,83,51,77,39,35,28,15,47,25,28,2026-06-28
Karnataka,Dharwad,48,34,42,44,82,122,120,110,86,44,54,196,187,145,146,191,152,47,268,20,28,28,31,46,50,46,48,46,86,769,56,91,55,78,32,43,33,15,38,28,38,2026-06-28
Karnataka,Mangalore,52,39,42,44,82,128,129,111,88,43,58,209,197,150,170,188,154,58,199,20,29,25,40,39,55,45,48,47,88,747,59,81,46,83,35,37,28,17,57,21,38,2026-06-28
Karnataka,Mysore,55,41,41,51,79,118,120,109,79,44,48,208,214,191,170,190,155,59,337,20,26,23,26,52,56,40,55,41,80,721,57,87,57,96,43,29,33,20,82,35,56,2026-06-28
Karnataka,Bengaluru (East Range),56,38,42,45,88,122,119,114,88,47,50,196,223,145,155,194,159,59,262,20,28,27,33,42,44,43,51,48,92,740,60,86,50,82,39,41,28,18,50,25,45,2026-06-28
Karnataka,Belagavi,51,36,42,43,83,117,117,105,86,44,54,203,185,138,179,197,151,46,258,21,26,24,31,50,53,41,45,43,84,769,56,83,40,80,31,59,23,14,40,27,28,2026-06-28
Karnataka,Kalaburagi,55,35,44,44,84,125,125,117,90,45,53,198,189,163,136,189,154,55,206,20,30,20,30,40,41,44,49,45,95,714,60,87,70,74,40,60,30,18,60,30,35,2026-06-28
Karnataka,Tumakuru,57,34,43,44,85,123,132,115,93,45,55,202,214,145,159,185,145,50,232,20,28,29,30,48,50,47,50,47,82,732,60,92,40,88,39,45,30,20,50,29,40,2026-06-28
Karnataka,Bellary,53,31,46,42,87,117,118,108,88,45,54,216,203,154,150,183,165,58,308,24,27,22,35,38,42,40,47,43,97,740,56,77,38,77,33,36,30,18,50,28,29,2026-06-28
Karnataka,Dhavanagere,57,40,44,50,85,117,115,110,86,46,53,203,208,144,148,196,164,57,297,24,28,27,30,41,55,43,52,45,87,765,56,87,41,71,37,42,23,16,40,25,28,2026-06-28
Karnataka,Shivamogga,56,39,41,46,88,120,122,112,90,45,54,200,208,145,148,195,148,54,245,21,26,25,25,48,52,47,49,48,92,745,59,90,40,86,32,40,28,15,40,25,30,2026-06-28
Karnataka,Vijayapur,50,37,44,43,80,123,123,118,82,44,54,210,214,148,177,186,145,51,244,22,28,25,40,38,43,43,50,43,82,769,63,85,58,91,41,42,38,14,58,22,40,2026-06-28
Karnataka,Ramanagara,49,39,42,45,90,119,118,105,94,44,48,203,214,133,142,192,146,50,193,18,28,29,32,45,44,47,45,43,90,745,62,79,40,90,33,50,21,15,50,27,32,2026-06-28
Karnataka,Raichur,55,33,43,42,82,119,123,105,82,NR,54,199,198,175,170,188,141,55,209,16,25,25,35,47,49,45,45,45,94,721,56,80,43,92,40,48,39,17,43,26,27,2026-06-28
Karnataka,Chamarajanagar,53,33,42,46,82,122,118,105,97,43,48,217,208,151,122,189,140,41,193,18,27,25,31,49,56,53,49,55,89,714,58,87,47,94,39,72,44,19,81,33,51,2026-06-28
Karnataka,Kolar,47,29,45,44,90,123,124,120,93,45,52,224,213,164,170,199,161,55,259,20,30,22,27,42,42,48,43,45,97,713,60,80,43,80,33,42,34,15,40,33,48,2026-06-28
Karnataka,Haveri,55,35,45,45,85,120,120,120,90,44,55,194,192,176,176,192,137,50,247,19,30,30,30,42,50,45,45,42,85,775,60,84,50,80,40,40,30,15,45,35,35,2026-06-28
Karnataka,Bagalkot,49,38,44,42,85,118,118,115,92,45,56,206,188,145,165,186,153,45,245,20,28,23,34,52,46,44,52,43,90,756,58,80,48,80,34,37,35,20,58,26,27,2026-06-28
Karnataka,Bidar,51,37,39,39,79,117,117,112,82,44,57,192,188,133,158,182,158,53,267,19,27,27,37,41,48,39,48,39,87,784,61,88,58,87,38,38,33,17,53,35,53,2026-06-28
Karnataka,Koppal,52,36,43,44,84,120,121,112,91,44,52,200,194,152,159,192,153,50,236,18,26,25,33,39,45,42,49,44,90,738,58,79,40,90,37,39,27,17,50,29,29,2026-06-28
Karnataka,Mandya,55,35,41,45,83,119,129,120,97,45,52,215,231,144,170,188,155,55,251,20,25,25,25,40,46,44,47,43,95,714,56,90,60,81,40,38,29,15,40,30,29,2026-06-28
Karnataka,Yadgir,55,35,43,44,85,120,120,110,87,45,54,203,203,170,165,192,159,51,210,17,30,25,40,43,51,45,45,44,95,769,57,80,40,74,32,37,27,18,47,24,44,2026-06-28
Karnataka,Chikkamagalur,53,36,43,46,85,119,123,112,90,44,54,203,199,156,158,191,144,51,213,19,26,31,25,44,46,45,47,46,94,717,60,86,47,85,35,43,26,16,43,31,40,2026-06-28
Karnataka,Bangalore Rural,53,36,43,50,88,119,122,107,87,46,50,212,186,138,152,186,145,56,254,18,25,30,24,49,45,45,46,48,98,718,57,90,46,81,36,50,24,20,40,31,41,2026-06-28
Karnataka,Chikkaballapur,51,32,45,44,87,120,123,113,88,44,52,227,205,150,169,194,161,54,287,18,29,25,41,42,41,45,44,43,97,736,58,76,38,84,33,41,21,15,39,31,43,2026-06-28
Karnataka,Chitradurga,56,40,44,50,85,115,115,113,86,44,53,208,210,146,150,197,165,55,293,19,25,25,40,43,52,45,49,45,88,764,55,82,44,72,35,43,21,17,50,22,30,2026-06-28
Karnataka,Gadag,55,40,44,46,83,121,129,114,84,45,52,213,185,141,138,186,149,46,237,22,26,24,42,38,42,42,48,46,87,715,60,81,57,85,38,36,38,22,38,25,31,2026-06-28
Karnataka,Hassan,51,36,45,51,89,125,127,110,96,46,54,223,199,151,153,195,159,56,245,23,24,29,21,46,46,47,46,47,91,727,60,94,39,79,38,39,28,13,39,39,39,2026-06-28
Karnataka,Kodagu,54,36,43,46,87,117,119,113,91,46,54,204,189,145,150,186,147,55,249,19,27,26,45,40,43,47,47,47,95,752,57,83,52,78,35,37,24,16,56,25,45,2026-06-28
Karnataka,Udupi,46,36,46,47,82,119,117,110,95,47,48,224,210,163,178,186,161,55,222,21,30,29,43,44,43,48,47,47,92,721,62,82,54,82,39,56,34,20,57,30,34,2026-06-28
Karnataka,Uttara Kannada,56,36,47,43,89,126,134,121,97,47,48,226,196,175,179,186,147,55,280,20,29,29,49,46,51,43,49,43,99,769,58,86,57,95,42,40,39,20,44,46,45,2026-06-28
Karnataka,Vijayanagara,57,37,41,42,81,119,122,117,93,45,52,197,207,142,NR,190,142,48,219,18,25,28,25,39,49,47,48,46,96,729,58,87,50,86,37,38,37,15,46,25,31,2026-06-28
Kerala,T.Puram,NR,NR,NR,NR,NR,NR,NR,NR,NR,NR,NR,NR,NR,NR,NR,NR,NR,NR,NR,NR,NR,NR,NR,NR,NR,NR,NR,NR,NR,NR,NR,NR,NR,NR,NR,NR,NR,NR,NR,NR,NR,2026-06-28
Kerala,Ernakulam,NR,NR,NR,NR,NR,NR,NR,NR,NR,NR,NR,NR,NR,NR,NR,NR,NR,NR,NR,NR,NR,NR,NR,NR,NR,NR,NR,NR,NR,NR,NR,NR,NR,NR,NR,NR,NR,NR,NR,NR,NR,2026-06-28
Kerala,Kozhikode,NR,NR,NR,NR,NR,NR,NR,NR,NR,NR,NR,NR,NR,NR,NR,NR,NR,NR,NR,NR,NR,NR,NR,NR,NR,NR,NR,NR,NR,NR,NR,NR,NR,NR,NR,NR,NR,NR,NR,NR,NR,2026-06-28
Kerala,Thrissur,NR,NR,NR,NR,NR,NR,NR,NR,NR,NR,NR,NR,NR,NR,NR,NR,NR,NR,NR,NR,NR,NR,NR,NR,NR,NR,NR,NR,NR,NR,NR,NR,NR,NR,NR,NR,NR,NR,NR,NR,NR,2026-06-28
Kerala,Palakkad,NR,NR,NR,NR,NR,NR,NR,NR,NR,NR,NR,NR,NR,NR,NR,NR,NR,NR,NR,NR,NR,NR,NR,NR,NR,NR,NR,NR,NR,NR,NR,NR,NR,NR,NR,NR,NR,NR,NR,NR,NR,2026-06-28
Kerala,Wayanad,NR,NR,NR,NR,NR,NR,NR,NR,NR,NR,NR,NR,NR,NR,NR,NR,NR,NR,NR,NR,NR,NR,NR,NR,NR,NR,NR,NR,NR,NR,NR,NR,NR,NR,NR,NR,NR,NR,NR,NR,NR,2026-06-28
Kerala,Kasargod,NR,NR,NR,NR,NR,NR,NR,NR,NR,NR,NR,NR,NR,NR,NR,NR,NR,NR,NR,NR,NR,NR,NR,NR,NR,NR,NR,NR,NR,NR,NR,NR,NR,NR,NR,NR,NR,NR,NR,NR,NR,2026-06-28
Kerala,Kottayam,NR,NR,NR,NR,NR,NR,NR,NR,NR,NR,NR,NR,NR,NR,NR,NR,NR,NR,NR,NR,NR,NR,NR,NR,NR,NR,NR,NR,NR,NR,NR,NR,NR,NR,NR,NR,NR,NR,NR,NR,NR,2026-06-28
Kerala,Pathanamthitta,NR,NR,NR,NR,NR,NR,NR,NR,NR,NR,NR,NR,NR,NR,NR,NR,NR,NR,NR,NR,NR,NR,NR,NR,NR,NR,NR,NR,NR,NR,NR,NR,NR,NR,NR,NR,NR,NR,NR,NR,NR,2026-06-28
Kerala,Alapuzha,NR,NR,NR,NR,NR,NR,NR,NR,NR,NR,NR,NR,NR,NR,NR,NR,NR,NR,NR,NR,NR,NR,NR,NR,NR,NR,NR,NR,NR,NR,NR,NR,NR,NR,NR,NR,NR,NR,NR,NR,NR,2026-06-28
Kerala,Kollam,NR,NR,NR,NR,NR,NR,NR,NR,NR,NR,NR,NR,NR,NR,NR,NR,NR,NR,NR,NR,NR,NR,NR,NR,NR,NR,NR,NR,NR,NR,NR,NR,NR,NR,NR,NR,NR,NR,NR,NR,NR,2026-06-28
Kerala,Idukki,NR,NR,NR,NR,NR,NR,NR,NR,NR,NR,NR,NR,NR,NR,NR,NR,NR,NR,NR,NR,NR,NR,NR,NR,NR,NR,NR,NR,NR,NR,NR,NR,NR,NR,NR,NR,NR,NR,NR,NR,NR,2026-06-28
Kerala,Kannur,NR,NR,NR,NR,NR,NR,NR,NR,NR,NR,NR,NR,NR,NR,NR,NR,NR,NR,NR,NR,NR,NR,NR,NR,NR,NR,NR,NR,NR,NR,NR,NR,NR,NR,NR,NR,NR,NR,NR,NR,NR,2026-06-28
Kerala,Malapuram,NR,NR,NR,NR,NR,NR,NR,NR,NR,NR,NR,NR,NR,NR,NR,NR,NR,NR,NR,NR,NR,NR,NR,NR,NR,NR,NR,NR,NR,NR,NR,NR,NR,NR,NR,NR,NR,NR,NR,NR,NR,2026-06-28
Puducherry,Puducherry,NR,NR,NR,NR,NR,NR,NR,NR,NR,NR,NR,NR,NR,NR,NR,NR,NR,NR,NR,NR,NR,NR,NR,NR,NR,NR,NR,NR,NR,NR,NR,NR,NR,NR,NR,NR,NR,NR,NR,NR,NR,2026-06-28
Tamil Nadu,Chennai,60,37,43,41,83,127,123,112,85,46,40,202,232,174,NR,192,165,67,290,30,38,35,33,42,47,46,51,48,88,916,60,90,65,85,44,38,30,14,50,53,42,2026-06-28
Tamil Nadu,Madurai,58,37,47,68,87,126,124,106,92,46,45,227,206,194,NR,197,174,64,263,30,34,35,27,34,37,59,53,51,117,759,67,92,46,87,37,43,26,14,39,25,37,2026-06-28
Tamil Nadu,Dindigul,NR,NR,NR,NR,NR,NR,NR,NR,NR,NR,NR,NR,NR,NR,NR,NR,NR,NR,NR,NR,NR,NR,NR,NR,NR,NR,NR,NR,NR,NR,NR,NR,NR,NR,NR,NR,NR,NR,NR,NR,NR,2026-06-28
Tamil Nadu,Thiruchirapalli,NR,NR,NR,NR,NR,NR,NR,NR,NR,NR,NR,NR,NR,NR,NR,NR,NR,NR,NR,NR,NR,NR,NR,NR,NR,NR,NR,NR,NR,NR,NR,NR,NR,NR,NR,NR,NR,NR,NR,NR,NR,2026-06-28
Tamil Nadu,Coimbatore,NR,NR,NR,NR,NR,NR,NR,NR,NR,NR,NR,NR,NR,NR,NR,NR,NR,NR,NR,NR,NR,NR,NR,NR,NR,NR,NR,NR,NR,NR,NR,NR,NR,NR,NR,NR,NR,NR,NR,NR,NR,2026-06-28
Tamil Nadu,Tirunelveli,47,34,48,53,94,126,128,118,82,46,44,247,209,173,NR,187,147,58,267,27,27,30,28,41,47,54,52,53,98,783,70,86,48,88,36,35,27,14,43,36,38,2026-06-28
Tamil Nadu,Cuddalore,NR,NR,NR,NR,NR,NR,NR,NR,NR,NR,NR,NR,NR,NR,NR,NR,NR,NR,NR,NR,NR,NR,NR,NR,NR,NR,NR,NR,NR,NR,NR,NR,NR,NR,NR,NR,NR,NR,NR,NR,NR,2026-06-28
Tamil Nadu,Dharmapuri,55,32,44,42,80,130,123,106,82,45,43,220,NR,143,NR,191,158,52,275,26,28,28,30,40,48,48,45,49,110,690,80,86,48,82,43,33,25,14,40,43,50,2026-06-28
Tamil Nadu,Vellore,NR,NR,NR,NR,NR,NR,NR,NR,NR,NR,NR,NR,NR,NR,NR,NR,NR,NR,NR,NR,NR,NR,NR,NR,NR,NR,NR,NR,NR,NR,NR,NR,NR,NR,NR,NR,NR,NR,NR,NR,NR,2026-06-28
Tamil Nadu,Ramanathapuram,61,37,41,67,79,117,126,106,89,46,44,230,NR,177,NR,194,173,57,284,31,46,35,35,45,46,56,51,57,117,773,74,83,61,83,55,33,29,13,50,45,35,2026-06-28
Tamil Nadu,Erode,NR,NR,NR,NR,NR,NR,NR,NR,NR,NR,NR,NR,NR,NR,NR,NR,NR,NR,NR,NR,NR,NR,NR,NR,NR,NR,NR,NR,NR,NR,NR,NR,NR,NR,NR,NR,NR,NR,NR,NR,NR,2026-06-28
Tamil Nadu,Karur,54,35,53,67,89,133,129,108,87,46,47,236,207,175,NR,192,154,64,297,17,37,37,37,40,46,56,52,59,104,725,65,90,63,96,45,43,28,22,64,48,48,2026-06-28
Tamil Nadu,Perambalur,49,41,NR,68,92,131,132,111,87,47,43,220,211,184,NR,199,173,61,NR,29,30,42,30,42,60,55,50,56,111,747,58,84,50,88,36,38,27,14,53,41,47,2026-06-28
Tamil Nadu,Pudukkottai,60,41,45,66,88,129,130,115,NR,48,40,268,NR,182,NR,193,154,58,698,29,40,35,30,41,57,56,55,52,111,879,66,84,25,98,46,38,30,14,55,50,50,2026-06-28
Tamil Nadu,Sivagangai,52,40,45,68,96,134,133,121,92,47,44,252,NR,219,NR,196,169,56,292,29,43,40,40,39,56,58,55,61,120,765,85,85,60,82,45,37,29,15,63,60,32,2026-06-28
Tamil Nadu,Thanjavur,53,40,48,50,89,134,131,120,95,47,44,228,240,183,NR,193,155,58,300,27,32,31,32,39,50,48,51,48,124,894,77,94,50,90,42,39,28,14,52,35,41,2026-06-28
Tamil Nadu,The nilgiris,NR,NR,NR,NR,NR,NR,NR,NR,NR,NR,NR,NR,NR,NR,NR,NR,NR,NR,NR,NR,NR,NR,NR,NR,NR,NR,NR,NR,NR,NR,NR,NR,NR,NR,NR,NR,NR,NR,NR,NR,NR,2026-06-28
Tamil Nadu,Thoothukudi,52,38,43,65,85,120,125,110,88,46,46,231,219,181,NR,192,163,55,320,10,30,30,25,35,50,60,55,62,110,868,61,90,33,87,44,37,29,13,45,45,40,2026-06-28
Tamil Nadu,Viluppuram,NR,NR,NR,NR,NR,NR,NR,NR,NR,NR,NR,NR,NR,NR,NR,NR,NR,NR,NR,NR,NR,NR,NR,NR,NR,NR,NR,NR,NR,NR,NR,NR,NR,NR,NR,NR,NR,NR,NR,NR,NR,2026-06-28
Tamil Nadu,Virudhunagar,NR,NR,NR,NR,NR,NR,NR,NR,NR,NR,NR,NR,NR,NR,NR,NR,NR,NR,NR,NR,NR,NR,NR,NR,NR,NR,NR,NR,NR,NR,NR,NR,NR,NR,NR,NR,NR,NR,NR,NR,NR,2026-06-28
Tamil Nadu,Kanniyakumari,60,39,37,53,80,123,121,107,76,47,41,225,216,191,NR,197,165,57,258,25,30,30,25,34,40,37,52,40,103,769,60,88,60,84,37,31,27,13,35,40,48,2026-06-28
Tamil Nadu,Namakkal,63,41,47,61,88,127,127,117,90,45,44,198,215,167,NR,195,159,56,NR,26,37,38,38,41,40,51,49,47,113,664,71,84,49,82,44,39,31,12,60,42,60,2026-06-28
Tamil Nadu,Tiruvannamalai,53,39,45,48,85,139,128,118,88,46,43,227,201,172,NR,196,162,60,310,26,27,32,24,44,58,47,51,56,113,839,62,87,62,89,39,47,29,13,52,33,39,2026-06-28
Tamil Nadu,Tiruvarur,NR,NR,NR,NR,NR,NR,NR,NR,NR,NR,NR,NR,NR,NR,NR,NR,NR,NR,NR,NR,NR,NR,NR,NR,NR,NR,NR,NR,NR,NR,NR,NR,NR,NR,NR,NR,NR,NR,NR,NR,NR,2026-06-28
Tamil Nadu,Tiruppur,58,36,48,54,101,142,134,121,83,47,43,236,224,170,NR,192,158,59,265,28,29,33,33,44,54,60,55,59,95,725,60,82,28,83,47,41,22,18,57,40,22,2026-06-28
Tamil Nadu,Tenkasi,56,40,46,59,80,125,119,111,NR,47,46,234,NR,167,NR,191,164,60,275,30,30,30,35,36,49,57,60,56,100,802,66,90,50,88,44,41,29,13,49,40,40,2026-06-28
Tamil Nadu,Nagapattinam,NR,NR,NR,NR,NR,NR,NR,NR,NR,NR,NR,NR,NR,NR,NR,NR,NR,NR,NR,NR,NR,NR,NR,NR,NR,NR,NR,NR,NR,NR,NR,NR,NR,NR,NR,NR,NR,NR,NR,NR,NR,2026-06-28
Tamil Nadu,Krishnagiri,55,35,46,41,89,130,129,116,89,45,44,208,202,155,NR,192,167,59,315,28,30,29,20,38,40,43,48,45,100,615,50,90,69,96,40,40,29,12,53,41,46,2026-06-28
Tamil Nadu,Ariyalur,NR,NR,NR,NR,NR,NR,NR,NR,NR,NR,NR,NR,NR,NR,NR,NR,NR,NR,NR,NR,NR,NR,NR,NR,NR,NR,NR,NR,NR,NR,NR,NR,NR,NR,NR,NR,NR,NR,NR,NR,NR,2026-06-28
Tamil Nadu,Kallakurichi,51,38,49,67,88,130,114,115,88,47,45,238,222,176,NR,197,163,57,NR,29,30,30,23,38,50,50,47,49,112,886,85,86,45,88,45,35,30,14,43,48,45,2026-06-28
Tamil Nadu,Kancheepuram,55,37,51,67,90,137,137,119,95,45,44,213,203,185,NR,192,156,72,NR,28,40,40,35,41,56,52,53,55,102,784,55,90,50,91,47,40,29,14,45,50,39,2026-06-28
Tamil Nadu,Salem,NR,NR,NR,NR,NR,NR,NR,NR,NR,NR,NR,NR,NR,NR,NR,NR,NR,NR,NR,NR,NR,NR,NR,NR,NR,NR,NR,NR,NR,NR,NR,NR,NR,NR,NR,NR,NR,NR,NR,NR,NR,2026-06-28
Tamil Nadu,Theni,59,37,49,61,81,125,124,109,85,44,45,224,219,165,NR,176,149,55,284,27,29,29,28,40,58,52,57,52,93,791,70,80,48,91,39,32,26,12,52,38,37,2026-06-28
Tamil Nadu,Chengalpattu,55,37,46,54,95,123,120,128,90,46,44,210,205,175,NR,164,139,64,NR,28,37,37,32,41,49,51,47,53,113,784,52,82,62,85,31,40,19,13,43,19,30,2026-06-28
Tamil Nadu,Mayiladuthurai,60,40,50,65,98,137,117,113,NR,45,45,201,203,198,NR,194,146,60,340,27,30,27,37,45,45,46,50,63,113,857,70,90,40,92,35,42,25,14,60,50,57,2026-06-28
Tamil Nadu,Ranipet,NR,NR,NR,NR,NR,NR,NR,NR,NR,NR,NR,NR,NR,NR,NR,NR,NR,NR,NR,NR,NR,NR,NR,NR,NR,NR,NR,NR,NR,NR,NR,NR,NR,NR,NR,NR,NR,NR,NR,NR,NR,2026-06-28
Tamil Nadu,Tirupattur,49,39,43,47,83,122,119,119,89,44,40,216,236,174,NR,194,144,57,310,29,30,27,23,34,37,42,35,45,92,769,65,81,40,86,35,37,24,15,52,37,40,2026-06-28
Tamil Nadu,Tiruvallur,55,38,44,66,87,129,122,119,92,44,40,214,208,169,NR,192,156,65,298,27,40,30,25,36,59,55,52,59,99,762,60,84,55,82,31,41,21,13,50,45,36,2026-06-28
Telangana,Hyderabad,NR,NR,NR,NR,NR,NR,NR,NR,NR,NR,NR,NR,NR,NR,NR,NR,NR,NR,NR,NR,NR,NR,NR,NR,NR,NR,NR,NR,NR,NR,NR,NR,NR,NR,NR,NR,NR,NR,NR,NR,NR,2026-06-28
Telangana,Karimnagar,NR,NR,NR,NR,NR,NR,NR,NR,NR,NR,NR,NR,NR,NR,NR,NR,NR,NR,NR,NR,NR,NR,NR,NR,NR,NR,NR,NR,NR,NR,NR,NR,NR,NR,NR,NR,NR,NR,NR,NR,NR,2026-06-28
Telangana,Warangal,NR,NR,NR,NR,NR,NR,NR,NR,NR,NR,NR,NR,NR,NR,NR,NR,NR,NR,NR,NR,NR,NR,NR,NR,NR,NR,NR,NR,NR,NR,NR,NR,NR,NR,NR,NR,NR,NR,NR,NR,NR,2026-06-28
Telangana,Adilabad,NR,NR,NR,NR,NR,NR,NR,NR,NR,NR,NR,NR,NR,NR,NR,NR,NR,NR,NR,NR,NR,NR,NR,NR,NR,NR,NR,NR,NR,NR,NR,NR,NR,NR,NR,NR,NR,NR,NR,NR,NR,2026-06-28
Telangana,Suryapet,NR,NR,NR,NR,NR,NR,NR,NR,NR,NR,NR,NR,NR,NR,NR,NR,NR,NR,NR,NR,NR,NR,NR,NR,NR,NR,NR,NR,NR,NR,NR,NR,NR,NR,NR,NR,NR,NR,NR,NR,NR,2026-06-28
Telangana,Jadcherla,NR,NR,NR,NR,NR,NR,NR,NR,NR,NR,NR,NR,NR,NR,NR,NR,NR,NR,NR,NR,NR,NR,NR,NR,NR,NR,NR,NR,NR,NR,NR,NR,NR,NR,NR,NR,NR,NR,NR,NR,NR,2026-06-28
Telangana,Khammam,NR,NR,NR,NR,NR,NR,NR,NR,NR,NR,NR,NR,NR,NR,NR,NR,NR,NR,NR,NR,NR,NR,NR,NR,NR,NR,NR,NR,NR,NR,NR,NR,NR,NR,NR,NR,NR,NR,NR,NR,NR,2026-06-28
Telangana,Medchal,NR,NR,NR,NR,NR,NR,NR,NR,NR,NR,NR,NR,NR,NR,NR,NR,NR,NR,NR,NR,NR,NR,NR,NR,NR,NR,NR,NR,NR,NR,NR,NR,NR,NR,NR,NR,NR,NR,NR,NR,NR,2026-06-28
Telangana,Nizamabad,NR,NR,NR,NR,NR,NR,NR,NR,NR,NR,NR,NR,NR,NR,NR,NR,NR,NR,NR,NR,NR,NR,NR,NR,NR,NR,NR,NR,NR,NR,NR,NR,NR,NR,NR,NR,NR,NR,NR,NR,NR,2026-06-28
Telangana,Sangareddy,NR,NR,NR,NR,NR,NR,NR,NR,NR,NR,NR,NR,NR,NR,NR,NR,NR,NR,NR,NR,NR,NR,NR,NR,NR,NR,NR,NR,NR,NR,NR,NR,NR,NR,NR,NR,NR,NR,NR,NR,NR,2026-06-28
Telangana,Kothagudem,NR,NR,NR,NR,NR,NR,NR,NR,NR,NR,NR,NR,NR,NR,NR,NR,NR,NR,NR,NR,NR,NR,NR,NR,NR,NR,NR,NR,NR,NR,NR,NR,NR,NR,NR,NR,NR,NR,NR,NR,NR,2026-06-28
Ladakh,Leh,NR,NR,NR,NR,NR,NR,NR,NR,NR,NR,NR,NR,NR,NR,NR,NR,NR,NR,NR,NR,NR,NR,NR,NR,NR,NR,NR,NR,NR,NR,NR,NR,NR,NR,NR,NR,NR,NR,NR,NR,NR,2026-06-28
Ladakh,Kargil,45,NR,NR,40,127,NR,115,115,NR,48,66,NR,NR,NR,NR,NR,NR,47,650,28,40,40,74,60,NR,50,NR,45,100,677,64,84,60,100,80,80,53,21,95,60,60,2026-06-28
Commodity Name,Commodity Name,Rice,Rice,Wheat,Atta (Wheat),Gram Dal,Tur/Arhar Dal,Urad Dal,Moong Dal,Masoor Dal,Sugar,Milk @,Groundnut Oil (Packed),Mustard Oil (Packed),Vanaspati (Packed),Soya Oil (Packed),Sunflower Oil (Packed),Palm Oil (Packed),Gur,Tea Loose,Salt Pack (Iodised),Potato,Onion,Tomato,Bajra(whole),Jowar(whole),Maida(wheat),Ragi(whole),Suji(whole),Besan,Desi Ghee,Butter(Pasteurised),Eggs,Brinjal,Black Pepper(whole),Coriander(whole),Cummin Seed(whole),Red Chillies(whole),Turmeric(powder),Banana,GInger,Garlic,2026-06-28
Average Price1,Average Price1,43.19,31.51,31.15,36.94,84.35,121,118.58,110.31,88.37,46.53,59.69,204.53,192.13,162.09,163.11,188.02,148.07,57.47,269.47,22.18,21.53,27.83,42.4,37.86,43.71,41.17,55.36,44.93,95.29,686.98,59.33,81.49,40.14,87.27,39.9,40.39,29.05,16.24,48.31,32.01,38.64,2026-06-28
Maximum Price1,Maximum Price1,67,52,53,68,127,180,180,150,115,60,85,275,264,230,231,236,189,140,698,41,50,60,120,68,72,73,103,100,160,916,85,112,80,125,100,90,60,40,100,62,78,2026-06-28
Minimum Price1,Minimum Price1,30,17,24,28,70,97,92,85,72,39,40,162,147,127,115,136,102,35,155,10,9,12,20,20,26,32,32,33,70,507,45,56,18,70,25,25,19,10,22,17,21,2026-06-28
Modal Price1,Modal Price1,40,27,28,35,85,120,120,110,90,45,60,203,198,145,170,192,132,55,280,20,20,25,40,35,40,40,55,40,90,769,60,84,40,80,40,40,30,15,40,27.5,40,2026-06-28
,,,,,,,,,,,,,,,,,,,,,,,,,,,,,,,,,,,,,,,,,,,2026-06-28
"Department of Consumer Affairs ( Price Monitoring Division)Date 28/06/2026 Daily Retail Prices Of Essential Commodities  StateCentreRiceBroken RiceWheatAtta (Wheat)Gram DalTur/Arhar DalUrad DalMoong DalMasoor DalSugarMilk @Groundnut Oil (Packed)Mustard Oil (Packed)Vanaspati (Packed)Soya Oil (Packed)Sunflower Oil (Packed)Palm Oil (Packed)GurTea LooseSalt Pack (Iodised)PotatoOnionTomatoBajra (whole)Jowar (whole)Maida (wheat)Ragi (whole)Suji (whole)BesanDesi GheeButter (Pasteurised)Eggs BrinjalBlack Pepper (whole)Coriander (whole)Cummin Seed (whole)Red Chillies (whole)Turmeric (powder)BananaGingerGarlic  UnitQty1 Kg1 Kg1 Kg1 Kg1 Kg1 Kg1 Kg1 Kg1 Kg1 Kg1 ltr1 Kg1 Kg1 Kg1 Kg1 Kg1 Kg1 Kg1 Kg1 Kg1 Kg1 Kg1 Kg1 Kg1 Kg1 Kg1 Kg1 Kg1 Kg1 Kg100 gmDozen1 Kg100 gm250 gm100 gm100 gm50 gm1 Kg100 gm100 gm  Average PriceAverage Price43.1931.5131.1536.9484.35121118.58110.3188.3746.5359.69204.53192.13162.09163.11188.02148.0757.47269.4722.1821.5327.8342.437.8643.7141.1755.3644.9395.29686.9859.3381.4940.1487.2739.940.3929.0516.2448.3132.0138.64  Maximum PriceMaximum Price67525368127180180150115608527526423023123618914069841506012068727310310016091685112801251009060401006278  Minimum PriceMinimum Price30172428709792857239401621471271151361023515510912202026323233705074556187025251910221721  Modal PriceModal Price4027283585120120110904560203198145170192132552802020254035404055409076960844080404030154027.540  NORTH ZONENORTH ZONE  ChandigarhChandigarh422734408412111611190465920920317016719014857264281835583744415546956335972388737402816482430  DelhiDelhi433433358813012211393475922020018919622117160233282033603339405841956415872539336313013535357  HaryanaHisarNRNRNRNRNRNRNRNRNRNRNRNRNRNRNRNRNRNRNRNRNRNRNRNRNRNRNRNRNRNRNRNRNRNRNRNRNRNRNRNRNR  KarnalNRNRNRNRNRNRNRNRNRNRNRNRNRNRNRNRNRNRNRNRNRNRNRNRNRNRNRNRNRNRNRNRNRNRNRNRNRNRNRNRNR  PanchkulaNRNRNRNRNRNRNRNRNRNRNRNRNRNRNRNRNRNRNRNRNRNRNRNRNRNRNRNRNRNRNRNRNRNRNRNRNRNRNRNRNR  GurgaonNRNRNRNRNRNRNRNRNRNRNRNRNRNRNRNRNRNRNRNRNRNRNRNRNRNRNRNRNRNRNRNRNRNRNRNRNRNRNRNRNR  Himachal PradeshShimla40NRNR3485123124118855260236229181176NRNR542403025324830NR39NR40926965872408337402517473745  Mandi40NRNR3680123132118875062234220185172193NR502603023344234NR37NR38956825884408540363016553541  Dharamshala35NRNR2984127125119854844NR213165160NRNRNR2352920304032NR35NR40935905970409749423415603040  Solan39NRNR3477124128112894855223216176157181NR5323030253030353737NR37936445977409141353417625043  Una4139NR3384112123103874669NR182191181NRNR512642916354434NR34NR35986925982299544342915553734  Bilaspur-hp41NRNR3580122133118864866NR188187185NRNR51200291735423355375937807275884408739313313535747  ChambaNRNRNRNRNRNRNRNRNRNRNRNRNRNRNRNRNRNRNRNRNRNRNRNRNRNRNRNRNRNRNRNRNRNRNRNRNRNRNRNRNR  Hamirpur-HP39NRNR3381119122117834970NR216182170NRNR5426530193352334336NR35836195884378739372915523742  Kullu40NRNR3483127121112835040NR213195184NRNR5322030303240NRNR36NR361026995890478833302312554053  Sirmour40NR313078118123112864850212182174157146104482732819285236NR35NR361006105870459233453218563135  Kinnaur37NRNR3778128127111855060NR226178145NRNR5026030304055NRNR38NR42878756090509350443815525050  Lahaul & Spiti44NRNR431021101111091055052NR197175NRNRNR4948028364748NRNR35NR36806006296408035352715572832  Jammu and KashmirSrinagar43254145931461251231005555NR209185179187NR6032030303238NRNR60NR5311567962805210053703917804841  JammuNRNRNRNRNRNRNRNRNRNRNRNRNRNRNRNRNRNRNRNRNRNRNRNRNRNRNRNRNRNRNRNRNRNRNRNRNRNRNRNRNR  PoonchNRNRNRNRNRNRNRNRNRNRNRNRNRNRNRNRNRNRNRNRNRNRNRNRNRNRNRNRNRNRNRNRNRNRNRNRNRNRNRNRNR  KupwaraNRNRNRNRNRNRNRNRNRNRNRNRNRNRNRNRNRNRNRNRNRNRNRNRNRNRNRNRNRNRNRNRNRNRNRNRNRNRNRNRNR  UdhampurNRNRNRNRNRNRNRNRNRNRNRNRNRNRNRNRNRNRNRNRNRNRNRNRNRNRNRNRNRNRNRNRNRNRNRNRNRNRNRNRNR  ShopianNRNRNRNRNRNRNRNRNRNRNRNRNRNRNRNRNRNRNRNRNRNRNRNRNRNRNRNRNRNRNRNRNRNRNRNRNRNRNRNRNR  SambaNRNRNRNRNRNRNRNRNRNRNRNRNRNRNRNRNRNRNRNRNRNRNRNRNRNRNRNRNRNRNRNRNRNRNRNRNRNRNRNRNR  RambanNRNRNRNRNRNRNRNRNRNRNRNRNRNRNRNRNRNRNRNRNRNRNRNRNRNRNRNRNRNRNRNRNRNRNRNRNRNRNRNRNR  RajouriNRNRNRNRNRNRNRNRNRNRNRNRNRNRNRNRNRNRNRNRNRNRNRNRNRNRNRNRNRNRNRNRNRNRNRNRNRNRNRNRNR  KishtwarNRNRNRNRNRNRNRNRNRNRNRNRNRNRNRNRNRNRNRNRNRNRNRNRNRNRNRNRNRNRNRNRNRNRNRNRNRNRNRNRNR  DodaNRNRNRNRNRNRNRNRNRNRNRNRNRNRNRNRNRNRNRNRNRNRNRNRNRNRNRNRNRNRNRNRNRNRNRNRNRNRNRNRNR  BaramullaNRNRNRNRNRNRNRNRNRNRNRNRNRNRNRNRNRNRNRNRNRNRNRNRNRNRNRNRNRNRNRNRNRNRNRNRNRNRNRNRNR  ReasiNRNRNRNRNRNRNRNRNRNRNRNRNRNRNRNRNRNRNRNRNRNRNRNRNRNRNRNRNRNRNRNRNRNRNRNRNRNRNRNRNR  KathuaNRNRNRNRNRNRNRNRNRNRNRNRNRNRNRNRNRNRNRNRNRNRNRNRNRNRNRNRNRNRNRNRNRNRNRNRNRNRNRNRNR  PunjabAmritsar4033283282137135112904659238198176158192NR60273292032483738406140926746078439544302912434845  Ludhiana43342837801331301171004662234200172167189NR55280271832303448396249926045280489240422519474740  Bathinda403428328013713211390465824220017415619614360273291832453240386238956796079359343312913434845  Barnala413727318513312010810048662381851761451851265528030203250303840NR45936985865389048403115486248  Hoshiarpur363328377911911111299517121219016814214312659271251525413531446548876235579379949453415624335  Faridkot403428328313313011390476523017517415119613359280292032403042386438836615870409050363013505343  Mansa4037273387133130118924662NR183174156NR13361278291733473940396238926595873409242353016473340  Sri Muktsar Sahib414028328013313811790466621817617214517612456287281635403148395739856305772299042342613585048  Dera Bassi4036273385133135117904661NR181176158NRNR59268291530403941386240906816073379541353216452735  Sangrur402728328213012910588476024619519519019517555263301530503545406740907106078309050453015455845  Ropar4036273387133133117904661236185175159NR14159277291731473742395839926766075409343353115453339  Amargarh40272832801301251078547602451931931931951815525029153050354540NR40857106072359550502715405535  Fatehgarh Sahib4533293590130113113113446025618318717819411757293301225382845326540936045878459545483819502332  FerozepurNRNRNRNRNRNRNRNRNRNRNRNRNRNRNRNRNRNRNRNRNRNRNRNRNRNRNRNRNRNRNRNRNRNRNRNRNRNRNRNRNR  Kapurthala383130397313212310793446522919617614818315262290301532404550405843926816085389431363513424747  Uttar PradeshLucknow39303035751151199075466020319116317618715460260202025403035365636906135980308839402615454045  KanpurNRNRNRNRNRNRNRNRNRNRNRNRNRNRNRNRNRNRNRNRNRNRNRNRNRNRNRNRNRNRNRNRNRNRNRNRNRNRNRNRNR  Varanasi46362837881221261078250712151911791852061806524222173142406038NR401077356478388435352923594036  AgraNRNRNRNRNRNRNRNRNRNRNRNRNRNRNRNRNRNRNRNRNRNRNRNRNRNRNRNRNRNRNRNRNRNRNRNRNRNRNRNRNR  Jhansi503728348313712811388496021818517415720713252228212027453338396743936705878388742403015422740  Meerut39302937861171178786476417916416517117016550280181826353635386538926465983398136353015494041  Allahabad522327348811813212993465622519516317020513545335291827373035364039956686370388532372916503745  Gorakhpur402328368011511611084455519518715915216012355225221825453634345236925995680377833382416552632  Saharanpur3828253082116113108884558NR175154150167135562422117252431NR37NR41915825880368133372514472635  Bareilly3824253386122127117102457221918517017419215852300281017282541335733897036072208145333216522427  Ayodhya4330293288115120115874960198198187176174143602302420305045454758451006856072409048443820502031  MoradabadNRNRNRNRNRNRNRNRNRNRNRNRNRNRNRNRNRNRNRNRNRNRNRNRNRNRNRNRNRNRNRNRNRNRNRNRNRNRNRNRNR  Aligarh393128348211711410684435619118415315017813752247201721373439384842916135474368534392515452135  Mirzapur (Vindhyanchal)352425328211511010483454818517515013714911150220222025392940365040936706283348230382515453939  Banda352526297510711110275485522417816814518211958158191321373555346839785826080248830332921483537  AzamgarhNRNRNRNRNRNRNRNRNRNRNRNRNRNRNRNRNRNRNRNRNRNRNRNRNRNRNRNRNRNRNRNRNRNRNRNRNRNRNRNRNR  Gonda (Devipatan)3624253385120128117884456207196161168172128532572014254238373462451006155884388234412520453527  AmethiNR30273490110115115NR4560NRNRNRNRNRNR552382218204540364142451056766181388336512818532550  Barabanki392926358511811811785456020018216816717513055225221519363142374536985635880318531423015462126  Bhadohi352427358111512311782466821219217915017812369218221925393339374940796746272309036393016472035  Chandauli312325328011211511080445520218117013217912159247191224263352346036856345690308432392716494546  Farrukhabad4430253183110120110904566225203162158220126501871912225024NR35NR40906596282358034352616432730  Ghazipur4229283585129119115934965200188155159178143612752315315436414556481017056285398843402819563740  Jaunpur453928358511911611486456221219817716318612558269221635403745395437897075782338937392817482939  UP-Pratapgarh412330348111511811789465121219516716416712859254201129393531394039975465873348836362716392948  Sambhal4023263086106100100874658197177153140152141552531920254229NR36NR37946576079268440432916374030  Santkabir Nagar4434243582108103102774567200200142146178123492653015214229303478439873461963310030522920482627  Shahjahanpur321926327911610610997445618217714713615912843222201021392632345237875535589248730342411432131  Sitapur382728328111211010583445819217014814315413253230182124443035365540926265974338035402915502735  Sultanpur413330358512011510987455819918716015718414355267201824393541395244946355777368535392615472535  Unnao423228318512211710888456020119016316117914558257201523233742405343925865975338738382716473037  Ambedkar Nagar372525357812012612887466422020715916016213967200281425483738357740887226170388035403020602835  AmrohaNRNRNRNRNRNRNRNRNRNRNRNRNRNRNRNRNRNRNRNRNRNRNRNRNRNRNRNRNRNRNRNRNRNRNRNRNRNRNRNRNR  BaghpatNRNRNRNRNRNRNRNRNRNRNRNRNRNRNRNRNRNRNRNRNRNRNRNRNRNRNRNRNRNRNRNRNRNRNRNRNRNRNRNRNR  Bijnor452526357510011095804560220198165181198154552802015254032403753401006226072358840323010404050  Budaun36172530841121039993446421217917916518112653280211024312546386537936135970309030392511422425  Etah4539273580120110110904559207178154156165113552702218253326NR36NR39906776072309732403318402742  Fatehpur421927338811011310489456319418714713715211254225221622322232354033976066179358536422417382126  Ghaziabad412928337811811610791465821219016715518513554207211624423339355341966025882328342382914423832  Hardoi423326338112111411087455820618415815717813254238201424253436365543936215878358735392816442437  Jalaun45242835831181031028946571801701461301581125322020123040334140NR42985676080359038423019303038  Kaushambi432726378511712810787455820619216016016312954237201720383134375536866105774278439362815472431  Kushinagar352726368212111311983486918719515716615413564221271628494040384540956156161318839382916472527  Lakhimpur Kheri382527358211710610385465918518313714516410661228161425403035366137926545874307934443218431841  Pilibhit423728328511511511595456620319817116219213552229201021403452387438956926186209048453815454029  Sharwasti3923253777115119120804660178207165167NR1216021824102038NRNR40NR40985695978208539382015333030  Siddharth Nagar422828338111912512180466419819116215816112653227231825374950337035796216083407034312719402834  Sonbhadra352826317511010510280454517616515213215412155210241524452740335034806216568358533322514452025  Rampur522627297710311510210045621921891491581601405326224203028345434NR36946366579339334342915523429  Bahraich3526253189128120114904256193196157154161124442502520213736343465341066095680217227362319532137  Basti372630337811512811878NRNRNRNRNRNRNRNRNRNRNRNRNRNRNRNRNRNRNRNRNRNRNRNRNRNRNRNRNRNRNRNR  Etawah41NR263185120115108874760200189164156NR137552602012243929NR405544956596079358537402716492535  Muzzafarnagar40292631841201161088946581851761561561781425724520122540354036NR36905255865358034352411456045  Chitrakoot40252532801011009280465017920316316417913855220151535522526406048896375884408038402115453049  Hamirpur-UP43252735871151151088549701901911581751851375820918202540NRNR40NR40956375886308842473017472340  Deoria352126289211911410098466122420114313222012056223202024383740364335935825962377929392718372928  HapurNRNRNRNRNRNRNRNRNRNRNRNRNRNRNRNRNRNRNRNRNRNRNRNRNRNRNRNRNRNRNRNRNRNRNRNRNRNRNRNRNR  Bulandshahr4240273293110113107834569NR184160167158156492421920304035433656361005755679288730472715325041  Kanpur Dehat36232531791001129386456418918915014916812449217191619333136354835855975876317127322415402033  HathrasNRNRNRNRNRNRNRNRNRNRNRNRNRNRNRNRNRNRNRNRNRNRNRNRNRNRNRNRNRNRNRNRNRNRNRNRNRNRNRNRNR  Raebareli412927308311711711188465919418516316217814656218201525413743405346946865981368639392716452937  Lalitpur362128317510911010584455917416714414317812250235201530403038325934905785680308030402418402535  Mohaba38272430801071009783496117617615015518412035187222020372735354835975965472228332392715362630  Gautam Budh Nagar372729368312411611492475922118817415918313560217191329433136385848926455984358337402916413935  Auraiya4126263484124120105854761188177160158165132572092421294428404052411066695476398931342322542447  Maharajganj362527328111511810980455819219115115416412648213221725403744355136915995876398034403017383127  Balrampur35272634781151151128346531781901471502001235720715152653354935NR38926705975458847392914383832  Kannauj4121263285119113110864561186180153145156127532382092133333938NR39936135472218431442817381924  Mathura322727338811912811896456622817314113915612244263271940493443404740996325883358948393415432853  Firozabad352826297011012010085467221418116214815411650210172025402428354435806595875309030382516302540  Kasganj4431243587117108110934559222194169178203159552482120254220NR39NR4010256954733285394829133420NR  MainpuriNRNRNRNRNRNRNRNRNRNRNRNRNRNRNRNRNRNRNRNRNRNRNRNRNRNRNRNRNRNRNRNRNRNRNRNRNRNRNRNRNR  Shamli392825308011811711293455018718115614515912853227151527452740385839905416072339239382713474740  Ballia392227318412111311391465819818015315016613053248191828552941375339956245476348535382716472431  Mau39222534821141121078546551911751481471481196522322152141NRNR35NR36916445576348931403015483332  UttarakhandDehradunNRNRNRNRNRNRNRNRNRNRNRNRNRNRNRNRNRNRNRNRNRNRNRNRNRNRNRNRNRNRNRNRNRNRNRNRNRNRNRNRNR  Haldwani4438313394141125131904862232202155192195167642723025274349423845419570060892110040453318543539  RudrapurNRNRNRNRNRNRNRNRNRNRNRNRNRNRNRNRNRNRNRNRNRNRNRNRNRNRNRNRNRNRNRNRNRNRNRNRNRNRNRNRNR  HaridwarNRNRNRNRNRNRNRNRNRNRNRNRNRNRNRNRNRNRNRNRNRNRNRNRNRNRNRNRNRNRNRNRNRNRNRNRNRNRNRNRNR  WEST ZONEWEST ZONE  ChhattisgarhRaipur3527313894121128103954858217156140157168118562472024223433274345441027035678439137322512344550  Durg3530363882112118110824656196172150170172168522221820304043433761451007736374398042402911474050  AmbikapurNRNRNRNRNRNRNRNRNRNRNRNRNRNRNRNRNRNRNRNRNRNRNRNRNRNRNRNRNRNRNRNRNRNRNRNRNRNRNRNRNR  Bilaspur-CGNRNRNRNRNRNRNRNRNRNRNRNRNRNRNRNRNRNRNRNRNRNRNRNRNRNRNRNRNRNRNRNRNRNRNRNRNRNRNRNRNR  JagdalpurNRNRNRNRNRNRNRNRNRNRNRNRNRNRNRNRNRNRNRNRNRNRNRNRNRNRNRNRNRNRNRNRNRNRNRNRNRNRNRNRNR  Dantewada4038434685125125118854971253215155182200158642692230435041NR41NR4910668358624610549492219652549  DhamtariNRNRNRNRNRNRNRNRNRNRNRNRNRNRNRNRNRNRNRNRNRNRNRNRNRNRNRNRNRNRNRNRNRNRNRNRNRNRNRNRNR  RajnandgaonNRNRNRNRNRNRNRNRNRNRNRNRNRNRNRNRNRNRNRNRNRNRNRNRNRNRNRNRNRNRNRNRNRNRNRNRNRNRNRNRNR  Koriya39NR35398110897102814575205163153151168NR4719525202340353446NR5882693588840782738281748NRNR  DNH and DDSilvasaNRNRNRNRNRNRNRNRNRNRNRNRNRNRNRNRNRNRNRNRNRNRNRNRNRNRNRNRNRNRNRNRNRNRNRNRNRNRNRNRNR  DamanNRNRNRNRNRNRNRNRNRNRNRNRNRNRNRNRNRNRNRNRNRNRNRNRNRNRNRNRNRNRNRNRNRNRNRNRNRNRNRNRNR  Diu50414050871521481301004768231234NR2002111416442030292862396256836610771462813011744363821533335  GoaPanajiNRNRNRNRNRNRNRNRNRNRNRNRNRNRNRNRNRNRNRNRNRNRNRNRNRNRNRNRNRNRNRNRNRNRNRNRNRNRNRNRNR  MargaoNRNRNRNRNRNRNRNRNRNRNRNRNRNRNRNRNRNRNRNRNRNRNRNRNRNRNRNRNRNRNRNRNRNRNRNRNRNRNRNRNR  GujaratAhmedabad3429383998120122103954568181175165165172NR57208203434453640426545906375669367529333219422223  Rajkot34273138861081029895466817818814816618215760205182525403343396844876265766338032343915402526  SuratNRNRNRNRNRNRNRNRNRNRNRNRNRNRNRNRNRNRNRNRNRNRNRNRNRNRNRNRNRNRNRNRNRNRNRNRNRNRNRNRNR  Bhuj38273037881081099993396318418214617018415958202162523383435386838936175368367428343716402727  Selamba352734398711711310390446419217915317017815855210192525404040416741906365584487931323516453030  Waghai383437429312011810298456820018715215618314759209202930443536406044966315870417530342617413028  Bodeli34193438861111089892436618817213815217414158205182828353641396844896325569358030343915382727  Vapi322432349011411410194446618716913814516914556205182828313846406636966925668387831323215382830  Bilimora3634383798107120111106466920518916718319417851221212827384039406245996415469367631353318333225  Idar3727363891118120100924673211190156166185149642371835283536413767501007156268359942324018552936  Jhalod362836379411512099100516519218815416116715662205222930294036406946926695574447428333718402222  Songash412930358412011611086466020519416616718915557225202027413643405443957005675398134352916473036  Madhya PradeshBhopal3735263182116106105904662185203178151193NR52250102022503838406241866435780409638403315302040  Indore41322835861171181107943641801751641771541476126515181840373740NR40856455990388335332515332322  Gwalior4540303480121122110904563212176172160184NR50222121719382830406540886526071298435352615402235  Jabalpur403530358011811511086455920019015115618212252250162022344042425545926265980388640382616402440  Rewa35282835761069594784555177154148147147NR5523718161738NRNR35NR37856555776259028453013452035  Sagar38342729781181209883466020719014016619416252258171422454352396040836766090288343302915404348  Jhabua4436263583139118110924565209217205176192NR68297153028693944476549987076198288850383020402739  Hoshangabad452927358211911710694455521115614215216113152216112029394347415042926566088499231421919522431  Shahdol3530293586115112110834460203186142153181NR52210182020403733355040956045870309030402718353025  Ujjain4037404092123118101994462162202181149189NR50252181313323940416346967156356389949393116403035  Morena41312631931201121071024667200185156156159115552401410205029NR38NR39986086183228136312814322040  Anuppur322525328011512011090465022019815417617616355200201530504040355050907696580299040352515403040  Bhind403529338511211611384466218816514314313611550250151521493443406539906516277258129352516403534  Dhar453525378913412612098456318719217215919212555213152025693637475547957206084258732352018452835  HardaNRNRNRNRNRNRNRNRNRNRNRNRNRNRNRNRNRNRNRNRNRNRNRNRNRNRNRNRNRNRNRNRNRNRNRNRNRNRNRNRNR  Katni35302934791171071078042501671561271481561025020519141235353845554510060458100208040402715322040  KhandwaNRNRNRNRNRNRNRNRNRNRNRNRNRNRNRNRNRNRNRNRNRNRNRNRNRNRNRNRNRNRNRNRNRNRNRNRNRNRNRNRNR  Mandla3628313577100115105804550215187148176209NR55190292330224545396241876926082208543352814364048  RajgarhNRNRNRNRNRNRNRNRNRNRNRNRNRNRNRNRNRNRNRNRNRNRNRNRNRNRNRNRNRNRNRNRNRNRNRNRNRNRNRNRNR  SidhiNRNRNRNRNRNRNRNRNRNRNRNRNRNRNRNRNRNRNRNRNRNRNRNRNRNRNRNRNRNRNRNRNRNRNRNRNRNRNRNRNR  Chattarpur4035303890120117110834550198192170154154128602502015284532404058501006006084189030423015372740  Neemuch5033273478133105110724865187157143152143NR45303101520404240416541876326368408035423015482532  BurhanpurNRNRNRNRNRNRNRNRNRNRNRNRNRNRNRNRNRNRNRNRNRNRNRNRNRNRNRNRNRNRNRNRNRNRNRNRNRNRNRNRNR  Narshinpur3828283575120108110854552200189141148165NR45233121515354040456047856375885459035352515352040  Raisen4030293280130120110904658187195148153NRNR5525010203050404033NR40846926077409044333220354045  Sheopur4027253380113110105854560213193169149163NR50206282525503035406042926375880229040403215403550  Agar malwa38312429831361291081034560196176155161147NR4828620201348464842NR47876875971309825293016422524  Umaria3431323685112112117904660212183154178190NR532001520384840NR43NR47836225978408332422715454850  Shajapur3935263183122115105854360181190159165181NR5025720202046383939NR44906776082408535372815422938  Dewas4135283486124115111874564195192174171185NR56245122725393542395645967076182368943352819352543  KhargoneNRNRNRNRNRNRNRNRNRNRNRNRNRNRNRNRNRNRNRNRNRNRNRNRNRNRNRNRNRNRNRNRNRNRNRNRNRNRNRNRNR  SingrauliNRNRNRNRNRNRNRNRNRNRNRNRNRNRNRNRNRNRNRNRNRNRNRNRNRNRNRNRNRNRNRNRNRNRNRNRNRNRNRNRNR  ChhindwaraNRNRNRNRNRNRNRNRNRNRNRNRNRNRNRNRNRNRNRNRNRNRNRNRNRNRNRNRNRNRNRNRNRNRNRNRNRNRNRNRNR  Sehore3931283080120110100804560176181169161176NR5528013202050NRNR45NR43846596079428530352415502535  MP-AshoknagarNRNRNRNRNRNRNRNRNRNRNRNRNRNRNRNRNRNRNRNRNRNRNRNRNRNRNRNRNRNRNRNRNRNRNRNRNRNRNRNRNR  BalaghatNRNRNRNRNRNRNRNRNRNRNRNRNRNRNRNRNRNRNRNRNRNRNRNRNRNRNRNRNRNRNRNRNRNRNRNRNRNRNRNRNR  GunaNRNRNRNRNRNRNRNRNRNRNRNRNRNRNRNRNRNRNRNRNRNRNRNRNRNRNRNRNRNRNRNRNRNRNRNRNRNRNRNRNR  Ratlam403530337912211611284456220319015515917715855240102521403043386240896445972218334372815403030  SatnaNRNRNRNRNRNRNRNRNRNRNRNRNRNRNRNRNRNRNRNRNRNRNRNRNRNRNRNRNRNRNRNRNRNRNRNRNRNRNRNRNR  Vidisha40NR303574113120110904555187190148176184NR53240111118403940357035806596085188443302715452030  Alirajpur38NR303687124100114954554185148139136144NR4824010271929313545NR47936115780287740432917372540  Betul4032253479115113108854559195199153170201NR50245122025454242406841966676084319141392315394049  Damoh4036273275124109104854462205198137149166NR51205132017474039396239915786077198938353515491942  DindoriNRNRNRNRNRNRNRNRNRNRNRNRNRNRNRNRNRNRNRNRNRNRNRNRNRNRNRNRNRNRNRNRNRNRNRNRNRNRNRNRNR  NiwariNRNRNRNRNRNRNRNRNRNRNRNRNRNRNRNRNRNRNRNRNRNRNRNRNRNRNRNRNRNRNRNRNRNRNRNRNRNRNRNRNR  Seoni3732353786115110105854655196214170154187NR472151120204040403768421006545881278048362115453040  PannaNRNRNRNRNRNRNRNRNRNRNRNRNRNRNRNRNRNRNRNRNRNRNRNRNRNRNRNRNRNRNRNRNRNRNRNRNRNRNRNRNR  Tikamgarh353025309012011095904450205167142149147NR502002015204530354040451006595870258529412017302030  Datia46382529821221099878486022018916115619112457228282222354832447745927016188238742482815363252  Maihar402029309097102978046602331981651521871265320515202340NRNR40NR45977215872379730393513372443  ShivpuriNRNRNRNRNRNRNRNRNRNRNRNRNRNRNRNRNRNRNRNRNRNRNRNRNRNRNRNRNRNRNRNRNRNRNRNRNRNRNRNRNR  Mandsaur402830401061201181151054558195192190169196147603002235184550557390589576145110457030453420451731  MaharashtraMumbai4038414893136143123994660244227194165200154793103027306847615265531136856077779967454316403750  Nagpur57404853971351311181055266237216168171198141702832731326642515281521108035994469841483221684978  Pune3728435285103120106834475206209168171185173603534135234641444538458955059805610054522519413132  Nashik3941424186138133113954560209225187169184136573232820284242684963499864060697511562363316223237  Mangaon-Raigad5244435087130132112924558220244178164198137633583026254846534256449586060764212068394822553546  Dharni4531293681124108119914655223192154178205NR5832213212750392742NR47937436679478539412118372948  Latur5847434882123122118834468205200139179189162582472628225739574273411037514892739848422723463755  Akluj444233398012211810595456020320816619120718650332302525473147376040896595257399538362712282031  Arni Yavatmal4430343699123125114904363192170154144159NR573001030306035324770551037845572409945422015403525  Chandrapur43433846841271301131024558201203222166182NR6727530204027525660545810667958872010350422220634770  Karad Satara67523448821381241209145742101881671771911705729327272731374142574311167459724212151412919422840  Ahemednagar533744478412411911999445316816916617518016949259302424442942394439995805872549929442618252937  Khultabad4727323677111116108854546182NR1451621671536132020312139314139NR42867026081398132352016362034  Islampur413337478212313012010043722232061601861971565041827302030384039484310165560853910359533627403542  Kankavli4544345184127131126874660184200164152178135533732042306253474550461006885685777747413718633053  Partur50NR2940801261201128844581972081851811951815940110252050313543NR4787775NR84499240423115503039  Gondia5233333580120120115774563199211141168185167652603020253042484252428776558802210050502921354045  Jalgaon482635438512813311810045652002101751701911896046830222548414255615410075358844812553413519393352  Akola43NR3446851281201161004569182211163172182NR603273025195242384965491037845980438842442416372842  RajasthanJaipurNRNRNRNRNRNRNRNRNRNRNRNRNRNRNRNRNRNRNRNRNRNRNRNRNRNRNRNRNRNRNRNRNRNRNRNRNRNRNRNRNR  JodhpurNRNRNRNRNRNRNRNRNRNRNRNRNRNRNRNRNRNRNRNRNRNRNRNRNRNRNRNRNRNRNRNRNRNRNRNRNRNRNRNRNR  Kota553935368612611810291496120319216016219416157296222123423448525545956936376477734383116402535  UdaipurNRNRNRNRNRNRNRNRNRNRNRNRNRNRNRNRNRNRNRNRNRNRNRNRNRNRNRNRNRNRNRNRNRNRNRNRNRNRNRNRNR  BharatpurNRNRNRNRNRNRNRNRNRNRNRNRNRNRNRNRNRNRNRNRNRNRNRNRNRNRNRNRNRNRNRNRNRNRNRNRNRNRNRNRNR  AjmerNRNRNRNRNRNRNRNRNRNRNRNRNRNRNRNRNRNRNRNRNRNRNRNRNRNRNRNRNRNRNRNRNRNRNRNRNRNRNRNRNR  BikanerNRNRNRNRNRNRNRNRNRNRNRNRNRNRNRNRNRNRNRNRNRNRNRNRNRNRNRNRNRNRNRNRNRNRNRNRNRNRNRNRNR  BundiNRNRNRNRNRNRNRNRNRNRNRNRNRNRNRNRNRNRNRNRNRNRNRNRNRNRNRNRNRNRNRNRNRNRNRNRNRNRNRNRNR  RajsamandNRNRNRNRNRNRNRNRNRNRNRNRNRNRNRNRNRNRNRNRNRNRNRNRNRNRNRNRNRNRNRNRNRNRNRNRNRNRNRNRNR  AlwarNRNRNRNRNRNRNRNRNRNRNRNRNRNRNRNRNRNRNRNRNRNRNRNRNRNRNRNRNRNRNRNRNRNRNRNRNRNRNRNRNR  BanswaraNRNRNRNRNRNRNRNRNRNRNRNRNRNRNRNRNRNRNRNRNRNRNRNRNRNRNRNRNRNRNRNRNRNRNRNRNRNRNRNRNR  BaranNRNRNRNRNRNRNRNRNRNRNRNRNRNRNRNRNRNRNRNRNRNRNRNRNRNRNRNRNRNRNRNRNRNRNRNRNRNRNRNRNR  Barmer5040323490130110115854554187209170193209117533002220233228354960531008795876529041253114423230  BhilwaraNRNRNRNRNRNRNRNRNRNRNRNRNRNRNRNRNRNRNRNRNRNRNRNRNRNRNRNRNRNRNRNRNRNRNRNRNRNRNRNRNR  ChhitorgarhNRNRNRNRNRNRNRNRNRNRNRNRNRNRNRNRNRNRNRNRNRNRNRNRNRNRNRNRNRNRNRNRNRNRNRNRNRNRNRNRNR  Churu4535303385115110100904544231209165231236NR502802018255528NR40NR4090747NRNRNRNRNRNRNRNR40NRNR  DholapurNRNRNRNRNRNRNRNRNRNRNRNRNRNRNRNRNRNRNRNRNRNRNRNRNRNRNRNRNRNRNRNRNRNRNRNRNRNRNRNRNR  DungarpurNRNRNRNRNRNRNRNRNRNRNRNRNRNRNRNRNRNRNRNRNRNRNRNRNRNRNRNRNRNRNRNRNRNRNRNRNRNRNRNRNR  HanumangarhNRNRNRNRNRNRNRNRNRNRNRNRNRNRNRNRNRNRNRNRNRNRNRNRNRNRNRNRNRNRNRNRNRNRNRNRNRNRNRNRNR  JaisalmerNRNRNRNRNRNRNRNRNRNRNRNRNRNRNRNRNRNRNRNRNRNRNRNRNRNRNRNRNRNRNRNRNRNRNRNRNRNRNRNRNR  Jalore5148343586113119103894959215186159190205NR5431215282953304043NR52935646078479841402917432837  JhalawarNRNRNRNRNRNRNRNRNRNRNRNRNRNRNRNRNRNRNRNRNRNRNRNRNRNRNRNRNRNRNRNRNRNRNRNRNRNRNRNRNR  JhunjhunuNRNRNRNRNRNRNRNRNRNRNRNRNRNRNRNRNRNRNRNRNRNRNRNRNRNRNRNRNRNRNRNRNRNRNRNRNRNRNRNRNR  KarauliNRNRNRNRNRNRNRNRNRNRNRNRNRNRNRNRNRNRNRNRNRNRNRNRNRNRNRNRNRNRNRNRNRNRNRNRNRNRNRNRNR  NagaurNRNRNRNRNRNRNRNRNRNRNRNRNRNRNRNRNRNRNRNRNRNRNRNRNRNRNRNRNRNRNRNRNRNRNRNRNRNRNRNRNR  Pali55NR33339112812890744456201167168163162123432342430253329393835471025076268528557352621413725  RJ-PratapgarhNRNRNRNRNRNRNRNRNRNRNRNRNRNRNRNRNRNRNRNRNRNRNRNRNRNRNRNRNRNRNRNRNRNRNRNRNRNRNRNRNR  SikarNRNRNRNRNRNRNRNRNRNRNRNRNRNRNRNRNRNRNRNRNRNRNRNRNRNRNRNRNRNRNRNRNRNRNRNRNRNRNRNRNR  SirohiNRNRNRNRNRNRNRNRNRNRNRNRNRNRNRNRNRNRNRNRNRNRNRNRNRNRNRNRNRNRNRNRNRNRNRNRNRNRNRNRNR  Sri Ganganagar43353035891181101109745522191901701651651484932315152228NRNR40NR3892NRNRNR228230283228451730  Tonk563829368412611410894497125220714116217714660283202830322546425455915716781409648403321473249  Sawai MadhopurNRNRNRNRNRNRNRNRNRNRNRNRNRNRNRNRNRNRNRNRNRNRNRNRNRNRNRNRNRNRNRNRNRNRNRNRNRNRNRNRNR  EAST ZONEEAST ZONE  BiharPatna4528283180116116100805058NR1881591921961735031226233339NRNR40NR401006045684358540402515402036  Bhagalpur3923283273123111101754758NR1861471551731284532028162551496134NR351046355484379629342118NR2029  Purnia38NR323471111116101794959NR193153188NR1645432418132639685838584710874353884011838402814502823  DarbhangaNRNRNRNRNRNRNRNRNRNRNRNRNRNRNRNRNRNRNRNRNRNRNRNRNRNRNRNRNRNRNRNRNRNRNRNRNRNRNRNRNR  Gaya3325273882123109109814460NR2011661461511205533025192333NRNR35NR401106816088308532402315453025  Muzzafarpur41NR293481120125107834761NR191156158211127442942315243948453750371016065784288538372614482927  SaranNRNRNRNRNRNRNRNRNRNRNRNRNRNRNRNRNRNRNRNRNRNRNRNRNRNRNRNRNRNRNRNRNRNRNRNRNRNRNRNRNR  MungerNRNRNRNRNRNRNRNRNRNRNRNRNRNRNRNRNRNRNRNRNRNRNRNRNRNRNRNRNRNRNRNRNRNRNRNRNRNRNRNRNR  SaharsaNRNRNRNRNRNRNRNRNRNRNRNRNRNRNRNRNRNRNRNRNRNRNRNRNRNRNRNRNRNRNRNRNRNRNRNRNRNRNRNRNR  Madhubani37213035841251121018447552051661601611711284728028212726NRNR3348351016155771328232312312502627  Rohtas (Sasaram)36243539781121148580486919420217919023218754248321825494355345637987546084418439282514613039  Motihari4830283484114120110844856245196185169229158462651918224435353852371065935481298131422717332832  Samastipur4523253582112116115804558NR189137132NR13350315301227403039387347977136792408332742510412727  KatiharNRNRNRNRNRNRNRNRNRNRNRNRNRNRNRNRNRNRNRNRNRNRNRNRNRNRNRNRNRNRNRNRNRNRNRNRNRNRNRNRNR  Araria37NR313673124127114794861275188162144190130543283014244950553985391016266172418141312311562526  Nawada301828317311311893734759NR190161165NR129542222810225539353251351027225863388135312211632322  KhagariaNRNRNRNRNRNRNRNRNRNRNRNRNRNRNRNRNRNRNRNRNRNRNRNRNRNRNRNRNRNRNRNRNRNRNRNRNRNRNRNRNR  BankaNRNRNRNRNRNRNRNRNRNRNRNRNRNRNRNRNRNRNRNRNRNRNRNRNRNRNRNRNRNRNRNRNRNRNRNRNRNRNRNRNR  Arwal382625358113013097854859NR2111651731871435523228242645NRNR35NR37937485881398033352519452530  AurangabadNRNRNRNRNRNRNRNRNRNRNRNRNRNRNRNRNRNRNRNRNRNRNRNRNRNRNRNRNRNRNRNRNRNRNRNRNRNRNRNRNR  BegusaraiNRNRNRNRNRNRNRNRNRNRNRNRNRNRNRNRNRNRNRNRNRNRNRNRNRNRNRNRNRNRNRNRNRNRNRNRNRNRNRNRNR  Bhojpur Ara4419283176116119109814857243177155150185NR5535330182639NRNR35NR371046816084428450402510474231  Buxar302126328412011711979466220219217116919812259255291625463554347237917694895398746322717403534  Gopalganj3930273588117113107844552195184150189156143572532914296042443943401126855681368747423512532629  JamuiNRNRNRNRNRNRNRNRNRNRNRNRNRNRNRNRNRNRNRNRNRNRNRNRNRNRNRNRNRNRNRNRNRNRNRNRNRNRNRNRNR  JehanabadNRNRNRNRNRNRNRNRNRNRNRNRNRNRNRNRNRNRNRNRNRNRNRNRNRNRNRNRNRNRNRNRNRNRNRNRNRNRNRNRNR  Kaimur381827327911711798794960NR1961741671931305221220122742323134NR39887146085388233332715532628  KishanganjNRNRNRNRNRNRNRNRNRNRNRNRNRNRNRNRNRNRNRNRNRNRNRNRNRNRNRNRNRNRNRNRNRNRNRNRNRNRNRNRNR  LakhisaraiNRNRNRNRNRNRNRNRNRNRNRNRNRNRNRNRNRNRNRNRNRNRNRNRNRNRNRNRNRNRNRNRNRNRNRNRNRNRNRNRNR  Medhepura38NR31357211512592754758NR1961561901881334428221132541NRNR36NR359072258108408935372814422423  NalandaNRNRNRNRNRNRNRNRNRNRNRNRNRNRNRNRNRNRNRNRNRNRNRNRNRNRNRNRNRNRNRNRNRNRNRNRNRNRNRNRNR  SheikhpuraNRNRNRNRNRNRNRNRNRNRNRNRNRNRNRNRNRNRNRNRNRNRNRNRNRNRNRNRNRNRNRNRNRNRNRNRNRNRNRNRNR  Sheohar4328273782120118108774758170204164169197124502322615313550543840401147255977288134372415552825  SitamarhiNRNRNRNRNRNRNRNRNRNRNRNRNRNRNRNRNRNRNRNRNRNRNRNRNRNRNRNRNRNRNRNRNRNRNRNRNRNRNRNRNR  Siwan33252529701089685734657NRNRNR185193NR50202261222264744334934887096166298434412914512526  SupaulNRNRNRNRNRNRNRNRNRNRNRNRNRNRNRNRNRNRNRNRNRNRNRNRNRNRNRNRNRNRNRNRNRNRNRNRNRNRNRNRNR  Vaishali352526307511411710075485320918114818720915959207291230404949334237907695584408033322513373330  West Champaran3827293681116119111844456202186175153176NR452602017234435413345391055675476379047502717472421  JharkhandRanchi4130353680120118110794859231191150181192139532172815254235403640421036306079429044413215503343  GumlaNRNRNRNRNRNRNRNRNRNRNRNRNRNRNRNRNRNRNRNRNRNRNRNRNRNRNRNRNRNRNRNRNRNRNRNRNRNRNRNRNR  Sahibganj3525303490120130105855060192203187187192137673302014306056464563551006086078388550362917504035  Bokaro3730353786132114110834857NR1821701641821445632228232735NRNR33NR40100709578943812841251360NRNR  Lohardaga3727313685102125110804561NR1471301351671164420326202520NRNR383240906745673258042302711384123  SimdegaNRNRNRNRNRNRNRNRNRNRNRNRNRNRNRNRNRNRNRNRNRNRNRNRNRNRNRNRNRNRNRNRNRNRNRNRNRNRNRNRNR  Dhanbad393034367611911911180485925119316116418713958245281528443850375345937695791438942393418503840  Jamshedpur (East Singbhum) NRNRNRNRNRNRNRNRNRNRNRNRNRNRNRNRNRNRNRNRNRNRNRNRNRNRNRNRNRNRNRNRNRNRNRNRNRNRNRNRNR  GiridhiNRNRNRNRNRNRNRNRNRNRNRNRNRNRNRNRNRNRNRNRNRNRNRNRNRNRNRNRNRNRNRNRNRNRNRNRNRNRNRNRNR  SeraikellaNRNRNRNRNRNRNRNRNRNRNRNRNRNRNRNRNRNRNRNRNRNRNRNRNRNRNRNRNRNRNRNRNRNRNRNRNRNRNRNRNR  West SinghbhumNRNRNRNRNRNRNRNRNRNRNRNRNRNRNRNRNRNRNRNRNRNRNRNRNRNRNRNRNRNRNRNRNRNRNRNRNRNRNRNRNR  Daltonganj3830273780108115107834860NR188155167NR1376030030203245NRNR4562471186886895529640412618404533  Deoghar4018323580110120110100486017618617614817613260300251525505050406050907696085308040352515404040  RamgarhNRNRNRNRNRNRNRNRNRNRNRNRNRNRNRNRNRNRNRNRNRNRNRNRNRNRNRNRNRNRNRNRNRNRNRNRNRNRNRNRNR  PakurNRNRNRNRNRNRNRNRNRNRNRNRNRNRNRNRNRNRNRNRNRNRNRNRNRNRNRNRNRNRNRNRNRNRNRNRNRNRNRNRNR  Jamtara462427328111511610085486227518916116918815057285291223525772325755857545885288044312818554847  LateharNRNRNRNRNRNRNRNRNRNRNRNRNRNRNRNRNRNRNRNRNRNRNRNRNRNRNRNRNRNRNRNRNRNRNRNRNRNRNRNRNR  GoddaNRNRNRNRNRNRNRNRNRNRNRNRNRNRNRNRNRNRNRNRNRNRNRNRNRNRNRNRNRNRNRNRNRNRNRNRNRNRNRNRNR  Koderma40243035801201201038049631981981541631931266019928193041NRNR37NR38907065991308644362514614442  OdishaBhubaneshwar4234364680110114110804858NR203145NR1921656523030173533NRNR36453890NRNR78409030352512504050  Cuttack4031374679111112110794958NR202145NR19416659257301631334144375539937405780439141352715583547  Sambalpur4030364580110110100785058NR204143NR1931675524030162540404035603690758NR72409043353015604045  Rourkela362635387711611199774758NR20214415319716857190281629303536384039915295683408839323015473552  BerhampurNRNRNRNRNRNRNRNRNRNRNRNRNRNRNRNRNRNRNRNRNRNRNRNRNRNRNRNRNRNRNRNRNRNRNRNRNRNRNRNRNR  JeyporeNRNRNRNRNRNRNRNRNRNRNRNRNRNRNRNRNRNRNRNRNRNRNRNRNRNRNRNRNRNRNRNRNRNRNRNRNRNRNRNRNR  Balasore382741457811510796754558NR197176NR1911675924028143243NRNR42NR43936175666309341402811453035  Baripada352433427911511497794958NR189171NR187170602392815255335NR5148519170657844810143363114552631  BalangirNRNRNRNRNRNRNRNRNRNRNRNRNRNRNRNRNRNRNRNRNRNRNRNRNRNRNRNRNRNRNRNRNRNRNRNRNRNRNRNRNR  Angul37NRNR5087133113123884960NR198176NR198NR59NR291623334355575059113NR6188378357353015603737  BoudhgarhNRNRNRNRNRNRNRNRNRNRNRNRNRNRNRNRNRNRNRNRNRNRNRNRNRNRNRNRNRNRNRNRNRNRNRNRNRNRNRNRNR  DhenkanalNRNRNRNRNRNRNRNRNRNRNRNRNRNRNRNRNRNRNRNRNRNRNRNRNRNRNRNRNRNRNRNRNRNRNRNRNRNRNRNRNR  JagatsinghpurNRNRNRNRNRNRNRNRNRNRNRNRNRNRNRNRNRNRNRNRNRNRNRNRNRNRNRNRNRNRNRNRNRNRNRNRNRNRNRNRNR  KandhamalNRNRNRNRNRNRNRNRNRNRNRNRNRNRNRNRNRNRNRNRNRNRNRNRNRNRNRNRNRNRNRNRNRNRNRNRNRNRNRNRNR  KeonjharNRNRNRNRNRNRNRNRNRNRNRNRNRNRNRNRNRNRNRNRNRNRNRNRNRNRNRNRNRNRNRNRNRNRNRNRNRNRNRNRNR  MalkangiriNRNRNRNRNRNRNRNRNRNRNRNRNRNRNRNRNRNRNRNRNRNRNRNRNRNRNRNRNRNRNRNRNRNRNRNRNRNRNRNRNR  NabarangpurNRNRNRNRNRNRNRNRNRNRNRNRNRNRNRNRNRNRNRNRNRNRNRNRNRNRNRNRNRNRNRNRNRNRNRNRNRNRNRNRNR  NayagarhNRNRNRNRNRNRNRNRNRNRNRNRNRNRNRNRNRNRNRNRNRNRNRNRNRNRNRNRNRNRNRNRNRNRNRNRNRNRNRNRNR  NuapadaNRNRNRNRNRNRNRNRNRNRNRNRNRNRNRNRNRNRNRNRNRNRNRNRNRNRNRNRNRNRNRNRNRNRNRNRNRNRNRNRNR  Paralakhemundi Gajapati52374141821211201108045NR20220715915317613654310232026445559395840707716082409049392914574043  Puri4032NR4380116113105844858NR199163NR1911475726726162935NRNR39NR44946775877428539342614482637  Rayagada43NR415085120120111804860209203150NR19814060NR30192740NRNR454049806905888408234352413503543  SonepurNRNRNRNRNRNRNRNRNRNRNRNRNRNRNRNRNRNRNRNRNRNRNRNRNRNRNRNRNRNRNRNRNRNRNRNRNRNRNRNRNR  Bhadrak3323NR3985120112115804863NR211176NR195154583332814254044NR376339827695883438140302615482837  JharsugudaNRNRNRNRNRNRNRNRNRNRNRNRNRNRNRNRNRNRNRNRNRNRNRNRNRNRNRNRNRNRNRNRNRNRNRNRNRNRNRNRNR  Kendrapara3932384585123104110854655NR200145NR1911575527928142735NRNR435744876996173378328382415541838  Jajpur3431404777121105106814556NR198184NR19012155NR29162641NRNR35NR461006595484418539292313512633  Kalahandi4230374985120118110854754NR203163NR1861335443030192552NRNR403750101753NR72378437332913402643  West BengalKolkataNRNRNRNRNRNRNRNRNRNRNRNRNRNRNRNRNRNRNRNRNRNRNRNRNRNRNRNRNRNRNRNRNRNRNRNRNRNRNRNRNR  SiliguriNRNRNRNRNRNRNRNRNRNRNRNRNRNRNRNRNRNRNRNRNRNRNRNRNRNRNRNRNRNRNRNRNRNRNRNRNRNRNRNRNR  PuruliaNRNRNRNRNRNRNRNRNRNRNRNRNRNRNRNRNRNRNRNRNRNRNRNRNRNRNRNRNRNRNRNRNRNRNRNRNRNRNRNRNR  KharagpurNRNRNRNRNRNRNRNRNRNRNRNRNRNRNRNRNRNRNRNRNRNRNRNRNRNRNRNRNRNRNRNRNRNRNRNRNRNRNRNRNR  RampurhatNRNRNRNRNRNRNRNRNRNRNRNRNRNRNRNRNRNRNRNRNRNRNRNRNRNRNRNRNRNRNRNRNRNRNRNRNRNRNRNRNR  MaldaNRNRNRNRNRNRNRNRNRNRNRNRNRNRNRNRNRNRNRNRNRNRNRNRNRNRNRNRNRNRNRNRNRNRNRNRNRNRNRNRNR  RaiganjNRNRNRNRNRNRNRNRNRNRNRNRNRNRNRNRNRNRNRNRNRNRNRNRNRNRNRNRNRNRNRNRNRNRNRNRNRNRNRNRNR  AlipurduarNRNRNRNRNRNRNRNRNRNRNRNRNRNRNRNRNRNRNRNRNRNRNRNRNRNRNRNRNRNRNRNRNRNRNRNRNRNRNRNRNR  AsansolNRNRNRNRNRNRNRNRNRNRNRNRNRNRNRNRNRNRNRNRNRNRNRNRNRNRNRNRNRNRNRNRNRNRNRNRNRNRNRNRNR  BalurghatNRNRNRNRNRNRNRNRNRNRNRNRNRNRNRNRNRNRNRNRNRNRNRNRNRNRNRNRNRNRNRNRNRNRNRNRNRNRNRNRNR  BankuraNRNRNRNRNRNRNRNRNRNRNRNRNRNRNRNRNRNRNRNRNRNRNRNRNRNRNRNRNRNRNRNRNRNRNRNRNRNRNRNRNR  Barasat54NR3238901221191211155057NR1931701611741386532729152852NRNR38NR56716356083658936342617454652  Bardhaman5229NR398612612611911048582341931581481891406432028133040NRNR36NR43937606189448948303014653938  BaruipurNRNRNRNRNRNRNRNRNRNRNRNRNRNRNRNRNRNRNRNRNRNRNRNRNRNRNRNRNRNRNRNRNRNRNRNRNRNRNRNRNR  Berhampore46272540851221191131075063NR1901511701961695430325152462NRNR40NR61736066090389832292715334840  ChinsurahNRNRNRNRNRNRNRNRNRNRNRNRNRNRNRNRNRNRNRNRNRNRNRNRNRNRNRNRNRNRNRNRNRNRNRNRNRNRNRNRNR  Cooch beharNRNRNRNRNRNRNRNRNRNRNRNRNRNRNRNRNRNRNRNRNRNRNRNRNRNRNRNRNRNRNRNRNRNRNRNRNRNRNRNRNR  HowrahNRNRNRNRNRNRNRNRNRNRNRNRNRNRNRNRNRNRNRNRNRNRNRNRNRNRNRNRNRNRNRNRNRNRNRNRNRNRNRNRNR  JalapiguriNRNRNRNRNRNRNRNRNRNRNRNRNRNRNRNRNRNRNRNRNRNRNRNRNRNRNRNRNRNRNRNRNRNRNRNRNRNRNRNRNR  JhargramNRNRNRNRNRNRNRNRNRNRNRNRNRNRNRNRNRNRNRNRNRNRNRNRNRNRNRNRNRNRNRNRNRNRNRNRNRNRNRNRNR  Kalimpong45NR363780153132124974769NRNR130137173NR6239416283370NRNR41464399715NR91581017050311946NR40  KrishnagarNRNRNRNRNRNRNRNRNRNRNRNRNRNRNRNRNRNRNRNRNRNRNRNRNRNRNRNRNRNRNRNRNRNRNRNRNRNRNRNRNR  TamlukNRNRNRNRNRNRNRNRNRNRNRNRNRNRNRNRNRNRNRNRNRNRNRNRNRNRNRNRNRNRNRNRNRNRNRNRNRNRNRNRNR  NORTH EAST ZONENORTH EAST ZONE  Andaman and NicobarPort BlairNRNRNRNRNRNRNRNRNRNRNRNRNRNRNRNRNRNRNRNRNRNRNRNRNRNRNRNRNRNRNRNRNRNRNRNRNRNRNRNRNR  MayabunderNRNRNRNRNRNRNRNRNRNRNRNRNRNRNRNRNRNRNRNRNRNRNRNRNRNRNRNRNRNRNRNRNRNRNRNRNRNRNRNRNR  Car NicobarNRNRNRNRNRNRNRNRNRNRNRNRNRNRNRNRNRNRNRNRNRNRNRNRNRNRNRNRNRNRNRNRNRNRNRNRNRNRNRNRNR  Arunachal pradeshItanagarNRNRNRNRNRNRNRNRNRNRNRNRNRNRNRNRNRNRNRNRNRNRNRNRNRNRNRNRNRNRNRNRNRNRNRNRNRNRNRNRNR  NamsaiNRNRNRNRNRNRNRNRNRNRNRNRNRNRNRNRNRNRNRNRNRNRNRNRNRNRNRNRNRNRNRNRNRNRNRNRNRNRNRNRNR  Pasighat53NRNR509311397931136080176238172179187NR9040020204070NRNR50NR5783723591006010070784315604867  Tawang45NR4545100NR140137985773NR236182NR165NR10034020425050NRNR42NR539368457112709828833028733143  Tezu37NRNR4090130120120905070NR154NR159NRNR8024015203080NRNR40NR7010082461108408060403020402050  AssamGuwahati383033397511195978149712162031881762031656022013173263NRNR45NR47NRNRNR9543NR40NR2219764040  Barpeta3323363579106969980507419721313915919516356155101529395043389752837366381408334332718582425  TinsukiaNRNRNRNRNRNRNRNRNRNRNRNRNRNRNRNRNRNRNRNRNRNRNRNRNRNRNRNRNRNRNRNRNRNRNRNRNRNRNRNRNR  Dhubri3125NR3376130NR106824877NR225158154176126601801215255050653565501107476090307030402515502530  Goalpara3625323585130130109954863NR198161164181NR6121210143040NRNR36NR53977876290409538313118602832  GolaghatNRNRNRNRNRNRNRNRNRNRNRNRNRNRNRNRNRNRNRNRNRNRNRNRNRNRNRNRNRNRNRNRNRNRNRNRNRNRNRNRNR  Mangaldai452333327810895102844870NR193142NRNR1606026011153435NRNR35NR35NRNRNR9633NRNRNR3017652340  Mushalpur3926393585115101110904975NR2141491861851325225010153472NRNR36NR51818316090389529NR3030573536  Udalguri3826NR388411796112884977NR208NR1601881455827210113245NRNR39NR4075687NR79378042NR2113533040  Bajali34NR334087118102113934978164214NR1592051376736310153453NRNR3610345857956295408761603225703035  HojaiNRNRNRNRNRNRNRNRNRNRNRNRNRNRNRNRNRNRNRNRNRNRNRNRNRNRNRNRNRNRNRNRNRNRNRNRNRNRNRNRNR  Jorhat403436408211111510310050781812091601591601326020812183460NRNR55NR5478714NR102408042423012602040  Bongaigaon43NRNR358311897110904770NR184152150165NR6032210132539NRNR37NR6076NRNR9032NR40NR3018552040  MorigaonNRNRNRNRNRNRNRNRNRNRNRNRNRNRNRNRNRNRNRNRNRNRNRNRNRNRNRNRNRNRNRNRNRNRNRNRNRNRNRNRNR  Sonari4132434298122NR110984978NR209NR176NRNR7322013153252NRNR39NR6090NRNR96458043423015591840  Tamulpur3626373785127110111904977NR195152175NR1607027010154050NRNR36NR4076710NR9632NRNRNR2912503540  SivasagarNRNRNRNRNRNRNRNRNRNRNRNRNRNRNRNRNRNRNRNRNRNRNRNRNRNRNRNRNRNRNRNRNRNRNRNRNRNRNRNRNR  Biswanath CharialiNRNRNRNRNRNRNRNRNRNRNRNRNRNRNRNRNRNRNRNRNRNRNRNRNRNRNRNRNRNRNRNRNRNRNRNRNRNRNRNRNR  Dibrugarh3528NR35871291291091014977NR207160188211NR5920312173762NRNR36NR55897845896537949423414533343  Karimganj37NRNR3980112122102794875NR209NR165215NR7223814233063NRNR39NR65130NR589643NR48NR2916503248  Majuli34NR384095118921101005170NR188NR159NRNR6026015192946NRNR41NR43112NRNR84407045NR3515403040  Sonitpur TezpurNRNRNRNRNRNRNRNRNRNRNRNRNRNRNRNRNRNRNRNRNRNRNRNRNRNRNRNRNRNRNRNRNRNRNRNRNRNRNRNRNR  Haflong3439NR4590120NR120905077NR180NR121210NR8027015203550NRNR45NR45906795890409540323019802050  AS-Lakhimpur39NRNR3881112102110924973NR194161164172NR5819315143258NRNR40NR42886135984488038533213483043  Diphu3427NR3980114115110874975NR201NR154NR12190245131934634545396570826876296228050353015672540  Nalbari3626NR408212595110854970NR1981451651871265829710123050NRNR40NR40808205890408043503015733522  South Salmara MankacharNRNRNRNRNRNRNRNRNRNRNRNRNRNRNRNRNRNRNRNRNRNRNRNRNRNRNRNRNRNRNRNRNRNRNRNRNRNRNRNRNR  KamrupNRNRNRNRNRNRNRNRNRNRNRNRNRNRNRNRNRNRNRNRNRNRNRNRNRNRNRNRNRNRNRNRNRNRNRNRNRNRNRNRNR  ManipurImphalNRNRNRNRNRNRNRNRNRNRNRNRNRNRNRNRNRNRNRNRNRNRNRNRNRNRNRNRNRNRNRNRNRNRNRNRNRNRNRNRNR  ChandelNRNRNRNRNRNRNRNRNRNRNRNRNRNRNRNRNRNRNRNRNRNRNRNRNRNRNRNRNRNRNRNRNRNRNRNRNRNRNR JiribamNRNRNRNRNRNRNRNRNRNRNRNRNRNRNRNRNRNRNRNRNRNRNRNRNRNRNRNRNRNRNRNRNRNRNRNRNRNRNRNRNR  KangpokpiNRNRNRNRNRNRNRNRNRNRNRNRNRNRNRNRNRNRNRNRNRNRNRNRNRNRNRNRNRNRNRNRNRNRNRNRNRNRNRNRNR  SenapatiNRNRNRNRNRNRNRNRNRNRNRNRNRNRNRNRNRNRNRNRNRNRNRNRNRNRNRNRNRNRNRNRNRNRNRNRNRNRNRNRNR  TamenglongNRNRNRNRNRNRNRNRNRNRNRNRNRNRNRNRNRNRNRNRNRNRNRNRNRNRNRNRNRNRNRNRNRNRNRNRNRNRNR ThoubalNRNRNRNRNRNRNRNRNRNRNRNRNRNRNRNRNRNRNRNRNRNRNRNRNRNRNRNRNRNRNRNRNRNRNRNRNRNRNRNRNR  UkhrulNRNRNRNRNRNRNRNRNRNRNRNRNRNRNRNRNRNRNRNRNRNRNRNRNRNRNRNRNRNRNRNRNRNRNRNRNRNRNRNRNR  ChurachandpurNRNRNRNRNRNRNRNRNRNRNRNRNRNRNRNRNRNRNRNRNRNRNRNRNRNRNRNRNRNRNRNRNRNRNRNRNRNRNRNRNR  KakchingNRNRNRNRNRNRNRNRNRNRNRNRNRNRNRNRNRNRNRNRNRNRNRNRNRNRNRNRNRNRNRNRNRNRNRNRNRNRNRNRNR  MeghalayaShillongNRNRNRNRNRNRNRNRNRNRNRNRNRNRNRNRNRNRNRNRNRNRNRNRNRNRNRNRNRNRNRNRNRNRNRNRNRNRNRNRNR  TuraNRNRNRNRNRNRNRNRNRNRNRNRNRNRNRNRNRNRNRNRNRNRNRNRNRNRNRNRNRNRNRNRNRNRNRNRNRNRNRNRNR  JowaiNRNRNRNRNRNRNRNRNRNRNRNRNRNRNRNRNRNRNRNRNRNRNRNRNRNRNRNRNRNRNRNRNRNRNRNRNRNRNRNRNR  SohraNRNRNRNRNRNRNRNRNRNRNRNRNRNRNRNRNRNRNRNRNRNRNRNRNRNRNRNRNRNRNRNRNRNRNRNRNRNRNRNRNR  Mairang39NR4040NRNRNR120905075NR154NR154NRNRNR39317204060NRNR40NR4098NR60968080505027171002070  NongpohNRNRNRNRNRNRNRNRNRNRNRNRNRNRNRNRNRNRNRNRNRNRNRNRNRNRNRNRNRNRNRNRNRNRNRNRNRNRNRNRNR  Khliehriat4342393992128NR115855076NR150NR148NRNRNR31330203843NRNR39NR44737435983437758423215732240  WilliamnagarNRNRNRNRNRNRNRNRNRNRNRNRNRNRNRNRNRNRNRNRNRNRNRNRNRNRNRNRNRNRNRNRNRNRNRNRNRNRNRNRNR  NongstoinNRNRNRNRNRNRNRNRNRNRNRNRNRNRNRNRNRNRNRNRNRNRNRNRNRNRNRNRNRNRNRNRNRNRNRNRNRNRNRNRNR  MawkyrwatNRNRNRNRNRNRNRNRNRNRNRNRNRNRNRNRNRNRNRNRNRNRNRNRNRNRNRNRNRNRNRNRNRNRNRNRNRNRNRNRNR  MizoramAizawlNRNRNRNRNRNRNRNRNRNRNRNRNRNRNRNRNRNRNRNRNRNRNRNRNRNRNRNRNRNRNRNRNRNRNRNRNRNRNRNRNR  Lunglei505040501251801801501105582NR240203115207132100486305050100NRNR50NR5011568060100659575603020803070  Kolasib5045404595120140140935580NR242NR14320313210048330303780NR4045NR7012072560906098100803635503070  MamitNRNRNRNRNRNRNRNRNRNRNRNRNRNRNRNRNRNRNRNRNRNRNRNRNRNRNRNRNRNRNRNRNRNRNRNRNRNRNRNRNR  Champhai504950501001301501401085585NR238230154NRNR11056030355073NRNR47NR100160745601004597100804220802562  Serchhip45NRNR49113NRNR1301005085NR264NR154NR143100520303050100NRNR55NR8016063360965310780903023603065  SiahaNRNRNRNRNRNRNRNRNRNRNRNRNRNRNRNRNRNRNRNRNRNRNRNRNRNRNRNRNRNRNRNRNRNRNRNRNRNRNRNRNR  Lawngtlai50NR45501001601401401005080NR253NR143NR132110480304060120NRNR50NR801406606010080100NR9060401003070  Hnahthial53NR4550NR1471501331035284NR257NR154NRNR12050030284397NRNR50NR9014065960966593NR905020752870  Khawzawl4543404897137130117985382NR213145154NR13214047030375587NRNR48NR6811862860986287NR635833734835  SaitualNRNRNRNRNRNRNRNRNRNRNRNRNRNRNRNRNRNRNRNRNRNRNRNRNRNRNRNRNRNRNRNRNRNRNRNRNRNRNRNRNR  NagalandKohimaNRNRNRNRNRNRNRNRNRNRNRNRNRNRNRNRNRNRNRNRNRNRNRNRNRNRNRNRNRNRNRNRNRNRNRNRNRNRNRNRNR  Dimapur40354350711601101209053802091812201982091818035020263050NRNR45NR1001607696780367575805015802655  TuensangNRNRNRNRNRNRNRNRNRNRNRNRNRNRNRNRNRNRNRNRNRNRNRNRNRNRNRNRNRNRNRNRNRNRNRNRNRNRNRNRNR  MokochungNRNRNRNRNRNRNRNRNRNRNRNRNRNRNRNRNRNRNRNRNRNRNRNRNRNRNRNRNRNRNRNRNRNRNRNRNRNRNRNRNR  ChumukedimaNRNRNRNRNRNRNRNRNRNRNRNRNRNRNRNRNRNRNRNRNRNRNRNRNRNRNRNRNRNRNRNRNRNRNRNRNRNRNRNRNR  MonNRNRNRNRNRNRNRNRNRNRNRNRNRNRNRNRNRNRNRNRNRNRNRNRNRNRNRNRNRNRNRNRNRNRNRNRNRNRNRNRNR  PerenNRNRNRNRNRNRNRNRNRNRNRNRNRNRNRNRNRNRNRNRNRNRNRNRNRNRNRNRNRNRNRNRNRNRNRNRNRNRNRNRNR  PhekNRNRNRNRNRNRNRNRNRNRNRNRNRNRNRNRNRNRNRNRNRNRNRNRNRNRNRNRNRNRNRNRNRNRNRNRNRNRNRNRNR  TseminyuNRNRNRNRNRNRNRNRNRNRNRNRNRNRNRNRNRNRNRNRNRNRNRNRNRNRNRNRNRNRNRNRNRNRNRNRNRNRNRNRNR  WokhaNRNRNRNRNRNRNRNRNRNRNRNRNRNRNRNRNRNRNRNRNRNRNRNRNRNRNRNRNRNRNRNRNRNRNRNRNRNRNRNRNR  ZunhebotoNRNRNRNRNRNRNRNRNRNRNRNRNRNRNRNRNRNRNRNRNRNRNRNRNRNRNRNRNRNRNRNRNRNRNRNRNRNRNRNRNR  KiphireNRNRNRNRNRNRNRNRNRNRNRNRNRNRNRNRNRNRNRNRNRNRNRNRNRNRNRNRNRNRNRNRNRNRNRNRNRNRNRNRNR  LonglengNRNRNRNRNRNRNRNRNRNRNRNRNRNRNRNRNRNRNRNRNRNRNRNRNRNRNRNRNRNRNRNRNRNRNRNRNRNRNRNRNR  NiulandNRNRNRNRNRNRNRNRNRNRNRNRNRNRNRNRNRNRNRNRNRNRNRNRNRNRNRNRNRNRNRNRNRNRNRNRNRNRNRNRNR  ShamatorNRNRNRNRNRNRNRNRNRNRNRNRNRNRNRNRNRNRNRNRNRNRNRNRNRNRNRNRNRNRNRNRNRNRNRNRNRNRNRNRNR  NoklakNRNRNRNRNRNRNRNRNRNRNRNRNRNRNRNRNRNRNRNRNRNRNRNRNRNRNRNRNRNRNRNRNRNRNRNRNRNRNRNRNR  SikkimGangtokNRNRNRNRNRNRNRNRNRNRNRNRNRNRNRNRNRNRNRNRNRNRNRNRNRNRNRNRNRNRNRNRNRNRNRNRNRNRNRNRNR  GyalshingNRNRNRNRNRNRNRNRNRNRNRNRNRNRNRNRNRNRNRNRNRNRNRNRNRNRNRNRNRNRNRNRNRNRNRNRNRNRNRNRNR  NamchiNRNRNRNRNRNRNRNRNRNRNRNRNRNRNRNRNRNRNRNRNRNRNRNRNRNRNRNRNRNRNRNRNRNRNRNRNRNRNRNRNR  SorengNRNRNRNRNRNRNRNRNRNRNRNRNRNRNRNRNRNRNRNRNRNRNRNRNRNRNRNRNRNRNRNRNRNRNRNRNRNRNRNRNR  ManganNRNRNRNRNRNRNRNRNRNRNRNRNRNRNRNRNRNRNRNRNRNRNRNRNRNRNRNRNRNRNRNRNRNRNRNRNRNRNRNRNR  PakyongNRNRNRNRNRNRNRNRNRNRNRNRNRNRNRNRNRNRNRNRNRNRNRNRNRNRNRNRNRNRNRNRNRNRNRNRNRNRNRNRNR  TripuraAgartalaNRNRNRNRNRNRNRNRNRNRNRNRNRNRNRNRNRNRNRNRNRNRNRNRNRNRNRNRNRNRNRNRNRNRNRNRNRNRNRNRNR  DharmanagarNRNRNRNRNRNRNRNRNRNRNRNRNRNRNRNRNRNRNRNRNRNRNRNRNRNRNRNRNRNRNRNRNRNRNRNRNRNRNRNRNR  BeloniaNRNRNRNRNRNRNRNRNRNRNRNRNRNRNRNRNRNRNRNRNRNRNRNRNRNRNRNRNRNRNRNRNRNRNRNRNRNRNRNRNR  TR-UdaipurNRNRNRNRNRNRNRNRNRNRNRNRNRNRNRNRNRNRNRNRNRNRNRNRNRNRNRNRNRNRNRNRNRNRNRNRNRNRNRNRNR  AmbassaNRNRNRNRNRNRNRNRNRNRNRNRNRNRNRNRNRNRNRNRNRNRNRNRNRNRNRNRNRNRNRNRNRNRNRNRNRNRNRNRNR  SOUTH ZONESOUTH ZONE  Andhra PradeshVijaywada4633444781128123104854760203156137NR20014855287163025374543425145946045860689230392419482042  Visakhapatnam5124424386124124111854858198197152NR19115965260171928304044454945907256079378835372415503540  KurnoolNRNRNRNRNRNRNRNRNRNRNRNRNRNRNRNRNRNRNRNRNRNRNRNRNRNRNRNRNRNRNRNRNRNRNRNRNRNRNRNRNR  Tirupathi503244458310810510990435817218313416816212461308203232273943414345876415571448534402017483133  JammalamaduguNRNRNRNRNRNRNRNRNRNRNRNRNRNRNRNRNRNRNRNRNRNRNRNRNRNRNRNRNRNRNRNRNRNRNRNRNRNRNR DharmavaramNRNRNRNRNRNRNRNRNRNRNRNRNRNRNRNRNRNRNRNRNRNRNRNRNRNRNRNRNRNRNRNRNRNRNRNRNRNRNR OngoleNRNRNRNRNRNRNRNRNRNRNRNRNRNRNRNRNRNRNRNRNRNRNRNRNRNRNRNRNRNRNRNRNRNRNRNRNRNRNRNRNR  BapatlaNRNRNRNRNRNRNRNRNRNRNRNRNRNRNRNRNRNRNRNRNRNRNRNRNRNRNRNRNRNRNRNRNRNRNRNRNRNRNRNRNR  RajahmundryNRNRNRNRNRNRNRNRNRNRNRNRNRNRNRNRNRNRNRNRNRNRNRNRNRNRNRNRNRNRNRNRNRNRNRNRNRNRNRNRNR  EluruNRNRNRNRNRNRNRNRNRNRNRNRNRNRNRNRNRNRNRNRNRNRNRNRNRNRNRNRNRNRNRNRNRNRNRNRNRNRNRNRNR  GunturNRNRNRNRNRNRNRNRNRNRNRNRNRNRNRNRNRNRNRNRNRNRNRNRNRNRNRNRNRNRNRNRNRNRNRNRNRNRNRNRNR  AmalapuramNRNRNRNRNRNRNRNRNRNRNRNRNRNRNRNRNRNRNRNRNRNRNRNRNRNRNRNRNRNRNRNRNRNRNRNRNRNRNRNRNR  NandyalaNRNRNRNRNRNRNRNRNRNRNRNRNRNRNRNRNRNRNRNRNRNRNRNRNRNRNRNRNRNRNRNRNRNRNRNRNRNRNRNRNR  ParvathipuramNRNRNRNRNRNRNRNRNRNRNRNRNRNRNRNRNRNRNRNRNRNRNRNRNRNRNRNRNRNRNRNRNRNRNRNRNRNRNRNRNR  Sri Sathya Sai452841417811310610489455920119813715718714355320153120343541414743886635875308332352015522533  NelloreNRNRNRNRNRNRNRNRNRNRNRNRNRNRNRNRNRNRNRNRNRNRNRNRNRNRNRNRNRNRNRNRNRNRNRNRNRNRNRNRNR  SrikakulamNRNRNRNRNRNRNRNRNRNRNRNRNRNRNRNRNRNRNRNRNRNRNRNRNRNRNRNRNRNRNRNRNRNRNRNRNRNRNRNRNR  VizianagaramNRNRNRNRNRNRNRNRNRNRNRNRNRNRNRNRNRNRNRNRNRNRNRNRNRNRNRNRNRNRNRNRNRNRNRNRNRNRNRNRNR  AnakapalliNRNRNRNRNRNRNRNRNRNRNRNRNRNRNRNRNRNRNRNRNRNRNRNRNRNRNRNRNRNRNRNRNRNRNRNRNRNRNRNRNR  BhimavaramNRNRNRNRNRNRNRNRNRNRNRNRNRNRNRNRNRNRNRNRNRNRNRNRNRNRNRNRNRNRNRNRNRNRNRNRNRNRNRNRNR  ChittoorNRNRNRNRNRNRNRNRNRNRNRNRNRNRNRNRNRNRNRNRNRNRNRNRNRNRNRNRNRNRNRNRNRNRNRNRNRNRNRNRNR  KakinadaNRNRNRNRNRNRNRNRNRNRNRNRNRNRNRNRNRNRNRNRNRNRNRNRNRNRNRNRNRNRNRNRNRNRNRNRNRNRNRNRNR  Machilipatnam503043458411510010788446316917613316816911452338152427253243444244907436158358531301912244543  NarasaraopetaNRNRNRNRNRNRNRNRNRNRNRNRNRNRNRNRNRNRNRNRNRNRNRNRNRNRNRNRNRNRNRNRNRNRNRNRNRNRNRNRNR  PaderuNRNRNRNRNRNRNRNRNRNRNRNRNRNRNRNRNRNRNRNRNRNRNRNRNRNRNRNRNRNRNRNRNRNRNRNRNRNRNRNRNR  RayachotiNRNRNRNRNRNRNRNRNRNRNRNRNRNRNRNRNRNRNRNRNRNRNRNRNRNRNRNRNRNRNRNRNRNRNRNRNRNRNRNRNR  AnantapuramuNRNRNRNRNRNRNRNRNRNRNRNRNRNRNRNRNRNRNRNRNRNRNRNRNRNRNRNRNRNRNRNRNRNRNRNRNRNRNRNRNR  YSR KadapaNRNRNRNRNRNRNRNRNRNRNRNRNRNRNRNRNRNRNRNRNRNRNRNRNRNRNRNRNRNRNRNRNRNRNRNRNRNRNRNRNR  MadanapalleNRNRNRNRNRNRNRNRNRNRNRNRNRNRNRNRNRNRNRNRNRNRNRNRNRNRNRNRNRNRNRNRNRNRNRNRNRNRNRNRNR  MarkapuramNRNRNRNRNRNRNRNRNRNRNRNRNRNRNRNRNRNRNRNRNRNRNRNRNRNRNRNRNRNRNRNRNRNRNRNRNRNRNRNRNR  KarnatakaBengaluru573642418311711811388475119520714615219015655240172727293942415047907325983517739352815472528  Dharwad483442448212212011086445419618714514619115247268202828314650464846867695691557832433315382838  Mangalore523942448212812911188435820919715017018815458199202925403955454847887475981468335372817572138  Mysore554141517911812010979444820821419117019015559337202623265256405541807215787579643293320823556  Bengaluru (East Range)563842458812211911488475019622314515519415959262202827334244435148927406086508239412818502545  Belagavi513642438311711710586445420318513817919715146258212624315053414543847695683408031592314402728  Kalaburagi553544448412512511790455319818916313618915455206203020304041444945957146087707440603018603035  Tumakuru573443448512313211593455520221414515918514550232202829304850475047827326092408839453020502940  Bellary533146428711711810888455421620315415018316558308242722353842404743977405677387733363018502829  Dhavanagere574044508511711511086465320320814414819616457297242827304155435245877655687417137422316402528  Shivamogga563941468812012211290455420020814514819514854245212625254852474948927455990408632402815402530  Vijayapur503744438012312311882445421021414817718614551244222825403843435043827696385589141423814582240  Ramanagara493942459011911810594444820321413314219214650193182829324544474543907456279409033502115502732  Raichur553343428211912310582NR5419919817517018814155209162525354749454545947215680439240483917432627  Chamarajanagar533342468212211810597434821720815112218914041193182725314956534955897145887479439724419813351  Kolar472945449012312412093455222421316417019916155259203022274242484345977136080438033423415403348  Haveri553545458512012012090445519419217617619213750247193030304250454542857756084508040403015453535  Bagalkot493844428511811811592455620618814516518615345245202823345246445243907565880488034373520582627  Bidar513739397911711711282445719218813315818215853267192727374148394839877846188588738383317533553  Koppal523643448412012111291445220019415215919215350236182625333945424944907385879409037392717502929  Mandya553541458311912912097455221523114417018815555251202525254046444743957145690608140382915403029  Yadgir553543448512012011087455420320317016519215951210173025404351454544957695780407432372718472444  Chikkamagalur533643468511912311290445420319915615819114451213192631254446454746947176086478535432616433140  Bangalore Rural533643508811912210787465021218613815218614556254182530244945454648987185790468136502420403141  Chikkaballapur513245448712012311388445222720515016919416154287182925414241454443977365876388433412115393143  Chitradurga564044508511511511386445320821014615019716555293192525404352454945887645582447235432117502230  Gadag554044468312112911484455221318514113818614946237222624423842424846877156081578538363822382531  Hassan513645518912512711096465422319915115319515956245232429214646474647917276094397938392813393939  Kodagu543643468711711911391465420418914515018614755249192726454043474747957525783527835372416562545  Udupi463646478211911711095474822421016317818616155222213029434443484747927216282548239563420573034  Uttara Kannada563647438912613412197474822619617517918614755280202929494651434943997695886579542403920444645  Vijayanagara5737414281119122117934552197207142NR19014248219182528253949474846967295887508637383715462531  KeralaT.PuramNRNRNRNRNRNRNRNRNRNRNRNRNRNRNRNRNRNRNRNRNRNRNRNRNRNRNRNRNRNRNRNRNRNRNRNRNRNRNRNRNR  ErnakulamNRNRNRNRNRNRNRNRNRNRNRNRNRNRNRNRNRNRNRNRNRNRNRNRNRNRNRNRNRNRNRNRNRNRNRNRNRNRNRNRNR  KozhikodeNRNRNRNRNRNRNRNRNRNRNRNRNRNRNRNRNRNRNRNRNRNRNRNRNRNRNRNRNRNRNRNRNRNRNRNRNRNRNRNRNR  ThrissurNRNRNRNRNRNRNRNRNRNRNRNRNRNRNRNRNRNRNRNRNRNRNRNRNRNRNRNRNRNRNRNRNRNRNRNRNRNRNRNRNR  PalakkadNRNRNRNRNRNRNRNRNRNRNRNRNRNRNRNRNRNRNRNRNRNRNRNRNRNRNRNRNRNRNRNRNRNRNRNRNRNRNRNRNR  WayanadNRNRNRNRNRNRNRNRNRNRNRNRNRNRNRNRNRNRNRNRNRNRNRNRNRNRNRNRNRNRNRNRNRNRNRNRNRNRNRNRNR  KasargodNRNRNRNRNRNRNRNRNRNRNRNRNRNRNRNRNRNRNRNRNRNRNRNRNRNRNRNRNRNRNRNRNRNRNRNRNRNRNRNRNR  KottayamNRNRNRNRNRNRNRNRNRNRNRNRNRNRNRNRNRNRNRNRNRNRNRNRNRNRNRNRNRNRNRNRNRNRNRNRNRNRNRNRNR  PathanamthittaNRNRNRNRNRNRNRNRNRNRNRNRNRNRNRNRNRNRNRNRNRNRNRNRNRNRNRNRNRNRNRNRNRNRNRNRNRNRNRNRNR  AlapuzhaNRNRNRNRNRNRNRNRNRNRNRNRNRNRNRNRNRNRNRNRNRNRNRNRNRNRNRNRNRNRNRNRNRNRNRNRNRNRNRNRNR  KollamNRNRNRNRNRNRNRNRNRNRNRNRNRNRNRNRNRNRNRNRNRNRNRNRNRNRNRNRNRNRNRNRNRNRNRNRNRNRNRNRNR  IdukkiNRNRNRNRNRNRNRNRNRNRNRNRNRNRNRNRNRNRNRNRNRNRNRNRNRNRNRNRNRNRNRNRNRNRNRNRNRNRNRNRNR  KannurNRNRNRNRNRNRNRNRNRNRNRNRNRNRNRNRNRNRNRNRNRNRNRNRNRNRNRNRNRNRNRNRNRNRNRNRNRNRNRNRNR  MalapuramNRNRNRNRNRNRNRNRNRNRNRNRNRNRNRNRNRNRNRNRNRNRNRNRNRNRNRNRNRNRNRNRNRNRNRNRNRNRNRNRNR  PuducherryPuducherryNRNRNRNRNRNRNRNRNRNRNRNRNRNRNRNRNRNRNRNRNRNRNRNRNRNRNRNRNRNRNRNRNRNRNRNRNRNRNRNRNR  Tamil NaduChennai6037434183127123112854640202232174NR19216567290303835334247465148889166090658544383014505342  Madurai5837476887126124106924645227206194NR197174642633034352734375953511177596792468737432614392537  DindigulNRNRNRNRNRNRNRNRNRNRNRNRNRNRNRNRNRNRNRNRNRNRNRNRNRNRNRNRNRNRNRNRNRNRNRNRNRNRNRNRNR  ThiruchirapalliNRNRNRNRNRNRNRNRNRNRNRNRNRNRNRNRNRNRNRNRNRNRNRNRNRNRNRNRNRNRNRNRNRNRNRNRNRNRNRNRNR  CoimbatoreNRNRNRNRNRNRNRNRNRNRNRNRNRNRNRNRNRNRNRNRNRNRNRNRNRNRNRNRNRNRNRNRNRNRNRNRNRNRNRNRNR  Tirunelveli4734485394126128118824644247209173NR18714758267272730284147545253987837086488836352714433638  CuddaloreNRNRNRNRNRNRNRNRNRNRNRNRNRNRNRNRNRNRNRNRNRNRNRNRNRNRNRNRNRNRNRNRNRNRNRNRNRNRNRNRNR  Dharmapuri5532444280130123106824543220NR143NR191158522752628283040484845491106908086488243332514404350  VelloreNRNRNRNRNRNRNRNRNRNRNRNRNRNRNRNRNRNRNRNRNRNRNRNRNRNRNRNRNRNRNRNRNRNRNRNRNRNRNRNRNR  Ramanathapuram6137416779117126106894644230NR177NR194173572843146353545465651571177737483618355332913504535  ErodeNRNRNRNRNRNRNRNRNRNRNRNRNRNRNRNRNRNRNRNRNRNRNRNRNRNRNRNRNRNRNRNRNRNRNRNRNRNRNRNRNR  Karur5435536789133129108874647236207175NR192154642971737373740465652591047256590639645432822644848  Perambalur4941NR6892131132111874743220211184NR19917361NR2930423042605550561117475884508836382714534147  Pudukkottai6041456688129130115NR4840268NR182NR193154586982940353041575655521118796684259846383014555050  Sivagangai5240456896134133121924744252NR219NR196169562922943404039565855611207658585608245372915636032  Thanjavur5340485089134131120954744228240183NR193155583002732313239504851481248947794509042392814523541  The nilgirisNRNRNRNRNRNRNRNRNRNRNRNRNRNRNRNRNRNRNRNRNRNRNRNRNRNRNRNRNRNRNRNRNRNRNRNRNRNRNRNRNR  Thoothukudi5238436585120125110884646231219181NR192163553201030302535506055621108686190338744372913454540  ViluppuramNRNRNRNRNRNRNRNRNRNRNRNRNRNRNRNRNRNRNRNRNRNRNRNRNRNRNRNRNRNRNRNRNRNRNRNRNRNRNRNRNR  VirudhunagarNRNRNRNRNRNRNRNRNRNRNRNRNRNRNRNRNRNRNRNRNRNRNRNRNRNRNRNRNRNRNRNRNRNRNRNRNRNRNRNRNR  Kanniyakumari6039375380123121107764741225216191NR197165572582530302534403752401037696088608437312713354048  Namakkal6341476188127127117904544198215167NR19515956NR2637383841405149471136647184498244393112604260  Tiruvannamalai5339454885139128118884643227201172NR196162603102627322444584751561138396287628939472913523339  TiruvarurNRNRNRNRNRNRNRNRNRNRNRNRNRNRNRNRNRNRNRNRNRNRNRNRNRNRNRNRNRNRNRNRNRNRNRNRNRNRNRNRNR  Tiruppur58364854101142134121834743236224170NR19215859265282933334454605559957256082288347412218574022  Tenkasi5640465980125119111NR4746234NR167NR191164602753030303536495760561008026690508844412913494040  NagapattinamNRNRNRNRNRNRNRNRNRNRNRNRNRNRNRNRNRNRNRNRNRNRNRNRNRNRNRNRNRNRNRNRNRNRNRNRNRNRNRNRNR  Krishnagiri5535464189130129116894544208202155NR192167593152830292038404348451006155090699640402912534146  AriyalurNRNRNRNRNRNRNRNRNRNRNRNRNRNRNRNRNRNRNRNRNRNRNRNRNRNRNRNRNRNRNRNRNRNRNRNRNRNRNRNRNR  Kallakurichi5138496788130114115884745238222176NR19716357NR2930302338505047491128868586458845353014434845  Kancheepuram5537516790137137119954544213203185NR19215672NR2840403541565253551027845590509147402914455039  SalemNRNRNRNRNRNRNRNRNRNRNRNRNRNRNRNRNRNRNRNRNRNRNRNRNRNRNRNRNRNRNRNRNRNRNRNRNRNRNRNRNR  Theni5937496181125124109854445224219165NR17614955284272929284058525752937917080489139322612523837  Chengalpattu5537465495123120128904644210205175NR16413964NR2837373241495147531137845282628531401913431930  Mayiladuthurai6040506598137117113NR4545201203198NR194146603402730273745454650631138577090409235422514605057  RanipetNRNRNRNRNRNRNRNRNRNRNRNRNRNRNRNRNRNRNRNRNRNRNRNRNRNRNRNRNRNRNRNRNRNRNRNRNRNRNRNRNR  Tirupattur4939434783122119119894440216236174NR19414457310293027233437423545927696581408635372415523740  Tiruvallur5538446687129122119924440214208169NR19215665298274030253659555259997626084558231412113504536  TelanganaHyderabadNRNRNRNRNRNRNRNRNRNRNRNRNRNRNRNRNRNRNRNRNRNRNRNRNRNRNRNRNRNRNRNRNRNRNRNRNRNRNRNRNR  KarimnagarNRNRNRNRNRNRNRNRNRNRNRNRNRNRNRNRNRNRNRNRNRNRNRNRNRNRNRNRNRNRNRNRNRNRNRNRNRNRNRNRNR  WarangalNRNRNRNRNRNRNRNRNRNRNRNRNRNRNRNRNRNRNRNRNRNRNRNRNRNRNRNRNRNRNRNRNRNRNRNRNRNRNRNRNR  AdilabadNRNRNRNRNRNRNRNRNRNRNRNRNRNRNRNRNRNRNRNRNRNRNRNRNRNRNRNRNRNRNRNRNRNRNRNRNRNRNRNRNR  SuryapetNRNRNRNRNRNRNRNRNRNRNRNRNRNRNRNRNRNRNRNRNRNRNRNRNRNRNRNRNRNRNRNRNRNRNRNRNRNRNRNRNR  JadcherlaNRNRNRNRNRNRNRNRNRNRNRNRNRNRNRNRNRNRNRNRNRNRNRNRNRNRNRNRNRNRNRNRNRNRNRNRNRNRNRNRNR  KhammamNRNRNRNRNRNRNRNRNRNRNRNRNRNRNRNRNRNRNRNRNRNRNRNRNRNRNRNRNRNRNRNRNRNRNRNRNRNRNRNRNR  MedchalNRNRNRNRNRNRNRNRNRNRNRNRNRNRNRNRNRNRNRNRNRNRNRNRNRNRNRNRNRNRNRNRNRNRNRNRNRNRNRNRNR  NizamabadNRNRNRNRNRNRNRNRNRNRNRNRNRNRNRNRNRNRNRNRNRNRNRNRNRNRNRNRNRNRNRNRNRNRNRNRNRNRNRNRNR  SangareddyNRNRNRNRNRNRNRNRNRNRNRNRNRNRNRNRNRNRNRNRNRNRNRNRNRNRNRNRNRNRNRNRNRNRNRNRNRNRNRNRNR  KothagudemNRNRNRNRNRNRNRNRNRNRNRNRNRNRNRNRNRNRNRNRNRNRNRNRNRNRNRNRNRNRNRNRNRNRNRNRNRNRNRNRNR  LadakhLehNRNRNRNRNRNRNRNRNRNRNRNRNRNRNRNRNRNRNRNRNRNRNRNRNRNRNRNRNRNRNRNRNRNRNRNRNRNRNRNRNR  Kargil45NRNR40127NR115115NR4866NRNRNRNRNRNR476502840407460NR50NR4510067764846010080805321956060  Commodity NameCommodity NameRiceRiceWheatAtta (Wheat)Gram DalTur/Arhar DalUrad DalMoong DalMasoor DalSugarMilk @Groundnut Oil (Packed)Mustard Oil (Packed)Vanaspati (Packed)Soya Oil (Packed)Sunflower Oil (Packed)Palm Oil (Packed)GurTea LooseSalt Pack (Iodised)PotatoOnionTomatoBajra(whole)Jowar(whole)Maida(wheat)Ragi(whole)Suji(whole)BesanDesi GheeButter(Pasteurised)EggsBrinjalBlack Pepper(whole)Coriander(whole)Cummin Seed(whole)Red Chillies(whole)Turmeric(powder)BananaGIngerGarlic  Average Price1Average Price143.1931.5131.1536.9484.35121118.58110.3188.3746.5359.69204.53192.13162.09163.11188.02148.0757.47269.4722.1821.5327.8342.437.8643.7141.1755.3644.9395.29686.9859.3381.4940.1487.2739.940.3929.0516.2448.3132.0138.64  Maximum Price1Maximum Price167525368127180180150115608527526423023123618914069841506012068727310310016091685112801251009060401006278  Minimum Price1Minimum Price130172428709792857239401621471271151361023515510912202026323233705074556187025251910221721  Modal Price1Modal Price14027283585120120110904560203198145170192132552802020254035404055409076960844080404030154027.540  Source:- State civil supplies Dept.Note:- All India Consumption Weighted Average Prices of Oils w.e.f 23-Feb-2022 and Wheat and Atta w.e.f 25-Feb-2023 NR -> Not Reported Unit for Black Pepper (powder),Coriander (powder),Cummin Seed (powder),Red Chillies (powder),Turmeric (powder),Butter (Pasteurised) - Rs/100gm Unit for Eggs - Rs/Dozen Developed by:- National Informatics Centre(NIC)",,,,,,,,,,,,,,,,,,,,,,,,,,,,,,,,,,,,,,,,,,,2026-06-28
"Source:- State civil supplies Dept.Note:- All India Consumption Weighted Average Prices of Oils w.e.f 23-Feb-2022 and Wheat and Atta w.e.f 25-Feb-2023 NR -> Not Reported Unit for Black Pepper (powder),Coriander (powder),Cummin Seed (powder),Red Chillies (powder),Turmeric (powder),Butter (Pasteurised) - Rs/100gm Unit for Eggs - Rs/Dozen Developed by:- National Informatics Centre(NIC)",,,,,,,,,,,,,,,,,,,,,,,,,,,,,,,,,,,,,,,,,,,2026-06-28
Source:- State civil supplies Dept.,Note:- All India Consumption Weighted Average Prices of Oils w.e.f 23-Feb-2022 and Wheat and Atta w.e.f 25-Feb-2023,NR -> Not Reported,,,,,,,,,,,,,,,,,,,,,,,,,,,,,,,,,,,,,,,,,2026-06-28
"Unit for Black Pepper (powder),Coriander (powder),Cummin Seed (powder),Red Chillies (powder),Turmeric (powder),Butter (Pasteurised) - Rs/100gm","Unit for Black Pepper (powder),Coriander (powder),Cummin Seed (powder),Red Chillies (powder),Turmeric (powder),Butter (Pasteurised) - Rs/100gm",,,,,,,,,,,,,,,,,,,,,,,,,,,,,,,,,,,,,,,,,,2026-06-28
,Unit for Eggs - Rs/Dozen,,,,,,,,,,,,,,,,,,,,,,,,,,,,,,,,,,,,,,,,,,2026-06-28
Developed by:- National Informatics Centre(NIC),Developed by:- National Informatics Centre(NIC),,,,,,,,,,,,,,,,,,,,,,,,,,,,,,,,,,,,,,,,,,2026-06-28
,,,,,,,,,,,,,,,,,,,,,,,,,,,,,,,,,,,,,,,,,,,2026-06-28
