State,Centre,Rice,Broken Rice,Wheat,Atta (Wheat),Gram Dal,Tur/Arhar Dal,Urad Dal,Moong Dal,Masoor Dal,Sugar,Milk @,Groundnut Oil (Packed),Mustard Oil (Packed),Vanaspati (Packed),Soya Oil (Packed),Sunflower Oil (Packed),Palm Oil (Packed),Gur,Tea Loose,Salt Pack (Iodised),Potato,Onion,Tomato,Bajra (whole),Jowar (whole),Maida (wheat),Ragi (whole),Suji (whole),Besan,Desi Ghee,Butter (Pasteurised),Eggs,Brinjal,Black Pepper (whole),Coriander (whole),Cummin Seed (whole),Red Chillies (whole),Turmeric (powder),Banana,Ginger,Garlic,Date
Unit,Qty,1 Kg,1 Kg,1 Kg,1 Kg,1 Kg,1 Kg,1 Kg,1 Kg,1 Kg,1 Kg,1 ltr,1 Kg,1 Kg,1 Kg,1 Kg,1 Kg,1 Kg,1 Kg,1 Kg,1 Kg,1 Kg,1 Kg,1 Kg,1 Kg,1 Kg,1 Kg,1 Kg,1 Kg,1 Kg,1 Kg,100 gm,Dozen,1 Kg,100 gm,250 gm,100 gm,100 gm,50 gm,1 Kg,100 gm,100 gm,2026-07-20
Average Price,Average Price,44.58,32.86,31.26,37.05,86.03,122.96,120.36,111.73,90.28,48.18,60.75,205.83,195.22,164.89,163.97,189.01,147.71,59.26,275.83,21.93,22.87,34.71,41.21,38.32,44.51,42.15,55.04,47.11,95.92,693.08,59.66,86.33,42.71,88.21,41.35,41,29.5,16.57,49.68,37.15,42.7,2026-07-20
Maximum Price,Maximum Price,70,60,54,71,140,180,155,146,140,60,90,308,264,256,225,244,205,143,698,34,60,63,130,80,85,70,113,100,160,930,85,120,157,150,100,95,60,40,100,100,100,2026-07-20
Minimum Price,Minimum Price,31,17,23,28,70,95,81,86,71,39,40,159,148,126,121,121,104,36,153,10,8,19,12,18,22,31,29,31,65,500,49,55,15,65,26,25,18,10,23,17,20,2026-07-20
Modal Price,Modal Price,40,30,28,35,85,120,120,110,90,45,60,210,198,148,165,192,143,60,300,20,20,40,40,40,40,40,55,40,90,769,60,84,40,90,40,35,30,15,50,30,40,2026-07-20
NORTH ZONE,NORTH ZONE,,,,,,,,,,,,,,,,,,,,,,,,,,,,,,,,,,,,,,,,,,2026-07-20
Chandigarh,Chandigarh,42,27,34,40,84,121,116,111,90,46,59,209,203,170,167,190,148,57,264,28,20,35,55,37,44,41,55,46,95,633,59,72,38,87,37,40,28,16,48,24,30,2026-07-20
Delhi,Delhi,45,35,33,35,90,120,130,120,90,47,59,222,201,188,195,220,169,60,234,28,22,45,57,33,39,40,58,41,95,686,58,72,53,93,37,31,30,14,53,60,62,2026-07-20
Haryana,Hisar,40,31,30,34,85,127,113,110,88,48,62,220,189,167,161,183,132,55,252,29,20,28,52,27,38,39,62,40,90,635,60,76,50,82,40,39,34,15,70,28,50,2026-07-20
Haryana,Karnal,NR,NR,NR,NR,NR,NR,NR,NR,NR,NR,NR,NR,NR,NR,NR,NR,NR,NR,NR,NR,NR,NR,NR,NR,NR,NR,NR,NR,NR,NR,NR,NR,NR,NR,NR,NR,NR,NR,NR,NR,NR,2026-07-20
Haryana,Panchkula,NR,NR,NR,NR,NR,NR,NR,NR,NR,NR,NR,NR,NR,NR,NR,NR,NR,NR,NR,NR,NR,NR,NR,NR,NR,NR,NR,NR,NR,NR,NR,NR,NR,NR,NR,NR,NR,NR,NR,NR,NR,2026-07-20
Haryana,Gurgaon,NR,NR,NR,NR,NR,NR,NR,NR,NR,NR,NR,NR,NR,NR,NR,NR,NR,NR,NR,NR,NR,NR,NR,NR,NR,NR,NR,NR,NR,NR,NR,NR,NR,NR,NR,NR,NR,NR,NR,NR,NR,2026-07-20
Himachal Pradesh,Shimla,40,NR,NR,34,85,124,128,118,85,51,60,242,229,181,176,NR,NR,54,240,30,25,40,30,33,NR,40,NR,40,90,681,58,80,40,83,36,38,26,19,50,40,47,2026-07-20
Himachal Pradesh,Mandi,40,NR,NR,36,82,127,135,115,87,50,62,234,220,185,176,193,NR,54,260,32,20,40,39,34,NR,36,NR,38,95,682,58,90,37,87,43,34,32,16,55,45,42,2026-07-20
Himachal Pradesh,Dharamshala,35,NR,NR,28,84,129,126,119,87,48,44,NR,213,167,163,NR,NR,54,235,29,20,34,40,32,NR,35,NR,40,93,590,59,80,40,97,49,42,34,15,60,32,38,2026-07-20
Himachal Pradesh,Solan,39,NR,NR,34,78,124,126,114,87,48,55,223,220,176,162,179,NR,54,230,30,20,40,27,36,37,37,NR,37,91,644,59,86,50,91,43,35,34,17,60,50,43,2026-07-20
Himachal Pradesh,Una,41,40,NR,34,83,117,125,101,85,48,69,NR,197,186,181,NR,NR,52,265,29,17,38,35,34,NR,34,NR,35,98,692,59,83,29,95,44,34,29,15,55,58,50,2026-07-20
Himachal Pradesh,Bilaspur-hp,41,NR,NR,34,79,126,132,116,86,49,66,NR,187,187,177,NR,NR,54,200,29,20,40,50,33,60,37,62,37,82,731,58,96,50,87,47,31,33,13,55,70,47,2026-07-20
Himachal Pradesh,Chamba,37,45,NR,38,84,123,122,117,88,51,55,NR,197,180,177,NR,NR,56,235,30,22,45,39,49,59,39,60,40,89,644,60,88,41,88,48,35,36,18,55,48,52,2026-07-20
Himachal Pradesh,Hamirpur-HP,39,NR,NR,33,81,122,130,116,82,50,70,NR,221,182,171,NR,NR,54,265,29,22,37,42,33,48,36,NR,35,83,637,58,94,33,87,39,37,32,15,52,48,43,2026-07-20
Himachal Pradesh,Kullu,41,NR,NR,35,85,129,125,112,84,50,40,NR,230,181,184,NR,NR,57,220,30,28,40,47,NR,NR,35,NR,35,97,699,62,100,47,90,33,31,29,13,55,60,60,2026-07-20
Himachal Pradesh,Sirmour,40,NR,31,32,81,119,123,112,86,48,50,212,186,174,162,146,104,51,273,28,19,28,52,36,NR,35,NR,36,95,610,58,80,45,92,33,45,32,18,56,31,35,2026-07-20
Himachal Pradesh,Kinnaur,38,NR,NR,36,83,126,129,108,84,50,60,NR,229,178,147,NR,NR,50,260,30,30,48,60,NR,NR,38,NR,40,88,875,60,100,50,98,48,45,42,15,52,50,50,2026-07-20
Himachal Pradesh,Lahaul & Spiti,40,NR,NR,40,98,112,113,110,102,50,52,NR,197,175,NR,NR,NR,49,480,28,31,37,45,NR,NR,35,NR,36,78,600,58,91,40,80,35,35,27,15,57,31,34,2026-07-20
Jammu and Kashmir,Srinagar,43,25,41,45,93,146,125,123,100,55,55,NR,209,185,179,187,NR,60,320,30,30,32,38,NR,NR,60,NR,53,115,679,62,83,52,100,53,70,39,17,80,48,41,2026-07-20
Jammu and Kashmir,Jammu,50,37,31,35,84,112,115,118,91,51,55,NR,219,172,167,160,118,54,303,30,20,37,40,36,58,57,68,60,109,637,60,90,37,92,63,47,33,19,52,59,40,2026-07-20
Jammu and Kashmir,Poonch,NR,NR,NR,NR,NR,NR,NR,NR,NR,NR,NR,NR,NR,NR,NR,NR,NR,NR,NR,NR,NR,NR,NR,NR,NR,NR,NR,NR,NR,NR,NR,NR,NR,NR,NR,NR,NR,NR,NR,NR,NR,2026-07-20
Jammu and Kashmir,Kupwara,NR,NR,NR,NR,NR,NR,NR,NR,NR,NR,NR,NR,NR,NR,NR,NR,NR,NR,NR,NR,NR,NR,NR,NR,NR,NR,NR,NR,NR,NR,NR,NR,NR,NR,NR,NR,NR,NR,NR,NR,NR,2026-07-20
Jammu and Kashmir,Udhampur,NR,NR,NR,NR,NR,NR,NR,NR,NR,NR,NR,NR,NR,NR,NR,NR,NR,NR,NR,NR,NR,NR,NR,NR,NR,NR,NR,NR,NR,NR,NR,NR,NR,NR,NR,NR,NR,NR,NR,NR,NR,2026-07-20
Jammu and Kashmir,Shopian,40,NR,43,45,100,123,115,118,95,48,46,NR,201,179,171,NR,NR,50,355,29,30,37,40,NR,NR,48,NR,48,120,679,58,75,30,98,50,49,42,16,77,29,25,2026-07-20
Jammu and Kashmir,Samba,NR,NR,NR,NR,NR,NR,NR,NR,NR,NR,NR,NR,NR,NR,NR,NR,NR,NR,NR,NR,NR,NR,NR,NR,NR,NR,NR,NR,NR,NR,NR,NR,NR,NR,NR,NR,NR,NR,NR,NR,NR,2026-07-20
Jammu and Kashmir,Ramban,NR,NR,NR,NR,NR,NR,NR,NR,NR,NR,NR,NR,NR,NR,NR,NR,NR,NR,NR,NR,NR,NR,NR,NR,NR,NR,NR,NR,NR,NR,NR,NR,NR,NR,NR,NR,NR,NR,NR,NR,NR,2026-07-20
Jammu and Kashmir,Rajouri,NR,NR,NR,NR,NR,NR,NR,NR,NR,NR,NR,NR,NR,NR,NR,NR,NR,NR,NR,NR,NR,NR,NR,NR,NR,NR,NR,NR,NR,NR,NR,NR,NR,NR,NR,NR,NR,NR,NR,NR,NR,2026-07-20
Jammu and Kashmir,Kishtwar,NR,NR,NR,NR,NR,NR,NR,NR,NR,NR,NR,NR,NR,NR,NR,NR,NR,NR,NR,NR,NR,NR,NR,NR,NR,NR,NR,NR,NR,NR,NR,NR,NR,NR,NR,NR,NR,NR,NR,NR,NR,2026-07-20
Jammu and Kashmir,Doda,NR,NR,NR,NR,NR,NR,NR,NR,NR,NR,NR,NR,NR,NR,NR,NR,NR,NR,NR,NR,NR,NR,NR,NR,NR,NR,NR,NR,NR,NR,NR,NR,NR,NR,NR,NR,NR,NR,NR,NR,NR,2026-07-20
Jammu and Kashmir,Baramulla,NR,NR,NR,NR,NR,NR,NR,NR,NR,NR,NR,NR,NR,NR,NR,NR,NR,NR,NR,NR,NR,NR,NR,NR,NR,NR,NR,NR,NR,NR,NR,NR,NR,NR,NR,NR,NR,NR,NR,NR,NR,2026-07-20
Jammu and Kashmir,Reasi,NR,NR,NR,NR,NR,NR,NR,NR,NR,NR,NR,NR,NR,NR,NR,NR,NR,NR,NR,NR,NR,NR,NR,NR,NR,NR,NR,NR,NR,NR,NR,NR,NR,NR,NR,NR,NR,NR,NR,NR,NR,2026-07-20
Jammu and Kashmir,Kathua,NR,NR,NR,NR,NR,NR,NR,NR,NR,NR,NR,NR,NR,NR,NR,NR,NR,NR,NR,NR,NR,NR,NR,NR,NR,NR,NR,NR,NR,NR,NR,NR,NR,NR,NR,NR,NR,NR,NR,NR,NR,2026-07-20
Punjab,Amritsar,40,33,28,32,82,137,135,112,90,49,59,238,203,176,158,192,NR,62,273,29,20,37,38,37,38,40,61,40,90,692,60,85,43,95,44,30,29,12,52,52,52,2026-07-20
Punjab,Ludhiana,43,35,28,37,80,135,133,118,103,46,62,240,205,178,167,200,NR,57,280,28,18,42,40,34,48,39,62,49,92,604,52,80,48,92,45,42,25,19,47,47,40,2026-07-20
Punjab,Bathinda,40,32,28,32,82,133,135,113,90,49,58,242,201,174,154,196,142,63,273,29,17,38,38,32,40,38,62,38,95,683,60,83,37,95,45,31,29,13,52,52,52,2026-07-20
Punjab,Barnala,40,37,27,31,83,137,120,107,100,50,65,238,185,172,146,185,121,55,280,30,20,37,58,30,38,40,NR,45,92,692,58,70,33,90,52,40,30,15,50,58,47,2026-07-20
Punjab,Hoshiarpur,NR,NR,NR,NR,NR,NR,NR,NR,NR,NR,NR,NR,NR,NR,NR,NR,NR,NR,NR,NR,NR,NR,NR,NR,NR,NR,NR,NR,NR,NR,NR,NR,NR,NR,NR,NR,NR,NR,NR,NR,NR,2026-07-20
Punjab,Faridkot,40,35,29,33,84,133,132,116,95,50,64,232,177,176,148,198,133,60,285,30,20,40,48,32,50,40,70,40,83,654,59,84,42,90,50,35,30,13,52,50,43,2026-07-20
Punjab,Mansa,40,37,27,33,87,133,130,118,92,48,62,NR,192,174,156,NR,133,63,278,29,18,35,42,40,40,39,62,38,92,659,58,82,40,92,42,35,30,16,47,58,53,2026-07-20
Punjab,Sri Muktsar Sahib,41,40,28,33,82,133,138,117,90,49,66,218,181,170,143,176,123,57,287,29,20,37,37,31,48,39,68,39,87,630,57,72,32,90,46,34,26,13,60,58,43,2026-07-20
Punjab,Dera Bassi,40,36,27,33,85,133,135,117,90,46,61,NR,187,176,158,NR,NR,59,268,29,15,33,40,39,41,38,62,40,90,681,60,73,37,95,41,35,32,16,45,42,50,2026-07-20
Punjab,Sangrur,40,27,28,32,85,130,129,105,88,47,60,246,195,195,190,195,175,55,263,30,17,35,40,35,45,40,67,40,90,710,60,78,30,90,50,45,30,15,48,60,40,2026-07-20
Punjab,Ropar,40,36,27,33,87,133,135,117,92,49,61,238,190,176,159,NR,141,61,277,29,18,37,38,37,42,39,58,39,92,678,60,83,40,93,43,36,31,15,47,63,52,2026-07-20
Punjab,Amargarh,40,27,28,32,82,130,125,107,85,47,60,245,193,193,193,195,181,55,250,29,15,35,40,35,45,40,NR,40,85,710,60,72,35,95,50,50,27,15,40,60,40,2026-07-20
Punjab,Fatehgarh Sahib,45,32,29,35,90,130,110,110,115,47,60,256,183,187,178,194,117,57,293,30,14,35,40,28,45,32,65,40,93,604,58,78,45,95,45,48,38,19,50,23,32,2026-07-20
Punjab,Ferozepur,52,40,34,36,90,130,130,120,NR,52,70,242,187,181,148,198,137,70,400,32,21,45,40,40,50,40,60,40,90,754,66,65,35,100,60,36,33,15,70,60,50,2026-07-20
Punjab,Kapurthala,38,31,30,39,72,133,123,108,92,48,65,231,200,165,145,183,154,60,277,30,15,40,40,43,48,40,60,43,92,692,62,85,40,95,31,36,35,14,58,60,60,2026-07-20
Uttar Pradesh,Lucknow,40,30,29,35,76,115,124,95,75,48,60,204,192,165,176,181,154,60,250,20,19,33,40,30,37,36,55,36,90,615,60,85,40,88,39,40,27,15,47,40,45,2026-07-20
Uttar Pradesh,Kanpur,40,22,26,32,85,120,115,100,88,42,60,187,198,154,148,158,135,56,234,26,21,35,40,35,40,41,NR,35,81,580,55,75,21,100,31,40,33,19,50,35,33,2026-07-20
Uttar Pradesh,Varanasi,43,31,28,36,85,119,123,108,85,47,70,214,191,178,182,202,177,62,233,21,19,35,38,38,58,38,NR,40,108,735,64,78,40,84,34,35,28,20,53,42,36,2026-07-20
Uttar Pradesh,Agra,45,34,29,33,77,114,97,91,75,47,70,223,202,174,187,208,188,57,251,27,25,41,41,18,38,41,NR,40,98,800,62,85,32,80,41,30,35,15,40,52,58,2026-07-20
Uttar Pradesh,Jhansi,53,35,29,34,80,132,127,112,87,51,63,213,179,172,156,201,132,52,230,21,22,37,43,33,38,40,65,45,97,666,58,78,40,88,40,40,30,15,40,32,47,2026-07-20
Uttar Pradesh,Meerut,37,29,29,38,81,115,118,86,83,49,63,175,165,163,168,167,165,51,277,18,18,26,35,37,36,38,64,38,97,643,60,90,39,86,33,35,31,15,53,43,46,2026-07-20
Uttar Pradesh,Allahabad,50,24,27,35,92,122,132,132,95,45,56,221,200,167,165,202,145,44,332,30,21,29,41,33,36,38,45,42,97,676,63,70,38,83,33,37,29,17,50,47,53,2026-07-20
Uttar Pradesh,Gorakhpur,40,23,28,36,80,115,116,110,84,45,55,195,187,159,152,167,123,55,225,22,18,32,48,36,34,34,52,36,92,599,56,80,37,78,33,38,24,16,55,26,32,2026-07-20
Uttar Pradesh,Saharanpur,38,30,28,30,82,116,113,108,88,45,58,NR,175,154,150,167,135,56,242,21,17,30,32,32,NR,38,NR,42,91,584,58,80,37,83,33,37,27,14,49,27,37,2026-07-20
Uttar Pradesh,Bareilly,38,25,26,33,90,120,132,108,102,48,72,209,189,174,175,189,162,52,295,28,14,27,37,25,41,35,58,36,89,703,60,81,22,79,46,31,30,17,52,28,32,2026-07-20
Uttar Pradesh,Ayodhya,40,35,25,38,90,115,125,120,90,45,60,198,198,187,176,174,143,60,240,24,20,40,60,45,45,45,60,42,100,835,60,72,50,90,40,45,30,20,60,20,35,2026-07-20
Uttar Pradesh,Moradabad,38,26,25,32,81,116,114,107,86,43,58,193,166,143,155,154,141,53,236,21,15,33,45,34,39,36,53,37,89,676,56,75,32,84,34,38,26,18,49,30,36,2026-07-20
Uttar Pradesh,Aligarh,40,31,28,34,82,118,115,106,84,44,56,200,188,158,156,184,143,53,247,20,17,27,37,34,41,38,50,42,91,613,55,78,37,85,35,39,25,15,45,31,38,2026-07-20
Uttar Pradesh,Mirzapur (Vindhyanchal),34,25,25,33,83,115,110,104,83,45,50,185,175,149,137,148,112,51,219,22,19,29,39,30,40,36,50,40,93,674,62,83,34,82,30,38,25,15,45,39,40,2026-07-20
Uttar Pradesh,Banda,36,25,25,30,75,107,111,102,74,48,55,224,178,168,145,182,119,58,158,19,13,35,38,36,55,34,68,39,79,582,60,80,27,88,30,33,29,21,53,58,47,2026-07-20
Uttar Pradesh,Azamgarh,39,29,28,32,84,119,118,115,87,44,61,NR,199,144,143,199,106,55,280,24,15,29,49,37,42,42,51,33,104,657,56,70,33,76,28,37,29,18,50,33,42,2026-07-20
Uttar Pradesh,Gonda (Devipatan),36,24,25,33,85,122,128,117,88,44,55,207,196,163,168,172,128,53,257,20,14,28,37,38,37,34,62,45,100,622,58,85,37,85,34,40,25,20,48,35,35,2026-07-20
Uttar Pradesh,Amethi,39,29,26,35,85,118,118,118,97,45,60,220,199,185,183,192,142,55,222,22,15,19,36,34,39,36,44,39,98,644,58,80,31,85,34,44,30,16,45,21,38,2026-07-20
Uttar Pradesh,Barabanki,39,29,26,35,79,115,118,111,78,47,60,200,182,168,167,175,130,59,225,22,20,32,48,31,42,37,45,36,98,606,59,99,31,85,31,42,30,15,46,24,29,2026-07-20
Uttar Pradesh,Bhadohi,35,22,27,35,80,115,112,117,82,47,68,212,192,179,152,178,124,70,215,22,14,30,40,33,39,37,49,40,79,674,62,72,30,90,36,39,30,16,60,20,35,2026-07-20
Uttar Pradesh,Chandauli,31,23,26,33,75,111,119,110,80,46,55,199,187,165,132,182,119,65,247,19,13,35,36,32,52,34,60,38,80,634,56,100,40,81,32,39,27,16,50,45,45,2026-07-20
Uttar Pradesh,Farrukhabad,44,30,26,30,83,110,120,110,90,46,66,225,209,162,158,220,126,50,187,19,12,25,50,24,NR,35,NR,40,90,659,61,82,35,80,34,35,26,16,43,30,30,2026-07-20
Uttar Pradesh,Ghazipur,43,28,28,36,86,126,118,112,93,49,63,200,188,155,153,182,143,61,273,21,16,37,43,37,41,43,56,49,99,705,61,87,39,88,41,39,29,17,51,42,44,2026-07-20
Uttar Pradesh,Jaunpur,45,34,28,35,85,117,116,114,86,45,62,212,199,174,164,186,125,58,269,22,18,35,43,37,45,39,55,37,89,709,57,86,28,89,37,39,28,17,48,38,48,2026-07-20
Uttar Pradesh,UP-Pratapgarh,41,24,30,34,81,114,111,114,89,46,51,212,195,167,164,167,128,59,254,20,14,34,39,35,31,39,44,39,97,546,58,73,29,88,36,34,27,16,39,31,43,2026-07-20
Uttar Pradesh,Sambhal,40,22,26,30,86,106,103,100,90,46,57,197,179,154,141,156,143,55,257,19,20,31,42,27,NR,37,NR,37,95,657,59,79,27,84,45,43,29,16,37,39,35,2026-07-20
Uttar Pradesh,Santkabir Nagar,44,39,24,35,82,108,103,102,77,45,67,200,207,142,146,178,123,49,265,30,17,31,44,29,30,37,83,46,98,734,61,96,38,100,30,52,29,20,48,33,30,2026-07-20
Uttar Pradesh,Shahjahanpur,32,19,26,32,80,116,106,109,97,44,56,182,177,147,136,159,128,43,222,20,12,23,45,26,32,34,52,37,87,553,55,89,24,87,30,34,24,11,43,21,31,2026-07-20
Uttar Pradesh,Sitapur,38,27,28,32,81,112,110,105,83,44,59,191,171,148,143,155,132,53,230,18,20,25,41,30,33,36,54,40,91,630,59,73,34,80,35,40,29,15,50,27,34,2026-07-20
Uttar Pradesh,Sultanpur,41,29,31,32,85,119,116,110,87,45,56,199,184,160,159,179,143,55,262,20,18,24,31,35,41,38,51,44,92,639,56,77,35,85,36,37,26,15,45,28,35,2026-07-20
Uttar Pradesh,Unnao,42,32,28,31,83,122,118,110,88,45,60,201,190,163,161,183,145,58,257,20,15,28,32,37,42,38,52,43,92,586,59,79,32,88,38,38,28,16,48,33,38,2026-07-20
Uttar Pradesh,Ambedkar Nagar,36,25,26,35,76,119,126,129,88,46,61,221,208,160,161,161,138,63,201,28,16,34,48,38,38,36,76,41,88,719,62,77,40,80,36,40,32,20,66,34,40,2026-07-20
Uttar Pradesh,Amroha,41,23,26,33,83,122,112,97,88,48,59,188,178,151,157,175,134,53,233,22,20,40,50,33,44,38,43,38,90,699,59,71,36,84,40,40,33,19,38,50,43,2026-07-20
Uttar Pradesh,Baghpat,43,37,NR,31,83,130,127,118,95,46,70,196,179,163,159,163,130,57,210,28,16,25,40,34,50,35,67,40,95,604,60,88,40,83,33,35,25,12,38,24,45,2026-07-20
Uttar Pradesh,Bijnor,45,25,26,35,75,100,110,95,80,45,60,220,198,165,181,198,154,55,280,20,15,30,40,30,40,40,50,40,100,604,55,84,35,88,40,35,30,15,40,40,35,2026-07-20
Uttar Pradesh,Budaun,36,17,25,30,84,112,103,99,93,44,64,212,179,179,165,181,126,53,280,21,12,32,35,25,46,38,65,37,93,613,59,70,30,90,30,39,25,11,42,25,25,2026-07-20
Uttar Pradesh,Etah,44,33,27,35,82,118,108,110,90,45,59,207,182,156,156,167,113,54,270,22,19,30,42,26,NR,36,NR,39,90,677,60,72,32,93,32,40,32,18,40,27,40,2026-07-20
Uttar Pradesh,Fatehpur,43,19,26,34,88,113,112,103,89,47,61,194,189,148,137,153,113,54,225,22,15,29,38,22,32,35,40,33,97,610,61,78,36,85,37,43,24,18,43,33,31,2026-07-20
Uttar Pradesh,Ghaziabad,40,31,30,34,78,118,114,107,92,47,58,214,195,170,159,185,135,55,206,21,18,38,34,34,41,38,54,44,97,610,60,92,38,83,42,40,29,14,44,41,38,2026-07-20
Uttar Pradesh,Hardoi,43,30,26,34,85,121,115,110,88,46,58,206,184,159,157,180,134,56,239,20,15,29,44,35,37,37,55,45,95,625,58,81,40,87,35,40,29,16,44,29,39,2026-07-20
Uttar Pradesh,Jalaun,46,25,28,35,83,118,103,102,89,47,58,183,173,152,130,163,115,57,223,20,15,32,37,35,41,40,NR,43,95,573,60,81,40,90,38,42,29,19,42,37,42,2026-07-20
Uttar Pradesh,Kaushambi,42,26,25,35,85,118,129,105,87,45,58,204,193,173,162,184,128,53,236,21,19,32,42,32,35,40,54,35,88,611,57,78,33,82,39,37,27,15,43,29,35,2026-07-20
Uttar Pradesh,Kushinagar,35,28,26,37,82,115,114,118,82,48,68,186,195,157,166,154,135,65,221,27,14,28,49,39,41,38,45,40,95,615,61,61,28,88,39,38,29,13,47,35,29,2026-07-20
Uttar Pradesh,Lakhimpur Kheri,38,26,28,35,84,117,106,103,85,46,59,188,183,138,145,164,112,61,228,20,17,31,52,31,35,36,60,36,92,665,58,74,30,79,35,44,32,18,45,23,44,2026-07-20
Uttar Pradesh,Pilibhit,42,36,28,32,85,115,115,115,95,47,66,207,200,174,162,192,137,52,229,20,19,32,50,32,45,38,66,38,95,692,60,90,25,86,42,42,35,15,45,50,40,2026-07-20
Uttar Pradesh,Sharwasti,40,23,27,40,80,117,115,120,80,49,60,178,218,170,176,NR,124,60,218,27,10,38,40,NR,NR,40,NR,40,98,582,60,83,20,88,40,39,20,15,33,30,40,2026-07-20
Uttar Pradesh,Siddharth Nagar,41,30,28,35,83,120,130,115,82,48,64,208,199,168,155,159,126,55,228,22,18,34,43,40,45,35,62,35,80,623,59,80,33,70,36,33,25,20,40,38,43,2026-07-20
Uttar Pradesh,Sonbhadra,NR,NR,NR,NR,NR,NR,NR,NR,NR,NR,NR,NR,NR,NR,NR,NR,NR,NR,NR,NR,NR,NR,NR,NR,NR,NR,NR,NR,NR,NR,NR,NR,NR,NR,NR,NR,NR,NR,NR,NR,NR,2026-07-20
Uttar Pradesh,Rampur,53,27,27,30,79,105,115,105,101,45,61,193,190,151,158,159,136,54,265,22,18,32,31,32,45,35,NR,35,94,636,65,85,33,94,36,37,28,14,52,39,35,2026-07-20
Uttar Pradesh,Bahraich,35,26,25,31,89,128,120,114,90,42,55,194,196,157,154,161,124,44,250,25,21,36,37,36,34,34,65,34,106,646,56,80,22,73,27,36,23,19,53,21,37,2026-07-20
Uttar Pradesh,Basti,40,27,29,32,79,115,129,117,79,46,56,196,186,154,152,148,124,54,245,21,17,35,45,43,53,33,54,35,93,587,55,84,36,82,35,41,27,19,37,28,37,2026-07-20
Uttar Pradesh,Etawah,43,NR,27,32,86,121,115,110,89,47,62,200,191,166,156,NR,137,58,264,20,15,27,39,33,NR,40,55,44,95,659,60,84,39,85,39,41,28,16,50,29,37,2026-07-20
Uttar Pradesh,Muzzafarnagar,40,29,26,31,84,120,116,108,89,47,58,185,176,156,156,178,142,53,245,20,14,35,40,35,40,36,NR,36,90,525,58,66,35,80,34,35,24,11,45,55,45,2026-07-20
Uttar Pradesh,Chitrakoot,40,24,25,34,80,102,100,93,80,46,50,179,202,163,164,179,140,55,220,15,20,35,47,25,26,40,59,48,89,637,58,88,40,80,38,40,21,15,47,35,52,2026-07-20
Uttar Pradesh,Hamirpur-UP,43,25,27,35,87,115,115,108,85,50,70,190,191,158,175,185,137,58,209,18,20,30,50,NR,NR,40,NR,40,95,637,58,86,30,88,42,47,30,17,50,35,40,2026-07-20
Uttar Pradesh,Deoria,35,21,26,28,92,118,112,100,98,45,61,224,195,143,132,220,120,55,223,20,17,29,37,38,40,36,43,35,94,589,59,64,38,79,29,39,27,18,35,29,30,2026-07-20
Uttar Pradesh,Hapur,37,23,27,36,73,138,127,120,118,50,62,203,198,165,179,184,165,65,207,26,16,40,50,42,40,40,46,39,99,736,63,84,35,97,43,45,28,10,50,35,35,2026-07-20
Uttar Pradesh,Bulandshahr,42,36,27,32,93,103,113,107,83,45,70,NR,186,160,172,158,156,49,222,19,20,30,37,35,43,36,56,36,99,597,56,89,30,87,30,47,27,15,32,50,41,2026-07-20
Uttar Pradesh,Kanpur Dehat,36,23,26,31,79,100,112,93,86,45,64,200,189,150,149,168,124,49,218,19,18,37,38,31,36,35,48,35,85,597,58,76,31,71,32,32,24,15,38,33,37,2026-07-20
Uttar Pradesh,Hathras,39,31,28,32,83,117,114,106,84,43,61,210,194,168,165,189,146,52,248,20,16,25,37,25,30,34,NR,39,105,698,63,73,40,87,37,40,30,13,38,33,37,2026-07-20
Uttar Pradesh,Raebareli,41,27,27,31,83,116,117,109,87,47,59,194,183,161,160,179,145,59,218,19,17,31,40,36,43,41,53,43,93,689,59,83,34,87,40,40,28,16,48,35,41,2026-07-20
Uttar Pradesh,Lalitpur,36,22,28,31,75,109,110,105,84,45,60,177,169,146,143,178,122,50,235,20,12,30,30,30,38,32,59,34,90,578,56,80,30,85,30,40,24,18,40,30,40,2026-07-20
Uttar Pradesh,Mohaba,37,25,24,30,80,108,100,97,83,48,62,176,176,150,155,184,120,36,187,22,20,35,36,27,35,35,48,35,97,596,54,72,22,83,33,39,28,16,36,30,35,2026-07-20
Uttar Pradesh,Gautam Budh Nagar,38,27,29,36,83,123,117,111,91,48,59,221,183,168,151,177,130,59,222,19,14,36,41,31,37,38,59,39,90,646,59,92,32,82,37,39,31,16,37,47,35,2026-07-20
Uttar Pradesh,Auraiya,38,26,27,35,79,119,115,108,88,48,57,186,172,155,157,164,129,57,219,25,19,39,42,28,39,39,53,39,99,672,52,83,38,87,35,38,21,17,47,32,42,2026-07-20
Uttar Pradesh,Maharajganj,36,25,28,32,81,115,118,109,80,45,58,192,191,151,154,164,126,48,213,22,17,31,40,37,44,35,51,36,91,599,58,79,37,80,34,40,30,17,38,31,30,2026-07-20
Uttar Pradesh,Balrampur,36,29,26,35,78,117,117,115,82,47,53,177,196,146,152,196,123,60,200,14,15,38,45,35,49,35,NR,38,85,670,59,83,52,90,45,37,30,14,38,48,37,2026-07-20
Uttar Pradesh,Kannauj,40,26,28,32,83,118,114,109,87,46,61,199,187,158,155,175,134,55,239,21,15,27,37,32,39,38,53,39,94,637,56,74,27,84,34,42,27,16,43,33,32,2026-07-20
Uttar Pradesh,Mathura,32,27,27,33,88,119,128,118,96,45,66,229,173,141,139,156,122,44,263,27,19,42,39,34,43,40,47,40,99,632,58,83,37,89,48,39,34,15,43,42,53,2026-07-20
Uttar Pradesh,Firozabad,40,30,30,35,80,120,115,110,80,NR,NR,220,198,187,170,192,148,NR,NR,NR,20,32,40,NR,NR,NR,NR,NR,NR,NR,NR,NR,NR,NR,NR,NR,NR,NR,NR,NR,NR,2026-07-20
Uttar Pradesh,Kasganj,45,33,27,35,87,122,112,113,93,45,59,222,200,174,178,203,159,55,248,21,20,30,50,22,NR,40,NR,42,98,617,56,75,37,85,39,47,29,13,38,35,42,2026-07-20
Uttar Pradesh,Mainpuri,38,30,28,32,88,132,120,113,88,45,65,220,211,171,189,189,155,51,260,24,17,23,29,24,22,39,40,38,105,700,55,70,35,85,47,43,25,21,36,20,26,2026-07-20
Uttar Pradesh,Shamli,40,26,25,30,80,115,113,110,90,46,50,189,181,156,145,159,126,53,227,15,16,30,45,27,40,38,58,39,90,541,60,78,33,92,39,38,27,13,47,45,40,2026-07-20
Uttar Pradesh,Ballia,41,22,27,31,84,120,114,113,91,46,58,202,185,153,154,166,130,51,249,19,19,34,48,28,43,37,54,38,95,625,55,77,34,85,36,37,28,17,51,44,48,2026-07-20
Uttar Pradesh,Mau,39,22,25,34,83,115,112,108,87,46,55,192,177,149,148,150,121,63,225,22,16,28,46,NR,NR,35,NR,36,91,644,55,76,38,89,31,40,30,15,48,40,37,2026-07-20
Uttarakhand,Dehradun,NR,NR,NR,NR,NR,NR,NR,NR,NR,NR,NR,NR,NR,NR,NR,NR,NR,NR,NR,NR,NR,NR,NR,NR,NR,NR,NR,NR,NR,NR,NR,NR,NR,NR,NR,NR,NR,NR,NR,NR,NR,2026-07-20
Uttarakhand,Haldwani,46,48,31,34,94,141,121,131,90,50,62,232,208,154,188,192,168,64,272,32,25,33,27,49,42,41,45,40,95,700,60,101,21,100,40,45,33,18,54,49,41,2026-07-20
Uttarakhand,Rudrapur,44,37,33,41,92,155,142,135,97,50,64,203,209,185,178,181,162,65,233,30,28,41,45,35,38,42,66,42,97,746,64,89,41,95,34,42,32,18,54,31,34,2026-07-20
Uttarakhand,Haridwar,42,31,30,38,92,142,128,120,91,NR,NR,NR,NR,NR,NR,NR,NR,NR,NR,NR,NR,NR,NR,NR,NR,NR,NR,NR,NR,NR,NR,NR,NR,NR,NR,NR,NR,NR,NR,NR,NR,2026-07-20
WEST ZONE,WEST ZONE,,,,,,,,,,,,,,,,,,,,,,,,,,,,,,,,,,,,,,,,,,2026-07-20
Chhattisgarh,Raipur,35,28,32,36,82,115,112,109,83,48,61,NR,NR,NR,NR,NR,NR,56,220,20,21,36,22,33,28,40,45,50,87,705,56,95,41,84,43,37,29,14,33,50,45,2026-07-20
Chhattisgarh,Durg,NR,NR,NR,NR,NR,NR,NR,NR,NR,NR,NR,NR,NR,NR,NR,NR,NR,NR,NR,NR,NR,NR,NR,NR,NR,NR,NR,NR,NR,NR,NR,NR,NR,NR,NR,NR,NR,NR,NR,NR,NR,2026-07-20
Chhattisgarh,Ambikapur,35,35,30,35,93,118,112,103,95,40,41,172,161,174,159,165,NR,48,255,15,20,35,40,NR,NR,40,NR,32,70,598,52,90,30,78,30,60,33,15,47,20,25,2026-07-20
Chhattisgarh,Bilaspur-CG,52,51,34,40,89,110,102,105,84,42,55,192,175,152,161,165,170,51,217,25,28,26,35,35,39,41,47,41,90,679,58,79,46,92,28,64,25,14,57,33,51,2026-07-20
Chhattisgarh,Jagdalpur,36,24,36,38,72,122,81,109,96,47,47,NR,219,146,142,180,NR,46,193,17,25,31,40,38,38,40,42,43,86,870,53,78,21,81,50,47,39,18,47,18,20,2026-07-20
Chhattisgarh,Dantewada,NR,NR,NR,NR,NR,NR,NR,NR,NR,NR,NR,NR,NR,NR,NR,NR,NR,NR,NR,NR,NR,NR,NR,NR,NR,NR,NR,NR,NR,NR,NR,NR,NR,NR,NR,NR,NR,NR,NR,NR,NR,2026-07-20
Chhattisgarh,Dhamtari,37,29,33,44,88,128,112,105,93,45,NR,220,203,139,NR,189,128,57,212,26,22,28,45,50,46,43,52,45,127,723,61,88,42,89,38,32,24,17,43,45,60,2026-07-20
Chhattisgarh,Rajnandgaon,43,33,30,36,85,122,118,111,89,46,60,219,210,178,177,204,160,58,270,22,20,25,40,30,30,38,50,38,96,680,60,70,28,82,42,42,28,16,50,24,35,2026-07-20
Chhattisgarh,Koriya,39,NR,35,39,81,108,97,102,81,45,75,205,163,153,151,168,NR,47,195,25,20,40,40,35,34,46,NR,58,82,693,58,88,40,78,27,38,28,17,48,NR,NR,2026-07-20
DNH and DD,Silvasa,56,50,45,40,91,138,138,128,97,45,69,215,208,181,175,183,130,65,227,29,20,30,40,44,54,59,56,65,107,655,58,84,43,150,75,45,35,22,39,50,50,2026-07-20
DNH and DD,Daman,61,50,39,39,87,110,131,110,94,45,70,211,198,NR,167,193,121,58,212,29,20,40,40,40,42,62,57,59,100,663,58,90,50,113,60,40,40,24,40,50,60,2026-07-20
DNH and DD,Diu,50,41,40,50,89,145,147,130,107,48,68,229,234,NR,200,211,157,64,420,32,25,30,48,39,63,56,83,65,108,714,62,97,30,123,53,36,40,21,50,50,37,2026-07-20
Goa,Panaji,58,43,48,47,103,132,135,135,103,49,65,222,200,203,167,172,145,63,315,28,37,37,42,39,62,48,53,49,112,824,58,97,65,83,47,43,25,16,42,62,67,2026-07-20
Goa,Margao,54,43,48,51,92,132,125,127,95,50,66,244,236,223,190,202,175,62,350,27,32,42,40,42,60,47,58,48,122,824,60,102,55,97,43,50,27,17,43,62,65,2026-07-20
Gujarat,Ahmedabad,39,32,41,41,98,121,122,104,98,47,68,197,204,172,191,201,179,59,211,23,42,41,54,39,43,45,66,46,91,662,58,69,38,78,32,36,37,22,45,27,26,2026-07-20
Gujarat,Rajkot,34,27,31,40,86,110,102,100,95,46,68,189,196,151,171,189,159,60,205,18,22,32,40,33,43,39,68,44,87,626,57,66,33,80,32,34,39,15,40,25,26,2026-07-20
Gujarat,Surat,33,31,32,38,85,111,111,104,101,45,69,201,201,163,192,205,177,51,209,19,30,45,49,39,39,39,62,45,96,704,54,68,70,76,31,35,37,15,34,30,25,2026-07-20
Gujarat,Bhuj,38,27,30,37,88,108,109,99,93,39,63,184,182,146,170,184,159,58,202,16,30,33,46,34,35,38,68,38,93,617,53,68,36,74,28,34,37,16,40,27,27,2026-07-20
Gujarat,Selamba,36,27,35,39,91,120,115,110,90,46,64,192,186,153,170,186,158,60,210,19,25,30,50,40,41,41,67,41,91,636,55,84,50,79,31,32,35,17,45,40,35,2026-07-20
Gujarat,Waghai,38,34,37,42,93,120,118,102,98,45,68,200,187,152,156,183,147,59,209,20,31,35,45,35,36,40,60,44,96,631,58,70,40,75,30,34,26,17,41,30,28,2026-07-20
Gujarat,Bodeli,NR,NR,NR,NR,NR,NR,NR,NR,NR,NR,NR,NR,NR,NR,NR,NR,NR,NR,NR,NR,NR,NR,NR,NR,NR,NR,NR,NR,NR,NR,NR,NR,NR,NR,NR,NR,NR,NR,NR,NR,NR,2026-07-20
Gujarat,Vapi,32,24,32,34,90,114,114,101,94,44,66,187,169,138,145,169,145,56,205,18,28,28,38,38,46,40,66,36,96,692,56,68,38,78,31,32,32,15,38,28,30,2026-07-20
Gujarat,Bilimora,38,34,38,38,101,104,120,108,109,50,69,210,194,177,189,194,183,51,221,21,28,38,39,40,39,40,62,45,99,641,54,69,36,76,31,35,33,18,33,31,24,2026-07-20
Gujarat,Idar,37,26,35,37,90,117,126,100,91,45,72,212,189,155,168,183,149,62,236,17,31,31,50,34,40,36,68,49,100,723,63,68,31,99,40,31,40,18,68,32,47,2026-07-20
Gujarat,Jhalod,36,28,36,37,94,115,120,99,100,51,65,192,188,155,161,167,156,62,205,22,29,30,29,40,36,40,69,46,92,669,55,74,43,74,28,33,37,18,40,21,22,2026-07-20
Gujarat,Songash,42,30,30,36,83,121,118,110,87,47,60,204,194,165,166,188,154,58,244,21,21,34,40,37,43,40,53,44,95,713,56,82,40,81,35,36,29,16,47,35,40,2026-07-20
Madhya Pradesh,Bhopal,38,35,26,31,82,116,106,105,90,46,62,178,203,180,152,193,NR,52,252,10,20,30,45,38,38,40,62,41,86,643,57,92,35,96,38,40,33,15,32,38,55,2026-07-20
Madhya Pradesh,Indore,41,34,28,35,86,117,118,110,81,48,64,181,175,164,175,154,147,61,265,15,20,30,40,37,37,40,NR,40,85,645,59,89,38,83,35,33,25,15,33,40,35,2026-07-20
Madhya Pradesh,Gwalior,45,40,30,34,80,121,122,110,90,45,63,212,176,172,160,184,NR,50,222,12,17,22,38,28,31,40,65,40,90,648,60,72,28,84,35,35,26,15,40,23,35,2026-07-20
Madhya Pradesh,Jabalpur,41,34,30,34,78,118,114,108,84,45,59,198,189,149,154,180,120,50,245,16,18,25,35,40,42,40,56,45,91,626,60,78,35,85,40,36,25,16,38,25,40,2026-07-20
Madhya Pradesh,Rewa,35,28,28,35,76,106,95,94,78,45,55,177,154,148,147,147,NR,55,237,18,16,23,38,NR,NR,35,NR,37,85,655,57,76,25,90,28,45,30,13,45,20,35,2026-07-20
Madhya Pradesh,Sagar,38,34,27,29,78,118,128,98,87,50,60,202,185,142,168,190,163,54,263,17,18,28,35,43,53,40,60,40,85,676,60,97,30,83,48,30,29,15,40,47,35,2026-07-20
Madhya Pradesh,Jhabua,43,31,29,35,82,131,109,104,91,46,65,209,211,197,176,193,NR,59,295,15,32,33,57,31,35,44,61,44,95,714,61,98,28,92,47,37,31,21,40,36,40,2026-07-20
Madhya Pradesh,Hoshangabad,46,30,28,35,82,119,117,103,93,46,56,211,156,140,152,163,131,52,217,11,20,31,42,43,47,41,50,42,92,656,60,88,49,92,31,42,19,20,52,23,31,2026-07-20
Madhya Pradesh,Shahdol,35,30,29,35,86,115,112,110,83,44,60,203,186,142,153,181,NR,52,210,18,20,20,40,37,33,35,50,40,95,604,58,70,30,90,30,40,27,18,35,30,25,2026-07-20
Madhya Pradesh,Ujjain,39,37,36,40,92,124,118,101,100,45,62,167,206,179,148,189,NR,52,256,18,18,19,37,38,39,42,63,45,94,720,62,62,30,97,47,38,30,16,40,37,42,2026-07-20
Madhya Pradesh,Morena,41,31,26,31,93,120,112,107,102,46,67,200,185,156,156,159,115,55,240,14,10,20,50,29,NR,38,NR,39,98,608,61,83,22,81,36,31,28,14,32,20,40,2026-07-20
Madhya Pradesh,Anuppur,35,26,25,35,80,117,120,110,90,46,53,214,198,139,176,176,163,57,200,20,15,35,30,40,40,35,50,50,90,769,65,80,30,90,40,35,26,15,38,48,40,2026-07-20
Madhya Pradesh,Bhind,41,35,29,34,84,110,114,112,84,46,62,188,167,143,143,136,115,50,250,15,15,25,42,34,44,39,65,39,90,651,62,77,25,81,29,35,25,16,40,37,35,2026-07-20
Madhya Pradesh,Dhar,43,40,27,36,84,135,124,114,98,45,63,175,193,170,159,192,124,60,210,15,20,25,39,34,36,47,55,47,94,728,63,84,27,87,31,35,20,18,53,33,35,2026-07-20
Madhya Pradesh,Harda,43,35,28,32,80,120,125,108,89,50,62,209,203,170,170,192,NR,58,200,20,20,30,40,40,40,45,70,45,90,714,60,96,40,89,40,29,24,15,34,60,50,2026-07-20
Madhya Pradesh,Katni,35,30,29,34,79,117,107,107,80,42,50,166,156,127,148,156,112,50,205,19,20,35,35,35,38,45,55,45,100,604,58,100,20,80,40,40,27,15,32,20,40,2026-07-20
Madhya Pradesh,Khandwa,40,35,33,33,80,115,120,110,85,45,55,209,187,187,154,165,NR,50,268,16,20,24,45,37,35,40,53,43,90,659,53,88,40,90,29,31,28,15,38,23,36,2026-07-20
Madhya Pradesh,Mandla,38,29,34,39,82,100,113,106,82,49,50,223,187,158,176,209,NR,60,190,30,23,38,23,45,45,40,60,45,90,692,60,90,30,88,46,35,30,12,37,53,53,2026-07-20
Madhya Pradesh,Rajgarh,40,NR,26,30,80,130,120,100,90,50,50,181,194,183,159,183,NR,60,200,10,20,30,40,NR,NR,40,NR,45,90,707,60,88,40,90,50,37,22,20,50,50,50,2026-07-20
Madhya Pradesh,Sidhi,37,34,27,36,80,120,100,95,85,50,60,187,181,154,165,143,115,55,265,20,20,40,40,30,40,35,54,50,90,633,55,90,34,80,30,50,25,15,50,50,40,2026-07-20
Madhya Pradesh,Chattarpur,40,35,30,38,90,120,117,110,80,45,50,198,192,170,154,159,128,60,247,20,15,40,40,32,40,40,58,50,100,600,60,84,15,87,30,43,30,15,37,27,40,2026-07-20
Madhya Pradesh,Neemuch,50,33,27,34,78,133,105,110,72,50,65,187,157,143,152,143,NR,45,303,10,15,23,40,42,40,42,65,41,87,632,63,68,40,80,35,42,30,15,48,25,32,2026-07-20
Madhya Pradesh,Burhanpur,NR,NR,NR,NR,NR,NR,NR,NR,NR,NR,NR,NR,NR,NR,NR,NR,NR,NR,NR,NR,NR,NR,NR,NR,NR,NR,NR,NR,NR,NR,NR,NR,NR,NR,NR,NR,NR,NR,NR,NR,NR,2026-07-20
Madhya Pradesh,Narshinpur,38,28,28,35,75,120,108,110,85,45,52,200,189,141,148,165,NR,45,233,12,15,25,35,40,40,45,60,47,85,637,58,85,45,90,35,35,25,15,35,20,40,2026-07-20
Madhya Pradesh,Raisen,40,30,29,32,80,130,118,110,88,49,57,187,194,148,151,NR,NR,56,250,10,20,38,35,40,40,33,NR,40,84,692,60,79,32,89,46,32,31,20,40,48,53,2026-07-20
Madhya Pradesh,Sheopur,41,28,25,33,82,114,114,110,85,47,60,220,192,172,141,165,NR,55,202,28,20,34,50,30,35,44,60,45,90,637,58,80,22,90,40,40,32,15,45,45,50,2026-07-20
Madhya Pradesh,Agar malwa,37,30,23,29,83,135,127,106,102,52,59,197,176,156,160,148,NR,48,287,20,20,24,41,47,49,44,NR,47,86,685,60,74,31,98,26,30,30,17,42,27,26,2026-07-20
Madhya Pradesh,Umaria,33,31,31,35,82,123,112,117,87,49,60,216,187,154,172,189,NR,57,207,15,20,40,30,40,NR,43,NR,47,83,622,59,83,30,83,32,42,27,15,45,50,53,2026-07-20
Madhya Pradesh,Shajapur,40,35,26,32,83,122,120,108,87,46,60,187,187,159,161,187,NR,55,260,20,22,28,42,38,37,39,NR,45,90,681,60,83,40,85,35,36,28,15,40,35,40,2026-07-20
Madhya Pradesh,Dewas,42,35,28,34,86,120,112,104,86,46,64,196,192,172,170,187,NR,55,239,12,27,25,35,35,41,38,56,45,96,703,63,86,36,87,45,34,26,21,35,26,45,2026-07-20
Madhya Pradesh,Khargone,39,27,28,35,78,120,122,110,85,45,50,186,156,132,170,132,NR,50,225,16,30,25,35,40,40,40,65,40,90,640,55,84,35,85,35,40,30,15,35,20,45,2026-07-20
Madhya Pradesh,Singrauli,35,29,25,34,84,100,106,109,81,48,59,210,194,137,148,163,117,57,232,13,21,39,41,NR,40,36,NR,46,89,693,56,82,24,88,46,42,22,15,30,75,48,2026-07-20
Madhya Pradesh,Chhindwara,52,36,27,33,84,120,117,107,89,50,53,207,210,140,168,185,149,55,200,10,20,32,22,36,36,35,29,37,95,652,60,73,32,112,32,37,40,20,48,37,50,2026-07-20
Madhya Pradesh,Sehore,40,36,30,30,80,120,110,100,85,45,60,181,187,176,165,179,NR,57,290,13,20,30,40,NR,NR,45,NR,43,84,659,60,79,42,85,30,35,24,15,50,35,40,2026-07-20
Madhya Pradesh,MP-Ashoknagar,46,35,27,28,73,115,109,100,92,44,60,185,188,164,159,159,NR,45,210,15,22,34,48,40,40,42,NR,40,90,775,58,91,55,88,41,44,25,20,40,45,50,2026-07-20
Madhya Pradesh,Balaghat,35,30,35,40,80,118,120,117,88,48,52,220,220,142,170,187,NR,65,200,29,22,30,25,42,44,38,60,45,100,681,60,93,30,100,40,33,25,15,55,58,58,2026-07-20
Madhya Pradesh,Guna,45,37,25,29,75,113,115,100,79,47,60,201,182,175,160,180,134,50,217,20,12,28,38,31,41,46,69,46,82,701,61,74,38,79,37,38,27,15,37,22,38,2026-07-20
Madhya Pradesh,Ratlam,41,35,30,34,82,122,118,109,88,46,62,202,190,155,165,178,161,59,245,10,21,28,43,33,42,41,60,43,90,652,58,72,23,82,37,37,29,16,37,35,34,2026-07-20
Madhya Pradesh,Satna,35,28,28,35,90,125,100,95,95,50,60,214,NR,NR,162,NR,NR,50,260,20,20,30,40,27,45,33,63,31,65,718,52,60,34,75,28,33,30,15,52,25,35,2026-07-20
Madhya Pradesh,Vidisha,40,NR,30,35,75,112,122,110,88,48,55,183,191,150,170,185,NR,57,240,11,10,20,38,40,40,35,68,35,80,659,60,84,18,88,42,31,26,15,43,30,30,2026-07-20
Madhya Pradesh,Alirajpur,38,43,30,36,87,124,118,114,95,45,72,185,196,185,178,187,NR,53,307,10,27,40,58,31,35,45,42,47,93,611,57,80,28,77,40,43,29,17,37,25,40,2026-07-20
Madhya Pradesh,Betul,39,32,26,34,79,116,112,109,84,45,60,195,205,153,170,204,NR,50,245,12,20,38,40,42,42,40,69,40,96,667,60,85,33,93,43,39,22,15,41,42,49,2026-07-20
Madhya Pradesh,Damoh,39,35,27,32,75,120,111,101,85,44,65,210,197,133,149,168,NR,54,211,13,20,34,51,44,43,44,63,42,89,587,59,77,24,90,39,34,35,15,47,19,44,2026-07-20
Madhya Pradesh,Dindori,37,33,35,36,95,115,105,110,85,45,55,220,198,154,154,176,NR,48,235,12,20,28,50,40,48,45,56,45,81,632,55,83,30,90,35,35,30,15,35,30,50,2026-07-20
Madhya Pradesh,Niwari,36,28,25,30,83,131,98,106,89,47,57,226,188,172,172,155,NR,52,215,30,20,39,48,NR,NR,40,NR,40,97,720,60,96,24,92,33,40,27,19,47,25,32,2026-07-20
Madhya Pradesh,Seoni,37,32,35,37,86,115,110,105,85,46,55,196,214,170,154,187,NR,47,215,11,20,25,40,40,40,37,68,42,100,654,58,81,27,80,48,36,21,15,45,40,50,2026-07-20
Madhya Pradesh,Panna,38,30,24,36,75,120,100,95,90,45,52,181,176,137,143,132,115,53,210,11,15,20,30,40,48,35,60,45,97,651,56,75,37,76,30,35,31,13,47,20,38,2026-07-20
Madhya Pradesh,Tikamgarh,35,30,25,30,90,120,110,95,90,44,50,205,167,142,149,147,NR,50,200,20,15,20,45,30,35,40,40,45,100,659,58,70,25,85,29,41,20,17,30,20,30,2026-07-20
Madhya Pradesh,Datia,47,38,26,30,82,127,110,95,75,47,60,222,189,161,158,192,124,55,228,28,24,28,42,47,33,44,78,45,93,705,60,87,20,87,42,48,28,16,37,41,53,2026-07-20
Madhya Pradesh,Maihar,40,20,30,30,90,97,102,97,80,46,60,233,198,165,154,187,126,53,205,15,18,30,40,NR,NR,40,NR,45,97,721,58,72,37,97,30,39,35,15,37,25,43,2026-07-20
Madhya Pradesh,Shivpuri,43,40,25,43,83,115,119,117,88,45,60,197,177,159,164,170,162,50,380,17,19,23,29,37,43,47,59,45,82,696,60,79,25,82,37,41,32,24,29,38,30,2026-07-20
Madhya Pradesh,Mandsaur,40,28,30,40,105,125,122,119,105,45,60,196,192,190,170,196,145,60,300,22,40,20,50,NR,NR,NR,NR,NR,NR,NR,NR,NR,NR,NR,NR,NR,NR,NR,NR,NR,NR,2026-07-20
Maharashtra,Mumbai,41,38,41,48,93,136,143,123,99,47,60,244,227,200,165,199,154,79,310,30,28,43,48,47,61,56,65,53,113,707,63,97,70,99,70,45,43,16,41,45,73,2026-07-20
Maharashtra,Nagpur,58,41,48,53,97,137,131,118,105,52,66,239,216,168,171,200,141,70,283,27,32,32,66,42,52,52,82,52,110,808,59,94,46,98,41,48,34,21,68,57,81,2026-07-20
Maharashtra,Pune,39,28,46,54,86,100,119,105,84,44,75,206,210,168,172,185,172,60,353,34,34,25,48,41,42,45,40,46,89,551,59,81,56,99,50,51,21,19,43,31,36,2026-07-20
Maharashtra,Nashik,39,41,42,41,86,138,134,114,96,46,60,208,225,189,171,184,135,59,323,29,22,32,43,41,69,49,64,49,99,644,60,70,73,115,62,37,32,16,23,43,42,2026-07-20
Maharashtra,Mangaon-Raigad,56,45,43,49,90,128,132,116,96,46,57,205,227,178,164,198,137,60,370,31,32,32,54,46,53,43,56,44,100,860,62,94,50,117,70,39,48,22,55,40,55,2026-07-20
Maharashtra,Dharni,44,33,29,33,82,122,109,118,92,52,57,224,193,155,180,205,NR,60,322,13,22,29,57,39,28,41,NR,46,94,743,66,95,55,85,40,42,20,18,39,57,45,2026-07-20
Maharashtra,Latur,58,47,45,48,82,128,127,118,85,46,66,204,200,139,178,185,167,62,262,26,28,27,40,37,57,42,73,41,113,787,63,98,63,100,47,42,27,23,45,72,57,2026-07-20
Maharashtra,Akluj,44,42,34,39,80,122,118,107,97,46,60,203,209,167,191,206,184,50,333,30,25,31,44,32,50,39,60,40,89,659,53,55,35,92,39,37,29,12,29,20,31,2026-07-20
Maharashtra,Arni Yavatmal,44,30,34,36,99,123,125,114,90,43,63,192,170,154,144,159,NR,57,300,10,30,40,60,35,32,47,70,55,103,784,55,72,40,99,45,42,20,15,40,35,30,2026-07-20
Maharashtra,Chandrapur,47,43,38,50,85,123,130,113,103,47,59,202,189,218,169,186,NR,65,275,30,20,42,20,52,56,60,54,58,109,683,58,97,20,103,55,43,22,20,53,58,78,2026-07-20
Maharashtra,Karad Satara,70,53,36,48,86,134,129,120,92,49,74,210,188,167,179,196,168,57,293,29,27,32,21,38,41,42,58,43,117,685,61,92,53,121,51,41,29,19,38,32,40,2026-07-20
Maharashtra,Ahemednagar,53,37,44,47,84,119,119,119,99,48,58,168,169,166,169,180,164,49,259,30,24,29,44,29,45,39,44,39,99,580,58,77,51,99,29,44,26,18,25,29,39,2026-07-20
Maharashtra,Khultabad,47,26,33,36,77,111,116,108,85,46,46,184,NR,145,164,171,153,61,320,20,31,28,40,31,41,39,NR,42,86,702,60,81,39,81,32,35,21,16,36,20,37,2026-07-20
Maharashtra,Islampur,41,33,37,47,82,123,130,120,100,47,72,223,206,160,186,197,156,50,420,27,30,20,24,38,40,39,48,43,101,655,60,93,42,103,59,53,36,27,42,47,44,2026-07-20
Maharashtra,Kankavli,45,44,34,51,84,132,131,126,87,46,60,184,200,164,152,178,135,53,373,20,42,30,57,53,47,45,50,46,100,688,56,95,72,77,47,41,37,18,63,30,53,2026-07-20
Maharashtra,Partur,50,NR,31,40,80,126,120,112,88,44,58,203,208,186,185,195,184,59,401,10,29,27,59,31,35,43,NR,47,87,775,NR,84,60,92,40,42,31,15,50,60,49,2026-07-20
Maharashtra,Gondia,54,34,34,38,80,118,119,115,80,47,63,191,204,141,168,185,167,65,260,30,22,27,25,42,48,42,52,42,87,765,58,92,30,100,50,50,29,21,37,40,45,2026-07-20
Maharashtra,Jalgaon,48,27,35,45,87,133,141,118,98,49,65,201,213,180,176,198,186,65,468,31,18,30,37,39,42,55,60,55,97,753,58,91,42,124,59,42,36,20,41,47,52,2026-07-20
Maharashtra,Akola,43,NR,34,46,85,128,120,116,100,45,69,184,211,163,174,184,NR,61,323,30,25,25,57,42,39,47,65,46,103,784,59,82,47,87,42,43,22,16,37,47,45,2026-07-20
Rajasthan,Jaipur,59,38,32,40,91,139,129,115,90,47,55,211,196,180,193,186,136,52,307,15,22,31,36,31,31,49,76,49,88,629,58,84,53,93,44,36,37,17,38,28,38,2026-07-20
Rajasthan,Jodhpur,41,40,32,34,74,95,104,94,71,43,53,214,220,NR,NR,190,NR,51,272,21,23,36,34,28,47,50,52,47,103,672,55,89,25,89,73,31,29,16,42,26,27,2026-07-20
Rajasthan,Kota,NR,NR,NR,NR,NR,NR,NR,NR,NR,NR,NR,NR,NR,NR,NR,NR,NR,NR,NR,NR,NR,NR,NR,NR,NR,NR,NR,NR,NR,NR,NR,NR,NR,NR,NR,NR,NR,NR,NR,NR,NR,2026-07-20
Rajasthan,Udaipur,49,36,31,33,80,125,120,115,80,45,50,220,209,188,187,193,NR,68,328,28,20,25,62,37,45,35,59,50,86,618,63,80,40,93,36,31,32,14,48,50,37,2026-07-20
Rajasthan,Bharatpur,46,NR,28,35,89,122,113,115,90,46,58,203,175,149,163,NR,NR,57,297,28,12,29,28,27,30,40,65,44,82,637,60,75,27,90,37,38,25,12,40,20,42,2026-07-20
Rajasthan,Ajmer,NR,NR,NR,NR,NR,NR,NR,NR,NR,NR,NR,NR,NR,NR,NR,NR,NR,NR,NR,NR,NR,NR,NR,NR,NR,NR,NR,NR,NR,NR,NR,NR,NR,NR,NR,NR,NR,NR,NR,NR,NR,2026-07-20
Rajasthan,Bikaner,53,30,38,42,88,120,120,91,87,49,55,177,176,168,169,164,163,50,247,15,22,20,42,38,49,53,NR,52,82,694,60,90,48,77,32,35,25,21,35,23,41,2026-07-20
Rajasthan,Bundi,NR,NR,NR,NR,NR,NR,NR,NR,NR,NR,NR,NR,NR,NR,NR,NR,NR,NR,NR,NR,NR,NR,NR,NR,NR,NR,NR,NR,NR,NR,NR,NR,NR,NR,NR,NR,NR,NR,NR,NR,NR,2026-07-20
Rajasthan,Rajsamand,44,36,34,39,74,107,107,94,87,45,74,178,166,143,135,186,NR,52,302,24,NR,NR,NR,38,44,41,62,46,81,604,53,90,40,80,40,39,31,20,45,25,33,2026-07-20
Rajasthan,Alwar,57,41,31,34,76,118,117,103,88,49,58,232,176,152,161,180,NR,53,301,27,20,38,37,20,39,48,73,48,90,544,56,74,28,88,52,45,29,15,49,28,38,2026-07-20
Rajasthan,Banswara,43,38,38,43,88,137,136,126,99,44,59,239,217,173,184,184,NR,58,223,29,29,39,58,34,35,51,56,55,78,621,58,118,38,87,49,38,38,18,39,45,42,2026-07-20
Rajasthan,Baran,40,33,32,35,80,135,120,110,83,42,52,220,209,148,137,154,126,45,352,22,22,24,43,28,33,40,38,46,89,667,57,67,41,90,36,31,34,11,38,30,32,2026-07-20
Rajasthan,Barmer,50,40,33,35,90,130,110,115,85,45,54,187,209,170,193,209,117,53,300,22,20,23,32,28,35,49,60,53,100,879,58,76,52,90,41,25,31,14,42,32,30,2026-07-20
Rajasthan,Bhilwara,NR,NR,NR,NR,NR,NR,NR,NR,NR,NR,NR,NR,NR,NR,NR,NR,NR,NR,NR,NR,NR,NR,NR,28,34,42,55,42,74,667,55,73,35,86,34,35,22,20,39,25,40,2026-07-20
Rajasthan,Chhitorgarh,41,40,26,30,80,140,120,106,90,46,56,207,218,165,150,198,146,55,323,21,23,32,60,38,38,46,58,45,76,615,62,74,48,85,42,37,34,20,45,45,42,2026-07-20
Rajasthan,Churu,45,34,30,33,85,115,110,100,90,45,44,225,197,159,225,230,153,50,280,20,18,25,55,24,32,40,50,40,90,747,80,72,25,100,50,35,35,20,40,30,30,2026-07-20
Rajasthan,Dholapur,41,40,30,34,81,131,130,111,90,48,60,255,189,168,179,NR,NR,57,257,20,29,40,40,26,NR,39,NR,41,90,655,60,106,27,82,42,34,28,17,43,48,48,2026-07-20
Rajasthan,Dungarpur,NR,NR,NR,NR,NR,NR,NR,NR,NR,NR,NR,NR,NR,NR,NR,NR,NR,NR,NR,NR,NR,NR,NR,NR,NR,NR,NR,NR,NR,NR,NR,NR,NR,NR,NR,NR,NR,NR,NR,NR,NR,2026-07-20
Rajasthan,Hanumangarh,NR,NR,NR,NR,NR,NR,NR,NR,NR,NR,NR,NR,NR,NR,NR,NR,NR,NR,NR,NR,NR,NR,NR,NR,NR,NR,NR,NR,NR,NR,NR,NR,NR,NR,NR,NR,NR,NR,NR,NR,NR,2026-07-20
Rajasthan,Jaisalmer,NR,NR,NR,NR,NR,NR,NR,NR,NR,NR,NR,NR,NR,NR,NR,NR,NR,NR,NR,NR,NR,NR,NR,NR,NR,NR,NR,NR,NR,NR,NR,NR,NR,NR,NR,NR,NR,NR,NR,NR,NR,2026-07-20
Rajasthan,Jalore,58,NR,32,36,83,130,132,118,85,49,60,218,207,161,185,205,NR,65,268,18,27,40,70,31,37,46,113,57,98,615,60,89,43,95,50,37,34,17,50,47,52,2026-07-20
Rajasthan,Jhalawar,44,43,25,32,85,129,118,NR,88,44,59,188,176,NR,NR,NR,NR,52,298,19,22,24,34,30,34,41,50,42,85,703,58,80,31,81,30,39,32,17,38,21,34,2026-07-20
Rajasthan,Jhunjhunu,NR,NR,NR,NR,NR,NR,NR,NR,NR,NR,NR,NR,NR,NR,NR,NR,NR,NR,NR,NR,NR,NR,NR,NR,NR,NR,NR,NR,NR,NR,NR,NR,NR,NR,NR,NR,NR,NR,NR,NR,NR,2026-07-20
Rajasthan,Karauli,51,40,25,33,101,140,128,114,102,45,52,214,202,194,190,232,188,44,342,20,21,40,41,27,NR,51,47,54,110,633,63,89,40,95,37,45,22,18,41,23,37,2026-07-20
Rajasthan,Nagaur,NR,NR,NR,NR,NR,NR,NR,NR,NR,NR,NR,NR,NR,NR,NR,NR,NR,NR,NR,NR,NR,NR,NR,NR,NR,NR,NR,NR,NR,NR,NR,NR,NR,NR,NR,NR,NR,NR,NR,NR,NR,2026-07-20
Rajasthan,Pali,55,30,33,33,91,128,128,90,74,44,56,201,167,168,163,162,123,43,234,24,30,25,33,29,39,38,35,47,102,507,62,68,52,85,57,35,26,21,41,37,25,2026-07-20
Rajasthan,RJ-Pratapgarh,42,33,29,33,71,114,117,110,82,44,47,211,177,154,158,NR,NR,48,300,19,20,30,39,34,37,43,NR,43,103,659,60,63,39,70,46,36,25,15,40,36,47,2026-07-20
Rajasthan,Sikar,45,30,31,35,85,137,116,120,95,45,53,229,199,165,143,165,NR,55,236,29,25,30,30,21,24,53,70,66,102,514,52,61,22,80,32,33,25,17,40,50,48,2026-07-20
Rajasthan,Sirohi,NR,NR,NR,NR,NR,NR,NR,NR,NR,NR,NR,NR,NR,NR,NR,NR,NR,NR,NR,NR,NR,NR,NR,NR,NR,NR,NR,NR,NR,NR,NR,NR,NR,NR,NR,NR,NR,NR,NR,NR,NR,2026-07-20
Rajasthan,Sri Ganganagar,43,35,30,35,89,118,110,110,97,45,52,219,190,170,165,165,148,49,323,15,15,22,40,39,39,39,80,39,93,500,49,NR,22,65,31,29,32,29,42,17,30,2026-07-20
Rajasthan,Tonk,57,35,29,36,84,126,115,108,94,49,71,252,206,141,162,177,146,60,283,20,25,30,41,25,46,42,54,55,91,571,67,81,40,96,48,40,33,21,50,47,50,2026-07-20
Rajasthan,Sawai Madhopur,NR,NR,NR,NR,NR,NR,NR,NR,NR,NR,NR,NR,NR,NR,NR,NR,NR,NR,NR,NR,NR,NR,NR,NR,NR,NR,NR,NR,NR,NR,NR,NR,NR,NR,NR,NR,NR,NR,NR,NR,NR,2026-07-20
EAST ZONE,EAST ZONE,,,,,,,,,,,,,,,,,,,,,,,,,,,,,,,,,,,,,,,,,,2026-07-20
Bihar,Patna,45,28,28,32,81,115,125,101,79,51,61,NR,191,160,191,202,174,55,340,26,27,38,42,NR,NR,35,NR,36,102,604,56,97,33,99,47,47,28,17,36,23,39,2026-07-20
Bihar,Bhagalpur,39,23,28,32,76,122,110,97,75,47,58,NR,188,147,155,173,131,49,320,28,16,34,48,49,61,34,NR,35,104,635,54,84,40,96,29,34,21,18,NR,27,36,2026-07-20
Bihar,Purnia,38,NR,32,34,74,112,120,102,77,51,59,NR,197,153,186,NR,164,54,324,18,15,28,50,68,58,38,58,47,108,743,53,88,40,118,38,40,28,14,50,28,23,2026-07-20
Bihar,Darbhanga,40,NR,30,40,79,100,119,106,86,48,57,NR,196,185,163,NR,119,58,193,28,14,33,44,54,54,33,43,35,108,681,60,84,40,89,37,35,29,17,59,35,45,2026-07-20
Bihar,Gaya,33,25,27,38,82,123,109,109,81,45,60,NR,201,169,145,150,120,57,340,25,19,28,33,NR,NR,35,NR,39,110,680,59,89,30,84,33,37,23,16,48,28,27,2026-07-20
Bihar,Muzzafarpur,39,25,28,33,82,122,124,109,81,47,61,NR,192,158,160,215,126,45,294,23,16,31,37,47,44,39,49,36,99,601,55,83,29,84,37,36,24,15,46,27,25,2026-07-20
Bihar,Saran,45,26,25,37,81,111,108,108,81,50,60,NR,202,201,201,214,NR,53,303,27,16,33,33,42,64,37,62,37,107,742,60,73,43,82,35,36,28,18,42,24,28,2026-07-20
Bihar,Munger,NR,NR,NR,NR,NR,NR,NR,NR,NR,NR,NR,NR,NR,NR,NR,NR,NR,NR,NR,NR,NR,NR,NR,NR,NR,NR,NR,NR,NR,NR,NR,NR,NR,NR,NR,NR,NR,NR,NR,NR,NR,2026-07-20
Bihar,Saharsa,48,NR,27,29,77,113,115,110,75,47,61,NR,188,NR,190,NR,NR,50,280,29,11,22,27,NR,NR,39,NR,37,93,710,55,74,40,95,52,47,37,11,40,28,29,2026-07-20
Bihar,Madhubani,37,21,30,35,84,125,109,99,83,47,55,206,166,161,156,173,128,47,280,28,21,25,27,NR,NR,33,48,35,101,615,57,71,32,82,32,31,23,12,50,26,27,2026-07-20
Bihar,Rohtas (Sasaram),39,24,36,41,79,112,116,87,80,52,69,196,204,164,191,232,181,62,236,34,19,35,39,44,57,33,54,35,94,754,58,84,49,85,41,30,26,14,62,41,45,2026-07-20
Bihar,Motihari,NR,NR,NR,NR,NR,NR,NR,NR,NR,NR,NR,NR,NR,NR,NR,NR,NR,NR,NR,NR,NR,NR,NR,NR,NR,NR,NR,NR,NR,NR,NR,NR,NR,NR,NR,NR,NR,NR,NR,NR,NR,2026-07-20
Bihar,Samastipur,45,23,25,35,80,112,116,112,80,46,60,NR,189,137,132,NR,133,50,320,30,13,29,40,30,39,38,73,47,97,713,67,92,40,80,34,72,25,10,40,28,28,2026-07-20
Bihar,Katihar,NR,NR,NR,NR,NR,NR,NR,NR,NR,NR,NR,NR,NR,NR,NR,NR,NR,NR,NR,NR,NR,NR,NR,NR,NR,NR,NR,NR,NR,NR,NR,NR,NR,NR,NR,NR,NR,NR,NR,NR,NR,2026-07-20
Bihar,Araria,37,NR,30,35,75,125,130,114,84,49,61,280,191,164,142,191,131,59,340,30,18,33,49,50,50,38,85,38,105,632,60,70,53,81,43,34,24,10,55,28,28,2026-07-20
Bihar,Nawada,31,19,26,33,79,133,128,113,79,49,59,NR,194,152,181,NR,130,54,222,28,14,28,55,39,35,32,51,35,102,722,58,63,57,81,35,31,22,11,63,23,22,2026-07-20
Bihar,Khagaria,44,25,28,34,80,103,123,112,84,47,42,NR,189,151,170,NR,170,42,377,28,14,21,52,NR,NR,40,NR,40,115,611,50,78,32,90,26,50,30,16,32,20,40,2026-07-20
Bihar,Banka,37,19,27,36,80,120,112,106,75,48,57,NR,203,164,170,192,127,52,280,13,15,28,42,40,39,36,NR,39,99,640,52,80,42,80,36,40,30,10,40,30,33,2026-07-20
Bihar,Arwal,38,26,25,35,81,130,130,97,85,48,59,NR,211,165,173,187,143,56,232,28,24,26,45,NR,NR,35,NR,37,93,748,58,83,39,80,33,35,25,19,48,27,32,2026-07-20
Bihar,Aurangabad,32,24,29,33,81,122,122,90,79,47,55,220,198,188,154,156,119,56,210,24,17,38,53,50,NR,36,NR,38,105,769,58,78,41,86,40,31,30,17,50,21,25,2026-07-20
Bihar,Begusarai,36,36,30,35,77,117,117,107,77,48,60,246,188,158,144,188,123,55,266,28,12,21,38,52,42,35,52,37,108,623,58,78,39,96,34,32,20,17,35,34,42,2026-07-20
Bihar,Bhojpur Ara,44,19,28,31,76,116,119,109,81,48,57,243,180,155,150,185,NR,55,353,30,21,34,44,NR,NR,35,NR,37,104,681,60,84,42,84,50,40,25,10,47,47,35,2026-07-20
Bihar,Buxar,31,23,26,33,84,115,117,119,89,47,59,202,195,173,169,198,124,59,258,29,14,35,33,35,53,34,71,40,90,773,49,95,37,87,46,34,30,17,42,46,30,2026-07-20
Bihar,Gopalganj,40,32,30,34,90,115,115,110,85,NR,NR,NR,NR,NR,NR,NR,NR,NR,NR,NR,NR,NR,NR,NR,NR,NR,NR,NR,NR,NR,NR,NR,NR,NR,NR,NR,NR,NR,NR,NR,NR,2026-07-20
Bihar,Jamui,36,22,28,31,74,118,116,108,75,46,60,NR,197,142,174,NR,137,57,284,29,14,24,40,50,50,35,60,40,90,681,65,96,31,85,45,30,25,16,50,20,30,2026-07-20
Bihar,Jehanabad,31,23,28,34,79,123,118,112,78,46,56,NR,207,179,185,NR,NR,55,243,29,15,28,39,NR,NR,39,NR,41,91,663,57,100,25,82,43,43,22,13,57,24,30,2026-07-20
Bihar,Kaimur,38,18,26,32,79,117,117,114,79,49,60,NR,194,174,167,193,130,52,212,20,12,38,32,32,31,34,NR,39,88,714,60,85,38,82,33,33,27,15,53,26,28,2026-07-20
Bihar,Kishanganj,38,22,26,36,80,125,120,110,90,48,60,187,171,170,143,198,130,66,300,26,18,32,50,38,55,36,80,49,100,626,63,76,45,90,44,30,26,15,60,36,36,2026-07-20
Bihar,Lakhisarai,40,25,30,40,83,113,120,118,88,49,59,NR,199,167,170,NR,156,53,298,27,16,32,47,50,60,45,44,40,110,754,60,96,37,85,35,40,27,15,40,23,23,2026-07-20
Bihar,Medhepura,39,NR,32,36,73,114,124,91,74,48,58,NR,197,156,191,188,134,44,282,22,15,32,56,NR,NR,36,NR,35,90,722,58,108,46,89,36,36,28,15,45,30,36,2026-07-20
Bihar,Nalanda,31,19,29,33,73,113,115,105,75,45,63,NR,202,179,164,189,NR,53,320,30,18,24,36,60,59,33,61,36,87,672,57,86,34,79,28,33,20,15,50,31,21,2026-07-20
Bihar,Sheikhpura,36,26,28,39,89,118,112,111,82,NR,56,NR,222,181,204,202,165,56,285,27,18,25,40,40,NR,38,51,40,110,640,58,80,25,95,30,30,41,13,35,NR,25,2026-07-20
Bihar,Sheohar,47,26,30,36,83,122,120,103,77,49,59,172,209,161,169,201,122,54,232,26,18,35,38,50,53,40,37,40,113,736,63,75,25,80,35,35,25,15,54,26,25,2026-07-20
Bihar,Sitamarhi,34,21,25,29,76,123,126,108,83,46,58,NR,185,176,163,170,130,56,233,29,21,33,28,53,53,33,48,33,108,794,59,94,38,79,37,35,25,13,43,23,28,2026-07-20
Bihar,Siwan,33,25,25,29,70,110,95,86,73,46,57,264,189,181,185,193,165,50,202,26,12,28,31,47,44,31,49,32,88,709,61,66,29,80,34,41,29,14,51,25,26,2026-07-20
Bihar,Supaul,35,26,26,32,76,115,112,98,77,47,55,NR,185,161,184,NR,177,60,NR,12,12,21,37,NR,NR,35,NR,35,122,576,54,90,31,79,NR,56,35,15,55,25,22,2026-07-20
Bihar,Vaishali,35,25,26,30,75,114,117,100,75,48,53,209,181,148,187,209,159,59,207,29,15,35,40,49,49,33,42,37,90,769,55,84,40,80,33,32,25,13,37,45,30,2026-07-20
Bihar,West Champaran,NR,NR,NR,NR,NR,NR,NR,NR,NR,NR,NR,NR,NR,NR,NR,NR,NR,NR,NR,NR,NR,NR,NR,NR,NR,NR,NR,NR,NR,NR,NR,NR,NR,NR,NR,NR,NR,NR,NR,NR,NR,2026-07-20
Jharkhand,Ranchi,42,30,35,35,78,122,118,109,80,47,60,233,193,148,182,195,132,53,222,27,16,27,45,35,40,36,40,42,103,630,60,79,40,90,44,42,32,15,50,33,43,2026-07-20
Jharkhand,Gumla,40,23,27,36,82,108,106,90,83,48,55,209,195,187,137,154,121,53,NR,15,16,25,40,34,68,35,50,44,100,692,63,78,55,90,40,30,22,15,50,28,39,2026-07-20
Jharkhand,Sahibganj,35,25,28,34,90,125,135,115,85,50,60,192,203,192,187,187,143,80,350,20,14,40,60,57,48,40,63,55,100,600,60,78,40,90,55,37,33,14,50,40,40,2026-07-20
Jharkhand,Bokaro,38,30,35,37,86,132,114,110,83,48,57,NR,181,170,165,183,143,56,322,28,23,27,35,NR,NR,33,NR,40,100,709,57,89,43,81,28,41,25,13,60,NR,NR,2026-07-20
Jharkhand,Lohardaga,37,27,31,36,85,102,125,110,80,45,61,NR,NR,NR,NR,NR,NR,44,203,26,20,38,40,NR,NR,38,35,40,90,674,56,73,25,80,42,30,27,11,38,41,23,2026-07-20
Jharkhand,Simdega,42,25,32,40,88,120,115,100,85,50,64,181,187,152,164,154,149,48,245,22,18,22,30,43,NR,45,60,46,98,665,61,79,40,90,39,36,26,22,45,25,42,2026-07-20
Jharkhand,Dhanbad,39,30,34,36,78,119,119,111,80,49,59,251,207,161,164,187,139,58,245,28,15,36,41,38,50,37,53,45,93,769,57,91,47,89,42,39,34,18,51,48,40,2026-07-20
Jharkhand,Jamshedpur (East Singbhum),NR,NR,NR,NR,NR,NR,NR,NR,NR,NR,NR,NR,NR,NR,NR,NR,NR,NR,NR,NR,NR,NR,NR,NR,NR,NR,NR,NR,NR,NR,NR,NR,NR,NR,NR,NR,NR,NR,NR,NR,NR,2026-07-20
Jharkhand,Giridhi,34,20,33,36,81,109,102,105,75,44,55,NR,198,169,166,190,120,49,300,19,22,32,42,40,35,42,39,45,87,637,60,84,55,99,29,40,25,16,51,35,47,2026-07-20
Jharkhand,Seraikella,35,27,31,40,78,123,114,105,75,48,60,188,179,155,158,166,122,53,207,28,15,21,35,37,NR,44,NR,44,92,600,60,76,32,80,33,31,25,15,50,28,35,2026-07-20
Jharkhand,West Singhbhum,37,24,31,36,82,123,118,110,79,48,60,207,206,195,174,199,140,56,236,28,16,25,31,42,49,35,47,36,94,646,60,88,43,81,32,32,25,11,53,35,38,2026-07-20
Jharkhand,Daltonganj,38,26,27,36,81,106,118,102,80,46,59,NR,187,155,166,NR,136,60,297,30,20,40,33,NR,NR,48,62,48,118,695,69,97,51,98,42,41,27,18,40,52,40,2026-07-20
Jharkhand,Deoghar,40,18,32,35,80,110,120,110,100,48,60,176,186,176,148,176,132,60,300,25,15,35,40,50,50,40,60,50,90,769,60,90,30,80,40,35,25,15,40,40,40,2026-07-20
Jharkhand,Ramgarh,40,23,37,39,NR,127,118,102,79,49,58,NR,192,159,184,199,157,46,279,25,23,27,39,NR,NR,31,NR,40,108,615,58,83,29,83,28,30,25,12,42,17,25,2026-07-20
Jharkhand,Pakur,36,26,38,41,81,130,120,93,80,50,63,209,198,176,165,198,154,67,343,20,15,35,43,34,41,47,51,60,100,637,58,106,47,94,40,34,30,15,50,50,30,2026-07-20
Jharkhand,Jamtara,47,24,27,34,83,119,117,108,87,52,62,269,202,168,179,190,165,59,287,29,15,38,55,62,78,32,63,57,88,734,57,88,63,84,45,32,30,18,55,47,48,2026-07-20
Jharkhand,Latehar,42,25,28,38,82,125,124,108,80,51,60,175,193,157,159,NR,122,51,188,30,26,26,39,NR,NR,36,NR,53,106,729,61,86,36,81,45,45,29,11,43,26,25,2026-07-20
Jharkhand,Godda,40,26,30,39,80,120,120,103,82,48,64,198,196,165,165,187,132,50,400,29,15,40,43,NR,NR,40,NR,47,97,709,61,92,40,100,37,35,25,15,60,40,38,2026-07-20
Jharkhand,Koderma,40,25,31,35,85,119,124,101,80,50,63,193,197,154,167,192,126,60,197,28,20,35,43,NR,NR,38,NR,38,90,707,59,99,36,90,43,40,25,14,60,45,49,2026-07-20
Odisha,Bhubaneshwar,42,34,36,46,80,110,128,110,80,55,58,NR,203,148,NR,193,169,65,230,30,15,38,40,NR,NR,38,45,40,90,NR,NR,78,40,90,30,35,25,12,50,60,NR,2026-07-20
Odisha,Cuttack,40,31,37,46,79,111,125,111,79,55,58,NR,202,148,NR,193,168,60,257,30,15,38,38,41,44,39,55,41,93,740,57,86,48,91,41,35,26,14,57,58,58,2026-07-20
Odisha,Sambalpur,NR,NR,NR,NR,NR,NR,NR,NR,NR,NR,NR,NR,NR,NR,NR,NR,NR,NR,NR,NR,NR,NR,NR,NR,NR,NR,NR,NR,NR,NR,NR,NR,NR,NR,NR,NR,NR,NR,NR,NR,NR,2026-07-20
Odisha,Rourkela,36,27,35,38,79,117,119,99,77,51,58,NR,202,144,169,197,168,61,190,28,16,34,32,35,36,38,44,39,91,529,56,96,37,88,45,33,30,15,47,48,57,2026-07-20
Odisha,Berhampur,44,31,35,37,80,111,125,100,72,54,58,NR,206,165,NR,198,170,55,245,21,20,34,28,NR,NR,38,49,50,85,690,53,84,60,84,44,45,29,14,46,48,43,2026-07-20
Odisha,Jeypore,45,35,38,35,82,110,120,102,82,50,58,181,203,156,NR,202,169,55,240,29,16,36,30,40,40,38,45,42,80,813,65,80,60,75,35,35,25,12,50,58,60,2026-07-20
Odisha,Balasore,38,27,41,45,78,115,109,96,75,51,58,NR,200,177,NR,196,169,59,240,28,14,36,38,NR,NR,42,NR,43,93,617,56,78,40,93,41,40,28,11,45,36,44,2026-07-20
Odisha,Baripada,38,27,34,42,84,119,113,98,78,52,58,NR,198,185,NR,190,170,60,239,29,15,34,42,35,NR,51,48,51,98,706,57,93,47,101,43,36,31,14,55,51,47,2026-07-20
Odisha,Balangir,32,26,37,37,80,122,123,94,77,50,58,NR,207,143,NR,193,170,60,NR,30,17,35,33,NR,NR,38,NR,45,100,769,57,108,50,88,40,35,30,18,40,55,55,2026-07-20
Odisha,Angul,37,NR,NR,50,88,133,113,120,88,49,64,NR,206,176,NR,197,NR,59,NR,30,19,40,34,43,55,45,50,49,106,NR,61,99,43,87,58,34,29,15,60,51,40,2026-07-20
Odisha,Boudhgarh,32,NR,40,44,78,120,104,95,85,45,55,NR,192,132,NR,176,135,51,NR,27,16,35,40,NR,NR,36,50,43,75,656,57,84,40,95,38,32,26,14,40,25,39,2026-07-20
Odisha,Dhenkanal,36,31,35,40,79,115,105,100,75,53,58,NR,203,148,NR,196,148,60,280,29,15,38,40,50,NR,39,50,40,90,710,58,84,40,83,40,30,20,12,50,40,45,2026-07-20
Odisha,Jagatsinghpur,NR,NR,NR,NR,NR,NR,NR,NR,NR,NR,NR,NR,NR,NR,NR,NR,NR,NR,NR,NR,NR,NR,NR,NR,NR,NR,NR,NR,NR,NR,NR,NR,NR,NR,NR,NR,NR,NR,NR,NR,NR,2026-07-20
Odisha,Kandhamal,39,NR,42,50,77,132,122,118,79,44,58,159,200,175,NR,188,137,56,NR,29,20,30,28,NR,NR,43,43,45,92,714,59,73,38,90,36,33,27,10,42,21,45,2026-07-20
Odisha,Keonjhar,39,31,40,51,80,120,116,110,77,48,58,NR,193,137,NR,187,126,59,NR,30,14,35,50,40,40,40,50,43,105,736,58,96,37,90,40,35,25,15,50,53,50,2026-07-20
Odisha,Malkangiri,NR,NR,NR,NR,NR,NR,NR,NR,NR,NR,NR,NR,NR,NR,NR,NR,NR,NR,NR,NR,NR,NR,NR,NR,NR,NR,NR,NR,NR,NR,NR,NR,NR,NR,NR,NR,NR,NR,NR,NR,NR,2026-07-20
Odisha,Nabarangpur,NR,NR,NR,NR,NR,NR,NR,NR,NR,NR,NR,NR,NR,NR,NR,NR,NR,NR,NR,NR,NR,NR,NR,NR,NR,NR,NR,NR,NR,NR,NR,NR,NR,NR,NR,NR,NR,NR,NR,NR,NR,2026-07-20
Odisha,Nayagarh,40,NR,NR,43,83,117,120,113,85,46,54,NR,205,176,NR,193,167,63,NR,27,16,37,40,NR,NR,38,44,42,85,687,58,91,51,85,34,41,24,14,48,38,42,2026-07-20
Odisha,Nuapada,45,40,35,50,90,120,110,120,80,45,54,NR,209,165,NR,187,143,55,240,30,25,25,40,NR,NR,45,40,48,80,769,60,84,30,90,30,30,24,18,50,20,30,2026-07-20
Odisha,Paralakhemundi Gajapati,50,NR,43,44,83,119,119,112,80,48,NR,201,203,161,149,181,143,54,317,25,20,38,42,59,62,44,60,40,70,782,60,90,43,90,50,40,30,15,59,40,42,2026-07-20
Odisha,Puri,40,31,NR,44,81,118,114,105,85,51,59,NR,200,159,NR,191,148,59,275,27,16,36,38,NR,NR,40,NR,42,95,679,58,88,45,85,39,39,26,15,48,27,38,2026-07-20
Odisha,Rayagada,45,NR,41,50,85,120,120,111,80,55,60,209,203,150,NR,198,140,60,NR,30,19,38,30,NR,NR,45,40,49,80,690,58,96,40,82,34,35,24,13,50,38,43,2026-07-20
Odisha,Sonepur,36,NR,NR,44,80,130,120,110,80,49,55,NR,209,154,NR,198,123,60,NR,10,16,30,40,NR,NR,42,NR,50,96,809,57,90,38,95,50,30,30,20,45,60,45,2026-07-20
Odisha,Bhadrak,35,25,NR,42,85,120,113,120,81,49,65,NR,214,178,NR,197,154,60,333,28,14,35,37,44,NR,38,63,40,84,769,58,95,50,81,40,30,26,15,50,45,42,2026-07-20
Odisha,Jharsuguda,40,NR,44,40,80,120,120,100,75,52,58,NR,209,148,148,187,126,57,NR,30,20,30,40,39,44,44,58,46,100,692,60,96,50,90,38,34,27,19,45,30,40,2026-07-20
Odisha,Kendrapara,40,32,39,46,85,127,105,111,85,50,58,NR,201,146,NR,191,158,56,281,28,15,36,40,NR,NR,42,57,44,87,699,61,96,36,83,28,38,24,15,54,18,38,2026-07-20
Odisha,Jajpur,34,31,40,49,78,121,105,106,81,51,56,NR,198,184,NR,191,121,55,NR,29,15,33,30,NR,NR,35,NR,45,100,659,54,96,51,85,39,29,23,13,51,46,44,2026-07-20
Odisha,Kalahandi,42,30,37,48,85,120,118,110,86,47,54,NR,203,163,NR,186,133,54,430,30,19,35,33,NR,NR,40,37,50,101,753,NR,72,37,84,37,33,29,13,40,26,43,2026-07-20
West Bengal,Kolkata,53,NR,NR,38,84,121,132,118,118,52,59,NR,198,178,158,191,123,71,277,30,16,40,43,NR,NR,38,NR,45,100,747,63,110,70,83,42,29,31,20,60,55,47,2026-07-20
West Bengal,Siliguri,44,NR,31,41,85,124,126,120,118,46,59,NR,190,NR,157,176,NR,68,227,18,17,35,50,NR,NR,39,NR,54,95,718,59,91,49,86,39,35,22,17,48,36,42,2026-07-20
West Bengal,Purulia,37,NR,NR,35,84,122,121,113,98,47,61,NR,190,155,145,182,NR,57,282,27,12,38,48,NR,NR,37,NR,58,96,679,59,89,50,81,29,41,31,15,38,42,45,2026-07-20
West Bengal,Kharagpur,55,NR,33,37,80,127,122,108,105,54,61,199,203,NR,141,192,120,56,278,30,16,35,47,NR,NR,37,NR,39,107,703,57,106,42,90,37,41,29,18,60,67,68,2026-07-20
West Bengal,Rampurhat,50,NR,33,45,85,123,126,119,115,45,57,NR,188,159,158,177,129,55,300,25,13,32,41,NR,NR,41,NR,51,81,690,63,89,44,92,39,35,35,16,39,35,41,2026-07-20
West Bengal,Malda,51,NR,30,41,103,138,122,120,117,50,60,NR,210,NR,154,196,130,65,317,20,16,30,30,NR,NR,40,NR,64,98,593,63,80,29,94,38,31,30,16,60,27,33,2026-07-20
West Bengal,Raiganj,60,29,29,46,112,132,140,112,132,47,61,NR,196,151,169,214,132,60,297,15,14,40,43,NR,NR,35,NR,57,112,659,60,93,53,120,50,30,30,15,62,50,50,2026-07-20
West Bengal,Alipurduar,44,NR,NR,48,90,123,124,113,121,50,66,NR,202,NR,170,186,135,60,243,10,11,40,43,NR,NR,40,NR,45,81,655,60,84,31,95,35,35,25,15,49,24,35,2026-07-20
West Bengal,Asansol,52,NR,NR,36,85,126,121,120,100,49,68,NR,191,153,159,187,120,59,298,30,16,40,50,NR,NR,37,NR,47,99,809,60,100,63,93,48,37,30,15,45,45,48,2026-07-20
West Bengal,Balurghat,51,30,27,38,83,123,123,108,102,49,72,NR,190,NR,151,173,138,46,351,28,16,26,45,NR,NR,52,NR,58,100,700,58,92,48,100,40,33,31,15,60,38,47,2026-07-20
West Bengal,Bankura,37,NR,NR,34,88,122,124,118,113,48,62,NR,193,NR,144,181,133,61,299,28,12,32,53,NR,NR,35,NR,61,93,616,60,95,53,85,33,37,29,15,48,47,53,2026-07-20
West Bengal,Barasat,54,NR,NR,37,90,122,119,121,115,50,57,NR,196,169,162,175,138,65,350,29,15,35,55,NR,NR,38,NR,57,72,635,60,96,70,89,39,34,26,17,45,45,50,2026-07-20
West Bengal,Bardhaman,51,29,NR,38,89,120,128,119,109,50,58,237,193,159,143,192,139,68,320,29,13,35,39,NR,NR,37,NR,45,93,766,61,96,59,90,50,30,29,15,67,42,49,2026-07-20
West Bengal,Baruipur,46,35,NR,43,87,130,120,120,105,47,59,NR,202,199,184,187,NR,57,270,28,24,35,48,NR,NR,42,NR,47,102,731,60,96,48,81,43,37,27,15,45,43,45,2026-07-20
West Bengal,Berhampore,45,23,25,40,83,122,112,113,107,52,63,NR,187,151,170,197,169,54,303,25,15,38,38,NR,NR,41,NR,61,71,606,60,101,47,98,35,32,28,15,37,60,48,2026-07-20
West Bengal,Chinsurah,55,NR,NR,38,89,121,128,121,117,49,60,NR,190,152,148,181,NR,62,305,28,8,32,44,NR,NR,36,NR,55,86,621,58,95,51,90,37,36,29,15,56,44,45,2026-07-20
West Bengal,Cooch behar,49,NR,NR,43,93,120,120,118,127,50,55,NR,203,150,176,172,174,67,290,30,15,40,47,NR,NR,41,NR,52,93,721,60,96,48,87,40,35,30,15,70,42,40,2026-07-20
West Bengal,Howrah,56,NR,NR,37,91,125,121,117,112,49,63,NR,192,190,173,200,NR,64,270,30,19,42,47,NR,NR,NR,NR,56,105,727,61,100,68,102,35,35,32,15,55,48,52,2026-07-20
West Bengal,Jalapiguri,39,NR,NR,47,88,134,130,111,113,53,81,NR,199,145,167,201,148,68,300,30,15,39,58,NR,NR,38,NR,60,89,688,61,96,63,93,47,34,30,15,71,50,48,2026-07-20
West Bengal,Jhargram,41,NR,NR,39,88,125,125,116,112,50,61,NR,192,147,142,180,NR,59,289,28,11,32,45,NR,NR,38,NR,58,90,678,59,85,48,85,36,37,27,15,46,47,47,2026-07-20
West Bengal,Kalimpong,45,NR,36,37,80,153,132,124,97,47,69,NR,NR,130,137,173,NR,62,394,16,28,33,70,NR,NR,41,46,43,99,715,NR,91,58,101,70,50,31,19,46,NR,40,2026-07-20
West Bengal,Krishnagar,53,NR,NR,39,94,124,119,127,116,50,58,NR,196,NR,157,179,NR,59,387,29,15,38,52,NR,NR,38,NR,57,80,613,59,84,57,97,37,33,29,17,47,35,52,2026-07-20
West Bengal,Tamluk,39,28,NR,37,88,124,119,120,122,49,59,NR,186,NR,158,187,NR,58,307,28,15,38,60,NR,NR,39,NR,60,88,718,59,102,67,92,48,33,30,14,48,57,58,2026-07-20
NORTH EAST ZONE,NORTH EAST ZONE,,,,,,,,,,,,,,,,,,,,,,,,,,,,,,,,,,,,,,,,,,2026-07-20
Andaman and Nicobar,Port Blair,58,NR,NR,60,98,138,133,120,100,54,72,NR,220,209,NR,187,176,76,330,23,40,50,107,52,58,62,85,90,137,747,59,96,157,97,50,45,35,15,80,65,60,2026-07-20
Andaman and Nicobar,Mayabunder,53,NR,NR,70,99,139,142,121,100,59,76,306,211,229,NR,194,178,75,367,20,55,60,130,NR,NR,64,92,92,142,872,61,120,140,97,49,35,37,15,40,100,90,2026-07-20
Andaman and Nicobar,Car Nicobar,54,NR,NR,71,122,154,155,131,101,55,73,279,NR,220,NR,214,148,78,323,20,40,50,90,NR,NR,70,64,82,119,930,60,108,NR,94,43,47,38,22,78,100,100,2026-07-20
Arunachal pradesh,Itanagar,39,37,40,41,96,136,140,122,90,50,74,NR,211,154,157,207,NR,76,400,16,24,40,51,NR,30,42,60,52,92,714,58,90,51,85,60,46,33,17,69,43,56,2026-07-20
Arunachal pradesh,Namsai,NR,NR,NR,NR,NR,NR,NR,NR,NR,NR,NR,NR,NR,NR,NR,NR,NR,NR,NR,NR,NR,NR,NR,NR,NR,NR,NR,NR,NR,NR,NR,NR,NR,NR,NR,NR,NR,NR,NR,NR,NR,2026-07-20
Arunachal pradesh,Pasighat,53,NR,NR,50,93,113,97,93,113,60,80,176,238,172,180,187,NR,90,400,20,20,50,80,NR,NR,50,NR,57,83,723,59,100,60,100,70,78,43,15,60,48,67,2026-07-20
Arunachal pradesh,Tawang,45,NR,45,45,100,NR,140,137,98,57,73,NR,236,182,NR,165,NR,100,340,20,42,50,50,NR,NR,42,NR,53,93,684,57,112,70,98,28,83,30,28,73,31,43,2026-07-20
Arunachal pradesh,Tezu,38,NR,NR,40,90,130,120,120,90,52,70,NR,148,NR,154,NR,NR,100,240,15,20,40,80,NR,NR,40,NR,70,100,863,65,108,60,80,60,40,30,20,40,30,55,2026-07-20
Assam,Guwahati,36,30,33,37,75,111,95,97,81,53,71,216,209,188,176,203,165,60,220,13,17,41,63,NR,NR,45,NR,47,NR,NR,NR,108,48,NR,40,NR,22,19,76,40,40,2026-07-20
Assam,Barpeta,34,23,35,35,79,109,96,100,82,51,74,197,212,139,159,195,163,59,153,10,18,38,47,50,43,36,97,52,83,736,63,100,40,83,34,33,27,18,58,25,26,2026-07-20
Assam,Tinsukia,33,40,32,37,85,125,100,100,85,54,77,NR,220,198,209,198,NR,65,190,10,14,38,52,NR,NR,44,NR,44,95,791,58,108,37,80,45,35,30,20,40,30,50,2026-07-20
Assam,Dhubri,31,25,NR,34,78,130,NR,106,83,53,77,NR,231,163,154,176,126,60,180,12,15,35,50,50,65,36,65,50,110,747,63,96,30,70,30,40,25,15,50,35,30,2026-07-20
Assam,Goalpara,35,25,32,35,85,130,130,109,95,51,63,NR,205,161,165,181,NR,61,212,10,15,41,55,NR,NR,35,NR,53,97,787,63,96,40,95,38,32,31,18,60,35,35,2026-07-20
Assam,Golaghat,47,36,34,42,90,120,90,110,105,53,67,159,209,161,159,174,157,78,240,14,16,38,40,NR,NR,41,NR,59,NR,NR,NR,94,48,71,45,NR,26,16,65,27,43,2026-07-20
Assam,Mangaldai,44,23,33,32,78,107,95,101,84,52,70,NR,193,142,NR,NR,160,60,260,11,17,43,40,NR,NR,35,NR,33,NR,NR,NR,108,33,NR,NR,NR,30,17,65,23,40,2026-07-20
Assam,Mushalpur,39,27,39,37,86,117,109,110,89,51,75,NR,219,149,188,188,137,52,259,10,15,44,57,NR,NR,39,NR,50,81,831,60,105,37,96,29,NR,29,29,57,39,39,2026-07-20
Assam,Udalguri,37,25,NR,37,83,117,96,112,87,51,77,NR,215,NR,160,188,145,58,272,10,11,37,51,NR,NR,39,NR,40,75,687,NR,95,37,80,42,NR,21,13,53,30,40,2026-07-20
Assam,Bajali,34,NR,33,40,87,118,102,113,93,51,78,164,214,NR,159,205,137,67,363,10,17,49,48,NR,NR,36,104,45,85,795,62,104,38,87,61,60,32,25,70,38,40,2026-07-20
Assam,Hojai,34,29,NR,40,80,112,98,94,80,54,62,NR,198,148,149,184,161,67,260,12,15,37,45,NR,NR,39,NR,42,70,670,59,104,40,77,33,40,28,11,40,37,47,2026-07-20
Assam,Jorhat,40,34,36,40,85,110,115,105,102,52,78,181,209,160,159,160,132,60,208,12,18,40,60,NR,NR,55,NR,54,78,714,NR,103,40,80,42,42,30,12,60,20,40,2026-07-20
Assam,Bongaigaon,43,NR,NR,35,83,118,97,110,90,47,70,NR,184,152,150,165,NR,60,322,10,15,30,41,NR,NR,37,NR,60,76,NR,NR,90,32,NR,40,NR,30,18,55,20,40,2026-07-20
Assam,Morigaon,40,30,40,40,83,129,120,110,100,52,67,195,198,159,154,159,137,60,233,10,15,42,48,50,NR,40,NR,50,105,725,60,101,45,80,45,37,25,15,70,30,50,2026-07-20
Assam,Sonari,41,32,43,42,98,122,NR,110,98,52,78,NR,214,NR,176,NR,NR,75,220,13,15,38,55,NR,NR,39,NR,60,90,NR,NR,96,45,80,43,42,30,15,59,18,40,2026-07-20
Assam,Tamulpur,36,27,39,39,85,128,110,111,89,52,77,NR,198,152,175,NR,160,69,270,10,15,40,50,NR,NR,39,NR,40,76,710,NR,102,35,NR,NR,NR,29,12,48,37,40,2026-07-20
Assam,Sivasagar,45,44,40,52,90,117,113,115,108,51,76,NR,236,208,180,194,166,60,253,11,18,37,72,33,63,55,NR,58,95,681,61,93,40,80,37,56,36,12,50,25,49,2026-07-20
Assam,Biswanath Chariali,NR,NR,NR,NR,NR,NR,NR,NR,NR,NR,NR,NR,NR,NR,NR,NR,NR,NR,NR,NR,NR,NR,NR,NR,NR,NR,NR,NR,NR,NR,NR,NR,NR,NR,NR,NR,NR,NR,NR,NR,NR,2026-07-20
Assam,Dibrugarh,35,28,NR,35,87,127,127,108,101,54,77,NR,211,160,186,216,NR,62,203,12,16,40,46,NR,NR,36,NR,55,89,784,58,109,52,79,52,42,34,14,50,37,42,2026-07-20
Assam,Karimganj,37,NR,NR,39,80,114,122,102,79,51,75,NR,213,NR,174,215,NR,72,238,14,27,39,42,NR,NR,39,NR,65,130,NR,60,109,43,NR,50,NR,29,17,50,42,50,2026-07-20
Assam,Majuli,35,NR,38,40,98,119,90,115,100,54,70,NR,188,NR,159,NR,NR,60,260,15,20,38,48,NR,NR,41,NR,43,112,NR,NR,84,40,70,45,NR,35,15,40,30,40,2026-07-20
Assam,Sonitpur Tezpur,37,26,30,41,85,115,100,110,85,51,69,NR,203,NR,186,211,NR,49,310,10,16,38,58,NR,NR,40,NR,45,80,749,62,96,40,96,50,60,30,17,80,20,40,2026-07-20
Assam,Haflong,34,39,NR,45,90,130,NR,120,90,55,77,NR,190,NR,121,210,NR,80,270,15,20,45,60,NR,NR,45,NR,45,90,679,58,115,40,95,40,32,30,19,80,20,50,2026-07-20
Assam,AS-Lakhimpur,39,NR,NR,38,82,114,102,110,92,53,73,NR,200,161,164,178,NR,58,193,15,14,38,53,NR,NR,42,NR,40,88,613,59,98,52,80,38,53,32,13,48,30,43,2026-07-20
Assam,Diphu,35,27,NR,37,85,116,115,110,87,53,75,NR,208,NR,170,NR,127,92,233,15,19,43,28,45,45,40,65,70,82,687,62,101,20,80,50,35,30,17,63,27,42,2026-07-20
Assam,Nalbari,36,26,NR,40,82,125,95,110,85,50,70,NR,203,145,165,187,126,60,297,10,15,45,50,NR,NR,40,NR,40,80,820,58,96,40,80,43,50,30,15,73,40,30,2026-07-20
Assam,South Salmara Mankachar,40,33,39,38,81,124,NR,116,86,50,75,NR,219,167,160,159,134,64,233,12,23,30,51,80,85,39,NR,63,NR,801,59,83,37,72,45,50,40,19,55,NR,NR,2026-07-20
Assam,Kamrup,39,32,NR,39,79,119,105,106,85,52,75,NR,219,NR,188,203,169,75,219,15,15,38,60,NR,NR,38,NR,45,79,NR,59,104,40,NR,41,40,31,15,55,40,42,2026-07-20
Manipur,Imphal,NR,NR,NR,NR,NR,NR,NR,NR,NR,NR,NR,NR,NR,NR,NR,NR,NR,NR,NR,NR,NR,NR,NR,NR,NR,NR,NR,NR,NR,NR,NR,NR,NR,NR,NR,NR,NR,NR,NR,NR,NR,2026-07-20
Manipur,Chandel,NR,NR,NR,NR,NR,NR,NR,NR,NR,NR,NR,NR,NR,NR,NR,NR,NR,NR,NR,NR,NR,NR,NR,NR,NR,NR,NR,NR,NR,NR,NR,NR,NR,NR,NR,NR,NR,NR,NR,,,2026-07-20
Manipur,Jiribam,NR,NR,NR,NR,NR,NR,NR,NR,NR,NR,NR,NR,NR,NR,NR,NR,NR,NR,NR,NR,NR,NR,NR,NR,NR,NR,NR,NR,NR,NR,NR,NR,NR,NR,NR,NR,NR,NR,NR,NR,NR,2026-07-20
Manipur,Kangpokpi,53,NR,NR,45,100,147,NR,140,100,55,77,NR,NR,NR,176,176,NR,NR,273,15,30,47,100,NR,NR,45,NR,40,97,753,60,96,NR,120,45,52,44,20,50,NR,NR,2026-07-20
Manipur,Senapati,NR,NR,NR,NR,NR,NR,NR,NR,NR,NR,NR,NR,NR,NR,NR,NR,NR,NR,NR,NR,NR,NR,NR,NR,NR,NR,NR,NR,NR,NR,NR,NR,NR,NR,NR,NR,NR,NR,NR,NR,NR,2026-07-20
Manipur,Tamenglong,NR,NR,NR,NR,NR,NR,NR,NR,NR,NR,NR,NR,NR,NR,NR,NR,NR,NR,NR,NR,NR,NR,NR,NR,NR,NR,NR,NR,NR,NR,NR,NR,NR,NR,NR,NR,NR,NR,NR,,,2026-07-20
Manipur,Thoubal,NR,NR,NR,NR,NR,NR,NR,NR,NR,NR,NR,NR,NR,NR,NR,NR,NR,NR,NR,NR,NR,NR,NR,NR,NR,NR,NR,NR,NR,NR,NR,NR,NR,NR,NR,NR,NR,NR,NR,NR,NR,2026-07-20
Manipur,Ukhrul,NR,NR,NR,NR,NR,NR,NR,NR,NR,NR,NR,NR,NR,NR,NR,NR,NR,NR,NR,NR,NR,NR,NR,NR,NR,NR,NR,NR,NR,NR,NR,NR,NR,NR,NR,NR,NR,NR,NR,NR,NR,2026-07-20
Manipur,Churachandpur,NR,NR,NR,NR,NR,NR,NR,NR,NR,NR,NR,NR,NR,NR,NR,NR,NR,NR,NR,NR,NR,NR,NR,NR,NR,NR,NR,NR,NR,NR,NR,NR,NR,NR,NR,NR,NR,NR,NR,NR,NR,2026-07-20
Manipur,Kakching,NR,NR,NR,NR,NR,NR,NR,NR,NR,NR,NR,NR,NR,NR,NR,NR,NR,NR,NR,NR,NR,NR,NR,NR,NR,NR,NR,NR,NR,NR,NR,NR,NR,NR,NR,NR,NR,NR,NR,NR,NR,2026-07-20
Meghalaya,Shillong,36,34,40,39,90,130,130,120,90,49,77,NR,187,183,154,NR,NR,70,320,30,20,47,47,NR,NR,40,NR,40,103,791,60,94,57,80,47,55,28,22,87,28,57,2026-07-20
Meghalaya,Tura,35,NR,NR,40,90,140,NR,120,90,50,76,NR,192,NR,167,203,132,80,293,18,23,40,57,NR,NR,40,NR,60,89,692,59,84,60,83,53,53,30,20,70,30,40,2026-07-20
Meghalaya,Jowai,37,NR,39,39,90,NR,NR,120,87,54,77,NR,154,NR,154,NR,NR,80,360,15,20,48,38,NR,NR,39,NR,39,87,681,63,100,50,80,50,40,30,16,90,30,50,2026-07-20
Meghalaya,Sohra,40,NR,42,40,NR,NR,NR,142,90,52,77,NR,165,NR,154,NR,NR,NR,385,30,30,50,60,NR,NR,NR,NR,NR,NR,NR,NR,NR,NR,NR,NR,NR,NR,NR,NR,NR,NR,2026-07-20
Meghalaya,Mairang,39,NR,40,40,NR,NR,NR,120,90,53,77,NR,154,NR,154,NR,NR,NR,380,17,20,50,43,NR,NR,40,NR,40,103,NR,60,120,80,84,50,50,27,17,100,40,60,2026-07-20
Meghalaya,Nongpoh,35,32,NR,39,93,145,NR,122,88,52,76,NR,158,NR,156,NR,NR,70,353,16,20,50,50,NR,NR,39,NR,43,95,703,63,106,50,87,50,57,33,19,73,30,53,2026-07-20
Meghalaya,Khliehriat,43,42,39,39,92,128,NR,115,85,50,76,NR,150,NR,148,NR,NR,NR,313,30,22,47,38,NR,NR,39,NR,44,73,743,59,83,42,77,58,42,32,15,72,25,40,2026-07-20
Meghalaya,Williamnagar,35,NR,40,35,108,148,NR,118,88,50,70,NR,203,NR,174,NR,140,78,318,15,28,39,58,NR,NR,38,NR,62,87,747,57,84,68,80,40,70,20,20,80,20,45,2026-07-20
Meghalaya,Nongstoin,32,NR,41,41,NR,NR,NR,120,95,50,77,NR,165,NR,165,NR,NR,NR,360,15,20,45,50,NR,NR,41,NR,45,97,681,58,94,67,80,54,55,27,16,82,27,47,2026-07-20
Meghalaya,Mawkyrwat,35,NR,40,39,NR,NR,NR,120,85,55,75,NR,165,NR,NR,NR,NR,NR,370,16,20,48,47,NR,NR,40,NR,50,100,709,60,98,67,100,60,50,35,25,63,47,67,2026-07-20
Mizoram,Aizawl,50,50,40,50,103,153,130,133,93,55,83,271,260,256,161,244,152,103,520,30,48,48,78,NR,NR,50,NR,70,90,703,60,100,73,90,100,90,60,40,75,27,52,2026-07-20
Mizoram,Lunglei,NR,NR,NR,NR,NR,NR,NR,NR,NR,NR,NR,NR,NR,NR,NR,NR,NR,NR,NR,NR,NR,NR,NR,NR,NR,NR,NR,NR,NR,NR,NR,NR,NR,NR,NR,NR,NR,NR,NR,NR,NR,2026-07-20
Mizoram,Kolasib,53,45,40,45,95,120,140,140,93,55,80,NR,242,NR,143,203,132,100,483,30,30,40,85,NR,40,45,NR,70,120,725,60,90,60,98,100,80,36,35,50,30,70,2026-07-20
Mizoram,Mamit,45,NR,NR,50,128,NR,NR,128,98,53,80,NR,253,NR,132,121,NR,140,433,30,28,53,100,NR,NR,45,NR,97,127,546,65,90,61,127,50,68,50,34,66,48,50,2026-07-20
Mizoram,Champhai,50,49,50,52,100,130,150,140,108,55,85,NR,238,230,150,NR,NR,120,560,30,35,60,80,NR,NR,48,NR,100,160,745,60,108,48,97,100,80,42,20,80,25,60,2026-07-20
Mizoram,Serchhip,45,NR,NR,49,113,NR,NR,130,100,50,85,NR,264,NR,154,NR,143,100,520,30,30,60,100,NR,NR,55,NR,80,160,633,60,105,53,107,80,90,30,23,60,30,65,2026-07-20
Mizoram,Siaha,NR,NR,NR,NR,NR,NR,NR,NR,NR,NR,NR,NR,NR,NR,NR,NR,NR,NR,NR,NR,NR,NR,NR,NR,NR,NR,NR,NR,NR,NR,NR,NR,NR,NR,NR,NR,NR,NR,NR,NR,NR,2026-07-20
Mizoram,Lawngtlai,50,NR,45,50,100,160,140,140,100,50,80,NR,253,NR,143,NR,132,110,480,30,40,60,120,NR,NR,50,NR,80,140,660,60,100,80,100,NR,90,60,40,100,30,70,2026-07-20
Mizoram,Hnahthial,53,NR,45,50,NR,147,150,133,103,52,84,NR,257,NR,154,NR,NR,120,513,30,32,52,100,NR,NR,50,NR,90,140,659,60,96,65,93,NR,90,50,20,75,28,65,2026-07-20
Mizoram,Khawzawl,48,40,40,52,92,130,137,120,98,55,80,NR,216,145,150,NR,132,143,468,30,45,63,87,NR,NR,52,NR,70,122,619,60,98,58,88,NR,63,58,32,77,48,33,2026-07-20
Mizoram,Saitual,50,NR,45,50,107,NR,140,NR,100,55,80,NR,198,NR,152,NR,NR,120,523,30,27,50,80,NR,NR,50,NR,90,100,NR,58,95,80,100,NR,90,50,23,80,30,70,2026-07-20
Nagaland,Kohima,45,30,45,45,110,157,130,120,90,55,77,NR,154,176,165,NR,NR,NR,350,20,30,50,63,NR,NR,45,NR,90,90,714,60,92,50,80,70,60,50,15,80,35,60,2026-07-20
Nagaland,Dimapur,40,35,43,50,71,160,110,120,90,53,80,209,181,220,198,209,181,80,350,20,26,30,50,NR,NR,45,NR,100,160,769,67,80,36,75,75,80,50,15,80,26,55,2026-07-20
Nagaland,Tuensang,37,NR,40,55,100,NR,NR,120,100,50,NR,NR,176,NR,200,NR,NR,NR,NR,20,25,40,60,NR,NR,52,NR,50,100,NR,58,92,42,100,35,90,50,30,60,35,70,2026-07-20
Nagaland,Mokochung,48,44,NR,60,100,150,140,120,90,50,74,NR,154,170,165,NR,NR,80,340,15,25,50,50,NR,NR,60,NR,70,120,791,60,80,55,100,70,70,40,20,50,20,60,2026-07-20
Nagaland,Chumukedima,40,NR,NR,36,90,140,147,140,90,50,75,NR,255,211,198,209,NR,82,315,18,30,48,55,NR,NR,40,NR,85,123,652,70,115,37,90,NR,82,37,32,58,34,65,2026-07-20
Nagaland,Mon,NR,NR,NR,NR,NR,NR,NR,NR,NR,NR,NR,NR,NR,NR,NR,NR,NR,NR,NR,NR,NR,NR,NR,NR,NR,NR,NR,NR,NR,NR,NR,NR,NR,NR,NR,NR,NR,NR,NR,NR,NR,2026-07-20
Nagaland,Peren,39,30,45,45,90,NR,NR,120,100,50,70,NR,154,NR,165,NR,NR,120,320,20,25,55,60,NR,NR,55,NR,70,113,651,60,96,37,80,40,70,47,20,88,27,40,2026-07-20
Nagaland,Phek,40,NR,50,50,100,150,140,130,100,50,72,NR,163,NR,165,NR,NR,80,350,20,NR,50,57,NR,NR,50,NR,100,100,630,68,NR,60,100,60,63,56,30,40,20,50,2026-07-20
Nagaland,Tseminyu,50,40,NR,57,NR,NR,NR,137,97,55,70,NR,150,NR,152,NR,NR,NR,380,15,28,48,61,NR,NR,53,NR,80,90,714,60,95,50,NR,NR,90,42,19,NR,20,62,2026-07-20
Nagaland,Wokha,52,NR,NR,68,97,NR,NR,120,97,50,74,NR,158,NR,158,NR,NR,NR,300,15,30,40,60,NR,NR,70,NR,80,100,758,60,84,50,100,60,65,40,15,70,25,60,2026-07-20
Nagaland,Zunheboto,55,39,NR,50,NR,163,NR,110,90,45,75,NR,NR,NR,NR,NR,NR,60,240,18,NR,NR,67,NR,NR,55,NR,75,NR,703,NR,82,60,120,30,70,40,25,60,33,58,2026-07-20
Nagaland,Kiphire,38,35,NR,60,120,155,140,120,90,55,70,NR,154,NR,165,NR,NR,75,345,18,20,35,70,NR,NR,45,NR,85,95,648,65,85,58,90,80,75,55,15,40,20,70,2026-07-20
Nagaland,Longleng,NR,NR,NR,NR,NR,NR,NR,NR,NR,NR,NR,NR,NR,NR,NR,NR,NR,NR,NR,NR,NR,NR,NR,NR,NR,NR,NR,NR,NR,NR,NR,NR,NR,NR,NR,NR,NR,NR,NR,NR,NR,2026-07-20
Nagaland,Niuland,40,28,NR,50,NR,130,120,120,90,50,65,NR,154,NR,165,NR,NR,NR,325,15,20,40,50,NR,NR,45,NR,70,95,NR,60,90,30,NR,40,50,35,15,30,25,45,2026-07-20
Nagaland,Shamator,44,NR,50,60,100,NR,NR,130,100,60,78,NR,165,NR,176,NR,NR,80,320,20,25,60,70,NR,NR,60,NR,70,120,692,60,98,40,100,NR,95,32,20,50,25,60,2026-07-20
Nagaland,Noklak,40,NR,50,65,120,NR,NR,140,100,55,80,NR,165,NR,165,NR,NR,80,NR,20,25,52,70,NR,NR,60,NR,80,130,769,59,99,50,100,62,70,35,20,50,20,90,2026-07-20
Sikkim,Gangtok,45,NR,40,40,93,NR,NR,123,95,55,70,NR,220,143,137,209,NR,67,300,20,25,45,50,NR,NR,47,NR,60,110,769,60,108,60,100,50,53,30,23,60,30,50,2026-07-20
Sikkim,Gyalshing,45,NR,38,40,90,NR,NR,120,90,55,70,NR,220,143,176,198,NR,60,300,20,20,40,50,NR,NR,40,NR,70,110,651,60,96,60,100,50,40,28,23,60,25,50,2026-07-20
Sikkim,Namchi,45,NR,40,42,100,NR,NR,120,100,52,70,NR,220,154,143,198,NR,65,360,23,25,40,50,NR,NR,45,NR,80,120,714,58,108,70,90,50,53,30,20,70,20,50,2026-07-20
Sikkim,Soreng,45,NR,40,40,90,NR,NR,120,100,55,70,NR,220,154,165,NR,NR,60,200,20,25,40,60,NR,NR,40,40,70,110,714,62,108,80,100,35,40,20,20,70,20,50,2026-07-20
Sikkim,Mangan,45,NR,38,40,100,NR,NR,130,90,55,70,NR,220,154,170,NR,NR,60,460,20,25,40,60,NR,NR,40,NR,70,120,703,62,108,60,90,42,50,30,23,70,25,50,2026-07-20
Sikkim,Pakyong,45,NR,40,40,110,NR,NR,130,95,55,70,NR,209,148,165,198,NR,NR,300,24,20,40,60,NR,NR,45,NR,70,120,651,58,108,80,90,50,60,30,23,80,25,50,2026-07-20
Tripura,Agartala,38,40,NR,40,82,129,123,91,130,55,78,NR,208,176,189,199,163,71,243,10,20,39,60,NR,NR,40,NR,47,82,736,68,100,50,92,51,32,31,15,78,30,39,2026-07-20
Tripura,Dharmanagar,38,40,NR,42,87,127,123,97,134,55,75,NR,204,NR,192,NR,174,80,243,15,21,38,53,NR,NR,44,NR,50,92,710,63,95,43,90,45,42,28,15,80,30,40,2026-07-20
Tripura,Belonia,37,44,NR,40,83,130,125,98,140,58,80,NR,209,178,179,201,164,80,247,13,21,40,63,NR,NR,41,NR,50,85,740,68,105,56,95,52,33,33,17,85,32,40,2026-07-20
Tripura,TR-Udaipur,40,42,NR,42,85,130,124,95,132,58,80,NR,209,179,192,201,164,73,245,10,24,42,63,NR,NR,45,NR,50,82,751,66,92,54,94,52,35,32,16,77,37,40,2026-07-20
Tripura,Ambassa,39,41,NR,40,84,129,124,94,131,56,80,NR,208,178,191,200,164,77,245,10,20,41,60,NR,NR,43,NR,50,88,769,70,104,48,97,53,41,31,15,55,33,42,2026-07-20
SOUTH ZONE,SOUTH ZONE,,,,,,,,,,,,,,,,,,,,,,,,,,,,,,,,,,,,,,,,,,2026-07-20
Andhra Pradesh,Vijaywada,46,33,43,45,81,133,135,104,85,48,54,203,156,147,NR,200,148,55,297,15,25,33,23,45,45,42,55,45,95,604,58,90,55,92,30,40,24,19,55,65,85,2026-07-20
Andhra Pradesh,Visakhapatnam,56,30,43,45,86,126,132,111,85,48,60,197,193,152,NR,189,159,65,260,17,20,38,27,40,45,45,45,45,90,725,60,89,35,88,35,37,28,15,50,43,40,2026-07-20
Andhra Pradesh,Kurnool,54,37,41,45,79,117,111,109,89,45,60,192,199,137,130,190,136,55,323,17,31,35,23,37,39,43,49,41,93,751,61,93,23,86,36,38,23,13,29,33,48,2026-07-20
Andhra Pradesh,Tirupathi,50,32,44,45,83,108,105,109,90,43,58,172,183,134,168,162,124,61,308,20,32,36,24,39,43,41,43,45,87,641,55,71,44,85,34,40,20,17,48,31,33,2026-07-20
Andhra Pradesh,Jammalamadugu,NR,NR,NR,NR,NR,NR,NR,NR,NR,NR,NR,NR,NR,NR,NR,NR,NR,NR,NR,NR,NR,NR,NR,NR,NR,NR,NR,NR,NR,NR,NR,NR,NR,NR,NR,NR,NR,NR,NR,,,2026-07-20
Andhra Pradesh,Dharmavaram,NR,NR,NR,NR,NR,NR,NR,NR,NR,NR,NR,NR,NR,NR,NR,NR,NR,NR,NR,NR,NR,NR,NR,NR,NR,NR,NR,NR,NR,NR,NR,NR,NR,NR,NR,NR,NR,NR,NR,,,2026-07-20
Andhra Pradesh,Ongole,53,31,43,45,82,119,117,109,89,46,58,183,186,143,NR,183,141,57,300,16,35,30,25,38,42,42,46,44,85,718,62,81,35,81,33,38,22,17,51,29,35,2026-07-20
Andhra Pradesh,Bapatla,48,29,43,43,83,111,120,106,85,45,58,189,NR,NR,NR,187,141,52,287,15,31,26,30,33,42,41,45,43,90,763,59,72,31,82,30,35,22,16,50,23,32,2026-07-20
Andhra Pradesh,Rajahmundry,49,35,44,46,81,116,108,106,85,46,60,192,210,131,NR,189,137,54,207,16,20,32,25,41,42,44,46,44,89,578,60,75,37,85,43,31,23,12,35,25,39,2026-07-20
Andhra Pradesh,Eluru,53,38,43,44,78,120,110,110,87,48,61,196,215,144,164,191,144,56,207,21,29,38,32,37,44,40,53,44,85,824,58,70,43,82,30,34,26,19,31,30,49,2026-07-20
Andhra Pradesh,Guntur,47,30,42,45,80,115,120,109,87,46,58,187,187,135,NR,181,137,52,210,12,21,25,27,35,38,40,44,43,83,585,52,65,29,77,30,32,20,14,29,23,34,2026-07-20
Andhra Pradesh,Amalapuram,NR,34,45,45,88,122,NR,117,86,46,65,219,218,145,158,197,148,57,295,24,25,40,29,31,32,45,46,48,89,680,60,84,48,89,36,39,28,19,48,33,30,2026-07-20
Andhra Pradesh,Nandyala,61,40,43,39,82,122,122,107,88,49,61,197,219,148,154,193,148,59,277,15,35,27,19,34,39,39,51,43,83,743,64,92,34,90,49,38,30,18,26,21,52,2026-07-20
Andhra Pradesh,Parvathipuram,52,40,45,46,84,116,120,109,91,48,60,185,196,148,NR,193,137,58,279,21,21,31,29,41,42,45,45,46,86,704,60,82,31,84,34,35,22,19,36,45,38,2026-07-20
Andhra Pradesh,Sri Sathya Sai,45,28,41,41,78,113,106,104,89,45,59,201,198,137,157,187,143,55,320,15,31,20,34,35,41,41,47,43,88,663,58,75,30,83,32,35,20,15,52,25,33,2026-07-20
Andhra Pradesh,Nellore,49,35,40,43,82,115,115,105,108,45,58,192,203,159,NR,192,159,55,260,19,32,35,28,35,40,45,49,43,80,815,60,73,29,81,35,37,21,16,35,20,30,2026-07-20
Andhra Pradesh,Srikakulam,49,30,38,45,82,120,118,107,84,45,56,199,205,136,155,165,136,60,331,11,22,35,26,NR,NR,47,50,54,89,673,55,71,45,89,45,40,27,17,55,44,44,2026-07-20
Andhra Pradesh,Vizianagaram,49,39,40,43,80,114,117,106,87,49,60,178,190,144,NR,188,134,55,275,19,23,25,30,37,38,43,42,43,85,659,60,68,30,80,34,32,22,17,31,24,36,2026-07-20
Andhra Pradesh,Anakapalli,60,35,40,45,82,120,130,110,85,50,69,203,211,153,NR,203,143,52,247,19,25,30,35,40,42,40,40,40,113,714,60,72,40,73,34,33,23,17,47,20,29,2026-07-20
Andhra Pradesh,Bhimavaram,51,35,40,41,83,120,111,105,86,45,60,192,203,146,150,186,141,55,285,19,25,34,29,34,40,44,45,44,88,791,54,79,48,88,38,38,22,18,35,33,37,2026-07-20
Andhra Pradesh,Chittoor,50,35,45,47,85,105,110,110,95,45,55,181,198,154,NR,170,132,60,345,15,42,35,12,36,38,50,50,55,110,681,65,75,55,80,30,30,20,15,42,55,45,2026-07-20
Andhra Pradesh,Kakinada,47,35,42,41,79,116,113,107,86,44,62,193,213,145,NR,195,140,55,294,18,30,34,29,37,40,43,44,44,92,640,63,70,38,84,33,37,21,15,51,25,30,2026-07-20
Andhra Pradesh,Machilipatnam,51,30,43,45,84,115,100,107,88,44,63,169,176,133,168,169,114,52,338,15,22,34,25,32,43,44,42,44,90,743,61,58,30,85,31,30,19,12,24,50,45,2026-07-20
Andhra Pradesh,Narasaraopeta,45,30,44,44,85,102,104,104,84,45,62,161,188,162,168,174,119,50,266,18,33,22,32,33,43,43,44,42,92,772,49,74,34,83,32,33,20,18,50,27,42,2026-07-20
Andhra Pradesh,Paderu,60,30,40,45,83,120,113,107,85,50,60,194,194,143,NR,200,132,53,300,19,28,30,33,NR,NR,43,47,43,90,703,62,72,38,80,33,35,19,13,52,25,40,2026-07-20
Andhra Pradesh,Rayachoti,NR,NR,NR,NR,NR,NR,NR,NR,NR,NR,NR,NR,NR,NR,NR,NR,NR,NR,NR,NR,NR,NR,NR,NR,NR,NR,NR,NR,NR,NR,NR,NR,NR,NR,NR,NR,NR,NR,NR,NR,NR,2026-07-20
Andhra Pradesh,Anantapuramu,45,30,40,45,80,112,108,108,87,45,60,200,198,137,157,188,144,56,312,18,34,32,27,33,39,41,49,46,84,659,57,84,28,85,39,37,27,16,50,31,45,2026-07-20
Andhra Pradesh,YSR Kadapa,48,30,42,41,81,104,102,107,87,44,61,182,197,148,170,181,134,56,301,19,30,25,30,38,40,42,48,42,91,743,62,69,30,83,29,36,20,17,39,28,30,2026-07-20
Andhra Pradesh,Madanapalle,67,40,40,44,92,119,128,109,92,49,71,167,200,167,172,192,NR,57,250,22,40,33,28,34,39,46,43,51,92,787,50,75,41,79,52,36,32,20,57,47,77,2026-07-20
Andhra Pradesh,Markapuram,50,30,40,41,81,120,117,105,90,45,67,200,182,144,NR,194,148,54,327,19,28,25,34,33,40,42,42,42,88,701,62,74,35,82,39,38,24,16,49,34,40,2026-07-20
Karnataka,Bengaluru,62,36,45,43,87,127,135,112,89,48,51,193,216,152,158,191,159,55,240,18,28,39,18,39,41,41,51,46,90,732,59,85,53,77,42,35,30,16,47,25,33,2026-07-20
Karnataka,Dharwad,52,34,42,44,84,124,126,112,88,46,54,196,193,145,146,191,152,48,268,20,28,33,28,46,50,46,48,46,86,769,56,91,55,78,34,43,33,15,40,28,38,2026-07-20
Karnataka,Mangalore,54,35,43,44,84,120,129,111,88,46,56,209,197,150,170,188,154,58,199,20,29,29,30,39,55,45,48,47,88,747,59,81,46,83,35,37,28,17,57,27,38,2026-07-20
Karnataka,Mysore,61,36,41,50,83,122,130,108,79,46,48,208,213,178,170,192,156,59,285,20,28,33,25,52,55,40,55,39,79,721,60,91,47,95,48,34,36,21,57,43,34,2026-07-20
Karnataka,Bengaluru (East Range),59,38,42,46,87,124,125,118,87,51,50,202,223,153,167,196,159,57,262,20,32,37,19,42,44,43,51,48,92,736,60,94,60,82,39,41,28,18,50,30,48,2026-07-20
Karnataka,Belagavi,53,36,42,43,83,119,119,107,86,49,54,203,192,138,173,195,151,49,258,21,27,29,26,50,53,41,45,43,84,769,56,84,40,80,34,59,24,14,41,29,30,2026-07-20
Karnataka,Kalaburagi,56,35,44,42,84,120,121,117,90,48,54,198,193,163,136,187,154,55,211,20,25,35,22,40,45,46,49,45,95,714,60,96,70,74,40,60,30,18,60,35,45,2026-07-20
Karnataka,Tumakuru,60,35,43,44,88,126,128,116,94,49,55,203,213,146,159,187,144,53,232,21,29,37,24,49,50,47,50,47,82,729,60,94,46,88,45,44,32,19,50,31,42,2026-07-20
Karnataka,Bellary,55,33,45,42,87,122,121,108,88,46,54,216,203,157,150,182,161,58,281,19,27,28,18,40,42,40,47,43,97,740,56,82,41,77,36,36,30,18,50,31,29,2026-07-20
Karnataka,Dhavanagere,60,36,44,50,85,118,117,110,87,48,53,203,208,153,148,196,156,57,297,24,30,36,20,41,56,43,52,45,87,765,58,89,41,74,37,42,24,16,40,25,35,2026-07-20
Karnataka,Shivamogga,56,37,43,46,88,120,122,112,90,46,54,200,208,145,148,195,148,54,245,21,26,30,23,48,52,47,49,48,92,745,59,90,40,86,36,41,28,15,40,28,36,2026-07-20
Karnataka,Vijayapur,56,38,45,44,85,125,126,122,83,48,56,218,214,148,178,187,141,53,244,21,26,25,25,40,43,42,50,43,82,770,64,87,41,95,39,42,38,15,52,40,46,2026-07-20
Karnataka,Ramanagara,55,34,42,45,88,120,118,108,92,48,55,211,216,139,142,192,148,50,213,19,28,31,25,42,44,47,47,43,90,745,62,90,40,90,34,50,24,16,53,33,32,2026-07-20
Karnataka,Raichur,56,33,44,42,83,122,125,115,83,45,54,200,200,175,170,188,141,55,209,16,25,26,30,47,49,45,45,45,94,721,56,80,43,92,40,48,39,17,43,26,27,2026-07-20
Karnataka,Chamarajanagar,57,35,42,45,83,125,125,106,96,46,48,215,208,152,122,192,143,54,198,18,28,33,26,50,56,52,50,54,90,714,60,91,46,94,39,63,42,19,65,43,38,2026-07-20
Karnataka,Kolar,60,30,47,46,90,125,127,118,94,49,52,224,213,164,169,197,160,58,259,20,25,28,15,39,42,48,43,49,97,713,60,84,46,85,36,42,31,15,40,46,51,2026-07-20
Karnataka,Haveri,59,35,45,45,85,120,125,110,90,50,55,200,198,159,165,192,143,52,247,19,25,35,20,45,55,45,50,45,90,758,60,90,40,80,42,45,30,15,50,35,40,2026-07-20
Karnataka,Bagalkot,54,38,44,42,85,118,118,115,92,46,56,206,196,145,165,186,153,50,245,20,28,29,28,49,46,44,52,43,90,756,58,88,48,80,35,37,35,18,58,26,30,2026-07-20
Karnataka,Bidar,59,37,41,41,83,119,121,114,84,45,53,198,198,138,158,183,162,57,275,19,28,35,28,41,48,41,48,41,87,798,61,93,53,87,38,38,33,17,52,53,57,2026-07-20
Karnataka,Koppal,56,36,43,44,84,120,125,112,91,45,52,200,194,152,159,192,153,52,247,19,30,30,15,39,45,42,49,44,90,738,58,85,39,90,37,39,26,17,54,29,29,2026-07-20
Karnataka,Mandya,60,36,44,47,85,119,125,120,97,51,52,218,231,144,170,190,155,55,241,20,25,35,17,46,47,42,47,44,95,714,56,98,40,81,40,36,30,15,50,35,40,2026-07-20
Karnataka,Yadgir,55,35,44,45,86,121,121,110,87,46,54,203,203,170,165,192,159,51,210,17,25,30,25,44,52,46,46,45,96,769,58,82,43,75,35,38,28,19,48,30,45,2026-07-20
Karnataka,Chikkamagalur,55,36,43,46,86,120,124,112,89,46,53,204,199,153,157,192,148,55,218,19,27,35,20,44,46,47,48,46,94,719,60,90,43,85,36,43,25,16,45,43,40,2026-07-20
Karnataka,Bangalore Rural,58,36,43,49,88,119,123,107,87,47,50,212,192,138,152,186,145,56,254,18,27,35,20,49,45,45,46,48,94,718,57,90,40,81,36,50,26,18,40,31,41,2026-07-20
Karnataka,Chikkaballapur,55,33,45,45,87,119,122,110,88,45,52,218,208,160,169,194,156,54,292,20,28,32,22,45,44,44,45,43,97,740,59,82,41,85,39,41,25,15,40,32,44,2026-07-20
Karnataka,Chitradurga,60,36,44,50,85,120,118,110,87,46,53,201,208,147,149,187,154,56,280,18,25,25,20,42,52,42,52,45,86,764,58,86,42,76,37,42,24,16,50,26,33,2026-07-20
Karnataka,Gadag,57,36,44,46,86,118,128,115,89,48,53,212,192,142,139,184,147,51,237,21,26,37,25,39,44,46,49,46,88,719,61,84,58,86,38,37,40,18,41,29,34,2026-07-20
Karnataka,Hassan,52,36,44,48,86,121,127,109,96,46,54,223,199,151,153,195,159,56,245,21,24,37,19,46,46,47,46,47,91,727,60,94,39,79,38,39,28,13,39,46,39,2026-07-20
Karnataka,Kodagu,54,35,44,46,87,120,123,113,89,46,54,206,197,149,155,190,150,55,249,19,27,34,26,42,45,45,47,46,93,746,59,94,49,82,36,39,27,16,53,26,43,2026-07-20
Karnataka,Udupi,57,38,46,47,83,119,124,111,94,48,48,220,210,166,177,186,158,55,221,19,30,35,30,44,43,48,47,47,92,721,62,86,55,80,40,55,37,19,61,34,35,2026-07-20
Karnataka,Uttara Kannada,56,36,45,43,88,121,129,119,96,48,48,218,194,170,175,191,148,57,280,22,31,35,29,46,52,43,49,44,97,769,58,90,56,96,43,39,41,19,43,43,47,2026-07-20
Karnataka,Vijayanagara,56,37,42,43,83,119,122,116,93,45,52,197,207,142,NR,190,142,50,220,18,25,33,18,40,49,47,48,45,95,729,59,88,40,86,37,38,37,15,48,27,30,2026-07-20
Kerala,T.Puram,60,53,41,44,95,135,143,125,90,50,56,308,242,198,144,198,148,73,260,14,38,39,40,46,55,48,54,45,95,NR,61,90,55,90,48,45,35,17,55,57,60,2026-07-20
Kerala,Ernakulam,50,60,40,44,102,138,130,135,93,52,60,240,236,200,NR,205,170,68,225,15,40,40,37,45,60,48,60,NR,117,786,71,93,43,80,55,40,32,18,50,57,57,2026-07-20
Kerala,Kozhikode,47,55,50,44,110,140,145,137,97,52,56,NR,220,165,NR,198,170,62,237,15,27,35,24,NR,NR,44,52,47,107,747,NR,95,57,82,46,36,28,16,57,NR,57,2026-07-20
Kerala,Thrissur,54,52,48,49,96,139,130,135,85,49,57,NR,263,216,NR,200,172,69,297,17,43,37,34,53,57,51,61,57,116,730,58,94,54,84,42,47,29,15,70,43,52,2026-07-20
Kerala,Palakkad,43,39,48,43,89,129,143,116,86,52,54,234,216,192,NR,193,168,55,223,13,36,36,23,53,50,47,51,46,94,707,58,92,33,84,50,40,32,15,56,49,45,2026-07-20
Kerala,Wayanad,48,57,52,45,116,142,148,143,114,52,57,271,242,201,NR,215,188,59,239,17,32,37,27,NR,NR,48,68,49,118,793,67,98,45,85,49,45,30,17,44,53,65,2026-07-20
Kerala,Kasargod,50,58,50,60,113,139,136,137,111,46,66,NR,NR,218,NR,197,159,54,275,15,26,33,26,NR,NR,46,56,46,107,780,56,88,40,79,42,40,39,17,52,40,49,2026-07-20
Kerala,Kottayam,57,52,44,51,99,142,120,103,99,50,58,NR,226,203,NR,195,163,68,233,16,33,38,36,NR,NR,52,55,52,112,727,61,94,46,81,47,39,35,15,47,52,53,2026-07-20
Kerala,Pathanamthitta,62,58,43,46,104,135,120,129,94,49,57,NR,231,247,NR,206,205,75,260,15,38,42,47,NR,NR,51,58,NR,140,790,60,94,60,80,54,44,45,18,70,67,63,2026-07-20
Kerala,Alapuzha,48,59,50,71,116,144,137,143,125,49,52,NR,NR,191,NR,204,168,66,233,16,45,36,39,NR,NR,52,71,66,NR,766,62,96,55,96,54,40,30,NR,56,40,52,2026-07-20
Kerala,Kollam,48,52,45,44,93,128,128,127,90,48,56,NR,242,228,NR,202,202,65,228,15,37,43,43,65,62,48,56,55,90,673,61,91,57,107,50,41,20,15,58,60,60,2026-07-20
Kerala,Idukki,58,55,44,45,93,137,NR,120,90,49,70,NR,225,210,NR,203,176,68,233,13,40,38,50,NR,NR,48,58,44,107,751,62,95,54,80,54,40,32,15,55,65,57,2026-07-20
Kerala,Kannur,53,56,49,51,106,143,148,146,100,51,60,NR,NR,213,NR,198,172,60,266,19,30,39,25,45,45,44,53,51,117,NR,58,86,60,81,48,42,35,19,60,40,65,2026-07-20
Kerala,Malapuram,49,55,50,43,90,132,133,120,103,48,58,270,231,194,NR,208,169,55,NR,13,30,40,26,50,50,46,51,47,103,747,59,98,43,80,44,37,28,14,50,62,53,2026-07-20
Puducherry,Puducherry,NR,NR,NR,NR,NR,NR,NR,NR,NR,NR,NR,NR,NR,NR,NR,NR,NR,NR,NR,NR,NR,NR,NR,NR,NR,NR,NR,NR,NR,NR,NR,NR,NR,NR,NR,NR,NR,NR,NR,NR,NR,2026-07-20
Tamil Nadu,Chennai,60,38,43,42,85,135,137,112,84,52,40,212,238,174,NR,192,166,68,288,30,40,40,33,42,52,47,52,49,90,923,60,100,73,81,50,38,31,14,60,60,58,2026-07-20
Tamil Nadu,Madurai,58,37,47,68,87,137,124,106,92,48,45,227,206,194,NR,197,174,64,263,30,35,43,20,36,39,56,48,51,112,759,67,92,47,87,37,43,26,14,43,69,37,2026-07-20
Tamil Nadu,Dindigul,NR,NR,NR,NR,NR,NR,NR,NR,NR,NR,NR,NR,NR,NR,NR,NR,NR,NR,NR,NR,NR,NR,NR,NR,NR,NR,NR,NR,NR,NR,NR,NR,NR,NR,NR,NR,NR,NR,NR,NR,NR,2026-07-20
Tamil Nadu,Thiruchirapalli,65,36,50,54,100,141,138,128,101,50,47,232,242,190,NR,197,150,70,305,30,37,41,26,44,56,55,55,57,113,792,69,86,65,96,47,36,36,17,49,36,49,2026-07-20
Tamil Nadu,Coimbatore,57,37,44,44,89,128,132,107,81,49,40,234,200,175,NR,190,161,61,280,27,43,39,27,40,53,49,53,52,109,801,60,93,53,85,54,33,30,15,53,51,53,2026-07-20
Tamil Nadu,Tirunelveli,47,35,48,54,94,128,132,118,84,47,44,247,209,176,NR,189,149,58,267,27,31,37,25,42,47,54,52,53,101,783,70,91,62,86,42,35,31,14,43,45,46,2026-07-20
Tamil Nadu,Cuddalore,56,38,49,43,88,135,130,121,112,45,50,193,198,187,NR,192,143,60,293,27,36,40,20,44,57,49,52,50,96,691,58,86,60,82,41,33,27,14,42,49,40,2026-07-20
Tamil Nadu,Dharmapuri,55,32,44,42,80,132,132,103,82,49,44,220,NR,143,NR,192,156,52,275,26,30,38,23,36,48,48,45,46,110,690,80,90,42,82,45,32,26,14,35,58,53,2026-07-20
Tamil Nadu,Vellore,NR,NR,NR,NR,NR,NR,NR,NR,NR,NR,NR,NR,NR,NR,NR,NR,NR,NR,NR,NR,NR,NR,NR,NR,NR,NR,NR,NR,NR,NR,NR,NR,NR,NR,NR,NR,NR,NR,NR,NR,NR,2026-07-20
Tamil Nadu,Ramanathapuram,61,37,41,67,79,121,135,106,89,49,44,225,NR,182,NR,193,171,57,284,31,51,45,35,45,46,56,50,57,117,773,74,93,59,84,54,31,31,13,50,56,35,2026-07-20
Tamil Nadu,Erode,56,41,49,44,85,127,136,109,81,49,44,220,220,177,NR,197,176,56,440,29,41,41,22,38,56,52,56,55,109,766,67,93,39,82,45,30,27,15,26,51,44,2026-07-20
Tamil Nadu,Karur,57,35,54,67,93,135,147,108,87,52,47,236,210,175,NR,192,154,67,297,17,37,39,27,40,46,56,52,59,104,725,65,90,57,96,45,43,28,23,66,48,48,2026-07-20
Tamil Nadu,Perambalur,49,41,NR,68,92,131,142,113,87,51,43,233,211,189,NR,199,167,63,NR,29,32,46,32,42,60,59,57,65,121,747,60,88,58,90,45,37,27,14,56,51,49,2026-07-20
Tamil Nadu,Pudukkottai,58,41,45,66,90,128,140,115,NR,52,40,268,NR,184,NR,195,154,60,698,29,40,40,30,41,57,56,55,52,111,876,66,90,50,98,50,38,29,14,55,55,55,2026-07-20
Tamil Nadu,Sivagangai,55,40,45,68,96,134,140,121,92,53,44,252,NR,219,NR,198,170,57,292,29,40,50,30,39,58,58,55,61,120,765,85,90,73,82,49,37,29,15,63,53,36,2026-07-20
Tamil Nadu,Thanjavur,55,39,48,50,90,134,134,120,95,48,44,225,242,184,NR,194,151,58,300,27,32,31,27,39,55,48,55,49,126,894,77,100,57,90,49,39,31,14,52,61,43,2026-07-20
Tamil Nadu,The nilgiris,59,45,48,52,103,133,143,130,93,55,54,233,238,168,NR,196,156,64,213,32,60,37,25,47,50,52,53,53,82,808,72,93,50,95,27,72,39,30,55,35,54,2026-07-20
Tamil Nadu,Thoothukudi,52,38,43,65,85,125,147,110,85,52,46,231,219,181,NR,193,165,58,320,10,30,40,25,35,50,60,55,62,110,868,61,96,55,87,48,37,30,13,45,50,50,2026-07-20
Tamil Nadu,Viluppuram,NR,NR,NR,NR,NR,NR,NR,NR,NR,NR,NR,NR,NR,NR,NR,NR,NR,NR,NR,NR,32,37,17,NR,NR,NR,NR,NR,NR,NR,NR,NR,NR,NR,NR,NR,NR,NR,NR,NR,NR,2026-07-20
Tamil Nadu,Virudhunagar,62,39,49,67,81,122,128,105,76,48,45,249,239,183,NR,197,172,61,293,28,42,47,28,37,53,53,55,53,107,729,57,85,33,81,41,32,20,13,62,52,24,2026-07-20
Tamil Nadu,Kanniyakumari,60,39,37,53,80,123,125,107,76,48,41,225,216,191,NR,197,166,57,258,25,31,39,23,34,40,37,52,40,103,769,60,92,50,84,40,31,28,13,35,50,49,2026-07-20
Tamil Nadu,Namakkal,65,41,47,63,90,128,149,117,90,51,44,198,215,167,NR,195,159,56,NR,26,35,40,26,41,40,51,49,47,113,664,71,88,60,82,54,39,31,12,60,60,60,2026-07-20
Tamil Nadu,Tiruvannamalai,55,39,45,48,85,139,128,118,88,48,43,225,201,172,NR,196,162,60,310,27,37,47,19,44,58,47,51,56,113,839,62,93,62,89,39,47,29,13,55,58,48,2026-07-20
Tamil Nadu,Tiruvarur,62,30,48,65,89,124,119,119,NR,44,44,242,186,187,NR,175,140,53,NR,20,35,50,20,46,51,48,51,62,122,714,65,78,55,90,39,49,18,20,45,24,25,2026-07-20
Tamil Nadu,Tiruppur,58,36,48,54,102,142,139,121,83,50,43,236,224,171,NR,194,157,59,265,28,32,42,23,44,54,60,55,59,95,725,60,82,32,83,47,41,22,18,57,47,28,2026-07-20
Tamil Nadu,Tenkasi,56,40,46,59,80,126,134,111,NR,49,46,233,NR,166,NR,191,163,60,275,30,35,40,30,36,52,56,58,55,98,813,64,90,60,88,44,41,28,13,49,55,40,2026-07-20
Tamil Nadu,Nagapattinam,57,40,50,67,97,130,128,125,101,47,44,231,240,178,NR,193,156,56,NR,25,35,40,23,48,50,49,53,51,117,875,64,102,55,94,43,50,34,15,57,60,37,2026-07-20
Tamil Nadu,Krishnagiri,55,36,47,41,88,130,129,117,90,50,44,208,202,155,NR,192,167,59,315,28,30,35,21,38,40,43,48,45,100,615,50,90,67,96,40,40,29,12,53,62,52,2026-07-20
Tamil Nadu,Ariyalur,55,36,34,65,90,125,125,108,90,47,44,240,209,172,NR,188,163,60,293,26,35,35,35,45,45,52,55,52,108,835,65,75,35,90,39,49,25,14,52,43,36,2026-07-20
Tamil Nadu,Kallakurichi,57,40,49,67,91,133,125,116,88,50,45,242,222,176,NR,197,164,58,NR,30,32,40,17,38,50,50,47,50,115,929,85,91,47,87,54,34,33,14,43,52,51,2026-07-20
Tamil Nadu,Kancheepuram,59,40,51,67,90,141,145,121,95,46,44,210,203,185,NR,192,154,72,NR,28,40,40,20,41,56,52,53,55,102,780,55,90,58,91,52,40,30,14,45,53,40,2026-07-20
Tamil Nadu,Salem,55,NR,48,48,95,128,121,133,99,44,45,212,NR,176,NR,174,152,48,280,NR,39,29,41,45,53,45,55,48,83,714,70,68,41,83,42,38,25,16,45,27,32,2026-07-20
Tamil Nadu,Theni,58,37,47,61,89,125,127,110,85,47,45,224,219,165,NR,176,150,55,288,27,29,36,24,40,62,50,58,52,93,791,70,87,48,91,46,32,26,12,52,52,37,2026-07-20
Tamil Nadu,Chengalpattu,68,37,46,54,95,123,120,128,90,46,44,210,205,175,NR,164,139,64,NR,28,37,47,32,41,49,51,47,53,113,784,52,86,67,85,31,40,19,13,43,19,30,2026-07-20
Tamil Nadu,Mayiladuthurai,60,40,50,65,98,137,117,113,NR,50,44,201,220,198,NR,194,146,60,340,27,33,35,25,45,45,46,55,63,113,857,70,96,60,92,35,42,25,14,60,50,NR,2026-07-20
Tamil Nadu,Ranipet,NR,NR,NR,NR,NR,NR,NR,NR,NR,NR,NR,NR,NR,NR,NR,NR,NR,NR,NR,NR,NR,NR,NR,NR,NR,NR,NR,NR,NR,NR,NR,NR,NR,NR,NR,NR,NR,NR,NR,NR,NR,2026-07-20
Tamil Nadu,Tirupattur,61,39,43,46,84,121,119,119,89,45,40,216,236,172,NR,194,148,59,310,29,30,37,20,34,38,42,35,45,92,769,65,81,53,86,35,37,24,15,52,48,57,2026-07-20
Tamil Nadu,Tiruvallur,57,38,44,66,87,129,122,119,92,44,40,218,208,169,NR,192,156,65,298,27,40,40,24,36,59,55,52,59,99,762,60,90,60,82,31,41,22,13,55,45,37,2026-07-20
Telangana,Hyderabad,60,42,41,43,82,114,123,107,80,43,63,191,196,148,179,191,147,62,250,20,28,28,27,34,64,44,50,44,90,624,60,84,40,80,45,31,23,16,50,25,42,2026-07-20
Telangana,Karimnagar,54,NR,43,50,81,123,126,110,85,43,63,196,205,152,NR,191,152,57,297,25,28,34,27,45,46,44,54,43,94,648,58,89,45,106,37,36,24,15,45,31,42,2026-07-20
Telangana,Warangal,54,NR,42,49,80,122,126,108,86,44,65,198,209,136,143,198,150,58,275,18,28,32,30,37,41,41,54,41,85,560,60,78,40,117,45,35,25,14,40,26,47,2026-07-20
Telangana,Adilabad,58,NR,44,47,96,121,120,113,93,45,90,189,187,182,184,189,147,63,290,29,25,35,30,38,45,43,49,40,79,732,59,84,48,103,49,39,24,15,45,22,42,2026-07-20
Telangana,Suryapet,50,NR,42,46,87,122,125,110,98,44,65,192,188,181,185,197,142,63,265,22,25,32,25,39,57,41,48,38,87,622,62,84,44,102,46,38,25,15,48,27,48,2026-07-20
Telangana,Jadcherla,54,NR,42,49,85,124,125,115,90,44,65,190,156,149,145,191,145,58,292,20,39,30,28,35,49,39,53,42,82,528,58,87,31,92,43,37,24,15,42,28,47,2026-07-20
Telangana,Khammam,59,NR,47,52,89,125,128,117,95,43,66,183,166,126,161,183,142,54,297,20,32,30,30,37,47,35,52,34,88,517,60,80,33,108,43,43,25,16,43,25,45,2026-07-20
Telangana,Medchal,47,47,45,47,80,131,128,114,78,45,64,197,220,165,168,190,143,55,250,22,28,30,27,40,50,44,53,45,90,538,61,84,35,115,43,35,26,17,48,34,45,2026-07-20
Telangana,Nizamabad,52,33,40,44,78,116,128,100,82,45,62,193,198,200,170,190,149,60,249,23,26,30,28,40,45,42,49,42,80,625,65,82,34,104,45,35,26,18,43,32,46,2026-07-20
Telangana,Sangareddy,60,30,48,53,82,125,124,116,95,45,65,192,198,145,NR,196,143,62,412,25,30,32,29,39,58,51,55,48,95,659,59,84,42,105,43,39,25,16,56,35,45,2026-07-20
Telangana,Kothagudem,51,NR,44,49,90,130,126,125,92,48,71,188,NR,143,NR,198,145,60,348,31,38,32,28,45,55,45,55,55,95,744,60,84,41,87,40,30,24,12,45,27,46,2026-07-20
Ladakh,Leh,53,NR,NR,NR,140,180,150,128,130,50,70,NR,242,NR,NR,NR,NR,80,640,30,48,50,70,NR,NR,70,NR,44,122,677,58,84,63,103,37,61,39,18,90,50,50,2026-07-20
Ladakh,Kargil,45,NR,NR,40,127,135,115,115,90,48,66,NR,159,160,159,NR,NR,47,650,28,40,40,80,60,NR,50,NR,45,100,677,64,84,60,100,80,80,53,21,95,60,60,2026-07-20
Commodity Name,Commodity Name,Rice,Rice,Wheat,Atta (Wheat),Gram Dal,Tur/Arhar Dal,Urad Dal,Moong Dal,Masoor Dal,Sugar,Milk @,Groundnut Oil (Packed),Mustard Oil (Packed),Vanaspati (Packed),Soya Oil (Packed),Sunflower Oil (Packed),Palm Oil (Packed),Gur,Tea Loose,Salt Pack (Iodised),Potato,Onion,Tomato,Bajra(whole),Jowar(whole),Maida(wheat),Ragi(whole),Suji(whole),Besan,Desi Ghee,Butter(Pasteurised),Eggs,Brinjal,Black Pepper(whole),Coriander(whole),Cummin Seed(whole),Red Chillies(whole),Turmeric(powder),Banana,GInger,Garlic,2026-07-20
Average Price1,Average Price1,44.58,32.86,31.26,37.05,86.03,122.96,120.36,111.73,90.28,48.18,60.75,205.83,195.22,164.89,163.97,189.01,147.71,59.26,275.83,21.93,22.87,34.71,41.21,38.32,44.51,42.15,55.04,47.11,95.92,693.08,59.66,86.33,42.71,88.21,41.35,41,29.5,16.57,49.68,37.15,42.7,2026-07-20
Maximum Price1,Maximum Price1,70,60,54,71,140,180,155,146,140,60,90,308,264,256,225,244,205,143,698,34,60,63,130,80,85,70,113,100,160,930,85,120,157,150,100,95,60,40,100,100,100,2026-07-20
Minimum Price1,Minimum Price1,31,17,23,28,70,95,81,86,71,39,40,159,148,126,121,121,104,36,153,10,8,19,12,18,22,31,29,31,65,500,49,55,15,65,26,25,18,10,23,17,20,2026-07-20
Modal Price1,Modal Price1,40,30,28,35,85,120,120,110,90,45,60,210,198,148,165,192,143,60,300,20,20,40,40,40,40,40,55,40,90,769,60,84,40,90,40,35,30,15,50,30,40,2026-07-20
,,,,,,,,,,,,,,,,,,,,,,,,,,,,,,,,,,,,,,,,,,,2026-07-20
"Department of Consumer Affairs ( Price Monitoring Division)Date 20/07/2026 Daily Retail Prices Of Essential Commodities  StateCentreRiceBroken RiceWheatAtta (Wheat)Gram DalTur/Arhar DalUrad DalMoong DalMasoor DalSugarMilk @Groundnut Oil (Packed)Mustard Oil (Packed)Vanaspati (Packed)Soya Oil (Packed)Sunflower Oil (Packed)Palm Oil (Packed)GurTea LooseSalt Pack (Iodised)PotatoOnionTomatoBajra (whole)Jowar (whole)Maida (wheat)Ragi (whole)Suji (whole)BesanDesi GheeButter (Pasteurised)Eggs BrinjalBlack Pepper (whole)Coriander (whole)Cummin Seed (whole)Red Chillies (whole)Turmeric (powder)BananaGingerGarlic  UnitQty1 Kg1 Kg1 Kg1 Kg1 Kg1 Kg1 Kg1 Kg1 Kg1 Kg1 ltr1 Kg1 Kg1 Kg1 Kg1 Kg1 Kg1 Kg1 Kg1 Kg1 Kg1 Kg1 Kg1 Kg1 Kg1 Kg1 Kg1 Kg1 Kg1 Kg100 gmDozen1 Kg100 gm250 gm100 gm100 gm50 gm1 Kg100 gm100 gm  Average PriceAverage Price44.5832.8631.2637.0586.03122.96120.36111.7390.2848.1860.75205.83195.22164.89163.97189.01147.7159.26275.8321.9322.8734.7141.2138.3244.5142.1555.0447.1195.92693.0859.6686.3342.7188.2141.354129.516.5749.6837.1542.7  Maximum PriceMaximum Price70605471140180155146140609030826425622524420514369834606313080857011310016093085120157150100956040100100100  Minimum PriceMinimum Price31172328709581867139401591481261211211043615310819121822312931655004955156526251810231720  Modal PriceModal Price403028358512012011090456021019814816519214360300202040404040405540907696084409040353015503040  NORTH ZONENORTH ZONE  ChandigarhChandigarh422734408412111611190465920920317016719014857264282035553744415546956335972388737402816482430  DelhiDelhi453533359012013012090475922220118819522016960234282245573339405841956865872539337313014536062  HaryanaHisar403130348512711311088486222018916716118313255252292028522738396240906356076508240393415702850  KarnalNRNRNRNRNRNRNRNRNRNRNRNRNRNRNRNRNRNRNRNRNRNRNRNRNRNRNRNRNRNRNRNRNRNRNRNRNRNRNRNRNR  PanchkulaNRNRNRNRNRNRNRNRNRNRNRNRNRNRNRNRNRNRNRNRNRNRNRNRNRNRNRNRNRNRNRNRNRNRNRNRNRNRNRNRNR  GurgaonNRNRNRNRNRNRNRNRNRNRNRNRNRNRNRNRNRNRNRNRNRNRNRNRNRNRNRNRNRNRNRNRNRNRNRNRNRNRNRNRNR  Himachal PradeshShimla40NRNR3485124128118855160242229181176NRNR542403025403033NR40NR40906815880408336382619504047  Mandi40NRNR3682127135115875062234220185176193NR542603220403934NR36NR38956825890378743343216554542  Dharamshala35NRNR2884129126119874844NR213167163NRNR542352920344032NR35NR40935905980409749423415603238  Solan39NRNR3478124126114874855223220176162179NR5423030204027363737NR37916445986509143353417605043  Una4140NR3483117125101854869NR197186181NRNR522652917383534NR34NR35986925983299544342915555850  Bilaspur-hp41NRNR3479126132116864966NR187187177NRNR54200292040503360376237827315896508747313313557047  Chamba3745NR3884123122117885155NR197180177NRNR56235302245394959396040896446088418848353618554852  Hamirpur-HP39NRNR3381122130116825070NR221182171NRNR5426529223742334836NR35836375894338739373215524843  Kullu41NRNR3585129125112845040NR230181184NRNR5722030284047NRNR35NR359769962100479033312913556060  Sirmour40NR313281119123112864850212186174162146104512732819285236NR35NR36956105880459233453218563135  Kinnaur38NRNR3683126129108845060NR229178147NRNR5026030304860NRNR38NR408887560100509848454215525050  Lahaul & Spiti40NRNR40981121131101025052NR197175NRNRNR4948028313745NRNR35NR36786005891408035352715573134  Jammu and KashmirSrinagar43254145931461251231005555NR209185179187NR6032030303238NRNR60NR5311567962835210053703917804841  Jammu5037313584112115118915155NR219172167160118543033020374036585768601096376090379263473319525940  PoonchNRNRNRNRNRNRNRNRNRNRNRNRNRNRNRNRNRNRNRNRNRNRNRNRNRNRNRNRNRNRNRNRNRNRNRNRNRNRNRNRNR  KupwaraNRNRNRNRNRNRNRNRNRNRNRNRNRNRNRNRNRNRNRNRNRNRNRNRNRNRNRNRNRNRNRNRNRNRNRNRNRNRNRNRNR  UdhampurNRNRNRNRNRNRNRNRNRNRNRNRNRNRNRNRNRNRNRNRNRNRNRNRNRNRNRNRNRNRNRNRNRNRNRNRNRNRNRNRNR  Shopian40NR4345100123115118954846NR201179171NRNR5035529303740NRNR48NR481206795875309850494216772925  SambaNRNRNRNRNRNRNRNRNRNRNRNRNRNRNRNRNRNRNRNRNRNRNRNRNRNRNRNRNRNRNRNRNRNRNRNRNRNRNRNRNR  RambanNRNRNRNRNRNRNRNRNRNRNRNRNRNRNRNRNRNRNRNRNRNRNRNRNRNRNRNRNRNRNRNRNRNRNRNRNRNRNRNRNR  RajouriNRNRNRNRNRNRNRNRNRNRNRNRNRNRNRNRNRNRNRNRNRNRNRNRNRNRNRNRNRNRNRNRNRNRNRNRNRNRNRNRNR  KishtwarNRNRNRNRNRNRNRNRNRNRNRNRNRNRNRNRNRNRNRNRNRNRNRNRNRNRNRNRNRNRNRNRNRNRNRNRNRNRNRNRNR  DodaNRNRNRNRNRNRNRNRNRNRNRNRNRNRNRNRNRNRNRNRNRNRNRNRNRNRNRNRNRNRNRNRNRNRNRNRNRNRNRNRNR  BaramullaNRNRNRNRNRNRNRNRNRNRNRNRNRNRNRNRNRNRNRNRNRNRNRNRNRNRNRNRNRNRNRNRNRNRNRNRNRNRNRNRNR  ReasiNRNRNRNRNRNRNRNRNRNRNRNRNRNRNRNRNRNRNRNRNRNRNRNRNRNRNRNRNRNRNRNRNRNRNRNRNRNRNRNRNR  KathuaNRNRNRNRNRNRNRNRNRNRNRNRNRNRNRNRNRNRNRNRNRNRNRNRNRNRNRNRNRNRNRNRNRNRNRNRNRNRNRNRNR  PunjabAmritsar4033283282137135112904959238203176158192NR62273292037383738406140906926085439544302912525252  Ludhiana43352837801351331181034662240205178167200NR57280281842403448396249926045280489245422519474740  Bathinda403228328213313511390495824220117415419614263273291738383240386238956836083379545312913525252  Barnala403727318313712010710050652381851721461851215528030203758303840NR45926925870339052403015505847  HoshiarpurNRNRNRNRNRNRNRNRNRNRNRNRNRNRNRNRNRNRNRNRNRNRNRNRNRNRNRNRNRNRNRNRNRNRNRNRNRNRNRNRNR  Faridkot403529338413313211695506423217717614819813360285302040483250407040836545984429050353013525043  Mansa4037273387133130118924862NR192174156NR13363278291835424040396238926595882409242353016475853  Sri Muktsar Sahib414028338213313811790496621818117014317612357287292037373148396839876305772329046342613605843  Dera Bassi4036273385133135117904661NR187176158NRNR59268291533403941386240906816073379541353216454250  Sangrur402728328513012910588476024619519519019517555263301735403545406740907106078309050453015486040  Ropar4036273387133135117924961238190176159NR14161277291837383742395839926786083409343363115476352  Amargarh40272832821301251078547602451931931931951815525029153540354540NR40857106072359550502715406040  Fatehgarh Sahib4532293590130110110115476025618318717819411757293301435402845326540936045878459545483819502332  Ferozepur5240343690130130120NR5270242187181148198137704003221454040504060409075466653510060363315706050  Kapurthala383130397213312310892486523120016514518315460277301540404348406043926926285409531363514586060  Uttar PradeshLucknow40302935761151249575486020419216517618115460250201933403037365536906156085408839402715474045  Kanpur40222632851201151008842601871981541481581355623426213540354041NR358158055752110031403319503533  Varanasi43312836851191231088547702141911781822021776223321193538385838NR401087356478408434352820534236  Agra453429337711497917547702232021741872081885725127254141183841NR40988006285328041303515405258  Jhansi533529348013212711287516321317917215620113252230212237433338406545976665878408840403015403247  Meerut37292938811151188683496317516516316816716551277181826353736386438976436090398633353115534346  Allahabad502427359212213213295455622120016716520214544332302129413336384542976766370388333372917504753  Gorakhpur402328368011511611084455519518715915216712355225221832483634345236925995680377833382416552632  Saharanpur3830283082116113108884558NR175154150167135562422117303232NR38NR42915845880378333372714492737  Bareilly3825263390120132108102487220918917417518916252295281427372541355836897036081227946313017522832  Ayodhya4035253890115125120904560198198187176174143602402420406045454560421008356072509040453020602035  Moradabad382625328111611410786435819316614315515414153236211533453439365337896765675328434382618493036  Aligarh403128348211811510684445620018815815618414353247201727373441385042916135578378535392515453138  Mirzapur (Vindhyanchal)342525338311511010483455018517514913714811251219221929393040365040936746283348230382515453940  Banda362525307510711110274485522417816814518211958158191335383655346839795826080278830332921535847  Azamgarh3929283284119118115874461NR199144143199106552802415294937424251331046575670337628372918503342  Gonda (Devipatan)3624253385122128117884455207196163168172128532572014283738373462451006225885378534402520483535  Amethi392926358511811811897456022019918518319214255222221519363439364439986445880318534443016452138  Barabanki392926357911511811178476020018216816717513059225222032483142374536986065999318531423015462429  Bhadohi352227358011511211782476821219217915217812470215221430403339374940796746272309036393016602035  Chandauli3123263375111119110804655199187165132182119652471913353632523460388063456100408132392716504545  Farrukhabad4430263083110120110904666225209162158220126501871912255024NR35NR40906596182358034352616433030  Ghazipur432828368612611811293496320018815515318214361273211637433741435649997056187398841392917514244  Jaunpur453428358511711611486456221219917416418612558269221835433745395537897095786288937392817483848  UP-Pratapgarh412430348111411111489465121219516716416712859254201434393531394439975465873298836342716393143  Sambhal4022263086106103100904657197179154141156143552571920314227NR37NR37956575979278445432916373935  Santkabir Nagar4439243582108103102774567200207142146178123492653017314429303783469873461963810030522920483330  Shahjahanpur321926328011610610997445618217714713615912843222201223452632345237875535589248730342411432131  Sitapur382728328111211010583445919117114814315513253230182025413033365440916305973348035402915502734  Sultanpur412931328511911611087455619918416015917914355262201824313541385144926395677358536372615452835  Unnao423228318312211811088456020119016316118314558257201528323742385243925865979328838382816483338  Ambedkar Nagar362526357611912612988466122120816016116113863201281634483838367641887196277408036403220663440  Amroha41232633831221129788485918817815115717513453233222040503344384338906995971368440403319385043  Baghpat4337NR318313012711895467019617916315916313057210281625403450356740956046088408333352512382445  Bijnor452526357510011095804560220198165181198154552802015304030404050401006045584358840353015404035  Budaun36172530841121039993446421217917916518112653280211232352546386537936135970309030392511422525  Etah4433273582118108110904559207182156156167113542702219304226NR36NR39906776072329332403218402740  Fatehpur431926348811311210389476119418914813715311354225221529382232354033976106178368537432418433331  Ghaziabad403130347811811410792475821419517015918513555206211838343441385444976106092388342402914444138  Hardoi433026348512111511088465820618415915718013456239201529443537375545956255881408735402916442939  Jalaun46252835831181031028947581831731521301631155722320153237354140NR43955736081409038422919423742  Kaushambi422625358511812910587455820419317316218412853236211932423235405435886115778338239372715432935  Kushinagar352826378211511411882486818619515716615413565221271428493941384540956156161288839382913473529  Lakhimpur Kheri382628358411710610385465918818313814516411261228201731523135366036926655874307935443218452344  Pilibhit423628328511511511595476620720017416219213752229201932503245386638956926090258642423515455040  Sharwasti4023274080117115120804960178218170176NR1246021827103840NRNR40NR40985826083208840392015333040  Siddharth Nagar413028358312013011582486420819916815515912655228221834434045356235806235980337036332520403843  SonbhadraNRNRNRNRNRNRNRNRNRNRNRNRNRNRNRNRNRNRNRNRNRNRNRNRNRNRNRNRNRNRNRNRNRNRNRNRNRNRNRNRNR  Rampur532727307910511510510145611931901511581591365426522183231324535NR35946366585339436372814523935  Bahraich3526253189128120114904255194196157154161124442502521363736343465341066465680227327362319532137  Basti402729327911512911779465619618615415214812454245211735454353335435935875584368235412719372837  Etawah43NR273286121115110894762200191166156NR137582642015273933NR405544956596084398539412816502937  Muzzafarnagar40292631841201161088947581851761561561781425324520143540354036NR36905255866358034352411455545  Chitrakoot40242534801021009380465017920216316417914055220152035472526405948896375888408038402115473552  Hamirpur-UP43252735871151151088550701901911581751851375820918203050NRNR40NR40956375886308842473017503540  Deoria352126289211811210098456122419514313222012055223201729373840364335945895964387929392718352930  Hapur3723273673138127120118506220319816517918416565207261640504240404639997366384359743452810503535  Bulandshahr4236273293103113107834570NR18616017215815649222192030373543365636995975689308730472715325041  Kanpur Dehat36232631791001129386456420018915014916812449218191837383136354835855975876317132322415383337  Hathras39312832831171141068443612101941681651891465224820162537253034NR391056986373408737403013383337  Raebareli412727318311611710987475919418316116017914559218191731403643415343936895983348740402816483541  Lalitpur362228317510911010584456017716914614317812250235201230303038325934905785680308530402418403040  Mohaba37252430801081009783486217617615015518412036187222035362735354835975965472228333392816363035  Gautam Budh Nagar382729368312311711191485922118316815117713059222191436413137385939906465992328237393116374735  Auraiya382627357911911510888485718617215515716412957219251939422839395339996725283388735382117473242  Maharajganj362528328111511810980455819219115115416412648213221731403744355136915995879378034403017383130  Balrampur36292635781171171158247531771961461521961236020014153845354935NR38856705983529045373014384837  Kannauj402628328311811410987466119918715815517513455239211527373239385339946375674278434422716433332  Mathura322727338811912811896456622917314113915612244263271942393443404740996325883378948393415434253  Firozabad403030358012011511080NRNR220198187170192148NRNRNR203240NRNRNRNRNRNRNRNRNRNRNRNRNRNRNRNRNRNR  Kasganj4533273587122112113934559222200174178203159552482120305022NR40NR42986175675378539472913383542  Mainpuri3830283288132120113884565220211171189189155512602417232924223940381057005570358547432521362026  Shamli402625308011511311090465018918115614515912653227151630452740385839905416078339239382713474540  Ballia412227318412011411391465820218515315416613051249191934482843375438956255577348536372817514448  Mau39222534831151121088746551921771491481501216322522162846NRNR35NR36916445576388931403015484037  UttarakhandDehradunNRNRNRNRNRNRNRNRNRNRNRNRNRNRNRNRNRNRNRNRNRNRNRNRNRNRNRNRNRNRNRNRNRNRNRNRNRNRNRNRNR  Haldwani46483134941411211319050622322081541881921686427232253327494241454095700601012110040453318544941  Rudrapur443733419215514213597506420320918517818116265233302841453538426642977466489419534423218543134  Haridwar423130389214212812091NRNRNRNRNRNRNRNRNRNRNRNRNRNRNRNRNRNRNRNRNRNRNRNRNRNRNRNRNRNRNRNR  WEST ZONEWEST ZONE  ChhattisgarhRaipur3528323682115112109834861NRNRNRNRNRNR56220202136223328404550877055695418443372914335045  DurgNRNRNRNRNRNRNRNRNRNRNRNRNRNRNRNRNRNRNRNRNRNRNRNRNRNRNRNRNRNRNRNRNRNRNRNRNRNRNRNRNR  Ambikapur3535303593118112103954041172161174159165NR4825515203540NRNR40NR32705985290307830603315472025  Bilaspur-CG525134408911010210584425519217515216116517051217252826353539414741906795879469228642514573351  Jagdalpur362436387212281109964747NR219146142180NR46193172531403838404243868705378218150473918471820  DantewadaNRNRNRNRNRNRNRNRNRNRNRNRNRNRNRNRNRNRNRNRNRNRNRNRNRNRNRNRNRNRNRNRNRNRNRNRNRNRNRNRNR  Dhamtari37293344881281121059345NR220203139NR189128572122622284550464352451277236188428938322417434560  Rajnandgaon433330368512211811189466021921017817720416058270222025403030385038966806070288242422816502435  Koriya39NR35398110897102814575205163153151168NR4719525204040353446NR5882693588840782738281748NRNR  DNH and DDSilvasa56504540911381381289745692152081811751831306522729203040445459566510765558844315075453522395050  Daman6150393987110131110944570211198NR1671931215821229204040404262575910066358905011360404024405060  Diu50414050891451471301074868229234NR2002111576442032253048396356836510871462973012353364021505037  GoaPanaji584348471031321351351034965222200203167172145633152837374239624853491128245897658347432516426267  Margao54434851921321251279550662442362231902021756235027324240426047584812282460102559743502717436265  GujaratAhmedabad393241419812112210498476819720417219120117959211234241543943456646916625869387832363722452726  Rajkot342731408611010210095466818919615117118915960205182232403343396844876265766338032343915402526  Surat3331323885111111104101456920120116319220517751209193045493939396245967045468707631353715343025  Bhuj38273037881081099993396318418214617018415958202163033463435386838936175368367428343716402727  Selamba362735399112011511090466419218615317018615860210192530504041416741916365584507931323517454035  Waghai383437429312011810298456820018715215618314759209203135453536406044966315870407530342617413028  BodeliNRNRNRNRNRNRNRNRNRNRNRNRNRNRNRNRNRNRNRNRNRNRNRNRNRNRNRNRNRNRNRNRNRNRNRNRNRNRNRNRNR  Vapi322432349011411410194446618716913814516914556205182828383846406636966925668387831323215382830  Bilimora38343838101104120108109506921019417718919418351221212838394039406245996415469367631353318333124  Idar3726353790117126100914572212189155168183149622361731315034403668491007236368319940314018683247  Jhalod362836379411512099100516519218815516116715662205222930294036406946926695574437428333718402122  Songash423030368312111811087476020419416516618815458244212134403743405344957135682408135362916473540  Madhya PradeshBhopal3835263182116106105904662178203180152193NR52252102030453838406241866435792359638403315323855  Indore41342835861171181108148641811751641751541476126515203040373740NR40856455989388335332515334035  Gwalior4540303480121122110904563212176172160184NR50222121722382831406540906486072288435352615402335  Jabalpur413430347811811410884455919818914915418012050245161825354042405645916266078358540362516382540  Rewa35282835761069594784555177154148147147NR5523718162338NRNR35NR37856555776259028453013452035  Sagar38342729781181289887506020218514216819016354263171828354353406040856766097308348302915404735  Jhabua4331293582131109104914665209211197176193NR59295153233573135446144957146198289247373121403640  Hoshangabad463028358211911710393465621115614015216313152217112031424347415042926566088499231421920522331  Shahdol3530293586115112110834460203186142153181NR52210182020403733355040956045870309030402718353025  Ujjain39373640921241181011004562167206179148189NR52256181819373839426345947206262309747383016403742  Morena41312631931201121071024667200185156156159115552401410205029NR38NR39986086183228136312814322040  Anuppur352625358011712011090465321419813917617616357200201535304040355050907696580309040352615384840  Bhind413529348411011411284466218816714314313611550250151525423444396539906516277258129352516403735  Dhar434027368413512411498456317519317015919212460210152025393436475547947286384278731352018533335  Harda4335283280120125108895062209203170170192NR58200202030404040457045907146096408940292415346050  Katni35302934791171071078042501661561271481561125020519203535353845554510060458100208040402715322040  Khandwa4035333380115120110854555209187187154165NR50268162024453735405343906595388409029312815382336  Mandla3829343982100113106824950223187158176209NR60190302338234545406045906926090308846353012375353  Rajgarh40NR263080130120100905050181194183159183NR6020010203040NRNR40NR45907076088409050372220505050  Sidhi37342736801201009585506018718115416514311555265202040403040355450906335590348030502515505040  Chattarpur4035303890120117110804550198192170154159128602472015404032404058501006006084158730433015372740  Neemuch5033273478133105110725065187157143152143NR45303101523404240426541876326368408035423015482532  BurhanpurNRNRNRNRNRNRNRNRNRNRNRNRNRNRNRNRNRNRNRNRNRNRNRNRNRNRNRNRNRNRNRNRNRNRNRNRNRNRNRNRNR  Narshinpur3828283575120108110854552200189141148165NR45233121525354040456047856375885459035352515352040  Raisen4030293280130118110884957187194148151NRNR5625010203835404033NR40846926079328946323120404853  Sheopur4128253382114114110854760220192172141165NR55202282034503035446045906375880229040403215454550  Agar malwa37302329831351271061025259197176156160148NR4828720202441474944NR47866856074319826303017422726  Umaria3331313582123112117874960216187154172189NR572071520403040NR43NR47836225983308332422715455053  Shajapur4035263283122120108874660187187159161187NR5526020222842383739NR45906816083408535362815403540  Dewas4235283486120112104864664196192172170187NR55239122725353541385645967036386368745342621352645  Khargone3927283578120122110854550186156132170132NR50225163025354040406540906405584358535403015352045  Singrauli35292534841001061098148592101941371481631175723213213941NR4036NR46896935682248846422215307548  Chhindwara5236273384120117107895053207210140168185149552001020322236363529379565260733211232374020483750  Sehore4036303080120110100854560181187176165179NR5729013203040NRNR45NR43846596079428530352415503540  MP-Ashoknagar4635272873115109100924460185188164159159NR4521015223448404042NR40907755891558841442520404550  Balaghat3530354080118120117884852220220142170187NR6520029223025424438604510068160933010040332515555858  Guna453725297511311510079476020118217516018013450217201228383141466946827016174387937382715372238  Ratlam413530348212211810988466220219015516517816159245102128433342416043906525872238237372916373534  Satna352828359012510095955060214NRNR162NRNR50260202030402745336331657185260347528333015522535  Vidisha40NR303575112122110884855183191150170185NR57240111020384040356835806596084188842312615433030  Alirajpur3843303687124118114954572185196185178187NR53307102740583135454247936115780287740432917372540  Betul3932263479116112109844560195205153170204NR50245122038404242406940966676085339343392215414249  Damoh3935273275120111101854465210197133149168NR54211132034514443446342895875977249039343515471944  Dindori3733353695115105110854555220198154154176NR48235122028504048455645816325583309035353015353050  Niwari362825308313198106894757226188172172155NR5221530203948NRNR40NR40977206096249233402719472532  Seoni3732353786115110105854655196214170154187NR472151120254040403768421006545881278048362115454050  Panna38302436751201009590455218117613714313211553210111520304048356045976515675377630353113472038  Tikamgarh353025309012011095904450205167142149147NR502002015204530354040451006595870258529412017302030  Datia47382630821271109575476022218916115819212455228282428424733447845937056087208742482816374153  Maihar402030309097102978046602331981651541871265320515183040NRNR40NR45977215872379730393515372543  Shivpuri434025438311511911788456019717715916417016250380171923293743475945826966079258237413224293830  Mandsaur4028304010512512211910545601961921901701961456030022402050NRNRNRNRNRNRNRNRNRNRNRNRNRNRNRNRNRNR  MaharashtraMumbai4138414893136143123994760244227200165199154793103028434847615665531137076397709970454316414573  Nagpur58414853971371311181055266239216168171200141702832732326642525282521108085994469841483421685781  Pune392846548610011910584447520621016817218517260353343425484142454046895515981569950512119433136  Nashik3941424186138134114964660208225189171184135593232922324341694964499964460707311562373216234342  Mangaon-Raigad56454349901281321169646572052271781641981376037031323254465343564410086062945011770394822554055  Dharni4433293382122109118925257224193155180205NR6032213222957392841NR46947436695558540422018395745  Latur58474548821281271188546662042001391781851676226226282740375742734111378763986310047422723457257  Akluj444234398012211810797466020320916719120618450333302531443250396040896595355359239372912292031  Arni Yavatmal4430343699123125114904363192170154144159NR573001030406035324770551037845572409945422015403530  Chandrapur47433850851231301131034759202189218169186NR6527530204220525660545810968358972010355432220535878  Karad Satara70533648861341291209249742101881671791961685729329273221384142584311768561925312151412919383240  Ahemednagar533744478411911911999485816816916616918016449259302429442945394439995805877519929442618252939  Khultabad4726333677111116108854646184NR1451641711536132020312840314139NR42867026081398132352116362037  Islampur413337478212313012010047722232061601861971565042027302024384039484310165560934210359533627424744  Kankavli4544345184132131126874660184200164152178135533732042305753474550461006885695727747413718633053  Partur50NR3140801261201128844582032081861851951845940110292759313543NR4787775NR84609240423115506049  Gondia5434343880118119115804763191204141168185167652603022272542484252428776558923010050502921374045  Jalgaon4827354587133141118984965201213180176198186654683118303739425560559775358914212459423620414752  Akola43NR3446851281201161004569184211163174184NR613233025255742394765461037845982478742432216374745  RajasthanJaipur593832409113912911590475521119618019318613652307152231363131497649886295884539344363717382838  Jodhpur41403234749510494714353214220NRNR190NR512722123363428475052471036725589258973312916422627  KotaNRNRNRNRNRNRNRNRNRNRNRNRNRNRNRNRNRNRNRNRNRNRNRNRNRNRNRNRNRNRNRNRNRNRNRNRNRNRNRNRNR  Udaipur4936313380125120115804550220209188187193NR68328282025623745355950866186380409336313214485037  Bharatpur46NR283589122113115904658203175149163NRNR57297281229282730406544826376075279037382512402042  AjmerNRNRNRNRNRNRNRNRNRNRNRNRNRNRNRNRNRNRNRNRNRNRNRNRNRNRNRNRNRNRNRNRNRNRNRNRNRNRNRNRNR  Bikaner5330384288120120918749551771761681691641635024715222042384953NR52826946090487732352521352341  BundiNRNRNRNRNRNRNRNRNRNRNRNRNRNRNRNRNRNRNRNRNRNRNRNRNRNRNRNRNRNRNRNRNRNRNRNRNRNRNRNRNR  Rajsamand443634397410710794874574178166143135186NR5230224NRNRNR3844416246816045390408040393120452533  Alwar5741313476118117103884958232176152161180NR53301272038372039487348905445674288852452915492838  Banswara4338384388137136126994459239217173184184NR582232929395834355156557862158118388749383818394542  Baran403332358013512011083425222020914813715412645352222224432833403846896675767419036313411383032  Barmer5040333590130110115854554187209170193209117533002220233228354960531008795876529041253114423230  BhilwaraNRNRNRNRNRNRNRNRNRNRNRNRNRNRNRNRNRNRNRNRNRNRNR2834425542746675573358634352220392540  Chhitorgarh414026308014012010690465620721816515019814655323212332603838465845766156274488542373420454542  Churu4534303385115110100904544225197159225230153502802018255524324050409074780722510050353520403030  Dholapur4140303481131130111904860255189168179NRNR572572029404026NR39NR419065560106278242342817434848  DungarpurNRNRNRNRNRNRNRNRNRNRNRNRNRNRNRNRNRNRNRNRNRNRNRNRNRNRNRNRNRNRNRNRNRNRNRNRNRNRNRNRNR  HanumangarhNRNRNRNRNRNRNRNRNRNRNRNRNRNRNRNRNRNRNRNRNRNRNRNRNRNRNRNRNRNRNRNRNRNRNRNRNRNRNRNRNR  JaisalmerNRNRNRNRNRNRNRNRNRNRNRNRNRNRNRNRNRNRNRNRNRNRNRNRNRNRNRNRNRNRNRNRNRNRNRNRNRNRNRNRNR  Jalore58NR323683130132118854960218207161185205NR652681827407031374611357986156089439550373417504752  Jhalawar4443253285129118NR884459188176NRNRNRNR52298192224343034415042857035880318130393217382134  JhunjhunuNRNRNRNRNRNRNRNRNRNRNRNRNRNRNRNRNRNRNRNRNRNRNRNRNRNRNRNRNRNRNRNRNRNRNRNRNRNRNRNRNR  Karauli514025331011401281141024552214202194190232188443422021404127NR5147541106336389409537452218412337  NagaurNRNRNRNRNRNRNRNRNRNRNRNRNRNRNRNRNRNRNRNRNRNRNRNRNRNRNRNRNRNRNRNRNRNRNRNRNRNRNRNRNR  Pali553033339112812890744456201167168163162123432342430253329393835471025076268528557352621413725  RJ-Pratapgarh4233293371114117110824447211177154158NRNR4830019203039343743NR431036596063397046362515403647  Sikar4530313585137116120954553229199165143165NR552362925303021245370661025145261228032332517405048  SirohiNRNRNRNRNRNRNRNRNRNRNRNRNRNRNRNRNRNRNRNRNRNRNRNRNRNRNRNRNRNRNRNRNRNRNRNRNRNRNRNRNR  Sri Ganganagar4335303589118110110974552219190170165165148493231515224039393980399350049NR226531293229421730  Tonk573529368412611510894497125220614116217714660283202530412546425455915716781409648403321504750  Sawai MadhopurNRNRNRNRNRNRNRNRNRNRNRNRNRNRNRNRNRNRNRNRNRNRNRNRNRNRNRNRNRNRNRNRNRNRNRNRNRNRNRNRNR  EAST ZONEEAST ZONE  BiharPatna4528283281115125101795161NR1911601912021745534026273842NRNR35NR361026045697339947472817362339  Bhagalpur392328327612211097754758NR1881471551731314932028163448496134NR351046355484409629342118NR2736  Purnia38NR323474112120102775159NR197153186NR1645432418152850685838584710874353884011838402814502823  Darbhanga40NR304079100119106864857NR196185163NR119581932814334454543343351086816084408937352917593545  Gaya3325273882123109109814560NR2011691451501205734025192833NRNR35NR391106805989308433372316482827  Muzzafarpur3925283382122124109814761NR19215816021512645294231631374744394936996015583298437362415462725  Saran4526253781111108108815060NR202201201214NR533032716333342643762371077426073438235362818422428  MungerNRNRNRNRNRNRNRNRNRNRNRNRNRNRNRNRNRNRNRNRNRNRNRNRNRNRNRNRNRNRNRNRNRNRNRNRNRNRNRNRNR  Saharsa48NR272977113115110754761NR188NR190NRNR5028029112227NRNR39NR37937105574409552473711402829  Madhubani3721303584125109998347552061661611561731284728028212527NRNR3348351016155771328232312312502627  Rohtas (Sasaram)39243641791121168780526919620416419123218162236341935394457335435947545884498541302614624145  MotihariNRNRNRNRNRNRNRNRNRNRNRNRNRNRNRNRNRNRNRNRNRNRNRNRNRNRNRNRNRNRNRNRNRNRNRNRNRNRNRNRNR  Samastipur4523253580112116112804660NR189137132NR13350320301329403039387347977136792408034722510402828  KatiharNRNRNRNRNRNRNRNRNRNRNRNRNRNRNRNRNRNRNRNRNRNRNRNRNRNRNRNRNRNRNRNRNRNRNRNRNRNRNRNRNR  Araria37NR303575125130114844961280191164142191131593403018334950503885381056326070538143342410552828  Nawada3119263379133128113794959NR194152181NR130542222814285539353251351027225863578135312211632322  Khagaria4425283480103123112844742NR189151170NR1704237728142152NRNR40NR401156115078329026503016322040  Banka3719273680120112106754857NR2031641701921275228013152842403936NR39996405280428036403010403033  Arwal382625358113013097854859NR2111651731871435623228242645NRNR35NR37937485883398033352519482732  Aurangabad322429338112212290794755220198188154156119562102417385350NR36NR381057695878418640313017502125  Begusarai3636303577117117107774860246188158144188123552662812213852423552371086235878399634322017353442  Bhojpur Ara4419283176116119109814857243180155150185NR5535330213444NRNR35NR371046816084428450402510474735  Buxar312326338411511711989475920219517316919812459258291435333553347140907734995378746343017424630  Gopalganj403230349011511511085NRNRNRNRNRNRNRNRNRNRNRNRNRNRNRNRNRNRNRNRNRNRNRNRNRNRNRNRNRNRNRNR  Jamui3622283174118116108754660NR197142174NR13757284291424405050356040906816596318545302516502030  Jehanabad3123283479123118112784656NR207179185NRNR5524329152839NRNR39NR419166357100258243432213572430  Kaimur3818263279117117114794960NR1941741671931305221220123832323134NR39887146085388233332715532628  Kishanganj3822263680125120110904860187171170143198130663002618325038553680491006266376459044302615603636  Lakhisarai4025304083113120118884959NR199167170NR156532982716324750604544401107546096378535402715402323  Medhepura39NR32367311412491744858NR1971561911881344428222153256NRNR36NR359072258108468936362815453036  Nalanda3119293373113115105754563NR202179164189NR53320301824366059336136876725786347928332015503121  Sheikhpura362628398911811211182NR56NR222181204202165562852718254040NR385140110640588025953030411335NR25  Sheohar4726303683122120103774959172209161169201122542322618353850534037401137366375258035352515542625  Sitamarhi3421252976123126108834658NR185176163170130562332921332853533348331087945994387937352513432328  Siwan3325252970110958673465726418918118519316550202261228314744314932887096166298034412914512526  Supaul352626327611511298774755NR185161184NR17760NR12122137NRNR35NR3512257654903179NR563515552522  Vaishali352526307511411710075485320918114818720915959207291535404949334237907695584408033322513374530  West ChamparanNRNRNRNRNRNRNRNRNRNRNRNRNRNRNRNRNRNRNRNRNRNRNRNRNRNRNRNRNRNRNRNRNRNRNRNRNRNRNRNRNR  JharkhandRanchi4230353578122118109804760233193148182195132532222716274535403640421036306079409044423215503343  Gumla40232736821081069083485520919518713715412153NR1516254034683550441006926378559040302215502839  Sahibganj3525283490125135115855060192203192187187143803502014406057484063551006006078409055373314504040  Bokaro3830353786132114110834857NR1811701651831435632228232735NRNR33NR40100709578943812841251360NRNR  Lohardaga3727313685102125110804561NRNRNRNRNRNR4420326203840NRNR383540906745673258042302711384123  Simdega4225324088120115100855064181187152164154149482452218223043NR456046986656179409039362622452542  Dhanbad393034367811911911180495925120716116418713958245281536413850375345937695791478942393418514840  Jamshedpur (East Singbhum) NRNRNRNRNRNRNRNRNRNRNRNRNRNRNRNRNRNRNRNRNRNRNRNRNRNRNRNRNRNRNRNRNRNRNRNRNRNRNRNRNR  Giridhi3420333681109102105754455NR19816916619012049300192232424035423945876376084559929402516513547  Seraikella3527314078123114105754860188179155158166122532072815213537NR44NR44926006076328033312515502835  West Singhbhum372431368212311811079486020720619517419914056236281625314249354736946466088438132322511533538  Daltonganj3826273681106118102804659NR187155166NR1366029730204033NRNR4862481186956997519842412718405240  Deoghar4018323580110120110100486017618617614817613260300251535405050406050907696090308040352515404040  Ramgarh40233739NR127118102794958NR1921591841991574627925232739NRNR31NR401086155883298328302512421725  Pakur3626384181130120938050632091981761651981546734320153543344147516010063758106479440343015505030  Jamtara472427348311911710887526226920216817919016559287291538556278326357887345788638445323018554748  Latehar4225283882125124108805160175193157159NR1225118830262639NRNR36NR531067296186368145452911432625  Godda40263039801201201038248641981961651651871325040029154043NRNR40NR479770961924010037352515604038  Koderma40253135851191241018050631931971541671921266019728203543NRNR38NR38907075999369043402514604549  OdishaBhubaneshwar4234364680110128110805558NR203148NR1931696523030153840NRNR38454090NRNR784090303525125060NR  Cuttack4031374679111125111795558NR202148NR19316860257301538384144395541937405786489141352614575858  SambalpurNRNRNRNRNRNRNRNRNRNRNRNRNRNRNRNRNRNRNRNRNRNRNRNRNRNRNRNRNRNRNRNRNRNRNRNRNRNRNRNRNR  Rourkela362735387911711999775158NR20214416919716861190281634323536384439915295696378845333015474857  Berhampur4431353780111125100725458NR206165NR1981705524521203428NRNR384950856905384608444452914464843  Jeypore4535383582110120102825058181203156NR20216955240291636304040384542808136580607535352512505860  Balasore382741457811510996755158NR200177NR1961695924028143638NRNR42NR43936175678409341402811453644  Baripada382734428411911398785258NR198185NR190170602392915344235NR5148519870657934710143363114555147  Balangir322637378012212394775058NR207143NR19317060NR30173533NRNR38NR4510076957108508840353018405555  Angul37NRNR5088133113120884964NR206176NR197NR59NR301940344355455049106NR6199438758342915605140  Boudhgarh32NR40447812010495854555NR192132NR17613551NR27163540NRNR365043756565784409538322614402539  Dhenkanal3631354079115105100755358NR203148NR196148602802915384050NR395040907105884408340302012504045  JagatsinghpurNRNRNRNRNRNRNRNRNRNRNRNRNRNRNRNRNRNRNRNRNRNRNRNRNRNRNRNRNRNRNRNRNRNRNRNRNRNRNRNRNR  Kandhamal39NR425077132122118794458159200175NR18813756NR29203028NRNR434345927145973389036332710422145  Keonjhar3931405180120116110774858NR193137NR18712659NR3014355040404050431057365896379040352515505350  MalkangiriNRNRNRNRNRNRNRNRNRNRNRNRNRNRNRNRNRNRNRNRNRNRNRNRNRNRNRNRNRNRNRNRNRNRNRNRNRNRNRNRNR  NabarangpurNRNRNRNRNRNRNRNRNRNRNRNRNRNRNRNRNRNRNRNRNRNRNRNRNRNRNRNRNRNRNRNRNRNRNRNRNRNRNRNRNR  Nayagarh40NRNR4383117120113854654NR205176NR19316763NR27163740NRNR384442856875891518534412414483842  Nuapada4540355090120110120804554NR209165NR1871435524030252540NRNR454048807696084309030302418502030  Paralakhemundi Gajapati50NR4344831191191128048NR20120316114918114354317252038425962446040707826090439050403015594042  Puri4031NR4481118114105855159NR200159NR1911485927527163638NRNR40NR42956795888458539392615482738  Rayagada45NR415085120120111805560209203150NR19814060NR30193830NRNR454049806905896408234352413503843  Sonepur36NRNR4480130120110804955NR209154NR19812360NR10163040NRNR42NR50968095790389550303020456045  Bhadrak3525NR4285120113120814965NR214178NR197154603332814353744NR386340847695895508140302615504542  Jharsuguda40NR444080120120100755258NR20914814818712657NR3020304039444458461006926096509038342719453040  Kendrapara4032394685127105111855058NR201146NR1911585628128153640NRNR425744876996196368328382415541838  Jajpur3431404978121105106815156NR198184NR19112155NR29153330NRNR35NR451006595496518539292313514644  Kalahandi4230374885120118110864754NR203163NR1861335443030193533NRNR403750101753NR72378437332913402643  West BengalKolkata53NRNR38841211321181185259NR1981781581911237127730164043NRNR38NR4510074763110708342293120605547  Siliguri44NR3141851241261201184659NR190NR157176NR6822718173550NRNR39NR54957185991498639352217483642  Purulia37NRNR3584122121113984761NR190155145182NR5728227123848NRNR37NR58966795989508129413115384245  Kharagpur55NR3337801271221081055461199203NR1411921205627830163547NRNR37NR3910770357106429037412918606768  Rampurhat50NR3345851231261191154557NR1881591581771295530025133241NRNR41NR51816906389449239353516393541  Malda51NR30411031381221201175060NR210NR1541961306531720163030NRNR40NR64985936380299438313016602733  Raiganj602929461121321401121324761NR1961511692141326029715144043NRNR35NR5711265960935312050303015625050  Alipurduar44NRNR48901231241131215066NR202NR1701861356024310114043NRNR40NR45816556084319535352515492435  Asansol52NRNR36851261211201004968NR1911531591871205929830164050NRNR37NR479980960100639348373015454548  Balurghat51302738831231231081024972NR190NR1511731384635128162645NRNR52NR5810070058924810040333115603847  Bankura37NRNR34881221241181134862NR193NR1441811336129928123253NRNR35NR61936166095538533372915484753  Barasat54NRNR37901221191211155057NR1961691621751386535029153555NRNR38NR57726356096708939342617454550  Bardhaman5129NR388912012811910950582371931591431921396832029133539NRNR37NR45937666196599050302915674249  Baruipur4635NR43871301201201054759NR202199184187NR5727028243548NRNR42NR471027316096488143372715454345  Berhampore45232540831221121131075263NR1871511701971695430325153838NRNR41NR617160660101479835322815376048  Chinsurah55NRNR38891211281211174960NR190152148181NR623052883244NRNR36NR55866215895519037362915564445  Cooch behar49NRNR43931201201181275055NR2031501761721746729030154047NRNR41NR52937216096488740353015704240  Howrah56NRNR37911251211171124963NR192190173200NR6427030194247NRNRNRNR56105727611006810235353215554852  Jalapiguri39NRNR47881341301111135381NR1991451672011486830030153958NRNR38NR60896886196639347343015715048  Jhargram41NRNR39881251251161125061NR192147142180NR5928928113245NRNR38NR58906785985488536372715464747  Kalimpong45NR363780153132124974769NRNR130137173NR6239416283370NRNR41464399715NR91581017050311946NR40  Krishnagar53NRNR39941241191271165058NR196NR157179NR5938729153852NRNR38NR57806135984579737332917473552  Tamluk3928NR37881241191201224959NR186NR158187NR5830728153860NRNR39NR608871859102679248333014485758  NORTH EAST ZONENORTH EAST ZONE  Andaman and NicobarPort Blair58NRNR60981381331201005472NR220209NR18717676330234050107525862859013774759961579750453515806560  Mayabunder53NRNR70991391421211005976306211229NR19417875367205560130NRNR6492921428726112014097493537154010090  Car Nicobar54NRNR711221541551311015573279NR220NR2141487832320405090NRNR70648211993060108NR944347382278100100  Arunachal pradeshItanagar3937404196136140122905074NR211154157207NR7640016244051NR30426052927145890518560463317694356  NamsaiNRNRNRNRNRNRNRNRNRNRNRNRNRNRNRNRNRNRNRNRNRNRNRNRNRNRNRNRNRNRNRNRNRNRNRNRNRNRNRNRNR  Pasighat53NRNR509311397931136080176238172180187NR9040020205080NRNR50NR5783723591006010070784315604867  Tawang45NR4545100NR140137985773NR236182NR165NR10034020425050NRNR42NR539368457112709828833028733143  Tezu38NRNR4090130120120905270NR148NR154NRNR10024015204080NRNR40NR7010086365108608060403020403055  AssamGuwahati363033377511195978153712162091881762031656022013174163NRNR45NR47NRNRNR10848NR40NR2219764040  Barpeta342335357910996100825174197212139159195163591531018384750433697528373663100408334332718582526  Tinsukia3340323785125100100855477NR220198209198NR6519010143852NRNR44NR449579158108378045353020403050  Dhubri3125NR3478130NR106835377NR231163154176126601801215355050653665501107476396307030402515503530  Goalpara3525323585130130109955163NR205161165181NR6121210154155NRNR35NR53977876396409538323118603535  Golaghat47363442901209011010553671592091611591741577824014163840NRNR41NR59NRNRNR94487145NR2616652743  Mangaldai442333327810795101845270NR193142NRNR1606026011174340NRNR35NR33NRNRNR10833NRNRNR3017652340  Mushalpur3927393786117109110895175NR2191491881881375225910154457NRNR39NR508183160105379629NR2929573939  Udalguri3725NR378311796112875177NR215NR1601881455827210113751NRNR39NR4075687NR95378042NR2113533040  Bajali34NR334087118102113935178164214NR1592051376736310174948NRNR36104458579562104388761603225703840  Hojai3429NR40801129894805462NR1981481491841616726012153745NRNR39NR427067059104407733402811403747  Jorhat403436408511011510510252781812091601591601326020812184060NRNR55NR5478714NR103408042423012602040  Bongaigaon43NRNR358311897110904770NR184152150165NR6032210153041NRNR37NR6076NRNR9032NR40NR3018552040  Morigaon40304040831291201101005267195198159154159137602331015424850NR40NR5010572560101458045372515703050  Sonari4132434298122NR110985278NR214NR176NRNR7522013153855NRNR39NR6090NRNR96458043423015591840  Tamulpur3627393985128110111895277NR198152175NR1606927010154050NRNR39NR4076710NR10235NRNRNR2912483740  Sivasagar45444052901171131151085176NR2362081801941666025311183772336355NR58956816193408037563612502549  Biswanath CharialiNRNRNRNRNRNRNRNRNRNRNRNRNRNRNRNRNRNRNRNRNRNRNRNRNRNRNRNRNRNRNRNRNRNRNRNRNRNRNRNRNR  Dibrugarh3528NR35871271271081015477NR211160186216NR6220312164046NRNR36NR558978458109527952423414503742  Karimganj37NRNR3980114122102795175NR213NR174215NR7223814273942NRNR39NR65130NR6010943NR50NR2917504250  Majuli35NR384098119901151005470NR188NR159NRNR6026015203848NRNR41NR43112NRNR84407045NR3515403040  Sonitpur Tezpur3726304185115100110855169NR203NR186211NR4931010163858NRNR40NR45807496296409650603017802040  Haflong3439NR4590130NR120905577NR190NR121210NR8027015204560NRNR45NR459067958115409540323019802050  AS-Lakhimpur39NRNR3882114102110925373NR200161164178NR5819315143853NRNR42NR40886135998528038533213483043  Diphu3527NR3785116115110875375NR208NR170NR127922331519432845454065708268762101208050353017632742  Nalbari3626NR408212595110855070NR2031451651871266029710154550NRNR40NR40808205896408043503015734030  South Salmara Mankachar4033393881124NR116865075NR2191671601591346423312233051808539NR63NR801598337724550401955NRNR  Kamrup3932NR3979119105106855275NR219NR1882031697521915153860NRNR38NR4579NR5910440NR41403115554042  ManipurImphalNRNRNRNRNRNRNRNRNRNRNRNRNRNRNRNRNRNRNRNRNRNRNRNRNRNRNRNRNRNRNRNRNRNRNRNRNRNRNRNRNR  ChandelNRNRNRNRNRNRNRNRNRNRNRNRNRNRNRNRNRNRNRNRNRNRNRNRNRNRNRNRNRNRNRNRNRNRNRNRNRNRNR JiribamNRNRNRNRNRNRNRNRNRNRNRNRNRNRNRNRNRNRNRNRNRNRNRNRNRNRNRNRNRNRNRNRNRNRNRNRNRNRNRNRNR  Kangpokpi53NRNR45100147NR1401005577NRNRNR176176NRNR273153047100NRNR45NR40977536096NR1204552442050NRNR  SenapatiNRNRNRNRNRNRNRNRNRNRNRNRNRNRNRNRNRNRNRNRNRNRNRNRNRNRNRNRNRNRNRNRNRNRNRNRNRNRNRNRNR  TamenglongNRNRNRNRNRNRNRNRNRNRNRNRNRNRNRNRNRNRNRNRNRNRNRNRNRNRNRNRNRNRNRNRNRNRNRNRNRNRNR ThoubalNRNRNRNRNRNRNRNRNRNRNRNRNRNRNRNRNRNRNRNRNRNRNRNRNRNRNRNRNRNRNRNRNRNRNRNRNRNRNRNRNR  UkhrulNRNRNRNRNRNRNRNRNRNRNRNRNRNRNRNRNRNRNRNRNRNRNRNRNRNRNRNRNRNRNRNRNRNRNRNRNRNRNRNRNR  ChurachandpurNRNRNRNRNRNRNRNRNRNRNRNRNRNRNRNRNRNRNRNRNRNRNRNRNRNRNRNRNRNRNRNRNRNRNRNRNRNRNRNRNR  KakchingNRNRNRNRNRNRNRNRNRNRNRNRNRNRNRNRNRNRNRNRNRNRNRNRNRNRNRNRNRNRNRNRNRNRNRNRNRNRNRNRNR  MeghalayaShillong3634403990130130120904977NR187183154NRNR7032030204747NRNR40NR401037916094578047552822872857  Tura35NRNR4090140NR120905076NR192NR1672031328029318234057NRNR40NR60896925984608353533020703040  Jowai37NR393990NRNR120875477NR154NR154NRNR8036015204838NRNR39NR398768163100508050403016903050  Sohra40NR4240NRNRNR142905277NR165NR154NRNRNR38530305060NRNRNRNRNRNRNRNRNRNRNRNRNRNRNRNRNRNR  Mairang39NR4040NRNRNR120905377NR154NR154NRNRNR38017205043NRNR40NR40103NR601208084505027171004060  Nongpoh3532NR3993145NR122885276NR158NR156NRNR7035316205050NRNR39NR439570363106508750573319733053  Khliehriat4342393992128NR115855076NR150NR148NRNRNR31330224738NRNR39NR44737435983427758423215722540  Williamnagar35NR4035108148NR118885070NR203NR174NR1407831815283958NRNR38NR62877475784688040702020802045  Nongstoin32NR4141NRNRNR120955077NR165NR165NRNRNR36015204550NRNR41NR45976815894678054552716822747  Mawkyrwat35NR4039NRNRNR120855575NR165NRNRNRNRNR37016204847NRNR40NR5010070960986710060503525634767  MizoramAizawl5050405010315313013393558327126025616124415210352030484878NRNR50NR7090703601007390100906040752752  LungleiNRNRNRNRNRNRNRNRNRNRNRNRNRNRNRNRNRNRNRNRNRNRNRNRNRNRNRNRNRNRNRNRNRNRNRNRNRNRNRNRNR  Kolasib5345404595120140140935580NR242NR14320313210048330304085NR4045NR7012072560906098100803635503070  Mamit45NRNR50128NRNR128985380NR253NR132121NR140433302853100NRNR45NR9712754665906112750685034664850  Champhai504950521001301501401085585NR238230150NRNR12056030356080NRNR48NR100160745601084897100804220802560  Serchhip45NRNR49113NRNR1301005085NR264NR154NR143100520303060100NRNR55NR80160633601055310780903023603065  SiahaNRNRNRNRNRNRNRNRNRNRNRNRNRNRNRNRNRNRNRNRNRNRNRNRNRNRNRNRNRNRNRNRNRNRNRNRNRNRNRNRNR  Lawngtlai50NR45501001601401401005080NR253NR143NR132110480304060120NRNR50NR801406606010080100NR9060401003070  Hnahthial53NR4550NR1471501331035284NR257NR154NRNR120513303252100NRNR50NR9014065960966593NR905020752865  Khawzawl4840405292130137120985580NR216145150NR13214346830456387NRNR52NR7012261960985888NR635832774833  Saitual50NR4550107NR140NR1005580NR198NR152NRNR12052330275080NRNR50NR90100NR589580100NR905023803070  NagalandKohima45304545110157130120905577NR154176165NRNRNR35020305063NRNR45NR90907146092508070605015803560  Dimapur40354350711601101209053802091812201982091818035020263050NRNR45NR1001607696780367575805015802655  Tuensang37NR4055100NRNR12010050NRNR176NR200NRNRNRNR20254060NRNR52NR50100NR58924210035905030603570  Mokochung4844NR60100150140120905074NR154170165NRNR8034015255050NRNR60NR7012079160805510070704020502060  Chumukedima40NRNR3690140147140905075NR255211198209NR8231518304855NRNR40NR85123652701153790NR823732583465  MonNRNRNRNRNRNRNRNRNRNRNRNRNRNRNRNRNRNRNRNRNRNRNRNRNRNRNRNRNRNRNRNRNRNRNRNRNRNRNRNRNR  Peren3930454590NRNR1201005070NR154NR165NRNR12032020255560NRNR55NR701136516096378040704720882740  Phek40NR50501001501401301005072NR163NR165NRNR8035020NR5057NRNR50NR10010063068NR6010060635630402050  Tseminyu5040NR57NRNRNR137975570NR150NR152NRNRNR38015284861NRNR53NR8090714609550NRNR904219NR2062  Wokha52NRNR6897NRNR120975074NR158NR158NRNRNR30015304060NRNR70NR8010075860845010060654015702560  Zunheboto5539NR50NR163NR110904575NRNRNRNRNRNR6024018NRNR67NRNR55NR75NR703NR826012030704025603358  Kiphire3835NR60120155140120905570NR154NR165NRNR7534518203570NRNR45NR85956486585589080755515402070  LonglengNRNRNRNRNRNRNRNRNRNRNRNRNRNRNRNRNRNRNRNRNRNRNRNRNRNRNRNRNRNRNRNRNRNRNRNRNRNRNRNRNR  Niuland4028NR50NR130120120905065NR154NR165NRNRNR32515204050NRNR45NR7095NR609030NR40503515302545  Shamator44NR5060100NRNR1301006078NR165NR176NRNR8032020256070NRNR60NR70120692609840100NR953220502560  Noklak40NR5065120NRNR1401005580NR165NR165NRNR80NR20255270NRNR60NR8013076959995010062703520502090  SikkimGangtok45NR404093NRNR123955570NR220143137209NR6730020254550NRNR47NR60110769601086010050533023603050  Gyalshing45NR384090NRNR120905570NR220143176198NR6030020204050NRNR40NR7011065160966010050402823602550  Namchi45NR4042100NRNR1201005270NR220154143198NR6536023254050NRNR45NR8012071458108709050533020702050  Soreng45NR404090NRNR1201005570NR220154165NRNR6020020254060NRNR404070110714621088010035402020702050  Mangan45NR3840100NRNR130905570NR220154170NRNR6046020254060NRNR40NR7012070362108609042503023702550  Pakyong45NR4040110NRNR130955570NR209148165198NRNR30024204060NRNR45NR7012065158108809050603023802550  TripuraAgartala3840NR4082129123911305578NR2081761891991637124310203960NRNR40NR478273668100509251323115783039  Dharmanagar3840NR4287127123971345575NR204NR192NR1748024315213853NRNR44NR50927106395439045422815803040  Belonia3744NR4083130125981405880NR2091781792011648024713214063NRNR41NR508574068105569552333317853240  TR-Udaipur4042NR4285130124951325880NR2091791922011647324510244263NRNR45NR50827516692549452353216773740  Ambassa3941NR4084129124941315680NR2081781912001647724510204160NRNR43NR508876970104489753413115553342  SOUTH ZONESOUTH ZONE  Andhra PradeshVijaywada4633434581133135104854854203156147NR20014855297152533234545425545956045890559230402419556585  Visakhapatnam5630434586126132111854860197193152NR18915965260172038274045454545907256089358835372815504340  Kurnool543741457911711110989456019219913713019013655323173135233739434941937516193238636382313293348  Tirupathi503244458310810510990435817218313416816212461308203236243943414345876415571448534402017483133  JammalamaduguNRNRNRNRNRNRNRNRNRNRNRNRNRNRNRNRNRNRNRNRNRNRNRNRNRNRNRNRNRNRNRNRNRNRNRNRNRNRNR DharmavaramNRNRNRNRNRNRNRNRNRNRNRNRNRNRNRNRNRNRNRNRNRNRNRNRNRNRNRNRNRNRNRNRNRNRNRNRNRNRNR Ongole5331434582119117109894658183186143NR18314157300163530253842424644857186281358133382217512935  Bapatla4829434383111120106854558189NRNRNR18714152287153126303342414543907635972318230352216502332  Rajahmundry4935444681116108106854660192210131NR18913754207162032254142444644895786075378543312312352539  Eluru533843447812011011087486119621514416419114456207212938323744405344858245870438230342619313049  Guntur4730424580115120109874658187187135NR18113752210122125273538404443835855265297730322014292334  AmalapuramNR34454588122NR11786466521921814515819714857295242540293132454648896806084488936392819483330  Nandyala614043398212212210788496119721914815419314859277153527193439395143837436492349049383018262152  Parvathipuram5240454684116120109914860185196148NR19313758279212131294142454546867046082318434352219364538  Sri Sathya Sai452841417811310610489455920119813715718714355320153120343541414743886635875308332352015522533  Nellore49354043821151151051084558192203159NR19215955260193235283540454943808156073298135372116352030  Srikakulam49303845821201181078445561992051361551651366033111223526NRNR475054896735571458945402717554444  Vizianagaram4939404380114117106874960178190144NR18813455275192325303738434243856596068308034322217312436  Anakapalli6035404582120130110855069203211153NR203143522471925303540424040401137146072407334332317472029  Bhimavaram513540418312011110586456019220314615018614155285192534293440444544887915479488838382218353337  Chittoor5035454785105110110954555181198154NR170132603451542351236385050551106816575558030302015425545  Kakinada4735424179116113107864462193213145NR19514055294183034293740434444926406370388433372115512530  Machilipatnam513043458411510010788446316917613316816911452338152234253243444244907436158308531301912245045  Narasaraopeta453044448510210410484456216118816216817411950266183322323343434442927724974348332332018502742  Paderu6030404583120113107855060194194143NR2001325330019283033NRNR434743907036272388033351913522540  RayachotiNRNRNRNRNRNRNRNRNRNRNRNRNRNRNRNRNRNRNRNRNRNRNRNRNRNRNRNRNRNRNRNRNRNRNRNRNRNRNRNRNR  Anantapuramu453040458011210810887456020019813715718814456312183432273339414946846595784288539372716503145  YSR Kadapa483042418110410210787446118219714817018113456301193025303840424842917436269308329362017392830  Madanapalle6740404492119128109924971167200167172192NR57250224033283439464351927875075417952363220574777  Markapuram5030404181120117105904567200182144NR19414854327192825343340424242887016274358239382416493440  KarnatakaBengaluru623645438712713511289485119321615215819115955240182839183941415146907325985537742353016472533  Dharwad523442448412412611288465419619314514619115248268202833284650464846867695691557834433315402838  Mangalore543543448412012911188465620919715017018815458199202929303955454847887475981468335372817572738  Mysore613641508312213010879464820821317817019215659285202833255255405539797216091479548343621574334  Bengaluru (East Range)593842468712412511887515020222315316719615957262203237194244435148927366094608239412818503048  Belagavi533642438311911910786495420319213817319515149258212729265053414543847695684408034592414412930  Kalaburagi563544428412012111790485419819316313618715455211202535224045464945957146096707440603018603545  Tumakuru603543448812612811694495520321314615918714453232212937244950475047827296094468845443219503142  Bellary553345428712212110888465421620315715018216158281192728184042404743977405682417736363018503129  Dhavanagere603644508511811711087485320320815314819615657297243036204156435245877655889417437422416402535  Shivamogga563743468812012211290465420020814514819514854245212630234852474948927455990408636412815402836  Vijayapur563845448512512612283485621821414817818714153244212625254043425043827706487419539423815524046  Ramanagara553442458812011810892485521121613914219214850213192831254244474743907456290409034502416533332  Raichur563344428312212511583455420020017517018814155209162526304749454545947215680439240483917432627  Chamarajanagar573542458312512510696464821520815212219214354198182833265056525054907146091469439634219654338  Kolar603047469012512711894495222421316416919716058259202528153942484349977136084468536423115404651  Haveri593545458512012511090505520019815916519214352247192535204555455045907586090408042453015503540  Bagalkot543844428511811811592465620619614516518615350245202829284946445243907565888488035373518582630  Bidar593741418311912111484455319819813815818316257275192835284148414841877986193538738383317525357  Koppal563643448412012511291455220019415215919215352247193030153945424944907385885399037392617542929  Mandya603644478511912512097515221823114417019015555241202535174647424744957145698408140363015503540  Yadgir553544458612112111087465420320317016519215951210172530254452464645967695882437535382819483045  Chikkamagalur553643468612012411289465320419915315719214855218192735204446474846947196090438536432516454340  Bangalore Rural583643498811912310787475021219213815218614556254182735204945454648947185790408136502618403141  Chikkaballapur553345458711912211088455221820816016919415654292202832224544444543977405982418539412515403244  Chitradurga603644508512011811087465320120814714918715456280182525204252425245867645886427637422416502633  Gadag573644468611812811589485321219214213918414751237212637253944464946887196184588638374018412934  Hassan523644488612112710996465422319915115319515956245212437194646474647917276094397938392813394639  Kodagu543544468712012311389465420619714915519015055249192734264245454746937465994498236392716532643  Udupi573846478311912411194484822021016617718615855221193035304443484747927216286558040553719613435  Uttara Kannada563645438812112911996484821819417017519114857280223135294652434944977695890569643394119434347  Vijayanagara5637424383119122116934552197207142NR19014250220182533184049474845957295988408637383715482730  KeralaT.Puram60534144951351431259050563082421981441981487326014383940465548544595NR6190559048453517555760  Ernakulam50604044102138130135935260240236200NR205170682251540403745604860NR1177867193438055403218505757  Kozhikode47555044110140145137975256NR220165NR1981706223715273524NRNR445247107747NR9557824636281657NR57  Thrissur5452484996139130135854957NR263216NR200172692971743373453575161571167305894548442472915704352  Palakkad4339484389129143116865254234216192NR19316855223133636235350475146947075892338450403215564945  Wayanad485752451161421481431145257271242201NR2151885923917323727NRNR4868491187936798458549453017445365  Kasargod505850601131391361371114666NRNR218NR1971595427515263326NRNR4656461077805688407942403917524049  Kottayam5752445199142120103995058NR226203NR1951636823316333836NRNR5255521127276194468147393515475253  Pathanamthitta62584346104135120129944957NR231247NR2062057526015384247NRNR5158NR1407906094608054444518706763  Alapuzha485950711161441371431254952NRNR191NR2041686623316453639NRNR527166NR76662965596544030NR564052  Kollam4852454493128128127904856NR242228NR202202652281537434365624856559067361915710750412015586060  Idukki5855444593137NR120904970NR225210NR2031766823313403850NRNR4858441077516295548054403215556557  Kannur535649511061431481461005160NRNR213NR19817260266193039254545445351117NR5886608148423519604065  Malapuram49555043901321331201034858270231194NR20816955NR1330402650504651471037475998438044372814506253  PuducherryPuducherryNRNRNRNRNRNRNRNRNRNRNRNRNRNRNRNRNRNRNRNRNRNRNRNRNRNRNRNRNRNRNRNRNRNRNRNRNRNRNRNRNR  Tamil NaduChennai6038434285135137112845240212238174NR192166682883040403342524752499092360100738150383114606058  Madurai5837476887137124106924845227206194NR197174642633035432036395648511127596792478737432614436937  DindigulNRNRNRNRNRNRNRNRNRNRNRNRNRNRNRNRNRNRNRNRNRNRNRNRNRNRNRNRNRNRNRNRNRNRNRNRNRNRNRNRNR  Thiruchirapalli653650541001411381281015047232242190NR197150703053037412644565555571137926986659647363617493649  Coimbatore5737444489128132107814940234200175NR190161612802743392740534953521098016093538554333015535153  Tirunelveli4735485494128132118844744247209176NR189149582672731372542475452531017837091628642353114434546  Cuddalore56384943881351301211124550193198187NR19214360293273640204457495250966915886608241332714424940  Dharmapuri5532444280132132103824944220NR143NR192156522752630382336484845461106908090428245322614355853  VelloreNRNRNRNRNRNRNRNRNRNRNRNRNRNRNRNRNRNRNRNRNRNRNRNRNRNRNRNRNRNRNRNRNRNRNRNRNRNRNRNRNR  Ramanathapuram6137416779121135106894944225NR182NR193171572843151453545465650571177737493598454313113505635  Erode5641494485127136109814944220220177NR197176564402941412238565256551097666793398245302715265144  Karur5735546793135147108875247236210175NR192154672971737392740465652591047256590579645432823664848  Perambalur4941NR6892131142113875143233211189NR19916763NR2932463242605957651217476088589045372714565149  Pudukkottai5841456690128140115NR5240268NR184NR195154606982940403041575655521118766690509850382914555555  Sivagangai5540456896134140121925344252NR219NR198170572922940503039585855611207658590738249372915635336  Thanjavur5539485090134134120954844225242184NR1941515830027323127395548554912689477100579049393114526143  The nilgiris59454852103133143130935554233238168NR19615664213326037254750525353828087293509527723930553554  Thoothukudi5238436585125147110855246231219181NR193165583201030402535506055621108686196558748373013455050  ViluppuramNRNRNRNRNRNRNRNRNRNRNRNRNRNRNRNRNRNRNRNR323717NRNRNRNRNRNRNRNRNRNRNRNRNRNRNRNRNRNR  Virudhunagar6239496781122128105764845249239183NR197172612932842472837535355531077295785338141322013625224  Kanniyakumari6039375380123125107764841225216191NR197166572582531392334403752401037696092508440312813355049  Namakkal6541476390128149117905144198215167NR19515956NR2635402641405149471136647188608254393112606060  Tiruvannamalai5539454885139128118884843225201172NR196162603102737471944584751561138396293628939472913555848  Tiruvarur6230486589124119119NR4444242186187NR17514053NR2035502046514851621227146578559039491820452425  Tiruppur58364854102142139121835043236224171NR19415759265283242234454605559957256082328347412218574728  Tenkasi5640465980126134111NR4946233NR166NR19116360275303540303652565855988136490608844412813495540  Nagapattinam57405067971301281251014744231240178NR19315656NR25354023485049535111787564102559443503415576037  Krishnagiri5536474188130129117905044208202155NR192167593152830352138404348451006155090679640402912536252  Ariyalur5536346590125125108904744240209172NR188163602932635353545455255521088356575359039492514524336  Kallakurichi5740496791133125116885045242222176NR19716458NR3032401738505047501159298591478754343314435251  Kancheepuram5940516790141145121954644210203185NR19215472NR2840402041565253551027805590589152403014455340  Salem55NR484895128121133994445212NR176NR17415248280NR3929414553455548837147068418342382516452732  Theni5837476189125127110854745224219165NR17615055288272936244062505852937917087489146322612525237  Chengalpattu6837465495123120128904644210205175NR16413964NR2837473241495147531137845286678531401913431930  Mayiladuthurai6040506598137117113NR5044201220198NR1941466034027333525454546556311385770966092354225146050NR  RanipetNRNRNRNRNRNRNRNRNRNRNRNRNRNRNRNRNRNRNRNRNRNRNRNRNRNRNRNRNRNRNRNRNRNRNRNRNRNRNRNRNR  Tirupattur6139434684121119119894540216236172NR19414859310293037203438423545927696581538635372415524857  Tiruvallur5738446687129122119924440218208169NR19215665298274040243659555259997626090608231412213554537  TelanganaHyderabad604241438211412310780436319119614817919114762250202828273464445044906246084408045312316502542  Karimnagar54NR435081123126110854363196205152NR191152572972528342745464454439464858894510637362415453142  Warangal54NR424980122126108864465198209136143198150582751828323037414154418556060784011745352514402647  Adilabad58NR444796121120113934590189187182184189147632902925353038454349407973259844810349392415452242  Suryapet50NR424687122125110984465192188181185197142632652225322539574148388762262844410246382515482748  Jadcherla54NR42498512412511590446519015614914519114558292203930283549395342825285887319243372415422847  Khammam59NR475289125128117954366183166126161183142542972032303037473552348851760803310843432516432545  Medchal4747454780131128114784564197220165168190143552502228302740504453459053861843511543352617483445  Nizamabad5233404478116128100824562193198200170190149602492326302840454249428062565823410445352618433246  Sangareddy6030485382125124116954565192198145NR196143624122530322939585155489565959844210543392516563545  Kothagudem51NR444990130126125924871188NR143NR19814560348313832284555455555957446084418740302412452746  LadakhLeh53NRNRNR1401801501281305070NR242NRNRNRNR8064030485070NRNR70NR4412267758846310337613918905050  Kargil45NRNR40127135115115904866NR159160159NRNR476502840408060NR50NR4510067764846010080805321956060  Commodity NameCommodity NameRiceRiceWheatAtta (Wheat)Gram DalTur/Arhar DalUrad DalMoong DalMasoor DalSugarMilk @Groundnut Oil (Packed)Mustard Oil (Packed)Vanaspati (Packed)Soya Oil (Packed)Sunflower Oil (Packed)Palm Oil (Packed)GurTea LooseSalt Pack (Iodised)PotatoOnionTomatoBajra(whole)Jowar(whole)Maida(wheat)Ragi(whole)Suji(whole)BesanDesi GheeButter(Pasteurised)EggsBrinjalBlack Pepper(whole)Coriander(whole)Cummin Seed(whole)Red Chillies(whole)Turmeric(powder)BananaGIngerGarlic  Average Price1Average Price144.5832.8631.2637.0586.03122.96120.36111.7390.2848.1860.75205.83195.22164.89163.97189.01147.7159.26275.8321.9322.8734.7141.2138.3244.5142.1555.0447.1195.92693.0859.6686.3342.7188.2141.354129.516.5749.6837.1542.7  Maximum Price1Maximum Price170605471140180155146140609030826425622524420514369834606313080857011310016093085120157150100956040100100100  Minimum Price1Minimum Price131172328709581867139401591481261211211043615310819121822312931655004955156526251810231720  Modal Price1Modal Price1403028358512012011090456021019814816519214360300202040404040405540907696084409040353015503040  Source:- State civil supplies Dept.Note:- All India Consumption Weighted Average Prices of Oils w.e.f 23-Feb-2022 and Wheat and Atta w.e.f 25-Feb-2023 NR -> Not Reported Unit for Black Pepper (powder),Coriander (powder),Cummin Seed (powder),Red Chillies (powder),Turmeric (powder),Butter (Pasteurised) - Rs/100gm Unit for Eggs - Rs/Dozen Developed by:- National Informatics Centre(NIC)",,,,,,,,,,,,,,,,,,,,,,,,,,,,,,,,,,,,,,,,,,,2026-07-20
"Source:- State civil supplies Dept.Note:- All India Consumption Weighted Average Prices of Oils w.e.f 23-Feb-2022 and Wheat and Atta w.e.f 25-Feb-2023 NR -> Not Reported Unit for Black Pepper (powder),Coriander (powder),Cummin Seed (powder),Red Chillies (powder),Turmeric (powder),Butter (Pasteurised) - Rs/100gm Unit for Eggs - Rs/Dozen Developed by:- National Informatics Centre(NIC)",,,,,,,,,,,,,,,,,,,,,,,,,,,,,,,,,,,,,,,,,,,2026-07-20
Source:- State civil supplies Dept.,Note:- All India Consumption Weighted Average Prices of Oils w.e.f 23-Feb-2022 and Wheat and Atta w.e.f 25-Feb-2023,NR -> Not Reported,,,,,,,,,,,,,,,,,,,,,,,,,,,,,,,,,,,,,,,,,2026-07-20
"Unit for Black Pepper (powder),Coriander (powder),Cummin Seed (powder),Red Chillies (powder),Turmeric (powder),Butter (Pasteurised) - Rs/100gm","Unit for Black Pepper (powder),Coriander (powder),Cummin Seed (powder),Red Chillies (powder),Turmeric (powder),Butter (Pasteurised) - Rs/100gm",,,,,,,,,,,,,,,,,,,,,,,,,,,,,,,,,,,,,,,,,,2026-07-20
,Unit for Eggs - Rs/Dozen,,,,,,,,,,,,,,,,,,,,,,,,,,,,,,,,,,,,,,,,,,2026-07-20
Developed by:- National Informatics Centre(NIC),Developed by:- National Informatics Centre(NIC),,,,,,,,,,,,,,,,,,,,,,,,,,,,,,,,,,,,,,,,,,2026-07-20
,,,,,,,,,,,,,,,,,,,,,,,,,,,,,,,,,,,,,,,,,,,2026-07-20
