State,Centre,Rice,Broken Rice,Wheat,Atta (Wheat),Gram Dal,Tur/Arhar Dal,Urad Dal,Moong Dal,Masoor Dal,Sugar,Milk @,Groundnut Oil (Packed),Mustard Oil (Packed),Vanaspati (Packed),Soya Oil (Packed),Sunflower Oil (Packed),Palm Oil (Packed),Gur,Tea Loose,Salt Pack (Iodised),Potato,Onion,Tomato,Bajra (whole),Jowar (whole),Maida (wheat),Ragi (whole),Suji (whole),Besan,Desi Ghee,Butter (Pasteurised),Eggs,Brinjal,Black Pepper (whole),Coriander (whole),Cummin Seed (whole),Red Chillies (whole),Turmeric (powder),Banana,Ginger,Garlic,Date
Unit,Qty,1 Kg,1 Kg,1 Kg,1 Kg,1 Kg,1 Kg,1 Kg,1 Kg,1 Kg,1 Kg,1 ltr,1 Kg,1 Kg,1 Kg,1 Kg,1 Kg,1 Kg,1 Kg,1 Kg,1 Kg,1 Kg,1 Kg,1 Kg,1 Kg,1 Kg,1 Kg,1 Kg,1 Kg,1 Kg,1 Kg,100 gm,Dozen,1 Kg,100 gm,250 gm,100 gm,100 gm,50 gm,1 Kg,100 gm,100 gm,2026-08-27
Average Price,Average Price,45.91,32.69,31.35,37.19,87.05,123.29,121.81,111.66,90.65,64.33,61.18,207.43,200.5,165.84,165.53,191.23,148.39,66.89,277.78,22.35,22.36,46.58,38.26,38.48,44.77,42.14,55.61,47.16,96.05,694.2,60.27,83.63,42.68,88.57,42.55,41.05,30.21,16.62,49.88,36.61,43.79,2026-08-27
Maximum Price,Maximum Price,70,55,55,69,140,182,153,152,140,76,85,292,263,256,209,244,198,143,698,32,51,77,130,85,85,75,104,100,160,929,85,120,160,127,100,95,60,35,107,73,90,2026-08-27
Minimum Price,Minimum Price,30,17,22,27,70,95,81,86,73,43,40,153,143,126,120,121,110,42,153,10,9,22,10,19,22,31,35,31,65,507,45,51,15,68,27,25,18,10,25,17,22,2026-08-27
Modal Price,Modal Price,40,30,28,35,85,120,120,110,90,65,60,203,209,176,165,198,140,65,300,20,20,50,40,35,40,40,55,40,90,714,60,84,40,80,40,35,30,15,50,30,50,2026-08-27
NORTH ZONE,NORTH ZONE,,,,,,,,,,,,,,,,,,,,,,,,,,,,,,,,,,,,,,,,,,2026-08-27
Chandigarh,Chandigarh,46,33,32,39,87,124,122,112,90,64,61,214,209,176,173,193,152,63,276,28,23,55,40,38,45,42,55,47,96,681,60,83,43,88,42,41,30,16,50,35,42,2026-08-27
Delhi,Delhi,45,36,34,36,93,120,130,120,90,65,59,225,211,190,198,220,169,73,237,28,22,62,47,33,39,38,60,40,95,684,60,75,60,93,41,31,30,14,57,67,73,2026-08-27
Haryana,Hisar,41,37,30,34,85,127,115,110,88,65,62,229,201,167,161,183,134,61,252,29,20,43,47,27,38,39,65,40,90,646,60,77,50,83,41,39,35,15,70,28,50,2026-08-27
Haryana,Karnal,NR,NR,NR,NR,NR,NR,NR,NR,NR,NR,NR,NR,NR,NR,NR,NR,NR,NR,NR,NR,NR,NR,NR,NR,NR,NR,NR,NR,NR,NR,NR,NR,NR,NR,NR,NR,NR,NR,NR,NR,NR,2026-08-27
Haryana,Panchkula,NR,NR,NR,NR,NR,NR,NR,NR,NR,NR,NR,NR,NR,NR,NR,NR,NR,NR,NR,NR,NR,NR,NR,NR,NR,NR,NR,NR,NR,NR,NR,NR,NR,NR,NR,NR,NR,NR,NR,NR,NR,2026-08-27
Haryana,Gurgaon,45,43,28,34,83,121,136,107,79,66,69,215,215,195,161,156,126,75,290,18,29,59,40,23,30,35,37,43,88,542,56,62,23,86,36,47,32,16,70,46,46,2026-08-27
Himachal Pradesh,Shimla,40,NR,NR,34,87,129,128,118,86,64,60,253,234,185,177,NR,NR,59,240,31,30,58,50,33,NR,39,NR,39,90,681,58,84,40,83,34,38,24,17,55,42,45,2026-08-27
Himachal Pradesh,Mandi,41,NR,NR,36,86,130,138,115,87,63,62,237,224,185,176,190,NR,59,260,32,24,55,39,34,NR,36,NR,38,95,682,58,90,42,87,46,31,32,16,57,51,44,2026-08-27
Himachal Pradesh,Dharamshala,38,NR,NR,32,84,127,127,117,87,65,44,NR,215,175,165,NR,NR,54,235,30,20,50,40,34,NR,35,NR,40,93,630,59,90,40,97,49,42,34,15,60,32,38,2026-08-27
Himachal Pradesh,Solan,39,NR,NR,34,87,126,128,115,91,60,55,223,224,176,162,181,NR,61,230,30,20,55,30,36,38,34,NR,34,96,644,59,86,40,91,44,35,34,17,60,40,43,2026-08-27
Himachal Pradesh,Una,39,NR,NR,34,91,116,133,102,85,61,69,NR,201,194,180,NR,NR,59,265,31,15,55,33,34,NR,33,NR,33,98,701,63,109,24,98,59,34,35,15,56,31,47,2026-08-27
Himachal Pradesh,Bilaspur-hp,41,NR,NR,34,83,126,129,112,86,69,66,NR,192,187,177,NR,NR,70,200,31,17,57,40,33,60,37,62,37,82,743,58,96,40,87,47,31,33,13,53,30,50,2026-08-27
Himachal Pradesh,Chamba,38,45,NR,39,85,126,124,118,89,68,55,NR,199,183,178,NR,NR,56,235,30,25,57,49,49,59,39,60,40,89,644,60,88,41,88,48,35,36,18,55,48,52,2026-08-27
Himachal Pradesh,Hamirpur-HP,40,NR,NR,33,86,122,128,107,82,66,69,NR,224,187,172,NR,NR,58,265,31,24,53,43,33,48,37,NR,36,83,641,60,94,37,87,39,37,32,15,53,47,48,2026-08-27
Himachal Pradesh,Kullu,40,NR,NR,36,88,130,127,110,84,65,40,NR,231,181,184,NR,NR,65,220,30,28,60,30,NR,NR,37,NR,37,97,707,61,90,43,90,33,32,32,12,55,60,60,2026-08-27
Himachal Pradesh,Sirmour,41,NR,NR,32,84,124,124,113,85,65,51,233,210,178,162,146,NR,61,273,31,21,52,50,36,NR,35,NR,36,95,610,62,85,50,92,36,45,32,19,60,50,51,2026-08-27
Himachal Pradesh,Kinnaur,38,NR,NR,37,83,128,129,107,83,57,60,NR,234,180,153,NR,NR,57,260,32,30,60,60,NR,NR,38,NR,42,89,879,63,90,58,100,48,45,42,15,50,52,50,2026-08-27
Himachal Pradesh,Lahaul & Spiti,40,NR,NR,36,93,123,123,114,97,62,51,NR,242,175,NR,NR,NR,60,480,28,29,60,52,NR,NR,35,NR,34,84,600,58,97,42,80,36,36,28,15,57,39,44,2026-08-27
Jammu and Kashmir,Srinagar,43,25,41,45,93,146,125,123,100,55,55,NR,209,185,179,187,NR,60,320,30,33,32,32,NR,NR,60,NR,53,115,679,62,83,52,100,53,70,39,17,80,48,41,2026-08-27
Jammu and Kashmir,Jammu,50,37,31,36,84,112,119,118,91,57,55,NR,227,172,169,164,118,60,303,30,25,43,47,36,58,57,68,60,109,638,60,94,38,92,63,47,33,19,52,45,41,2026-08-27
Jammu and Kashmir,Poonch,57,42,38,50,118,182,128,123,122,72,77,NR,236,214,194,NR,NR,76,390,30,30,64,59,NR,NR,54,NR,60,123,751,60,84,57,85,48,31,31,15,77,41,52,2026-08-27
Jammu and Kashmir,Kupwara,48,NR,38,41,103,NR,130,127,119,60,55,NR,198,176,169,174,150,57,497,30,30,40,47,NR,NR,35,NR,51,117,664,62,73,53,79,39,51,32,14,107,33,40,2026-08-27
Jammu and Kashmir,Udhampur,NR,NR,NR,NR,NR,NR,NR,NR,NR,NR,NR,NR,NR,NR,NR,NR,NR,NR,NR,NR,NR,NR,NR,NR,NR,NR,NR,NR,NR,NR,NR,NR,NR,NR,NR,NR,NR,NR,NR,NR,NR,2026-08-27
Jammu and Kashmir,Shopian,NR,NR,NR,NR,NR,NR,NR,NR,NR,NR,NR,NR,NR,NR,NR,NR,NR,NR,NR,NR,NR,NR,NR,NR,NR,NR,NR,NR,NR,NR,NR,NR,NR,NR,NR,NR,NR,NR,NR,NR,NR,2026-08-27
Jammu and Kashmir,Samba,NR,NR,NR,NR,NR,NR,NR,NR,NR,NR,NR,NR,NR,NR,NR,NR,NR,NR,NR,NR,NR,NR,NR,NR,NR,NR,NR,NR,NR,NR,NR,NR,NR,NR,NR,NR,NR,NR,NR,NR,NR,2026-08-27
Jammu and Kashmir,Ramban,NR,NR,NR,NR,NR,NR,NR,NR,NR,NR,NR,NR,NR,NR,NR,NR,NR,NR,NR,NR,NR,NR,NR,NR,NR,NR,NR,NR,NR,NR,NR,NR,NR,NR,NR,NR,NR,NR,NR,NR,NR,2026-08-27
Jammu and Kashmir,Rajouri,NR,NR,NR,NR,NR,NR,NR,NR,NR,NR,NR,NR,NR,NR,NR,NR,NR,NR,NR,NR,NR,NR,NR,NR,NR,NR,NR,NR,NR,NR,NR,NR,NR,NR,NR,NR,NR,NR,NR,NR,NR,2026-08-27
Jammu and Kashmir,Kishtwar,NR,NR,NR,NR,NR,NR,NR,NR,NR,NR,NR,NR,NR,NR,NR,NR,NR,NR,NR,NR,NR,NR,NR,NR,NR,NR,NR,NR,NR,NR,NR,NR,NR,NR,NR,NR,NR,NR,NR,NR,NR,2026-08-27
Jammu and Kashmir,Doda,NR,NR,NR,NR,NR,NR,NR,NR,NR,NR,NR,NR,NR,NR,NR,NR,NR,NR,NR,NR,NR,NR,NR,NR,NR,NR,NR,NR,NR,NR,NR,NR,NR,NR,NR,NR,NR,NR,NR,NR,NR,2026-08-27
Jammu and Kashmir,Baramulla,NR,NR,NR,NR,NR,NR,NR,NR,NR,NR,NR,NR,NR,NR,NR,NR,NR,NR,NR,NR,NR,NR,NR,NR,NR,NR,NR,NR,NR,NR,NR,NR,NR,NR,NR,NR,NR,NR,NR,NR,NR,2026-08-27
Jammu and Kashmir,Reasi,NR,NR,NR,NR,NR,NR,NR,NR,NR,NR,NR,NR,NR,NR,NR,NR,NR,NR,NR,NR,NR,NR,NR,NR,NR,NR,NR,NR,NR,NR,NR,NR,NR,NR,NR,NR,NR,NR,NR,NR,NR,2026-08-27
Jammu and Kashmir,Kathua,NR,NR,NR,NR,NR,NR,NR,NR,NR,NR,NR,NR,NR,NR,NR,NR,NR,NR,NR,NR,NR,NR,NR,NR,NR,NR,NR,NR,NR,NR,NR,NR,NR,NR,NR,NR,NR,NR,NR,NR,NR,2026-08-27
Punjab,Amritsar,40,34,28,32,83,137,135,112,90,67,59,238,209,175,158,192,NR,80,273,29,20,58,40,37,38,41,61,40,90,692,60,83,40,95,44,30,29,12,50,33,55,2026-08-27
Punjab,Ludhiana,43,35,28,37,87,135,133,118,100,65,62,240,211,178,167,200,NR,77,280,27,18,57,40,34,48,39,62,42,97,604,52,80,48,93,55,42,25,19,47,37,50,2026-08-27
Punjab,Bathinda,40,31,28,32,83,135,137,113,90,66,58,242,209,176,156,196,143,82,273,29,17,58,38,32,40,38,62,38,95,683,60,80,40,95,47,30,29,13,42,31,58,2026-08-27
Punjab,Barnala,40,41,27,33,85,138,132,107,97,67,65,238,200,176,148,185,132,76,273,32,20,56,45,33,38,40,NR,45,88,698,58,95,42,90,60,40,38,18,52,30,40,2026-08-27
Punjab,Hoshiarpur,36,33,28,37,84,124,119,112,106,69,71,229,201,177,144,157,126,69,272,25,15,47,46,37,32,44,65,48,91,628,55,79,37,99,49,45,34,15,62,43,41,2026-08-27
Punjab,Faridkot,42,36,29,34,85,133,137,118,94,66,69,241,191,177,151,202,136,71,288,30,19,53,40,33,48,38,73,38,90,648,60,84,38,89,50,33,30,14,52,40,50,2026-08-27
Punjab,Mansa,40,39,27,33,87,133,135,113,98,65,60,NR,205,174,156,NR,137,75,280,29,20,57,43,40,40,39,62,38,92,659,58,85,38,92,42,35,30,16,50,58,52,2026-08-27
Punjab,Sri Muktsar Sahib,41,40,28,32,83,130,140,117,90,65,66,218,187,172,145,176,123,70,290,29,20,57,40,29,52,39,67,39,88,630,61,72,42,90,52,33,26,14,52,42,50,2026-08-27
Punjab,Dera Bassi,40,36,27,33,90,133,135,117,97,66,61,NR,209,176,161,NR,NR,77,268,29,21,58,40,39,41,38,62,40,90,681,60,73,37,95,41,35,32,16,50,47,50,2026-08-27
Punjab,Sangrur,40,27,28,33,90,130,131,105,87,66,60,246,197,195,190,195,175,70,263,32,15,60,40,35,45,40,67,40,97,710,60,78,30,95,60,45,30,15,50,43,44,2026-08-27
Punjab,Ropar,40,37,27,33,88,135,135,117,97,67,61,240,209,176,160,NR,141,77,277,29,20,58,40,37,42,39,58,39,93,678,60,83,40,93,44,36,31,15,48,50,50,2026-08-27
Punjab,Amargarh,40,27,28,33,90,130,130,108,85,67,60,245,198,193,193,195,181,70,250,32,15,60,44,35,45,40,NR,40,95,714,60,72,35,95,60,50,30,15,40,40,50,2026-08-27
Punjab,Fatehgarh Sahib,47,32,29,35,97,135,122,115,105,59,60,256,198,180,178,201,125,61,290,30,17,48,43,28,45,37,65,40,95,622,60,78,45,95,45,48,38,19,50,24,36,2026-08-27
Punjab,Ferozepur,50,40,32,36,90,140,140,120,90,66,65,242,198,176,143,203,137,76,400,32,20,50,50,40,50,40,60,40,90,758,75,70,32,100,60,38,40,15,50,40,52,2026-08-27
Punjab,Kapurthala,36,31,30,39,70,133,122,108,93,70,65,231,198,167,146,178,154,75,287,30,20,60,40,43,50,40,62,45,92,692,62,90,45,95,32,36,34,14,58,30,50,2026-08-27
Uttar Pradesh,Lucknow,41,31,30,35,80,115,117,95,75,64,65,209,199,166,177,188,154,69,257,20,19,45,33,31,40,36,55,36,92,617,60,90,33,88,40,40,30,15,48,42,43,2026-08-27
Uttar Pradesh,Kanpur,40,23,26,32,85,120,115,100,90,70,60,187,198,154,148,158,135,63,234,26,20,37,40,35,40,41,NR,35,81,580,55,75,21,100,31,40,33,19,50,34,35,2026-08-27
Uttar Pradesh,Varanasi,46,33,28,37,84,122,125,106,80,67,73,212,197,179,177,204,179,69,235,21,24,47,37,37,56,39,NR,40,106,738,65,84,38,84,32,32,29,18,58,32,44,2026-08-27
Uttar Pradesh,Agra,45,31,30,34,80,115,99,89,74,68,70,223,202,176,189,208,185,62,251,27,19,50,30,19,39,41,NR,43,99,802,62,85,28,80,49,30,31,15,40,37,43,2026-08-27
Uttar Pradesh,Jhansi,54,33,29,35,82,130,127,110,83,65,68,216,183,176,148,201,132,68,233,22,20,57,33,33,40,38,67,43,93,685,60,78,38,93,50,38,30,17,45,35,50,2026-08-27
Uttar Pradesh,Meerut,38,31,30,36,86,115,116,86,85,65,67,185,177,178,175,180,166,58,275,19,19,48,41,39,39,37,65,37,100,658,60,89,37,85,36,36,32,15,54,45,44,2026-08-27
Uttar Pradesh,Allahabad,53,25,29,34,90,120,136,132,96,68,56,224,205,172,165,203,148,67,335,30,20,47,42,35,36,41,45,45,99,685,63,72,37,88,33,46,30,20,57,52,63,2026-08-27
Uttar Pradesh,Gorakhpur,41,24,28,36,81,116,116,109,85,64,55,195,187,159,152,169,123,59,225,22,18,46,34,36,34,34,51,36,92,599,56,80,37,78,33,38,24,16,55,26,32,2026-08-27
Uttar Pradesh,Saharanpur,40,28,26,30,82,117,117,110,88,62,58,NR,175,155,154,172,139,55,242,21,16,45,40,32,NR,38,NR,39,91,570,60,80,37,83,33,37,25,11,49,47,44,2026-08-27
Uttar Pradesh,Bareilly,38,29,27,35,90,118,132,108,102,64,72,220,199,172,171,189,168,68,287,26,12,42,37,27,41,38,56,38,90,714,60,79,32,81,47,32,31,17,53,34,35,2026-08-27
Uttar Pradesh,Ayodhya,40,32,28,35,90,118,130,120,95,65,60,198,198,187,176,174,143,60,250,28,20,60,50,45,45,45,60,42,100,835,60,72,40,90,40,45,30,20,60,20,35,2026-08-27
Uttar Pradesh,Moradabad,39,26,25,32,81,116,114,107,86,58,58,196,173,149,157,158,145,59,236,21,16,44,47,34,39,36,53,38,89,676,56,76,32,84,34,38,26,18,49,31,37,2026-08-27
Uttar Pradesh,Aligarh,40,31,28,34,82,118,115,106,84,60,56,200,192,158,156,184,143,62,247,20,19,40,33,34,41,38,50,42,91,613,55,78,37,85,37,39,25,15,45,34,38,2026-08-27
Uttar Pradesh,Mirzapur (Vindhyanchal),35,25,25,34,83,115,110,104,84,66,50,184,177,150,137,148,113,55,218,22,16,40,38,31,41,35,50,41,95,683,62,86,36,82,31,39,25,15,47,39,42,2026-08-27
Uttar Pradesh,Banda,37,26,28,33,80,112,104,99,80,65,55,231,198,170,143,181,116,67,158,19,13,50,40,41,59,36,69,39,82,604,60,82,32,88,39,33,31,21,47,35,50,2026-08-27
Uttar Pradesh,Azamgarh,39,29,28,32,84,122,120,116,88,66,61,NR,213,171,172,200,NR,69,280,24,14,45,50,37,42,42,51,33,104,657,56,94,33,76,28,37,29,18,50,33,42,2026-08-27
Uttar Pradesh,Gonda (Devipatan),39,25,27,39,85,118,128,125,88,65,53,214,205,163,168,172,128,68,257,20,15,43,37,39,37,38,62,49,100,622,58,86,38,85,34,40,25,20,45,38,40,2026-08-27
Uttar Pradesh,Amethi,NR,NR,NR,NR,NR,NR,NR,NR,NR,NR,NR,NR,NR,NR,NR,NR,NR,NR,NR,NR,NR,NR,NR,NR,NR,NR,NR,NR,NR,NR,NR,NR,NR,NR,NR,NR,NR,NR,NR,NR,NR,2026-08-27
Uttar Pradesh,Barabanki,45,29,28,35,77,115,118,111,78,65,60,200,186,168,167,175,130,63,225,22,20,42,37,31,49,37,45,36,98,612,59,105,32,85,31,42,30,15,46,30,30,2026-08-27
Uttar Pradesh,Bhadohi,35,22,27,35,80,115,113,115,80,70,68,212,192,179,152,178,124,70,215,22,10,49,40,33,39,37,49,40,79,674,62,72,30,90,36,39,30,16,60,20,35,2026-08-27
Uttar Pradesh,Chandauli,35,23,27,35,75,112,111,110,80,62,59,216,198,181,143,194,115,69,247,19,12,49,30,32,52,34,60,40,85,634,56,84,29,81,36,39,28,16,49,27,42,2026-08-27
Uttar Pradesh,Farrukhabad,49,30,26,31,84,112,124,110,90,66,66,225,214,165,159,220,126,67,187,19,11,34,35,25,NR,36,NR,40,92,659,61,82,30,80,37,34,26,16,43,40,40,2026-08-27
Uttar Pradesh,Ghazipur,42,29,29,37,84,125,121,115,92,67,64,199,191,156,154,190,144,63,271,23,15,51,42,36,42,44,57,54,100,704,61,89,42,87,42,39,29,19,52,43,52,2026-08-27
Uttar Pradesh,Jaunpur,45,34,28,35,84,117,119,112,86,64,64,214,209,184,175,186,131,69,273,22,18,52,32,37,45,39,55,40,89,713,57,86,36,89,39,41,29,19,50,45,48,2026-08-27
Uttar Pradesh,UP-Pratapgarh,41,24,30,34,81,114,117,114,89,64,54,213,202,168,164,173,128,70,252,20,14,39,38,35,31,39,46,39,98,553,58,78,33,90,35,31,27,16,39,35,44,2026-08-27
Uttar Pradesh,Sambhal,42,23,26,32,87,112,108,99,93,63,56,200,182,156,142,158,144,59,260,19,15,49,40,28,NR,38,NR,37,97,659,60,79,25,85,46,43,30,16,45,42,37,2026-08-27
Uttar Pradesh,Santkabir Nagar,44,39,26,35,82,122,108,102,77,64,67,205,221,150,146,178,123,49,265,30,16,39,27,29,30,37,83,46,98,734,61,96,38,100,30,52,29,20,48,42,42,2026-08-27
Uttar Pradesh,Shahjahanpur,32,19,26,32,81,118,107,110,102,63,56,183,178,147,136,159,128,60,222,20,14,38,41,26,32,34,52,37,87,553,55,89,24,87,30,34,24,11,43,25,35,2026-08-27
Uttar Pradesh,Sitapur,40,28,28,33,83,113,110,108,85,63,60,195,180,150,146,157,132,57,230,20,19,44,39,30,34,36,55,40,91,637,59,74,32,80,35,40,30,15,47,27,37,2026-08-27
Uttar Pradesh,Sultanpur,42,30,32,33,85,120,117,110,86,63,57,203,185,161,159,183,152,65,268,20,20,41,38,36,41,39,52,43,92,639,57,80,40,85,35,37,26,15,45,30,38,2026-08-27
Uttar Pradesh,Unnao,42,31,28,31,87,118,118,108,88,65,63,207,198,163,163,179,146,68,253,20,20,48,38,37,42,37,53,42,98,586,59,83,37,88,38,38,28,16,42,38,43,2026-08-27
Uttar Pradesh,Ambedkar Nagar,38,24,26,35,77,125,128,130,89,70,60,225,220,160,161,161,138,73,201,28,18,51,44,38,38,35,75,41,87,724,63,80,41,80,38,40,32,20,55,35,40,2026-08-27
Uttar Pradesh,Amroha,42,23,26,33,83,122,115,95,87,62,60,249,180,151,157,176,136,64,233,22,20,45,40,30,43,38,43,38,90,714,60,73,37,84,42,39,34,20,37,45,43,2026-08-27
Uttar Pradesh,Baghpat,43,37,NR,31,83,130,127,118,98,64,70,205,190,165,161,165,130,65,210,28,19,35,40,35,51,35,67,40,95,604,60,88,40,83,33,35,25,12,38,25,47,2026-08-27
Uttar Pradesh,Bijnor,44,25,28,35,79,99,108,92,82,63,58,211,200,164,175,197,156,65,278,21,15,46,38,30,40,40,50,41,98,604,57,84,37,87,41,35,31,15,42,33,35,2026-08-27
Uttar Pradesh,Budaun,36,17,25,30,86,112,104,99,94,67,65,214,182,179,168,183,129,55,280,21,12,34,32,26,46,39,65,38,93,615,59,70,32,90,30,39,26,11,41,25,25,2026-08-27
Uttar Pradesh,Etah,44,33,29,35,83,118,112,110,90,64,60,207,190,161,156,176,115,58,270,22,19,42,38,31,NR,39,NR,41,90,677,60,74,33,93,32,40,32,18,45,30,40,2026-08-27
Uttar Pradesh,Fatehpur,44,19,28,35,88,117,118,107,88,66,61,201,191,157,151,163,125,69,225,23,16,33,38,24,33,35,43,36,96,613,61,80,37,87,37,42,23,19,44,34,43,2026-08-27
Uttar Pradesh,Ghaziabad,39,29,31,34,82,114,122,111,95,64,58,224,199,176,159,188,135,64,203,22,16,47,31,30,42,38,52,42,99,635,62,86,38,84,41,41,31,15,47,38,38,2026-08-27
Uttar Pradesh,Hardoi,44,33,27,34,83,120,117,109,88,65,58,209,190,161,160,184,137,68,245,20,17,47,33,35,37,38,55,44,98,625,59,84,36,87,38,40,29,16,45,31,41,2026-08-27
Uttar Pradesh,Jalaun,46,25,29,35,84,118,103,102,89,65,58,183,173,152,130,163,115,58,225,20,15,45,35,35,41,40,NR,43,95,573,60,81,30,90,38,42,29,18,40,40,45,2026-08-27
Uttar Pradesh,Kaushambi,46,26,26,36,85,119,132,110,86,62,58,207,198,175,163,189,130,62,238,21,23,53,50,31,36,38,55,35,87,611,57,79,38,85,40,36,29,16,37,32,40,2026-08-27
Uttar Pradesh,Kushinagar,35,28,26,37,82,111,114,118,82,67,69,186,197,157,166,159,135,67,221,27,14,47,52,40,41,39,45,40,96,618,61,61,30,88,39,38,29,13,47,36,30,2026-08-27
Uttar Pradesh,Lakhimpur Kheri,38,27,28,33,88,117,112,110,92,68,59,190,190,145,150,167,112,66,228,20,20,47,42,31,35,35,60,36,90,665,58,74,30,79,35,44,32,18,45,23,44,2026-08-27
Uttar Pradesh,Pilibhit,45,39,28,32,90,115,117,117,97,68,70,211,203,176,159,193,140,69,229,20,12,45,30,34,50,40,72,40,100,698,61,90,15,90,50,45,36,17,30,30,55,2026-08-27
Uttar Pradesh,Sharwasti,40,25,28,40,81,117,120,117,80,65,60,194,220,170,181,NR,124,60,218,29,18,38,28,NR,NR,40,NR,40,98,582,60,83,20,88,40,40,20,15,33,38,40,2026-08-27
Uttar Pradesh,Siddharth Nagar,41,30,29,35,86,124,132,116,82,65,65,220,209,174,160,164,127,62,232,23,15,47,32,40,45,35,62,35,82,630,59,80,32,71,37,33,25,20,36,38,43,2026-08-27
Uttar Pradesh,Sonbhadra,35,28,26,31,75,110,105,102,80,66,45,176,165,152,132,154,121,68,210,24,15,38,40,27,40,33,50,34,80,621,65,68,35,85,33,32,25,14,45,20,25,2026-08-27
Uttar Pradesh,Rampur,53,27,27,30,78,106,115,103,99,63,60,193,190,153,158,159,139,59,271,24,19,50,27,34,50,35,NR,36,98,636,66,80,28,95,37,35,29,13,52,34,45,2026-08-27
Uttar Pradesh,Bahraich,37,27,28,33,89,128,120,114,90,63,56,194,196,157,154,161,124,50,250,25,21,39,39,37,35,36,66,36,106,646,56,82,24,73,27,36,23,19,53,21,37,2026-08-27
Uttar Pradesh,Basti,40,27,32,34,85,119,131,111,77,63,56,209,202,164,160,155,128,81,243,21,17,47,40,42,53,35,53,35,92,601,57,83,40,81,37,41,26,20,40,39,45,2026-08-27
Uttar Pradesh,Etawah,45,NR,27,32,85,120,113,110,88,68,63,199,193,166,156,NR,137,66,264,20,14,50,35,33,NR,40,55,44,95,657,60,84,39,85,39,41,29,16,50,34,40,2026-08-27
Uttar Pradesh,Muzzafarnagar,41,30,27,32,86,120,119,108,89,60,58,187,179,158,158,180,145,61,245,20,17,50,40,35,40,36,NR,36,90,525,58,74,35,80,34,35,25,11,45,40,44,2026-08-27
Uttar Pradesh,Chitrakoot,41,24,25,32,81,110,102,94,81,63,50,192,209,165,165,180,138,70,220,15,20,52,40,32,28,40,59,48,87,637,58,105,40,80,38,40,21,15,45,40,57,2026-08-27
Uttar Pradesh,Hamirpur-UP,44,25,28,36,88,116,119,110,86,62,70,191,192,159,182,186,138,70,210,17,20,50,40,NR,NR,41,NR,42,97,643,60,86,31,89,42,48,30,17,55,36,45,2026-08-27
Uttar Pradesh,Deoria,37,22,28,32,91,116,108,98,93,67,61,238,197,141,132,229,120,47,230,20,18,45,50,40,38,36,45,36,93,604,58,51,50,81,30,38,28,18,40,40,40,2026-08-27
Uttar Pradesh,Hapur,37,26,28,37,78,140,136,126,122,62,63,209,204,169,179,185,163,65,219,26,15,47,40,42,41,40,47,40,100,736,63,96,33,97,48,47,32,12,70,35,34,2026-08-27
Uttar Pradesh,Bulandshahr,42,36,27,32,93,103,113,107,83,65,70,NR,186,160,172,158,156,49,222,19,20,34,32,35,43,36,56,36,99,597,56,89,30,87,30,47,27,15,32,45,41,2026-08-27
Uttar Pradesh,Kanpur Dehat,38,24,26,32,85,110,120,105,90,NR,NR,209,198,143,154,181,132,NR,NR,NR,20,40,38,31,36,35,48,35,87,600,58,76,32,73,32,34,24,15,40,37,42,2026-08-27
Uttar Pradesh,Hathras,39,31,28,33,83,106,113,104,83,65,62,211,190,170,166,193,154,51,247,21,18,32,40,25,30,34,NR,39,105,698,63,73,40,87,37,40,30,13,38,33,37,2026-08-27
Uttar Pradesh,Raebareli,41,28,28,31,84,119,119,109,89,65,59,193,182,164,162,179,147,66,218,21,19,47,33,37,43,41,54,44,94,690,59,83,29,86,41,40,29,16,47,34,41,2026-08-27
Uttar Pradesh,Lalitpur,36,24,28,31,75,109,110,105,84,52,60,177,169,146,143,174,118,52,235,20,14,45,28,30,40,32,59,34,90,578,57,82,30,85,33,40,29,18,40,35,40,2026-08-27
Uttar Pradesh,Mohaba,38,27,22,30,81,112,100,97,83,60,62,176,182,153,154,186,120,42,187,23,20,38,27,27,33,35,45,35,97,596,54,74,22,83,33,39,28,16,36,44,47,2026-08-27
Uttar Pradesh,Gautam Budh Nagar,39,28,31,36,83,123,119,112,97,65,59,225,194,181,152,186,134,73,208,20,11,48,33,32,39,41,68,39,97,641,59,90,33,82,39,40,31,15,38,34,37,2026-08-27
Uttar Pradesh,Auraiya,40,27,27,35,83,119,122,102,90,65,59,195,186,159,164,166,134,60,215,24,21,44,33,30,41,41,55,41,100,673,55,92,38,84,37,41,28,17,54,44,44,2026-08-27
Uttar Pradesh,Maharajganj,37,25,28,34,84,115,118,109,80,64,58,192,191,151,154,164,126,58,213,22,16,45,37,37,44,35,51,36,91,599,58,79,37,80,34,40,30,17,38,31,30,2026-08-27
Uttar Pradesh,Balrampur,35,29,29,34,83,117,117,117,83,65,55,189,201,156,157,198,126,72,203,15,15,52,37,36,52,37,NR,39,93,685,59,73,57,92,50,40,29,14,37,38,40,2026-08-27
Uttar Pradesh,Kannauj,40,26,28,34,83,118,114,109,87,64,61,199,187,158,155,175,134,55,239,21,15,39,37,33,39,38,53,39,94,637,56,74,30,84,35,42,28,16,43,33,32,2026-08-27
Uttar Pradesh,Mathura,32,27,27,33,88,119,128,118,96,61,66,229,179,141,139,156,122,52,263,27,19,59,39,34,43,40,47,40,99,632,58,83,39,89,48,39,34,15,43,42,53,2026-08-27
Uttar Pradesh,Firozabad,NR,33,31,36,83,123,121,111,90,60,61,222,215,182,181,210,161,68,275,20,22,48,30,36,42,41,55,42,93,650,61,82,41,86,41,38,29,16,42,37,42,2026-08-27
Uttar Pradesh,Kasganj,45,33,27,35,87,124,112,113,95,67,59,222,200,174,178,203,159,60,248,21,20,40,38,22,NR,40,NR,42,98,617,56,75,37,85,39,47,29,13,38,36,42,2026-08-27
Uttar Pradesh,Mainpuri,38,30,28,32,88,132,120,113,88,67,65,220,211,171,189,189,155,51,260,24,17,50,29,24,22,39,40,38,105,700,55,70,35,85,47,43,25,21,36,20,26,2026-08-27
Uttar Pradesh,Shamli,40,26,25,30,80,118,120,108,88,60,50,192,183,156,150,163,128,60,228,15,16,52,32,27,40,38,58,39,90,541,60,82,33,88,39,38,28,13,47,40,45,2026-08-27
Uttar Pradesh,Ballia,41,23,27,32,84,121,116,111,93,66,59,203,187,153,154,167,130,63,251,19,16,44,40,26,44,37,54,39,95,626,55,78,35,85,37,37,29,17,51,50,54,2026-08-27
Uttar Pradesh,Mau,39,22,25,34,83,115,112,108,87,65,55,191,180,149,148,150,120,67,225,22,17,43,47,NR,NR,35,NR,36,91,644,55,75,39,89,31,40,30,15,47,47,46,2026-08-27
Uttarakhand,Dehradun,42,31,27,35,95,130,128,129,94,65,67,187,209,159,170,187,NR,70,250,32,19,36,43,35,43,40,48,40,100,692,63,72,45,115,45,45,39,15,60,35,40,2026-08-27
Uttarakhand,Haldwani,45,50,28,35,95,141,133,131,91,69,62,232,210,156,190,191,168,77,272,32,29,52,30,49,42,41,45,45,91,700,60,84,21,100,40,45,33,18,54,39,47,2026-08-27
Uttarakhand,Rudrapur,NR,NR,NR,NR,NR,NR,NR,NR,NR,NR,NR,NR,NR,NR,NR,NR,NR,NR,NR,NR,NR,NR,NR,NR,NR,NR,NR,NR,NR,NR,NR,NR,NR,NR,NR,NR,NR,NR,NR,NR,NR,2026-08-27
Uttarakhand,Haridwar,44,31,31,39,92,141,124,117,90,58,63,228,206,165,160,177,NR,64,290,28,19,42,49,41,NR,41,49,43,99,651,58,76,45,94,44,42,33,17,61,21,35,2026-08-27
WEST ZONE,WEST ZONE,,,,,,,,,,,,,,,,,,,,,,,,,,,,,,,,,,,,,,,,,,2026-08-27
Chhattisgarh,Raipur,35,28,31,36,82,115,112,109,83,69,61,198,229,144,177,186,156,58,216,20,21,36,25,33,28,40,45,50,87,705,56,90,41,84,43,37,29,14,32,45,43,2026-08-27
Chhattisgarh,Durg,39,35,39,40,83,115,118,113,87,60,56,187,167,155,168,177,170,54,222,18,20,44,31,43,43,37,61,45,100,773,63,74,39,80,42,40,29,11,47,48,60,2026-08-27
Chhattisgarh,Ambikapur,NR,NR,NR,NR,NR,NR,NR,NR,NR,NR,NR,NR,NR,NR,NR,NR,NR,NR,NR,NR,NR,NR,NR,NR,NR,NR,NR,NR,NR,NR,NR,NR,NR,NR,NR,NR,NR,NR,NR,NR,NR,2026-08-27
Chhattisgarh,Bilaspur-CG,55,53,35,38,80,112,100,100,85,NR,NR,NR,NR,NR,NR,NR,NR,NR,NR,NR,NR,NR,NR,NR,NR,NR,NR,NR,NR,NR,NR,NR,NR,NR,NR,NR,NR,NR,NR,NR,NR,2026-08-27
Chhattisgarh,Jagdalpur,36,24,36,38,72,122,81,109,96,66,47,199,219,146,142,180,NR,54,193,17,25,31,40,38,38,40,42,43,86,870,53,78,21,81,50,47,39,18,47,19,50,2026-08-27
Chhattisgarh,Dantewada,NR,NR,NR,NR,NR,NR,NR,NR,NR,NR,NR,NR,NR,NR,NR,NR,NR,NR,NR,NR,NR,NR,NR,NR,NR,NR,NR,NR,NR,NR,NR,NR,NR,NR,NR,NR,NR,NR,NR,NR,NR,2026-08-27
Chhattisgarh,Dhamtari,37,30,33,45,95,135,113,107,98,65,55,231,229,147,201,203,134,63,213,28,20,35,30,48,47,45,52,53,120,787,64,94,43,92,38,32,25,17,45,42,60,2026-08-27
Chhattisgarh,Rajnandgaon,43,33,30,36,85,122,122,111,89,64,60,227,218,182,180,210,160,61,275,22,20,35,40,30,30,38,50,38,96,680,60,70,28,82,42,42,28,16,50,24,35,2026-08-27
Chhattisgarh,Koriya,39,NR,35,39,81,108,97,102,81,45,75,205,163,153,151,168,NR,47,195,25,20,40,40,35,34,46,NR,58,82,693,58,88,40,78,27,38,28,17,48,NR,NR,2026-08-27
DNH and DD,Silvasa,NR,NR,NR,NR,NR,NR,NR,NR,NR,NR,NR,NR,NR,NR,NR,NR,NR,NR,NR,NR,NR,NR,NR,NR,NR,NR,NR,NR,NR,NR,NR,NR,NR,NR,NR,NR,NR,NR,NR,NR,NR,2026-08-27
DNH and DD,Daman,NR,NR,NR,NR,NR,NR,NR,NR,NR,NR,NR,NR,NR,NR,NR,NR,NR,NR,NR,NR,NR,NR,NR,NR,NR,NR,NR,NR,NR,NR,NR,NR,NR,NR,NR,NR,NR,NR,NR,NR,NR,2026-08-27
DNH and DD,Diu,54,41,41,51,93,147,153,130,107,73,68,229,238,NR,200,214,165,77,420,32,25,45,42,40,65,58,83,67,111,714,63,91,36,123,53,36,40,21,53,35,33,2026-08-27
Goa,Panaji,62,43,48,47,103,132,145,135,103,72,65,233,205,203,178,178,145,77,315,28,35,60,32,39,62,48,53,49,112,824,58,78,65,83,62,43,25,16,42,62,67,2026-08-27
Goa,Margao,62,43,48,51,92,133,138,127,95,73,66,255,249,223,190,208,176,77,350,27,32,58,32,43,65,47,58,48,122,824,63,78,55,98,63,44,52,17,48,52,63,2026-08-27
Gujarat,Ahmedabad,39,32,39,39,97,121,122,104,97,66,68,197,204,172,191,201,179,59,211,23,36,44,40,39,43,45,66,46,91,662,58,69,38,78,32,36,37,22,45,27,26,2026-08-27
Gujarat,Rajkot,34,27,33,40,88,112,102,102,98,67,68,192,201,153,171,194,162,66,205,18,25,40,40,35,43,39,68,44,91,626,57,63,35,80,32,34,39,15,43,28,28,2026-08-27
Gujarat,Surat,33,32,33,38,86,110,111,104,101,63,70,199,201,159,187,207,176,51,208,18,30,48,49,37,37,37,60,46,98,700,59,66,68,74,30,33,36,14,32,28,23,2026-08-27
Gujarat,Bhuj,38,27,30,36,90,110,111,100,95,72,63,189,188,151,176,190,161,62,202,16,29,35,37,34,35,38,67,38,94,617,53,68,36,74,28,34,37,16,35,27,27,2026-08-27
Gujarat,Selamba,37,27,36,40,91,130,117,115,90,71,64,192,195,153,171,190,164,70,210,19,20,50,30,40,41,41,67,41,95,636,60,84,50,80,31,32,35,18,42,40,42,2026-08-27
Gujarat,Waghai,39,34,39,43,95,125,119,103,99,69,68,209,189,156,161,193,148,67,209,20,29,35,40,35,36,40,60,44,96,631,58,70,40,75,30,34,26,17,40,30,28,2026-08-27
Gujarat,Bodeli,NR,NR,NR,NR,NR,NR,NR,NR,NR,NR,NR,NR,NR,NR,NR,NR,NR,NR,NR,NR,NR,NR,NR,NR,NR,NR,NR,NR,NR,NR,NR,NR,NR,NR,NR,NR,NR,NR,NR,NR,NR,2026-08-27
Gujarat,Vapi,33,24,32,34,90,114,114,101,94,72,66,187,169,138,145,169,145,73,205,18,28,28,46,38,46,40,66,36,96,692,56,68,38,78,31,32,32,15,38,28,30,2026-08-27
Gujarat,Bilimora,41,32,43,38,109,107,121,105,103,74,69,211,194,182,189,194,192,73,228,23,28,38,42,39,39,40,62,45,99,646,54,70,36,76,31,35,33,18,33,30,27,2026-08-27
Gujarat,Idar,37,26,35,38,91,118,126,101,91,67,73,210,188,154,166,185,150,74,237,17,30,34,47,37,41,38,68,47,101,734,62,70,30,101,40,31,40,18,41,35,48,2026-08-27
Gujarat,Jhalod,38,28,37,38,92,120,126,104,97,63,67,213,NR,156,170,181,162,65,228,23,30,33,41,39,37,40,69,48,92,685,56,76,43,77,28,34,37,18,45,23,24,2026-08-27
Gujarat,Songash,43,30,31,36,85,122,121,111,89,66,60,207,200,166,165,190,155,61,259,21,21,41,37,36,43,41,54,45,95,720,58,84,41,82,37,38,29,16,49,36,42,2026-08-27
Madhya Pradesh,Bhopal,37,35,29,34,82,117,110,105,90,66,62,180,211,182,149,196,NR,71,250,10,18,34,31,38,40,38,61,41,88,643,57,86,30,98,42,40,35,15,27,44,55,2026-08-27
Madhya Pradesh,Indore,40,35,28,35,85,117,118,110,80,67,64,186,175,165,170,155,147,69,268,15,20,30,40,37,37,40,NR,40,84,630,59,89,38,83,35,33,27,15,37,43,40,2026-08-27
Madhya Pradesh,Gwalior,45,40,30,34,80,121,122,110,90,55,63,212,181,172,160,184,NR,50,222,12,18,27,38,28,30,40,65,40,88,652,60,76,33,84,35,35,26,15,40,22,35,2026-08-27
Madhya Pradesh,Jabalpur,42,31,30,36,85,122,116,108,87,72,60,200,190,156,158,185,125,66,260,18,24,32,34,38,42,44,56,44,92,637,60,85,32,85,40,36,28,16,45,32,40,2026-08-27
Madhya Pradesh,Rewa,35,28,28,35,76,106,95,94,78,70,55,177,154,148,147,147,NR,76,237,18,14,30,35,NR,NR,35,NR,37,85,655,57,76,25,90,28,45,30,13,45,20,35,2026-08-27
Madhya Pradesh,Sagar,39,36,27,29,85,118,122,98,88,68,60,207,190,138,166,190,161,65,265,18,17,42,25,43,50,40,62,40,90,676,60,90,38,83,48,29,28,15,40,45,28,2026-08-27
Madhya Pradesh,Jhabua,41,28,31,36,89,129,121,111,90,71,65,218,201,194,177,193,NR,66,298,15,20,27,28,34,38,42,69,44,98,718,70,96,28,94,55,39,30,20,25,33,41,2026-08-27
Madhya Pradesh,Hoshangabad,46,30,29,37,83,122,117,101,92,64,56,208,156,141,147,156,134,65,212,11,20,36,30,41,46,43,50,45,92,674,63,90,48,91,31,39,20,20,48,27,34,2026-08-27
Madhya Pradesh,Shahdol,35,30,29,35,86,120,112,110,83,65,60,203,186,142,153,181,NR,60,210,18,20,40,30,37,33,35,50,40,95,604,58,70,30,90,30,40,27,18,35,35,30,2026-08-27
Madhya Pradesh,Ujjain,41,42,29,41,91,128,124,100,98,71,62,178,217,184,152,193,NR,70,265,18,21,38,32,35,36,45,64,45,98,800,63,72,33,100,48,39,33,15,38,46,52,2026-08-27
Madhya Pradesh,Morena,41,32,26,31,93,120,112,107,102,66,69,200,198,157,156,168,115,61,240,14,15,45,30,29,NR,40,NR,40,98,619,61,83,23,81,36,31,28,14,32,30,40,2026-08-27
Madhya Pradesh,Anuppur,38,30,26,36,80,115,120,110,90,75,60,214,209,137,184,176,159,68,200,20,15,50,25,40,40,35,45,49,90,769,65,80,22,90,45,35,25,15,30,50,50,2026-08-27
Madhya Pradesh,Bhind,40,36,28,34,85,111,113,112,85,69,61,202,177,158,155,161,119,68,250,15,16,31,40,36,47,39,64,39,90,658,62,77,27,81,30,35,25,18,40,47,47,2026-08-27
Madhya Pradesh,Dhar,45,36,28,38,95,135,124,114,92,67,63,181,190,168,159,188,124,64,211,15,23,40,36,32,34,50,56,48,97,737,61,87,30,88,30,35,19,18,48,47,37,2026-08-27
Madhya Pradesh,Harda,45,36,29,33,83,120,126,101,90,65,62,209,209,169,168,192,NR,71,200,20,20,50,36,40,40,45,70,45,90,712,61,96,40,87,42,29,24,15,33,50,50,2026-08-27
Madhya Pradesh,Katni,40,30,35,32,80,120,120,120,90,75,50,166,156,127,148,156,112,65,205,27,12,35,22,40,45,35,70,40,86,604,58,91,20,80,55,30,30,15,32,28,45,2026-08-27
Madhya Pradesh,Khandwa,42,34,32,34,80,118,123,112,90,65,53,214,192,181,165,187,NR,55,270,18,20,37,40,35,35,45,55,45,90,659,55,90,39,95,32,34,28,18,40,29,36,2026-08-27
Madhya Pradesh,Mandla,38,30,32,39,82,110,122,110,85,60,50,222,201,174,179,222,NR,77,213,30,22,50,19,45,45,43,60,48,95,692,63,77,23,88,48,35,30,15,40,52,52,2026-08-27
Madhya Pradesh,Rajgarh,40,NR,28,32,80,130,120,100,90,70,50,192,198,189,154,187,NR,75,220,10,20,35,40,NR,NR,40,NR,45,90,707,62,110,40,90,50,37,24,20,30,60,60,2026-08-27
Madhya Pradesh,Sidhi,37,35,27,36,82,125,100,96,86,65,60,187,179,165,159,143,121,60,265,20,15,35,40,30,40,35,55,50,91,637,56,91,30,82,31,50,25,15,51,50,50,2026-08-27
Madhya Pradesh,Chattarpur,40,35,30,38,90,130,120,117,90,70,50,198,192,170,159,161,128,75,243,20,15,50,22,32,40,40,60,50,100,600,60,84,30,90,30,45,30,15,35,25,43,2026-08-27
Madhya Pradesh,Neemuch,50,33,26,34,88,135,105,110,75,65,65,190,157,145,155,152,NR,50,317,10,15,25,45,42,40,43,65,41,89,632,63,70,40,80,35,42,30,15,48,25,32,2026-08-27
Madhya Pradesh,Burhanpur,49,39,31,37,81,121,115,105,85,68,67,190,190,180,159,181,148,72,265,29,19,40,28,35,36,44,NR,51,100,764,59,68,40,99,45,40,29,18,30,38,40,2026-08-27
Madhya Pradesh,Narshinpur,42,30,30,35,78,125,108,108,90,68,52,203,192,143,152,167,NR,60,235,12,15,40,30,40,40,45,60,48,88,637,60,85,40,90,35,35,25,15,35,40,40,2026-08-27
Madhya Pradesh,Raisen,40,30,28,32,85,130,120,110,90,64,57,187,194,148,150,NR,NR,68,250,10,20,45,35,40,40,33,NR,40,86,692,60,80,32,89,46,32,31,20,35,48,52,2026-08-27
Madhya Pradesh,Sheopur,42,27,25,33,83,112,116,106,84,65,60,225,193,176,147,167,NR,65,200,28,22,45,40,32,35,45,60,45,90,637,58,82,17,90,40,40,32,15,40,30,45,2026-08-27
Madhya Pradesh,Agar malwa,38,31,25,33,83,128,122,102,108,66,61,202,177,175,164,151,NR,67,291,20,19,32,40,48,50,45,NR,49,85,683,60,90,34,98,41,35,31,17,25,50,25,2026-08-27
Madhya Pradesh,Umaria,34,31,32,35,83,127,117,117,88,70,60,218,189,154,178,194,NR,75,203,15,20,40,28,45,NR,42,NR,47,87,622,60,83,30,87,32,47,27,15,45,50,50,2026-08-27
Madhya Pradesh,Shajapur,40,35,26,31,85,123,122,107,87,62,61,187,189,165,163,187,NR,70,260,20,20,34,37,38,38,39,NR,45,90,677,60,85,39,85,38,34,29,15,38,36,42,2026-08-27
Madhya Pradesh,Dewas,42,38,28,33,86,121,115,104,86,65,64,200,196,173,171,195,NR,63,239,12,24,38,34,35,41,38,58,45,92,703,64,88,34,86,45,29,24,21,33,25,49,2026-08-27
Madhya Pradesh,Khargone,39,27,28,35,78,120,122,110,85,65,50,186,156,132,170,132,NR,65,225,16,30,25,35,40,40,40,65,40,90,640,55,84,35,85,35,40,30,15,35,20,45,2026-08-27
Madhya Pradesh,Singrauli,36,29,25,34,85,100,106,109,81,68,59,217,207,146,158,166,121,75,232,13,19,47,32,NR,40,36,NR,45,90,718,56,88,27,89,45,39,23,14,31,71,57,2026-08-27
Madhya Pradesh,Chhindwara,55,35,29,34,89,121,126,118,91,62,50,208,214,154,178,189,156,61,200,10,22,40,31,37,37,36,68,37,93,765,62,80,31,112,37,37,40,20,50,50,50,2026-08-27
Madhya Pradesh,Sehore,40,35,29,31,84,125,122,103,85,62,61,187,197,177,165,189,NR,65,297,13,20,44,28,NR,NR,49,NR,47,88,655,60,84,40,86,31,35,26,16,40,55,50,2026-08-27
Madhya Pradesh,MP-Ashoknagar,49,35,26,31,75,127,110,101,90,62,60,185,187,162,160,160,NR,50,211,14,20,44,40,42,40,41,NR,39,90,780,58,89,49,88,41,44,25,19,40,56,50,2026-08-27
Madhya Pradesh,Balaghat,37,29,35,39,79,120,120,117,88,62,52,219,218,152,165,192,NR,63,200,28,20,43,27,42,45,37,61,45,95,681,63,70,30,97,45,35,26,15,52,53,55,2026-08-27
Madhya Pradesh,Guna,45,37,26,31,75,111,113,100,80,66,60,202,187,178,157,181,134,65,217,20,12,40,28,31,40,45,69,45,82,696,61,73,38,79,39,36,29,15,28,27,42,2026-08-27
Madhya Pradesh,Ratlam,41,35,31,34,81,122,122,111,90,63,62,204,193,159,158,182,154,63,260,10,22,38,25,32,43,45,60,46,90,670,60,82,27,82,40,39,29,16,38,34,39,2026-08-27
Madhya Pradesh,Satna,35,28,28,35,90,130,100,92,95,64,60,211,185,163,161,161,NR,50,260,20,20,45,30,34,45,33,63,31,65,718,52,60,34,75,28,33,30,15,52,25,35,2026-08-27
Madhya Pradesh,Vidisha,41,NR,30,35,81,112,120,108,92,62,55,189,205,154,170,189,NR,63,240,10,10,35,28,40,40,35,68,36,87,659,60,92,18,88,49,31,26,15,43,30,30,2026-08-27
Madhya Pradesh,Alirajpur,38,43,30,36,87,124,118,114,95,60,72,185,196,185,178,187,NR,53,307,10,28,40,47,31,35,45,42,47,93,611,57,80,28,77,40,43,29,17,37,25,40,2026-08-27
Madhya Pradesh,Betul,39,32,27,35,79,115,111,109,84,70,60,214,214,158,176,209,NR,57,244,12,24,39,25,42,44,40,69,40,99,676,60,86,35,95,45,39,22,15,41,49,52,2026-08-27
Madhya Pradesh,Damoh,39,34,31,35,71,117,113,111,79,62,62,204,196,130,146,173,NR,63,211,10,15,38,32,42,42,40,62,39,88,600,59,79,22,89,42,31,32,15,45,17,45,2026-08-27
Madhya Pradesh,Dindori,38,33,34,37,95,115,105,109,85,65,56,220,192,154,154,176,NR,59,235,12,20,45,30,40,45,45,60,48,85,632,55,85,30,90,35,35,27,15,35,40,50,2026-08-27
Madhya Pradesh,Niwari,36,28,25,30,85,141,106,106,89,61,57,226,210,182,182,155,NR,61,215,30,20,37,29,NR,NR,40,NR,40,97,720,60,96,24,92,33,40,27,19,42,38,44,2026-08-27
Madhya Pradesh,Seoni,37,32,35,37,86,115,110,105,85,70,55,196,214,170,154,187,NR,75,215,11,20,50,25,40,40,37,68,42,100,654,58,81,27,80,48,36,21,15,45,50,40,2026-08-27
Madhya Pradesh,Panna,38,30,24,36,75,120,100,95,90,65,52,181,176,137,143,134,115,65,210,11,15,35,30,40,48,35,60,45,97,651,56,75,37,76,30,35,31,13,47,20,38,2026-08-27
Madhya Pradesh,Tikamgarh,35,30,25,30,90,120,110,95,90,60,50,205,167,142,149,147,NR,60,200,20,20,30,30,30,35,40,40,45,100,659,58,70,25,85,29,41,20,17,30,20,30,2026-08-27
Madhya Pradesh,Datia,49,37,25,30,82,127,112,102,79,65,60,220,190,162,157,192,124,62,227,29,25,42,41,43,32,45,75,45,95,707,60,87,32,87,43,48,27,17,37,42,58,2026-08-27
Madhya Pradesh,Maihar,40,24,30,32,92,103,100,97,80,70,60,230,198,165,154,187,126,68,205,15,20,35,40,NR,NR,40,NR,45,97,721,58,72,37,97,30,39,35,15,37,25,43,2026-08-27
Madhya Pradesh,Shivpuri,46,42,25,27,83,125,118,110,88,72,60,198,182,162,170,177,166,56,220,17,20,28,30,38,44,47,59,46,82,692,60,79,23,82,37,43,32,24,30,45,53,2026-08-27
Madhya Pradesh,Mandsaur,40,28,30,40,101,123,121,119,105,67,58,196,199,192,175,199,148,80,303,22,37,22,47,50,55,72,91,59,95,767,45,110,45,72,30,45,35,21,45,18,34,2026-08-27
Maharashtra,Mumbai,43,38,41,48,97,133,140,132,99,70,60,245,236,207,187,199,157,90,320,32,28,50,38,46,60,56,65,53,113,718,63,77,65,110,77,41,41,19,46,37,48,2026-08-27
Maharashtra,Nagpur,62,42,51,55,98,138,132,120,107,58,67,239,216,168,172,200,141,75,283,27,38,42,52,42,52,52,86,52,110,830,59,102,48,98,41,48,35,21,62,58,82,2026-08-27
Maharashtra,Pune,44,29,45,53,90,102,114,107,86,71,75,207,215,169,172,185,168,64,354,31,34,40,38,42,44,45,39,46,88,553,60,83,57,99,48,54,26,21,41,29,32,2026-08-27
Maharashtra,Nashik,42,41,44,42,91,140,138,117,97,70,60,211,227,190,172,187,146,73,353,29,22,53,33,40,70,49,65,49,101,647,60,82,77,117,65,37,32,17,28,43,45,2026-08-27
Maharashtra,Mangaon-Raigad,50,48,43,49,92,132,135,116,93,72,68,200,196,192,173,216,164,82,375,31,25,50,52,46,57,42,58,47,105,861,62,76,48,123,72,40,49,22,50,45,71,2026-08-27
Maharashtra,Dharni,44,33,34,37,85,122,124,118,90,67,58,229,194,161,182,205,NR,66,322,13,29,42,40,39,30,41,NR,46,95,743,66,82,58,87,41,42,22,19,38,70,48,2026-08-27
Maharashtra,Latur,58,46,45,49,83,128,131,122,88,76,67,220,214,166,166,190,165,77,288,26,22,53,22,38,58,41,68,41,113,776,64,72,73,98,49,42,28,23,43,57,50,2026-08-27
Maharashtra,Akluj,43,41,36,42,85,118,117,113,95,73,60,215,231,178,209,214,186,72,332,30,23,49,22,34,49,40,60,38,91,659,52,57,30,93,52,36,29,12,28,20,31,2026-08-27
Maharashtra,Arni Yavatmal,44,30,34,36,99,123,125,114,90,62,63,192,170,154,144,159,NR,62,300,10,30,40,40,35,32,47,70,55,103,784,55,72,40,99,45,42,20,15,50,35,30,2026-08-27
Maharashtra,Chandrapur,42,43,37,45,89,130,139,113,109,70,59,203,216,220,168,188,NR,73,275,30,22,58,17,52,57,60,55,58,105,683,60,70,25,103,56,46,22,20,57,60,70,2026-08-27
Maharashtra,Karad Satara,61,53,36,49,91,139,137,123,92,67,76,210,188,169,179,195,172,61,300,29,30,48,21,39,41,42,62,42,117,699,61,92,43,121,51,41,29,19,38,43,48,2026-08-27
Maharashtra,Ahemednagar,59,39,44,47,84,122,124,119,99,66,60,175,171,166,172,180,164,65,259,30,19,41,25,31,45,39,44,39,99,580,60,75,46,99,29,44,26,18,25,38,39,2026-08-27
Maharashtra,Khultabad,47,28,33,36,78,111,116,109,85,63,46,184,NR,148,166,173,153,65,320,20,29,33,34,32,41,38,NR,43,86,702,60,81,40,81,32,36,23,16,39,20,39,2026-08-27
Maharashtra,Islampur,47,35,38,47,83,127,131,121,100,64,72,226,206,161,188,199,158,68,427,27,30,48,26,38,40,39,59,43,103,655,60,70,59,103,59,53,36,27,47,48,45,2026-08-27
Maharashtra,Kankavli,45,44,34,51,84,137,131,126,87,56,60,184,200,164,152,172,135,53,373,20,37,30,52,53,43,45,50,46,100,688,56,95,72,77,47,41,37,18,63,30,53,2026-08-27
Maharashtra,Partur,59,NR,33,40,80,121,120,111,90,68,58,203,208,186,176,195,176,65,401,10,21,46,41,31,35,43,NR,47,87,775,NR,84,41,92,40,42,31,15,50,66,49,2026-08-27
Maharashtra,Gondia,59,35,36,39,84,120,119,110,78,60,68,208,222,153,174,190,175,68,260,30,22,47,25,44,50,45,55,48,95,765,61,75,30,100,50,50,29,21,34,45,55,2026-08-27
Maharashtra,Jalgaon,51,27,36,45,89,132,135,117,97,73,66,203,211,176,177,199,185,79,468,31,22,48,20,38,42,55,61,55,97,753,62,81,82,127,60,42,37,20,39,45,52,2026-08-27
Maharashtra,Akola,43,NR,34,46,87,132,117,116,97,68,69,183,211,163,173,190,NR,71,327,30,25,38,40,41,40,52,67,55,103,784,59,82,43,88,42,43,24,16,35,58,45,2026-08-27
Rajasthan,Jaipur,60,41,32,41,94,139,130,116,91,65,69,228,205,186,186,198,149,67,314,19,21,58,40,33,33,48,71,49,94,643,57,80,50,95,47,38,36,17,37,29,38,2026-08-27
Rajasthan,Jodhpur,41,40,32,34,72,95,103,91,74,47,53,216,222,NR,NR,190,NR,52,272,20,21,38,35,28,47,50,52,47,103,672,55,89,25,89,71,31,29,16,42,26,27,2026-08-27
Rajasthan,Kota,57,40,35,37,83,133,131,116,88,67,65,209,203,156,170,211,NR,78,337,23,27,45,40,35,46,52,56,50,91,696,60,79,42,80,35,38,33,20,43,35,35,2026-08-27
Rajasthan,Udaipur,51,41,31,33,78,123,122,118,82,71,50,219,214,188,187,188,189,70,339,29,23,35,52,40,56,40,67,47,87,608,63,80,40,90,44,31,33,14,48,50,50,2026-08-27
Rajasthan,Bharatpur,47,36,28,34,93,126,121,125,91,64,60,239,197,175,184,NR,NR,69,305,30,20,47,40,30,35,45,65,49,90,712,60,90,31,90,41,42,29,14,40,29,42,2026-08-27
Rajasthan,Ajmer,NR,NR,NR,NR,NR,NR,NR,NR,NR,NR,NR,NR,NR,NR,NR,NR,NR,NR,NR,NR,NR,NR,NR,NR,NR,NR,NR,NR,NR,NR,NR,NR,NR,NR,NR,NR,NR,NR,NR,NR,NR,2026-08-27
Rajasthan,Bikaner,NR,NR,NR,NR,NR,NR,NR,NR,NR,NR,NR,NR,NR,NR,NR,NR,NR,NR,NR,NR,NR,NR,NR,NR,NR,NR,NR,NR,NR,NR,NR,NR,NR,NR,NR,NR,NR,NR,NR,NR,NR,2026-08-27
Rajasthan,Bundi,44,40,28,34,80,117,116,102,85,65,60,209,192,165,185,220,NR,50,320,12,21,47,21,31,36,39,61,49,91,637,65,80,31,82,37,35,38,16,40,25,35,2026-08-27
Rajasthan,Rajsamand,43,41,31,39,79,125,115,106,92,64,60,212,209,146,166,188,NR,61,302,24,22,38,42,38,44,41,63,46,80,602,54,90,40,79,40,39,31,21,45,24,33,2026-08-27
Rajasthan,Alwar,NR,NR,NR,NR,NR,NR,NR,NR,NR,NR,NR,NR,NR,NR,NR,NR,NR,NR,NR,NR,NR,NR,NR,NR,NR,NR,NR,NR,NR,NR,NR,NR,NR,NR,NR,NR,NR,NR,NR,NR,NR,2026-08-27
Rajasthan,Banswara,43,38,38,43,88,137,136,126,99,58,59,239,217,173,184,184,NR,58,223,29,29,39,59,34,35,51,56,55,78,621,58,118,38,87,49,38,38,18,39,45,42,2026-08-27
Rajasthan,Baran,NR,NR,NR,NR,NR,NR,NR,NR,NR,NR,NR,NR,NR,NR,NR,NR,NR,NR,NR,NR,NR,NR,NR,NR,NR,NR,NR,NR,NR,NR,NR,NR,NR,NR,NR,NR,NR,NR,NR,NR,NR,2026-08-27
Rajasthan,Barmer,50,40,33,35,90,130,110,115,85,55,54,187,209,170,193,209,117,53,300,22,20,23,32,28,35,49,60,53,100,791,58,76,52,90,41,25,31,14,42,32,30,2026-08-27
Rajasthan,Bhilwara,53,39,29,37,93,118,111,99,95,44,55,217,203,157,169,203,181,44,289,20,27,25,34,28,34,42,55,42,74,667,55,73,35,86,34,35,22,20,39,25,40,2026-08-27
Rajasthan,Chhitorgarh,42,35,29,33,84,132,121,110,89,52,57,214,217,172,163,204,154,59,324,23,22,37,38,37,41,43,56,46,81,615,60,76,43,86,42,38,31,20,42,43,43,2026-08-27
Rajasthan,Churu,45,34,30,33,85,115,110,100,90,65,44,225,197,159,NR,230,153,62,280,20,18,28,25,24,32,40,50,40,90,747,80,72,25,100,50,35,35,20,40,30,30,2026-08-27
Rajasthan,Dholapur,NR,NR,NR,NR,NR,NR,NR,NR,NR,NR,NR,NR,NR,NR,NR,NR,NR,NR,NR,NR,NR,NR,NR,NR,NR,NR,NR,NR,NR,NR,NR,NR,NR,NR,NR,NR,NR,NR,NR,NR,NR,2026-08-27
Rajasthan,Dungarpur,42,32,32,33,87,123,112,113,93,47,52,177,178,167,168,170,158,42,268,25,20,43,50,45,39,43,72,53,78,611,59,92,50,72,33,38,32,26,40,28,36,2026-08-27
Rajasthan,Hanumangarh,NR,NR,NR,NR,NR,NR,NR,NR,NR,NR,NR,NR,NR,NR,NR,NR,NR,NR,NR,NR,NR,NR,NR,NR,NR,NR,NR,NR,NR,NR,NR,NR,NR,NR,NR,NR,NR,NR,NR,NR,NR,2026-08-27
Rajasthan,Jaisalmer,40,NR,33,35,81,109,118,99,81,69,62,211,205,141,146,189,NR,76,253,20,30,57,37,30,33,45,64,47,93,652,62,NR,33,84,41,30,24,13,37,30,44,2026-08-27
Rajasthan,Jalore,58,35,31,35,85,120,130,115,85,NR,NR,214,209,176,187,209,NR,NR,NR,NR,NR,NR,NR,NR,NR,NR,NR,NR,NR,NR,NR,NR,NR,NR,NR,NR,NR,NR,NR,NR,NR,2026-08-27
Rajasthan,Jhalawar,45,41,25,32,85,129,118,100,88,53,59,188,176,159,176,181,170,52,298,19,22,27,37,30,34,41,50,42,85,703,58,80,31,81,30,39,32,17,38,21,34,2026-08-27
Rajasthan,Jhunjhunu,42,35,27,32,79,109,120,100,80,61,52,209,209,143,176,203,176,66,250,30,20,40,40,30,35,40,72,45,90,604,57,84,40,85,60,30,35,15,50,55,35,2026-08-27
Rajasthan,Karauli,46,36,28,33,87,120,122,109,93,68,53,222,212,187,182,209,NR,48,332,21,20,47,40,26,NR,52,48,56,111,633,63,98,47,95,38,45,22,18,42,23,37,2026-08-27
Rajasthan,Nagaur,51,38,37,42,91,126,126,89,90,NR,NR,NR,NR,NR,NR,NR,NR,NR,NR,NR,NR,NR,NR,NR,NR,NR,NR,NR,NR,NR,NR,NR,NR,NR,NR,NR,NR,NR,NR,NR,NR,2026-08-27
Rajasthan,Pali,55,30,33,33,91,128,128,90,74,47,56,201,167,168,163,162,123,43,234,24,30,29,33,29,39,38,35,47,102,507,62,68,52,85,57,35,26,21,41,37,25,2026-08-27
Rajasthan,RJ-Pratapgarh,43,32,29,33,74,121,120,109,82,60,47,222,177,154,158,NR,NR,62,300,19,22,39,51,35,38,42,NR,42,106,803,60,63,41,68,44,35,25,16,40,49,50,2026-08-27
Rajasthan,Sikar,45,30,31,35,85,137,116,120,95,53,53,229,199,165,143,165,NR,55,236,30,25,30,30,21,24,53,70,66,102,514,52,75,22,80,32,33,25,17,40,50,48,2026-08-27
Rajasthan,Sirohi,42,40,28,34,74,109,122,100,76,50,52,207,156,NR,159,NR,NR,49,253,17,20,26,38,27,NR,45,NR,47,95,626,59,97,45,87,43,30,31,13,45,30,28,2026-08-27
Rajasthan,Sri Ganganagar,43,35,31,35,88,118,110,110,97,66,51,214,189,168,165,165,146,72,313,15,15,39,40,38,39,39,80,39,93,714,49,80,25,80,30,30,34,16,42,20,30,2026-08-27
Rajasthan,Tonk,55,36,29,36,85,129,117,107,94,66,71,236,205,141,162,177,146,60,283,20,25,42,41,25,46,42,54,55,91,579,67,82,41,96,49,40,33,21,43,50,50,2026-08-27
Rajasthan,Sawai Madhopur,56,34,28,34,87,130,120,116,96,63,60,224,180,163,162,159,159,59,310,27,20,41,41,27,33,50,49,49,103,626,62,79,36,90,50,42,28,15,42,37,42,2026-08-27
EAST ZONE,EAST ZONE,,,,,,,,,,,,,,,,,,,,,,,,,,,,,,,,,,,,,,,,,,2026-08-27
Bihar,Patna,47,28,28,34,86,118,128,101,80,72,61,NR,198,167,192,203,177,68,333,26,28,55,38,NR,NR,35,NR,36,102,604,56,100,38,83,53,30,34,20,40,31,40,2026-08-27
Bihar,Bhagalpur,39,23,28,32,79,122,111,99,75,67,59,NR,191,149,155,173,131,60,320,28,16,45,41,49,61,34,NR,35,104,635,54,84,40,96,29,34,21,18,NR,27,36,2026-08-27
Bihar,Purnia,38,NR,32,34,74,112,120,102,77,51,59,NR,197,153,186,NR,164,54,324,18,15,28,50,68,58,38,58,47,108,743,53,88,40,118,38,40,28,14,50,28,23,2026-08-27
Bihar,Darbhanga,39,NR,28,43,79,99,118,99,84,67,57,NR,209,197,179,NR,131,70,193,28,15,49,34,54,54,33,43,35,108,681,60,84,40,89,37,35,29,17,59,35,45,2026-08-27
Bihar,Gaya,33,25,27,38,82,123,109,109,81,69,60,NR,214,173,145,152,120,65,340,25,19,47,40,NR,NR,35,NR,39,110,680,59,91,30,84,33,37,23,16,47,28,27,2026-08-27
Bihar,Muzzafarpur,40,26,28,33,80,119,121,110,79,66,59,NR,199,161,165,215,126,62,291,24,17,39,37,47,48,38,49,36,99,612,57,83,33,84,36,36,27,15,46,33,31,2026-08-27
Bihar,Saran,46,27,25,37,82,114,108,109,82,59,62,NR,203,201,200,215,NR,52,305,27,16,41,37,41,65,40,64,39,108,747,63,73,44,82,35,34,29,18,42,25,28,2026-08-27
Bihar,Munger,36,NR,27,32,91,131,108,118,79,57,61,NR,187,183,185,181,163,49,257,28,9,38,31,NR,NR,34,NR,40,100,584,60,79,29,92,46,40,39,16,50,20,31,2026-08-27
Bihar,Saharsa,47,NR,28,31,79,116,110,117,74,67,61,NR,194,NR,190,NR,NR,50,280,29,12,59,48,NR,NR,39,NR,37,93,710,55,74,40,95,52,35,37,11,40,28,29,2026-08-27
Bihar,Madhubani,37,21,30,35,84,125,109,99,83,63,55,206,166,161,157,172,128,56,280,28,23,41,37,NR,NR,33,48,35,101,615,57,71,32,82,32,31,23,12,50,26,27,2026-08-27
Bihar,Rohtas (Sasaram),39,23,35,41,82,114,121,93,81,64,69,203,210,181,185,230,181,71,241,31,18,51,36,43,58,33,52,35,94,745,58,84,43,87,44,33,27,15,62,34,45,2026-08-27
Bihar,Motihari,48,30,28,35,84,114,120,110,84,67,56,245,199,185,169,229,158,66,265,19,18,49,44,35,35,38,52,37,106,593,54,81,29,81,31,42,27,17,33,28,32,2026-08-27
Bihar,Samastipur,45,23,25,35,80,113,116,114,80,62,60,NR,192,137,132,NR,133,53,315,30,13,44,37,30,39,38,73,49,97,713,67,92,27,80,34,30,25,10,38,28,28,2026-08-27
Bihar,Katihar,NR,NR,NR,NR,NR,NR,NR,NR,NR,NR,NR,NR,NR,NR,NR,NR,NR,NR,NR,NR,NR,NR,NR,NR,NR,NR,NR,NR,NR,NR,NR,NR,NR,NR,NR,NR,NR,NR,NR,NR,NR,2026-08-27
Bihar,Araria,37,NR,32,36,79,129,129,119,84,62,61,286,197,164,142,197,136,59,338,30,14,45,48,55,55,39,85,38,100,626,62,96,52,85,44,34,25,11,60,29,29,2026-08-27
Bihar,Nawada,33,21,29,36,82,132,125,116,78,64,59,NR,203,185,186,NR,143,70,222,28,14,46,36,39,36,33,53,36,102,722,58,63,82,80,35,30,22,11,63,23,22,2026-08-27
Bihar,Khagaria,45,25,28,34,80,103,123,108,83,64,42,NR,203,164,168,NR,173,69,377,28,15,35,52,NR,NR,40,NR,40,115,611,50,78,32,90,NR,50,30,16,32,20,40,2026-08-27
Bihar,Banka,37,19,27,36,80,120,112,106,74,67,57,NR,203,165,170,192,127,58,280,13,15,34,39,40,39,36,NR,39,99,640,52,80,42,80,36,40,30,10,40,30,33,2026-08-27
Bihar,Arwal,38,26,25,35,81,130,130,97,85,67,59,NR,211,165,173,187,143,74,232,28,24,49,38,NR,NR,35,NR,37,93,748,58,89,39,80,33,35,25,19,48,27,32,2026-08-27
Bihar,Aurangabad,33,24,29,33,81,122,122,90,79,70,55,220,200,188,154,156,119,75,210,24,17,42,45,50,NR,35,NR,38,102,769,58,79,44,84,36,33,30,17,50,21,25,2026-08-27
Bihar,Begusarai,36,36,30,35,77,117,117,107,77,66,60,246,188,158,144,188,123,55,266,28,12,34,38,52,42,35,52,37,108,623,58,78,39,96,34,32,20,17,35,34,42,2026-08-27
Bihar,Bhojpur Ara,47,20,30,34,78,118,120,109,81,65,57,245,183,158,154,186,NR,67,353,30,21,40,43,NR,NR,35,NR,37,104,681,60,84,42,84,50,33,25,10,47,48,32,2026-08-27
Bihar,Buxar,33,23,26,33,84,120,117,119,89,67,55,202,197,175,169,198,124,75,258,29,16,50,39,37,55,34,73,41,90,802,49,95,36,87,47,27,32,19,33,48,31,2026-08-27
Bihar,Gopalganj,40,32,32,35,90,115,115,110,85,NR,NR,NR,NR,NR,NR,NR,NR,NR,NR,NR,NR,NR,NR,NR,NR,NR,NR,NR,NR,NR,NR,NR,NR,NR,NR,NR,NR,NR,NR,NR,NR,2026-08-27
Bihar,Jamui,36,22,28,31,74,118,116,108,75,64,60,NR,197,142,174,NR,137,57,284,29,14,44,46,50,50,35,60,40,90,681,65,96,31,85,45,30,25,16,50,20,30,2026-08-27
Bihar,Jehanabad,31,23,28,34,79,123,118,112,78,66,56,NR,207,179,185,NR,NR,67,243,29,16,NR,35,NR,NR,39,NR,41,91,663,57,100,25,82,43,43,22,13,57,24,30,2026-08-27
Bihar,Kaimur,38,18,26,32,83,117,117,114,79,69,60,NR,197,179,163,197,135,68,212,20,12,49,37,32,31,34,NR,39,88,714,60,85,38,82,33,33,27,15,53,26,28,2026-08-27
Bihar,Kishanganj,41,22,26,37,83,125,120,110,91,66,70,199,209,187,156,202,143,71,300,26,20,46,50,39,55,37,79,48,102,659,65,80,51,95,44,31,28,20,60,41,43,2026-08-27
Bihar,Lakhisarai,40,25,30,40,83,113,120,118,88,68,59,NR,204,167,170,NR,156,67,298,27,16,40,42,50,60,45,44,40,110,754,60,96,37,85,35,40,27,15,40,23,23,2026-08-27
Bihar,Medhepura,39,NR,27,37,74,115,125,92,75,67,59,NR,197,158,192,193,134,49,283,23,16,48,45,NR,NR,37,NR,36,91,722,58,108,42,89,35,36,27,15,42,39,39,2026-08-27
Bihar,Nalanda,30,19,29,33,74,114,116,107,76,51,65,NR,200,177,162,187,NR,55,318,30,16,27,38,59,59,34,60,38,90,680,59,83,37,77,NR,32,23,15,50,31,24,2026-08-27
Bihar,Sheikhpura,35,26,28,39,89,118,112,111,82,70,56,NR,222,181,204,202,165,56,285,27,18,44,47,40,NR,38,51,40,110,640,58,80,25,95,30,30,41,13,35,NR,25,2026-08-27
Bihar,Sheohar,49,24,28,38,83,122,120,109,83,64,59,173,213,162,170,202,122,57,232,26,21,50,42,49,52,42,37,40,118,736,63,75,25,80,35,35,25,15,54,26,25,2026-08-27
Bihar,Sitamarhi,38,26,28,34,78,118,123,106,83,69,62,NR,201,179,168,174,135,73,238,30,15,49,38,53,56,35,51,35,111,812,61,94,38,82,39,38,26,13,43,25,28,2026-08-27
Bihar,Siwan,38,28,28,31,77,111,101,90,73,64,57,292,200,183,189,194,189,65,202,27,13,49,30,47,44,31,49,32,91,709,61,66,29,80,37,41,29,14,51,31,31,2026-08-27
Bihar,Supaul,35,23,27,33,80,115,122,98,75,65,55,NR,192,159,179,NR,170,64,NR,13,13,33,43,NR,NR,36,NR,37,124,586,54,91,34,79,NR,56,35,15,57,27,25,2026-08-27
Bihar,Vaishali,36,25,29,35,79,114,119,100,75,68,53,225,192,176,187,209,159,70,207,29,18,50,40,49,49,35,42,40,90,769,55,84,40,80,33,32,25,13,37,50,35,2026-08-27
Bihar,West Champaran,37,27,29,35,82,116,117,109,83,68,56,202,186,175,153,176,NR,71,260,20,22,44,39,35,41,33,45,39,105,567,54,76,39,90,47,50,27,17,47,24,31,2026-08-27
Jharkhand,Ranchi,43,28,37,35,81,122,120,111,80,68,60,236,199,156,186,199,132,70,215,29,20,40,45,35,40,39,40,43,101,648,60,89,40,90,41,43,30,15,50,53,48,2026-08-27
Jharkhand,Gumla,40,23,27,36,82,108,106,92,83,48,55,209,195,187,137,154,121,53,200,15,16,25,40,34,68,35,50,42,100,676,63,78,55,90,40,30,23,15,50,28,38,2026-08-27
Jharkhand,Sahibganj,36,26,30,35,90,120,125,100,85,69,62,198,209,189,183,192,143,65,340,20,15,55,40,40,46,40,55,50,100,604,60,86,40,89,40,35,30,15,50,45,50,2026-08-27
Jharkhand,Bokaro,38,28,35,37,86,132,114,110,83,66,57,NR,182,170,164,182,144,59,322,28,23,32,35,NR,NR,33,NR,40,100,709,57,89,43,81,28,41,25,13,60,NR,NR,2026-08-27
Jharkhand,Lohardaga,37,27,31,36,85,102,125,110,80,70,61,NR,200,165,163,223,126,72,203,26,22,46,38,NR,NR,38,35,40,90,695,56,73,25,80,42,30,25,17,38,41,23,2026-08-27
Jharkhand,Simdega,42,26,32,40,88,124,118,100,86,68,65,187,192,152,164,154,149,60,245,22,22,50,38,50,NR,46,60,48,98,665,61,79,50,90,38,36,26,22,50,25,42,2026-08-27
Jharkhand,Dhanbad,39,28,34,36,83,119,123,111,80,70,59,257,203,162,165,187,139,66,245,28,16,49,39,38,52,37,52,46,92,784,59,91,48,90,49,39,32,18,51,45,40,2026-08-27
Jharkhand,Jamshedpur (East Singbhum),46,28,40,37,88,129,131,120,98,66,58,238,194,170,156,171,121,61,200,30,15,33,36,32,30,41,59,50,105,606,62,79,50,91,37,36,27,12,52,25,32,2026-08-27
Jharkhand,Giridhi,34,20,33,36,81,109,102,105,75,66,55,NR,199,169,166,190,120,49,300,19,22,40,42,40,36,42,41,45,87,637,60,84,53,99,29,40,25,16,51,33,47,2026-08-27
Jharkhand,Seraikella,35,26,31,40,81,122,119,109,75,67,60,195,194,159,164,173,129,57,207,28,15,44,40,36,NR,41,NR,44,95,600,60,84,38,82,36,33,26,15,50,38,40,2026-08-27
Jharkhand,West Singhbhum,37,24,31,36,82,123,118,110,79,50,60,207,206,195,174,199,140,56,243,28,16,25,31,45,50,34,47,36,94,640,59,89,42,81,33,31,24,10,51,34,39,2026-08-27
Jharkhand,Daltonganj,39,25,28,37,82,108,115,105,81,68,60,NR,194,155,166,NR,137,61,297,30,16,52,40,NR,NR,43,52,43,100,709,65,97,48,97,42,44,29,17,42,52,50,2026-08-27
Jharkhand,Deoghar,40,18,32,35,80,110,120,110,90,70,60,176,186,176,148,176,132,75,300,25,15,45,30,50,50,40,60,50,90,769,60,90,30,80,40,35,25,15,40,40,40,2026-08-27
Jharkhand,Ramgarh,40,24,33,37,NR,127,116,102,78,66,58,NR,196,146,159,179,157,61,279,25,13,35,38,NR,NR,31,NR,40,108,613,58,84,25,83,43,30,26,11,43,43,25,2026-08-27
Jharkhand,Pakur,38,26,35,37,85,120,120,94,83,70,63,216,203,176,165,202,154,58,327,20,16,50,40,34,41,42,51,55,97,630,59,83,34,93,40,35,29,15,48,48,30,2026-08-27
Jharkhand,Jamtara,46,24,29,35,85,124,128,117,86,67,59,251,205,166,176,189,156,73,278,29,13,62,43,60,75,37,59,50,90,740,57,84,39,83,45,33,30,15,57,48,49,2026-08-27
Jharkhand,Latehar,45,25,29,38,84,129,125,109,81,66,60,175,198,159,161,NR,126,61,191,30,21,48,42,NR,NR,37,NR,55,111,732,63,90,36,82,45,45,29,12,41,26,26,2026-08-27
Jharkhand,Godda,40,26,30,39,82,120,120,103,82,65,64,198,202,165,165,187,132,55,305,29,15,50,40,NR,NR,40,NR,47,97,709,61,94,40,93,37,35,25,15,53,50,43,2026-08-27
Jharkhand,Koderma,43,20,32,37,88,120,128,101,80,67,63,215,208,159,165,192,128,65,198,29,20,58,39,NR,NR,39,NR,42,98,743,60,95,43,89,47,40,28,14,51,56,50,2026-08-27
Odisha,Bhubaneshwar,42,34,36,46,85,115,120,110,80,74,58,NR,209,159,NR,198,169,70,230,30,15,55,30,NR,NR,38,45,40,90,NR,NR,96,60,90,30,35,25,12,50,50,50,2026-08-27
Odisha,Cuttack,NR,NR,NR,NR,NR,NR,NR,NR,NR,NR,NR,NR,NR,NR,NR,NR,NR,NR,NR,NR,NR,NR,NR,NR,NR,NR,NR,NR,NR,NR,NR,NR,NR,NR,NR,NR,NR,NR,NR,NR,NR,2026-08-27
Odisha,Sambalpur,40,30,36,45,85,115,120,100,78,70,58,NR,209,148,NR,198,174,65,240,30,15,55,30,40,40,37,60,38,90,780,NR,84,50,95,50,35,30,15,60,50,50,2026-08-27
Odisha,Rourkela,36,27,36,38,85,117,117,99,77,67,58,NR,210,150,169,198,170,68,190,29,16,47,35,35,36,39,45,40,91,529,56,100,60,88,45,33,30,15,52,47,52,2026-08-27
Odisha,Berhampur,44,31,35,37,79,111,130,102,73,71,58,NR,208,168,NR,198,133,60,245,21,16,50,37,NR,NR,38,49,46,87,716,53,96,60,84,44,45,29,16,49,41,45,2026-08-27
Odisha,Jeypore,NR,NR,NR,NR,NR,NR,NR,NR,NR,NR,NR,NR,NR,NR,NR,NR,NR,NR,NR,NR,NR,NR,NR,NR,NR,NR,NR,NR,NR,NR,NR,NR,NR,NR,NR,NR,NR,NR,NR,NR,NR,2026-08-27
Odisha,Balasore,38,27,41,45,82,115,116,96,75,66,58,NR,210,180,NR,198,172,74,240,28,13,53,33,NR,NR,42,NR,43,93,617,56,96,75,93,41,40,30,12,45,35,50,2026-08-27
Odisha,Baripada,38,27,34,42,84,119,118,99,75,69,58,NR,203,192,NR,190,169,65,239,29,14,53,37,35,NR,51,48,51,98,706,57,91,63,101,43,36,31,14,61,50,46,2026-08-27
Odisha,Balangir,NR,NR,NR,NR,NR,NR,NR,NR,NR,NR,NR,NR,NR,NR,NR,NR,NR,NR,NR,NR,NR,NR,NR,NR,NR,NR,NR,NR,NR,NR,NR,NR,NR,NR,NR,NR,NR,NR,NR,NR,NR,2026-08-27
Odisha,Angul,NR,NR,NR,NR,NR,NR,NR,NR,NR,NR,NR,NR,NR,NR,NR,NR,NR,NR,NR,NR,NR,NR,NR,NR,NR,NR,NR,NR,NR,NR,NR,NR,NR,NR,NR,NR,NR,NR,NR,NR,NR,2026-08-27
Odisha,Boudhgarh,NR,NR,NR,NR,NR,NR,NR,NR,NR,NR,NR,NR,NR,NR,NR,NR,NR,NR,NR,NR,NR,NR,NR,NR,NR,NR,NR,NR,NR,NR,NR,NR,NR,NR,NR,NR,NR,NR,NR,NR,NR,2026-08-27
Odisha,Dhenkanal,36,31,35,40,84,117,115,100,75,70,58,NR,209,159,NR,196,154,62,280,29,15,50,40,50,NR,39,50,41,90,710,58,90,50,83,40,30,20,12,50,45,50,2026-08-27
Odisha,Jagatsinghpur,40,35,40,42,80,125,120,108,85,72,58,NR,203,187,NR,192,121,70,240,30,15,57,40,NR,NR,38,NR,42,102,NR,58,90,70,84,40,32,21,16,60,50,55,2026-08-27
Odisha,Kandhamal,NR,NR,NR,NR,NR,NR,NR,NR,NR,NR,NR,NR,NR,NR,NR,NR,NR,NR,NR,NR,NR,NR,NR,NR,NR,NR,NR,NR,NR,NR,NR,NR,NR,NR,NR,NR,NR,NR,NR,NR,NR,2026-08-27
Odisha,Keonjhar,NR,NR,NR,NR,NR,NR,NR,NR,NR,NR,NR,NR,NR,NR,NR,NR,NR,NR,NR,NR,NR,NR,NR,NR,NR,NR,NR,NR,NR,NR,NR,NR,NR,NR,NR,NR,NR,NR,NR,NR,NR,2026-08-27
Odisha,Malkangiri,NR,NR,NR,NR,NR,NR,NR,NR,NR,NR,NR,NR,NR,NR,NR,NR,NR,NR,NR,NR,NR,NR,NR,NR,NR,NR,NR,NR,NR,NR,NR,NR,NR,NR,NR,NR,NR,NR,NR,NR,NR,2026-08-27
Odisha,Nabarangpur,NR,NR,NR,NR,NR,NR,NR,NR,NR,NR,NR,NR,NR,NR,NR,NR,NR,NR,NR,NR,NR,NR,NR,NR,NR,NR,NR,NR,NR,NR,NR,NR,NR,NR,NR,NR,NR,NR,NR,NR,NR,2026-08-27
Odisha,Nayagarh,40,NR,NR,43,83,117,120,113,85,70,54,NR,207,177,NR,198,167,63,NR,27,16,53,38,NR,NR,38,44,42,85,687,59,93,60,85,34,41,24,14,48,40,42,2026-08-27
Odisha,Nuapada,NR,NR,NR,NR,NR,NR,NR,NR,NR,NR,NR,NR,NR,NR,NR,NR,NR,NR,NR,NR,NR,NR,NR,NR,NR,NR,NR,NR,NR,NR,NR,NR,NR,NR,NR,NR,NR,NR,NR,NR,NR,2026-08-27
Odisha,Paralakhemundi Gajapati,51,38,40,49,80,114,130,110,80,67,NR,191,213,148,154,177,137,64,300,29,20,58,30,69,60,40,60,50,70,782,60,90,50,99,52,45,37,15,60,49,51,2026-08-27
Odisha,Puri,40,32,NR,44,82,118,124,107,90,75,60,NR,205,165,NR,197,152,65,277,27,15,53,39,NR,NR,40,NR,42,95,702,59,86,63,88,40,38,27,16,51,39,44,2026-08-27
Odisha,Rayagada,45,NR,41,50,89,120,130,111,80,70,60,209,209,162,NR,198,143,70,NR,30,19,53,30,NR,NR,45,40,49,80,690,58,84,43,82,42,35,29,13,50,48,50,2026-08-27
Odisha,Sonepur,NR,NR,NR,NR,NR,NR,NR,NR,NR,NR,NR,NR,NR,NR,NR,NR,NR,NR,NR,NR,NR,NR,NR,NR,NR,NR,NR,NR,NR,NR,NR,NR,NR,NR,NR,NR,NR,NR,NR,NR,NR,2026-08-27
Odisha,Bhadrak,NR,NR,NR,NR,NR,NR,NR,NR,NR,NR,NR,NR,NR,NR,NR,NR,NR,NR,NR,NR,NR,NR,NR,NR,NR,NR,NR,NR,NR,NR,NR,NR,NR,NR,NR,NR,NR,NR,NR,NR,NR,2026-08-27
Odisha,Jharsuguda,NR,NR,NR,NR,NR,NR,NR,NR,NR,NR,NR,NR,NR,NR,NR,NR,NR,NR,NR,NR,NR,NR,NR,NR,NR,NR,NR,NR,NR,NR,NR,NR,NR,NR,NR,NR,NR,NR,NR,NR,NR,2026-08-27
Odisha,Kendrapara,37,31,38,46,81,116,110,105,82,70,58,NR,202,155,NR,193,160,60,287,30,12,49,42,NR,NR,41,57,40,87,708,61,96,60,81,29,39,25,14,60,37,39,2026-08-27
Odisha,Jajpur,NR,NR,NR,NR,NR,NR,NR,NR,NR,NR,NR,NR,NR,NR,NR,NR,NR,NR,NR,NR,NR,NR,NR,NR,NR,NR,NR,NR,NR,NR,NR,NR,NR,NR,NR,NR,NR,NR,NR,NR,NR,2026-08-27
Odisha,Kalahandi,43,29,37,49,85,120,118,110,86,71,54,NR,203,163,NR,192,133,65,430,30,19,52,31,NR,NR,40,39,50,83,753,NR,96,37,84,37,33,29,13,42,35,38,2026-08-27
West Bengal,Kolkata,58,NR,NR,39,91,122,132,115,117,67,59,NR,210,181,157,194,123,75,287,30,15,60,43,NR,NR,39,NR,44,103,747,63,80,73,85,50,30,30,20,59,57,53,2026-08-27
West Bengal,Siliguri,51,NR,32,47,89,125,126,117,127,69,60,NR,207,NR,156,191,NR,69,227,25,19,57,48,NR,NR,39,NR,54,95,718,59,93,62,86,40,35,22,17,49,52,54,2026-08-27
West Bengal,Purulia,39,NR,NR,35,88,123,129,113,114,69,63,NR,205,155,145,189,NR,69,285,27,12,52,35,NR,NR,37,NR,58,96,679,63,83,45,81,39,32,29,15,38,48,50,2026-08-27
West Bengal,Kharagpur,55,NR,32,37,85,127,123,108,107,70,65,199,209,NR,143,192,123,74,275,30,16,42,48,NR,NR,37,NR,39,110,703,57,84,58,90,49,39,29,18,57,67,65,2026-08-27
West Bengal,Rampurhat,49,NR,33,47,86,121,125,119,125,70,59,NR,206,NR,154,191,125,69,300,25,11,54,42,NR,NR,41,NR,51,88,688,62,88,50,91,38,36,34,16,40,47,47,2026-08-27
West Bengal,Malda,53,NR,30,41,95,138,122,123,125,65,60,NR,214,NR,158,201,130,72,317,21,16,30,30,NR,NR,40,NR,64,103,617,63,80,29,94,38,31,30,16,60,27,33,2026-08-27
West Bengal,Raiganj,60,29,29,50,95,143,140,122,132,69,61,NR,208,154,176,216,130,65,300,15,12,55,43,NR,NR,35,NR,47,120,666,62,93,53,120,55,30,31,16,62,50,50,2026-08-27
West Bengal,Alipurduar,36,NR,NR,42,90,130,121,120,140,65,60,NR,210,NR,188,197,148,70,248,10,10,55,35,NR,NR,40,NR,45,85,655,60,90,35,102,35,35,25,17,51,30,40,2026-08-27
West Bengal,Asansol,53,NR,NR,38,85,129,123,120,97,69,68,NR,203,152,159,192,122,68,297,30,15,60,40,NR,NR,39,NR,47,100,815,62,80,57,92,52,38,30,15,37,47,52,2026-08-27
West Bengal,Balurghat,53,30,30,38,86,128,126,112,105,67,72,NR,205,NR,162,187,149,53,351,29,20,26,50,NR,NR,51,NR,60,100,703,59,91,48,100,40,33,30,15,60,35,45,2026-08-27
West Bengal,Bankura,37,NR,NR,37,89,125,129,118,116,67,62,NR,201,NR,153,192,128,63,300,29,12,57,42,NR,NR,36,NR,59,88,623,61,81,52,85,37,35,31,15,47,45,52,2026-08-27
West Bengal,Barasat,54,NR,NR,37,90,122,119,121,115,70,62,NR,209,176,162,181,138,67,350,29,15,50,45,NR,NR,38,NR,59,71,635,61,73,65,89,45,35,27,17,45,50,50,2026-08-27
West Bengal,Bardhaman,50,29,NR,39,91,128,128,118,109,64,60,238,203,159,143,195,141,69,318,30,12,50,34,NR,NR,38,NR,45,93,773,61,83,39,90,55,30,29,15,55,33,45,2026-08-27
West Bengal,Baruipur,49,36,NR,42,87,130,120,136,110,74,59,NR,209,199,179,188,NR,60,583,29,20,48,43,NR,NR,45,NR,49,102,758,60,90,59,90,50,40,27,15,50,56,65,2026-08-27
West Bengal,Berhampore,47,24,29,44,84,119,113,118,107,66,63,NR,197,163,174,212,173,73,323,24,13,53,33,NR,NR,43,NR,63,71,608,60,79,43,98,38,34,29,15,42,47,47,2026-08-27
West Bengal,Chinsurah,53,NR,NR,39,86,123,129,120,119,69,60,NR,210,159,159,192,NR,66,301,30,10,50,39,NR,NR,38,NR,58,89,618,58,83,50,88,45,36,32,16,51,39,48,2026-08-27
West Bengal,Cooch behar,53,NR,NR,41,92,120,120,117,125,70,55,NR,206,154,179,181,176,72,288,30,15,49,46,NR,NR,40,NR,50,92,736,60,86,48,87,42,35,30,16,72,42,42,2026-08-27
West Bengal,Howrah,56,NR,NR,37,92,125,121,118,114,71,62,NR,201,192,172,197,NR,69,273,30,16,58,37,NR,NR,NR,NR,59,107,736,61,86,57,102,36,36,33,16,57,48,50,2026-08-27
West Bengal,Jalapiguri,39,NR,NR,47,90,133,128,112,108,66,81,NR,208,145,167,203,148,72,300,30,14,43,43,NR,NR,38,NR,60,89,688,61,96,48,93,48,36,32,19,71,42,42,2026-08-27
West Bengal,Jhargram,42,NR,NR,38,88,122,125,116,112,69,61,NR,206,155,149,192,NR,61,289,28,13,53,42,NR,NR,37,NR,59,91,678,59,86,48,87,36,35,28,15,49,51,55,2026-08-27
West Bengal,Kalimpong,NR,45,33,47,94,130,147,152,107,70,84,153,203,142,145,204,155,90,300,26,23,42,46,NR,NR,NR,NR,NR,NR,NR,NR,NR,NR,NR,NR,NR,NR,NR,NR,NR,NR,2026-08-27
West Bengal,Krishnagar,53,NR,NR,39,93,129,119,127,126,73,60,NR,203,NR,162,186,NR,71,387,29,14,45,50,NR,NR,39,NR,65,84,613,63,84,53,97,40,36,30,16,48,42,52,2026-08-27
West Bengal,Tamluk,40,29,NR,39,93,128,125,120,124,71,59,NR,202,NR,159,195,NR,68,307,30,15,57,40,NR,NR,39,NR,60,88,718,61,82,60,92,48,33,31,15,50,62,72,2026-08-27
NORTH EAST ZONE,NORTH EAST ZONE,,,,,,,,,,,,,,,,,,,,,,,,,,,,,,,,,,,,,,,,,,2026-08-27
Andaman and Nicobar,Port Blair,55,NR,NR,58,97,132,140,115,95,75,72,NR,227,211,NR,192,178,85,330,24,30,73,70,55,60,75,75,88,150,747,68,102,160,98,45,47,35,15,80,73,65,2026-08-27
Andaman and Nicobar,Mayabunder,NR,NR,NR,NR,NR,NR,NR,NR,NR,NR,NR,NR,NR,NR,NR,NR,NR,NR,NR,NR,NR,NR,NR,NR,NR,NR,NR,NR,NR,NR,NR,NR,NR,NR,NR,NR,NR,NR,NR,NR,NR,2026-08-27
Andaman and Nicobar,Car Nicobar,NR,NR,NR,NR,NR,NR,NR,NR,NR,NR,NR,NR,NR,NR,NR,NR,NR,NR,NR,NR,NR,NR,NR,NR,NR,NR,NR,NR,NR,NR,NR,NR,NR,NR,NR,NR,NR,NR,NR,NR,NR,2026-08-27
Arunachal pradesh,Itanagar,40,37,40,41,95,137,140,122,91,50,74,NR,213,156,157,208,NR,77,400,17,25,44,55,NR,30,42,60,52,92,714,58,91,51,85,60,46,33,17,69,43,56,2026-08-27
Arunachal pradesh,Namsai,NR,NR,NR,NR,NR,NR,NR,NR,NR,NR,NR,NR,NR,NR,NR,NR,NR,NR,NR,NR,NR,NR,NR,NR,NR,NR,NR,NR,NR,NR,NR,NR,NR,NR,NR,NR,NR,NR,NR,NR,NR,2026-08-27
Arunachal pradesh,Pasighat,53,NR,NR,50,93,113,97,93,113,60,80,176,238,172,180,187,NR,90,400,20,20,57,93,NR,NR,50,NR,57,83,723,59,100,60,100,70,78,43,15,60,48,67,2026-08-27
Arunachal pradesh,Tawang,45,NR,45,45,100,NR,140,137,98,57,73,NR,236,182,NR,165,NR,100,340,20,42,50,65,NR,NR,42,NR,53,93,684,57,112,70,98,28,83,30,28,73,31,43,2026-08-27
Arunachal pradesh,Tezu,38,NR,NR,40,90,130,140,110,90,70,70,NR,154,NR,154,NR,NR,100,250,15,20,60,70,NR,NR,40,NR,60,100,835,65,96,60,80,60,40,30,20,40,25,50,2026-08-27
Assam,Guwahati,35,30,33,37,75,111,95,97,81,62,71,216,219,188,176,203,165,60,220,13,17,54,63,NR,NR,45,NR,47,NR,NR,NR,96,50,NR,40,NR,22,19,76,40,40,2026-08-27
Assam,Barpeta,35,27,39,36,80,112,96,100,81,61,74,197,222,139,159,195,164,65,153,10,16,48,48,50,43,38,97,52,83,736,63,82,40,83,34,33,27,18,58,25,26,2026-08-27
Assam,Tinsukia,33,42,32,38,88,128,100,100,85,64,77,NR,229,198,209,198,NR,75,190,11,13,54,50,NR,NR,44,NR,44,95,791,64,84,40,80,50,35,30,20,40,30,45,2026-08-27
Assam,Dhubri,34,25,NR,35,81,130,NR,106,83,62,77,NR,231,163,154,176,126,70,180,12,15,50,40,50,65,37,65,50,110,747,63,84,30,70,30,40,25,15,50,35,30,2026-08-27
Assam,Goalpara,35,25,32,36,85,130,130,109,95,62,63,NR,214,161,165,181,NR,65,212,10,15,55,55,NR,NR,36,NR,53,97,787,63,96,40,95,38,32,31,18,60,35,35,2026-08-27
Assam,Golaghat,47,36,34,42,90,120,90,110,105,63,67,159,209,161,159,174,157,78,240,14,16,55,40,NR,NR,41,NR,59,NR,NR,NR,94,48,71,45,NR,26,16,65,27,43,2026-08-27
Assam,Mangaldai,44,23,33,34,85,106,95,100,82,60,70,NR,202,142,NR,NR,160,65,260,11,15,50,40,NR,NR,35,NR,35,NR,NR,NR,96,30,NR,NR,NR,30,17,65,30,40,2026-08-27
Assam,Mushalpur,39,27,40,39,87,117,111,112,88,62,75,NR,225,149,197,197,140,55,269,10,15,55,59,NR,NR,39,NR,51,82,831,61,87,39,96,29,NR,29,26,59,40,40,2026-08-27
Assam,Udalguri,37,25,NR,37,83,117,96,112,87,51,77,NR,215,NR,160,188,145,58,272,10,11,37,51,NR,NR,39,NR,40,75,687,NR,95,37,80,42,NR,21,13,53,30,40,2026-08-27
Assam,Bajali,34,NR,33,40,87,118,103,113,93,61,78,164,223,NR,159,205,137,68,363,10,17,53,38,NR,NR,36,104,45,85,795,63,86,35,87,61,60,32,25,70,32,38,2026-08-27
Assam,Hojai,33,29,NR,40,80,115,99,94,80,61,62,NR,203,152,153,184,162,67,260,12,15,50,39,NR,NR,39,NR,42,70,670,59,92,37,77,33,40,28,11,40,37,47,2026-08-27
Assam,Jorhat,40,34,36,40,86,110,115,105,102,63,78,181,220,160,159,160,132,60,208,12,18,52,50,NR,NR,55,NR,54,78,714,NR,105,40,80,42,42,30,12,60,20,40,2026-08-27
Assam,Bongaigaon,43,NR,NR,35,83,118,97,110,90,52,70,NR,184,152,150,165,NR,60,322,10,14,40,42,NR,NR,37,NR,60,76,NR,NR,90,32,NR,40,NR,30,18,55,20,40,2026-08-27
Assam,Morigaon,40,30,40,40,83,129,120,110,100,63,65,195,198,159,154,159,137,68,233,10,15,51,50,50,NR,40,NR,50,105,725,60,90,40,80,45,40,26,15,70,40,50,2026-08-27
Assam,Sonari,41,32,43,42,98,122,NR,110,98,65,78,NR,214,NR,181,NR,NR,80,220,13,15,55,60,NR,NR,39,NR,60,90,NR,NR,96,45,80,43,42,30,15,73,25,45,2026-08-27
Assam,Tamulpur,36,30,39,39,85,128,114,111,89,61,77,NR,200,152,174,NR,160,65,270,10,15,55,50,NR,NR,39,NR,42,75,720,NR,88,40,NR,NR,NR,29,13,50,50,40,2026-08-27
Assam,Sivasagar,43,44,40,50,88,117,113,112,108,52,75,NR,236,203,176,195,165,61,257,11,18,53,67,33,63,54,NR,58,95,696,61,104,42,80,37,56,36,12,50,36,49,2026-08-27
Assam,Biswanath Chariali,36,27,NR,40,92,121,NR,120,102,65,77,NR,151,NR,194,NR,NR,61,233,10,21,39,45,NR,NR,41,NR,45,120,NR,NR,80,40,90,50,40,30,20,70,20,27,2026-08-27
Assam,Dibrugarh,35,28,NR,38,88,129,126,108,101,63,77,NR,216,164,190,222,NR,68,203,13,16,58,38,NR,NR,38,NR,55,92,799,63,85,53,77,53,42,37,14,53,35,48,2026-08-27
Assam,Karimganj,37,NR,NR,39,87,114,122,102,79,64,75,NR,230,NR,176,222,NR,72,238,14,23,55,47,NR,NR,39,NR,65,130,NR,60,90,53,NR,53,NR,29,17,48,38,50,2026-08-27
Assam,Majuli,35,NR,38,42,100,120,90,118,100,65,70,NR,188,NR,159,NR,NR,60,260,15,20,54,48,NR,NR,41,NR,43,112,NR,NR,84,40,70,45,NR,35,15,40,30,40,2026-08-27
Assam,Sonitpur Tezpur,39,27,31,40,81,115,97,106,86,51,69,NR,203,NR,186,211,NR,49,310,10,16,39,57,NR,NR,40,NR,45,80,749,62,96,40,96,50,60,30,17,80,20,40,2026-08-27
Assam,Haflong,36,40,NR,45,90,130,NR,120,90,65,77,NR,185,NR,120,200,NR,80,270,15,20,55,50,NR,NR,45,NR,45,90,720,60,105,40,95,40,32,30,19,80,20,50,2026-08-27
Assam,AS-Lakhimpur,39,NR,NR,38,82,114,102,110,92,63,73,NR,206,161,164,178,NR,61,193,15,14,53,50,NR,NR,42,NR,39,88,613,59,96,47,80,38,53,32,13,48,30,47,2026-08-27
Assam,Diphu,35,26,NR,37,89,116,117,111,87,60,75,NR,218,NR,170,NR,128,92,233,15,17,56,40,45,45,40,65,70,82,686,63,96,22,80,50,35,30,17,63,35,42,2026-08-27
Assam,Nalbari,36,26,NR,40,85,125,98,110,85,62,70,NR,209,145,165,187,126,60,292,10,15,60,55,NR,NR,40,NR,40,80,820,58,90,42,80,48,50,35,20,63,40,35,2026-08-27
Assam,South Salmara Mankachar,40,33,39,38,81,124,NR,116,86,63,75,NR,219,167,160,159,134,64,233,12,24,30,51,80,85,39,NR,63,NR,801,59,83,37,72,45,50,40,19,55,NR,NR,2026-08-27
Assam,Kamrup,39,32,NR,39,82,119,105,106,85,62,75,NR,227,NR,188,203,169,75,219,15,14,53,60,NR,NR,38,NR,45,79,NR,59,84,40,NR,41,40,31,15,55,40,42,2026-08-27
Manipur,Imphal,55,NR,45,44,91,132,127,122,94,67,NR,NR,233,198,207,209,198,98,260,25,31,57,68,NR,NR,45,NR,63,72,NR,NR,93,57,96,35,33,22,18,52,20,39,2026-08-27
Manipur,Chandel,NR,NR,NR,NR,NR,NR,NR,NR,NR,NR,NR,NR,NR,NR,NR,NR,NR,NR,NR,NR,NR,NR,NR,NR,NR,NR,NR,NR,NR,NR,NR,NR,NR,NR,NR,NR,NR,NR,NR,,,2026-08-27
Manipur,Jiribam,NR,NR,NR,NR,NR,NR,NR,NR,NR,NR,NR,NR,NR,NR,NR,NR,NR,NR,NR,NR,NR,NR,NR,NR,NR,NR,NR,NR,NR,NR,NR,NR,NR,NR,NR,NR,NR,NR,NR,NR,NR,2026-08-27
Manipur,Kangpokpi,53,NR,NR,45,100,147,NR,140,100,55,77,NR,NR,NR,176,176,NR,NR,273,15,30,47,100,NR,NR,45,NR,40,97,753,60,96,NR,120,45,52,44,20,50,NR,NR,2026-08-27
Manipur,Senapati,50,NR,NR,45,NR,140,NR,130,100,55,74,NR,NR,NR,NR,NR,NR,NR,NR,20,20,60,80,NR,NR,NR,NR,NR,NR,NR,NR,NR,NR,NR,NR,NR,NR,NR,NR,NR,NR,2026-08-27
Manipur,Tamenglong,NR,NR,NR,NR,NR,NR,NR,NR,NR,NR,NR,NR,NR,NR,NR,NR,NR,NR,NR,NR,NR,NR,NR,NR,NR,NR,NR,NR,NR,NR,NR,NR,NR,NR,NR,NR,NR,NR,NR,,,2026-08-27
Manipur,Thoubal,NR,NR,NR,NR,NR,NR,NR,NR,NR,NR,NR,NR,NR,NR,NR,NR,NR,NR,NR,NR,NR,NR,NR,NR,NR,NR,NR,NR,NR,NR,NR,NR,NR,NR,NR,NR,NR,NR,NR,NR,NR,2026-08-27
Manipur,Ukhrul,NR,NR,NR,NR,NR,NR,NR,NR,NR,NR,NR,NR,NR,NR,NR,NR,NR,NR,NR,NR,NR,NR,NR,NR,NR,NR,NR,NR,NR,NR,NR,NR,NR,NR,NR,NR,NR,NR,NR,NR,NR,2026-08-27
Manipur,Churachandpur,NR,NR,NR,NR,NR,NR,NR,NR,NR,NR,NR,NR,NR,NR,NR,NR,NR,NR,NR,NR,NR,NR,NR,NR,NR,NR,NR,NR,NR,NR,NR,NR,NR,NR,NR,NR,NR,NR,NR,NR,NR,2026-08-27
Manipur,Kakching,NR,NR,NR,NR,NR,NR,NR,NR,NR,NR,NR,NR,NR,NR,NR,NR,NR,NR,NR,NR,NR,NR,NR,NR,NR,NR,NR,NR,NR,NR,NR,NR,NR,NR,NR,NR,NR,NR,NR,NR,NR,2026-08-27
Meghalaya,Shillong,36,34,40,39,90,130,130,120,90,66,77,NR,205,198,154,NR,NR,80,320,32,20,58,43,NR,NR,40,NR,40,103,857,63,100,57,80,50,53,29,20,87,50,53,2026-08-27
Meghalaya,Tura,35,NR,NR,40,97,140,NR,120,90,65,76,NR,198,NR,167,203,132,80,320,18,27,60,57,NR,NR,40,NR,60,89,692,59,96,60,83,53,53,30,20,70,40,40,2026-08-27
Meghalaya,Jowai,37,NR,39,39,90,NR,NR,120,87,66,77,NR,165,NR,154,NR,NR,80,360,15,20,58,40,NR,NR,39,NR,39,87,681,63,82,50,80,50,40,30,16,87,30,50,2026-08-27
Meghalaya,Sohra,40,NR,42,40,NR,NR,NR,130,90,65,77,NR,165,NR,154,NR,NR,NR,385,30,25,50,50,85,NR,42,NR,50,90,NR,63,120,80,100,50,50,50,30,90,40,60,2026-08-27
Meghalaya,Mairang,36,NR,40,40,NR,NR,NR,120,90,70,77,NR,176,NR,159,NR,NR,NR,373,17,20,60,40,NR,NR,40,NR,40,103,NR,60,97,60,84,50,50,27,17,85,40,50,2026-08-27
Meghalaya,Nongpoh,35,33,NR,40,97,145,NR,128,88,68,77,NR,165,NR,156,NR,NR,78,353,15,20,60,50,NR,NR,40,NR,43,95,714,63,94,57,87,50,57,33,19,80,30,53,2026-08-27
Meghalaya,Khliehriat,43,42,39,39,90,128,NR,115,85,65,76,NR,157,NR,152,NR,NR,NR,313,30,22,59,42,NR,NR,39,NR,44,73,743,59,84,43,77,58,42,32,15,67,25,40,2026-08-27
Meghalaya,Williamnagar,35,NR,40,35,108,148,NR,118,88,69,70,NR,192,NR,174,NR,140,78,318,15,28,57,65,NR,NR,38,NR,62,87,747,57,90,68,80,40,70,20,20,80,20,45,2026-08-27
Meghalaya,Nongstoin,33,NR,41,41,NR,NR,NR,120,90,68,76,NR,165,NR,165,NR,NR,NR,357,15,20,53,50,NR,NR,41,NR,45,97,714,63,87,60,80,52,53,27,22,82,28,48,2026-08-27
Meghalaya,Mawkyrwat,35,NR,40,39,NR,NR,NR,120,85,65,75,NR,165,NR,NR,NR,NR,NR,370,16,20,55,40,NR,NR,45,NR,47,100,709,60,99,70,100,60,50,35,25,63,47,57,2026-08-27
Mizoram,Aizawl,50,50,42,50,103,153,130,133,93,55,83,271,260,256,161,244,152,103,520,30,50,48,83,NR,NR,50,NR,70,90,703,60,100,73,90,100,90,60,NR,77,27,48,2026-08-27
Mizoram,Lunglei,NR,NR,NR,NR,NR,NR,NR,NR,NR,NR,NR,NR,NR,NR,NR,NR,NR,NR,NR,NR,NR,NR,NR,NR,NR,NR,NR,NR,NR,NR,NR,NR,NR,NR,NR,NR,NR,NR,NR,NR,NR,2026-08-27
Mizoram,Kolasib,53,45,40,45,95,120,140,140,93,55,80,NR,242,NR,143,203,132,100,483,30,30,40,90,NR,40,45,NR,70,120,725,60,90,60,98,100,80,36,35,50,30,70,2026-08-27
Mizoram,Mamit,45,NR,NR,50,128,NR,NR,128,98,53,80,NR,253,NR,132,121,NR,140,433,30,28,53,100,NR,NR,45,NR,97,127,546,65,90,61,NR,50,68,50,34,66,48,50,2026-08-27
Mizoram,Champhai,50,47,50,55,100,130,147,140,110,55,85,NR,238,230,147,NR,NR,120,560,30,35,77,83,NR,NR,50,NR,100,150,745,60,100,50,100,100,80,42,20,87,22,60,2026-08-27
Mizoram,Serchhip,45,NR,NR,49,113,NR,NR,130,100,50,85,NR,263,NR,153,NR,NR,100,520,30,30,60,100,NR,NR,NR,NR,80,160,695,NR,108,53,107,80,90,30,23,60,30,65,2026-08-27
Mizoram,Siaha,55,55,NR,50,103,157,138,148,102,55,80,170,253,219,154,NR,110,100,250,30,40,57,130,NR,NR,50,100,95,110,631,60,100,73,80,NR,60,60,30,88,30,70,2026-08-27
Mizoram,Lawngtlai,50,NR,45,50,100,160,140,140,100,50,80,NR,253,NR,143,NR,132,110,480,30,40,60,120,NR,NR,50,NR,80,140,660,60,100,80,100,NR,90,60,NR,NR,30,70,2026-08-27
Mizoram,Hnahthial,53,NR,45,50,NR,147,150,133,103,55,84,NR,257,NR,154,NR,NR,120,513,30,35,60,107,NR,NR,50,NR,90,150,659,60,103,60,93,NR,90,50,20,75,28,63,2026-08-27
Mizoram,Khawzawl,48,40,38,48,103,143,133,110,98,52,83,NR,220,145,147,NR,132,143,413,31,42,60,70,NR,NR,50,NR,75,117,630,60,100,65,93,93,70,60,21,73,40,30,2026-08-27
Mizoram,Saitual,50,NR,45,50,107,NR,140,NR,108,55,80,NR,198,NR,152,NR,NR,120,523,30,25,60,80,NR,NR,50,NR,90,100,NR,58,95,80,100,NR,90,50,22,80,30,70,2026-08-27
Nagaland,Kohima,50,30,45,49,100,157,130,120,90,55,77,NR,143,176,154,NR,NR,NR,340,20,30,60,75,NR,NR,45,NR,90,90,714,60,92,50,80,70,60,50,15,70,35,60,2026-08-27
Nagaland,Dimapur,NR,NR,NR,NR,NR,NR,NR,NR,NR,NR,NR,NR,NR,NR,NR,NR,NR,NR,NR,NR,NR,NR,NR,NR,NR,NR,NR,NR,NR,NR,NR,NR,NR,NR,NR,NR,NR,NR,NR,NR,NR,2026-08-27
Nagaland,Tuensang,37,NR,40,55,100,NR,NR,120,100,53,NR,NR,176,NR,200,NR,NR,NR,NR,20,30,55,50,NR,NR,52,NR,50,100,NR,58,92,42,100,35,90,50,30,60,35,70,2026-08-27
Nagaland,Mokochung,50,44,NR,60,100,140,140,120,90,65,74,NR,154,170,165,NR,NR,80,340,15,25,60,50,NR,NR,60,NR,70,120,813,60,84,55,100,70,70,40,20,50,20,60,2026-08-27
Nagaland,Chumukedima,40,NR,NR,36,92,140,145,138,93,53,75,NR,255,211,198,209,NR,83,320,18,27,57,47,NR,NR,40,NR,85,123,652,70,115,37,90,NR,82,37,32,58,36,57,2026-08-27
Nagaland,Mon,40,NR,NR,60,100,NR,NR,125,100,60,70,NR,154,NR,165,NR,NR,80,340,17,20,50,60,NR,NR,60,NR,70,65,NR,60,80,50,NR,NR,65,45,20,50,20,50,2026-08-27
Nagaland,Peren,39,30,45,45,90,NR,NR,120,100,55,70,NR,154,NR,165,NR,NR,120,320,20,23,57,55,NR,NR,55,NR,70,113,651,60,96,45,80,40,70,48,20,107,27,40,2026-08-27
Nagaland,Phek,40,NR,50,50,100,150,140,130,100,50,72,NR,163,NR,165,NR,NR,80,350,20,NR,50,57,NR,NR,50,NR,NR,100,630,68,NR,60,100,60,63,56,30,40,20,50,2026-08-27
Nagaland,Tseminyu,55,40,NR,57,NR,NR,NR,137,97,60,70,NR,154,NR,154,NR,NR,NR,380,15,28,53,58,NR,NR,53,NR,80,90,714,60,99,50,NR,NR,90,42,19,NR,20,60,2026-08-27
Nagaland,Wokha,52,NR,NR,68,97,NR,NR,120,97,70,74,NR,158,NR,158,NR,NR,NR,300,15,30,50,60,NR,NR,70,NR,80,100,758,60,84,50,100,60,65,40,15,70,25,60,2026-08-27
Nagaland,Zunheboto,55,39,NR,50,NR,163,NR,110,90,50,75,NR,172,NR,NR,NR,NR,60,240,18,37,60,67,NR,NR,55,NR,75,NR,703,NR,82,60,120,30,70,40,25,60,33,58,2026-08-27
Nagaland,Kiphire,38,35,NR,60,120,155,140,120,90,65,70,NR,154,NR,165,NR,NR,75,345,18,25,70,80,NR,NR,45,NR,85,95,648,65,85,58,90,80,75,55,15,40,20,70,2026-08-27
Nagaland,Longleng,38,NR,40,50,NR,150,NR,120,100,50,75,NR,163,NR,165,NR,NR,80,350,20,23,48,50,NR,NR,62,NR,72,120,720,60,96,70,120,40,75,50,17,50,30,75,2026-08-27
Nagaland,Niuland,38,28,NR,50,NR,130,125,125,90,50,70,NR,154,NR,165,NR,NR,NR,320,15,20,55,50,NR,NR,50,NR,70,100,NR,60,84,25,NR,40,50,35,15,25,25,50,2026-08-27
Nagaland,Shamator,44,NR,55,60,100,NR,NR,130,100,69,78,NR,165,NR,176,NR,NR,80,320,20,30,70,60,NR,NR,60,NR,70,120,692,60,98,40,100,NR,95,30,20,50,25,53,2026-08-27
Nagaland,Noklak,40,NR,50,65,120,NR,NR,140,100,60,80,NR,168,NR,165,NR,NR,80,NR,20,26,60,60,NR,NR,60,NR,80,130,769,59,99,50,100,62,70,35,20,50,20,90,2026-08-27
Sikkim,Gangtok,45,NR,40,40,93,NR,NR,123,93,70,70,NR,231,143,139,209,NR,73,300,20,25,60,45,NR,NR,47,NR,60,110,769,59,108,60,97,50,53,29,23,60,30,50,2026-08-27
Sikkim,Gyalshing,45,NR,38,40,100,NR,NR,120,90,70,70,NR,231,143,187,209,NR,75,300,20,20,60,50,NR,NR,40,NR,70,110,651,60,96,70,100,50,40,28,20,60,30,50,2026-08-27
Sikkim,Namchi,45,NR,40,42,100,NR,NR,120,100,70,70,NR,231,154,143,198,NR,75,360,23,25,60,50,NR,NR,45,NR,80,120,714,58,96,70,90,50,53,30,20,70,20,50,2026-08-27
Sikkim,Soreng,45,NR,40,40,100,NR,NR,120,100,70,70,NR,230,154,165,NR,NR,70,220,20,25,60,50,NR,NR,40,40,80,120,714,62,108,80,100,35,40,30,20,70,20,50,2026-08-27
Sikkim,Mangan,45,NR,38,40,100,NR,NR,130,90,70,70,NR,231,154,170,NR,NR,75,460,20,25,60,60,NR,NR,40,NR,70,120,703,62,96,60,90,42,50,30,23,70,25,50,2026-08-27
Sikkim,Pakyong,45,NR,40,40,110,NR,NR,130,95,70,70,NR,220,148,165,198,NR,NR,300,24,20,60,45,NR,NR,45,NR,70,120,651,58,96,80,90,50,60,30,23,80,25,50,2026-08-27
Tripura,Agartala,40,42,NR,40,93,130,125,100,130,70,79,NR,214,181,192,203,176,72,253,10,20,55,65,NR,NR,40,NR,50,80,747,68,96,60,100,53,35,34,15,78,35,45,2026-08-27
Tripura,Dharmanagar,38,39,NR,42,94,131,125,105,134,69,76,NR,215,NR,192,NR,180,80,243,15,19,54,40,NR,NR,43,NR,48,92,710,62,97,43,92,45,40,28,15,77,34,45,2026-08-27
Tripura,Belonia,41,45,NR,40,95,133,128,103,130,70,80,NR,NR,178,192,203,172,80,247,13,20,54,65,NR,NR,40,NR,51,82,747,68,102,63,100,55,35,34,17,85,37,47,2026-08-27
Tripura,TR-Udaipur,41,44,NR,42,95,132,126,102,135,68,80,NR,218,182,193,203,177,73,246,10,22,55,67,NR,NR,46,NR,50,82,749,65,98,64,98,53,36,33,16,79,37,40,2026-08-27
Tripura,Ambassa,41,41,NR,40,94,131,128,100,132,70,80,NR,218,180,192,203,179,80,245,10,20,56,58,NR,NR,40,NR,50,75,769,70,90,45,98,57,41,32,15,55,37,46,2026-08-27
SOUTH ZONE,SOUTH ZONE,,,,,,,,,,,,,,,,,,,,,,,,,,,,,,,,,,,,,,,,,,2026-08-27
Andhra Pradesh,Vijaywada,52,33,43,45,84,132,134,104,85,64,54,203,156,147,NR,200,148,55,297,15,30,42,24,45,45,42,55,45,95,604,58,80,50,92,30,40,24,19,55,65,85,2026-08-27
Andhra Pradesh,Visakhapatnam,61,32,43,40,90,125,125,110,87,68,60,198,198,154,NR,189,159,68,260,18,16,56,27,41,44,45,45,46,91,769,65,70,39,90,37,37,28,15,55,40,40,2026-08-27
Andhra Pradesh,Kurnool,61,42,40,43,78,114,113,119,88,61,60,192,199,137,130,190,136,55,323,17,31,33,11,37,39,43,49,41,93,751,61,71,23,86,36,38,23,13,29,33,48,2026-08-27
Andhra Pradesh,Tirupathi,58,32,44,45,83,108,105,109,90,43,58,172,183,134,168,195,135,61,308,20,32,39,23,39,43,41,43,45,87,641,55,71,44,85,34,40,20,17,48,31,33,2026-08-27
Andhra Pradesh,Jammalamadugu,NR,NR,NR,NR,NR,NR,NR,NR,NR,NR,NR,NR,NR,NR,NR,NR,NR,NR,NR,NR,NR,NR,NR,NR,NR,NR,NR,NR,NR,NR,NR,NR,NR,NR,NR,NR,NR,NR,NR,,,2026-08-27
Andhra Pradesh,Dharmavaram,NR,NR,NR,NR,NR,NR,NR,NR,NR,NR,NR,NR,NR,NR,NR,NR,NR,NR,NR,NR,NR,NR,NR,NR,NR,NR,NR,NR,NR,NR,NR,NR,NR,NR,NR,NR,NR,NR,NR,,,2026-08-27
Andhra Pradesh,Ongole,55,31,43,45,82,119,117,109,89,50,58,183,186,143,NR,181,144,61,300,16,35,35,22,38,42,42,46,44,85,718,62,78,33,81,33,38,22,17,51,29,35,2026-08-27
Andhra Pradesh,Bapatla,49,30,43,43,83,113,120,106,85,52,58,189,NR,NR,NR,187,141,53,287,15,31,32,27,33,42,42,45,43,90,763,59,77,31,82,30,35,22,16,50,24,33,2026-08-27
Andhra Pradesh,Rajahmundry,53,35,44,46,80,117,113,108,86,55,60,193,213,130,NR,192,140,55,207,15,20,35,25,41,42,43,46,44,90,580,60,75,34,85,45,30,24,12,35,24,40,2026-08-27
Andhra Pradesh,Eluru,60,41,43,44,84,121,113,106,87,73,61,199,215,145,165,198,146,75,250,22,28,47,27,39,46,42,51,44,87,844,58,61,35,82,30,33,30,19,41,31,52,2026-08-27
Andhra Pradesh,Guntur,62,33,42,45,88,122,122,118,87,70,60,197,198,137,NR,198,144,67,215,12,23,38,22,38,38,42,44,43,88,593,58,74,30,84,33,35,22,15,35,25,34,2026-08-27
Andhra Pradesh,Amalapuram,52,33,45,45,90,120,136,115,85,58,65,220,215,145,158,198,148,58,288,23,22,50,22,31,32,46,46,47,90,679,60,72,38,90,35,38,28,19,50,40,30,2026-08-27
Andhra Pradesh,Nandyala,61,40,44,39,83,118,118,112,88,52,61,197,219,148,154,197,149,61,277,15,35,31,13,34,39,39,51,43,87,743,64,75,41,92,52,37,30,18,26,21,52,2026-08-27
Andhra Pradesh,Parvathipuram,53,39,44,46,84,120,121,112,91,54,59,183,195,149,NR,194,141,60,281,23,17,41,25,42,44,45,44,46,88,674,60,72,31,84,37,35,22,19,36,35,38,2026-08-27
Andhra Pradesh,Sri Sathya Sai,58,30,40,40,81,115,112,101,86,50,60,200,202,142,159,191,147,59,315,15,30,25,19,35,42,40,49,47,88,667,60,80,32,87,35,40,25,14,47,31,39,2026-08-27
Andhra Pradesh,Nellore,NR,NR,NR,NR,NR,NR,NR,NR,NR,NR,NR,NR,NR,NR,NR,NR,NR,NR,NR,NR,NR,NR,NR,NR,NR,NR,NR,NR,NR,NR,NR,NR,NR,NR,NR,NR,NR,NR,NR,NR,NR,2026-08-27
Andhra Pradesh,Srikakulam,60,30,39,46,84,120,132,107,84,69,56,202,209,136,162,166,136,60,331,11,22,52,28,NR,NR,48,50,54,89,673,55,71,39,89,45,43,27,17,55,44,44,2026-08-27
Andhra Pradesh,Vizianagaram,54,39,40,43,80,117,117,108,88,58,60,179,191,145,NR,191,137,55,275,19,25,38,30,37,38,43,42,43,85,659,60,72,30,80,34,32,22,17,31,24,36,2026-08-27
Andhra Pradesh,Anakapalli,68,35,40,45,85,120,135,110,85,72,69,203,214,148,NR,203,143,57,247,19,33,47,26,40,42,40,40,40,113,714,60,84,40,73,34,33,25,17,47,20,29,2026-08-27
Andhra Pradesh,Bhimavaram,51,35,40,41,83,120,111,105,86,52,60,192,203,146,150,186,143,55,285,19,25,49,29,34,40,44,45,44,88,791,54,74,47,88,38,38,22,18,35,33,37,2026-08-27
Andhra Pradesh,Chittoor,50,35,45,47,85,105,110,110,95,45,55,181,198,154,NR,170,132,60,345,15,42,45,14,36,38,50,50,55,110,681,65,75,45,80,30,30,20,15,55,43,48,2026-08-27
Andhra Pradesh,Kakinada,54,40,42,41,81,119,113,108,88,53,62,196,213,148,NR,196,142,57,294,18,26,31,20,37,40,43,44,44,92,640,63,75,41,84,33,37,21,15,52,28,31,2026-08-27
Andhra Pradesh,Machilipatnam,52,30,43,46,84,115,108,107,88,62,63,169,176,133,168,175,115,54,338,15,24,47,25,32,43,44,42,44,90,743,61,58,32,85,31,30,19,12,38,46,43,2026-08-27
Andhra Pradesh,Narasaraopeta,53,37,44,44,85,103,105,105,85,45,62,164,187,162,169,176,120,50,266,18,27,22,27,32,43,44,43,43,91,772,49,74,34,83,32,33,20,18,50,27,42,2026-08-27
Andhra Pradesh,Paderu,60,NR,40,45,85,120,135,105,85,55,60,198,198,143,NR,201,154,55,300,19,30,40,28,NR,NR,44,48,45,90,703,62,72,40,83,33,35,19,13,53,25,40,2026-08-27
Andhra Pradesh,Rayachoti,NR,NR,NR,NR,NR,NR,NR,NR,NR,NR,NR,NR,NR,NR,NR,NR,NR,NR,NR,NR,NR,NR,NR,NR,NR,NR,NR,NR,NR,NR,NR,NR,NR,NR,NR,NR,NR,NR,NR,NR,NR,2026-08-27
Andhra Pradesh,Anantapuramu,63,30,40,38,81,116,121,99,82,62,60,203,209,150,165,199,154,69,310,16,30,38,13,35,41,40,49,49,88,670,59,84,31,82,39,39,29,15,44,36,47,2026-08-27
Andhra Pradesh,YSR Kadapa,NR,NR,NR,NR,NR,NR,NR,NR,NR,NR,NR,NR,NR,NR,NR,NR,NR,NR,NR,NR,NR,NR,NR,NR,NR,NR,NR,NR,NR,NR,NR,NR,NR,NR,NR,NR,NR,NR,NR,NR,NR,2026-08-27
Andhra Pradesh,Madanapalle,NR,NR,NR,NR,NR,NR,NR,NR,NR,NR,NR,NR,NR,NR,NR,NR,NR,NR,NR,NR,NR,NR,NR,NR,NR,NR,NR,NR,NR,NR,NR,NR,NR,NR,NR,NR,NR,NR,NR,NR,NR,2026-08-27
Andhra Pradesh,Markapuram,51,30,40,41,81,120,117,105,90,50,67,200,182,144,NR,194,148,54,327,19,28,33,28,33,40,42,42,42,88,701,62,74,35,82,39,38,24,16,49,34,40,2026-08-27
Karnataka,Bengaluru,65,40,41,45,87,122,128,112,89,72,51,198,216,158,163,198,161,69,240,19,27,50,20,39,44,43,51,47,92,762,60,88,53,81,44,36,33,17,49,32,42,2026-08-27
Karnataka,Dharwad,62,36,44,45,84,124,126,112,88,70,54,200,196,147,146,193,157,68,268,20,23,33,13,46,50,44,48,45,86,786,60,78,40,80,36,43,31,15,40,28,38,2026-08-27
Karnataka,Mangalore,57,35,43,44,84,120,129,111,88,60,54,209,197,150,170,188,154,63,199,20,29,35,25,39,55,45,48,47,88,751,59,81,43,83,35,37,28,17,57,27,38,2026-08-27
Karnataka,Mysore,63,36,42,50,85,120,125,108,79,67,48,220,225,151,171,195,156,65,278,20,30,42,10,57,57,41,61,45,79,722,63,67,48,96,54,33,40,22,53,53,54,2026-08-27
Karnataka,Bengaluru (East Range),66,37,48,47,91,125,126,118,91,74,50,200,219,154,167,201,158,69,260,20,33,58,19,42,44,43,51,44,92,753,60,82,60,83,39,42,29,18,50,38,55,2026-08-27
Karnataka,Belagavi,58,36,42,43,84,120,121,108,86,68,54,203,195,148,173,195,152,71,261,22,25,34,16,50,54,41,46,43,85,786,61,84,45,80,35,59,27,14,51,33,34,2026-08-27
Karnataka,Kalaburagi,68,40,45,44,85,125,122,118,90,70,53,202,201,163,136,187,154,68,220,20,25,50,24,40,45,46,49,45,95,731,65,96,60,82,40,60,30,18,60,35,50,2026-08-27
Karnataka,Tumakuru,69,37,44,45,90,127,132,116,94,68,53,204,213,151,161,190,150,75,232,21,29,50,23,49,51,47,53,47,85,720,60,78,46,88,46,44,32,19,49,29,50,2026-08-27
Karnataka,Bellary,61,37,45,42,87,122,130,108,88,66,54,216,209,159,150,188,164,65,281,20,29,57,11,42,45,42,47,43,97,766,61,81,36,81,36,36,30,18,50,31,39,2026-08-27
Karnataka,Dhavanagere,69,40,44,48,87,121,125,110,87,72,53,213,212,159,154,200,163,67,288,22,30,50,15,43,56,45,52,45,87,789,59,74,42,81,37,42,25,16,55,32,38,2026-08-27
Karnataka,Shivamogga,65,37,42,47,89,123,126,115,93,65,52,200,208,154,148,195,148,68,245,21,26,38,12,48,52,47,49,48,92,786,60,80,42,86,36,41,28,15,45,31,38,2026-08-27
Karnataka,Vijayapur,70,38,45,44,87,126,126,118,86,67,53,220,214,156,175,186,145,68,244,20,25,50,18,40,48,41,52,41,84,786,62,87,41,90,39,42,38,15,64,38,35,2026-08-27
Karnataka,Ramanagara,59,34,42,45,88,121,120,108,92,69,53,211,216,148,142,193,148,57,215,19,29,38,15,42,44,47,47,43,90,756,65,90,38,92,35,52,28,16,53,37,34,2026-08-27
Karnataka,Raichur,60,34,44,44,88,125,124,115,83,61,53,203,203,166,168,196,144,60,214,18,25,35,18,51,51,46,46,46,91,745,60,86,41,95,43,49,40,17,42,29,34,2026-08-27
Karnataka,Chamarajanagar,60,36,41,45,84,121,127,104,96,65,48,221,222,153,122,193,142,63,198,18,30,40,11,55,57,52,59,54,89,713,63,67,46,93,42,62,43,20,62,45,50,2026-08-27
Karnataka,Kolar,65,33,45,50,90,120,127,112,90,70,52,231,213,164,169,198,160,70,256,20,25,39,14,36,45,50,45,50,103,782,60,70,42,85,42,40,27,15,44,31,49,2026-08-27
Karnataka,Haveri,66,40,42,42,90,115,135,110,90,70,52,220,214,165,165,192,145,70,247,19,25,40,12,45,50,42,50,42,80,758,65,90,40,80,42,45,30,15,45,35,40,2026-08-27
Karnataka,Bagalkot,61,37,44,42,85,118,122,115,92,70,52,206,196,145,165,191,153,58,245,20,28,36,24,49,46,44,52,43,90,795,60,88,48,80,35,37,35,18,58,30,36,2026-08-27
Karnataka,Bidar,69,39,41,41,83,120,133,112,84,69,57,197,198,147,172,187,162,69,287,19,28,53,15,41,57,41,53,41,88,802,61,106,63,88,57,38,33,18,47,38,43,2026-08-27
Karnataka,Koppal,64,37,44,45,85,124,127,115,90,65,52,204,195,153,159,192,157,65,244,19,24,41,15,42,48,43,46,44,91,742,59,85,44,90,38,42,30,17,55,35,38,2026-08-27
Karnataka,Mandya,68,36,44,47,85,119,130,115,94,65,52,218,225,155,170,197,156,70,241,20,29,55,12,46,47,42,47,44,95,732,65,76,50,81,49,37,30,15,45,30,45,2026-08-27
Karnataka,Yadgir,60,36,44,46,85,122,121,111,88,70,53,203,203,159,165,192,159,65,210,20,25,45,20,44,52,46,46,45,96,780,61,84,43,80,35,38,28,19,48,35,45,2026-08-27
Karnataka,Chikkamagalur,61,37,43,46,88,122,127,112,90,65,53,206,200,155,159,193,147,67,218,19,26,49,19,45,46,47,48,46,94,722,65,94,49,83,41,43,31,16,45,35,41,2026-08-27
Karnataka,Bangalore Rural,63,36,43,49,90,126,131,108,87,65,50,214,195,147,152,189,145,66,265,20,25,45,15,49,46,45,47,48,94,729,64,84,38,83,38,52,27,20,49,32,45,2026-08-27
Karnataka,Chikkaballapur,64,36,46,46,92,113,134,108,86,64,52,218,212,160,172,194,161,60,282,20,28,33,19,45,45,43,46,43,92,743,61,83,41,87,46,41,27,15,42,33,44,2026-08-27
Karnataka,Chitradurga,64,36,44,49,87,123,124,110,88,65,53,211,214,153,147,195,158,59,280,20,32,45,12,45,55,45,55,45,87,786,59,77,45,86,37,43,26,16,60,32,40,2026-08-27
Karnataka,Gadag,60,38,45,47,87,124,133,118,88,65,54,213,196,147,139,186,146,67,248,20,20,40,18,41,46,44,54,46,89,743,70,95,60,86,39,37,42,20,42,36,43,2026-08-27
Karnataka,Hassan,65,39,44,48,86,121,127,109,87,70,54,223,199,151,153,195,159,75,245,21,24,48,20,46,46,47,46,47,91,735,60,85,39,84,38,39,28,15,40,35,40,2026-08-27
Karnataka,Kodagu,63,37,44,45,86,122,127,113,89,69,52,208,206,153,157,190,152,64,249,19,27,43,19,44,47,45,47,45,91,757,60,84,46,84,41,43,31,16,50,34,41,2026-08-27
Karnataka,Udupi,63,39,47,49,87,120,121,110,94,68,48,230,210,167,173,187,158,74,223,19,34,45,27,44,43,48,48,47,91,747,67,90,65,79,39,54,45,19,61,35,35,2026-08-27
Karnataka,Uttara Kannada,66,35,46,42,95,119,138,119,96,67,48,223,202,166,173,197,150,72,293,22,29,46,27,46,55,46,50,46,97,786,62,80,53,99,49,40,45,19,43,35,53,2026-08-27
Karnataka,Vijayanagara,64,39,44,43,85,121,126,115,94,64,52,200,211,149,NR,195,145,67,235,19,25,47,15,39,49,48,49,49,96,751,60,72,45,92,43,40,40,16,49,28,38,2026-08-27
Kerala,T.Puram,NR,NR,NR,NR,NR,NR,NR,NR,NR,NR,NR,NR,NR,NR,NR,NR,NR,NR,NR,NR,NR,NR,NR,NR,NR,NR,NR,NR,NR,NR,NR,NR,NR,NR,NR,NR,NR,NR,NR,NR,NR,2026-08-27
Kerala,Ernakulam,NR,NR,NR,NR,NR,NR,NR,NR,NR,NR,NR,NR,NR,NR,NR,NR,NR,NR,NR,NR,NR,NR,NR,NR,NR,NR,NR,NR,NR,NR,NR,NR,NR,NR,NR,NR,NR,NR,NR,NR,NR,2026-08-27
Kerala,Kozhikode,NR,NR,NR,NR,NR,NR,NR,NR,NR,NR,NR,NR,NR,NR,NR,NR,NR,NR,NR,NR,NR,NR,NR,NR,NR,NR,NR,NR,NR,NR,NR,NR,NR,NR,NR,NR,NR,NR,NR,NR,NR,2026-08-27
Kerala,Thrissur,NR,NR,NR,NR,NR,NR,NR,NR,NR,NR,NR,NR,NR,NR,NR,NR,NR,NR,NR,NR,NR,NR,NR,NR,NR,NR,NR,NR,NR,NR,NR,NR,NR,NR,NR,NR,NR,NR,NR,NR,NR,2026-08-27
Kerala,Palakkad,NR,NR,NR,NR,NR,NR,NR,NR,NR,NR,NR,NR,NR,NR,NR,NR,NR,NR,NR,NR,NR,NR,NR,NR,NR,NR,NR,NR,NR,NR,NR,NR,NR,NR,NR,NR,NR,NR,NR,NR,NR,2026-08-27
Kerala,Wayanad,NR,NR,NR,NR,NR,NR,NR,NR,NR,NR,NR,NR,NR,NR,NR,NR,NR,NR,NR,NR,NR,NR,NR,NR,NR,NR,NR,NR,NR,NR,NR,NR,NR,NR,NR,NR,NR,NR,NR,NR,NR,2026-08-27
Kerala,Kasargod,NR,NR,NR,NR,NR,NR,NR,NR,NR,NR,NR,NR,NR,NR,NR,NR,NR,NR,NR,NR,NR,NR,NR,NR,NR,NR,NR,NR,NR,NR,NR,NR,NR,NR,NR,NR,NR,NR,NR,NR,NR,2026-08-27
Kerala,Kottayam,NR,NR,NR,NR,NR,NR,NR,NR,NR,NR,NR,NR,NR,NR,NR,NR,NR,NR,NR,NR,NR,NR,NR,NR,NR,NR,NR,NR,NR,NR,NR,NR,NR,NR,NR,NR,NR,NR,NR,NR,NR,2026-08-27
Kerala,Pathanamthitta,NR,NR,NR,NR,NR,NR,NR,NR,NR,NR,NR,NR,NR,NR,NR,NR,NR,NR,NR,NR,NR,NR,NR,NR,NR,NR,NR,NR,NR,NR,NR,NR,NR,NR,NR,NR,NR,NR,NR,NR,NR,2026-08-27
Kerala,Alapuzha,NR,NR,NR,NR,NR,NR,NR,NR,NR,NR,NR,NR,NR,NR,NR,NR,NR,NR,NR,NR,NR,NR,NR,NR,NR,NR,NR,NR,NR,NR,NR,NR,NR,NR,NR,NR,NR,NR,NR,NR,NR,2026-08-27
Kerala,Kollam,NR,NR,NR,NR,NR,NR,NR,NR,NR,NR,NR,NR,NR,NR,NR,NR,NR,NR,NR,NR,NR,NR,NR,NR,NR,NR,NR,NR,NR,NR,NR,NR,NR,NR,NR,NR,NR,NR,NR,NR,NR,2026-08-27
Kerala,Idukki,NR,NR,NR,NR,NR,NR,NR,NR,NR,NR,NR,NR,NR,NR,NR,NR,NR,NR,NR,NR,NR,NR,NR,NR,NR,NR,NR,NR,NR,NR,NR,NR,NR,NR,NR,NR,NR,NR,NR,NR,NR,2026-08-27
Kerala,Kannur,NR,NR,NR,NR,NR,NR,NR,NR,NR,NR,NR,NR,NR,NR,NR,NR,NR,NR,NR,NR,NR,NR,NR,NR,NR,NR,NR,NR,NR,NR,NR,NR,NR,NR,NR,NR,NR,NR,NR,NR,NR,2026-08-27
Kerala,Malapuram,NR,NR,NR,NR,NR,NR,NR,NR,NR,NR,NR,NR,NR,NR,NR,NR,NR,NR,NR,NR,NR,NR,NR,NR,NR,NR,NR,NR,NR,NR,NR,NR,NR,NR,NR,NR,NR,NR,NR,NR,NR,2026-08-27
Puducherry,Puducherry,44,34,52,54,86,128,121,119,NR,59,52,225,216,174,NR,NR,158,65,410,25,35,35,26,45,55,45,55,68,108,842,60,70,48,90,37,39,23,15,60,27,34,2026-08-27
Tamil Nadu,Chennai,64,40,45,43,86,131,132,120,86,68,40,213,247,174,NR,201,168,82,288,30,43,60,30,44,58,46,52,49,93,923,60,78,58,86,56,39,33,14,58,50,60,2026-08-27
Tamil Nadu,Madurai,58,37,47,68,87,137,124,106,92,69,45,227,206,194,NR,197,174,64,263,30,35,56,16,36,39,56,48,51,112,759,67,86,41,87,37,43,26,14,43,59,37,2026-08-27
Tamil Nadu,Dindigul,69,37,49,63,83,126,126,109,82,69,44,238,255,180,NR,194,165,72,284,29,42,62,22,41,51,53,51,49,98,923,61,80,28,85,51,35,33,13,72,62,50,2026-08-27
Tamil Nadu,Thiruchirapalli,66,38,51,56,102,147,149,130,103,69,47,234,258,193,NR,201,165,82,309,30,38,54,26,49,60,57,60,57,117,809,71,68,53,98,49,35,38,17,50,34,50,2026-08-27
Tamil Nadu,Coimbatore,59,38,44,42,89,130,138,106,82,62,40,233,212,177,NR,198,169,77,280,28,41,52,24,42,55,49,53,53,110,807,60,72,46,86,54,33,31,15,54,43,53,2026-08-27
Tamil Nadu,Tirunelveli,49,35,49,53,94,128,143,119,85,69,46,250,223,184,NR,193,149,62,263,29,27,53,19,42,49,56,53,56,102,793,70,72,45,86,50,37,32,15,47,43,50,2026-08-27
Tamil Nadu,Cuddalore,60,38,49,45,90,141,140,121,112,66,50,193,232,199,NR,192,153,76,293,28,42,51,19,44,59,49,53,50,96,691,58,72,40,82,48,32,30,14,42,47,55,2026-08-27
Tamil Nadu,Dharmapuri,59,34,45,42,88,134,135,106,81,65,45,220,NR,144,NR,197,158,67,275,28,30,60,22,34,48,48,45,47,110,690,80,74,38,82,50,32,30,14,50,50,53,2026-08-27
Tamil Nadu,Vellore,NR,NR,NR,NR,NR,NR,NR,NR,NR,NR,NR,NR,NR,NR,NR,NR,NR,NR,NR,NR,NR,NR,NR,NR,NR,NR,NR,NR,NR,NR,NR,NR,NR,NR,NR,NR,NR,NR,NR,NR,NR,2026-08-27
Tamil Nadu,Ramanathapuram,66,41,41,67,85,122,136,105,89,68,44,221,NR,186,NR,199,171,74,284,31,51,55,31,41,51,58,50,58,117,773,74,80,52,82,59,31,32,13,50,52,41,2026-08-27
Tamil Nadu,Erode,59,43,52,44,93,130,138,110,79,66,45,221,232,177,NR,199,177,74,440,30,41,46,18,41,64,50,54,51,109,769,60,72,38,82,54,31,29,15,26,49,57,2026-08-27
Tamil Nadu,Karur,57,35,54,67,93,134,141,108,87,69,47,236,210,175,NR,196,157,78,297,17,37,60,27,44,49,56,56,59,104,725,65,75,52,96,45,44,28,23,67,52,50,2026-08-27
Tamil Nadu,Perambalur,61,41,NR,67,94,130,145,112,86,72,48,231,225,187,NR,199,162,74,NR,30,32,64,32,42,73,62,57,69,119,747,63,72,42,90,50,39,29,14,62,48,65,2026-08-27
Tamil Nadu,Pudukkottai,65,44,45,69,93,129,142,115,NR,75,40,269,NR,182,NR,203,155,70,698,30,40,60,25,42,60,56,55,52,113,876,66,72,40,97,51,38,32,14,55,55,50,2026-08-27
Tamil Nadu,Sivagangai,55,40,45,68,98,136,147,121,92,70,44,258,NR,223,NR,201,173,73,292,29,40,70,30,40,60,58,55,63,120,767,85,73,60,88,54,37,32,15,63,53,37,2026-08-27
Tamil Nadu,Thanjavur,59,42,48,50,88,138,140,113,95,70,44,225,236,184,NR,200,151,75,300,27,33,53,23,41,60,48,56,53,131,894,77,80,57,90,53,39,31,14,56,54,60,2026-08-27
Tamil Nadu,The nilgiris,61,45,47,52,103,134,147,128,93,72,54,233,235,168,NR,198,156,75,208,32,NR,57,21,47,50,52,53,53,80,808,72,87,48,98,27,68,41,30,55,35,53,2026-08-27
Tamil Nadu,Thoothukudi,54,38,45,65,90,125,140,105,85,70,46,231,219,181,NR,193,163,78,320,10,30,60,20,40,50,60,55,62,112,874,61,72,46,87,51,37,31,13,48,45,50,2026-08-27
Tamil Nadu,Viluppuram,60,42,47,47,90,134,127,108,89,68,48,204,217,169,NR,198,169,71,NR,29,40,60,15,36,45,44,50,47,110,826,71,69,55,86,52,33,34,13,45,50,60,2026-08-27
Tamil Nadu,Virudhunagar,64,39,47,63,83,119,138,105,NR,68,45,255,239,183,NR,200,176,69,293,28,45,57,32,37,55,52,55,53,107,729,59,76,38,82,47,31,20,13,62,40,25,2026-08-27
Tamil Nadu,Kanniyakumari,62,39,39,53,85,125,125,106,76,68,41,242,216,191,NR,202,168,70,259,25,32,58,22,34,40,37,53,41,100,769,60,70,50,84,43,31,29,13,40,30,48,2026-08-27
Tamil Nadu,Namakkal,65,41,47,63,90,130,147,116,90,65,44,198,215,167,NR,195,159,62,NR,26,32,58,27,41,40,51,49,47,113,664,71,72,60,81,55,39,31,12,62,60,63,2026-08-27
Tamil Nadu,Tiruvannamalai,67,41,45,48,85,137,142,118,88,73,43,224,201,172,NR,200,164,76,310,27,32,62,22,44,58,47,52,56,113,839,62,69,63,89,41,47,29,13,55,43,51,2026-08-27
Tamil Nadu,Tiruvarur,62,30,52,60,89,124,119,109,NR,54,60,216,216,163,NR,194,157,54,NR,20,30,35,25,46,51,48,51,62,122,714,65,78,43,90,39,49,18,20,45,24,25,2026-08-27
Tamil Nadu,Tiruppur,59,37,49,54,109,141,149,121,85,70,43,254,229,174,NR,199,158,76,265,28,27,52,18,45,55,60,55,61,98,725,60,82,37,83,47,41,24,18,57,47,33,2026-08-27
Tamil Nadu,Tenkasi,56,40,46,59,85,126,134,111,NR,67,46,233,NR,166,NR,191,163,74,275,30,30,60,15,36,52,56,58,55,102,835,64,78,40,88,44,41,28,13,49,50,40,2026-08-27
Tamil Nadu,Nagapattinam,64,40,50,67,97,130,128,125,101,65,44,231,240,178,NR,193,156,69,NR,25,34,46,25,48,50,49,53,51,117,875,64,84,59,94,43,50,34,15,57,60,53,2026-08-27
Tamil Nadu,Krishnagiri,60,36,47,41,89,130,133,117,90,68,44,208,202,155,NR,197,167,69,315,28,30,51,20,38,40,43,48,45,100,615,50,75,50,96,40,40,29,12,53,62,52,2026-08-27
Tamil Nadu,Ariyalur,55,36,34,65,91,126,125,109,90,67,44,243,209,176,NR,197,166,67,293,26,38,55,35,45,45,52,55,52,109,837,65,72,37,90,39,49,27,14,52,43,36,2026-08-27
Tamil Nadu,Kallakurichi,59,40,49,67,92,136,131,112,89,64,47,253,225,176,NR,202,164,68,NR,31,32,60,20,37,47,52,47,47,112,929,85,69,55,85,55,34,35,15,50,30,52,2026-08-27
Tamil Nadu,Kancheepuram,64,40,51,67,92,142,140,122,95,71,44,218,207,186,NR,199,159,79,NR,30,45,60,25,41,56,52,53,55,103,775,52,78,50,91,53,40,33,14,50,48,43,2026-08-27
Tamil Nadu,Salem,55,NR,48,48,95,128,121,133,99,44,45,212,NR,176,NR,174,152,48,280,NR,39,29,41,45,53,45,55,48,83,714,70,68,41,83,42,38,25,16,45,27,32,2026-08-27
Tamil Nadu,Theni,67,37,46,61,89,129,139,110,86,67,45,226,220,165,NR,176,151,64,288,27,34,57,25,39,63,50,58,52,94,791,70,76,50,91,47,33,26,13,50,45,37,2026-08-27
Tamil Nadu,Chengalpattu,63,40,48,56,95,123,120,128,90,53,44,210,205,175,NR,164,139,66,NR,28,32,47,27,41,49,51,47,53,113,784,52,86,52,85,31,40,19,13,43,19,30,2026-08-27
Tamil Nadu,Mayiladuthurai,60,40,50,65,98,137,117,113,NR,71,44,201,220,198,NR,200,150,80,340,27,32,60,25,45,45,46,55,63,113,857,70,72,50,92,35,42,25,14,60,33,47,2026-08-27
Tamil Nadu,Ranipet,NR,NR,NR,NR,NR,NR,NR,NR,NR,NR,NR,NR,NR,NR,NR,NR,NR,NR,NR,NR,NR,NR,NR,NR,NR,NR,NR,NR,NR,NR,NR,NR,NR,NR,NR,NR,NR,NR,NR,NR,NR,2026-08-27
Tamil Nadu,Tirupattur,68,43,43,46,85,125,123,119,89,69,40,217,236,172,NR,197,147,74,305,29,35,45,22,35,41,43,36,45,96,771,65,79,57,89,45,38,27,15,50,47,58,2026-08-27
Tamil Nadu,Tiruvallur,NR,NR,NR,NR,NR,NR,NR,NR,NR,NR,NR,NR,NR,NR,NR,NR,NR,NR,NR,NR,NR,NR,NR,NR,NR,NR,NR,NR,NR,NR,NR,NR,NR,NR,NR,NR,NR,NR,NR,NR,NR,2026-08-27
Telangana,Hyderabad,63,42,39,41,80,112,123,103,82,60,63,191,201,146,181,191,148,62,250,20,30,34,22,35,63,44,50,44,92,653,60,88,40,82,45,31,24,16,52,25,45,2026-08-27
Telangana,Karimnagar,57,NR,44,54,81,126,131,112,85,56,66,196,205,153,NR,192,152,63,299,25,30,40,21,44,47,44,55,44,96,653,59,72,41,107,40,37,24,15,42,36,43,2026-08-27
Telangana,Warangal,56,NR,42,49,80,122,128,108,86,58,65,198,209,136,143,199,150,58,275,19,30,37,27,37,48,41,54,41,85,560,60,83,40,117,45,35,25,14,43,26,47,2026-08-27
Telangana,Adilabad,65,NR,43,50,93,120,118,118,93,65,80,197,192,181,187,191,147,65,290,30,25,45,30,38,45,43,49,44,79,732,59,72,50,103,49,39,25,15,45,22,42,2026-08-27
Telangana,Suryapet,52,NR,44,46,87,124,130,110,98,54,65,192,188,181,185,197,144,63,265,22,28,38,22,39,57,41,48,39,87,622,62,80,44,102,46,38,25,15,50,27,48,2026-08-27
Telangana,Jadcherla,57,NR,42,49,85,126,130,115,90,62,65,190,188,149,176,193,148,58,292,20,39,35,24,35,49,39,53,42,82,528,60,82,31,92,44,37,25,15,45,28,48,2026-08-27
Telangana,Khammam,59,NR,47,52,89,128,132,117,95,58,66,183,166,126,161,183,142,57,297,20,32,34,25,37,47,35,52,34,88,517,60,81,33,108,43,43,25,16,43,26,48,2026-08-27
Telangana,Medchal,54,44,45,47,82,131,128,115,80,60,64,197,220,165,168,190,143,58,250,22,28,37,25,40,50,44,53,45,90,538,61,82,35,115,43,35,26,17,50,34,45,2026-08-27
Telangana,Nizamabad,54,33,41,45,82,122,130,103,83,62,66,195,199,201,173,193,154,65,252,23,28,36,22,41,48,44,50,44,81,625,67,79,35,105,46,35,26,19,46,33,47,2026-08-27
Telangana,Sangareddy,62,32,50,55,83,126,127,117,96,65,65,193,200,148,NR,198,145,65,412,25,32,36,22,41,58,51,55,48,97,659,59,78,42,105,43,39,25,16,57,40,50,2026-08-27
Telangana,Kothagudem,57,NR,47,52,92,133,130,126,95,66,80,189,NR,146,NR,198,144,62,347,32,42,59,25,43,53,43,54,51,91,744,61,72,41,87,40,33,26,13,44,26,44,2026-08-27
Ladakh,Leh,53,NR,NR,NR,140,NR,147,128,130,50,70,NR,NR,NR,NR,NR,NR,80,640,30,48,50,70,NR,NR,70,NR,44,120,677,58,84,63,103,37,61,39,18,90,50,50,2026-08-27
Ladakh,Kargil,45,NR,NR,40,127,135,115,115,90,48,66,NR,159,160,159,NR,NR,47,650,28,40,40,80,60,NR,50,NR,45,100,677,64,84,60,100,80,80,53,21,95,60,60,2026-08-27
Commodity Name,Commodity Name,Rice,Rice,Wheat,Atta (Wheat),Gram Dal,Tur/Arhar Dal,Urad Dal,Moong Dal,Masoor Dal,Sugar,Milk @,Groundnut Oil (Packed),Mustard Oil (Packed),Vanaspati (Packed),Soya Oil (Packed),Sunflower Oil (Packed),Palm Oil (Packed),Gur,Tea Loose,Salt Pack (Iodised),Potato,Onion,Tomato,Bajra(whole),Jowar(whole),Maida(wheat),Ragi(whole),Suji(whole),Besan,Desi Ghee,Butter(Pasteurised),Eggs,Brinjal,Black Pepper(whole),Coriander(whole),Cummin Seed(whole),Red Chillies(whole),Turmeric(powder),Banana,GInger,Garlic,2026-08-27
Average Price1,Average Price1,45.91,32.69,31.35,37.19,87.05,123.29,121.81,111.66,90.65,64.33,61.18,207.43,200.5,165.84,165.53,191.23,148.39,66.89,277.78,22.35,22.36,46.58,38.26,38.48,44.77,42.14,55.61,47.16,96.05,694.2,60.27,83.63,42.68,88.57,42.55,41.05,30.21,16.62,49.88,36.61,43.79,2026-08-27
Maximum Price1,Maximum Price1,70,55,55,69,140,182,153,152,140,76,85,292,263,256,209,244,198,143,698,32,51,77,130,85,85,75,104,100,160,929,85,120,160,127,100,95,60,35,107,73,90,2026-08-27
Minimum Price1,Minimum Price1,30,17,22,27,70,95,81,86,73,43,40,153,143,126,120,121,110,42,153,10,9,22,10,19,22,31,35,31,65,507,45,51,15,68,27,25,18,10,25,17,22,2026-08-27
Modal Price1,Modal Price1,40,30,28,35,85,120,120,110,90,65,60,203,209,176,165,198,140,65,300,20,20,50,40,35,40,40,55,40,90,714,60,84,40,80,40,35,30,15,50,30,50,2026-08-27
,,,,,,,,,,,,,,,,,,,,,,,,,,,,,,,,,,,,,,,,,,,2026-08-27
"Department of Consumer Affairs ( Price Monitoring Division)Date 27/08/2026 Daily Retail Prices Of Essential Commodities  StateCentreRiceBroken RiceWheatAtta (Wheat)Gram DalTur/Arhar DalUrad DalMoong DalMasoor DalSugarMilk @Groundnut Oil (Packed)Mustard Oil (Packed)Vanaspati (Packed)Soya Oil (Packed)Sunflower Oil (Packed)Palm Oil (Packed)GurTea LooseSalt Pack (Iodised)PotatoOnionTomatoBajra (whole)Jowar (whole)Maida (wheat)Ragi (whole)Suji (whole)BesanDesi GheeButter (Pasteurised)Eggs BrinjalBlack Pepper (whole)Coriander (whole)Cummin Seed (whole)Red Chillies (whole)Turmeric (powder)BananaGingerGarlic  UnitQty1 Kg1 Kg1 Kg1 Kg1 Kg1 Kg1 Kg1 Kg1 Kg1 Kg1 ltr1 Kg1 Kg1 Kg1 Kg1 Kg1 Kg1 Kg1 Kg1 Kg1 Kg1 Kg1 Kg1 Kg1 Kg1 Kg1 Kg1 Kg1 Kg1 Kg100 gmDozen1 Kg100 gm250 gm100 gm100 gm50 gm1 Kg100 gm100 gm  Average PriceAverage Price45.9132.6931.3537.1987.05123.29121.81111.6690.6564.3361.18207.43200.5165.84165.53191.23148.3966.89277.7822.3522.3646.5838.2638.4844.7742.1455.6147.1696.05694.260.2783.6342.6888.5742.5541.0530.2116.6249.8836.6143.79  Maximum PriceMaximum Price705555691401821531521407685292263256209244198143698325177130858575104100160929851201601271009560351077390  Minimum PriceMinimum Price30172227709581867343401531431261201211104215310922101922313531655074551156827251810251722  Modal PriceModal Price403028358512012011090656020320917616519814065300202050403540405540907146084408040353015503050  NORTH ZONENORTH ZONE  ChandigarhChandigarh463332398712412211290646121420917617319315263276282355403845425547966816083438842413016503542  DelhiDelhi453634369312013012090655922521119019822016973237282262473339386040956846075609341313014576773  HaryanaHisar413730348512711511088656222920116716118313461252292043472738396540906466077508341393515702850  KarnalNRNRNRNRNRNRNRNRNRNRNRNRNRNRNRNRNRNRNRNRNRNRNRNRNRNRNRNRNRNRNRNRNRNRNRNRNRNRNRNRNR  PanchkulaNRNRNRNRNRNRNRNRNRNRNRNRNRNRNRNRNRNRNRNRNRNRNRNRNRNRNRNRNRNRNRNRNRNRNRNRNRNRNRNRNR  Gurgaon454328348312113610779666921521519516115612675290182959402330353743885425662238636473216704646  Himachal PradeshShimla40NRNR3487129128118866460253234185177NRNR592403130585033NR39NR39906815884408334382417554245  Mandi41NRNR3686130138115876362237224185176190NR592603224553934NR36NR38956825890428746313216575144  Dharamshala38NRNR3284127127117876544NR215175165NRNR542353020504034NR35NR40936305990409749423415603238  Solan39NRNR3487126128115916055223224176162181NR6123030205530363834NR34966445986409144353417604043  Una39NRNR3491116133102856169NR201194180NRNR592653115553334NR33NR339870163109249859343515563147  Bilaspur-hp41NRNR3483126129112866966NR192187177NRNR70200311757403360376237827435896408747313313533050  Chamba3845NR3985126124118896855NR199183178NRNR56235302557494959396040896446088418848353618554852  Hamirpur-HP40NRNR3386122128107826669NR224187172NRNR5826531245343334837NR36836416094378739373215534748  Kullu40NRNR3688130127110846540NR231181184NRNR6522030286030NRNR37NR37977076190439033323212556060  Sirmour41NRNR3284124124113856551233210178162146NR612733121525036NR35NR36956106285509236453219605051  Kinnaur38NRNR3783128129107835760NR234180153NRNR5726032306060NRNR38NR428987963905810048454215505250  Lahaul & Spiti40NRNR3693123123114976251NR242175NRNRNR6048028296052NRNR35NR34846005897428036362815573944  Jammu and KashmirSrinagar43254145931461251231005555NR209185179187NR6032030333232NRNR60NR5311567962835210053703917804841  Jammu5037313684112119118915755NR227172169164118603033025434736585768601096386094389263473319524541  Poonch574238501181821281231227277NR236214194NRNR7639030306459NRNR54NR601237516084578548313115774152  Kupwara48NR3841103NR1301271196055NR1981761691741505749730304047NRNR35NR5111766462735379395132141073340  UdhampurNRNRNRNRNRNRNRNRNRNRNRNRNRNRNRNRNRNRNRNRNRNRNRNRNRNRNRNRNRNRNRNRNRNRNRNRNRNRNRNRNR  ShopianNRNRNRNRNRNRNRNRNRNRNRNRNRNRNRNRNRNRNRNRNRNRNRNRNRNRNRNRNRNRNRNRNRNRNRNRNRNRNRNRNR  SambaNRNRNRNRNRNRNRNRNRNRNRNRNRNRNRNRNRNRNRNRNRNRNRNRNRNRNRNRNRNRNRNRNRNRNRNRNRNRNRNRNR  RambanNRNRNRNRNRNRNRNRNRNRNRNRNRNRNRNRNRNRNRNRNRNRNRNRNRNRNRNRNRNRNRNRNRNRNRNRNRNRNRNRNR  RajouriNRNRNRNRNRNRNRNRNRNRNRNRNRNRNRNRNRNRNRNRNRNRNRNRNRNRNRNRNRNRNRNRNRNRNRNRNRNRNRNRNR  KishtwarNRNRNRNRNRNRNRNRNRNRNRNRNRNRNRNRNRNRNRNRNRNRNRNRNRNRNRNRNRNRNRNRNRNRNRNRNRNRNRNRNR  DodaNRNRNRNRNRNRNRNRNRNRNRNRNRNRNRNRNRNRNRNRNRNRNRNRNRNRNRNRNRNRNRNRNRNRNRNRNRNRNRNRNR  BaramullaNRNRNRNRNRNRNRNRNRNRNRNRNRNRNRNRNRNRNRNRNRNRNRNRNRNRNRNRNRNRNRNRNRNRNRNRNRNRNRNRNR  ReasiNRNRNRNRNRNRNRNRNRNRNRNRNRNRNRNRNRNRNRNRNRNRNRNRNRNRNRNRNRNRNRNRNRNRNRNRNRNRNRNRNR  KathuaNRNRNRNRNRNRNRNRNRNRNRNRNRNRNRNRNRNRNRNRNRNRNRNRNRNRNRNRNRNRNRNRNRNRNRNRNRNRNRNRNR  PunjabAmritsar4034283283137135112906759238209175158192NR80273292058403738416140906926083409544302912503355  Ludhiana43352837871351331181006562240211178167200NR77280271857403448396242976045280489355422519473750  Bathinda403128328313513711390665824220917615619614382273291758383240386238956836080409547302913423158  Barnala40412733851381321079767652382001761481851327627332205645333840NR45886985895429060403818523040  Hoshiarpur3633283784124119112106697122920117714415712669272251547463732446548916285579379949453415624341  Faridkot423629348513313711894666924119117715120213671288301953403348387338906486084388950333014524050  Mansa4039273387133135113986560NR205174156NR13775280292057434040396238926595885389242353016505852  Sri Muktsar Sahib414028328313014011790656621818717214517612370290292057402952396739886306172429052332614524250  Dera Bassi4036273390133135117976661NR209176161NRNR77268292158403941386240906816073379541353216504750  Sangrur402728339013013110587666024619719519019517570263321560403545406740977106078309560453015504344  Ropar4037273388135135117976761240209176160NR14177277292058403742395839936786083409344363115485050  Amargarh40272833901301301088567602451981931931951817025032156044354540NR40957146072359560503015404050  Fatehgarh Sahib4732293597135122115105596025619818017820112561290301748432845376540956226078459545483819502436  Ferozepur5040323690140140120906665242198176143203137764003220505040504060409075875703210060384015504052  Kapurthala363130397013312210893706523119816714617815475287302060404350406245926926290459532363414583050  Uttar PradeshLucknow41313035801151179575646520919916617718815469257201945333140365536926176090338840403015484243  Kanpur40232632851201151009070601871981541481581356323426203740354041NR358158055752110031403319503435  Varanasi46332837841221251068067732121971791772041796923521244737375639NR401067386584388432322918583244  Agra453130348011599897468702232021761892081856225127195030193941NR43998026285288049303115403743  Jhansi543329358213012711083656821618317614820113268233222057333340386743936856078389350383017453550  Meerut383130368611511686856567185177178175180166582751919484139393765371006586089378536363215544544  Allahabad532529349012013613296685622420517216520314867335302047423536414545996856372378833463020575263  Gorakhpur412428368111611610985645519518715915216912359225221846343634345136925995680377833382416552632  Saharanpur4028263082117117110886258NR175155154172139552422116454032NR38NR39915706080378333372511494744  Bareilly3829273590118132108102647222019917217118916868287261242372741385638907146079328147323117533435  Ayodhya4032283590118130120956560198198187176174143602502820605045454560421008356072409040453020602035  Moradabad392625328111611410786585819617314915715814559236211644473439365338896765676328434382618493137  Aligarh403128348211811510684605620019215815618414362247201940333441385042916135578378537392515453438  Mirzapur (Vindhyanchal)352525348311511010484665018417715013714811355218221640383141355041956836286368231392515473942  Banda37262833801121049980655523119817014318111667158191350404159366939826046082328839333121473550  Azamgarh3929283284122120116886661NR213171172200NR692802414455037424251331046575694337628372918503342  Gonda (Devipatan)3925273985118128125886553214205163168172128682572015433739373862491006225886388534402520453840  AmethiNRNRNRNRNRNRNRNRNRNRNRNRNRNRNRNRNRNRNRNRNRNRNRNRNRNRNRNRNRNRNRNRNRNRNRNRNRNRNRNRNR  Barabanki4529283577115118111786560200186168167175130632252220423731493745369861259105328531423015463030  Bhadohi352227358011511311580706821219217915217812470215221049403339374940796746272309036393016602035  Chandauli352327357511211111080625921619818114319411569247191249303252346040856345684298136392816492742  Farrukhabad4930263184112124110906666225214165159220126671871911343525NR36NR40926596182308037342616434040  Ghazipur4229293784125121115926764199191156154190144632712315514236424457541007046189428742392919524352  Jaunpur453428358411711911286646421420918417518613169273221852323745395540897135786368939412919504548  UP-Pratapgarh412430348111411711489645421320216816417312870252201439383531394639985535878339035312716393544  Sambhal422326328711210899936356200182156142158144592601915494028NR38NR37976596079258546433016454237  Santkabir Nagar4439263582122108102776467205221150146178123492653016392729303783469873461963810030522920484242  Shahjahanpur3219263281118107110102635618317814713615912860222201438412632345237875535589248730342411432535  Sitapur402828338311311010885636019518015014615713257230201944393034365540916375974328035403015472737  Sultanpur423032338512011711086635720318516115918315265268202041383641395243926395780408535372615453038  Unnao423128318711811810888656320719816316317914668253202048383742375342985865983378838382816423843  Ambedkar Nagar382426357712512813089706022522016016116113873201281851443838357541877246380418038403220553540  Amroha42232633831221159587626024918015115717613664233222045403043384338907146073378442393420374543  Baghpat4337NR318313012711898647020519016516116513065210281935403551356740956046088408333352512382547  Bijnor4425283579991089282635821120016417519715665278211546383040405041986045784378741353115423335  Budaun36172530861121049994676521418217916818312955280211234322646396538936155970329030392611412525  Etah4433293583118112110906460207190161156176115582702219423831NR39NR41906776074339332403218453040  Fatehpur441928358811711810788666120119115715116312569225231633382433354336966136180378737422319443443  Ghaziabad392931348211412211195645822419917615918813564203221647313042385242996356286388441413115473838  Hardoi443327348312011710988655820919016116018413768245201747333537385544986255984368738402916453141  Jalaun46252935841181031028965581831731521301631155822520154535354140NR43955736081309038422918404045  Kaushambi462626368511913211086625820719817516318913062238212353503136385535876115779388540362916373240  Kushinagar352826378211111411882676918619715716615913567221271447524041394540966186161308839382913473630  Lakhimpur Kheri382728338811711211092685919019014515016711266228202047423135356036906655874307935443218452344  Pilibhit4539283290115117117976870211203176159193140692292012453034504072401006986190159050453617303055  Sharwasti4025284081117120117806560194220170181NR1246021829183828NRNR40NR40985826083208840402015333840  Siddharth Nagar413029358612413211682656522020917416016412762232231547324045356235826305980327137332520363843  Sonbhadra352826317511010510280664517616515213215412168210241538402740335034806216568358533322514452025  Rampur53272730781061151039963601931901531581591395927124195027345035NR36986366680289537352913523445  Bahraich3727283389128120114906356194196157154161124502502521393937353666361066465682247327362319532137  Basti402732348511913111177635620920216416015512881243211747404253355335926015783408137412620403945  Etawah45NR273285120113110886863199193166156NR137662642014503533NR405544956576084398539412916503440  Muzzafarnagar41302732861201191088960581871791581581801456124520175040354036NR36905255874358034352511454044  Chitrakoot412425328111010294816350192209165165180138702201520524032284059488763758105408038402115454057  Hamirpur-UP44252836881161191108662701911921591821861387021017205040NRNR41NR42976436086318942483017553645  Deoria37222832911161089893676123819714113222912047230201845504038364536936045851508130382818404040  Hapur37262837781401361261226263209204169179185163652192615474042414047401007366396339748473212703534  Bulandshahr4236273293103113107836570NR18616017215815649222192034323543365636995975689308730472715324541  Kanpur Dehat382426328511012010590NRNR209198143154181132NRNRNR2040383136354835876005876327332342415403742  Hathras39312833831061131048365622111901701661931545124721183240253034NR391056986373408737403013383337  Raebareli412828318411911910989655919318216416217914766218211947333743415444946905983298641402916473441  Lalitpur362428317510911010584526017716914614317411852235201445283040325934905785782308533402918403540  Mohaba38272230811121009783606217618215315418612042187232038272733354535975965474228333392816364447  Gautam Budh Nagar392831368312311911297655922519418115218613473208201148333239416839976415990338239403115383437  Auraiya4027273583119122102906559195186159164166134602152421443330414155411006735592388437412817544444  Maharajganj372528348411511810980645819219115115416412658213221645373744355136915995879378034403017383130  Balrampur35292934831171171178365551892011561571981267220315155237365237NR39936855973579250402914373840  Kannauj402628348311811410987646119918715815517513455239211539373339385339946375674308435422816433332  Mathura322727338811912811896616622917914113915612252263271959393443404740996325883398948393415434253  FirozabadNR3331368312312111190606122221518218121016168275202248303642415542936506182418641382916423742  Kasganj4533273587124112113956759222200174178203159602482120403822NR40NR42986175675378539472913383642  Mainpuri3830283288132120113886765220211171189189155512602417502924223940381057005570358547432521362026  Shamli402625308011812010888605019218315615016312860228151652322740385839905416082338839382813474045  Ballia412327328412111611193665920318715315416713063251191644402644375439956265578358537372917515054  Mau39222534831151121088765551911801491481501206722522174347NRNR35NR36916445575398931403015474746  UttarakhandDehradun4231273595130128129946567187209159170187NR7025032193643354340484010069263724511545453915603540  Haldwani4550283595141133131916962232210156190191168772723229523049424145459170060842110040453318543947  RudrapurNRNRNRNRNRNRNRNRNRNRNRNRNRNRNRNRNRNRNRNRNRNRNRNRNRNRNRNRNRNRNRNRNRNRNRNRNRNRNRNRNR  Haridwar4431313992141124117905863228206165160177NR642902819424941NR414943996515876459444423317612135  WEST ZONEWEST ZONE  ChhattisgarhRaipur352831368211511210983696119822914417718615658216202136253328404550877055690418443372914324543  Durg3935394083115118113876056187167155168177170542221820443143433761451007736374398042402911474860  AmbikapurNRNRNRNRNRNRNRNRNRNRNRNRNRNRNRNRNRNRNRNRNRNRNRNRNRNRNRNRNRNRNRNRNRNRNRNRNRNRNRNRNR  Bilaspur-CG555335388011210010085NRNRNRNRNRNRNRNRNRNRNRNRNRNRNRNRNRNRNRNRNRNRNRNRNRNRNRNRNRNRNRNR  Jagdalpur362436387212281109966647199219146142180NR54193172531403838404243868705378218150473918471950  DantewadaNRNRNRNRNRNRNRNRNRNRNRNRNRNRNRNRNRNRNRNRNRNRNRNRNRNRNRNRNRNRNRNRNRNRNRNRNRNRNRNRNR  Dhamtari3730334595135113107986555231229147201203134632132820353048474552531207876494439238322517454260  Rajnandgaon433330368512212211189646022721818218021016061275222035403030385038966806070288242422816502435  Koriya39NR35398110897102814575205163153151168NR4719525204040353446NR5882693588840782738281748NRNR  DNH and DDSilvasaNRNRNRNRNRNRNRNRNRNRNRNRNRNRNRNRNRNRNRNRNRNRNRNRNRNRNRNRNRNRNRNRNRNRNRNRNRNRNRNRNR  DamanNRNRNRNRNRNRNRNRNRNRNRNRNRNRNRNRNRNRNRNRNRNRNRNRNRNRNRNRNRNRNRNRNRNRNRNRNRNRNRNRNR  Diu54414151931471531301077368229238NR2002141657742032254542406558836711171463913612353364021533533  GoaPanaji624348471031321451351037265233205203178178145773152835603239624853491128245878658362432516426267  Margao6243485192133138127957366255249223190208176773502732583243654758481228246378559863445217485263  GujaratAhmedabad393239399712112210497666819720417219120117959211233644403943456646916625869387832363722452726  Rajkot342733408811210210298676819220115317119416266205182540403543396844916265763358032343915432828  Surat3332333886110111104101637019920115918720717651208183048493737376046987005966687430333614322823  Bhuj382730369011011110095726318918815117619016162202162935373435386738946175368367428343716352727  Selamba372736409113011711590716419219515317119016470210192050304041416741956366084508031323518424042  Waghai393439439512511910399696820918915616119314867209202935403536406044966315870407530342617403028  BodeliNRNRNRNRNRNRNRNRNRNRNRNRNRNRNRNRNRNRNRNRNRNRNRNRNRNRNRNRNRNRNRNRNRNRNRNRNRNRNRNRNR  Vapi332432349011411410194726618716913814516914573205182828463846406636966925668387831323215382830  Bilimora41324338109107121105103746921119418218919419273228232838423939406245996465470367631353318333027  Idar37263538911181261019167732101881541661851507423717303447374138684710173462703010140314018413548  Jhalod3828373892120126104976367213NR15617018116265228233033413937406948926855676437728343718452324  Songash433031368512212111189666020720016616519015561259212141373643415445957205884418237382916493642  Madhya PradeshBhopal3735293482117110105906662180211182149196NR71250101834313840386141886435786309842403515274455  Indore40352835851171181108067641861751651701551476926815203040373740NR40846305989388335332715374340  Gwalior4540303480121122110905563212181172160184NR50222121827382830406540886526076338435352615402235  Jabalpur423130368512211610887726020019015615818512566260182432343842445644926376085328540362816453240  Rewa35282835761069594787055177154148147147NR7623718143035NRNR35NR37856555776259028453013452035  Sagar39362729851181229888686020719013816619016165265181742254350406240906766090388348292815404528  Jhabua4128313689129121111907165218201194177193NR66298152027283438426944987187096289455393020253341  Hoshangabad463029378312211710192645620815614114715613465212112036304146435045926746390489131392020482734  Shahdol3530293586120112110836560203186142153181NR60210182040303733355040956045870309030402718353530  Ujjain4142294191128124100987162178217184152193NR702651821383235364564459880063723310048393315384652  Morena41322631931201121071026669200198157156168115612401415453029NR40NR40986196183238136312814323040  Anuppur383026368011512011090756021420913718417615968200201550254040354549907696580229045352515305050  Bhind403628348511111311285696120217715815516111968250151631403647396439906586277278130352518404747  Dhar453628389513512411492676318119016815918812464211152340363234505648977376187308830351918484737  Harda4536293383120126101906562209209169168192NR71200202050364040457045907126196408742292415335050  Katni403035328012012012090755016615612714815611265205271235224045357040866045891208055303015322845  Khandwa4234323480118123112906553214192181165187NR55270182037403535455545906595590399532342818402936  Mandla3830323982110122110856050222201174179222NR77213302250194545436048956926377238848353015405252  Rajgarh40NR283280130120100907050192198189154187NR7522010203540NRNR40NR459070762110409050372420306060  Sidhi37352736821251009686656018717916515914312160265201535403040355550916375691308231502515515050  Chattarpur4035303890130120117907050198192170159161128752432015502232404060501006006084309030453015352543  Neemuch5033263488135105110756565190157145155152NR50317101525454240436541896326370408035423015482532  Burhanpur49393137811211151058568671901901801591811487226529194028353644NR511007645968409945402918303840  Narshinpur4230303578125108108906852203192143152167NR60235121540304040456048886376085409035352515354040  Raisen4030283285130120110906457187194148150NRNR6825010204535404033NR40866926080328946323120354852  Sheopur4227253383112116106846560225193176147167NR65200282245403235456045906375882179040403215403045  Agar malwa38312533831281221021086661202177175164151NR6729120193240485045NR49856836090349841353117255025  Umaria3431323583127117117887060218189154178194NR752031520402845NR42NR47876226083308732472715455050  Shajapur4035263185123122107876261187189165163187NR7026020203437383839NR45906776085398538342915383642  Dewas4238283386121115104866564200196173171195NR63239122438343541385845927036488348645292421332549  Khargone3927283578120122110856550186156132170132NR65225163025354040406540906405584358535403015352045  Singrauli36292534851001061098168592172071461581661217523213194732NR4036NR45907185688278945392314317157  Chhindwara5535293489121126118916250208214154178189156612001022403137373668379376562803111237374020505050  Sehore4035293184125122103856261187197177165189NR6529713204428NRNR49NR47886556084408631352616405550  MP-Ashoknagar4935263175127110101906260185187162160160NR5021114204440424041NR39907805889498841442519405650  Balaghat3729353979120120117886252219218152165192NR63200282043274245376145956816370309745352615525355  Guna453726317511111310080666020218717815718113465217201240283140456945826966173387939362915282742  Ratlam413531348112212211190636220419315915818215463260102238253243456046906706082278240392916383439  Satna352828359013010092956460211185163161161NR50260202045303445336331657185260347528333015522535  Vidisha41NR303581112120108926255189205154170189NR63240101035284040356836876596092188849312615433030  Alirajpur3843303687124118114956072185196185178187NR53307102840473135454247936115780287740432917372540  Betul3932273579115111109847060214214158176209NR57244122439254244406940996766086359545392215414952  Damoh3934313571117113111796262204196130146173NR63211101538324242406239886005979228942313215451745  Dindori3833343795115105109856556220192154154176NR59235122045304045456048856325585309035352715354050  Niwari3628253085141106106896157226210182182155NR6121530203729NRNR40NR40977206096249233402719423844  Seoni3732353786115110105857055196214170154187NR752151120502540403768421006545881278048362115455040  Panna38302436751201009590655218117613714313411565210111535304048356045976515675377630353113472038  Tikamgarh353025309012011095906050205167142149147NR602002020303030354040451006595870258529412017302030  Datia493725308212711210279656022019016215719212462227292542414332457545957076087328743482717374258  Maihar4024303292103100978070602301981651541871266820515203540NRNR40NR45977215872379730393515372543  Shivpuri464225278312511811088726019818216217017716656220172028303844475946826926079238237433224304553  Mandsaur402830401011231211191056758196199192175199148803032237224750557291599576745110457230453521451834  MaharashtraMumbai43384148971331401329970602452362071871991579032032285038466056655311371863776511077414119463748  Nagpur624251559813813212010758672392161681722001417528327384252425252865211083059102489841483521625882  Pune442945539010211410786717520721516917218516864354313440384244453946885536083579948542621412932  Nashik42414442911401381179770602112271901721871467335329225333407049654910164760827711765373217284345  Mangaon-Raigad50484349921321351169372682001961921732161648237531255052465742584710586162764812372404922504571  Dharni4433343785122124118906758229194161182205NR6632213294240393041NR46957436682588741422219387048  Latur5846454983128131122887667220214166166190165772882622532238584168411137766472739849422823435750  Akluj434136428511811711395736021523117820921418672332302349223449406038916595257309352362912282031  Arni Yavatmal4430343699123125114906263192170154144159NR623001030404035324770551037845572409945422015503530  Chandrapur42433745891301391131097059203216220168188NR7327530225817525760555810568360702510356462220576070  Karad Satara61533649911391371239267762101881691791951726130029304821394142624211769961924312151412919384348  Ahemednagar593944478412212411999666017517116617218016465259301941253145394439995806075469929442618253839  Khultabad4728333678111116109856346184NR1481661731536532020293334324138NR43867026081408132362316392039  Islampur473538478312713112110064722262061611881991586842727304826384039594310365560705910359533627474845  Kankavli4544345184137131126875660184200164152172135533732037305253434550461006885695727747413718633053  Partur59NR3340801211201119068582032081861761951766540110214641313543NR4787775NR84419240423115506649  Gondia5935363984120119110786068208222153174190175682603022472544504555489576561753010050502921344555  Jalgaon5127364589132135117977366203211176177199185794683122482038425561559775362818212760423720394552  Akola43NR344687132117116976869183211163173190NR713273025384041405267551037845982438842432416355845  RajasthanJaipur604132419413913011691656922820518618619814967314192158403333487149946435780509547383617372938  Jodhpur41403234729510391744753216222NRNR190NR522722021383528475052471036725589258971312916422627  Kota5740353783133131116886765209203156170211NR78337232745403546525650916966079428035383320433535  Udaipur514131337812312211882715021921418818718818970339292335524056406747876086380409044313314485050  Bharatpur4736283493126121125916460239197175184NRNR69305302047403035456549907126090319041422914402942  AjmerNRNRNRNRNRNRNRNRNRNRNRNRNRNRNRNRNRNRNRNRNRNRNRNRNRNRNRNRNRNRNRNRNRNRNRNRNRNRNRNRNR  BikanerNRNRNRNRNRNRNRNRNRNRNRNRNRNRNRNRNRNRNRNRNRNRNRNRNRNRNRNRNRNRNRNRNRNRNRNRNRNRNRNRNR  Bundi4440283480117116102856560209192165185220NR50320122147213136396149916376580318237353816402535  Rajsamand4341313979125115106926460212209146166188NR61302242238423844416346806025490407940393121452433  AlwarNRNRNRNRNRNRNRNRNRNRNRNRNRNRNRNRNRNRNRNRNRNRNRNRNRNRNRNRNRNRNRNRNRNRNRNRNRNRNRNRNR  Banswara4338384388137136126995859239217173184184NR582232929395934355156557862158118388749383818394542  BaranNRNRNRNRNRNRNRNRNRNRNRNRNRNRNRNRNRNRNRNRNRNRNRNRNRNRNRNRNRNRNRNRNRNRNRNRNRNRNRNRNR  Barmer5040333590130110115855554187209170193209117533002220233228354960531007915876529041253114423230  Bhilwara53392937931181119995445521720315716920318144289202725342834425542746675573358634352220392540  Chhitorgarh423529338413212111089525721421717216320415459324232237383741435646816156076438642383120424343  Churu4534303385115110100906544225197159NR230153622802018282524324050409074780722510050353520403030  DholapurNRNRNRNRNRNRNRNRNRNRNRNRNRNRNRNRNRNRNRNRNRNRNRNRNRNRNRNRNRNRNRNRNRNRNRNRNRNRNRNRNR  Dungarpur423232338712311211393475217717816716817015842268252043504539437253786115992507233383226402836  HanumangarhNRNRNRNRNRNRNRNRNRNRNRNRNRNRNRNRNRNRNRNRNRNRNRNRNRNRNRNRNRNRNRNRNRNRNRNRNRNRNRNRNR  Jaisalmer40NR33358110911899816962211205141146189NR762532030573730334564479365262NR338441302413373044  Jalore583531358512013011585NRNR214209176187209NRNRNRNRNRNRNRNRNRNRNRNRNRNRNRNRNRNRNRNRNRNRNRNRNR  Jhalawar454125328512911810088535918817615917618117052298192227373034415042857035880318130393217382134  Jhunjhunu423527327910912010080615220920914317620317666250302040403035407245906045784408560303515505535  Karauli4636283387120122109936853222212187182209NR483322120474026NR5248561116336398479538452218422337  Nagaur51383742911261268990NRNRNRNRNRNRNRNRNRNRNRNRNRNRNRNRNRNRNRNRNRNRNRNRNRNRNRNRNRNRNRNR  Pali553033339112812890744756201167168163162123432342430293329393835471025076268528557352621413725  RJ-Pratapgarh4332293374121120109826047222177154158NRNR6230019223951353842NR421068036063416844352516404950  Sikar4530313585137116120955353229199165143165NR552363025303021245370661025145275228032332517405048  Sirohi4240283474109122100765052207156NR159NRNR492531720263827NR45NR47956265997458743303113453028  Sri Ganganagar433531358811811011097665121418916816516514672313151539403839398039937144980258030303416422030  Tonk553629368512911710794667123620514116217714660283202542412546425455915796782419649403321435050  Sawai Madhopur5634283487130120116966360224180163162159159593102720414127335049491036266279369050422815423742  EAST ZONEEAST ZONE  BiharPatna4728283486118128101807261NR1981671922031776833326285538NRNR35NR3610260456100388353303420403140  Bhagalpur392328327912211199756759NR1911491551731316032028164541496134NR351046355484409629342118NR2736  Purnia38NR323474112120102775159NR197153186NR1645432418152850685838584710874353884011838402814502823  Darbhanga39NR2843799911899846757NR209197179NR131701932815493454543343351086816084408937352917593545  Gaya3325273882123109109816960NR2141731451521206534025194740NRNR35NR391106805991308433372316472827  Muzzafarpur4026283380119121110796659NR19916116521512662291241739374748384936996125783338436362715463331  Saran4627253782114108109825962NR203201200215NR523052716413741654064391087476373448235342918422528  Munger36NR273291131108118795761NR187183185181163492572893831NRNR34NR401005846079299246403916502031  Saharsa47NR283179116110117746761NR194NR190NRNR5028029125948NRNR39NR37937105574409552353711402829  Madhubani3721303584125109998363552061661611571721285628028234137NRNR3348351016155771328232312312502627  Rohtas (Sasaram)39233541821141219381646920321018118523018171241311851364358335235947455884438744332715623445  Motihari4830283584114120110846756245199185169229158662651918494435353852371065935481298131422717332832  Samastipur4523253580113116114806260NR192137132NR13353315301344373039387349977136792278034302510382828  KatiharNRNRNRNRNRNRNRNRNRNRNRNRNRNRNRNRNRNRNRNRNRNRNRNRNRNRNRNRNRNRNRNRNRNRNRNRNRNRNRNRNR  Araria37NR323679129129119846261286197164142197136593383014454855553985381006266296528544342511602929  Nawada3321293682132125116786459NR203185186NR143702222814463639363353361027225863828035302211632322  Khagaria4525283480103123108836442NR203164168NR1736937728153552NRNR40NR4011561150783290NR503016322040  Banka3719273680120112106746757NR2031651701921275828013153439403936NR39996405280428036403010403033  Arwal382625358113013097856759NR2111651731871437423228244938NRNR35NR37937485889398033352519482732  Aurangabad332429338112212290797055220200188154156119752102417424550NR35NR381027695879448436333017502125  Begusarai3636303577117117107776660246188158144188123552662812343852423552371086235878399634322017353442  Bhojpur Ara4720303478118120109816557245183158154186NR6735330214043NRNR35NR371046816084428450332510474832  Buxar332326338412011711989675520219717516919812475258291650393755347341908024995368747273219334831  Gopalganj403232359011511511085NRNRNRNRNRNRNRNRNRNRNRNRNRNRNRNRNRNRNRNRNRNRNRNRNRNRNRNRNRNRNRNR  Jamui3622283174118116108756460NR197142174NR13757284291444465050356040906816596318545302516502030  Jehanabad3123283479123118112786656NR207179185NRNR672432916NR35NRNR39NR419166357100258243432213572430  Kaimur3818263283117117114796960NR1971791631971356821220124937323134NR39887146085388233332715532628  Kishanganj4122263783125120110916670199209187156202143713002620465039553779481026596580519544312820604143  Lakhisarai4025304083113120118886859NR204167170NR156672982716404250604544401107546096378535402715402323  Medhepura39NR27377411512592756759NR1971581921931344928323164845NRNR37NR369172258108428935362715423939  Nalanda3019293374114116107765165NR200177162187NR553183016273859593460389068059833777NR322315503124  Sheikhpura3526283989118112111827056NR222181204202165562852718444740NR385140110640588025953030411335NR25  Sheohar4924283883122120109836459173213162170202122572322621504249524237401187366375258035352515542625  Sitamarhi3826283478118123106836962NR201179168174135732383015493853563551351118126194388239382613432528  Siwan38282831771111019073645729220018318919418965202271349304744314932917096166298037412914513131  Supaul352327338011512298756555NR192159179NR17064NR13133343NRNR36NR3712458654913479NR563515572725  Vaishali362529357911411910075685322519217618720915970207291850404949354240907695584408033322513375035  West Champaran3727293582116117109836856202186175153176NR712602022443935413345391055675476399047502717472431  JharkhandRanchi4328373581122120111806860236199156186199132702152920404535403940431016486089409041433015505348  Gumla402327368210810692834855209195187137154121532001516254034683550421006766378559040302315502838  Sahibganj3626303590120125100856962198209189183192143653402015554040464055501006046086408940353015504550  Bokaro3828353786132114110836657NR1821701641821445932228233235NRNR33NR40100709578943812841251360NRNR  Lohardaga3727313685102125110807061NR2001651632231267220326224638NRNR383540906955673258042302517384123  Simdega4226324088124118100866865187192152164154149602452222503850NR466048986656179509038362622502542  Dhanbad392834368311912311180705925720316216518713966245281649393852375246927845991489049393218514540  Jamshedpur (East Singbhum) 4628403788129131120986658238194170156171121612003015333632304159501056066279509137362712522532  Giridhi3420333681109102105756655NR19916916619012049300192240424036424145876376084539929402516513347  Seraikella3526314081122119109756760195194159164173129572072815444036NR41NR44956006084388236332615503840  West Singhbhum372431368212311811079506020720619517419914056243281625314550344736946405989428133312410513439  Daltonganj3925283782108115105816860NR194155166NR1376129730165240NRNR4352431007096597489742442917425250  Deoghar401832358011012011090706017618617614817613275300251545305050406050907696090308040352515404040  Ramgarh40243337NR127116102786658NR1961461591791576127925133538NRNR31NR401086135884258343302611434325  Pakur38263537851201209483706321620317616520215458327201650403441425155976305983349340352915484830  Jamtara462429358512412811786675925120516617618915673278291362436075375950907405784398345333015574849  Latehar4525293884129125109816660175198159161NR1266119130214842NRNR37NR551117326390368245452912412626  Godda40263039821201201038265641982021651651871325530529155040NRNR40NR47977096194409337352515535043  Koderma43203237881201281018067632152081591651921286519829205839NRNR39NR42987436095438947402814515650  OdishaBhubaneshwar4234364685115120110807458NR209159NR1981697023030155530NRNR38454090NRNR96609030352512505050  CuttackNRNRNRNRNRNRNRNRNRNRNRNRNRNRNRNRNRNRNRNRNRNRNRNRNRNRNRNRNRNRNRNRNRNRNRNRNRNRNRNRNR  Sambalpur4030364585115120100787058NR209148NR1981746524030155530404037603890780NR84509550353015605050  Rourkela362736388511711799776758NR210150169198170681902916473535363945409152956100608845333015524752  Berhampur4431353779111130102737158NR208168NR1981336024521165037NRNR384946877165396608444452916494145  JeyporeNRNRNRNRNRNRNRNRNRNRNRNRNRNRNRNRNRNRNRNRNRNRNRNRNRNRNRNRNRNRNRNRNRNRNRNRNRNRNRNRNR  Balasore382741458211511696756658NR210180NR1981727424028135333NRNR42NR43936175696759341403012453550  Baripada382734428411911899756958NR203192NR190169652392914533735NR5148519870657916310143363114615046  BalangirNRNRNRNRNRNRNRNRNRNRNRNRNRNRNRNRNRNRNRNRNRNRNRNRNRNRNRNRNRNRNRNRNRNRNRNRNRNRNRNRNR  AngulNRNRNRNRNRNRNRNRNRNRNRNRNRNRNRNRNRNRNRNRNRNRNRNRNRNRNRNRNRNRNRNRNRNRNRNRNRNRNRNRNR  BoudhgarhNRNRNRNRNRNRNRNRNRNRNRNRNRNRNRNRNRNRNRNRNRNRNRNRNRNRNRNRNRNRNRNRNRNRNRNRNRNRNRNRNR  Dhenkanal3631354084117115100757058NR209159NR196154622802915504050NR395041907105890508340302012504550  Jagatsinghpur4035404280125120108857258NR203187NR1921217024030155740NRNR38NR42102NR5890708440322116605055  KandhamalNRNRNRNRNRNRNRNRNRNRNRNRNRNRNRNRNRNRNRNRNRNRNRNRNRNRNRNRNRNRNRNRNRNRNRNRNRNRNRNRNR  KeonjharNRNRNRNRNRNRNRNRNRNRNRNRNRNRNRNRNRNRNRNRNRNRNRNRNRNRNRNRNRNRNRNRNRNRNRNRNRNRNRNRNR  MalkangiriNRNRNRNRNRNRNRNRNRNRNRNRNRNRNRNRNRNRNRNRNRNRNRNRNRNRNRNRNRNRNRNRNRNRNRNRNRNRNRNRNR  NabarangpurNRNRNRNRNRNRNRNRNRNRNRNRNRNRNRNRNRNRNRNRNRNRNRNRNRNRNRNRNRNRNRNRNRNRNRNRNRNRNRNRNR  Nayagarh40NRNR4383117120113857054NR207177NR19816763NR27165338NRNR384442856875993608534412414484042  NuapadaNRNRNRNRNRNRNRNRNRNRNRNRNRNRNRNRNRNRNRNRNRNRNRNRNRNRNRNRNRNRNRNRNRNRNRNRNRNRNRNRNR  Paralakhemundi Gajapati51384049801141301108067NR19121314815417713764300292058306960406050707826090509952453715604951  Puri4032NR4482118124107907560NR205165NR1971526527727155339NRNR40NR42957025986638840382716513944  Rayagada45NR415089120130111807060209209162NR19814370NR30195330NRNR454049806905884438242352913504850  SonepurNRNRNRNRNRNRNRNRNRNRNRNRNRNRNRNRNRNRNRNRNRNRNRNRNRNRNRNRNRNRNRNRNRNRNRNRNRNRNRNRNR  BhadrakNRNRNRNRNRNRNRNRNRNRNRNRNRNRNRNRNRNRNRNRNRNRNRNRNRNRNRNRNRNRNRNRNRNRNRNRNRNRNRNRNR  JharsugudaNRNRNRNRNRNRNRNRNRNRNRNRNRNRNRNRNRNRNRNRNRNRNRNRNRNRNRNRNRNRNRNRNRNRNRNRNRNRNRNRNR  Kendrapara3731384681116110105827058NR202155NR1931606028730124942NRNR415740877086196608129392514603739  JajpurNRNRNRNRNRNRNRNRNRNRNRNRNRNRNRNRNRNRNRNRNRNRNRNRNRNRNRNRNRNRNRNRNRNRNRNRNRNRNRNRNR  Kalahandi4329374985120118110867154NR203163NR1921336543030195231NRNR40395083753NR96378437332913423538  West BengalKolkata58NRNR39911221321151176759NR2101811571941237528730156043NRNR39NR441037476380738550303020595753  Siliguri51NR3247891251261171276960NR207NR156191NR6922725195748NRNR39NR54957185993628640352217495254  Purulia39NRNR35881231291131146963NR205155145189NR6928527125235NRNR37NR58966796383458139322915384850  Kharagpur55NR3237851271231081077065199209NR1431921237427530164248NRNR37NR391107035784589049392918576765  Rampurhat49NR3347861211251191257059NR206NR1541911256930025115442NRNR41NR51886886288509138363416404747  Malda53NR3041951381221231256560NR214NR1582011307231721163030NRNR40NR641036176380299438313016602733  Raiganj60292950951431401221326961NR2081541762161306530015125543NRNR35NR4712066662935312055303116625050  Alipurduar36NRNR42901301211201406560NR210NR1881971487024810105535NRNR40NR458565560903510235352517513040  Asansol53NRNR3885129123120976968NR2031521591921226829730156040NRNR39NR471008156280579252383015374752  Balurghat53303038861281261121056772NR205NR1621871495335129202650NRNR51NR6010070359914810040333015603545  Bankura37NRNR37891251291181166762NR201NR1531921286330029125742NRNR36NR59886236181528537353115474552  Barasat54NRNR37901221191211157062NR2091761621811386735029155045NRNR38NR59716356173658945352717455050  Bardhaman5029NR399112812811810964602382031591431951416931830125034NRNR38NR45937736183399055302915553345  Baruipur4936NR42871301201361107459NR209199179188NR6058329204843NRNR45NR491027586090599050402715505665  Berhampore47242944841191131181076663NR1971631742121737332324135333NRNR43NR63716086079439838342915424747  Chinsurah53NRNR39861231291201196960NR210159159192NR6630130105039NRNR38NR58896185883508845363216513948  Cooch behar53NRNR41921201201171257055NR2061541791811767228830154946NRNR40NR50927366086488742353016724242  Howrah56NRNR37921251211181147162NR201192172197NR6927330165837NRNRNRNR5910773661865710236363316574850  Jalapiguri39NRNR47901331281121086681NR2081451672031487230030144343NRNR38NR60896886196489348363219714242  Jhargram42NRNR38881221251161126961NR206155149192NR6128928135342NRNR37NR59916785986488736352815495155  KalimpongNR4533479413014715210770841532031421452041559030026234246NRNRNRNRNRNRNRNRNRNRNRNRNRNRNRNRNRNR  Krishnagar53NRNR39931291191271267360NR203NR162186NR7138729144550NRNR39NR65846136384539740363016484252  Tamluk4029NR39931281251201247159NR202NR159195NR6830730155740NRNR39NR60887186182609248333115506272  NORTH EAST ZONENORTH EAST ZONE  Andaman and NicobarPort Blair55NRNR5897132140115957572NR227211NR19217885330243073705560757588150747681021609845473515807365  MayabunderNRNRNRNRNRNRNRNRNRNRNRNRNRNRNRNRNRNRNRNRNRNRNRNRNRNRNRNRNRNRNRNRNRNRNRNRNRNRNRNRNR  Car NicobarNRNRNRNRNRNRNRNRNRNRNRNRNRNRNRNRNRNRNRNRNRNRNRNRNRNRNRNRNRNRNRNRNRNRNRNRNRNRNRNRNR  Arunachal pradeshItanagar4037404195137140122915074NR213156157208NR7740017254455NR30426052927145891518560463317694356  NamsaiNRNRNRNRNRNRNRNRNRNRNRNRNRNRNRNRNRNRNRNRNRNRNRNRNRNRNRNRNRNRNRNRNRNRNRNRNRNRNRNRNR  Pasighat53NRNR509311397931136080176238172180187NR9040020205793NRNR50NR5783723591006010070784315604867  Tawang45NR4545100NR140137985773NR236182NR165NR10034020425065NRNR42NR539368457112709828833028733143  Tezu38NRNR4090130140110907070NR154NR154NRNR10025015206070NRNR40NR601008356596608060403020402550  AssamGuwahati353033377511195978162712162191881762031656022013175463NRNR45NR47NRNRNR9650NR40NR2219764040  Barpeta35273936801129610081617419722213915919516465153101648485043389752837366382408334332718582526  Tinsukia3342323888128100100856477NR229198209198NR7519011135450NRNR44NR44957916484408050353020403045  Dhubri3425NR3581130NR106836277NR231163154176126701801215504050653765501107476384307030402515503530  Goalpara3525323685130130109956263NR214161165181NR6521210155555NRNR36NR53977876396409538323118603535  Golaghat47363442901209011010563671592091611591741577824014165540NRNR41NR59NRNRNR94487145NR2616652743  Mangaldai442333348510695100826070NR202142NRNR1606526011155040NRNR35NR35NRNRNR9630NRNRNR3017653040  Mushalpur3927403987117111112886275NR2251491971971405526910155559NRNR39NR51828316187399629NR2926594040  Udalguri3725NR378311796112875177NR215NR1601881455827210113751NRNR39NR4075687NR95378042NR2113533040  Bajali34NR334087118103113936178164223NR1592051376836310175338NRNR3610445857956386358761603225703238  Hojai3329NR40801159994806162NR2031521531841626726012155039NRNR39NR42706705992377733402811403747  Jorhat403436408611011510510263781812201601591601326020812185250NRNR55NR5478714NR105408042423012602040  Bongaigaon43NRNR358311897110905270NR184152150165NR6032210144042NRNR37NR6076NRNR9032NR40NR3018552040  Morigaon40304040831291201101006365195198159154159137682331015515050NR40NR501057256090408045402615704050  Sonari4132434298122NR110986578NR214NR181NRNR8022013155560NRNR39NR6090NRNR96458043423015732545  Tamulpur3630393985128114111896177NR200152174NR1606527010155550NRNR39NR4275720NR8840NRNRNR2913505040  Sivasagar43444050881171131121085275NR2362031761951656125711185367336354NR589569661104428037563612503649  Biswanath Chariali3627NR4092121NR1201026577NR151NR194NRNR6123310213945NRNR41NR45120NRNR80409050403020702027  Dibrugarh3528NR38881291261081016377NR216164190222NR6820313165838NRNR38NR55927996385537753423714533548  Karimganj37NRNR3987114122102796475NR230NR176222NR7223814235547NRNR39NR65130NR609053NR53NR2917483850  Majuli35NR3842100120901181006570NR188NR159NRNR6026015205448NRNR41NR43112NRNR84407045NR3515403040  Sonitpur Tezpur392731408111597106865169NR203NR186211NR4931010163957NRNR40NR45807496296409650603017802040  Haflong3640NR4590130NR120906577NR185NR120200NR8027015205550NRNR45NR459072060105409540323019802050  AS-Lakhimpur39NRNR3882114102110926373NR206161164178NR6119315145350NRNR42NR39886135996478038533213483047  Diphu3526NR3789116117111876075NR218NR170NR12892233151756404545406570826866396228050353017633542  Nalbari3626NR408512598110856270NR2091451651871266029210156055NRNR40NR40808205890428048503520634035  South Salmara Mankachar4033393881124NR116866375NR2191671601591346423312243051808539NR63NR801598337724550401955NRNR  Kamrup3932NR3982119105106856275NR227NR1882031697521915145360NRNR38NR4579NR598440NR41403115554042  ManipurImphal55NR4544911321271229467NRNR2331982072091989826025315768NRNR45NR6372NRNR93579635332218522039  ChandelNRNRNRNRNRNRNRNRNRNRNRNRNRNRNRNRNRNRNRNRNRNRNRNRNRNRNRNRNRNRNRNRNRNRNRNRNRNRNR JiribamNRNRNRNRNRNRNRNRNRNRNRNRNRNRNRNRNRNRNRNRNRNRNRNRNRNRNRNRNRNRNRNRNRNRNRNRNRNRNRNRNR  Kangpokpi53NRNR45100147NR1401005577NRNRNR176176NRNR273153047100NRNR45NR40977536096NR1204552442050NRNR  Senapati50NRNR45NR140NR1301005574NRNRNRNRNRNRNRNR20206080NRNRNRNRNRNRNRNRNRNRNRNRNRNRNRNRNRNR  TamenglongNRNRNRNRNRNRNRNRNRNRNRNRNRNRNRNRNRNRNRNRNRNRNRNRNRNRNRNRNRNRNRNRNRNRNRNRNRNRNR ThoubalNRNRNRNRNRNRNRNRNRNRNRNRNRNRNRNRNRNRNRNRNRNRNRNRNRNRNRNRNRNRNRNRNRNRNRNRNRNRNRNRNR  UkhrulNRNRNRNRNRNRNRNRNRNRNRNRNRNRNRNRNRNRNRNRNRNRNRNRNRNRNRNRNRNRNRNRNRNRNRNRNRNRNRNRNR  ChurachandpurNRNRNRNRNRNRNRNRNRNRNRNRNRNRNRNRNRNRNRNRNRNRNRNRNRNRNRNRNRNRNRNRNRNRNRNRNRNRNRNRNR  KakchingNRNRNRNRNRNRNRNRNRNRNRNRNRNRNRNRNRNRNRNRNRNRNRNRNRNRNRNRNRNRNRNRNRNRNRNRNRNRNRNRNR  MeghalayaShillong3634403990130130120906677NR205198154NRNR8032032205843NRNR40NR4010385763100578050532920875053  Tura35NRNR4097140NR120906576NR198NR1672031328032018276057NRNR40NR60896925996608353533020704040  Jowai37NR393990NRNR120876677NR165NR154NRNR8036015205840NRNR39NR39876816382508050403016873050  Sohra40NR4240NRNRNR130906577NR165NR154NRNRNR3853025505085NR42NR5090NR631208010050505030904060  Mairang36NR4040NRNRNR120907077NR176NR159NRNRNR37317206040NRNR40NR40103NR6097608450502717854050  Nongpoh3533NR4097145NR128886877NR165NR156NRNR7835315206050NRNR40NR43957146394578750573319803053  Khliehriat4342393990128NR115856576NR157NR152NRNRNR31330225942NRNR39NR44737435984437758423215672540  Williamnagar35NR4035108148NR118886970NR192NR174NR1407831815285765NRNR38NR62877475790688040702020802045  Nongstoin33NR4141NRNRNR120906876NR165NR165NRNRNR35715205350NRNR41NR45977146387608052532722822848  Mawkyrwat35NR4039NRNRNR120856575NR165NRNRNRNRNR37016205540NRNR45NR4710070960997010060503525634757  MizoramAizawl5050425010315313013393558327126025616124415210352030504883NRNR50NR70907036010073901009060NR772748  LungleiNRNRNRNRNRNRNRNRNRNRNRNRNRNRNRNRNRNRNRNRNRNRNRNRNRNRNRNRNRNRNRNRNRNRNRNRNRNRNRNRNR  Kolasib5345404595120140140935580NR242NR14320313210048330304090NR4045NR7012072560906098100803635503070  Mamit45NRNR50128NRNR128985380NR253NR132121NR140433302853100NRNR45NR97127546659061NR50685034664850  Champhai504750551001301471401105585NR238230147NRNR12056030357783NRNR50NR1001507456010050100100804220872260  Serchhip45NRNR49113NRNR1301005085NR263NR153NRNR100520303060100NRNRNRNR80160695NR1085310780903023603065  Siaha5555NR501031571381481025580170253219154NR110100250304057130NRNR5010095110631601007380NR606030883070  Lawngtlai50NR45501001601401401005080NR253NR143NR132110480304060120NRNR50NR801406606010080100NR9060NRNR3070  Hnahthial53NR4550NR1471501331035584NR257NR154NRNR120513303560107NRNR50NR90150659601036093NR905020752863  Khawzawl48403848103143133110985283NR220145147NR13214341331426070NRNR50NR7511763060100659393706021734030  Saitual50NR4550107NR140NR1085580NR198NR152NRNR12052330256080NRNR50NR90100NR589580100NR905022803070  NagalandKohima50304549100157130120905577NR143176154NRNRNR34020306075NRNR45NR90907146092508070605015703560  DimapurNRNRNRNRNRNRNRNRNRNRNRNRNRNRNRNRNRNRNRNRNRNRNRNRNRNRNRNRNRNRNRNRNRNRNRNRNRNRNRNRNR  Tuensang37NR4055100NRNR12010053NRNR176NR200NRNRNRNR20305550NRNR52NR50100NR58924210035905030603570  Mokochung5044NR60100140140120906574NR154170165NRNR8034015256050NRNR60NR7012081360845510070704020502060  Chumukedima40NRNR3692140145138935375NR255211198209NR8332018275747NRNR40NR85123652701153790NR823732583657  Mon40NRNR60100NRNR1251006070NR154NR165NRNR8034017205060NRNR60NR7065NR608050NRNR654520502050  Peren3930454590NRNR1201005570NR154NR165NRNR12032020235755NRNR55NR7011365160964580407048201072740  Phek40NR50501001501401301005072NR163NR165NRNR8035020NR5057NRNR50NRNR10063068NR6010060635630402050  Tseminyu5540NR57NRNRNR137976070NR154NR154NRNRNR38015285358NRNR53NR8090714609950NRNR904219NR2060  Wokha52NRNR6897NRNR120977074NR158NR158NRNRNR30015305060NRNR70NR8010075860845010060654015702560  Zunheboto5539NR50NR163NR110905075NR172NRNRNRNR6024018376067NRNR55NR75NR703NR826012030704025603358  Kiphire3835NR60120155140120906570NR154NR165NRNR7534518257080NRNR45NR85956486585589080755515402070  Longleng38NR4050NR150NR1201005075NR163NR165NRNR8035020234850NRNR62NR7212072060967012040755017503075  Niuland3828NR50NR130125125905070NR154NR165NRNRNR32015205550NRNR50NR70100NR608425NR40503515252550  Shamator44NR5560100NRNR1301006978NR165NR176NRNR8032020307060NRNR60NR70120692609840100NR953020502553  Noklak40NR5065120NRNR1401006080NR168NR165NRNR80NR20266060NRNR60NR8013076959995010062703520502090  SikkimGangtok45NR404093NRNR123937070NR231143139209NR7330020256045NRNR47NR6011076959108609750532923603050  Gyalshing45NR3840100NRNR120907070NR231143187209NR7530020206050NRNR40NR7011065160967010050402820603050  Namchi45NR4042100NRNR1201007070NR231154143198NR7536023256050NRNR45NR801207145896709050533020702050  Soreng45NR4040100NRNR1201007070NR230154165NRNR7022020256050NRNR404080120714621088010035403020702050  Mangan45NR3840100NRNR130907070NR231154170NRNR7546020256060NRNR40NR701207036296609042503023702550  Pakyong45NR4040110NRNR130957070NR220148165198NRNR30024206045NRNR45NR701206515896809050603023802550  TripuraAgartala4042NR40931301251001307079NR2141811922031767225310205565NRNR40NR508074768966010053353415783545  Dharmanagar3839NR42941311251051346976NR215NR192NR1808024315195440NRNR43NR48927106297439245402815773445  Belonia4145NR40951331281031307080NRNR1781922031728024713205465NRNR40NR5182747681026310055353417853747  TR-Udaipur4144NR42951321261021356880NR2181821932031777324610225567NRNR46NR50827496598649853363316793740  Ambassa4141NR40941311281001327080NR2181801922031798024510205658NRNR40NR50757697090459857413215553746  SOUTH ZONESOUTH ZONE  Andhra PradeshVijaywada5233434584132134104856454203156147NR20014855297153042244545425545956045880509230402419556585  Visakhapatnam6132434090125125110876860198198154NR18915968260181656274144454546917696570399037372815554040  Kurnool614240437811411311988616019219913713019013655323173133113739434941937516171238636382313293348  Tirupathi583244458310810510990435817218313416819513561308203239233943414345876415571448534402017483133  JammalamaduguNRNRNRNRNRNRNRNRNRNRNRNRNRNRNRNRNRNRNRNRNRNRNRNRNRNRNRNRNRNRNRNRNRNRNRNRNRNRNR DharmavaramNRNRNRNRNRNRNRNRNRNRNRNRNRNRNRNRNRNRNRNRNRNRNRNRNRNRNRNRNRNRNRNRNRNRNRNRNRNRNR Ongole5531434582119117109895058183186143NR18114461300163535223842424644857186278338133382217512935  Bapatla4930434383113120106855258189NRNRNR18714153287153132273342424543907635977318230352216502433  Rajahmundry5335444680117113108865560193213130NR19214055207152035254142434644905806075348545302412352440  Eluru604143448412111310687736119921514516519814675250222847273946425144878445861358230333019413152  Guntur6233424588122122118877060197198137NR19814467215122338223838424443885935874308433352215352534  Amalapuram523345459012013611585586522021514515819814858288232250223132464647906796072389035382819504030  Nandyala614044398311811811288526119721914815419714961277153531133439395143877436475419252373018262152  Parvathipuram5339444684120121112915459183195149NR19414160281231741254244454446886746072318437352219363538  Sri Sathya Sai583040408111511210186506020020214215919114759315153025193542404947886676080328735402514473139  NelloreNRNRNRNRNRNRNRNRNRNRNRNRNRNRNRNRNRNRNRNRNRNRNRNRNRNRNRNRNRNRNRNRNRNRNRNRNRNRNRNRNR  Srikakulam60303946841201321078469562022091361621661366033111225228NRNR485054896735571398945432717554444  Vizianagaram5439404380117117108885860179191145NR19113755275192538303738434243856596072308034322217312436  Anakapalli6835404585120135110857269203214148NR203143572471933472640424040401137146084407334332517472029  Bhimavaram513540418312011110586526019220314615018614355285192549293440444544887915474478838382218353337  Chittoor5035454785105110110954555181198154NR170132603451542451436385050551106816575458030302015554348  Kakinada5440424181119113108885362196213148NR19614257294182631203740434444926406375418433372115522831  Machilipatnam523043468411510810788626316917613316817511554338152447253243444244907436158328531301912384643  Narasaraopeta533744448510310510585456216418716216917612050266182722273243444343917724974348332332018502742  Paderu60NR404585120135105855560198198143NR2011545530019304028NRNR444845907036272408333351913532540  RayachotiNRNRNRNRNRNRNRNRNRNRNRNRNRNRNRNRNRNRNRNRNRNRNRNRNRNRNRNRNRNRNRNRNRNRNRNRNRNRNRNRNR  Anantapuramu63304038811161219982626020320915016519915469310163038133541404949886705984318239392915443647  YSR KadapaNRNRNRNRNRNRNRNRNRNRNRNRNRNRNRNRNRNRNRNRNRNRNRNRNRNRNRNRNRNRNRNRNRNRNRNRNRNRNRNRNR  MadanapalleNRNRNRNRNRNRNRNRNRNRNRNRNRNRNRNRNRNRNRNRNRNRNRNRNRNRNRNRNRNRNRNRNRNRNRNRNRNRNRNRNR  Markapuram5130404181120117105905067200182144NR19414854327192833283340424242887016274358239382416493440  KarnatakaBengaluru654041458712212811289725119821615816319816169240192750203944435147927626088538144363317493242  Dharwad623644458412412611288705420019614714619315768268202333134650444845867866078408036433115402838  Mangalore573543448412012911188605420919715017018815463199202935253955454847887515981438335372817572738  Mysore633642508512012510879674822022515117119515665278203042105757416145797226367489654334022535354  Bengaluru (East Range)663748479112512611891745020021915416720115869260203358194244435144927536082608339422918503855  Belagavi583642438412012110886685420319514817319515271261222534165054414643857866184458035592714513334  Kalaburagi684045448512512211890705320220116313618715468220202550244045464945957316596608240603018603550  Tumakuru693744459012713211694685320421315116119015075232212950234951475347857206078468846443219492950  Bellary613745428712213010888665421620915915018816465281202957114245424743977666181368136363018503139  Dhavanagere694044488712112511087725321321215915420016367288223050154356455245877895974428137422516553238  Shivamogga653742478912312611593655220020815414819514868245212638124852474948927866080428636412815453138  Vijayapur703845448712612611886675322021415617518614568244202550184048415241847866287419039423815643835  Ramanagara593442458812112010892695321121614814219314857215192938154244474743907566590389235522816533734  Raichur603444448812512411583615320320316616819614460214182535185151464646917456086419543494017422934  Chamarajanagar603641458412112710496654822122215312219314263198183040115557525954897136367469342624320624550  Kolar6533455090120127112907052231213164169198160702562025391436455045501037826070428542402715443149  Haveri664042429011513511090705222021416516519214570247192540124550425042807586590408042453015453540  Bagalkot613744428511812211592705220619614516519115358245202836244946445243907956088488035373518583036  Bidar6939414183120133112846957197198147172187162692871928531541574153418880261106638857383318473843  Koppal643744458512412711590655220419515315919215765244192441154248434644917425985449038423017553538  Mandya683644478511913011594655221822515517019715670241202955124647424744957326576508149373015453045  Yadgir603644468512212111188705320320315916519215965210202545204452464645967806184438035382819483545  Chikkamagalur613743468812212711290655320620015515919314767218192649194546474846947226594498341433116453541  Bangalore Rural633643499012613110887655021419514715218914566265202545154946454748947296484388338522720493245  Chikkaballapur643646469211313410886645221821216017219416160282202833194545434643927436183418746412715423344  Chitradurga643644498712312411088655321121415314719515859280203245124555455545877865977458637432616603240  Gadag603845478712413311888655421319614713918614667248202040184146445446897437095608639374220423643  Hassan653944488612112710987705422319915115319515975245212448204646474647917356085398438392815403540  Kodagu633744458612212711389695220820615315719015264249192743194447454745917576084468441433116503441  Udupi633947498712012111094684823021016717318715874223193445274443484847917476790657939544519613535  Uttara Kannada663546429511913811996674822320216617319715072293222946274655465046977866280539949404519433553  Vijayanagara6439444385121126115946452200211149NR19514567235192547153949484949967516072459243404016492838  KeralaT.PuramNRNRNRNRNRNRNRNRNRNRNRNRNRNRNRNRNRNRNRNRNRNRNRNRNRNRNRNRNRNRNRNRNRNRNRNRNRNRNRNRNR  ErnakulamNRNRNRNRNRNRNRNRNRNRNRNRNRNRNRNRNRNRNRNRNRNRNRNRNRNRNRNRNRNRNRNRNRNRNRNRNRNRNRNRNR  KozhikodeNRNRNRNRNRNRNRNRNRNRNRNRNRNRNRNRNRNRNRNRNRNRNRNRNRNRNRNRNRNRNRNRNRNRNRNRNRNRNRNRNR  ThrissurNRNRNRNRNRNRNRNRNRNRNRNRNRNRNRNRNRNRNRNRNRNRNRNRNRNRNRNRNRNRNRNRNRNRNRNRNRNRNRNRNR  PalakkadNRNRNRNRNRNRNRNRNRNRNRNRNRNRNRNRNRNRNRNRNRNRNRNRNRNRNRNRNRNRNRNRNRNRNRNRNRNRNRNRNR  WayanadNRNRNRNRNRNRNRNRNRNRNRNRNRNRNRNRNRNRNRNRNRNRNRNRNRNRNRNRNRNRNRNRNRNRNRNRNRNRNRNRNR  KasargodNRNRNRNRNRNRNRNRNRNRNRNRNRNRNRNRNRNRNRNRNRNRNRNRNRNRNRNRNRNRNRNRNRNRNRNRNRNRNRNRNR  KottayamNRNRNRNRNRNRNRNRNRNRNRNRNRNRNRNRNRNRNRNRNRNRNRNRNRNRNRNRNRNRNRNRNRNRNRNRNRNRNRNRNR  PathanamthittaNRNRNRNRNRNRNRNRNRNRNRNRNRNRNRNRNRNRNRNRNRNRNRNRNRNRNRNRNRNRNRNRNRNRNRNRNRNRNRNRNR  AlapuzhaNRNRNRNRNRNRNRNRNRNRNRNRNRNRNRNRNRNRNRNRNRNRNRNRNRNRNRNRNRNRNRNRNRNRNRNRNRNRNRNRNR  KollamNRNRNRNRNRNRNRNRNRNRNRNRNRNRNRNRNRNRNRNRNRNRNRNRNRNRNRNRNRNRNRNRNRNRNRNRNRNRNRNRNR  IdukkiNRNRNRNRNRNRNRNRNRNRNRNRNRNRNRNRNRNRNRNRNRNRNRNRNRNRNRNRNRNRNRNRNRNRNRNRNRNRNRNRNR  KannurNRNRNRNRNRNRNRNRNRNRNRNRNRNRNRNRNRNRNRNRNRNRNRNRNRNRNRNRNRNRNRNRNRNRNRNRNRNRNRNRNR  MalapuramNRNRNRNRNRNRNRNRNRNRNRNRNRNRNRNRNRNRNRNRNRNRNRNRNRNRNRNRNRNRNRNRNRNRNRNRNRNRNRNRNR  PuducherryPuducherry4434525486128121119NR5952225216174NRNR158654102535352645554555681088426070489037392315602734  Tamil NaduChennai6440454386131132120866840213247174NR20116882288304360304458465249939236078588656393314585060  Madurai5837476887137124106926945227206194NR197174642633035561636395648511127596786418737432614435937  Dindigul6937496383126126109826944238255180NR19416572284294262224151535149989236180288551353313726250  Thiruchirapalli663851561021471491301036947234258193NR201165823093038542649605760571178097168539849353817503450  Coimbatore5938444289130138106826240233212177NR198169772802841522442554953531108076072468654333115544353  Tirunelveli4935495394128143119856946250223184NR193149622632927531942495653561027937072458650373215474350  Cuddalore60384945901411401211126650193232199NR19215376293284251194459495350966915872408248323014424755  Dharmapuri5934454288134135106816545220NR144NR197158672752830602234484845471106908074388250323014505053  VelloreNRNRNRNRNRNRNRNRNRNRNRNRNRNRNRNRNRNRNRNRNRNRNRNRNRNRNRNRNRNRNRNRNRNRNRNRNRNRNRNRNR  Ramanathapuram6641416785122136105896844221NR186NR199171742843151553141515850581177737480528259313213505241  Erode5943524493130138110796645221232177NR199177744403041461841645054511097696072388254312915264957  Karur5735546793134141108876947236210175NR196157782971737602744495656591047256575529645442823675250  Perambalur6141NR6794130145112867248231225187NR19916274NR3032643242736257691197476372429050392914624865  Pudukkottai6544456993129142115NR7540269NR182NR203155706983040602542605655521138766672409751383214555550  Sivagangai5540456898136147121927044258NR223NR201173732922940703040605855631207678573608854373215635337  Thanjavur5942485088138140113957044225236184NR200151753002733532341604856531318947780579053393114565460  The nilgiris61454752103134147128937254233235168NR1981567520832NR57214750525353808087287489827684130553553  Thoothukudi5438456590125140105857046231219181NR193163783201030602040506055621128746172468751373113484550  Viluppuram6042474790134127108896848204217169NR19816971NR2940601536454450471108267169558652333413455060  Virudhunagar6439476383119138105NR6845255239183NR200176692932845573237555255531077295976388247312013624025  Kanniyakumari6239395385125125106766841242216191NR202168702592532582234403753411007696070508443312913403048  Namakkal6541476390130147116906544198215167NR19515962NR2632582741405149471136647172608155393112626063  Tiruvannamalai6741454885137142118887343224201172NR200164763102732622244584752561138396269638941472913554351  Tiruvarur6230526089124119109NR5460216216163NR19415754NR2030352546514851621227146578439039491820452425  Tiruppur59374954109141149121857043254229174NR19915876265282752184555605561987256082378347412418574733  Tenkasi5640465985126134111NR6746233NR166NR191163742753030601536525658551028356478408844412813495040  Nagapattinam64405067971301281251016544231240178NR19315669NR2534462548504953511178756484599443503415576053  Krishnagiri6036474189130133117906844208202155NR197167693152830512038404348451006155075509640402912536252  Ariyalur5536346591126125109906744243209176NR197166672932638553545455255521098376572379039492714524336  Kallakurichi5940496792136131112896447253225176NR20216468NR3132602037475247471129298569558555343515503052  Kancheepuram6440516792142140122957144218207186NR19915979NR3045602541565253551037755278509153403314504843  Salem55NR484895128121133994445212NR176NR17415248280NR3929414553455548837147068418342382516452732  Theni6737466189129139110866745226220165NR17615164288273457253963505852947917076509147332613504537  Chengalpattu6340485695123120128905344210205175NR16413966NR2832472741495147531137845286528531401913431930  Mayiladuthurai6040506598137117113NR7144201220198NR200150803402732602545454655631138577072509235422514603347  RanipetNRNRNRNRNRNRNRNRNRNRNRNRNRNRNRNRNRNRNRNRNRNRNRNRNRNRNRNRNRNRNRNRNRNRNRNRNRNRNRNRNR  Tirupattur6843434685125123119896940217236172NR19714774305293545223541433645967716579578945382715504758  TiruvallurNRNRNRNRNRNRNRNRNRNRNRNRNRNRNRNRNRNRNRNRNRNRNRNRNRNRNRNRNRNRNRNRNRNRNRNRNRNRNRNRNR  TelanganaHyderabad634239418011212310382606319120114618119114862250203034223563445044926536088408245312416522545  Karimnagar57NR445481126131112855666196205153NR192152632992530402144474455449665359724110740372415423643  Warangal56NR424980122128108865865198209136143199150582751930372737484154418556060834011745352514432647  Adilabad65NR435093120118118936580197192181187191147652903025453038454349447973259725010349392515452242  Suryapet52NR444687124130110985465192188181185197144632652228382239574148398762262804410246382515502748  Jadcherla57NR42498512613011590626519018814917619314858292203935243549395342825286082319244372515452848  Khammam59NR475289128132117955866183166126161183142572972032342537473552348851760813310843432516432648  Medchal5444454782131128115806064197220165168190143582502228372540504453459053861823511543352617503445  Nizamabad5433414582122130103836266195199201173193154652522328362241484450448162567793510546352619463347  Sangareddy6232505583126127117966565193200148NR198145654122532362241585155489765959784210543392516574050  Kothagudem57NR475292133130126956680189NR146NR19814462347324259254353435451917446172418740332613442644  LadakhLeh53NRNRNR140NR1471281305070NRNRNRNRNRNR8064030485070NRNR70NR4412067758846310337613918905050  Kargil45NRNR40127135115115904866NR159160159NRNR476502840408060NR50NR4510067764846010080805321956060  Commodity NameCommodity NameRiceRiceWheatAtta (Wheat)Gram DalTur/Arhar DalUrad DalMoong DalMasoor DalSugarMilk @Groundnut Oil (Packed)Mustard Oil (Packed)Vanaspati (Packed)Soya Oil (Packed)Sunflower Oil (Packed)Palm Oil (Packed)GurTea LooseSalt Pack (Iodised)PotatoOnionTomatoBajra(whole)Jowar(whole)Maida(wheat)Ragi(whole)Suji(whole)BesanDesi GheeButter(Pasteurised)EggsBrinjalBlack Pepper(whole)Coriander(whole)Cummin Seed(whole)Red Chillies(whole)Turmeric(powder)BananaGIngerGarlic  Average Price1Average Price145.9132.6931.3537.1987.05123.29121.81111.6690.6564.3361.18207.43200.5165.84165.53191.23148.3966.89277.7822.3522.3646.5838.2638.4844.7742.1455.6147.1696.05694.260.2783.6342.6888.5742.5541.0530.2116.6249.8836.6143.79  Maximum Price1Maximum Price1705555691401821531521407685292263256209244198143698325177130858575104100160929851201601271009560351077390  Minimum Price1Minimum Price130172227709581867343401531431261201211104215310922101922313531655074551156827251810251722  Modal Price1Modal Price1403028358512012011090656020320917616519814065300202050403540405540907146084408040353015503050  Source:- State civil supplies Dept.Note:- All India Consumption Weighted Average Prices of Oils w.e.f 23-Feb-2022 and Wheat and Atta w.e.f 25-Feb-2023 NR -> Not Reported Unit for Black Pepper (powder),Coriander (powder),Cummin Seed (powder),Red Chillies (powder),Turmeric (powder),Butter (Pasteurised) - Rs/100gm Unit for Eggs - Rs/Dozen Developed by:- National Informatics Centre(NIC)",,,,,,,,,,,,,,,,,,,,,,,,,,,,,,,,,,,,,,,,,,,2026-08-27
"Source:- State civil supplies Dept.Note:- All India Consumption Weighted Average Prices of Oils w.e.f 23-Feb-2022 and Wheat and Atta w.e.f 25-Feb-2023 NR -> Not Reported Unit for Black Pepper (powder),Coriander (powder),Cummin Seed (powder),Red Chillies (powder),Turmeric (powder),Butter (Pasteurised) - Rs/100gm Unit for Eggs - Rs/Dozen Developed by:- National Informatics Centre(NIC)",,,,,,,,,,,,,,,,,,,,,,,,,,,,,,,,,,,,,,,,,,,2026-08-27
Source:- State civil supplies Dept.,Note:- All India Consumption Weighted Average Prices of Oils w.e.f 23-Feb-2022 and Wheat and Atta w.e.f 25-Feb-2023,NR -> Not Reported,,,,,,,,,,,,,,,,,,,,,,,,,,,,,,,,,,,,,,,,,2026-08-27
"Unit for Black Pepper (powder),Coriander (powder),Cummin Seed (powder),Red Chillies (powder),Turmeric (powder),Butter (Pasteurised) - Rs/100gm","Unit for Black Pepper (powder),Coriander (powder),Cummin Seed (powder),Red Chillies (powder),Turmeric (powder),Butter (Pasteurised) - Rs/100gm",,,,,,,,,,,,,,,,,,,,,,,,,,,,,,,,,,,,,,,,,,2026-08-27
,Unit for Eggs - Rs/Dozen,,,,,,,,,,,,,,,,,,,,,,,,,,,,,,,,,,,,,,,,,,2026-08-27
Developed by:- National Informatics Centre(NIC),Developed by:- National Informatics Centre(NIC),,,,,,,,,,,,,,,,,,,,,,,,,,,,,,,,,,,,,,,,,,2026-08-27
,,,,,,,,,,,,,,,,,,,,,,,,,,,,,,,,,,,,,,,,,,,2026-08-27
