State,Centre,Rice,Broken Rice,Wheat,Atta (Wheat),Gram Dal,Tur/Arhar Dal,Urad Dal,Moong Dal,Masoor Dal,Sugar,Milk @,Groundnut Oil (Packed),Mustard Oil (Packed),Vanaspati (Packed),Soya Oil (Packed),Sunflower Oil (Packed),Palm Oil (Packed),Gur,Tea Loose,Salt Pack (Iodised),Potato,Onion,Tomato,Bajra (whole),Jowar (whole),Maida (wheat),Ragi (whole),Suji (whole),Besan,Desi Ghee,Butter (Pasteurised),Eggs,Brinjal,Black Pepper (whole),Coriander (whole),Cummin Seed (whole),Red Chillies (whole),Turmeric (powder),Banana,Ginger,Garlic,Date
Unit,Qty,1 Kg,1 Kg,1 Kg,1 Kg,1 Kg,1 Kg,1 Kg,1 Kg,1 Kg,1 Kg,1 ltr,1 Kg,1 Kg,1 Kg,1 Kg,1 Kg,1 Kg,1 Kg,1 Kg,1 Kg,1 Kg,1 Kg,1 Kg,1 Kg,1 Kg,1 Kg,1 Kg,1 Kg,1 Kg,1 Kg,100 gm,Dozen,1 Kg,100 gm,250 gm,100 gm,100 gm,50 gm,1 Kg,100 gm,100 gm,2026-07-14
Average Price,Average Price,44.47,33.1,31.07,36.99,86.13,122.9,119.76,111.53,90.34,47.6,60.71,205.88,194.02,164.82,163.47,188.75,147.75,59.19,276.7,21.9,22.84,33.97,41.54,38.12,44.41,42.17,55.21,47.13,95.92,692.84,59.63,84.56,42.4,88.35,41.12,41.16,29.49,16.57,49.91,36.78,42.42,2026-07-14
Maximum Price,Maximum Price,68,60,54,71,140,180,180,150,132,60,85,308,264,256,209,244,205,140,698,35,63,60,130,79,84,72,120,100,160,930,85,120,157,150,100,95,60,40,100,100,100,2026-07-14
Minimum Price,Minimum Price,31,17,23,28,69,95,90,84,71,39,40,157,142,126,121,121,104,36,153,10,10,19,16,18,22,31,29,31,65,507,42,57,15,70,25,25,18,10,22,17,20,2026-07-14
Modal Price,Modal Price,40,35,28,35,80,120,120,110,90,45,60,210.67,200.5,154,154,192,129,55,300,20,20,37.5,40,40,40,40,50,40,90,769,60,84,40,80,40,35,30,15,50,30,40,2026-07-14
NORTH ZONE,NORTH ZONE,,,,,,,,,,,,,,,,,,,,,,,,,,,,,,,,,,,,,,,,,,2026-07-14
Chandigarh,Chandigarh,42,27,34,40,84,121,116,111,90,46,59,209,203,170,167,190,148,57,264,28,20,35,60,37,44,41,55,46,95,633,59,72,38,87,37,40,28,16,48,24,30,2026-07-14
Delhi,Delhi,45,35,33,35,90,120,130,120,90,47,59,222,200,188,195,221,169,60,234,28,23,43,57,33,39,40,58,41,95,686,58,72,53,93,37,31,30,14,53,62,60,2026-07-14
Haryana,Hisar,40,31,30,34,85,127,113,110,88,47,62,220,189,167,161,183,132,55,252,29,20,28,52,27,38,39,62,40,90,634,60,76,50,82,40,39,34,15,70,28,50,2026-07-14
Haryana,Karnal,NR,NR,NR,NR,NR,NR,NR,NR,NR,NR,NR,NR,NR,NR,NR,NR,NR,NR,NR,NR,NR,NR,NR,NR,NR,NR,NR,NR,NR,NR,NR,NR,NR,NR,NR,NR,NR,NR,NR,NR,NR,2026-07-14
Haryana,Panchkula,40,32,35,45,92,132,116,117,99,45,68,197,192,170,176,180,NR,55,215,NR,35,39,37,26,40,35,57,41,80,632,56,75,35,81,40,38,36,21,57,31,34,2026-07-14
Haryana,Gurgaon,NR,NR,NR,NR,NR,NR,NR,NR,NR,NR,NR,NR,NR,NR,NR,NR,NR,NR,NR,NR,NR,NR,NR,NR,NR,NR,NR,NR,NR,NR,NR,NR,NR,NR,NR,NR,NR,NR,NR,NR,NR,2026-07-14
Himachal Pradesh,Shimla,40,NR,NR,34,85,124,128,118,85,51,60,242,229,181,176,NR,NR,54,240,30,27,40,40,33,NR,40,NR,40,90,681,58,72,37,83,36,38,26,19,48,37,45,2026-07-14
Himachal Pradesh,Mandi,40,NR,NR,36,82,127,135,115,87,50,62,234,220,185,172,193,NR,54,260,32,20,40,34,34,NR,36,NR,38,95,682,58,90,37,87,43,34,32,16,55,45,42,2026-07-14
Himachal Pradesh,Dharamshala,35,NR,NR,28,84,129,126,119,87,48,44,NR,213,167,163,NR,NR,54,235,29,20,34,50,32,NR,35,NR,40,93,590,59,70,40,97,49,42,34,15,60,32,38,2026-07-14
Himachal Pradesh,Solan,39,NR,NR,34,78,124,126,114,87,48,55,223,220,176,162,179,NR,54,230,30,25,40,33,36,37,37,NR,37,91,644,59,86,40,91,43,35,34,17,60,50,43,2026-07-14
Himachal Pradesh,Una,41,40,NR,34,83,117,125,101,85,48,69,NR,188,186,181,NR,NR,52,265,29,17,39,37,34,NR,34,NR,35,98,692,59,83,29,95,44,34,29,15,55,37,34,2026-07-14
Himachal Pradesh,Bilaspur-hp,41,NR,NR,34,79,126,132,116,86,49,66,NR,187,187,177,NR,NR,54,200,29,20,40,40,33,60,37,62,37,82,731,58,96,33,87,47,31,33,13,55,57,47,2026-07-14
Himachal Pradesh,Chamba,37,45,NR,38,84,123,122,117,88,51,55,NR,196,179,177,NR,NR,56,235,30,22,44,41,50,60,39,60,39,87,633,60,85,40,85,49,35,37,18,55,44,53,2026-07-14
Himachal Pradesh,Hamirpur-HP,39,NR,NR,33,81,122,123,116,82,50,70,NR,216,183,171,NR,NR,54,265,29,21,37,43,33,48,36,NR,35,83,637,58,94,33,87,39,37,32,15,52,47,43,2026-07-14
Himachal Pradesh,Kullu,41,NR,NR,35,85,129,125,112,84,50,40,NR,230,181,184,NR,NR,57,220,30,28,40,40,NR,NR,35,NR,35,97,699,58,100,47,90,33,31,29,13,55,55,60,2026-07-14
Himachal Pradesh,Sirmour,40,NR,31,30,78,118,123,112,86,48,50,212,182,174,157,146,104,48,273,28,19,28,52,36,NR,35,NR,36,95,610,58,80,45,92,33,45,32,18,56,31,35,2026-07-14
Himachal Pradesh,Kinnaur,38,NR,NR,36,83,126,129,108,84,50,60,NR,229,178,147,NR,NR,50,260,30,30,45,60,NR,NR,38,NR,40,88,875,60,100,50,98,48,45,42,15,52,50,50,2026-07-14
Himachal Pradesh,Lahaul & Spiti,40,NR,NR,40,98,110,111,109,100,50,52,NR,197,175,NR,NR,NR,49,480,28,31,37,45,NR,NR,35,NR,36,78,600,58,91,40,80,35,35,27,15,57,31,34,2026-07-14
Jammu and Kashmir,Srinagar,43,25,41,45,93,146,125,123,100,55,55,NR,209,185,179,187,NR,60,320,30,30,32,38,NR,NR,60,NR,53,115,679,62,83,52,100,53,70,39,17,80,48,41,2026-07-14
Jammu and Kashmir,Jammu,50,37,31,35,84,112,113,118,91,51,55,NR,217,172,167,160,118,54,303,30,20,35,40,36,58,57,68,60,109,637,60,90,37,92,63,47,33,19,52,58,39,2026-07-14
Jammu and Kashmir,Poonch,52,42,35,47,114,180,125,121,122,55,75,NR,225,209,190,NR,NR,60,370,30,30,40,70,NR,NR,50,NR,57,121,705,60,84,50,84,48,30,31,15,75,41,52,2026-07-14
Jammu and Kashmir,Kupwara,NR,NR,NR,NR,NR,NR,NR,NR,NR,NR,NR,NR,NR,NR,NR,NR,NR,NR,NR,NR,NR,NR,NR,NR,NR,NR,NR,NR,NR,NR,NR,NR,NR,NR,NR,NR,NR,NR,NR,NR,NR,2026-07-14
Jammu and Kashmir,Udhampur,NR,NR,NR,NR,NR,NR,NR,NR,NR,NR,NR,NR,NR,NR,NR,NR,NR,NR,NR,NR,NR,NR,NR,NR,NR,NR,NR,NR,NR,NR,NR,NR,NR,NR,NR,NR,NR,NR,NR,NR,NR,2026-07-14
Jammu and Kashmir,Shopian,NR,NR,NR,NR,NR,NR,NR,NR,NR,NR,NR,NR,NR,NR,NR,NR,NR,NR,NR,NR,NR,NR,NR,NR,NR,NR,NR,NR,NR,NR,NR,NR,NR,NR,NR,NR,NR,NR,NR,NR,NR,2026-07-14
Jammu and Kashmir,Samba,NR,NR,NR,NR,NR,NR,NR,NR,NR,NR,NR,NR,NR,NR,NR,NR,NR,NR,NR,NR,NR,NR,NR,NR,NR,NR,NR,NR,NR,NR,NR,NR,NR,NR,NR,NR,NR,NR,NR,NR,NR,2026-07-14
Jammu and Kashmir,Ramban,NR,NR,NR,NR,NR,NR,NR,NR,NR,NR,NR,NR,NR,NR,NR,NR,NR,NR,NR,NR,NR,NR,NR,NR,NR,NR,NR,NR,NR,NR,NR,NR,NR,NR,NR,NR,NR,NR,NR,NR,NR,2026-07-14
Jammu and Kashmir,Rajouri,NR,NR,NR,NR,NR,NR,NR,NR,NR,NR,NR,NR,NR,NR,NR,NR,NR,NR,NR,NR,NR,NR,NR,NR,NR,NR,NR,NR,NR,NR,NR,NR,NR,NR,NR,NR,NR,NR,NR,NR,NR,2026-07-14
Jammu and Kashmir,Kishtwar,NR,NR,NR,NR,NR,NR,NR,NR,NR,NR,NR,NR,NR,NR,NR,NR,NR,NR,NR,NR,NR,NR,NR,NR,NR,NR,NR,NR,NR,NR,NR,NR,NR,NR,NR,NR,NR,NR,NR,NR,NR,2026-07-14
Jammu and Kashmir,Doda,NR,NR,NR,NR,NR,NR,NR,NR,NR,NR,NR,NR,NR,NR,NR,NR,NR,NR,NR,NR,NR,NR,NR,NR,NR,NR,NR,NR,NR,NR,NR,NR,NR,NR,NR,NR,NR,NR,NR,NR,NR,2026-07-14
Jammu and Kashmir,Baramulla,NR,NR,NR,NR,NR,NR,NR,NR,NR,NR,NR,NR,NR,NR,NR,NR,NR,NR,NR,NR,NR,NR,NR,NR,NR,NR,NR,NR,NR,NR,NR,NR,NR,NR,NR,NR,NR,NR,NR,NR,NR,2026-07-14
Jammu and Kashmir,Reasi,NR,NR,NR,NR,NR,NR,NR,NR,NR,NR,NR,NR,NR,NR,NR,NR,NR,NR,NR,NR,NR,NR,NR,NR,NR,NR,NR,NR,NR,NR,NR,NR,NR,NR,NR,NR,NR,NR,NR,NR,NR,2026-07-14
Jammu and Kashmir,Kathua,NR,NR,NR,NR,NR,NR,NR,NR,NR,NR,NR,NR,NR,NR,NR,NR,NR,NR,NR,NR,NR,NR,NR,NR,NR,NR,NR,NR,NR,NR,NR,NR,NR,NR,NR,NR,NR,NR,NR,NR,NR,2026-07-14
Punjab,Amritsar,40,33,28,32,82,137,135,112,90,49,59,238,203,176,158,192,NR,62,273,29,20,37,42,37,38,40,61,40,92,692,60,85,43,95,44,30,29,12,50,65,57,2026-07-14
Punjab,Ludhiana,43,34,29,36,80,135,133,118,103,47,62,240,200,178,167,194,NR,57,275,27,18,42,40,34,48,39,62,49,92,604,52,80,48,92,40,42,25,19,47,47,40,2026-07-14
Punjab,Bathinda,40,32,28,32,80,133,133,113,90,49,58,242,201,170,154,196,142,63,273,29,17,38,42,32,40,38,62,38,95,683,60,83,37,95,45,31,29,13,53,67,57,2026-07-14
Punjab,Barnala,40,37,27,31,83,137,120,107,100,50,65,238,185,172,146,185,121,55,280,30,20,37,62,30,38,40,NR,45,92,692,58,65,33,90,52,40,30,15,50,58,47,2026-07-14
Punjab,Hoshiarpur,36,33,28,37,79,119,111,112,99,51,71,212,190,168,142,143,126,59,271,25,16,34,41,35,31,44,65,48,87,623,55,79,33,99,49,45,34,15,62,54,37,2026-07-14
Punjab,Faridkot,40,35,28,33,85,130,129,115,93,50,65,230,175,175,153,197,132,59,282,30,20,40,43,32,50,40,70,40,85,650,59,81,40,89,48,36,30,14,58,57,47,2026-07-14
Punjab,Mansa,40,37,27,33,87,133,130,118,92,48,62,NR,183,174,156,NR,133,63,278,29,18,35,42,40,40,39,62,38,92,659,58,82,40,92,42,35,30,16,47,58,53,2026-07-14
Punjab,Sri Muktsar Sahib,41,40,28,33,82,132,138,117,90,49,66,218,175,170,143,176,124,57,287,28,20,40,40,31,48,39,68,39,87,630,57,72,32,90,46,34,26,13,60,58,48,2026-07-14
Punjab,Dera Bassi,40,36,27,33,85,133,135,117,90,46,61,NR,181,176,158,NR,NR,59,268,29,15,33,40,39,41,38,62,40,90,681,60,73,37,95,41,35,32,16,45,42,50,2026-07-14
Punjab,Sangrur,40,27,28,32,82,130,129,105,88,47,60,246,195,195,190,195,175,55,263,30,17,35,45,35,45,40,67,40,90,710,60,78,30,90,50,45,30,15,48,60,40,2026-07-14
Punjab,Ropar,40,36,27,33,84,133,135,117,90,48,61,238,185,176,159,NR,141,61,277,29,18,37,40,37,42,39,58,39,90,678,60,81,40,93,43,35,30,15,47,63,52,2026-07-14
Punjab,Amargarh,40,27,28,32,80,130,125,107,85,47,60,245,193,193,193,195,181,55,250,29,15,35,45,35,45,40,NR,40,85,710,60,72,35,95,50,50,27,15,40,60,40,2026-07-14
Punjab,Fatehgarh Sahib,45,32,29,35,90,130,110,110,115,44,60,256,183,187,178,194,117,57,293,30,12,33,39,28,45,32,65,40,93,604,58,78,45,95,45,48,38,19,50,23,32,2026-07-14
Punjab,Ferozepur,49,40,33,35,85,130,120,120,90,49,70,242,182,176,143,200,134,65,400,31,20,40,40,40,50,40,60,40,90,754,60,62,40,95,64,35,31,15,60,60,50,2026-07-14
Punjab,Kapurthala,38,31,30,38,70,133,125,108,92,47,65,231,194,168,146,183,154,63,287,30,15,40,50,43,50,40,60,43,93,692,62,87,38,95,32,36,34,13,60,60,60,2026-07-14
Uttar Pradesh,Lucknow,40,30,29,35,75,115,119,90,76,48,60,203,192,165,175,181,154,60,250,20,19,33,40,35,37,36,55,36,90,615,59,81,35,88,39,40,26,15,50,40,45,2026-07-14
Uttar Pradesh,Kanpur,40,22,26,32,85,120,115,100,88,42,60,187,198,154,148,158,135,56,234,26,21,35,40,35,40,41,NR,35,81,580,55,75,21,100,31,40,33,19,50,35,33,2026-07-14
Uttar Pradesh,Varanasi,44,32,27,36,86,119,124,108,85,48,71,215,191,179,183,203,178,63,233,22,18,34,38,38,58,38,NR,40,108,735,64,78,35,84,34,35,28,20,52,41,34,2026-07-14
Uttar Pradesh,Agra,45,34,29,33,75,113,95,90,75,46,70,221,197,172,183,205,185,57,251,27,24,47,48,18,38,41,NR,40,98,800,62,85,23,80,41,30,35,15,48,49,55,2026-07-14
Uttar Pradesh,Jhansi,52,35,29,34,80,132,127,112,88,50,63,213,179,172,157,207,132,52,230,21,22,33,43,33,38,40,65,45,97,666,58,78,40,88,40,40,30,15,40,32,47,2026-07-14
Uttar Pradesh,Meerut,38,28,29,36,82,116,117,86,85,47,65,173,163,162,163,167,164,49,283,18,17,24,35,37,37,35,66,36,92,641,58,83,39,86,35,34,31,14,53,45,45,2026-07-14
Uttar Pradesh,Allahabad,50,23,26,34,89,120,132,131,95,45,56,219,194,165,164,202,144,44,332,30,21,31,42,32,36,37,45,41,97,676,63,70,37,83,33,37,29,17,50,44,47,2026-07-14
Uttar Pradesh,Gorakhpur,40,23,28,36,80,115,116,110,84,45,55,195,187,159,152,160,123,55,225,22,18,28,45,36,34,34,52,36,92,599,56,80,37,78,33,38,24,16,55,26,32,2026-07-14
Uttar Pradesh,Saharanpur,38,28,25,30,82,116,113,108,88,45,58,NR,175,154,150,167,135,56,242,21,17,25,32,32,NR,38,NR,42,91,584,58,80,37,83,33,37,27,14,47,27,37,2026-07-14
Uttar Pradesh,Bareilly,38,25,26,33,89,118,126,108,102,47,72,210,188,173,175,189,162,52,300,28,14,24,29,25,41,34,58,34,89,703,60,81,22,81,45,33,32,16,52,28,32,2026-07-14
Uttar Pradesh,Ayodhya,40,35,28,40,95,120,130,125,95,48,60,198,198,187,176,174,143,60,240,24,20,40,60,50,50,45,60,45,120,835,60,72,50,100,45,50,30,20,60,20,32,2026-07-14
Uttar Pradesh,Moradabad,38,26,25,32,81,116,114,107,86,43,58,193,166,143,155,154,141,53,236,21,15,29,41,34,39,36,53,37,89,676,56,75,32,84,34,38,26,18,49,30,36,2026-07-14
Uttar Pradesh,Aligarh,39,31,28,34,82,117,114,106,84,43,56,200,188,158,156,189,141,52,247,20,17,27,37,34,39,38,48,42,91,613,54,78,36,85,34,39,25,15,45,28,35,2026-07-14
Uttar Pradesh,Mirzapur (Vindhyanchal),34,24,25,33,83,115,110,104,84,45,50,185,175,150,137,148,112,51,219,22,19,29,41,30,40,36,50,40,93,674,62,83,34,82,30,38,25,15,45,39,40,2026-07-14
Uttar Pradesh,Banda,36,25,25,29,75,107,111,102,75,48,55,224,178,168,145,182,119,58,158,19,13,35,38,36,55,34,68,39,79,582,60,80,27,88,30,33,29,21,55,58,42,2026-07-14
Uttar Pradesh,Azamgarh,39,29,28,32,84,119,118,115,87,44,61,NR,199,144,143,199,106,55,280,24,15,29,49,37,42,42,51,33,104,657,56,70,33,76,28,37,29,18,50,33,42,2026-07-14
Uttar Pradesh,Gonda (Devipatan),36,24,25,33,85,120,128,117,88,44,56,207,196,161,168,172,128,53,257,20,14,28,37,38,37,34,62,45,100,615,58,84,38,85,34,41,25,20,48,35,33,2026-07-14
Uttar Pradesh,Amethi,39,29,26,35,85,118,118,118,97,45,60,220,199,185,183,192,142,55,222,22,15,19,36,34,39,36,44,39,98,644,58,80,31,85,34,44,30,16,45,21,38,2026-07-14
Uttar Pradesh,Barabanki,39,29,26,35,85,119,118,117,85,45,60,200,182,168,167,175,130,58,225,22,20,31,46,31,42,37,45,36,98,563,58,97,31,85,31,42,30,15,46,21,26,2026-07-14
Uttar Pradesh,Bhadohi,35,22,27,35,81,113,112,118,82,47,68,212,192,179,152,178,124,70,215,22,14,30,40,33,39,37,49,40,79,674,62,72,30,90,36,39,30,16,60,20,35,2026-07-14
Uttar Pradesh,Chandauli,31,23,26,33,75,111,119,110,80,46,55,199,187,165,132,182,119,65,247,19,13,35,31,32,52,34,60,38,80,634,56,100,46,81,32,39,27,16,50,45,45,2026-07-14
Uttar Pradesh,Farrukhabad,44,30,26,30,83,110,120,110,90,45,66,225,203,162,158,220,126,50,187,19,12,25,50,24,NR,35,NR,40,90,659,62,82,35,80,34,35,26,16,43,27,30,2026-07-14
Uttar Pradesh,Ghazipur,42,28,29,36,86,125,119,113,94,48,63,201,189,156,154,183,142,61,273,21,16,35,46,36,40,43,55,46,98,703,61,85,39,88,42,41,29,18,52,39,43,2026-07-14
Uttar Pradesh,Jaunpur,45,34,28,35,85,118,116,114,86,45,62,212,199,174,164,186,125,58,269,22,17,35,43,37,45,39,54,37,89,707,57,84,30,89,37,39,28,17,48,34,48,2026-07-14
Uttar Pradesh,UP-Pratapgarh,41,24,30,34,81,114,111,114,89,46,51,212,195,167,164,167,128,59,254,20,14,34,39,35,31,39,44,39,97,546,58,73,29,88,36,34,27,16,39,31,43,2026-07-14
Uttar Pradesh,Sambhal,40,22,26,30,86,106,103,100,90,46,57,197,179,154,141,156,142,55,257,19,19,30,40,28,NR,37,NR,37,95,657,60,79,28,83,45,43,29,16,37,39,35,2026-07-14
Uttar Pradesh,Santkabir Nagar,44,37,24,35,82,108,103,102,77,45,67,200,200,142,146,178,123,49,265,30,17,31,44,29,30,37,83,46,98,734,61,96,38,100,30,52,29,20,48,29,30,2026-07-14
Uttar Pradesh,Shahjahanpur,32,19,26,32,80,116,106,109,97,44,56,182,177,147,136,159,128,43,222,20,11,21,43,26,32,34,52,37,87,553,55,89,24,87,30,34,24,11,43,21,31,2026-07-14
Uttar Pradesh,Sitapur,38,27,28,32,81,112,110,105,83,44,59,191,171,148,143,155,132,53,230,18,20,25,41,30,33,36,54,40,91,630,59,73,34,80,35,40,29,15,50,27,34,2026-07-14
Uttar Pradesh,Sultanpur,41,31,30,35,85,119,115,108,86,45,56,199,184,160,155,183,143,55,262,20,18,24,36,35,41,39,51,43,92,635,55,76,35,85,35,38,26,15,45,25,35,2026-07-14
Uttar Pradesh,Unnao,42,32,28,31,83,122,118,112,88,45,60,201,190,163,161,179,145,58,257,21,20,32,33,37,42,38,53,43,92,586,59,79,32,88,38,38,28,16,48,32,38,2026-07-14
Uttar Pradesh,Ambedkar Nagar,36,25,25,36,77,119,126,128,88,46,64,221,208,161,162,160,138,66,201,28,15,33,47,38,38,36,76,41,88,721,62,75,40,80,36,40,31,20,65,33,39,2026-07-14
Uttar Pradesh,Amroha,41,23,26,33,83,124,113,84,82,48,54,177,177,150,157,175,130,53,225,22,20,37,45,34,44,37,43,38,93,676,59,73,34,84,40,39,31,18,35,45,43,2026-07-14
Uttar Pradesh,Baghpat,43,37,NR,31,83,130,127,118,95,46,70,196,179,163,159,163,130,57,210,28,16,25,40,34,50,35,67,40,95,604,60,88,40,83,33,35,25,12,38,24,45,2026-07-14
Uttar Pradesh,Bijnor,45,25,26,35,75,100,110,95,80,45,60,220,198,165,181,198,154,55,280,20,15,30,40,30,40,40,50,40,100,622,55,84,35,88,40,35,30,15,40,40,35,2026-07-14
Uttar Pradesh,Budaun,36,17,25,30,84,112,103,99,93,44,64,212,179,179,165,181,126,53,280,21,12,35,40,25,46,38,65,37,93,613,59,70,30,90,30,39,25,11,42,25,25,2026-07-14
Uttar Pradesh,Etah,44,33,27,35,82,118,108,110,90,45,59,207,182,156,156,167,113,54,270,22,19,30,42,26,NR,36,NR,39,90,677,60,72,32,93,32,40,32,18,40,27,40,2026-07-14
Uttar Pradesh,Fatehpur,42,19,26,33,88,112,113,104,89,46,63,194,188,147,137,153,111,54,225,22,16,29,36,22,32,35,40,33,97,607,61,79,36,85,37,42,24,17,41,24,26,2026-07-14
Uttar Pradesh,Ghaziabad,41,31,30,34,78,118,115,107,92,47,58,213,194,169,156,185,136,54,206,21,19,32,40,33,39,38,55,43,96,609,60,92,37,83,41,39,29,14,44,43,37,2026-07-14
Uttar Pradesh,Hardoi,43,31,26,33,85,121,115,109,88,46,58,206,185,159,157,180,133,56,238,20,15,28,39,34,37,37,54,44,95,624,58,80,40,87,35,40,28,15,45,27,39,2026-07-14
Uttar Pradesh,Jalaun,45,25,28,35,83,118,103,102,89,47,57,180,170,146,130,158,112,57,220,20,15,35,40,34,41,40,NR,42,96,567,60,81,37,90,38,42,30,19,37,37,43,2026-07-14
Uttar Pradesh,Kaushambi,43,27,25,36,85,119,129,105,88,45,58,206,192,173,161,184,128,53,238,21,19,32,47,31,35,40,55,35,89,611,57,76,32,83,39,37,27,16,48,29,34,2026-07-14
Uttar Pradesh,Kushinagar,35,28,26,37,82,122,114,118,82,48,68,186,195,157,166,154,135,64,221,27,16,28,49,39,40,38,45,40,95,615,61,61,28,88,39,38,29,13,47,35,29,2026-07-14
Uttar Pradesh,Lakhimpur Kheri,38,26,27,35,82,117,106,103,85,46,59,188,183,138,145,164,112,61,228,20,17,31,52,31,35,36,60,36,92,665,58,74,30,79,35,44,32,18,45,23,44,2026-07-14
Uttar Pradesh,Pilibhit,43,37,28,32,85,115,115,115,95,47,66,205,203,174,162,192,135,52,229,20,17,30,50,32,50,38,69,38,95,692,60,90,25,90,44,44,35,15,45,50,40,2026-07-14
Uttar Pradesh,Sharwasti,40,23,27,40,80,115,115,120,80,48,60,178,212,170,174,NR,121,60,218,26,10,38,40,NR,NR,40,NR,40,98,582,60,83,20,85,39,38,20,15,33,30,40,2026-07-14
Uttar Pradesh,Siddharth Nagar,41,30,28,35,83,120,130,115,82,48,64,203,198,168,155,159,126,55,228,22,17,35,43,40,45,35,62,35,80,623,59,80,33,70,36,33,25,20,40,39,42,2026-07-14
Uttar Pradesh,Sonbhadra,35,28,26,31,75,110,105,102,80,45,45,176,165,152,132,154,121,55,210,24,15,27,40,27,40,33,50,34,80,621,65,68,35,85,33,32,25,14,45,20,25,2026-07-14
Uttar Pradesh,Rampur,53,28,27,29,77,104,116,104,102,45,61,193,190,151,159,161,136,55,264,23,19,33,31,32,47,35,NR,36,94,636,65,79,33,95,36,37,30,14,53,40,35,2026-07-14
Uttar Pradesh,Bahraich,35,26,25,31,89,128,120,114,90,42,55,194,196,157,154,161,124,44,250,25,21,36,37,36,34,34,65,34,106,646,56,80,22,73,27,36,23,19,53,21,37,2026-07-14
Uttar Pradesh,Basti,39,27,29,31,77,115,128,116,78,46,55,196,186,154,152,148,124,53,244,22,17,34,45,43,53,33,54,35,93,587,55,84,36,82,35,41,27,19,37,28,37,2026-07-14
Uttar Pradesh,Etawah,43,NR,27,32,85,121,115,110,89,46,62,200,191,166,156,NR,137,58,264,20,14,25,40,33,NR,40,55,44,95,659,60,83,38,85,38,41,28,16,50,28,36,2026-07-14
Uttar Pradesh,Muzzafarnagar,40,29,26,31,84,120,116,108,89,46,58,185,176,156,156,178,142,53,245,20,14,35,50,35,40,36,NR,36,90,525,58,66,35,80,34,35,24,11,45,55,45,2026-07-14
Uttar Pradesh,Chitrakoot,40,24,25,34,80,102,100,93,80,46,50,179,201,163,164,179,140,55,220,15,19,32,50,25,26,40,60,48,89,637,58,84,40,80,38,40,21,15,47,35,52,2026-07-14
Uttar Pradesh,Hamirpur-UP,43,25,27,35,87,115,115,108,85,50,70,190,191,158,175,185,137,58,209,18,20,30,50,NR,NR,40,NR,40,95,637,58,86,30,88,42,47,30,17,50,35,40,2026-07-14
Uttar Pradesh,Deoria,35,21,26,28,92,117,113,100,98,45,61,224,195,143,132,220,120,56,223,20,17,27,36,36,40,36,43,35,94,586,59,63,38,79,29,39,27,18,35,29,28,2026-07-14
Uttar Pradesh,Hapur,36,23,28,36,75,138,130,122,116,49,62,204,200,164,175,183,163,63,218,26,18,40,52,42,41,40,46,39,99,736,63,77,38,96,42,45,32,11,60,37,38,2026-07-14
Uttar Pradesh,Bulandshahr,42,36,27,32,93,110,113,107,83,45,70,NR,186,160,172,158,156,49,222,19,20,34,40,35,43,36,56,36,99,597,56,87,25,87,30,47,27,15,32,50,41,2026-07-14
Uttar Pradesh,Kanpur Dehat,36,23,26,31,79,100,112,93,86,45,64,200,189,150,149,168,124,49,218,19,17,32,38,31,36,35,48,35,85,597,58,76,31,71,32,32,24,15,38,28,37,2026-07-14
Uttar Pradesh,Hathras,39,31,28,32,83,117,114,106,84,43,61,210,194,168,165,189,146,52,248,20,16,25,37,25,30,34,NR,39,105,698,63,73,40,87,37,40,30,13,38,33,37,2026-07-14
Uttar Pradesh,Raebareli,41,28,27,31,84,117,117,109,88,46,59,195,185,160,162,178,144,57,219,19,17,29,39,37,43,41,54,45,94,686,59,83,35,87,40,39,27,16,47,35,41,2026-07-14
Uttar Pradesh,Lalitpur,36,22,28,31,75,109,110,105,84,45,60,177,169,146,143,178,122,50,235,20,15,35,40,30,38,32,59,34,90,578,56,80,30,80,30,40,24,18,40,30,40,2026-07-14
Uttar Pradesh,Mohaba,37,25,24,30,80,108,100,97,83,48,62,176,176,150,155,184,120,36,187,22,20,35,40,27,35,35,48,35,97,596,54,72,22,83,33,39,28,16,36,30,35,2026-07-14
Uttar Pradesh,Gautam Budh Nagar,38,27,29,36,82,121,116,111,91,47,59,221,183,169,152,179,132,57,222,19,14,38,42,31,37,38,58,39,90,645,59,92,34,82,37,39,31,16,38,47,38,2026-07-14
Uttar Pradesh,Auraiya,38,26,26,36,80,122,118,107,88,47,58,188,175,156,157,164,131,59,217,25,19,37,41,27,38,36,53,37,101,675,53,76,34,91,34,37,23,19,51,29,41,2026-07-14
Uttar Pradesh,Maharajganj,36,25,28,32,81,115,118,109,80,45,58,192,191,151,154,164,126,48,213,22,17,31,40,37,44,35,51,36,91,599,58,79,37,80,34,40,30,17,38,31,30,2026-07-14
Uttar Pradesh,Balrampur,35,29,27,34,82,117,113,113,83,47,53,178,194,148,150,200,124,58,205,15,15,33,52,35,49,35,NR,37,85,674,58,80,53,88,47,39,29,15,38,47,38,2026-07-14
Uttar Pradesh,Kannauj,40,26,28,32,83,118,114,109,87,46,61,199,187,158,155,175,134,55,239,21,15,27,38,32,39,38,53,39,94,630,56,74,27,84,34,42,27,16,43,29,32,2026-07-14
Uttar Pradesh,Mathura,32,27,27,33,88,119,128,118,96,45,66,229,173,141,139,156,122,44,263,27,19,42,39,34,43,40,47,40,99,632,58,83,37,89,48,39,34,15,43,42,53,2026-07-14
Uttar Pradesh,Firozabad,41,30,29,32,81,120,118,107,83,46,60,220,190,169,170,190,141,53,253,20,21,28,35,36,40,37,53,43,92,608,59,78,38,83,34,34,27,16,43,34,38,2026-07-14
Uttar Pradesh,Kasganj,45,31,26,35,87,118,110,110,93,45,59,222,200,174,178,203,159,55,248,21,20,30,50,22,NR,40,NR,42,98,617,56,75,37,85,39,47,29,13,38,35,42,2026-07-14
Uttar Pradesh,Mainpuri,38,30,28,32,88,132,120,113,88,45,65,220,211,171,189,189,155,51,260,24,17,23,29,24,22,39,40,38,105,700,55,70,35,85,47,43,25,21,36,20,26,2026-07-14
Uttar Pradesh,Shamli,40,27,25,30,80,115,115,110,90,45,50,189,181,156,145,159,126,53,227,15,15,30,45,27,40,38,58,38,90,541,60,78,33,92,39,38,27,13,47,45,40,2026-07-14
Uttar Pradesh,Ballia,41,22,27,31,84,121,114,113,91,46,58,201,185,153,153,166,130,51,249,19,19,36,54,28,43,37,54,38,95,625,55,77,34,85,36,37,28,17,51,42,46,2026-07-14
Uttar Pradesh,Mau,39,22,25,34,82,114,112,107,85,46,55,191,175,148,147,148,119,65,223,22,15,23,44,NR,NR,35,NR,36,91,644,55,76,34,89,31,40,30,15,48,36,32,2026-07-14
Uttarakhand,Dehradun,39,30,27,35,90,130,118,129,94,47,67,187,203,159,170,187,NR,70,250,30,17,35,43,35,43,40,48,40,110,692,59,75,40,115,40,45,39,15,53,35,40,2026-07-14
Uttarakhand,Haldwani,46,48,31,34,94,141,121,131,90,50,62,232,208,154,188,192,168,64,272,32,25,33,30,49,42,41,45,40,95,700,60,101,21,100,40,45,33,18,54,49,41,2026-07-14
Uttarakhand,Rudrapur,NR,NR,NR,NR,NR,NR,NR,NR,NR,NR,NR,NR,NR,NR,NR,NR,NR,NR,NR,NR,NR,NR,NR,NR,NR,NR,NR,NR,NR,NR,NR,NR,NR,NR,NR,NR,NR,NR,NR,NR,NR,2026-07-14
Uttarakhand,Haridwar,NR,NR,NR,NR,NR,NR,NR,NR,NR,NR,NR,NR,NR,NR,NR,NR,NR,NR,NR,NR,NR,NR,NR,NR,NR,NR,NR,NR,NR,NR,NR,NR,NR,NR,NR,NR,NR,NR,NR,NR,NR,2026-07-14
WEST ZONE,WEST ZONE,,,,,,,,,,,,,,,,,,,,,,,,,,,,,,,,,,,,,,,,,,2026-07-14
Chhattisgarh,Raipur,35,27,31,38,94,121,128,103,95,45,58,217,156,140,157,168,118,56,247,20,24,32,29,33,27,43,45,44,102,703,56,78,41,91,37,32,25,12,32,45,50,2026-07-14
Chhattisgarh,Durg,35,30,36,37,82,112,120,110,82,46,56,196,172,150,170,172,168,52,222,18,20,35,35,43,43,37,61,45,100,773,63,74,39,80,42,40,29,11,47,40,50,2026-07-14
Chhattisgarh,Ambikapur,35,35,30,35,93,118,112,103,95,40,41,172,161,174,159,165,NR,48,255,15,20,35,40,NR,NR,40,NR,32,70,598,52,80,30,78,30,60,33,15,47,20,25,2026-07-14
Chhattisgarh,Bilaspur-CG,52,51,34,40,89,110,102,105,84,42,55,192,175,152,161,165,170,51,217,25,28,26,35,35,39,41,47,41,90,679,58,79,46,92,28,64,25,14,57,33,51,2026-07-14
Chhattisgarh,Jagdalpur,NR,NR,NR,NR,NR,NR,NR,NR,NR,NR,NR,NR,NR,NR,NR,NR,NR,NR,NR,NR,NR,NR,NR,NR,NR,NR,NR,NR,NR,NR,NR,NR,NR,NR,NR,NR,NR,NR,NR,NR,NR,2026-07-14
Chhattisgarh,Dantewada,40,38,42,47,86,124,124,116,83,49,69,252,209,157,185,202,158,63,271,22,30,38,41,41,NR,41,NR,49,104,680,58,62,46,104,49,49,23,19,64,25,50,2026-07-14
Chhattisgarh,Dhamtari,37,29,33,44,88,128,112,105,93,45,61,220,203,139,188,189,128,57,212,26,22,28,45,48,46,43,52,45,127,722,61,88,42,89,38,33,24,16,43,43,60,2026-07-14
Chhattisgarh,Rajnandgaon,43,33,30,36,85,122,118,111,89,46,60,219,210,178,177,204,160,58,270,22,20,25,40,30,30,38,50,38,96,680,60,70,27,79,44,42,28,16,50,24,35,2026-07-14
Chhattisgarh,Koriya,39,NR,35,39,81,108,97,102,81,45,75,205,163,153,151,168,NR,47,195,25,20,40,40,35,34,46,NR,58,82,693,58,88,40,78,27,38,28,17,48,NR,NR,2026-07-14
DNH and DD,Silvasa,56,50,45,40,91,138,138,128,97,45,69,215,208,181,175,183,130,65,227,29,20,30,40,44,54,59,56,65,107,655,58,84,43,150,75,45,35,22,39,50,50,2026-07-14
DNH and DD,Daman,61,50,39,39,87,110,131,110,94,45,70,211,198,NR,167,193,121,58,212,29,20,40,45,40,42,62,57,59,100,663,58,90,50,113,60,40,40,24,40,50,60,2026-07-14
DNH and DD,Diu,49,41,40,50,89,145,148,130,107,48,68,231,234,NR,200,211,157,64,420,32,28,33,50,39,63,56,83,65,108,714,62,95,32,122,53,36,40,21,50,53,37,2026-07-14
Goa,Panaji,58,43,48,47,103,132,135,135,103,46,63,222,200,203,167,172,145,63,315,28,37,37,42,39,62,48,53,49,112,824,58,92,65,83,47,43,25,16,42,62,52,2026-07-14
Goa,Margao,53,43,48,51,92,132,125,122,95,46,66,238,233,223,193,204,175,62,350,27,31,42,40,42,55,47,58,48,122,824,60,102,55,97,43,50,27,17,43,60,64,2026-07-14
Gujarat,Ahmedabad,39,32,41,41,98,121,122,104,98,47,68,197,204,172,191,201,179,59,211,23,42,41,54,39,43,45,66,46,91,650,58,69,38,75,31,34,34,22,45,26,26,2026-07-14
Gujarat,Rajkot,34,27,31,40,86,110,102,100,95,46,68,179,189,148,170,183,158,60,205,18,22,27,40,33,43,39,68,44,87,626,57,66,33,80,32,34,39,15,40,25,26,2026-07-14
Gujarat,Surat,33,31,32,38,85,111,111,104,101,45,69,201,201,163,192,205,177,51,209,19,30,45,54,39,39,39,62,45,96,704,54,68,70,76,31,35,37,15,34,30,25,2026-07-14
Gujarat,Bhuj,38,27,30,37,88,108,109,99,93,39,63,184,182,146,170,184,159,58,202,16,30,33,46,34,35,38,68,38,93,617,53,68,36,74,28,34,37,16,40,27,27,2026-07-14
Gujarat,Selamba,36,27,35,39,91,117,113,110,90,45,64,192,185,153,170,184,158,60,210,19,25,30,48,40,41,41,67,41,91,636,55,84,48,79,31,32,35,16,45,40,35,2026-07-14
Gujarat,Waghai,38,34,37,42,93,120,118,102,98,45,68,200,187,152,156,183,147,59,209,20,31,35,45,35,36,40,60,44,96,631,58,70,40,75,30,34,26,17,41,30,28,2026-07-14
Gujarat,Bodeli,NR,NR,NR,NR,NR,NR,NR,NR,NR,NR,NR,NR,NR,NR,NR,NR,NR,NR,NR,NR,NR,NR,NR,NR,NR,NR,NR,NR,NR,NR,NR,NR,NR,NR,NR,NR,NR,NR,NR,NR,NR,2026-07-14
Gujarat,Vapi,32,24,32,34,90,114,114,101,94,44,66,187,169,138,145,169,145,56,205,18,28,28,38,38,46,40,66,36,96,692,56,68,38,78,31,32,32,15,38,28,30,2026-07-14
Gujarat,Bilimora,37,34,38,37,101,108,120,105,109,50,69,210,191,177,189,194,183,51,221,21,28,35,40,40,39,40,62,45,99,641,54,69,36,76,31,35,33,18,33,31,24,2026-07-14
Gujarat,Idar,37,27,35,38,90,118,125,100,91,45,72,212,189,156,168,184,149,63,235,18,32,28,48,34,40,37,66,51,99,722,63,69,34,99,40,30,40,17,67,28,42,2026-07-14
Gujarat,Jhalod,36,28,36,37,94,115,120,99,100,51,65,192,188,155,161,167,156,62,205,22,29,30,29,40,36,40,69,46,92,669,55,74,43,74,28,33,37,18,40,21,22,2026-07-14
Gujarat,Songash,41,30,30,36,84,121,118,110,87,47,60,204,192,166,166,188,155,57,238,20,21,32,40,36,42,40,54,44,94,708,56,80,40,81,34,36,29,16,47,34,39,2026-07-14
Madhya Pradesh,Bhopal,37,35,26,31,82,116,106,105,90,46,62,178,203,180,153,193,NR,52,252,10,20,29,50,38,38,40,62,41,86,643,57,88,40,96,38,40,33,15,29,33,55,2026-07-14
Madhya Pradesh,Indore,41,33,28,35,86,117,118,110,81,46,64,181,175,164,175,154,147,61,265,15,20,28,40,37,37,40,NR,40,85,645,59,89,38,83,35,33,25,15,33,27,22,2026-07-14
Madhya Pradesh,Gwalior,45,40,30,34,80,121,122,110,90,45,63,212,176,172,160,184,NR,50,222,12,17,22,38,28,30,40,65,40,88,652,60,71,29,84,35,35,26,15,40,22,35,2026-07-14
Madhya Pradesh,Jabalpur,41,34,30,34,78,118,114,108,84,45,59,198,189,149,154,180,120,50,245,16,18,25,35,40,42,40,56,45,91,626,60,78,35,85,40,36,25,16,38,25,40,2026-07-14
Madhya Pradesh,Rewa,35,28,28,35,76,106,95,94,78,45,55,177,154,148,147,147,NR,55,237,18,16,23,38,NR,NR,35,NR,37,85,655,57,76,25,90,28,45,30,13,45,20,35,2026-07-14
Madhya Pradesh,Sagar,38,34,27,29,78,118,126,98,83,49,60,206,190,140,167,194,162,52,263,17,18,28,31,43,53,40,60,40,83,676,60,90,28,83,48,30,30,15,40,50,48,2026-07-14
Madhya Pradesh,Jhabua,43,31,29,35,82,130,109,104,91,46,65,209,210,198,176,196,NR,59,296,15,28,32,57,31,36,44,61,44,95,714,61,98,28,92,47,37,31,21,40,33,40,2026-07-14
Madhya Pradesh,Hoshangabad,46,30,27,35,82,119,117,103,93,45,56,212,156,140,152,163,131,52,217,11,20,30,42,43,47,41,50,42,92,656,60,88,49,92,31,42,19,20,52,24,31,2026-07-14
Madhya Pradesh,Shahdol,35,30,29,35,86,115,112,110,83,44,60,203,186,142,153,181,NR,52,210,18,20,20,40,37,33,35,50,40,95,604,58,70,30,90,30,40,27,18,35,30,25,2026-07-14
Madhya Pradesh,Ujjain,39,37,36,40,92,124,118,101,100,45,62,167,206,179,148,189,NR,52,256,18,18,19,37,38,39,42,63,45,94,720,62,62,30,97,47,38,30,16,40,37,42,2026-07-14
Madhya Pradesh,Morena,41,31,26,31,93,120,112,107,102,46,67,200,185,156,156,159,115,55,240,14,10,20,50,29,NR,38,NR,39,98,608,61,83,22,81,36,31,28,14,32,20,40,2026-07-14
Madhya Pradesh,Anuppur,35,26,25,35,80,115,120,110,90,46,53,214,198,141,176,176,163,55,200,20,15,35,32,41,40,36,50,50,90,769,65,80,30,90,40,35,26,15,38,45,40,2026-07-14
Madhya Pradesh,Bhind,40,35,29,34,84,111,114,112,84,46,62,188,167,143,143,136,115,50,250,15,15,25,42,34,44,40,65,39,90,651,62,77,25,81,29,35,25,16,40,37,35,2026-07-14
Madhya Pradesh,Dhar,43,39,27,37,92,135,129,120,98,45,63,176,197,172,159,192,124,59,212,15,20,25,44,35,37,46,55,47,98,723,62,85,27,88,31,35,21,18,52,33,35,2026-07-14
Madhya Pradesh,Harda,53,35,28,32,80,120,125,110,87,47,62,201,198,165,168,192,NR,55,200,20,20,30,50,40,40,44,70,45,90,712,60,96,40,89,40,29,24,15,34,60,50,2026-07-14
Madhya Pradesh,Katni,35,30,29,34,79,117,107,107,80,42,50,166,156,127,148,156,112,50,205,19,20,35,35,35,38,45,55,45,100,604,58,100,20,80,40,40,27,15,32,20,40,2026-07-14
Madhya Pradesh,Khandwa,40,35,33,34,80,115,120,110,85,45,55,209,187,187,154,165,NR,50,268,17,20,24,45,36,35,40,50,42,90,659,53,89,40,90,28,32,27,15,37,23,35,2026-07-14
Madhya Pradesh,Mandla,37,28,31,38,80,108,118,108,80,47,50,222,189,154,176,210,NR,60,193,30,23,38,27,45,45,38,60,44,90,692,60,90,27,88,46,35,30,13,38,53,53,2026-07-14
Madhya Pradesh,Rajgarh,40,NR,26,30,80,130,120,100,90,49,50,181,194,183,159,183,NR,60,200,10,20,30,40,NR,NR,40,NR,45,90,707,60,80,40,90,50,37,22,20,40,60,50,2026-07-14
Madhya Pradesh,Sidhi,37,34,27,36,80,120,100,95,85,50,60,187,181,154,165,143,115,55,265,20,20,35,50,30,40,35,54,50,90,633,55,90,34,80,30,50,25,15,50,50,40,2026-07-14
Madhya Pradesh,Chattarpur,40,35,30,38,90,120,120,110,80,45,50,198,192,170,154,159,128,60,247,20,15,35,40,32,40,40,58,50,100,600,60,84,15,90,30,43,30,15,35,27,40,2026-07-14
Madhya Pradesh,Neemuch,50,33,27,34,78,133,105,110,72,48,65,187,157,143,152,143,NR,45,303,10,15,20,40,42,40,42,65,41,87,632,63,68,40,80,35,42,30,15,48,25,32,2026-07-14
Madhya Pradesh,Burhanpur,40,36,29,34,81,123,119,105,81,44,67,177,181,176,141,186,137,49,255,29,20,21,40,35,34,44,NR,49,92,747,58,105,41,95,45,40,29,19,30,42,52,2026-07-14
Madhya Pradesh,Narshinpur,38,28,28,35,75,120,108,110,85,45,52,200,189,141,148,165,NR,45,233,12,15,25,35,40,40,45,60,47,85,637,58,85,45,90,35,35,25,15,35,20,40,2026-07-14
Madhya Pradesh,Raisen,40,30,29,32,80,130,118,110,88,48,57,187,194,148,151,NR,NR,56,250,10,20,37,37,40,40,33,NR,40,84,692,60,77,37,89,46,32,31,20,38,45,50,2026-07-14
Madhya Pradesh,Sheopur,41,28,25,33,82,114,114,110,85,47,60,220,192,172,141,168,NR,55,202,28,20,35,50,30,35,44,60,45,90,637,58,80,22,90,40,40,32,15,45,45,50,2026-07-14
Madhya Pradesh,Agar malwa,38,31,23,29,83,136,129,108,103,44,59,197,176,155,160,147,NR,47,287,20,20,21,50,46,49,43,NR,47,87,687,59,71,30,98,25,29,30,16,42,25,25,2026-07-14
Madhya Pradesh,Umaria,33,31,31,35,82,117,112,117,87,49,60,216,187,154,172,189,NR,57,207,15,20,40,30,40,NR,43,NR,47,83,622,59,83,30,83,32,42,27,15,45,50,53,2026-07-14
Madhya Pradesh,Shajapur,40,35,25,32,83,122,120,107,87,46,60,187,187,159,161,187,NR,55,260,20,22,22,42,38,39,39,NR,44,90,677,60,83,42,85,36,36,28,15,42,32,38,2026-07-14
Madhya Pradesh,Dewas,41,35,27,33,85,119,111,105,87,45,64,196,191,173,170,185,NR,55,242,12,25,24,36,36,43,39,56,46,94,705,63,85,35,91,44,34,27,20,35,26,45,2026-07-14
Madhya Pradesh,Khargone,39,27,28,35,78,120,122,110,85,45,50,186,156,132,170,132,NR,50,225,16,30,24,35,40,40,40,65,40,90,640,55,84,35,85,35,40,30,15,35,20,45,2026-07-14
Madhya Pradesh,Singrauli,35,29,25,34,84,100,106,109,81,48,59,205,194,137,148,162,117,57,232,13,21,39,41,NR,40,36,NR,46,89,693,56,82,24,88,46,42,22,15,30,75,48,2026-07-14
Madhya Pradesh,Chhindwara,54,36,27,35,83,121,117,102,89,47,54,207,212,140,161,180,146,57,200,10,19,28,18,37,37,36,29,37,93,652,60,74,32,112,32,37,40,20,48,30,47,2026-07-14
Madhya Pradesh,Sehore,40,36,29,32,80,120,105,100,85,45,60,187,176,165,159,187,NR,57,280,13,20,30,40,NR,NR,45,NR,43,84,659,60,79,42,85,30,35,24,15,50,35,40,2026-07-14
Madhya Pradesh,MP-Ashoknagar,46,35,26,28,72,116,110,100,91,44,60,185,188,161,158,158,NR,45,211,14,21,34,51,41,40,41,NR,39,89,776,58,89,54,88,41,44,25,19,40,47,51,2026-07-14
Madhya Pradesh,Balaghat,35,31,35,40,80,120,120,117,90,48,52,220,220,137,167,188,NR,65,200,29,22,30,25,40,45,40,60,45,100,681,60,90,28,99,40,35,25,15,55,51,57,2026-07-14
Madhya Pradesh,Guna,44,37,24,28,74,115,115,100,80,44,60,201,180,176,164,181,134,48,217,20,13,27,38,32,40,50,69,50,82,701,61,74,37,79,36,38,27,15,38,22,38,2026-07-14
Madhya Pradesh,Ratlam,41,35,31,33,82,122,117,111,86,46,62,202,191,155,164,177,161,58,245,10,25,28,42,35,45,39,62,42,90,652,58,72,23,82,37,37,29,16,40,35,30,2026-07-14
Madhya Pradesh,Satna,35,28,28,35,90,125,100,95,95,48,60,220,145,152,163,181,115,50,260,20,20,30,40,27,45,33,63,31,65,718,52,60,34,75,28,33,30,15,52,25,35,2026-07-14
Madhya Pradesh,Vidisha,39,NR,30,35,76,113,120,110,88,46,55,183,190,148,172,183,NR,57,240,11,10,20,35,40,40,35,68,36,80,659,60,84,18,88,42,31,27,15,43,20,30,2026-07-14
Madhya Pradesh,Alirajpur,38,43,30,36,87,124,118,114,95,45,72,185,196,185,178,187,NR,53,307,10,27,40,58,31,35,45,42,47,93,611,57,80,28,77,40,43,29,17,37,25,40,2026-07-14
Madhya Pradesh,Betul,39,32,26,35,79,116,112,109,85,45,60,195,205,153,171,203,NR,50,245,12,20,36,43,42,43,40,69,40,96,667,60,85,33,93,43,39,22,15,41,42,49,2026-07-14
Madhya Pradesh,Damoh,43,37,29,33,75,120,111,104,85,45,62,207,192,131,148,166,NR,53,209,12,22,32,49,42,41,41,61,41,89,582,58,75,21,87,37,33,35,15,46,20,46,2026-07-14
Madhya Pradesh,Dindori,37,33,35,36,95,115,105,110,85,45,55,220,198,154,154,176,NR,48,235,12,20,28,50,40,48,45,56,45,81,632,55,83,30,90,35,35,30,15,35,30,50,2026-07-14
Madhya Pradesh,Niwari,36,28,25,30,83,131,98,106,89,47,57,226,188,172,172,155,NR,52,215,30,20,38,40,NR,NR,40,NR,40,97,720,60,90,24,92,33,40,27,19,43,21,32,2026-07-14
Madhya Pradesh,Seoni,37,32,35,37,86,115,110,105,85,46,55,196,214,170,154,187,NR,47,215,11,20,25,40,40,40,37,68,42,100,654,58,81,27,80,48,36,21,15,45,40,50,2026-07-14
Madhya Pradesh,Panna,38,30,24,36,75,120,100,95,90,45,52,181,176,137,143,132,115,53,210,11,15,20,30,40,48,35,60,45,97,651,56,75,37,76,30,35,31,13,47,20,38,2026-07-14
Madhya Pradesh,Tikamgarh,35,30,25,30,90,120,110,95,90,44,50,205,167,142,149,147,NR,50,200,20,15,20,45,30,35,40,40,45,100,659,58,70,25,85,29,41,20,17,30,20,30,2026-07-14
Madhya Pradesh,Datia,48,38,25,30,82,127,110,95,76,49,60,220,189,161,157,191,124,55,228,28,22,24,42,45,33,44,78,45,93,705,61,87,21,87,42,48,28,16,37,40,52,2026-07-14
Madhya Pradesh,Maihar,40,20,30,30,90,97,102,97,80,46,60,233,198,165,154,187,126,53,205,15,20,30,45,NR,NR,40,NR,45,97,721,58,72,37,97,30,39,35,15,37,25,43,2026-07-14
Madhya Pradesh,Shivpuri,42,40,24,42,83,115,119,117,88,45,60,197,176,159,164,170,162,50,380,17,18,21,30,37,42,48,59,45,82,696,60,79,25,82,37,40,32,22,29,37,28,2026-07-14
Madhya Pradesh,Mandsaur,40,28,30,40,106,124,121,117,105,45,58,195,192,190,169,196,147,60,300,22,37,21,50,50,55,72,92,58,95,762,45,110,45,70,30,45,35,21,45,18,31,2026-07-14
Maharashtra,Mumbai,40,38,41,48,93,137,143,123,99,46,60,244,227,194,165,200,154,79,310,30,27,28,42,47,61,54,65,53,113,703,63,80,77,99,70,45,43,16,41,49,54,2026-07-14
Maharashtra,Nagpur,58,41,48,53,97,137,131,118,105,52,66,239,216,168,171,200,141,70,283,27,32,32,66,42,52,52,82,52,110,808,59,94,46,98,41,48,34,21,68,57,81,2026-07-14
Maharashtra,Pune,40,27,44,54,87,101,118,105,83,44,75,205,209,168,171,186,172,60,353,35,34,23,47,40,43,46,40,45,90,551,59,81,57,99,51,51,23,19,43,30,34,2026-07-14
Maharashtra,Nashik,39,41,42,41,86,138,133,113,96,46,60,209,225,189,170,184,133,58,323,28,22,32,47,42,69,49,64,49,99,640,60,70,73,116,61,37,33,16,22,38,40,2026-07-14
Maharashtra,Mangaon-Raigad,52,44,43,49,89,130,132,116,94,45,57,208,231,178,164,198,137,60,367,31,27,29,48,46,53,43,56,44,97,860,62,76,42,120,68,39,48,22,55,40,54,2026-07-14
Maharashtra,Dharni,44,31,29,33,81,122,109,118,91,48,57,225,193,154,177,205,NR,58,322,13,21,28,58,39,28,42,NR,47,96,743,66,88,57,85,40,42,21,18,40,65,48,2026-07-14
Maharashtra,Latur,57,47,44,48,82,122,127,117,85,44,67,204,200,139,178,190,168,57,253,26,27,23,33,38,57,42,73,41,108,780,42,94,62,99,46,41,27,23,44,70,58,2026-07-14
Maharashtra,Akluj,44,42,34,39,80,122,118,107,97,46,60,203,208,166,191,207,185,50,332,30,25,30,45,33,51,39,60,40,89,659,52,57,35,94,38,38,27,12,28,20,31,2026-07-14
Maharashtra,Arni Yavatmal,44,30,34,36,99,123,125,114,90,43,63,192,170,154,144,159,NR,57,300,10,30,40,60,35,32,47,70,55,103,784,55,72,40,99,45,42,20,15,40,35,30,2026-07-14
Maharashtra,Chandrapur,47,45,38,51,83,123,130,114,100,47,58,199,192,220,169,186,NR,65,275,30,20,43,20,53,56,60,54,58,103,683,58,96,20,103,56,42,22,20,63,58,78,2026-07-14
Maharashtra,Karad Satara,68,52,36,48,84,134,129,120,92,47,74,210,188,167,179,196,168,57,293,27,27,27,27,38,41,42,58,43,114,685,61,84,42,121,51,41,29,19,38,32,40,2026-07-14
Maharashtra,Ahemednagar,53,37,44,47,84,119,119,119,99,44,58,168,169,166,169,180,167,49,259,30,24,29,44,29,45,39,44,39,99,580,58,77,54,99,29,44,26,18,25,29,39,2026-07-14
Maharashtra,Khultabad,47,26,33,36,77,111,116,108,85,46,46,182,NR,145,164,171,153,61,320,20,31,26,40,31,41,39,NR,42,86,702,60,81,39,81,32,35,21,16,36,20,34,2026-07-14
Maharashtra,Islampur,41,33,37,47,82,123,130,120,100,47,72,223,206,160,186,197,156,50,418,27,30,20,24,38,40,39,48,43,101,655,60,88,37,103,59,53,36,27,40,49,44,2026-07-14
Maharashtra,Kankavli,45,44,34,51,84,132,131,126,87,46,60,184,200,164,152,178,135,53,373,20,42,30,57,53,47,45,50,46,100,688,56,90,77,77,47,41,37,18,63,30,53,2026-07-14
Maharashtra,Partur,50,NR,29,40,80,126,120,112,88,44,58,203,208,185,181,195,181,59,401,10,29,27,59,31,35,43,NR,47,87,775,NR,84,60,92,40,42,31,15,50,60,49,2026-07-14
Maharashtra,Gondia,54,34,34,38,80,118,119,115,80,47,63,191,204,141,168,185,167,65,260,30,22,27,28,42,48,42,52,42,87,765,58,88,28,100,50,50,29,21,37,40,45,2026-07-14
Maharashtra,Jalgaon,48,28,34,45,87,132,136,118,97,48,65,200,211,177,176,192,186,62,468,31,22,32,47,39,42,55,62,55,98,753,58,90,40,123,55,42,36,19,41,43,52,2026-07-14
Maharashtra,Akola,43,NR,33,46,85,128,120,116,100,45,69,184,211,163,174,184,NR,62,327,30,25,23,57,42,38,47,65,46,103,784,59,82,47,88,42,43,22,16,37,47,45,2026-07-14
Rajasthan,Jaipur,59,38,32,40,91,139,129,115,90,47,55,211,196,180,193,186,136,52,307,15,22,31,36,32,32,50,77,50,90,632,58,84,55,98,45,36,38,18,40,30,40,2026-07-14
Rajasthan,Jodhpur,41,40,32,34,74,95,104,94,71,43,53,214,220,NR,NR,190,NR,51,272,21,23,36,34,28,47,50,52,47,103,672,55,89,25,89,73,31,29,16,42,26,27,2026-07-14
Rajasthan,Kota,NR,NR,NR,NR,NR,NR,NR,NR,NR,NR,NR,NR,NR,NR,NR,NR,NR,NR,NR,NR,NR,NR,NR,NR,NR,NR,NR,NR,NR,NR,NR,NR,NR,NR,NR,NR,NR,NR,NR,NR,NR,2026-07-14
Rajasthan,Udaipur,50,36,30,33,75,120,115,110,80,45,50,210,190,181,176,181,172,68,328,28,20,25,60,35,44,35,59,50,86,613,63,80,40,92,35,31,32,13,48,50,35,2026-07-14
Rajasthan,Bharatpur,46,NR,28,35,89,122,113,115,90,46,58,203,175,149,163,NR,NR,57,297,28,12,29,28,27,30,40,65,44,82,637,60,75,27,90,37,38,25,12,40,20,42,2026-07-14
Rajasthan,Ajmer,NR,NR,NR,NR,NR,NR,NR,NR,NR,NR,NR,NR,NR,NR,NR,NR,NR,NR,NR,NR,NR,NR,NR,NR,NR,NR,NR,NR,NR,NR,NR,NR,NR,NR,NR,NR,NR,NR,NR,NR,NR,2026-07-14
Rajasthan,Bikaner,NR,NR,NR,NR,NR,NR,NR,NR,NR,NR,NR,NR,NR,NR,NR,NR,NR,NR,NR,NR,NR,NR,NR,NR,NR,NR,NR,NR,NR,NR,NR,NR,NR,NR,NR,NR,NR,NR,NR,NR,NR,2026-07-14
Rajasthan,Bundi,40,40,26,33,75,110,110,100,80,45,60,210,188,165,187,220,NR,50,320,12,21,21,20,31,36,40,61,50,90,637,65,80,31,80,37,35,38,16,40,25,35,2026-07-14
Rajasthan,Rajsamand,NR,NR,NR,NR,NR,NR,NR,NR,NR,NR,NR,NR,NR,NR,NR,NR,NR,NR,NR,NR,NR,NR,NR,NR,NR,NR,NR,NR,NR,NR,NR,NR,NR,NR,NR,NR,NR,NR,NR,NR,NR,2026-07-14
Rajasthan,Alwar,57,41,31,34,75,118,117,103,88,49,58,226,176,152,161,179,NR,51,304,26,19,37,36,20,39,48,75,48,91,588,56,76,25,88,52,47,29,15,49,26,36,2026-07-14
Rajasthan,Banswara,NR,NR,NR,NR,NR,NR,NR,NR,NR,NR,NR,NR,NR,NR,NR,NR,NR,NR,NR,NR,NR,NR,NR,NR,NR,NR,NR,NR,NR,NR,NR,NR,NR,NR,NR,NR,NR,NR,NR,NR,NR,2026-07-14
Rajasthan,Baran,40,33,32,35,80,135,120,110,83,42,52,220,209,148,137,154,126,45,352,22,22,24,43,28,33,40,38,46,89,667,57,67,41,90,36,31,34,11,38,30,32,2026-07-14
Rajasthan,Barmer,50,40,33,35,90,130,110,115,85,45,54,187,209,170,193,209,117,53,300,22,20,23,32,28,35,49,60,53,100,879,58,76,52,90,41,25,31,14,42,32,30,2026-07-14
Rajasthan,Bhilwara,53,38,29,37,91,118,110,98,94,42,55,195,175,145,156,175,156,44,286,NR,29,19,25,29,34,41,54,42,76,608,54,68,32,91,37,36,21,18,40,24,20,2026-07-14
Rajasthan,Chhitorgarh,41,40,26,30,80,140,120,106,90,46,56,207,218,165,150,198,146,55,323,21,23,32,60,38,38,46,58,45,76,615,62,74,48,85,42,37,34,20,45,45,42,2026-07-14
Rajasthan,Churu,45,35,30,33,85,115,110,100,90,45,44,NR,NR,NR,NR,NR,NR,50,280,20,18,25,55,24,32,40,50,40,90,747,80,72,25,NR,50,NR,35,NR,40,30,30,2026-07-14
Rajasthan,Dholapur,41,40,30,34,81,131,129,111,90,48,60,255,189,168,179,NR,NR,57,257,20,28,40,40,26,NR,39,NR,41,90,655,60,105,28,82,39,32,28,16,48,48,48,2026-07-14
Rajasthan,Dungarpur,NR,NR,NR,NR,NR,NR,NR,NR,NR,NR,NR,NR,NR,NR,NR,NR,NR,NR,NR,NR,NR,NR,NR,NR,NR,NR,NR,NR,NR,NR,NR,NR,NR,NR,NR,NR,NR,NR,NR,NR,NR,2026-07-14
Rajasthan,Hanumangarh,NR,NR,NR,NR,NR,NR,NR,NR,NR,NR,NR,NR,NR,NR,NR,NR,NR,NR,NR,NR,NR,NR,NR,NR,NR,NR,NR,NR,NR,NR,NR,NR,NR,NR,NR,NR,NR,NR,NR,NR,NR,2026-07-14
Rajasthan,Jaisalmer,NR,NR,NR,NR,NR,NR,NR,NR,NR,NR,NR,NR,NR,NR,NR,NR,NR,NR,NR,NR,NR,NR,NR,NR,NR,NR,NR,NR,NR,NR,NR,NR,NR,NR,NR,NR,NR,NR,NR,NR,NR,2026-07-14
Rajasthan,Jalore,61,NR,34,36,88,139,137,118,87,48,60,231,207,156,181,205,NR,65,268,18,27,40,70,31,40,44,120,53,100,610,60,84,43,95,47,39,33,17,50,44,49,2026-07-14
Rajasthan,Jhalawar,42,45,25,32,85,129,118,104,88,44,59,188,176,NR,NR,NR,NR,52,298,19,25,22,35,30,34,41,50,42,85,703,58,80,31,81,30,39,32,17,38,21,34,2026-07-14
Rajasthan,Jhunjhunu,NR,NR,NR,NR,NR,NR,NR,NR,NR,NR,NR,NR,NR,NR,NR,NR,NR,NR,NR,NR,NR,NR,NR,NR,NR,NR,NR,NR,NR,NR,NR,NR,NR,NR,NR,NR,NR,NR,NR,NR,NR,2026-07-14
Rajasthan,Karauli,49,38,27,32,98,137,124,111,98,44,52,210,198,190,185,230,185,44,342,20,20,40,43,29,NR,53,48,55,113,632,64,89,39,95,37,46,22,19,40,22,39,2026-07-14
Rajasthan,Nagaur,43,34,33,43,95,125,105,93,92,43,54,157,161,163,162,161,144,43,311,18,19,31,23,32,32,34,NR,46,94,742,NR,105,NR,102,NR,36,26,24,36,21,26,2026-07-14
Rajasthan,Pali,55,30,33,33,91,128,128,90,74,44,56,201,167,168,163,162,123,43,234,24,30,25,33,29,39,38,35,47,102,507,62,68,52,85,57,35,26,21,41,37,25,2026-07-14
Rajasthan,RJ-Pratapgarh,42,33,29,33,71,114,117,110,82,44,47,212,178,154,154,NR,NR,48,300,19,20,30,39,34,37,43,NR,43,103,659,60,63,39,70,46,36,25,15,40,36,47,2026-07-14
Rajasthan,Sikar,45,31,32,35,85,137,117,121,95,45,52,229,198,165,143,165,NR,55,236,29,25,30,30,21,24,50,70,66,102,514,52,63,25,80,31,36,25,16,40,50,48,2026-07-14
Rajasthan,Sirohi,42,40,28,34,74,109,122,100,76,48,52,207,156,NR,159,NR,NR,49,253,17,20,22,38,27,NR,45,NR,47,95,626,59,97,45,87,43,30,31,13,45,30,28,2026-07-14
Rajasthan,Sri Ganganagar,43,35,30,35,89,118,110,110,97,45,52,219,190,170,165,165,148,49,320,15,15,22,40,NR,NR,39,NR,38,91,NR,NR,NR,20,82,29,29,30,29,40,17,30,2026-07-14
Rajasthan,Tonk,56,35,29,36,84,126,115,108,94,49,71,252,207,141,162,177,146,60,283,20,25,30,37,25,46,42,54,55,91,571,67,81,40,96,48,40,33,21,47,32,49,2026-07-14
Rajasthan,Sawai Madhopur,54,34,30,33,81,133,120,115,94,49,59,230,183,157,149,151,NR,58,311,27,20,25,42,26,33,49,52,49,108,622,62,77,36,92,51,49,28,15,48,35,43,2026-07-14
EAST ZONE,EAST ZONE,,,,,,,,,,,,,,,,,,,,,,,,,,,,,,,,,,,,,,,,,,2026-07-14
Bihar,Patna,45,28,28,32,80,116,119,102,79,51,61,NR,188,158,189,199,173,55,312,26,27,38,45,NR,NR,40,NR,40,100,604,56,84,35,85,40,40,25,15,40,20,36,2026-07-14
Bihar,Bhagalpur,NR,NR,NR,NR,NR,NR,NR,NR,NR,NR,NR,NR,NR,NR,NR,NR,NR,NR,NR,NR,NR,NR,NR,NR,NR,NR,NR,NR,NR,NR,NR,NR,NR,NR,NR,NR,NR,NR,NR,NR,NR,2026-07-14
Bihar,Purnia,38,NR,32,34,71,111,116,101,79,49,59,NR,192,152,187,NR,163,54,324,18,13,26,39,68,58,38,58,47,108,743,53,88,40,118,38,40,28,14,50,28,23,2026-07-14
Bihar,Darbhanga,40,NR,30,40,79,100,119,106,86,44,57,NR,196,185,163,NR,119,54,193,28,14,33,39,54,54,33,43,35,108,681,60,84,40,89,34,38,28,19,59,35,40,2026-07-14
Bihar,Gaya,33,25,27,38,82,123,109,109,81,45,60,NR,201,169,145,150,120,57,340,25,19,28,33,NR,NR,35,NR,39,110,680,59,89,30,84,33,37,23,16,48,28,27,2026-07-14
Bihar,Muzzafarpur,39,25,28,33,82,122,124,109,81,47,61,NR,192,158,160,215,126,45,294,23,16,31,37,47,44,39,49,36,99,601,55,83,29,84,37,36,24,15,46,27,25,2026-07-14
Bihar,Saran,45,27,25,37,80,113,108,108,81,49,60,NR,202,201,200,213,NR,53,304,27,16,34,36,42,63,38,62,38,108,740,61,73,43,82,36,35,28,16,42,23,27,2026-07-14
Bihar,Munger,36,NR,27,32,91,131,108,118,79,47,61,NR,187,183,185,181,163,48,257,28,14,30,23,NR,NR,34,NR,40,100,584,60,79,29,92,46,40,39,16,50,20,31,2026-07-14
Bihar,Saharsa,48,NR,27,29,77,113,115,110,75,47,61,NR,188,NR,190,NR,NR,50,280,29,11,22,27,NR,NR,39,NR,37,93,710,55,74,40,95,52,47,37,11,40,28,29,2026-07-14
Bihar,Madhubani,37,21,30,35,84,125,109,99,83,47,55,206,166,161,156,173,128,47,280,28,21,25,27,NR,NR,33,48,35,101,615,57,71,32,82,32,31,23,12,50,26,27,2026-07-14
Bihar,Rohtas (Sasaram),38,24,36,39,79,112,116,87,80,52,69,196,203,161,191,232,176,62,236,34,19,37,39,44,57,33,54,35,94,754,58,84,41,85,41,30,26,14,63,36,45,2026-07-14
Bihar,Motihari,NR,NR,NR,NR,NR,NR,NR,NR,NR,NR,NR,NR,NR,NR,NR,NR,NR,NR,NR,NR,NR,NR,NR,NR,NR,NR,NR,NR,NR,NR,NR,NR,NR,NR,NR,NR,NR,NR,NR,NR,NR,2026-07-14
Bihar,Samastipur,45,23,25,35,82,112,116,115,80,45,58,NR,189,137,132,NR,133,52,317,30,12,30,44,30,39,38,73,47,97,713,67,92,39,83,32,74,25,10,40,27,27,2026-07-14
Bihar,Katihar,47,30,29,29,69,117,127,97,76,46,61,NR,181,NR,152,170,NR,56,311,19,15,29,33,NR,NR,33,NR,31,107,668,63,77,33,89,42,49,25,12,NR,25,26,2026-07-14
Bihar,Araria,37,NR,30,36,74,124,129,114,84,49,61,275,191,165,143,192,131,57,335,30,17,34,53,50,50,39,82,39,100,626,61,71,50,81,44,34,25,11,58,27,27,2026-07-14
Bihar,Nawada,31,19,26,33,79,133,128,113,79,49,59,NR,194,NR,181,NR,130,54,222,28,14,34,55,39,35,32,51,35,102,722,58,63,57,81,35,31,22,11,63,23,22,2026-07-14
Bihar,Khagaria,44,25,28,34,80,103,123,112,84,47,42,NR,189,151,170,NR,170,42,377,28,15,21,53,NR,NR,40,NR,40,115,611,50,78,32,90,26,50,30,16,32,20,40,2026-07-14
Bihar,Banka,37,19,27,36,80,120,112,106,75,48,57,NR,203,164,170,192,127,52,280,13,15,28,42,40,39,36,NR,39,99,640,52,80,42,80,36,40,30,10,40,30,33,2026-07-14
Bihar,Arwal,38,26,25,35,81,130,130,97,85,48,59,NR,211,165,173,187,143,56,232,28,24,26,45,NR,NR,35,NR,37,93,748,58,83,39,80,33,35,25,19,48,27,32,2026-07-14
Bihar,Aurangabad,32,24,29,33,81,122,122,90,79,47,55,220,198,188,154,156,119,56,210,24,17,37,55,50,NR,35,NR,38,102,769,58,79,44,84,36,33,30,17,52,21,25,2026-07-14
Bihar,Begusarai,36,36,30,35,77,117,117,107,77,48,60,246,188,158,144,188,123,55,266,28,12,21,38,52,42,35,52,37,108,623,58,78,39,96,34,32,20,17,35,34,42,2026-07-14
Bihar,Bhojpur Ara,44,19,28,31,76,116,119,109,81,48,57,243,180,155,150,185,NR,55,353,30,21,32,39,NR,NR,35,NR,37,104,681,60,84,42,84,50,40,25,10,47,45,35,2026-07-14
Bihar,Buxar,31,23,26,33,84,120,117,119,84,47,62,202,195,173,169,198,124,59,258,29,16,34,30,35,53,34,71,37,90,773,49,95,31,87,46,34,28,17,42,47,37,2026-07-14
Bihar,Gopalganj,NR,NR,NR,NR,NR,NR,NR,NR,NR,NR,NR,NR,NR,NR,NR,NR,NR,NR,NR,NR,NR,NR,NR,NR,NR,NR,NR,NR,NR,NR,NR,NR,NR,NR,NR,NR,NR,NR,NR,NR,NR,2026-07-14
Bihar,Jamui,NR,NR,NR,NR,NR,NR,NR,NR,NR,NR,NR,NR,NR,NR,NR,NR,NR,NR,NR,NR,NR,NR,NR,NR,NR,NR,NR,NR,NR,NR,NR,NR,NR,NR,NR,NR,NR,NR,NR,NR,NR,2026-07-14
Bihar,Jehanabad,31,23,29,34,79,123,118,112,78,46,56,NR,207,179,185,NR,NR,55,243,29,14,28,42,NR,NR,39,NR,41,91,665,57,100,25,82,43,43,22,13,57,24,30,2026-07-14
Bihar,Kaimur,38,18,26,32,79,117,117,114,79,49,60,NR,194,174,167,193,130,52,212,20,12,38,32,32,31,34,NR,39,88,714,60,85,38,82,33,33,27,15,53,26,28,2026-07-14
Bihar,Kishanganj,35,23,30,36,80,125,130,113,90,45,60,187,173,170,159,203,132,60,300,25,20,30,52,40,55,40,80,45,95,626,60,76,50,90,40,33,24,16,60,33,33,2026-07-14
Bihar,Lakhisarai,40,25,30,40,83,113,120,118,88,49,59,NR,199,167,170,NR,156,53,298,27,16,32,47,50,60,45,44,40,110,754,60,96,37,85,35,40,27,15,40,23,23,2026-07-14
Bihar,Medhepura,39,NR,32,36,72,114,124,92,75,48,58,NR,196,156,191,188,134,44,282,22,15,33,58,NR,NR,36,NR,35,90,722,58,108,49,89,36,36,28,15,45,29,30,2026-07-14
Bihar,Nalanda,31,19,29,33,73,113,115,105,75,45,63,NR,202,179,164,189,NR,53,320,30,18,24,36,60,59,33,61,36,87,672,57,86,34,79,28,33,20,15,50,31,21,2026-07-14
Bihar,Sheikhpura,35,26,28,39,88,115,108,110,82,46,56,NR,223,181,204,202,165,54,285,27,18,25,40,NR,NR,NR,NR,NR,NR,NR,NR,NR,NR,NR,NR,NR,NR,NR,NR,NR,NR,2026-07-14
Bihar,Sheohar,46,27,29,36,83,122,120,102,77,49,59,171,207,161,169,201,122,54,232,26,17,33,37,50,54,38,40,40,112,725,59,77,28,81,34,37,24,15,55,28,25,2026-07-14
Bihar,Sitamarhi,34,21,25,29,76,123,126,108,83,46,58,NR,185,176,163,170,130,56,233,29,21,31,28,53,53,33,48,33,108,794,59,94,38,79,37,35,25,13,43,23,28,2026-07-14
Bihar,Siwan,33,25,25,29,70,110,95,86,73,46,57,264,189,181,185,193,165,50,202,26,12,28,31,47,44,31,49,32,88,709,61,66,29,80,34,41,29,14,51,25,26,2026-07-14
Bihar,Supaul,35,26,26,32,76,115,112,100,77,47,55,NR,185,161,184,NR,177,60,NR,11,12,21,43,NR,NR,35,NR,35,122,576,54,90,31,79,NR,56,35,15,55,26,23,2026-07-14
Bihar,Vaishali,35,25,26,30,75,114,117,100,75,48,53,209,181,148,187,209,159,59,207,29,15,35,40,49,49,33,42,37,90,769,55,84,40,80,33,32,25,13,37,45,30,2026-07-14
Bihar,West Champaran,37,27,29,35,82,116,117,109,83,45,56,202,186,175,153,176,NR,47,260,20,22,28,47,35,41,33,45,39,105,567,54,76,39,90,47,50,27,17,47,24,21,2026-07-14
Jharkhand,Ranchi,NR,NR,NR,NR,NR,NR,NR,NR,NR,NR,NR,NR,NR,NR,NR,NR,NR,NR,NR,NR,NR,NR,NR,NR,NR,NR,NR,NR,NR,NR,NR,NR,NR,NR,NR,NR,NR,NR,NR,NR,NR,2026-07-14
Jharkhand,Gumla,40,NR,27,36,82,108,106,90,83,48,55,209,195,187,137,154,121,53,NR,15,16,25,40,34,68,35,50,42,100,676,63,78,55,90,40,30,23,15,50,28,38,2026-07-14
Jharkhand,Sahibganj,35,25,29,34,90,125,137,110,85,48,60,192,203,190,187,189,143,80,347,20,15,40,60,56,48,45,63,60,100,604,60,80,42,90,55,36,33,14,43,40,40,2026-07-14
Jharkhand,Bokaro,37,30,35,37,86,132,114,110,83,48,57,NR,182,170,164,182,144,56,322,28,23,27,35,NR,NR,33,NR,40,100,709,57,89,43,81,28,41,25,13,60,NR,NR,2026-07-14
Jharkhand,Lohardaga,37,27,31,36,85,102,125,110,80,45,61,NR,147,130,135,167,116,44,203,26,20,25,20,NR,NR,38,32,40,90,674,56,73,25,80,42,30,27,11,38,41,23,2026-07-14
Jharkhand,Simdega,42,25,32,40,88,120,115,100,85,50,64,181,187,152,164,154,149,48,249,22,20,25,30,43,NR,45,60,46,98,665,61,79,40,90,39,36,26,22,45,25,42,2026-07-14
Jharkhand,Dhanbad,39,30,34,36,78,119,119,111,80,49,59,251,207,161,164,187,139,58,245,28,15,36,42,38,50,37,53,45,93,769,57,91,45,89,42,39,34,18,51,48,40,2026-07-14
Jharkhand,Jamshedpur (East Singbhum),NR,NR,NR,NR,NR,NR,NR,NR,NR,NR,NR,NR,NR,NR,NR,NR,NR,NR,NR,NR,NR,NR,NR,NR,NR,NR,NR,NR,NR,NR,NR,NR,NR,NR,NR,NR,NR,NR,NR,NR,NR,2026-07-14
Jharkhand,Giridhi,34,20,33,36,81,109,102,105,75,44,55,NR,198,169,166,190,120,49,300,19,22,32,42,40,35,42,39,45,87,637,60,84,55,99,29,40,25,16,51,35,47,2026-07-14
Jharkhand,Seraikella,35,27,31,40,78,123,114,105,75,48,60,188,179,155,158,166,122,53,207,28,15,21,35,37,NR,44,NR,44,92,600,60,76,32,80,33,31,25,15,50,28,35,2026-07-14
Jharkhand,West Singhbhum,37,NR,30,36,82,124,118,110,79,49,60,206,206,195,173,201,141,57,234,28,16,25,31,40,49,35,48,36,93,646,61,88,43,81,32,34,25,12,54,36,37,2026-07-14
Jharkhand,Daltonganj,38,26,27,37,81,104,118,102,81,46,58,NR,188,154,164,NR,135,60,297,30,20,40,41,NR,NR,47,62,48,117,693,69,96,52,97,40,41,26,18,40,52,41,2026-07-14
Jharkhand,Deoghar,40,18,32,35,80,110,120,110,100,48,60,176,186,176,148,176,132,60,300,25,15,30,40,50,50,40,60,50,90,769,60,90,30,80,40,35,25,15,40,40,40,2026-07-14
Jharkhand,Ramgarh,40,23,37,39,NR,127,118,102,79,49,58,NR,186,159,184,199,157,46,279,25,23,27,39,NR,NR,31,NR,40,108,615,58,77,29,83,28,30,25,12,42,17,25,2026-07-14
Jharkhand,Pakur,36,26,38,41,81,130,120,93,80,49,63,209,198,176,165,198,154,67,347,20,15,33,50,34,41,47,51,60,100,637,58,90,47,94,40,34,30,15,50,50,30,2026-07-14
Jharkhand,Jamtara,47,24,27,34,83,122,118,106,86,52,62,269,200,160,179,190,163,62,287,29,14,37,43,57,77,32,57,56,86,734,57,87,32,83,45,31,30,18,57,46,49,2026-07-14
Jharkhand,Latehar,42,25,28,38,82,125,124,108,80,51,60,175,193,157,159,NR,122,51,188,30,26,26,39,NR,NR,35,NR,53,106,728,61,87,36,81,44,45,29,10,43,26,25,2026-07-14
Jharkhand,Godda,40,26,30,39,80,120,120,103,82,48,64,198,196,165,165,187,132,50,400,29,15,40,43,NR,NR,40,NR,47,97,709,61,92,40,100,37,35,25,15,60,40,38,2026-07-14
Jharkhand,Koderma,40,25,32,35,87,115,120,102,80,48,63,194,197,154,168,192,126,60,197,28,20,35,45,NR,NR,37,NR,38,90,710,59,99,36,90,43,39,25,14,62,45,50,2026-07-14
Odisha,Bhubaneshwar,42,34,36,46,80,110,120,110,80,50,58,NR,203,148,NR,193,165,65,230,30,17,38,30,NR,NR,36,45,38,90,NR,NR,78,40,90,30,35,25,12,50,60,NR,2026-07-14
Odisha,Cuttack,40,31,37,46,79,111,115,110,79,53,58,NR,202,148,NR,193,168,59,257,30,15,38,33,41,44,37,55,39,93,740,57,86,43,91,41,35,27,15,58,58,58,2026-07-14
Odisha,Sambalpur,40,30,36,45,80,110,115,100,78,52,58,NR,204,143,NR,193,169,55,240,30,15,35,30,40,40,35,60,36,90,758,NR,84,30,90,43,35,30,16,60,45,50,2026-07-14
Odisha,Rourkela,36,27,35,38,77,116,116,99,77,49,58,NR,202,144,169,197,168,61,190,28,16,34,35,35,36,38,44,39,91,529,56,84,37,88,45,33,30,15,47,48,57,2026-07-14
Odisha,Berhampur,44,31,35,37,80,118,108,100,72,50,58,NR,226,165,NR,198,170,55,245,21,20,34,28,NR,NR,38,49,50,85,690,53,80,60,84,42,45,29,14,46,48,43,2026-07-14
Odisha,Jeypore,45,35,38,35,82,110,120,102,82,50,58,181,203,156,NR,202,169,55,240,29,16,36,30,40,40,38,45,42,80,813,65,75,50,75,35,35,25,12,50,52,58,2026-07-14
Odisha,Balasore,38,27,41,45,78,115,109,96,75,51,58,NR,197,176,NR,191,168,59,240,28,14,37,38,NR,NR,42,NR,43,93,617,56,66,30,93,41,40,28,11,45,36,44,2026-07-14
Odisha,Baripada,38,27,32,42,79,115,111,97,79,49,58,NR,191,170,NR,197,168,60,239,28,15,34,38,35,NR,51,48,51,91,706,57,84,42,101,43,36,31,14,55,50,45,2026-07-14
Odisha,Balangir,32,26,37,37,80,118,114,92,80,46,58,NR,207,143,NR,193,170,60,NR,30,17,35,30,NR,NR,38,NR,45,100,769,57,96,53,88,40,35,30,18,40,50,50,2026-07-14
Odisha,Angul,37,NR,NR,50,88,133,113,122,88,49,61,NR,198,176,NR,198,NR,59,NR,30,19,40,30,43,55,57,50,58,112,NR,61,96,40,83,57,35,30,15,60,50,38,2026-07-14
Odisha,Boudhgarh,32,NR,40,44,78,120,104,95,85,45,55,NR,192,132,NR,176,136,51,NR,27,16,35,40,NR,NR,36,50,43,75,656,57,84,40,95,38,32,26,14,40,25,39,2026-07-14
Odisha,Dhenkanal,36,31,35,40,79,115,105,100,75,48,58,NR,203,148,NR,196,148,60,280,29,15,38,40,50,NR,39,50,40,90,710,58,84,40,83,40,30,20,12,50,40,45,2026-07-14
Odisha,Jagatsinghpur,40,35,40,42,80,120,100,107,85,50,58,NR,198,187,NR,187,126,60,240,30,15,38,40,NR,NR,38,NR,42,102,NR,58,90,50,84,40,32,21,16,60,60,57,2026-07-14
Odisha,Kandhamal,NR,NR,NR,NR,NR,NR,NR,NR,NR,NR,NR,NR,NR,NR,NR,NR,NR,NR,NR,NR,NR,NR,NR,NR,NR,NR,NR,NR,NR,NR,NR,NR,NR,NR,NR,NR,NR,NR,NR,NR,NR,2026-07-14
Odisha,Keonjhar,39,31,40,51,80,120,116,110,77,48,58,NR,193,137,NR,187,126,59,NR,30,14,35,50,40,40,40,50,43,105,736,58,96,37,90,40,35,25,15,50,53,50,2026-07-14
Odisha,Malkangiri,43,NR,35,40,86,113,117,108,79,45,55,NR,198,154,155,178,137,55,376,22,19,22,22,NR,NR,38,33,39,79,769,56,72,30,80,34,41,22,14,50,30,38,2026-07-14
Odisha,Nabarangpur,NR,NR,NR,NR,NR,NR,NR,NR,NR,NR,NR,NR,NR,NR,NR,NR,NR,NR,NR,NR,NR,NR,NR,40,50,40,50,40,110,736,60,84,30,100,30,40,25,20,60,24,40,2026-07-14
Odisha,Nayagarh,40,NR,NR,43,83,117,120,113,85,46,54,NR,205,176,NR,193,167,63,NR,27,16,36,40,NR,NR,38,44,42,85,687,58,84,45,85,34,41,24,14,48,38,42,2026-07-14
Odisha,Nuapada,NR,NR,NR,NR,NR,NR,NR,NR,NR,NR,NR,NR,NR,NR,NR,NR,NR,NR,NR,NR,NR,NR,NR,NR,NR,NR,NR,NR,NR,NR,NR,NR,NR,NR,NR,NR,NR,NR,NR,NR,NR,2026-07-14
Odisha,Paralakhemundi Gajapati,49,38,40,42,78,115,115,107,78,46,NR,198,201,159,154,176,144,51,317,23,20,30,40,55,60,42,59,38,65,773,60,84,40,90,49,42,30,14,58,40,41,2026-07-14
Odisha,Puri,40,32,NR,43,81,116,114,105,85,47,59,NR,200,162,NR,191,148,58,271,26,16,36,38,NR,NR,40,NR,45,95,678,58,78,43,85,39,38,26,15,49,28,38,2026-07-14
Odisha,Rayagada,45,NR,41,50,85,120,120,111,80,50,60,209,203,150,NR,198,140,60,NR,30,19,38,30,NR,NR,45,40,49,80,690,58,90,40,82,34,35,24,13,50,35,43,2026-07-14
Odisha,Sonepur,36,NR,NR,43,82,130,115,105,80,48,55,NR,201,154,NR,197,124,59,NR,10,16,32,40,NR,NR,43,NR,50,96,776,57,84,34,100,52,31,30,20,45,53,50,2026-07-14
Odisha,Bhadrak,34,25,NR,41,85,120,112,120,81,49,65,NR,216,178,NR,196,154,60,333,28,14,34,33,44,NR,37,63,40,83,769,58,90,50,81,40,30,26,15,48,50,47,2026-07-14
Odisha,Jharsuguda,40,NR,44,40,80,120,112,100,75,48,58,NR,209,143,148,187,126,57,NR,30,20,30,40,39,44,44,58,46,100,692,60,90,40,90,38,34,27,19,45,30,40,2026-07-14
Odisha,Kendrapara,39,32,38,45,85,120,104,110,85,46,55,NR,200,145,NR,191,157,55,279,28,15,33,38,NR,NR,43,57,44,87,699,61,80,37,83,28,38,24,15,54,18,38,2026-07-14
Odisha,Jajpur,34,31,40,49,77,121,105,106,81,45,56,NR,198,184,NR,191,121,55,NR,29,16,33,30,NR,NR,35,NR,46,100,659,54,96,48,85,39,29,23,13,51,46,42,2026-07-14
Odisha,Kalahandi,42,30,37,49,85,120,118,110,86,47,54,NR,203,163,NR,186,133,54,430,30,19,30,38,NR,NR,40,37,50,101,753,NR,72,37,84,37,33,29,13,40,26,43,2026-07-14
West Bengal,Kolkata,52,NR,NR,38,84,121,132,118,118,50,59,NR,196,178,159,191,123,70,277,30,16,38,50,NR,NR,38,NR,44,100,747,63,102,57,83,42,29,31,20,60,53,45,2026-07-14
West Bengal,Siliguri,44,NR,31,41,85,124,126,120,118,46,59,NR,190,NR,154,176,NR,68,227,17,16,34,50,NR,NR,39,NR,54,95,718,59,84,47,85,39,35,22,17,48,34,40,2026-07-14
West Bengal,Purulia,37,NR,NR,35,84,122,121,113,98,47,61,NR,190,155,145,182,NR,57,282,27,12,37,47,NR,NR,37,NR,58,96,679,59,89,45,81,29,41,31,15,38,42,45,2026-07-14
West Bengal,Kharagpur,55,NR,33,37,80,127,122,108,105,54,61,199,203,NR,141,192,121,56,278,30,16,37,47,NR,NR,37,NR,39,107,703,57,100,35,90,37,41,29,18,58,70,72,2026-07-14
West Bengal,Rampurhat,50,NR,33,45,85,123,126,119,115,45,57,NR,188,159,158,177,129,55,300,25,13,32,45,NR,NR,41,NR,51,81,690,63,84,44,92,39,35,35,16,39,35,40,2026-07-14
West Bengal,Malda,51,NR,30,41,103,138,122,120,117,50,60,NR,206,NR,154,196,130,65,317,20,16,30,30,NR,NR,40,NR,64,98,593,63,80,29,94,38,31,30,16,60,27,33,2026-07-14
West Bengal,Raiganj,60,29,29,46,122,132,140,112,132,47,61,158,196,151,169,214,135,61,297,15,13,35,40,NR,NR,35,NR,57,113,659,60,93,52,120,50,30,30,15,62,50,50,2026-07-14
West Bengal,Alipurduar,45,NR,NR,48,90,123,124,113,121,50,66,NR,199,NR,170,186,135,60,243,10,11,35,35,NR,NR,42,NR,45,81,652,60,84,33,95,35,35,25,15,49,24,35,2026-07-14
West Bengal,Asansol,52,NR,NR,36,85,124,121,120,100,49,68,NR,191,153,159,187,120,59,298,30,16,39,50,NR,NR,37,NR,47,99,809,60,94,53,93,47,36,30,15,43,43,45,2026-07-14
West Bengal,Balurghat,50,30,26,38,83,122,123,108,101,49,72,NR,190,NR,151,173,138,46,351,28,16,22,39,NR,NR,51,NR,57,100,695,57,91,40,100,40,31,30,15,60,35,41,2026-07-14
West Bengal,Bankura,37,NR,NR,35,91,122,122,117,112,48,62,NR,195,NR,146,181,133,61,299,28,13,32,50,NR,NR,36,NR,61,94,614,59,92,47,85,33,37,29,15,46,43,50,2026-07-14
West Bengal,Barasat,54,NR,NR,37,90,122,119,121,115,50,57,NR,196,169,162,175,138,65,350,29,15,33,55,NR,NR,38,NR,57,71,635,60,88,65,89,39,34,26,17,45,45,50,2026-07-14
West Bengal,Bardhaman,51,29,NR,38,89,120,128,119,109,50,58,237,193,159,143,192,139,68,320,29,13,35,38,NR,NR,37,NR,45,93,766,61,96,47,90,50,30,29,15,63,42,39,2026-07-14
West Bengal,Baruipur,45,34,NR,42,86,130,120,120,105,47,59,NR,202,199,184,187,NR,57,270,28,24,37,50,NR,NR,40,NR,46,102,729,60,96,47,81,42,35,27,15,44,43,43,2026-07-14
West Bengal,Berhampore,45,23,25,40,83,122,112,113,107,50,63,NR,187,151,170,196,169,54,303,25,15,34,41,NR,NR,41,NR,61,72,606,60,90,28,98,35,29,27,15,37,58,50,2026-07-14
West Bengal,Chinsurah,54,NR,NR,38,89,121,128,121,117,49,60,NR,189,152,148,181,NR,62,305,28,NR,29,35,NR,NR,36,NR,56,86,621,58,91,45,90,37,36,29,15,56,44,46,2026-07-14
West Bengal,Cooch behar,50,NR,NR,43,95,120,117,122,128,51,55,NR,203,150,176,172,174,68,287,30,14,32,37,NR,NR,41,NR,50,93,725,60,94,33,88,40,35,30,15,68,38,38,2026-07-14
West Bengal,Howrah,56,NR,NR,37,91,125,121,117,112,49,63,NR,192,190,173,200,NR,64,270,29,19,42,47,NR,NR,NR,NR,56,105,727,61,86,58,102,35,35,32,15,55,43,48,2026-07-14
West Bengal,Jalapiguri,39,NR,NR,47,88,134,130,111,113,53,81,NR,199,145,167,201,148,68,300,30,15,38,58,NR,NR,38,NR,60,89,688,61,72,53,93,47,34,30,15,71,50,48,2026-07-14
West Bengal,Jhargram,41,NR,NR,39,88,126,127,116,112,50,61,NR,189,145,142,177,NR,59,289,28,11,32,42,NR,NR,38,NR,58,90,678,59,86,42,85,36,37,27,15,46,39,44,2026-07-14
West Bengal,Kalimpong,NR,NR,NR,NR,NR,NR,NR,NR,NR,NR,NR,NR,NR,NR,NR,NR,NR,NR,NR,NR,NR,NR,NR,NR,NR,NR,NR,NR,NR,NR,NR,NR,NR,NR,NR,NR,NR,NR,NR,NR,NR,2026-07-14
West Bengal,Krishnagar,54,NR,NR,39,94,124,119,127,116,50,58,NR,196,NR,157,179,NR,59,387,29,15,32,47,NR,NR,38,NR,57,80,613,59,84,52,97,37,33,29,17,46,33,48,2026-07-14
West Bengal,Tamluk,39,28,NR,37,88,123,119,120,122,49,59,NR,186,NR,158,186,NR,58,307,28,15,37,60,NR,NR,39,NR,60,88,718,59,94,62,92,48,33,29,14,48,52,53,2026-07-14
NORTH EAST ZONE,NORTH EAST ZONE,,,,,,,,,,,,,,,,,,,,,,,,,,,,,,,,,,,,,,,,,,2026-07-14
Andaman and Nicobar,Port Blair,58,NR,NR,60,98,138,133,120,100,54,72,NR,220,209,NR,187,176,76,330,23,40,50,107,52,58,62,85,90,137,747,59,96,157,97,50,45,35,15,80,65,60,2026-07-14
Andaman and Nicobar,Mayabunder,53,NR,NR,70,99,139,142,121,100,59,76,306,211,229,NR,194,178,75,367,20,55,60,130,NR,NR,64,92,92,142,872,61,120,140,97,49,35,37,15,40,100,90,2026-07-14
Andaman and Nicobar,Car Nicobar,54,NR,NR,71,122,154,155,131,101,55,73,279,NR,220,NR,214,148,78,323,20,40,50,90,NR,NR,70,64,82,119,930,60,108,NR,94,43,47,38,22,78,100,100,2026-07-14
Arunachal pradesh,Itanagar,39,37,40,41,96,136,140,122,90,50,74,NR,211,154,157,207,NR,76,400,16,25,40,51,NR,30,42,60,52,92,714,58,90,51,85,60,46,33,17,69,43,56,2026-07-14
Arunachal pradesh,Namsai,NR,NR,NR,NR,NR,NR,NR,NR,NR,NR,NR,NR,NR,NR,NR,NR,NR,NR,NR,NR,NR,NR,NR,NR,NR,NR,NR,NR,NR,NR,NR,NR,NR,NR,NR,NR,NR,NR,NR,NR,NR,2026-07-14
Arunachal pradesh,Pasighat,53,NR,NR,50,93,113,97,93,113,60,80,176,238,172,180,187,NR,90,400,20,20,50,80,NR,NR,50,NR,57,83,723,59,100,60,100,70,78,43,15,60,48,67,2026-07-14
Arunachal pradesh,Tawang,45,NR,45,45,100,NR,140,137,98,57,73,NR,236,182,NR,165,NR,100,340,20,42,50,50,NR,NR,42,NR,53,93,684,57,112,70,98,28,83,30,28,73,31,43,2026-07-14
Arunachal pradesh,Tezu,37,NR,NR,40,90,130,120,120,90,50,70,NR,154,NR,159,NR,NR,100,240,15,20,40,80,NR,NR,40,NR,70,100,824,61,108,50,80,60,40,30,20,40,20,60,2026-07-14
Assam,Guwahati,36,30,33,37,75,111,95,97,81,51,71,216,203,188,176,203,165,60,220,13,17,39,63,NR,NR,45,NR,47,NR,NR,NR,96,48,NR,40,NR,22,19,76,40,40,2026-07-14
Assam,Barpeta,33,23,35,35,79,109,96,100,81,50,74,197,211,139,159,195,163,59,153,10,18,36,47,50,43,36,97,52,83,736,63,94,40,83,34,33,27,18,58,24,25,2026-07-14
Assam,Tinsukia,33,40,32,37,85,125,100,100,85,54,77,NR,220,198,209,198,NR,65,190,10,14,40,50,NR,NR,44,NR,44,95,791,58,104,37,80,45,35,30,20,40,30,50,2026-07-14
Assam,Dhubri,31,25,NR,33,76,130,NR,106,83,51,77,NR,225,158,154,176,126,60,180,12,15,35,50,50,65,35,65,50,110,747,63,96,30,70,30,40,25,15,50,35,30,2026-07-14
Assam,Goalpara,35,25,32,35,85,130,130,109,95,50,63,NR,203,161,165,181,NR,61,212,10,15,41,55,NR,NR,35,NR,53,97,787,63,96,40,95,38,32,31,18,60,35,35,2026-07-14
Assam,Golaghat,47,36,34,42,90,120,90,110,105,53,67,159,209,161,159,174,157,78,240,14,16,38,40,NR,NR,41,NR,59,NR,NR,NR,94,48,71,45,NR,26,16,65,27,43,2026-07-14
Assam,Mangaldai,44,23,33,32,78,107,95,101,84,52,70,NR,193,142,NR,NR,160,60,260,11,17,40,40,NR,NR,35,NR,33,NR,NR,NR,108,33,NR,NR,NR,30,17,65,23,40,2026-07-14
Assam,Mushalpur,39,26,39,37,86,117,109,110,89,51,75,NR,214,149,186,186,134,52,259,10,15,43,59,NR,NR,39,NR,50,81,831,60,100,34,96,29,NR,29,29,57,37,35,2026-07-14
Assam,Udalguri,37,25,NR,37,83,117,96,112,87,49,77,NR,208,NR,160,188,145,58,272,10,11,32,51,NR,NR,39,NR,40,75,687,NR,95,37,80,42,NR,21,13,53,30,40,2026-07-14
Assam,Bajali,34,NR,33,40,87,118,102,113,93,51,78,164,214,NR,159,205,137,67,363,10,17,48,48,NR,NR,36,104,45,85,795,62,100,38,87,61,60,32,25,70,37,40,2026-07-14
Assam,Hojai,34,29,NR,40,80,111,98,94,80,51,62,NR,198,148,149,184,161,67,260,12,15,32,45,NR,NR,39,NR,42,70,670,59,NR,40,77,33,40,28,11,40,30,40,2026-07-14
Assam,Jorhat,40,34,36,40,82,111,115,103,100,52,78,181,207,160,159,160,132,60,208,12,18,40,60,NR,NR,55,NR,54,78,714,NR,103,40,80,42,42,30,12,60,20,40,2026-07-14
Assam,Bongaigaon,43,NR,NR,35,83,118,97,110,90,47,70,NR,184,152,150,165,NR,60,322,10,15,28,40,NR,NR,37,NR,60,76,NR,NR,90,32,NR,40,NR,30,18,55,20,40,2026-07-14
Assam,Morigaon,40,30,40,40,83,129,120,110,100,50,67,195,190,159,154,159,137,60,233,10,15,35,55,50,NR,40,NR,50,105,725,60,90,46,80,45,37,25,15,70,25,45,2026-07-14
Assam,Sonari,41,32,43,42,98,122,NR,110,98,50,78,NR,214,NR,176,NR,NR,75,220,13,15,32,60,NR,NR,39,NR,60,90,NR,NR,96,45,80,43,42,30,15,59,18,40,2026-07-14
Assam,Tamulpur,36,26,39,39,85,127,110,111,89,52,77,NR,195,152,175,NR,160,70,270,10,15,40,50,NR,NR,39,NR,40,76,710,NR,96,40,NR,NR,NR,29,12,50,37,40,2026-07-14
Assam,Sivasagar,45,44,40,50,87,114,113,117,110,49,76,NR,232,208,180,194,161,60,253,11,18,34,77,33,63,55,NR,58,95,681,61,93,40,80,37,56,36,12,50,22,44,2026-07-14
Assam,Biswanath Chariali,NR,NR,NR,NR,NR,NR,NR,NR,NR,NR,NR,NR,NR,NR,NR,NR,NR,NR,NR,NR,NR,NR,NR,NR,NR,NR,NR,NR,NR,NR,NR,NR,NR,NR,NR,NR,NR,NR,NR,NR,NR,2026-07-14
Assam,Dibrugarh,35,28,NR,35,87,127,127,108,101,52,77,NR,211,160,186,216,NR,62,203,12,17,40,38,NR,NR,36,NR,55,89,784,58,101,43,79,52,42,34,14,50,37,42,2026-07-14
Assam,Karimganj,37,NR,NR,39,80,114,122,102,79,51,75,NR,209,NR,171,215,NR,72,238,14,26,38,53,NR,NR,39,NR,65,130,NR,60,104,43,NR,50,NR,29,17,50,42,50,2026-07-14
Assam,Majuli,35,NR,38,40,97,119,92,111,100,51,70,NR,188,NR,159,NR,NR,60,260,15,20,36,46,NR,NR,41,NR,43,112,NR,NR,84,40,70,45,NR,35,15,40,30,40,2026-07-14
Assam,Sonitpur Tezpur,37,26,30,41,85,115,100,110,85,47,69,NR,203,NR,186,211,NR,49,310,10,16,32,50,NR,NR,40,NR,45,80,749,62,84,40,96,50,60,30,17,80,20,40,2026-07-14
Assam,Haflong,34,39,NR,45,90,120,NR,120,90,50,77,NR,180,NR,121,210,NR,80,270,15,20,45,50,NR,NR,45,NR,45,90,679,58,90,40,95,40,32,30,19,80,20,50,2026-07-14
Assam,AS-Lakhimpur,39,NR,NR,38,82,114,102,110,92,49,73,NR,194,161,164,172,NR,58,193,15,14,38,55,NR,NR,40,NR,42,88,613,59,94,52,80,38,53,32,13,48,30,43,2026-07-14
Assam,Diphu,35,27,NR,37,85,115,115,110,87,50,75,NR,203,NR,167,NR,126,92,235,15,18,39,40,45,45,40,65,70,82,687,62,93,20,80,50,35,30,17,67,27,42,2026-07-14
Assam,Nalbari,36,26,NR,40,82,125,95,110,85,50,70,NR,203,145,165,187,126,60,297,10,15,40,50,NR,NR,40,NR,40,80,820,58,90,40,80,43,50,30,15,73,35,22,2026-07-14
Assam,South Salmara Mankachar,39,33,40,38,81,126,NR,115,86,48,75,NR,214,170,159,165,132,65,234,12,23,29,47,79,84,38,NR,65,NR,808,60,83,36,72,45,50,39,20,58,NR,NR,2026-07-14
Assam,Kamrup,39,32,NR,39,79,119,105,106,85,49,75,NR,215,NR,188,203,169,75,219,15,15,35,60,NR,NR,38,NR,45,79,NR,59,98,35,NR,41,40,31,15,55,38,40,2026-07-14
Manipur,Imphal,NR,NR,NR,NR,NR,NR,NR,NR,NR,NR,NR,NR,NR,NR,NR,NR,NR,NR,NR,NR,NR,NR,NR,NR,NR,NR,NR,NR,NR,NR,NR,NR,NR,NR,NR,NR,NR,NR,NR,NR,NR,2026-07-14
Manipur,Chandel,NR,NR,NR,NR,NR,NR,NR,NR,NR,NR,NR,NR,NR,NR,NR,NR,NR,NR,NR,NR,NR,NR,NR,NR,NR,NR,NR,NR,NR,NR,NR,NR,NR,NR,NR,NR,NR,NR,NR,,,2026-07-14
Manipur,Jiribam,NR,NR,NR,NR,NR,NR,NR,NR,NR,NR,NR,NR,NR,NR,NR,NR,NR,NR,NR,NR,NR,NR,NR,NR,NR,NR,NR,NR,NR,NR,NR,NR,NR,NR,NR,NR,NR,NR,NR,NR,NR,2026-07-14
Manipur,Kangpokpi,53,NR,NR,45,100,147,NR,140,100,55,77,NR,NR,NR,176,176,NR,NR,273,15,30,47,100,NR,NR,45,NR,40,97,753,60,96,NR,120,45,52,44,20,50,NR,NR,2026-07-14
Manipur,Senapati,NR,NR,NR,NR,NR,NR,NR,NR,NR,NR,NR,NR,NR,NR,NR,NR,NR,NR,NR,NR,NR,NR,NR,NR,NR,NR,NR,NR,NR,NR,NR,NR,NR,NR,NR,NR,NR,NR,NR,NR,NR,2026-07-14
Manipur,Tamenglong,NR,NR,NR,NR,NR,NR,NR,NR,NR,NR,NR,NR,NR,NR,NR,NR,NR,NR,NR,NR,NR,NR,NR,NR,NR,NR,NR,NR,NR,NR,NR,NR,NR,NR,NR,NR,NR,NR,NR,,,2026-07-14
Manipur,Thoubal,NR,NR,NR,NR,NR,NR,NR,NR,NR,NR,NR,NR,NR,NR,NR,NR,NR,NR,NR,NR,NR,NR,NR,NR,NR,NR,NR,NR,NR,NR,NR,NR,NR,NR,NR,NR,NR,NR,NR,NR,NR,2026-07-14
Manipur,Ukhrul,NR,NR,NR,NR,NR,NR,NR,NR,NR,NR,NR,NR,NR,NR,NR,NR,NR,NR,NR,NR,NR,NR,NR,NR,NR,NR,NR,NR,NR,NR,NR,NR,NR,NR,NR,NR,NR,NR,NR,NR,NR,2026-07-14
Manipur,Churachandpur,NR,NR,NR,NR,NR,NR,NR,NR,NR,NR,NR,NR,NR,NR,NR,NR,NR,NR,NR,NR,NR,NR,NR,NR,NR,NR,NR,NR,NR,NR,NR,NR,NR,NR,NR,NR,NR,NR,NR,NR,NR,2026-07-14
Manipur,Kakching,NR,NR,NR,NR,NR,NR,NR,NR,NR,NR,NR,NR,NR,NR,NR,NR,NR,NR,NR,NR,NR,NR,NR,NR,NR,NR,NR,NR,NR,NR,NR,NR,NR,NR,NR,NR,NR,NR,NR,NR,NR,2026-07-14
Meghalaya,Shillong,36,34,40,39,90,130,130,120,90,49,77,NR,187,183,154,NR,NR,70,320,30,20,47,47,NR,NR,40,NR,40,103,791,60,94,57,80,47,55,28,22,87,28,57,2026-07-14
Meghalaya,Tura,35,NR,NR,40,90,140,NR,120,90,50,76,NR,192,NR,167,203,132,80,293,18,23,40,57,NR,NR,40,NR,60,89,692,59,84,60,83,53,53,30,20,70,30,40,2026-07-14
Meghalaya,Jowai,37,NR,39,39,90,NR,NR,120,87,53,77,NR,154,NR,154,NR,NR,80,360,15,20,43,40,NR,NR,39,NR,39,87,681,63,95,50,80,50,40,30,16,90,30,50,2026-07-14
Meghalaya,Sohra,NR,NR,NR,NR,NR,NR,NR,NR,NR,NR,NR,NR,NR,NR,NR,NR,NR,NR,NR,NR,NR,NR,NR,NR,NR,NR,NR,NR,NR,NR,NR,NR,NR,NR,NR,NR,NR,NR,NR,NR,NR,2026-07-14
Meghalaya,Mairang,39,NR,40,40,NR,NR,NR,120,90,53,77,NR,154,NR,154,NR,NR,NR,380,17,20,50,60,NR,NR,40,NR,40,103,NR,60,110,60,84,50,50,27,17,100,30,60,2026-07-14
Meghalaya,Nongpoh,35,32,NR,39,93,145,NR,122,88,52,76,NR,156,NR,154,NR,NR,70,353,16,20,50,50,NR,NR,39,NR,43,95,703,62,106,50,87,50,57,33,19,73,30,53,2026-07-14
Meghalaya,Khliehriat,43,42,39,39,92,128,NR,115,85,50,76,NR,150,NR,148,NR,NR,NR,313,30,22,47,38,NR,NR,39,NR,44,73,743,59,83,42,77,58,42,32,15,73,25,40,2026-07-14
Meghalaya,Williamnagar,35,NR,40,35,108,148,NR,118,88,50,70,NR,203,NR,174,NR,140,78,318,15,28,39,58,NR,NR,38,NR,62,87,747,57,84,68,80,40,70,20,20,80,20,45,2026-07-14
Meghalaya,Nongstoin,32,NR,41,41,NR,NR,NR,120,95,50,77,NR,165,NR,165,NR,NR,NR,360,15,20,43,50,NR,NR,41,NR,45,97,681,58,94,60,80,54,55,27,16,82,27,47,2026-07-14
Meghalaya,Mawkyrwat,35,NR,40,40,NR,NR,NR,120,85,55,75,NR,165,NR,159,NR,NR,NR,370,16,20,45,45,NR,NR,40,NR,50,100,709,60,90,70,100,60,50,35,25,67,50,67,2026-07-14
Mizoram,Aizawl,50,50,40,50,103,153,130,133,93,55,83,271,260,256,161,244,152,103,520,30,48,45,78,NR,NR,50,NR,70,90,703,60,100,75,90,100,90,60,40,77,27,52,2026-07-14
Mizoram,Lunglei,50,50,40,50,125,180,180,150,110,55,82,NR,240,203,NR,207,132,100,486,30,50,50,100,NR,NR,50,NR,50,115,680,60,100,65,95,75,60,30,20,80,30,70,2026-07-14
Mizoram,Kolasib,53,45,40,45,95,120,140,140,93,55,80,NR,242,NR,143,203,132,100,483,30,30,40,85,NR,40,45,NR,70,120,725,60,90,60,98,100,80,36,35,50,30,70,2026-07-14
Mizoram,Mamit,45,NR,NR,50,128,NR,NR,128,98,53,80,NR,253,NR,132,121,NR,140,433,30,28,53,100,NR,NR,45,NR,97,127,546,65,90,61,127,50,68,50,34,66,48,50,2026-07-14
Mizoram,Champhai,50,49,50,52,100,130,150,140,108,55,85,NR,238,230,150,NR,NR,120,560,30,35,60,80,NR,NR,48,NR,100,160,745,60,108,48,97,100,80,42,20,80,25,60,2026-07-14
Mizoram,Serchhip,45,NR,NR,49,113,NR,NR,130,100,50,85,NR,264,NR,154,NR,143,100,520,30,30,60,100,NR,NR,55,NR,80,160,633,60,96,53,107,80,90,30,23,60,30,65,2026-07-14
Mizoram,Siaha,55,55,NR,50,103,157,138,148,102,55,80,170,253,219,147,NR,110,100,250,30,40,53,117,NR,NR,50,100,95,110,631,60,100,73,80,NR,60,60,40,88,30,70,2026-07-14
Mizoram,Lawngtlai,50,NR,45,50,100,160,140,140,100,50,80,NR,253,NR,143,NR,132,110,480,30,40,60,120,NR,NR,50,NR,80,140,660,60,100,80,100,NR,90,60,40,100,30,70,2026-07-14
Mizoram,Hnahthial,53,NR,45,50,NR,147,150,133,103,52,84,NR,257,NR,154,NR,NR,120,513,30,32,52,100,NR,NR,50,NR,90,140,659,60,96,65,93,NR,90,50,20,75,28,65,2026-07-14
Mizoram,Khawzawl,48,40,40,52,95,130,137,120,100,55,80,NR,216,145,150,NR,132,140,468,30,45,55,90,NR,NR,50,NR,70,120,622,60,98,58,88,NR,63,57,32,73,48,32,2026-07-14
Mizoram,Saitual,50,NR,45,50,107,NR,140,NR,100,55,80,NR,198,NR,152,NR,NR,120,525,30,28,50,80,NR,NR,50,NR,90,100,NR,58,95,80,100,NR,90,50,22,80,30,70,2026-07-14
Nagaland,Kohima,45,30,45,45,110,157,130,130,90,55,77,NR,154,176,165,NR,NR,NR,350,20,30,50,63,NR,NR,45,NR,90,90,714,60,92,50,80,70,60,50,15,80,35,60,2026-07-14
Nagaland,Dimapur,NR,NR,NR,NR,NR,NR,NR,NR,NR,NR,NR,NR,NR,NR,NR,NR,NR,NR,NR,NR,NR,NR,NR,NR,NR,NR,NR,NR,NR,NR,NR,NR,NR,NR,NR,NR,NR,NR,NR,NR,NR,2026-07-14
Nagaland,Tuensang,37,NR,40,55,100,NR,NR,120,100,50,NR,NR,176,NR,200,NR,NR,NR,NR,20,23,40,60,NR,NR,52,NR,50,100,NR,58,92,42,100,35,90,50,30,60,35,70,2026-07-14
Nagaland,Mokochung,48,44,NR,60,100,150,140,120,100,50,74,NR,154,170,165,NR,NR,80,340,15,25,50,50,NR,NR,60,NR,70,120,791,60,80,55,100,70,70,40,20,50,20,60,2026-07-14
Nagaland,Chumukedima,40,NR,NR,36,90,140,148,140,90,50,77,NR,255,211,198,209,NR,80,315,18,30,42,58,NR,NR,40,NR,85,123,652,70,115,37,90,NR,82,37,32,58,34,65,2026-07-14
Nagaland,Mon,40,NR,NR,60,100,NR,NR,125,100,60,70,NR,154,NR,165,NR,NR,80,340,17,20,50,70,NR,NR,60,NR,70,65,NR,60,80,50,NR,NR,65,45,20,50,20,50,2026-07-14
Nagaland,Peren,39,30,45,45,90,NR,NR,120,100,50,70,NR,154,NR,165,NR,NR,120,320,20,25,55,60,NR,NR,55,NR,70,113,651,60,96,37,80,40,70,47,20,88,27,40,2026-07-14
Nagaland,Phek,40,NR,50,50,100,150,140,130,100,50,72,NR,163,NR,165,NR,NR,80,350,20,NR,50,57,NR,NR,50,NR,100,100,630,68,NR,60,100,60,63,56,30,40,20,50,2026-07-14
Nagaland,Tseminyu,50,40,NR,57,NR,NR,NR,137,97,55,70,NR,150,NR,152,NR,NR,NR,380,15,28,48,66,NR,NR,53,NR,80,90,714,60,95,50,NR,NR,90,42,19,NR,20,62,2026-07-14
Nagaland,Wokha,52,NR,NR,68,97,NR,NR,120,97,50,74,NR,158,NR,158,NR,NR,NR,300,15,30,40,60,NR,NR,70,NR,80,100,758,60,84,50,100,60,65,40,15,70,25,60,2026-07-14
Nagaland,Zunheboto,55,39,NR,50,NR,163,NR,110,90,45,75,NR,142,NR,154,NR,NR,60,240,18,22,38,67,NR,NR,55,NR,75,NR,703,NR,82,60,120,30,70,40,25,60,33,58,2026-07-14
Nagaland,Kiphire,38,35,NR,60,120,155,140,120,90,55,70,NR,154,NR,165,NR,NR,75,345,18,20,35,70,NR,NR,45,NR,85,95,648,65,85,58,90,80,75,55,15,40,20,70,2026-07-14
Nagaland,Longleng,38,NR,40,50,NR,150,NR,120,100,50,75,NR,163,NR,165,NR,NR,80,350,20,23,48,50,NR,NR,62,NR,72,120,720,60,96,70,120,40,75,50,17,50,30,75,2026-07-14
Nagaland,Niuland,40,28,NR,50,NR,130,120,120,90,50,65,NR,154,NR,165,NR,NR,NR,325,15,20,45,55,NR,NR,45,NR,70,95,NR,60,90,30,NR,40,50,35,15,30,25,45,2026-07-14
Nagaland,Shamator,44,NR,50,60,100,NR,NR,130,100,60,78,NR,165,NR,176,NR,NR,80,320,20,25,55,65,NR,NR,60,NR,70,120,692,60,98,40,100,NR,95,32,20,50,25,60,2026-07-14
Nagaland,Noklak,40,NR,50,63,120,NR,NR,140,100,55,80,NR,165,NR,165,NR,NR,80,NR,20,25,52,70,NR,NR,60,NR,83,130,769,59,99,55,100,62,70,35,20,50,20,90,2026-07-14
Sikkim,Gangtok,45,NR,40,40,93,NR,NR,123,95,55,70,NR,220,143,137,209,NR,67,300,20,25,45,50,NR,NR,47,NR,60,110,769,60,108,60,100,50,53,30,23,60,30,50,2026-07-14
Sikkim,Gyalshing,45,NR,38,40,90,NR,NR,120,90,55,70,NR,220,143,176,198,NR,60,300,20,20,40,55,NR,NR,40,NR,70,110,651,60,96,60,100,50,40,28,23,60,25,50,2026-07-14
Sikkim,Namchi,45,NR,40,42,100,NR,NR,120,100,52,70,NR,220,154,143,198,NR,65,360,23,25,40,60,NR,NR,45,NR,80,120,714,58,108,70,90,50,53,30,20,70,20,50,2026-07-14
Sikkim,Soreng,45,NR,40,40,90,NR,NR,120,100,55,70,NR,220,154,165,NR,NR,60,200,20,25,40,60,NR,NR,40,40,70,110,714,62,104,80,100,35,40,20,20,70,20,50,2026-07-14
Sikkim,Mangan,45,NR,38,40,100,NR,NR,130,90,55,70,NR,220,154,170,NR,NR,60,460,20,25,40,70,NR,NR,40,NR,70,120,703,62,108,60,90,42,50,30,23,70,25,50,2026-07-14
Sikkim,Pakyong,45,NR,40,40,110,NR,NR,130,95,55,70,NR,209,148,165,198,NR,NR,300,24,20,40,60,NR,NR,45,NR,70,120,651,58,108,80,90,50,60,30,23,80,25,50,2026-07-14
Tripura,Agartala,38,40,NR,40,82,129,123,91,130,55,78,NR,208,176,189,199,163,71,243,10,20,39,60,NR,NR,40,NR,47,82,736,68,100,50,92,51,32,31,15,78,30,39,2026-07-14
Tripura,Dharmanagar,38,40,NR,42,87,127,123,97,132,54,75,NR,204,NR,192,NR,174,82,243,15,21,38,52,NR,NR,42,NR,48,91,710,62,95,40,92,45,43,27,15,78,30,40,2026-07-14
Tripura,Belonia,40,44,NR,41,83,130,125,92,132,57,80,NR,210,178,191,201,164,80,247,13,24,40,63,NR,NR,43,NR,48,85,740,68,98,42,95,52,33,33,17,85,33,42,2026-07-14
Tripura,TR-Udaipur,40,42,NR,42,85,130,124,95,132,58,80,NR,209,179,192,201,164,73,245,10,22,42,63,NR,NR,45,NR,50,82,751,66,92,54,94,52,35,32,16,77,37,40,2026-07-14
Tripura,Ambassa,39,41,NR,40,84,129,124,94,131,56,80,NR,208,178,191,200,164,77,245,10,20,41,55,NR,NR,43,NR,50,88,769,70,104,48,97,53,41,31,15,52,33,42,2026-07-14
SOUTH ZONE,SOUTH ZONE,,,,,,,,,,,,,,,,,,,,,,,,,,,,,,,,,,,,,,,,,,2026-07-14
Andhra Pradesh,Vijaywada,46,33,43,45,81,128,125,104,85,48,54,203,156,147,NR,200,148,55,297,15,25,33,23,45,45,42,52,45,95,604,58,86,55,92,30,39,24,19,55,65,80,2026-07-14
Andhra Pradesh,Visakhapatnam,53,30,43,45,86,124,129,111,85,48,60,194,193,152,NR,187,159,65,260,17,20,38,23,40,45,45,45,45,90,725,60,80,35,88,35,37,26,15,50,35,40,2026-07-14
Andhra Pradesh,Kurnool,54,37,41,45,79,115,111,109,89,45,60,192,199,137,130,190,136,55,323,17,30,NR,20,37,39,43,49,41,93,751,61,87,19,86,36,38,23,13,29,33,48,2026-07-14
Andhra Pradesh,Tirupathi,50,32,44,45,83,108,105,109,90,43,58,172,183,134,168,162,124,61,308,20,32,34,33,39,43,41,43,45,87,641,55,71,44,85,34,40,20,17,48,31,33,2026-07-14
Andhra Pradesh,Jammalamadugu,NR,NR,NR,NR,NR,NR,NR,NR,NR,NR,NR,NR,NR,NR,NR,NR,NR,NR,NR,NR,NR,NR,NR,NR,NR,NR,NR,NR,NR,NR,NR,NR,NR,NR,NR,NR,NR,NR,NR,,,2026-07-14
Andhra Pradesh,Dharmavaram,NR,NR,NR,NR,NR,NR,NR,NR,NR,NR,NR,NR,NR,NR,NR,NR,NR,NR,NR,NR,NR,NR,NR,NR,NR,NR,NR,NR,NR,NR,NR,NR,NR,NR,NR,NR,NR,NR,NR,,,2026-07-14
Andhra Pradesh,Ongole,54,31,43,45,82,119,117,109,89,46,58,183,186,143,NR,183,141,57,300,16,34,29,26,38,42,42,46,44,85,718,62,75,35,81,33,38,22,17,51,29,35,2026-07-14
Andhra Pradesh,Bapatla,48,29,43,43,83,111,120,106,85,45,58,189,NR,NR,NR,187,141,52,287,15,31,26,30,33,42,41,45,43,90,763,59,72,31,82,30,35,22,16,50,23,32,2026-07-14
Andhra Pradesh,Rajahmundry,49,35,44,46,79,115,106,106,84,45,60,192,211,132,NR,189,137,52,205,16,20,30,25,41,42,43,45,44,89,578,60,75,37,85,42,31,23,12,35,25,38,2026-07-14
Andhra Pradesh,Eluru,53,38,43,45,78,119,109,110,87,47,61,197,215,145,164,193,146,56,207,20,27,31,34,37,43,40,52,44,87,824,58,69,40,81,30,34,26,19,30,30,48,2026-07-14
Andhra Pradesh,Guntur,47,30,42,45,80,115,120,109,87,46,58,187,187,135,NR,181,137,52,210,12,21,23,27,35,38,40,44,43,83,585,52,65,29,77,30,32,20,14,29,23,34,2026-07-14
Andhra Pradesh,Amalapuram,NR,35,45,45,85,115,117,114,84,47,65,218,218,142,157,197,148,57,296,24,31,37,33,31,32,45,46,48,89,680,60,84,54,89,36,39,28,19,48,33,30,2026-07-14
Andhra Pradesh,Nandyala,61,40,43,39,80,119,115,107,88,48,61,197,219,148,154,193,148,59,277,15,35,27,21,34,39,39,51,43,83,743,64,85,31,90,49,38,30,18,26,21,52,2026-07-14
Andhra Pradesh,Parvathipuram,50,38,45,46,84,115,115,109,89,48,60,185,196,147,NR,193,137,58,277,21,18,31,28,41,42,45,45,46,86,710,60,77,31,84,34,35,22,19,36,46,36,2026-07-14
Andhra Pradesh,Sri Sathya Sai,45,28,41,41,78,113,106,104,89,45,59,201,198,137,157,187,143,55,320,15,31,20,34,35,41,41,47,43,88,663,58,75,30,83,32,35,20,15,52,25,33,2026-07-14
Andhra Pradesh,Nellore,49,35,40,43,82,115,115,105,108,45,58,192,203,159,NR,192,159,55,260,19,32,26,28,35,40,45,49,43,80,815,60,67,29,81,35,37,21,16,35,20,30,2026-07-14
Andhra Pradesh,Srikakulam,49,30,38,45,82,120,118,107,84,45,56,199,205,136,155,165,136,60,331,11,22,35,24,NR,NR,47,50,54,89,673,55,71,39,89,45,40,27,17,55,44,40,2026-07-14
Andhra Pradesh,Vizianagaram,46,36,40,43,80,111,111,106,87,45,60,178,190,144,NR,188,134,55,275,19,23,25,30,37,38,43,42,43,82,659,60,63,34,80,31,32,21,16,32,20,36,2026-07-14
Andhra Pradesh,Anakapalli,60,35,40,45,82,120,130,107,85,50,69,203,211,153,NR,203,143,52,247,19,26,35,35,40,42,40,40,40,113,714,60,72,40,73,34,33,23,17,47,20,29,2026-07-14
Andhra Pradesh,Bhimavaram,51,35,40,41,83,120,111,105,86,45,60,192,203,146,148,186,141,55,285,19,26,33,26,34,40,44,45,44,88,791,54,77,48,88,38,38,22,18,35,33,37,2026-07-14
Andhra Pradesh,Chittoor,50,35,45,47,85,105,110,110,95,45,55,181,198,154,NR,170,132,60,345,15,42,27,16,36,38,50,50,55,110,681,65,75,65,80,30,30,20,15,42,55,40,2026-07-14
Andhra Pradesh,Kakinada,47,35,42,41,79,116,113,107,86,44,62,194,213,145,NR,195,140,54,293,18,30,31,29,37,40,43,44,44,92,640,63,67,39,84,33,37,21,15,49,22,30,2026-07-14
Andhra Pradesh,Machilipatnam,51,30,43,45,84,115,100,107,88,44,63,169,176,133,168,169,114,52,338,15,24,33,24,32,43,43,42,44,87,742,62,58,30,85,29,30,19,13,24,55,43,2026-07-14
Andhra Pradesh,Narasaraopeta,46,30,43,44,84,102,104,104,84,44,63,161,188,160,168,173,119,50,266,18,33,21,33,33,43,44,43,42,92,772,49,72,34,83,32,33,20,18,50,27,42,2026-07-14
Andhra Pradesh,Paderu,60,30,40,45,83,120,112,107,85,50,60,194,194,143,NR,200,130,52,300,19,30,30,33,NR,NR,40,47,43,87,703,62,72,38,80,33,35,19,13,50,25,40,2026-07-14
Andhra Pradesh,Rayachoti,NR,NR,NR,NR,NR,NR,NR,NR,NR,NR,NR,NR,NR,NR,NR,NR,NR,NR,NR,NR,NR,NR,NR,NR,NR,NR,NR,NR,NR,NR,NR,NR,NR,NR,NR,NR,NR,NR,NR,NR,NR,2026-07-14
Andhra Pradesh,Anantapuramu,45,30,40,45,80,112,108,108,87,45,60,200,198,137,157,188,144,56,312,18,34,32,30,34,39,41,49,46,84,659,57,81,28,85,39,37,27,16,50,30,45,2026-07-14
Andhra Pradesh,YSR Kadapa,48,30,42,41,81,104,102,107,87,44,61,182,197,148,170,181,134,56,301,19,30,25,30,38,40,42,48,42,91,743,62,69,30,83,29,36,20,17,39,28,30,2026-07-14
Andhra Pradesh,Madanapalle,NR,NR,NR,NR,NR,NR,NR,NR,NR,NR,NR,NR,NR,NR,NR,NR,NR,NR,NR,NR,NR,NR,NR,NR,NR,NR,NR,NR,NR,NR,NR,NR,NR,NR,NR,NR,NR,NR,NR,NR,NR,2026-07-14
Andhra Pradesh,Markapuram,50,30,40,41,81,120,117,105,90,45,67,200,182,144,NR,194,148,54,327,19,28,25,34,33,40,42,42,42,88,701,62,74,35,82,39,38,24,16,49,34,40,2026-07-14
Karnataka,Bengaluru,61,36,45,43,87,123,130,115,89,47,51,193,214,150,158,190,158,55,240,18,27,39,18,39,41,41,51,46,90,732,59,85,52,77,42,35,30,16,47,25,33,2026-07-14
Karnataka,Dharwad,52,34,42,44,84,124,126,112,88,46,54,196,189,145,146,191,152,48,268,20,28,33,24,46,50,46,48,46,86,769,56,91,55,78,34,43,33,15,40,28,38,2026-07-14
Karnataka,Mangalore,52,35,42,44,82,120,129,111,88,45,58,209,197,150,170,188,154,58,199,20,29,27,34,39,55,45,48,47,88,747,59,81,46,83,35,37,28,17,57,25,38,2026-07-14
Karnataka,Mysore,60,35,41,51,82,120,129,108,80,46,48,208,213,192,170,191,156,59,337,20,29,31,21,52,57,40,55,39,79,721,60,91,51,95,49,34,35,20,85,45,55,2026-07-14
Karnataka,Bengaluru (East Range),59,38,42,46,88,123,122,117,88,47,50,196,223,151,155,194,159,58,262,20,27,35,17,42,44,43,51,48,92,740,60,94,50,82,39,41,28,18,50,25,47,2026-07-14
Karnataka,Belagavi,53,36,42,43,83,118,119,107,86,45,54,203,190,138,177,197,151,49,258,21,28,30,29,50,54,41,45,43,84,769,56,84,41,80,34,59,23,14,40,28,29,2026-07-14
Karnataka,Kalaburagi,56,35,44,42,84,120,121,117,90,48,54,198,193,163,136,189,154,55,210,20,30,30,22,40,45,46,49,45,95,714,60,96,65,74,40,60,30,18,60,35,45,2026-07-14
Karnataka,Tumakuru,60,35,43,44,86,124,127,115,93,47,55,202,213,146,159,186,145,50,232,21,29,36,22,49,50,47,50,47,82,729,60,94,46,88,45,44,32,19,50,31,41,2026-07-14
Karnataka,Bellary,55,33,46,42,87,122,121,108,88,45,54,216,203,154,150,182,158,58,308,19,27,28,16,40,42,40,47,43,97,740,56,82,41,77,36,36,30,18,50,31,29,2026-07-14
Karnataka,Dhavanagere,60,36,44,50,85,118,117,110,87,48,53,203,208,153,148,196,156,57,297,24,25,35,20,41,56,43,52,45,87,765,58,89,41,74,37,42,24,16,40,25,35,2026-07-14
Karnataka,Shivamogga,56,37,43,46,88,120,122,112,90,45,54,200,208,145,148,195,148,54,245,21,26,30,23,48,52,47,49,48,92,745,59,90,40,86,36,41,28,15,40,25,30,2026-07-14
Karnataka,Vijayapur,56,38,45,44,82,122,123,118,82,44,56,218,215,148,179,187,143,52,244,21,26,26,25,38,43,42,50,43,82,769,64,87,41,95,39,42,38,15,49,40,46,2026-07-14
Karnataka,Ramanagara,55,37,42,45,88,120,118,108,92,45,55,211,216,139,142,192,149,50,213,19,28,32,20,42,44,47,47,43,90,745,62,90,40,90,34,50,24,16,53,30,32,2026-07-14
Karnataka,Raichur,56,33,43,42,82,119,123,105,82,44,54,199,199,175,170,188,141,55,209,16,26,26,28,47,49,45,45,45,94,721,56,80,43,92,40,48,39,17,43,26,27,2026-07-14
Karnataka,Chamarajanagar,56,35,42,46,83,125,124,106,96,46,48,215,208,151,122,191,141,54,198,18,28,29,20,50,57,52,50,54,90,714,60,90,47,95,41,63,42,19,85,46,54,2026-07-14
Karnataka,Kolar,55,30,45,44,90,123,124,115,93,45,52,224,213,164,170,197,161,55,259,20,27,28,16,42,42,48,43,45,97,713,60,84,46,80,33,42,34,15,40,42,52,2026-07-14
Karnataka,Haveri,55,35,44,45,90,120,125,105,90,46,55,200,198,159,165,192,143,50,247,19,25,40,25,42,50,45,48,45,85,758,60,90,40,80,42,45,30,15,50,35,40,2026-07-14
Karnataka,Bagalkot,54,38,44,42,85,118,118,115,92,45,56,206,196,145,165,186,153,48,245,20,28,29,28,49,46,44,52,43,90,756,58,80,48,80,34,37,35,18,58,26,30,2026-07-14
Karnataka,Bidar,59,37,41,41,83,118,118,112,84,44,59,198,198,135,158,182,159,57,272,19,28,33,23,41,48,41,48,41,87,784,61,88,53,87,38,38,33,17,53,48,42,2026-07-14
Karnataka,Koppal,56,36,43,44,84,120,125,112,91,45,52,200,194,152,159,192,153,52,247,19,27,30,20,39,45,42,49,44,90,738,58,84,40,90,37,39,27,17,50,29,29,2026-07-14
Karnataka,Mandya,60,35,44,47,85,119,123,120,97,48,52,218,231,144,170,188,155,55,241,20,25,35,20,43,47,42,47,44,95,714,56,96,40,81,40,36,30,15,50,35,35,2026-07-14
Karnataka,Yadgir,55,35,44,45,86,121,121,110,87,45,54,203,203,170,165,192,159,51,210,17,25,30,25,44,52,46,46,45,96,769,58,82,43,75,35,38,28,19,48,25,45,2026-07-14
Karnataka,Chikkamagalur,55,36,43,46,85,120,124,112,89,44,53,204,199,153,159,191,149,53,213,19,27,35,20,44,46,46,47,46,93,719,60,90,46,84,37,42,25,16,45,40,40,2026-07-14
Karnataka,Bangalore Rural,58,36,43,50,88,119,122,107,87,47,50,212,191,138,152,186,145,56,254,18,27,35,20,49,45,45,46,48,98,718,57,90,40,81,36,50,24,18,40,31,41,2026-07-14
Karnataka,Chikkaballapur,55,33,46,45,87,119,122,110,88,45,52,227,208,160,169,194,161,54,292,20,28,32,22,45,44,44,45,43,97,740,59,82,41,85,39,41,22,15,40,32,44,2026-07-14
Karnataka,Chitradurga,57,37,44,50,85,117,117,110,86,44,53,207,211,147,149,187,154,55,280,18,30,30,25,40,50,42,50,45,86,764,58,84,42,73,37,42,22,16,50,24,33,2026-07-14
Karnataka,Gadag,56,39,44,46,82,117,125,115,90,45,52,212,190,142,139,185,150,48,237,21,24,35,23,40,43,45,49,46,89,718,61,83,58,86,38,37,40,18,41,29,34,2026-07-14
Karnataka,Hassan,52,37,44,48,86,121,127,110,96,46,54,223,199,151,153,195,159,56,245,21,24,37,19,46,46,47,46,47,91,727,60,94,39,79,38,39,28,13,39,46,39,2026-07-14
Karnataka,Kodagu,54,35,43,46,87,120,123,113,89,46,54,204,194,147,152,190,150,55,249,19,27,32,26,42,45,45,47,47,93,748,57,91,51,81,36,39,27,16,53,26,43,2026-07-14
Karnataka,Udupi,54,38,46,47,83,119,124,110,94,47,48,224,210,166,179,186,158,55,222,20,30,30,34,44,43,48,47,47,92,721,62,86,54,80,39,55,36,20,60,32,32,2026-07-14
Karnataka,Uttara Kannada,56,36,46,43,90,121,129,119,96,47,48,221,196,175,176,197,148,55,280,20,29,36,31,46,53,43,49,44,98,769,58,87,57,97,43,40,41,19,42,43,46,2026-07-14
Karnataka,Vijayanagara,56,37,41,42,82,119,122,116,93,45,52,197,207,142,NR,190,142,48,220,18,25,30,20,38,49,47,48,45,95,729,59,88,40,86,37,38,37,15,48,29,31,2026-07-14
Kerala,T.Puram,59,53,41,44,95,135,138,125,90,50,56,308,242,198,144,198,148,73,260,14,38,39,40,46,55,48,54,45,95,NR,61,84,50,90,48,45,32,17,52,55,60,2026-07-14
Kerala,Ernakulam,50,60,40,44,102,138,130,135,93,49,60,240,236,200,NR,200,170,64,225,15,38,40,40,45,50,48,60,NR,107,786,71,90,50,80,55,41,32,18,53,67,57,2026-07-14
Kerala,Kozhikode,47,55,50,44,110,140,145,137,100,48,56,NR,220,165,NR,200,175,60,237,15,27,35,24,NR,NR,44,52,47,107,747,NR,91,57,82,44,38,28,16,57,NR,56,2026-07-14
Kerala,Thrissur,54,52,48,49,96,139,130,135,85,49,57,NR,263,216,NR,200,172,69,297,17,43,37,34,53,57,51,61,57,116,730,58,91,54,84,42,47,29,15,70,43,52,2026-07-14
Kerala,Palakkad,42,39,48,42,89,127,129,116,86,48,54,234,214,192,NR,193,167,55,223,13,37,37,23,53,50,47,51,45,91,707,58,92,33,84,50,40,32,15,53,62,42,2026-07-14
Kerala,Wayanad,48,57,52,45,115,142,148,143,113,49,57,276,256,201,NR,213,186,57,239,17,34,38,28,NR,NR,48,68,49,118,793,67,96,43,85,47,45,30,17,44,55,65,2026-07-14
Kerala,Kasargod,49,58,50,60,113,139,136,137,111,46,66,NR,NR,218,NR,197,159,55,275,15,26,33,27,NR,NR,46,56,46,107,780,56,86,40,79,41,40,39,17,53,40,49,2026-07-14
Kerala,Kottayam,57,52,44,51,100,142,120,103,98,49,58,NR,226,203,NR,196,163,68,233,16,34,38,38,NR,NR,52,55,52,112,727,61,92,48,81,45,39,35,15,48,52,53,2026-07-14
Kerala,Pathanamthitta,61,58,43,46,104,135,120,129,94,49,57,NR,231,247,NR,206,205,75,260,15,38,42,57,NR,NR,51,58,NR,140,790,60,92,60,80,46,44,45,18,70,67,63,2026-07-14
Kerala,Alapuzha,48,59,50,71,116,144,137,138,125,NR,52,NR,NR,192,NR,194,165,66,230,15,43,38,39,NR,NR,50,67,73,NR,744,62,94,57,92,49,45,30,17,53,37,48,2026-07-14
Kerala,Kollam,48,52,45,44,93,128,128,127,90,48,56,NR,240,228,NR,201,202,65,228,15,37,42,42,65,62,48,56,55,90,673,61,91,53,107,50,41,20,15,58,65,62,2026-07-14
Kerala,Idukki,59,55,44,45,95,137,NR,120,90,49,70,NR,225,210,NR,203,176,68,237,13,38,38,50,NR,NR,48,58,44,103,754,62,91,60,80,51,40,32,15,60,71,57,2026-07-14
Kerala,Kannur,53,56,47,49,106,142,142,141,100,50,60,NR,NR,213,NR,197,172,60,266,19,29,41,26,45,45,45,53,51,117,NR,58,88,60,81,48,42,35,19,60,33,65,2026-07-14
Kerala,Malapuram,50,55,NR,43,90,130,131,120,100,48,58,270,231,194,NR,208,169,55,NR,13,30,40,27,50,50,46,51,47,103,747,59,96,47,80,44,37,28,14,55,68,55,2026-07-14
Puducherry,Puducherry,44,NR,52,58,85,131,124,120,101,46,50,212,224,166,126,188,156,64,527,25,36,32,26,42,55,45,55,68,120,923,66,70,52,90,34,37,22,15,65,25,31,2026-07-14
Tamil Nadu,Chennai,60,38,44,43,83,137,133,112,86,48,40,207,238,174,NR,192,165,68,288,30,40,40,25,42,56,47,52,49,88,923,60,96,70,84,50,40,32,14,57,70,50,2026-07-14
Tamil Nadu,Madurai,58,37,47,68,87,137,124,106,92,48,45,227,206,194,NR,197,174,64,263,30,31,43,20,36,39,56,48,51,112,759,67,92,67,87,37,43,26,14,43,69,37,2026-07-14
Tamil Nadu,Dindigul,62,37,49,63,83,126,126,109,82,46,44,249,255,189,NR,200,172,57,284,26,33,42,25,41,59,53,56,51,97,870,70,90,52,93,39,33,29,15,55,60,38,2026-07-14
Tamil Nadu,Thiruchirapalli,64,36,50,54,100,140,136,127,101,50,47,232,242,189,NR,197,150,70,305,30,37,37,27,44,56,55,55,56,113,792,69,83,62,96,46,36,36,17,49,35,48,2026-07-14
Tamil Nadu,Coimbatore,57,37,43,44,87,129,127,107,81,47,40,232,198,175,NR,190,160,59,280,27,42,39,25,38,51,49,53,52,109,801,60,91,52,85,49,34,30,14,52,53,47,2026-07-14
Tamil Nadu,Tirunelveli,47,35,48,54,94,128,128,118,84,46,44,247,209,176,NR,187,148,58,267,27,29,37,25,41,47,54,52,53,98,783,70,88,64,86,42,35,29,14,43,51,43,2026-07-14
Tamil Nadu,Cuddalore,56,38,49,43,88,135,130,121,112,45,50,193,198,187,NR,192,143,60,293,27,39,39,19,44,57,49,52,50,96,691,58,87,60,82,41,33,27,14,42,46,40,2026-07-14
Tamil Nadu,Dharmapuri,55,32,44,42,80,130,128,103,82,48,44,220,NR,143,NR,191,156,52,275,26,30,38,20,36,48,48,45,46,110,690,80,89,45,82,45,32,25,14,40,55,53,2026-07-14
Tamil Nadu,Vellore,NR,NR,NR,NR,NR,NR,NR,NR,NR,NR,NR,NR,NR,NR,NR,NR,NR,NR,NR,NR,NR,NR,NR,NR,NR,NR,NR,NR,NR,NR,NR,NR,NR,NR,NR,NR,NR,NR,NR,NR,NR,2026-07-14
Tamil Nadu,Ramanathapuram,61,37,41,67,81,121,126,109,86,49,44,225,NR,182,NR,193,171,56,284,31,46,41,32,45,46,56,50,57,117,773,74,86,57,83,57,33,31,13,50,56,35,2026-07-14
Tamil Nadu,Erode,57,41,49,44,85,127,126,109,81,47,44,221,222,177,NR,197,177,57,440,29,31,35,22,38,56,52,56,55,109,764,66,93,38,82,44,30,27,15,26,49,44,2026-07-14
Tamil Nadu,Karur,57,35,54,67,90,132,135,108,87,46,47,236,210,175,NR,192,154,64,297,17,37,39,27,40,46,56,52,59,104,725,65,90,57,96,45,43,28,23,64,48,48,2026-07-14
Tamil Nadu,Perambalur,49,41,NR,68,92,131,137,113,87,47,43,233,211,189,NR,199,167,61,NR,29,32,46,34,42,60,55,50,56,111,747,58,84,70,88,36,38,27,14,53,51,49,2026-07-14
Tamil Nadu,Pudukkottai,58,41,45,66,88,129,132,115,NR,50,40,268,NR,184,NR,195,154,60,698,29,40,40,30,41,57,56,55,52,111,879,66,90,50,98,50,38,29,14,55,65,55,2026-07-14
Tamil Nadu,Sivagangai,55,40,45,68,96,134,139,121,92,50,44,252,NR,219,NR,197,169,56,292,29,40,50,30,39,56,58,55,61,120,765,85,90,80,82,49,37,29,15,63,60,36,2026-07-14
Tamil Nadu,Thanjavur,55,39,48,50,90,134,132,120,95,48,44,225,242,184,NR,194,151,58,300,27,32,31,21,39,55,48,55,48,126,894,77,99,60,90,47,39,29,14,52,61,43,2026-07-14
Tamil Nadu,The nilgiris,59,45,48,52,103,133,138,130,93,50,54,238,238,168,NR,196,156,64,210,32,63,38,25,47,50,52,53,53,82,808,72,93,47,95,27,72,39,30,53,35,49,2026-07-14
Tamil Nadu,Thoothukudi,52,38,43,65,85,120,138,110,85,49,46,231,219,181,NR,193,165,55,320,10,30,40,25,35,50,60,55,62,110,868,61,90,60,87,47,37,30,13,45,60,48,2026-07-14
Tamil Nadu,Viluppuram,60,43,47,44,88,135,109,108,88,49,48,198,209,164,NR,192,169,59,NR,29,32,37,18,35,50,43,50,48,110,835,68,87,70,86,50,33,34,12,50,60,52,2026-07-14
Tamil Nadu,Virudhunagar,59,40,47,67,85,126,129,105,79,NR,NR,253,236,187,NR,198,171,NR,NR,NR,45,45,35,NR,NR,NR,NR,NR,NR,NR,NR,NR,NR,NR,NR,NR,NR,NR,NR,NR,NR,2026-07-14
Tamil Nadu,Kanniyakumari,60,39,37,53,80,123,123,107,76,48,41,225,216,191,NR,197,165,57,258,25,31,39,23,34,40,37,52,40,103,769,60,90,50,84,40,31,28,13,35,57,49,2026-07-14
Tamil Nadu,Namakkal,65,41,47,63,90,128,137,117,90,48,44,198,215,167,NR,195,159,56,NR,26,35,38,27,41,40,51,49,47,113,664,71,84,60,82,51,39,31,12,60,60,60,2026-07-14
Tamil Nadu,Tiruvannamalai,55,39,45,48,85,139,128,118,88,48,43,225,201,172,NR,196,162,60,310,27,37,43,22,44,58,47,51,56,113,839,62,89,63,89,39,47,29,13,52,58,49,2026-07-14
Tamil Nadu,Tiruvarur,62,30,48,65,89,124,119,119,NR,44,44,242,186,187,NR,175,140,53,NR,20,35,50,20,46,51,48,51,62,122,714,65,78,55,90,39,49,18,20,45,24,25,2026-07-14
Tamil Nadu,Tiruppur,58,36,48,54,102,142,137,121,83,49,43,236,224,171,NR,192,157,59,265,28,32,37,26,44,54,60,55,59,95,725,60,82,32,83,47,41,22,18,57,47,28,2026-07-14
Tamil Nadu,Tenkasi,56,40,46,59,80,126,125,111,NR,49,46,233,NR,166,NR,191,163,60,275,30,30,40,30,36,52,56,58,55,98,802,64,90,70,88,44,41,28,13,49,55,40,2026-07-14
Tamil Nadu,Nagapattinam,57,40,50,67,97,130,128,125,101,47,44,231,240,178,NR,193,156,56,NR,25,35,36,21,48,50,49,53,51,117,875,64,90,51,94,43,50,34,15,57,60,37,2026-07-14
Tamil Nadu,Krishnagiri,56,36,47,41,88,131,130,117,90,48,44,208,202,155,NR,192,167,59,315,28,30,35,25,38,40,43,48,45,100,615,50,90,67,96,40,40,29,12,53,62,52,2026-07-14
Tamil Nadu,Ariyalur,55,36,NR,65,90,125,125,108,90,47,44,240,209,172,NR,188,163,60,293,26,35,35,35,45,45,52,55,52,108,835,65,75,35,90,39,49,25,14,52,43,36,2026-07-14
Tamil Nadu,Kallakurichi,57,40,49,67,89,130,125,112,88,49,45,238,222,176,NR,197,163,57,NR,30,28,40,20,38,50,50,47,49,115,923,85,87,54,87,51,34,32,14,43,55,54,2026-07-14
Tamil Nadu,Kancheepuram,57,40,51,67,90,138,141,121,95,46,44,211,203,185,NR,192,154,72,NR,28,40,40,20,41,56,52,53,55,102,782,55,90,60,91,52,40,30,14,45,60,40,2026-07-14
Tamil Nadu,Salem,55,NR,48,48,95,128,121,133,99,44,45,212,NR,176,NR,174,152,48,280,NR,39,29,41,45,53,45,55,48,83,714,70,68,41,83,42,38,25,16,45,27,32,2026-07-14
Tamil Nadu,Theni,58,37,47,61,89,125,127,110,85,47,45,224,219,165,NR,176,150,55,288,27,29,37,26,40,62,50,58,52,93,791,70,84,48,91,46,32,26,12,52,50,37,2026-07-14
Tamil Nadu,Chengalpattu,68,37,46,54,95,123,120,128,90,46,44,210,205,175,NR,164,139,64,NR,28,37,37,37,41,49,51,47,53,113,784,52,82,67,85,31,40,19,13,43,19,30,2026-07-14
Tamil Nadu,Mayiladuthurai,60,40,50,65,98,137,117,113,NR,45,44,201,203,198,NR,194,146,60,340,27,32,37,27,45,45,46,50,63,113,857,70,96,60,92,35,42,25,14,60,70,70,2026-07-14
Tamil Nadu,Ranipet,NR,NR,NR,NR,NR,NR,NR,NR,NR,NR,NR,NR,NR,NR,NR,NR,NR,NR,NR,NR,NR,NR,NR,NR,NR,NR,NR,NR,NR,NR,NR,NR,NR,NR,NR,NR,NR,NR,NR,NR,NR,2026-07-14
Tamil Nadu,Tirupattur,56,39,43,46,84,121,119,119,89,45,40,216,236,172,NR,194,148,59,310,29,30,32,20,34,38,42,35,45,92,769,65,81,53,86,35,37,24,15,52,52,60,2026-07-14
Tamil Nadu,Tiruvallur,57,38,44,66,87,129,122,119,92,44,40,218,208,169,NR,192,156,65,298,27,40,35,20,36,59,55,52,59,99,762,60,90,65,82,31,41,22,13,50,45,36,2026-07-14
Telangana,Hyderabad,60,42,41,43,82,114,118,107,80,43,63,191,196,148,179,191,147,62,250,20,28,28,30,34,64,44,50,44,90,624,60,74,40,80,45,31,23,16,50,25,41,2026-07-14
Telangana,Karimnagar,52,NR,43,50,80,123,124,108,84,43,63,193,205,152,NR,191,149,57,297,25,26,31,30,45,46,42,54,43,89,642,58,86,39,104,37,36,24,15,44,28,40,2026-07-14
Telangana,Warangal,54,NR,42,49,80,122,124,108,86,44,65,198,209,136,143,198,150,58,275,18,28,31,32,37,41,41,54,41,85,560,60,72,40,117,45,35,25,14,38,26,45,2026-07-14
Telangana,Adilabad,58,NR,44,47,96,121,120,113,93,45,NR,189,187,182,184,189,147,63,290,29,25,34,31,38,45,43,49,40,79,732,59,84,48,103,49,39,24,15,45,22,42,2026-07-14
Telangana,Suryapet,48,NR,42,46,87,122,120,110,98,44,65,192,188,181,185,197,142,63,265,22,25,32,25,39,57,41,48,38,87,622,62,78,44,102,46,38,25,15,48,27,48,2026-07-14
Telangana,Jadcherla,54,NR,42,49,85,124,123,115,90,44,65,190,156,149,145,191,145,55,292,20,39,30,30,35,49,37,53,42,82,528,58,82,31,92,43,37,24,15,40,28,45,2026-07-14
Telangana,Khammam,59,NR,47,52,89,125,128,117,95,43,66,183,166,126,161,183,142,54,297,20,32,30,33,37,47,35,52,34,88,517,60,78,33,108,43,43,25,16,43,25,45,2026-07-14
Telangana,Medchal,47,47,45,47,78,131,128,114,78,45,64,197,220,165,168,190,143,52,250,22,28,30,27,40,50,44,53,45,90,538,61,84,35,115,43,35,26,17,48,34,45,2026-07-14
Telangana,Nizamabad,50,33,40,44,83,124,125,111,85,45,62,193,198,200,170,190,149,60,249,23,24,30,28,40,45,42,49,42,80,625,65,78,34,104,45,35,25,18,43,32,44,2026-07-14
Telangana,Sangareddy,58,28,49,53,82,124,123,112,93,45,65,192,198,145,NR,196,143,62,412,25,30,32,32,39,58,51,55,48,95,659,59,84,42,105,43,39,25,16,56,35,45,2026-07-14
Telangana,Kothagudem,51,NR,44,49,90,130,126,125,92,48,71,188,NR,143,NR,198,145,60,348,31,38,32,28,45,55,45,55,55,95,744,60,84,41,87,40,30,24,12,45,27,44,2026-07-14
Ladakh,Leh,53,NR,NR,NR,140,180,150,128,130,50,70,NR,242,NR,NR,NR,NR,80,640,30,48,50,70,NR,NR,70,NR,44,122,677,58,84,63,103,37,61,39,18,90,50,50,2026-07-14
Ladakh,Kargil,45,NR,NR,40,127,135,115,115,90,48,66,NR,159,160,159,NR,NR,47,650,28,40,40,80,60,NR,50,NR,45,100,677,64,84,60,100,80,80,53,21,95,60,60,2026-07-14
Commodity Name,Commodity Name,Rice,Rice,Wheat,Atta (Wheat),Gram Dal,Tur/Arhar Dal,Urad Dal,Moong Dal,Masoor Dal,Sugar,Milk @,Groundnut Oil (Packed),Mustard Oil (Packed),Vanaspati (Packed),Soya Oil (Packed),Sunflower Oil (Packed),Palm Oil (Packed),Gur,Tea Loose,Salt Pack (Iodised),Potato,Onion,Tomato,Bajra(whole),Jowar(whole),Maida(wheat),Ragi(whole),Suji(whole),Besan,Desi Ghee,Butter(Pasteurised),Eggs,Brinjal,Black Pepper(whole),Coriander(whole),Cummin Seed(whole),Red Chillies(whole),Turmeric(powder),Banana,GInger,Garlic,2026-07-14
Average Price1,Average Price1,44.47,33.1,31.07,36.99,86.13,122.9,119.76,111.53,90.34,47.6,60.71,205.88,194.02,164.82,163.47,188.75,147.75,59.19,276.7,21.9,22.84,33.97,41.54,38.12,44.41,42.17,55.21,47.13,95.92,692.84,59.63,84.56,42.4,88.35,41.12,41.16,29.49,16.57,49.91,36.78,42.42,2026-07-14
Maximum Price1,Maximum Price1,68,60,54,71,140,180,180,150,132,60,85,308,264,256,209,244,205,140,698,35,63,60,130,79,84,72,120,100,160,930,85,120,157,150,100,95,60,40,100,100,100,2026-07-14
Minimum Price1,Minimum Price1,31,17,23,28,69,95,90,84,71,39,40,157,142,126,121,121,104,36,153,10,10,19,16,18,22,31,29,31,65,507,42,57,15,70,25,25,18,10,22,17,20,2026-07-14
Modal Price1,Modal Price1,40,35,28,35,80,120,120,110,90,45,60,210.67,200.5,154,154,192,129,55,300,20,20,37.5,40,40,40,40,50,40,90,769,60,84,40,80,40,35,30,15,50,30,40,2026-07-14
,,,,,,,,,,,,,,,,,,,,,,,,,,,,,,,,,,,,,,,,,,,2026-07-14
"Department of Consumer Affairs ( Price Monitoring Division)Date 14/07/2026 Daily Retail Prices Of Essential Commodities  StateCentreRiceBroken RiceWheatAtta (Wheat)Gram DalTur/Arhar DalUrad DalMoong DalMasoor DalSugarMilk @Groundnut Oil (Packed)Mustard Oil (Packed)Vanaspati (Packed)Soya Oil (Packed)Sunflower Oil (Packed)Palm Oil (Packed)GurTea LooseSalt Pack (Iodised)PotatoOnionTomatoBajra (whole)Jowar (whole)Maida (wheat)Ragi (whole)Suji (whole)BesanDesi GheeButter (Pasteurised)Eggs BrinjalBlack Pepper (whole)Coriander (whole)Cummin Seed (whole)Red Chillies (whole)Turmeric (powder)BananaGingerGarlic  UnitQty1 Kg1 Kg1 Kg1 Kg1 Kg1 Kg1 Kg1 Kg1 Kg1 Kg1 ltr1 Kg1 Kg1 Kg1 Kg1 Kg1 Kg1 Kg1 Kg1 Kg1 Kg1 Kg1 Kg1 Kg1 Kg1 Kg1 Kg1 Kg1 Kg1 Kg100 gmDozen1 Kg100 gm250 gm100 gm100 gm50 gm1 Kg100 gm100 gm  Average PriceAverage Price44.4733.131.0736.9986.13122.9119.76111.5390.3447.660.71205.88194.02164.82163.47188.75147.7559.19276.721.922.8433.9741.5438.1244.4142.1755.2147.1395.92692.8459.6384.5642.488.3541.1241.1629.4916.5749.9136.7842.42  Maximum PriceMaximum Price68605471140180180150132608530826425620924420514069835636013079847212010016093085120157150100956040100100100  Minimum PriceMinimum Price311723286995908471394015714212612112110436153101019161822312931655074257157025251810221720  Modal PriceModal Price4035283580120120110904560210.67200.515415419212955300202037.5404040405040907696084408040353015503040  NORTH ZONENORTH ZONE  ChandigarhChandigarh422734408412111611190465920920317016719014857264282035603744415546956335972388737402816482430  DelhiDelhi453533359012013012090475922220018819522116960234282343573339405841956865872539337313014536260  HaryanaHisar403130348512711311088476222018916716118313255252292028522738396240906346076508240393415702850  KarnalNRNRNRNRNRNRNRNRNRNRNRNRNRNRNRNRNRNRNRNRNRNRNRNRNRNRNRNRNRNRNRNRNRNRNRNRNRNRNRNRNR  Panchkula4032354592132116117994568197192170176180NR55215NR3539372640355741806325675358140383621573134  GurgaonNRNRNRNRNRNRNRNRNRNRNRNRNRNRNRNRNRNRNRNRNRNRNRNRNRNRNRNRNRNRNRNRNRNRNRNRNRNRNRNRNR  Himachal PradeshShimla40NRNR3485124128118855160242229181176NRNR542403027404033NR40NR40906815872378336382619483745  Mandi40NRNR3682127135115875062234220185172193NR542603220403434NR36NR38956825890378743343216554542  Dharamshala35NRNR2884129126119874844NR213167163NRNR542352920345032NR35NR40935905970409749423415603238  Solan39NRNR3478124126114874855223220176162179NR5423030254033363737NR37916445986409143353417605043  Una4140NR3483117125101854869NR188186181NRNR522652917393734NR34NR35986925983299544342915553734  Bilaspur-hp41NRNR3479126132116864966NR187187177NRNR54200292040403360376237827315896338747313313555747  Chamba3745NR3884123122117885155NR196179177NRNR56235302244415060396039876336085408549353718554453  Hamirpur-HP39NRNR3381122123116825070NR216183171NRNR5426529213743334836NR35836375894338739373215524743  Kullu41NRNR3585129125112845040NR230181184NRNR5722030284040NRNR35NR359769958100479033312913555560  Sirmour40NR313078118123112864850212182174157146104482732819285236NR35NR36956105880459233453218563135  Kinnaur38NRNR3683126129108845060NR229178147NRNR5026030304560NRNR38NR408887560100509848454215525050  Lahaul & Spiti40NRNR40981101111091005052NR197175NRNRNR4948028313745NRNR35NR36786005891408035352715573134  Jammu and KashmirSrinagar43254145931461251231005555NR209185179187NR6032030303238NRNR60NR5311567962835210053703917804841  Jammu5037313584112113118915155NR217172167160118543033020354036585768601096376090379263473319525839  Poonch524235471141801251211225575NR225209190NRNR6037030304070NRNR50NR571217056084508448303115754152  KupwaraNRNRNRNRNRNRNRNRNRNRNRNRNRNRNRNRNRNRNRNRNRNRNRNRNRNRNRNRNRNRNRNRNRNRNRNRNRNRNRNRNR  UdhampurNRNRNRNRNRNRNRNRNRNRNRNRNRNRNRNRNRNRNRNRNRNRNRNRNRNRNRNRNRNRNRNRNRNRNRNRNRNRNRNRNR  ShopianNRNRNRNRNRNRNRNRNRNRNRNRNRNRNRNRNRNRNRNRNRNRNRNRNRNRNRNRNRNRNRNRNRNRNRNRNRNRNRNRNR  SambaNRNRNRNRNRNRNRNRNRNRNRNRNRNRNRNRNRNRNRNRNRNRNRNRNRNRNRNRNRNRNRNRNRNRNRNRNRNRNRNRNR  RambanNRNRNRNRNRNRNRNRNRNRNRNRNRNRNRNRNRNRNRNRNRNRNRNRNRNRNRNRNRNRNRNRNRNRNRNRNRNRNRNRNR  RajouriNRNRNRNRNRNRNRNRNRNRNRNRNRNRNRNRNRNRNRNRNRNRNRNRNRNRNRNRNRNRNRNRNRNRNRNRNRNRNRNRNR  KishtwarNRNRNRNRNRNRNRNRNRNRNRNRNRNRNRNRNRNRNRNRNRNRNRNRNRNRNRNRNRNRNRNRNRNRNRNRNRNRNRNRNR  DodaNRNRNRNRNRNRNRNRNRNRNRNRNRNRNRNRNRNRNRNRNRNRNRNRNRNRNRNRNRNRNRNRNRNRNRNRNRNRNRNRNR  BaramullaNRNRNRNRNRNRNRNRNRNRNRNRNRNRNRNRNRNRNRNRNRNRNRNRNRNRNRNRNRNRNRNRNRNRNRNRNRNRNRNRNR  ReasiNRNRNRNRNRNRNRNRNRNRNRNRNRNRNRNRNRNRNRNRNRNRNRNRNRNRNRNRNRNRNRNRNRNRNRNRNRNRNRNRNR  KathuaNRNRNRNRNRNRNRNRNRNRNRNRNRNRNRNRNRNRNRNRNRNRNRNRNRNRNRNRNRNRNRNRNRNRNRNRNRNRNRNRNR  PunjabAmritsar4033283282137135112904959238203176158192NR62273292037423738406140926926085439544302912506557  Ludhiana43342936801351331181034762240200178167194NR57275271842403448396249926045280489240422519474740  Bathinda403228328013313311390495824220117015419614263273291738423240386238956836083379545312913536757  Barnala403727318313712010710050652381851721461851215528030203762303840NR45926925865339052403015505847  Hoshiarpur363328377911911111299517121219016814214312659271251634413531446548876235579339949453415625437  Faridkot403528338513012911593506523017517515319713259282302040433250407040856505981408948363014585747  Mansa4037273387133130118924862NR183174156NR13363278291835424040396238926595882409242353016475853  Sri Muktsar Sahib414028338213213811790496621817517014317612457287282040403148396839876305772329046342613605848  Dera Bassi4036273385133135117904661NR181176158NRNR59268291533403941386240906816073379541353216454250  Sangrur402728328213012910588476024619519519019517555263301735453545406740907106078309050453015486040  Ropar4036273384133135117904861238185176159NR14161277291837403742395839906786081409343353015476352  Amargarh40272832801301251078547602451931931931951815525029153545354540NR40857106072359550502715406040  Fatehgarh Sahib4532293590130110110115446025618318717819411757293301233392845326540936045878459545483819502332  Ferozepur494033358513012012090497024218217614320013465400312040404050406040907546062409564353115606050  Kapurthala383130387013312510892476523119416814618315463287301540504350406043936926287389532363413606060  Uttar PradeshLucknow40302935751151199076486020319216517518115460250201933403537365536906155981358839402615504045  Kanpur40222632851201151008842601871981541481581355623426213540354041NR358158055752110031403319503533  Varanasi44322736861191241088548712151911791832031786323322183438385838NR401087356478358434352820524134  Agra453429337511395907546702211971721832051855725127244748183841NR40988006285238041303515484955  Jhansi523529348013212711288506321317917215720713252230212233433338406545976665878408840403015403247  Meerut38282936821161178685476517316316216316716449283181724353737356636926415883398635343114534545  Allahabad502326348912013213195455621919416516420214444332302131423236374541976766370378333372917504447  Gorakhpur402328368011511611084455519518715915216012355225221828453634345236925995680377833382416552632  Saharanpur3828253082116113108884558NR175154150167135562422117253232NR38NR42915845880378333372714472737  Bareilly3825263389118126108102477221018817317518916252300281424292541345834897036081228145333216522832  Ayodhya40352840951201301259548601981981871761741436024024204060505045604512083560725010045503020602032  Moradabad382625328111611410786435819316614315515414153236211529413439365337896765675328434382618493036  Aligarh393128348211711410684435620018815815618914152247201727373439384842916135478368534392515452835  Mirzapur (Vindhyanchal)342425338311511010484455018517515013714811251219221929413040365040936746283348230382515453940  Banda362525297510711110275485522417816814518211958158191335383655346839795826080278830332921555842  Azamgarh3929283284119118115874461NR199144143199106552802415294937424251331046575670337628372918503342  Gonda (Devipatan)3624253385120128117884456207196161168172128532572014283738373462451006155884388534412520483533  Amethi392926358511811811897456022019918518319214255222221519363439364439986445880318534443016452138  Barabanki392926358511911811785456020018216816717513058225222031463142374536985635897318531423015462126  Bhadohi352227358111311211882476821219217915217812470215221430403339374940796746272309036393016602035  Chandauli3123263375111119110804655199187165132182119652471913353132523460388063456100468132392716504545  Farrukhabad4430263083110120110904566225203162158220126501871912255024NR35NR40906596282358034352616432730  Ghazipur422829368612511911394486320118915615418314261273211635463640435546987036185398842412918523943  Jaunpur453428358511811611486456221219917416418612558269221735433745395437897075784308937392817483448  UP-Pratapgarh412430348111411111489465121219516716416712859254201434393531394439975465873298836342716393143  Sambhal4022263086106103100904657197179154141156142552571919304028NR37NR37956576079288345432916373935  Santkabir Nagar4437243582108103102774567200200142146178123492653017314429303783469873461963810030522920482930  Shahjahanpur321926328011610610997445618217714713615912843222201121432632345237875535589248730342411432131  Sitapur382728328111211010583445919117114814315513253230182025413033365440916305973348035402915502734  Sultanpur413130358511911510886455619918416015518314355262201824363541395143926355576358535382615452535  Unnao423228318312211811288456020119016316117914558257212032333742385343925865979328838382816483238  Ambedkar Nagar362525367711912612888466422120816116216013866201281533473838367641887216275408036403120653339  Amroha41232633831241138482485417717715015717513053225222037453444374338936765973348440393118354543  Baghpat4337NR318313012711895467019617916315916313057210281625403450356740956046088408333352512382445  Bijnor452526357510011095804560220198165181198154552802015304030404050401006225584358840353015404035  Budaun36172530841121039993446421217917916518112653280211235402546386537936135970309030392511422525  Etah4433273582118108110904559207182156156167113542702219304226NR36NR39906776072329332403218402740  Fatehpur421926338811211310489466319418814713715311154225221629362232354033976076179368537422417412426  Ghaziabad413130347811811510792475821319416915618513654206211932403339385543966096092378341392914444337  Hardoi433126338512111510988465820618515915718013356238201528393437375444956245880408735402815452739  Jalaun45252835831181031028947571801701461301581125722020153540344140NR42965676081379038423019373743  Kaushambi432725368511912910588455820619217316118412853238211932473135405535896115776328339372716482934  Kushinagar352826378212211411882486818619515716615413564221271628493940384540956156161288839382913473529  Lakhimpur Kheri382627358211710610385465918818313814516411261228201731523135366036926655874307935443218452344  Pilibhit433728328511511511595476620520317416219213552229201730503250386938956926090259044443515455040  Sharwasti4023274080115115120804860178212170174NR1216021826103840NRNR40NR40985826083208539382015333040  Siddharth Nagar413028358312013011582486420319816815515912655228221735434045356235806235980337036332520403942  Sonbhadra352826317511010510280454517616515213215412155210241527402740335034806216568358533322514452025  Rampur532827297710411610410245611931901511591611365526423193331324735NR36946366579339536373014534035  Bahraich3526253189128120114904255194196157154161124442502521363736343465341066465680227327362319532137  Basti392729317711512811678465519618615415214812453244221734454353335435935875584368235412719372837  Etawah43NR273285121115110894662200191166156NR137582642014254033NR405544956596083388538412816502836  Muzzafarnagar40292631841201161088946581851761561561781425324520143550354036NR36905255866358034352411455545  Chitrakoot40242534801021009380465017920116316417914055220151932502526406048896375884408038402115473552  Hamirpur-UP43252735871151151088550701901911581751851375820918203050NRNR40NR40956375886308842473017503540  Deoria352126289211711310098456122419514313222012056223201727363640364335945865963387929392718352928  Hapur3623283675138130122116496220420016417518316363218261840524241404639997366377389642453211603738  Bulandshahr4236273293110113107834570NR18616017215815649222192034403543365636995975687258730472715325041  Kanpur Dehat36232631791001129386456420018915014916812449218191732383136354835855975876317132322415382837  Hathras39312832831171141068443612101941681651891465224820162537253034NR391056986373408737403013383337  Raebareli412827318411711710988465919518516016217814457219191729393743415445946865983358740392716473541  Lalitpur362228317510911010584456017716914614317812250235201535403038325934905785680308030402418403040  Mohaba37252430801081009783486217617615015518412036187222035402735354835975965472228333392816363035  Gautam Budh Nagar382729368212111611191475922118316915217913257222191438423137385839906455992348237393116384738  Auraiya3826263680122118107884758188175156157164131592172519374127383653371016755376349134372319512941  Maharajganj362528328111511810980455819219115115416412648213221731403744355136915995879378034403017383130  Balrampur35292734821171131138347531781941481502001245820515153352354935NR37856745880538847392915384738  Kannauj402628328311811410987466119918715815517513455239211527383239385339946305674278434422716432932  Mathura322727338811912811896456622917314113915612244263271942393443404740996325883378948393415434253  Firozabad413029328112011810783466022019016917019014153253202128353640375343926085978388334342716433438  Kasganj4531263587118110110934559222200174178203159552482120305022NR40NR42986175675378539472913383542  Mainpuri3830283288132120113884565220211171189189155512602417232924223940381057005570358547432521362026  Shamli402725308011511511090455018918115614515912653227151530452740385838905416078339239382713474540  Ballia412227318412111411391465820118515315316613051249191936542843375438956255577348536372817514246  Mau39222534821141121078546551911751481471481196522322152344NRNR35NR36916445576348931403015483632  UttarakhandDehradun3930273590130118129944767187203159170187NR7025030173543354340484011069259754011540453915533540  Haldwani46483134941411211319050622322081541881921686427232253330494241454095700601012110040453318544941  RudrapurNRNRNRNRNRNRNRNRNRNRNRNRNRNRNRNRNRNRNRNRNRNRNRNRNRNRNRNRNRNRNRNRNRNRNRNRNRNRNRNRNR  HaridwarNRNRNRNRNRNRNRNRNRNRNRNRNRNRNRNRNRNRNRNRNRNRNRNRNRNRNRNRNRNRNRNRNRNRNRNRNRNRNRNRNR  WEST ZONEWEST ZONE  ChhattisgarhRaipur3527313894121128103954558217156140157168118562472024322933274345441027035678419137322512324550  Durg3530363782112120110824656196172150170172168522221820353543433761451007736374398042402911474050  Ambikapur3535303593118112103954041172161174159165NR4825515203540NRNR40NR32705985280307830603315472025  Bilaspur-CG525134408911010210584425519217515216116517051217252826353539414741906795879469228642514573351  JagdalpurNRNRNRNRNRNRNRNRNRNRNRNRNRNRNRNRNRNRNRNRNRNRNRNRNRNRNRNRNRNRNRNRNRNRNRNRNRNRNRNRNR  Dantewada4038424786124124116834969252209157185202158632712230384141NR41NR4910468058624610449492319642550  Dhamtari3729334488128112105934561220203139188189128572122622284548464352451277226188428938332416434360  Rajnandgaon433330368512211811189466021921017817720416058270222025403030385038966806070277944422816502435  Koriya39NR35398110897102814575205163153151168NR4719525204040353446NR5882693588840782738281748NRNR  DNH and DDSilvasa56504540911381381289745692152081811751831306522729203040445459566510765558844315075453522395050  Daman6150393987110131110944570211198NR1671931215821229204045404262575910066358905011360404024405060  Diu49414050891451481301074868231234NR2002111576442032283350396356836510871462953212253364021505337  GoaPanaji584348471031321351351034663222200203167172145633152837374239624853491128245892658347432516426252  Margao53434851921321251229546662382332231932041756235027314240425547584812282460102559743502717436064  GujaratAhmedabad393241419812112210498476819720417219120117959211234241543943456646916505869387531343422452626  Rajkot342731408611010210095466817918914817018315860205182227403343396844876265766338032343915402526  Surat3331323885111111104101456920120116319220517751209193045543939396245967045468707631353715343025  Bhuj38273037881081099993396318418214617018415958202163033463435386838936175368367428343716402727  Selamba362735399111711311090456419218515317018415860210192530484041416741916365584487931323516454035  Waghai383437429312011810298456820018715215618314759209203135453536406044966315870407530342617413028  BodeliNRNRNRNRNRNRNRNRNRNRNRNRNRNRNRNRNRNRNRNRNRNRNRNRNRNRNRNRNRNRNRNRNRNRNRNRNRNRNRNRNR  Vapi322432349011411410194446618716913814516914556205182828383846406636966925668387831323215382830  Bilimora37343837101108120105109506921019117718919418351221212835404039406245996415469367631353318333124  Idar372735389011812510091457221218915616818414963235183228483440376651997226369349940304017672842  Jhalod362836379411512099100516519218815516116715662205222930294036406946926695574437428333718402122  Songash413030368412111811087476020419216616618815557238202132403642405444947085680408134362916473439  Madhya PradeshBhopal3735263182116106105904662178203180153193NR52252102029503838406241866435788409638403315293355  Indore41332835861171181108146641811751641751541476126515202840373740NR40856455989388335332515332722  Gwalior4540303480121122110904563212176172160184NR50222121722382830406540886526071298435352615402235  Jabalpur413430347811811410884455919818914915418012050245161825354042405645916266078358540362516382540  Rewa35282835761069594784555177154148147147NR5523718162338NRNR35NR37856555776259028453013452035  Sagar38342729781181269883496020619014016719416252263171828314353406040836766090288348303015405048  Jhabua4331293582130109104914665209210198176196NR59296152832573136446144957146198289247373121403340  Hoshangabad463027358211911710393455621215614015216313152217112030424347415042926566088499231421920522431  Shahdol3530293586115112110834460203186142153181NR52210182020403733355040956045870309030402718353025  Ujjain39373640921241181011004562167206179148189NR52256181819373839426345947206262309747383016403742  Morena41312631931201121071024667200185156156159115552401410205029NR38NR39986086183228136312814322040  Anuppur352625358011512011090465321419814117617616355200201535324140365050907696580309040352615384540  Bhind403529348411111411284466218816714314313611550250151525423444406539906516277258129352516403735  Dhar433927379213512912098456317619717215919212459212152025443537465547987236285278831352118523335  Harda5335283280120125110874762201198165168192NR55200202030504040447045907126096408940292415346050  Katni35302934791171071078042501661561271481561125020519203535353845554510060458100208040402715322040  Khandwa4035333480115120110854555209187187154165NR50268172024453635405042906595389409028322715372335  Mandla3728313880108118108804750222189154176210NR60193302338274545386044906926090278846353013385353  Rajgarh40NR263080130120100904950181194183159183NR6020010203040NRNR40NR45907076080409050372220406050  Sidhi37342736801201009585506018718115416514311555265202035503040355450906335590348030502515505040  Chattarpur4035303890120120110804550198192170154159128602472015354032404058501006006084159030433015352740  Neemuch5033273478133105110724865187157143152143NR45303101520404240426541876326368408035423015482532  Burhanpur40362934811231191058144671771811761411861374925529202140353444NR499274758105419545402919304252  Narshinpur3828283575120108110854552200189141148165NR45233121525354040456047856375885459035352515352040  Raisen4030293280130118110884857187194148151NRNR5625010203737404033NR40846926077378946323120384550  Sheopur4128253382114114110854760220192172141168NR55202282035503035446045906375880229040403215454550  Agar malwa38312329831361291081034459197176155160147NR4728720202150464943NR47876875971309825293016422525  Umaria3331313582117112117874960216187154172189NR572071520403040NR43NR47836225983308332422715455053  Shajapur4035253283122120107874660187187159161187NR5526020222242383939NR44906776083428536362815423238  Dewas4135273385119111105874564196191173170185NR55242122524363643395646947056385359144342720352645  Khargone3927283578120122110854550186156132170132NR50225163024354040406540906405584358535403015352045  Singrauli35292534841001061098148592051941371481621175723213213941NR4036NR46896935682248846422215307548  Chhindwara5436273583121117102894754207212140161180146572001019281837373629379365260743211232374020483047  Sehore4036293280120105100854560187176165159187NR5728013203040NRNR45NR43846596079428530352415503540  MP-Ashoknagar4635262872116110100914460185188161158158NR4521114213451414041NR39897765889548841442519404751  Balaghat3531354080120120117904852220220137167188NR652002922302540454060451006816090289940352515555157  Guna443724287411511510080446020118017616418113448217201327383240506950827016174377936382715382238  Ratlam413531338212211711186466220219115516417716158245102528423545396242906525872238237372916403530  Satna35282835901251009595486022014515216318111550260202030402745336331657185260347528333015522535  Vidisha39NR303576113120110884655183190148172183NR57240111020354040356836806596084188842312715432030  Alirajpur3843303687124118114954572185196185178187NR53307102740583135454247936115780287740432917372540  Betul3932263579116112109854560195205153171203NR50245122036434243406940966676085339343392215414249  Damoh4337293375120111104854562207192131148166NR53209122232494241416141895825875218737333515462046  Dindori3733353695115105110854555220198154154176NR48235122028504048455645816325583309035353015353050  Niwari362825308313198106894757226188172172155NR5221530203840NRNR40NR40977206090249233402719432132  Seoni3732353786115110105854655196214170154187NR472151120254040403768421006545881278048362115454050  Panna38302436751201009590455218117613714313211553210111520304048356045976515675377630353113472038  Tikamgarh353025309012011095904450205167142149147NR502002015204530354040451006595870258529412017302030  Datia48382530821271109576496022018916115719112455228282224424533447845937056187218742482816374052  Maihar402030309097102978046602331981651541871265320515203045NRNR40NR45977215872379730393515372543  Shivpuri424024428311511911788456019717615916417016250380171821303742485945826966079258237403222293728  Mandsaur402830401061241211171054558195192190169196147603002237215050557292589576245110457030453521451831  MaharashtraMumbai4038414893137143123994660244227194165200154793103027284247615465531137036380779970454316414954  Nagpur58414853971371311181055266239216168171200141702832732326642525282521108085994469841483421685781  Pune402744548710111810583447520520916817118617260353353423474043464045905515981579951512319433034  Nashik3941424186138133113964660209225189170184133583232822324742694964499964060707311661373316223840  Mangaon-Raigad5244434989130132116944557208231178164198137603673127294846534356449786062764212068394822554054  Dharni4431293381122109118914857225193154177205NR5832213212858392842NR47967436688578540422118406548  Latur5747444882122127117854467204200139178190168572532627233338574273411087804294629946412723447058  Akluj444234398012211810797466020320816619120718550332302530453351396040896595257359438382712282031  Arni Yavatmal4430343699123125114904363192170154144159NR573001030406035324770551037845572409945422015403530  Chandrapur47453851831231301141004758199192220169186NR6527530204320535660545810368358962010356422220635878  Karad Satara68523648841341291209247742101881671791961685729327272727384142584311468561844212151412919383240  Ahemednagar533744478411911911999445816816916616918016749259302429442945394439995805877549929442618252939  Khultabad4726333677111116108854646182NR1451641711536132020312640314139NR42867026081398132352116362034  Islampur413337478212313012010047722232061601861971565041827302024384039484310165560883710359533627404944  Kankavli4544345184132131126874660184200164152178135533732042305753474550461006885690777747413718633053  Partur50NR2940801261201128844582032081851811951815940110292759313543NR4787775NR84609240423115506049  Gondia5434343880118119115804763191204141168185167652603022272842484252428776558882810050502921374045  Jalgaon4828344587132136118974865200211177176192186624683122324739425562559875358904012355423619414352  Akola43NR3346851281201161004569184211163174184NR623273025235742384765461037845982478842432216374745  RajasthanJaipur593832409113912911590475521119618019318613652307152231363232507750906325884559845363818403040  Jodhpur41403234749510494714353214220NRNR190NR512722123363428475052471036725589258973312916422627  KotaNRNRNRNRNRNRNRNRNRNRNRNRNRNRNRNRNRNRNRNRNRNRNRNRNRNRNRNRNRNRNRNRNRNRNRNRNRNRNRNRNR  Udaipur503630337512011511080455021019018117618117268328282025603544355950866136380409235313213485035  Bharatpur46NR283589122113115904658203175149163NRNR57297281229282730406544826376075279037382512402042  AjmerNRNRNRNRNRNRNRNRNRNRNRNRNRNRNRNRNRNRNRNRNRNRNRNRNRNRNRNRNRNRNRNRNRNRNRNRNRNRNRNRNR  BikanerNRNRNRNRNRNRNRNRNRNRNRNRNRNRNRNRNRNRNRNRNRNRNRNRNRNRNRNRNRNRNRNRNRNRNRNRNRNRNRNRNR  Bundi4040263375110110100804560210188165187220NR50320122121203136406150906376580318037353816402535  RajsamandNRNRNRNRNRNRNRNRNRNRNRNRNRNRNRNRNRNRNRNRNRNRNRNRNRNRNRNRNRNRNRNRNRNRNRNRNRNRNRNRNR  Alwar5741313475118117103884958226176152161179NR51304261937362039487548915885676258852472915492636  BanswaraNRNRNRNRNRNRNRNRNRNRNRNRNRNRNRNRNRNRNRNRNRNRNRNRNRNRNRNRNRNRNRNRNRNRNRNRNRNRNRNRNR  Baran403332358013512011083425222020914813715412645352222224432833403846896675767419036313411383032  Barmer5040333590130110115854554187209170193209117533002220233228354960531008795876529041253114423230  Bhilwara53382937911181109894425519517514515617515644286NR2919252934415442766085468329137362118402420  Chhitorgarh414026308014012010690465620721816515019814655323212332603838465845766156274488542373420454542  Churu4535303385115110100904544NRNRNRNRNRNR5028020182555243240504090747807225NR50NR35NR403030  Dholapur4140303481131129111904860255189168179NRNR572572028404026NR39NR419065560105288239322816484848  DungarpurNRNRNRNRNRNRNRNRNRNRNRNRNRNRNRNRNRNRNRNRNRNRNRNRNRNRNRNRNRNRNRNRNRNRNRNRNRNRNRNRNR  HanumangarhNRNRNRNRNRNRNRNRNRNRNRNRNRNRNRNRNRNRNRNRNRNRNRNRNRNRNRNRNRNRNRNRNRNRNRNRNRNRNRNRNR  JaisalmerNRNRNRNRNRNRNRNRNRNRNRNRNRNRNRNRNRNRNRNRNRNRNRNRNRNRNRNRNRNRNRNRNRNRNRNRNRNRNRNRNR  Jalore61NR343688139137118874860231207156181205NR6526818274070314044120531006106084439547393317504449  Jhalawar4245253285129118104884459188176NRNRNRNR52298192522353034415042857035880318130393217382134  JhunjhunuNRNRNRNRNRNRNRNRNRNRNRNRNRNRNRNRNRNRNRNRNRNRNRNRNRNRNRNRNRNRNRNRNRNRNRNRNRNRNRNRNR  Karauli4938273298137124111984452210198190185230185443422020404329NR5348551136326489399537462219402239  Nagaur4334334395125105939243541571611631621611444331118193123323234NR4694742NR105NR102NR362624362126  Pali553033339112812890744456201167168163162123432342430253329393835471025076268528557352621413725  RJ-Pratapgarh4233293371114117110824447212178154154NRNR4830019203039343743NR431036596063397046362515403647  Sikar4531323585137117121954552229198165143165NR552362925303021245070661025145263258031362516405048  Sirohi4240283474109122100764852207156NR159NRNR492531720223827NR45NR47956265997458743303113453028  Sri Ganganagar43353035891181101109745522191901701651651484932015152240NRNR39NR3891NRNRNR208229293029401730  Tonk563529368412611510894497125220714116217714660283202530372546425455915716781409648403321473249  Sawai Madhopur5434303381133120115944959230183157149151NR583112720254226334952491086226277369251492815483543  EAST ZONEEAST ZONE  BiharPatna4528283280116119102795161NR1881581891991735531226273845NRNR40NR401006045684358540402515402036  BhagalpurNRNRNRNRNRNRNRNRNRNRNRNRNRNRNRNRNRNRNRNRNRNRNRNRNRNRNRNRNRNRNRNRNRNRNRNRNRNRNRNRNR  Purnia38NR323471111116101794959NR192152187NR1635432418132639685838584710874353884011838402814502823  Darbhanga40NR304079100119106864457NR196185163NR119541932814333954543343351086816084408934382819593540  Gaya3325273882123109109814560NR2011691451501205734025192833NRNR35NR391106805989308433372316482827  Muzzafarpur3925283382122124109814761NR19215816021512645294231631374744394936996015583298437362415462725  Saran4527253780113108108814960NR202201200213NR533042716343642633862381087406173438236352816422327  Munger36NR273291131108118794761NR1871831851811634825728143023NRNR34NR401005846079299246403916502031  Saharsa48NR272977113115110754761NR188NR190NRNR5028029112227NRNR39NR37937105574409552473711402829  Madhubani3721303584125109998347552061661611561731284728028212527NRNR3348351016155771328232312312502627  Rohtas (Sasaram)38243639791121168780526919620316119123217662236341937394457335435947545884418541302614633645  MotihariNRNRNRNRNRNRNRNRNRNRNRNRNRNRNRNRNRNRNRNRNRNRNRNRNRNRNRNRNRNRNRNRNRNRNRNRNRNRNRNRNR  Samastipur4523253582112116115804558NR189137132NR13352317301230443039387347977136792398332742510402727  Katihar473029296911712797764661NR181NR152170NR5631119152933NRNR33NR311076686377338942492512NR2526  Araria37NR303674124129114844961275191165143192131573353017345350503982391006266171508144342511582727  Nawada3119263379133128113794959NR194NR181NR130542222814345539353251351027225863578135312211632322  Khagaria4425283480103123112844742NR189151170NR1704237728152153NRNR40NR401156115078329026503016322040  Banka3719273680120112106754857NR2031641701921275228013152842403936NR39996405280428036403010403033  Arwal382625358113013097854859NR2111651731871435623228242645NRNR35NR37937485883398033352519482732  Aurangabad322429338112212290794755220198188154156119562102417375550NR35NR381027695879448436333017522125  Begusarai3636303577117117107774860246188158144188123552662812213852423552371086235878399634322017353442  Bhojpur Ara4419283176116119109814857243180155150185NR5535330213239NRNR35NR371046816084428450402510474535  Buxar312326338412011711984476220219517316919812459258291634303553347137907734995318746342817424737  GopalganjNRNRNRNRNRNRNRNRNRNRNRNRNRNRNRNRNRNRNRNRNRNRNRNRNRNRNRNRNRNRNRNRNRNRNRNRNRNRNRNRNR  JamuiNRNRNRNRNRNRNRNRNRNRNRNRNRNRNRNRNRNRNRNRNRNRNRNRNRNRNRNRNRNRNRNRNRNRNRNRNRNRNRNRNR  Jehanabad3123293479123118112784656NR207179185NRNR5524329142842NRNR39NR419166557100258243432213572430  Kaimur3818263279117117114794960NR1941741671931305221220123832323134NR39887146085388233332715532628  Kishanganj352330368012513011390456018717317015920313260300252030524055408045956266076509040332416603333  Lakhisarai4025304083113120118884959NR199167170NR156532982716324750604544401107546096378535402715402323  Medhepura39NR32367211412492754858NR1961561911881344428222153358NRNR36NR359072258108498936362815452930  Nalanda3119293373113115105754563NR202179164189NR53320301824366059336136876725786347928332015503121  Sheikhpura3526283988115108110824656NR2231812042021655428527182540NRNRNRNRNRNRNRNRNRNRNRNRNRNRNRNRNRNR  Sheohar4627293683122120102774959171207161169201122542322617333750543840401127255977288134372415552825  Sitamarhi3421252976123126108834658NR185176163170130562332921312853533348331087945994387937352513432328  Siwan3325252970110958673465726418918118519316550202261228314744314932887096166298034412914512526  Supaul3526263276115112100774755NR185161184NR17760NR11122143NRNR35NR3512257654903179NR563515552623  Vaishali352526307511411710075485320918114818720915959207291535404949334237907695584408033322513374530  West Champaran3727293582116117109834556202186175153176NR472602022284735413345391055675476399047502717472421  JharkhandRanchiNRNRNRNRNRNRNRNRNRNRNRNRNRNRNRNRNRNRNRNRNRNRNRNRNRNRNRNRNRNRNRNRNRNRNRNRNRNRNRNRNR  Gumla40NR2736821081069083485520919518713715412153NR1516254034683550421006766378559040302315502838  Sahibganj3525293490125137110854860192203190187189143803472015406056484563601006046080429055363314434040  Bokaro3730353786132114110834857NR1821701641821445632228232735NRNR33NR40100709578943812841251360NRNR  Lohardaga3727313685102125110804561NR1471301351671164420326202520NRNR383240906745673258042302711384123  Simdega4225324088120115100855064181187152164154149482492220253043NR456046986656179409039362622452542  Dhanbad393034367811911911180495925120716116418713958245281536423850375345937695791458942393418514840  Jamshedpur (East Singbhum) NRNRNRNRNRNRNRNRNRNRNRNRNRNRNRNRNRNRNRNRNRNRNRNRNRNRNRNRNRNRNRNRNRNRNRNRNRNRNRNRNR  Giridhi3420333681109102105754455NR19816916619012049300192232424035423945876376084559929402516513547  Seraikella3527314078123114105754860188179155158166122532072815213537NR44NR44926006076328033312515502835  West Singhbhum37NR30368212411811079496020620619517320114157234281625314049354836936466188438132342512543637  Daltonganj3826273781104118102814658NR188154164NR1356029730204041NRNR4762481176936996529740412618405241  Deoghar4018323580110120110100486017618617614817613260300251530405050406050907696090308040352515404040  Ramgarh40233739NR127118102794958NR1861591841991574627925232739NRNR31NR401086155877298328302512421725  Pakur362638418113012093804963209198176165198154673472015335034414751601006375890479440343015505030  Jamtara472427348312211810686526226920016017919016362287291437435777325756867345787328345313018574649  Latehar4225283882125124108805160175193157159NR1225118830262639NRNR35NR531067286187368144452910432625  Godda40263039801201201038248641981961651651871325040029154043NRNR40NR479770961924010037352515604038  Koderma40253235871151201028048631941971541681921266019728203545NRNR37NR38907105999369043392514624550  OdishaBhubaneshwar4234364680110120110805058NR203148NR1931656523030173830NRNR36453890NRNR784090303525125060NR  Cuttack4031374679111115110795358NR202148NR19316859257301538334144375539937405786439141352715585858  Sambalpur4030364580110115100785258NR204143NR1931695524030153530404035603690758NR84309043353016604550  Rourkela362735387711611699774958NR20214416919716861190281634353536384439915295684378845333015474857  Berhampur4431353780118108100725058NR226165NR1981705524521203428NRNR384950856905380608442452914464843  Jeypore4535383582110120102825058181203156NR20216955240291636304040384542808136575507535352512505258  Balasore382741457811510996755158NR197176NR1911685924028143738NRNR42NR43936175666309341402811453644  Baripada382732427911511197794958NR191170NR197168602392815343835NR5148519170657844210143363114555045  Balangir322637378011811492804658NR207143NR19317060NR30173530NRNR38NR451007695796538840353018405050  Angul37NRNR5088133113122884961NR198176NR198NR59NR301940304355575058112NR6196408357353015605038  Boudhgarh32NR40447812010495854555NR192132NR17613651NR27163540NRNR365043756565784409538322614402539  Dhenkanal3631354079115105100754858NR203148NR196148602802915384050NR395040907105884408340302012504045  Jagatsinghpur4035404280120100107855058NR198187NR1871266024030153840NRNR38NR42102NR5890508440322116606057  KandhamalNRNRNRNRNRNRNRNRNRNRNRNRNRNRNRNRNRNRNRNRNRNRNRNRNRNRNRNRNRNRNRNRNRNRNRNRNRNRNRNRNR  Keonjhar3931405180120116110774858NR193137NR18712659NR3014355040404050431057365896379040352515505350  Malkangiri43NR354086113117108794555NR1981541551781375537622192222NRNR383339797695672308034412214503038  NabarangpurNRNRNRNRNRNRNRNRNRNRNRNRNRNRNRNRNRNRNRNRNRNRNR405040504011073660843010030402520602440  Nayagarh40NRNR4383117120113854654NR205176NR19316763NR27163640NRNR384442856875884458534412414483842  NuapadaNRNRNRNRNRNRNRNRNRNRNRNRNRNRNRNRNRNRNRNRNRNRNRNRNRNRNRNRNRNRNRNRNRNRNRNRNRNRNRNRNR  Paralakhemundi Gajapati49384042781151151077846NR19820115915417614451317232030405560425938657736084409049423014584041  Puri4032NR4381116114105854759NR200162NR1911485827126163638NRNR40NR45956785878438539382615492838  Rayagada45NR415085120120111805060209203150NR19814060NR30193830NRNR454049806905890408234352413503543  Sonepur36NRNR4382130115105804855NR201154NR19712459NR10163240NRNR43NR509677657843410052313020455350  Bhadrak3425NR4185120112120814965NR216178NR196154603332814343344NR376340837695890508140302615485047  Jharsuguda40NR444080120112100754858NR20914314818712657NR3020304039444458461006926090409038342719453040  Kendrapara3932384585120104110854655NR200145NR1911575527928153338NRNR435744876996180378328382415541838  Jajpur3431404977121105106814556NR198184NR19112155NR29163330NRNR35NR461006595496488539292313514642  Kalahandi4230374985120118110864754NR203163NR1861335443030193038NRNR403750101753NR72378437332913402643  West BengalKolkata52NRNR38841211321181185059NR1961781591911237027730163850NRNR38NR4410074763102578342293120605345  Siliguri44NR3141851241261201184659NR190NR154176NR6822717163450NRNR39NR54957185984478539352217483440  Purulia37NRNR3584122121113984761NR190155145182NR5728227123747NRNR37NR58966795989458129413115384245  Kharagpur55NR3337801271221081055461199203NR1411921215627830163747NRNR37NR3910770357100359037412918587072  Rampurhat50NR3345851231261191154557NR1881591581771295530025133245NRNR41NR51816906384449239353516393540  Malda51NR30411031381221201175060NR206NR1541961306531720163030NRNR40NR64985936380299438313016602733  Raiganj6029294612213214011213247611581961511692141356129715133540NRNR35NR5711365960935212050303015625050  Alipurduar45NRNR48901231241131215066NR199NR1701861356024310113535NRNR42NR45816526084339535352515492435  Asansol52NRNR36851241211201004968NR1911531591871205929830163950NRNR37NR47998096094539347363015434345  Balurghat50302638831221231081014972NR190NR1511731384635128162239NRNR51NR5710069557914010040313015603541  Bankura37NRNR35911221221171124862NR195NR1461811336129928133250NRNR36NR61946145992478533372915464350  Barasat54NRNR37901221191211155057NR1961691621751386535029153355NRNR38NR57716356088658939342617454550  Bardhaman5129NR388912012811910950582371931591431921396832029133538NRNR37NR45937666196479050302915634239  Baruipur4534NR42861301201201054759NR202199184187NR5727028243750NRNR40NR461027296096478142352715444343  Berhampore45232540831221121131075063NR1871511701961695430325153441NRNR41NR61726066090289835292715375850  Chinsurah54NRNR38891211281211174960NR189152148181NR6230528NR2935NRNR36NR56866215891459037362915564446  Cooch behar50NRNR43951201171221285155NR2031501761721746828730143237NRNR41NR50937256094338840353015683838  Howrah56NRNR37911251211171124963NR192190173200NR6427029194247NRNRNRNR5610572761865810235353215554348  Jalapiguri39NRNR47881341301111135381NR1991451672011486830030153858NRNR38NR60896886172539347343015715048  Jhargram41NRNR39881261271161125061NR189145142177NR5928928113242NRNR38NR58906785986428536372715463944  KalimpongNRNRNRNRNRNRNRNRNRNRNRNRNRNRNRNRNRNRNRNRNRNRNRNRNRNRNRNRNRNRNRNRNRNRNRNRNRNRNRNRNR  Krishnagar54NRNR39941241191271165058NR196NR157179NR5938729153247NRNR38NR57806135984529737332917463348  Tamluk3928NR37881231191201224959NR186NR158186NR5830728153760NRNR39NR60887185994629248332914485253  NORTH EAST ZONENORTH EAST ZONE  Andaman and NicobarPort Blair58NRNR60981381331201005472NR220209NR18717676330234050107525862859013774759961579750453515806560  Mayabunder53NRNR70991391421211005976306211229NR19417875367205560130NRNR6492921428726112014097493537154010090  Car Nicobar54NRNR711221541551311015573279NR220NR2141487832320405090NRNR70648211993060108NR944347382278100100  Arunachal pradeshItanagar3937404196136140122905074NR211154157207NR7640016254051NR30426052927145890518560463317694356  NamsaiNRNRNRNRNRNRNRNRNRNRNRNRNRNRNRNRNRNRNRNRNRNRNRNRNRNRNRNRNRNRNRNRNRNRNRNRNRNRNRNRNR  Pasighat53NRNR509311397931136080176238172180187NR9040020205080NRNR50NR5783723591006010070784315604867  Tawang45NR4545100NR140137985773NR236182NR165NR10034020425050NRNR42NR539368457112709828833028733143  Tezu37NRNR4090130120120905070NR154NR159NRNR10024015204080NRNR40NR7010082461108508060403020402060  AssamGuwahati363033377511195978151712162031881762031656022013173963NRNR45NR47NRNRNR9648NR40NR2219764040  Barpeta33233535791099610081507419721113915919516359153101836475043369752837366394408334332718582425  Tinsukia3340323785125100100855477NR220198209198NR6519010144050NRNR44NR449579158104378045353020403050  Dhubri3125NR3376130NR106835177NR225158154176126601801215355050653565501107476396307030402515503530  Goalpara3525323585130130109955063NR203161165181NR6121210154155NRNR35NR53977876396409538323118603535  Golaghat47363442901209011010553671592091611591741577824014163840NRNR41NR59NRNRNR94487145NR2616652743  Mangaldai442333327810795101845270NR193142NRNR1606026011174040NRNR35NR33NRNRNR10833NRNRNR3017652340  Mushalpur3926393786117109110895175NR2141491861861345225910154359NRNR39NR508183160100349629NR2929573735  Udalguri3725NR378311796112874977NR208NR1601881455827210113251NRNR39NR4075687NR95378042NR2113533040  Bajali34NR334087118102113935178164214NR1592051376736310174848NRNR36104458579562100388761603225703740  Hojai3429NR40801119894805162NR1981481491841616726012153245NRNR39NR427067059NR407733402811403040  Jorhat403436408211111510310052781812071601591601326020812184060NRNR55NR5478714NR103408042423012602040  Bongaigaon43NRNR358311897110904770NR184152150165NR6032210152840NRNR37NR6076NRNR9032NR40NR3018552040  Morigaon40304040831291201101005067195190159154159137602331015355550NR40NR501057256090468045372515702545  Sonari4132434298122NR110985078NR214NR176NRNR7522013153260NRNR39NR6090NRNR96458043423015591840  Tamulpur3626393985127110111895277NR195152175NR1607027010154050NRNR39NR4076710NR9640NRNRNR2912503740  Sivasagar45444050871141131171104976NR2322081801941616025311183477336355NR58956816193408037563612502244  Biswanath CharialiNRNRNRNRNRNRNRNRNRNRNRNRNRNRNRNRNRNRNRNRNRNRNRNRNRNRNRNRNRNRNRNRNRNRNRNRNRNRNRNRNR  Dibrugarh3528NR35871271271081015277NR211160186216NR6220312174038NRNR36NR558978458101437952423414503742  Karimganj37NRNR3980114122102795175NR209NR171215NR7223814263853NRNR39NR65130NR6010443NR50NR2917504250  Majuli35NR384097119921111005170NR188NR159NRNR6026015203646NRNR41NR43112NRNR84407045NR3515403040  Sonitpur Tezpur3726304185115100110854769NR203NR186211NR4931010163250NRNR40NR45807496284409650603017802040  Haflong3439NR4590120NR120905077NR180NR121210NR8027015204550NRNR45NR45906795890409540323019802050  AS-Lakhimpur39NRNR3882114102110924973NR194161164172NR5819315143855NRNR40NR42886135994528038533213483043  Diphu3527NR3785115115110875075NR203NR167NR12692235151839404545406570826876293208050353017672742  Nalbari3626NR408212595110855070NR2031451651871266029710154050NRNR40NR40808205890408043503015733522  South Salmara Mankachar3933403881126NR115864875NR2141701591651326523412232947798438NR65NR808608336724550392058NRNR  Kamrup3932NR3979119105106854975NR215NR1882031697521915153560NRNR38NR4579NR599835NR41403115553840  ManipurImphalNRNRNRNRNRNRNRNRNRNRNRNRNRNRNRNRNRNRNRNRNRNRNRNRNRNRNRNRNRNRNRNRNRNRNRNRNRNRNRNRNR  ChandelNRNRNRNRNRNRNRNRNRNRNRNRNRNRNRNRNRNRNRNRNRNRNRNRNRNRNRNRNRNRNRNRNRNRNRNRNRNRNR JiribamNRNRNRNRNRNRNRNRNRNRNRNRNRNRNRNRNRNRNRNRNRNRNRNRNRNRNRNRNRNRNRNRNRNRNRNRNRNRNRNRNR  Kangpokpi53NRNR45100147NR1401005577NRNRNR176176NRNR273153047100NRNR45NR40977536096NR1204552442050NRNR  SenapatiNRNRNRNRNRNRNRNRNRNRNRNRNRNRNRNRNRNRNRNRNRNRNRNRNRNRNRNRNRNRNRNRNRNRNRNRNRNRNRNRNR  TamenglongNRNRNRNRNRNRNRNRNRNRNRNRNRNRNRNRNRNRNRNRNRNRNRNRNRNRNRNRNRNRNRNRNRNRNRNRNRNRNR ThoubalNRNRNRNRNRNRNRNRNRNRNRNRNRNRNRNRNRNRNRNRNRNRNRNRNRNRNRNRNRNRNRNRNRNRNRNRNRNRNRNRNR  UkhrulNRNRNRNRNRNRNRNRNRNRNRNRNRNRNRNRNRNRNRNRNRNRNRNRNRNRNRNRNRNRNRNRNRNRNRNRNRNRNRNRNR  ChurachandpurNRNRNRNRNRNRNRNRNRNRNRNRNRNRNRNRNRNRNRNRNRNRNRNRNRNRNRNRNRNRNRNRNRNRNRNRNRNRNRNRNR  KakchingNRNRNRNRNRNRNRNRNRNRNRNRNRNRNRNRNRNRNRNRNRNRNRNRNRNRNRNRNRNRNRNRNRNRNRNRNRNRNRNRNR  MeghalayaShillong3634403990130130120904977NR187183154NRNR7032030204747NRNR40NR401037916094578047552822872857  Tura35NRNR4090140NR120905076NR192NR1672031328029318234057NRNR40NR60896925984608353533020703040  Jowai37NR393990NRNR120875377NR154NR154NRNR8036015204340NRNR39NR39876816395508050403016903050  SohraNRNRNRNRNRNRNRNRNRNRNRNRNRNRNRNRNRNRNRNRNRNRNRNRNRNRNRNRNRNRNRNRNRNRNRNRNRNRNRNRNR  Mairang39NR4040NRNRNR120905377NR154NR154NRNRNR38017205060NRNR40NR40103NR601106084505027171003060  Nongpoh3532NR3993145NR122885276NR156NR154NRNR7035316205050NRNR39NR439570362106508750573319733053  Khliehriat4342393992128NR115855076NR150NR148NRNRNR31330224738NRNR39NR44737435983427758423215732540  Williamnagar35NR4035108148NR118885070NR203NR174NR1407831815283958NRNR38NR62877475784688040702020802045  Nongstoin32NR4141NRNRNR120955077NR165NR165NRNRNR36015204350NRNR41NR45976815894608054552716822747  Mawkyrwat35NR4040NRNRNR120855575NR165NR159NRNRNR37016204545NRNR40NR5010070960907010060503525675067  MizoramAizawl5050405010315313013393558327126025616124415210352030484578NRNR50NR7090703601007590100906040772752  Lunglei505040501251801801501105582NR240203NR207132100486305050100NRNR50NR5011568060100659575603020803070  Kolasib5345404595120140140935580NR242NR14320313210048330304085NR4045NR7012072560906098100803635503070  Mamit45NRNR50128NRNR128985380NR253NR132121NR140433302853100NRNR45NR9712754665906112750685034664850  Champhai504950521001301501401085585NR238230150NRNR12056030356080NRNR48NR100160745601084897100804220802560  Serchhip45NRNR49113NRNR1301005085NR264NR154NR143100520303060100NRNR55NR8016063360965310780903023603065  Siaha5555NR501031571381481025580170253219147NR110100250304053117NRNR5010095110631601007380NR606040883070  Lawngtlai50NR45501001601401401005080NR253NR143NR132110480304060120NRNR50NR801406606010080100NR9060401003070  Hnahthial53NR4550NR1471501331035284NR257NR154NRNR120513303252100NRNR50NR9014065960966593NR905020752865  Khawzawl48404052951301371201005580NR216145150NR13214046830455590NRNR50NR7012062260985888NR635732734832  Saitual50NR4550107NR140NR1005580NR198NR152NRNR12052530285080NRNR50NR90100NR589580100NR905022803070  NagalandKohima45304545110157130130905577NR154176165NRNRNR35020305063NRNR45NR90907146092508070605015803560  DimapurNRNRNRNRNRNRNRNRNRNRNRNRNRNRNRNRNRNRNRNRNRNRNRNRNRNRNRNRNRNRNRNRNRNRNRNRNRNRNRNRNR  Tuensang37NR4055100NRNR12010050NRNR176NR200NRNRNRNR20234060NRNR52NR50100NR58924210035905030603570  Mokochung4844NR601001501401201005074NR154170165NRNR8034015255050NRNR60NR7012079160805510070704020502060  Chumukedima40NRNR3690140148140905077NR255211198209NR8031518304258NRNR40NR85123652701153790NR823732583465  Mon40NRNR60100NRNR1251006070NR154NR165NRNR8034017205070NRNR60NR7065NR608050NRNR654520502050  Peren3930454590NRNR1201005070NR154NR165NRNR12032020255560NRNR55NR701136516096378040704720882740  Phek40NR50501001501401301005072NR163NR165NRNR8035020NR5057NRNR50NR10010063068NR6010060635630402050  Tseminyu5040NR57NRNRNR137975570NR150NR152NRNRNR38015284866NRNR53NR8090714609550NRNR904219NR2062  Wokha52NRNR6897NRNR120975074NR158NR158NRNRNR30015304060NRNR70NR8010075860845010060654015702560  Zunheboto5539NR50NR163NR110904575NR142NR154NRNR6024018223867NRNR55NR75NR703NR826012030704025603358  Kiphire3835NR60120155140120905570NR154NR165NRNR7534518203570NRNR45NR85956486585589080755515402070  Longleng38NR4050NR150NR1201005075NR163NR165NRNR8035020234850NRNR62NR7212072060967012040755017503075  Niuland4028NR50NR130120120905065NR154NR165NRNRNR32515204555NRNR45NR7095NR609030NR40503515302545  Shamator44NR5060100NRNR1301006078NR165NR176NRNR8032020255565NRNR60NR70120692609840100NR953220502560  Noklak40NR5063120NRNR1401005580NR165NR165NRNR80NR20255270NRNR60NR8313076959995510062703520502090  SikkimGangtok45NR404093NRNR123955570NR220143137209NR6730020254550NRNR47NR60110769601086010050533023603050  Gyalshing45NR384090NRNR120905570NR220143176198NR6030020204055NRNR40NR7011065160966010050402823602550  Namchi45NR4042100NRNR1201005270NR220154143198NR6536023254060NRNR45NR8012071458108709050533020702050  Soreng45NR404090NRNR1201005570NR220154165NRNR6020020254060NRNR404070110714621048010035402020702050  Mangan45NR3840100NRNR130905570NR220154170NRNR6046020254070NRNR40NR7012070362108609042503023702550  Pakyong45NR4040110NRNR130955570NR209148165198NRNR30024204060NRNR45NR7012065158108809050603023802550  TripuraAgartala3840NR4082129123911305578NR2081761891991637124310203960NRNR40NR478273668100509251323115783039  Dharmanagar3840NR4287127123971325475NR204NR192NR1748224315213852NRNR42NR48917106295409245432715783040  Belonia4044NR4183130125921325780NR2101781912011648024713244063NRNR43NR48857406898429552333317853342  TR-Udaipur4042NR4285130124951325880NR2091791922011647324510224263NRNR45NR50827516692549452353216773740  Ambassa3941NR4084129124941315680NR2081781912001647724510204155NRNR43NR508876970104489753413115523342  SOUTH ZONESOUTH ZONE  Andhra PradeshVijaywada4633434581128125104854854203156147NR20014855297152533234545425245956045886559230392419556580  Visakhapatnam5330434586124129111854860194193152NR18715965260172038234045454545907256080358835372615503540  Kurnool5437414579115111109894560192199137130190136553231730NR203739434941937516187198636382313293348  Tirupathi503244458310810510990435817218313416816212461308203234333943414345876415571448534402017483133  JammalamaduguNRNRNRNRNRNRNRNRNRNRNRNRNRNRNRNRNRNRNRNRNRNRNRNRNRNRNRNRNRNRNRNRNRNRNRNRNRNRNR DharmavaramNRNRNRNRNRNRNRNRNRNRNRNRNRNRNRNRNRNRNRNRNRNRNRNRNRNRNRNRNRNRNRNRNRNRNRNRNRNRNR Ongole5431434582119117109894658183186143NR18314157300163429263842424644857186275358133382217512935  Bapatla4829434383111120106854558189NRNRNR18714152287153126303342414543907635972318230352216502332  Rajahmundry4935444679115106106844560192211132NR18913752205162030254142434544895786075378542312312352538  Eluru533843457811910911087476119721514516419314656207202731343743405244878245869408130342619303048  Guntur4730424580115120109874658187187135NR18113752210122123273538404443835855265297730322014292334  AmalapuramNR3545458511511711484476521821814215719714857296243137333132454648896806084548936392819483330  Nandyala614043398011911510788486119721914815419314859277153527213439395143837436485319049383018262152  Parvathipuram5038454684115115109894860185196147NR19313758277211831284142454546867106077318434352219364636  Sri Sathya Sai452841417811310610489455920119813715718714355320153120343541414743886635875308332352015522533  Nellore49354043821151151051084558192203159NR19215955260193226283540454943808156067298135372116352030  Srikakulam49303845821201181078445561992051361551651366033111223524NRNR475054896735571398945402717554440  Vizianagaram4636404380111111106874560178190144NR18813455275192325303738434243826596063348031322116322036  Anakapalli6035404582120130107855069203211153NR203143522471926353540424040401137146072407334332317472029  Bhimavaram513540418312011110586456019220314614818614155285192633263440444544887915477488838382218353337  Chittoor5035454785105110110954555181198154NR170132603451542271636385050551106816575658030302015425540  Kakinada4735424179116113107864462194213145NR19514054293183031293740434444926406367398433372115492230  Machilipatnam513043458411510010788446316917613316816911452338152433243243434244877426258308529301913245543  Narasaraopeta463043448410210410484446316118816016817311950266183321333343444342927724972348332332018502742  Paderu6030404583120112107855060194194143NR2001305230019303033NRNR404743877036272388033351913502540  RayachotiNRNRNRNRNRNRNRNRNRNRNRNRNRNRNRNRNRNRNRNRNRNRNRNRNRNRNRNRNRNRNRNRNRNRNRNRNRNRNRNRNR  Anantapuramu453040458011210810887456020019813715718814456312183432303439414946846595781288539372716503045  YSR Kadapa483042418110410210787446118219714817018113456301193025303840424842917436269308329362017392830  MadanapalleNRNRNRNRNRNRNRNRNRNRNRNRNRNRNRNRNRNRNRNRNRNRNRNRNRNRNRNRNRNRNRNRNRNRNRNRNRNRNRNRNR  Markapuram5030404181120117105904567200182144NR19414854327192825343340424242887016274358239382416493440  KarnatakaBengaluru613645438712313011589475119321415015819015855240182739183941415146907325985527742353016472533  Dharwad523442448412412611288465419618914514619115248268202833244650464846867695691557834433315402838  Mangalore523542448212012911188455820919715017018815458199202927343955454847887475981468335372817572538  Mysore603541518212012910880464820821319217019115659337202931215257405539797216091519549343520854555  Bengaluru (East Range)593842468812312211788475019622315115519415958262202735174244435148927406094508239412818502547  Belagavi533642438311811910786455420319013817719715149258212830295054414543847695684418034592314402829  Kalaburagi563544428412012111790485419819316313618915455210203030224045464945957146096657440603018603545  Tumakuru603543448612412711593475520221314615918614550232212936224950475047827296094468845443219503141  Bellary553346428712212110888455421620315415018215858308192728164042404743977405682417736363018503129  Dhavanagere603644508511811711087485320320815314819615657297242535204156435245877655889417437422416402535  Shivamogga563743468812012211290455420020814514819514854245212630234852474948927455990408636412815402530  Vijayapur563845448212212311882445621821514817918714352244212626253843425043827696487419539423815494046  Ramanagara553742458812011810892455521121613914219214950213192832204244474743907456290409034502416533032  Raichur563343428211912310582445419919917517018814155209162626284749454545947215680439240483917432627  Chamarajanagar563542468312512410696464821520815112219114154198182829205057525054907146090479541634219854654  Kolar553045449012312411593455222421316417019716155259202728164242484345977136084468033423415404252  Haveri553544459012012510590465520019815916519214350247192540254250454845857586090408042453015503540  Bagalkot543844428511811811592455620619614516518615348245202829284946445243907565880488034373518582630  Bidar593741418311811811284445919819813515818215957272192833234148414841877846188538738383317534842  Koppal563643448412012511291455220019415215919215352247192730203945424944907385884409037392717502929  Mandya603544478511912312097485221823114417018815555241202535204347424744957145696408140363015503535  Yadgir553544458612112111087455420320317016519215951210172530254452464645967695882437535382819482545  Chikkamagalur553643468512012411289445320419915315919114953213192735204446464746937196090468437422516454040  Bangalore Rural583643508811912210787475021219113815218614556254182735204945454648987185790408136502418403141  Chikkaballapur553346458711912211088455222720816016919416154292202832224544444543977405982418539412215403244  Chitradurga573744508511711711086445320721114714918715455280183030254050425045867645884427337422216502433  Gadag563944468211712511590455221219014213918515048237212435234043454946897186183588638374018412934  Hassan523744488612112711096465422319915115319515956245212437194646474647917276094397938392813394639  Kodagu543543468712012311389465420419414715219015055249192732264245454747937485791518136392716532643  Udupi543846478311912411094474822421016617918615855222203030344443484747927216286548039553620603232  Uttara Kannada563646439012112911996474822119617517619714855280202936314653434944987695887579743404119424346  Vijayanagara5637414282119122116934552197207142NR19014248220182530203849474845957295988408637383715482931  KeralaT.Puram59534144951351381259050563082421981441981487326014383940465548544595NR6184509048453217525560  Ernakulam50604044102138130135934960240236200NR200170642251538404045504860NR1077867190508055413218536757  Kozhikode475550441101401451371004856NR220165NR2001756023715273524NRNR445247107747NR9157824438281657NR56  Thrissur5452484996139130135854957NR263216NR200172692971743373453575161571167305891548442472915704352  Palakkad4239484289127129116864854234214192NR19316755223133737235350475145917075892338450403215536242  Wayanad485752451151421481431134957276256201NR2131865723917343828NRNR4868491187936796438547453017445565  Kasargod495850601131391361371114666NRNR218NR1971595527515263327NRNR4656461077805686407941403917534049  Kottayam57524451100142120103984958NR226203NR1961636823316343838NRNR5255521127276192488145393515485253  Pathanamthitta61584346104135120129944957NR231247NR2062057526015384257NRNR5158NR1407906092608046444518706763  Alapuzha48595071116144137138125NR52NRNR192NR1941656623015433839NRNR506773NR7446294579249453017533748  Kollam4852454493128128127904856NR240228NR201202652281537424265624856559067361915310750412015586562  Idukki5955444595137NR120904970NR225210NR2031766823713383850NRNR4858441037546291608051403215607157  Kannur535647491061421421411005060NRNR213NR19717260266192941264545455351117NR5888608148423519603365  Malapuram5055NR43901301311201004858270231194NR20816955NR1330402750504651471037475996478044372814556855  PuducherryPuducherry44NR5258851311241201014650212224166126188156645272536322642554555681209236670529034372215652531  Tamil NaduChennai6038444383137133112864840207238174NR19216568288304040254256475249889236096708450403214577050  Madurai5837476887137124106924845227206194NR197174642633031432036395648511127596792678737432614436937  Dindigul6237496383126126109824644249255189NR20017257284263342254159535651978707090529339332915556038  Thiruchirapalli643650541001401361271015047232242189NR197150703053037372744565555561137926983629646363617493548  Coimbatore5737434487129127107814740232198175NR190160592802742392538514953521098016091528549343014525347  Tirunelveli4735485494128128118844644247209176NR18714858267272937254147545253987837088648642352914435143  Cuddalore56384943881351301211124550193198187NR19214360293273939194457495250966915887608241332714424640  Dharmapuri5532444280130128103824844220NR143NR191156522752630382036484845461106908089458245322514405553  VelloreNRNRNRNRNRNRNRNRNRNRNRNRNRNRNRNRNRNRNRNRNRNRNRNRNRNRNRNRNRNRNRNRNRNRNRNRNRNRNRNRNR  Ramanathapuram6137416781121126109864944225NR182NR193171562843146413245465650571177737486578357333113505635  Erode5741494485127126109814744221222177NR197177574402931352238565256551097646693388244302715264944  Karur5735546790132135108874647236210175NR192154642971737392740465652591047256590579645432823644848  Perambalur4941NR6892131137113874743233211189NR19916761NR2932463442605550561117475884708836382714535149  Pudukkottai5841456688129132115NR5040268NR184NR195154606982940403041575655521118796690509850382914556555  Sivagangai5540456896134139121925044252NR219NR197169562922940503039565855611207658590808249372915636036  Thanjavur5539485090134132120954844225242184NR194151583002732312139554855481268947799609047392914526143  The nilgiris59454852103133138130935054238238168NR19615664210326338254750525353828087293479527723930533549  Thoothukudi5238436585120138110854946231219181NR193165553201030402535506055621108686190608747373013456048  Viluppuram6043474488135109108884948198209164NR19216959NR2932371835504350481108356887708650333412506052  Virudhunagar594047678512612910579NRNR253236187NR198171NRNRNR454535NRNRNRNRNRNRNRNRNRNRNRNRNRNRNRNRNRNR  Kanniyakumari6039375380123123107764841225216191NR197165572582531392334403752401037696090508440312813355749  Namakkal6541476390128137117904844198215167NR19515956NR2635382741405149471136647184608251393112606060  Tiruvannamalai5539454885139128118884843225201172NR196162603102737432244584751561138396289638939472913525849  Tiruvarur6230486589124119119NR4444242186187NR17514053NR2035502046514851621227146578559039491820452425  Tiruppur58364854102142137121834943236224171NR19215759265283237264454605559957256082328347412218574728  Tenkasi5640465980126125111NR4946233NR166NR19116360275303040303652565855988026490708844412813495540  Nagapattinam57405067971301281251014744231240178NR19315656NR2535362148504953511178756490519443503415576037  Krishnagiri5636474188131130117904844208202155NR192167593152830352538404348451006155090679640402912536252  Ariyalur5536NR6590125125108904744240209172NR188163602932635353545455255521088356575359039492514524336  Kallakurichi5740496789130125112884945238222176NR19716357NR3028402038505047491159238587548751343214435554  Kancheepuram5740516790138141121954644211203185NR19215472NR2840402041565253551027825590609152403014456040  Salem55NR484895128121133994445212NR176NR17415248280NR3929414553455548837147068418342382516452732  Theni5837476189125127110854745224219165NR17615055288272937264062505852937917084489146322612525037  Chengalpattu6837465495123120128904644210205175NR16413964NR2837373741495147531137845282678531401913431930  Mayiladuthurai6040506598137117113NR4544201203198NR194146603402732372745454650631138577096609235422514607070  RanipetNRNRNRNRNRNRNRNRNRNRNRNRNRNRNRNRNRNRNRNRNRNRNRNRNRNRNRNRNRNRNRNRNRNRNRNRNRNRNRNRNR  Tirupattur5639434684121119119894540216236172NR19414859310293032203438423545927696581538635372415525260  Tiruvallur5738446687129122119924440218208169NR19215665298274035203659555259997626090658231412213504536  TelanganaHyderabad604241438211411810780436319119614817919114762250202828303464445044906246074408045312316502541  Karimnagar52NR435080123124108844363193205152NR191149572972526313045464254438964258863910437362415442840  Warangal54NR424980122124108864465198209136143198150582751828313237414154418556060724011745352514382645  Adilabad58NR4447961211201139345NR189187182184189147632902925343138454349407973259844810349392415452242  Suryapet48NR424687122120110984465192188181185197142632652225322539574148388762262784410246382515482748  Jadcherla54NR42498512412311590446519015614914519114555292203930303549375342825285882319243372415402845  Khammam59NR475289125128117954366183166126161183142542972032303337473552348851760783310843432516432545  Medchal4747454778131128114784564197220165168190143522502228302740504453459053861843511543352617483445  Nizamabad5033404483124125111854562193198200170190149602492324302840454249428062565783410445352518433244  Sangareddy5828495382124123112934565192198145NR196143624122530323239585155489565959844210543392516563545  Kothagudem51NR444990130126125924871188NR143NR19814560348313832284555455555957446084418740302412452744  LadakhLeh53NRNRNR1401801501281305070NR242NRNRNRNR8064030485070NRNR70NR4412267758846310337613918905050  Kargil45NRNR40127135115115904866NR159160159NRNR476502840408060NR50NR4510067764846010080805321956060  Commodity NameCommodity NameRiceRiceWheatAtta (Wheat)Gram DalTur/Arhar DalUrad DalMoong DalMasoor DalSugarMilk @Groundnut Oil (Packed)Mustard Oil (Packed)Vanaspati (Packed)Soya Oil (Packed)Sunflower Oil (Packed)Palm Oil (Packed)GurTea LooseSalt Pack (Iodised)PotatoOnionTomatoBajra(whole)Jowar(whole)Maida(wheat)Ragi(whole)Suji(whole)BesanDesi GheeButter(Pasteurised)EggsBrinjalBlack Pepper(whole)Coriander(whole)Cummin Seed(whole)Red Chillies(whole)Turmeric(powder)BananaGIngerGarlic  Average Price1Average Price144.4733.131.0736.9986.13122.9119.76111.5390.3447.660.71205.88194.02164.82163.47188.75147.7559.19276.721.922.8433.9741.5438.1244.4142.1755.2147.1395.92692.8459.6384.5642.488.3541.1241.1629.4916.5749.9136.7842.42  Maximum Price1Maximum Price168605471140180180150132608530826425620924420514069835636013079847212010016093085120157150100956040100100100  Minimum Price1Minimum Price1311723286995908471394015714212612112110436153101019161822312931655074257157025251810221720  Modal Price1Modal Price14035283580120120110904560210.67200.515415419212955300202037.5404040405040907696084408040353015503040  Source:- State civil supplies Dept.Note:- All India Consumption Weighted Average Prices of Oils w.e.f 23-Feb-2022 and Wheat and Atta w.e.f 25-Feb-2023 NR -> Not Reported Unit for Black Pepper (powder),Coriander (powder),Cummin Seed (powder),Red Chillies (powder),Turmeric (powder),Butter (Pasteurised) - Rs/100gm Unit for Eggs - Rs/Dozen Developed by:- National Informatics Centre(NIC)",,,,,,,,,,,,,,,,,,,,,,,,,,,,,,,,,,,,,,,,,,,2026-07-14
"Source:- State civil supplies Dept.Note:- All India Consumption Weighted Average Prices of Oils w.e.f 23-Feb-2022 and Wheat and Atta w.e.f 25-Feb-2023 NR -> Not Reported Unit for Black Pepper (powder),Coriander (powder),Cummin Seed (powder),Red Chillies (powder),Turmeric (powder),Butter (Pasteurised) - Rs/100gm Unit for Eggs - Rs/Dozen Developed by:- National Informatics Centre(NIC)",,,,,,,,,,,,,,,,,,,,,,,,,,,,,,,,,,,,,,,,,,,2026-07-14
Source:- State civil supplies Dept.,Note:- All India Consumption Weighted Average Prices of Oils w.e.f 23-Feb-2022 and Wheat and Atta w.e.f 25-Feb-2023,NR -> Not Reported,,,,,,,,,,,,,,,,,,,,,,,,,,,,,,,,,,,,,,,,,2026-07-14
"Unit for Black Pepper (powder),Coriander (powder),Cummin Seed (powder),Red Chillies (powder),Turmeric (powder),Butter (Pasteurised) - Rs/100gm","Unit for Black Pepper (powder),Coriander (powder),Cummin Seed (powder),Red Chillies (powder),Turmeric (powder),Butter (Pasteurised) - Rs/100gm",,,,,,,,,,,,,,,,,,,,,,,,,,,,,,,,,,,,,,,,,,2026-07-14
,Unit for Eggs - Rs/Dozen,,,,,,,,,,,,,,,,,,,,,,,,,,,,,,,,,,,,,,,,,,2026-07-14
Developed by:- National Informatics Centre(NIC),Developed by:- National Informatics Centre(NIC),,,,,,,,,,,,,,,,,,,,,,,,,,,,,,,,,,,,,,,,,,2026-07-14
,,,,,,,,,,,,,,,,,,,,,,,,,,,,,,,,,,,,,,,,,,,2026-07-14
